date,lat,lon,z,source,granularity,Tmax,Tmin,Rs,Tdwp,Wspeed2M,RHmean,Precip_mm,Rso,Eto
2017-01-01 00:00:00+00:00,-34.96944,-71.21694,220.0,open-meteo_ecmwf_ifs,daily,29.310501,13.8105,32.72,11.414669,3.7187958,57.83681,0.0,33.37043241943461,6.6256989998581215
2017-01-02 00:00:00+00:00,-34.96944,-71.21694,220.0,open-meteo_ecmwf_ifs,daily,29.5105,13.0105,33.87,7.679251,3.184025,43.841747,0.0,33.34107754551343,6.8871449044553685
2017-01-03 00:00:00+00:00,-34.96944,-71.21694,220.0,open-meteo_ecmwf_ifs,daily,26.810501,13.210501,33.53,8.316751,4.1771264,49.72246,0.0,33.30899950938714,6.7450641395233175
2017-01-04 00:00:00+00:00,-34.96944,-71.21694,220.0,open-meteo_ecmwf_ifs,daily,26.7605,11.960501,33.87,4.162583,5.3763657,40.426422,0.0,33.274199096537856,7.441925809629599
2017-01-05 00:00:00+00:00,-34.96944,-71.21694,220.0,open-meteo_ecmwf_ifs,daily,30.0105,9.410501,34.18,5.3209157,3.465143,45.2411,0.0,33.23667733474083,6.8015393810575855
2017-01-06 00:00:00+00:00,-34.96944,-71.21694,220.0,open-meteo_ecmwf_ifs,daily,31.2605,14.210501,33.26,7.7271676,2.1815405,40.7913,0.0,33.19643550527701,6.677839383772984
2017-01-07 00:00:00+00:00,-34.96944,-71.21694,220.0,open-meteo_ecmwf_ifs,daily,30.8605,13.960501,33.02,7.14175,2.4299388,39.573185,0.0,33.153475154971275,6.738580231409094
2017-01-08 00:00:00+00:00,-34.96944,-71.21694,220.0,open-meteo_ecmwf_ifs,daily,30.4605,16.0105,31.68,11.439667,2.925779,51.90389,0.0,33.10779810906772,6.704908954253849
2017-01-09 00:00:00+00:00,-34.96944,-71.21694,220.0,open-meteo_ecmwf_ifs,daily,26.9605,17.4105,24.12,12.381333,2.1487775,58.600952,0.8,33.05940648495136,5.144816545437486
2017-01-10 00:00:00+00:00,-34.96944,-71.21694,220.0,open-meteo_ecmwf_ifs,daily,29.560501,14.8105,32.3,7.327167,3.3857687,41.314957,0.0,33.008302706723704,7.050178155184816
2017-01-11 00:00:00+00:00,-34.96944,-71.21694,220.0,open-meteo_ecmwf_ifs,daily,31.9605,13.710501,33.19,5.808417,3.1746147,37.754524,0.0,32.954489520637416,7.308117688810759
2017-01-12 00:00:00+00:00,-34.96944,-71.21694,220.0,open-meteo_ecmwf_ifs,daily,34.2105,15.160501,31.64,8.456334,3.737806,38.185467,0.0,32.89797001139226,7.711103439318536
2017-01-13 00:00:00+00:00,-34.96944,-71.21694,220.0,open-meteo_ecmwf_ifs,daily,32.8105,16.9105,32.35,11.523,4.18877,49.248047,0.0,32.83874761929142,7.733833674177889
2017-01-14 00:00:00+00:00,-34.96944,-71.21694,220.0,open-meteo_ecmwf_ifs,daily,30.7105,15.160501,33.11,7.2896676,3.2462642,39.42525,0.0,32.77682615825459,7.250067815982795
2017-01-15 00:00:00+00:00,-34.96944,-71.21694,220.0,open-meteo_ecmwf_ifs,daily,30.8605,13.8605,32.83,9.064668,1.7319059,47.610332,0.0,32.71220983467969,6.242342168576885
2017-01-16 00:00:00+00:00,-34.96944,-71.21694,220.0,open-meteo_ecmwf_ifs,daily,31.6605,14.8105,32.7,8.866751,2.039985,45.011993,0.0,32.644903267141835,6.544011060190365
2017-01-17 00:00:00+00:00,-34.96944,-71.21694,220.0,open-meteo_ecmwf_ifs,daily,32.7105,16.7605,32.67,11.098001,5.229143,47.607983,0.0,32.57491150691393,8.185869068130756
2017-01-18 00:00:00+00:00,-34.96944,-71.21694,220.0,open-meteo_ecmwf_ifs,daily,32.0605,15.410501,32.82,4.4646673,3.5275478,30.353699,0.0,32.502240059289065,7.740118843951845
2017-01-19 00:00:00+00:00,-34.96944,-71.21694,220.0,open-meteo_ecmwf_ifs,daily,33.7605,14.7605,32.93,8.427168,2.879349,40.132,0.0,32.42689490568022,7.246997840699114
2017-01-20 00:00:00+00:00,-34.96944,-71.21694,220.0,open-meteo_ecmwf_ifs,daily,35.2605,16.9605,32.64,9.448,4.084806,39.094368,0.0,32.348882526468635,8.284445033687094
2017-01-21 00:00:00+00:00,-34.96944,-71.21694,220.0,open-meteo_ecmwf_ifs,daily,34.1105,17.7605,31.89,10.012584,3.6078231,39.703228,0.0,32.268209924567216,7.827239144151326
2017-01-22 00:00:00+00:00,-34.96944,-71.21694,220.0,open-meteo_ecmwf_ifs,daily,31.1605,16.1105,32.19,9.281334,2.399099,41.600838,0.0,32.184884649661086,6.700921017253375
2017-01-23 00:00:00+00:00,-34.96944,-71.21694,220.0,open-meteo_ecmwf_ifs,daily,30.7105,16.810501,32.18,9.933418,2.0485206,44.827755,0.0,32.098914823082154,6.5036035651615185
2017-01-24 00:00:00+00:00,-34.96944,-71.21694,220.0,open-meteo_ecmwf_ifs,daily,31.7105,17.4105,31.64,9.808417,4.660334,41.401302,0.0,32.0103091632706,7.923033341483972
2017-01-25 00:00:00+00:00,-34.96944,-71.21694,220.0,open-meteo_ecmwf_ifs,daily,36.3605,16.4605,31.34,11.460499,3.8488264,45.69572,0.0,31.919077011770938,7.862400114957983
2017-01-26 00:00:00+00:00,-34.96944,-71.21694,220.0,open-meteo_ecmwf_ifs,daily,34.2605,18.7605,31.58,12.593835,2.4573438,43.597485,0.0,31.8252283597063,7.056457195264832
2017-01-27 00:00:00+00:00,-34.96944,-71.21694,220.0,open-meteo_ecmwf_ifs,daily,32.8605,18.0105,30.74,16.254251,1.5973948,60.603405,0.0,31.728773874669812,6.147436489401005
2017-01-28 00:00:00+00:00,-34.96944,-71.21694,220.0,open-meteo_ecmwf_ifs,daily,33.0105,18.7605,30.55,15.9313345,1.5304446,60.06734,0.0,31.629724927968127,6.17535822060185
2017-01-29 00:00:00+00:00,-34.96944,-71.21694,220.0,open-meteo_ecmwf_ifs,daily,33.0105,18.0105,30.45,13.168832,1.6789851,50.60768,0.0,31.52809362214779,6.23949429383907
2017-01-30 00:00:00+00:00,-34.96944,-71.21694,220.0,open-meteo_ecmwf_ifs,daily,30.9105,18.6605,30.9,8.581334,2.6444538,37.862827,0.0,31.42389281873139,6.906516654702964
2017-01-31 00:00:00+00:00,-34.96944,-71.21694,220.0,open-meteo_ecmwf_ifs,daily,29.9105,15.3605,30.86,9.4605,3.1572628,44.67751,0.0,31.31713616608704,6.6052967894552115
2017-02-01 00:00:00+00:00,-34.96944,-71.21694,220.0,open-meteo_ecmwf_ifs,daily,30.810501,14.6105,30.99,8.250084,2.1614442,42.53827,0.0,31.207838127351334,6.22087326251154
2017-02-02 00:00:00+00:00,-34.96944,-71.21694,220.0,open-meteo_ecmwf_ifs,daily,28.4605,14.2605,29.83,7.889666,2.4535048,44.34267,0.0,31.0960140083228,5.981205365903728
2017-02-03 00:00:00+00:00,-34.96944,-71.21694,220.0,open-meteo_ecmwf_ifs,daily,24.1605,12.8105,22.62,8.062583,1.8264564,53.772034,0.0,30.98167998524033,4.353400109371441
2017-02-04 00:00:00+00:00,-34.96944,-71.21694,220.0,open-meteo_ecmwf_ifs,daily,24.4105,15.7605,20.84,12.416751,1.467466,66.135826,3.6000001,30.86485313235879,4.012825500427339
2017-02-05 00:00:00+00:00,-34.96944,-71.21694,220.0,open-meteo_ecmwf_ifs,daily,30.0105,12.3605,30.6,10.416752,2.3092756,59.262012,0.0,30.745551449231616,5.78357101826429
2017-02-06 00:00:00+00:00,-34.96944,-71.21694,220.0,open-meteo_ecmwf_ifs,daily,30.3605,13.710501,30.5,7.97925,2.6182625,45.074596,0.0,30.623793887609125,6.232696032390229
2017-02-07 00:00:00+00:00,-34.96944,-71.21694,220.0,open-meteo_ecmwf_ifs,daily,30.4105,14.8605,29.69,10.312584,2.1621299,51.547337,0.0,30.49960037785947,5.904010325282058
2017-02-08 00:00:00+00:00,-34.96944,-71.21694,220.0,open-meteo_ecmwf_ifs,daily,26.7605,13.3605,29.36,9.4625845,1.8779691,56.935658,0.0,30.372991854818565,5.295526922331751
2017-02-09 00:00:00+00:00,-34.96944,-71.21694,220.0,open-meteo_ecmwf_ifs,daily,28.1605,15.2605,25.37,8.420917,2.5212634,49.062077,0.0,30.24399028297479,5.503266183335016
2017-02-10 00:00:00+00:00,-34.96944,-71.21694,220.0,open-meteo_ecmwf_ifs,daily,30.8605,14.3605,29.34,7.3000836,2.966076,39.976963,0.0,30.112618680893874,6.416836469862039
2017-02-11 00:00:00+00:00,-34.96944,-71.21694,220.0,open-meteo_ecmwf_ifs,daily,31.2105,13.410501,29.26,10.231334,1.6481299,50.961094,0.0,29.97890114479025,5.512176130321884
2017-02-12 00:00:00+00:00,-34.96944,-71.21694,220.0,open-meteo_ecmwf_ifs,daily,32.6105,15.5105,29.31,9.645918,2.3272238,46.19286,0.0,29.842862871151027,6.202254723526463
2017-02-13 00:00:00+00:00,-34.96944,-71.21694,220.0,open-meteo_ecmwf_ifs,daily,31.6105,16.2605,28.71,10.673001,1.9911093,47.05513,0.0,29.704530178320624,5.863880470862247
2017-02-14 00:00:00+00:00,-34.96944,-71.21694,220.0,open-meteo_ecmwf_ifs,daily,30.810501,15.6105,27.69,13.7021675,1.7275561,63.491795,0.0,29.563930526954767,5.343284809113498
2017-02-15 00:00:00+00:00,-34.96944,-71.21694,220.0,open-meteo_ecmwf_ifs,daily,29.9105,16.3605,28.25,13.056333,1.7322822,59.068157,0.0,29.42109253925515,5.422577737707152
2017-02-16 00:00:00+00:00,-34.96944,-71.21694,220.0,open-meteo_ecmwf_ifs,daily,28.1605,14.2605,26.57,11.145916,2.34797,58.265686,0.0,29.276046016897567,5.190919148708607
2017-02-17 00:00:00+00:00,-34.96944,-71.21694,220.0,open-meteo_ecmwf_ifs,daily,27.8605,15.0105,25.58,12.314668,2.9682846,65.536285,1.2,29.12882195756937,5.214659311043157
2017-02-18 00:00:00+00:00,-34.96944,-71.21694,220.0,open-meteo_ecmwf_ifs,daily,27.310501,11.960501,27.89,6.337584,2.2149537,45.582355,0.0,28.97945257003477,5.251254696980798
2017-02-19 00:00:00+00:00,-34.96944,-71.21694,220.0,open-meteo_ecmwf_ifs,daily,30.560501,13.410501,27.91,9.168834,3.0810792,50.41862,0.0,28.827971287649802,5.934773307564205
2017-02-20 00:00:00+00:00,-34.96944,-71.21694,220.0,open-meteo_ecmwf_ifs,daily,32.4105,15.0605,26.47,13.02925,3.1648228,58.811604,0.0,28.67441278025241,5.8589098855087975
2017-02-21 00:00:00+00:00,-34.96944,-71.21694,220.0,open-meteo_ecmwf_ifs,daily,34.0605,18.0105,26.05,15.698001,3.0441523,61.143368,0.0,28.518812964356897,6.050138762557719
2017-02-22 00:00:00+00:00,-34.96944,-71.21694,220.0,open-meteo_ecmwf_ifs,daily,33.6105,18.8605,25.45,15.518833,2.830184,56.00375,0.0,28.361209011586123,5.9393213350975165
2017-02-23 00:00:00+00:00,-34.96944,-71.21694,220.0,open-meteo_ecmwf_ifs,daily,32.6105,21.060501,25.75,16.293833,2.0222657,57.20143,0.0,28.201639355279415,5.6510792049466945
2017-02-24 00:00:00+00:00,-34.96944,-71.21694,220.0,open-meteo_ecmwf_ifs,daily,33.6105,20.3605,23.57,16.558418,2.2030218,58.603115,0.0,28.04014369521868,5.450420571888159
2017-02-25 00:00:00+00:00,-34.96944,-71.21694,220.0,open-meteo_ecmwf_ifs,daily,32.8605,20.7105,19.63,16.652168,1.8127465,60.087234,0.2,27.876763000420258,4.666997688426567
2017-02-26 00:00:00+00:00,-34.96944,-71.21694,220.0,open-meteo_ecmwf_ifs,daily,29.9105,20.060501,19.0,16.445917,1.7229651,62.672916,0.1,27.711539509944963,4.24430787784145
2017-02-27 00:00:00+00:00,-34.96944,-71.21694,220.0,open-meteo_ecmwf_ifs,daily,29.810501,19.3605,14.94,18.30425,1.5721397,75.07281,0.2,27.544516731684592,3.416318766548838
2017-02-28 00:00:00+00:00,-34.96944,-71.21694,220.0,open-meteo_ecmwf_ifs,daily,31.0105,17.4105,25.38,14.90425,2.073506,62.13019,0.0,27.37573943908791,5.149631401133676
2017-03-01 00:00:00+00:00,-34.96944,-71.21694,220.0,open-meteo_ecmwf_ifs,daily,29.9105,17.560501,21.98,14.312584,2.2045176,62.918972,0.3,27.205253665795478,4.728587186874862
2017-03-02 00:00:00+00:00,-34.96944,-71.21694,220.0,open-meteo_ecmwf_ifs,daily,25.0105,15.7605,14.72,12.177165,2.9317188,63.651398,4.0,27.03310669815808,3.687835337122978
2017-03-03 00:00:00+00:00,-34.96944,-71.21694,220.0,open-meteo_ecmwf_ifs,daily,26.310501,13.5105,20.92,6.7355,3.0075405,44.964615,0.0,26.8593470656195,4.827351548706237
2017-03-04 00:00:00+00:00,-34.96944,-71.21694,220.0,open-meteo_ecmwf_ifs,daily,26.810501,13.5105,25.47,7.881334,2.4297013,49.924824,0.0,26.684024528950207,4.937784987219105
2017-03-05 00:00:00+00:00,-34.96944,-71.21694,220.0,open-meteo_ecmwf_ifs,daily,28.310501,10.8105,24.89,4.9334164,3.5013697,44.72757,0.0,26.507190066324824,5.45552376394803
2017-03-06 00:00:00+00:00,-34.96944,-71.21694,220.0,open-meteo_ecmwf_ifs,daily,30.060501,11.2605,26.15,3.7438333,3.239258,40.231045,0.0,26.32889585724202,5.750866343280495
2017-03-07 00:00:00+00:00,-34.96944,-71.21694,220.0,open-meteo_ecmwf_ifs,daily,30.810501,12.5605,22.86,3.1125832,1.9637985,33.48194,0.0,26.149195264291617,4.832933663569089
2017-03-08 00:00:00+00:00,-34.96944,-71.21694,220.0,open-meteo_ecmwf_ifs,daily,25.6605,11.7605,16.03,5.218833,1.7255268,47.669224,0.4,25.968142812779956,3.5497226568039033
2017-03-09 00:00:00+00:00,-34.96944,-71.21694,220.0,open-meteo_ecmwf_ifs,daily,23.6105,11.460501,23.24,7.785501,1.7754515,57.194866,1.1,25.785794168230257,3.929523322114597
2017-03-10 00:00:00+00:00,-34.96944,-71.21694,220.0,open-meteo_ecmwf_ifs,daily,25.310501,10.0105,25.37,4.6271663,3.9300401,48.893375,0.0,25.602206111781033,5.154989757269339
2017-03-11 00:00:00+00:00,-34.96944,-71.21694,220.0,open-meteo_ecmwf_ifs,daily,24.6105,10.0605,24.58,6.56675,4.470483,54.310413,0.0,25.417436513511266,4.92113904289891
2017-03-12 00:00:00+00:00,-34.96944,-71.21694,220.0,open-meteo_ecmwf_ifs,daily,30.1105,9.410501,25.35,2.9938335,5.170669,39.96761,0.0,25.231544303727212,6.374296992303443
2017-03-13 00:00:00+00:00,-34.96944,-71.21694,220.0,open-meteo_ecmwf_ifs,daily,29.7105,10.660501,22.29,9.975083,2.5572073,62.189816,0.0,25.044589442251038,4.398694835375877
2017-03-14 00:00:00+00:00,-34.96944,-71.21694,220.0,open-meteo_ecmwf_ifs,daily,26.6605,13.960501,20.01,11.652167,2.0972989,62.854496,0.0,24.85663288575729,3.8780949207052506
2017-03-15 00:00:00+00:00,-34.96944,-71.21694,220.0,open-meteo_ecmwf_ifs,daily,27.7605,12.8605,23.25,11.26675,2.706627,65.73343,0.0,24.667736553208872,4.425611978814849
2017-03-16 00:00:00+00:00,-34.96944,-71.21694,220.0,open-meteo_ecmwf_ifs,daily,28.4605,11.0605,20.07,7.391751,1.8140745,48.40582,0.0,24.47796328944897,3.906633465550149
2017-03-17 00:00:00+00:00,-34.96944,-71.21694,220.0,open-meteo_ecmwf_ifs,daily,28.6105,12.3105,22.45,10.668835,1.5991535,60.853485,0.0,24.287376827010938,3.97015743512405
2017-03-18 00:00:00+00:00,-34.96944,-71.21694,220.0,open-meteo_ecmwf_ifs,daily,29.560501,12.3105,22.74,10.9355,1.6924123,59.988834,0.0,24.09604174621295,4.081161301555058
2017-03-19 00:00:00+00:00,-34.96944,-71.21694,220.0,open-meteo_ecmwf_ifs,daily,28.2105,14.3605,22.33,11.5563345,2.1452892,57.94586,0.0,23.904023433608767,4.2410875152746925
2017-03-20 00:00:00+00:00,-34.96944,-71.21694,220.0,open-meteo_ecmwf_ifs,daily,28.060501,13.0605,21.87,9.4938345,2.5975368,53.278168,0.0,23.71138803887069,4.388878068726586
2017-03-21 00:00:00+00:00,-34.96944,-71.21694,220.0,open-meteo_ecmwf_ifs,daily,29.3605,13.6105,21.99,10.654251,1.7893734,54.29234,0.0,23.51820243018491,4.097023347261176
2017-03-22 00:00:00+00:00,-34.96944,-71.21694,220.0,open-meteo_ecmwf_ifs,daily,28.4605,13.0105,21.87,12.0605,1.5263004,63.211075,0.0,23.324534148243423,3.7805352280801396
2017-03-23 00:00:00+00:00,-34.96944,-71.21694,220.0,open-meteo_ecmwf_ifs,daily,28.6105,12.8605,21.43,13.495918,1.2826833,70.92713,0.0,23.130451358920624,3.5777361866689144
2017-03-24 00:00:00+00:00,-34.96944,-71.21694,220.0,open-meteo_ecmwf_ifs,daily,24.1605,15.3605,11.98,12.2105,1.9975348,68.9825,0.0,22.936022804725834,2.7869951723760726
2017-03-25 00:00:00+00:00,-34.96944,-71.21694,220.0,open-meteo_ecmwf_ifs,daily,25.1105,13.910501,16.08,11.0855,2.0197005,63.436344,0.0,22.741317755126698,3.2324421526829696
2017-03-26 00:00:00+00:00,-34.96944,-71.21694,220.0,open-meteo_ecmwf_ifs,daily,24.0105,12.8605,17.39,10.277169,1.3556083,62.746582,0.0,22.546405955840772,2.987263871059525
2017-03-27 00:00:00+00:00,-34.96944,-71.21694,220.0,open-meteo_ecmwf_ifs,daily,25.9105,13.160501,20.4,10.67925,2.0256252,62.265285,0.0,22.351357577195788,3.6332316910267726
2017-03-28 00:00:00+00:00,-34.96944,-71.21694,220.0,open-meteo_ecmwf_ifs,daily,26.310501,11.460501,20.77,7.9875846,1.9369469,50.80824,0.0,22.156243161660914,3.667541222732452
2017-03-29 00:00:00+00:00,-34.96944,-71.21694,220.0,open-meteo_ecmwf_ifs,daily,24.310501,12.210501,16.66,8.112584,1.7249137,55.531284,0.1,21.961133570653878,3.1207756530332995
2017-03-30 00:00:00+00:00,-34.96944,-71.21694,220.0,open-meteo_ecmwf_ifs,daily,24.2105,11.160501,20.41,8.958417,2.708269,61.19902,0.0,21.766099930730025,3.6097154933849875
2017-03-31 00:00:00+00:00,-34.96944,-71.21694,220.0,open-meteo_ecmwf_ifs,daily,25.060501,11.410501,20.35,8.220918,1.88473,56.902782,0.0,21.571213579261308,3.4448616940185777
2017-04-01 00:00:00+00:00,-34.96944,-71.21694,220.0,open-meteo_ecmwf_ifs,daily,22.2605,11.6105,17.82,8.148001,2.122625,58.287716,0.0,21.37654600971401,3.1199076478829717
2017-04-02 00:00:00+00:00,-34.96944,-71.21694,220.0,open-meteo_ecmwf_ifs,daily,24.0105,8.710501,20.25,6.8625846,2.275943,61.369297,0.0,21.182168816634842,3.3318330308386233
2017-04-03 00:00:00+00:00,-34.96944,-71.21694,220.0,open-meteo_ecmwf_ifs,daily,23.560501,10.3105,17.61,7.9021683,3.290918,61.94476,0.0,20.988153640455774,3.4754257772564525
2017-04-04 00:00:00+00:00,-34.96944,-71.21694,220.0,open-meteo_ecmwf_ifs,daily,23.3605,11.160501,16.65,9.541751,2.3832514,65.89425,0.0,20.794572112227932,3.004608519066185
2017-04-05 00:00:00+00:00,-34.96944,-71.21694,220.0,open-meteo_ecmwf_ifs,daily,25.2105,10.2605,19.09,7.420917,3.154177,56.08118,0.0,20.60149579839486,3.7287626371410325
2017-04-06 00:00:00+00:00,-34.96944,-71.21694,220.0,open-meteo_ecmwf_ifs,daily,21.560501,11.0105,11.64,9.062583,2.5036435,63.310574,0.0,20.40899614571515,2.5129174332865207
2017-04-07 00:00:00+00:00,-34.96944,-71.21694,220.0,open-meteo_ecmwf_ifs,daily,17.810501,10.660501,11.85,9.42925,1.9446532,73.84552,17.0,20.21714442644354,1.9898719355323347
2017-04-08 00:00:00+00:00,-34.96944,-71.21694,220.0,open-meteo_ecmwf_ifs,daily,19.1105,7.5105,17.76,7.650085,1.7322488,71.38449,2.1,20.02601168387884,2.3703712674411666
2017-04-09 00:00:00+00:00,-34.96944,-71.21694,220.0,open-meteo_ecmwf_ifs,daily,21.1605,7.8104997,18.91,7.4354997,2.0047095,68.59673,0.0,19.83566867838548,2.6842367695411444
2017-04-10 00:00:00+00:00,-34.96944,-71.21694,220.0,open-meteo_ecmwf_ifs,daily,25.1105,9.410501,18.78,7.745918,2.0744495,62.27084,0.0,19.646185833994277,3.093207768653547
2017-04-11 00:00:00+00:00,-34.96944,-71.21694,220.0,open-meteo_ecmwf_ifs,daily,26.2105,8.8605,17.61,9.6855,1.5755979,72.005226,0.0,19.457633185685687,2.7315351492313305
2017-04-12 00:00:00+00:00,-34.96944,-71.21694,220.0,open-meteo_ecmwf_ifs,daily,25.2105,10.0105,17.63,10.2438345,1.8431239,70.55787,0.0,19.27008032745732,2.7828320153919544
2017-04-13 00:00:00+00:00,-34.96944,-71.21694,220.0,open-meteo_ecmwf_ifs,daily,23.3605,10.7605,16.13,10.998,1.1894747,79.21073,0.0,19.08359636127456,2.3469818384933485
2017-04-14 00:00:00+00:00,-34.96944,-71.21694,220.0,open-meteo_ecmwf_ifs,daily,21.8605,10.6105,13.6,10.318833,1.2165747,73.094734,0.2,18.89824984700094,2.083507243978837
2017-04-15 00:00:00+00:00,-34.96944,-71.21694,220.0,open-meteo_ecmwf_ifs,daily,23.810501,9.8605,15.97,10.052167,1.7321998,72.8014,0.0,18.71410875340178,2.47744248772088
2017-04-16 00:00:00+00:00,-34.96944,-71.21694,220.0,open-meteo_ecmwf_ifs,daily,23.6605,11.960501,13.26,10.583418,1.9015957,69.706245,0.0,18.53124041031174,2.429630768879357
2017-04-17 00:00:00+00:00,-34.96944,-71.21694,220.0,open-meteo_ecmwf_ifs,daily,22.6105,10.460501,15.22,10.90425,1.4597379,78.544975,0.0,18.349711462053392,2.2242090600028512
2017-04-18 00:00:00+00:00,-34.96944,-71.21694,220.0,open-meteo_ecmwf_ifs,daily,23.8605,12.5605,14.05,10.439666,2.0018244,66.876,0.0,18.16958782219066,2.5627227762819014
2017-04-19 00:00:00+00:00,-34.96944,-71.21694,220.0,open-meteo_ecmwf_ifs,daily,21.4605,12.1105,6.72,12.348001,1.507922,80.9859,2.8000002,17.990934629696905,1.5086045147026732
2017-04-20 00:00:00+00:00,-34.96944,-71.21694,220.0,open-meteo_ecmwf_ifs,daily,16.0605,13.960501,1.69,12.989667,1.8946825,88.60616,22.599998,17.81381620661385,0.8499123993409292
2017-04-21 00:00:00+00:00,-34.96944,-71.21694,220.0,open-meteo_ecmwf_ifs,daily,21.7105,9.710501,16.34,10.750084,2.8528986,78.58653,0.1,17.638296017273042,2.382859784778743
2017-04-22 00:00:00+00:00,-34.96944,-71.21694,220.0,open-meteo_ecmwf_ifs,daily,20.8605,8.8105,16.54,7.381334,3.2946327,65.09784,0.0,17.46443662914768,2.7136330053821083
2017-04-23 00:00:00+00:00,-34.96944,-71.21694,220.0,open-meteo_ecmwf_ifs,daily,16.0605,7.8104997,10.01,7.7042503,2.5614886,77.84165,1.3,17.29229967539776,1.6133959446096158
2017-04-24 00:00:00+00:00,-34.96944,-71.21694,220.0,open-meteo_ecmwf_ifs,daily,14.3605,5.0604997,9.26,6.2104993,2.2646902,76.04066,0.8,17.121945819167095,1.3314525030352797
2017-04-25 00:00:00+00:00,-34.96944,-71.21694,220.0,open-meteo_ecmwf_ifs,daily,16.7105,7.1105,14.46,7.4084163,2.0068786,77.70342,6.0,16.95343471968593,1.7689801194121793
2017-04-26 00:00:00+00:00,-34.96944,-71.21694,220.0,open-meteo_ecmwf_ifs,daily,18.1605,4.8104997,16.16,4.4084167,3.0150049,68.71853,0.0,16.78682500022806,2.238981138604071
2017-04-27 00:00:00+00:00,-34.96944,-71.21694,220.0,open-meteo_ecmwf_ifs,daily,20.3605,5.9105,15.11,7.04175,2.5940263,77.182396,0.0,16.62217421796605,2.1101470838580862
2017-04-28 00:00:00+00:00,-34.96944,-71.21694,220.0,open-meteo_ecmwf_ifs,daily,21.5105,9.0105,14.13,10.252168,3.1595774,81.503654,0.0,16.459538835763443,2.1756993839787455
2017-04-29 00:00:00+00:00,-34.96944,-71.21694,220.0,open-meteo_ecmwf_ifs,daily,20.6605,9.710501,14.4,9.823001,2.4717753,80.00844,0.0,16.298974195937028,2.0902788146322604
2017-04-30 00:00:00+00:00,-34.96944,-71.21694,220.0,open-meteo_ecmwf_ifs,daily,22.6105,8.1105,13.86,10.008418,1.562212,81.500824,0.0,16.14053449601749,1.856886645287012
2017-05-01 00:00:00+00:00,-34.96944,-71.21694,220.0,open-meteo_ecmwf_ifs,daily,20.310501,9.460501,11.04,10.658418,2.0667763,84.04535,0.0,15.984272766530795,1.6690841809854953
2017-05-02 00:00:00+00:00,-34.96944,-71.21694,220.0,open-meteo_ecmwf_ifs,daily,19.2105,8.6105,10.82,9.535501,1.822915,82.0174,0.1,15.830240850817502,1.5665180215766188
2017-05-03 00:00:00+00:00,-34.96944,-71.21694,220.0,open-meteo_ecmwf_ifs,daily,19.5105,9.0605,13.6,9.231334,2.8896763,82.28277,0.0,15.678489386901425,1.9711662364807256
2017-05-04 00:00:00+00:00,-34.96944,-71.21694,220.0,open-meteo_ecmwf_ifs,daily,19.8605,7.5604997,11.89,8.187583,1.7138156,79.67968,0.0,15.529067791413548,1.6537666803710849
2017-05-05 00:00:00+00:00,-34.96944,-71.21694,220.0,open-meteo_ecmwf_ifs,daily,20.5105,7.3104997,13.5,8.950084,1.1949397,78.620415,0.0,15.382024245571351,1.5690862565005255
2017-05-06 00:00:00+00:00,-34.96944,-71.21694,220.0,open-meteo_ecmwf_ifs,daily,18.060501,9.660501,8.54,9.460501,3.0592299,80.86409,0.0,15.237405683208081,1.6292648262470313
2017-05-07 00:00:00+00:00,-34.96944,-71.21694,220.0,open-meteo_ecmwf_ifs,daily,15.0105,11.960501,3.47,10.254251,2.938015,80.89297,25.700003,15.095257780840683,1.1804474874838198
2017-05-08 00:00:00+00:00,-34.96944,-71.21694,220.0,open-meteo_ecmwf_ifs,daily,19.6105,8.6105,13.2,10.189668,1.6317135,82.10613,4.3999996,14.955624949759482,1.5429293299190603
2017-05-09 00:00:00+00:00,-34.96944,-71.21694,220.0,open-meteo_ecmwf_ifs,daily,19.1605,8.8605,11.68,10.537584,1.5519943,83.80111,0.0,14.818550330116988,1.4078886330756977
2017-05-10 00:00:00+00:00,-34.96944,-71.21694,220.0,open-meteo_ecmwf_ifs,daily,17.8605,10.210501,7.41,10.548,2.4563763,84.04986,0.0,14.684075786987423,1.3335017841195882
2017-05-11 00:00:00+00:00,-34.96944,-71.21694,220.0,open-meteo_ecmwf_ifs,daily,16.2605,11.660501,5.14,9.814668,3.9127114,78.422035,10.200001,14.552241908363017,1.5522702187723911
2017-05-12 00:00:00+00:00,-34.96944,-71.21694,220.0,open-meteo_ecmwf_ifs,daily,19.0105,9.910501,9.57,9.279249,2.3073747,75.888306,4.2,14.423088005047479,1.609916547287106
2017-05-13 00:00:00+00:00,-34.96944,-71.21694,220.0,open-meteo_ecmwf_ifs,daily,20.1605,10.7605,7.12,11.2646675,2.5299928,79.992645,0.4,14.296652112401434,1.473857211853187
2017-05-14 00:00:00+00:00,-34.96944,-71.21694,220.0,open-meteo_ecmwf_ifs,daily,17.8605,12.1105,7.07,11.318832,2.4185421,84.63856,7.7999997,14.172970993889432,1.350188546102877
2017-05-15 00:00:00+00:00,-34.96944,-71.21694,220.0,open-meteo_ecmwf_ifs,daily,15.410501,7.3104997,10.05,8.566751,2.1325967,89.359886,0.0,14.052080146372354,1.1509525648100039
2017-05-16 00:00:00+00:00,-34.96944,-71.21694,220.0,open-meteo_ecmwf_ifs,daily,15.6105,6.4605,7.93,8.237583,2.1959968,83.00272,0.0,13.934013807084252,1.0658690547156218
2017-05-17 00:00:00+00:00,-34.96944,-71.21694,220.0,open-meteo_ecmwf_ifs,daily,14.710501,9.8605,4.54,7.4896674,2.5142274,73.90623,13.4,13.818804962227281,1.3099389727354203
2017-05-18 00:00:00+00:00,-34.96944,-71.21694,220.0,open-meteo_ecmwf_ifs,daily,11.8105,7.1605,6.73,6.887583,1.8641897,84.15301,23.600002,13.706485357113523,0.9109491343939444
2017-05-19 00:00:00+00:00,-34.96944,-71.21694,220.0,open-meteo_ecmwf_ifs,daily,12.5105,2.9605,11.71,5.2209163,2.1384583,87.141396,0.0,13.597085507777741,0.9765724406098628
2017-05-20 00:00:00+00:00,-34.96944,-71.21694,220.0,open-meteo_ecmwf_ifs,daily,13.5105,2.9105,11.44,4.6792502,1.9233955,87.68867,0.0,13.490634713980528,1.0558551378464993
2017-05-21 00:00:00+00:00,-34.96944,-71.21694,220.0,open-meteo_ecmwf_ifs,daily,15.8605,3.9105,8.66,5.514667,1.291768,81.09191,0.0,13.387161073516939,1.0174741769052689
2017-05-22 00:00:00+00:00,-34.96944,-71.21694,220.0,open-meteo_ecmwf_ifs,daily,11.210501,7.1105,5.74,6.4813333,2.7194712,84.53529,0.5,13.286691497741582,0.9336217057005752
2017-05-23 00:00:00+00:00,-34.96944,-71.21694,220.0,open-meteo_ecmwf_ifs,daily,12.910501,3.6105,9.29,5.75425,1.5854439,86.80164,0.0,13.18925172821735,0.8673940773121159
2017-05-24 00:00:00+00:00,-34.96944,-71.21694,220.0,open-meteo_ecmwf_ifs,daily,12.460501,3.4605,7.42,6.014666,1.4235946,91.03814,0.0,13.094866354391186,0.7544926928520679
2017-05-25 00:00:00+00:00,-34.96944,-71.21694,220.0,open-meteo_ecmwf_ifs,daily,15.410501,6.1105,10.32,6.981334,1.7825772,83.172676,0.6,13.003558832197285,1.0925968662833252
2017-05-26 00:00:00+00:00,-34.96944,-71.21694,220.0,open-meteo_ecmwf_ifs,daily,13.960501,4.4605,10.9,5.6855006,2.2653754,87.295616,0.0,12.915351503484972,1.0697843949099786
2017-05-27 00:00:00+00:00,-34.96944,-71.21694,220.0,open-meteo_ecmwf_ifs,daily,16.1105,3.8605,11.47,5.525083,1.4340167,84.70193,0.0,12.830265616165912,1.0505120095017069
2017-05-28 00:00:00+00:00,-34.96944,-71.21694,220.0,open-meteo_ecmwf_ifs,daily,15.0605,3.4605,9.45,5.6771665,1.035858,84.25871,0.0,12.748321344973151,0.8672392198619356
2017-05-29 00:00:00+00:00,-34.96944,-71.21694,220.0,open-meteo_ecmwf_ifs,daily,14.3605,4.0605,9.37,5.5875835,1.5087284,89.08692,0.0,12.669537812722531,0.93034331792069
2017-05-30 00:00:00+00:00,-34.96944,-71.21694,220.0,open-meteo_ecmwf_ifs,daily,13.8605,1.6105,10.5,4.7000833,1.4916925,88.720024,0.2,12.59393311196565,0.845314898963087
2017-05-31 00:00:00+00:00,-34.96944,-71.21694,220.0,open-meteo_ecmwf_ifs,daily,12.710501,3.6105,10.01,5.139666,2.059039,90.13416,0.0,12.521524326922425,0.9038659959540497
2017-06-01 00:00:00+00:00,-34.96944,-71.21694,220.0,open-meteo_ecmwf_ifs,daily,14.8105,3.4605,6.96,6.829251,2.2516687,91.647575,0.0,12.45232755558081,0.8241470873356873
2017-06-02 00:00:00+00:00,-34.96944,-71.21694,220.0,open-meteo_ecmwf_ifs,daily,9.3105,5.9605,1.99,6.0959167,2.1134126,91.10313,0.0,12.386357931851046,0.6021779531859786
2017-06-03 00:00:00+00:00,-34.96944,-71.21694,220.0,open-meteo_ecmwf_ifs,daily,14.410501,3.0105002,8.63,4.8979993,1.179596,81.91793,1.0,12.3236296476621,0.8308629842794295
2017-06-04 00:00:00+00:00,-34.96944,-71.21694,220.0,open-meteo_ecmwf_ifs,daily,13.3605,3.0105002,8.92,5.22925,2.3968349,78.52734,0.0,12.264155974888972,0.892907016111254
2017-06-05 00:00:00+00:00,-34.96944,-71.21694,220.0,open-meteo_ecmwf_ifs,daily,9.8605,1.6604999,10.51,2.6750839,2.6683204,85.15588,0.0,12.207949287000488,0.853847680527052
2017-06-06 00:00:00+00:00,-34.96944,-71.21694,220.0,open-meteo_ecmwf_ifs,daily,11.2605,0.7105,10.01,1.7834167,2.1041348,85.87957,0.0,12.155021080319433,0.9021392462306446
2017-06-07 00:00:00+00:00,-34.96944,-71.21694,220.0,open-meteo_ecmwf_ifs,daily,9.5105,2.5605001,2.99,4.2709165,3.1643248,90.73675,12.099999,12.105381994788727,0.6440931288960089
2017-06-08 00:00:00+00:00,-34.96944,-71.21694,220.0,open-meteo_ecmwf_ifs,daily,9.5105,1.1105,5.51,3.856333,2.0786457,86.67599,4.7999997,12.059041834140562,0.573569008890523
2017-06-09 00:00:00+00:00,-34.96944,-71.21694,220.0,open-meteo_ecmwf_ifs,daily,14.210501,1.4605,11.1,4.0375834,2.44515,83.518234,0.0,12.016009585368286,0.9691211578055388
2017-06-10 00:00:00+00:00,-34.96944,-71.21694,220.0,open-meteo_ecmwf_ifs,daily,15.5605,5.2105,10.12,7.1480002,3.2015114,90.11581,0.0,11.976293437404921,1.0806253058934052
2017-06-11 00:00:00+00:00,-34.96944,-71.21694,220.0,open-meteo_ecmwf_ifs,daily,12.0605,4.6105,10.23,6.2105007,3.1632059,87.81412,0.0,11.939900798916234,0.8264068840042748
2017-06-12 00:00:00+00:00,-34.96944,-71.21694,220.0,open-meteo_ecmwf_ifs,daily,11.1105,2.4605,7.97,4.3605,2.0581598,90.22161,0.0,11.906838315121014,0.7245169840059396
2017-06-13 00:00:00+00:00,-34.96944,-71.21694,220.0,open-meteo_ecmwf_ifs,daily,11.8105,3.0105002,4.91,5.829249,1.209478,94.324585,0.0,11.877111883556514,0.5859700226257503
2017-06-14 00:00:00+00:00,-34.96944,-71.21694,220.0,open-meteo_ecmwf_ifs,daily,13.3105,4.8605,4.56,7.4104996,1.8408276,92.08341,0.0,11.85072666871223,0.6554909819467003
2017-06-15 00:00:00+00:00,-34.96944,-71.21694,220.0,open-meteo_ecmwf_ifs,daily,17.0105,5.0105,9.78,6.89175,3.0309017,84.1414,0.1,11.82768711546161,1.1959010194997406
2017-06-16 00:00:00+00:00,-34.96944,-71.21694,220.0,open-meteo_ecmwf_ifs,daily,16.560501,10.3105,4.32,9.050084,5.615442,80.13079,44.0,11.80799696122719,1.6791829317908962
2017-06-17 00:00:00+00:00,-34.96944,-71.21694,220.0,open-meteo_ecmwf_ifs,daily,12.0105,3.4605,8.87,5.2625833,2.4546216,82.23367,6.2,11.791659246821622,0.7843629606663735
2017-06-18 00:00:00+00:00,-34.96944,-71.21694,220.0,open-meteo_ecmwf_ifs,daily,9.460501,0.010499999,11.3,1.0313333,2.9267378,81.98102,0.0,11.778676325913892,0.8699348171095654
2017-06-19 00:00:00+00:00,-34.96944,-71.21694,220.0,open-meteo_ecmwf_ifs,daily,7.6105,-1.4895,5.6,0.9896667,1.9618558,90.27203,0.0,11.76904987307734,0.5654908283912902
2017-06-20 00:00:00+00:00,-34.96944,-71.21694,220.0,open-meteo_ecmwf_ifs,daily,7.8605,3.0105002,2.06,2.97925,1.5847164,88.34411,0.0,11.762780890383514,0.6143785083751909
2017-06-21 00:00:00+00:00,-34.96944,-71.21694,220.0,open-meteo_ecmwf_ifs,daily,12.5105,4.6105,3.46,5.57925,3.2678308,84.720604,2.7,11.759869712513698,0.912305692390904
2017-06-22 00:00:00+00:00,-34.96944,-71.21694,220.0,open-meteo_ecmwf_ifs,daily,11.7605,10.0105,0.95,9.535501,4.131339,89.73797,53.0,11.760316010367507,0.6739584068352945
2017-06-23 00:00:00+00:00,-34.96944,-71.21694,220.0,open-meteo_ecmwf_ifs,daily,15.6105,9.3105,5.43,9.239667,1.399089,87.22256,19.000004,11.764118793156209,0.8543989602029524
2017-06-24 00:00:00+00:00,-34.96944,-71.21694,220.0,open-meteo_ecmwf_ifs,daily,14.8605,8.6105,4.5,9.333417,3.070769,88.26758,1.0,11.771276408976112,0.9061481267155378
2017-06-25 00:00:00+00:00,-34.96944,-71.21694,220.0,open-meteo_ecmwf_ifs,daily,13.5605,10.8605,0.78,9.552167,2.643783,86.95905,66.2,11.781786543865522,0.8750138531406962
2017-06-26 00:00:00+00:00,-34.96944,-71.21694,220.0,open-meteo_ecmwf_ifs,daily,14.7605,10.910501,4.45,9.385499,3.1461728,83.25717,32.899998,11.795646219356673,1.1353581986597112
2017-06-27 00:00:00+00:00,-34.96944,-71.21694,220.0,open-meteo_ecmwf_ifs,daily,16.7105,7.8605,8.67,8.664668,1.4828042,83.734566,10.400001,11.81285178854192,0.9379225866994152
2017-06-28 00:00:00+00:00,-34.96944,-71.21694,220.0,open-meteo_ecmwf_ifs,daily,13.5105,6.0604997,8.86,7.1917496,1.6030126,90.8538,0.0,11.833398930681291,0.794590740232846
2017-06-29 00:00:00+00:00,-34.96944,-71.21694,220.0,open-meteo_ecmwf_ifs,daily,14.0105,3.5105002,8.13,6.3917503,1.8602124,91.9996,0.0,11.85728264438596,0.7595967017653787
2017-06-30 00:00:00+00:00,-34.96944,-71.21694,220.0,open-meteo_ecmwf_ifs,daily,17.2605,5.5105,10.66,8.422999,2.5727305,87.67106,0.0,11.884497239419767,1.0161466195268276
2017-07-01 00:00:00+00:00,-34.96944,-71.21694,220.0,open-meteo_ecmwf_ifs,daily,16.6105,4.9605,9.54,8.602168,1.3086288,89.467445,0.0,11.915036327167938,0.7865151197111631
2017-07-02 00:00:00+00:00,-34.96944,-71.21694,220.0,open-meteo_ecmwf_ifs,daily,15.6105,5.4105,9.33,7.9250836,1.8725939,90.53049,0.0,11.948892809828994,0.8612644953418678
2017-07-03 00:00:00+00:00,-34.96944,-71.21694,220.0,open-meteo_ecmwf_ifs,daily,13.460501,6.5105,4.16,8.758418,2.244212,91.58602,0.0,11.986058868392442,0.6343569556372899
2017-07-04 00:00:00+00:00,-34.96944,-71.21694,220.0,open-meteo_ecmwf_ifs,daily,11.1105,8.0605,3.3,7.9125843,3.0741768,90.2613,21.199997,12.026525949471003,0.7128258777117052
2017-07-05 00:00:00+00:00,-34.96944,-71.21694,220.0,open-meteo_ecmwf_ifs,daily,8.2605,1.3105,3.15,3.7500837,1.1888946,89.554985,0.1,12.070284751061877,0.4842848574533117
2017-07-06 00:00:00+00:00,-34.96944,-71.21694,220.0,open-meteo_ecmwf_ifs,daily,14.910501,1.5605,10.94,4.7521667,1.4340073,86.40704,0.4,12.117325207317073,0.834955266778564
2017-07-07 00:00:00+00:00,-34.96944,-71.21694,220.0,open-meteo_ecmwf_ifs,daily,16.3605,4.7105,9.55,6.9354997,1.3475951,83.896736,4.7,12.167636472407503,0.9008299695903217
2017-07-08 00:00:00+00:00,-34.96944,-71.21694,220.0,open-meteo_ecmwf_ifs,daily,14.5105,4.8605,5.89,6.633417,1.179553,83.877174,0.1,12.22120690357054,0.7719372627413322
2017-07-09 00:00:00+00:00,-34.96944,-71.21694,220.0,open-meteo_ecmwf_ifs,daily,13.3105,6.6105,4.97,8.208416,2.13513,92.22312,0.0,12.27802404343419,0.7279234538600404
2017-07-10 00:00:00+00:00,-34.96944,-71.21694,220.0,open-meteo_ecmwf_ifs,daily,10.7605,1.0605,10.83,2.1271667,3.3470676,79.31849,0.0,12.338074601715123,1.0181576945548152
2017-07-11 00:00:00+00:00,-34.96944,-71.21694,220.0,open-meteo_ecmwf_ifs,daily,13.7605,0.41050002,10.15,3.5480003,1.9183034,89.96447,0.0,12.401344436390614,0.8850593753984171
2017-07-12 00:00:00+00:00,-34.96944,-71.21694,220.0,open-meteo_ecmwf_ifs,daily,14.3105,2.8605,7.36,5.3292503,2.9443066,87.290764,0.0,12.467818534447028,0.9952791637107925
2017-07-13 00:00:00+00:00,-34.96944,-71.21694,220.0,open-meteo_ecmwf_ifs,daily,12.1105,8.910501,3.41,8.593834,3.1389723,89.30839,14.900001,12.537480992309801,0.800605643085459
2017-07-14 00:00:00+00:00,-34.96944,-71.21694,220.0,open-meteo_ecmwf_ifs,daily,12.660501,3.4105,10.43,5.152167,2.4517972,82.63221,0.0,12.610314996061248,0.934206884682893
2017-07-15 00:00:00+00:00,-34.96944,-71.21694,220.0,open-meteo_ecmwf_ifs,daily,9.210501,2.0105,7.14,2.8605003,3.4734905,87.32781,25.1,12.686302801553808,0.8635966318366276
2017-07-16 00:00:00+00:00,-34.96944,-71.21694,220.0,open-meteo_ecmwf_ifs,daily,6.4605,0.2605,10.74,0.64175004,2.27344,88.577705,0.70000005,12.765425714526977,0.757881367329939
2017-07-17 00:00:00+00:00,-34.96944,-71.21694,220.0,open-meteo_ecmwf_ifs,daily,7.3104997,-6.8895,11.6,-2.6353333,1.8912287,87.82183,0.0,12.847664070836258,0.6629003266834818
2017-07-18 00:00:00+00:00,-34.96944,-71.21694,220.0,open-meteo_ecmwf_ifs,daily,9.7605,-1.8895,9.44,1.1084167,2.179198,92.81631,0.0,12.932997216902322,0.7771002766513208
2017-07-19 00:00:00+00:00,-34.96944,-71.21694,220.0,open-meteo_ecmwf_ifs,daily,11.1105,-0.4395,10.53,2.606333,2.5324357,91.88581,0.0,13.021403490487875,0.8590875562285674
2017-07-20 00:00:00+00:00,-34.96944,-71.21694,220.0,open-meteo_ecmwf_ifs,daily,15.8605,4.2605,11.22,7.206333,2.796919,90.939964,0.0,13.112860201908385,1.1036811499338217
2017-07-21 00:00:00+00:00,-34.96944,-71.21694,220.0,open-meteo_ecmwf_ifs,daily,16.4105,5.3104997,11.41,8.539667,1.6698421,90.53544,0.0,13.207343615781589,1.0094575700124924
2017-07-22 00:00:00+00:00,-34.96944,-71.21694,220.0,open-meteo_ecmwf_ifs,daily,13.0605,7.6605,3.92,8.839668,2.6527493,89.429405,0.3,13.304828933418555,0.7432582031998826
2017-07-23 00:00:00+00:00,-34.96944,-71.21694,220.0,open-meteo_ecmwf_ifs,daily,12.410501,8.8105,2.74,8.548,1.8426496,89.88676,10.3,13.405290275956789,0.7525115026295537
2017-07-24 00:00:00+00:00,-34.96944,-71.21694,220.0,open-meteo_ecmwf_ifs,daily,12.7605,3.3605,11.53,6.525083,3.0549355,88.35532,1.0,13.508700668333478,0.8855548283274661
2017-07-25 00:00:00+00:00,-34.96944,-71.21694,220.0,open-meteo_ecmwf_ifs,daily,11.6105,0.8605,12.41,3.4167502,2.3326514,85.75733,0.0,13.61503202419362,0.9747985014635304
2017-07-26 00:00:00+00:00,-34.96944,-71.21694,220.0,open-meteo_ecmwf_ifs,daily,12.2605,0.56049997,11.65,3.0688334,2.4077308,86.95581,0.0,13.724255131824904,1.0352333794796966
2017-07-27 00:00:00+00:00,-34.96944,-71.21694,220.0,open-meteo_ecmwf_ifs,daily,13.160501,3.0105002,8.73,5.0209165,2.0025349,87.048134,0.0,13.83633964120743,0.9821660126855476
2017-07-28 00:00:00+00:00,-34.96944,-71.21694,220.0,open-meteo_ecmwf_ifs,daily,14.5605,2.2105,10.15,5.1688333,1.9445229,84.26157,0.0,13.951254052262598,1.0467527786163404
2017-07-29 00:00:00+00:00,-34.96944,-71.21694,220.0,open-meteo_ecmwf_ifs,daily,8.8605,3.9105,7.24,3.850083,3.3436298,83.03505,0.0,14.068965704381569,0.9224696609472222
2017-07-30 00:00:00+00:00,-34.96944,-71.21694,220.0,open-meteo_ecmwf_ifs,daily,12.1105,-1.3395001,11.85,2.5125833,1.9412059,86.50098,0.0,14.189440767309328,0.9581094971152411
2017-07-31 00:00:00+00:00,-34.96944,-71.21694,220.0,open-meteo_ecmwf_ifs,daily,13.210501,2.8605,8.63,4.693834,1.6513771,89.57523,0.0,14.31264423345599,0.9994669428705083
2017-08-01 00:00:00+00:00,-34.96944,-71.21694,220.0,open-meteo_ecmwf_ifs,daily,11.8105,4.3104997,5.59,5.435499,1.5151488,88.76911,0.3,14.438539911702463,0.8419897855067672
2017-08-02 00:00:00+00:00,-34.96944,-71.21694,220.0,open-meteo_ecmwf_ifs,daily,11.2605,2.3605,9.66,4.935499,1.8908755,92.18021,0.0,14.56709042276261,0.8880841286191484
2017-08-03 00:00:00+00:00,-34.96944,-71.21694,220.0,open-meteo_ecmwf_ifs,daily,13.3605,2.5605001,10.25,5.5646667,2.0212235,90.74204,0.0,14.698257196159402,1.0149226883585563
2017-08-04 00:00:00+00:00,-34.96944,-71.21694,220.0,open-meteo_ecmwf_ifs,daily,14.3105,4.2605,10.03,6.568834,1.306526,90.237175,0.0,14.83200046886735,1.0498944456649548
2017-08-05 00:00:00+00:00,-34.96944,-71.21694,220.0,open-meteo_ecmwf_ifs,daily,11.3605,5.5604997,5.15,6.593834,2.4231856,88.60022,6.6,14.968279285668572,0.8284446748193163
2017-08-06 00:00:00+00:00,-34.96944,-71.21694,220.0,open-meteo_ecmwf_ifs,daily,16.2105,5.4105,11.18,7.693833,1.4601957,85.43142,1.1,15.107051501264472,1.221994787681536
2017-08-07 00:00:00+00:00,-34.96944,-71.21694,220.0,open-meteo_ecmwf_ifs,daily,12.5105,7.1105,3.34,7.827166,2.0552797,88.84478,3.1,15.248273784179846,0.8017276038550234
2017-08-08 00:00:00+00:00,-34.96944,-71.21694,220.0,open-meteo_ecmwf_ifs,daily,18.1605,3.9605,11.94,7.350084,1.1874908,82.60049,2.1,15.391901622491106,1.2935118649997304
2017-08-09 00:00:00+00:00,-34.96944,-71.21694,220.0,open-meteo_ecmwf_ifs,daily,12.1105,9.5105,2.53,7.879251,2.7560275,83.80662,23.0,15.53788933140458,0.9944695698188991
2017-08-10 00:00:00+00:00,-34.96944,-71.21694,220.0,open-meteo_ecmwf_ifs,daily,13.460501,7.1605,7.33,6.0021663,4.052398,77.18962,20.000004,15.686190062705883,1.5294821437294455
2017-08-11 00:00:00+00:00,-34.96944,-71.21694,220.0,open-meteo_ecmwf_ifs,daily,10.5605,6.3104997,5.19,6.8146667,1.9538201,87.68497,14.299999,15.836755816095799,0.8097503571720829
2017-08-12 00:00:00+00:00,-34.96944,-71.21694,220.0,open-meteo_ecmwf_ifs,daily,12.7605,2.9105,12.59,5.41675,1.2697291,85.66877,4.1000004,15.989537452422708,1.1624115838057312
2017-08-13 00:00:00+00:00,-34.96944,-71.21694,220.0,open-meteo_ecmwf_ifs,daily,8.710501,6.5604997,1.89,4.756334,2.8977067,82.85421,9.799999,16.1444847088164,0.8868063745812107
2017-08-14 00:00:00+00:00,-34.96944,-71.21694,220.0,open-meteo_ecmwf_ifs,daily,14.0105,6.1605,9.85,5.608417,2.0863123,77.209404,0.0,16.301546215722727,1.4152750861284789
2017-08-15 00:00:00+00:00,-34.96944,-71.21694,220.0,open-meteo_ecmwf_ifs,daily,14.6105,4.3605,13.05,5.7229996,3.388224,84.68239,0.0,16.460669515833153,1.5757327296162935
2017-08-16 00:00:00+00:00,-34.96944,-71.21694,220.0,open-meteo_ecmwf_ifs,daily,13.7605,1.6105,14.3,4.131333,2.488739,85.3844,0.0,16.621801084898316,1.4373499678622728
2017-08-17 00:00:00+00:00,-34.96944,-71.21694,220.0,open-meteo_ecmwf_ifs,daily,16.310501,4.3104997,13.54,5.9917502,1.9559671,84.83802,0.0,16.78488635440912,1.5907826961678249
2017-08-18 00:00:00+00:00,-34.96944,-71.21694,220.0,open-meteo_ecmwf_ifs,daily,10.2605,7.5105,1.22,7.9875836,1.8595635,94.45579,18.1,16.949869736124263,0.5598029669401594
2017-08-19 00:00:00+00:00,-34.96944,-71.21694,220.0,open-meteo_ecmwf_ifs,daily,13.8605,6.4605,10.28,6.7417502,1.8121439,83.41755,3.1000001,17.116694648417614,1.3501130294635317
2017-08-20 00:00:00+00:00,-34.96944,-71.21694,220.0,open-meteo_ecmwf_ifs,daily,14.2605,2.1105,15.47,4.514666,2.7641232,84.07892,0.0,17.28530354441421,1.5952458343363556
2017-08-21 00:00:00+00:00,-34.96944,-71.21694,220.0,open-meteo_ecmwf_ifs,daily,18.1605,2.2605002,15.36,5.6605,1.8254242,83.446526,0.0,17.45563794187867,1.7278667197805953
2017-08-22 00:00:00+00:00,-34.96944,-71.21694,220.0,open-meteo_ecmwf_ifs,daily,12.0105,5.5105,4.9,6.477167,3.624882,86.674034,6.4,17.627638454815123,1.0142759279165792
2017-08-23 00:00:00+00:00,-34.96944,-71.21694,220.0,open-meteo_ecmwf_ifs,daily,12.5105,5.3104997,6.22,5.700083,2.1493294,84.06182,18.900002,17.80124482673298,1.131222920636678
2017-08-24 00:00:00+00:00,-34.96944,-71.21694,220.0,open-meteo_ecmwf_ifs,daily,13.660501,6.9605,8.64,6.472999,2.306058,80.07392,0.3,17.976395965528674,1.411969993610301
2017-08-25 00:00:00+00:00,-34.96944,-71.21694,220.0,open-meteo_ecmwf_ifs,daily,12.8605,6.2105,6.76,5.802166,1.8363501,80.51605,9.800001,18.15302997992867,1.2180778053906316
2017-08-26 00:00:00+00:00,-34.96944,-71.21694,220.0,open-meteo_ecmwf_ifs,daily,12.910501,5.1105,4.72,7.0605006,1.3980654,88.15726,0.1,18.331084217435173,0.8814056969935758
2017-08-27 00:00:00+00:00,-34.96944,-71.21694,220.0,open-meteo_ecmwf_ifs,daily,14.0105,5.9605,8.81,6.60425,2.6779137,83.01338,0.8,18.51049530371174,1.4040818472660352
2017-08-28 00:00:00+00:00,-34.96944,-71.21694,220.0,open-meteo_ecmwf_ifs,daily,10.3105,7.8605,2.4,6.539667,1.2105695,85.178246,29.399998,18.6911991833419,0.7875668728347778
2017-08-29 00:00:00+00:00,-34.96944,-71.21694,220.0,open-meteo_ecmwf_ifs,daily,13.6105,3.8105001,17.86,4.131333,2.1360564,78.58315,1.7000002,18.873131161890438,1.9108107661936538
2017-08-30 00:00:00+00:00,-34.96944,-71.21694,220.0,open-meteo_ecmwf_ifs,daily,15.210501,-0.8395,18.32,2.6021664,2.3280423,76.58391,0.0,19.05622594919296,1.8524456037763875
2017-08-31 00:00:00+00:00,-34.96944,-71.21694,220.0,open-meteo_ecmwf_ifs,daily,17.7605,2.2605002,16.87,5.3605003,1.5252048,82.20579,0.0,19.24041770379641,1.913440274321849
2017-09-01 00:00:00+00:00,-34.96944,-71.21694,220.0,open-meteo_ecmwf_ifs,daily,12.410501,6.4105,4.52,7.2730007,2.8310692,87.26159,8.299999,19.425640078469602,0.9913866223265111
2017-09-02 00:00:00+00:00,-34.96944,-71.21694,220.0,open-meteo_ecmwf_ifs,daily,14.3105,7.6605,13.1,7.5229993,2.3902042,82.01887,2.3000002,19.611826266699808,1.7457219061007085
2017-09-03 00:00:00+00:00,-34.96944,-71.21694,220.0,open-meteo_ecmwf_ifs,daily,13.660501,2.2105,17.26,4.1146665,2.531896,74.873024,0.0,19.798909050089005,1.841870225491878
2017-09-04 00:00:00+00:00,-34.96944,-71.21694,220.0,open-meteo_ecmwf_ifs,daily,15.3605,3.0105002,18.31,4.464667,2.6885755,78.32634,0.0,19.986820846560157,2.1122339514957362
2017-09-05 00:00:00+00:00,-34.96944,-71.21694,220.0,open-meteo_ecmwf_ifs,daily,12.710501,3.7105,12.2,4.6229997,2.2078369,79.33918,0.1,20.175493759282023,1.5579065936918886
2017-09-06 00:00:00+00:00,-34.96944,-71.21694,220.0,open-meteo_ecmwf_ifs,daily,16.0605,1.9104999,19.14,4.706333,2.3082192,75.88889,0.0,20.364859626218653,2.0966772258043394
2017-09-07 00:00:00+00:00,-34.96944,-71.21694,220.0,open-meteo_ecmwf_ifs,daily,15.8605,2.2605002,17.47,5.3271666,1.9235245,82.581856,0.0,20.554850070207443,1.944443740918361
2017-09-08 00:00:00+00:00,-34.96944,-71.21694,220.0,open-meteo_ecmwf_ifs,daily,12.0105,6.0105,8.2,5.079249,2.0544581,77.020905,0.3,20.745396549468758,1.4059147449541516
2017-09-09 00:00:00+00:00,-34.96944,-71.21694,220.0,open-meteo_ecmwf_ifs,daily,11.8105,3.8605,8.36,4.498,2.2901204,78.28219,0.0,20.936430408447634,1.3201835556755346
2017-09-10 00:00:00+00:00,-34.96944,-71.21694,220.0,open-meteo_ecmwf_ifs,daily,12.8605,4.4605,10.05,6.268833,1.8459753,86.719536,10.099999,21.12788292888789,1.3448691636205152
2017-09-11 00:00:00+00:00,-34.96944,-71.21694,220.0,open-meteo_ecmwf_ifs,daily,13.7605,4.0105,9.23,6.000084,2.615949,87.37475,0.7,21.31968538103737,1.3962552674464244
2017-09-12 00:00:00+00:00,-34.96944,-71.21694,220.0,open-meteo_ecmwf_ifs,daily,18.5105,3.5605001,18.99,6.8146667,1.4971098,80.03532,0.0,21.51176907488246,2.2691931387847455
2017-09-13 00:00:00+00:00,-34.96944,-71.21694,220.0,open-meteo_ecmwf_ifs,daily,15.3105,7.8104997,7.36,8.610501,1.4755039,85.16868,0.2,21.704065411310285,1.3293645548608883
2017-09-14 00:00:00+00:00,-34.96944,-71.21694,220.0,open-meteo_ecmwf_ifs,daily,13.5605,7.4105,11.12,7.0042496,2.1701355,81.67371,0.5,21.896505933095714,1.6741006566238514
2017-09-15 00:00:00+00:00,-34.96944,-71.21694,220.0,open-meteo_ecmwf_ifs,daily,16.1105,-0.13949999,20.24,3.0417507,3.1880314,77.393654,0.0,22.089022375611723,2.3097960381519065
2017-09-16 00:00:00+00:00,-34.96944,-71.21694,220.0,open-meteo_ecmwf_ifs,daily,21.4105,4.3605,20.15,8.081332,2.230491,83.3422,0.0,22.281546717161095,2.6704864434995352
2017-09-17 00:00:00+00:00,-34.96944,-71.21694,220.0,open-meteo_ecmwf_ifs,daily,22.4105,4.8104997,20.53,9.979251,1.2608527,81.63525,0.0,22.474011228828772,2.6226680447805237
2017-09-18 00:00:00+00:00,-34.96944,-71.21694,220.0,open-meteo_ecmwf_ifs,daily,17.9105,9.410501,13.83,10.891751,1.4915881,88.9105,0.2,22.666348523755005,1.998086235946234
2017-09-19 00:00:00+00:00,-34.96944,-71.21694,220.0,open-meteo_ecmwf_ifs,daily,16.1605,10.0105,11.77,7.6604996,3.093274,74.7878,1.6000001,22.858491605730542,2.285383740164878
2017-09-20 00:00:00+00:00,-34.96944,-71.21694,220.0,open-meteo_ecmwf_ifs,daily,17.7605,9.210501,21.1,8.141749,3.1221113,75.77834,0.0,23.050373917017037,3.0030988471853517
2017-09-21 00:00:00+00:00,-34.96944,-71.21694,220.0,open-meteo_ecmwf_ifs,daily,16.560501,6.0604997,17.84,6.720917,2.6975203,77.863754,0.0,23.241929385297475,2.439233395663853
2017-09-22 00:00:00+00:00,-34.96944,-71.21694,220.0,open-meteo_ecmwf_ifs,daily,20.1105,6.5105,19.67,8.09175,3.7584267,79.32302,0.0,23.43309246966339,2.942785711296235
2017-09-23 00:00:00+00:00,-34.96944,-71.21694,220.0,open-meteo_ecmwf_ifs,daily,21.4605,8.3605,19.05,9.823001,2.2912567,80.773476,0.0,23.623798205548553,2.890839207260208
2017-09-24 00:00:00+00:00,-34.96944,-71.21694,220.0,open-meteo_ecmwf_ifs,daily,18.3605,7.6105,16.85,8.225084,2.9317846,74.22886,0.0,23.813982248520865,2.5799795606893428
2017-09-25 00:00:00+00:00,-34.96944,-71.21694,220.0,open-meteo_ecmwf_ifs,daily,16.7605,6.9105,15.95,6.831333,3.5030909,76.858826,0.0,24.003580916847607,2.5117838795845224
2017-09-26 00:00:00+00:00,-34.96944,-71.21694,220.0,open-meteo_ecmwf_ifs,daily,17.810501,5.8605,19.84,6.2938333,3.1591644,74.39351,0.2,24.192531232752177,2.8416685070054934
2017-09-27 00:00:00+00:00,-34.96944,-71.21694,220.0,open-meteo_ecmwf_ifs,daily,21.1105,7.5105,15.71,8.79175,1.9487243,78.13106,0.0,24.38077096228373,2.5860479656511
2017-09-28 00:00:00+00:00,-34.96944,-71.21694,220.0,open-meteo_ecmwf_ifs,daily,21.6105,9.910501,12.52,10.427167,1.7057368,77.65727,0.5,24.568238653725345,2.345177608048738
2017-09-29 00:00:00+00:00,-34.96944,-71.21694,220.0,open-meteo_ecmwf_ifs,daily,18.060501,9.710501,8.07,10.239668,2.0276845,82.92811,4.799999,24.754873674469497,1.6980885530138257
2017-09-30 00:00:00+00:00,-34.96944,-71.21694,220.0,open-meteo_ecmwf_ifs,daily,13.710501,8.410501,6.31,8.456334,3.3970096,84.27942,33.0,24.940616246294358,1.36800755730659
2017-10-01 00:00:00+00:00,-34.96944,-71.21694,220.0,open-meteo_ecmwf_ifs,daily,14.6105,7.0105,14.24,8.3480015,1.2382971,86.64315,7.9999995,25.12540747897878,1.9350590426511338
2017-10-02 00:00:00+00:00,-34.96944,-71.21694,220.0,open-meteo_ecmwf_ifs,daily,14.3105,4.8605,12.5,7.06675,1.797318,84.272865,0.0,25.309189402197646,1.722658748901084
2017-10-03 00:00:00+00:00,-34.96944,-71.21694,220.0,open-meteo_ecmwf_ifs,daily,21.1105,7.8605,18.85,9.602167,1.4140807,80.24378,1.4000001,25.491904995645008,2.821270445050658
2017-10-04 00:00:00+00:00,-34.96944,-71.21694,220.0,open-meteo_ecmwf_ifs,daily,12.960501,10.0105,1.88,9.123002,4.3866,88.29247,31.8,25.673498217336604,1.0673247713020402
2017-10-05 00:00:00+00:00,-34.96944,-71.21694,220.0,open-meteo_ecmwf_ifs,daily,15.6105,9.0605,14.06,7.2209167,3.720804,77.96966,8.000001,25.85391403004862,2.5257415219246946
2017-10-06 00:00:00+00:00,-34.96944,-71.21694,220.0,open-meteo_ecmwf_ifs,daily,20.310501,5.6105,25.06,7.4271674,2.951293,74.901024,0.0,26.033098425854924,3.4479852153658728
2017-10-07 00:00:00+00:00,-34.96944,-71.21694,220.0,open-meteo_ecmwf_ifs,daily,17.6105,8.6105,14.78,9.731336,2.3570848,83.70476,0.1,26.210998448729903,2.2906021708291178
2017-10-08 00:00:00+00:00,-34.96944,-71.21694,220.0,open-meteo_ecmwf_ifs,daily,18.4605,8.1105,22.4,7.6334157,2.1042206,73.34668,0.1,26.387562215190066,3.2246385616799778
2017-10-09 00:00:00+00:00,-34.96944,-71.21694,220.0,open-meteo_ecmwf_ifs,daily,17.2605,6.3605,23.18,6.6063333,4.2932987,74.79782,0.0,26.56273893295237,3.2221122910079103
2017-10-10 00:00:00+00:00,-34.96944,-71.21694,220.0,open-meteo_ecmwf_ifs,daily,14.5605,3.5605001,24.58,3.156333,3.2692444,66.7631,0.0,26.736478917593573,3.0656216286196156
2017-10-11 00:00:00+00:00,-34.96944,-71.21694,220.0,open-meteo_ecmwf_ifs,daily,14.910501,4.7105,18.89,4.841749,2.4382508,75.87058,0.1,26.908733607199842,2.5830250915833814
2017-10-12 00:00:00+00:00,-34.96944,-71.21694,220.0,open-meteo_ecmwf_ifs,daily,17.060501,3.8105001,20.18,6.7105007,1.4451252,77.84329,0.5,27.07945557500212,2.6066129282132255
2017-10-13 00:00:00+00:00,-34.96944,-71.21694,220.0,open-meteo_ecmwf_ifs,daily,20.2605,6.1105,24.31,8.439667,2.3372295,79.31054,0.0,27.248598539998,3.3593863150830874
2017-10-14 00:00:00+00:00,-34.96944,-71.21694,220.0,open-meteo_ecmwf_ifs,daily,21.7105,8.410501,23.01,9.883417,2.4421492,79.57023,0.3,27.416117375566873,3.5076872978590417
2017-10-15 00:00:00+00:00,-34.96944,-71.21694,220.0,open-meteo_ecmwf_ifs,daily,21.9105,8.2605,25.88,10.679252,2.3858964,77.734985,0.0,27.581968116090497,3.7079657779644215
2017-10-16 00:00:00+00:00,-34.96944,-71.21694,220.0,open-meteo_ecmwf_ifs,daily,17.2105,8.410501,14.16,9.2438345,3.0333292,80.771515,0.0,27.746107961597005,2.319194477995574
2017-10-17 00:00:00+00:00,-34.96944,-71.21694,220.0,open-meteo_ecmwf_ifs,daily,19.1105,8.3105,14.99,8.9834175,1.5828108,75.8854,0.0,27.908495280451483,2.497060064229253
2017-10-18 00:00:00+00:00,-34.96944,-71.21694,220.0,open-meteo_ecmwf_ifs,daily,18.6605,9.210501,20.98,8.468835,2.7460053,73.28452,0.5,28.0690896101225,3.2927442006294654
2017-10-19 00:00:00+00:00,-34.96944,-71.21694,220.0,open-meteo_ecmwf_ifs,daily,19.1105,5.7605,23.34,6.579251,3.732505,69.753654,0.0,28.227851656058174,3.4611810669972702
2017-10-20 00:00:00+00:00,-34.96944,-71.21694,220.0,open-meteo_ecmwf_ifs,daily,17.1105,7.7605,15.25,5.29175,4.019676,65.66451,0.0,28.384743288711697,3.0754002980010626
2017-10-21 00:00:00+00:00,-34.96944,-71.21694,220.0,open-meteo_ecmwf_ifs,daily,21.9105,5.1605,26.95,6.225083,3.8692,68.67483,0.0,28.53972753876058,4.132777004906581
2017-10-22 00:00:00+00:00,-34.96944,-71.21694,220.0,open-meteo_ecmwf_ifs,daily,24.4605,9.160501,24.44,9.893834,1.8820297,73.06883,0.1,28.69276859056888,4.010236042260912
2017-10-23 00:00:00+00:00,-34.96944,-71.21694,220.0,open-meteo_ecmwf_ifs,daily,22.560501,8.8605,25.91,9.950084,2.2035964,71.82337,0.0,28.84383177394665,3.9883985326059457
2017-10-24 00:00:00+00:00,-34.96944,-71.21694,220.0,open-meteo_ecmwf_ifs,daily,21.6105,10.6105,26.04,10.2355,2.8877866,73.20832,0.0,28.992883554265017,4.13407085678876
2017-10-25 00:00:00+00:00,-34.96944,-71.21694,220.0,open-meteo_ecmwf_ifs,daily,22.810501,8.3605,27.12,9.050082,2.8796577,68.6314,0.0,29.139891520989593,4.257220634001927
2017-10-26 00:00:00+00:00,-34.96944,-71.21694,220.0,open-meteo_ecmwf_ifs,daily,22.060501,9.660501,24.11,8.370917,2.6648214,65.55661,0.0,29.28482437469926,4.090017166937142
2017-10-27 00:00:00+00:00,-34.96944,-71.21694,220.0,open-meteo_ecmwf_ifs,daily,23.810501,8.2605,26.82,8.989667,2.5865169,67.731186,0.0,29.42765191266028,4.324490774047362
2017-10-28 00:00:00+00:00,-34.96944,-71.21694,220.0,open-meteo_ecmwf_ifs,daily,17.810501,10.7605,11.12,8.183417,2.7063265,69.696686,2.7,29.56834501303038,2.542913721139275
2017-10-29 00:00:00+00:00,-34.96944,-71.21694,220.0,open-meteo_ecmwf_ifs,daily,18.7605,8.0605,22.71,4.8834167,1.911272,66.739716,0.2,29.706875617769114,3.6396127635298643
2017-10-30 00:00:00+00:00,-34.96944,-71.21694,220.0,open-meteo_ecmwf_ifs,daily,20.5105,5.7605,27.82,5.35425,2.0183933,62.665638,0.0,29.8432167143351,4.058831183513243
2017-10-31 00:00:00+00:00,-34.96944,-71.21694,220.0,open-meteo_ecmwf_ifs,daily,19.560501,7.1605,20.94,5.5646667,2.03213,63.588303,0.0,29.977342316252,3.450125998120613
2017-11-01 00:00:00+00:00,-34.96944,-71.21694,220.0,open-meteo_ecmwf_ifs,daily,14.5605,9.5605,7.2,8.129251,2.2131655,76.42512,22.399998,30.10922744262811,1.6797760650535034
2017-11-02 00:00:00+00:00,-34.96944,-71.21694,220.0,open-meteo_ecmwf_ifs,daily,17.560501,11.0605,16.25,8.729251,2.3067276,78.37334,6.1,30.23884809671591,2.9277003097330168
2017-11-03 00:00:00+00:00,-34.96944,-71.21694,220.0,open-meteo_ecmwf_ifs,daily,21.2605,6.7105,25.97,6.975083,1.7070848,69.18194,0.0,30.36618124359914,3.9175056458137676
2017-11-04 00:00:00+00:00,-34.96944,-71.21694,220.0,open-meteo_ecmwf_ifs,daily,16.810501,8.910501,10.94,7.843834,1.778389,71.97287,0.1,30.491204787096787,2.1606345717473907
2017-11-05 00:00:00+00:00,-34.96944,-71.21694,220.0,open-meteo_ecmwf_ifs,daily,23.560501,9.5605,26.58,10.331334,1.3875285,69.5205,1.1,30.61389754597306,4.211121982426504
2017-11-06 00:00:00+00:00,-34.96944,-71.21694,220.0,open-meteo_ecmwf_ifs,daily,21.3605,13.8105,12.78,13.739666,2.28989,82.814644,0.5,30.73423922954374,2.5963957846464307
2017-11-07 00:00:00+00:00,-34.96944,-71.21694,220.0,open-meteo_ecmwf_ifs,daily,21.2605,12.8605,15.6,13.625084,1.6690661,84.81562,5.1000004,30.852210412768695,2.7942368439437812
2017-11-08 00:00:00+00:00,-34.96944,-71.21694,220.0,open-meteo_ecmwf_ifs,daily,23.810501,10.6105,25.96,12.677166,1.4070091,79.07112,1.7,30.967792510919956,4.1410391341286985
2017-11-09 00:00:00+00:00,-34.96944,-71.21694,220.0,open-meteo_ecmwf_ifs,daily,24.4605,12.460501,26.18,12.602168,1.9444871,73.69738,0.0,31.080967753914248,4.459825740612193
2017-11-10 00:00:00+00:00,-34.96944,-71.21694,220.0,open-meteo_ecmwf_ifs,daily,26.1605,11.6105,30.61,11.268834,4.0894504,67.91134,0.0,31.19171916039752,5.507570729164542
2017-11-11 00:00:00+00:00,-34.96944,-71.21694,220.0,open-meteo_ecmwf_ifs,daily,27.4105,11.6105,29.25,11.841751,3.4593627,69.362915,0.0,31.30003051166736,5.3857392950160206
2017-11-12 00:00:00+00:00,-34.96944,-71.21694,220.0,open-meteo_ecmwf_ifs,daily,27.1105,13.3105,29.02,12.2355,2.6218545,65.814,0.0,31.405886325517805,5.355944864222256
2017-11-13 00:00:00+00:00,-34.96944,-71.21694,220.0,open-meteo_ecmwf_ifs,daily,27.060501,14.5105,23.44,14.262585,2.0073807,74.304184,0.0,31.509271830088263,4.489796886633625
2017-11-14 00:00:00+00:00,-34.96944,-71.21694,220.0,open-meteo_ecmwf_ifs,daily,27.5105,13.960501,26.55,13.24175,2.40381,70.0221,0.1,31.61017293779607,5.051280050404528
2017-11-15 00:00:00+00:00,-34.96944,-71.21694,220.0,open-meteo_ecmwf_ifs,daily,21.5105,10.960501,30.57,5.8438334,4.476884,52.45082,0.0,31.708576219429492,5.5671800213017955
2017-11-16 00:00:00+00:00,-34.96944,-71.21694,220.0,open-meteo_ecmwf_ifs,daily,24.2105,7.9605,31.47,5.0917506,4.6063824,52.12627,0.0,31.804468878474452,5.727906698535104
2017-11-17 00:00:00+00:00,-34.96944,-71.21694,220.0,open-meteo_ecmwf_ifs,daily,22.5105,11.960501,25.16,7.1625843,5.52422,59.469074,0.2,31.897838725745213,5.431442876013866
2017-11-18 00:00:00+00:00,-34.96944,-71.21694,220.0,open-meteo_ecmwf_ifs,daily,24.310501,6.6605,30.91,4.7500834,4.00756,55.38777,0.0,31.988674154385606,5.432783243338039
2017-11-19 00:00:00+00:00,-34.96944,-71.21694,220.0,open-meteo_ecmwf_ifs,daily,26.3605,9.6105,30.69,9.148,3.3349514,62.997818,0.0,32.07696411530323,5.472378474961377
2017-11-20 00:00:00+00:00,-34.96944,-71.21694,220.0,open-meteo_ecmwf_ifs,daily,22.8605,12.410501,24.5,8.241751,1.5466934,57.1259,0.1,32.16269809309547,4.377672072672251
2017-11-21 00:00:00+00:00,-34.96944,-71.21694,220.0,open-meteo_ecmwf_ifs,daily,27.810501,9.8105,32.32,4.8438334,3.8414698,46.282116,0.0,32.24586608252163,6.483857966085138
2017-11-22 00:00:00+00:00,-34.96944,-71.21694,220.0,open-meteo_ecmwf_ifs,daily,29.1605,9.3605,31.26,7.4313335,3.3202765,53.492626,0.0,32.32645856557131,6.080551774918063
2017-11-23 00:00:00+00:00,-34.96944,-71.21694,220.0,open-meteo_ecmwf_ifs,daily,29.1605,11.160501,31.32,8.668834,3.3221922,54.755795,0.0,32.40446648917473,6.211476103357915
2017-11-24 00:00:00+00:00,-34.96944,-71.21694,220.0,open-meteo_ecmwf_ifs,daily,26.8605,11.8605,30.23,7.887584,2.034921,50.285656,0.0,32.47988124359616,5.5428187784891945
2017-11-25 00:00:00+00:00,-34.96944,-71.21694,220.0,open-meteo_ecmwf_ifs,daily,29.8605,11.2605,32.35,6.950083,3.5411425,48.6245,0.0,32.552694641547234,6.683397207456023
2017-11-26 00:00:00+00:00,-34.96944,-71.21694,220.0,open-meteo_ecmwf_ifs,daily,29.4605,13.210501,31.32,12.123,2.0189862,59.7842,0.0,32.62289889805212,5.827424290236955
2017-11-27 00:00:00+00:00,-34.96944,-71.21694,220.0,open-meteo_ecmwf_ifs,daily,31.0105,13.6105,31.19,11.908417,2.110977,56.188046,0.0,32.690486611092645,6.061417286454335
2017-11-28 00:00:00+00:00,-34.96944,-71.21694,220.0,open-meteo_ecmwf_ifs,daily,26.6105,13.0605,31.83,8.852168,2.524224,52.198574,0.0,32.75545074305628,5.946227446126833
2017-11-29 00:00:00+00:00,-34.96944,-71.21694,220.0,open-meteo_ecmwf_ifs,daily,26.4105,11.1105,30.49,9.9417515,1.5889316,62.02786,0.0,32.81778460300631,5.2407891094967605
2017-11-30 00:00:00+00:00,-34.96944,-71.21694,220.0,open-meteo_ecmwf_ifs,daily,25.2105,12.0605,27.66,10.158417,3.2716572,62.833157,0.0,32.87748182978914,5.241004653380948
2017-12-01 00:00:00+00:00,-34.96944,-71.21694,220.0,open-meteo_ecmwf_ifs,daily,27.2605,13.8605,29.03,10.939667,2.1579525,57.746613,0.0,32.93453637598946,5.522893394976885
2017-12-02 00:00:00+00:00,-34.96944,-71.21694,220.0,open-meteo_ecmwf_ifs,daily,23.7105,12.960501,19.94,10.610501,2.4394138,61.823254,0.0,32.988942492740705,4.077764376793949
2017-12-03 00:00:00+00:00,-34.96944,-71.21694,220.0,open-meteo_ecmwf_ifs,daily,26.7105,12.5605,29.88,10.331334,1.4483298,62.570446,0.0,33.04069471539451,5.280084007678682
2017-12-04 00:00:00+00:00,-34.96944,-71.21694,220.0,open-meteo_ecmwf_ifs,daily,28.560501,12.7605,29.73,11.358417,1.4459567,63.181263,0.0,33.08978785004932,5.396671791077658
2017-12-05 00:00:00+00:00,-34.96944,-71.21694,220.0,open-meteo_ecmwf_ifs,daily,28.2105,13.5605,30.94,12.554252,2.0599597,64.76029,0.0,33.1362169609361,5.697391842105782
2017-12-06 00:00:00+00:00,-34.96944,-71.21694,220.0,open-meteo_ecmwf_ifs,daily,27.8605,12.660501,30.15,12.291749,1.6121148,67.12801,0.0,33.17997735865554,5.387923698735316
2017-12-07 00:00:00+00:00,-34.96944,-71.21694,220.0,open-meteo_ecmwf_ifs,daily,29.810501,14.1105,32.23,13.195916,1.9191866,64.30148,0.0,33.22106458925932,6.020655475051629
2017-12-08 00:00:00+00:00,-34.96944,-71.21694,220.0,open-meteo_ecmwf_ifs,daily,27.6105,13.3605,32.37,10.5771675,2.1927998,56.537144,0.0,33.25947442416616,5.9656996265394495
2017-12-09 00:00:00+00:00,-34.96944,-71.21694,220.0,open-meteo_ecmwf_ifs,daily,29.810501,13.210501,32.6,9.679251,2.6847022,54.43869,0.0,33.295202850901156,6.453949156964318
2017-12-10 00:00:00+00:00,-34.96944,-71.21694,220.0,open-meteo_ecmwf_ifs,daily,31.6605,13.3605,32.26,9.429251,2.5646327,45.944,0.0,33.32824606464601,6.617203449438747
2017-12-11 00:00:00+00:00,-34.96944,-71.21694,220.0,open-meteo_ecmwf_ifs,daily,26.3605,14.8605,30.84,12.448002,3.3851478,61.761673,0.0,33.358600460586864,5.909524366650864
2017-12-12 00:00:00+00:00,-34.96944,-71.21694,220.0,open-meteo_ecmwf_ifs,daily,23.6605,15.6105,15.06,11.227166,2.9221628,64.20246,0.0,33.38626262704543,3.8839706433820202
2017-12-13 00:00:00+00:00,-34.96944,-71.21694,220.0,open-meteo_ecmwf_ifs,daily,26.810501,15.2605,29.29,11.585499,1.85734,61.844116,0.1,33.411229339379474,5.546647286025385
2017-12-14 00:00:00+00:00,-34.96944,-71.21694,220.0,open-meteo_ecmwf_ifs,daily,30.2105,13.710501,32.79,11.466751,4.216169,57.20065,0.0,33.43349755463817,6.887232866732974
2017-12-15 00:00:00+00:00,-34.96944,-71.21694,220.0,open-meteo_ecmwf_ifs,daily,31.6105,14.8605,33.1,10.473001,4.3493724,50.565228,0.0,33.45306440695874,7.527554402733611
2017-12-16 00:00:00+00:00,-34.96944,-71.21694,220.0,open-meteo_ecmwf_ifs,daily,25.4605,14.460501,25.1,10.570917,2.8835516,56.323196,0.0,33.46992720369121,5.193580709390012
2017-12-17 00:00:00+00:00,-34.96944,-71.21694,220.0,open-meteo_ecmwf_ifs,daily,28.4605,10.460501,32.2,8.214667,3.930693,55.234814,0.0,33.48408342223927,6.390698043511072
2017-12-18 00:00:00+00:00,-34.96944,-71.21694,220.0,open-meteo_ecmwf_ifs,daily,27.6605,12.0605,27.99,7.9063344,2.6150844,47.333614,0.0,33.4955307076064,5.667901346775464
2017-12-19 00:00:00+00:00,-34.96944,-71.21694,220.0,open-meteo_ecmwf_ifs,daily,30.810501,13.5105,33.32,8.506333,2.4285102,47.016388,0.0,33.50426687063783,6.6741040695506335
2017-12-20 00:00:00+00:00,-34.96944,-71.21694,220.0,open-meteo_ecmwf_ifs,daily,29.9605,14.910501,33.11,9.258417,3.0207512,46.80597,0.0,33.51028988695063,6.921494662205941
2017-12-21 00:00:00+00:00,-34.96944,-71.21694,220.0,open-meteo_ecmwf_ifs,daily,29.4605,15.0105,31.8,10.935501,3.9995277,56.69327,0.0,33.513597896546216,6.88609855940516
2017-12-22 00:00:00+00:00,-34.96944,-71.21694,220.0,open-meteo_ecmwf_ifs,daily,27.9605,11.960501,33.57,4.452167,4.1309123,38.13383,0.0,33.51418920410101,7.1636188836436965
2017-12-23 00:00:00+00:00,-34.96944,-71.21694,220.0,open-meteo_ecmwf_ifs,daily,27.6105,9.8105,32.89,4.7334166,4.024737,42.12203,0.0,33.51206227993348,6.661554643800643
2017-12-24 00:00:00+00:00,-34.96944,-71.21694,220.0,open-meteo_ecmwf_ifs,daily,29.0105,11.3105,33.71,5.225083,3.3955386,41.463715,0.0,33.50721576164766,6.876160744046184
2017-12-25 00:00:00+00:00,-34.96944,-71.21694,220.0,open-meteo_ecmwf_ifs,daily,30.8605,13.8605,32.85,10.42925,2.871392,50.925644,0.0,33.4996484564552,6.713953305821585
2017-12-26 00:00:00+00:00,-34.96944,-71.21694,220.0,open-meteo_ecmwf_ifs,daily,29.7105,15.3605,32.26,11.52925,3.2882004,51.93459,0.0,33.48935934418021,6.730987261360159
2017-12-27 00:00:00+00:00,-34.96944,-71.21694,220.0,open-meteo_ecmwf_ifs,daily,30.0105,14.1105,32.66,10.802167,3.1990602,51.33017,0.0,33.47634758095287,6.691508617798436
2017-12-28 00:00:00+00:00,-34.96944,-71.21694,220.0,open-meteo_ecmwf_ifs,daily,31.9605,13.2605,33.05,9.200084,3.4234676,47.23613,0.0,33.4606125035998,7.1238631400580505
2017-12-29 00:00:00+00:00,-34.96944,-71.21694,220.0,open-meteo_ecmwf_ifs,daily,31.9105,15.710501,31.92,12.704251,3.6121218,56.235744,0.0,33.442153634740734,7.029109459212392
2017-12-30 00:00:00+00:00,-34.96944,-71.21694,220.0,open-meteo_ecmwf_ifs,daily,29.0105,14.460501,29.13,11.76675,3.6669014,55.202877,0.0,33.42097068860247,6.212065287613003
2017-12-31 00:00:00+00:00,-34.96944,-71.21694,220.0,open-meteo_ecmwf_ifs,daily,27.7605,16.4105,22.18,13.029251,2.5020823,60.269184,3.8999999,33.39706357756235,4.955216780919957
2018-01-01 00:00:00+00:00,-34.96944,-71.21694,220.0,open-meteo_ecmwf_ifs,daily,29.7105,14.8605,32.32,10.493834,2.3748477,54.369442,0.1,33.37043241943461,6.431349835306315
2018-01-02 00:00:00+00:00,-34.96944,-71.21694,220.0,open-meteo_ecmwf_ifs,daily,29.4105,13.410501,31.15,6.762584,2.3637345,41.976032,0.0,33.34107754551343,6.317668334919727
2018-01-03 00:00:00+00:00,-34.96944,-71.21694,220.0,open-meteo_ecmwf_ifs,daily,30.9105,13.960501,31.82,10.987584,3.146694,53.806263,0.0,33.30899950938714,6.647173760255633
2018-01-04 00:00:00+00:00,-34.96944,-71.21694,220.0,open-meteo_ecmwf_ifs,daily,28.1605,15.910501,23.35,12.773003,2.671258,59.25852,0.0,33.274199096537856,5.169291641499203
2018-01-05 00:00:00+00:00,-34.96944,-71.21694,220.0,open-meteo_ecmwf_ifs,daily,27.6605,12.660501,32.18,8.841751,4.4005504,54.73802,1.0,33.23667733474083,6.638706925732172
2018-01-06 00:00:00+00:00,-34.96944,-71.21694,220.0,open-meteo_ecmwf_ifs,daily,31.2605,11.410501,32.91,6.2396665,4.5604267,42.868748,0.0,33.19643550527701,7.471774077307965
2018-01-07 00:00:00+00:00,-34.96944,-71.21694,220.0,open-meteo_ecmwf_ifs,daily,32.010498,14.5105,31.28,14.0459175,2.8705463,60.12193,0.0,33.153475154971275,6.389481299656328
2018-01-08 00:00:00+00:00,-34.96944,-71.21694,220.0,open-meteo_ecmwf_ifs,daily,30.0105,15.5605,29.85,13.716751,3.124462,62.468487,0.0,33.10779810906772,6.186100883806821
2018-01-09 00:00:00+00:00,-34.96944,-71.21694,220.0,open-meteo_ecmwf_ifs,daily,31.2605,16.0105,30.66,13.998001,2.0207956,61.224125,0.0,33.05940648495136,6.134203469831916
2018-01-10 00:00:00+00:00,-34.96944,-71.21694,220.0,open-meteo_ecmwf_ifs,daily,31.4605,17.4105,29.94,14.306333,2.0020537,58.178654,0.0,33.008302706723704,6.173300341838738
2018-01-11 00:00:00+00:00,-34.96944,-71.21694,220.0,open-meteo_ecmwf_ifs,daily,30.6105,15.710501,31.94,13.600085,1.9150133,58.157665,0.0,32.954489520637416,6.189204358786505
2018-01-12 00:00:00+00:00,-34.96944,-71.21694,220.0,open-meteo_ecmwf_ifs,daily,31.0105,15.910501,31.63,12.193835,1.9760685,54.348476,0.0,32.89797001139226,6.299849995271679
2018-01-13 00:00:00+00:00,-34.96944,-71.21694,220.0,open-meteo_ecmwf_ifs,daily,28.7605,16.3605,28.25,12.237584,1.6890162,54.824284,0.0,32.83874761929142,5.569183640961763
2018-01-14 00:00:00+00:00,-34.96944,-71.21694,220.0,open-meteo_ecmwf_ifs,daily,27.9605,16.1105,21.73,14.502167,2.0380251,66.289734,1.0,32.77682615825459,4.56638402407151
2018-01-15 00:00:00+00:00,-34.96944,-71.21694,220.0,open-meteo_ecmwf_ifs,daily,24.7105,16.9105,11.86,12.87925,2.8337786,66.55141,0.3,32.71220983467969,3.4992398052734788
2018-01-16 00:00:00+00:00,-34.96944,-71.21694,220.0,open-meteo_ecmwf_ifs,daily,28.2605,14.710501,27.04,11.952167,1.8793036,62.547123,0.0,32.644903267141835,5.288658424231636
2018-01-17 00:00:00+00:00,-34.96944,-71.21694,220.0,open-meteo_ecmwf_ifs,daily,29.5105,14.2605,32.2,9.7438345,3.0835884,52.45268,0.0,32.57491150691393,6.595512681249365
2018-01-18 00:00:00+00:00,-34.96944,-71.21694,220.0,open-meteo_ecmwf_ifs,daily,30.560501,13.5105,31.14,10.845917,2.8415225,52.039097,0.0,32.502240059289065,6.318467215095497
2018-01-19 00:00:00+00:00,-34.96944,-71.21694,220.0,open-meteo_ecmwf_ifs,daily,31.310501,16.3605,30.5,12.981334,2.4137433,52.764416,0.0,32.42689490568022,6.331074669202365
2018-01-20 00:00:00+00:00,-34.96944,-71.21694,220.0,open-meteo_ecmwf_ifs,daily,29.2605,16.810501,23.83,14.787582,1.5594267,64.98644,0.0,32.348882526468635,4.848620825219993
2018-01-21 00:00:00+00:00,-34.96944,-71.21694,220.0,open-meteo_ecmwf_ifs,daily,26.4605,15.910501,17.24,14.404248,1.3043495,67.647835,0.5,32.268209924567216,3.593167927193612
2018-01-22 00:00:00+00:00,-34.96944,-71.21694,220.0,open-meteo_ecmwf_ifs,daily,27.7605,17.1605,20.37,14.845917,2.0390632,68.37468,0.2,32.184884649661086,4.416127611497565
2018-01-23 00:00:00+00:00,-34.96944,-71.21694,220.0,open-meteo_ecmwf_ifs,daily,29.560501,14.8605,27.63,14.150083,1.8621601,65.28052,0.2,32.098914823082154,5.326127558998803
2018-01-24 00:00:00+00:00,-34.96944,-71.21694,220.0,open-meteo_ecmwf_ifs,daily,30.8605,15.460501,30.73,14.048001,1.663201,63.30473,0.0,32.0103091632706,5.861271940730831
2018-01-25 00:00:00+00:00,-34.96944,-71.21694,220.0,open-meteo_ecmwf_ifs,daily,29.2105,15.0605,30.81,12.508419,1.8674988,57.934036,0.0,31.919077011770938,5.812512357622649
2018-01-26 00:00:00+00:00,-34.96944,-71.21694,220.0,open-meteo_ecmwf_ifs,daily,27.560501,13.660501,30.79,10.9625845,1.820734,57.747604,0.0,31.8252283597063,5.573806642581863
2018-01-27 00:00:00+00:00,-34.96944,-71.21694,220.0,open-meteo_ecmwf_ifs,daily,29.6105,12.960501,31.71,7.120916,3.874387,44.68347,0.0,31.728773874669812,6.878255296554906
2018-01-28 00:00:00+00:00,-34.96944,-71.21694,220.0,open-meteo_ecmwf_ifs,daily,30.6605,12.460501,31.7,6.327167,3.7273533,41.20744,0.0,31.629724927968127,6.959405624114291
2018-01-29 00:00:00+00:00,-34.96944,-71.21694,220.0,open-meteo_ecmwf_ifs,daily,30.7605,13.3605,31.08,7.906334,2.4658155,42.82599,0.0,31.52809362214779,6.300245450514013
2018-01-30 00:00:00+00:00,-34.96944,-71.21694,220.0,open-meteo_ecmwf_ifs,daily,30.2105,13.160501,30.78,9.404251,2.6677704,53.84978,0.0,31.42389281873139,6.171541456836064
2018-01-31 00:00:00+00:00,-34.96944,-71.21694,220.0,open-meteo_ecmwf_ifs,daily,31.2105,13.0105,30.65,7.4417496,3.0696182,40.60065,0.0,31.31713616608704,6.572372345385701
2018-02-01 00:00:00+00:00,-34.96944,-71.21694,220.0,open-meteo_ecmwf_ifs,daily,32.5105,15.5105,30.24,12.423,1.6923174,51.47246,0.0,31.207838127351334,5.962832455837268
2018-02-02 00:00:00+00:00,-34.96944,-71.21694,220.0,open-meteo_ecmwf_ifs,daily,29.9105,15.960501,29.36,14.152167,1.9256333,61.94548,0.0,31.0960140083228,5.655570806179143
2018-02-03 00:00:00+00:00,-34.96944,-71.21694,220.0,open-meteo_ecmwf_ifs,daily,29.4605,16.1105,29.11,14.898002,1.9730368,64.45203,0.0,30.98167998524033,5.550698776731215
2018-02-04 00:00:00+00:00,-34.96944,-71.21694,220.0,open-meteo_ecmwf_ifs,daily,31.4105,17.2605,26.93,14.037583,1.7955717,60.41968,0.0,30.86485313235879,5.544185668425846
2018-02-05 00:00:00+00:00,-34.96944,-71.21694,220.0,open-meteo_ecmwf_ifs,daily,30.2605,17.1605,26.66,13.620915,2.4279566,57.943054,0.0,30.745551449231616,5.666627091970073
2018-02-06 00:00:00+00:00,-34.96944,-71.21694,220.0,open-meteo_ecmwf_ifs,daily,30.1105,17.310501,24.45,14.195916,1.7851926,60.734707,0.0,30.623793887609125,5.07765747573123
2018-02-07 00:00:00+00:00,-34.96944,-71.21694,220.0,open-meteo_ecmwf_ifs,daily,29.6105,15.160501,29.27,11.94175,2.7144744,54.743206,0.0,30.49960037785947,5.912316830938569
2018-02-08 00:00:00+00:00,-34.96944,-71.21694,220.0,open-meteo_ecmwf_ifs,daily,28.7105,15.0105,29.05,10.725085,2.4889262,52.920944,0.0,30.372991854818565,5.773736752410522
2018-02-09 00:00:00+00:00,-34.96944,-71.21694,220.0,open-meteo_ecmwf_ifs,daily,27.310501,12.460501,30.12,6.8917522,5.0202627,46.60034,0.0,30.24399028297479,6.621216876858045
2018-02-10 00:00:00+00:00,-34.96944,-71.21694,220.0,open-meteo_ecmwf_ifs,daily,25.3605,10.660501,26.18,3.6229994,4.5970507,41.828262,0.0,30.112618680893874,5.966692506835351
2018-02-11 00:00:00+00:00,-34.96944,-71.21694,220.0,open-meteo_ecmwf_ifs,daily,28.7105,9.910501,30.08,4.0855,3.1674254,41.947483,0.0,29.97890114479025,6.041557161915075
2018-02-12 00:00:00+00:00,-34.96944,-71.21694,220.0,open-meteo_ecmwf_ifs,daily,32.0605,12.6105,29.63,7.068834,2.6948938,42.563244,0.0,29.842862871151027,6.231191827785599
2018-02-13 00:00:00+00:00,-34.96944,-71.21694,220.0,open-meteo_ecmwf_ifs,daily,31.310501,14.8105,28.61,10.304251,2.2780187,46.215847,0.0,29.704530178320624,5.85615656238131
2018-02-14 00:00:00+00:00,-34.96944,-71.21694,220.0,open-meteo_ecmwf_ifs,daily,29.9105,14.5105,27.29,13.675084,1.684198,65.79597,0.0,29.563930526954767,5.10125377507096
2018-02-15 00:00:00+00:00,-34.96944,-71.21694,220.0,open-meteo_ecmwf_ifs,daily,29.810501,14.8105,27.91,13.298,1.8106436,62.48579,0.0,29.42109253925515,5.248361634673253
2018-02-16 00:00:00+00:00,-34.96944,-71.21694,220.0,open-meteo_ecmwf_ifs,daily,32.010498,14.910501,28.0,13.004251,2.0744548,58.439617,0.0,29.276046016897567,5.581233344637586
2018-02-17 00:00:00+00:00,-34.96944,-71.21694,220.0,open-meteo_ecmwf_ifs,daily,31.4105,15.460501,27.8,12.05425,2.6518571,54.515396,0.0,29.12882195756937,5.85345895024549
2018-02-18 00:00:00+00:00,-34.96944,-71.21694,220.0,open-meteo_ecmwf_ifs,daily,29.5105,14.7605,26.13,13.248001,1.774961,61.64848,0.1,28.97945257003477,4.956866766588938
2018-02-19 00:00:00+00:00,-34.96944,-71.21694,220.0,open-meteo_ecmwf_ifs,daily,29.4105,16.0605,25.79,13.458417,1.8932934,61.541718,0.0,28.827971287649802,5.045133597612311
2018-02-20 00:00:00+00:00,-34.96944,-71.21694,220.0,open-meteo_ecmwf_ifs,daily,28.060501,14.3105,23.59,12.573001,1.3084203,65.43956,16.5,28.67441278025241,4.339356623542824
2018-02-21 00:00:00+00:00,-34.96944,-71.21694,220.0,open-meteo_ecmwf_ifs,daily,30.1105,14.2605,27.03,13.258418,2.340387,62.43794,0.0,28.518812964356897,5.22862559950363
2018-02-22 00:00:00+00:00,-34.96944,-71.21694,220.0,open-meteo_ecmwf_ifs,daily,30.2105,13.210501,26.87,9.768833,2.2884498,50.628098,0.0,28.361209011586123,5.329235738641149
2018-02-23 00:00:00+00:00,-34.96944,-71.21694,220.0,open-meteo_ecmwf_ifs,daily,26.9105,15.410501,20.27,14.431332,1.2833221,71.36613,3.0,28.201639355279415,3.8053240247180558
2018-02-24 00:00:00+00:00,-34.96944,-71.21694,220.0,open-meteo_ecmwf_ifs,daily,29.060501,14.2605,24.74,14.047999,1.530361,68.86855,0.5,28.04014369521868,4.52092408519221
2018-02-25 00:00:00+00:00,-34.96944,-71.21694,220.0,open-meteo_ecmwf_ifs,daily,28.560501,12.710501,25.61,12.99175,1.5828203,70.264854,0.0,27.876763000420258,4.511200194251086
2018-02-26 00:00:00+00:00,-34.96944,-71.21694,220.0,open-meteo_ecmwf_ifs,daily,29.7605,14.2605,26.2,13.173,1.8292384,64.007645,0.0,27.711539509944963,4.875518200720836
2018-02-27 00:00:00+00:00,-34.96944,-71.21694,220.0,open-meteo_ecmwf_ifs,daily,27.7105,15.2605,24.18,13.041749,2.025359,65.57966,0.0,27.544516731684592,4.604399489503444
2018-02-28 00:00:00+00:00,-34.96944,-71.21694,220.0,open-meteo_ecmwf_ifs,daily,28.3605,13.160501,25.82,12.645917,1.5961162,66.41775,0.0,27.37573943908791,4.542040204991063
2018-03-01 00:00:00+00:00,-34.96944,-71.21694,220.0,open-meteo_ecmwf_ifs,daily,30.4105,14.0605,25.98,12.65425,1.8118633,63.160816,0.0,27.205253665795478,4.87149203610639
2018-03-02 00:00:00+00:00,-34.96944,-71.21694,220.0,open-meteo_ecmwf_ifs,daily,30.060501,15.210501,25.54,12.947999,1.7613444,61.213943,0.0,27.03310669815808,4.841895514299743
2018-03-03 00:00:00+00:00,-34.96944,-71.21694,220.0,open-meteo_ecmwf_ifs,daily,28.4605,14.3105,25.2,12.683417,1.6088047,63.674213,0.0,26.8593470656195,4.536932040611059
2018-03-04 00:00:00+00:00,-34.96944,-71.21694,220.0,open-meteo_ecmwf_ifs,daily,28.560501,13.8605,25.26,10.241751,2.872284,56.693844,0.0,26.684024528950207,5.138683736576864
2018-03-05 00:00:00+00:00,-34.96944,-71.21694,220.0,open-meteo_ecmwf_ifs,daily,29.6605,11.710501,25.77,7.3980007,3.541889,45.869522,0.0,26.507190066324824,5.593925539903393
2018-03-06 00:00:00+00:00,-34.96944,-71.21694,220.0,open-meteo_ecmwf_ifs,daily,30.560501,12.7605,25.38,6.858417,1.7946888,42.50122,0.0,26.32889585724202,4.856917248976717
2018-03-07 00:00:00+00:00,-34.96944,-71.21694,220.0,open-meteo_ecmwf_ifs,daily,25.7105,14.210501,21.9,13.016751,1.987429,69.887314,0.0,26.149195264291617,3.9552600310223793
2018-03-08 00:00:00+00:00,-34.96944,-71.21694,220.0,open-meteo_ecmwf_ifs,daily,27.5105,12.8105,23.71,12.964668,1.7510387,69.78892,0.0,25.968142812779956,4.1224006875586445
2018-03-09 00:00:00+00:00,-34.96944,-71.21694,220.0,open-meteo_ecmwf_ifs,daily,26.5105,13.210501,23.3,12.318833,2.095403,67.05105,0.0,25.785794168230257,4.146175705004465
2018-03-10 00:00:00+00:00,-34.96944,-71.21694,220.0,open-meteo_ecmwf_ifs,daily,24.310501,14.3605,20.34,10.920917,2.793265,65.44666,0.0,25.602206111781033,4.0566350202298445
2018-03-11 00:00:00+00:00,-34.96944,-71.21694,220.0,open-meteo_ecmwf_ifs,daily,26.9605,9.960501,25.0,2.8896668,4.5941095,39.446255,0.0,25.417436513511266,5.764513986489386
2018-03-12 00:00:00+00:00,-34.96944,-71.21694,220.0,open-meteo_ecmwf_ifs,daily,25.060501,11.2605,22.34,8.470917,4.037638,58.35934,0.0,25.231544303727212,4.58186306284401
2018-03-13 00:00:00+00:00,-34.96944,-71.21694,220.0,open-meteo_ecmwf_ifs,daily,24.9105,9.2605,24.59,5.806333,3.7706182,53.370327,0.0,25.044589442251038,4.720889203645261
2018-03-14 00:00:00+00:00,-34.96944,-71.21694,220.0,open-meteo_ecmwf_ifs,daily,22.560501,9.5105,23.55,4.7521667,2.867595,50.773945,0.0,24.85663288575729,4.197078591972675
2018-03-15 00:00:00+00:00,-34.96944,-71.21694,220.0,open-meteo_ecmwf_ifs,daily,26.2605,10.8105,23.21,8.423,2.7054415,62.629208,0.0,24.667736553208872,4.303621464279033
2018-03-16 00:00:00+00:00,-34.96944,-71.21694,220.0,open-meteo_ecmwf_ifs,daily,25.9105,9.460501,23.8,5.475083,2.4593384,49.22626,0.0,24.47796328944897,4.300711484888333
2018-03-17 00:00:00+00:00,-34.96944,-71.21694,220.0,open-meteo_ecmwf_ifs,daily,16.2105,11.460501,5.51,11.685501,2.594519,85.41254,27.4,24.287376827010938,1.283315109723348
2018-03-18 00:00:00+00:00,-34.96944,-71.21694,220.0,open-meteo_ecmwf_ifs,daily,20.9605,8.5105,22.65,9.3355,2.8011494,76.1341,0.6,24.09604174621295,3.2993907340360633
2018-03-19 00:00:00+00:00,-34.96944,-71.21694,220.0,open-meteo_ecmwf_ifs,daily,21.9105,7.7605,21.12,8.962584,2.0931447,73.6516,0.0,23.904023433608767,3.1292585021335433
2018-03-20 00:00:00+00:00,-34.96944,-71.21694,220.0,open-meteo_ecmwf_ifs,daily,23.7105,9.710501,20.96,11.098,2.1858351,76.41556,0.0,23.71138803887069,3.277502724458229
2018-03-21 00:00:00+00:00,-34.96944,-71.21694,220.0,open-meteo_ecmwf_ifs,daily,24.8605,9.710501,22.26,11.623,1.5616918,70.68695,0.0,23.51820243018491,3.347544259097497
2018-03-22 00:00:00+00:00,-34.96944,-71.21694,220.0,open-meteo_ecmwf_ifs,daily,24.2105,10.160501,21.22,9.483417,1.2482738,66.43963,0.0,23.324534148243423,3.2429743169911616
2018-03-23 00:00:00+00:00,-34.96944,-71.21694,220.0,open-meteo_ecmwf_ifs,daily,24.060501,14.410501,17.72,12.758418,1.8551811,73.59098,0.0,23.130451358920624,3.178262883332957
2018-03-24 00:00:00+00:00,-34.96944,-71.21694,220.0,open-meteo_ecmwf_ifs,daily,22.7105,10.8605,22.12,8.3480015,4.4202743,63.64949,0.0,22.936022804725834,4.121738699314665
2018-03-25 00:00:00+00:00,-34.96944,-71.21694,220.0,open-meteo_ecmwf_ifs,daily,24.1105,7.4605,21.0,6.9979997,3.037532,66.661705,0.0,22.741317755126698,3.6212335209057622
2018-03-26 00:00:00+00:00,-34.96944,-71.21694,220.0,open-meteo_ecmwf_ifs,daily,23.310501,10.1105,20.12,9.254251,2.7460196,67.60136,0.0,22.546405955840772,3.4233982570201436
2018-03-27 00:00:00+00:00,-34.96944,-71.21694,220.0,open-meteo_ecmwf_ifs,daily,24.6105,10.8605,18.62,10.527167,2.3557665,73.30748,0.0,22.351357577195788,3.2645717268477354
2018-03-28 00:00:00+00:00,-34.96944,-71.21694,220.0,open-meteo_ecmwf_ifs,daily,26.9105,10.5605,18.66,9.8896675,2.3573887,67.65746,0.0,22.156243161660914,3.502170696343183
2018-03-29 00:00:00+00:00,-34.96944,-71.21694,220.0,open-meteo_ecmwf_ifs,daily,28.8605,14.410501,18.55,12.591748,3.4255848,68.5182,0.0,21.961133570653878,4.189008849435558
2018-03-30 00:00:00+00:00,-34.96944,-71.21694,220.0,open-meteo_ecmwf_ifs,daily,27.9605,11.660501,19.13,9.675084,3.478038,58.260883,0.0,21.766099930730025,4.166705964552058
2018-03-31 00:00:00+00:00,-34.96944,-71.21694,220.0,open-meteo_ecmwf_ifs,daily,25.1105,14.3105,16.69,12.904251,1.9838668,70.40449,0.0,21.571213579261308,3.076693835542797
2018-04-01 00:00:00+00:00,-34.96944,-71.21694,220.0,open-meteo_ecmwf_ifs,daily,25.7605,11.5605,17.59,12.164666,1.473526,72.39147,0.0,21.37654600971401,2.886994677818624
2018-04-02 00:00:00+00:00,-34.96944,-71.21694,220.0,open-meteo_ecmwf_ifs,daily,25.4605,11.660501,19.47,12.239667,1.447647,72.09321,0.0,21.182168816634842,3.0199758600095463
2018-04-03 00:00:00+00:00,-34.96944,-71.21694,220.0,open-meteo_ecmwf_ifs,daily,25.2605,11.0105,18.05,12.098,1.1893609,76.70084,0.0,20.988153640455774,2.756858064226424
2018-04-04 00:00:00+00:00,-34.96944,-71.21694,220.0,open-meteo_ecmwf_ifs,daily,25.310501,12.6105,16.65,12.885499,1.5812851,75.85014,0.0,20.794572112227932,2.7838850136514988
2018-04-05 00:00:00+00:00,-34.96944,-71.21694,220.0,open-meteo_ecmwf_ifs,daily,20.4605,11.3605,16.33,9.731334,4.4269905,72.08924,0.2,20.60149579839486,3.071575007772786
2018-04-06 00:00:00+00:00,-34.96944,-71.21694,220.0,open-meteo_ecmwf_ifs,daily,22.1105,8.8105,14.53,7.4917507,2.558783,64.04641,3.3000002,20.40899614571515,2.7476707515796526
2018-04-07 00:00:00+00:00,-34.96944,-71.21694,220.0,open-meteo_ecmwf_ifs,daily,20.5105,9.660501,8.86,8.587584,1.3661262,71.09754,0.8,20.21714442644354,1.819106015013924
2018-04-08 00:00:00+00:00,-34.96944,-71.21694,220.0,open-meteo_ecmwf_ifs,daily,24.4105,7.9605,18.41,9.695918,1.3419938,73.002945,0.0,20.02601168387884,2.602815151073842
2018-04-09 00:00:00+00:00,-34.96944,-71.21694,220.0,open-meteo_ecmwf_ifs,daily,21.4105,9.3605,17.36,9.475085,2.7109063,69.87169,0.0,19.83566867838548,2.69992076066729
2018-04-10 00:00:00+00:00,-34.96944,-71.21694,220.0,open-meteo_ecmwf_ifs,daily,19.7605,12.460501,7.9,11.181335,3.597742,79.5409,14.800003,19.646185833994277,2.102272655295208
2018-04-11 00:00:00+00:00,-34.96944,-71.21694,220.0,open-meteo_ecmwf_ifs,daily,17.310501,12.5105,3.47,12.8896675,4.1248994,88.667206,17.3,19.457633185685687,1.1444610922628782
2018-04-12 00:00:00+00:00,-34.96944,-71.21694,220.0,open-meteo_ecmwf_ifs,daily,17.6105,5.9105,17.79,7.143833,3.3614452,76.385895,1.1,19.27008032745732,2.2862639402227876
2018-04-13 00:00:00+00:00,-34.96944,-71.21694,220.0,open-meteo_ecmwf_ifs,daily,19.9105,7.7605,16.45,9.71675,1.3916274,81.94262,0.0,19.08359636127456,2.086346139625182
2018-04-14 00:00:00+00:00,-34.96944,-71.21694,220.0,open-meteo_ecmwf_ifs,daily,19.310501,8.460501,14.57,9.787583,2.2780142,83.40981,0.0,18.89824984700094,2.0486901788216603
2018-04-15 00:00:00+00:00,-34.96944,-71.21694,220.0,open-meteo_ecmwf_ifs,daily,18.9105,10.210501,11.59,11.450085,1.8202168,87.193794,0.0,18.71410875340178,1.7165449076302195
2018-04-16 00:00:00+00:00,-34.96944,-71.21694,220.0,open-meteo_ecmwf_ifs,daily,19.0105,10.3105,8.99,12.120918,1.7811942,86.8971,0.0,18.53124041031174,1.455096781733128
2018-04-17 00:00:00+00:00,-34.96944,-71.21694,220.0,open-meteo_ecmwf_ifs,daily,18.2605,11.410501,13.13,11.987584,3.500754,84.70049,0.0,18.349711462053392,1.8961490849273879
2018-04-18 00:00:00+00:00,-34.96944,-71.21694,220.0,open-meteo_ecmwf_ifs,daily,16.560501,7.0604997,13.65,7.745916,3.252967,78.019554,0.0,18.16958782219066,1.8997485369526685
2018-04-19 00:00:00+00:00,-34.96944,-71.21694,220.0,open-meteo_ecmwf_ifs,daily,19.560501,7.6605,14.96,10.058415,1.9866074,82.88538,0.0,17.990934629696905,1.8995596159543904
2018-04-20 00:00:00+00:00,-34.96944,-71.21694,220.0,open-meteo_ecmwf_ifs,daily,20.3605,12.0105,13.44,12.318833,2.584359,86.18386,0.0,17.81381620661385,2.0629808887180445
2018-04-21 00:00:00+00:00,-34.96944,-71.21694,220.0,open-meteo_ecmwf_ifs,daily,20.2105,10.8605,14.1,11.443835,2.4053211,85.002,0.0,17.638296017273042,2.0547201977529923
2018-04-22 00:00:00+00:00,-34.96944,-71.21694,220.0,open-meteo_ecmwf_ifs,daily,20.810501,10.0105,13.47,11.756335,2.4103534,84.739586,0.0,17.46443662914768,1.9376831221969284
2018-04-23 00:00:00+00:00,-34.96944,-71.21694,220.0,open-meteo_ecmwf_ifs,daily,18.3605,8.460501,13.5,9.812584,3.1197283,81.6505,0.0,17.29229967539776,1.857083555881615
2018-04-24 00:00:00+00:00,-34.96944,-71.21694,220.0,open-meteo_ecmwf_ifs,daily,18.4605,7.2605,13.58,8.550084,2.000665,82.00752,0.0,17.121945819167095,1.7760047932503362
2018-04-25 00:00:00+00:00,-34.96944,-71.21694,220.0,open-meteo_ecmwf_ifs,daily,19.7105,7.4605,14.35,8.960502,1.9059299,82.87151,0.0,16.95343471968593,1.863460203882202
2018-04-26 00:00:00+00:00,-34.96944,-71.21694,220.0,open-meteo_ecmwf_ifs,daily,20.9105,6.6605,15.76,6.9729996,1.8751265,69.690414,0.0,16.78682500022806,2.095987051468518
2018-04-27 00:00:00+00:00,-34.96944,-71.21694,220.0,open-meteo_ecmwf_ifs,daily,17.4605,10.660501,8.37,10.133416,3.0601165,80.75692,0.0,16.62217421796605,1.6299854986385056
2018-04-28 00:00:00+00:00,-34.96944,-71.21694,220.0,open-meteo_ecmwf_ifs,daily,18.6105,6.3104997,10.62,7.433417,2.2300513,79.07215,0.0,16.459538835763443,1.6629446371644208
2018-04-29 00:00:00+00:00,-34.96944,-71.21694,220.0,open-meteo_ecmwf_ifs,daily,17.9105,7.3605,12.52,8.90425,1.415575,83.35179,0.0,16.298974195937028,1.5113458513323612
2018-04-30 00:00:00+00:00,-34.96944,-71.21694,220.0,open-meteo_ecmwf_ifs,daily,19.2605,7.6105,14.09,8.754251,1.8434168,82.85453,0.0,16.14053449601749,1.7597517641264406
2018-05-01 00:00:00+00:00,-34.96944,-71.21694,220.0,open-meteo_ecmwf_ifs,daily,19.6605,6.1105,14.08,8.764667,1.4016844,82.68247,0.0,15.984272766530795,1.5987217737090769
2018-05-02 00:00:00+00:00,-34.96944,-71.21694,220.0,open-meteo_ecmwf_ifs,daily,18.8605,9.2605,10.83,10.283416,1.4734559,85.109886,0.0,15.830240850817502,1.4665736251792016
2018-05-03 00:00:00+00:00,-34.96944,-71.21694,220.0,open-meteo_ecmwf_ifs,daily,19.0105,7.8104997,11.49,9.458417,2.5632799,80.37394,0.0,15.678489386901425,1.626322443049315
2018-05-04 00:00:00+00:00,-34.96944,-71.21694,220.0,open-meteo_ecmwf_ifs,daily,21.060501,8.8605,11.4,10.002168,2.3627765,81.69965,0.0,15.529067791413548,1.7907471823642351
2018-05-05 00:00:00+00:00,-34.96944,-71.21694,220.0,open-meteo_ecmwf_ifs,daily,22.5105,10.2605,13.44,10.785501,1.8884692,82.56269,0.0,15.382024245571351,1.9200691485228665
2018-05-06 00:00:00+00:00,-34.96944,-71.21694,220.0,open-meteo_ecmwf_ifs,daily,20.9605,10.960501,11.17,11.462583,1.405579,84.661385,0.0,15.237405683208081,1.5693464358493896
2018-05-07 00:00:00+00:00,-34.96944,-71.21694,220.0,open-meteo_ecmwf_ifs,daily,17.2605,12.3605,6.08,12.318833,1.2111726,87.88883,0.90000004,15.095257780840683,1.0512116665141955
2018-05-08 00:00:00+00:00,-34.96944,-71.21694,220.0,open-meteo_ecmwf_ifs,daily,19.9605,10.5105,10.95,11.006333,1.3766131,85.861534,0.0,14.955624949759482,1.4717953736495626
2018-05-09 00:00:00+00:00,-34.96944,-71.21694,220.0,open-meteo_ecmwf_ifs,daily,18.310501,9.6105,8.53,9.84175,1.0015074,84.32406,0.0,14.818550330116988,1.2059411529957034
2018-05-10 00:00:00+00:00,-34.96944,-71.21694,220.0,open-meteo_ecmwf_ifs,daily,17.6105,7.6105,10.67,8.956335,1.4744207,84.16678,0.0,14.684075786987423,1.2866365515518257
2018-05-11 00:00:00+00:00,-34.96944,-71.21694,220.0,open-meteo_ecmwf_ifs,daily,18.0105,6.8605,12.16,8.237582,2.6654835,82.34217,0.0,14.552241908363017,1.547617034961635
2018-05-12 00:00:00+00:00,-34.96944,-71.21694,220.0,open-meteo_ecmwf_ifs,daily,21.1605,8.8605,11.01,9.812585,1.3531221,85.54702,0.1,14.423088005047479,1.465658921447648
2018-05-13 00:00:00+00:00,-34.96944,-71.21694,220.0,open-meteo_ecmwf_ifs,daily,19.0105,7.8104997,11.46,9.27925,1.3689152,83.18654,0.0,14.296652112401434,1.3331694064522943
2018-05-14 00:00:00+00:00,-34.96944,-71.21694,220.0,open-meteo_ecmwf_ifs,daily,15.1105,10.3105,4.41,10.0771675,1.157363,84.782326,12.700001,14.172970993889432,0.8767302203873564
2018-05-15 00:00:00+00:00,-34.96944,-71.21694,220.0,open-meteo_ecmwf_ifs,daily,11.960501,7.8605,4.09,7.258417,2.3237755,83.55564,0.4,14.052080146372354,0.9077289399224924
2018-05-16 00:00:00+00:00,-34.96944,-71.21694,220.0,open-meteo_ecmwf_ifs,daily,13.7605,7.6105,4.76,7.2667503,1.7062079,83.975845,0.4,13.934013807084252,0.9677747457381839
2018-05-17 00:00:00+00:00,-34.96944,-71.21694,220.0,open-meteo_ecmwf_ifs,daily,15.7605,9.1105,7.89,8.564668,1.6230564,81.733116,1.0000001,13.818804962227281,1.1488156282765252
2018-05-18 00:00:00+00:00,-34.96944,-71.21694,220.0,open-meteo_ecmwf_ifs,daily,15.910501,7.0604997,11.29,8.343833,2.9856489,86.55106,0.0,13.706485357113523,1.2859275139055655
2018-05-19 00:00:00+00:00,-34.96944,-71.21694,220.0,open-meteo_ecmwf_ifs,daily,16.2105,4.5604997,10.58,6.497999,2.3708348,85.367676,0.0,13.597085507777741,1.2313060502307491
2018-05-20 00:00:00+00:00,-34.96944,-71.21694,220.0,open-meteo_ecmwf_ifs,daily,15.8105,6.1105,8.55,7.493833,2.158497,87.37374,0.0,13.490634713980528,1.123312871374106
2018-05-21 00:00:00+00:00,-34.96944,-71.21694,220.0,open-meteo_ecmwf_ifs,daily,12.910501,6.0604997,8.96,7.818833,3.1473067,89.93949,0.0,13.387161073516939,0.8910752703414987
2018-05-22 00:00:00+00:00,-34.96944,-71.21694,220.0,open-meteo_ecmwf_ifs,daily,13.1105,2.8105001,11.02,4.3271666,2.5029266,85.496056,0.0,13.286691497741582,1.0915234122992157
2018-05-23 00:00:00+00:00,-34.96944,-71.21694,220.0,open-meteo_ecmwf_ifs,daily,15.460501,3.0605001,10.41,4.833417,1.8199013,86.30249,0.0,13.18925172821735,1.1086063059634994
2018-05-24 00:00:00+00:00,-34.96944,-71.21694,220.0,open-meteo_ecmwf_ifs,daily,16.2605,3.9605,9.83,6.0646667,1.830691,89.63839,0.0,13.094866354391186,1.093967844991477
2018-05-25 00:00:00+00:00,-34.96944,-71.21694,220.0,open-meteo_ecmwf_ifs,daily,19.0105,3.9605,10.93,7.1667514,0.9453338,85.46584,0.0,13.003558832197285,1.0138986513706458
2018-05-26 00:00:00+00:00,-34.96944,-71.21694,220.0,open-meteo_ecmwf_ifs,daily,14.8105,6.1605,7.5,7.706333,1.6909679,86.601845,1.1,12.915351503484972,0.9134968064021365
2018-05-27 00:00:00+00:00,-34.96944,-71.21694,220.0,open-meteo_ecmwf_ifs,daily,16.6105,5.7105,7.66,8.098001,0.9475481,86.72607,0.0,12.830265616165912,0.8610103582138977
2018-05-28 00:00:00+00:00,-34.96944,-71.21694,220.0,open-meteo_ecmwf_ifs,daily,13.410501,10.0105,1.75,10.439667,1.5167398,92.23746,3.9,12.748321344973151,0.6170493529770987
2018-05-29 00:00:00+00:00,-34.96944,-71.21694,220.0,open-meteo_ecmwf_ifs,daily,13.3105,9.5105,1.53,9.620917,4.115599,86.21935,39.499996,12.669537812722531,0.8091321532972159
2018-05-30 00:00:00+00:00,-34.96944,-71.21694,220.0,open-meteo_ecmwf_ifs,daily,12.0105,6.2105,6.29,6.370916,3.315644,84.69725,11.500001,12.59393311196565,0.961787413142146
2018-05-31 00:00:00+00:00,-34.96944,-71.21694,220.0,open-meteo_ecmwf_ifs,daily,9.2605,3.2105,8.31,3.470917,2.7179832,85.78419,0.0,12.521524326922425,0.8419932563618561
2018-06-01 00:00:00+00:00,-34.96944,-71.21694,220.0,open-meteo_ecmwf_ifs,daily,12.5105,1.0105,10.17,3.558417,1.3159239,86.648674,0.0,12.45232755558081,0.7855864059652539
2018-06-02 00:00:00+00:00,-34.96944,-71.21694,220.0,open-meteo_ecmwf_ifs,daily,12.710501,-0.33949998,11.52,0.72925,1.2671276,72.42382,0.0,12.386357931851046,0.8721786959989871
2018-06-03 00:00:00+00:00,-34.96944,-71.21694,220.0,open-meteo_ecmwf_ifs,daily,11.8605,1.6105,8.57,3.7084167,1.519074,82.136635,0.3,12.3236296476621,0.7669063339217174
2018-06-04 00:00:00+00:00,-34.96944,-71.21694,220.0,open-meteo_ecmwf_ifs,daily,7.2105,1.0105,5.58,1.2105,2.019077,80.36798,0.0,12.264155974888972,0.6980295469695964
2018-06-05 00:00:00+00:00,-34.96944,-71.21694,220.0,open-meteo_ecmwf_ifs,daily,4.2605,-0.98950005,2.08,0.74175,1.3234907,92.88488,0.7,12.207949287000488,0.41399081653022246
2018-06-06 00:00:00+00:00,-34.96944,-71.21694,220.0,open-meteo_ecmwf_ifs,daily,12.1105,1.8105,9.62,3.248,3.2285435,84.676216,0.0,12.155021080319433,1.017600096808345
2018-06-07 00:00:00+00:00,-34.96944,-71.21694,220.0,open-meteo_ecmwf_ifs,daily,12.210501,-0.13949999,9.72,2.4105,1.8356142,87.06723,0.0,12.105381994788727,0.8145965127274426
2018-06-08 00:00:00+00:00,-34.96944,-71.21694,220.0,open-meteo_ecmwf_ifs,daily,15.660501,3.6105,6.92,2.85425,1.0967668,67.94787,0.0,12.059041834140562,0.9482173510233278
2018-06-09 00:00:00+00:00,-34.96944,-71.21694,220.0,open-meteo_ecmwf_ifs,daily,13.6105,7.1105,1.4,8.189668,4.2127724,86.07137,24.0,12.016009585368286,0.8641196230286932
2018-06-10 00:00:00+00:00,-34.96944,-71.21694,220.0,open-meteo_ecmwf_ifs,daily,11.2605,6.6605,3.68,6.714667,4.464491,86.53344,29.4,11.976293437404921,0.8753316297339537
2018-06-11 00:00:00+00:00,-34.96944,-71.21694,220.0,open-meteo_ecmwf_ifs,daily,8.5605,1.8605,3.56,4.3042493,3.1100504,90.65286,42.800003,11.939900798916234,0.4885395055503144
2018-06-12 00:00:00+00:00,-34.96944,-71.21694,220.0,open-meteo_ecmwf_ifs,daily,11.5605,0.010499999,10.84,1.0313333,1.5852666,80.87292,0.4,11.906838315121014,0.8287434189463943
2018-06-13 00:00:00+00:00,-34.96944,-71.21694,220.0,open-meteo_ecmwf_ifs,daily,9.910501,-0.4395,10.26,1.52925,2.0659153,87.4385,0.0,11.877111883556514,0.7446508768754627
2018-06-14 00:00:00+00:00,-34.96944,-71.21694,220.0,open-meteo_ecmwf_ifs,daily,9.6105,-0.8395,9.59,1.3813334,1.7224864,88.726906,0.0,11.85072666871223,0.6809397796265011
2018-06-15 00:00:00+00:00,-34.96944,-71.21694,220.0,open-meteo_ecmwf_ifs,daily,12.0105,2.5105002,7.47,2.5500834,2.076903,81.12574,0.0,11.82768711546161,0.9511309176463723
2018-06-16 00:00:00+00:00,-34.96944,-71.21694,220.0,open-meteo_ecmwf_ifs,daily,14.0605,3.4105,9.64,5.8042502,1.6360613,89.87006,0.0,11.80799696122719,0.7941980999723826
2018-06-17 00:00:00+00:00,-34.96944,-71.21694,220.0,open-meteo_ecmwf_ifs,daily,15.5105,6.2105,9.14,8.508417,1.7725452,93.38793,0.0,11.791659246821622,0.8235928038109513
2018-06-18 00:00:00+00:00,-34.96944,-71.21694,220.0,open-meteo_ecmwf_ifs,daily,15.960501,6.4105,8.28,8.423,1.3910278,94.03165,0.0,11.778676325913892,0.8165503061142007
2018-06-19 00:00:00+00:00,-34.96944,-71.21694,220.0,open-meteo_ecmwf_ifs,daily,12.8605,6.4105,6.9,8.052167,1.7729235,94.443245,0.0,11.76904987307734,0.6807036165894933
2018-06-20 00:00:00+00:00,-34.96944,-71.21694,220.0,open-meteo_ecmwf_ifs,daily,11.8105,7.7105,7.7,8.7438345,2.311878,94.14569,0.0,11.762780890383514,0.6418519439583936
2018-06-21 00:00:00+00:00,-34.96944,-71.21694,220.0,open-meteo_ecmwf_ifs,daily,12.3105,2.5605001,10.4,4.0042496,3.5395803,83.0782,0.0,11.759869712513698,0.9955430393792915
2018-06-22 00:00:00+00:00,-34.96944,-71.21694,220.0,open-meteo_ecmwf_ifs,daily,10.5105,2.6605,8.32,4.4917493,2.7252686,90.28195,0.0,11.760316010367507,0.7115451647153668
2018-06-23 00:00:00+00:00,-34.96944,-71.21694,220.0,open-meteo_ecmwf_ifs,daily,12.6105,2.3105001,8.86,4.745916,2.5179684,90.751076,0.0,11.764118793156209,0.8058426212236257
2018-06-24 00:00:00+00:00,-34.96944,-71.21694,220.0,open-meteo_ecmwf_ifs,daily,14.1105,3.0105002,9.1,5.5854993,1.6774659,88.707634,0.2,11.771276408976112,0.7887536458359826
2018-06-25 00:00:00+00:00,-34.96944,-71.21694,220.0,open-meteo_ecmwf_ifs,daily,12.710501,3.9105,9.64,5.7605,2.0798147,88.22421,0.0,11.781786543865522,0.7871797161285262
2018-06-26 00:00:00+00:00,-34.96944,-71.21694,220.0,open-meteo_ecmwf_ifs,daily,9.3105,6.2605,1.21,5.6230006,1.2886097,86.62563,2.3,11.795646219356673,0.604660395178
2018-06-27 00:00:00+00:00,-34.96944,-71.21694,220.0,open-meteo_ecmwf_ifs,daily,15.960501,6.6605,8.28,8.331334,1.8078197,89.30598,0.2,11.81285178854192,0.8931856157507911
2018-06-28 00:00:00+00:00,-34.96944,-71.21694,220.0,open-meteo_ecmwf_ifs,daily,13.1105,7.5604997,2.74,8.7021675,1.7937325,94.31246,2.7,11.833398930681291,0.6493633618202302
2018-06-29 00:00:00+00:00,-34.96944,-71.21694,220.0,open-meteo_ecmwf_ifs,daily,14.8605,7.5105,7.8,8.8271675,1.425455,92.81506,3.3000002,11.85728264438596,0.7915753504750652
2018-06-30 00:00:00+00:00,-34.96944,-71.21694,220.0,open-meteo_ecmwf_ifs,daily,13.1105,7.8605,5.52,8.3896675,1.4675508,93.00476,0.0,11.884497239419767,0.7227175684589136
2018-07-01 00:00:00+00:00,-34.96944,-71.21694,220.0,open-meteo_ecmwf_ifs,daily,13.210501,5.1105,4.01,6.8980002,1.7683387,88.51562,3.9,11.915036327167938,0.7131077027904364
2018-07-02 00:00:00+00:00,-34.96944,-71.21694,220.0,open-meteo_ecmwf_ifs,daily,17.1605,8.210501,8.88,8.079249,1.9029318,80.26539,2.6999998,11.948892809828994,1.1321675175857076
2018-07-03 00:00:00+00:00,-34.96944,-71.21694,220.0,open-meteo_ecmwf_ifs,daily,15.410501,7.2605,6.06,8.983417,2.5890143,87.0648,0.6,11.986058868392442,0.8808244469614075
2018-07-04 00:00:00+00:00,-34.96944,-71.21694,220.0,open-meteo_ecmwf_ifs,daily,13.5605,8.0605,2.89,8.464667,2.8539755,88.778206,25.7,12.026525949471003,0.8412718949860353
2018-07-05 00:00:00+00:00,-34.96944,-71.21694,220.0,open-meteo_ecmwf_ifs,daily,12.8605,7.6605,2.19,8.395917,3.2251823,86.529205,21.0,12.070284751061877,0.7564546824352605
2018-07-06 00:00:00+00:00,-34.96944,-71.21694,220.0,open-meteo_ecmwf_ifs,daily,12.960501,9.6105,4.24,8.406334,3.2315025,85.3885,23.100002,12.117325207317073,1.0022632754311565
2018-07-07 00:00:00+00:00,-34.96944,-71.21694,220.0,open-meteo_ecmwf_ifs,daily,15.960501,6.1105,9.63,7.923002,1.8081585,84.02565,7.4,12.167636472407503,0.9495842467527305
2018-07-08 00:00:00+00:00,-34.96944,-71.21694,220.0,open-meteo_ecmwf_ifs,daily,13.0105,3.3105001,10.13,5.54175,2.2137587,88.548065,0.1,12.22120690357054,0.8489041665748837
2018-07-09 00:00:00+00:00,-34.96944,-71.21694,220.0,open-meteo_ecmwf_ifs,daily,16.1605,-1.0895001,11.12,3.925083,0.7607135,82.78547,0.0,12.27802404343419,0.7365349729081981
2018-07-10 00:00:00+00:00,-34.96944,-71.21694,220.0,open-meteo_ecmwf_ifs,daily,12.8105,4.7605,5.61,7.264667,1.6467763,90.99307,0.0,12.338074601715123,0.6653708492914194
2018-07-11 00:00:00+00:00,-34.96944,-71.21694,220.0,open-meteo_ecmwf_ifs,daily,12.3605,6.0105,8.56,7.1521664,2.0442934,90.36514,0.1,12.401344436390614,0.804475741948927
2018-07-12 00:00:00+00:00,-34.96944,-71.21694,220.0,open-meteo_ecmwf_ifs,daily,13.1105,5.2605,8.08,6.752167,2.2352426,91.365906,0.0,12.467818534447028,0.8594432835920316
2018-07-13 00:00:00+00:00,-34.96944,-71.21694,220.0,open-meteo_ecmwf_ifs,daily,15.660501,7.0105,7.74,9.3792515,1.916406,95.34072,0.2,12.537480992309801,0.8530171813274118
2018-07-14 00:00:00+00:00,-34.96944,-71.21694,220.0,open-meteo_ecmwf_ifs,daily,15.1105,10.710501,5.65,10.381334,1.3788632,89.76846,0.0,12.610314996061248,0.8649548532052925
2018-07-15 00:00:00+00:00,-34.96944,-71.21694,220.0,open-meteo_ecmwf_ifs,daily,12.5105,7.7105,8.2,7.362585,3.1260777,82.82621,1.2,12.686302801553808,1.023308570047196
2018-07-16 00:00:00+00:00,-34.96944,-71.21694,220.0,open-meteo_ecmwf_ifs,daily,10.910501,3.9605,8.72,4.868834,3.172102,86.20962,0.0,12.765425714526977,0.90963155183563
2018-07-17 00:00:00+00:00,-34.96944,-71.21694,220.0,open-meteo_ecmwf_ifs,daily,8.660501,3.4605,5.9,3.7604992,2.534159,85.802956,0.0,12.847664070836258,0.754803827977808
2018-07-18 00:00:00+00:00,-34.96944,-71.21694,220.0,open-meteo_ecmwf_ifs,daily,9.1105,0.0605,10.14,1.6667501,1.9010086,84.18214,0.0,12.932997216902322,0.7962846742806232
2018-07-19 00:00:00+00:00,-34.96944,-71.21694,220.0,open-meteo_ecmwf_ifs,daily,8.960501,-2.9394999,12.15,-0.43533337,1.7007442,79.464874,0.0,13.021403490487875,0.798588498205635
2018-07-20 00:00:00+00:00,-34.96944,-71.21694,220.0,open-meteo_ecmwf_ifs,daily,12.410501,-2.6395,12.41,-1.8999166,1.5206918,71.60763,0.0,13.112860201908385,1.0312948731418605
2018-07-21 00:00:00+00:00,-34.96944,-71.21694,220.0,open-meteo_ecmwf_ifs,daily,8.6105,-0.33949998,6.88,0.63133323,2.037742,80.66462,0.0,13.207343615781589,0.8176397719931742
2018-07-22 00:00:00+00:00,-34.96944,-71.21694,220.0,open-meteo_ecmwf_ifs,daily,10.710501,0.4605,11.47,2.4229999,3.298376,82.52244,3.6000001,13.304828933418555,1.0073212343776043
2018-07-23 00:00:00+00:00,-34.96944,-71.21694,220.0,open-meteo_ecmwf_ifs,daily,10.6105,-4.1895003,12.37,-0.85616666,2.2894866,82.398125,0.0,13.405290275956789,0.9439719748461876
2018-07-24 00:00:00+00:00,-34.96944,-71.21694,220.0,open-meteo_ecmwf_ifs,daily,14.3605,-2.5395,12.65,0.35425004,1.368698,72.446365,0.0,13.508700668333478,1.0264805653782139
2018-07-25 00:00:00+00:00,-34.96944,-71.21694,220.0,open-meteo_ecmwf_ifs,daily,12.3605,-0.73950005,12.19,1.8459167,1.553692,84.923615,0.0,13.61503202419362,0.9737045695785418
2018-07-26 00:00:00+00:00,-34.96944,-71.21694,220.0,open-meteo_ecmwf_ifs,daily,11.2605,2.9105,8.56,4.577167,1.189791,92.43552,0.0,13.724255131824904,0.8236509034945055
2018-07-27 00:00:00+00:00,-34.96944,-71.21694,220.0,open-meteo_ecmwf_ifs,daily,9.910501,2.8105001,3.65,4.9479995,2.213494,90.996895,1.4000001,13.83633964120743,0.6292266416358799
2018-07-28 00:00:00+00:00,-34.96944,-71.21694,220.0,open-meteo_ecmwf_ifs,daily,13.160501,0.6105,12.02,4.318833,1.3080856,88.933876,0.0,13.951254052262598,0.9367204077474757
2018-07-29 00:00:00+00:00,-34.96944,-71.21694,220.0,open-meteo_ecmwf_ifs,daily,12.3105,2.0605001,10.86,4.37925,1.4751827,88.376526,0.0,14.068965704381569,0.9552667105413175
2018-07-30 00:00:00+00:00,-34.96944,-71.21694,220.0,open-meteo_ecmwf_ifs,daily,13.460501,0.3105,12.6,3.4875839,2.5432866,85.87577,0.0,14.189440767309328,1.1335105912030499
2018-07-31 00:00:00+00:00,-34.96944,-71.21694,220.0,open-meteo_ecmwf_ifs,daily,10.8605,0.6605,11.64,3.0834167,2.4661741,88.18665,0.0,14.31264423345599,0.9893119909054958
2018-08-01 00:00:00+00:00,-34.96944,-71.21694,220.0,open-meteo_ecmwf_ifs,daily,12.0605,0.2105,11.01,2.5521667,2.0197904,89.509254,0.0,14.438539911702463,1.0554856386731346
2018-08-02 00:00:00+00:00,-34.96944,-71.21694,220.0,open-meteo_ecmwf_ifs,daily,9.660501,-0.9395,5.88,3.0646665,1.9963899,92.18548,0.70000005,14.56709042276261,0.645956512420974
2018-08-03 00:00:00+00:00,-34.96944,-71.21694,220.0,open-meteo_ecmwf_ifs,daily,14.410501,5.0105,12.48,5.6688333,1.9529189,82.858246,3.6,14.698257196159402,1.3143629974646531
2018-08-04 00:00:00+00:00,-34.96944,-71.21694,220.0,open-meteo_ecmwf_ifs,daily,10.460501,-0.13949999,7.88,3.208417,2.4255152,87.12942,0.0,14.83200046886735,0.8160239894883482
2018-08-05 00:00:00+00:00,-34.96944,-71.21694,220.0,open-meteo_ecmwf_ifs,daily,11.2605,4.0605,3.78,6.0125833,0.9901541,93.83674,0.1,14.968279285668572,0.6774634481744151
2018-08-06 00:00:00+00:00,-34.96944,-71.21694,220.0,open-meteo_ecmwf_ifs,daily,13.5105,4.9105,4.69,6.5480003,1.5168108,88.549355,0.1,15.107051501264472,0.871112788623163
2018-08-07 00:00:00+00:00,-34.96944,-71.21694,220.0,open-meteo_ecmwf_ifs,daily,12.7605,4.8104997,10.84,7.0271664,2.270715,85.32174,18.9,15.248273784179846,1.045085303590929
2018-08-08 00:00:00+00:00,-34.96944,-71.21694,220.0,open-meteo_ecmwf_ifs,daily,15.2605,-1.2895,14.69,2.8167503,2.3617089,80.49145,0.0,15.391901622491106,1.3610925888557002
2018-08-09 00:00:00+00:00,-34.96944,-71.21694,220.0,open-meteo_ecmwf_ifs,daily,15.910501,1.5605,11.17,5.964667,1.6542104,87.37463,0.0,15.53788933140458,1.1523408268980442
2018-08-10 00:00:00+00:00,-34.96944,-71.21694,220.0,open-meteo_ecmwf_ifs,daily,14.660501,0.3605,10.29,5.1146665,1.795674,87.71207,0.0,15.686190062705883,1.0521540179728062
2018-08-11 00:00:00+00:00,-34.96944,-71.21694,220.0,open-meteo_ecmwf_ifs,daily,16.2105,3.7105,11.24,6.706333,1.26935,86.70865,0.0,15.836755816095799,1.2341731158115106
2018-08-12 00:00:00+00:00,-34.96944,-71.21694,220.0,open-meteo_ecmwf_ifs,daily,15.660501,4.4105,11.71,6.9354997,1.3846911,89.089386,0.0,15.989537452422708,1.2723043524748645
2018-08-13 00:00:00+00:00,-34.96944,-71.21694,220.0,open-meteo_ecmwf_ifs,daily,14.1105,5.5604997,9.82,6.4355006,1.8668976,83.55759,1.5000001,16.1444847088164,1.259827765930234
2018-08-14 00:00:00+00:00,-34.96944,-71.21694,220.0,open-meteo_ecmwf_ifs,daily,14.460501,1.4104999,15.22,3.5688334,2.8268878,79.024025,0.0,16.301546215722727,1.578943499340482
2018-08-15 00:00:00+00:00,-34.96944,-71.21694,220.0,open-meteo_ecmwf_ifs,daily,16.1105,0.9605,13.96,4.5500836,2.0996518,83.299965,0.0,16.460669515833153,1.4683286633172017
2018-08-16 00:00:00+00:00,-34.96944,-71.21694,220.0,open-meteo_ecmwf_ifs,daily,15.410501,4.5105,11.94,6.589667,2.0277348,85.665405,0.0,16.621801084898316,1.4045515242753988
2018-08-17 00:00:00+00:00,-34.96944,-71.21694,220.0,open-meteo_ecmwf_ifs,daily,14.210501,5.1605,6.9,7.0542502,1.693602,89.3431,0.1,16.78488635440912,1.0578209627787858
2018-08-18 00:00:00+00:00,-34.96944,-71.21694,220.0,open-meteo_ecmwf_ifs,daily,12.5105,6.2105,14.24,5.7355003,4.715363,79.300446,3.6000001,16.949869736124263,1.7078430397860043
2018-08-19 00:00:00+00:00,-34.96944,-71.21694,220.0,open-meteo_ecmwf_ifs,daily,16.560501,-0.8895,16.3,1.7792498,3.4102886,76.003006,0.0,17.116694648417614,1.936067877536326
2018-08-20 00:00:00+00:00,-34.96944,-71.21694,220.0,open-meteo_ecmwf_ifs,daily,18.9605,0.1605,16.8,1.5105003,1.7863278,61.681393,0.0,17.28530354441421,1.9537571256462156
2018-08-21 00:00:00+00:00,-34.96944,-71.21694,220.0,open-meteo_ecmwf_ifs,daily,15.8105,2.7605002,12.89,6.2854996,1.0311525,84.73065,0.0,17.45563794187867,1.3720275656937317
2018-08-22 00:00:00+00:00,-34.96944,-71.21694,220.0,open-meteo_ecmwf_ifs,daily,10.910501,5.7105,5.03,6.94175,2.6068652,89.92687,1.1,17.627638454815123,0.8228646875660802
2018-08-23 00:00:00+00:00,-34.96944,-71.21694,220.0,open-meteo_ecmwf_ifs,daily,12.0605,3.4605,6.41,5.431333,3.234001,89.36144,26.9,17.80124482673298,1.0400019182738025
2018-08-24 00:00:00+00:00,-34.96944,-71.21694,220.0,open-meteo_ecmwf_ifs,daily,11.910501,-1.6895,16.8,1.3355001,2.808561,82.89622,0.0,17.976395965528674,1.5193517565940562
2018-08-25 00:00:00+00:00,-34.96944,-71.21694,220.0,open-meteo_ecmwf_ifs,daily,16.560501,0.9605,16.91,3.32925,4.300351,76.97319,0.0,18.15302997992867,2.1226091974591963
2018-08-26 00:00:00+00:00,-34.96944,-71.21694,220.0,open-meteo_ecmwf_ifs,daily,19.8605,4.5105,16.17,8.256333,3.4163504,86.05128,0.0,18.331084217435173,2.0622333143260296
2018-08-27 00:00:00+00:00,-34.96944,-71.21694,220.0,open-meteo_ecmwf_ifs,daily,15.910501,9.5105,10.36,10.243834,1.0981193,88.054985,0.0,18.51049530371174,1.4156592089203792
2018-08-28 00:00:00+00:00,-34.96944,-71.21694,220.0,open-meteo_ecmwf_ifs,daily,13.3605,6.6605,14.37,7.3292503,2.4202697,90.75381,0.0,18.6911991833419,1.6150489462870965
2018-08-29 00:00:00+00:00,-34.96944,-71.21694,220.0,open-meteo_ecmwf_ifs,daily,13.660501,5.0105,8.13,6.6688333,2.482293,90.93113,0.0,18.873131161890438,1.2392985527379599
2018-08-30 00:00:00+00:00,-34.96944,-71.21694,220.0,open-meteo_ecmwf_ifs,daily,16.2605,6.7605,12.76,8.570917,1.9343802,87.802864,2.1,19.05622594919296,1.6363246054252902
2018-08-31 00:00:00+00:00,-34.96944,-71.21694,220.0,open-meteo_ecmwf_ifs,daily,13.660501,4.9605,8.37,7.6292496,1.4342662,87.84704,2.9,19.24041770379641,1.1213238063234003
2018-09-01 00:00:00+00:00,-34.96944,-71.21694,220.0,open-meteo_ecmwf_ifs,daily,14.910501,6.5604997,16.3,7.8438334,1.7510118,87.97821,0.8000001,19.425640078469602,1.8304237227759137
2018-09-02 00:00:00+00:00,-34.96944,-71.21694,220.0,open-meteo_ecmwf_ifs,daily,15.410501,5.8605,16.1,7.0646667,2.9324942,87.11084,0.0,19.611826266699808,1.947974996187432
2018-09-03 00:00:00+00:00,-34.96944,-71.21694,220.0,open-meteo_ecmwf_ifs,daily,21.310501,6.6105,18.82,8.847999,3.3194005,80.485085,0.0,19.798909050089005,2.648104943768577
2018-09-04 00:00:00+00:00,-34.96944,-71.21694,220.0,open-meteo_ecmwf_ifs,daily,20.3605,7.5604997,18.05,10.152167,2.2426932,82.271904,0.0,19.986820846560157,2.339736394977945
2018-09-05 00:00:00+00:00,-34.96944,-71.21694,220.0,open-meteo_ecmwf_ifs,daily,16.6105,9.6105,10.49,8.870917,2.1398737,81.71249,0.0,20.175493759282023,1.7924955003107912
2018-09-06 00:00:00+00:00,-34.96944,-71.21694,220.0,open-meteo_ecmwf_ifs,daily,16.2605,7.5604997,17.78,7.8750825,3.9116366,83.77808,0.0,20.364859626218653,2.319804400429634
2018-09-07 00:00:00+00:00,-34.96944,-71.21694,220.0,open-meteo_ecmwf_ifs,daily,14.660501,2.8105001,17.08,4.014666,3.2902024,77.20911,0.0,20.554850070207443,2.092353137213366
2018-09-08 00:00:00+00:00,-34.96944,-71.21694,220.0,open-meteo_ecmwf_ifs,daily,15.2605,4.0105,17.2,5.4917502,3.092847,81.89182,0.0,20.745396549468758,2.091040588396354
2018-09-09 00:00:00+00:00,-34.96944,-71.21694,220.0,open-meteo_ecmwf_ifs,daily,19.9605,5.6605,17.15,7.8229995,1.382226,84.18086,0.0,20.936430408447634,2.257654927085045
2018-09-10 00:00:00+00:00,-34.96944,-71.21694,220.0,open-meteo_ecmwf_ifs,daily,19.9105,4.8605,18.48,8.189668,2.5633938,84.75002,0.0,21.12788292888789,2.3894932555428228
2018-09-11 00:00:00+00:00,-34.96944,-71.21694,220.0,open-meteo_ecmwf_ifs,daily,16.1605,7.5604997,14.97,8.443833,2.8797894,81.65594,0.0,21.31968538103737,2.037091716609872
2018-09-12 00:00:00+00:00,-34.96944,-71.21694,220.0,open-meteo_ecmwf_ifs,daily,15.410501,7.9605,15.45,8.560501,3.1537406,84.209656,0.0,21.51176907488246,2.033156846993817
2018-09-13 00:00:00+00:00,-34.96944,-71.21694,220.0,open-meteo_ecmwf_ifs,daily,17.2105,6.1605,14.65,7.850083,1.6447212,84.68673,0.0,21.704065411310285,1.9894642408652163
2018-09-14 00:00:00+00:00,-34.96944,-71.21694,220.0,open-meteo_ecmwf_ifs,daily,17.0105,6.6105,10.4,8.856334,1.3979067,85.91745,0.0,21.896505933095714,1.5822583299074824
2018-09-15 00:00:00+00:00,-34.96944,-71.21694,220.0,open-meteo_ecmwf_ifs,daily,15.660501,9.6105,7.21,9.735499,1.2103735,85.63037,1.8000002,22.089022375611723,1.3401249378500681
2018-09-16 00:00:00+00:00,-34.96944,-71.21694,220.0,open-meteo_ecmwf_ifs,daily,18.1605,6.6105,15.66,7.8896675,1.6126627,82.522285,0.0,22.281546717161095,2.19612357502448
2018-09-17 00:00:00+00:00,-34.96944,-71.21694,220.0,open-meteo_ecmwf_ifs,daily,13.2605,8.8605,3.56,9.202167,1.2728188,90.593506,6.7999997,22.474011228828772,0.9049315625768035
2018-09-18 00:00:00+00:00,-34.96944,-71.21694,220.0,open-meteo_ecmwf_ifs,daily,14.410501,9.8605,12.85,9.618833,3.8326313,86.94107,20.900005,22.666348523755005,1.8398214049491939
2018-09-19 00:00:00+00:00,-34.96944,-71.21694,220.0,open-meteo_ecmwf_ifs,daily,14.2605,5.5105,9.79,7.2438335,1.489233,83.9519,1.9,22.858491605730542,1.4526437654860573
2018-09-20 00:00:00+00:00,-34.96944,-71.21694,220.0,open-meteo_ecmwf_ifs,daily,14.1105,6.9105,4.91,8.431333,1.3012146,87.201805,0.2,23.050373917017037,1.0320237041557245
2018-09-21 00:00:00+00:00,-34.96944,-71.21694,220.0,open-meteo_ecmwf_ifs,daily,23.4605,7.8104997,21.12,10.025085,1.3213961,77.45691,0.8,23.241929385297475,3.017104300776745
2018-09-22 00:00:00+00:00,-34.96944,-71.21694,220.0,open-meteo_ecmwf_ifs,daily,15.0105,8.0605,6.82,10.05425,2.0737667,87.561714,6.9999995,23.43309246966339,1.1804996825379928
2018-09-23 00:00:00+00:00,-34.96944,-71.21694,220.0,open-meteo_ecmwf_ifs,daily,17.060501,9.0605,18.49,8.833417,2.2684286,79.93483,1.0000001,23.623798205548553,2.5863750637608076
2018-09-24 00:00:00+00:00,-34.96944,-71.21694,220.0,open-meteo_ecmwf_ifs,daily,16.1605,6.8104997,13.58,6.5125833,3.5138216,75.38372,0.0,23.813982248520865,2.307057218529056
2018-09-25 00:00:00+00:00,-34.96944,-71.21694,220.0,open-meteo_ecmwf_ifs,daily,13.0605,7.4605,5.91,6.900083,2.857557,82.256226,0.4,24.003580916847607,1.3834999223883628
2018-09-26 00:00:00+00:00,-34.96944,-71.21694,220.0,open-meteo_ecmwf_ifs,daily,21.6605,8.3605,8.82,9.543834,1.7589041,80.35091,0.2,24.192531232752177,1.9674560244905333
2018-09-27 00:00:00+00:00,-34.96944,-71.21694,220.0,open-meteo_ecmwf_ifs,daily,16.8605,9.8105,5.0,9.4938345,2.350513,81.12243,1.8000001,24.38077096228373,1.4658725290583108
2018-09-28 00:00:00+00:00,-34.96944,-71.21694,220.0,open-meteo_ecmwf_ifs,daily,13.8105,10.160501,2.79,9.060501,2.6031604,84.947945,19.200003,24.568238653725345,1.1259442125225148
2018-09-29 00:00:00+00:00,-34.96944,-71.21694,220.0,open-meteo_ecmwf_ifs,daily,15.960501,9.160501,11.53,8.989668,2.1413271,83.631714,6.1,24.754873674469497,1.9324437312696898
2018-09-30 00:00:00+00:00,-34.96944,-71.21694,220.0,open-meteo_ecmwf_ifs,daily,12.160501,8.960501,8.69,7.5834165,2.1195188,83.824104,0.90000004,24.940616246294358,1.5192258997994168
2018-10-01 00:00:00+00:00,-34.96944,-71.21694,220.0,open-meteo_ecmwf_ifs,daily,15.0105,2.6605,24.47,2.1125834,4.709276,64.0483,0.0,25.12540747897878,3.143288310133343
2018-10-02 00:00:00+00:00,-34.96944,-71.21694,220.0,open-meteo_ecmwf_ifs,daily,16.560501,2.4105,24.03,3.443833,3.7760823,72.65548,0.0,25.309189402197646,3.047057199704852
2018-10-03 00:00:00+00:00,-34.96944,-71.21694,220.0,open-meteo_ecmwf_ifs,daily,18.2105,2.6605,24.61,5.1771665,3.9276705,75.46238,0.0,25.491904995645008,3.097883595655051
2018-10-04 00:00:00+00:00,-34.96944,-71.21694,220.0,open-meteo_ecmwf_ifs,daily,23.6605,4.7105,23.09,8.527166,2.5765593,80.16134,0.1,25.673498217336604,3.381154906403792
2018-10-05 00:00:00+00:00,-34.96944,-71.21694,220.0,open-meteo_ecmwf_ifs,daily,20.1105,8.7605,17.74,10.298,2.0061214,82.9481,0.0,25.85391403004862,2.7220809467497116
2018-10-06 00:00:00+00:00,-34.96944,-71.21694,220.0,open-meteo_ecmwf_ifs,daily,19.6605,7.7605,20.34,10.4105,1.6582861,87.04786,0.0,26.033098425854924,2.82498871620101
2018-10-07 00:00:00+00:00,-34.96944,-71.21694,220.0,open-meteo_ecmwf_ifs,daily,15.6105,9.660501,9.07,9.943833,1.8712331,86.47144,1.0,26.210998448729903,1.6324968275629463
2018-10-08 00:00:00+00:00,-34.96944,-71.21694,220.0,open-meteo_ecmwf_ifs,daily,14.460501,8.660501,8.08,8.450084,2.299337,81.89776,17.1,26.387562215190066,1.5751894688857921
2018-10-09 00:00:00+00:00,-34.96944,-71.21694,220.0,open-meteo_ecmwf_ifs,daily,15.910501,6.7105,22.59,5.806333,4.472314,72.13027,1.1,26.56273893295237,3.1833033509393327
2018-10-10 00:00:00+00:00,-34.96944,-71.21694,220.0,open-meteo_ecmwf_ifs,daily,15.8605,1.9104999,16.29,4.5167503,2.999522,77.19979,0.0,26.736478917593573,2.2596733989448294
2018-10-11 00:00:00+00:00,-34.96944,-71.21694,220.0,open-meteo_ecmwf_ifs,daily,18.1105,7.4605,17.72,8.933417,2.4644046,79.62609,1.0,26.908733607199842,2.6180175958649694
2018-10-12 00:00:00+00:00,-34.96944,-71.21694,220.0,open-meteo_ecmwf_ifs,daily,17.310501,8.460501,13.92,8.514667,2.1743731,80.65368,0.0,27.07945557500212,2.3358038459267134
2018-10-13 00:00:00+00:00,-34.96944,-71.21694,220.0,open-meteo_ecmwf_ifs,daily,18.4605,7.1605,23.93,7.2834163,1.8574055,75.946594,0.0,27.248598539998,3.3293975989219713
2018-10-14 00:00:00+00:00,-34.96944,-71.21694,220.0,open-meteo_ecmwf_ifs,daily,19.7105,6.3605,24.56,8.756333,1.6791086,77.44486,0.0,27.416117375566873,3.3188408186813656
2018-10-15 00:00:00+00:00,-34.96944,-71.21694,220.0,open-meteo_ecmwf_ifs,daily,19.560501,6.7605,17.1,8.773,2.2972746,83.220024,0.0,27.581968116090497,2.6762189508476726
2018-10-16 00:00:00+00:00,-34.96944,-71.21694,220.0,open-meteo_ecmwf_ifs,daily,18.6605,10.1105,13.99,9.687583,2.147285,78.51362,0.2,27.746107961597005,2.5086697796845185
2018-10-17 00:00:00+00:00,-34.96944,-71.21694,220.0,open-meteo_ecmwf_ifs,daily,17.3605,10.2605,15.74,8.637584,4.169539,75.39484,1.1,27.908495280451483,2.9100173906419937
2018-10-18 00:00:00+00:00,-34.96944,-71.21694,220.0,open-meteo_ecmwf_ifs,daily,20.4105,6.2105,25.91,8.254251,1.8573629,73.40157,0.0,28.0690896101225,3.57926306116022
2018-10-19 00:00:00+00:00,-34.96944,-71.21694,220.0,open-meteo_ecmwf_ifs,daily,21.2605,6.0604997,24.48,8.487584,2.0237896,74.13924,0.0,28.227851656058174,3.5079841963742577
2018-10-20 00:00:00+00:00,-34.96944,-71.21694,220.0,open-meteo_ecmwf_ifs,daily,19.0105,8.210501,18.99,7.8834157,2.7486055,72.56311,0.0,28.384743288711697,3.1267424694650177
2018-10-21 00:00:00+00:00,-34.96944,-71.21694,220.0,open-meteo_ecmwf_ifs,daily,19.5105,6.7605,25.51,6.6188335,4.291001,70.31121,0.0,28.53972753876058,3.880895725003406
2018-10-22 00:00:00+00:00,-34.96944,-71.21694,220.0,open-meteo_ecmwf_ifs,daily,19.9105,6.8104997,23.85,6.0917506,3.054847,65.07388,0.0,28.69276859056888,3.76340837141387
2018-10-23 00:00:00+00:00,-34.96944,-71.21694,220.0,open-meteo_ecmwf_ifs,daily,20.1605,9.3105,11.45,9.508417,1.8220845,75.3681,0.2,28.84383177394665,2.3202005699326844
2018-10-24 00:00:00+00:00,-34.96944,-71.21694,220.0,open-meteo_ecmwf_ifs,daily,20.2605,8.660501,21.8,9.64175,1.8136016,77.91938,1.9000001,28.992883554265017,3.3237796266092268
2018-10-25 00:00:00+00:00,-34.96944,-71.21694,220.0,open-meteo_ecmwf_ifs,daily,21.8605,9.2605,27.02,10.356333,2.2785337,73.621704,0.2,29.139891520989593,4.051683849800676
2018-10-26 00:00:00+00:00,-34.96944,-71.21694,220.0,open-meteo_ecmwf_ifs,daily,23.310501,8.460501,27.53,10.220918,2.346743,71.418724,0.0,29.28482437469926,4.202412379628517
2018-10-27 00:00:00+00:00,-34.96944,-71.21694,220.0,open-meteo_ecmwf_ifs,daily,21.4605,12.2605,18.71,11.908418,2.925739,74.56928,0.0,29.42765191266028,3.375209534081457
2018-10-28 00:00:00+00:00,-34.96944,-71.21694,220.0,open-meteo_ecmwf_ifs,daily,23.1605,11.0105,15.47,12.70425,1.8931214,79.246605,1.1,29.56834501303038,2.861081623066228
2018-10-29 00:00:00+00:00,-34.96944,-71.21694,220.0,open-meteo_ecmwf_ifs,daily,17.560501,13.3105,6.55,13.714667,1.727479,92.016014,31.300001,29.706875617769114,1.4193627962788686
2018-10-30 00:00:00+00:00,-34.96944,-71.21694,220.0,open-meteo_ecmwf_ifs,daily,21.1105,10.410501,21.54,11.522999,1.482222,79.18868,3.9,29.8432167143351,3.398486920085357
2018-10-31 00:00:00+00:00,-34.96944,-71.21694,220.0,open-meteo_ecmwf_ifs,daily,21.7105,11.0105,22.78,11.520919,2.2443066,78.58686,0.1,29.977342316252,3.7026486089219333
2018-11-01 00:00:00+00:00,-34.96944,-71.21694,220.0,open-meteo_ecmwf_ifs,daily,15.460501,8.960501,5.84,9.131333,1.3278047,80.69254,5.1,30.10922744262811,1.3601886254309283
2018-11-02 00:00:00+00:00,-34.96944,-71.21694,220.0,open-meteo_ecmwf_ifs,daily,18.1605,9.5605,16.97,9.937583,3.53039,77.810936,15.0,30.23884809671591,2.811312927162403
2018-11-03 00:00:00+00:00,-34.96944,-71.21694,220.0,open-meteo_ecmwf_ifs,daily,22.7605,8.3605,26.23,10.604251,1.6995941,78.806435,0.0,30.36618124359914,3.9869386540599594
2018-11-04 00:00:00+00:00,-34.96944,-71.21694,220.0,open-meteo_ecmwf_ifs,daily,21.5105,7.5105,28.8,9.168834,1.5945125,74.62287,0.0,30.491204787096787,4.167966298472617
2018-11-05 00:00:00+00:00,-34.96944,-71.21694,220.0,open-meteo_ecmwf_ifs,daily,21.9105,11.1105,25.58,11.352166,3.9315214,78.12543,0.0,30.61389754597306,4.178790256508945
2018-11-06 00:00:00+00:00,-34.96944,-71.21694,220.0,open-meteo_ecmwf_ifs,daily,23.3605,7.4605,28.06,9.373,3.568186,71.78692,0.0,30.73423922954374,4.395100946835426
2018-11-07 00:00:00+00:00,-34.96944,-71.21694,220.0,open-meteo_ecmwf_ifs,daily,27.4605,10.160501,29.6,12.385501,1.8762864,73.94857,0.0,30.852210412768695,4.931928531028832
2018-11-08 00:00:00+00:00,-34.96944,-71.21694,220.0,open-meteo_ecmwf_ifs,daily,27.0105,13.0605,29.62,14.068835,2.046957,74.437256,0.0,30.967792510919956,5.097023391234666
2018-11-09 00:00:00+00:00,-34.96944,-71.21694,220.0,open-meteo_ecmwf_ifs,daily,25.1605,8.910501,25.58,8.66675,1.7057911,61.313885,0.0,31.080967753914248,4.355863133909587
2018-11-10 00:00:00+00:00,-34.96944,-71.21694,220.0,open-meteo_ecmwf_ifs,daily,19.5105,8.7605,17.62,10.720918,1.8219532,78.3566,5.0,31.19171916039752,2.8059779960955518
2018-11-11 00:00:00+00:00,-34.96944,-71.21694,220.0,open-meteo_ecmwf_ifs,daily,21.7605,11.410501,22.24,10.935501,1.490427,75.34281,1.3000001,31.30003051166736,3.726621590122284
2018-11-12 00:00:00+00:00,-34.96944,-71.21694,220.0,open-meteo_ecmwf_ifs,daily,18.4105,12.0605,18.23,10.20425,1.7130898,74.67538,11.9,31.405886325517805,3.1247672453771016
2018-11-13 00:00:00+00:00,-34.96944,-71.21694,220.0,open-meteo_ecmwf_ifs,daily,18.810501,7.3104997,21.55,10.100083,0.88323265,81.384514,3.1,31.509271830088263,3.1461945902877386
2018-11-14 00:00:00+00:00,-34.96944,-71.21694,220.0,open-meteo_ecmwf_ifs,daily,22.9105,8.1105,28.89,10.552168,2.2670238,76.80804,0.2,31.61017293779607,4.349197829964367
2018-11-15 00:00:00+00:00,-34.96944,-71.21694,220.0,open-meteo_ecmwf_ifs,daily,23.560501,9.910501,28.88,11.116749,2.8014147,70.45408,0.0,31.708576219429492,4.612842806254932
2018-11-16 00:00:00+00:00,-34.96944,-71.21694,220.0,open-meteo_ecmwf_ifs,daily,23.8605,11.160501,29.96,10.756335,1.8845081,68.28597,0.2,31.804468878474452,4.8818838979317105
2018-11-17 00:00:00+00:00,-34.96944,-71.21694,220.0,open-meteo_ecmwf_ifs,daily,20.5105,11.8605,20.63,10.987584,1.4606181,74.97515,3.8,31.897838725745213,3.4892517800678715
2018-11-18 00:00:00+00:00,-34.96944,-71.21694,220.0,open-meteo_ecmwf_ifs,daily,23.9605,8.5605,31.87,9.385501,4.073295,67.22384,0.0,31.988674154385606,5.114680509417228
2018-11-19 00:00:00+00:00,-34.96944,-71.21694,220.0,open-meteo_ecmwf_ifs,daily,26.3605,10.460501,29.95,10.873001,3.2468913,68.61744,0.0,32.07696411530323,5.282839421394677
2018-11-20 00:00:00+00:00,-34.96944,-71.21694,220.0,open-meteo_ecmwf_ifs,daily,26.060501,11.8105,29.82,12.570918,2.8367443,71.047,0.0,32.16269809309547,5.153136596129179
2018-11-21 00:00:00+00:00,-34.96944,-71.21694,220.0,open-meteo_ecmwf_ifs,daily,26.5105,12.7605,29.17,12.956332,2.8672998,72.65803,0.0,32.24586608252163,5.228805426161497
2018-11-22 00:00:00+00:00,-34.96944,-71.21694,220.0,open-meteo_ecmwf_ifs,daily,24.4605,14.5605,27.24,13.093834,4.003588,71.93674,0.0,32.32645856557131,5.091828984537642
2018-11-23 00:00:00+00:00,-34.96944,-71.21694,220.0,open-meteo_ecmwf_ifs,daily,25.8605,9.460501,31.46,8.34175,3.9123201,57.76932,0.0,32.40446648917473,5.680296875289233
2018-11-24 00:00:00+00:00,-34.96944,-71.21694,220.0,open-meteo_ecmwf_ifs,daily,26.6605,9.910501,31.82,8.727168,3.4370003,61.27559,0.0,32.47988124359616,5.76774010706539
2018-11-25 00:00:00+00:00,-34.96944,-71.21694,220.0,open-meteo_ecmwf_ifs,daily,26.8605,12.0605,29.08,9.1355,3.0432165,56.544132,0.0,32.552694641547234,5.66444604911685
2018-11-26 00:00:00+00:00,-34.96944,-71.21694,220.0,open-meteo_ecmwf_ifs,daily,26.3605,10.410501,31.86,8.57925,3.2184136,56.33372,0.0,32.62289889805212,5.7800626355179565
2018-11-27 00:00:00+00:00,-34.96944,-71.21694,220.0,open-meteo_ecmwf_ifs,daily,27.560501,10.2605,31.59,8.918834,3.6086109,58.729492,0.0,32.690486611092645,5.950966858693253
2018-11-28 00:00:00+00:00,-34.96944,-71.21694,220.0,open-meteo_ecmwf_ifs,daily,28.3605,11.3105,31.36,8.979251,2.347417,54.675827,0.0,32.75545074305628,5.824921231564793
2018-11-29 00:00:00+00:00,-34.96944,-71.21694,220.0,open-meteo_ecmwf_ifs,daily,27.8605,11.2605,32.0,8.958417,1.9504718,54.069767,0.0,32.81778460300631,5.7214320659541835
2018-11-30 00:00:00+00:00,-34.96944,-71.21694,220.0,open-meteo_ecmwf_ifs,daily,22.9605,13.3605,19.14,11.364666,2.9785764,63.75838,0.2,32.87748182978914,3.9605570072532554
2018-12-01 00:00:00+00:00,-34.96944,-71.21694,220.0,open-meteo_ecmwf_ifs,daily,28.0105,11.710501,25.85,10.20425,2.173806,56.03545,0.0,32.93453637598946,5.053399582184019
2018-12-02 00:00:00+00:00,-34.96944,-71.21694,220.0,open-meteo_ecmwf_ifs,daily,28.310501,13.210501,30.54,9.2750845,1.7069567,50.277843,0.0,32.988942492740705,5.6838847655899984
2018-12-03 00:00:00+00:00,-34.96944,-71.21694,220.0,open-meteo_ecmwf_ifs,daily,28.7105,11.910501,30.84,10.666751,1.985557,59.52804,0.0,33.04069471539451,5.6619997971295914
2018-12-04 00:00:00+00:00,-34.96944,-71.21694,220.0,open-meteo_ecmwf_ifs,daily,22.7605,15.1105,11.93,11.395917,1.7588173,65.906265,0.3,33.08978785004932,2.968463784488474
2018-12-05 00:00:00+00:00,-34.96944,-71.21694,220.0,open-meteo_ecmwf_ifs,daily,26.6605,14.2605,23.19,11.477166,2.1455095,61.749706,0.0,33.1362169609361,4.753237947843584
2018-12-06 00:00:00+00:00,-34.96944,-71.21694,220.0,open-meteo_ecmwf_ifs,daily,31.2105,11.410501,31.53,11.273,2.033738,57.28467,0.0,33.17997735865554,5.937166189792254
2018-12-07 00:00:00+00:00,-34.96944,-71.21694,220.0,open-meteo_ecmwf_ifs,daily,28.7605,13.210501,31.19,13.322999,1.6561867,66.83809,0.0,33.22106458925932,5.619502133292441
2018-12-08 00:00:00+00:00,-34.96944,-71.21694,220.0,open-meteo_ecmwf_ifs,daily,26.0105,14.660501,27.58,10.345918,2.7095826,60.309116,0.2,33.25947442416616,5.535635879387651
2018-12-09 00:00:00+00:00,-34.96944,-71.21694,220.0,open-meteo_ecmwf_ifs,daily,27.5105,11.5105,32.64,10.183417,1.4544128,60.357693,0.0,33.295202850901156,5.624453924308466
2018-12-10 00:00:00+00:00,-34.96944,-71.21694,220.0,open-meteo_ecmwf_ifs,daily,27.8605,12.960501,31.91,9.797999,2.3189657,55.622166,0.0,33.32824606464601,5.988898709788714
2018-12-11 00:00:00+00:00,-34.96944,-71.21694,220.0,open-meteo_ecmwf_ifs,daily,27.2105,14.0605,30.9,9.183416,2.4732695,52.03652,0.0,33.358600460586864,6.01958145973847
2018-12-12 00:00:00+00:00,-34.96944,-71.21694,220.0,open-meteo_ecmwf_ifs,daily,28.2605,11.8605,32.01,9.523002,3.5406468,55.021442,0.0,33.38626262704543,6.285083081555177
2018-12-13 00:00:00+00:00,-34.96944,-71.21694,220.0,open-meteo_ecmwf_ifs,daily,23.6605,11.7605,27.42,5.923,2.8671672,50.24011,0.0,33.411229339379474,5.361172471111885
2018-12-14 00:00:00+00:00,-34.96944,-71.21694,220.0,open-meteo_ecmwf_ifs,daily,24.5105,11.960501,32.67,7.0188336,3.1984723,55.39113,0.0,33.43349755463817,6.0313861527146235
2018-12-15 00:00:00+00:00,-34.96944,-71.21694,220.0,open-meteo_ecmwf_ifs,daily,26.7605,9.460501,33.21,5.5209165,3.5639079,47.534473,0.0,33.45306440695874,6.296871028978703
2018-12-16 00:00:00+00:00,-34.96944,-71.21694,220.0,open-meteo_ecmwf_ifs,daily,29.2605,11.5105,33.16,8.329251,2.800204,49.74495,0.0,33.46992720369121,6.400959734352315
2018-12-17 00:00:00+00:00,-34.96944,-71.21694,220.0,open-meteo_ecmwf_ifs,daily,29.1605,14.160501,27.54,12.089665,2.6200588,60.612705,0.0,33.48408342223927,5.661615280243225
2018-12-18 00:00:00+00:00,-34.96944,-71.21694,220.0,open-meteo_ecmwf_ifs,daily,32.0605,15.2605,32.57,11.650083,1.9763793,52.156734,0.0,33.4955307076064,6.526660762413877
2018-12-19 00:00:00+00:00,-34.96944,-71.21694,220.0,open-meteo_ecmwf_ifs,daily,29.3605,14.3105,32.05,10.791751,2.3101404,52.254547,0.0,33.50426687063783,6.263063093417172
2018-12-20 00:00:00+00:00,-34.96944,-71.21694,220.0,open-meteo_ecmwf_ifs,daily,27.0105,12.960501,30.11,9.7750845,2.194545,56.51118,0.0,33.51028988695063,5.657038233640584
2018-12-21 00:00:00+00:00,-34.96944,-71.21694,220.0,open-meteo_ecmwf_ifs,daily,31.7105,14.2605,33.04,10.820918,2.6219325,51.535145,0.0,33.513597896546216,6.763074267407655
2018-12-22 00:00:00+00:00,-34.96944,-71.21694,220.0,open-meteo_ecmwf_ifs,daily,30.060501,14.1105,31.68,11.923001,2.436332,57.468414,0.0,33.51418920410101,6.234105789615765
2018-12-23 00:00:00+00:00,-34.96944,-71.21694,220.0,open-meteo_ecmwf_ifs,daily,31.0105,13.1105,32.9,11.660501,1.7621821,58.057796,0.0,33.51206227993348,6.174570455886045
2018-12-24 00:00:00+00:00,-34.96944,-71.21694,220.0,open-meteo_ecmwf_ifs,daily,31.6105,15.8605,32.59,11.8063345,2.0307996,50.543564,0.0,33.50721576164766,6.562753404542772
2018-12-25 00:00:00+00:00,-34.96944,-71.21694,220.0,open-meteo_ecmwf_ifs,daily,32.1605,14.6105,32.59,12.429249,1.8873016,54.581524,0.0,33.4996484564552,6.402222781549272
2018-12-26 00:00:00+00:00,-34.96944,-71.21694,220.0,open-meteo_ecmwf_ifs,daily,29.2105,15.0605,31.86,12.950085,2.333421,58.418377,0.0,33.48935934418021,6.156845873980557
2018-12-27 00:00:00+00:00,-34.96944,-71.21694,220.0,open-meteo_ecmwf_ifs,daily,28.0105,11.910501,32.9,9.258418,3.5176842,53.300182,0.0,33.47634758095287,6.382908581540485
2018-12-28 00:00:00+00:00,-34.96944,-71.21694,220.0,open-meteo_ecmwf_ifs,daily,28.9105,13.8105,33.03,9.614667,2.2805586,51.721146,0.0,33.4606125035998,6.339229274803391
2018-12-29 00:00:00+00:00,-34.96944,-71.21694,220.0,open-meteo_ecmwf_ifs,daily,26.6105,12.8605,33.26,5.5813327,2.929208,41.797752,0.0,33.442153634740734,6.5085779392391405
2018-12-30 00:00:00+00:00,-34.96944,-71.21694,220.0,open-meteo_ecmwf_ifs,daily,28.060501,11.3605,33.16,7.0292516,3.8588314,51.01065,0.0,33.42097068860247,6.681528130791783
2018-12-31 00:00:00+00:00,-34.96944,-71.21694,220.0,open-meteo_ecmwf_ifs,daily,29.6605,11.160501,33.71,5.098,2.872219,40.457806,0.0,33.39706357756235,6.7171443910073245
2019-01-01 00:00:00+00:00,-34.96944,-71.21694,220.0,open-meteo_ecmwf_ifs,daily,30.310501,12.2605,32.92,9.80425,3.3065336,51.99309,0.0,33.37043241943461,6.635285494735331
2019-01-02 00:00:00+00:00,-34.96944,-71.21694,220.0,open-meteo_ecmwf_ifs,daily,28.7605,11.5105,33.68,4.95425,5.610536,40.040073,0.0,33.34107754551343,7.672573656970834
2019-01-03 00:00:00+00:00,-34.96944,-71.21694,220.0,open-meteo_ecmwf_ifs,daily,29.1605,9.5105,33.97,4.8542495,4.412244,42.739475,0.0,33.30899950938714,7.0522954005239695
2019-01-04 00:00:00+00:00,-34.96944,-71.21694,220.0,open-meteo_ecmwf_ifs,daily,32.2605,11.660501,32.85,10.527167,2.8084137,52.53011,0.0,33.274199096537856,6.563982433179107
2019-01-05 00:00:00+00:00,-34.96944,-71.21694,220.0,open-meteo_ecmwf_ifs,daily,28.7105,13.960501,32.17,12.5605,2.101702,60.134434,0.0,33.23667733474083,5.967283532372507
2019-01-06 00:00:00+00:00,-34.96944,-71.21694,220.0,open-meteo_ecmwf_ifs,daily,27.1605,14.3105,24.59,12.485501,1.9618505,63.25766,0.0,33.19643550527701,4.846918653935951
2019-01-07 00:00:00+00:00,-34.96944,-71.21694,220.0,open-meteo_ecmwf_ifs,daily,25.6105,15.660501,23.57,11.177166,2.334432,59.186954,0.0,33.153475154971275,4.9261616362787946
2019-01-08 00:00:00+00:00,-34.96944,-71.21694,220.0,open-meteo_ecmwf_ifs,daily,22.4605,14.0105,8.99,10.239667,2.0331566,65.41686,1.7,33.10779810906772,2.712766158633802
2019-01-09 00:00:00+00:00,-34.96944,-71.21694,220.0,open-meteo_ecmwf_ifs,daily,21.1605,13.8105,13.11,10.581334,1.7115146,65.940544,1.7,33.05940648495136,2.9344728971207803
2019-01-10 00:00:00+00:00,-34.96944,-71.21694,220.0,open-meteo_ecmwf_ifs,daily,26.9105,10.7605,31.8,7.875084,3.0878751,52.66361,0.0,33.008302706723704,5.958372229839155
2019-01-11 00:00:00+00:00,-34.96944,-71.21694,220.0,open-meteo_ecmwf_ifs,daily,28.5105,11.460501,32.13,7.7417507,2.5842583,48.333935,0.0,32.954489520637416,6.125802809579128
2019-01-12 00:00:00+00:00,-34.96944,-71.21694,220.0,open-meteo_ecmwf_ifs,daily,27.3605,12.160501,28.37,9.445917,1.9481183,55.553375,0.0,32.89797001139226,5.310420973870072
2019-01-13 00:00:00+00:00,-34.96944,-71.21694,220.0,open-meteo_ecmwf_ifs,daily,28.310501,16.4105,28.87,8.92925,2.109596,46.12856,0.0,32.83874761929142,5.9669741984407505
2019-01-14 00:00:00+00:00,-34.96944,-71.21694,220.0,open-meteo_ecmwf_ifs,daily,27.6605,14.2605,24.35,10.331333,1.905405,54.821457,1.5,32.77682615825459,4.975772930736557
2019-01-15 00:00:00+00:00,-34.96944,-71.21694,220.0,open-meteo_ecmwf_ifs,daily,31.7105,12.660501,31.81,10.985501,2.1029103,56.466602,0.0,32.71220983467969,6.163691121694672
2019-01-16 00:00:00+00:00,-34.96944,-71.21694,220.0,open-meteo_ecmwf_ifs,daily,28.7105,14.8105,30.32,3.91675,3.1355512,32.166874,0.0,32.644903267141835,6.830683309532209
2019-01-17 00:00:00+00:00,-34.96944,-71.21694,220.0,open-meteo_ecmwf_ifs,daily,29.8605,13.2605,29.79,6.8834157,2.7205257,41.382343,0.0,32.57491150691393,6.312862880371185
2019-01-18 00:00:00+00:00,-34.96944,-71.21694,220.0,open-meteo_ecmwf_ifs,daily,34.2105,14.460501,32.18,9.552167,2.2293208,44.09183,0.0,32.502240059289065,6.753673252938738
2019-01-19 00:00:00+00:00,-34.96944,-71.21694,220.0,open-meteo_ecmwf_ifs,daily,31.6105,14.0605,31.95,11.162585,2.2776625,53.18382,0.0,32.42689490568022,6.358129849668763
2019-01-20 00:00:00+00:00,-34.96944,-71.21694,220.0,open-meteo_ecmwf_ifs,daily,30.6105,13.3105,31.45,12.523,1.8692492,60.572998,0.0,32.348882526468635,5.885540938153473
2019-01-21 00:00:00+00:00,-34.96944,-71.21694,220.0,open-meteo_ecmwf_ifs,daily,32.0605,13.710501,32.25,9.904251,3.2148745,49.695705,0.0,32.268209924567216,6.875238878508794
2019-01-22 00:00:00+00:00,-34.96944,-71.21694,220.0,open-meteo_ecmwf_ifs,daily,30.9605,14.2605,30.4,7.7438335,3.246931,44.177044,0.0,32.184884649661086,6.793446302456375
2019-01-23 00:00:00+00:00,-34.96944,-71.21694,220.0,open-meteo_ecmwf_ifs,daily,31.5105,12.660501,28.83,8.098,2.4428995,45.6256,0.0,32.098914823082154,6.067806476275132
2019-01-24 00:00:00+00:00,-34.96944,-71.21694,220.0,open-meteo_ecmwf_ifs,daily,32.1105,14.2605,31.1,9.298001,1.8499664,45.22005,0.0,32.0103091632706,6.172363923932005
2019-01-25 00:00:00+00:00,-34.96944,-71.21694,220.0,open-meteo_ecmwf_ifs,daily,31.9105,16.0105,30.34,11.927167,2.097183,52.622375,0.0,31.919077011770938,6.231520334947225
2019-01-26 00:00:00+00:00,-34.96944,-71.21694,220.0,open-meteo_ecmwf_ifs,daily,34.1105,14.2605,31.78,7.648001,3.6093562,39.98856,0.0,31.8252283597063,7.510684599034891
2019-01-27 00:00:00+00:00,-34.96944,-71.21694,220.0,open-meteo_ecmwf_ifs,daily,33.7105,15.0105,31.5,7.748001,3.7980595,39.143898,0.0,31.728773874669812,7.615635060688946
2019-01-28 00:00:00+00:00,-34.96944,-71.21694,220.0,open-meteo_ecmwf_ifs,daily,32.7605,12.910501,31.78,5.889667,3.2434883,37.576767,0.0,31.629724927968127,7.085202932668134
2019-01-29 00:00:00+00:00,-34.96944,-71.21694,220.0,open-meteo_ecmwf_ifs,daily,31.6605,14.3605,30.27,11.589667,1.7339487,51.901882,0.0,31.52809362214779,5.865471958795009
2019-01-30 00:00:00+00:00,-34.96944,-71.21694,220.0,open-meteo_ecmwf_ifs,daily,32.6605,15.410501,30.17,12.881335,2.0285485,55.80991,0.0,31.42389281873139,6.1077536247439435
2019-01-31 00:00:00+00:00,-34.96944,-71.21694,220.0,open-meteo_ecmwf_ifs,daily,32.9105,15.8105,30.64,7.4271674,3.4213696,36.801506,0.0,31.31713616608704,7.306701186340515
2019-02-01 00:00:00+00:00,-34.96944,-71.21694,220.0,open-meteo_ecmwf_ifs,daily,33.3105,14.2605,30.5,9.100083,2.3837788,41.703365,0.0,31.207838127351334,6.452670245916261
2019-02-02 00:00:00+00:00,-34.96944,-71.21694,220.0,open-meteo_ecmwf_ifs,daily,33.0105,15.0605,29.59,11.804252,1.7616588,50.030346,0.0,31.0960140083228,5.929629146764013
2019-02-03 00:00:00+00:00,-34.96944,-71.21694,220.0,open-meteo_ecmwf_ifs,daily,32.3105,16.6105,29.24,13.408418,1.6354054,53.513607,0.0,30.98167998524033,5.832779284405164
2019-02-04 00:00:00+00:00,-34.96944,-71.21694,220.0,open-meteo_ecmwf_ifs,daily,33.1105,15.8105,29.33,14.102166,1.8402363,57.93907,0.0,30.86485313235879,5.898709721318056
2019-02-05 00:00:00+00:00,-34.96944,-71.21694,220.0,open-meteo_ecmwf_ifs,daily,34.4605,16.560501,29.76,14.012584,2.3304837,56.397247,0.0,30.745551449231616,6.378473684180495
2019-02-06 00:00:00+00:00,-34.96944,-71.21694,220.0,open-meteo_ecmwf_ifs,daily,33.1605,16.1105,30.0,10.902168,2.7165508,45.147335,0.0,30.623793887609125,6.606245785904051
2019-02-07 00:00:00+00:00,-34.96944,-71.21694,220.0,open-meteo_ecmwf_ifs,daily,29.8605,16.0105,24.29,10.773002,2.3348167,52.000103,0.0,30.49960037785947,5.382413389687087
2019-02-08 00:00:00+00:00,-34.96944,-71.21694,220.0,open-meteo_ecmwf_ifs,daily,30.0105,14.3605,28.48,7.552168,2.3687258,42.564884,0.0,30.372991854818565,5.9197243800754595
2019-02-09 00:00:00+00:00,-34.96944,-71.21694,220.0,open-meteo_ecmwf_ifs,daily,31.7605,13.7605,29.33,8.533418,2.1371415,42.58446,0.0,30.24399028297479,5.936284044857565
2019-02-10 00:00:00+00:00,-34.96944,-71.21694,220.0,open-meteo_ecmwf_ifs,daily,30.0105,15.160501,27.77,10.081334,1.7984295,49.293537,0.0,30.112618680893874,5.473022116297794
2019-02-11 00:00:00+00:00,-34.96944,-71.21694,220.0,open-meteo_ecmwf_ifs,daily,25.2105,13.460501,20.97,12.668834,3.1091814,68.22236,6.6,29.97890114479025,4.191210963652349
2019-02-12 00:00:00+00:00,-34.96944,-71.21694,220.0,open-meteo_ecmwf_ifs,daily,29.6605,14.960501,26.32,10.158417,2.566494,49.534912,0.0,29.842862871151027,5.5997304270466675
2019-02-13 00:00:00+00:00,-34.96944,-71.21694,220.0,open-meteo_ecmwf_ifs,daily,28.1105,12.5605,28.54,9.683417,2.2274704,53.52287,0.0,29.704530178320624,5.319839408721336
2019-02-14 00:00:00+00:00,-34.96944,-71.21694,220.0,open-meteo_ecmwf_ifs,daily,32.6105,13.410501,28.65,10.410501,2.7814398,49.62857,0.0,29.563930526954767,6.0702782226031555
2019-02-15 00:00:00+00:00,-34.96944,-71.21694,220.0,open-meteo_ecmwf_ifs,daily,30.4105,14.7605,27.78,13.045915,2.70908,54.597355,0.0,29.42109253925515,5.608485367546673
2019-02-16 00:00:00+00:00,-34.96944,-71.21694,220.0,open-meteo_ecmwf_ifs,daily,27.560501,16.7605,22.06,13.770919,2.1491437,64.18075,0.0,29.276046016897567,4.571093344758631
2019-02-17 00:00:00+00:00,-34.96944,-71.21694,220.0,open-meteo_ecmwf_ifs,daily,29.8605,15.460501,25.7,14.648,1.5732619,67.72353,0.0,29.12882195756937,4.8646847988608934
2019-02-18 00:00:00+00:00,-34.96944,-71.21694,220.0,open-meteo_ecmwf_ifs,daily,30.2605,15.5605,26.94,15.3896675,2.0072374,69.12481,0.0,28.97945257003477,5.1404946789100565
2019-02-19 00:00:00+00:00,-34.96944,-71.21694,220.0,open-meteo_ecmwf_ifs,daily,30.6605,15.2605,27.12,13.4313345,2.0103824,59.225662,0.0,28.827971287649802,5.294625938752222
2019-02-20 00:00:00+00:00,-34.96944,-71.21694,220.0,open-meteo_ecmwf_ifs,daily,30.9605,16.6105,22.98,15.916749,2.0293372,68.401695,0.0,28.67441278025241,4.754344491076598
2019-02-21 00:00:00+00:00,-34.96944,-71.21694,220.0,open-meteo_ecmwf_ifs,daily,29.310501,17.5105,20.71,14.658417,2.7763739,65.97468,0.0,28.518812964356897,4.764970964913695
2019-02-22 00:00:00+00:00,-34.96944,-71.21694,220.0,open-meteo_ecmwf_ifs,daily,26.7605,17.9105,16.37,14.368833,2.6789563,65.51757,0.0,28.361209011586123,3.994138173224924
2019-02-23 00:00:00+00:00,-34.96944,-71.21694,220.0,open-meteo_ecmwf_ifs,daily,28.9105,15.160501,26.39,11.135499,3.972597,56.334316,0.0,28.201639355279415,5.879144076090613
2019-02-24 00:00:00+00:00,-34.96944,-71.21694,220.0,open-meteo_ecmwf_ifs,daily,26.4105,11.460501,27.32,5.987583,3.8328593,44.15427,0.0,28.04014369521868,5.655012248287032
2019-02-25 00:00:00+00:00,-34.96944,-71.21694,220.0,open-meteo_ecmwf_ifs,daily,27.5105,9.910501,27.11,4.9605,3.2797654,43.773037,0.0,27.876763000420258,5.451881421274687
2019-02-26 00:00:00+00:00,-34.96944,-71.21694,220.0,open-meteo_ecmwf_ifs,daily,29.310501,10.460501,27.06,6.2396674,2.6039202,45.85821,0.0,27.711539509944963,5.300325916443352
2019-02-27 00:00:00+00:00,-34.96944,-71.21694,220.0,open-meteo_ecmwf_ifs,daily,30.2605,11.8605,26.78,9.062584,2.0516844,53.223007,0.0,27.544516731684592,5.062744793252087
2019-02-28 00:00:00+00:00,-34.96944,-71.21694,220.0,open-meteo_ecmwf_ifs,daily,29.2105,12.2605,25.99,9.914667,1.7791499,54.630077,0.0,27.37573943908791,4.748188886468852
2019-03-01 00:00:00+00:00,-34.96944,-71.21694,220.0,open-meteo_ecmwf_ifs,daily,29.9605,11.460501,25.73,10.318833,2.4960563,60.7439,0.0,27.205253665795478,4.9623878092805915
2019-03-02 00:00:00+00:00,-34.96944,-71.21694,220.0,open-meteo_ecmwf_ifs,daily,30.060501,12.8605,26.01,7.4938335,2.6775324,43.96873,0.0,27.03310669815808,5.419099045023281
2019-03-03 00:00:00+00:00,-34.96944,-71.21694,220.0,open-meteo_ecmwf_ifs,daily,27.2105,14.2605,22.51,8.860501,1.765113,50.784786,0.0,26.8593470656195,4.382612404996892
2019-03-04 00:00:00+00:00,-34.96944,-71.21694,220.0,open-meteo_ecmwf_ifs,daily,24.7605,11.910501,24.64,8.558417,2.9090157,56.3085,0.0,26.684024528950207,4.593035997051337
2019-03-05 00:00:00+00:00,-34.96944,-71.21694,220.0,open-meteo_ecmwf_ifs,daily,27.4605,10.210501,25.71,4.7584167,3.7201405,46.065796,0.0,26.507190066324824,5.457211512361599
2019-03-06 00:00:00+00:00,-34.96944,-71.21694,220.0,open-meteo_ecmwf_ifs,daily,27.9605,11.5605,25.51,5.475083,2.650139,43.044434,0.0,26.32889585724202,5.090033837142901
2019-03-07 00:00:00+00:00,-34.96944,-71.21694,220.0,open-meteo_ecmwf_ifs,daily,27.560501,12.160501,23.45,8.873,2.1185358,55.002213,0.0,26.149195264291617,4.440538426503573
2019-03-08 00:00:00+00:00,-34.96944,-71.21694,220.0,open-meteo_ecmwf_ifs,daily,28.2105,11.0605,23.41,10.666751,2.659425,59.56483,0.0,25.968142812779956,4.4307784530889895
2019-03-09 00:00:00+00:00,-34.96944,-71.21694,220.0,open-meteo_ecmwf_ifs,daily,29.3605,11.460501,24.27,10.312584,1.9141928,59.93904,0.0,25.785794168230257,4.4191153535224625
2019-03-10 00:00:00+00:00,-34.96944,-71.21694,220.0,open-meteo_ecmwf_ifs,daily,26.560501,12.0105,23.0,10.729252,1.7403641,62.838627,0.0,25.602206111781033,4.0010439902012855
2019-03-11 00:00:00+00:00,-34.96944,-71.21694,220.0,open-meteo_ecmwf_ifs,daily,27.9105,13.7605,23.34,10.7355,2.0860538,55.90707,0.0,25.417436513511266,4.415993558351696
2019-03-12 00:00:00+00:00,-34.96944,-71.21694,220.0,open-meteo_ecmwf_ifs,daily,30.4605,13.910501,23.5,11.793834,2.0925615,58.669346,0.0,25.231544303727212,4.594346766698662
2019-03-13 00:00:00+00:00,-34.96944,-71.21694,220.0,open-meteo_ecmwf_ifs,daily,28.810501,14.960501,21.9,12.348001,2.278478,60.922363,0.0,25.044589442251038,4.395960062395004
2019-03-14 00:00:00+00:00,-34.96944,-71.21694,220.0,open-meteo_ecmwf_ifs,daily,27.2105,10.710501,23.38,8.30425,3.0391204,53.232025,0.0,24.85663288575729,4.553884855048076
2019-03-15 00:00:00+00:00,-34.96944,-71.21694,220.0,open-meteo_ecmwf_ifs,daily,27.1605,9.2605,24.27,5.5292506,2.2954762,48.644592,0.0,24.667736553208872,4.374648419797459
2019-03-16 00:00:00+00:00,-34.96944,-71.21694,220.0,open-meteo_ecmwf_ifs,daily,26.8605,9.8605,23.41,8.195918,1.6790584,58.346024,0.0,24.47796328944897,3.9076125959558388
2019-03-17 00:00:00+00:00,-34.96944,-71.21694,220.0,open-meteo_ecmwf_ifs,daily,27.0105,10.6105,22.85,10.398002,1.7238489,66.581505,0.0,24.287376827010938,3.81720200260703
2019-03-18 00:00:00+00:00,-34.96944,-71.21694,220.0,open-meteo_ecmwf_ifs,daily,24.560501,11.5605,21.56,7.5438347,4.3870645,58.003864,0.0,24.09604174621295,4.650212003774299
2019-03-19 00:00:00+00:00,-34.96944,-71.21694,220.0,open-meteo_ecmwf_ifs,daily,22.2105,6.7605,23.79,1.0625836,5.4344993,44.968983,0.0,23.904023433608767,4.920884719327122
2019-03-20 00:00:00+00:00,-34.96944,-71.21694,220.0,open-meteo_ecmwf_ifs,daily,24.310501,6.2605,22.89,3.4563332,2.3733823,49.390278,0.0,23.71138803887069,3.824465743690681
2019-03-21 00:00:00+00:00,-34.96944,-71.21694,220.0,open-meteo_ecmwf_ifs,daily,25.810501,9.1105,22.65,5.341749,2.6835334,49.64146,0.0,23.51820243018491,4.186142540710021
2019-03-22 00:00:00+00:00,-34.96944,-71.21694,220.0,open-meteo_ecmwf_ifs,daily,27.6605,10.3605,21.69,8.568833,2.9292605,60.843964,0.0,23.324534148243423,4.232536004044951
2019-03-23 00:00:00+00:00,-34.96944,-71.21694,220.0,open-meteo_ecmwf_ifs,daily,27.9105,10.660501,20.92,9.123,3.4716704,57.944103,0.0,23.130451358920624,4.351572768831063
2019-03-24 00:00:00+00:00,-34.96944,-71.21694,220.0,open-meteo_ecmwf_ifs,daily,25.6105,9.2605,20.66,7.6605015,2.8468754,57.04193,0.0,22.936022804725834,3.842091111899675
2019-03-25 00:00:00+00:00,-34.96944,-71.21694,220.0,open-meteo_ecmwf_ifs,daily,26.310501,10.1105,21.48,8.82925,1.9857985,59.86796,0.0,22.741317755126698,3.6439633594579686
2019-03-26 00:00:00+00:00,-34.96944,-71.21694,220.0,open-meteo_ecmwf_ifs,daily,27.3605,10.160501,21.2,10.5855,1.2886556,65.31048,0.0,22.546405955840772,3.3451772516341167
2019-03-27 00:00:00+00:00,-34.96944,-71.21694,220.0,open-meteo_ecmwf_ifs,daily,25.6105,10.2605,18.75,11.562584,1.4039307,74.099266,0.0,22.351357577195788,2.9843935577864356
2019-03-28 00:00:00+00:00,-34.96944,-71.21694,220.0,open-meteo_ecmwf_ifs,daily,24.7105,12.7605,16.95,11.2646675,1.1784694,71.55448,0.0,22.156243161660914,2.846677921382379
2019-03-29 00:00:00+00:00,-34.96944,-71.21694,220.0,open-meteo_ecmwf_ifs,daily,25.4605,10.910501,17.47,11.754251,1.8874651,74.5571,0.0,21.961133570653878,2.9850717763800407
2019-03-30 00:00:00+00:00,-34.96944,-71.21694,220.0,open-meteo_ecmwf_ifs,daily,25.1605,10.5605,14.1,11.4313345,2.1732893,74.62055,0.6,21.766099930730025,2.719835492160191
2019-03-31 00:00:00+00:00,-34.96944,-71.21694,220.0,open-meteo_ecmwf_ifs,daily,22.2105,14.160501,11.59,13.116749,2.2036426,76.163704,4.0,21.571213579261308,2.3622443208807864
2019-04-01 00:00:00+00:00,-34.96944,-71.21694,220.0,open-meteo_ecmwf_ifs,daily,23.1105,12.710501,16.42,12.850082,2.2458713,81.03487,0.0,21.37654600971401,2.772642412299478
2019-04-02 00:00:00+00:00,-34.96944,-71.21694,220.0,open-meteo_ecmwf_ifs,daily,26.0105,11.160501,18.24,12.250084,2.0331361,73.38787,0.0,21.182168816634842,3.058898172877196
2019-04-03 00:00:00+00:00,-34.96944,-71.21694,220.0,open-meteo_ecmwf_ifs,daily,23.2105,12.2605,13.61,13.87925,1.4875649,78.98561,0.0,20.988153640455774,2.240562653168752
2019-04-04 00:00:00+00:00,-34.96944,-71.21694,220.0,open-meteo_ecmwf_ifs,daily,21.560501,12.660501,14.35,11.339667,2.6508868,74.15422,1.7,20.794572112227932,2.660466493542776
2019-04-05 00:00:00+00:00,-34.96944,-71.21694,220.0,open-meteo_ecmwf_ifs,daily,26.3605,6.9105,19.49,7.2792506,2.373656,60.60477,0.0,20.60149579839486,3.2714427313817547
2019-04-06 00:00:00+00:00,-34.96944,-71.21694,220.0,open-meteo_ecmwf_ifs,daily,26.3605,8.460501,19.16,9.90425,2.0489547,67.81501,0.0,20.40899614571515,3.0577027516421733
2019-04-07 00:00:00+00:00,-34.96944,-71.21694,220.0,open-meteo_ecmwf_ifs,daily,29.060501,8.160501,19.41,9.062583,1.7792476,61.82906,0.0,20.21714442644354,3.1970253755104148
2019-04-08 00:00:00+00:00,-34.96944,-71.21694,220.0,open-meteo_ecmwf_ifs,daily,23.9605,10.3105,18.31,9.960502,1.55826,69.72395,0.0,20.02601168387884,2.768358192721829
2019-04-09 00:00:00+00:00,-34.96944,-71.21694,220.0,open-meteo_ecmwf_ifs,daily,19.1105,11.5105,8.94,10.779251,1.4889659,78.69319,0.2,19.83566867838548,1.6972134558723104
2019-04-10 00:00:00+00:00,-34.96944,-71.21694,220.0,open-meteo_ecmwf_ifs,daily,23.0105,9.3605,15.04,10.231334,2.5143108,78.53415,0.0,19.646185833994277,2.5559130106856918
2019-04-11 00:00:00+00:00,-34.96944,-71.21694,220.0,open-meteo_ecmwf_ifs,daily,24.0105,8.8605,17.65,10.145917,1.8382553,73.04629,0.0,19.457633185685687,2.627589025667382
2019-04-12 00:00:00+00:00,-34.96944,-71.21694,220.0,open-meteo_ecmwf_ifs,daily,20.0105,11.210501,10.74,11.475083,1.3557281,82.16152,0.0,19.27008032745732,1.7708491912125488
2019-04-13 00:00:00+00:00,-34.96944,-71.21694,220.0,open-meteo_ecmwf_ifs,daily,21.4605,12.410501,12.51,10.373,1.5860448,75.05236,0.0,19.08359636127456,2.2060902434282204
2019-04-14 00:00:00+00:00,-34.96944,-71.21694,220.0,open-meteo_ecmwf_ifs,daily,20.4605,9.3605,15.0,8.348001,3.4446735,68.957436,0.0,18.89824984700094,2.6685219189305576
2019-04-15 00:00:00+00:00,-34.96944,-71.21694,220.0,open-meteo_ecmwf_ifs,daily,22.1605,6.4605,17.28,6.0188327,2.734459,65.99648,0.0,18.71410875340178,2.7651479377606085
2019-04-16 00:00:00+00:00,-34.96944,-71.21694,220.0,open-meteo_ecmwf_ifs,daily,23.6605,6.5105,17.51,6.9292502,2.1011207,66.92429,0.0,18.53124041031174,2.626831079006277
2019-04-17 00:00:00+00:00,-34.96944,-71.21694,220.0,open-meteo_ecmwf_ifs,daily,23.9605,6.9105,17.04,6.7605,2.0614831,67.31359,0.0,18.349711462053392,2.6337170466328663
2019-04-18 00:00:00+00:00,-34.96944,-71.21694,220.0,open-meteo_ecmwf_ifs,daily,22.5105,10.2605,13.09,9.487583,1.5760907,66.72493,0.0,18.16958782219066,2.163379317408849
2019-04-19 00:00:00+00:00,-34.96944,-71.21694,220.0,open-meteo_ecmwf_ifs,daily,21.810501,12.5105,12.91,11.42925,1.1795222,77.58665,0.0,17.990934629696905,1.9980547339734427
2019-04-20 00:00:00+00:00,-34.96944,-71.21694,220.0,open-meteo_ecmwf_ifs,daily,21.4105,10.7605,9.63,10.441751,1.3089795,77.58607,0.0,17.81381620661385,1.7251520567881806
2019-04-21 00:00:00+00:00,-34.96944,-71.21694,220.0,open-meteo_ecmwf_ifs,daily,18.810501,9.8605,7.88,9.881335,1.3530406,80.979256,0.0,17.638296017273042,1.444951976121912
2019-04-22 00:00:00+00:00,-34.96944,-71.21694,220.0,open-meteo_ecmwf_ifs,daily,19.1105,9.3105,11.22,9.816751,1.2526035,83.324776,0.0,17.46443662914768,1.6220948605876577
2019-04-23 00:00:00+00:00,-34.96944,-71.21694,220.0,open-meteo_ecmwf_ifs,daily,19.3605,8.960501,11.42,9.864667,1.2923619,81.87155,0.0,17.29229967539776,1.621200378562952
2019-04-24 00:00:00+00:00,-34.96944,-71.21694,220.0,open-meteo_ecmwf_ifs,daily,15.460501,10.6105,4.68,10.245917,1.2231452,85.605865,6.1,17.121945819167095,1.017858919023594
2019-04-25 00:00:00+00:00,-34.96944,-71.21694,220.0,open-meteo_ecmwf_ifs,daily,19.6105,8.160501,11.25,9.402167,1.4559923,79.94416,0.0,16.95343471968593,1.6145180046947492
2019-04-26 00:00:00+00:00,-34.96944,-71.21694,220.0,open-meteo_ecmwf_ifs,daily,20.6105,6.8605,14.7,9.102166,1.6311445,80.712036,0.0,16.78682500022806,1.8312237583407773
2019-04-27 00:00:00+00:00,-34.96944,-71.21694,220.0,open-meteo_ecmwf_ifs,daily,21.7105,7.1105,14.41,9.427168,1.6636481,79.37249,0.0,16.62217421796605,1.8722106008364316
2019-04-28 00:00:00+00:00,-34.96944,-71.21694,220.0,open-meteo_ecmwf_ifs,daily,20.9105,6.9105,13.24,9.320918,2.5349915,76.93401,0.0,16.459538835763443,1.8786068800257585
2019-04-29 00:00:00+00:00,-34.96944,-71.21694,220.0,open-meteo_ecmwf_ifs,daily,19.2605,9.0605,11.96,7.539667,4.2654986,68.598236,0.0,16.298974195937028,2.4450357937126825
2019-04-30 00:00:00+00:00,-34.96944,-71.21694,220.0,open-meteo_ecmwf_ifs,daily,19.1605,4.7605,15.27,3.227167,2.8181813,59.530594,0.0,16.14053449601749,2.2976471517546626
2019-05-01 00:00:00+00:00,-34.96944,-71.21694,220.0,open-meteo_ecmwf_ifs,daily,21.310501,5.1105,14.47,3.4646664,2.7970402,61.82968,0.0,15.984272766530795,2.438418558148926
2019-05-02 00:00:00+00:00,-34.96944,-71.21694,220.0,open-meteo_ecmwf_ifs,daily,17.9105,10.7605,4.02,9.081334,1.542205,72.86863,0.0,15.830240850817502,1.2641453240664406
2019-05-03 00:00:00+00:00,-34.96944,-71.21694,220.0,open-meteo_ecmwf_ifs,daily,15.160501,12.460501,1.53,12.381333,1.4172913,92.42121,9.5,15.678489386901425,0.6897337384249019
2019-05-04 00:00:00+00:00,-34.96944,-71.21694,220.0,open-meteo_ecmwf_ifs,daily,14.960501,12.7605,1.63,12.450085,1.9167547,92.70382,45.0,15.529067791413548,0.7172712521064488
2019-05-05 00:00:00+00:00,-34.96944,-71.21694,220.0,open-meteo_ecmwf_ifs,daily,17.6105,12.410501,9.38,12.352168,2.6767626,90.843666,0.2,15.382024245571351,1.4143822444462992
2019-05-06 00:00:00+00:00,-34.96944,-71.21694,220.0,open-meteo_ecmwf_ifs,daily,16.4605,9.6105,8.37,10.037583,2.3221273,87.64536,0.0,15.237405683208081,1.2820484284870768
2019-05-07 00:00:00+00:00,-34.96944,-71.21694,220.0,open-meteo_ecmwf_ifs,daily,16.1605,8.660501,6.89,10.212583,1.466257,91.06921,0.0,15.095257780840683,1.0153252749794208
2019-05-08 00:00:00+00:00,-34.96944,-71.21694,220.0,open-meteo_ecmwf_ifs,daily,15.210501,10.160501,7.54,9.864667,2.0651104,89.419014,0.0,14.955624949759482,1.1664303691144051
2019-05-09 00:00:00+00:00,-34.96944,-71.21694,220.0,open-meteo_ecmwf_ifs,daily,15.5105,9.8605,7.08,8.637584,1.9554467,84.15763,3.3999999,14.818550330116988,1.2657763433254154
2019-05-10 00:00:00+00:00,-34.96944,-71.21694,220.0,open-meteo_ecmwf_ifs,daily,15.0105,6.5604997,12.14,7.202166,2.3855324,88.08242,0.2,14.684075786987423,1.3621282112800737
2019-05-11 00:00:00+00:00,-34.96944,-71.21694,220.0,open-meteo_ecmwf_ifs,daily,15.5105,5.1605,11.48,6.7229996,1.5707732,86.08192,0.0,14.552241908363017,1.2128740157837805
2019-05-12 00:00:00+00:00,-34.96944,-71.21694,220.0,open-meteo_ecmwf_ifs,daily,15.910501,6.5604997,6.97,9.220918,2.413498,87.94569,0.1,14.423088005047479,0.980213092875418
2019-05-13 00:00:00+00:00,-34.96944,-71.21694,220.0,open-meteo_ecmwf_ifs,daily,19.0105,9.7605,9.95,10.968834,1.9302644,88.76139,0.1,14.296652112401434,1.3496082592182723
2019-05-14 00:00:00+00:00,-34.96944,-71.21694,220.0,open-meteo_ecmwf_ifs,daily,19.6105,6.5604997,12.28,9.55425,1.1314819,88.96091,0.0,14.172970993889432,1.263905055431959
2019-05-15 00:00:00+00:00,-34.96944,-71.21694,220.0,open-meteo_ecmwf_ifs,daily,17.9605,7.6105,10.49,10.60425,1.106833,90.46124,0.0,14.052080146372354,1.0937991130120084
2019-05-16 00:00:00+00:00,-34.96944,-71.21694,220.0,open-meteo_ecmwf_ifs,daily,16.6605,9.2605,7.39,9.452167,2.102356,86.118324,0.0,13.934013807084252,1.197222270229786
2019-05-17 00:00:00+00:00,-34.96944,-71.21694,220.0,open-meteo_ecmwf_ifs,daily,13.5105,6.7105,3.81,8.86675,1.6666609,89.68418,14.9,13.818804962227281,0.6832129927943149
2019-05-18 00:00:00+00:00,-34.96944,-71.21694,220.0,open-meteo_ecmwf_ifs,daily,14.710501,7.4105,10.45,7.818834,3.3207715,87.71908,0.70000005,13.706485357113523,1.2878761491729827
2019-05-19 00:00:00+00:00,-34.96944,-71.21694,220.0,open-meteo_ecmwf_ifs,daily,13.3605,3.1105,8.64,4.1938334,2.6167176,82.906075,0.0,13.597085507777741,1.1431514785312276
2019-05-20 00:00:00+00:00,-34.96944,-71.21694,220.0,open-meteo_ecmwf_ifs,daily,10.210501,5.3104997,5.04,5.5709167,2.1993957,86.69577,0.1,13.490634713980528,0.7829530574448766
2019-05-21 00:00:00+00:00,-34.96944,-71.21694,220.0,open-meteo_ecmwf_ifs,daily,12.8105,3.4105,10.08,5.093833,1.298552,87.59299,0.0,13.387161073516939,0.9071281285111856
2019-05-22 00:00:00+00:00,-34.96944,-71.21694,220.0,open-meteo_ecmwf_ifs,daily,14.5105,0.0605,12.42,0.92091674,1.7737669,69.64391,0.0,13.286691497741582,1.187926616061096
2019-05-23 00:00:00+00:00,-34.96944,-71.21694,220.0,open-meteo_ecmwf_ifs,daily,15.710501,0.0605,12.21,1.91675,1.2290268,69.98974,0.0,13.18925172821735,1.0469465010869674
2019-05-24 00:00:00+00:00,-34.96944,-71.21694,220.0,open-meteo_ecmwf_ifs,daily,12.460501,3.2105,6.14,5.435499,1.4203395,90.750336,0.0,13.094866354391186,0.758579401972116
2019-05-25 00:00:00+00:00,-34.96944,-71.21694,220.0,open-meteo_ecmwf_ifs,daily,14.460501,6.3605,5.3,6.948,2.2830875,85.30837,0.2,13.003558832197285,1.0132198814920355
2019-05-26 00:00:00+00:00,-34.96944,-71.21694,220.0,open-meteo_ecmwf_ifs,daily,16.310501,8.910501,9.09,7.9834175,2.1827095,79.074165,4.3999996,12.915351503484972,1.2885731578029869
2019-05-27 00:00:00+00:00,-34.96944,-71.21694,220.0,open-meteo_ecmwf_ifs,daily,14.660501,4.4105,8.0,7.0084167,1.0317606,82.89487,1.5000001,12.830265616165912,0.8028296827941251
2019-05-28 00:00:00+00:00,-34.96944,-71.21694,220.0,open-meteo_ecmwf_ifs,daily,17.560501,7.1605,10.62,8.141749,1.301881,84.56891,2.2,12.748321344973151,1.0830930737755393
2019-05-29 00:00:00+00:00,-34.96944,-71.21694,220.0,open-meteo_ecmwf_ifs,daily,13.0605,9.710501,1.01,9.062583,2.5983825,85.77239,20.400002,12.669537812722531,0.808923175329916
2019-05-30 00:00:00+00:00,-34.96944,-71.21694,220.0,open-meteo_ecmwf_ifs,daily,13.8605,9.960501,4.7,8.723001,3.1634338,82.27011,17.200003,12.59393311196565,1.09918079397584
2019-05-31 00:00:00+00:00,-34.96944,-71.21694,220.0,open-meteo_ecmwf_ifs,daily,14.660501,8.210501,3.83,8.40425,3.401243,86.150505,10.2,12.521524326922425,1.0604911990057093
2019-06-01 00:00:00+00:00,-34.96944,-71.21694,220.0,open-meteo_ecmwf_ifs,daily,14.210501,6.6605,4.13,8.262584,1.6152315,86.07719,14.499999,12.45232755558081,0.7466483470576192
2019-06-02 00:00:00+00:00,-34.96944,-71.21694,220.0,open-meteo_ecmwf_ifs,daily,18.7105,5.8104997,10.31,7.2417502,1.3974298,80.26809,0.7,12.386357931851046,1.0951525689522577
2019-06-03 00:00:00+00:00,-34.96944,-71.21694,220.0,open-meteo_ecmwf_ifs,daily,17.2105,4.5604997,9.15,4.0167503,1.1375405,69.896,0.0,12.3236296476621,1.0382717283224925
2019-06-04 00:00:00+00:00,-34.96944,-71.21694,220.0,open-meteo_ecmwf_ifs,daily,15.910501,6.2605,7.34,8.120917,1.5457522,88.20739,0.0,12.264155974888972,0.878879970050477
2019-06-05 00:00:00+00:00,-34.96944,-71.21694,220.0,open-meteo_ecmwf_ifs,daily,13.710501,8.0105,2.63,9.252167,2.0246542,91.62733,13.900001,12.207949287000488,0.6772158597316014
2019-06-06 00:00:00+00:00,-34.96944,-71.21694,220.0,open-meteo_ecmwf_ifs,daily,14.3105,9.160501,5.75,10.706333,2.2424247,92.47297,9.7,12.155021080319433,0.6870300224803665
2019-06-07 00:00:00+00:00,-34.96944,-71.21694,220.0,open-meteo_ecmwf_ifs,daily,12.210501,4.0605,10.04,5.5605006,2.6578162,88.13668,0.2,12.105381994788727,0.8645060531442738
2019-06-08 00:00:00+00:00,-34.96944,-71.21694,220.0,open-meteo_ecmwf_ifs,daily,13.3105,2.4105,10.52,5.0375824,2.3821864,87.973656,0.0,12.059041834140562,0.8610120646051084
2019-06-09 00:00:00+00:00,-34.96944,-71.21694,220.0,open-meteo_ecmwf_ifs,daily,11.710501,3.8605,8.89,5.864666,2.0842593,93.739265,0.0,12.016009585368286,0.7214916858104172
2019-06-10 00:00:00+00:00,-34.96944,-71.21694,220.0,open-meteo_ecmwf_ifs,daily,12.6105,6.3104997,7.39,7.312584,1.7280264,92.50158,0.1,11.976293437404921,0.751734941916741
2019-06-11 00:00:00+00:00,-34.96944,-71.21694,220.0,open-meteo_ecmwf_ifs,daily,11.6105,5.3104997,2.33,7.3750834,2.2936966,92.85084,2.7,11.939900798916234,0.5563351796432491
2019-06-12 00:00:00+00:00,-34.96944,-71.21694,220.0,open-meteo_ecmwf_ifs,daily,13.160501,7.6605,3.74,7.912584,3.5701458,86.24371,17.1,11.906838315121014,0.9173649434549457
2019-06-13 00:00:00+00:00,-34.96944,-71.21694,220.0,open-meteo_ecmwf_ifs,daily,12.1105,6.5604997,5.6,7.783418,2.2689795,88.14089,20.2,11.877111883556514,0.6799486257884162
2019-06-14 00:00:00+00:00,-34.96944,-71.21694,220.0,open-meteo_ecmwf_ifs,daily,9.0605,6.3104997,1.44,6.0292506,2.2146451,88.04546,30.4,11.85072666871223,0.6067464524009172
2019-06-15 00:00:00+00:00,-34.96944,-71.21694,220.0,open-meteo_ecmwf_ifs,daily,12.0105,2.0105,10.33,3.5834162,1.4994507,85.13589,0.0,11.82768711546161,0.7637125134604268
2019-06-16 00:00:00+00:00,-34.96944,-71.21694,220.0,open-meteo_ecmwf_ifs,daily,13.210501,2.2105,9.65,3.5042496,1.4484092,78.11846,0.0,11.80799696122719,0.8210503962546462
2019-06-17 00:00:00+00:00,-34.96944,-71.21694,220.0,open-meteo_ecmwf_ifs,daily,12.410501,-0.8895,7.45,2.2750833,1.5185801,81.39767,2.6,11.791659246821622,0.7186315998171409
2019-06-18 00:00:00+00:00,-34.96944,-71.21694,220.0,open-meteo_ecmwf_ifs,daily,14.3105,2.7605002,10.66,5.6167493,1.7289305,84.47807,1.1,11.778676325913892,0.8003666190501751
2019-06-19 00:00:00+00:00,-34.96944,-71.21694,220.0,open-meteo_ecmwf_ifs,daily,11.410501,0.6605,7.95,2.7834167,2.0305698,83.35463,0.0,11.76904987307734,0.767747937175825
2019-06-20 00:00:00+00:00,-34.96944,-71.21694,220.0,open-meteo_ecmwf_ifs,daily,15.210501,4.2105,8.41,5.902167,1.8243666,87.87092,0.0,11.762780890383514,0.9112771824020377
2019-06-21 00:00:00+00:00,-34.96944,-71.21694,220.0,open-meteo_ecmwf_ifs,daily,14.0105,6.1605,7.84,7.327167,1.1553634,92.040764,0.0,11.759869712513698,0.7479051511101824
2019-06-22 00:00:00+00:00,-34.96944,-71.21694,220.0,open-meteo_ecmwf_ifs,daily,13.710501,4.6605,8.42,6.120916,2.1224315,91.4179,0.0,11.760316010367507,0.8623701426381702
2019-06-23 00:00:00+00:00,-34.96944,-71.21694,220.0,open-meteo_ecmwf_ifs,daily,12.960501,6.8104997,4.89,7.887584,1.3638334,93.886406,0.0,11.764118793156209,0.6759002180858704
2019-06-24 00:00:00+00:00,-34.96944,-71.21694,220.0,open-meteo_ecmwf_ifs,daily,9.5105,4.8605,1.93,6.7730007,1.898716,92.099724,6.7999997,11.771276408976112,0.43674962775244897
2019-06-25 00:00:00+00:00,-34.96944,-71.21694,220.0,open-meteo_ecmwf_ifs,daily,8.210501,0.1105,9.57,1.3125833,1.8741821,86.1799,0.0,11.781786543865522,0.6701160825299284
2019-06-26 00:00:00+00:00,-34.96944,-71.21694,220.0,open-meteo_ecmwf_ifs,daily,10.8605,2.3605,4.65,1.6625835,1.4449927,75.7187,0.0,11.795646219356673,0.8281093115963848
2019-06-27 00:00:00+00:00,-34.96944,-71.21694,220.0,open-meteo_ecmwf_ifs,daily,12.6105,4.5604997,5.17,4.0959163,2.694042,77.24233,0.0,11.81285178854192,1.0716346040499543
2019-06-28 00:00:00+00:00,-34.96944,-71.21694,220.0,open-meteo_ecmwf_ifs,daily,14.5605,6.4105,7.76,5.6771665,2.6661384,77.6896,0.2,11.833398930681291,1.1931363467441949
2019-06-29 00:00:00+00:00,-34.96944,-71.21694,220.0,open-meteo_ecmwf_ifs,daily,10.710501,8.0605,3.11,7.1355004,4.0507483,86.20463,30.300003,11.85728264438596,0.8588965076983145
2019-06-30 00:00:00+00:00,-34.96944,-71.21694,220.0,open-meteo_ecmwf_ifs,daily,11.0105,5.0105,8.28,6.0604997,2.6572273,91.45877,0.3,11.884497239419767,0.7427007654009866
2019-07-01 00:00:00+00:00,-34.96944,-71.21694,220.0,open-meteo_ecmwf_ifs,daily,10.460501,1.2605,10.53,2.8459165,2.3789945,89.234764,0.0,11.915036327167938,0.7969578211686164
2019-07-02 00:00:00+00:00,-34.96944,-71.21694,220.0,open-meteo_ecmwf_ifs,daily,12.710501,1.1604999,9.8,3.320917,1.9731426,86.47351,0.0,11.948892809828994,0.8459639472019752
2019-07-03 00:00:00+00:00,-34.96944,-71.21694,220.0,open-meteo_ecmwf_ifs,daily,12.5105,3.3605,9.82,4.948,2.3625424,90.69552,0.0,11.986058868392442,0.8672916121549442
2019-07-04 00:00:00+00:00,-34.96944,-71.21694,220.0,open-meteo_ecmwf_ifs,daily,11.0105,5.4605,10.03,5.4479985,3.1858406,88.607704,0.0,12.026525949471003,0.928681703264329
2019-07-05 00:00:00+00:00,-34.96944,-71.21694,220.0,open-meteo_ecmwf_ifs,daily,9.7605,0.4605,9.95,3.268833,2.8786232,91.56619,0.1,12.070284751061877,0.6772854281130046
2019-07-06 00:00:00+00:00,-34.96944,-71.21694,220.0,open-meteo_ecmwf_ifs,daily,13.5605,3.0105002,7.68,6.0938334,2.084192,92.58201,0.0,12.117325207317073,0.7597395569071784
2019-07-07 00:00:00+00:00,-34.96944,-71.21694,220.0,open-meteo_ecmwf_ifs,daily,16.2105,7.5105,7.98,9.2105,1.8706098,88.158,0.4,12.167636472407503,0.9154907851234944
2019-07-08 00:00:00+00:00,-34.96944,-71.21694,220.0,open-meteo_ecmwf_ifs,daily,14.1105,9.2605,5.63,9.473001,1.9947315,90.88395,0.0,12.22120690357054,0.8323772850817847
2019-07-09 00:00:00+00:00,-34.96944,-71.21694,220.0,open-meteo_ecmwf_ifs,daily,15.8105,4.7605,9.22,7.881334,1.1022087,89.48856,0.0,12.27802404343419,0.7991126793210211
2019-07-10 00:00:00+00:00,-34.96944,-71.21694,220.0,open-meteo_ecmwf_ifs,daily,13.7605,5.8605,5.0,8.041751,1.3867502,92.09329,0.0,12.338074601715123,0.6893573498792733
2019-07-11 00:00:00+00:00,-34.96944,-71.21694,220.0,open-meteo_ecmwf_ifs,daily,13.2605,5.5105,4.88,7.752167,1.0046833,92.85416,1.0,12.401344436390614,0.6493907134327327
2019-07-12 00:00:00+00:00,-34.96944,-71.21694,220.0,open-meteo_ecmwf_ifs,daily,14.210501,6.5105,8.41,7.725084,1.0457987,90.41599,0.4,12.467818534447028,0.8123559416652432
2019-07-13 00:00:00+00:00,-34.96944,-71.21694,220.0,open-meteo_ecmwf_ifs,daily,14.5605,3.4605,9.82,6.0313325,1.495224,88.92588,0.0,12.537480992309801,0.8699863180713807
2019-07-14 00:00:00+00:00,-34.96944,-71.21694,220.0,open-meteo_ecmwf_ifs,daily,14.210501,4.3104997,10.38,5.9813333,1.8977848,85.82663,0.0,12.610314996061248,0.965606924235404
2019-07-15 00:00:00+00:00,-34.96944,-71.21694,220.0,open-meteo_ecmwf_ifs,daily,13.460501,3.9105,10.72,5.070916,2.679117,85.85257,0.0,12.686302801553808,1.0791958256554688
2019-07-16 00:00:00+00:00,-34.96944,-71.21694,220.0,open-meteo_ecmwf_ifs,daily,13.3105,4.6105,8.29,5.870917,1.8278981,89.05017,0.0,12.765425714526977,0.9098176470190834
2019-07-17 00:00:00+00:00,-34.96944,-71.21694,220.0,open-meteo_ecmwf_ifs,daily,14.660501,4.4105,7.62,6.47925,1.2583177,87.6222,0.0,12.847664070836258,0.852973695230969
2019-07-18 00:00:00+00:00,-34.96944,-71.21694,220.0,open-meteo_ecmwf_ifs,daily,12.710501,5.7105,10.34,6.6688333,2.9605634,85.39025,7.4999995,12.932997216902322,1.0024327906160548
2019-07-19 00:00:00+00:00,-34.96944,-71.21694,220.0,open-meteo_ecmwf_ifs,daily,9.8605,0.9105,6.63,2.423,2.4311597,86.97947,0.0,13.021403490487875,0.8246993490057517
2019-07-20 00:00:00+00:00,-34.96944,-71.21694,220.0,open-meteo_ecmwf_ifs,daily,12.8605,2.7605002,6.05,3.656333,1.9108921,82.92866,0.0,13.112860201908385,0.9661994330322312
2019-07-21 00:00:00+00:00,-34.96944,-71.21694,220.0,open-meteo_ecmwf_ifs,daily,10.660501,5.5105,7.16,5.923,3.3994417,81.90629,16.400002,13.207343615781589,0.8822731495459987
2019-07-22 00:00:00+00:00,-34.96944,-71.21694,220.0,open-meteo_ecmwf_ifs,daily,10.7605,1.0605,12.03,3.3584163,2.4501634,85.65338,0.4,13.304828933418555,0.9055748308481965
2019-07-23 00:00:00+00:00,-34.96944,-71.21694,220.0,open-meteo_ecmwf_ifs,daily,10.0105,-0.13949999,11.79,1.32925,1.7800341,86.217964,0.0,13.405290275956789,0.9164844717320775
2019-07-24 00:00:00+00:00,-34.96944,-71.21694,220.0,open-meteo_ecmwf_ifs,daily,13.7605,-2.6894999,12.19,0.93966657,1.3736409,83.60061,0.0,13.508700668333478,0.9603586154315471
2019-07-25 00:00:00+00:00,-34.96944,-71.21694,220.0,open-meteo_ecmwf_ifs,daily,12.2605,4.4605,8.71,4.8938336,1.8624125,81.03477,0.0,13.61503202419362,1.000162276644047
2019-07-26 00:00:00+00:00,-34.96944,-71.21694,220.0,open-meteo_ecmwf_ifs,daily,12.960501,3.6105,11.1,5.3417497,2.0694485,86.67173,0.0,13.724255131824904,1.0336139502836912
2019-07-27 00:00:00+00:00,-34.96944,-71.21694,220.0,open-meteo_ecmwf_ifs,daily,13.1105,4.0605,6.47,5.5834174,1.4612676,90.93984,0.4,13.83633964120743,0.8807990628727556
2019-07-28 00:00:00+00:00,-34.96944,-71.21694,220.0,open-meteo_ecmwf_ifs,daily,13.910501,4.3605,6.8,6.620918,1.9974679,89.38648,2.9,13.951254052262598,0.9161527853669201
2019-07-29 00:00:00+00:00,-34.96944,-71.21694,220.0,open-meteo_ecmwf_ifs,daily,17.310501,9.0105,9.79,9.277167,1.6149582,84.65106,5.8999996,14.068965704381569,1.2633495178251903
2019-07-30 00:00:00+00:00,-34.96944,-71.21694,220.0,open-meteo_ecmwf_ifs,daily,19.6105,9.210501,10.47,10.941751,1.848698,88.63663,0.0,14.189440767309328,1.3568506740229518
2019-07-31 00:00:00+00:00,-34.96944,-71.21694,220.0,open-meteo_ecmwf_ifs,daily,13.1105,9.8105,7.31,8.908416,2.8748226,85.23292,0.2,14.31264423345599,1.1050551521724976
2019-08-01 00:00:00+00:00,-34.96944,-71.21694,220.0,open-meteo_ecmwf_ifs,daily,12.5605,1.7105,13.46,3.8834162,3.4105194,80.77297,0.0,14.438539911702463,1.2309849753502324
2019-08-02 00:00:00+00:00,-34.96944,-71.21694,220.0,open-meteo_ecmwf_ifs,daily,12.0105,0.8605,12.31,2.5917501,3.1567686,82.6693,0.0,14.56709042276261,1.2392793939121256
2019-08-03 00:00:00+00:00,-34.96944,-71.21694,220.0,open-meteo_ecmwf_ifs,daily,14.210501,2.3105001,11.82,4.8584166,2.2980793,88.65328,0.0,14.698257196159402,1.1997186251357348
2019-08-04 00:00:00+00:00,-34.96944,-71.21694,220.0,open-meteo_ecmwf_ifs,daily,17.7105,4.2105,12.53,7.098,1.4576712,88.3671,0.0,14.83200046886735,1.3071159958843617
2019-08-05 00:00:00+00:00,-34.96944,-71.21694,220.0,open-meteo_ecmwf_ifs,daily,16.1605,2.9605,13.26,6.9250836,1.7578081,88.146645,0.0,14.968279285668572,1.2194805465397496
2019-08-06 00:00:00+00:00,-34.96944,-71.21694,220.0,open-meteo_ecmwf_ifs,daily,10.910501,7.1105,4.04,7.014666,1.646029,87.79815,2.2999997,15.107051501264472,0.7847671273617794
2019-08-07 00:00:00+00:00,-34.96944,-71.21694,220.0,open-meteo_ecmwf_ifs,daily,11.8605,1.5605,14.44,3.120917,3.777772,80.09148,0.0,15.248273784179846,1.3687427574169004
2019-08-08 00:00:00+00:00,-34.96944,-71.21694,220.0,open-meteo_ecmwf_ifs,daily,13.2605,0.5105,13.91,2.9605,1.4198977,81.78448,0.0,15.391901622491106,1.2166972515471488
2019-08-09 00:00:00+00:00,-34.96944,-71.21694,220.0,open-meteo_ecmwf_ifs,daily,12.410501,-0.5395,14.34,3.0229998,1.456401,84.05383,0.0,15.53788933140458,1.1446581751919196
2019-08-10 00:00:00+00:00,-34.96944,-71.21694,220.0,open-meteo_ecmwf_ifs,daily,10.0105,2.3105001,8.11,3.6146667,2.077694,88.8825,0.0,15.686190062705883,0.950400982842593
2019-08-11 00:00:00+00:00,-34.96944,-71.21694,220.0,open-meteo_ecmwf_ifs,daily,12.7605,1.3605,9.75,4.4813333,1.3328732,86.10266,1.9000001,15.836755816095799,1.014541865197457
2019-08-12 00:00:00+00:00,-34.96944,-71.21694,220.0,open-meteo_ecmwf_ifs,daily,14.0605,1.4605,14.32,4.3709164,2.8562076,85.41623,0.0,15.989537452422708,1.3985838950822027
2019-08-13 00:00:00+00:00,-34.96944,-71.21694,220.0,open-meteo_ecmwf_ifs,daily,13.1105,-1.7395,11.84,2.9084167,2.0056465,86.60974,0.0,16.1444847088164,1.106021216684405
2019-08-14 00:00:00+00:00,-34.96944,-71.21694,220.0,open-meteo_ecmwf_ifs,daily,19.3605,2.9105,14.14,6.733416,2.164639,83.341064,0.0,16.301546215722727,1.6586815065006528
2019-08-15 00:00:00+00:00,-34.96944,-71.21694,220.0,open-meteo_ecmwf_ifs,daily,15.7605,7.2105,10.21,8.475083,1.645635,89.60386,0.0,16.460669515833153,1.3145898660543536
2019-08-16 00:00:00+00:00,-34.96944,-71.21694,220.0,open-meteo_ecmwf_ifs,daily,13.410501,7.9105,8.74,7.883417,2.274854,86.80307,0.2,16.621801084898316,1.2387528557241907
2019-08-17 00:00:00+00:00,-34.96944,-71.21694,220.0,open-meteo_ecmwf_ifs,daily,15.210501,8.210501,9.65,7.3125834,2.7751722,81.00053,7.7,16.78488635440912,1.6073013373518072
2019-08-18 00:00:00+00:00,-34.96944,-71.21694,220.0,open-meteo_ecmwf_ifs,daily,14.0105,7.9605,9.37,8.364667,2.1883786,89.57633,0.0,16.949869736124263,1.276069223010596
2019-08-19 00:00:00+00:00,-34.96944,-71.21694,220.0,open-meteo_ecmwf_ifs,daily,11.210501,5.7105,4.51,7.941751,1.6184458,92.984535,0.5,17.116694648417614,0.6860587737997085
2019-08-20 00:00:00+00:00,-34.96944,-71.21694,220.0,open-meteo_ecmwf_ifs,daily,21.1105,6.1605,14.12,9.283418,1.3381406,85.79597,0.0,17.28530354441421,1.768992903210901
2019-08-21 00:00:00+00:00,-34.96944,-71.21694,220.0,open-meteo_ecmwf_ifs,daily,13.210501,7.5604997,4.57,7.8438334,2.1605077,84.30224,0.4,17.45563794187867,1.0061521376483054
2019-08-22 00:00:00+00:00,-34.96944,-71.21694,220.0,open-meteo_ecmwf_ifs,daily,19.5105,5.1105,15.69,8.162583,2.050374,85.92074,0.0,17.627638454815123,1.889357697958185
2019-08-23 00:00:00+00:00,-34.96944,-71.21694,220.0,open-meteo_ecmwf_ifs,daily,18.7105,6.8104997,13.83,9.037583,1.6649762,86.569725,0.0,17.80124482673298,1.7431630989681706
2019-08-24 00:00:00+00:00,-34.96944,-71.21694,220.0,open-meteo_ecmwf_ifs,daily,18.4105,5.5105,16.13,8.706334,2.2517712,81.88514,0.6,17.976395965528674,1.847712540861038
2019-08-25 00:00:00+00:00,-34.96944,-71.21694,220.0,open-meteo_ecmwf_ifs,daily,19.3605,6.3104997,10.97,8.71675,1.9127355,82.140236,0.0,18.15302997992867,1.6616096459009781
2019-08-26 00:00:00+00:00,-34.96944,-71.21694,220.0,open-meteo_ecmwf_ifs,daily,15.2605,9.3105,4.87,9.46675,1.2879195,85.922264,0.3,18.331084217435173,1.0519316856683592
2019-08-27 00:00:00+00:00,-34.96944,-71.21694,220.0,open-meteo_ecmwf_ifs,daily,20.9105,6.4605,14.22,9.65425,1.7834612,86.68057,0.0,18.51049530371174,1.9171812204700476
2019-08-28 00:00:00+00:00,-34.96944,-71.21694,220.0,open-meteo_ecmwf_ifs,daily,18.2105,9.0605,9.19,12.102169,1.2764208,90.74534,0.0,18.6911991833419,1.313395745609416
2019-08-29 00:00:00+00:00,-34.96944,-71.21694,220.0,open-meteo_ecmwf_ifs,daily,14.7605,8.1105,12.27,8.925084,3.0074065,84.90942,0.2,18.873131161890438,1.5803607219179323
2019-08-30 00:00:00+00:00,-34.96944,-71.21694,220.0,open-meteo_ecmwf_ifs,daily,15.210501,3.8605,17.3,4.94175,3.4389973,76.23231,0.0,19.05622594919296,2.067504936945348
2019-08-31 00:00:00+00:00,-34.96944,-71.21694,220.0,open-meteo_ecmwf_ifs,daily,15.960501,2.6605,16.82,4.6750827,3.6744328,79.97663,0.0,19.24041770379641,2.0617673649786594
2019-09-01 00:00:00+00:00,-34.96944,-71.21694,220.0,open-meteo_ecmwf_ifs,daily,14.5605,3.4105,16.44,4.3667502,3.2798078,77.83137,0.0,19.425640078469602,1.9974879593314931
2019-09-02 00:00:00+00:00,-34.96944,-71.21694,220.0,open-meteo_ecmwf_ifs,daily,13.7605,2.4605,16.86,3.1917498,3.2442122,77.390205,0.0,19.611826266699808,1.998683379811943
2019-09-03 00:00:00+00:00,-34.96944,-71.21694,220.0,open-meteo_ecmwf_ifs,daily,17.1605,0.7105,18.86,4.639666,2.0562315,79.301094,0.0,19.798909050089005,2.0190684184767616
2019-09-04 00:00:00+00:00,-34.96944,-71.21694,220.0,open-meteo_ecmwf_ifs,daily,20.0105,5.6605,13.24,6.2854996,2.130457,76.676796,0.0,19.986820846560157,2.185608882111372
2019-09-05 00:00:00+00:00,-34.96944,-71.21694,220.0,open-meteo_ecmwf_ifs,daily,16.5105,8.410501,13.31,6.9667497,3.532478,72.26092,1.0,20.175493759282023,2.296104334525564
2019-09-06 00:00:00+00:00,-34.96944,-71.21694,220.0,open-meteo_ecmwf_ifs,daily,13.6105,8.460501,6.03,9.116752,1.3078327,90.72692,11.599999,20.364859626218653,1.070019563084055
2019-09-07 00:00:00+00:00,-34.96944,-71.21694,220.0,open-meteo_ecmwf_ifs,daily,10.910501,9.3605,3.98,8.854251,1.2454292,92.214775,13.599999,20.554850070207443,0.8363322195137878
2019-09-08 00:00:00+00:00,-34.96944,-71.21694,220.0,open-meteo_ecmwf_ifs,daily,14.3105,6.8605,9.82,6.6605,1.8253756,83.214775,0.4,20.745396549468758,1.5620812668633202
2019-09-09 00:00:00+00:00,-34.96944,-71.21694,220.0,open-meteo_ecmwf_ifs,daily,11.910501,7.6605,6.7,5.006334,3.51802,74.35131,3.6000001,20.936430408447634,1.6476595677258932
2019-09-10 00:00:00+00:00,-34.96944,-71.21694,220.0,open-meteo_ecmwf_ifs,daily,16.2105,5.4605,18.66,6.4625835,1.4591445,79.962494,1.2000002,21.12788292888789,2.210965218899724
2019-09-11 00:00:00+00:00,-34.96944,-71.21694,220.0,open-meteo_ecmwf_ifs,daily,17.1105,6.6105,17.17,7.1021676,1.6283563,80.40178,2.0,21.31968538103737,2.235748456336144
2019-09-12 00:00:00+00:00,-34.96944,-71.21694,220.0,open-meteo_ecmwf_ifs,daily,17.7105,3.9105,19.54,6.748001,2.6477625,81.948044,0.0,21.51176907488246,2.3437086742382345
2019-09-13 00:00:00+00:00,-34.96944,-71.21694,220.0,open-meteo_ecmwf_ifs,daily,19.1105,6.0105,18.53,8.448001,1.7239976,83.97668,0.0,21.704065411310285,2.3775178387682034
2019-09-14 00:00:00+00:00,-34.96944,-71.21694,220.0,open-meteo_ecmwf_ifs,daily,15.910501,9.1105,8.28,8.675085,2.554784,83.15063,0.5,21.896505933095714,1.6613144029233902
2019-09-15 00:00:00+00:00,-34.96944,-71.21694,220.0,open-meteo_ecmwf_ifs,daily,14.2605,7.2605,14.28,8.158418,2.1289294,85.65826,8.3,22.089022375611723,1.8221138815114017
2019-09-16 00:00:00+00:00,-34.96944,-71.21694,220.0,open-meteo_ecmwf_ifs,daily,15.660501,2.4605,21.1,4.5042496,4.094881,77.46879,0.0,22.281546717161095,2.4562964188873666
2019-09-17 00:00:00+00:00,-34.96944,-71.21694,220.0,open-meteo_ecmwf_ifs,daily,16.560501,6.1105,18.14,7.4167504,2.267185,81.38387,0.1,22.474011228828772,2.3161409134789355
2019-09-18 00:00:00+00:00,-34.96944,-71.21694,220.0,open-meteo_ecmwf_ifs,daily,14.6105,5.1105,16.88,6.8855004,2.234019,84.61526,0.0,22.666348523755005,2.019018270075129
2019-09-19 00:00:00+00:00,-34.96944,-71.21694,220.0,open-meteo_ecmwf_ifs,daily,13.8605,4.4105,21.73,2.9896662,4.5955787,66.37531,0.0,22.858491605730542,2.811396806532919
2019-09-20 00:00:00+00:00,-34.96944,-71.21694,220.0,open-meteo_ecmwf_ifs,daily,15.460501,1.8105,22.01,2.8709166,3.6864035,71.81565,0.0,23.050373917017037,2.6641767598959247
2019-09-21 00:00:00+00:00,-34.96944,-71.21694,220.0,open-meteo_ecmwf_ifs,daily,18.3605,1.9104999,22.76,4.5605,4.0352874,74.7136,0.0,23.241929385297475,2.871796334350243
2019-09-22 00:00:00+00:00,-34.96944,-71.21694,220.0,open-meteo_ecmwf_ifs,daily,22.2105,6.0105,20.27,9.000084,1.5923443,82.22673,0.0,23.43309246966339,2.8276306713912334
2019-09-23 00:00:00+00:00,-34.96944,-71.21694,220.0,open-meteo_ecmwf_ifs,daily,18.0105,8.910501,15.75,10.477168,1.6242682,87.37891,0.0,23.623798205548553,2.2257951660004758
2019-09-24 00:00:00+00:00,-34.96944,-71.21694,220.0,open-meteo_ecmwf_ifs,daily,20.4105,8.8105,18.61,10.948001,1.3191769,86.35144,0.0,23.813982248520865,2.627417884193383
2019-09-25 00:00:00+00:00,-34.96944,-71.21694,220.0,open-meteo_ecmwf_ifs,daily,21.5105,11.0105,17.91,12.868833,1.2989627,89.44305,0.0,24.003580916847607,2.6840553152395334
2019-09-26 00:00:00+00:00,-34.96944,-71.21694,220.0,open-meteo_ecmwf_ifs,daily,20.2605,12.2605,14.19,12.689666,1.093838,84.90896,0.1,24.192531232752177,2.3015501938156873
2019-09-27 00:00:00+00:00,-34.96944,-71.21694,220.0,open-meteo_ecmwf_ifs,daily,19.1105,10.210501,14.9,9.043834,2.6988676,75.307884,0.3,24.38077096228373,2.678504250914088
2019-09-28 00:00:00+00:00,-34.96944,-71.21694,220.0,open-meteo_ecmwf_ifs,daily,19.6105,6.5105,21.75,8.854251,2.1565843,82.640495,0.0,24.568238653725345,2.9033415885817098
2019-09-29 00:00:00+00:00,-34.96944,-71.21694,220.0,open-meteo_ecmwf_ifs,daily,20.310501,8.1105,18.97,9.3105,2.3538127,80.69759,0.0,24.754873674469497,2.8712808043531064
2019-09-30 00:00:00+00:00,-34.96944,-71.21694,220.0,open-meteo_ecmwf_ifs,daily,12.7605,8.6105,3.82,8.329251,1.8337603,85.94279,5.2,24.940616246294358,1.0303789093154572
2019-10-01 00:00:00+00:00,-34.96944,-71.21694,220.0,open-meteo_ecmwf_ifs,daily,14.0605,4.2605,18.53,3.9500835,1.8685547,77.233406,1.2,25.12540747897878,2.401262557718917
2019-10-02 00:00:00+00:00,-34.96944,-71.21694,220.0,open-meteo_ecmwf_ifs,daily,13.910501,2.6105,17.79,4.245917,1.662333,79.61464,0.8000001,25.309189402197646,2.1773766677820983
2019-10-03 00:00:00+00:00,-34.96944,-71.21694,220.0,open-meteo_ecmwf_ifs,daily,15.0105,2.3105001,21.4,3.4396667,1.6485792,73.29169,0.1,25.491904995645008,2.5774974772256094
2019-10-04 00:00:00+00:00,-34.96944,-71.21694,220.0,open-meteo_ecmwf_ifs,daily,16.6605,3.4105,24.11,4.4834166,3.5122268,74.34774,0.0,25.673498217336604,3.0543481931445617
2019-10-05 00:00:00+00:00,-34.96944,-71.21694,220.0,open-meteo_ecmwf_ifs,daily,16.4105,3.1605,21.65,4.775083,2.4389446,75.07384,0.0,25.85391403004862,2.74573720496998
2019-10-06 00:00:00+00:00,-34.96944,-71.21694,220.0,open-meteo_ecmwf_ifs,daily,20.4105,3.0105002,23.23,6.5396667,2.4172246,76.03848,0.0,26.033098425854924,3.085693179905149
2019-10-07 00:00:00+00:00,-34.96944,-71.21694,220.0,open-meteo_ecmwf_ifs,daily,20.7605,9.660501,23.2,10.343835,3.6946476,78.15655,0.0,26.210998448729903,3.518491191982412
2019-10-08 00:00:00+00:00,-34.96944,-71.21694,220.0,open-meteo_ecmwf_ifs,daily,21.6105,5.4105,22.84,6.3771667,3.7593486,65.84564,0.0,26.387562215190066,3.6541147589885976
2019-10-09 00:00:00+00:00,-34.96944,-71.21694,220.0,open-meteo_ecmwf_ifs,daily,24.0105,8.1105,22.66,9.281334,2.731573,69.39794,0.0,26.56273893295237,3.755866476428255
2019-10-10 00:00:00+00:00,-34.96944,-71.21694,220.0,open-meteo_ecmwf_ifs,daily,22.4605,10.960501,12.52,12.529248,1.5650725,80.31041,0.0,26.736478917593573,2.352021680562138
2019-10-11 00:00:00+00:00,-34.96944,-71.21694,220.0,open-meteo_ecmwf_ifs,daily,19.4605,11.960501,6.83,11.473,1.4734915,77.51558,0.0,26.908733607199842,1.6835836340372146
2019-10-12 00:00:00+00:00,-34.96944,-71.21694,220.0,open-meteo_ecmwf_ifs,daily,19.6105,9.960501,7.84,10.327167,1.6132951,81.330025,0.4,27.07945557500212,1.7990761047809227
2019-10-13 00:00:00+00:00,-34.96944,-71.21694,220.0,open-meteo_ecmwf_ifs,daily,21.8605,8.710501,18.36,10.318834,2.4285872,74.536705,0.0,27.248598539998,3.0503747716747975
2019-10-14 00:00:00+00:00,-34.96944,-71.21694,220.0,open-meteo_ecmwf_ifs,daily,17.7105,11.0105,14.0,10.20425,3.2250519,76.78809,13.599999,27.416117375566873,2.526957342184707
2019-10-15 00:00:00+00:00,-34.96944,-71.21694,220.0,open-meteo_ecmwf_ifs,daily,19.810501,8.8605,16.13,9.966752,1.8725113,77.0814,2.3999999,27.581968116090497,2.643430040684232
2019-10-16 00:00:00+00:00,-34.96944,-71.21694,220.0,open-meteo_ecmwf_ifs,daily,16.2105,8.410501,14.09,9.027165,1.9169728,82.81774,7.3,27.746107961597005,2.19250772328752
2019-10-17 00:00:00+00:00,-34.96944,-71.21694,220.0,open-meteo_ecmwf_ifs,daily,16.9605,9.410501,13.26,7.9250836,2.2047527,74.02278,0.2,27.908495280451483,2.4288801164082194
2019-10-18 00:00:00+00:00,-34.96944,-71.21694,220.0,open-meteo_ecmwf_ifs,daily,21.810501,6.4605,26.35,8.1188345,2.3406007,74.342094,0.0,28.0690896101225,3.830497547180007
2019-10-19 00:00:00+00:00,-34.96944,-71.21694,220.0,open-meteo_ecmwf_ifs,daily,20.2105,7.3605,18.34,8.487582,2.3884737,74.91204,0.0,28.227851656058174,2.985666867296309
2019-10-20 00:00:00+00:00,-34.96944,-71.21694,220.0,open-meteo_ecmwf_ifs,daily,20.2105,10.210501,19.27,7.6125836,1.6192261,66.52952,0.3,28.384743288711697,3.29083840232418
2019-10-21 00:00:00+00:00,-34.96944,-71.21694,220.0,open-meteo_ecmwf_ifs,daily,21.4605,6.8104997,27.28,6.716751,4.377272,63.704666,0.0,28.53972753876058,4.315488891810119
2019-10-22 00:00:00+00:00,-34.96944,-71.21694,220.0,open-meteo_ecmwf_ifs,daily,22.310501,4.9605,26.4,5.725084,3.3613012,65.22713,0.0,28.69276859056888,4.129012942630801
2019-10-23 00:00:00+00:00,-34.96944,-71.21694,220.0,open-meteo_ecmwf_ifs,daily,24.810501,6.4105,27.57,8.343833,2.1779037,68.9476,0.0,28.84383177394665,4.268024728400642
2019-10-24 00:00:00+00:00,-34.96944,-71.21694,220.0,open-meteo_ecmwf_ifs,daily,24.2605,10.660501,25.49,8.856334,1.5928127,62.103947,0.0,28.992883554265017,4.25650736446687
2019-10-25 00:00:00+00:00,-34.96944,-71.21694,220.0,open-meteo_ecmwf_ifs,daily,23.8605,7.2105,24.35,7.802166,2.3536503,63.539387,0.0,29.139891520989593,4.031991475889475
2019-10-26 00:00:00+00:00,-34.96944,-71.21694,220.0,open-meteo_ecmwf_ifs,daily,24.060501,12.2605,20.78,9.125086,1.9816586,60.277554,0.0,29.28482437469926,3.9879473596515633
2019-10-27 00:00:00+00:00,-34.96944,-71.21694,220.0,open-meteo_ecmwf_ifs,daily,18.2105,12.0105,6.47,10.158417,1.645668,75.07891,0.1,29.42765191266028,1.767043399437805
2019-10-28 00:00:00+00:00,-34.96944,-71.21694,220.0,open-meteo_ecmwf_ifs,daily,21.4605,7.4605,28.56,5.5396667,2.7480338,60.54364,0.6,29.56834501303038,4.495278449211638
2019-10-29 00:00:00+00:00,-34.96944,-71.21694,220.0,open-meteo_ecmwf_ifs,daily,18.3605,9.5605,18.31,5.768833,2.3101723,59.608776,1.4000001,29.706875617769114,3.3483544726968684
2019-10-30 00:00:00+00:00,-34.96944,-71.21694,220.0,open-meteo_ecmwf_ifs,daily,23.0105,6.5604997,28.93,5.6334167,3.2827332,61.311787,0.0,29.8432167143351,4.707348714378161
2019-10-31 00:00:00+00:00,-34.96944,-71.21694,220.0,open-meteo_ecmwf_ifs,daily,22.9105,8.210501,24.69,6.4605002,2.8608341,59.723217,0.0,29.977342316252,4.351660976702687
2019-11-01 00:00:00+00:00,-34.96944,-71.21694,220.0,open-meteo_ecmwf_ifs,daily,23.0105,8.8605,21.8,6.2834167,2.075677,62.938046,0.3,30.10922744262811,3.9702880049705764
2019-11-02 00:00:00+00:00,-34.96944,-71.21694,220.0,open-meteo_ecmwf_ifs,daily,23.6605,7.9605,29.62,6.6709175,4.485975,64.65118,0.0,30.23884809671591,5.146515298558957
2019-11-03 00:00:00+00:00,-34.96944,-71.21694,220.0,open-meteo_ecmwf_ifs,daily,24.2605,9.8605,26.49,8.225084,2.8455112,62.230194,0.1,30.36618124359914,4.716253753253913
2019-11-04 00:00:00+00:00,-34.96944,-71.21694,220.0,open-meteo_ecmwf_ifs,daily,18.7605,11.160501,12.33,8.068835,2.1716237,66.734505,0.0,30.491204787096787,2.7163717652640047
2019-11-05 00:00:00+00:00,-34.96944,-71.21694,220.0,open-meteo_ecmwf_ifs,daily,25.3605,8.210501,29.08,6.8375835,3.683322,62.10774,0.0,30.61389754597306,5.244363877493267
2019-11-06 00:00:00+00:00,-34.96944,-71.21694,220.0,open-meteo_ecmwf_ifs,daily,27.810501,9.160501,29.56,8.237584,2.9634197,57.21834,0.0,30.73423922954374,5.423159244280538
2019-11-07 00:00:00+00:00,-34.96944,-71.21694,220.0,open-meteo_ecmwf_ifs,daily,29.2605,9.8105,29.94,7.356333,3.8454525,54.789867,0.0,30.852210412768695,6.103987338628929
2019-11-08 00:00:00+00:00,-34.96944,-71.21694,220.0,open-meteo_ecmwf_ifs,daily,27.810501,12.1105,19.45,9.854251,2.2429066,57.18317,0.0,30.967792510919956,4.29181189382393
2019-11-09 00:00:00+00:00,-34.96944,-71.21694,220.0,open-meteo_ecmwf_ifs,daily,31.9605,11.3605,29.88,8.631334,3.2472517,53.934895,0.0,31.080967753914248,6.340221233974153
2019-11-10 00:00:00+00:00,-34.96944,-71.21694,220.0,open-meteo_ecmwf_ifs,daily,32.7605,12.3105,30.39,10.087583,2.7990286,51.31879,0.0,31.19171916039752,6.30747119541508
2019-11-11 00:00:00+00:00,-34.96944,-71.21694,220.0,open-meteo_ecmwf_ifs,daily,28.1605,14.6105,25.96,12.273002,1.9056978,59.846542,0.0,31.30003051166736,5.045943256310778
2019-11-12 00:00:00+00:00,-34.96944,-71.21694,220.0,open-meteo_ecmwf_ifs,daily,28.7605,12.660501,28.9,12.668835,1.8466892,66.24673,0.0,31.405886325517805,5.242130337330711
2019-11-13 00:00:00+00:00,-34.96944,-71.21694,220.0,open-meteo_ecmwf_ifs,daily,29.560501,13.660501,30.01,11.0459175,2.2619877,56.34927,0.0,31.509271830088263,5.800927365653392
2019-11-14 00:00:00+00:00,-34.96944,-71.21694,220.0,open-meteo_ecmwf_ifs,daily,30.2605,14.960501,29.01,7.554251,3.7355216,43.25931,0.0,31.61017293779607,6.859020082954306
2019-11-15 00:00:00+00:00,-34.96944,-71.21694,220.0,open-meteo_ecmwf_ifs,daily,31.1105,13.210501,30.14,10.320916,3.767185,51.124775,0.0,31.708576219429492,6.569251149336721
2019-11-16 00:00:00+00:00,-34.96944,-71.21694,220.0,open-meteo_ecmwf_ifs,daily,30.2605,13.960501,30.32,10.4938345,3.612936,52.551357,0.0,31.804468878474452,6.507485873184828
2019-11-17 00:00:00+00:00,-34.96944,-71.21694,220.0,open-meteo_ecmwf_ifs,daily,27.5105,10.210501,30.55,5.489668,3.3368979,47.89854,0.0,31.897838725745213,6.0681730953816535
2019-11-18 00:00:00+00:00,-34.96944,-71.21694,220.0,open-meteo_ecmwf_ifs,daily,31.810501,11.1105,31.7,5.631333,4.4572997,44.402527,0.0,31.988674154385606,7.336585157723321
2019-11-19 00:00:00+00:00,-34.96944,-71.21694,220.0,open-meteo_ecmwf_ifs,daily,32.7605,13.0105,31.67,7.0250835,3.4387188,41.957363,0.0,32.07696411530323,7.141588161257854
2019-11-20 00:00:00+00:00,-34.96944,-71.21694,220.0,open-meteo_ecmwf_ifs,daily,32.6605,12.160501,30.77,6.6875825,4.287338,41.692635,0.0,32.16269809309547,7.358258749476803
2019-11-21 00:00:00+00:00,-34.96944,-71.21694,220.0,open-meteo_ecmwf_ifs,daily,31.560501,13.3605,28.83,8.208419,3.2420254,44.01936,0.0,32.24586608252163,6.545193119470316
2019-11-22 00:00:00+00:00,-34.96944,-71.21694,220.0,open-meteo_ecmwf_ifs,daily,31.310501,12.3105,27.09,10.718834,1.6731372,56.70225,0.0,32.32645856557131,5.318148390980378
2019-11-23 00:00:00+00:00,-34.96944,-71.21694,220.0,open-meteo_ecmwf_ifs,daily,25.310501,12.8605,22.96,10.508417,2.439902,60.85309,0.0,32.40446648917473,4.576864537675737
2019-11-24 00:00:00+00:00,-34.96944,-71.21694,220.0,open-meteo_ecmwf_ifs,daily,24.060501,12.7605,20.07,9.231335,2.4590075,59.019714,0.2,32.47988124359616,4.24320838012553
2019-11-25 00:00:00+00:00,-34.96944,-71.21694,220.0,open-meteo_ecmwf_ifs,daily,20.8605,13.2605,16.96,7.431333,3.0418317,57.546505,0.3,32.552694641547234,3.995064957407799
2019-11-26 00:00:00+00:00,-34.96944,-71.21694,220.0,open-meteo_ecmwf_ifs,daily,22.9605,8.0605,32.69,1.2438337,4.6532445,42.432896,0.0,32.62289889805212,6.178238286998457
2019-11-27 00:00:00+00:00,-34.96944,-71.21694,220.0,open-meteo_ecmwf_ifs,daily,27.7605,8.5605,33.02,1.4584168,5.069854,38.509663,0.0,32.690486611092645,7.1398785024468046
2019-11-28 00:00:00+00:00,-34.96944,-71.21694,220.0,open-meteo_ecmwf_ifs,daily,27.7605,10.7605,30.8,4.577166,3.3404124,41.25186,0.0,32.75545074305628,6.330522009070762
2019-11-29 00:00:00+00:00,-34.96944,-71.21694,220.0,open-meteo_ecmwf_ifs,daily,26.3605,9.8605,32.15,5.9084163,2.9189157,46.30978,0.0,32.81778460300631,5.924797422807008
2019-11-30 00:00:00+00:00,-34.96944,-71.21694,220.0,open-meteo_ecmwf_ifs,daily,30.060501,10.0605,33.03,3.7084162,4.753746,41.392467,0.0,32.87748182978914,7.4090104091535975
2019-12-01 00:00:00+00:00,-34.96944,-71.21694,220.0,open-meteo_ecmwf_ifs,daily,31.8605,11.8605,31.19,7.6480007,2.4753647,43.48875,0.0,32.93453637598946,6.389498112170778
2019-12-02 00:00:00+00:00,-34.96944,-71.21694,220.0,open-meteo_ecmwf_ifs,daily,29.1605,13.210501,26.64,9.002168,2.4747944,48.728745,0.0,32.988942492740705,5.635639183245251
2019-12-03 00:00:00+00:00,-34.96944,-71.21694,220.0,open-meteo_ecmwf_ifs,daily,27.0105,11.1105,32.9,5.331333,4.8336387,43.61745,0.0,33.04069471539451,6.924278596179001
2019-12-04 00:00:00+00:00,-34.96944,-71.21694,220.0,open-meteo_ecmwf_ifs,daily,30.7605,9.8605,33.22,3.7959163,3.3770697,40.202232,0.0,33.08978785004932,6.931787214615068
2019-12-05 00:00:00+00:00,-34.96944,-71.21694,220.0,open-meteo_ecmwf_ifs,daily,30.9605,13.6105,32.91,6.1730003,3.6440372,39.23478,0.0,33.1362169609361,7.364769426441859
2019-12-06 00:00:00+00:00,-34.96944,-71.21694,220.0,open-meteo_ecmwf_ifs,daily,29.9605,13.210501,32.25,7.9542503,3.5313256,45.059734,0.0,33.17997735865554,6.898380625630512
2019-12-07 00:00:00+00:00,-34.96944,-71.21694,220.0,open-meteo_ecmwf_ifs,daily,29.2605,12.1105,31.88,9.4855,2.1715653,53.982555,0.0,33.22106458925932,6.007745760861053
2019-12-08 00:00:00+00:00,-34.96944,-71.21694,220.0,open-meteo_ecmwf_ifs,daily,31.3605,13.160501,32.49,9.564667,2.046625,50.682568,0.0,33.25947442416616,6.350190696471959
2019-12-09 00:00:00+00:00,-34.96944,-71.21694,220.0,open-meteo_ecmwf_ifs,daily,30.7605,13.2605,32.39,10.373001,1.9917822,53.13023,0.0,33.295202850901156,6.230217689102985
2019-12-10 00:00:00+00:00,-34.96944,-71.21694,220.0,open-meteo_ecmwf_ifs,daily,29.7605,13.660501,31.61,11.173,1.9316136,55.569202,0.0,33.32824606464601,6.013147858698905
2019-12-11 00:00:00+00:00,-34.96944,-71.21694,220.0,open-meteo_ecmwf_ifs,daily,28.4605,13.3105,32.59,7.7292504,3.051445,46.99707,0.0,33.358600460586864,6.597013390334185
2019-12-12 00:00:00+00:00,-34.96944,-71.21694,220.0,open-meteo_ecmwf_ifs,daily,30.9105,12.460501,33.72,4.333416,4.7359853,39.91652,0.0,33.38626262704543,7.9526861389584855
2019-12-13 00:00:00+00:00,-34.96944,-71.21694,220.0,open-meteo_ecmwf_ifs,daily,29.2605,14.2605,27.42,2.2459168,3.3507001,28.637285,0.0,33.411229339379474,6.815999260334836
2019-12-14 00:00:00+00:00,-34.96944,-71.21694,220.0,open-meteo_ecmwf_ifs,daily,25.6605,14.3105,19.15,12.3605,2.8313932,69.331215,9.3,33.43349755463817,4.264649714256327
2019-12-15 00:00:00+00:00,-34.96944,-71.21694,220.0,open-meteo_ecmwf_ifs,daily,27.9605,11.0605,32.8,7.800083,3.4613278,54.49806,0.90000004,33.45306440695874,6.386465135843574
2019-12-16 00:00:00+00:00,-34.96944,-71.21694,220.0,open-meteo_ecmwf_ifs,daily,29.5105,11.210501,33.51,5.94175,4.602888,45.319565,0.0,33.46992720369121,7.285753385445723
2019-12-17 00:00:00+00:00,-34.96944,-71.21694,220.0,open-meteo_ecmwf_ifs,daily,30.9105,12.3105,33.23,5.0000825,3.753723,39.68946,0.0,33.48408342223927,7.386495769053977
2019-12-18 00:00:00+00:00,-34.96944,-71.21694,220.0,open-meteo_ecmwf_ifs,daily,31.7105,14.6105,30.31,9.652167,3.4088497,46.04552,0.0,33.4955307076064,6.914683650509659
2019-12-19 00:00:00+00:00,-34.96944,-71.21694,220.0,open-meteo_ecmwf_ifs,daily,26.810501,14.960501,18.82,11.362584,2.9431455,56.522327,0.0,33.50426687063783,4.614952380527483
2019-12-20 00:00:00+00:00,-34.96944,-71.21694,220.0,open-meteo_ecmwf_ifs,daily,29.6105,12.5105,33.04,8.227166,4.094145,49.660446,0.0,33.51028988695063,7.022174090566428
2019-12-21 00:00:00+00:00,-34.96944,-71.21694,220.0,open-meteo_ecmwf_ifs,daily,31.0105,13.5105,33.61,4.7542505,4.0411124,35.66154,0.0,33.513597896546216,7.766582944248532
2019-12-22 00:00:00+00:00,-34.96944,-71.21694,220.0,open-meteo_ecmwf_ifs,daily,32.5605,13.660501,33.19,6.975085,3.6776295,40.190845,0.0,33.51418920410101,7.5928943413269065
2019-12-23 00:00:00+00:00,-34.96944,-71.21694,220.0,open-meteo_ecmwf_ifs,daily,35.0605,15.660501,33.25,8.814667,4.083511,38.511913,0.0,33.51206227993348,8.27844976048609
2019-12-24 00:00:00+00:00,-34.96944,-71.21694,220.0,open-meteo_ecmwf_ifs,daily,27.310501,16.4605,24.12,12.664666,3.9138405,58.95076,1.0,33.50721576164766,5.619810192726549
2019-12-25 00:00:00+00:00,-34.96944,-71.21694,220.0,open-meteo_ecmwf_ifs,daily,28.1105,11.910501,32.62,5.704249,3.844452,41.568607,0.0,33.4996484564552,6.853767733094323
2019-12-26 00:00:00+00:00,-34.96944,-71.21694,220.0,open-meteo_ecmwf_ifs,daily,30.9105,13.0605,33.12,4.50425,3.0960443,34.548695,0.0,33.48935934418021,7.177103055851838
2019-12-27 00:00:00+00:00,-34.96944,-71.21694,220.0,open-meteo_ecmwf_ifs,daily,32.8605,13.7605,33.21,5.9646664,2.7792044,37.03366,0.0,33.47634758095287,7.226277995517448
2019-12-28 00:00:00+00:00,-34.96944,-71.21694,220.0,open-meteo_ecmwf_ifs,daily,34.0605,13.710501,33.11,9.322999,3.695874,46.403477,0.0,33.4606125035998,7.591091337320711
2019-12-29 00:00:00+00:00,-34.96944,-71.21694,220.0,open-meteo_ecmwf_ifs,daily,34.7605,17.2105,32.46,12.2125845,2.7294219,46.324112,0.0,33.442153634740734,7.342910441508073
2019-12-30 00:00:00+00:00,-34.96944,-71.21694,220.0,open-meteo_ecmwf_ifs,daily,33.1105,16.1605,32.74,8.398,3.0661633,38.501698,0.0,33.42097068860247,7.49798466585261
2019-12-31 00:00:00+00:00,-34.96944,-71.21694,220.0,open-meteo_ecmwf_ifs,daily,34.8605,15.5105,33.12,7.627167,2.8947325,36.354916,0.0,33.39706357756235,7.60734238209959
2020-01-01 00:00:00+00:00,-34.96944,-71.21694,220.0,open-meteo_ecmwf_ifs,daily,32.2105,15.460501,32.66,9.325084,2.5429251,42.825882,0.0,33.37043241943461,6.959908830731847
2020-01-02 00:00:00+00:00,-34.96944,-71.21694,220.0,open-meteo_ecmwf_ifs,daily,32.6605,13.710501,32.59,11.710499,2.0156586,57.143448,0.0,33.34107754551343,6.436114655539635
2020-01-03 00:00:00+00:00,-34.96944,-71.21694,220.0,open-meteo_ecmwf_ifs,daily,32.9605,15.410501,32.3,11.485499,2.181732,51.043613,0.0,33.30899950938714,6.686026746721497
2020-01-04 00:00:00+00:00,-34.96944,-71.21694,220.0,open-meteo_ecmwf_ifs,daily,32.4605,17.0105,32.08,12.2355,3.0333273,50.35387,0.0,33.274199096537856,7.122654064704287
2020-01-05 00:00:00+00:00,-34.96944,-71.21694,220.0,open-meteo_ecmwf_ifs,daily,28.7105,14.460501,27.28,5.8125834,2.8672063,38.807133,0.8,33.23667733474083,6.235326140189004
2020-01-06 00:00:00+00:00,-34.96944,-71.21694,220.0,open-meteo_ecmwf_ifs,daily,28.310501,12.160501,32.43,7.5292506,2.846221,48.70337,0.0,33.19643550527701,6.3456628702073665
2020-01-07 00:00:00+00:00,-34.96944,-71.21694,220.0,open-meteo_ecmwf_ifs,daily,30.1605,14.3605,27.95,7.718834,2.6148756,43.30194,0.0,33.153475154971275,6.187029166989571
2020-01-08 00:00:00+00:00,-34.96944,-71.21694,220.0,open-meteo_ecmwf_ifs,daily,24.4105,15.160501,16.65,7.468834,2.494418,48.320827,0.0,33.10779810906772,4.355250764595579
2020-01-09 00:00:00+00:00,-34.96944,-71.21694,220.0,open-meteo_ecmwf_ifs,daily,27.9605,14.0105,32.05,9.377168,2.8237169,54.91982,0.0,33.05940648495136,6.3224144612400135
2020-01-10 00:00:00+00:00,-34.96944,-71.21694,220.0,open-meteo_ecmwf_ifs,daily,31.560501,12.0605,32.78,5.598,4.1738744,42.851837,0.0,33.008302706723704,7.500635489545811
2020-01-11 00:00:00+00:00,-34.96944,-71.21694,220.0,open-meteo_ecmwf_ifs,daily,33.3105,13.6105,32.57,6.464668,3.29936,39.62295,0.0,32.954489520637416,7.41612085143254
2020-01-12 00:00:00+00:00,-34.96944,-71.21694,220.0,open-meteo_ecmwf_ifs,daily,33.5605,17.1105,32.12,10.273002,2.3296652,43.228256,0.0,32.89797001139226,7.004512131745409
2020-01-13 00:00:00+00:00,-34.96944,-71.21694,220.0,open-meteo_ecmwf_ifs,daily,33.1105,14.8105,32.43,9.4834175,2.227276,46.16365,0.0,32.83874761929142,6.740216700257111
2020-01-14 00:00:00+00:00,-34.96944,-71.21694,220.0,open-meteo_ecmwf_ifs,daily,32.2605,15.210501,32.28,10.758416,3.765932,50.223633,0.0,32.77682615825459,7.291612591074442
2020-01-15 00:00:00+00:00,-34.96944,-71.21694,220.0,open-meteo_ecmwf_ifs,daily,29.2605,11.460501,33.03,5.0938325,5.9412923,39.66572,0.0,32.71220983467969,7.743915364369367
2020-01-16 00:00:00+00:00,-34.96944,-71.21694,220.0,open-meteo_ecmwf_ifs,daily,33.5105,8.8605,32.31,5.785501,3.059128,43.662018,0.0,32.644903267141835,6.730250195367555
2020-01-17 00:00:00+00:00,-34.96944,-71.21694,220.0,open-meteo_ecmwf_ifs,daily,35.6605,15.3105,31.94,7.6105,1.9289919,35.331852,0.0,32.57491150691393,6.795927407089618
2020-01-18 00:00:00+00:00,-34.96944,-71.21694,220.0,open-meteo_ecmwf_ifs,daily,35.5105,16.9105,28.61,11.2438345,1.5058509,46.11018,0.0,32.502240059289065,6.104602551916855
2020-01-19 00:00:00+00:00,-34.96944,-71.21694,220.0,open-meteo_ecmwf_ifs,daily,32.9605,17.3605,26.05,12.808417,1.8001477,49.159405,0.0,32.42689490568022,5.72932909431066
2020-01-20 00:00:00+00:00,-34.96944,-71.21694,220.0,open-meteo_ecmwf_ifs,daily,34.0605,16.0605,31.42,12.116749,1.8320388,53.305172,0.0,32.348882526468635,6.46422757071458
2020-01-21 00:00:00+00:00,-34.96944,-71.21694,220.0,open-meteo_ecmwf_ifs,daily,33.8105,16.3605,31.7,9.683417,1.9972316,40.89861,0.0,32.268209924567216,6.673051193685177
2020-01-22 00:00:00+00:00,-34.96944,-71.21694,220.0,open-meteo_ecmwf_ifs,daily,32.2105,16.0105,31.2,12.45425,2.104151,52.981808,0.0,32.184884649661086,6.365568587780211
2020-01-23 00:00:00+00:00,-34.96944,-71.21694,220.0,open-meteo_ecmwf_ifs,daily,32.9105,17.1105,29.67,13.4355,1.7203088,55.251938,0.0,32.098914823082154,6.102174134420584
2020-01-24 00:00:00+00:00,-34.96944,-71.21694,220.0,open-meteo_ecmwf_ifs,daily,34.9105,17.810501,31.05,10.6084175,2.3005016,46.995667,0.0,32.0103091632706,6.967769314035656
2020-01-25 00:00:00+00:00,-34.96944,-71.21694,220.0,open-meteo_ecmwf_ifs,daily,34.5105,16.5105,31.63,7.3813343,2.3409042,35.261803,0.0,31.919077011770938,7.01538045344416
2020-01-26 00:00:00+00:00,-34.96944,-71.21694,220.0,open-meteo_ecmwf_ifs,daily,34.4605,18.4605,30.45,12.006332,2.8569973,43.916943,0.0,31.8252283597063,7.167696512045497
2020-01-27 00:00:00+00:00,-34.96944,-71.21694,220.0,open-meteo_ecmwf_ifs,daily,34.9105,18.9605,30.21,9.987583,3.1713836,36.468746,0.0,31.728773874669812,7.574624153207042
2020-01-28 00:00:00+00:00,-34.96944,-71.21694,220.0,open-meteo_ecmwf_ifs,daily,33.6105,19.6105,28.85,11.441752,2.7492034,40.974075,0.0,31.629724927968127,6.962495321221845
2020-01-29 00:00:00+00:00,-34.96944,-71.21694,220.0,open-meteo_ecmwf_ifs,daily,30.9105,15.2605,28.95,12.029251,2.6853554,50.332,7.4,31.52809362214779,6.089382659250006
2020-01-30 00:00:00+00:00,-34.96944,-71.21694,220.0,open-meteo_ecmwf_ifs,daily,32.9605,16.0605,30.33,7.0334167,2.4861736,34.74013,0.0,31.42389281873139,6.752116931912939
2020-01-31 00:00:00+00:00,-34.96944,-71.21694,220.0,open-meteo_ecmwf_ifs,daily,33.0605,17.2105,30.36,7.6563334,2.1825974,35.570095,0.0,31.31713616608704,6.629737852002318
2020-02-01 00:00:00+00:00,-34.96944,-71.21694,220.0,open-meteo_ecmwf_ifs,daily,32.7105,15.910501,29.76,12.897999,2.2199798,53.279694,0.0,31.207838127351334,6.179527865919516
2020-02-02 00:00:00+00:00,-34.96944,-71.21694,220.0,open-meteo_ecmwf_ifs,daily,32.5605,15.8105,29.72,12.435498,3.245536,53.910213,0.0,31.0960140083228,6.615476539304127
2020-02-03 00:00:00+00:00,-34.96944,-71.21694,220.0,open-meteo_ecmwf_ifs,daily,29.9605,13.160501,30.28,4.131333,2.7647495,34.670605,0.0,30.98167998524033,6.430722248808914
2020-02-04 00:00:00+00:00,-34.96944,-71.21694,220.0,open-meteo_ecmwf_ifs,daily,27.310501,13.2605,29.59,9.748001,2.6968377,55.243786,0.0,30.86485313235879,5.659725845560916
2020-02-05 00:00:00+00:00,-34.96944,-71.21694,220.0,open-meteo_ecmwf_ifs,daily,27.2605,12.8105,29.75,6.2417507,3.3157218,43.6245,0.0,30.745551449231616,6.138711221502825
2020-02-06 00:00:00+00:00,-34.96944,-71.21694,220.0,open-meteo_ecmwf_ifs,daily,28.810501,12.710501,29.91,6.350084,1.4500562,44.678013,0.0,30.623793887609125,5.393655567153447
2020-02-07 00:00:00+00:00,-34.96944,-71.21694,220.0,open-meteo_ecmwf_ifs,daily,31.1105,12.3105,30.0,6.5500836,2.6378744,42.433437,0.0,30.49960037785947,6.192388103463855
2020-02-08 00:00:00+00:00,-34.96944,-71.21694,220.0,open-meteo_ecmwf_ifs,daily,34.2105,13.5105,29.98,5.948,2.290363,35.632465,0.0,30.372991854818565,6.406305613718895
2020-02-09 00:00:00+00:00,-34.96944,-71.21694,220.0,open-meteo_ecmwf_ifs,daily,33.0605,13.2605,29.53,9.468834,1.9497436,45.258343,0.0,30.24399028297479,5.887722912796716
2020-02-10 00:00:00+00:00,-34.96944,-71.21694,220.0,open-meteo_ecmwf_ifs,daily,32.3605,15.0105,28.77,12.956334,1.9803282,55.157093,0.0,30.112618680893874,5.743721274536783
2020-02-11 00:00:00+00:00,-34.96944,-71.21694,220.0,open-meteo_ecmwf_ifs,daily,32.2105,16.0105,28.6,13.352166,1.8143314,56.13658,0.0,29.97890114479025,5.70001066543665
2020-02-12 00:00:00+00:00,-34.96944,-71.21694,220.0,open-meteo_ecmwf_ifs,daily,30.5105,15.910501,27.67,11.345917,2.4919288,50.884876,0.0,29.842862871151027,5.824740367066652
2020-02-13 00:00:00+00:00,-34.96944,-71.21694,220.0,open-meteo_ecmwf_ifs,daily,27.9105,13.710501,29.11,4.82925,4.470535,36.911472,0.0,29.704530178320624,6.837021438851965
2020-02-14 00:00:00+00:00,-34.96944,-71.21694,220.0,open-meteo_ecmwf_ifs,daily,31.4605,11.960501,29.37,1.8771664,3.9276447,32.681187,0.0,29.563930526954767,7.065847380821602
2020-02-15 00:00:00+00:00,-34.96944,-71.21694,220.0,open-meteo_ecmwf_ifs,daily,32.5105,14.0605,28.81,7.723001,2.8294096,43.042706,0.0,29.42109253925515,6.348343522059476
2020-02-16 00:00:00+00:00,-34.96944,-71.21694,220.0,open-meteo_ecmwf_ifs,daily,31.810501,15.460501,28.05,9.912583,2.007117,46.98683,0.0,29.276046016897567,5.738142067566103
2020-02-17 00:00:00+00:00,-34.96944,-71.21694,220.0,open-meteo_ecmwf_ifs,daily,27.4105,15.1105,24.75,10.187585,2.2093937,55.26766,0.0,29.12882195756937,5.003889243940263
2020-02-18 00:00:00+00:00,-34.96944,-71.21694,220.0,open-meteo_ecmwf_ifs,daily,32.5105,12.5105,28.64,3.8021662,3.5805843,35.478043,0.0,28.97945257003477,6.812152724010728
2020-02-19 00:00:00+00:00,-34.96944,-71.21694,220.0,open-meteo_ecmwf_ifs,daily,33.0605,13.3105,28.13,7.839667,3.3479612,44.434372,0.0,28.827971287649802,6.484633520374691
2020-02-20 00:00:00+00:00,-34.96944,-71.21694,220.0,open-meteo_ecmwf_ifs,daily,34.6605,11.960501,27.84,6.314667,2.5058148,36.684395,0.0,28.67441278025241,6.059204470237925
2020-02-21 00:00:00+00:00,-34.96944,-71.21694,220.0,open-meteo_ecmwf_ifs,daily,29.9105,13.660501,26.62,11.858417,2.0098388,58.743893,0.0,28.518812964356897,5.083258137513636
2020-02-22 00:00:00+00:00,-34.96944,-71.21694,220.0,open-meteo_ecmwf_ifs,daily,30.1105,14.1105,27.17,10.893834,1.5357665,56.198536,0.0,28.361209011586123,5.032893348678554
2020-02-23 00:00:00+00:00,-34.96944,-71.21694,220.0,open-meteo_ecmwf_ifs,daily,28.9105,13.8605,26.87,11.964667,2.0590541,60.561634,0.0,28.201639355279415,5.02451483560883
2020-02-24 00:00:00+00:00,-34.96944,-71.21694,220.0,open-meteo_ecmwf_ifs,daily,24.2605,13.0605,14.66,10.768833,2.3567042,64.5691,0.0,28.04014369521868,3.341402380026331
2020-02-25 00:00:00+00:00,-34.96944,-71.21694,220.0,open-meteo_ecmwf_ifs,daily,30.310501,12.160501,26.77,5.118833,3.1634762,39.792557,0.0,27.876763000420258,5.931402667721442
2020-02-26 00:00:00+00:00,-34.96944,-71.21694,220.0,open-meteo_ecmwf_ifs,daily,32.9605,12.7605,26.82,5.3021665,2.505285,36.425343,0.0,27.711539509944963,5.835848968015954
2020-02-27 00:00:00+00:00,-34.96944,-71.21694,220.0,open-meteo_ecmwf_ifs,daily,32.1105,13.960501,26.25,9.402167,2.0195978,46.031555,0.0,27.544516731684592,5.315603119278468
2020-02-28 00:00:00+00:00,-34.96944,-71.21694,220.0,open-meteo_ecmwf_ifs,daily,33.2605,15.3105,26.25,10.9209175,1.9678653,50.04291,0.0,27.37573943908791,5.417532118260813
2020-02-29 00:00:00+00:00,-34.96944,-71.21694,220.0,open-meteo_ecmwf_ifs,daily,33.8605,15.960501,25.84,12.481334,1.6087785,54.798817,0.0,27.205253665795478,5.187793429061226
2020-03-01 00:00:00+00:00,-34.96944,-71.21694,220.0,open-meteo_ecmwf_ifs,daily,30.560501,15.5605,25.19,12.614667,1.8618178,60.51987,0.0,27.03310669815808,4.932694161019416
2020-03-02 00:00:00+00:00,-34.96944,-71.21694,220.0,open-meteo_ecmwf_ifs,daily,30.9605,13.0105,25.47,11.822999,1.8315717,59.370525,0.0,26.8593470656195,4.790768259267233
2020-03-03 00:00:00+00:00,-34.96944,-71.21694,220.0,open-meteo_ecmwf_ifs,daily,31.6605,13.0105,24.99,12.70425,1.6266142,64.30059,0.0,26.684024528950207,4.653268130364359
2020-03-04 00:00:00+00:00,-34.96944,-71.21694,220.0,open-meteo_ecmwf_ifs,daily,32.3105,14.460501,25.45,9.454251,2.0888622,50.361332,0.0,26.507190066324824,5.2365504907064135
2020-03-05 00:00:00+00:00,-34.96944,-71.21694,220.0,open-meteo_ecmwf_ifs,daily,32.9605,14.960501,24.89,9.416752,3.2185364,45.44603,0.0,26.32889585724202,5.938370343848837
2020-03-06 00:00:00+00:00,-34.96944,-71.21694,220.0,open-meteo_ecmwf_ifs,daily,32.7105,14.8605,24.85,9.04175,2.4474747,42.19344,0.0,26.149195264291617,5.45191213524287
2020-03-07 00:00:00+00:00,-34.96944,-71.21694,220.0,open-meteo_ecmwf_ifs,daily,31.310501,15.0105,24.07,11.206334,2.740838,51.475124,0.0,25.968142812779956,5.250260488866773
2020-03-08 00:00:00+00:00,-34.96944,-71.21694,220.0,open-meteo_ecmwf_ifs,daily,31.3605,16.560501,24.07,9.150084,2.0237381,42.82152,0.0,25.785794168230257,5.094341455613269
2020-03-09 00:00:00+00:00,-34.96944,-71.21694,220.0,open-meteo_ecmwf_ifs,daily,33.4605,15.3605,24.15,4.7917495,2.8407362,31.90315,0.0,25.602206111781033,5.931787938289191
2020-03-10 00:00:00+00:00,-34.96944,-71.21694,220.0,open-meteo_ecmwf_ifs,daily,33.0105,15.8105,24.18,6.2209167,2.471388,33.18529,0.0,25.417436513511266,5.5737176125936045
2020-03-11 00:00:00+00:00,-34.96944,-71.21694,220.0,open-meteo_ecmwf_ifs,daily,31.810501,15.210501,21.81,10.593835,2.8525648,51.10645,0.0,25.231544303727212,5.1458815099050685
2020-03-12 00:00:00+00:00,-34.96944,-71.21694,220.0,open-meteo_ecmwf_ifs,daily,29.8605,15.8605,23.56,10.245917,1.85699,48.357147,0.0,25.044589442251038,4.657934768185177
2020-03-13 00:00:00+00:00,-34.96944,-71.21694,220.0,open-meteo_ecmwf_ifs,daily,28.5105,14.660501,23.05,11.577167,2.4642127,60.587933,0.0,24.85663288575729,4.576565665362803
2020-03-14 00:00:00+00:00,-34.96944,-71.21694,220.0,open-meteo_ecmwf_ifs,daily,28.8605,13.7605,23.48,7.939668,3.9649487,48.121807,0.0,24.667736553208872,5.538714660069343
2020-03-15 00:00:00+00:00,-34.96944,-71.21694,220.0,open-meteo_ecmwf_ifs,daily,30.060501,10.7605,24.05,4.506333,2.7224643,40.82766,0.0,24.47796328944897,5.013887989489234
2020-03-16 00:00:00+00:00,-34.96944,-71.21694,220.0,open-meteo_ecmwf_ifs,daily,28.1105,11.5605,23.13,8.623,1.5884672,52.889038,0.0,24.287376827010938,4.020996046699676
2020-03-17 00:00:00+00:00,-34.96944,-71.21694,220.0,open-meteo_ecmwf_ifs,daily,28.1605,11.8605,23.02,8.689668,1.7966452,54.535767,0.0,24.09604174621295,4.115771309814374
2020-03-18 00:00:00+00:00,-34.96944,-71.21694,220.0,open-meteo_ecmwf_ifs,daily,28.6605,12.210501,23.0,9.143835,2.2843091,54.95944,0.0,23.904023433608767,4.368961926847471
2020-03-19 00:00:00+00:00,-34.96944,-71.21694,220.0,open-meteo_ecmwf_ifs,daily,29.2105,11.160501,22.98,7.752168,2.1528013,51.63194,0.0,23.71138803887069,4.3228724928322215
2020-03-20 00:00:00+00:00,-34.96944,-71.21694,220.0,open-meteo_ecmwf_ifs,daily,29.7605,11.2605,22.73,7.0542493,2.0706308,46.986973,0.0,23.51820243018491,4.324827203774257
2020-03-21 00:00:00+00:00,-34.96944,-71.21694,220.0,open-meteo_ecmwf_ifs,daily,24.8605,13.0605,19.5,9.9834175,2.7654285,62.892345,0.0,23.324534148243423,3.839109600226683
2020-03-22 00:00:00+00:00,-34.96944,-71.21694,220.0,open-meteo_ecmwf_ifs,daily,27.1605,12.160501,21.18,8.781335,2.161754,54.57582,0.0,23.130451358920624,3.971236274129367
2020-03-23 00:00:00+00:00,-34.96944,-71.21694,220.0,open-meteo_ecmwf_ifs,daily,28.9605,11.5605,21.77,8.86675,2.0232708,58.5656,0.0,22.936022804725834,4.03291818807473
2020-03-24 00:00:00+00:00,-34.96944,-71.21694,220.0,open-meteo_ecmwf_ifs,daily,27.4105,10.660501,18.93,9.516751,2.1050503,60.711292,0.0,22.741317755126698,3.560452231032359
2020-03-25 00:00:00+00:00,-34.96944,-71.21694,220.0,open-meteo_ecmwf_ifs,daily,28.3605,14.6105,19.29,12.645917,2.2631056,69.82604,0.0,22.546405955840772,3.8333372024505583
2020-03-26 00:00:00+00:00,-34.96944,-71.21694,220.0,open-meteo_ecmwf_ifs,daily,28.560501,12.660501,20.49,13.245918,1.6811706,71.33042,0.0,22.351357577195788,3.5339723918218953
2020-03-27 00:00:00+00:00,-34.96944,-71.21694,220.0,open-meteo_ecmwf_ifs,daily,25.7105,14.710501,19.26,12.7646675,1.809595,69.07639,0.0,22.156243161660914,3.4068897123398427
2020-03-28 00:00:00+00:00,-34.96944,-71.21694,220.0,open-meteo_ecmwf_ifs,daily,26.7105,11.6105,19.51,11.433415,1.6833469,70.020134,0.0,21.961133570653878,3.2898755739439447
2020-03-29 00:00:00+00:00,-34.96944,-71.21694,220.0,open-meteo_ecmwf_ifs,daily,26.7605,12.8605,19.67,9.616753,3.2842817,59.333942,0.0,21.766099930730025,4.145072764228058
2020-03-30 00:00:00+00:00,-34.96944,-71.21694,220.0,open-meteo_ecmwf_ifs,daily,27.6605,9.2605,20.27,6.2542496,3.4090967,50.345463,0.0,21.571213579261308,4.270656998098809
2020-03-31 00:00:00+00:00,-34.96944,-71.21694,220.0,open-meteo_ecmwf_ifs,daily,27.0105,10.460501,20.38,7.054251,2.918184,52.235825,0.0,21.37654600971401,4.037228279921529
2020-04-01 00:00:00+00:00,-34.96944,-71.21694,220.0,open-meteo_ecmwf_ifs,daily,25.4105,9.410501,19.86,5.7730007,4.1551223,53.569046,0.0,21.182168816634842,4.298123170409594
2020-04-02 00:00:00+00:00,-34.96944,-71.21694,220.0,open-meteo_ecmwf_ifs,daily,30.560501,8.160501,20.39,5.4063325,2.495198,51.69289,0.0,20.988153640455774,4.017626470978471
2020-04-03 00:00:00+00:00,-34.96944,-71.21694,220.0,open-meteo_ecmwf_ifs,daily,27.560501,9.6105,19.52,7.5709176,1.7378598,54.08376,0.0,20.794572112227932,3.3158825532948484
2020-04-04 00:00:00+00:00,-34.96944,-71.21694,220.0,open-meteo_ecmwf_ifs,daily,27.2605,10.960501,19.0,8.023,2.1688313,53.41788,0.0,20.60149579839486,3.5194573424945683
2020-04-05 00:00:00+00:00,-34.96944,-71.21694,220.0,open-meteo_ecmwf_ifs,daily,23.9605,10.0105,19.56,4.0542502,3.0758677,47.18803,0.0,20.40899614571515,3.8674814732820426
2020-04-06 00:00:00+00:00,-34.96944,-71.21694,220.0,open-meteo_ecmwf_ifs,daily,26.0105,7.1105,19.75,2.5438333,3.5150115,48.806507,0.0,20.21714442644354,4.08936062976408
2020-04-07 00:00:00+00:00,-34.96944,-71.21694,220.0,open-meteo_ecmwf_ifs,daily,29.810501,6.5604997,19.34,3.500083,1.9779657,47.462482,0.0,20.02601168387884,3.459189135094347
2020-04-08 00:00:00+00:00,-34.96944,-71.21694,220.0,open-meteo_ecmwf_ifs,daily,26.9605,9.5605,18.57,6.5625834,1.6192292,53.062817,0.0,19.83566867838548,3.085613991664931
2020-04-09 00:00:00+00:00,-34.96944,-71.21694,220.0,open-meteo_ecmwf_ifs,daily,24.4605,9.660501,17.61,9.150084,1.4918288,68.571434,0.0,19.646185833994277,2.6873209425217817
2020-04-10 00:00:00+00:00,-34.96944,-71.21694,220.0,open-meteo_ecmwf_ifs,daily,24.3605,9.5605,17.47,8.683417,1.7892438,65.1191,0.0,19.457633185685687,2.7754907996640106
2020-04-11 00:00:00+00:00,-34.96944,-71.21694,220.0,open-meteo_ecmwf_ifs,daily,20.560501,11.5605,11.17,9.237583,2.2204132,66.068665,0.0,19.27008032745732,2.2766232604683556
2020-04-12 00:00:00+00:00,-34.96944,-71.21694,220.0,open-meteo_ecmwf_ifs,daily,20.6605,8.960501,15.51,5.566749,2.459965,56.154892,0.2,19.08359636127456,2.7470905632721587
2020-04-13 00:00:00+00:00,-34.96944,-71.21694,220.0,open-meteo_ecmwf_ifs,daily,23.1605,7.1105,17.94,3.0250838,2.7363434,48.58551,0.0,18.89824984700094,3.2211042204311644
2020-04-14 00:00:00+00:00,-34.96944,-71.21694,220.0,open-meteo_ecmwf_ifs,daily,25.4605,6.5105,16.94,3.633417,1.9184531,51.574207,0.0,18.71410875340178,2.8603516744694013
2020-04-15 00:00:00+00:00,-34.96944,-71.21694,220.0,open-meteo_ecmwf_ifs,daily,23.6105,9.2605,13.97,5.364666,1.8969566,53.189068,0.0,18.53124041031174,2.6427373848444544
2020-04-16 00:00:00+00:00,-34.96944,-71.21694,220.0,open-meteo_ecmwf_ifs,daily,25.3605,8.7605,16.29,8.650083,1.4183854,71.15295,0.0,18.349711462053392,2.459381639569233
2020-04-17 00:00:00+00:00,-34.96944,-71.21694,220.0,open-meteo_ecmwf_ifs,daily,26.6105,8.1105,16.36,7.718834,2.2033443,63.06172,0.0,18.16958782219066,2.8565735021345167
2020-04-18 00:00:00+00:00,-34.96944,-71.21694,220.0,open-meteo_ecmwf_ifs,daily,27.1605,15.1105,13.65,13.987582,2.4499028,73.77009,0.0,17.990934629696905,2.8433679704657475
2020-04-19 00:00:00+00:00,-34.96944,-71.21694,220.0,open-meteo_ecmwf_ifs,daily,26.2105,13.160501,15.39,10.62717,3.9531336,61.052994,0.0,17.81381620661385,3.581707333713184
2020-04-20 00:00:00+00:00,-34.96944,-71.21694,220.0,open-meteo_ecmwf_ifs,daily,25.6605,8.460501,15.35,5.2917495,4.13891,51.576447,0.0,17.638296017273042,3.7136175920134393
2020-04-21 00:00:00+00:00,-34.96944,-71.21694,220.0,open-meteo_ecmwf_ifs,daily,23.6605,7.9605,12.36,6.2542496,2.4575164,56.947865,0.0,17.46443662914768,2.552308341589343
2020-04-22 00:00:00+00:00,-34.96944,-71.21694,220.0,open-meteo_ecmwf_ifs,daily,27.2105,10.8105,14.86,7.598,1.018396,51.956913,0.0,17.29229967539776,2.2646636481127644
2020-04-23 00:00:00+00:00,-34.96944,-71.21694,220.0,open-meteo_ecmwf_ifs,daily,21.4105,13.960501,8.79,10.856335,2.6483328,69.30039,0.0,17.121945819167095,2.2339268706655813
2020-04-24 00:00:00+00:00,-34.96944,-71.21694,220.0,open-meteo_ecmwf_ifs,daily,15.960501,13.2605,4.42,12.073002,3.3000782,85.43813,24.200003,16.95343471968593,1.2153857768052698
2020-04-25 00:00:00+00:00,-34.96944,-71.21694,220.0,open-meteo_ecmwf_ifs,daily,21.810501,10.6105,14.21,11.21675,1.7580527,80.52101,1.9,16.78682500022806,2.0150307049617475
2020-04-26 00:00:00+00:00,-34.96944,-71.21694,220.0,open-meteo_ecmwf_ifs,daily,20.4105,9.2605,11.97,9.839667,2.0591803,80.19381,0.0,16.62217421796605,1.844377733983337
2020-04-27 00:00:00+00:00,-34.96944,-71.21694,220.0,open-meteo_ecmwf_ifs,daily,18.0105,8.0105,9.3,8.906334,1.6671953,79.25442,4.5,16.459538835763443,1.4361386739119268
2020-04-28 00:00:00+00:00,-34.96944,-71.21694,220.0,open-meteo_ecmwf_ifs,daily,19.2105,8.460501,14.51,10.062584,2.3081377,83.70171,0.4,16.298974195937028,1.8008737475472272
2020-04-29 00:00:00+00:00,-34.96944,-71.21694,220.0,open-meteo_ecmwf_ifs,daily,17.8605,5.9605,14.08,6.981333,2.7052069,80.65779,0.0,16.14053449601749,1.8267553318334449
2020-04-30 00:00:00+00:00,-34.96944,-71.21694,220.0,open-meteo_ecmwf_ifs,daily,18.4105,6.3104997,13.39,7.1167502,2.3948977,80.66838,0.0,15.984272766530795,1.79662102144513
2020-05-01 00:00:00+00:00,-34.96944,-71.21694,220.0,open-meteo_ecmwf_ifs,daily,19.3605,7.6105,13.23,8.066751,2.101137,80.96758,0.0,15.830240850817502,1.8060884820862444
2020-05-02 00:00:00+00:00,-34.96944,-71.21694,220.0,open-meteo_ecmwf_ifs,daily,17.1105,9.460501,7.68,9.998,1.2583696,86.45987,0.0,15.678489386901425,1.186234072406879
2020-05-03 00:00:00+00:00,-34.96944,-71.21694,220.0,open-meteo_ecmwf_ifs,daily,18.0105,8.6105,8.13,9.975085,2.6005096,81.02796,0.5,15.529067791413548,1.3761985886898278
2020-05-04 00:00:00+00:00,-34.96944,-71.21694,220.0,open-meteo_ecmwf_ifs,daily,19.9105,8.5105,13.16,7.5146675,2.793361,69.35372,0.0,15.382024245571351,2.100692040431107
2020-05-05 00:00:00+00:00,-34.96944,-71.21694,220.0,open-meteo_ecmwf_ifs,daily,19.6105,10.160501,12.05,9.543834,3.4012334,78.07377,0.0,15.237405683208081,2.042404107855215
2020-05-06 00:00:00+00:00,-34.96944,-71.21694,220.0,open-meteo_ecmwf_ifs,daily,18.810501,7.0105,13.13,7.858417,2.4004433,79.76621,0.0,15.095257780840683,1.718320332959606
2020-05-07 00:00:00+00:00,-34.96944,-71.21694,220.0,open-meteo_ecmwf_ifs,daily,22.560501,6.8605,12.15,8.141751,1.5387416,79.87029,0.0,14.955624949759482,1.683663317754303
2020-05-08 00:00:00+00:00,-34.96944,-71.21694,220.0,open-meteo_ecmwf_ifs,daily,23.2605,8.0605,12.06,10.143834,1.6016259,82.67065,0.0,14.818550330116988,1.6692695734173633
2020-05-09 00:00:00+00:00,-34.96944,-71.21694,220.0,open-meteo_ecmwf_ifs,daily,19.7605,8.960501,11.22,10.398001,1.5518798,84.55005,0.0,14.684075786987423,1.42872687152963
2020-05-10 00:00:00+00:00,-34.96944,-71.21694,220.0,open-meteo_ecmwf_ifs,daily,19.0105,9.660501,11.52,9.793835,1.5742755,81.760414,0.0,14.552241908363017,1.4752104048126002
2020-05-11 00:00:00+00:00,-34.96944,-71.21694,220.0,open-meteo_ecmwf_ifs,daily,16.6605,7.8104997,12.2,6.8980007,3.41129,75.831566,0.0,14.423088005047479,1.7965864535473441
2020-05-12 00:00:00+00:00,-34.96944,-71.21694,220.0,open-meteo_ecmwf_ifs,daily,13.8605,6.6605,6.88,5.7938323,2.4717019,79.73849,0.0,14.296652112401434,1.262488113107246
2020-05-13 00:00:00+00:00,-34.96944,-71.21694,220.0,open-meteo_ecmwf_ifs,daily,17.310501,4.4105,11.53,4.6646657,2.4860842,79.74445,0.0,14.172970993889432,1.594500414985382
2020-05-14 00:00:00+00:00,-34.96944,-71.21694,220.0,open-meteo_ecmwf_ifs,daily,19.0105,4.2105,11.2,5.350084,2.408427,76.52238,0.0,14.052080146372354,1.6050231262995656
2020-05-15 00:00:00+00:00,-34.96944,-71.21694,220.0,open-meteo_ecmwf_ifs,daily,23.2105,8.160501,11.07,10.362584,3.1400683,78.38576,0.0,13.934013807084252,1.885583493913633
2020-05-16 00:00:00+00:00,-34.96944,-71.21694,220.0,open-meteo_ecmwf_ifs,daily,20.7105,12.0605,9.95,12.218833,3.4839525,85.127846,0.0,13.818804962227281,1.7550879411647842
2020-05-17 00:00:00+00:00,-34.96944,-71.21694,220.0,open-meteo_ecmwf_ifs,daily,21.5105,9.7605,11.14,11.410501,1.8037385,84.26819,0.0,13.706485357113523,1.4596124490417046
2020-05-18 00:00:00+00:00,-34.96944,-71.21694,220.0,open-meteo_ecmwf_ifs,daily,17.060501,8.910501,8.65,10.539668,1.1322328,86.61426,0.1,13.597085507777741,1.0048478484293688
2020-05-19 00:00:00+00:00,-34.96944,-71.21694,220.0,open-meteo_ecmwf_ifs,daily,16.9605,8.8605,4.97,9.723001,1.9362823,84.777504,0.0,13.490634713980528,1.0294261344059579
2020-05-20 00:00:00+00:00,-34.96944,-71.21694,220.0,open-meteo_ecmwf_ifs,daily,14.210501,9.960501,3.6,10.048,1.4558672,89.60511,15.599999,13.387161073516939,0.7788554036046941
2020-05-21 00:00:00+00:00,-34.96944,-71.21694,220.0,open-meteo_ecmwf_ifs,daily,14.6105,5.4105,11.13,6.5542502,1.802196,84.49136,0.2,13.286691497741582,1.0836502256144027
2020-05-22 00:00:00+00:00,-34.96944,-71.21694,220.0,open-meteo_ecmwf_ifs,daily,15.1105,2.7105,12.32,2.0584164,1.7832304,69.46767,0.0,13.18925172821735,1.281892377045901
2020-05-23 00:00:00+00:00,-34.96944,-71.21694,220.0,open-meteo_ecmwf_ifs,daily,15.2605,2.5105002,11.22,3.5792496,2.0412357,81.39145,0.0,13.094866354391186,1.2068002105955944
2020-05-24 00:00:00+00:00,-34.96944,-71.21694,220.0,open-meteo_ecmwf_ifs,daily,19.9605,4.2605,11.12,7.2125835,2.4209054,84.29254,0.0,13.003558832197285,1.3844568850094465
2020-05-25 00:00:00+00:00,-34.96944,-71.21694,220.0,open-meteo_ecmwf_ifs,daily,20.560501,10.0105,10.28,11.823001,2.2996085,88.887726,0.0,12.915351503484972,1.3332618007357384
2020-05-26 00:00:00+00:00,-34.96944,-71.21694,220.0,open-meteo_ecmwf_ifs,daily,19.4605,7.9605,9.45,10.087584,0.952866,86.72253,0.0,12.830265616165912,1.0200856299902978
2020-05-27 00:00:00+00:00,-34.96944,-71.21694,220.0,open-meteo_ecmwf_ifs,daily,15.0105,9.3605,6.02,10.398001,1.0581106,91.23942,0.1,12.748321344973151,0.7784717493444601
2020-05-28 00:00:00+00:00,-34.96944,-71.21694,220.0,open-meteo_ecmwf_ifs,daily,15.8605,9.710501,4.57,10.448001,1.3908392,89.9746,2.6,12.669537812722531,0.8191224936359701
2020-05-29 00:00:00+00:00,-34.96944,-71.21694,220.0,open-meteo_ecmwf_ifs,daily,12.3105,6.7105,2.65,6.8396664,2.9569676,89.10766,6.799999,12.59393311196565,0.878983210182548
2020-05-30 00:00:00+00:00,-34.96944,-71.21694,220.0,open-meteo_ecmwf_ifs,daily,12.410501,1.1604999,10.81,2.4209166,2.740946,76.93307,0.0,12.521524326922425,1.074770698228144
2020-05-31 00:00:00+00:00,-34.96944,-71.21694,220.0,open-meteo_ecmwf_ifs,daily,18.4105,3.4605,10.27,5.8667507,1.3196621,82.609215,0.0,12.45232755558081,1.0332374365371448
2020-06-01 00:00:00+00:00,-34.96944,-71.21694,220.0,open-meteo_ecmwf_ifs,daily,17.1605,6.5105,8.52,8.970916,1.3571616,90.62256,0.0,12.386357931851046,0.9048286144396338
2020-06-02 00:00:00+00:00,-34.96944,-71.21694,220.0,open-meteo_ecmwf_ifs,daily,12.960501,8.0105,2.66,8.825084,1.4458427,92.82104,3.8999999,12.3236296476621,0.6489189166153285
2020-06-03 00:00:00+00:00,-34.96944,-71.21694,220.0,open-meteo_ecmwf_ifs,daily,14.1105,6.7105,7.02,7.970917,1.0894307,87.552795,4.2,12.264155974888972,0.7636595015763159
2020-06-04 00:00:00+00:00,-34.96944,-71.21694,220.0,open-meteo_ecmwf_ifs,daily,14.210501,4.0105,9.28,5.889666,1.4626881,83.01652,0.0,12.207949287000488,0.845725595809352
2020-06-05 00:00:00+00:00,-34.96944,-71.21694,220.0,open-meteo_ecmwf_ifs,daily,14.910501,2.1105,11.12,4.3229995,1.3061172,80.14646,0.0,12.155021080319433,0.8693889884259236
2020-06-06 00:00:00+00:00,-34.96944,-71.21694,220.0,open-meteo_ecmwf_ifs,daily,14.3605,2.6605,8.67,5.7959175,1.1015614,87.590485,0.0,12.105381994788727,0.7354189415840134
2020-06-07 00:00:00+00:00,-34.96944,-71.21694,220.0,open-meteo_ecmwf_ifs,daily,14.960501,1.0605,10.26,5.445917,1.0300392,87.66565,0.0,12.059041834140562,0.718058886470221
2020-06-08 00:00:00+00:00,-34.96944,-71.21694,220.0,open-meteo_ecmwf_ifs,daily,13.960501,5.3104997,6.04,6.450083,1.2081175,87.181526,0.6,12.016009585368286,0.7712018789349783
2020-06-09 00:00:00+00:00,-34.96944,-71.21694,220.0,open-meteo_ecmwf_ifs,daily,13.710501,2.9105,10.84,4.87925,2.3623989,83.46304,0.0,11.976293437404921,0.9344631270228362
2020-06-10 00:00:00+00:00,-34.96944,-71.21694,220.0,open-meteo_ecmwf_ifs,daily,13.8105,2.2605002,10.62,3.64175,1.3225627,80.54029,0.0,11.939900798916234,0.8376949439303919
2020-06-11 00:00:00+00:00,-34.96944,-71.21694,220.0,open-meteo_ecmwf_ifs,daily,10.6105,3.1105,2.34,3.6604996,2.8884792,78.38284,6.0,11.906838315121014,0.856137712645762
2020-06-12 00:00:00+00:00,-34.96944,-71.21694,220.0,open-meteo_ecmwf_ifs,daily,11.5605,7.0105,5.95,6.6834164,3.2015011,85.36208,37.6,11.877111883556514,0.8925808969885863
2020-06-13 00:00:00+00:00,-34.96944,-71.21694,220.0,open-meteo_ecmwf_ifs,daily,12.2605,2.5605001,10.19,4.508417,2.1212595,89.220604,0.0,11.85072666871223,0.8061210887023101
2020-06-14 00:00:00+00:00,-34.96944,-71.21694,220.0,open-meteo_ecmwf_ifs,daily,15.460501,0.6605,10.34,4.264666,1.9139795,88.972046,0.0,11.82768711546161,0.8802125182062948
2020-06-15 00:00:00+00:00,-34.96944,-71.21694,220.0,open-meteo_ecmwf_ifs,daily,14.410501,6.6105,4.65,7.962583,4.152056,86.25614,0.5,11.80799696122719,0.9769573699221863
2020-06-16 00:00:00+00:00,-34.96944,-71.21694,220.0,open-meteo_ecmwf_ifs,daily,13.8605,8.8605,3.91,9.120917,2.1588736,87.96942,11.300001,11.791659246821622,0.7892871893139457
2020-06-17 00:00:00+00:00,-34.96944,-71.21694,220.0,open-meteo_ecmwf_ifs,daily,11.5105,8.8605,1.68,8.941751,3.2759552,90.23455,30.100002,11.778676325913892,0.6242086216584848
2020-06-18 00:00:00+00:00,-34.96944,-71.21694,220.0,open-meteo_ecmwf_ifs,daily,11.160501,8.0605,1.27,6.2667503,2.8448145,80.46734,3.3000002,11.76904987307734,0.9468071107983848
2020-06-19 00:00:00+00:00,-34.96944,-71.21694,220.0,open-meteo_ecmwf_ifs,daily,12.660501,9.6105,2.11,8.858417,2.8912458,88.92385,44.3,11.762780890383514,0.8234907114634767
2020-06-20 00:00:00+00:00,-34.96944,-71.21694,220.0,open-meteo_ecmwf_ifs,daily,12.1105,10.460501,0.97,10.058417,2.8104408,92.39556,2.6999998,11.759869712513698,0.6165585647370116
2020-06-21 00:00:00+00:00,-34.96944,-71.21694,220.0,open-meteo_ecmwf_ifs,daily,16.5105,9.1105,8.41,9.747998,1.4354272,87.323944,15.999998,11.760316010367507,0.8991252327102697
2020-06-22 00:00:00+00:00,-34.96944,-71.21694,220.0,open-meteo_ecmwf_ifs,daily,11.8105,9.1105,0.72,8.845918,1.7298388,91.843445,29.400002,11.764118793156209,0.6146387687091256
2020-06-23 00:00:00+00:00,-34.96944,-71.21694,220.0,open-meteo_ecmwf_ifs,daily,12.410501,6.0604997,5.72,7.418833,2.5071843,89.93398,10.599999,11.771276408976112,0.7191238072297412
2020-06-24 00:00:00+00:00,-34.96944,-71.21694,220.0,open-meteo_ecmwf_ifs,daily,9.0105,5.1105,2.07,5.8667502,3.2373989,91.567116,12.599999,11.781786543865522,0.5575875807189684
2020-06-25 00:00:00+00:00,-34.96944,-71.21694,220.0,open-meteo_ecmwf_ifs,daily,11.8605,0.1605,7.7,3.5459163,1.5812618,84.541885,1.8,11.795646219356673,0.659015213379091
2020-06-26 00:00:00+00:00,-34.96944,-71.21694,220.0,open-meteo_ecmwf_ifs,daily,12.210501,3.8605,5.1,5.681333,1.1487976,89.143585,0.70000005,11.81285178854192,0.6474819511168944
2020-06-27 00:00:00+00:00,-34.96944,-71.21694,220.0,open-meteo_ecmwf_ifs,daily,14.710501,5.2605,5.75,7.0771675,1.2210873,87.771454,3.6000001,11.833398930681291,0.7474044130128149
2020-06-28 00:00:00+00:00,-34.96944,-71.21694,220.0,open-meteo_ecmwf_ifs,daily,12.0105,7.3104997,1.31,7.9230003,2.1169074,90.15731,12.499999,11.85728264438596,0.6484243858339382
2020-06-29 00:00:00+00:00,-34.96944,-71.21694,220.0,open-meteo_ecmwf_ifs,daily,11.210501,7.6605,2.37,7.9834156,4.1726327,88.616554,81.4,11.884497239419767,0.6865947868659211
2020-06-30 00:00:00+00:00,-34.96944,-71.21694,220.0,open-meteo_ecmwf_ifs,daily,14.0605,5.8104997,7.84,6.4875836,1.5654473,82.64515,4.2999997,11.915036327167938,0.8605455266351503
2020-07-01 00:00:00+00:00,-34.96944,-71.21694,220.0,open-meteo_ecmwf_ifs,daily,15.8605,8.7605,7.14,7.820917,1.775607,81.48686,7.2999997,11.948892809828994,1.0633580854111764
2020-07-02 00:00:00+00:00,-34.96944,-71.21694,220.0,open-meteo_ecmwf_ifs,daily,12.710501,6.4605,9.64,7.7063336,2.3776884,91.62449,1.0,11.986058868392442,0.7960267358616755
2020-07-03 00:00:00+00:00,-34.96944,-71.21694,220.0,open-meteo_ecmwf_ifs,daily,11.960501,6.7605,1.56,7.906334,1.8732252,93.43723,12.0,12.026525949471003,0.600176874731132
2020-07-04 00:00:00+00:00,-34.96944,-71.21694,220.0,open-meteo_ecmwf_ifs,daily,11.6105,7.8605,3.85,8.002168,1.9728674,91.0459,23.4,12.070284751061877,0.6838255881793068
2020-07-05 00:00:00+00:00,-34.96944,-71.21694,220.0,open-meteo_ecmwf_ifs,daily,11.910501,7.2105,7.49,6.51675,2.6306198,86.05006,25.100002,12.117325207317073,0.9489920887984249
2020-07-06 00:00:00+00:00,-34.96944,-71.21694,220.0,open-meteo_ecmwf_ifs,daily,8.8605,4.6105,4.65,5.227166,2.2150779,89.702,0.0,12.167636472407503,0.6124361940121135
2020-07-07 00:00:00+00:00,-34.96944,-71.21694,220.0,open-meteo_ecmwf_ifs,daily,13.160501,2.4105,8.46,4.3959165,1.9184036,84.68984,0.0,12.22120690357054,0.864524831425042
2020-07-08 00:00:00+00:00,-34.96944,-71.21694,220.0,open-meteo_ecmwf_ifs,daily,12.6105,7.0604997,7.47,5.672999,3.2631915,77.75342,19.300001,12.27802404343419,1.2038796146457518
2020-07-09 00:00:00+00:00,-34.96944,-71.21694,220.0,open-meteo_ecmwf_ifs,daily,13.460501,4.0105,8.1,4.9896665,1.5190822,83.54658,0.0,12.338074601715123,0.8774989211858237
2020-07-10 00:00:00+00:00,-34.96944,-71.21694,220.0,open-meteo_ecmwf_ifs,daily,14.160501,5.3605,3.68,6.9480004,1.9583412,85.50766,5.0,12.401344436390614,0.8221574690409231
2020-07-11 00:00:00+00:00,-34.96944,-71.21694,220.0,open-meteo_ecmwf_ifs,daily,10.460501,5.3104997,2.53,7.2688336,2.1459162,94.91016,0.1,12.467818534447028,0.4952165069592595
2020-07-12 00:00:00+00:00,-34.96944,-71.21694,220.0,open-meteo_ecmwf_ifs,daily,14.8605,3.9105,9.42,5.0354996,1.6467711,82.17477,0.0,12.537480992309801,0.9988776738262937
2020-07-13 00:00:00+00:00,-34.96944,-71.21694,220.0,open-meteo_ecmwf_ifs,daily,14.7605,6.0604997,9.8,7.5125833,2.479071,91.56916,0.0,12.610314996061248,1.0223865771331386
2020-07-14 00:00:00+00:00,-34.96944,-71.21694,220.0,open-meteo_ecmwf_ifs,daily,16.7105,4.3605,11.23,7.0417504,2.1394372,89.63834,0.0,12.686302801553808,1.0884847485009967
2020-07-15 00:00:00+00:00,-34.96944,-71.21694,220.0,open-meteo_ecmwf_ifs,daily,18.0105,4.0105,10.49,7.443834,0.80841666,86.97711,0.0,12.765425714526977,0.9097242867882283
2020-07-16 00:00:00+00:00,-34.96944,-71.21694,220.0,open-meteo_ecmwf_ifs,daily,12.0105,7.4605,2.99,8.241752,1.5079263,91.91624,0.0,12.847664070836258,0.6436205487875946
2020-07-17 00:00:00+00:00,-34.96944,-71.21694,220.0,open-meteo_ecmwf_ifs,daily,14.0605,7.6605,4.26,8.239667,3.6965353,87.528114,9.0,12.932997216902322,1.0102319711517733
2020-07-18 00:00:00+00:00,-34.96944,-71.21694,220.0,open-meteo_ecmwf_ifs,daily,12.910501,9.960501,1.97,9.454251,3.5430155,89.209526,16.800001,13.021403490487875,0.838507124854214
2020-07-19 00:00:00+00:00,-34.96944,-71.21694,220.0,open-meteo_ecmwf_ifs,daily,15.3105,10.0105,6.89,10.237584,2.8546913,87.80497,9.199999,13.112860201908385,1.0468648236236728
2020-07-20 00:00:00+00:00,-34.96944,-71.21694,220.0,open-meteo_ecmwf_ifs,daily,14.460501,7.1605,6.15,8.870917,2.1907384,89.146416,3.9999998,13.207343615781589,0.8540205361293146
2020-07-21 00:00:00+00:00,-34.96944,-71.21694,220.0,open-meteo_ecmwf_ifs,daily,10.210501,7.8605,2.32,7.785501,1.8114053,92.27063,24.699997,13.304828933418555,0.6069303335660124
2020-07-22 00:00:00+00:00,-34.96944,-71.21694,220.0,open-meteo_ecmwf_ifs,daily,12.410501,3.4605,11.3,4.693833,0.99460536,84.077934,0.0,13.405290275956789,0.908091766393189
2020-07-23 00:00:00+00:00,-34.96944,-71.21694,220.0,open-meteo_ecmwf_ifs,daily,12.7605,-0.4395,10.34,2.1188333,1.3571595,78.14504,1.9,13.508700668333478,0.9207435725059435
2020-07-24 00:00:00+00:00,-34.96944,-71.21694,220.0,open-meteo_ecmwf_ifs,daily,12.8605,1.9104999,12.23,3.8959167,0.89338106,83.48001,2.5,13.61503202419362,0.9279483799936229
2020-07-25 00:00:00+00:00,-34.96944,-71.21694,220.0,open-meteo_ecmwf_ifs,daily,11.2605,-0.48950002,5.73,1.2730001,1.1442623,77.11352,0.0,13.724255131824904,0.7959569473032909
2020-07-26 00:00:00+00:00,-34.96944,-71.21694,220.0,open-meteo_ecmwf_ifs,daily,11.8105,4.3104997,3.09,4.10425,1.295746,79.29783,0.0,13.83633964120743,0.8295751920133804
2020-07-27 00:00:00+00:00,-34.96944,-71.21694,220.0,open-meteo_ecmwf_ifs,daily,12.7605,4.5604997,12.86,4.993833,3.3336003,81.27548,0.0,13.951254052262598,1.3081727777185064
2020-07-28 00:00:00+00:00,-34.96944,-71.21694,220.0,open-meteo_ecmwf_ifs,daily,11.160501,-1.9894999,13.31,0.95008343,2.6131902,83.61431,0.0,14.068965704381569,1.0641400617823977
2020-07-29 00:00:00+00:00,-34.96944,-71.21694,220.0,open-meteo_ecmwf_ifs,daily,14.960501,0.41050002,12.43,3.5667498,1.6497248,87.96301,0.0,14.189440767309328,1.1338668675885752
2020-07-30 00:00:00+00:00,-34.96944,-71.21694,220.0,open-meteo_ecmwf_ifs,daily,11.5105,2.5605001,6.26,4.91675,1.5410243,88.04456,0.0,14.31264423345599,0.7859082460375586
2020-07-31 00:00:00+00:00,-34.96944,-71.21694,220.0,open-meteo_ecmwf_ifs,daily,14.3105,1.9605,7.74,5.3563333,0.71453005,88.31609,0.0,14.438539911702463,0.8496023404760301
2020-08-01 00:00:00+00:00,-34.96944,-71.21694,220.0,open-meteo_ecmwf_ifs,daily,13.7605,6.7605,5.25,6.789667,2.4597058,79.87985,2.2,14.56709042276261,1.097258585664915
2020-08-02 00:00:00+00:00,-34.96944,-71.21694,220.0,open-meteo_ecmwf_ifs,daily,17.1605,4.9605,13.63,7.1938343,1.3543444,82.493416,2.1,14.698257196159402,1.325649364092779
2020-08-03 00:00:00+00:00,-34.96944,-71.21694,220.0,open-meteo_ecmwf_ifs,daily,15.3605,6.1605,9.44,8.298,1.2831722,92.14978,0.0,14.83200046886735,1.0639865373881057
2020-08-04 00:00:00+00:00,-34.96944,-71.21694,220.0,open-meteo_ecmwf_ifs,daily,17.6105,6.3605,11.74,8.5563345,1.3964672,88.66975,0.0,14.968279285668572,1.30166658952278
2020-08-05 00:00:00+00:00,-34.96944,-71.21694,220.0,open-meteo_ecmwf_ifs,daily,15.410501,9.710501,7.85,9.60425,1.7024245,85.44941,11.5,15.107051501264472,1.161535385700923
2020-08-06 00:00:00+00:00,-34.96944,-71.21694,220.0,open-meteo_ecmwf_ifs,daily,12.5105,2.5105002,14.55,3.5459163,3.6370556,75.84828,0.0,15.248273784179846,1.463994819265194
2020-08-07 00:00:00+00:00,-34.96944,-71.21694,220.0,open-meteo_ecmwf_ifs,daily,12.910501,3.0105002,11.94,4.0771666,2.8823721,82.39375,0.0,15.391901622491106,1.350031747340641
2020-08-08 00:00:00+00:00,-34.96944,-71.21694,220.0,open-meteo_ecmwf_ifs,daily,15.7605,4.1105,12.3,5.8459167,2.2395575,87.23225,0.0,15.53788933140458,1.4322929541881781
2020-08-09 00:00:00+00:00,-34.96944,-71.21694,220.0,open-meteo_ecmwf_ifs,daily,15.210501,5.7605,9.99,7.2521653,1.39033,85.567024,0.0,15.686190062705883,1.2016150391092029
2020-08-10 00:00:00+00:00,-34.96944,-71.21694,220.0,open-meteo_ecmwf_ifs,daily,12.910501,6.3104997,13.82,5.1354995,4.367309,79.38796,0.0,15.836755816095799,1.7668509279957543
2020-08-11 00:00:00+00:00,-34.96944,-71.21694,220.0,open-meteo_ecmwf_ifs,daily,11.410501,0.7105,15.35,-0.024916718,4.3676195,68.507576,0.0,15.989537452422708,1.8096147352530436
2020-08-12 00:00:00+00:00,-34.96944,-71.21694,220.0,open-meteo_ecmwf_ifs,daily,11.410501,1.9104999,11.04,2.8771667,2.3295286,85.462944,0.0,16.1444847088164,1.2431409470149093
2020-08-13 00:00:00+00:00,-34.96944,-71.21694,220.0,open-meteo_ecmwf_ifs,daily,12.160501,1.4104999,11.58,3.864666,2.2658482,87.76121,0.0,16.301546215722727,1.1838926801880647
2020-08-14 00:00:00+00:00,-34.96944,-71.21694,220.0,open-meteo_ecmwf_ifs,daily,12.3605,4.4105,7.81,5.1354995,1.6768104,84.49927,5.1000004,16.460669515833153,1.095699440361895
2020-08-15 00:00:00+00:00,-34.96944,-71.21694,220.0,open-meteo_ecmwf_ifs,daily,12.960501,1.1105,16.03,1.3146667,3.8722143,69.31577,0.0,16.621801084898316,1.8451463690207257
2020-08-16 00:00:00+00:00,-34.96944,-71.21694,220.0,open-meteo_ecmwf_ifs,daily,12.8605,-0.4395,15.29,0.92091674,3.2503388,74.5358,0.0,16.78488635440912,1.6559392632903431
2020-08-17 00:00:00+00:00,-34.96944,-71.21694,220.0,open-meteo_ecmwf_ifs,daily,12.5605,2.0605001,14.16,3.725084,2.1854265,85.94131,0.0,16.949869736124263,1.4179812420847242
2020-08-18 00:00:00+00:00,-34.96944,-71.21694,220.0,open-meteo_ecmwf_ifs,daily,12.3605,2.5105002,8.74,4.6855,1.47584,85.53944,0.0,17.116694648417614,1.073813809973872
2020-08-19 00:00:00+00:00,-34.96944,-71.21694,220.0,open-meteo_ecmwf_ifs,daily,12.710501,3.5605001,15.21,4.727166,2.881152,83.52517,0.0,17.28530354441421,1.556717723189829
2020-08-20 00:00:00+00:00,-34.96944,-71.21694,220.0,open-meteo_ecmwf_ifs,daily,16.8605,-0.039500006,16.41,2.97925,1.601679,79.6914,0.0,17.45563794187867,1.6937351525900062
2020-08-21 00:00:00+00:00,-34.96944,-71.21694,220.0,open-meteo_ecmwf_ifs,daily,19.4605,1.4104999,16.95,4.4792504,1.1332593,72.926094,0.0,17.627638454815123,1.797851784092382
2020-08-22 00:00:00+00:00,-34.96944,-71.21694,220.0,open-meteo_ecmwf_ifs,daily,20.5105,3.3105001,17.12,6.9146667,1.4014136,78.90081,0.0,17.80124482673298,1.9292760320846123
2020-08-23 00:00:00+00:00,-34.96944,-71.21694,220.0,open-meteo_ecmwf_ifs,daily,16.0605,7.8605,12.86,6.718834,3.3706734,76.52966,0.1,17.976395965528674,2.049698341011054
2020-08-24 00:00:00+00:00,-34.96944,-71.21694,220.0,open-meteo_ecmwf_ifs,daily,15.5105,7.5105,12.18,5.350083,3.9509706,69.3697,1.1,18.15302997992867,2.2226509805064727
2020-08-25 00:00:00+00:00,-34.96944,-71.21694,220.0,open-meteo_ecmwf_ifs,daily,12.660501,8.460501,5.93,7.2479997,3.179808,82.609795,11.099999,18.331084217435173,1.3063169179206056
2020-08-26 00:00:00+00:00,-34.96944,-71.21694,220.0,open-meteo_ecmwf_ifs,daily,13.3605,7.2105,9.98,6.1938324,2.723527,79.0591,6.699999,18.51049530371174,1.5824491449381146
2020-08-27 00:00:00+00:00,-34.96944,-71.21694,220.0,open-meteo_ecmwf_ifs,daily,13.410501,2.0605001,10.28,5.0230002,1.1591947,82.8905,0.0,18.6911991833419,1.2195846757058975
2020-08-28 00:00:00+00:00,-34.96944,-71.21694,220.0,open-meteo_ecmwf_ifs,daily,12.5105,5.3104997,5.72,5.2750835,1.6678756,78.21865,1.0,18.873131161890438,1.1279050881914856
2020-08-29 00:00:00+00:00,-34.96944,-71.21694,220.0,open-meteo_ecmwf_ifs,daily,13.8605,5.7105,13.77,6.1459165,2.2895348,80.92307,9.300001,19.05622594919296,1.6936890765856545
2020-08-30 00:00:00+00:00,-34.96944,-71.21694,220.0,open-meteo_ecmwf_ifs,daily,13.660501,-0.039500006,18.5,2.3125832,3.7837322,75.9283,0.0,19.24041770379641,1.9264686017352224
2020-08-31 00:00:00+00:00,-34.96944,-71.21694,220.0,open-meteo_ecmwf_ifs,daily,15.6105,3.8605,15.89,5.8375835,1.7003723,85.76266,0.0,19.425640078469602,1.8170219959108247
2020-09-01 00:00:00+00:00,-34.96944,-71.21694,220.0,open-meteo_ecmwf_ifs,daily,13.660501,6.5604997,9.34,7.235501,0.9212926,87.610565,0.2,19.611826266699808,1.2958979887996707
2020-09-02 00:00:00+00:00,-34.96944,-71.21694,220.0,open-meteo_ecmwf_ifs,daily,15.1105,6.1105,16.72,7.137584,2.239416,83.36895,0.0,19.798909050089005,1.9489817002707988
2020-09-03 00:00:00+00:00,-34.96944,-71.21694,220.0,open-meteo_ecmwf_ifs,daily,15.2605,5.5604997,15.92,6.3605,1.9677525,81.37302,0.0,19.986820846560157,1.9362314542418007
2020-09-04 00:00:00+00:00,-34.96944,-71.21694,220.0,open-meteo_ecmwf_ifs,daily,17.4605,5.3605,13.61,6.775084,1.7002519,82.17861,0.0,20.175493759282023,1.8834100678863712
2020-09-05 00:00:00+00:00,-34.96944,-71.21694,220.0,open-meteo_ecmwf_ifs,daily,14.8105,6.8104997,12.6,6.8959165,1.949906,83.05732,5.3999996,20.364859626218653,1.755390580601763
2020-09-06 00:00:00+00:00,-34.96944,-71.21694,220.0,open-meteo_ecmwf_ifs,daily,17.6105,2.6605,18.84,5.9334164,2.3200364,82.45105,0.0,20.554850070207443,2.174907058381081
2020-09-07 00:00:00+00:00,-34.96944,-71.21694,220.0,open-meteo_ecmwf_ifs,daily,17.8605,4.4605,16.48,8.0605,1.5048624,84.868126,0.0,20.745396549468758,1.967705566878081
2020-09-08 00:00:00+00:00,-34.96944,-71.21694,220.0,open-meteo_ecmwf_ifs,daily,11.460501,8.5605,3.3,7.9354997,1.8438405,87.627106,6.3,20.936430408447634,0.8951735441135367
2020-09-09 00:00:00+00:00,-34.96944,-71.21694,220.0,open-meteo_ecmwf_ifs,daily,18.9605,7.4105,18.07,8.810501,1.3846,82.49654,11.700001,21.12788292888789,2.336785775235534
2020-09-10 00:00:00+00:00,-34.96944,-71.21694,220.0,open-meteo_ecmwf_ifs,daily,17.5105,6.6605,14.89,8.848001,1.6682864,86.59846,0.0,21.31968538103737,1.9638860978519752
2020-09-11 00:00:00+00:00,-34.96944,-71.21694,220.0,open-meteo_ecmwf_ifs,daily,15.1105,4.8605,19.28,6.4584165,4.3407216,81.24718,0.0,21.51176907488246,2.2278581467418013
2020-09-12 00:00:00+00:00,-34.96944,-71.21694,220.0,open-meteo_ecmwf_ifs,daily,16.0605,3.6605,20.5,4.593833,3.938697,75.71408,0.0,21.704065411310285,2.569282442408123
2020-09-13 00:00:00+00:00,-34.96944,-71.21694,220.0,open-meteo_ecmwf_ifs,daily,17.0105,4.7105,20.32,5.350083,4.442012,76.17657,0.0,21.896505933095714,2.747788428012046
2020-09-14 00:00:00+00:00,-34.96944,-71.21694,220.0,open-meteo_ecmwf_ifs,daily,18.8605,1.2105,20.18,5.0542502,2.9103127,79.00651,0.0,22.089022375611723,2.476835622342047
2020-09-15 00:00:00+00:00,-34.96944,-71.21694,220.0,open-meteo_ecmwf_ifs,daily,16.4105,4.9105,15.42,7.5250835,2.051949,82.90134,0.0,22.281546717161095,1.96450337808212
2020-09-16 00:00:00+00:00,-34.96944,-71.21694,220.0,open-meteo_ecmwf_ifs,daily,18.8605,8.2605,18.59,9.691751,2.7953212,84.83187,0.3,22.474011228828772,2.5580965061465823
2020-09-17 00:00:00+00:00,-34.96944,-71.21694,220.0,open-meteo_ecmwf_ifs,daily,20.0105,7.6105,20.17,10.075084,3.2500584,83.642555,0.0,22.666348523755005,2.7130164765836087
2020-09-18 00:00:00+00:00,-34.96944,-71.21694,220.0,open-meteo_ecmwf_ifs,daily,18.8605,6.9105,21.09,7.7355,4.576421,76.05601,0.0,22.858491605730542,3.0137039203938922
2020-09-19 00:00:00+00:00,-34.96944,-71.21694,220.0,open-meteo_ecmwf_ifs,daily,21.4105,2.3605,21.89,5.4167504,3.1902275,71.713036,0.0,23.050373917017037,3.037406516761064
2020-09-20 00:00:00+00:00,-34.96944,-71.21694,220.0,open-meteo_ecmwf_ifs,daily,22.4105,6.7105,21.88,10.112585,0.789835,79.682106,0.0,23.241929385297475,2.8877005794316477
2020-09-21 00:00:00+00:00,-34.96944,-71.21694,220.0,open-meteo_ecmwf_ifs,daily,20.6105,7.5604997,18.51,10.370917,1.6273228,85.68662,0.0,23.43309246966339,2.5723413797604335
2020-09-22 00:00:00+00:00,-34.96944,-71.21694,220.0,open-meteo_ecmwf_ifs,daily,19.4605,9.160501,17.88,10.30425,2.568857,82.42422,0.0,23.623798205548553,2.6361676238193015
2020-09-23 00:00:00+00:00,-34.96944,-71.21694,220.0,open-meteo_ecmwf_ifs,daily,21.4105,6.9105,20.51,8.793834,2.500349,77.33866,0.0,23.813982248520865,3.0084369337618413
2020-09-24 00:00:00+00:00,-34.96944,-71.21694,220.0,open-meteo_ecmwf_ifs,daily,23.3605,8.3605,21.69,11.079251,1.7395082,77.45571,0.0,24.003580916847607,3.1530449401769256
2020-09-25 00:00:00+00:00,-34.96944,-71.21694,220.0,open-meteo_ecmwf_ifs,daily,15.3105,9.460501,8.61,8.731333,2.3385665,80.30608,0.8000001,24.192531232752177,1.6916780407172314
2020-09-26 00:00:00+00:00,-34.96944,-71.21694,220.0,open-meteo_ecmwf_ifs,daily,15.6105,8.8105,10.04,6.662584,1.3065256,74.1211,0.8000001,24.38077096228373,1.8413944555290116
2020-09-27 00:00:00+00:00,-34.96944,-71.21694,220.0,open-meteo_ecmwf_ifs,daily,18.7105,5.4105,22.03,6.7250843,2.4294748,78.58634,0.0,24.568238653725345,2.9595083492202034
2020-09-28 00:00:00+00:00,-34.96944,-71.21694,220.0,open-meteo_ecmwf_ifs,daily,19.1605,5.3104997,19.39,7.1730003,2.4143507,77.01302,0.0,24.754873674469497,2.7484723437905356
2020-09-29 00:00:00+00:00,-34.96944,-71.21694,220.0,open-meteo_ecmwf_ifs,daily,15.7605,7.5604997,14.1,6.7605004,2.838567,76.33228,0.1,24.940616246294358,2.3192721848702353
2020-09-30 00:00:00+00:00,-34.96944,-71.21694,220.0,open-meteo_ecmwf_ifs,daily,11.210501,6.7605,5.19,5.7105002,2.1194446,78.512115,0.0,25.12540747897878,1.2170519585939978
2020-10-01 00:00:00+00:00,-34.96944,-71.21694,220.0,open-meteo_ecmwf_ifs,daily,13.5605,5.0105,13.18,3.4979994,2.8777182,70.23894,0.0,25.309189402197646,2.199582735485121
2020-10-02 00:00:00+00:00,-34.96944,-71.21694,220.0,open-meteo_ecmwf_ifs,daily,16.6105,2.8605,22.72,3.4417503,2.424613,69.89831,0.0,25.491904995645008,2.9227116039443315
2020-10-03 00:00:00+00:00,-34.96944,-71.21694,220.0,open-meteo_ecmwf_ifs,daily,16.9605,4.2105,20.39,3.614667,1.9132576,68.2391,0.1,25.673498217336604,2.8340749870359483
2020-10-04 00:00:00+00:00,-34.96944,-71.21694,220.0,open-meteo_ecmwf_ifs,daily,16.6105,4.0105,24.85,2.3167503,3.3404236,61.209103,0.0,25.85391403004862,3.4303987707974772
2020-10-05 00:00:00+00:00,-34.96944,-71.21694,220.0,open-meteo_ecmwf_ifs,daily,18.7105,3.8105001,25.14,4.498,2.1390958,67.28934,0.0,26.033098425854924,3.310611387042109
2020-10-06 00:00:00+00:00,-34.96944,-71.21694,220.0,open-meteo_ecmwf_ifs,daily,18.9105,6.6605,22.46,6.470917,2.7965991,70.00295,0.0,26.210998448729903,3.3083535212096216
2020-10-07 00:00:00+00:00,-34.96944,-71.21694,220.0,open-meteo_ecmwf_ifs,daily,19.310501,5.8605,25.31,5.5542493,3.8953788,69.02284,0.0,26.387562215190066,3.7234417907580255
2020-10-08 00:00:00+00:00,-34.96944,-71.21694,220.0,open-meteo_ecmwf_ifs,daily,19.5105,4.6105,23.62,4.775083,3.4091203,64.2701,0.0,26.56273893295237,3.5215878676300223
2020-10-09 00:00:00+00:00,-34.96944,-71.21694,220.0,open-meteo_ecmwf_ifs,daily,23.8605,7.2605,25.26,7.2938323,3.6915772,66.76814,0.0,26.736478917593573,4.281201349397064
2020-10-10 00:00:00+00:00,-34.96944,-71.21694,220.0,open-meteo_ecmwf_ifs,daily,20.810501,9.5105,24.41,6.433416,4.5696244,61.127735,0.0,26.908733607199842,4.391578240046813
2020-10-11 00:00:00+00:00,-34.96944,-71.21694,220.0,open-meteo_ecmwf_ifs,daily,23.8605,5.7105,24.67,6.464667,3.211173,67.249916,0.0,27.07945557500212,4.068933198714538
2020-10-12 00:00:00+00:00,-34.96944,-71.21694,220.0,open-meteo_ecmwf_ifs,daily,25.1105,7.0604997,25.47,9.133416,2.479714,68.07915,0.0,27.248598539998,4.0399662347251155
2020-10-13 00:00:00+00:00,-34.96944,-71.21694,220.0,open-meteo_ecmwf_ifs,daily,24.1605,8.2605,25.82,9.895917,2.2825153,66.68488,0.0,27.416117375566873,4.012331404341986
2020-10-14 00:00:00+00:00,-34.96944,-71.21694,220.0,open-meteo_ecmwf_ifs,daily,21.0105,10.710501,17.73,10.723001,2.0001419,73.09937,0.0,27.581968116090497,3.023483201711668
2020-10-15 00:00:00+00:00,-34.96944,-71.21694,220.0,open-meteo_ecmwf_ifs,daily,26.810501,10.6105,24.24,12.364666,1.7048374,77.55666,0.0,27.746107961597005,4.0725110829230085
2020-10-16 00:00:00+00:00,-34.96944,-71.21694,220.0,open-meteo_ecmwf_ifs,daily,22.8605,11.910501,17.73,12.033418,2.2827275,77.345924,0.0,27.908495280451483,3.236773265314438
2020-10-17 00:00:00+00:00,-34.96944,-71.21694,220.0,open-meteo_ecmwf_ifs,daily,24.810501,9.910501,24.1,11.354251,1.9550148,79.34002,0.0,28.0690896101225,3.9396792841664654
2020-10-18 00:00:00+00:00,-34.96944,-71.21694,220.0,open-meteo_ecmwf_ifs,daily,22.7105,7.6605,25.24,8.24175,2.691778,68.34275,0.0,28.227851656058174,3.999624972963714
2020-10-19 00:00:00+00:00,-34.96944,-71.21694,220.0,open-meteo_ecmwf_ifs,daily,22.310501,7.7605,26.35,5.162583,3.384484,55.55615,0.0,28.384743288711697,4.536070796650154
2020-10-20 00:00:00+00:00,-34.96944,-71.21694,220.0,open-meteo_ecmwf_ifs,daily,24.560501,8.6105,27.76,6.037583,3.923138,53.61749,0.0,28.53972753876058,5.0988256397533345
2020-10-21 00:00:00+00:00,-34.96944,-71.21694,220.0,open-meteo_ecmwf_ifs,daily,24.6605,8.2605,26.18,7.745917,2.2791135,59.20314,0.0,28.69276859056888,4.366446362272209
2020-10-22 00:00:00+00:00,-34.96944,-71.21694,220.0,open-meteo_ecmwf_ifs,daily,25.6605,7.9105,27.4,8.818833,1.8541459,67.5799,0.0,28.84383177394665,4.39204364903006
2020-10-23 00:00:00+00:00,-34.96944,-71.21694,220.0,open-meteo_ecmwf_ifs,daily,25.6605,8.8105,27.73,9.504251,1.8207437,65.257256,0.0,28.992883554265017,4.472564307783082
2020-10-24 00:00:00+00:00,-34.96944,-71.21694,220.0,open-meteo_ecmwf_ifs,daily,23.6105,8.460501,27.71,6.6167507,2.4058182,58.237408,0.0,29.139891520989593,4.575080133922247
2020-10-25 00:00:00+00:00,-34.96944,-71.21694,220.0,open-meteo_ecmwf_ifs,daily,21.310501,9.410501,23.36,6.895918,3.5566413,63.835148,2.6,29.28482437469926,4.2375657764355585
2020-10-26 00:00:00+00:00,-34.96944,-71.21694,220.0,open-meteo_ecmwf_ifs,daily,23.2605,6.0105,27.63,5.406334,2.9124978,56.664867,0.0,29.42765191266028,4.485661545210138
2020-10-27 00:00:00+00:00,-34.96944,-71.21694,220.0,open-meteo_ecmwf_ifs,daily,18.4605,9.960501,12.3,6.4063334,2.0287006,64.98766,0.8,29.56834501303038,2.6885802661262406
2020-10-28 00:00:00+00:00,-34.96944,-71.21694,220.0,open-meteo_ecmwf_ifs,daily,20.9105,5.3605,29.21,5.1605,3.947314,62.56645,2.8999999,29.706875617769114,4.420012744421789
2020-10-29 00:00:00+00:00,-34.96944,-71.21694,220.0,open-meteo_ecmwf_ifs,daily,24.060501,5.0604997,28.5,5.9625835,3.1508932,60.46171,0.0,29.8432167143351,4.55153925694524
2020-10-30 00:00:00+00:00,-34.96944,-71.21694,220.0,open-meteo_ecmwf_ifs,daily,28.560501,9.0105,29.3,8.770918,1.4937787,57.674053,0.0,29.977342316252,4.930111885595835
2020-10-31 00:00:00+00:00,-34.96944,-71.21694,220.0,open-meteo_ecmwf_ifs,daily,27.6105,10.3105,29.0,12.1396675,1.6752539,71.43784,0.0,30.10922744262811,4.830507666655284
2020-11-01 00:00:00+00:00,-34.96944,-71.21694,220.0,open-meteo_ecmwf_ifs,daily,25.560501,10.8105,28.09,11.314668,1.5367284,70.19955,0.0,30.23884809671591,4.614192047358945
2020-11-02 00:00:00+00:00,-34.96944,-71.21694,220.0,open-meteo_ecmwf_ifs,daily,25.7105,8.6105,28.96,10.791752,1.7865976,71.97161,0.0,30.36618124359914,4.593690473110568
2020-11-03 00:00:00+00:00,-34.96944,-71.21694,220.0,open-meteo_ecmwf_ifs,daily,27.9105,10.710501,26.33,11.973001,1.9207745,72.349915,0.0,30.491204787096787,4.661912409761966
2020-11-04 00:00:00+00:00,-34.96944,-71.21694,220.0,open-meteo_ecmwf_ifs,daily,25.4105,10.7605,27.6,9.6855,2.558262,62.81665,0.0,30.61389754597306,4.879280002427731
2020-11-05 00:00:00+00:00,-34.96944,-71.21694,220.0,open-meteo_ecmwf_ifs,daily,24.9605,8.710501,30.51,3.487583,4.6582446,44.968426,0.0,30.73423922954374,6.040246904590717
2020-11-06 00:00:00+00:00,-34.96944,-71.21694,220.0,open-meteo_ecmwf_ifs,daily,25.810501,8.460501,29.34,7.2105002,2.9669073,55.877193,0.0,30.852210412768695,5.174226225201062
2020-11-07 00:00:00+00:00,-34.96944,-71.21694,220.0,open-meteo_ecmwf_ifs,daily,28.7105,10.8105,29.58,10.433416,2.5621178,61.183666,0.0,30.967792510919956,5.439123814119546
2020-11-08 00:00:00+00:00,-34.96944,-71.21694,220.0,open-meteo_ecmwf_ifs,daily,26.5105,13.0105,28.75,12.683418,2.0959597,68.48414,0.0,31.080967753914248,5.058671503208423
2020-11-09 00:00:00+00:00,-34.96944,-71.21694,220.0,open-meteo_ecmwf_ifs,daily,27.6105,10.460501,30.18,10.0355015,2.5463252,62.346493,0.0,31.19171916039752,5.380781838508482
2020-11-10 00:00:00+00:00,-34.96944,-71.21694,220.0,open-meteo_ecmwf_ifs,daily,28.1105,12.210501,30.19,11.4625845,2.4151175,61.138367,0.0,31.30003051166736,5.498721843854612
2020-11-11 00:00:00+00:00,-34.96944,-71.21694,220.0,open-meteo_ecmwf_ifs,daily,24.9605,11.710501,27.39,10.758418,1.5721544,67.77431,0.0,31.405886325517805,4.665532035734948
2020-11-12 00:00:00+00:00,-34.96944,-71.21694,220.0,open-meteo_ecmwf_ifs,daily,26.9605,11.460501,25.87,11.61675,2.1405702,71.01591,0.0,31.509271830088263,4.7194203990690005
2020-11-13 00:00:00+00:00,-34.96944,-71.21694,220.0,open-meteo_ecmwf_ifs,daily,19.9605,13.410501,13.73,9.9313345,2.2387748,65.9629,0.2,31.61017293779607,3.0268992887923782
2020-11-14 00:00:00+00:00,-34.96944,-71.21694,220.0,open-meteo_ecmwf_ifs,daily,23.5105,11.3605,28.08,7.9500833,2.9541588,59.545208,0.0,31.708576219429492,5.098190010264587
2020-11-15 00:00:00+00:00,-34.96944,-71.21694,220.0,open-meteo_ecmwf_ifs,daily,25.560501,9.0105,31.2,5.6896663,2.949031,48.351532,0.0,31.804468878474452,5.589344078587755
2020-11-16 00:00:00+00:00,-34.96944,-71.21694,220.0,open-meteo_ecmwf_ifs,daily,27.5105,9.410501,31.29,8.973001,1.8878912,60.354572,0.0,31.897838725745213,5.34033834022356
2020-11-17 00:00:00+00:00,-34.96944,-71.21694,220.0,open-meteo_ecmwf_ifs,daily,25.9105,10.8105,27.17,9.589667,2.3197746,63.49762,0.0,31.988674154385606,4.926603437688467
2020-11-18 00:00:00+00:00,-34.96944,-71.21694,220.0,open-meteo_ecmwf_ifs,daily,26.2105,10.1105,29.67,10.583418,2.2344944,69.64175,0.0,32.07696411530323,5.065839661042696
2020-11-19 00:00:00+00:00,-34.96944,-71.21694,220.0,open-meteo_ecmwf_ifs,daily,24.2105,12.0105,23.84,11.20425,2.2490454,67.15799,0.0,32.16269809309547,4.33873877512603
2020-11-20 00:00:00+00:00,-34.96944,-71.21694,220.0,open-meteo_ecmwf_ifs,daily,22.560501,12.8605,22.24,8.458417,2.3869383,63.659077,0.3,32.24586608252163,4.377970443408595
2020-11-21 00:00:00+00:00,-34.96944,-71.21694,220.0,open-meteo_ecmwf_ifs,daily,25.4605,8.960501,31.68,7.779251,2.0597646,61.569736,0.0,32.32645856557131,5.271346543280701
2020-11-22 00:00:00+00:00,-34.96944,-71.21694,220.0,open-meteo_ecmwf_ifs,daily,28.310501,9.960501,31.76,8.162583,2.844925,55.1807,0.0,32.40446648917473,5.896487400007314
2020-11-23 00:00:00+00:00,-34.96944,-71.21694,220.0,open-meteo_ecmwf_ifs,daily,27.6605,12.460501,30.88,9.000084,2.8800728,52.785236,0.0,32.47988124359616,5.974541603745625
2020-11-24 00:00:00+00:00,-34.96944,-71.21694,220.0,open-meteo_ecmwf_ifs,daily,25.8605,11.2605,31.91,6.7396674,3.3679507,48.265537,0.0,32.552694641547234,6.060170709389381
2020-11-25 00:00:00+00:00,-34.96944,-71.21694,220.0,open-meteo_ecmwf_ifs,daily,26.4605,10.910501,31.71,7.1771665,4.3365216,53.29802,0.0,32.62289889805212,6.289089169009886
2020-11-26 00:00:00+00:00,-34.96944,-71.21694,220.0,open-meteo_ecmwf_ifs,daily,30.1105,10.460501,33.2,2.7667494,5.029676,37.359123,0.0,32.690486611092645,7.689693574890859
2020-11-27 00:00:00+00:00,-34.96944,-71.21694,220.0,open-meteo_ecmwf_ifs,daily,28.9105,11.710501,32.55,4.3542504,2.971987,38.410957,0.0,32.75545074305628,6.619459760073846
2020-11-28 00:00:00+00:00,-34.96944,-71.21694,220.0,open-meteo_ecmwf_ifs,daily,28.2605,11.660501,32.02,8.6105,2.6750572,53.09523,0.0,32.81778460300631,6.065074124586358
2020-11-29 00:00:00+00:00,-34.96944,-71.21694,220.0,open-meteo_ecmwf_ifs,daily,29.1605,11.7605,31.73,8.1605,4.188389,52.498547,0.0,32.87748182978914,6.698340206902265
2020-11-30 00:00:00+00:00,-34.96944,-71.21694,220.0,open-meteo_ecmwf_ifs,daily,30.5105,11.0605,32.78,4.598,3.5451593,38.04172,0.0,32.93453637598946,7.017038780201619
2020-12-01 00:00:00+00:00,-34.96944,-71.21694,220.0,open-meteo_ecmwf_ifs,daily,29.2605,12.5605,29.34,7.7271667,2.8547552,45.835724,0.0,32.988942492740705,6.1404474359978725
2020-12-02 00:00:00+00:00,-34.96944,-71.21694,220.0,open-meteo_ecmwf_ifs,daily,27.7105,10.5605,32.7,6.6480002,2.3110898,50.333607,0.0,33.04069471539451,5.978147309756638
2020-12-03 00:00:00+00:00,-34.96944,-71.21694,220.0,open-meteo_ecmwf_ifs,daily,27.6605,12.7605,32.64,4.6063333,4.580097,42.045776,0.0,33.08978785004932,7.277116464937776
2020-12-04 00:00:00+00:00,-34.96944,-71.21694,220.0,open-meteo_ecmwf_ifs,daily,30.1605,10.910501,32.79,4.8459163,2.8598835,39.887863,0.0,33.1362169609361,6.638748135307451
2020-12-05 00:00:00+00:00,-34.96944,-71.21694,220.0,open-meteo_ecmwf_ifs,daily,30.1605,11.660501,32.68,8.325084,1.8153104,48.810047,0.0,33.17997735865554,6.061424304355342
2020-12-06 00:00:00+00:00,-34.96944,-71.21694,220.0,open-meteo_ecmwf_ifs,daily,31.6105,12.3605,32.8,10.26675,1.8866929,55.474686,0.0,33.22106458925932,6.2321291820346625
2020-12-07 00:00:00+00:00,-34.96944,-71.21694,220.0,open-meteo_ecmwf_ifs,daily,29.4605,11.960501,32.84,9.429252,2.096905,55.034214,0.0,33.25947442416616,6.106923914116547
2020-12-08 00:00:00+00:00,-34.96944,-71.21694,220.0,open-meteo_ecmwf_ifs,daily,29.5105,10.960501,32.96,7.418834,3.0096254,54.893543,0.0,33.295202850901156,6.475738702561227
2020-12-09 00:00:00+00:00,-34.96944,-71.21694,220.0,open-meteo_ecmwf_ifs,daily,32.010498,12.910501,33.65,6.629251,3.25784,42.352947,0.0,33.32824606464601,7.280395671424565
2020-12-10 00:00:00+00:00,-34.96944,-71.21694,220.0,open-meteo_ecmwf_ifs,daily,25.8605,12.660501,29.69,8.177167,2.1109493,50.95046,0.0,33.358600460586864,5.526480768025537
2020-12-11 00:00:00+00:00,-34.96944,-71.21694,220.0,open-meteo_ecmwf_ifs,daily,27.6105,11.0605,33.4,5.0896664,4.1201367,45.45432,0.0,33.38626262704543,6.884111773585635
2020-12-12 00:00:00+00:00,-34.96944,-71.21694,220.0,open-meteo_ecmwf_ifs,daily,26.9105,10.7605,28.24,6.54175,3.7828875,48.783756,0.0,33.411229339379474,5.961813675829289
2020-12-13 00:00:00+00:00,-34.96944,-71.21694,220.0,open-meteo_ecmwf_ifs,daily,29.7105,12.160501,33.42,6.4209175,5.317516,53.13811,0.1,33.43349755463817,7.647779362506358
2020-12-14 00:00:00+00:00,-34.96944,-71.21694,220.0,open-meteo_ecmwf_ifs,daily,28.7605,11.3105,32.51,3.7771666,4.637504,38.518665,0.0,33.45306440695874,7.341354153214823
2020-12-15 00:00:00+00:00,-34.96944,-71.21694,220.0,open-meteo_ecmwf_ifs,daily,29.4105,12.2605,32.14,6.7480016,4.3196616,51.14693,0.0,33.46992720369121,7.109155111104454
2020-12-16 00:00:00+00:00,-34.96944,-71.21694,220.0,open-meteo_ecmwf_ifs,daily,31.310501,10.8605,33.52,5.1605,2.9625683,40.0364,0.0,33.48408342223927,6.897002296584446
2020-12-17 00:00:00+00:00,-34.96944,-71.21694,220.0,open-meteo_ecmwf_ifs,daily,31.1605,13.1105,32.81,8.752167,2.0830166,45.994843,0.0,33.4955307076064,6.434940039914792
2020-12-18 00:00:00+00:00,-34.96944,-71.21694,220.0,open-meteo_ecmwf_ifs,daily,24.0105,12.410501,26.88,7.400084,2.9318333,55.561543,0.0,33.50426687063783,5.310363676570139
2020-12-19 00:00:00+00:00,-34.96944,-71.21694,220.0,open-meteo_ecmwf_ifs,daily,25.8605,11.460501,29.82,8.625084,2.7563326,59.540516,0.0,33.51028988695063,5.570183206516635
2020-12-20 00:00:00+00:00,-34.96944,-71.21694,220.0,open-meteo_ecmwf_ifs,daily,29.2605,11.960501,33.29,6.641751,3.2951086,46.904037,0.0,33.513597896546216,6.795073648891904
2020-12-21 00:00:00+00:00,-34.96944,-71.21694,220.0,open-meteo_ecmwf_ifs,daily,32.4605,12.660501,33.24,7.1105003,3.1588194,41.11626,0.0,33.51418920410101,7.1900572302039345
2020-12-22 00:00:00+00:00,-34.96944,-71.21694,220.0,open-meteo_ecmwf_ifs,daily,32.2605,15.0605,33.32,9.7750845,2.5576403,46.10571,0.0,33.51206227993348,6.9927062802957005
2020-12-23 00:00:00+00:00,-34.96944,-71.21694,220.0,open-meteo_ecmwf_ifs,daily,30.7105,13.710501,33.33,9.362584,3.2614276,46.912403,0.0,33.50721576164766,6.9725159466835995
2020-12-24 00:00:00+00:00,-34.96944,-71.21694,220.0,open-meteo_ecmwf_ifs,daily,31.9105,15.0605,33.63,8.200085,3.030467,45.025066,0.0,33.4996484564552,7.324075695828061
2020-12-25 00:00:00+00:00,-34.96944,-71.21694,220.0,open-meteo_ecmwf_ifs,daily,32.9105,14.710501,33.58,7.023001,3.5000732,38.117405,0.0,33.48935934418021,7.726798906903165
2020-12-26 00:00:00+00:00,-34.96944,-71.21694,220.0,open-meteo_ecmwf_ifs,daily,31.9105,16.1605,33.14,12.108417,2.7383502,51.78694,0.0,33.47634758095287,6.978364610867861
2020-12-27 00:00:00+00:00,-34.96944,-71.21694,220.0,open-meteo_ecmwf_ifs,daily,29.3605,15.1105,30.66,12.450084,2.3407028,60.377956,0.0,33.4606125035998,6.06699925477679
2020-12-28 00:00:00+00:00,-34.96944,-71.21694,220.0,open-meteo_ecmwf_ifs,daily,31.4605,15.0105,32.59,12.550083,2.3981717,56.60084,0.0,33.442153634740734,6.5518615227956
2020-12-29 00:00:00+00:00,-34.96944,-71.21694,220.0,open-meteo_ecmwf_ifs,daily,29.560501,15.3605,32.91,9.785501,2.788242,50.177654,0.0,33.42097068860247,6.762212208113402
2020-12-30 00:00:00+00:00,-34.96944,-71.21694,220.0,open-meteo_ecmwf_ifs,daily,29.7605,12.5605,33.62,5.2938323,5.092062,42.93803,0.0,33.39706357756235,7.809919880018258
2020-12-31 00:00:00+00:00,-34.96944,-71.21694,220.0,open-meteo_ecmwf_ifs,daily,31.7105,11.5105,31.28,5.827166,3.4269552,40.44081,0.0,33.37043241943461,6.953443026121379
2021-01-01 00:00:00+00:00,-34.96944,-71.21694,220.0,open-meteo_ecmwf_ifs,daily,31.6605,17.1605,32.37,10.866752,1.7714761,45.147373,0.0,33.37043241943461,6.559875960802157
2021-01-02 00:00:00+00:00,-34.96944,-71.21694,220.0,open-meteo_ecmwf_ifs,daily,30.5105,15.1105,30.73,11.545918,2.2021003,52.058834,0.0,33.34107754551343,6.208872140354321
2021-01-03 00:00:00+00:00,-34.96944,-71.21694,220.0,open-meteo_ecmwf_ifs,daily,32.6105,17.1605,32.22,10.102168,3.032184,44.72534,0.0,33.30899950938714,7.352375503946122
2021-01-04 00:00:00+00:00,-34.96944,-71.21694,220.0,open-meteo_ecmwf_ifs,daily,31.2105,16.310501,32.6,9.458418,3.6655157,43.31073,0.0,33.274199096537856,7.463452812252087
2021-01-05 00:00:00+00:00,-34.96944,-71.21694,220.0,open-meteo_ecmwf_ifs,daily,29.7605,14.710501,32.57,9.206333,2.158305,46.434216,0.0,33.23667733474083,6.423727253077694
2021-01-06 00:00:00+00:00,-34.96944,-71.21694,220.0,open-meteo_ecmwf_ifs,daily,30.6105,13.2605,31.02,10.537585,2.1122077,53.268414,0.0,33.19643550527701,6.077509557899747
2021-01-07 00:00:00+00:00,-34.96944,-71.21694,220.0,open-meteo_ecmwf_ifs,daily,31.1605,15.460501,32.13,9.718833,2.6300166,46.06834,0.0,33.153475154971275,6.784151571844167
2021-01-08 00:00:00+00:00,-34.96944,-71.21694,220.0,open-meteo_ecmwf_ifs,daily,29.5105,15.210501,28.2,7.848,2.188653,42.585148,0.0,33.10779810906772,6.000384469413442
2021-01-09 00:00:00+00:00,-34.96944,-71.21694,220.0,open-meteo_ecmwf_ifs,daily,28.4105,13.210501,32.68,6.070917,2.062177,42.88724,0.0,33.05940648495136,6.236957499713009
2021-01-10 00:00:00+00:00,-34.96944,-71.21694,220.0,open-meteo_ecmwf_ifs,daily,27.9105,11.5605,32.88,5.7834167,2.844041,45.684414,0.0,33.008302706723704,6.388488163849186
2021-01-11 00:00:00+00:00,-34.96944,-71.21694,220.0,open-meteo_ecmwf_ifs,daily,26.6605,13.3105,32.35,9.193833,3.144655,57.25523,0.0,32.954489520637416,6.207500328639921
2021-01-12 00:00:00+00:00,-34.96944,-71.21694,220.0,open-meteo_ecmwf_ifs,daily,30.1605,11.3105,33.04,1.9625835,3.4853256,31.414148,0.0,32.89797001139226,7.182028133069469
2021-01-13 00:00:00+00:00,-34.96944,-71.21694,220.0,open-meteo_ecmwf_ifs,daily,31.5105,12.910501,32.6,5.279249,1.8168157,36.973137,0.0,32.83874761929142,6.338994697395995
2021-01-14 00:00:00+00:00,-34.96944,-71.21694,220.0,open-meteo_ecmwf_ifs,daily,30.4605,13.0105,32.32,6.0438333,2.2529116,39.858307,0.0,32.77682615825459,6.449099643556908
2021-01-15 00:00:00+00:00,-34.96944,-71.21694,220.0,open-meteo_ecmwf_ifs,daily,29.4105,12.960501,32.15,6.1979995,3.7218235,39.539604,0.0,32.71220983467969,6.989669551149186
2021-01-16 00:00:00+00:00,-34.96944,-71.21694,220.0,open-meteo_ecmwf_ifs,daily,29.7605,12.8605,32.94,4.3042493,4.6593757,37.886513,0.0,32.644903267141835,7.6810220858249885
2021-01-17 00:00:00+00:00,-34.96944,-71.21694,220.0,open-meteo_ecmwf_ifs,daily,32.0605,13.1105,32.68,5.37925,3.1573315,38.271767,0.0,32.57491150691393,7.18119001673151
2021-01-18 00:00:00+00:00,-34.96944,-71.21694,220.0,open-meteo_ecmwf_ifs,daily,33.4105,14.460501,31.82,8.8584175,2.3525076,40.946896,0.0,32.502240059289065,6.732977583654703
2021-01-19 00:00:00+00:00,-34.96944,-71.21694,220.0,open-meteo_ecmwf_ifs,daily,31.7605,16.4605,31.02,11.895917,1.8572354,49.979324,0.0,32.42689490568022,6.270418987238131
2021-01-20 00:00:00+00:00,-34.96944,-71.21694,220.0,open-meteo_ecmwf_ifs,daily,31.9605,16.7105,30.86,12.925084,2.001416,56.081635,0.0,32.348882526468635,6.308175140477376
2021-01-21 00:00:00+00:00,-34.96944,-71.21694,220.0,open-meteo_ecmwf_ifs,daily,31.7605,15.160501,30.93,13.322998,1.74969,59.42969,0.0,32.268209924567216,6.0213666427394
2021-01-22 00:00:00+00:00,-34.96944,-71.21694,220.0,open-meteo_ecmwf_ifs,daily,33.0105,15.6105,30.78,13.104252,1.6022152,55.438305,0.0,32.184884649661086,6.091636387609365
2021-01-23 00:00:00+00:00,-34.96944,-71.21694,220.0,open-meteo_ecmwf_ifs,daily,30.9105,17.1105,30.41,14.031333,1.6967837,57.874233,0.0,32.098914823082154,5.993130149727495
2021-01-24 00:00:00+00:00,-34.96944,-71.21694,220.0,open-meteo_ecmwf_ifs,daily,32.2605,18.2605,29.46,14.1500845,2.0125515,55.433136,0.0,32.0103091632706,6.222383001798995
2021-01-25 00:00:00+00:00,-34.96944,-71.21694,220.0,open-meteo_ecmwf_ifs,daily,32.4605,17.6105,30.67,11.762582,2.139178,50.097733,0.0,31.919077011770938,6.513521455737393
2021-01-26 00:00:00+00:00,-34.96944,-71.21694,220.0,open-meteo_ecmwf_ifs,daily,31.1105,15.710501,31.02,7.1646657,2.3593209,37.626442,0.0,31.8252283597063,6.5668289807114455
2021-01-27 00:00:00+00:00,-34.96944,-71.21694,220.0,open-meteo_ecmwf_ifs,daily,30.9605,13.5105,30.93,6.9313335,2.1725066,40.914494,0.0,31.728773874669812,6.225431984684176
2021-01-28 00:00:00+00:00,-34.96944,-71.21694,220.0,open-meteo_ecmwf_ifs,daily,28.2605,14.5105,23.21,8.460501,3.7039793,46.980972,0.0,31.629724927968127,5.810043257197695
2021-01-29 00:00:00+00:00,-34.96944,-71.21694,220.0,open-meteo_ecmwf_ifs,daily,22.3605,17.2105,9.38,13.614667,2.0904977,69.61048,12.0,31.52809362214779,2.625973169223324
2021-01-30 00:00:00+00:00,-34.96944,-71.21694,220.0,open-meteo_ecmwf_ifs,daily,22.4105,15.0605,15.74,15.522999,2.20342,87.39591,32.7,31.42389281873139,2.9558858514776856
2021-01-31 00:00:00+00:00,-34.96944,-71.21694,220.0,open-meteo_ecmwf_ifs,daily,22.560501,14.210501,20.42,15.041749,2.2366612,84.85885,32.8,31.31713616608704,3.5151625619501146
2021-02-01 00:00:00+00:00,-34.96944,-71.21694,220.0,open-meteo_ecmwf_ifs,daily,22.0105,13.5605,21.12,14.760502,1.5118448,87.00196,14.1,31.207838127351334,3.506697264509429
2021-02-02 00:00:00+00:00,-34.96944,-71.21694,220.0,open-meteo_ecmwf_ifs,daily,24.0105,12.910501,24.18,14.1084175,1.4525037,81.94465,0.5,31.0960140083228,4.058943944654802
2021-02-03 00:00:00+00:00,-34.96944,-71.21694,220.0,open-meteo_ecmwf_ifs,daily,27.4105,13.0105,27.23,15.052169,1.3140596,81.30773,0.0,30.98167998524033,4.688105957189614
2021-02-04 00:00:00+00:00,-34.96944,-71.21694,220.0,open-meteo_ecmwf_ifs,daily,29.0105,14.660501,28.95,17.223,1.9775106,77.458015,0.0,30.86485313235879,5.132709063302937
2021-02-05 00:00:00+00:00,-34.96944,-71.21694,220.0,open-meteo_ecmwf_ifs,daily,26.3605,16.5105,17.02,15.691753,1.4749665,78.77895,0.2,30.745551449231616,3.500452793782013
2021-02-06 00:00:00+00:00,-34.96944,-71.21694,220.0,open-meteo_ecmwf_ifs,daily,22.3605,15.7605,12.2,15.070918,1.2116765,80.47558,0.0,30.623793887609125,2.4990695500787976
2021-02-07 00:00:00+00:00,-34.96944,-71.21694,220.0,open-meteo_ecmwf_ifs,daily,24.810501,16.310501,18.27,14.445916,1.7301008,74.26707,0.0,30.49960037785947,3.6703558983851052
2021-02-08 00:00:00+00:00,-34.96944,-71.21694,220.0,open-meteo_ecmwf_ifs,daily,24.6105,13.960501,18.6,14.341751,1.8096576,77.834335,0.1,30.372991854818565,3.495286609989498
2021-02-09 00:00:00+00:00,-34.96944,-71.21694,220.0,open-meteo_ecmwf_ifs,daily,27.9105,15.710501,23.94,15.664669,1.5809011,75.60868,0.0,30.24399028297479,4.494539951245607
2021-02-10 00:00:00+00:00,-34.96944,-71.21694,220.0,open-meteo_ecmwf_ifs,daily,29.4105,14.910501,25.17,16.914667,1.7875522,77.516235,0.0,30.112618680893874,4.660624846686531
2021-02-11 00:00:00+00:00,-34.96944,-71.21694,220.0,open-meteo_ecmwf_ifs,daily,22.6105,17.2105,9.79,15.514668,1.2648026,77.15463,0.1,29.97890114479025,2.255575321899094
2021-02-12 00:00:00+00:00,-34.96944,-71.21694,220.0,open-meteo_ecmwf_ifs,daily,25.9105,16.2105,15.18,15.958417,1.6219245,77.13187,0.0,29.842862871151027,3.1706903696720956
2021-02-13 00:00:00+00:00,-34.96944,-71.21694,220.0,open-meteo_ecmwf_ifs,daily,26.7605,17.2105,20.78,16.025084,1.7059537,76.04951,0.1,29.704530178320624,4.0800033968733596
2021-02-14 00:00:00+00:00,-34.96944,-71.21694,220.0,open-meteo_ecmwf_ifs,daily,26.7105,14.2605,22.58,14.245915,1.2768732,74.71615,0.0,29.563930526954767,4.080316881670857
2021-02-15 00:00:00+00:00,-34.96944,-71.21694,220.0,open-meteo_ecmwf_ifs,daily,25.310501,13.5605,20.88,13.433415,1.819147,74.42263,0.0,29.42109253925515,3.84688467413694
2021-02-16 00:00:00+00:00,-34.96944,-71.21694,220.0,open-meteo_ecmwf_ifs,daily,23.4105,12.460501,16.39,12.770919,2.0586956,77.43002,0.0,29.276046016897567,3.134736679129812
2021-02-17 00:00:00+00:00,-34.96944,-71.21694,220.0,open-meteo_ecmwf_ifs,daily,24.6105,12.6105,24.27,10.9209175,1.9264531,66.81556,0.0,29.12882195756937,4.29299719275878
2021-02-18 00:00:00+00:00,-34.96944,-71.21694,220.0,open-meteo_ecmwf_ifs,daily,25.4105,11.1105,27.0,10.716751,1.9827844,68.20745,0.0,28.97945257003477,4.543855963548291
2021-02-19 00:00:00+00:00,-34.96944,-71.21694,220.0,open-meteo_ecmwf_ifs,daily,26.7605,12.210501,26.81,11.531335,2.7832193,67.87571,0.0,28.827971287649802,4.881438148970606
2021-02-20 00:00:00+00:00,-34.96944,-71.21694,220.0,open-meteo_ecmwf_ifs,daily,27.6105,11.3605,27.55,9.502167,2.260519,54.968536,0.0,28.67441278025241,4.988420012904097
2021-02-21 00:00:00+00:00,-34.96944,-71.21694,220.0,open-meteo_ecmwf_ifs,daily,27.1605,11.7605,27.46,10.148002,1.709102,58.047115,0.0,28.518812964356897,4.746898488344802
2021-02-22 00:00:00+00:00,-34.96944,-71.21694,220.0,open-meteo_ecmwf_ifs,daily,26.810501,11.160501,27.36,10.241751,2.4621096,62.73135,0.0,28.361209011586123,4.840984625031828
2021-02-23 00:00:00+00:00,-34.96944,-71.21694,220.0,open-meteo_ecmwf_ifs,daily,28.5105,11.160501,27.72,8.543832,3.0212252,52.0143,0.0,28.201639355279415,5.385098357356504
2021-02-24 00:00:00+00:00,-34.96944,-71.21694,220.0,open-meteo_ecmwf_ifs,daily,29.9105,13.0105,26.96,11.708419,1.9319483,59.502777,0.0,28.04014369521868,5.0053996887733785
2021-02-25 00:00:00+00:00,-34.96944,-71.21694,220.0,open-meteo_ecmwf_ifs,daily,28.6605,12.6105,24.03,14.2125845,1.5728469,75.548744,0.0,27.876763000420258,4.251639702445673
2021-02-26 00:00:00+00:00,-34.96944,-71.21694,220.0,open-meteo_ecmwf_ifs,daily,29.3605,12.3105,25.01,13.181333,2.0701869,71.34535,0.0,27.711539509944963,4.583147940803866
2021-02-27 00:00:00+00:00,-34.96944,-71.21694,220.0,open-meteo_ecmwf_ifs,daily,30.310501,13.5105,26.57,12.908418,2.278533,63.569916,0.0,27.544516731684592,5.0536191335992005
2021-02-28 00:00:00+00:00,-34.96944,-71.21694,220.0,open-meteo_ecmwf_ifs,daily,30.060501,13.960501,26.51,11.777168,2.9315758,58.15671,0.0,27.37573943908791,5.38283697471203
2021-03-01 00:00:00+00:00,-34.96944,-71.21694,220.0,open-meteo_ecmwf_ifs,daily,30.1605,13.710501,25.5,12.277168,2.1202207,56.96838,0.0,27.205253665795478,4.901848494652656
2021-03-02 00:00:00+00:00,-34.96944,-71.21694,220.0,open-meteo_ecmwf_ifs,daily,29.0105,14.660501,24.88,14.5771675,1.5208334,69.02326,0.0,27.03310669815808,4.46980850209611
2021-03-03 00:00:00+00:00,-34.96944,-71.21694,220.0,open-meteo_ecmwf_ifs,daily,31.2105,14.3605,24.79,14.3605,1.8908583,67.05084,0.0,26.8593470656195,4.735952345118388
2021-03-04 00:00:00+00:00,-34.96944,-71.21694,220.0,open-meteo_ecmwf_ifs,daily,31.6605,16.810501,25.12,13.364666,2.2591155,54.90063,0.0,26.684024528950207,5.252356688602156
2021-03-05 00:00:00+00:00,-34.96944,-71.21694,220.0,open-meteo_ecmwf_ifs,daily,28.0105,15.660501,24.21,13.725082,2.6392562,62.602215,0.0,26.507190066324824,4.738005652636202
2021-03-06 00:00:00+00:00,-34.96944,-71.21694,220.0,open-meteo_ecmwf_ifs,daily,29.1605,14.5605,22.71,14.02092,1.5596043,69.38435,0.0,26.32889585724202,4.200737095956835
2021-03-07 00:00:00+00:00,-34.96944,-71.21694,220.0,open-meteo_ecmwf_ifs,daily,30.3605,15.0105,24.52,12.673,2.866131,61.37471,0.0,26.149195264291617,5.126550998671388
2021-03-08 00:00:00+00:00,-34.96944,-71.21694,220.0,open-meteo_ecmwf_ifs,daily,31.6105,14.3105,24.74,12.020917,3.0152247,55.756046,0.0,25.968142812779956,5.323750411494421
2021-03-09 00:00:00+00:00,-34.96944,-71.21694,220.0,open-meteo_ecmwf_ifs,daily,30.310501,13.3105,24.42,11.952167,1.8483688,59.835392,0.0,25.785794168230257,4.559237327266681
2021-03-10 00:00:00+00:00,-34.96944,-71.21694,220.0,open-meteo_ecmwf_ifs,daily,26.3605,14.210501,21.73,12.081333,1.6284138,64.01811,0.0,25.602206111781033,3.915991662250632
2021-03-11 00:00:00+00:00,-34.96944,-71.21694,220.0,open-meteo_ecmwf_ifs,daily,28.060501,14.7605,22.63,12.364666,3.5934083,65.66897,0.0,25.417436513511266,4.843311060484251
2021-03-12 00:00:00+00:00,-34.96944,-71.21694,220.0,open-meteo_ecmwf_ifs,daily,28.9105,13.0605,23.84,8.506334,2.3759675,47.859623,0.0,25.231544303727212,4.749351168180083
2021-03-13 00:00:00+00:00,-34.96944,-71.21694,220.0,open-meteo_ecmwf_ifs,daily,28.4605,13.0605,23.53,10.4313345,1.873535,56.57754,0.0,25.044589442251038,4.319730101921372
2021-03-14 00:00:00+00:00,-34.96944,-71.21694,220.0,open-meteo_ecmwf_ifs,daily,27.810501,12.410501,22.48,11.912585,1.4506017,67.38227,0.0,24.85663288575729,3.8607070252129936
2021-03-15 00:00:00+00:00,-34.96944,-71.21694,220.0,open-meteo_ecmwf_ifs,daily,22.7605,14.0605,11.74,11.885501,1.7750894,70.54203,0.0,24.667736553208872,2.572972734881734
2021-03-16 00:00:00+00:00,-34.96944,-71.21694,220.0,open-meteo_ecmwf_ifs,daily,24.0105,13.960501,14.15,9.956334,1.677122,62.82117,0.4,24.47796328944897,3.0183231200341134
2021-03-17 00:00:00+00:00,-34.96944,-71.21694,220.0,open-meteo_ecmwf_ifs,daily,26.8605,12.910501,22.61,10.773,2.0525756,62.190243,0.7,24.287376827010938,4.066523838194508
2021-03-18 00:00:00+00:00,-34.96944,-71.21694,220.0,open-meteo_ecmwf_ifs,daily,22.3605,14.3605,11.04,10.718833,1.9310812,68.34256,0.2,24.09604174621295,2.6362250614115665
2021-03-19 00:00:00+00:00,-34.96944,-71.21694,220.0,open-meteo_ecmwf_ifs,daily,19.2605,12.660501,9.41,9.539667,1.5196649,67.58738,1.9000001,23.904023433608767,2.0894863455959145
2021-03-20 00:00:00+00:00,-34.96944,-71.21694,220.0,open-meteo_ecmwf_ifs,daily,25.310501,8.6105,22.5,7.0167503,1.303373,56.99557,0.0,23.71138803887069,3.4591124071579915
2021-03-21 00:00:00+00:00,-34.96944,-71.21694,220.0,open-meteo_ecmwf_ifs,daily,26.560501,10.2605,21.79,9.548001,1.5713743,62.827667,0.0,23.51820243018491,3.5808609168521914
2021-03-22 00:00:00+00:00,-34.96944,-71.21694,220.0,open-meteo_ecmwf_ifs,daily,28.560501,11.8105,22.07,11.216751,2.239888,67.48148,1.3000001,23.324534148243423,4.022110739260432
2021-03-23 00:00:00+00:00,-34.96944,-71.21694,220.0,open-meteo_ecmwf_ifs,daily,27.5105,12.0105,21.77,9.797999,2.119243,55.975765,0.0,23.130451358920624,3.956392903857948
2021-03-24 00:00:00+00:00,-34.96944,-71.21694,220.0,open-meteo_ecmwf_ifs,daily,26.2605,11.3105,20.8,9.65425,2.0955524,59.613266,0.0,22.936022804725834,3.6850521500822317
2021-03-25 00:00:00+00:00,-34.96944,-71.21694,220.0,open-meteo_ecmwf_ifs,daily,22.1605,11.1105,16.65,7.5834174,1.319391,57.466595,0.1,22.741317755126698,2.820339071044194
2021-03-26 00:00:00+00:00,-34.96944,-71.21694,220.0,open-meteo_ecmwf_ifs,daily,25.3605,8.5105,21.65,5.983417,2.4972346,57.210926,0.0,22.546405955840772,3.803945352516064
2021-03-27 00:00:00+00:00,-34.96944,-71.21694,220.0,open-meteo_ecmwf_ifs,daily,28.7105,8.960501,21.86,5.4709163,2.1674776,51.82927,0.0,22.351357577195788,4.002242771804674
2021-03-28 00:00:00+00:00,-34.96944,-71.21694,220.0,open-meteo_ecmwf_ifs,daily,28.5105,10.2605,21.2,7.308418,1.4756665,52.491413,0.0,22.156243161660914,3.5640415017901472
2021-03-29 00:00:00+00:00,-34.96944,-71.21694,220.0,open-meteo_ecmwf_ifs,daily,25.7105,11.460501,19.72,11.433417,1.5177993,72.633064,0.0,21.961133570653878,3.1736755302606494
2021-03-30 00:00:00+00:00,-34.96944,-71.21694,220.0,open-meteo_ecmwf_ifs,daily,24.9105,10.3105,19.25,10.9105,1.8191127,72.473274,0.0,21.766099930730025,3.081170102774463
2021-03-31 00:00:00+00:00,-34.96944,-71.21694,220.0,open-meteo_ecmwf_ifs,daily,24.0105,12.460501,16.35,12.195918,1.9393821,77.672646,0.0,21.571213579261308,2.841414197583128
2021-04-01 00:00:00+00:00,-34.96944,-71.21694,220.0,open-meteo_ecmwf_ifs,daily,23.560501,10.7605,16.83,11.548001,1.4637457,78.19999,0.0,21.37654600971401,2.6432366468584347
2021-04-02 00:00:00+00:00,-34.96944,-71.21694,220.0,open-meteo_ecmwf_ifs,daily,24.2605,9.910501,17.83,10.825085,1.8815012,77.32229,0.0,21.182168816634842,2.84909825431437
2021-04-03 00:00:00+00:00,-34.96944,-71.21694,220.0,open-meteo_ecmwf_ifs,daily,26.1105,8.8105,19.68,9.552169,2.0092413,66.08399,0.0,20.988153640455774,3.1738295152557545
2021-04-04 00:00:00+00:00,-34.96944,-71.21694,220.0,open-meteo_ecmwf_ifs,daily,21.6605,10.3105,16.21,10.531334,2.178381,73.2604,0.0,20.794572112227932,2.587609959227625
2021-04-05 00:00:00+00:00,-34.96944,-71.21694,220.0,open-meteo_ecmwf_ifs,daily,24.310501,9.910501,17.43,10.502167,2.3060834,71.74487,0.0,20.60149579839486,2.905938951568122
2021-04-06 00:00:00+00:00,-34.96944,-71.21694,220.0,open-meteo_ecmwf_ifs,daily,25.1605,11.6105,18.58,11.200085,1.3034114,68.59088,0.0,20.40899614571515,2.851131113413603
2021-04-07 00:00:00+00:00,-34.96944,-71.21694,220.0,open-meteo_ecmwf_ifs,daily,23.810501,11.3605,18.5,10.875084,2.4376926,69.426674,0.0,20.21714442644354,3.0441429996557314
2021-04-08 00:00:00+00:00,-34.96944,-71.21694,220.0,open-meteo_ecmwf_ifs,daily,22.4105,11.5105,16.38,9.037583,2.148175,63.70799,1.1,20.02601168387884,2.8450446219444934
2021-04-09 00:00:00+00:00,-34.96944,-71.21694,220.0,open-meteo_ecmwf_ifs,daily,19.2605,10.7605,14.12,8.964667,3.1216428,72.214714,0.0,19.83566867838548,2.547169233799589
2021-04-10 00:00:00+00:00,-34.96944,-71.21694,220.0,open-meteo_ecmwf_ifs,daily,19.5105,8.160501,18.27,7.0105004,2.3494756,65.73087,0.0,19.646185833994277,2.632077871962952
2021-04-11 00:00:00+00:00,-34.96944,-71.21694,220.0,open-meteo_ecmwf_ifs,daily,24.4605,7.6105,18.48,5.14175,3.6350968,56.175694,0.0,19.457633185685687,3.6283559427801757
2021-04-12 00:00:00+00:00,-34.96944,-71.21694,220.0,open-meteo_ecmwf_ifs,daily,24.2605,9.410501,15.1,10.57925,2.364124,74.85407,0.0,19.27008032745732,2.583366869896642
2021-04-13 00:00:00+00:00,-34.96944,-71.21694,220.0,open-meteo_ecmwf_ifs,daily,27.060501,9.7605,15.92,11.595917,1.6980344,74.61991,0.0,19.08359636127456,2.617297950137654
2021-04-14 00:00:00+00:00,-34.96944,-71.21694,220.0,open-meteo_ecmwf_ifs,daily,24.6105,10.0105,15.84,12.195918,1.4255457,79.30412,0.0,18.89824984700094,2.3350088121109023
2021-04-15 00:00:00+00:00,-34.96944,-71.21694,220.0,open-meteo_ecmwf_ifs,daily,24.2605,11.3105,15.28,10.887585,2.2465584,76.15582,0.0,18.71410875340178,2.6624213668139194
2021-04-16 00:00:00+00:00,-34.96944,-71.21694,220.0,open-meteo_ecmwf_ifs,daily,24.1105,9.0605,15.54,10.277167,2.1463387,73.33479,0.0,18.53124041031174,2.4861121856011765
2021-04-17 00:00:00+00:00,-34.96944,-71.21694,220.0,open-meteo_ecmwf_ifs,daily,22.310501,10.910501,15.17,11.34175,1.6215762,76.781395,0.0,18.349711462053392,2.239858061597409
2021-04-18 00:00:00+00:00,-34.96944,-71.21694,220.0,open-meteo_ecmwf_ifs,daily,24.0105,10.710501,15.36,11.206333,1.3783923,74.911125,0.3,18.16958782219066,2.2823800660625952
2021-04-19 00:00:00+00:00,-34.96944,-71.21694,220.0,open-meteo_ecmwf_ifs,daily,24.060501,9.210501,16.51,9.9625845,1.7939807,73.750145,0.0,17.990934629696905,2.4394900542277425
2021-04-20 00:00:00+00:00,-34.96944,-71.21694,220.0,open-meteo_ecmwf_ifs,daily,22.3605,9.460501,15.55,8.333417,3.0158215,68.44143,0.0,17.81381620661385,2.733639728399543
2021-04-21 00:00:00+00:00,-34.96944,-71.21694,220.0,open-meteo_ecmwf_ifs,daily,17.9605,12.210501,7.02,11.487583,3.8227441,80.485,7.2999997,17.638296017273042,1.6815736675130202
2021-04-22 00:00:00+00:00,-34.96944,-71.21694,220.0,open-meteo_ecmwf_ifs,daily,17.4105,10.0105,11.21,11.156333,2.16803,87.868416,0.0,17.46443662914768,1.533130800560205
2021-04-23 00:00:00+00:00,-34.96944,-71.21694,220.0,open-meteo_ecmwf_ifs,daily,19.4605,10.160501,10.19,10.206334,1.7588228,81.74996,0.0,17.29229967539776,1.6888176110882982
2021-04-24 00:00:00+00:00,-34.96944,-71.21694,220.0,open-meteo_ecmwf_ifs,daily,19.4105,9.460501,13.99,9.248,2.5786786,80.79146,0.0,17.121945819167095,2.0891116691190077
2021-04-25 00:00:00+00:00,-34.96944,-71.21694,220.0,open-meteo_ecmwf_ifs,daily,18.6105,6.5105,12.46,8.687585,2.0731778,82.41457,0.0,16.95343471968593,1.6502126335904428
2021-04-26 00:00:00+00:00,-34.96944,-71.21694,220.0,open-meteo_ecmwf_ifs,daily,19.0105,8.3105,12.15,9.158417,2.4347022,84.26286,0.0,16.78682500022806,1.8072416522451753
2021-04-27 00:00:00+00:00,-34.96944,-71.21694,220.0,open-meteo_ecmwf_ifs,daily,19.4105,7.7605,12.83,9.71675,1.6361393,85.599434,0.0,16.62217421796605,1.646452353469256
2021-04-28 00:00:00+00:00,-34.96944,-71.21694,220.0,open-meteo_ecmwf_ifs,daily,19.8605,8.5105,12.76,9.427167,1.6741953,85.074425,0.0,16.459538835763443,1.73950263953743
2021-04-29 00:00:00+00:00,-34.96944,-71.21694,220.0,open-meteo_ecmwf_ifs,daily,20.7105,6.9605,13.2,9.65425,1.3573982,82.09534,0.0,16.298974195937028,1.6320407755059618
2021-04-30 00:00:00+00:00,-34.96944,-71.21694,220.0,open-meteo_ecmwf_ifs,daily,19.8605,11.1105,12.02,10.187583,2.1504931,77.886604,0.0,16.14053449601749,1.8982480677007159
2021-05-01 00:00:00+00:00,-34.96944,-71.21694,220.0,open-meteo_ecmwf_ifs,daily,16.310501,10.710501,4.19,10.308417,1.5049224,84.38862,6.7999997,15.984272766530795,1.0450402087869908
2021-05-02 00:00:00+00:00,-34.96944,-71.21694,220.0,open-meteo_ecmwf_ifs,daily,13.8605,11.5605,1.46,11.76675,0.9035643,94.84849,16.500002,15.830240850817502,0.6070433557074973
2021-05-03 00:00:00+00:00,-34.96944,-71.21694,220.0,open-meteo_ecmwf_ifs,daily,18.0105,10.6105,8.79,10.708419,1.2111984,85.31811,1.1,15.678489386901425,1.3014285745075445
2021-05-04 00:00:00+00:00,-34.96944,-71.21694,220.0,open-meteo_ecmwf_ifs,daily,19.560501,8.8605,12.81,10.410501,1.2965909,86.33805,2.3,15.529067791413548,1.5277240748767194
2021-05-05 00:00:00+00:00,-34.96944,-71.21694,220.0,open-meteo_ecmwf_ifs,daily,18.2105,6.6105,13.87,9.593835,1.7967367,84.60102,0.0,15.382024245571351,1.4515605332010837
2021-05-06 00:00:00+00:00,-34.96944,-71.21694,220.0,open-meteo_ecmwf_ifs,daily,18.6605,6.4605,13.75,8.793834,1.4937905,83.18429,0.0,15.237405683208081,1.4803903100999445
2021-05-07 00:00:00+00:00,-34.96944,-71.21694,220.0,open-meteo_ecmwf_ifs,daily,17.560501,7.4605,5.26,9.806334,2.9235585,86.56296,0.1,15.095257780840683,1.129229947972479
2021-05-08 00:00:00+00:00,-34.96944,-71.21694,220.0,open-meteo_ecmwf_ifs,daily,16.9605,10.0605,8.45,10.425085,1.2873064,82.43407,0.0,14.955624949759482,1.1785103423757746
2021-05-09 00:00:00+00:00,-34.96944,-71.21694,220.0,open-meteo_ecmwf_ifs,daily,15.5105,8.8605,10.31,9.043835,2.7162454,86.51746,0.0,14.818550330116988,1.3545943053606504
2021-05-10 00:00:00+00:00,-34.96944,-71.21694,220.0,open-meteo_ecmwf_ifs,daily,17.310501,5.3104997,11.37,7.4063334,1.766678,87.79398,0.0,14.684075786987423,1.3145949898280056
2021-05-11 00:00:00+00:00,-34.96944,-71.21694,220.0,open-meteo_ecmwf_ifs,daily,16.3605,3.9605,12.65,6.8521667,1.6962563,88.10327,0.0,14.552241908363017,1.2358896357949174
2021-05-12 00:00:00+00:00,-34.96944,-71.21694,220.0,open-meteo_ecmwf_ifs,daily,15.2605,4.4605,11.32,6.5292506,2.0021706,88.31195,0.0,14.423088005047479,1.1999548741913997
2021-05-13 00:00:00+00:00,-34.96944,-71.21694,220.0,open-meteo_ecmwf_ifs,daily,17.560501,4.3605,8.05,7.418834,1.3299994,86.578804,0.0,14.296652112401434,1.059790496991226
2021-05-14 00:00:00+00:00,-34.96944,-71.21694,220.0,open-meteo_ecmwf_ifs,daily,14.7605,6.7105,8.41,8.6709175,2.113713,91.17374,0.0,14.172970993889432,0.9919634499869199
2021-05-15 00:00:00+00:00,-34.96944,-71.21694,220.0,open-meteo_ecmwf_ifs,daily,15.0105,8.8105,6.96,9.058418,2.454077,91.363945,0.0,14.052080146372354,1.1058709485158358
2021-05-16 00:00:00+00:00,-34.96944,-71.21694,220.0,open-meteo_ecmwf_ifs,daily,15.660501,5.8104997,10.81,7.0125833,2.208029,87.159615,0.0,13.934013807084252,1.245406165899979
2021-05-17 00:00:00+00:00,-34.96944,-71.21694,220.0,open-meteo_ecmwf_ifs,daily,19.3605,5.1605,9.09,8.01675,1.4237056,87.68271,0.0,13.818804962227281,1.171482377509633
2021-05-18 00:00:00+00:00,-34.96944,-71.21694,220.0,open-meteo_ecmwf_ifs,daily,16.6105,9.660501,6.73,10.020917,2.397135,87.686455,0.0,13.706485357113523,1.1554230617643915
2021-05-19 00:00:00+00:00,-34.96944,-71.21694,220.0,open-meteo_ecmwf_ifs,daily,14.1105,10.160501,2.95,10.297999,2.4915326,87.70696,11.9,13.597085507777741,0.808390535440044
2021-05-20 00:00:00+00:00,-34.96944,-71.21694,220.0,open-meteo_ecmwf_ifs,daily,13.460501,9.460501,4.48,10.1105,1.053475,92.8064,18.900002,13.490634713980528,0.7165351154615969
2021-05-21 00:00:00+00:00,-34.96944,-71.21694,220.0,open-meteo_ecmwf_ifs,daily,14.410501,6.5604997,10.52,7.437584,1.6031154,86.665596,2.4,13.387161073516939,1.042094546321861
2021-05-22 00:00:00+00:00,-34.96944,-71.21694,220.0,open-meteo_ecmwf_ifs,daily,14.0105,3.6605,11.88,5.45425,2.5197196,84.891106,0.5,13.286691497741582,1.1199083463793629
2021-05-23 00:00:00+00:00,-34.96944,-71.21694,220.0,open-meteo_ecmwf_ifs,daily,15.0105,3.2105,11.63,5.01675,2.6099029,85.718895,0.0,13.18925172821735,1.208486797539476
2021-05-24 00:00:00+00:00,-34.96944,-71.21694,220.0,open-meteo_ecmwf_ifs,daily,15.460501,5.8605,10.71,7.4125824,2.1171358,89.60554,0.0,13.094866354391186,1.1001162963579207
2021-05-25 00:00:00+00:00,-34.96944,-71.21694,220.0,open-meteo_ecmwf_ifs,daily,15.6105,7.3605,9.29,8.437584,2.5357497,90.63227,0.0,13.003558832197285,1.1166544797995002
2021-05-26 00:00:00+00:00,-34.96944,-71.21694,220.0,open-meteo_ecmwf_ifs,daily,16.4605,7.4105,10.4,9.264668,2.4186046,90.95416,0.0,12.915351503484972,1.094753438472262
2021-05-27 00:00:00+00:00,-34.96944,-71.21694,220.0,open-meteo_ecmwf_ifs,daily,14.3605,9.2605,3.96,10.6500845,1.6429192,95.412315,0.0,12.830265616165912,0.6792493907891419
2021-05-28 00:00:00+00:00,-34.96944,-71.21694,220.0,open-meteo_ecmwf_ifs,daily,15.2605,9.660501,4.02,10.3375845,1.5723213,92.37262,3.9,12.748321344973151,0.795108173409645
2021-05-29 00:00:00+00:00,-34.96944,-71.21694,220.0,open-meteo_ecmwf_ifs,daily,11.6105,6.3104997,5.42,7.4146667,2.7018983,89.54574,0.0,12.669537812722531,0.7227113063403438
2021-05-30 00:00:00+00:00,-34.96944,-71.21694,220.0,open-meteo_ecmwf_ifs,daily,14.460501,3.0105002,10.1,5.2584167,2.2385328,86.08968,0.0,12.59393311196565,0.9978237692155434
2021-05-31 00:00:00+00:00,-34.96944,-71.21694,220.0,open-meteo_ecmwf_ifs,daily,17.3605,6.8104997,5.52,7.9105,1.300968,82.09834,0.0,12.521524326922425,0.9511839323775942
2021-06-01 00:00:00+00:00,-34.96944,-71.21694,220.0,open-meteo_ecmwf_ifs,daily,13.710501,11.6105,1.18,12.112583,1.3733301,95.88903,15.799999,12.45232755558081,0.5202818726554713
2021-06-02 00:00:00+00:00,-34.96944,-71.21694,220.0,open-meteo_ecmwf_ifs,daily,17.6105,10.160501,8.9,11.8605,2.1336124,92.74594,0.2,12.386357931851046,0.9833964334592775
2021-06-03 00:00:00+00:00,-34.96944,-71.21694,220.0,open-meteo_ecmwf_ifs,daily,18.1105,9.910501,8.07,11.748001,2.242438,93.04452,0.0,12.3236296476621,0.9988404582139048
2021-06-04 00:00:00+00:00,-34.96944,-71.21694,220.0,open-meteo_ecmwf_ifs,daily,15.660501,11.8605,4.99,11.366752,3.21039,88.992615,0.0,12.264155974888972,1.013317351505208
2021-06-05 00:00:00+00:00,-34.96944,-71.21694,220.0,open-meteo_ecmwf_ifs,daily,13.460501,6.8104997,7.78,7.6625824,3.35952,85.52277,0.0,12.207949287000488,0.9547831218622087
2021-06-06 00:00:00+00:00,-34.96944,-71.21694,220.0,open-meteo_ecmwf_ifs,daily,12.3605,5.6105,8.54,4.687583,1.9241838,79.72091,0.0,12.155021080319433,0.9838630470082531
2021-06-07 00:00:00+00:00,-34.96944,-71.21694,220.0,open-meteo_ecmwf_ifs,daily,18.7105,5.7105,10.43,7.2396665,1.20655,79.46255,2.3000002,12.105381994788727,1.008371677662531
2021-06-08 00:00:00+00:00,-34.96944,-71.21694,220.0,open-meteo_ecmwf_ifs,daily,18.7105,5.4605,10.77,7.6792502,1.3889542,82.15992,0.0,12.059041834140562,1.014808312892874
2021-06-09 00:00:00+00:00,-34.96944,-71.21694,220.0,open-meteo_ecmwf_ifs,daily,13.5105,7.4105,2.6,8.623,1.8790215,89.37283,19.0,12.016009585368286,0.684881815380214
2021-06-10 00:00:00+00:00,-34.96944,-71.21694,220.0,open-meteo_ecmwf_ifs,daily,14.960501,6.7605,9.73,8.581334,2.2249815,89.11167,0.9000001,11.976293437404921,0.8802614339422847
2021-06-11 00:00:00+00:00,-34.96944,-71.21694,220.0,open-meteo_ecmwf_ifs,daily,16.9605,4.5604997,10.11,7.300083,2.738539,87.587074,0.0,11.939900798916234,1.0719407951681876
2021-06-12 00:00:00+00:00,-34.96944,-71.21694,220.0,open-meteo_ecmwf_ifs,daily,15.8105,6.2105,8.15,9.385501,1.5362477,92.633575,0.0,11.906838315121014,0.7432441631934235
2021-06-13 00:00:00+00:00,-34.96944,-71.21694,220.0,open-meteo_ecmwf_ifs,daily,14.460501,6.9605,6.04,9.11675,1.5192121,93.03567,0.0,11.877111883556514,0.6932471311141363
2021-06-14 00:00:00+00:00,-34.96944,-71.21694,220.0,open-meteo_ecmwf_ifs,daily,12.3105,5.1605,7.87,7.183418,3.1731641,90.61477,0.0,11.85072666871223,0.7185715927937096
2021-06-15 00:00:00+00:00,-34.96944,-71.21694,220.0,open-meteo_ecmwf_ifs,daily,14.7605,4.9605,5.13,7.2167497,1.6968223,91.854225,0.0,11.82768711546161,0.77064136484955
2021-06-16 00:00:00+00:00,-34.96944,-71.21694,220.0,open-meteo_ecmwf_ifs,daily,17.1105,7.4105,9.53,8.2334175,1.4547738,83.35147,1.9000001,11.80799696122719,0.9684614249963028
2021-06-17 00:00:00+00:00,-34.96944,-71.21694,220.0,open-meteo_ecmwf_ifs,daily,15.160501,2.6105,10.48,5.8250833,1.3114966,78.892525,0.0,11.791659246821622,0.772560748573737
2021-06-18 00:00:00+00:00,-34.96944,-71.21694,220.0,open-meteo_ecmwf_ifs,daily,15.0605,3.6605,8.4,6.7292504,1.1204082,85.54529,0.0,11.778676325913892,0.7222134381487954
2021-06-19 00:00:00+00:00,-34.96944,-71.21694,220.0,open-meteo_ecmwf_ifs,daily,12.960501,5.6605,7.34,7.6625824,1.4437593,92.21191,0.0,11.76904987307734,0.6681846754957664
2021-06-20 00:00:00+00:00,-34.96944,-71.21694,220.0,open-meteo_ecmwf_ifs,daily,13.8605,7.2105,7.64,6.9605007,2.3526134,87.09469,0.0,11.762780890383514,0.9906335945597216
2021-06-21 00:00:00+00:00,-34.96944,-71.21694,220.0,open-meteo_ecmwf_ifs,daily,14.410501,2.8605,5.59,4.8375835,1.6132308,82.58064,1.6,11.759869712513698,0.8292250249260049
2021-06-22 00:00:00+00:00,-34.96944,-71.21694,220.0,open-meteo_ecmwf_ifs,daily,16.2105,5.4105,8.03,6.0542502,2.1002548,76.56332,0.0,11.760316010367507,1.0865956023797356
2021-06-23 00:00:00+00:00,-34.96944,-71.21694,220.0,open-meteo_ecmwf_ifs,daily,12.0605,9.3105,1.98,7.706333,3.7480514,82.79026,17.099997,11.764118793156209,1.0134251254007842
2021-06-24 00:00:00+00:00,-34.96944,-71.21694,220.0,open-meteo_ecmwf_ifs,daily,11.7605,5.7605,2.83,7.618834,1.3956336,88.95285,2.6999998,11.771276408976112,0.5518949118252224
2021-06-25 00:00:00+00:00,-34.96944,-71.21694,220.0,open-meteo_ecmwf_ifs,daily,10.2605,4.9105,1.94,7.256333,2.3742688,89.53546,28.9,11.781786543865522,0.42251075080053313
2021-06-26 00:00:00+00:00,-34.96944,-71.21694,220.0,open-meteo_ecmwf_ifs,daily,8.8605,2.3605,9.17,2.7188337,2.7240021,88.91871,0.0,11.795646219356673,0.7868204177102436
2021-06-27 00:00:00+00:00,-34.96944,-71.21694,220.0,open-meteo_ecmwf_ifs,daily,9.1105,-1.4895,10.47,0.31258333,1.5878614,87.505,0.0,11.81285178854192,0.6826654534600957
2021-06-28 00:00:00+00:00,-34.96944,-71.21694,220.0,open-meteo_ecmwf_ifs,daily,11.0605,-3.2895,10.88,0.2084167,1.3557248,87.649376,0.0,11.833398930681291,0.6680054189980024
2021-06-29 00:00:00+00:00,-34.96944,-71.21694,220.0,open-meteo_ecmwf_ifs,daily,15.2605,-1.2895,9.01,2.40425,0.8583758,86.74615,0.0,11.85728264438596,0.7045755098776514
2021-06-30 00:00:00+00:00,-34.96944,-71.21694,220.0,open-meteo_ecmwf_ifs,daily,10.660501,3.7605002,4.31,4.69175,1.3973069,88.8296,0.0,11.884497239419767,0.6608819182422334
2021-07-01 00:00:00+00:00,-34.96944,-71.21694,220.0,open-meteo_ecmwf_ifs,daily,13.3105,2.3105001,8.35,5.087583,1.0217469,91.67399,0.0,11.915036327167938,0.6859477847619946
2021-07-02 00:00:00+00:00,-34.96944,-71.21694,220.0,open-meteo_ecmwf_ifs,daily,11.5105,4.3605,10.41,5.2479997,3.3926551,87.566536,0.0,11.948892809828994,0.912197034718325
2021-07-03 00:00:00+00:00,-34.96944,-71.21694,220.0,open-meteo_ecmwf_ifs,daily,11.960501,-1.0395,9.89,2.5834167,1.3294727,87.09464,0.0,11.986058868392442,0.6789861956376878
2021-07-04 00:00:00+00:00,-34.96944,-71.21694,220.0,open-meteo_ecmwf_ifs,daily,13.660501,2.7605002,11.18,3.6917503,1.3600693,82.68285,0.0,12.026525949471003,0.8708659677681323
2021-07-05 00:00:00+00:00,-34.96944,-71.21694,220.0,open-meteo_ecmwf_ifs,daily,14.8605,1.5605,10.41,4.725083,0.79931575,88.58433,0.0,12.070284751061877,0.7297309930665816
2021-07-06 00:00:00+00:00,-34.96944,-71.21694,220.0,open-meteo_ecmwf_ifs,daily,13.8105,4.8605,8.65,6.3438325,2.2536056,84.13563,0.2,12.117325207317073,0.9084368828192274
2021-07-07 00:00:00+00:00,-34.96944,-71.21694,220.0,open-meteo_ecmwf_ifs,daily,13.8605,0.9605,9.82,4.0355005,1.4927276,80.84132,0.0,12.167636472407503,0.8048391523849262
2021-07-08 00:00:00+00:00,-34.96944,-71.21694,220.0,open-meteo_ecmwf_ifs,daily,14.7605,2.5605001,9.54,5.527167,1.5971241,89.638245,0.0,12.22120690357054,0.8447237451147495
2021-07-09 00:00:00+00:00,-34.96944,-71.21694,220.0,open-meteo_ecmwf_ifs,daily,11.910501,3.5605001,3.46,6.162583,1.4861355,92.79357,5.0,12.27802404343419,0.602601554763208
2021-07-10 00:00:00+00:00,-34.96944,-71.21694,220.0,open-meteo_ecmwf_ifs,daily,12.0605,3.1605,11.43,4.464667,3.4007294,86.41801,0.0,12.338074601715123,1.0131793046553978
2021-07-11 00:00:00+00:00,-34.96944,-71.21694,220.0,open-meteo_ecmwf_ifs,daily,9.910501,1.5105,7.51,3.4167497,2.6705058,91.21506,0.0,12.401344436390614,0.7463419930213606
2021-07-12 00:00:00+00:00,-34.96944,-71.21694,220.0,open-meteo_ecmwf_ifs,daily,11.960501,-0.2895,6.63,3.6709166,1.1016208,88.91607,0.0,12.467818534447028,0.6379030903998273
2021-07-13 00:00:00+00:00,-34.96944,-71.21694,220.0,open-meteo_ecmwf_ifs,daily,10.5605,1.9605,9.37,3.9125836,1.7111315,92.180504,0.0,12.537480992309801,0.745238983366075
2021-07-14 00:00:00+00:00,-34.96944,-71.21694,220.0,open-meteo_ecmwf_ifs,daily,7.6105,1.1105,8.2,2.6521666,1.9173173,94.93163,0.0,12.610314996061248,0.6349875446802112
2021-07-15 00:00:00+00:00,-34.96944,-71.21694,220.0,open-meteo_ecmwf_ifs,daily,11.7605,0.3105,10.47,2.5959167,2.528245,89.61469,0.0,12.686302801553808,0.9326016481022049
2021-07-16 00:00:00+00:00,-34.96944,-71.21694,220.0,open-meteo_ecmwf_ifs,daily,10.8605,2.2605002,8.89,4.2146664,2.4153185,90.12439,0.0,12.765425714526977,0.8083329384042799
2021-07-17 00:00:00+00:00,-34.96944,-71.21694,220.0,open-meteo_ecmwf_ifs,daily,10.460501,-0.98950005,12.39,0.41258335,3.161972,76.69403,0.0,12.847664070836258,1.0721894802413303
2021-07-18 00:00:00+00:00,-34.96944,-71.21694,220.0,open-meteo_ecmwf_ifs,daily,13.0105,-1.5395,12.05,1.8459166,2.3566682,86.335945,0.0,12.932997216902322,0.9880860663603633
2021-07-19 00:00:00+00:00,-34.96944,-71.21694,220.0,open-meteo_ecmwf_ifs,daily,13.0105,1.5605,10.13,3.9584167,1.8144492,87.077545,0.0,13.021403490487875,0.9219213167776481
2021-07-20 00:00:00+00:00,-34.96944,-71.21694,220.0,open-meteo_ecmwf_ifs,daily,15.3605,2.8105001,9.78,5.5396667,1.945933,88.65557,0.0,13.112860201908385,1.02565656096631
2021-07-21 00:00:00+00:00,-34.96944,-71.21694,220.0,open-meteo_ecmwf_ifs,daily,14.710501,5.9605,7.95,8.41675,1.327869,93.652214,0.0,13.207343615781589,0.8396994607362718
2021-07-22 00:00:00+00:00,-34.96944,-71.21694,220.0,open-meteo_ecmwf_ifs,daily,13.7605,5.3605,7.96,7.389667,1.4894408,93.543335,0.0,13.304828933418555,0.8527436070861059
2021-07-23 00:00:00+00:00,-34.96944,-71.21694,220.0,open-meteo_ecmwf_ifs,daily,14.0105,6.4105,8.47,7.516751,1.9032556,91.26068,0.0,13.405290275956789,0.976522103044264
2021-07-24 00:00:00+00:00,-34.96944,-71.21694,220.0,open-meteo_ecmwf_ifs,daily,12.0105,6.1105,4.54,6.881333,2.7775676,89.25713,1.5,13.508700668333478,0.8410436811571163
2021-07-25 00:00:00+00:00,-34.96944,-71.21694,220.0,open-meteo_ecmwf_ifs,daily,10.2605,6.6605,3.0,7.1667504,2.6105149,89.92341,13.6,13.61503202419362,0.6454972663922519
2021-07-26 00:00:00+00:00,-34.96944,-71.21694,220.0,open-meteo_ecmwf_ifs,daily,13.0105,5.8605,12.17,6.3063335,2.99341,84.05676,4.1,13.724255131824904,1.2076558869417937
2021-07-27 00:00:00+00:00,-34.96944,-71.21694,220.0,open-meteo_ecmwf_ifs,daily,9.910501,0.41050002,11.25,1.8396668,2.955086,84.53976,0.0,13.83633964120743,1.0236811394212286
2021-07-28 00:00:00+00:00,-34.96944,-71.21694,220.0,open-meteo_ecmwf_ifs,daily,15.210501,0.5105,12.83,3.4834163,1.6653031,84.40882,0.0,13.951254052262598,1.1464272969492422
2021-07-29 00:00:00+00:00,-34.96944,-71.21694,220.0,open-meteo_ecmwf_ifs,daily,17.3605,-0.8395,13.71,2.4542499,1.271189,69.88624,0.0,14.068965704381569,1.1961653563078338
2021-07-30 00:00:00+00:00,-34.96944,-71.21694,220.0,open-meteo_ecmwf_ifs,daily,12.460501,1.4104999,11.95,5.256333,1.2287024,87.75589,0.0,14.189440767309328,0.9050513203409387
2021-07-31 00:00:00+00:00,-34.96944,-71.21694,220.0,open-meteo_ecmwf_ifs,daily,13.5605,5.0105,10.88,6.5292497,2.7707155,91.3254,0.0,14.31264423345599,1.1485228432218395
2021-08-01 00:00:00+00:00,-34.96944,-71.21694,220.0,open-meteo_ecmwf_ifs,daily,15.210501,3.4605,12.29,6.1813335,2.1058257,90.842674,0.0,14.438539911702463,1.199843954389207
2021-08-02 00:00:00+00:00,-34.96944,-71.21694,220.0,open-meteo_ecmwf_ifs,daily,15.410501,3.2605002,11.36,6.2355,2.0385509,89.603386,0.0,14.56709042276261,1.1701749207075989
2021-08-03 00:00:00+00:00,-34.96944,-71.21694,220.0,open-meteo_ecmwf_ifs,daily,16.9605,5.0604997,11.34,7.4167504,1.3758831,89.56311,0.0,14.698257196159402,1.2239471494419722
2021-08-04 00:00:00+00:00,-34.96944,-71.21694,220.0,open-meteo_ecmwf_ifs,daily,14.710501,3.3105001,10.89,6.5605006,1.3888229,89.54551,0.0,14.83200046886735,1.0587789697086791
2021-08-05 00:00:00+00:00,-34.96944,-71.21694,220.0,open-meteo_ecmwf_ifs,daily,15.210501,6.2605,9.14,8.047999,1.2499582,89.302025,0.1,14.968279285668572,1.072744764228921
2021-08-06 00:00:00+00:00,-34.96944,-71.21694,220.0,open-meteo_ecmwf_ifs,daily,12.8105,5.3605,8.08,7.39175,1.2788584,92.97775,0.0,15.107051501264472,0.9097410414436994
2021-08-07 00:00:00+00:00,-34.96944,-71.21694,220.0,open-meteo_ecmwf_ifs,daily,14.0105,6.4605,7.98,7.285501,2.4949677,88.14804,0.0,15.248273784179846,1.1576490745282388
2021-08-08 00:00:00+00:00,-34.96944,-71.21694,220.0,open-meteo_ecmwf_ifs,daily,13.210501,4.0605,7.87,4.693834,1.997948,77.31132,0.4,15.391901622491106,1.1571734996653915
2021-08-09 00:00:00+00:00,-34.96944,-71.21694,220.0,open-meteo_ecmwf_ifs,daily,13.2605,2.6105,12.7,5.3625827,1.6567783,87.683815,0.0,15.53788933140458,1.1626687366821142
2021-08-10 00:00:00+00:00,-34.96944,-71.21694,220.0,open-meteo_ecmwf_ifs,daily,12.960501,3.0105002,13.05,5.027167,1.8995363,84.74341,0.0,15.686190062705883,1.2360217978000507
2021-08-11 00:00:00+00:00,-34.96944,-71.21694,220.0,open-meteo_ecmwf_ifs,daily,16.0605,2.0605001,13.29,5.4500833,1.022528,88.21039,0.0,15.836755816095799,1.274598823528993
2021-08-12 00:00:00+00:00,-34.96944,-71.21694,220.0,open-meteo_ecmwf_ifs,daily,12.660501,3.5605001,9.08,5.975083,1.184262,91.19804,0.0,15.989537452422708,0.997446977382233
2021-08-13 00:00:00+00:00,-34.96944,-71.21694,220.0,open-meteo_ecmwf_ifs,daily,13.160501,3.8105001,11.78,5.4355006,1.4096385,89.30726,0.0,16.1444847088164,1.2161017444450477
2021-08-14 00:00:00+00:00,-34.96944,-71.21694,220.0,open-meteo_ecmwf_ifs,daily,13.460501,3.0605001,11.92,4.9875827,1.8565849,88.19262,0.0,16.301546215722727,1.274560101810718
2021-08-15 00:00:00+00:00,-34.96944,-71.21694,220.0,open-meteo_ecmwf_ifs,daily,11.6105,5.0105,3.53,6.3417497,2.121812,86.769806,0.1,16.460669515833153,0.7982358082142759
2021-08-16 00:00:00+00:00,-34.96944,-71.21694,220.0,open-meteo_ecmwf_ifs,daily,11.8605,8.8605,3.28,7.7938333,4.1825585,86.11898,28.6,16.621801084898316,1.0703450218312365
2021-08-17 00:00:00+00:00,-34.96944,-71.21694,220.0,open-meteo_ecmwf_ifs,daily,14.160501,10.410501,3.78,10.612585,2.7942584,91.248055,29.0,16.78488635440912,0.9061838531590911
2021-08-18 00:00:00+00:00,-34.96944,-71.21694,220.0,open-meteo_ecmwf_ifs,daily,13.460501,11.210501,1.59,11.304249,3.579672,92.6457,42.099995,16.949869736124263,0.6793294448776966
2021-08-19 00:00:00+00:00,-34.96944,-71.21694,220.0,open-meteo_ecmwf_ifs,daily,12.5105,7.5604997,8.14,8.289667,3.4936292,89.45184,23.000002,17.116694648417614,1.0922334630588513
2021-08-20 00:00:00+00:00,-34.96944,-71.21694,220.0,open-meteo_ecmwf_ifs,daily,12.710501,5.1605,6.79,5.9313335,1.512736,83.3104,3.0999997,17.28530354441421,1.0641990846915224
2021-08-21 00:00:00+00:00,-34.96944,-71.21694,220.0,open-meteo_ecmwf_ifs,daily,13.3105,7.0105,7.24,6.4771676,5.0482316,79.2707,8.1,17.45563794187867,1.5446782984924585
2021-08-22 00:00:00+00:00,-34.96944,-71.21694,220.0,open-meteo_ecmwf_ifs,daily,13.910501,7.2605,12.93,6.8917503,1.7303809,82.64121,2.9,17.627638454815123,1.5599799505781216
2021-08-23 00:00:00+00:00,-34.96944,-71.21694,220.0,open-meteo_ecmwf_ifs,daily,13.7605,3.8105001,11.89,4.0063334,1.9485182,77.544106,0.0,17.80124482673298,1.5383206570551684
2021-08-24 00:00:00+00:00,-34.96944,-71.21694,220.0,open-meteo_ecmwf_ifs,daily,13.7605,3.0105002,16.38,4.789666,2.0911434,82.418785,0.0,17.976395965528674,1.6533139321217927
2021-08-25 00:00:00+00:00,-34.96944,-71.21694,220.0,open-meteo_ecmwf_ifs,daily,13.410501,1.7105,14.51,2.6771667,1.7800332,76.10111,0.2,18.15302997992867,1.6020022357985806
2021-08-26 00:00:00+00:00,-34.96944,-71.21694,220.0,open-meteo_ecmwf_ifs,daily,13.8605,2.3605,16.49,4.7584167,2.005318,81.845055,0.0,18.331084217435173,1.6418433688072165
2021-08-27 00:00:00+00:00,-34.96944,-71.21694,220.0,open-meteo_ecmwf_ifs,daily,13.660501,4.1105,9.22,4.954251,1.6176022,81.26447,0.0,18.51049530371174,1.3291768131624917
2021-08-28 00:00:00+00:00,-34.96944,-71.21694,220.0,open-meteo_ecmwf_ifs,daily,18.310501,8.1105,13.35,8.362582,1.843833,83.2873,0.90000004,18.6911991833419,1.9251778932786754
2021-08-29 00:00:00+00:00,-34.96944,-71.21694,220.0,open-meteo_ecmwf_ifs,daily,19.2105,4.6105,17.19,8.187583,1.8827089,83.226364,0.0,18.873131161890438,2.001360741570374
2021-08-30 00:00:00+00:00,-34.96944,-71.21694,220.0,open-meteo_ecmwf_ifs,daily,15.8105,10.5105,7.56,9.929252,1.5600437,85.36446,0.5,19.05622594919296,1.3607840116827221
2021-08-31 00:00:00+00:00,-34.96944,-71.21694,220.0,open-meteo_ecmwf_ifs,daily,16.6605,9.1105,14.68,8.933417,1.1960288,82.12054,0.3,19.24041770379641,1.8777113530756708
2021-09-01 00:00:00+00:00,-34.96944,-71.21694,220.0,open-meteo_ecmwf_ifs,daily,17.4105,5.0604997,16.73,7.5021667,2.1832497,85.31782,0.0,19.425640078469602,1.9904957240948769
2021-09-02 00:00:00+00:00,-34.96944,-71.21694,220.0,open-meteo_ecmwf_ifs,daily,17.810501,6.1605,17.07,9.000085,1.7066165,83.27454,0.0,19.611826266699808,1.986072080907654
2021-09-03 00:00:00+00:00,-34.96944,-71.21694,220.0,open-meteo_ecmwf_ifs,daily,14.8105,10.0105,7.79,9.45425,1.5388364,86.3213,0.4,19.798909050089005,1.3448108860831427
2021-09-04 00:00:00+00:00,-34.96944,-71.21694,220.0,open-meteo_ecmwf_ifs,daily,18.3605,7.9105,17.84,8.129251,1.2746003,78.43403,0.4,19.986820846560157,2.245159478145961
2021-09-05 00:00:00+00:00,-34.96944,-71.21694,220.0,open-meteo_ecmwf_ifs,daily,18.0105,6.3104997,16.93,7.6146665,1.4018577,81.20728,0.0,20.175493759282023,2.1172609308262658
2021-09-06 00:00:00+00:00,-34.96944,-71.21694,220.0,open-meteo_ecmwf_ifs,daily,14.3105,8.160501,13.67,6.9334164,1.527287,76.97401,0.90000004,20.364859626218653,1.8413843101545133
2021-09-07 00:00:00+00:00,-34.96944,-71.21694,220.0,open-meteo_ecmwf_ifs,daily,14.0605,3.9605,15.25,4.8354993,1.2848407,79.89033,2.9999998,20.554850070207443,1.7884458035298452
2021-09-08 00:00:00+00:00,-34.96944,-71.21694,220.0,open-meteo_ecmwf_ifs,daily,15.8605,1.9104999,19.11,4.808416,2.3385313,79.7146,0.0,20.745396549468758,2.0954974324824116
2021-09-09 00:00:00+00:00,-34.96944,-71.21694,220.0,open-meteo_ecmwf_ifs,daily,16.9605,3.9605,17.49,6.543834,2.3432636,82.74662,0.0,20.936430408447634,2.1126423709033793
2021-09-10 00:00:00+00:00,-34.96944,-71.21694,220.0,open-meteo_ecmwf_ifs,daily,19.5105,6.6605,15.0,7.9605002,0.99935514,76.088295,0.0,21.12788292888789,2.067559679134897
2021-09-11 00:00:00+00:00,-34.96944,-71.21694,220.0,open-meteo_ecmwf_ifs,daily,13.910501,9.410501,6.09,8.498001,4.498771,81.04709,3.8000002,21.31968538103737,1.5041839441868625
2021-09-12 00:00:00+00:00,-34.96944,-71.21694,220.0,open-meteo_ecmwf_ifs,daily,12.460501,8.5605,6.71,7.7521667,5.265637,85.06392,30.199999,21.51176907488246,1.4287690449020785
2021-09-13 00:00:00+00:00,-34.96944,-71.21694,220.0,open-meteo_ecmwf_ifs,daily,12.1105,7.5105,14.27,6.725085,2.6947832,83.16602,18.199999,21.704065411310285,1.8146824576137528
2021-09-14 00:00:00+00:00,-34.96944,-71.21694,220.0,open-meteo_ecmwf_ifs,daily,16.0605,1.0605,21.6,3.72925,3.113794,77.10119,0.0,21.896505933095714,2.4102472767311163
2021-09-15 00:00:00+00:00,-34.96944,-71.21694,220.0,open-meteo_ecmwf_ifs,daily,16.4105,1.2105,20.83,4.50425,2.6881123,78.845604,0.0,22.089022375611723,2.3198029920858767
2021-09-16 00:00:00+00:00,-34.96944,-71.21694,220.0,open-meteo_ecmwf_ifs,daily,18.2605,3.3105001,20.6,6.770916,2.371471,82.67808,0.0,22.281546717161095,2.446438112674749
2021-09-17 00:00:00+00:00,-34.96944,-71.21694,220.0,open-meteo_ecmwf_ifs,daily,16.560501,7.4105,15.46,9.093833,2.5776703,87.4195,0.0,22.474011228828772,2.053046794939829
2021-09-18 00:00:00+00:00,-34.96944,-71.21694,220.0,open-meteo_ecmwf_ifs,daily,16.0105,7.2105,13.98,8.177169,2.301747,85.91262,0.0,22.666348523755005,1.984560320098291
2021-09-19 00:00:00+00:00,-34.96944,-71.21694,220.0,open-meteo_ecmwf_ifs,daily,14.3105,5.4605,14.34,6.1584163,2.956253,82.03144,0.0,22.858491605730542,1.9715934485883597
2021-09-20 00:00:00+00:00,-34.96944,-71.21694,220.0,open-meteo_ecmwf_ifs,daily,16.6605,4.0105,20.68,5.823,3.1375885,74.63053,0.0,23.050373917017037,2.551736400896625
2021-09-21 00:00:00+00:00,-34.96944,-71.21694,220.0,open-meteo_ecmwf_ifs,daily,17.6605,3.4605,20.93,7.716751,2.8472273,81.76793,0.0,23.241929385297475,2.3701421986621973
2021-09-22 00:00:00+00:00,-34.96944,-71.21694,220.0,open-meteo_ecmwf_ifs,daily,16.8605,9.2605,12.98,8.229251,1.1691579,77.93148,0.5,23.43309246966339,2.0372194638580408
2021-09-23 00:00:00+00:00,-34.96944,-71.21694,220.0,open-meteo_ecmwf_ifs,daily,19.6605,4.5604997,21.01,7.8459163,2.7728252,80.30898,0.0,23.623798205548553,2.727151125212137
2021-09-24 00:00:00+00:00,-34.96944,-71.21694,220.0,open-meteo_ecmwf_ifs,daily,25.2105,8.0105,21.5,11.000084,1.5570704,82.00321,0.0,23.813982248520865,3.2248029473625555
2021-09-25 00:00:00+00:00,-34.96944,-71.21694,220.0,open-meteo_ecmwf_ifs,daily,16.6105,11.3105,12.09,9.812583,2.6427212,79.06339,0.8000001,24.003580916847607,2.16725341222113
2021-09-26 00:00:00+00:00,-34.96944,-71.21694,220.0,open-meteo_ecmwf_ifs,daily,17.9105,7.7605,19.54,7.954251,3.5057561,79.44832,0.0,24.192531232752177,2.8528911970883843
2021-09-27 00:00:00+00:00,-34.96944,-71.21694,220.0,open-meteo_ecmwf_ifs,daily,18.5105,4.2105,22.85,5.8125844,3.240452,72.03688,0.0,24.38077096228373,3.0230033963273124
2021-09-28 00:00:00+00:00,-34.96944,-71.21694,220.0,open-meteo_ecmwf_ifs,daily,22.9105,4.0605,23.64,7.8459167,1.5931777,74.97372,0.0,24.568238653725345,3.175457801108662
2021-09-29 00:00:00+00:00,-34.96944,-71.21694,220.0,open-meteo_ecmwf_ifs,daily,19.1605,5.9605,18.84,6.922999,1.80781,72.88286,0.0,24.754873674469497,2.7195548345673837
2021-09-30 00:00:00+00:00,-34.96944,-71.21694,220.0,open-meteo_ecmwf_ifs,daily,17.2605,7.4105,16.03,7.1688333,1.5433121,76.73617,0.2,24.940616246294358,2.4014348317891043
2021-10-01 00:00:00+00:00,-34.96944,-71.21694,220.0,open-meteo_ecmwf_ifs,daily,18.3605,4.6605,23.81,5.920916,2.5724242,70.89208,0.0,25.12540747897878,3.11170553750989
2021-10-02 00:00:00+00:00,-34.96944,-71.21694,220.0,open-meteo_ecmwf_ifs,daily,15.5105,6.7605,20.89,4.833416,3.9034214,70.24177,4.2999997,25.309189402197646,3.077105918554419
2021-10-03 00:00:00+00:00,-34.96944,-71.21694,220.0,open-meteo_ecmwf_ifs,daily,16.9105,1.7605,23.37,3.0188334,3.8001363,69.33522,0.0,25.491904995645008,3.035952922805966
2021-10-04 00:00:00+00:00,-34.96944,-71.21694,220.0,open-meteo_ecmwf_ifs,daily,18.2105,4.3605,22.29,6.32925,2.9292219,79.15015,0.0,25.673498217336604,2.952673730344106
2021-10-05 00:00:00+00:00,-34.96944,-71.21694,220.0,open-meteo_ecmwf_ifs,daily,18.310501,4.0105,23.97,7.2063327,2.4266076,78.06788,0.0,25.85391403004862,2.9512047574821274
2021-10-06 00:00:00+00:00,-34.96944,-71.21694,220.0,open-meteo_ecmwf_ifs,daily,21.2105,4.1105,24.62,6.5125833,2.5642302,71.670265,0.0,26.033098425854924,3.4137365907598616
2021-10-07 00:00:00+00:00,-34.96944,-71.21694,220.0,open-meteo_ecmwf_ifs,daily,20.5105,7.0604997,24.92,8.293834,2.2251952,71.02344,0.0,26.210998448729903,3.4862396061786916
2021-10-08 00:00:00+00:00,-34.96944,-71.21694,220.0,open-meteo_ecmwf_ifs,daily,18.1105,9.5105,17.0,7.2417502,1.8412377,71.45602,2.7999997,26.387562215190066,2.829470030872527
2021-10-09 00:00:00+00:00,-34.96944,-71.21694,220.0,open-meteo_ecmwf_ifs,daily,21.7605,7.3104997,24.03,7.673,1.8810676,71.013695,0.0,26.56273893295237,3.580942676971859
2021-10-10 00:00:00+00:00,-34.96944,-71.21694,220.0,open-meteo_ecmwf_ifs,daily,19.8605,10.460501,22.72,9.173001,2.1524274,73.45355,1.7,26.736478917593573,3.5072871712069857
2021-10-11 00:00:00+00:00,-34.96944,-71.21694,220.0,open-meteo_ecmwf_ifs,daily,24.1605,7.0105,22.98,9.335502,2.05654,76.35118,0.0,26.908733607199842,3.5941778999922738
2021-10-12 00:00:00+00:00,-34.96944,-71.21694,220.0,open-meteo_ecmwf_ifs,daily,19.4105,10.7605,14.86,8.5855,3.057523,71.99822,0.5,27.07945557500212,3.0006162301664916
2021-10-13 00:00:00+00:00,-34.96944,-71.21694,220.0,open-meteo_ecmwf_ifs,daily,20.5105,8.6105,19.79,8.193835,2.0477235,72.19102,0.0,27.248598539998,3.2152818792110196
2021-10-14 00:00:00+00:00,-34.96944,-71.21694,220.0,open-meteo_ecmwf_ifs,daily,16.1605,7.1105,24.92,4.8250823,3.2452278,65.80511,2.9999995,27.416117375566873,3.5399440623010996
2021-10-15 00:00:00+00:00,-34.96944,-71.21694,220.0,open-meteo_ecmwf_ifs,daily,17.6605,3.8605,25.75,3.1354997,3.5810864,64.52819,0.0,27.581968116090497,3.6297097378983105
2021-10-16 00:00:00+00:00,-34.96944,-71.21694,220.0,open-meteo_ecmwf_ifs,daily,19.4605,4.1605,26.5,4.37925,3.424736,63.984882,0.0,27.746107961597005,3.7906100656835315
2021-10-17 00:00:00+00:00,-34.96944,-71.21694,220.0,open-meteo_ecmwf_ifs,daily,21.810501,5.9105,24.95,6.6480002,3.4483328,67.9163,0.0,27.908495280451483,3.9194946495065683
2021-10-18 00:00:00+00:00,-34.96944,-71.21694,220.0,open-meteo_ecmwf_ifs,daily,24.7605,7.4105,25.47,8.758418,2.6255772,70.97083,0.0,28.0690896101225,4.153165956040481
2021-10-19 00:00:00+00:00,-34.96944,-71.21694,220.0,open-meteo_ecmwf_ifs,daily,27.2105,8.8605,25.69,10.537584,1.9715074,70.48124,0.0,28.227851656058174,4.316357444370379
2021-10-20 00:00:00+00:00,-34.96944,-71.21694,220.0,open-meteo_ecmwf_ifs,daily,22.3605,12.410501,17.26,9.8375845,2.2485747,69.604546,0.0,28.384743288711697,3.4437539956447303
2021-10-21 00:00:00+00:00,-34.96944,-71.21694,220.0,open-meteo_ecmwf_ifs,daily,21.5105,9.0605,20.66,9.402167,2.2692835,76.52572,0.0,28.53972753876058,3.4186148828317298
2021-10-22 00:00:00+00:00,-34.96944,-71.21694,220.0,open-meteo_ecmwf_ifs,daily,18.9605,8.6105,26.06,6.41675,3.4292076,64.63517,0.0,28.69276859056888,4.06523827543018
2021-10-23 00:00:00+00:00,-34.96944,-71.21694,220.0,open-meteo_ecmwf_ifs,daily,20.8605,6.2605,26.58,3.5563335,3.618161,56.080738,0.0,28.84383177394665,4.431991849983744
2021-10-24 00:00:00+00:00,-34.96944,-71.21694,220.0,open-meteo_ecmwf_ifs,daily,24.9105,6.8605,27.59,6.0271664,4.09297,57.389584,0.0,28.992883554265017,4.948351613033975
2021-10-25 00:00:00+00:00,-34.96944,-71.21694,220.0,open-meteo_ecmwf_ifs,daily,27.6605,9.910501,28.34,8.439668,4.7120395,59.1398,0.0,29.139891520989593,5.708274524520593
2021-10-26 00:00:00+00:00,-34.96944,-71.21694,220.0,open-meteo_ecmwf_ifs,daily,24.9605,10.660501,26.32,10.2021675,2.3630598,65.98324,0.0,29.28482437469926,4.513591566109858
2021-10-27 00:00:00+00:00,-34.96944,-71.21694,220.0,open-meteo_ecmwf_ifs,daily,26.1105,9.160501,26.81,11.500084,1.4317054,71.86799,0.0,29.42765191266028,4.292250383419936
2021-10-28 00:00:00+00:00,-34.96944,-71.21694,220.0,open-meteo_ecmwf_ifs,daily,29.4105,11.710501,28.27,8.660501,2.9719017,55.91692,0.0,29.56834501303038,5.684264264859418
2021-10-29 00:00:00+00:00,-34.96944,-71.21694,220.0,open-meteo_ecmwf_ifs,daily,28.2105,11.3105,27.58,8.968835,3.0318463,55.202038,0.0,29.706875617769114,5.420820255000743
2021-10-30 00:00:00+00:00,-34.96944,-71.21694,220.0,open-meteo_ecmwf_ifs,daily,26.9105,10.710501,25.49,9.025084,3.3997815,57.235744,0.0,29.8432167143351,5.0770673652700795
2021-10-31 00:00:00+00:00,-34.96944,-71.21694,220.0,open-meteo_ecmwf_ifs,daily,26.0105,11.5605,23.29,11.110501,1.9146253,65.35696,0.0,29.977342316252,4.244356556723905
2021-11-01 00:00:00+00:00,-34.96944,-71.21694,220.0,open-meteo_ecmwf_ifs,daily,24.310501,11.0105,17.92,11.004251,1.9689714,74.41515,0.0,30.10922744262811,3.452513367179408
2021-11-02 00:00:00+00:00,-34.96944,-71.21694,220.0,open-meteo_ecmwf_ifs,daily,26.9105,8.8105,28.62,9.562584,1.9377462,65.03956,0.0,30.23884809671591,4.791098910534649
2021-11-03 00:00:00+00:00,-34.96944,-71.21694,220.0,open-meteo_ecmwf_ifs,daily,21.810501,10.3105,18.22,8.733418,2.0579355,66.94238,0.1,30.36618124359914,3.4296288633792513
2021-11-04 00:00:00+00:00,-34.96944,-71.21694,220.0,open-meteo_ecmwf_ifs,daily,22.4105,8.5605,30.08,2.6917498,5.4291744,50.28432,0.0,30.491204787096787,5.849346329432821
2021-11-05 00:00:00+00:00,-34.96944,-71.21694,220.0,open-meteo_ecmwf_ifs,daily,26.4105,6.5105,29.54,4.098,2.6683905,48.36986,0.0,30.61389754597306,5.196340907582131
2021-11-06 00:00:00+00:00,-34.96944,-71.21694,220.0,open-meteo_ecmwf_ifs,daily,24.9605,8.1105,29.3,6.6042504,2.1412122,57.299236,0.0,30.73423922954374,4.873628624616537
2021-11-07 00:00:00+00:00,-34.96944,-71.21694,220.0,open-meteo_ecmwf_ifs,daily,26.560501,8.5105,27.36,8.458419,2.5917766,66.48747,0.0,30.852210412768695,4.861422897273099
2021-11-08 00:00:00+00:00,-34.96944,-71.21694,220.0,open-meteo_ecmwf_ifs,daily,28.6105,11.410501,29.76,8.512584,3.2626956,53.166164,0.0,30.967792510919956,5.912908468341311
2021-11-09 00:00:00+00:00,-34.96944,-71.21694,220.0,open-meteo_ecmwf_ifs,daily,27.0105,12.8605,27.67,11.64175,2.2185302,62.543625,0.0,31.080967753914248,5.079372949924196
2021-11-10 00:00:00+00:00,-34.96944,-71.21694,220.0,open-meteo_ecmwf_ifs,daily,24.1105,12.410501,22.74,10.316751,1.611471,68.18889,0.0,31.19171916039752,4.1282432587258215
2021-11-11 00:00:00+00:00,-34.96944,-71.21694,220.0,open-meteo_ecmwf_ifs,daily,25.560501,11.3105,24.57,9.289666,2.1873825,61.258015,0.0,31.30003051166736,4.607263374993783
2021-11-12 00:00:00+00:00,-34.96944,-71.21694,220.0,open-meteo_ecmwf_ifs,daily,24.4605,10.5605,23.92,9.427168,2.8873699,68.25754,0.0,31.405886325517805,4.491386488037798
2021-11-13 00:00:00+00:00,-34.96944,-71.21694,220.0,open-meteo_ecmwf_ifs,daily,22.7105,11.0605,25.02,5.868834,3.3695123,54.360485,1.1,31.509271830088263,4.979771984016589
2021-11-14 00:00:00+00:00,-34.96944,-71.21694,220.0,open-meteo_ecmwf_ifs,daily,24.9605,7.3605,29.52,3.1479998,4.1898723,47.48418,0.0,31.61017293779607,5.718639502613368
2021-11-15 00:00:00+00:00,-34.96944,-71.21694,220.0,open-meteo_ecmwf_ifs,daily,22.4605,8.7605,29.32,5.8792496,4.5221305,56.484653,0.0,31.708576219429492,5.260636271417122
2021-11-16 00:00:00+00:00,-34.96944,-71.21694,220.0,open-meteo_ecmwf_ifs,daily,27.6605,7.1105,31.2,3.6917503,2.9374602,44.749203,0.0,31.804468878474452,5.762766576234137
2021-11-17 00:00:00+00:00,-34.96944,-71.21694,220.0,open-meteo_ecmwf_ifs,daily,28.560501,12.460501,31.2,6.839668,2.089766,47.451214,0.0,31.897838725745213,5.907578409636938
2021-11-18 00:00:00+00:00,-34.96944,-71.21694,220.0,open-meteo_ecmwf_ifs,daily,28.3605,12.210501,29.84,9.616751,3.3340454,55.29161,0.0,31.988674154385606,5.964271405888808
2021-11-19 00:00:00+00:00,-34.96944,-71.21694,220.0,open-meteo_ecmwf_ifs,daily,28.7105,12.8605,30.28,9.973001,1.9668671,52.903133,0.0,32.07696411530323,5.66211825189188
2021-11-20 00:00:00+00:00,-34.96944,-71.21694,220.0,open-meteo_ecmwf_ifs,daily,29.310501,11.8605,30.6,11.645919,1.8743825,63.285946,0.0,32.16269809309547,5.543129845969114
2021-11-21 00:00:00+00:00,-34.96944,-71.21694,220.0,open-meteo_ecmwf_ifs,daily,30.8605,12.6105,31.37,10.100084,1.9756573,55.77658,0.0,32.24586608252163,5.984060968985861
2021-11-22 00:00:00+00:00,-34.96944,-71.21694,220.0,open-meteo_ecmwf_ifs,daily,32.1105,13.910501,31.94,8.289668,3.50206,44.273586,0.0,32.32645856557131,7.148428351091502
2021-11-23 00:00:00+00:00,-34.96944,-71.21694,220.0,open-meteo_ecmwf_ifs,daily,28.7605,13.5605,31.21,9.045917,2.4372442,46.440784,0.0,32.40446648917473,6.10547814063174
2021-11-24 00:00:00+00:00,-34.96944,-71.21694,220.0,open-meteo_ecmwf_ifs,daily,24.6605,14.0605,15.73,10.656335,2.323489,65.5482,0.0,32.47988124359616,3.7522004523947943
2021-11-25 00:00:00+00:00,-34.96944,-71.21694,220.0,open-meteo_ecmwf_ifs,daily,30.2105,11.1105,30.99,9.870917,2.7345026,60.34663,0.0,32.552694641547234,6.012918198484136
2021-11-26 00:00:00+00:00,-34.96944,-71.21694,220.0,open-meteo_ecmwf_ifs,daily,28.9605,13.6105,31.39,9.52925,2.922159,49.70436,0.0,32.62289889805212,6.314065118370445
2021-11-27 00:00:00+00:00,-34.96944,-71.21694,220.0,open-meteo_ecmwf_ifs,daily,24.5105,12.5605,26.44,8.104251,2.0438097,54.60855,0.0,32.690486611092645,4.955592178662961
2021-11-28 00:00:00+00:00,-34.96944,-71.21694,220.0,open-meteo_ecmwf_ifs,daily,28.1605,11.3105,32.26,4.406333,3.8326585,45.145397,0.0,32.75545074305628,6.810203529470474
2021-11-29 00:00:00+00:00,-34.96944,-71.21694,220.0,open-meteo_ecmwf_ifs,daily,28.2605,11.2605,31.85,5.2604995,2.8933105,42.19788,0.0,32.81778460300631,6.328617403156575
2021-11-30 00:00:00+00:00,-34.96944,-71.21694,220.0,open-meteo_ecmwf_ifs,daily,27.1605,10.6105,30.74,8.864667,2.3376575,59.400738,0.0,32.87748182978914,5.5567557612933225
2021-12-01 00:00:00+00:00,-34.96944,-71.21694,220.0,open-meteo_ecmwf_ifs,daily,25.6105,11.410501,30.2,9.664667,1.6909093,63.307575,0.0,32.93453637598946,5.205791177371761
2021-12-02 00:00:00+00:00,-34.96944,-71.21694,220.0,open-meteo_ecmwf_ifs,daily,25.060501,11.3105,22.68,8.898002,2.386804,58.756115,0.0,32.988942492740705,4.5169626925605915
2021-12-03 00:00:00+00:00,-34.96944,-71.21694,220.0,open-meteo_ecmwf_ifs,daily,28.060501,12.3605,28.89,9.135501,2.4782922,55.633163,0.0,33.04069471539451,5.67554675729947
2021-12-04 00:00:00+00:00,-34.96944,-71.21694,220.0,open-meteo_ecmwf_ifs,daily,30.4605,12.8105,32.23,8.173001,2.0547068,47.96172,0.0,33.08978785004932,6.251691082306539
2021-12-05 00:00:00+00:00,-34.96944,-71.21694,220.0,open-meteo_ecmwf_ifs,daily,33.7605,13.960501,32.45,10.291752,1.9717737,48.01541,0.0,33.1362169609361,6.574394049592016
2021-12-06 00:00:00+00:00,-34.96944,-71.21694,220.0,open-meteo_ecmwf_ifs,daily,28.310501,13.210501,31.01,11.812584,2.3126814,61.52713,0.0,33.17997735865554,5.797334251217213
2021-12-07 00:00:00+00:00,-34.96944,-71.21694,220.0,open-meteo_ecmwf_ifs,daily,27.8605,13.410501,25.53,10.604251,1.6986724,62.147022,0.0,33.22106458925932,4.9891884615667
2021-12-08 00:00:00+00:00,-34.96944,-71.21694,220.0,open-meteo_ecmwf_ifs,daily,29.9605,11.710501,32.21,9.877167,2.3858762,57.120865,0.0,33.25947442416616,6.128513930992052
2021-12-09 00:00:00+00:00,-34.96944,-71.21694,220.0,open-meteo_ecmwf_ifs,daily,30.1605,13.160501,31.6,11.766749,2.1428103,58.404465,0.0,33.295202850901156,6.03316316497145
2021-12-10 00:00:00+00:00,-34.96944,-71.21694,220.0,open-meteo_ecmwf_ifs,daily,26.7605,14.0105,20.39,12.622998,1.907209,64.96387,0.0,33.32824606464601,4.223497801306056
2021-12-11 00:00:00+00:00,-34.96944,-71.21694,220.0,open-meteo_ecmwf_ifs,daily,19.9605,15.6105,7.28,11.570918,2.7861645,70.06092,0.70000005,33.358600460586864,2.480067613291103
2021-12-12 00:00:00+00:00,-34.96944,-71.21694,220.0,open-meteo_ecmwf_ifs,daily,21.6105,11.5105,17.47,9.102168,2.4128873,68.44769,5.5000005,33.38626262704543,3.5951007188063127
2021-12-13 00:00:00+00:00,-34.96944,-71.21694,220.0,open-meteo_ecmwf_ifs,daily,26.4605,8.960501,31.6,5.593832,2.6017423,50.406734,0.0,33.411229339379474,5.734609522122221
2021-12-14 00:00:00+00:00,-34.96944,-71.21694,220.0,open-meteo_ecmwf_ifs,daily,27.4105,11.7605,32.05,7.433417,1.623696,49.85142,0.0,33.43349755463817,5.7232220988398215
2021-12-15 00:00:00+00:00,-34.96944,-71.21694,220.0,open-meteo_ecmwf_ifs,daily,30.6605,11.910501,32.17,7.9438343,2.1902397,46.336422,0.0,33.45306440695874,6.272573649402561
2021-12-16 00:00:00+00:00,-34.96944,-71.21694,220.0,open-meteo_ecmwf_ifs,daily,29.0105,12.3105,32.23,9.320918,2.261007,53.001514,0.0,33.46992720369121,6.101964395703745
2021-12-17 00:00:00+00:00,-34.96944,-71.21694,220.0,open-meteo_ecmwf_ifs,daily,28.7605,11.2605,32.53,9.46675,2.5211074,59.806652,0.0,33.48408342223927,6.062168359706078
2021-12-18 00:00:00+00:00,-34.96944,-71.21694,220.0,open-meteo_ecmwf_ifs,daily,32.1105,12.410501,32.73,8.948001,2.260413,51.405087,0.0,33.4955307076064,6.521195031705932
2021-12-19 00:00:00+00:00,-34.96944,-71.21694,220.0,open-meteo_ecmwf_ifs,daily,34.1605,13.8605,33.1,8.487583,2.6370084,44.679836,0.0,33.50426687063783,7.153822437895247
2021-12-20 00:00:00+00:00,-34.96944,-71.21694,220.0,open-meteo_ecmwf_ifs,daily,34.3105,15.5105,33.12,9.208419,2.6501653,44.69663,0.0,33.51028988695063,7.3239138403632955
2021-12-21 00:00:00+00:00,-34.96944,-71.21694,220.0,open-meteo_ecmwf_ifs,daily,33.6105,15.1105,33.3,8.143834,2.601983,43.52017,0.0,33.513597896546216,7.254053233534739
2021-12-22 00:00:00+00:00,-34.96944,-71.21694,220.0,open-meteo_ecmwf_ifs,daily,31.6605,14.5105,32.56,9.287583,2.3266256,43.035,0.0,33.51418920410101,6.690149406754671
2021-12-23 00:00:00+00:00,-34.96944,-71.21694,220.0,open-meteo_ecmwf_ifs,daily,28.810501,14.2605,30.74,11.114667,2.0748398,57.326305,0.0,33.51206227993348,5.933905745303954
2021-12-24 00:00:00+00:00,-34.96944,-71.21694,220.0,open-meteo_ecmwf_ifs,daily,32.4605,13.460501,32.93,8.535501,2.7296422,50.962368,0.0,33.50721576164766,6.945174718565965
2021-12-25 00:00:00+00:00,-34.96944,-71.21694,220.0,open-meteo_ecmwf_ifs,daily,33.4105,15.5605,32.63,7.5480003,2.2339447,36.421528,0.0,33.4996484564552,6.9966197004467725
2021-12-26 00:00:00+00:00,-34.96944,-71.21694,220.0,open-meteo_ecmwf_ifs,daily,33.6105,16.0605,31.01,10.804252,1.8289776,46.388706,0.0,33.48935934418021,6.495318148960672
2021-12-27 00:00:00+00:00,-34.96944,-71.21694,220.0,open-meteo_ecmwf_ifs,daily,31.6105,15.7605,32.33,12.735501,1.8579793,55.219513,0.0,33.47634758095287,6.400532396635836
2021-12-28 00:00:00+00:00,-34.96944,-71.21694,220.0,open-meteo_ecmwf_ifs,daily,31.1105,16.2105,30.46,13.152167,2.1965249,57.30591,0.0,33.4606125035998,6.2560478870709
2021-12-29 00:00:00+00:00,-34.96944,-71.21694,220.0,open-meteo_ecmwf_ifs,daily,27.2105,14.710501,24.14,12.406335,2.590216,63.722702,0.0,33.442153634740734,5.033643258440828
2021-12-30 00:00:00+00:00,-34.96944,-71.21694,220.0,open-meteo_ecmwf_ifs,daily,31.1105,13.6105,32.5,9.364667,3.5000775,52.37784,0.0,33.42097068860247,7.005180605132565
2021-12-31 00:00:00+00:00,-34.96944,-71.21694,220.0,open-meteo_ecmwf_ifs,daily,29.4605,12.8605,33.07,5.402167,3.8153875,38.804134,0.0,33.39706357756235,7.235064772842266
2022-01-01 00:00:00+00:00,-34.96944,-71.21694,220.0,open-meteo_ecmwf_ifs,daily,28.3605,12.3605,32.2,7.339666,3.4762971,48.324505,0.0,33.37043241943461,6.607313873346157
2022-01-02 00:00:00+00:00,-34.96944,-71.21694,220.0,open-meteo_ecmwf_ifs,daily,29.1105,12.8605,31.71,9.275084,2.3484693,53.994873,0.0,33.34107754551343,6.13767488046152
2022-01-03 00:00:00+00:00,-34.96944,-71.21694,220.0,open-meteo_ecmwf_ifs,daily,31.560501,14.910501,30.98,12.398002,3.475297,57.46646,0.0,33.30899950938714,6.728425846709443
2022-01-04 00:00:00+00:00,-34.96944,-71.21694,220.0,open-meteo_ecmwf_ifs,daily,31.1605,15.0105,30.07,11.902165,3.5800154,57.595936,0.0,33.274199096537856,6.6706993691976795
2022-01-05 00:00:00+00:00,-34.96944,-71.21694,220.0,open-meteo_ecmwf_ifs,daily,32.6105,16.310501,31.65,10.560502,2.3874328,46.9538,0.0,33.23667733474083,6.809292215523214
2022-01-06 00:00:00+00:00,-34.96944,-71.21694,220.0,open-meteo_ecmwf_ifs,daily,31.3605,14.8105,31.81,10.250085,1.9391567,48.17445,0.0,33.19643550527701,6.341541972996449
2022-01-07 00:00:00+00:00,-34.96944,-71.21694,220.0,open-meteo_ecmwf_ifs,daily,34.9105,14.3105,32.05,11.125084,2.196646,51.309116,0.0,33.153475154971275,6.750860104599066
2022-01-08 00:00:00+00:00,-34.96944,-71.21694,220.0,open-meteo_ecmwf_ifs,daily,29.5105,16.1105,30.46,12.420915,3.0325367,55.5386,0.0,33.10779810906772,6.388852833172895
2022-01-09 00:00:00+00:00,-34.96944,-71.21694,220.0,open-meteo_ecmwf_ifs,daily,30.310501,16.2605,26.39,12.479249,2.1473975,59.89163,0.0,33.05940648495136,5.6503657721747995
2022-01-10 00:00:00+00:00,-34.96944,-71.21694,220.0,open-meteo_ecmwf_ifs,daily,31.4105,16.1605,27.57,12.70425,2.0553129,57.356457,0.0,33.008302706723704,5.845645324012841
2022-01-11 00:00:00+00:00,-34.96944,-71.21694,220.0,open-meteo_ecmwf_ifs,daily,31.3605,16.0105,30.78,13.033418,1.9060265,56.070007,0.0,32.954489520637416,6.165129190342066
2022-01-12 00:00:00+00:00,-34.96944,-71.21694,220.0,open-meteo_ecmwf_ifs,daily,30.4605,15.7605,30.6,12.652168,2.0501926,57.503025,0.0,32.89797001139226,6.100369981007793
2022-01-13 00:00:00+00:00,-34.96944,-71.21694,220.0,open-meteo_ecmwf_ifs,daily,31.5105,15.0605,25.96,12.531334,1.8072623,60.954014,0.0,32.83874761929142,5.429740736777789
2022-01-14 00:00:00+00:00,-34.96944,-71.21694,220.0,open-meteo_ecmwf_ifs,daily,32.2605,15.0605,31.56,9.750084,3.1861336,49.052692,0.0,32.77682615825459,7.033774869589609
2022-01-15 00:00:00+00:00,-34.96944,-71.21694,220.0,open-meteo_ecmwf_ifs,daily,31.310501,15.3105,26.82,13.2750845,2.604818,59.408848,0.0,32.71220983467969,5.803993942235958
2022-01-16 00:00:00+00:00,-34.96944,-71.21694,220.0,open-meteo_ecmwf_ifs,daily,27.6605,14.660501,17.08,10.777168,2.9522355,60.38792,0.0,32.644903267141835,4.526330146267388
2022-01-17 00:00:00+00:00,-34.96944,-71.21694,220.0,open-meteo_ecmwf_ifs,daily,22.310501,12.8605,19.36,8.1500845,2.361379,59.3868,2.1000001,32.57491150691393,4.0739331010912645
2022-01-18 00:00:00+00:00,-34.96944,-71.21694,220.0,open-meteo_ecmwf_ifs,daily,26.4605,10.660501,31.64,0.7105,3.6028821,32.55948,0.0,32.502240059289065,6.6208115952154545
2022-01-19 00:00:00+00:00,-34.96944,-71.21694,220.0,open-meteo_ecmwf_ifs,daily,29.1605,10.660501,31.54,2.9417498,2.3373191,36.190414,0.0,32.42689490568022,6.157309276743043
2022-01-20 00:00:00+00:00,-34.96944,-71.21694,220.0,open-meteo_ecmwf_ifs,daily,28.6605,11.5105,31.54,3.5229998,2.7034092,38.86986,0.0,32.348882526468635,6.352811735269324
2022-01-21 00:00:00+00:00,-34.96944,-71.21694,220.0,open-meteo_ecmwf_ifs,daily,29.7605,11.0605,31.39,5.0334163,2.3196228,42.399082,0.0,32.268209924567216,6.127111004027262
2022-01-22 00:00:00+00:00,-34.96944,-71.21694,220.0,open-meteo_ecmwf_ifs,daily,28.5105,11.0605,31.06,7.906334,2.030382,55.75224,0.0,32.184884649661086,5.695708265712197
2022-01-23 00:00:00+00:00,-34.96944,-71.21694,220.0,open-meteo_ecmwf_ifs,daily,30.2605,12.5105,30.12,8.335501,4.139819,52.545773,0.0,32.098914823082154,6.7341552427021645
2022-01-24 00:00:00+00:00,-34.96944,-71.21694,220.0,open-meteo_ecmwf_ifs,daily,32.8605,13.210501,31.41,8.204251,3.6940749,46.88827,0.0,32.0103091632706,7.170832540203878
2022-01-25 00:00:00+00:00,-34.96944,-71.21694,220.0,open-meteo_ecmwf_ifs,daily,31.3605,13.7605,30.58,10.414666,1.9757363,48.96941,0.0,31.919077011770938,6.0080545236465515
2022-01-26 00:00:00+00:00,-34.96944,-71.21694,220.0,open-meteo_ecmwf_ifs,daily,30.1105,13.5105,30.33,11.281334,1.8106132,57.254074,0.0,31.8252283597063,5.7223437510758055
2022-01-27 00:00:00+00:00,-34.96944,-71.21694,220.0,open-meteo_ecmwf_ifs,daily,29.5105,13.7605,29.88,12.312583,1.9917599,62.60611,0.0,31.728773874669812,5.632514384115077
2022-01-28 00:00:00+00:00,-34.96944,-71.21694,220.0,open-meteo_ecmwf_ifs,daily,29.560501,12.8605,27.57,11.71675,1.997693,63.385777,0.0,31.629724927968127,5.294900136234532
2022-01-29 00:00:00+00:00,-34.96944,-71.21694,220.0,open-meteo_ecmwf_ifs,daily,29.310501,13.3605,28.08,11.777168,2.2161932,61.18056,0.0,31.52809362214779,5.443704384418709
2022-01-30 00:00:00+00:00,-34.96944,-71.21694,220.0,open-meteo_ecmwf_ifs,daily,30.060501,13.5605,29.2,10.7438345,2.5119767,57.877563,0.0,31.42389281873139,5.8564253365393695
2022-01-31 00:00:00+00:00,-34.96944,-71.21694,220.0,open-meteo_ecmwf_ifs,daily,31.6605,14.3605,29.79,8.250083,2.9320066,43.63151,0.0,31.31713616608704,6.563196163448552
2022-02-01 00:00:00+00:00,-34.96944,-71.21694,220.0,open-meteo_ecmwf_ifs,daily,30.7605,13.6105,28.53,7.935501,2.5293057,43.64824,0.0,31.207838127351334,6.048451124816239
2022-02-02 00:00:00+00:00,-34.96944,-71.21694,220.0,open-meteo_ecmwf_ifs,daily,29.560501,13.710501,29.18,11.520919,2.0177672,60.011257,0.0,31.0960140083228,5.56145164524643
2022-02-03 00:00:00+00:00,-34.96944,-71.21694,220.0,open-meteo_ecmwf_ifs,daily,28.2105,12.660501,28.82,11.293835,2.1601396,61.71459,0.0,30.98167998524033,5.3261146060535305
2022-02-04 00:00:00+00:00,-34.96944,-71.21694,220.0,open-meteo_ecmwf_ifs,daily,30.1605,13.0605,27.39,12.12925,1.8336364,63.057404,0.1,30.86485313235879,5.221280613662396
2022-02-05 00:00:00+00:00,-34.96944,-71.21694,220.0,open-meteo_ecmwf_ifs,daily,32.2105,15.910501,28.83,9.579251,2.8880148,45.985188,0.0,30.745551449231616,6.535644167960306
2022-02-06 00:00:00+00:00,-34.96944,-71.21694,220.0,open-meteo_ecmwf_ifs,daily,35.2105,17.6105,29.21,8.1605,2.177663,36.152615,0.0,30.623793887609125,6.631283941474685
2022-02-07 00:00:00+00:00,-34.96944,-71.21694,220.0,open-meteo_ecmwf_ifs,daily,32.5105,14.460501,28.74,10.698001,1.9717216,50.549892,0.0,30.49960037785947,5.835138464709736
2022-02-08 00:00:00+00:00,-34.96944,-71.21694,220.0,open-meteo_ecmwf_ifs,daily,35.2105,13.5105,29.11,9.8375845,2.2082462,52.89974,0.0,30.372991854818565,6.19481720639427
2022-02-09 00:00:00+00:00,-34.96944,-71.21694,220.0,open-meteo_ecmwf_ifs,daily,31.9605,14.210501,28.34,12.050083,1.9766892,55.00302,0.0,30.24399028297479,5.631959182374889
2022-02-10 00:00:00+00:00,-34.96944,-71.21694,220.0,open-meteo_ecmwf_ifs,daily,28.560501,14.460501,25.04,10.708416,2.0258272,53.611996,0.0,30.112618680893874,5.034398215293932
2022-02-11 00:00:00+00:00,-34.96944,-71.21694,220.0,open-meteo_ecmwf_ifs,daily,30.3605,14.210501,28.42,6.775085,2.131092,44.564575,0.0,29.97890114479025,5.800422317492499
2022-02-12 00:00:00+00:00,-34.96944,-71.21694,220.0,open-meteo_ecmwf_ifs,daily,34.4105,15.3605,28.55,6.2604985,2.0305417,35.74671,0.0,29.842862871151027,6.174625724174291
2022-02-13 00:00:00+00:00,-34.96944,-71.21694,220.0,open-meteo_ecmwf_ifs,daily,30.3605,14.7605,27.68,11.548001,2.3305094,56.59723,0.0,29.704530178320624,5.593556641584303
2022-02-14 00:00:00+00:00,-34.96944,-71.21694,220.0,open-meteo_ecmwf_ifs,daily,30.8605,14.5105,26.95,12.547999,2.283263,63.149815,0.0,29.563930526954767,5.432242090457674
2022-02-15 00:00:00+00:00,-34.96944,-71.21694,220.0,open-meteo_ecmwf_ifs,daily,29.0105,13.3105,26.96,11.895916,2.0201292,63.086746,0.0,29.42109253925515,5.067615769841304
2022-02-16 00:00:00+00:00,-34.96944,-71.21694,220.0,open-meteo_ecmwf_ifs,daily,32.3605,12.5105,28.0,9.6396675,2.683153,56.22128,0.0,29.276046016897567,5.86006998952504
2022-02-17 00:00:00+00:00,-34.96944,-71.21694,220.0,open-meteo_ecmwf_ifs,daily,33.2105,14.960501,28.06,8.227167,2.4562533,42.622852,0.0,29.12882195756937,6.152575217390494
2022-02-18 00:00:00+00:00,-34.96944,-71.21694,220.0,open-meteo_ecmwf_ifs,daily,32.010498,14.160501,27.98,5.30425,2.7215621,35.193256,0.0,28.97945257003477,6.251748740638806
2022-02-19 00:00:00+00:00,-34.96944,-71.21694,220.0,open-meteo_ecmwf_ifs,daily,30.7105,11.710501,27.4,7.360502,2.4682724,48.650074,0.0,28.827971287649802,5.553725033983797
2022-02-20 00:00:00+00:00,-34.96944,-71.21694,220.0,open-meteo_ecmwf_ifs,daily,28.560501,13.960501,23.35,10.208417,3.0733378,54.33255,0.0,28.67441278025241,5.172288573803509
2022-02-21 00:00:00+00:00,-34.96944,-71.21694,220.0,open-meteo_ecmwf_ifs,daily,28.7605,13.8105,25.22,9.723,2.1110334,54.83666,0.0,28.518812964356897,5.004304053669415
2022-02-22 00:00:00+00:00,-34.96944,-71.21694,220.0,open-meteo_ecmwf_ifs,daily,27.4105,13.3605,24.62,9.081335,2.4739907,55.140827,0.0,28.361209011586123,4.954275221754691
2022-02-23 00:00:00+00:00,-34.96944,-71.21694,220.0,open-meteo_ecmwf_ifs,daily,23.7105,13.0605,16.8,10.625084,2.945113,67.27209,9.9,28.201639355279415,3.6943666439228946
2022-02-24 00:00:00+00:00,-34.96944,-71.21694,220.0,open-meteo_ecmwf_ifs,daily,26.7605,12.5105,25.61,11.050084,1.6573443,68.61319,2.8999999,28.04014369521868,4.47525882800067
2022-02-25 00:00:00+00:00,-34.96944,-71.21694,220.0,open-meteo_ecmwf_ifs,daily,29.0105,11.710501,25.99,10.791752,2.1536481,62.56961,0.0,27.876763000420258,4.811697650463188
2022-02-26 00:00:00+00:00,-34.96944,-71.21694,220.0,open-meteo_ecmwf_ifs,daily,27.9605,11.7605,25.81,10.168834,2.5966096,60.861237,0.0,27.711539509944963,4.8731586530924895
2022-02-27 00:00:00+00:00,-34.96944,-71.21694,220.0,open-meteo_ecmwf_ifs,daily,26.8605,13.0605,25.89,8.05425,4.1473384,53.0211,0.0,27.544516731684592,5.647618728966701
2022-02-28 00:00:00+00:00,-34.96944,-71.21694,220.0,open-meteo_ecmwf_ifs,daily,28.6105,10.5105,26.57,4.5104995,5.276283,44.4137,0.0,27.37573943908791,6.430707961416918
2022-03-01 00:00:00+00:00,-34.96944,-71.21694,220.0,open-meteo_ecmwf_ifs,daily,29.6105,10.0605,25.45,5.008416,4.5430713,44.23202,0.0,27.205253665795478,6.067201531683423
2022-03-02 00:00:00+00:00,-34.96944,-71.21694,220.0,open-meteo_ecmwf_ifs,daily,31.9105,13.660501,24.69,10.454251,3.240733,51.923676,0.0,27.03310669815808,5.6130904444014895
2022-03-03 00:00:00+00:00,-34.96944,-71.21694,220.0,open-meteo_ecmwf_ifs,daily,30.310501,14.6105,24.46,12.035501,2.8497927,57.111984,0.0,26.8593470656195,5.1767862073023645
2022-03-04 00:00:00+00:00,-34.96944,-71.21694,220.0,open-meteo_ecmwf_ifs,daily,29.1605,14.8605,24.0,12.235499,2.4101229,60.338642,0.0,26.684024528950207,4.827070022960034
2022-03-05 00:00:00+00:00,-34.96944,-71.21694,220.0,open-meteo_ecmwf_ifs,daily,28.6605,12.8605,24.88,5.5417504,3.065218,40.545185,0.0,26.507190066324824,5.46399555925207
2022-03-06 00:00:00+00:00,-34.96944,-71.21694,220.0,open-meteo_ecmwf_ifs,daily,23.1605,12.5105,13.54,5.725083,2.2872229,47.30548,0.0,26.32889585724202,3.4723650703087032
2022-03-07 00:00:00+00:00,-34.96944,-71.21694,220.0,open-meteo_ecmwf_ifs,daily,29.560501,11.3605,25.15,7.5625854,2.6637497,58.17474,0.0,26.149195264291617,5.047804606564793
2022-03-08 00:00:00+00:00,-34.96944,-71.21694,220.0,open-meteo_ecmwf_ifs,daily,26.6105,12.160501,24.2,8.250084,2.196194,53.565166,0.0,25.968142812779956,4.486140004220709
2022-03-09 00:00:00+00:00,-34.96944,-71.21694,220.0,open-meteo_ecmwf_ifs,daily,26.9105,11.8605,22.8,9.085501,3.4993236,59.51689,0.0,25.785794168230257,4.745572417453078
2022-03-10 00:00:00+00:00,-34.96944,-71.21694,220.0,open-meteo_ecmwf_ifs,daily,28.7605,9.210501,24.05,5.3229995,3.977103,47.086628,0.0,25.602206111781033,5.338159279393806
2022-03-11 00:00:00+00:00,-34.96944,-71.21694,220.0,open-meteo_ecmwf_ifs,daily,31.6105,10.660501,23.67,9.085501,2.161883,54.14288,0.0,25.417436513511266,4.630529707504263
2022-03-12 00:00:00+00:00,-34.96944,-71.21694,220.0,open-meteo_ecmwf_ifs,daily,29.5105,12.1105,23.22,10.768834,1.818665,59.18133,0.0,25.231544303727212,4.269156192289436
2022-03-13 00:00:00+00:00,-34.96944,-71.21694,220.0,open-meteo_ecmwf_ifs,daily,31.9605,12.0605,23.08,11.893834,1.5448484,64.05536,0.0,25.044589442251038,4.2497187577215865
2022-03-14 00:00:00+00:00,-34.96944,-71.21694,220.0,open-meteo_ecmwf_ifs,daily,31.1605,12.5105,23.04,11.777168,1.8271834,60.427124,0.0,24.85663288575729,4.336537521272901
2022-03-15 00:00:00+00:00,-34.96944,-71.21694,220.0,open-meteo_ecmwf_ifs,daily,30.1605,13.3105,22.68,11.864666,1.9059963,59.977818,0.0,24.667736553208872,4.297639064845069
2022-03-16 00:00:00+00:00,-34.96944,-71.21694,220.0,open-meteo_ecmwf_ifs,daily,26.9105,13.0605,20.24,12.8896675,1.6550707,70.74822,0.0,24.47796328944897,3.5877230229552857
2022-03-17 00:00:00+00:00,-34.96944,-71.21694,220.0,open-meteo_ecmwf_ifs,daily,27.0105,12.8105,19.21,9.74175,2.4208336,60.847168,0.0,24.287376827010938,3.9691453756453168
2022-03-18 00:00:00+00:00,-34.96944,-71.21694,220.0,open-meteo_ecmwf_ifs,daily,28.4105,10.8105,22.7,4.298,3.1988819,40.932907,0.0,24.09604174621295,4.993319673736688
2022-03-19 00:00:00+00:00,-34.96944,-71.21694,220.0,open-meteo_ecmwf_ifs,daily,31.3605,13.8105,20.15,0.198,2.4172988,27.819056,0.0,23.904023433608767,4.978914172560164
2022-03-20 00:00:00+00:00,-34.96944,-71.21694,220.0,open-meteo_ecmwf_ifs,daily,27.1605,14.460501,15.3,2.287583,2.0448062,31.730917,0.0,23.71138803887069,3.9850524105239966
2022-03-21 00:00:00+00:00,-34.96944,-71.21694,220.0,open-meteo_ecmwf_ifs,daily,25.1605,8.8105,21.5,6.8021665,2.2586427,56.336704,0.0,23.51820243018491,3.7362590364468136
2022-03-22 00:00:00+00:00,-34.96944,-71.21694,220.0,open-meteo_ecmwf_ifs,daily,26.7605,9.7605,21.56,6.7313333,3.0499544,54.124355,0.0,23.324534148243423,4.281100333005156
2022-03-23 00:00:00+00:00,-34.96944,-71.21694,220.0,open-meteo_ecmwf_ifs,daily,20.060501,9.960501,12.55,6.7688346,2.4113705,61.169987,0.8,23.130451358920624,2.701954746858586
2022-03-24 00:00:00+00:00,-34.96944,-71.21694,220.0,open-meteo_ecmwf_ifs,daily,24.9605,6.5105,21.84,1.2584168,4.6383953,43.24402,0.0,22.936022804725834,4.818959328191152
2022-03-25 00:00:00+00:00,-34.96944,-71.21694,220.0,open-meteo_ecmwf_ifs,daily,31.1105,7.8605,19.95,6.964667,2.1163507,60.254337,0.0,22.741317755126698,3.883935105585905
2022-03-26 00:00:00+00:00,-34.96944,-71.21694,220.0,open-meteo_ecmwf_ifs,daily,24.1605,10.1105,19.9,8.939667,2.5160758,64.405525,0.0,22.546405955840772,3.465492134456977
2022-03-27 00:00:00+00:00,-34.96944,-71.21694,220.0,open-meteo_ecmwf_ifs,daily,25.7105,9.8105,18.5,8.133418,3.1302755,66.39205,0.0,22.351357577195788,3.7469960500931743
2022-03-28 00:00:00+00:00,-34.96944,-71.21694,220.0,open-meteo_ecmwf_ifs,daily,24.8605,8.3605,20.33,6.6167502,2.6066163,57.25699,0.0,22.156243161660914,3.601676289406451
2022-03-29 00:00:00+00:00,-34.96944,-71.21694,220.0,open-meteo_ecmwf_ifs,daily,22.310501,10.0605,19.73,5.654251,4.876749,57.899143,0.0,21.961133570653878,4.253281223850116
2022-03-30 00:00:00+00:00,-34.96944,-71.21694,220.0,open-meteo_ecmwf_ifs,daily,23.6605,4.5105,20.77,-1.0353333,3.973876,42.798855,0.0,21.766099930730025,4.243674213023114
2022-03-31 00:00:00+00:00,-34.96944,-71.21694,220.0,open-meteo_ecmwf_ifs,daily,26.2605,6.4105,20.37,2.5000832,2.9042466,49.003925,0.0,21.571213579261308,3.939424311359973
2022-04-01 00:00:00+00:00,-34.96944,-71.21694,220.0,open-meteo_ecmwf_ifs,daily,25.7105,7.2105,19.02,4.7000833,2.4963787,54.301342,0.0,21.37654600971401,3.521669418212077
2022-04-02 00:00:00+00:00,-34.96944,-71.21694,220.0,open-meteo_ecmwf_ifs,daily,25.810501,9.2605,18.0,7.8396664,2.2916927,61.448032,0.0,21.182168816634842,3.3018164599479713
2022-04-03 00:00:00+00:00,-34.96944,-71.21694,220.0,open-meteo_ecmwf_ifs,daily,22.7105,12.0105,19.05,6.314667,4.073629,57.126633,0.0,20.988153640455774,4.125609148168683
2022-04-04 00:00:00+00:00,-34.96944,-71.21694,220.0,open-meteo_ecmwf_ifs,daily,24.6605,5.0105,19.21,2.5605,3.371289,50.972183,0.0,20.794572112227932,3.693700367507795
2022-04-05 00:00:00+00:00,-34.96944,-71.21694,220.0,open-meteo_ecmwf_ifs,daily,27.6105,7.1105,18.02,5.637583,2.264405,57.26384,0.0,20.60149579839486,3.365837918177144
2022-04-06 00:00:00+00:00,-34.96944,-71.21694,220.0,open-meteo_ecmwf_ifs,daily,26.4105,9.8605,17.96,8.352167,2.3413196,62.807583,0.0,20.40899614571515,3.314779198360567
2022-04-07 00:00:00+00:00,-34.96944,-71.21694,220.0,open-meteo_ecmwf_ifs,daily,26.9605,8.910501,18.29,7.870917,2.6483295,59.005985,0.0,20.21714442644354,3.4441543469338187
2022-04-08 00:00:00+00:00,-34.96944,-71.21694,220.0,open-meteo_ecmwf_ifs,daily,25.7605,10.460501,16.68,10.183417,2.562247,67.83386,0.0,20.02601168387884,3.097238226153326
2022-04-09 00:00:00+00:00,-34.96944,-71.21694,220.0,open-meteo_ecmwf_ifs,daily,22.4105,10.1105,15.67,8.923001,1.6609379,69.02654,0.0,19.83566867838548,2.5243977645379614
2022-04-10 00:00:00+00:00,-34.96944,-71.21694,220.0,open-meteo_ecmwf_ifs,daily,20.060501,9.3605,11.64,8.8105,1.8177212,73.90592,0.0,19.646185833994277,2.0495509324489785
2022-04-11 00:00:00+00:00,-34.96944,-71.21694,220.0,open-meteo_ecmwf_ifs,daily,21.0105,6.4105,16.55,4.4834166,2.9906166,62.55034,0.0,19.457633185685687,2.9017843068567135
2022-04-12 00:00:00+00:00,-34.96944,-71.21694,220.0,open-meteo_ecmwf_ifs,daily,21.9605,7.7105,13.55,1.7375835,4.037449,47.3614,0.0,19.27008032745732,3.632860733511271
2022-04-13 00:00:00+00:00,-34.96944,-71.21694,220.0,open-meteo_ecmwf_ifs,daily,23.7605,4.0605,17.22,3.1063335,3.0457366,58.561672,0.0,19.08359636127456,3.090165691356877
2022-04-14 00:00:00+00:00,-34.96944,-71.21694,220.0,open-meteo_ecmwf_ifs,daily,24.560501,7.7105,17.28,5.112583,2.070554,55.515675,0.0,18.89824984700094,2.914981842050555
2022-04-15 00:00:00+00:00,-34.96944,-71.21694,220.0,open-meteo_ecmwf_ifs,daily,20.5105,10.5605,14.41,8.316751,1.302947,68.805855,0.0,18.71410875340178,2.1722469840344623
2022-04-16 00:00:00+00:00,-34.96944,-71.21694,220.0,open-meteo_ecmwf_ifs,daily,22.7605,8.210501,13.74,7.8584175,1.8490351,73.28419,0.0,18.53124041031174,2.312350760554704
2022-04-17 00:00:00+00:00,-34.96944,-71.21694,220.0,open-meteo_ecmwf_ifs,daily,22.6605,6.3104997,15.96,7.533417,1.5439714,70.83253,0.0,18.349711462053392,2.226407001039552
2022-04-18 00:00:00+00:00,-34.96944,-71.21694,220.0,open-meteo_ecmwf_ifs,daily,21.560501,7.3104997,14.34,8.425083,1.9979806,77.246185,0.0,18.16958782219066,2.159326438853455
2022-04-19 00:00:00+00:00,-34.96944,-71.21694,220.0,open-meteo_ecmwf_ifs,daily,21.7105,9.2605,11.95,9.435501,1.9879934,76.133575,0.0,17.990934629696905,2.0694986448052304
2022-04-20 00:00:00+00:00,-34.96944,-71.21694,220.0,open-meteo_ecmwf_ifs,daily,20.3605,11.7605,14.88,10.323002,2.9208252,75.32896,6.2,17.81381620661385,2.4545242991265352
2022-04-21 00:00:00+00:00,-34.96944,-71.21694,220.0,open-meteo_ecmwf_ifs,daily,14.160501,7.0105,4.53,5.2417493,2.3315797,71.0021,0.6,17.638296017273042,1.3892773572463828
2022-04-22 00:00:00+00:00,-34.96944,-71.21694,220.0,open-meteo_ecmwf_ifs,daily,14.910501,9.710501,2.4,9.914666,1.9360027,89.04498,21.3,17.46443662914768,0.8967131585883958
2022-04-23 00:00:00+00:00,-34.96944,-71.21694,220.0,open-meteo_ecmwf_ifs,daily,15.7605,8.0605,4.6,10.162584,1.2036126,91.40205,0.2,17.29229967539776,0.8971058736060521
2022-04-24 00:00:00+00:00,-34.96944,-71.21694,220.0,open-meteo_ecmwf_ifs,daily,17.2605,11.8605,7.55,11.941751,4.1944737,86.89622,4.2,17.121945819167095,1.4789969058803474
2022-04-25 00:00:00+00:00,-34.96944,-71.21694,220.0,open-meteo_ecmwf_ifs,daily,15.2605,12.5605,3.43,12.445918,2.6701107,91.66491,64.1,16.95343471968593,0.8872083282699101
2022-04-26 00:00:00+00:00,-34.96944,-71.21694,220.0,open-meteo_ecmwf_ifs,daily,14.8605,8.6105,3.15,11.281334,4.9030848,89.29145,23.400002,16.78682500022806,0.5946355457971182
2022-04-27 00:00:00+00:00,-34.96944,-71.21694,220.0,open-meteo_ecmwf_ifs,daily,16.2105,5.4605,11.97,6.4542503,1.8648548,81.482285,0.3,16.62217421796605,1.527496530090704
2022-04-28 00:00:00+00:00,-34.96944,-71.21694,220.0,open-meteo_ecmwf_ifs,daily,16.2105,5.6605,14.18,6.245918,3.269921,80.65597,0.0,16.459538835763443,1.8372800777895013
2022-04-29 00:00:00+00:00,-34.96944,-71.21694,220.0,open-meteo_ecmwf_ifs,daily,15.3105,3.1105,12.06,5.025083,3.1565964,82.80595,0.0,16.298974195937028,1.5506653476864134
2022-04-30 00:00:00+00:00,-34.96944,-71.21694,220.0,open-meteo_ecmwf_ifs,daily,14.660501,4.9605,10.95,6.308417,2.5112457,86.99883,0.0,16.14053449601749,1.3794785712072315
2022-05-01 00:00:00+00:00,-34.96944,-71.21694,220.0,open-meteo_ecmwf_ifs,daily,13.5105,5.8605,10.15,6.8917503,2.7112243,89.01122,0.0,15.984272766530795,1.2543185873229152
2022-05-02 00:00:00+00:00,-34.96944,-71.21694,220.0,open-meteo_ecmwf_ifs,daily,14.7605,6.7605,10.32,7.539667,2.7650087,89.67431,0.0,15.830240850817502,1.367387171850086
2022-05-03 00:00:00+00:00,-34.96944,-71.21694,220.0,open-meteo_ecmwf_ifs,daily,16.6605,7.2605,9.86,8.237584,2.3801997,88.946724,0.0,15.678489386901425,1.424607782372185
2022-05-04 00:00:00+00:00,-34.96944,-71.21694,220.0,open-meteo_ecmwf_ifs,daily,19.310501,8.5605,9.67,10.6500845,1.5523629,89.87382,0.2,15.529067791413548,1.3474559616444515
2022-05-05 00:00:00+00:00,-34.96944,-71.21694,220.0,open-meteo_ecmwf_ifs,daily,16.6105,9.2605,7.08,10.843835,1.4950475,91.902374,0.0,15.382024245571351,1.0489218170113725
2022-05-06 00:00:00+00:00,-34.96944,-71.21694,220.0,open-meteo_ecmwf_ifs,daily,17.6605,9.3605,10.69,10.464667,2.8036315,89.0231,0.0,15.237405683208081,1.4625002091236807
2022-05-07 00:00:00+00:00,-34.96944,-71.21694,220.0,open-meteo_ecmwf_ifs,daily,14.210501,8.710501,7.43,9.566751,2.0811102,90.56448,0.3,15.095257780840683,1.0098207975275728
2022-05-08 00:00:00+00:00,-34.96944,-71.21694,220.0,open-meteo_ecmwf_ifs,daily,15.710501,6.1105,8.19,8.34175,1.4036292,87.528755,0.0,14.955624949759482,1.0422357981930852
2022-05-09 00:00:00+00:00,-34.96944,-71.21694,220.0,open-meteo_ecmwf_ifs,daily,16.310501,6.6605,8.6,9.27925,2.1040692,90.20489,0.0,14.818550330116988,1.0848936686400028
2022-05-10 00:00:00+00:00,-34.96944,-71.21694,220.0,open-meteo_ecmwf_ifs,daily,16.2605,10.160501,8.85,10.856334,2.2642508,90.73984,0.0,14.684075786987423,1.1864056395877445
2022-05-11 00:00:00+00:00,-34.96944,-71.21694,220.0,open-meteo_ecmwf_ifs,daily,16.8605,9.2605,6.7,10.4605,1.568533,89.799644,0.0,14.552241908363017,1.0464414644066975
2022-05-12 00:00:00+00:00,-34.96944,-71.21694,220.0,open-meteo_ecmwf_ifs,daily,14.5105,9.5605,2.87,10.243833,1.0390166,87.68467,5.7999997,14.423088005047479,0.7245729289596355
2022-05-13 00:00:00+00:00,-34.96944,-71.21694,220.0,open-meteo_ecmwf_ifs,daily,15.5105,7.6105,9.33,9.039668,2.7443602,90.342476,0.0,14.296652112401434,1.1641610414367716
2022-05-14 00:00:00+00:00,-34.96944,-71.21694,220.0,open-meteo_ecmwf_ifs,daily,10.910501,6.0105,4.32,6.7917504,2.503794,87.973785,0.0,14.172970993889432,0.7511917425132258
2022-05-15 00:00:00+00:00,-34.96944,-71.21694,220.0,open-meteo_ecmwf_ifs,daily,18.4605,3.4605,11.68,6.0313334,1.4300218,85.446106,0.0,14.052080146372354,1.259195440388295
2022-05-16 00:00:00+00:00,-34.96944,-71.21694,220.0,open-meteo_ecmwf_ifs,daily,16.810501,4.0605,10.45,6.8250833,1.4573971,82.9616,0.0,13.934013807084252,1.1113001112240757
2022-05-17 00:00:00+00:00,-34.96944,-71.21694,220.0,open-meteo_ecmwf_ifs,daily,14.960501,4.6105,9.61,6.7292495,0.9676783,88.738945,0.0,13.818804962227281,0.9566469822189633
2022-05-18 00:00:00+00:00,-34.96944,-71.21694,220.0,open-meteo_ecmwf_ifs,daily,14.910501,4.4605,8.58,7.075083,1.1078461,88.23801,0.0,13.706485357113523,0.9046124890493921
2022-05-19 00:00:00+00:00,-34.96944,-71.21694,220.0,open-meteo_ecmwf_ifs,daily,16.310501,6.9105,8.26,7.908417,2.3658493,83.794044,0.0,13.597085507777741,1.2051189592911025
2022-05-20 00:00:00+00:00,-34.96944,-71.21694,220.0,open-meteo_ecmwf_ifs,daily,14.3605,9.8105,3.51,9.127168,2.2034385,82.52184,19.2,13.490634713980528,0.9645511036269642
2022-05-21 00:00:00+00:00,-34.96944,-71.21694,220.0,open-meteo_ecmwf_ifs,daily,15.6105,4.4605,10.83,7.2625833,2.2690327,88.082375,0.0,13.387161073516939,1.0672692964195045
2022-05-22 00:00:00+00:00,-34.96944,-71.21694,220.0,open-meteo_ecmwf_ifs,daily,11.8105,6.9105,1.84,7.1521664,1.470624,87.81408,0.8,13.286691497741582,0.6866100436543577
2022-05-23 00:00:00+00:00,-34.96944,-71.21694,220.0,open-meteo_ecmwf_ifs,daily,11.910501,9.1105,1.23,8.439668,1.742137,88.883064,33.6,13.18925172821735,0.6969105867560926
2022-05-24 00:00:00+00:00,-34.96944,-71.21694,220.0,open-meteo_ecmwf_ifs,daily,18.1105,8.1105,7.43,10.064666,1.5699161,86.80865,13.6,13.094866354391186,1.0240977625855745
2022-05-25 00:00:00+00:00,-34.96944,-71.21694,220.0,open-meteo_ecmwf_ifs,daily,13.3105,7.8104997,7.06,9.075085,2.8700707,90.665436,0.3,13.003558832197285,0.8188555310477136
2022-05-26 00:00:00+00:00,-34.96944,-71.21694,220.0,open-meteo_ecmwf_ifs,daily,12.0105,4.7105,6.78,5.912583,2.2030036,90.73557,0.0,12.915351503484972,0.8400445260331177
2022-05-27 00:00:00+00:00,-34.96944,-71.21694,220.0,open-meteo_ecmwf_ifs,daily,10.660501,4.2605,4.64,5.237583,1.8199859,92.237,0.0,12.830265616165912,0.7197132707765435
2022-05-28 00:00:00+00:00,-34.96944,-71.21694,220.0,open-meteo_ecmwf_ifs,daily,8.3605,2.9605,7.61,4.3354993,2.4306228,93.78555,1.7,12.748321344973151,0.6394765627469691
2022-05-29 00:00:00+00:00,-34.96944,-71.21694,220.0,open-meteo_ecmwf_ifs,daily,8.0105,0.010499999,8.49,1.7084166,2.5480177,91.918274,0.0,12.669537812722531,0.7174490547381667
2022-05-30 00:00:00+00:00,-34.96944,-71.21694,220.0,open-meteo_ecmwf_ifs,daily,7.5105,-1.0895001,8.28,0.81675,2.1181226,93.05878,0.0,12.59393311196565,0.6749841319179382
2022-05-31 00:00:00+00:00,-34.96944,-71.21694,220.0,open-meteo_ecmwf_ifs,daily,7.0105,-0.5395,7.89,0.64799994,1.5068288,90.92501,0.0,12.521524326922425,0.6457756284681837
2022-06-01 00:00:00+00:00,-34.96944,-71.21694,220.0,open-meteo_ecmwf_ifs,daily,11.160501,-2.4894998,10.07,-0.44574997,1.1743388,82.30775,0.0,12.45232755558081,0.7665822006101815
2022-06-02 00:00:00+00:00,-34.96944,-71.21694,220.0,open-meteo_ecmwf_ifs,daily,14.0605,1.4605,8.38,3.2605,2.028031,78.5906,0.1,12.386357931851046,0.9916113713137097
2022-06-03 00:00:00+00:00,-34.96944,-71.21694,220.0,open-meteo_ecmwf_ifs,daily,10.8105,6.4605,1.19,6.8313336,2.0828557,89.47315,17.0,12.3236296476621,0.6408855229791546
2022-06-04 00:00:00+00:00,-34.96944,-71.21694,220.0,open-meteo_ecmwf_ifs,daily,12.2605,9.910501,1.98,8.508416,2.507212,83.16637,7.6000004,12.264155974888972,0.8475651166028354
2022-06-05 00:00:00+00:00,-34.96944,-71.21694,220.0,open-meteo_ecmwf_ifs,daily,15.210501,8.910501,3.6,9.054251,1.5459539,86.71865,3.1,12.207949287000488,0.8415558052382865
2022-06-06 00:00:00+00:00,-34.96944,-71.21694,220.0,open-meteo_ecmwf_ifs,daily,15.910501,3.3105001,10.13,6.8355002,1.5918413,87.76298,0.0,12.155021080319433,0.8496062394385389
2022-06-07 00:00:00+00:00,-34.96944,-71.21694,220.0,open-meteo_ecmwf_ifs,daily,14.6105,7.0604997,8.4,8.635501,2.0454156,92.57101,0.0,12.105381994788727,0.8491822581841746
2022-06-08 00:00:00+00:00,-34.96944,-71.21694,220.0,open-meteo_ecmwf_ifs,daily,14.0605,4.2605,6.74,7.3605003,1.149468,91.62054,0.0,12.059041834140562,0.6739775318414988
2022-06-09 00:00:00+00:00,-34.96944,-71.21694,220.0,open-meteo_ecmwf_ifs,daily,14.210501,6.6605,9.32,8.12925,2.7515428,90.61102,0.0,12.016009585368286,0.9035734863552022
2022-06-10 00:00:00+00:00,-34.96944,-71.21694,220.0,open-meteo_ecmwf_ifs,daily,12.0105,2.6105,7.8,5.6667495,2.170943,91.73975,0.0,11.976293437404921,0.6655159032052193
2022-06-11 00:00:00+00:00,-34.96944,-71.21694,220.0,open-meteo_ecmwf_ifs,daily,17.060501,1.0105,10.67,5.29175,1.0450286,85.48215,0.0,11.939900798916234,0.7883930514459767
2022-06-12 00:00:00+00:00,-34.96944,-71.21694,220.0,open-meteo_ecmwf_ifs,daily,13.3605,6.0105,6.28,7.452167,0.9300818,93.60204,0.0,11.906838315121014,0.6781902092854447
2022-06-13 00:00:00+00:00,-34.96944,-71.21694,220.0,open-meteo_ecmwf_ifs,daily,12.2605,7.0105,4.87,7.012583,0.98557806,89.673004,0.0,11.877111883556514,0.6850949896430722
2022-06-14 00:00:00+00:00,-34.96944,-71.21694,220.0,open-meteo_ecmwf_ifs,daily,14.1105,3.0105002,6.36,5.556333,1.8000702,88.743935,0.2,11.85072666871223,0.7927336176122288
2022-06-15 00:00:00+00:00,-34.96944,-71.21694,220.0,open-meteo_ecmwf_ifs,daily,13.8605,2.2605002,9.28,5.6250834,1.4338232,88.04005,0.0,11.82768711546161,0.7157359865857846
2022-06-16 00:00:00+00:00,-34.96944,-71.21694,220.0,open-meteo_ecmwf_ifs,daily,12.3105,4.1105,8.03,6.4167504,1.6997582,91.69467,0.2,11.80799696122719,0.6744835737896092
2022-06-17 00:00:00+00:00,-34.96944,-71.21694,220.0,open-meteo_ecmwf_ifs,daily,12.0105,3.1605,9.39,4.8021665,2.0782146,91.05603,0.0,11.791659246821622,0.7856942263268625
2022-06-18 00:00:00+00:00,-34.96944,-71.21694,220.0,open-meteo_ecmwf_ifs,daily,10.2605,5.9105,6.11,6.1813335,2.4947119,92.582436,0.0,11.778676325913892,0.7035250899820645
2022-06-19 00:00:00+00:00,-34.96944,-71.21694,220.0,open-meteo_ecmwf_ifs,daily,10.410501,5.3104997,3.88,5.958416,1.4708437,93.776955,0.0,11.76904987307734,0.6199347539762418
2022-06-20 00:00:00+00:00,-34.96944,-71.21694,220.0,open-meteo_ecmwf_ifs,daily,12.710501,4.1605,6.02,5.6646657,1.1478521,92.46625,0.0,11.762780890383514,0.6878857764103554
2022-06-21 00:00:00+00:00,-34.96944,-71.21694,220.0,open-meteo_ecmwf_ifs,daily,14.5105,5.2105,6.27,5.5354996,1.5274323,83.31734,0.1,11.759869712513698,0.8958335062757055
2022-06-22 00:00:00+00:00,-34.96944,-71.21694,220.0,open-meteo_ecmwf_ifs,daily,12.710501,5.4605,4.06,6.314667,1.6460193,87.777626,5.6,11.760316010367507,0.7446504785003201
2022-06-23 00:00:00+00:00,-34.96944,-71.21694,220.0,open-meteo_ecmwf_ifs,daily,13.160501,7.6105,4.01,6.6250834,3.8473165,80.80935,20.7,11.764118793156209,1.1775129720323523
2022-06-24 00:00:00+00:00,-34.96944,-71.21694,220.0,open-meteo_ecmwf_ifs,daily,12.710501,5.3104997,5.37,6.518833,1.0429286,82.25323,6.8,11.771276408976112,0.668016329533262
2022-06-25 00:00:00+00:00,-34.96944,-71.21694,220.0,open-meteo_ecmwf_ifs,daily,14.5105,6.5604997,9.58,7.2854996,1.4179173,87.44803,0.0,11.781786543865522,0.846853543870163
2022-06-26 00:00:00+00:00,-34.96944,-71.21694,220.0,open-meteo_ecmwf_ifs,daily,14.7605,3.9605,9.71,6.893833,1.5542103,88.32049,0.0,11.795646219356673,0.7699332827599082
2022-06-27 00:00:00+00:00,-34.96944,-71.21694,220.0,open-meteo_ecmwf_ifs,daily,14.6105,2.4605,8.38,5.443833,1.1705962,87.211876,0.2,11.81285178854192,0.7328789867280041
2022-06-28 00:00:00+00:00,-34.96944,-71.21694,220.0,open-meteo_ecmwf_ifs,daily,14.410501,2.7105,8.02,6.44175,1.4368528,87.42574,0.0,11.833398930681291,0.6964259657318037
2022-06-29 00:00:00+00:00,-34.96944,-71.21694,220.0,open-meteo_ecmwf_ifs,daily,11.8105,6.1105,2.2,7.525083,1.7027019,89.8182,8.1,11.85728264438596,0.5899586719413635
2022-06-30 00:00:00+00:00,-34.96944,-71.21694,220.0,open-meteo_ecmwf_ifs,daily,12.8605,4.6605,5.68,7.129251,1.5995649,92.23602,0.0,11.884497239419767,0.6477205131030846
2022-07-01 00:00:00+00:00,-34.96944,-71.21694,220.0,open-meteo_ecmwf_ifs,daily,10.2605,6.1605,5.27,6.5334167,3.7768428,88.054504,73.39999,11.915036327167938,0.7213454242557568
2022-07-02 00:00:00+00:00,-34.96944,-71.21694,220.0,open-meteo_ecmwf_ifs,daily,12.460501,1.0105,10.17,4.3959165,1.6703874,86.65796,0.3,11.948892809828994,0.7077575681670962
2022-07-03 00:00:00+00:00,-34.96944,-71.21694,220.0,open-meteo_ecmwf_ifs,daily,12.3605,2.1105,7.53,4.2209167,1.0177213,81.6216,2.6,11.986058868392442,0.6842043059612892
2022-07-04 00:00:00+00:00,-34.96944,-71.21694,220.0,open-meteo_ecmwf_ifs,daily,14.0105,1.4104999,10.27,3.5105002,1.4531173,83.33646,0.2,12.026525949471003,0.8480209394087489
2022-07-05 00:00:00+00:00,-34.96944,-71.21694,220.0,open-meteo_ecmwf_ifs,daily,12.7605,2.1105,8.87,4.1646667,0.9858535,82.354225,0.0,12.070284751061877,0.7156624529436422
2022-07-06 00:00:00+00:00,-34.96944,-71.21694,220.0,open-meteo_ecmwf_ifs,daily,8.3105,3.9105,2.65,4.9042497,3.3954446,86.23093,21.7,12.117325207317073,0.5552352914919699
2022-07-07 00:00:00+00:00,-34.96944,-71.21694,220.0,open-meteo_ecmwf_ifs,daily,11.3105,0.7105,10.86,3.2271664,2.3283148,85.79891,0.0,12.167636472407503,0.8014695904582951
2022-07-08 00:00:00+00:00,-34.96944,-71.21694,220.0,open-meteo_ecmwf_ifs,daily,13.460501,5.1605,8.57,5.8459163,2.1741023,88.11087,0.0,12.22120690357054,0.9582489941215848
2022-07-09 00:00:00+00:00,-34.96944,-71.21694,220.0,open-meteo_ecmwf_ifs,daily,10.5105,6.9605,1.65,6.3167496,4.814662,84.74597,19.4,12.27802404343419,0.9102724761444005
2022-07-10 00:00:00+00:00,-34.96944,-71.21694,220.0,open-meteo_ecmwf_ifs,daily,9.160501,6.1105,2.77,5.920916,2.4410822,88.63851,27.0,12.338074601715123,0.6493360129271434
2022-07-11 00:00:00+00:00,-34.96944,-71.21694,220.0,open-meteo_ecmwf_ifs,daily,12.0105,-0.039500006,9.97,3.5209162,1.7122226,84.726715,0.70000005,12.401344436390614,0.7403918369019356
2022-07-12 00:00:00+00:00,-34.96944,-71.21694,220.0,open-meteo_ecmwf_ifs,daily,12.160501,3.6605,8.38,4.5500827,1.0831887,83.99227,0.0,12.467818534447028,0.7798707353139702
2022-07-13 00:00:00+00:00,-34.96944,-71.21694,220.0,open-meteo_ecmwf_ifs,daily,10.710501,2.3605,4.54,4.6959167,2.3548706,90.18322,5.0,12.537480992309801,0.6676915863586748
2022-07-14 00:00:00+00:00,-34.96944,-71.21694,220.0,open-meteo_ecmwf_ifs,daily,9.0105,1.9605,6.37,4.1250834,3.1278136,90.198395,48.9,12.610314996061248,0.6233981801099278
2022-07-15 00:00:00+00:00,-34.96944,-71.21694,220.0,open-meteo_ecmwf_ifs,daily,6.9605,3.3605,3.84,3.5479996,1.398765,89.508934,5.5,12.686302801553808,0.5702371374478598
2022-07-16 00:00:00+00:00,-34.96944,-71.21694,220.0,open-meteo_ecmwf_ifs,daily,11.2605,2.1105,10.15,3.0709164,1.8861362,83.66271,4.2999997,12.765425714526977,0.9095834975332443
2022-07-17 00:00:00+00:00,-34.96944,-71.21694,220.0,open-meteo_ecmwf_ifs,daily,8.0105,3.4605,1.26,3.7959166,1.3287492,86.39667,8.1,12.847664070836258,0.5660451343460718
2022-07-18 00:00:00+00:00,-34.96944,-71.21694,220.0,open-meteo_ecmwf_ifs,daily,12.5605,3.6105,9.72,5.6125836,2.1796868,90.03189,2.4999998,12.932997216902322,0.8877122454070434
2022-07-19 00:00:00+00:00,-34.96944,-71.21694,220.0,open-meteo_ecmwf_ifs,daily,12.460501,3.5605001,9.65,5.8980002,2.5148804,92.27551,0.0,13.021403490487875,0.8678699181985895
2022-07-20 00:00:00+00:00,-34.96944,-71.21694,220.0,open-meteo_ecmwf_ifs,daily,12.410501,2.5105002,9.72,5.1584167,2.6636045,91.93781,0.0,13.112860201908385,0.8874645884248527
2022-07-21 00:00:00+00:00,-34.96944,-71.21694,220.0,open-meteo_ecmwf_ifs,daily,13.410501,4.0605,9.41,6.37925,1.8698901,92.54604,0.0,13.207343615781589,0.8949412447207349
2022-07-22 00:00:00+00:00,-34.96944,-71.21694,220.0,open-meteo_ecmwf_ifs,daily,15.0605,5.3104997,9.68,7.8334165,1.7885722,92.91947,0.0,13.304828933418555,0.9565706599489261
2022-07-23 00:00:00+00:00,-34.96944,-71.21694,220.0,open-meteo_ecmwf_ifs,daily,13.2605,8.2605,4.31,9.575085,1.211202,93.46347,0.0,13.405290275956789,0.6834564729918781
2022-07-24 00:00:00+00:00,-34.96944,-71.21694,220.0,open-meteo_ecmwf_ifs,daily,13.7605,6.1105,5.75,8.435501,2.1381469,92.35894,0.0,13.508700668333478,0.7729496682810538
2022-07-25 00:00:00+00:00,-34.96944,-71.21694,220.0,open-meteo_ecmwf_ifs,daily,15.3105,6.6605,7.92,8.129251,2.8550224,86.57494,0.0,13.61503202419362,1.1094060802080319
2022-07-26 00:00:00+00:00,-34.96944,-71.21694,220.0,open-meteo_ecmwf_ifs,daily,15.160501,5.3104997,8.19,7.2730007,2.4119618,83.93521,0.2,13.724255131824904,1.0689788367914106
2022-07-27 00:00:00+00:00,-34.96944,-71.21694,220.0,open-meteo_ecmwf_ifs,daily,14.410501,8.210501,8.69,8.581334,1.4064871,89.8709,0.1,13.83633964120743,1.0121620097076758
2022-07-28 00:00:00+00:00,-34.96944,-71.21694,220.0,open-meteo_ecmwf_ifs,daily,13.8105,3.6105,12.03,5.8625836,2.4192924,87.73364,0.0,13.951254052262598,1.1118831954652457
2022-07-29 00:00:00+00:00,-34.96944,-71.21694,220.0,open-meteo_ecmwf_ifs,daily,13.2605,2.7105,9.55,5.514666,2.273468,92.305305,0.0,14.068965704381569,0.9727739272542102
2022-07-30 00:00:00+00:00,-34.96944,-71.21694,220.0,open-meteo_ecmwf_ifs,daily,13.6105,3.5605001,6.2,7.1542497,1.9079375,92.64214,2.3,14.189440767309328,0.7669440485815958
2022-07-31 00:00:00+00:00,-34.96944,-71.21694,220.0,open-meteo_ecmwf_ifs,daily,13.8105,4.5105,9.63,7.4792495,1.2277602,91.51837,0.0,14.31264423345599,0.918449015772512
2022-08-01 00:00:00+00:00,-34.96944,-71.21694,220.0,open-meteo_ecmwf_ifs,daily,11.3605,5.3605,4.44,7.170916,1.9244031,93.205025,0.0,14.438539911702463,0.6835718134101427
2022-08-02 00:00:00+00:00,-34.96944,-71.21694,220.0,open-meteo_ecmwf_ifs,daily,12.460501,5.1605,10.51,6.3229995,2.6169655,88.81879,0.0,14.56709042276261,1.0907347706905273
2022-08-03 00:00:00+00:00,-34.96944,-71.21694,220.0,open-meteo_ecmwf_ifs,daily,9.660501,4.1105,6.28,4.7729993,2.0005505,91.5397,0.0,14.698257196159402,0.8212455009457198
2022-08-04 00:00:00+00:00,-34.96944,-71.21694,220.0,open-meteo_ecmwf_ifs,daily,12.910501,2.2605002,12.57,4.31675,2.1783533,84.18496,0.0,14.83200046886735,1.1787659614997141
2022-08-05 00:00:00+00:00,-34.96944,-71.21694,220.0,open-meteo_ecmwf_ifs,daily,13.910501,2.1105,10.56,5.3855004,1.7807331,89.84089,0.0,14.968279285668572,1.0546213516309562
2022-08-06 00:00:00+00:00,-34.96944,-71.21694,220.0,open-meteo_ecmwf_ifs,daily,11.2605,8.660501,2.19,8.023,2.722771,89.51886,33.8,15.107051501264472,0.7873224999917372
2022-08-07 00:00:00+00:00,-34.96944,-71.21694,220.0,open-meteo_ecmwf_ifs,daily,13.2605,7.0105,12.92,5.7000833,2.7870133,78.09796,8.400001,15.248273784179846,1.5496666780923543
2022-08-08 00:00:00+00:00,-34.96944,-71.21694,220.0,open-meteo_ecmwf_ifs,daily,12.960501,2.9105,12.59,5.3459163,2.7705972,89.501274,0.2,15.391901622491106,1.1980249586301237
2022-08-09 00:00:00+00:00,-34.96944,-71.21694,220.0,open-meteo_ecmwf_ifs,daily,15.460501,2.0605001,12.86,5.362583,1.7533373,89.33548,0.0,15.53788933140458,1.2784387903882857
2022-08-10 00:00:00+00:00,-34.96944,-71.21694,220.0,open-meteo_ecmwf_ifs,daily,15.0605,5.8605,12.66,7.654251,1.2322959,88.84226,0.0,15.686190062705883,1.2813010401446645
2022-08-11 00:00:00+00:00,-34.96944,-71.21694,220.0,open-meteo_ecmwf_ifs,daily,13.7605,4.3605,12.67,6.2521667,1.9803396,90.18705,0.0,15.836755816095799,1.2761279728571717
2022-08-12 00:00:00+00:00,-34.96944,-71.21694,220.0,open-meteo_ecmwf_ifs,daily,14.710501,5.3605,10.43,6.7625833,2.0297894,81.41748,0.0,15.989537452422708,1.288857673130101
2022-08-13 00:00:00+00:00,-34.96944,-71.21694,220.0,open-meteo_ecmwf_ifs,daily,16.8605,3.1105,13.71,6.6646667,1.478191,86.78588,0.0,16.1444847088164,1.397180914599639
2022-08-14 00:00:00+00:00,-34.96944,-71.21694,220.0,open-meteo_ecmwf_ifs,daily,10.8605,6.0604997,2.42,7.54175,2.523916,93.90933,10.800001,16.301546215722727,0.6101896013148659
2022-08-15 00:00:00+00:00,-34.96944,-71.21694,220.0,open-meteo_ecmwf_ifs,daily,13.3605,4.1105,11.78,5.2959166,1.9800366,82.37765,4.899999,16.460669515833153,1.328099012999656
2022-08-16 00:00:00+00:00,-34.96944,-71.21694,220.0,open-meteo_ecmwf_ifs,daily,8.8105,7.0604997,1.17,5.8521667,2.4123745,86.127495,14.400001,16.621801084898316,0.7185371910464797
2022-08-17 00:00:00+00:00,-34.96944,-71.21694,220.0,open-meteo_ecmwf_ifs,daily,11.910501,5.3104997,14.74,4.973,3.7420661,82.2201,3.5,16.78488635440912,1.6133757044876045
2022-08-18 00:00:00+00:00,-34.96944,-71.21694,220.0,open-meteo_ecmwf_ifs,daily,13.3605,1.0105,15.63,2.3334167,3.4008064,77.385216,0.0,16.949869736124263,1.7071018126777011
2022-08-19 00:00:00+00:00,-34.96944,-71.21694,220.0,open-meteo_ecmwf_ifs,daily,15.6105,1.4104999,12.81,4.9813333,2.3103383,87.58633,0.0,17.116694648417614,1.4390926134976028
2022-08-20 00:00:00+00:00,-34.96944,-71.21694,220.0,open-meteo_ecmwf_ifs,daily,16.1105,6.5604997,11.58,8.048001,2.6293983,90.083534,0.0,17.28530354441421,1.54281174391041
2022-08-21 00:00:00+00:00,-34.96944,-71.21694,220.0,open-meteo_ecmwf_ifs,daily,17.810501,7.0105,13.2,9.854251,1.4679476,89.1835,0.0,17.45563794187867,1.5504927482471789
2022-08-22 00:00:00+00:00,-34.96944,-71.21694,220.0,open-meteo_ecmwf_ifs,daily,15.910501,8.210501,8.55,9.862583,1.3441054,90.182495,0.1,17.627638454815123,1.2139957747780907
2022-08-23 00:00:00+00:00,-34.96944,-71.21694,220.0,open-meteo_ecmwf_ifs,daily,15.3105,7.1105,9.58,8.898,1.8830148,90.133545,0.0,17.80124482673298,1.2878215787998888
2022-08-24 00:00:00+00:00,-34.96944,-71.21694,220.0,open-meteo_ecmwf_ifs,daily,14.910501,6.8605,8.95,8.239667,3.0004709,89.44119,0.6,17.976395965528674,1.3454278972512759
2022-08-25 00:00:00+00:00,-34.96944,-71.21694,220.0,open-meteo_ecmwf_ifs,daily,15.0605,5.6105,13.03,7.3125825,2.977442,89.77499,0.0,18.15302997992867,1.5959026811244776
2022-08-26 00:00:00+00:00,-34.96944,-71.21694,220.0,open-meteo_ecmwf_ifs,daily,11.2605,5.3605,7.53,6.2146664,2.794571,88.10296,0.0,18.331084217435173,1.0789069329785153
2022-08-27 00:00:00+00:00,-34.96944,-71.21694,220.0,open-meteo_ecmwf_ifs,daily,15.5105,4.7105,16.17,5.868833,3.6693258,81.93173,0.0,18.51049530371174,1.98622568270642
2022-08-28 00:00:00+00:00,-34.96944,-71.21694,220.0,open-meteo_ecmwf_ifs,daily,17.9105,1.1604999,15.77,4.9917493,3.0182774,84.006615,0.0,18.6911991833419,1.9234477668136944
2022-08-29 00:00:00+00:00,-34.96944,-71.21694,220.0,open-meteo_ecmwf_ifs,daily,20.4105,1.2105,15.39,7.3438334,1.3251759,80.42231,0.0,18.873131161890438,1.7512311221365906
2022-08-30 00:00:00+00:00,-34.96944,-71.21694,220.0,open-meteo_ecmwf_ifs,daily,16.560501,9.8105,11.87,9.9417515,1.3580441,84.96564,0.0,19.05622594919296,1.652134554798173
2022-08-31 00:00:00+00:00,-34.96944,-71.21694,220.0,open-meteo_ecmwf_ifs,daily,13.2605,9.2605,4.86,8.127168,1.6362137,83.02207,0.3,19.24041770379641,1.11138002660443
2022-09-01 00:00:00+00:00,-34.96944,-71.21694,220.0,open-meteo_ecmwf_ifs,daily,14.8105,7.1105,13.02,7.6459165,2.2821195,84.931625,0.0,19.425640078469602,1.7041563321298503
2022-09-02 00:00:00+00:00,-34.96944,-71.21694,220.0,open-meteo_ecmwf_ifs,daily,18.0105,3.3605,16.95,6.106333,2.2248032,82.8601,0.0,19.611826266699808,2.0642191221485966
2022-09-03 00:00:00+00:00,-34.96944,-71.21694,220.0,open-meteo_ecmwf_ifs,daily,18.1605,4.2105,16.61,6.6355004,1.6744217,78.61462,0.0,19.798909050089005,2.0310149544304625
2022-09-04 00:00:00+00:00,-34.96944,-71.21694,220.0,open-meteo_ecmwf_ifs,daily,19.060501,6.0105,15.85,8.8105,1.6918119,85.44028,0.0,19.986820846560157,2.024191045236518
2022-09-05 00:00:00+00:00,-34.96944,-71.21694,220.0,open-meteo_ecmwf_ifs,daily,20.810501,4.3104997,17.68,8.237584,1.18786,80.4952,0.0,20.175493759282023,2.1602935740973495
2022-09-06 00:00:00+00:00,-34.96944,-71.21694,220.0,open-meteo_ecmwf_ifs,daily,19.6605,7.4105,16.53,10.395917,1.5415891,87.92165,0.0,20.364859626218653,2.1150779850697883
2022-09-07 00:00:00+00:00,-34.96944,-71.21694,220.0,open-meteo_ecmwf_ifs,daily,14.410501,8.410501,8.88,7.181333,2.536186,80.28767,16.6,20.554850070207443,1.6554133063216367
2022-09-08 00:00:00+00:00,-34.96944,-71.21694,220.0,open-meteo_ecmwf_ifs,daily,11.460501,5.7105,12.99,5.395916,1.9789933,83.79057,15.200001,20.745396549468758,1.5997704444288268
2022-09-09 00:00:00+00:00,-34.96944,-71.21694,220.0,open-meteo_ecmwf_ifs,daily,15.210501,-0.73950005,19.93,3.0667498,2.7912219,77.51768,0.0,20.936430408447634,2.0508595844587267
2022-09-10 00:00:00+00:00,-34.96944,-71.21694,220.0,open-meteo_ecmwf_ifs,daily,18.2605,3.5105002,17.66,6.69175,1.4797937,86.44103,0.0,21.12788292888789,2.1319015757425137
2022-09-11 00:00:00+00:00,-34.96944,-71.21694,220.0,open-meteo_ecmwf_ifs,daily,14.710501,8.910501,9.72,8.081334,1.2402166,82.663124,0.4,21.31968538103737,1.5515095568056345
2022-09-12 00:00:00+00:00,-34.96944,-71.21694,220.0,open-meteo_ecmwf_ifs,daily,16.310501,3.9605,17.14,6.3459167,1.6594391,86.07153,0.0,21.51176907488246,2.051293549009236
2022-09-13 00:00:00+00:00,-34.96944,-71.21694,220.0,open-meteo_ecmwf_ifs,daily,15.960501,9.0105,11.81,8.052166,1.1420764,80.24694,0.0,21.704065411310285,1.7995660846085848
2022-09-14 00:00:00+00:00,-34.96944,-71.21694,220.0,open-meteo_ecmwf_ifs,daily,18.2105,5.2105,19.45,7.8542504,2.0689576,85.100235,0.0,21.896505933095714,2.3896641143433954
2022-09-15 00:00:00+00:00,-34.96944,-71.21694,220.0,open-meteo_ecmwf_ifs,daily,17.7605,5.1105,16.12,8.414666,2.038109,84.209885,0.0,22.089022375611723,2.047468035356844
2022-09-16 00:00:00+00:00,-34.96944,-71.21694,220.0,open-meteo_ecmwf_ifs,daily,16.1605,7.7105,10.29,8.510501,1.8823379,85.26237,0.0,22.281546717161095,1.6762455270971246
2022-09-17 00:00:00+00:00,-34.96944,-71.21694,220.0,open-meteo_ecmwf_ifs,daily,15.5105,7.4605,9.8,8.387585,2.6204588,84.75721,3.3,22.474011228828772,1.634199352350391
2022-09-18 00:00:00+00:00,-34.96944,-71.21694,220.0,open-meteo_ecmwf_ifs,daily,12.7605,5.7605,10.55,5.745917,2.6617138,82.43037,6.0000005,22.666348523755005,1.6288250806693159
2022-09-19 00:00:00+00:00,-34.96944,-71.21694,220.0,open-meteo_ecmwf_ifs,daily,13.2605,0.76049995,16.24,2.8105,2.8819046,77.27363,0.0,22.858491605730542,1.9367995132372502
2022-09-20 00:00:00+00:00,-34.96944,-71.21694,220.0,open-meteo_ecmwf_ifs,daily,12.2605,3.2105,17.3,3.6084166,2.0953236,74.67608,1.5999999,23.050373917017037,2.0239676464997522
2022-09-21 00:00:00+00:00,-34.96944,-71.21694,220.0,open-meteo_ecmwf_ifs,daily,13.710501,0.7105,20.11,3.133417,1.3940672,80.63945,0.4,23.241929385297475,2.154412304668426
2022-09-22 00:00:00+00:00,-34.96944,-71.21694,220.0,open-meteo_ecmwf_ifs,daily,17.560501,2.7605002,21.25,4.5792503,3.3284578,74.92544,0.0,23.43309246966339,2.745490134410243
2022-09-23 00:00:00+00:00,-34.96944,-71.21694,220.0,open-meteo_ecmwf_ifs,daily,17.2105,8.960501,12.64,9.102166,2.6204708,80.76598,2.3000002,23.623798205548553,2.113523115807445
2022-09-24 00:00:00+00:00,-34.96944,-71.21694,220.0,open-meteo_ecmwf_ifs,daily,15.160501,8.960501,9.03,9.916751,1.720202,89.485565,20.9,23.813982248520865,1.4759902812053105
2022-09-25 00:00:00+00:00,-34.96944,-71.21694,220.0,open-meteo_ecmwf_ifs,daily,16.6105,7.5604997,13.32,8.864667,1.1038971,84.43779,2.9999995,24.003580916847607,1.930812004480987
2022-09-26 00:00:00+00:00,-34.96944,-71.21694,220.0,open-meteo_ecmwf_ifs,daily,16.9105,6.1105,19.03,7.383417,1.9557687,81.57421,0.0,24.192531232752177,2.500815012244619
2022-09-27 00:00:00+00:00,-34.96944,-71.21694,220.0,open-meteo_ecmwf_ifs,daily,19.1605,6.7605,20.32,8.420917,2.1166418,82.08906,0.0,24.38077096228373,2.79292667028764
2022-09-28 00:00:00+00:00,-34.96944,-71.21694,220.0,open-meteo_ecmwf_ifs,daily,21.2105,5.3104997,21.03,9.881333,1.1548035,82.40113,0.0,24.568238653725345,2.7685953717969483
2022-09-29 00:00:00+00:00,-34.96944,-71.21694,220.0,open-meteo_ecmwf_ifs,daily,20.5105,10.8105,16.44,12.0605,1.4568046,87.23687,0.0,24.754873674469497,2.5514231498718494
2022-09-30 00:00:00+00:00,-34.96944,-71.21694,220.0,open-meteo_ecmwf_ifs,daily,20.5105,9.3605,19.62,11.379251,2.5196364,85.93401,0.0,24.940616246294358,2.852995288431612
2022-10-01 00:00:00+00:00,-34.96944,-71.21694,220.0,open-meteo_ecmwf_ifs,daily,21.9105,9.410501,16.96,11.877167,1.4864845,87.62744,0.0,25.12540747897878,2.6382824996579712
2022-10-02 00:00:00+00:00,-34.96944,-71.21694,220.0,open-meteo_ecmwf_ifs,daily,21.3605,9.410501,20.85,11.714665,1.3305765,87.22866,0.0,25.309189402197646,3.0079393849341867
2022-10-03 00:00:00+00:00,-34.96944,-71.21694,220.0,open-meteo_ecmwf_ifs,daily,15.460501,10.0605,7.8,9.277167,2.173546,82.35937,0.3,25.491904995645008,1.6308933428216912
2022-10-04 00:00:00+00:00,-34.96944,-71.21694,220.0,open-meteo_ecmwf_ifs,daily,13.460501,9.8605,8.06,7.3396664,1.2844754,76.98049,1.1,25.673498217336604,1.5813993067659833
2022-10-05 00:00:00+00:00,-34.96944,-71.21694,220.0,open-meteo_ecmwf_ifs,daily,17.810501,5.8104997,19.95,7.793834,1.9501728,81.142815,0.0,25.85391403004862,2.679731273985463
2022-10-06 00:00:00+00:00,-34.96944,-71.21694,220.0,open-meteo_ecmwf_ifs,daily,17.4605,7.8605,15.75,8.068834,2.5470073,80.347664,0.0,26.033098425854924,2.5025744222340562
2022-10-07 00:00:00+00:00,-34.96944,-71.21694,220.0,open-meteo_ecmwf_ifs,daily,17.6605,6.5604997,14.56,9.0771675,2.012955,83.11374,5.0,26.210998448729903,2.146090037105484
2022-10-08 00:00:00+00:00,-34.96944,-71.21694,220.0,open-meteo_ecmwf_ifs,daily,15.5605,5.3605,23.08,6.052166,3.6498816,74.18072,5.2,26.387562215190066,2.905352213376622
2022-10-09 00:00:00+00:00,-34.96944,-71.21694,220.0,open-meteo_ecmwf_ifs,daily,19.4105,2.3105001,24.52,4.84175,3.3575132,74.17899,0.0,26.56273893295237,3.2769025402647274
2022-10-10 00:00:00+00:00,-34.96944,-71.21694,220.0,open-meteo_ecmwf_ifs,daily,20.4605,4.7105,24.77,8.162583,1.7320718,74.913055,0.0,26.736478917593573,3.260283772594579
2022-10-11 00:00:00+00:00,-34.96944,-71.21694,220.0,open-meteo_ecmwf_ifs,daily,19.2605,6.0105,19.1,8.729251,2.1196845,81.47588,0.0,26.908733607199842,2.721587482339218
2022-10-12 00:00:00+00:00,-34.96944,-71.21694,220.0,open-meteo_ecmwf_ifs,daily,19.060501,7.4105,21.82,8.55425,3.843097,79.02848,0.0,27.07945557500212,3.195858621989732
2022-10-13 00:00:00+00:00,-34.96944,-71.21694,220.0,open-meteo_ecmwf_ifs,daily,18.4605,4.5105,24.8,4.79175,4.5046372,67.94581,0.0,27.248598539998,3.5899608139337382
2022-10-14 00:00:00+00:00,-34.96944,-71.21694,220.0,open-meteo_ecmwf_ifs,daily,20.1605,4.7605,24.5,5.5855002,3.7871053,68.01038,0.0,27.416117375566873,3.6688403060049795
2022-10-15 00:00:00+00:00,-34.96944,-71.21694,220.0,open-meteo_ecmwf_ifs,daily,24.7605,8.0105,24.9,9.250085,2.1018872,72.42802,0.0,27.581968116090497,3.9959312294519505
2022-10-16 00:00:00+00:00,-34.96944,-71.21694,220.0,open-meteo_ecmwf_ifs,daily,23.310501,7.9605,25.25,10.8105,2.4309378,76.21044,0.0,27.746107961597005,3.7678582117565242
2022-10-17 00:00:00+00:00,-34.96944,-71.21694,220.0,open-meteo_ecmwf_ifs,daily,20.9605,8.460501,21.21,8.920918,2.1154196,75.79652,0.0,27.908495280451483,3.3544722527304374
2022-10-18 00:00:00+00:00,-34.96944,-71.21694,220.0,open-meteo_ecmwf_ifs,daily,21.2605,10.910501,22.53,7.6855006,1.6124698,66.08341,0.4,28.0690896101225,3.7357069915211647
2022-10-19 00:00:00+00:00,-34.96944,-71.21694,220.0,open-meteo_ecmwf_ifs,daily,19.1105,9.0105,15.15,9.0042515,1.5000091,75.50356,0.0,28.227851656058174,2.5660256396901393
2022-10-20 00:00:00+00:00,-34.96944,-71.21694,220.0,open-meteo_ecmwf_ifs,daily,22.6605,8.160501,25.2,9.0355,2.3422558,75.32999,0.0,28.384743288711697,3.9284314152037676
2022-10-21 00:00:00+00:00,-34.96944,-71.21694,220.0,open-meteo_ecmwf_ifs,daily,21.8605,9.160501,22.25,9.718833,3.1788511,72.403694,0.2,28.53972753876058,3.690300915988036
2022-10-22 00:00:00+00:00,-34.96944,-71.21694,220.0,open-meteo_ecmwf_ifs,daily,24.6605,7.8605,26.76,8.777167,2.1123216,64.98036,0.0,28.69276859056888,4.267393724192909
2022-10-23 00:00:00+00:00,-34.96944,-71.21694,220.0,open-meteo_ecmwf_ifs,daily,22.310501,7.4605,26.11,6.839668,1.7790908,62.15349,0.0,28.84383177394665,4.023683677262062
2022-10-24 00:00:00+00:00,-34.96944,-71.21694,220.0,open-meteo_ecmwf_ifs,daily,23.5105,5.4605,27.02,5.856333,2.303785,62.95969,0.0,28.992883554265017,4.211936941526536
2022-10-25 00:00:00+00:00,-34.96944,-71.21694,220.0,open-meteo_ecmwf_ifs,daily,22.1105,9.3605,25.01,8.918835,2.5405748,69.16324,0.2,29.139891520989593,4.063244551670189
2022-10-26 00:00:00+00:00,-34.96944,-71.21694,220.0,open-meteo_ecmwf_ifs,daily,23.0105,9.1105,27.73,8.660501,2.3496618,65.270775,0.1,29.28482437469926,4.41055351151744
2022-10-27 00:00:00+00:00,-34.96944,-71.21694,220.0,open-meteo_ecmwf_ifs,daily,24.7105,8.3105,27.67,8.464667,2.5606472,64.64564,0.0,29.42765191266028,4.566184967453502
2022-10-28 00:00:00+00:00,-34.96944,-71.21694,220.0,open-meteo_ecmwf_ifs,daily,21.6605,10.7605,16.41,7.893833,1.6514477,63.495758,0.0,29.56834501303038,3.1944116108642855
2022-10-29 00:00:00+00:00,-34.96944,-71.21694,220.0,open-meteo_ecmwf_ifs,daily,25.0105,10.410501,26.61,10.266749,2.5021172,68.01037,0.4,29.706875617769114,4.56613073004783
2022-10-30 00:00:00+00:00,-34.96944,-71.21694,220.0,open-meteo_ecmwf_ifs,daily,18.2605,6.0105,28.53,2.2896662,5.3899407,52.766174,0.4,29.8432167143351,4.653947058736534
2022-10-31 00:00:00+00:00,-34.96944,-71.21694,220.0,open-meteo_ecmwf_ifs,daily,27.4605,7.3605,30.54,-4.6811666,5.262005,28.046743,0.0,29.977342316252,7.14152489229911
2022-11-01 00:00:00+00:00,-34.96944,-71.21694,220.0,open-meteo_ecmwf_ifs,daily,33.0105,8.8105,30.24,-2.3999178,2.5167937,22.88127,0.0,30.10922744262811,6.285529737020151
2022-11-02 00:00:00+00:00,-34.96944,-71.21694,220.0,open-meteo_ecmwf_ifs,daily,28.4105,8.0605,29.32,7.202167,1.8743343,54.317608,0.0,30.23884809671591,5.05014118458568
2022-11-03 00:00:00+00:00,-34.96944,-71.21694,220.0,open-meteo_ecmwf_ifs,daily,25.7605,8.960501,28.88,9.020917,1.8074013,63.14499,0.0,30.36618124359914,4.737647305616249
2022-11-04 00:00:00+00:00,-34.96944,-71.21694,220.0,open-meteo_ecmwf_ifs,daily,25.3605,9.160501,24.43,8.960502,1.5293393,67.94341,0.0,30.491204787096787,4.172945036454045
2022-11-05 00:00:00+00:00,-34.96944,-71.21694,220.0,open-meteo_ecmwf_ifs,daily,24.060501,7.8605,27.96,7.9334164,1.9210545,63.724873,0.0,30.61389754597306,4.4770898940189685
2022-11-06 00:00:00+00:00,-34.96944,-71.21694,220.0,open-meteo_ecmwf_ifs,daily,25.4105,8.210501,27.6,8.893834,2.3380609,65.10782,0.0,30.73423922954374,4.624118082647263
2022-11-07 00:00:00+00:00,-34.96944,-71.21694,220.0,open-meteo_ecmwf_ifs,daily,27.810501,10.5105,27.66,10.560501,1.7659217,64.87798,0.0,30.852210412768695,4.867530280213443
2022-11-08 00:00:00+00:00,-34.96944,-71.21694,220.0,open-meteo_ecmwf_ifs,daily,23.6105,13.1105,22.78,11.270917,2.4315608,65.53353,0.0,30.967792510919956,4.247454385474081
2022-11-09 00:00:00+00:00,-34.96944,-71.21694,220.0,open-meteo_ecmwf_ifs,daily,19.7105,13.660501,12.66,9.168836,3.4790783,66.12671,2.5,31.080967753914248,3.303126126696313
2022-11-10 00:00:00+00:00,-34.96944,-71.21694,220.0,open-meteo_ecmwf_ifs,daily,23.4605,8.210501,18.84,10.083417,1.6795543,76.174446,2.8999999,31.19171916039752,3.294286664851068
2022-11-11 00:00:00+00:00,-34.96944,-71.21694,220.0,open-meteo_ecmwf_ifs,daily,21.0105,12.3105,16.6,8.523,3.3879519,63.75479,0.3,31.30003051166736,3.7665171903935972
2022-11-12 00:00:00+00:00,-34.96944,-71.21694,220.0,open-meteo_ecmwf_ifs,daily,17.9605,12.2605,12.15,9.925084,2.8926098,75.477486,5.299999,31.405886325517805,2.6419108368993447
2022-11-13 00:00:00+00:00,-34.96944,-71.21694,220.0,open-meteo_ecmwf_ifs,daily,23.560501,8.1105,29.1,8.356334,1.4180776,69.8803,0.2,31.509271830088263,4.522923592877136
2022-11-14 00:00:00+00:00,-34.96944,-71.21694,220.0,open-meteo_ecmwf_ifs,daily,25.2605,9.2605,29.09,9.560501,2.8188264,69.02107,0.0,31.61017293779607,4.95119602638715
2022-11-15 00:00:00+00:00,-34.96944,-71.21694,220.0,open-meteo_ecmwf_ifs,daily,29.0105,10.7605,28.88,11.570916,3.4732888,65.8147,0.0,31.708576219429492,5.517926803220769
2022-11-16 00:00:00+00:00,-34.96944,-71.21694,220.0,open-meteo_ecmwf_ifs,daily,28.560501,11.3105,29.84,12.533417,2.5898125,64.45299,0.0,31.804468878474452,5.366996099009342
2022-11-17 00:00:00+00:00,-34.96944,-71.21694,220.0,open-meteo_ecmwf_ifs,daily,29.9605,12.2605,30.28,12.7750845,2.5820787,65.04211,0.0,31.897838725745213,5.6923246205181455
2022-11-18 00:00:00+00:00,-34.96944,-71.21694,220.0,open-meteo_ecmwf_ifs,daily,28.3605,13.160501,27.6,11.49175,3.5472047,63.264233,0.0,31.988674154385606,5.679452949301475
2022-11-19 00:00:00+00:00,-34.96944,-71.21694,220.0,open-meteo_ecmwf_ifs,daily,26.4605,12.8105,28.57,10.548001,3.940849,60.388897,0.0,32.07696411530323,5.675511055930014
2022-11-20 00:00:00+00:00,-34.96944,-71.21694,220.0,open-meteo_ecmwf_ifs,daily,26.310501,9.8105,31.97,5.5959167,4.525211,46.986988,0.0,32.16269809309547,6.340869565325189
2022-11-21 00:00:00+00:00,-34.96944,-71.21694,220.0,open-meteo_ecmwf_ifs,daily,30.310501,12.0605,31.67,6.6042514,2.9904842,46.67575,0.0,32.24586608252163,6.552654617495353
2022-11-22 00:00:00+00:00,-34.96944,-71.21694,220.0,open-meteo_ecmwf_ifs,daily,31.3605,12.0605,31.12,9.360499,3.1714785,49.976467,0.0,32.32645856557131,6.476354866669223
2022-11-23 00:00:00+00:00,-34.96944,-71.21694,220.0,open-meteo_ecmwf_ifs,daily,32.2605,14.2605,30.66,11.162585,4.0487323,50.86215,0.0,32.40446648917473,6.998656156652729
2022-11-24 00:00:00+00:00,-34.96944,-71.21694,220.0,open-meteo_ecmwf_ifs,daily,30.4605,16.0105,29.75,12.616752,2.8227355,53.528854,0.0,32.47988124359616,6.282123729703395
2022-11-25 00:00:00+00:00,-34.96944,-71.21694,220.0,open-meteo_ecmwf_ifs,daily,33.1105,16.560501,30.39,12.893834,2.1697447,53.304226,0.0,32.552694641547234,6.438188337151578
2022-11-26 00:00:00+00:00,-34.96944,-71.21694,220.0,open-meteo_ecmwf_ifs,daily,33.4605,15.660501,30.82,12.82925,1.840691,55.178005,0.0,32.62289889805212,6.29237925397228
2022-11-27 00:00:00+00:00,-34.96944,-71.21694,220.0,open-meteo_ecmwf_ifs,daily,31.0105,14.0105,30.98,12.943832,1.6056751,60.480587,0.0,32.690486611092645,5.846358054330317
2022-11-28 00:00:00+00:00,-34.96944,-71.21694,220.0,open-meteo_ecmwf_ifs,daily,30.5105,14.5105,24.39,13.650082,1.8043566,67.30454,0.0,32.75545074305628,5.0052000717093605
2022-11-29 00:00:00+00:00,-34.96944,-71.21694,220.0,open-meteo_ecmwf_ifs,daily,28.3605,13.2605,26.67,12.920917,2.018442,66.802734,0.0,32.81778460300631,5.085953319556979
2022-11-30 00:00:00+00:00,-34.96944,-71.21694,220.0,open-meteo_ecmwf_ifs,daily,27.6105,14.2605,27.01,9.756334,2.162082,54.656788,0.0,32.87748182978914,5.43920894941251
2022-12-01 00:00:00+00:00,-34.96944,-71.21694,220.0,open-meteo_ecmwf_ifs,daily,28.2605,12.2605,32.23,7.643833,2.6788003,49.978073,0.0,32.93453637598946,6.2417992259726915
2022-12-02 00:00:00+00:00,-34.96944,-71.21694,220.0,open-meteo_ecmwf_ifs,daily,30.4605,13.2605,32.11,6.483416,2.2174423,41.502502,0.0,32.988942492740705,6.428356734024712
2022-12-03 00:00:00+00:00,-34.96944,-71.21694,220.0,open-meteo_ecmwf_ifs,daily,30.0105,12.0605,31.65,8.116751,2.2812655,45.84753,0.0,33.04069471539451,6.163515518080466
2022-12-04 00:00:00+00:00,-34.96944,-71.21694,220.0,open-meteo_ecmwf_ifs,daily,31.7605,12.960501,32.17,8.539667,3.4582632,46.112885,0.0,33.08978785004932,7.008607527464719
2022-12-05 00:00:00+00:00,-34.96944,-71.21694,220.0,open-meteo_ecmwf_ifs,daily,32.010498,14.0605,32.21,7.254251,2.6939557,40.26678,0.0,33.1362169609361,6.9113232891784655
2022-12-06 00:00:00+00:00,-34.96944,-71.21694,220.0,open-meteo_ecmwf_ifs,daily,32.5105,13.6105,32.56,7.9000835,3.332578,43.798542,0.0,33.17997735865554,7.242357330145362
2022-12-07 00:00:00+00:00,-34.96944,-71.21694,220.0,open-meteo_ecmwf_ifs,daily,30.8605,14.8105,31.07,6.6750846,2.8624427,37.13104,0.0,33.22106458925932,6.872028325583403
2022-12-08 00:00:00+00:00,-34.96944,-71.21694,220.0,open-meteo_ecmwf_ifs,daily,31.9105,13.710501,32.06,11.637584,2.9673603,57.28206,0.0,33.25947442416616,6.645029743778803
2022-12-09 00:00:00+00:00,-34.96944,-71.21694,220.0,open-meteo_ecmwf_ifs,daily,32.0605,16.560501,31.22,13.839665,3.4012287,58.109684,0.0,33.295202850901156,6.873288825338957
2022-12-10 00:00:00+00:00,-34.96944,-71.21694,220.0,open-meteo_ecmwf_ifs,daily,33.4105,14.960501,32.22,9.381334,4.331743,47.027847,0.0,33.32824606464601,7.855684855373336
2022-12-11 00:00:00+00:00,-34.96944,-71.21694,220.0,open-meteo_ecmwf_ifs,daily,32.2105,15.460501,32.53,4.69175,5.908739,32.943245,0.0,33.358600460586864,9.060638950158902
2022-12-12 00:00:00+00:00,-34.96944,-71.21694,220.0,open-meteo_ecmwf_ifs,daily,30.5105,12.410501,33.24,4.077166,5.196258,36.32282,0.0,33.38626262704543,8.055528340309662
2022-12-13 00:00:00+00:00,-34.96944,-71.21694,220.0,open-meteo_ecmwf_ifs,daily,32.1105,12.460501,32.55,8.593834,3.4115772,45.830032,0.0,33.411229339379474,7.026464901905191
2022-12-14 00:00:00+00:00,-34.96944,-71.21694,220.0,open-meteo_ecmwf_ifs,daily,30.2105,15.8605,31.9,11.000084,2.5462446,49.781208,0.0,33.43349755463817,6.588137877149462
2022-12-15 00:00:00+00:00,-34.96944,-71.21694,220.0,open-meteo_ecmwf_ifs,daily,35.2605,16.0605,33.3,7.716751,4.3325076,39.15817,0.0,33.45306440695874,8.608245122247228
2022-12-16 00:00:00+00:00,-34.96944,-71.21694,220.0,open-meteo_ecmwf_ifs,daily,33.2605,15.8605,31.25,10.045917,2.8114927,43.622894,0.0,33.46992720369121,7.053699502801992
2022-12-17 00:00:00+00:00,-34.96944,-71.21694,220.0,open-meteo_ecmwf_ifs,daily,29.6605,13.0605,31.44,10.831334,1.9446632,57.419224,0.0,33.48408342223927,5.954253642679959
2022-12-18 00:00:00+00:00,-34.96944,-71.21694,220.0,open-meteo_ecmwf_ifs,daily,32.1105,14.0605,32.36,10.3896675,1.9624492,52.573658,0.0,33.4955307076064,6.435794330464532
2022-12-19 00:00:00+00:00,-34.96944,-71.21694,220.0,open-meteo_ecmwf_ifs,daily,29.6605,14.3105,32.22,9.0855,2.082683,47.641308,0.0,33.50426687063783,6.3213825359520746
2022-12-20 00:00:00+00:00,-34.96944,-71.21694,220.0,open-meteo_ecmwf_ifs,daily,30.7605,12.5105,32.35,8.710501,1.8831345,52.25214,0.0,33.51028988695063,6.194009598036242
2022-12-21 00:00:00+00:00,-34.96944,-71.21694,220.0,open-meteo_ecmwf_ifs,daily,31.4105,14.460501,32.34,10.854251,2.7238874,53.87669,0.0,33.513597896546216,6.704359848106306
2022-12-22 00:00:00+00:00,-34.96944,-71.21694,220.0,open-meteo_ecmwf_ifs,daily,30.1605,13.5605,32.62,8.660501,2.419346,49.859898,0.0,33.51418920410101,6.514572620125266
2022-12-23 00:00:00+00:00,-34.96944,-71.21694,220.0,open-meteo_ecmwf_ifs,daily,28.2105,13.210501,32.35,7.1917515,4.683906,47.856075,0.0,33.51206227993348,7.163164287612483
2022-12-24 00:00:00+00:00,-34.96944,-71.21694,220.0,open-meteo_ecmwf_ifs,daily,33.0105,10.3605,32.84,5.0167494,3.328409,39.731556,0.0,33.50721576164766,7.156815723209171
2022-12-25 00:00:00+00:00,-34.96944,-71.21694,220.0,open-meteo_ecmwf_ifs,daily,30.1105,13.1105,31.59,9.64175,2.4686325,48.066036,0.0,33.4996484564552,6.292627507606092
2022-12-26 00:00:00+00:00,-34.96944,-71.21694,220.0,open-meteo_ecmwf_ifs,daily,27.9105,13.910501,25.5,10.59592,2.3068144,56.410557,0.0,33.48935934418021,5.274964478414396
2022-12-27 00:00:00+00:00,-34.96944,-71.21694,220.0,open-meteo_ecmwf_ifs,daily,31.310501,14.660501,31.56,11.273002,2.8099892,54.225033,0.0,33.47634758095287,6.618796031378978
2022-12-28 00:00:00+00:00,-34.96944,-71.21694,220.0,open-meteo_ecmwf_ifs,daily,31.9105,15.2605,32.45,6.89175,2.727441,39.646267,0.0,33.4606125035998,7.122975658460977
2022-12-29 00:00:00+00:00,-34.96944,-71.21694,220.0,open-meteo_ecmwf_ifs,daily,36.1105,14.660501,32.75,5.193833,2.923691,31.749453,0.0,33.442153634740734,7.743221326855721
2022-12-30 00:00:00+00:00,-34.96944,-71.21694,220.0,open-meteo_ecmwf_ifs,daily,30.310501,14.410501,32.15,10.945918,2.0054884,51.75328,0.0,33.42097068860247,6.256845265920192
2022-12-31 00:00:00+00:00,-34.96944,-71.21694,220.0,open-meteo_ecmwf_ifs,daily,22.810501,15.5605,10.81,12.525083,3.0376017,68.122406,2.6000001,33.39706357756235,3.117110837627775
2023-01-01 00:00:00+00:00,-34.96944,-71.21694,220.0,open-meteo_ecmwf_ifs,daily,28.560501,13.5105,30.8,12.570915,1.8153316,69.10821,0.2,33.37043241943461,5.665417748669473
2023-01-02 00:00:00+00:00,-34.96944,-71.21694,220.0,open-meteo_ecmwf_ifs,daily,29.2605,12.3105,32.24,9.770917,2.858451,54.89648,0.0,33.34107754551343,6.286452301671829
2023-01-03 00:00:00+00:00,-34.96944,-71.21694,220.0,open-meteo_ecmwf_ifs,daily,30.810501,12.460501,32.62,6.762583,3.9675522,43.22441,0.0,33.30899950938714,7.251973593782505
2023-01-04 00:00:00+00:00,-34.96944,-71.21694,220.0,open-meteo_ecmwf_ifs,daily,33.8605,13.910501,32.0,9.866751,2.5501509,44.89337,0.0,33.274199096537856,6.8523063052342685
2023-01-05 00:00:00+00:00,-34.96944,-71.21694,220.0,open-meteo_ecmwf_ifs,daily,30.0105,15.3105,29.57,12.818835,2.4775717,60.338074,0.0,33.23667733474083,6.027347661744935
2023-01-06 00:00:00+00:00,-34.96944,-71.21694,220.0,open-meteo_ecmwf_ifs,daily,30.9105,14.910501,30.29,13.364666,1.9354862,63.165577,0.0,33.19643550527701,5.95337989651985
2023-01-07 00:00:00+00:00,-34.96944,-71.21694,220.0,open-meteo_ecmwf_ifs,daily,31.310501,15.5605,31.36,12.706333,2.309641,58.125683,0.0,33.153475154971275,6.377656571418585
2023-01-08 00:00:00+00:00,-34.96944,-71.21694,220.0,open-meteo_ecmwf_ifs,daily,32.3105,15.5605,31.14,12.423,2.2162945,55.67032,0.0,33.10779810906772,6.434654415063789
2023-01-09 00:00:00+00:00,-34.96944,-71.21694,220.0,open-meteo_ecmwf_ifs,daily,29.810501,13.910501,31.23,11.477168,1.9829645,57.659054,0.0,33.05940648495136,5.9795196301862745
2023-01-10 00:00:00+00:00,-34.96944,-71.21694,220.0,open-meteo_ecmwf_ifs,daily,29.7105,16.0605,25.91,12.308418,1.4087392,57.631855,0.0,33.008302706723704,5.199959967803932
2023-01-11 00:00:00+00:00,-34.96944,-71.21694,220.0,open-meteo_ecmwf_ifs,daily,29.6605,14.2605,28.79,5.787584,3.5988324,36.792843,0.0,32.954489520637416,6.847029700088403
2023-01-12 00:00:00+00:00,-34.96944,-71.21694,220.0,open-meteo_ecmwf_ifs,daily,29.2605,12.3605,31.85,4.0355,3.098365,35.84398,0.0,32.89797001139226,6.756146899674872
2023-01-13 00:00:00+00:00,-34.96944,-71.21694,220.0,open-meteo_ecmwf_ifs,daily,31.060501,12.910501,32.16,7.7605,2.1496441,47.821167,0.0,32.83874761929142,6.356315632101097
2023-01-14 00:00:00+00:00,-34.96944,-71.21694,220.0,open-meteo_ecmwf_ifs,daily,29.560501,12.210501,31.54,8.302167,2.0452225,48.6665,0.0,32.77682615825459,5.992988673974109
2023-01-15 00:00:00+00:00,-34.96944,-71.21694,220.0,open-meteo_ecmwf_ifs,daily,31.4605,13.0605,31.46,9.545916,1.8757254,50.4658,0.0,32.71220983467969,6.107282437718184
2023-01-16 00:00:00+00:00,-34.96944,-71.21694,220.0,open-meteo_ecmwf_ifs,daily,30.7605,14.5605,30.98,8.881333,2.1193593,44.918743,0.0,32.644903267141835,6.2689976415258695
2023-01-17 00:00:00+00:00,-34.96944,-71.21694,220.0,open-meteo_ecmwf_ifs,daily,28.2605,13.210501,29.51,10.102166,1.9367536,54.29288,0.0,32.57491150691393,5.574796474103189
2023-01-18 00:00:00+00:00,-34.96944,-71.21694,220.0,open-meteo_ecmwf_ifs,daily,31.9105,13.1105,31.37,10.377167,1.7485018,53.102444,0.0,32.502240059289065,6.035553997857763
2023-01-19 00:00:00+00:00,-34.96944,-71.21694,220.0,open-meteo_ecmwf_ifs,daily,26.9605,13.910501,28.67,11.645916,2.5179267,60.15216,0.0,32.42689490568022,5.462833671345086
2023-01-20 00:00:00+00:00,-34.96944,-71.21694,220.0,open-meteo_ecmwf_ifs,daily,28.7605,13.5105,29.04,11.827167,2.3244395,61.4321,0.0,32.348882526468635,5.595117011776084
2023-01-21 00:00:00+00:00,-34.96944,-71.21694,220.0,open-meteo_ecmwf_ifs,daily,31.7105,13.710501,31.15,10.137584,2.5284452,51.696636,0.0,32.268209924567216,6.394065323491723
2023-01-22 00:00:00+00:00,-34.96944,-71.21694,220.0,open-meteo_ecmwf_ifs,daily,34.0105,14.7605,31.24,8.470917,2.3045933,43.323807,0.0,32.184884649661086,6.715545963811461
2023-01-23 00:00:00+00:00,-34.96944,-71.21694,220.0,open-meteo_ecmwf_ifs,daily,32.4105,14.960501,30.67,11.239669,2.2490647,48.980442,0.0,32.098914823082154,6.337674145940618
2023-01-24 00:00:00+00:00,-34.96944,-71.21694,220.0,open-meteo_ecmwf_ifs,daily,30.310501,13.0605,30.24,11.825085,2.4181342,59.3411,0.0,32.0103091632706,5.8715424050109215
2023-01-25 00:00:00+00:00,-34.96944,-71.21694,220.0,open-meteo_ecmwf_ifs,daily,31.310501,15.3605,30.4,9.0459175,2.9923136,43.66765,0.0,31.919077011770938,6.724435180220102
2023-01-26 00:00:00+00:00,-34.96944,-71.21694,220.0,open-meteo_ecmwf_ifs,daily,29.7105,13.6105,30.46,7.5188336,2.0875967,43.211533,0.0,31.8252283597063,6.003714199293708
2023-01-27 00:00:00+00:00,-34.96944,-71.21694,220.0,open-meteo_ecmwf_ifs,daily,31.8605,14.160501,30.61,7.131335,2.6134825,42.44846,0.0,31.728773874669812,6.5813765651155
2023-01-28 00:00:00+00:00,-34.96944,-71.21694,220.0,open-meteo_ecmwf_ifs,daily,34.3605,14.160501,30.95,6.6459174,2.907911,39.179615,0.0,31.629724927968127,7.076293776396823
2023-01-29 00:00:00+00:00,-34.96944,-71.21694,220.0,open-meteo_ecmwf_ifs,daily,32.4605,16.9605,29.8,10.168834,2.0861266,42.16943,0.0,31.52809362214779,6.3523309725071515
2023-01-30 00:00:00+00:00,-34.96944,-71.21694,220.0,open-meteo_ecmwf_ifs,daily,33.2105,14.5105,29.77,12.198002,2.1481562,54.128407,0.0,31.42389281873139,6.111077368744731
2023-01-31 00:00:00+00:00,-34.96944,-71.21694,220.0,open-meteo_ecmwf_ifs,daily,31.810501,16.310501,29.99,11.648002,2.8318892,49.959118,0.0,31.31713616608704,6.526095801077744
2023-02-01 00:00:00+00:00,-34.96944,-71.21694,220.0,open-meteo_ecmwf_ifs,daily,33.0605,13.8105,30.01,7.818833,2.1315312,43.035526,0.0,31.207838127351334,6.237519964260004
2023-02-02 00:00:00+00:00,-34.96944,-71.21694,220.0,open-meteo_ecmwf_ifs,daily,34.7605,14.960501,30.35,7.9980006,3.3839228,40.239155,0.0,31.0960140083228,7.3137497929469815
2023-02-03 00:00:00+00:00,-34.96944,-71.21694,220.0,open-meteo_ecmwf_ifs,daily,34.0605,17.310501,29.08,9.729251,2.2562897,38.119236,0.0,30.98167998524033,6.524290005244259
2023-02-04 00:00:00+00:00,-34.96944,-71.21694,220.0,open-meteo_ecmwf_ifs,daily,32.6605,15.7605,28.95,12.281334,2.0963998,52.188625,0.0,30.86485313235879,6.010046408941347
2023-02-05 00:00:00+00:00,-34.96944,-71.21694,220.0,open-meteo_ecmwf_ifs,daily,31.7605,16.0605,28.36,14.331336,1.9460411,60.87935,0.0,30.745551449231616,5.689636364295119
2023-02-06 00:00:00+00:00,-34.96944,-71.21694,220.0,open-meteo_ecmwf_ifs,daily,33.2605,16.2605,29.06,12.106335,2.1060889,53.50876,0.0,30.623793887609125,6.125134767645832
2023-02-07 00:00:00+00:00,-34.96944,-71.21694,220.0,open-meteo_ecmwf_ifs,daily,32.8605,16.0605,28.98,11.52925,2.032224,49.092243,0.0,30.49960037785947,6.037672147459445
2023-02-08 00:00:00+00:00,-34.96944,-71.21694,220.0,open-meteo_ecmwf_ifs,daily,35.1605,17.560501,29.31,10.193835,1.9440656,43.56071,0.0,30.372991854818565,6.383827665680699
2023-02-09 00:00:00+00:00,-34.96944,-71.21694,220.0,open-meteo_ecmwf_ifs,daily,35.8605,15.3605,29.53,8.200084,3.09134,41.019764,0.0,30.24399028297479,7.13075023430609
2023-02-10 00:00:00+00:00,-34.96944,-71.21694,220.0,open-meteo_ecmwf_ifs,daily,35.2605,16.2105,28.92,9.229249,3.801677,40.559246,0.0,30.112618680893874,7.45387367038435
2023-02-11 00:00:00+00:00,-34.96944,-71.21694,220.0,open-meteo_ecmwf_ifs,daily,33.8105,15.8105,28.87,7.7584176,3.2219505,39.18732,0.0,29.97890114479025,6.972228569739029
2023-02-12 00:00:00+00:00,-34.96944,-71.21694,220.0,open-meteo_ecmwf_ifs,daily,30.7605,15.1105,28.16,9.816751,3.2694452,46.132885,0.0,29.842862871151027,6.296707174652241
2023-02-13 00:00:00+00:00,-34.96944,-71.21694,220.0,open-meteo_ecmwf_ifs,daily,30.7105,13.5605,28.44,9.464667,3.657855,53.776623,0.0,29.704530178320624,6.306273980786934
2023-02-14 00:00:00+00:00,-34.96944,-71.21694,220.0,open-meteo_ecmwf_ifs,daily,30.5105,13.5105,27.96,6.0104995,4.6927915,40.89404,0.0,29.563930526954767,7.049678467333296
2023-02-15 00:00:00+00:00,-34.96944,-71.21694,220.0,open-meteo_ecmwf_ifs,daily,32.4605,14.460501,27.73,8.10425,3.7672975,41.276623,0.0,29.42109253925515,6.759978324912259
2023-02-16 00:00:00+00:00,-34.96944,-71.21694,220.0,open-meteo_ecmwf_ifs,daily,28.9605,13.8105,27.54,8.354251,3.2576237,45.815273,0.0,29.276046016897567,5.935469660645218
2023-02-17 00:00:00+00:00,-34.96944,-71.21694,220.0,open-meteo_ecmwf_ifs,daily,31.6605,11.7605,27.6,3.46675,2.2387292,34.145588,0.0,29.12882195756937,5.731059979625586
2023-02-18 00:00:00+00:00,-34.96944,-71.21694,220.0,open-meteo_ecmwf_ifs,daily,32.9105,13.960501,27.17,5.2313333,2.2909448,34.086636,0.0,28.97945257003477,5.94086467886094
2023-02-19 00:00:00+00:00,-34.96944,-71.21694,220.0,open-meteo_ecmwf_ifs,daily,33.0605,13.460501,27.17,7.1605,1.5804105,42.240017,0.0,28.827971287649802,5.344945919728077
2023-02-20 00:00:00+00:00,-34.96944,-71.21694,220.0,open-meteo_ecmwf_ifs,daily,32.6105,15.710501,27.18,7.191751,2.2230165,38.324276,0.0,28.67441278025241,5.9212777710942515
2023-02-21 00:00:00+00:00,-34.96944,-71.21694,220.0,open-meteo_ecmwf_ifs,daily,34.2605,15.460501,27.05,6.295916,2.3347707,34.753902,0.0,28.518812964356897,6.121585814324342
2023-02-22 00:00:00+00:00,-34.96944,-71.21694,220.0,open-meteo_ecmwf_ifs,daily,31.4605,13.460501,26.48,10.000083,2.1019619,51.649323,0.0,28.361209011586123,5.3240957456112445
2023-02-23 00:00:00+00:00,-34.96944,-71.21694,220.0,open-meteo_ecmwf_ifs,daily,33.2105,12.8605,26.67,11.231335,1.7515645,57.7105,0.0,28.201639355279415,5.1962464966382615
2023-02-24 00:00:00+00:00,-34.96944,-71.21694,220.0,open-meteo_ecmwf_ifs,daily,29.9605,13.7605,25.53,12.706333,2.377782,61.420547,0.0,28.04014369521868,5.0093696299066535
2023-02-25 00:00:00+00:00,-34.96944,-71.21694,220.0,open-meteo_ecmwf_ifs,daily,29.4605,14.8105,25.43,11.693832,2.1047647,58.90654,0.0,27.876763000420258,5.015358058869185
2023-02-26 00:00:00+00:00,-34.96944,-71.21694,220.0,open-meteo_ecmwf_ifs,daily,31.2605,12.1105,26.44,6.3209167,3.651243,42.16168,0.0,27.711539509944963,6.1514784770164095
2023-02-27 00:00:00+00:00,-34.96944,-71.21694,220.0,open-meteo_ecmwf_ifs,daily,32.1605,12.410501,26.33,5.6021667,2.51859,38.275135,0.0,27.544516731684592,5.665370766358368
2023-02-28 00:00:00+00:00,-34.96944,-71.21694,220.0,open-meteo_ecmwf_ifs,daily,31.1605,12.3605,25.88,9.637584,2.1476147,51.5079,0.0,27.37573943908791,5.094457621346855
2023-03-01 00:00:00+00:00,-34.96944,-71.21694,220.0,open-meteo_ecmwf_ifs,daily,31.0105,13.5605,25.96,9.331334,3.3715658,47.688595,0.0,27.205253665795478,5.801372455856901
2023-03-02 00:00:00+00:00,-34.96944,-71.21694,220.0,open-meteo_ecmwf_ifs,daily,31.6605,13.0605,25.28,8.956334,2.7649288,46.86154,0.0,27.03310669815808,5.475035197424875
2023-03-03 00:00:00+00:00,-34.96944,-71.21694,220.0,open-meteo_ecmwf_ifs,daily,29.5105,14.410501,24.54,11.673,1.8054409,56.903492,0.0,26.8593470656195,4.680682255328027
2023-03-04 00:00:00+00:00,-34.96944,-71.21694,220.0,open-meteo_ecmwf_ifs,daily,32.2605,14.3605,25.16,11.152167,2.5117629,53.90254,0.0,26.684024528950207,5.344248474427966
2023-03-05 00:00:00+00:00,-34.96944,-71.21694,220.0,open-meteo_ecmwf_ifs,daily,32.1605,14.0105,25.28,3.0042503,2.3266947,28.069265,0.0,26.507190066324824,5.568287236549205
2023-03-06 00:00:00+00:00,-34.96944,-71.21694,220.0,open-meteo_ecmwf_ifs,daily,28.2605,13.5105,23.56,11.312584,2.111902,59.184433,0.0,26.32889585724202,4.48874848565904
2023-03-07 00:00:00+00:00,-34.96944,-71.21694,220.0,open-meteo_ecmwf_ifs,daily,30.060501,12.660501,22.47,11.3375845,2.192767,58.699062,0.0,26.149195264291617,4.477218168200232
2023-03-08 00:00:00+00:00,-34.96944,-71.21694,220.0,open-meteo_ecmwf_ifs,daily,28.6605,13.660501,23.61,10.56675,1.6877991,61.065235,0.0,25.968142812779956,4.379694375132622
2023-03-09 00:00:00+00:00,-34.96944,-71.21694,220.0,open-meteo_ecmwf_ifs,daily,29.5105,13.660501,22.66,13.412583,1.9041119,69.038864,0.0,25.785794168230257,4.259479761459399
2023-03-10 00:00:00+00:00,-34.96944,-71.21694,220.0,open-meteo_ecmwf_ifs,daily,29.9105,13.710501,23.46,12.312581,1.7131466,61.815342,0.0,25.602206111781033,4.365770585713586
2023-03-11 00:00:00+00:00,-34.96944,-71.21694,220.0,open-meteo_ecmwf_ifs,daily,29.1105,12.710501,23.46,10.829249,1.8639196,58.111767,0.0,25.417436513511266,4.342299533646784
2023-03-12 00:00:00+00:00,-34.96944,-71.21694,220.0,open-meteo_ecmwf_ifs,daily,28.6105,12.660501,23.07,11.825084,1.7945806,65.31525,0.0,25.231544303727212,4.15909966001449
2023-03-13 00:00:00+00:00,-34.96944,-71.21694,220.0,open-meteo_ecmwf_ifs,daily,26.6105,16.4105,16.68,14.564666,2.152184,70.62435,0.0,25.044589442251038,3.5109304592745687
2023-03-14 00:00:00+00:00,-34.96944,-71.21694,220.0,open-meteo_ecmwf_ifs,daily,29.2105,13.5605,22.89,10.245917,2.0336797,54.138317,0.0,24.85663288575729,4.426183559741313
2023-03-15 00:00:00+00:00,-34.96944,-71.21694,220.0,open-meteo_ecmwf_ifs,daily,29.3605,12.0105,22.95,5.41675,1.6596905,41.10651,0.0,24.667736553208872,4.290126303299865
2023-03-16 00:00:00+00:00,-34.96944,-71.21694,220.0,open-meteo_ecmwf_ifs,daily,30.3605,14.0105,22.23,10.568834,1.9760075,54.994244,0.0,24.47796328944897,4.41403953820093
2023-03-17 00:00:00+00:00,-34.96944,-71.21694,220.0,open-meteo_ecmwf_ifs,daily,28.8605,13.910501,20.69,13.877166,1.8296379,70.95284,0.0,24.287376827010938,3.8422314551110195
2023-03-18 00:00:00+00:00,-34.96944,-71.21694,220.0,open-meteo_ecmwf_ifs,daily,31.1605,13.3605,21.99,12.148,2.6123464,62.316147,0.0,24.09604174621295,4.55706458215011
2023-03-19 00:00:00+00:00,-34.96944,-71.21694,220.0,open-meteo_ecmwf_ifs,daily,31.060501,15.410501,21.82,12.991749,2.7560055,57.612568,0.0,23.904023433608767,4.717936156302797
2023-03-20 00:00:00+00:00,-34.96944,-71.21694,220.0,open-meteo_ecmwf_ifs,daily,29.7605,13.0605,21.95,10.043834,2.1043446,53.288,0.0,23.71138803887069,4.284359760413018
2023-03-21 00:00:00+00:00,-34.96944,-71.21694,220.0,open-meteo_ecmwf_ifs,daily,30.7105,11.8605,21.97,9.412584,1.4501425,55.278316,0.0,23.51820243018491,3.930884336347927
2023-03-22 00:00:00+00:00,-34.96944,-71.21694,220.0,open-meteo_ecmwf_ifs,daily,31.6605,11.3605,21.92,6.581333,2.2793064,45.273285,0.0,23.324534148243423,4.540033784795418
2023-03-23 00:00:00+00:00,-34.96944,-71.21694,220.0,open-meteo_ecmwf_ifs,daily,31.1105,12.3605,21.58,7.564668,2.2464886,46.57327,0.0,23.130451358920624,4.461680466823385
2023-03-24 00:00:00+00:00,-34.96944,-71.21694,220.0,open-meteo_ecmwf_ifs,daily,30.9605,11.710501,21.37,5.206333,2.563911,38.29761,0.0,22.936022804725834,4.679954449323562
2023-03-25 00:00:00+00:00,-34.96944,-71.21694,220.0,open-meteo_ecmwf_ifs,daily,30.9105,11.960501,21.29,4.8000827,3.4025834,38.360558,0.0,22.741317755126698,5.221186325819499
2023-03-26 00:00:00+00:00,-34.96944,-71.21694,220.0,open-meteo_ecmwf_ifs,daily,29.9605,12.410501,21.0,6.7084165,1.9054664,43.348576,0.0,22.546405955840772,4.097225944187889
2023-03-27 00:00:00+00:00,-34.96944,-71.21694,220.0,open-meteo_ecmwf_ifs,daily,27.3605,11.460501,19.71,11.339668,1.5614299,67.89082,0.0,22.351357577195788,3.3410670845053456
2023-03-28 00:00:00+00:00,-34.96944,-71.21694,220.0,open-meteo_ecmwf_ifs,daily,27.0105,10.2605,19.87,8.870917,1.978058,62.06369,0.0,22.156243161660914,3.5192567227905482
2023-03-29 00:00:00+00:00,-34.96944,-71.21694,220.0,open-meteo_ecmwf_ifs,daily,24.4605,11.2605,17.91,8.698001,4.0066695,60.661846,0.0,21.961133570653878,3.898460026649972
2023-03-30 00:00:00+00:00,-34.96944,-71.21694,220.0,open-meteo_ecmwf_ifs,daily,25.0105,7.9605,20.1,2.602167,3.5041876,43.80753,0.0,21.766099930730025,4.229539998209235
2023-03-31 00:00:00+00:00,-34.96944,-71.21694,220.0,open-meteo_ecmwf_ifs,daily,29.060501,7.4105,20.27,4.2563324,2.7112515,49.39473,0.0,21.571213579261308,4.063677946578149
2023-04-01 00:00:00+00:00,-34.96944,-71.21694,220.0,open-meteo_ecmwf_ifs,daily,28.7105,10.960501,17.76,4.3355002,2.5651577,40.72758,0.0,21.37654600971401,4.0718316842424445
2023-04-02 00:00:00+00:00,-34.96944,-71.21694,220.0,open-meteo_ecmwf_ifs,daily,26.310501,12.2605,16.05,10.781334,2.4648058,62.260365,0.0,21.182168816634842,3.271314257043902
2023-04-03 00:00:00+00:00,-34.96944,-71.21694,220.0,open-meteo_ecmwf_ifs,daily,26.3605,10.960501,17.91,10.229252,2.8334792,62.484142,0.0,20.988153640455774,3.460896848933812
2023-04-04 00:00:00+00:00,-34.96944,-71.21694,220.0,open-meteo_ecmwf_ifs,daily,28.6605,9.710501,19.35,7.539667,2.2494137,52.63838,0.0,20.794572112227932,3.642931124927802
2023-04-05 00:00:00+00:00,-34.96944,-71.21694,220.0,open-meteo_ecmwf_ifs,daily,25.4605,9.8105,13.79,4.9000835,1.6576363,46.644123,0.0,20.60149579839486,2.8522630926994457
2023-04-06 00:00:00+00:00,-34.96944,-71.21694,220.0,open-meteo_ecmwf_ifs,daily,27.310501,8.7605,18.95,7.956333,2.355985,58.360775,0.0,20.40899614571515,3.4025219807425016
2023-04-07 00:00:00+00:00,-34.96944,-71.21694,220.0,open-meteo_ecmwf_ifs,daily,26.5105,9.960501,16.57,9.604252,2.818426,67.65391,0.0,20.21714442644354,3.2741371561274963
2023-04-08 00:00:00+00:00,-34.96944,-71.21694,220.0,open-meteo_ecmwf_ifs,daily,27.560501,7.3104997,18.82,5.864666,2.1650982,53.53426,0.0,20.02601168387884,3.312656436878892
2023-04-09 00:00:00+00:00,-34.96944,-71.21694,220.0,open-meteo_ecmwf_ifs,daily,27.2605,9.660501,18.25,6.0625825,1.6248838,51.1949,0.0,19.83566867838548,3.108964890160881
2023-04-10 00:00:00+00:00,-34.96944,-71.21694,220.0,open-meteo_ecmwf_ifs,daily,27.3605,10.0105,15.74,8.8605,2.0345967,60.39305,0.0,19.646185833994277,3.010940415656587
2023-04-11 00:00:00+00:00,-34.96944,-71.21694,220.0,open-meteo_ecmwf_ifs,daily,25.7105,13.910501,14.06,13.660501,1.9454638,78.13236,0.0,19.457633185685687,2.62590218227217
2023-04-12 00:00:00+00:00,-34.96944,-71.21694,220.0,open-meteo_ecmwf_ifs,daily,20.9105,11.7605,8.31,12.131333,1.5488483,77.14176,0.0,19.27008032745732,1.6518604697510548
2023-04-13 00:00:00+00:00,-34.96944,-71.21694,220.0,open-meteo_ecmwf_ifs,daily,21.810501,12.160501,14.15,10.966751,1.6222013,76.13543,0.0,19.08359636127456,2.3038079462619567
2023-04-14 00:00:00+00:00,-34.96944,-71.21694,220.0,open-meteo_ecmwf_ifs,daily,21.310501,11.6105,9.98,10.866752,1.4160413,76.22627,0.1,18.89824984700094,1.857452423658564
2023-04-15 00:00:00+00:00,-34.96944,-71.21694,220.0,open-meteo_ecmwf_ifs,daily,22.4105,9.8105,13.39,10.2105,1.8002447,76.78649,0.0,18.71410875340178,2.1968717256235992
2023-04-16 00:00:00+00:00,-34.96944,-71.21694,220.0,open-meteo_ecmwf_ifs,daily,22.560501,8.2605,15.8,8.406334,1.7444086,67.89561,0.0,18.53124041031174,2.3614608566965978
2023-04-17 00:00:00+00:00,-34.96944,-71.21694,220.0,open-meteo_ecmwf_ifs,daily,18.6605,6.9605,15.93,5.4771667,3.1341445,66.627556,0.0,18.349711462053392,2.529951108106636
2023-04-18 00:00:00+00:00,-34.96944,-71.21694,220.0,open-meteo_ecmwf_ifs,daily,19.4605,6.0105,14.51,1.3125834,3.0887287,50.52467,0.0,18.16958782219066,2.8543696581913123
2023-04-19 00:00:00+00:00,-34.96944,-71.21694,220.0,open-meteo_ecmwf_ifs,daily,22.6105,6.6105,16.21,5.5000825,2.672596,63.1514,0.0,17.990934629696905,2.7269698859902487
2023-04-20 00:00:00+00:00,-34.96944,-71.21694,220.0,open-meteo_ecmwf_ifs,daily,23.060501,7.9105,15.73,8.252168,2.2029483,63.720783,0.0,17.81381620661385,2.445181848267959
2023-04-21 00:00:00+00:00,-34.96944,-71.21694,220.0,open-meteo_ecmwf_ifs,daily,23.060501,12.1105,12.09,10.82925,1.5922107,71.58536,0.0,17.638296017273042,2.125749475103762
2023-04-22 00:00:00+00:00,-34.96944,-71.21694,220.0,open-meteo_ecmwf_ifs,daily,22.1605,11.3105,12.95,11.277167,2.2182236,80.458534,0.0,17.46443662914768,2.1724122731657
2023-04-23 00:00:00+00:00,-34.96944,-71.21694,220.0,open-meteo_ecmwf_ifs,daily,23.1605,8.6105,13.99,11.083417,1.9322613,79.01123,0.0,17.29229967539776,2.041577730962758
2023-04-24 00:00:00+00:00,-34.96944,-71.21694,220.0,open-meteo_ecmwf_ifs,daily,21.9105,10.5605,13.7,11.6855,1.7328745,83.33922,0.0,17.121945819167095,1.973516575378828
2023-04-25 00:00:00+00:00,-34.96944,-71.21694,220.0,open-meteo_ecmwf_ifs,daily,21.560501,9.660501,10.82,10.945916,1.670623,84.03751,0.0,16.95343471968593,1.7353102943348742
2023-04-26 00:00:00+00:00,-34.96944,-71.21694,220.0,open-meteo_ecmwf_ifs,daily,18.4105,11.410501,5.95,10.893834,1.9727818,80.16268,0.0,16.78682500022806,1.3860037837907604
2023-04-27 00:00:00+00:00,-34.96944,-71.21694,220.0,open-meteo_ecmwf_ifs,daily,21.2105,9.8105,12.2,10.166752,1.871808,78.09637,0.0,16.62217421796605,1.890446883785494
2023-04-28 00:00:00+00:00,-34.96944,-71.21694,220.0,open-meteo_ecmwf_ifs,daily,21.3605,11.5605,7.95,10.143834,3.7846591,74.57855,10.5,16.459538835763443,2.297295893363232
2023-04-29 00:00:00+00:00,-34.96944,-71.21694,220.0,open-meteo_ecmwf_ifs,daily,16.8605,13.910501,4.77,12.998001,5.0228925,88.051544,23.800003,16.298974195937028,1.334168594455542
2023-04-30 00:00:00+00:00,-34.96944,-71.21694,220.0,open-meteo_ecmwf_ifs,daily,16.7605,11.460501,12.31,9.629251,2.049127,78.604034,12.7,16.14053449601749,1.7289480662169818
2023-05-01 00:00:00+00:00,-34.96944,-71.21694,220.0,open-meteo_ecmwf_ifs,daily,14.8105,6.2605,13.08,6.220917,3.4280798,79.70663,0.0,15.984272766530795,1.6956209867140783
2023-05-02 00:00:00+00:00,-34.96944,-71.21694,220.0,open-meteo_ecmwf_ifs,daily,14.660501,4.4105,12.67,5.3250833,2.5061855,82.67429,0.0,15.830240850817502,1.49255535433574
2023-05-03 00:00:00+00:00,-34.96944,-71.21694,220.0,open-meteo_ecmwf_ifs,daily,15.3605,5.9605,12.35,7.2625833,1.9297514,87.07372,0.0,15.678489386901425,1.3819888093105221
2023-05-04 00:00:00+00:00,-34.96944,-71.21694,220.0,open-meteo_ecmwf_ifs,daily,15.960501,6.5604997,12.16,8.033417,1.427764,87.588066,0.0,15.529067791413548,1.3263820646297477
2023-05-05 00:00:00+00:00,-34.96944,-71.21694,220.0,open-meteo_ecmwf_ifs,daily,18.060501,7.4105,11.15,9.052167,1.5164219,89.45893,0.0,15.382024245571351,1.381223485112886
2023-05-06 00:00:00+00:00,-34.96944,-71.21694,220.0,open-meteo_ecmwf_ifs,daily,15.0105,7.5604997,6.99,9.112584,1.2776362,91.03983,0.0,15.237405683208081,0.9758077844577752
2023-05-07 00:00:00+00:00,-34.96944,-71.21694,220.0,open-meteo_ecmwf_ifs,daily,16.2105,6.5604997,9.56,8.756333,1.8532866,91.94553,0.0,15.095257780840683,1.170086915181353
2023-05-08 00:00:00+00:00,-34.96944,-71.21694,220.0,open-meteo_ecmwf_ifs,daily,16.8605,7.2605,10.31,8.939668,1.9706149,89.71408,0.0,14.955624949759482,1.282924249647308
2023-05-09 00:00:00+00:00,-34.96944,-71.21694,220.0,open-meteo_ecmwf_ifs,daily,16.810501,7.3605,9.28,8.468833,2.272113,87.94698,0.0,14.818550330116988,1.3229554630916578
2023-05-10 00:00:00+00:00,-34.96944,-71.21694,220.0,open-meteo_ecmwf_ifs,daily,16.9605,8.8605,8.19,9.825085,2.2014043,89.80899,0.0,14.684075786987423,1.233891065886365
2023-05-11 00:00:00+00:00,-34.96944,-71.21694,220.0,open-meteo_ecmwf_ifs,daily,19.310501,7.3104997,10.74,9.05425,2.4066894,86.5167,0.0,14.552241908363017,1.5132034257033362
2023-05-12 00:00:00+00:00,-34.96944,-71.21694,220.0,open-meteo_ecmwf_ifs,daily,22.1605,9.410501,12.08,11.437585,3.1699073,83.58732,0.0,14.423088005047479,1.8339341151797917
2023-05-13 00:00:00+00:00,-34.96944,-71.21694,220.0,open-meteo_ecmwf_ifs,daily,19.3605,9.2605,10.35,11.339665,1.964714,87.43891,0.0,14.296652112401434,1.3199564359641793
2023-05-14 00:00:00+00:00,-34.96944,-71.21694,220.0,open-meteo_ecmwf_ifs,daily,19.560501,9.0105,11.12,11.5250845,1.8225532,88.751656,0.0,14.172970993889432,1.3047516416641354
2023-05-15 00:00:00+00:00,-34.96944,-71.21694,220.0,open-meteo_ecmwf_ifs,daily,21.1105,11.5605,9.32,11.8605,2.1209333,83.743004,0.0,14.052080146372354,1.5458431243850395
2023-05-16 00:00:00+00:00,-34.96944,-71.21694,220.0,open-meteo_ecmwf_ifs,daily,20.6105,11.160501,9.77,11.970917,1.2080709,85.46563,0.0,13.934013807084252,1.2980774688031238
2023-05-17 00:00:00+00:00,-34.96944,-71.21694,220.0,open-meteo_ecmwf_ifs,daily,18.0105,12.8605,7.41,11.977166,1.477841,83.61097,2.4999998,13.818804962227281,1.1837364410463758
2023-05-18 00:00:00+00:00,-34.96944,-71.21694,220.0,open-meteo_ecmwf_ifs,daily,16.6105,9.3605,8.73,10.116752,2.268792,91.13125,0.0,13.706485357113523,1.1704056930795388
2023-05-19 00:00:00+00:00,-34.96944,-71.21694,220.0,open-meteo_ecmwf_ifs,daily,16.560501,8.410501,9.6,8.664667,2.8589895,84.26023,0.0,13.597085507777741,1.3641273466720192
2023-05-20 00:00:00+00:00,-34.96944,-71.21694,220.0,open-meteo_ecmwf_ifs,daily,16.7105,5.2605,9.82,7.1105003,1.8218389,87.23365,0.0,13.490634713980528,1.1505732451976511
2023-05-21 00:00:00+00:00,-34.96944,-71.21694,220.0,open-meteo_ecmwf_ifs,daily,12.3605,8.0105,2.12,7.3855,3.0217078,86.44235,25.9,13.387161073516939,0.9310753137158488
2023-05-22 00:00:00+00:00,-34.96944,-71.21694,220.0,open-meteo_ecmwf_ifs,daily,16.2105,9.7605,4.99,8.443834,2.9090889,78.82153,25.499998,13.286691497741582,1.3640784052914812
2023-05-23 00:00:00+00:00,-34.96944,-71.21694,220.0,open-meteo_ecmwf_ifs,daily,14.3105,11.460501,1.47,11.581334,2.9380271,90.20675,24.300003,13.18925172821735,0.6904157027543497
2023-05-24 00:00:00+00:00,-34.96944,-71.21694,220.0,open-meteo_ecmwf_ifs,daily,16.9105,10.2605,7.16,9.979251,1.0292948,86.19236,13.700001,13.094866354391186,0.98721647642598
2023-05-25 00:00:00+00:00,-34.96944,-71.21694,220.0,open-meteo_ecmwf_ifs,daily,13.3605,8.5105,2.71,9.287583,1.2080563,90.665436,1.1,13.003558832197285,0.6619381635698396
2023-05-26 00:00:00+00:00,-34.96944,-71.21694,220.0,open-meteo_ecmwf_ifs,daily,15.3105,5.8605,6.9,8.095918,1.818005,89.66378,0.0,12.915351503484972,0.8864482794438827
2023-05-27 00:00:00+00:00,-34.96944,-71.21694,220.0,open-meteo_ecmwf_ifs,daily,12.160501,4.4605,8.38,6.6459174,3.0517492,90.78155,0.0,12.830265616165912,0.7967216719715589
2023-05-28 00:00:00+00:00,-34.96944,-71.21694,220.0,open-meteo_ecmwf_ifs,daily,11.960501,3.8105001,5.65,5.70425,1.4382006,93.46725,0.0,12.748321344973151,0.71487978100543
2023-05-29 00:00:00+00:00,-34.96944,-71.21694,220.0,open-meteo_ecmwf_ifs,daily,14.210501,5.3104997,8.5,6.725084,2.061022,90.94645,0.0,12.669537812722531,0.9536264942460104
2023-05-30 00:00:00+00:00,-34.96944,-71.21694,220.0,open-meteo_ecmwf_ifs,daily,18.5105,7.2605,8.03,9.183416,1.6144317,90.54291,0.0,12.59393311196565,1.054482409418396
2023-05-31 00:00:00+00:00,-34.96944,-71.21694,220.0,open-meteo_ecmwf_ifs,daily,18.310501,8.210501,9.37,9.485501,1.4349912,86.49518,0.0,12.521524326922425,1.065208804082013
2023-06-01 00:00:00+00:00,-34.96944,-71.21694,220.0,open-meteo_ecmwf_ifs,daily,16.1105,9.410501,8.41,10.218834,2.1062152,91.07069,0.0,12.45232755558081,0.9939826846829535
2023-06-02 00:00:00+00:00,-34.96944,-71.21694,220.0,open-meteo_ecmwf_ifs,daily,15.8105,11.460501,4.17,11.24175,2.8912299,89.61686,50.699997,12.386357931851046,0.9686429369778545
2023-06-03 00:00:00+00:00,-34.96944,-71.21694,220.0,open-meteo_ecmwf_ifs,daily,17.5105,9.660501,8.47,10.552168,2.0991328,87.13242,0.8000001,12.3236296476621,1.0723277580828674
2023-06-04 00:00:00+00:00,-34.96944,-71.21694,220.0,open-meteo_ecmwf_ifs,daily,15.1105,7.5105,9.06,8.825084,2.287684,89.831085,0.0,12.264155974888972,0.9445042700108407
2023-06-05 00:00:00+00:00,-34.96944,-71.21694,220.0,open-meteo_ecmwf_ifs,daily,15.7605,5.8605,9.03,7.2521667,1.9047862,87.01835,0.0,12.207949287000488,0.9907829482021078
2023-06-06 00:00:00+00:00,-34.96944,-71.21694,220.0,open-meteo_ecmwf_ifs,daily,14.5605,7.3605,3.94,8.283416,1.776905,87.02258,0.0,12.155021080319433,0.8121869175926908
2023-06-07 00:00:00+00:00,-34.96944,-71.21694,220.0,open-meteo_ecmwf_ifs,daily,18.060501,9.0105,7.51,10.993833,1.560234,92.9726,0.0,12.105381994788727,0.9136870131522327
2023-06-08 00:00:00+00:00,-34.96944,-71.21694,220.0,open-meteo_ecmwf_ifs,daily,15.8105,10.5105,4.22,11.279251,4.22955,90.329735,22.8,12.059041834140562,0.9238542957509158
2023-06-09 00:00:00+00:00,-34.96944,-71.21694,220.0,open-meteo_ecmwf_ifs,daily,12.960501,9.160501,5.45,9.379251,3.602996,87.184074,27.499998,12.016009585368286,0.8066187597310613
2023-06-10 00:00:00+00:00,-34.96944,-71.21694,220.0,open-meteo_ecmwf_ifs,daily,12.3605,3.6105,10.64,3.3375833,3.4382992,75.95023,0.0,11.976293437404921,1.2023263113912552
2023-06-11 00:00:00+00:00,-34.96944,-71.21694,220.0,open-meteo_ecmwf_ifs,daily,7.9605,0.010499999,9.84,1.2375834,2.9975173,84.777855,0.0,11.939900798916234,0.7496072157231235
2023-06-12 00:00:00+00:00,-34.96944,-71.21694,220.0,open-meteo_ecmwf_ifs,daily,7.3104997,1.3605,7.29,2.1084166,2.1421192,91.91263,0.0,11.906838315121014,0.6378287185019474
2023-06-13 00:00:00+00:00,-34.96944,-71.21694,220.0,open-meteo_ecmwf_ifs,daily,12.5105,-2.6395,10.79,1.2688334,1.1661264,85.48411,0.0,11.877111883556514,0.675308276660754
2023-06-14 00:00:00+00:00,-34.96944,-71.21694,220.0,open-meteo_ecmwf_ifs,daily,12.3605,-2.2895,9.64,-0.6124167,1.119151,78.06829,0.0,11.85072666871223,0.7462314629501682
2023-06-15 00:00:00+00:00,-34.96944,-71.21694,220.0,open-meteo_ecmwf_ifs,daily,11.0105,1.6604999,5.75,4.39175,1.5007282,85.67993,0.0,11.82768711546161,0.6100525503563832
2023-06-16 00:00:00+00:00,-34.96944,-71.21694,220.0,open-meteo_ecmwf_ifs,daily,11.2605,6.3605,5.45,7.5625834,2.7304342,96.712425,0.0,11.80799696122719,0.6308605713604423
2023-06-17 00:00:00+00:00,-34.96944,-71.21694,220.0,open-meteo_ecmwf_ifs,daily,16.6605,5.9605,8.23,8.502168,1.2851852,95.110756,0.0,11.791659246821622,0.8110084619532624
2023-06-18 00:00:00+00:00,-34.96944,-71.21694,220.0,open-meteo_ecmwf_ifs,daily,12.460501,6.0604997,4.29,7.7292504,1.5786208,94.525024,0.0,11.778676325913892,0.6250391838414766
2023-06-19 00:00:00+00:00,-34.96944,-71.21694,220.0,open-meteo_ecmwf_ifs,daily,15.5105,6.5604997,6.33,8.202167,1.763472,90.36022,2.5,11.76904987307734,0.838856043782326
2023-06-20 00:00:00+00:00,-34.96944,-71.21694,220.0,open-meteo_ecmwf_ifs,daily,15.3105,7.4105,5.93,9.0875845,1.2796019,93.13049,0.0,11.762780890383514,0.740596007184079
2023-06-21 00:00:00+00:00,-34.96944,-71.21694,220.0,open-meteo_ecmwf_ifs,daily,14.910501,7.6605,5.11,9.952168,1.6069736,92.98609,0.3,11.759869712513698,0.6618041100700597
2023-06-22 00:00:00+00:00,-34.96944,-71.21694,220.0,open-meteo_ecmwf_ifs,daily,13.710501,11.8605,1.36,10.937584,4.1815267,88.242134,76.1,11.760316010367507,0.844703274027216
2023-06-23 00:00:00+00:00,-34.96944,-71.21694,220.0,open-meteo_ecmwf_ifs,daily,15.160501,12.960501,0.77,13.277167,4.7754207,93.73147,35.2,11.764118793156209,0.5843274860916277
2023-06-24 00:00:00+00:00,-34.96944,-71.21694,220.0,open-meteo_ecmwf_ifs,daily,15.910501,14.410501,1.52,13.7334175,4.6198177,92.62078,57.8,11.771276408976112,0.8076072833381795
2023-06-25 00:00:00+00:00,-34.96944,-71.21694,220.0,open-meteo_ecmwf_ifs,daily,15.3605,12.910501,2.01,12.900085,3.8460045,93.40347,34.600002,11.781786543865522,0.719661448100228
2023-06-26 00:00:00+00:00,-34.96944,-71.21694,220.0,open-meteo_ecmwf_ifs,daily,14.1105,10.710501,2.84,11.470917,1.2065214,94.109,7.1,11.795646219356673,0.5886211942211044
2023-06-27 00:00:00+00:00,-34.96944,-71.21694,220.0,open-meteo_ecmwf_ifs,daily,14.8605,8.0105,9.93,7.8146663,1.7906824,83.79783,10.099999,11.81285178854192,0.9709699922897417
2023-06-28 00:00:00+00:00,-34.96944,-71.21694,220.0,open-meteo_ecmwf_ifs,daily,11.3605,2.2105,7.19,2.5855002,2.2630968,78.011024,0.0,11.833398930681291,0.9154126902518165
2023-06-29 00:00:00+00:00,-34.96944,-71.21694,220.0,open-meteo_ecmwf_ifs,daily,12.2605,1.9605,7.91,2.8292496,1.5214653,81.2276,0.0,11.85728264438596,0.8202588665897117
2023-06-30 00:00:00+00:00,-34.96944,-71.21694,220.0,open-meteo_ecmwf_ifs,daily,17.6105,3.4105,10.0,6.1459174,1.3562626,88.360115,0.0,11.884497239419767,0.9163300321750788
2023-07-01 00:00:00+00:00,-34.96944,-71.21694,220.0,open-meteo_ecmwf_ifs,daily,16.4105,4.4605,7.72,7.9354997,0.94643754,91.99609,0.0,11.915036327167938,0.7322084284332632
2023-07-02 00:00:00+00:00,-34.96944,-71.21694,220.0,open-meteo_ecmwf_ifs,daily,13.5105,7.2605,2.94,8.9105015,2.6951094,88.308784,2.2,11.948892809828994,0.6745713395413815
2023-07-03 00:00:00+00:00,-34.96944,-71.21694,220.0,open-meteo_ecmwf_ifs,daily,16.9105,6.1605,9.11,9.698001,1.0387671,87.93018,4.9,11.986058868392442,0.7717477105821483
2023-07-04 00:00:00+00:00,-34.96944,-71.21694,220.0,open-meteo_ecmwf_ifs,daily,12.710501,7.9605,3.55,8.8167515,1.904719,91.579475,3.5,12.026525949471003,0.6603627867888789
2023-07-05 00:00:00+00:00,-34.96944,-71.21694,220.0,open-meteo_ecmwf_ifs,daily,13.3105,4.4605,5.24,7.2313333,1.2583703,91.96854,0.2,12.070284751061877,0.640975513842628
2023-07-06 00:00:00+00:00,-34.96944,-71.21694,220.0,open-meteo_ecmwf_ifs,daily,14.6105,8.2605,7.98,8.448002,1.090864,88.92002,0.2,12.117325207317073,0.8294940142167735
2023-07-07 00:00:00+00:00,-34.96944,-71.21694,220.0,open-meteo_ecmwf_ifs,daily,11.460501,4.6605,3.23,6.7188334,1.9438545,94.45087,0.1,12.167636472407503,0.5935275024851516
2023-07-08 00:00:00+00:00,-34.96944,-71.21694,220.0,open-meteo_ecmwf_ifs,daily,11.7605,9.3105,2.84,7.902167,3.1016357,85.354614,23.499998,12.22120690357054,0.9077420368786275
2023-07-09 00:00:00+00:00,-34.96944,-71.21694,220.0,open-meteo_ecmwf_ifs,daily,13.8105,8.8605,8.67,8.856334,1.9322313,90.257576,2.3000002,12.27802404343419,0.9085222484847113
2023-07-10 00:00:00+00:00,-34.96944,-71.21694,220.0,open-meteo_ecmwf_ifs,daily,13.3105,2.7605002,9.56,4.9396667,1.8273543,88.973976,0.0,12.338074601715123,0.858888006052693
2023-07-11 00:00:00+00:00,-34.96944,-71.21694,220.0,open-meteo_ecmwf_ifs,daily,13.5105,6.1605,4.13,7.9084167,1.8216666,90.001945,7.8,12.401344436390614,0.7186426541201456
2023-07-12 00:00:00+00:00,-34.96944,-71.21694,220.0,open-meteo_ecmwf_ifs,daily,13.5605,9.0605,7.5,7.9980006,3.250292,83.31307,23.100002,12.467818534447028,1.147413862085649
2023-07-13 00:00:00+00:00,-34.96944,-71.21694,220.0,open-meteo_ecmwf_ifs,daily,11.8105,1.9104999,9.52,4.6792502,1.8656216,89.593956,0.0,12.537480992309801,0.7605383492822868
2023-07-14 00:00:00+00:00,-34.96944,-71.21694,220.0,open-meteo_ecmwf_ifs,daily,10.410501,3.8605,5.22,4.8750834,2.2688682,90.79019,0.0,12.610314996061248,0.7439304641197917
2023-07-15 00:00:00+00:00,-34.96944,-71.21694,220.0,open-meteo_ecmwf_ifs,daily,10.710501,3.0605001,8.67,4.1042504,2.8460128,87.02191,0.0,12.686302801553808,0.8917801066455503
2023-07-16 00:00:00+00:00,-34.96944,-71.21694,220.0,open-meteo_ecmwf_ifs,daily,8.660501,1.2105,6.69,2.5334165,2.241543,89.82157,0.0,12.765425714526977,0.7240342753063335
2023-07-17 00:00:00+00:00,-34.96944,-71.21694,220.0,open-meteo_ecmwf_ifs,daily,15.3605,1.9605,10.33,4.45425,1.0655665,89.70994,0.0,12.847664070836258,0.9032664541317628
2023-07-18 00:00:00+00:00,-34.96944,-71.21694,220.0,open-meteo_ecmwf_ifs,daily,14.160501,5.1105,4.63,7.4000835,1.1560699,88.46872,0.0,12.932997216902322,0.7274597520140809
2023-07-19 00:00:00+00:00,-34.96944,-71.21694,220.0,open-meteo_ecmwf_ifs,daily,17.7105,7.2105,7.47,7.5375824,1.0574996,77.25431,0.1,13.021403490487875,1.0282302526372962
2023-07-20 00:00:00+00:00,-34.96944,-71.21694,220.0,open-meteo_ecmwf_ifs,daily,16.5105,4.1105,8.15,8.283417,2.0024366,84.318634,0.0,13.112860201908385,0.88467652091114
2023-07-21 00:00:00+00:00,-34.96944,-71.21694,220.0,open-meteo_ecmwf_ifs,daily,12.910501,9.8605,2.0,9.475083,4.4465203,86.8526,37.4,13.207343615781589,0.870643477789643
2023-07-22 00:00:00+00:00,-34.96944,-71.21694,220.0,open-meteo_ecmwf_ifs,daily,12.710501,9.5105,5.71,9.531335,2.1824834,89.590385,18.7,13.304828933418555,0.8067690796179984
2023-07-23 00:00:00+00:00,-34.96944,-71.21694,220.0,open-meteo_ecmwf_ifs,daily,9.160501,4.3605,4.33,4.9521666,1.9580666,88.81491,0.3,13.405290275956789,0.6808798073759925
2023-07-24 00:00:00+00:00,-34.96944,-71.21694,220.0,open-meteo_ecmwf_ifs,daily,15.410501,1.6604999,10.57,4.2313333,1.0122349,87.05897,0.0,13.508700668333478,0.9662577510147796
2023-07-25 00:00:00+00:00,-34.96944,-71.21694,220.0,open-meteo_ecmwf_ifs,daily,12.3105,6.2605,3.11,7.2105007,1.1348398,87.47939,8.8,13.61503202419362,0.6896344966523077
2023-07-26 00:00:00+00:00,-34.96944,-71.21694,220.0,open-meteo_ecmwf_ifs,daily,10.7605,4.7605,6.54,6.2604995,2.1411858,92.70866,0.3,13.724255131824904,0.7451173443819991
2023-07-27 00:00:00+00:00,-34.96944,-71.21694,220.0,open-meteo_ecmwf_ifs,daily,14.3605,5.3605,9.51,6.7604995,1.7482177,91.00228,0.0,13.83633964120743,1.048814983397052
2023-07-28 00:00:00+00:00,-34.96944,-71.21694,220.0,open-meteo_ecmwf_ifs,daily,15.8105,4.7605,8.46,7.4813333,1.4370284,90.24535,0.0,13.951254052262598,0.9843769576288243
2023-07-29 00:00:00+00:00,-34.96944,-71.21694,220.0,open-meteo_ecmwf_ifs,daily,16.5105,6.4605,10.35,8.856334,1.9143807,89.992004,0.0,14.068965704381569,1.1316844687733127
2023-07-30 00:00:00+00:00,-34.96944,-71.21694,220.0,open-meteo_ecmwf_ifs,daily,16.310501,9.8105,7.79,10.887584,1.9979639,92.96935,0.0,14.189440767309328,1.061568647125722
2023-07-31 00:00:00+00:00,-34.96944,-71.21694,220.0,open-meteo_ecmwf_ifs,daily,18.9605,9.8605,11.34,11.348,1.3785654,93.29345,0.0,14.31264423345599,1.3109935940289483
2023-08-01 00:00:00+00:00,-34.96944,-71.21694,220.0,open-meteo_ecmwf_ifs,daily,17.2605,9.210501,11.35,10.893834,2.3604949,89.90786,0.0,14.438539911702463,1.281602639965417
2023-08-02 00:00:00+00:00,-34.96944,-71.21694,220.0,open-meteo_ecmwf_ifs,daily,15.2605,6.8104997,11.61,8.364665,3.8790572,87.62083,0.0,14.56709042276261,1.3271363866187162
2023-08-03 00:00:00+00:00,-34.96944,-71.21694,220.0,open-meteo_ecmwf_ifs,daily,13.3605,2.5605001,11.26,5.0730004,2.929458,86.47544,0.0,14.698257196159402,1.1542981215708572
2023-08-04 00:00:00+00:00,-34.96944,-71.21694,220.0,open-meteo_ecmwf_ifs,daily,13.8605,3.4105,10.39,5.3980002,2.4248497,89.4587,0.0,14.83200046886735,1.1764140981507862
2023-08-05 00:00:00+00:00,-34.96944,-71.21694,220.0,open-meteo_ecmwf_ifs,daily,15.5105,4.7105,9.11,7.193834,1.8366108,89.54993,0.0,14.968279285668572,1.118245881420752
2023-08-06 00:00:00+00:00,-34.96944,-71.21694,220.0,open-meteo_ecmwf_ifs,daily,17.4605,9.460501,11.32,9.593835,1.2743601,83.714775,0.0,15.107051501264472,1.3763117474367215
2023-08-07 00:00:00+00:00,-34.96944,-71.21694,220.0,open-meteo_ecmwf_ifs,daily,15.5105,4.0605,9.73,7.0813336,1.3574241,87.6338,0.0,15.248273784179846,1.0902959394744398
2023-08-08 00:00:00+00:00,-34.96944,-71.21694,220.0,open-meteo_ecmwf_ifs,daily,17.6105,4.7105,12.87,7.6438336,1.0727258,86.38367,0.0,15.391901622491106,1.3156802518163875
2023-08-09 00:00:00+00:00,-34.96944,-71.21694,220.0,open-meteo_ecmwf_ifs,daily,15.210501,7.4105,4.38,9.329249,2.0433247,90.06582,0.1,15.53788933140458,0.8925253581963171
2023-08-10 00:00:00+00:00,-34.96944,-71.21694,220.0,open-meteo_ecmwf_ifs,daily,13.410501,8.410501,7.41,7.8646674,3.4595737,83.07273,29.700003,15.686190062705883,1.2782529555342443
2023-08-11 00:00:00+00:00,-34.96944,-71.21694,220.0,open-meteo_ecmwf_ifs,daily,13.5105,4.5604997,14.04,5.577166,3.42482,85.07418,0.0,15.836755816095799,1.4974726863291514
2023-08-12 00:00:00+00:00,-34.96944,-71.21694,220.0,open-meteo_ecmwf_ifs,daily,15.910501,1.0105,14.22,2.8792498,2.7374077,76.738075,0.0,15.989537452422708,1.6725151417548798
2023-08-13 00:00:00+00:00,-34.96944,-71.21694,220.0,open-meteo_ecmwf_ifs,daily,18.7105,3.1605,13.45,6.5917506,1.9586195,83.89367,0.0,16.1444847088164,1.570135445234973
2023-08-14 00:00:00+00:00,-34.96944,-71.21694,220.0,open-meteo_ecmwf_ifs,daily,19.0105,6.6105,10.8,9.3105,1.3652054,88.70841,0.0,16.301546215722727,1.4040205078566381
2023-08-15 00:00:00+00:00,-34.96944,-71.21694,220.0,open-meteo_ecmwf_ifs,daily,15.910501,9.5605,5.47,10.870917,1.8059812,90.376015,0.1,16.460669515833153,0.9907374775851169
2023-08-16 00:00:00+00:00,-34.96944,-71.21694,220.0,open-meteo_ecmwf_ifs,daily,15.7605,8.460501,8.91,9.912583,2.3771899,87.13372,4.8,16.621801084898316,1.2389321959081114
2023-08-17 00:00:00+00:00,-34.96944,-71.21694,220.0,open-meteo_ecmwf_ifs,daily,14.960501,10.8105,9.21,10.104251,2.0532768,86.058586,19.100004,16.78488635440912,1.3538375650079355
2023-08-18 00:00:00+00:00,-34.96944,-71.21694,220.0,open-meteo_ecmwf_ifs,daily,14.710501,3.8105001,12.19,6.4855,1.2445678,87.29425,0.4,16.949869736124263,1.299534780499069
2023-08-19 00:00:00+00:00,-34.96944,-71.21694,220.0,open-meteo_ecmwf_ifs,daily,11.660501,9.0105,1.39,8.145917,3.92696,87.73453,39.4,17.116694648417614,0.8965001693123282
2023-08-20 00:00:00+00:00,-34.96944,-71.21694,220.0,open-meteo_ecmwf_ifs,daily,13.910501,10.960501,1.7,11.166749,5.169335,92.63107,37.500004,17.28530354441421,0.7800444476163656
2023-08-21 00:00:00+00:00,-34.96944,-71.21694,220.0,open-meteo_ecmwf_ifs,daily,13.660501,12.410501,1.9,11.6500845,6.49643,92.29972,60.0,17.45563794187867,0.8701376473224716
2023-08-22 00:00:00+00:00,-34.96944,-71.21694,220.0,open-meteo_ecmwf_ifs,daily,13.3605,7.5105,2.03,9.145917,2.919756,90.47,142.29999,17.627638454815123,0.7132393508558682
2023-08-23 00:00:00+00:00,-34.96944,-71.21694,220.0,open-meteo_ecmwf_ifs,daily,14.460501,4.8104997,13.16,6.625084,1.324355,85.189354,0.4,17.80124482673298,1.44995936245743
2023-08-24 00:00:00+00:00,-34.96944,-71.21694,220.0,open-meteo_ecmwf_ifs,daily,14.5605,2.2105,14.49,5.0875835,1.3239938,80.7282,0.2,17.976395965528674,1.4862424730593922
2023-08-25 00:00:00+00:00,-34.96944,-71.21694,220.0,open-meteo_ecmwf_ifs,daily,14.160501,2.4605,16.26,4.7250834,2.607968,84.62852,0.0,18.15302997992867,1.6831148305898675
2023-08-26 00:00:00+00:00,-34.96944,-71.21694,220.0,open-meteo_ecmwf_ifs,daily,15.0105,0.2105,17.11,3.1959164,2.4047778,79.69396,0.0,18.331084217435173,1.7615272537204891
2023-08-27 00:00:00+00:00,-34.96944,-71.21694,220.0,open-meteo_ecmwf_ifs,daily,17.810501,1.1105,17.14,4.9855,1.6051455,82.296,0.0,18.51049530371174,1.830383417936494
2023-08-28 00:00:00+00:00,-34.96944,-71.21694,220.0,open-meteo_ecmwf_ifs,daily,13.960501,6.2605,4.26,7.6375833,1.5438908,87.20063,4.2999997,18.6911991833419,0.9506277945551417
2023-08-29 00:00:00+00:00,-34.96944,-71.21694,220.0,open-meteo_ecmwf_ifs,daily,17.310501,4.9605,15.71,6.7834167,1.5577141,81.04803,0.0,18.873131161890438,1.8745144160294487
2023-08-30 00:00:00+00:00,-34.96944,-71.21694,220.0,open-meteo_ecmwf_ifs,daily,16.0105,5.7105,14.29,6.25425,2.1939938,74.997856,0.0,19.05622594919296,1.8832839029397097
2023-08-31 00:00:00+00:00,-34.96944,-71.21694,220.0,open-meteo_ecmwf_ifs,daily,14.710501,2.5105002,15.49,4.8417497,2.7416859,80.68128,0.0,19.24041770379641,1.7650895083858162
2023-09-01 00:00:00+00:00,-34.96944,-71.21694,220.0,open-meteo_ecmwf_ifs,daily,13.210501,5.0604997,6.62,5.8209167,2.228052,81.92327,0.0,19.425640078469602,1.2270570077192096
2023-09-02 00:00:00+00:00,-34.96944,-71.21694,220.0,open-meteo_ecmwf_ifs,daily,14.5105,8.660501,4.4,9.183417,1.797685,90.158264,13.4,19.611826266699808,1.0318123968817219
2023-09-03 00:00:00+00:00,-34.96944,-71.21694,220.0,open-meteo_ecmwf_ifs,daily,12.710501,8.410501,4.5,9.4730015,1.1280717,93.60328,9.599999,19.798909050089005,0.8547400863941313
2023-09-04 00:00:00+00:00,-34.96944,-71.21694,220.0,open-meteo_ecmwf_ifs,daily,12.2605,9.960501,2.45,9.787583,1.2017506,91.84009,31.5,19.986820846560157,0.7367920463379236
2023-09-05 00:00:00+00:00,-34.96944,-71.21694,220.0,open-meteo_ecmwf_ifs,daily,11.6105,4.7605,2.62,7.843834,1.0750173,93.88025,7.9999995,20.175493759282023,0.6142036203808768
2023-09-06 00:00:00+00:00,-34.96944,-71.21694,220.0,open-meteo_ecmwf_ifs,daily,13.5605,9.710501,4.33,9.468833,1.8646493,89.49052,35.6,20.364859626218653,1.0174529283657474
2023-09-07 00:00:00+00:00,-34.96944,-71.21694,220.0,open-meteo_ecmwf_ifs,daily,14.8105,5.1105,13.22,6.552166,1.272305,84.365944,0.6,20.554850070207443,1.6605222398084445
2023-09-08 00:00:00+00:00,-34.96944,-71.21694,220.0,open-meteo_ecmwf_ifs,daily,17.1105,6.6105,18.22,7.2896676,2.0152133,79.07106,0.1,20.745396549468758,2.296995392536729
2023-09-09 00:00:00+00:00,-34.96944,-71.21694,220.0,open-meteo_ecmwf_ifs,daily,14.210501,8.460501,4.43,8.681334,1.6874837,84.484634,28.9,20.936430408447634,1.0698912112272658
2023-09-10 00:00:00+00:00,-34.96944,-71.21694,220.0,open-meteo_ecmwf_ifs,daily,13.960501,10.710501,3.62,10.3375845,2.612818,89.69225,40.4,21.12788292888789,1.0142003762273804
2023-09-11 00:00:00+00:00,-34.96944,-71.21694,220.0,open-meteo_ecmwf_ifs,daily,16.0105,7.1605,19.6,7.731333,2.736376,77.92945,27.600002,21.31968538103737,2.381881462977372
2023-09-12 00:00:00+00:00,-34.96944,-71.21694,220.0,open-meteo_ecmwf_ifs,daily,14.7605,2.7105,20.28,4.2479997,3.1969693,75.18818,0.0,21.51176907488246,2.288877173938439
2023-09-13 00:00:00+00:00,-34.96944,-71.21694,220.0,open-meteo_ecmwf_ifs,daily,13.460501,2.5605001,10.8,4.768833,1.3411723,80.23345,0.0,21.704065411310285,1.4362264979433133
2023-09-14 00:00:00+00:00,-34.96944,-71.21694,220.0,open-meteo_ecmwf_ifs,daily,19.2605,8.5105,15.44,8.9355,1.4473181,80.40091,0.4,21.896505933095714,2.271676713842763
2023-09-15 00:00:00+00:00,-34.96944,-71.21694,220.0,open-meteo_ecmwf_ifs,daily,20.6105,7.3605,18.57,10.645917,1.83606,88.11676,0.0,22.089022375611723,2.4620723558425865
2023-09-16 00:00:00+00:00,-34.96944,-71.21694,220.0,open-meteo_ecmwf_ifs,daily,15.6105,8.410501,4.34,10.166751,2.281023,90.06788,1.4000001,22.281546717161095,1.0343679191087252
2023-09-17 00:00:00+00:00,-34.96944,-71.21694,220.0,open-meteo_ecmwf_ifs,daily,14.460501,7.0604997,16.66,5.8938346,2.9951305,75.57966,0.1,22.474011228828772,2.3329147760108437
2023-09-18 00:00:00+00:00,-34.96944,-71.21694,220.0,open-meteo_ecmwf_ifs,daily,15.1105,2.4105,16.92,3.5834162,3.0876048,71.90685,0.0,22.666348523755005,2.2390006653731978
2023-09-19 00:00:00+00:00,-34.96944,-71.21694,220.0,open-meteo_ecmwf_ifs,daily,13.7605,3.9105,11.92,4.495917,3.1019294,76.44675,0.0,22.858491605730542,1.8398401092572791
2023-09-20 00:00:00+00:00,-34.96944,-71.21694,220.0,open-meteo_ecmwf_ifs,daily,16.1105,5.5105,9.62,7.858417,2.9438775,83.15502,0.4,23.050373917017037,1.5962326315702395
2023-09-21 00:00:00+00:00,-34.96944,-71.21694,220.0,open-meteo_ecmwf_ifs,daily,18.060501,8.160501,15.6,8.320916,2.654685,78.0602,0.1,23.241929385297475,2.4428316669682943
2023-09-22 00:00:00+00:00,-34.96944,-71.21694,220.0,open-meteo_ecmwf_ifs,daily,15.5605,8.8605,6.75,9.460502,1.330016,84.06397,0.0,23.43309246966339,1.3141093240983286
2023-09-23 00:00:00+00:00,-34.96944,-71.21694,220.0,open-meteo_ecmwf_ifs,daily,20.1605,8.0605,16.06,8.952167,1.9697762,81.78063,0.0,23.623798205548553,2.532378347955706
2023-09-24 00:00:00+00:00,-34.96944,-71.21694,220.0,open-meteo_ecmwf_ifs,daily,17.9105,6.0604997,21.27,7.7000847,2.304371,81.98088,0.0,23.813982248520865,2.730343544685007
2023-09-25 00:00:00+00:00,-34.96944,-71.21694,220.0,open-meteo_ecmwf_ifs,daily,17.310501,5.0105,19.02,6.4042506,2.3162253,77.19925,0.4,24.003580916847607,2.543564483692612
2023-09-26 00:00:00+00:00,-34.96944,-71.21694,220.0,open-meteo_ecmwf_ifs,daily,16.560501,4.1105,22.57,6.3313336,3.5745335,77.74132,3.2,24.192531232752177,2.6807946052386527
2023-09-27 00:00:00+00:00,-34.96944,-71.21694,220.0,open-meteo_ecmwf_ifs,daily,16.2605,3.6605,21.69,4.7730007,3.2193205,75.953514,0.0,24.38077096228373,2.7499916625632665
2023-09-28 00:00:00+00:00,-34.96944,-71.21694,220.0,open-meteo_ecmwf_ifs,daily,17.6605,6.6105,20.71,6.87925,3.855774,75.92939,0.0,24.568238653725345,2.969153460933954
2023-09-29 00:00:00+00:00,-34.96944,-71.21694,220.0,open-meteo_ecmwf_ifs,daily,21.560501,5.6605,21.86,7.5104995,1.8056068,76.079506,0.0,24.754873674469497,3.1057376819341176
2023-09-30 00:00:00+00:00,-34.96944,-71.21694,220.0,open-meteo_ecmwf_ifs,daily,23.9605,4.6105,22.49,9.664668,1.7109064,76.17784,0.0,24.940616246294358,3.1200316558405747
2023-10-01 00:00:00+00:00,-34.96944,-71.21694,220.0,open-meteo_ecmwf_ifs,daily,17.8605,10.410501,11.24,10.652166,1.7724857,85.97025,0.4,25.12540747897878,1.969507271774846
2023-10-02 00:00:00+00:00,-34.96944,-71.21694,220.0,open-meteo_ecmwf_ifs,daily,13.8105,9.460501,6.58,7.6480002,1.6807564,77.900826,2.2,25.309189402197646,1.4704518814751033
2023-10-03 00:00:00+00:00,-34.96944,-71.21694,220.0,open-meteo_ecmwf_ifs,daily,16.0105,6.8605,12.95,7.6959157,1.3990229,82.64149,1.9000001,25.491904995645008,1.970806240881844
2023-10-04 00:00:00+00:00,-34.96944,-71.21694,220.0,open-meteo_ecmwf_ifs,daily,18.8605,4.2105,23.24,6.6125836,2.3044806,78.65264,0.0,25.673498217336604,3.018314639331967
2023-10-05 00:00:00+00:00,-34.96944,-71.21694,220.0,open-meteo_ecmwf_ifs,daily,19.2105,5.3104997,20.98,6.839667,1.7028184,74.83569,0.1,25.85391403004862,2.9085667645564652
2023-10-06 00:00:00+00:00,-34.96944,-71.21694,220.0,open-meteo_ecmwf_ifs,daily,16.9105,6.2605,15.99,6.9625835,1.6400634,74.62191,0.0,26.033098425854924,2.3594962086999023
2023-10-07 00:00:00+00:00,-34.96944,-71.21694,220.0,open-meteo_ecmwf_ifs,daily,19.8605,4.9605,24.49,6.4104996,3.0599139,73.00766,0.0,26.210998448729903,3.414066241254252
2023-10-08 00:00:00+00:00,-34.96944,-71.21694,220.0,open-meteo_ecmwf_ifs,daily,19.9105,4.5105,23.18,6.525084,3.0402453,72.018364,0.0,26.387562215190066,3.2573287536803237
2023-10-09 00:00:00+00:00,-34.96944,-71.21694,220.0,open-meteo_ecmwf_ifs,daily,21.2605,5.1105,22.1,6.50425,2.2511098,71.526886,0.0,26.56273893295237,3.306103716457944
2023-10-10 00:00:00+00:00,-34.96944,-71.21694,220.0,open-meteo_ecmwf_ifs,daily,20.310501,7.0105,19.99,7.3021674,1.8740001,72.26075,0.0,26.736478917593573,3.0926001026667382
2023-10-11 00:00:00+00:00,-34.96944,-71.21694,220.0,open-meteo_ecmwf_ifs,daily,19.810501,5.3104997,24.12,7.1667504,2.0249941,73.0185,0.0,26.908733607199842,3.299888332821579
2023-10-12 00:00:00+00:00,-34.96944,-71.21694,220.0,open-meteo_ecmwf_ifs,daily,21.9605,5.1605,25.77,7.137584,2.7807722,69.09249,0.0,27.07945557500212,3.7308408775301416
2023-10-13 00:00:00+00:00,-34.96944,-71.21694,220.0,open-meteo_ecmwf_ifs,daily,22.310501,5.8605,23.49,7.3667502,2.575906,69.73679,0.0,27.248598539998,3.6135283740642614
2023-10-14 00:00:00+00:00,-34.96944,-71.21694,220.0,open-meteo_ecmwf_ifs,daily,22.7105,5.9105,25.69,6.5709167,2.3212316,63.74457,0.0,27.416117375566873,3.9018420818806536
2023-10-15 00:00:00+00:00,-34.96944,-71.21694,220.0,open-meteo_ecmwf_ifs,daily,21.0105,6.9105,25.91,6.456333,2.8577893,64.17144,0.0,27.581968116090497,3.9517398801220223
2023-10-16 00:00:00+00:00,-34.96944,-71.21694,220.0,open-meteo_ecmwf_ifs,daily,21.810501,5.4105,26.31,4.2375836,3.6360042,57.64584,0.0,27.746107961597005,4.283976083381402
2023-10-17 00:00:00+00:00,-34.96944,-71.21694,220.0,open-meteo_ecmwf_ifs,daily,27.0105,6.0604997,26.51,7.052166,1.8924794,59.58685,0.0,27.908495280451483,4.303072108299564
2023-10-18 00:00:00+00:00,-34.96944,-71.21694,220.0,open-meteo_ecmwf_ifs,daily,20.9105,10.3105,16.87,8.654251,2.8766403,66.86586,6.2999997,28.0690896101225,3.2964940832293856
2023-10-19 00:00:00+00:00,-34.96944,-71.21694,220.0,open-meteo_ecmwf_ifs,daily,24.1105,6.8605,21.18,7.368832,2.3233354,68.38762,0.0,28.227851656058174,3.7022703794263876
2023-10-20 00:00:00+00:00,-34.96944,-71.21694,220.0,open-meteo_ecmwf_ifs,daily,23.9105,11.460501,15.16,10.695916,1.725585,68.64547,0.0,28.384743288711697,3.052802022289386
2023-10-21 00:00:00+00:00,-34.96944,-71.21694,220.0,open-meteo_ecmwf_ifs,daily,20.560501,12.8105,11.62,12.254251,1.1913317,80.06957,0.0,28.53972753876058,2.2678822187807888
2023-10-22 00:00:00+00:00,-34.96944,-71.21694,220.0,open-meteo_ecmwf_ifs,daily,21.810501,11.160501,18.29,11.7355,1.8386606,79.680885,0.0,28.69276859056888,3.1261620725950037
2023-10-23 00:00:00+00:00,-34.96944,-71.21694,220.0,open-meteo_ecmwf_ifs,daily,21.8605,9.8605,20.49,10.012584,1.7413874,75.07249,0.0,28.84383177394665,3.3957990766636232
2023-10-24 00:00:00+00:00,-34.96944,-71.21694,220.0,open-meteo_ecmwf_ifs,daily,22.4105,9.160501,24.98,8.654251,2.757161,70.98274,0.0,28.992883554265017,4.12397779719731
2023-10-25 00:00:00+00:00,-34.96944,-71.21694,220.0,open-meteo_ecmwf_ifs,daily,23.1605,8.160501,25.05,9.0563345,2.415981,69.775246,0.0,29.139891520989593,4.0179792140408095
2023-10-26 00:00:00+00:00,-34.96944,-71.21694,220.0,open-meteo_ecmwf_ifs,daily,22.810501,7.6105,24.47,9.852167,1.5181661,74.460594,0.0,29.28482437469926,3.7137656400837904
2023-10-27 00:00:00+00:00,-34.96944,-71.21694,220.0,open-meteo_ecmwf_ifs,daily,18.560501,9.2605,11.96,8.21675,2.5626042,73.46796,0.6,29.42765191266028,2.510343606795404
2023-10-28 00:00:00+00:00,-34.96944,-71.21694,220.0,open-meteo_ecmwf_ifs,daily,14.5105,9.5605,4.14,7.202167,3.8166492,73.90718,9.3,29.56834501303038,1.7591187831985244
2023-10-29 00:00:00+00:00,-34.96944,-71.21694,220.0,open-meteo_ecmwf_ifs,daily,13.960501,10.3605,7.28,9.2750845,4.0675864,85.46334,60.1,29.706875617769114,1.6493006740922556
2023-10-30 00:00:00+00:00,-34.96944,-71.21694,220.0,open-meteo_ecmwf_ifs,daily,15.910501,7.5604997,19.23,7.4875836,2.4404051,78.57479,0.1,29.8432167143351,2.818088150095934
2023-10-31 00:00:00+00:00,-34.96944,-71.21694,220.0,open-meteo_ecmwf_ifs,daily,18.4105,6.3605,25.95,5.8980002,2.5240552,68.56177,0.2,29.977342316252,3.74878022576093
2023-11-01 00:00:00+00:00,-34.96944,-71.21694,220.0,open-meteo_ecmwf_ifs,daily,16.9605,7.6105,20.53,7.6146674,1.8145803,74.91975,0.5,30.10922744262811,3.021220457725463
2023-11-02 00:00:00+00:00,-34.96944,-71.21694,220.0,open-meteo_ecmwf_ifs,daily,17.8605,5.3104997,24.42,7.5021667,1.4797543,76.62922,0.6,30.23884809671591,3.287857102570441
2023-11-03 00:00:00+00:00,-34.96944,-71.21694,220.0,open-meteo_ecmwf_ifs,daily,23.2605,5.8104997,29.11,8.648,3.1242263,74.17202,0.0,30.36618124359914,4.305078734430912
2023-11-04 00:00:00+00:00,-34.96944,-71.21694,220.0,open-meteo_ecmwf_ifs,daily,22.9605,7.0604997,28.94,10.068833,2.5337677,74.54315,0.0,30.491204787096787,4.228570819709089
2023-11-05 00:00:00+00:00,-34.96944,-71.21694,220.0,open-meteo_ecmwf_ifs,daily,21.2105,7.5604997,18.86,9.662583,1.615376,79.14942,0.0,30.61389754597306,3.052608943782034
2023-11-06 00:00:00+00:00,-34.96944,-71.21694,220.0,open-meteo_ecmwf_ifs,daily,22.060501,8.3605,21.32,10.302168,2.131481,78.62876,0.0,30.73423922954374,3.4557808328879616
2023-11-07 00:00:00+00:00,-34.96944,-71.21694,220.0,open-meteo_ecmwf_ifs,daily,20.7105,10.460501,24.04,8.94175,2.102433,67.86357,0.0,30.852210412768695,3.9572699045338386
2023-11-08 00:00:00+00:00,-34.96944,-71.21694,220.0,open-meteo_ecmwf_ifs,daily,22.7605,6.7605,28.87,7.6209164,3.7741063,66.1916,0.0,30.967792510919956,4.566764771620539
2023-11-09 00:00:00+00:00,-34.96944,-71.21694,220.0,open-meteo_ecmwf_ifs,daily,25.310501,9.160501,27.71,10.793832,2.3658187,73.02824,0.0,31.080967753914248,4.57773801391429
2023-11-10 00:00:00+00:00,-34.96944,-71.21694,220.0,open-meteo_ecmwf_ifs,daily,15.5105,11.210501,5.76,10.377168,2.0805347,84.64913,21.7,31.19171916039752,1.4662503142796381
2023-11-11 00:00:00+00:00,-34.96944,-71.21694,220.0,open-meteo_ecmwf_ifs,daily,13.7605,11.5605,4.35,10.283417,2.433029,86.74087,9.3,31.30003051166736,1.234512377242079
2023-11-12 00:00:00+00:00,-34.96944,-71.21694,220.0,open-meteo_ecmwf_ifs,daily,17.0105,6.2605,25.56,6.348,2.954544,73.724045,2.7,31.405886325517805,3.572738554164513
2023-11-13 00:00:00+00:00,-34.96944,-71.21694,220.0,open-meteo_ecmwf_ifs,daily,19.310501,4.6105,30.54,4.6730003,3.553127,61.841618,0.0,31.509271830088263,4.3221601815109105
2023-11-14 00:00:00+00:00,-34.96944,-71.21694,220.0,open-meteo_ecmwf_ifs,daily,19.4605,5.5105,24.7,6.5417504,3.0227244,69.42862,0.0,31.61017293779607,3.6942797420280313
2023-11-15 00:00:00+00:00,-34.96944,-71.21694,220.0,open-meteo_ecmwf_ifs,daily,20.0105,5.2105,26.17,6.3521667,2.0529222,71.204124,0.0,31.708576219429492,3.821762492743549
2023-11-16 00:00:00+00:00,-34.96944,-71.21694,220.0,open-meteo_ecmwf_ifs,daily,21.6105,4.8605,30.18,6.664667,2.427655,69.76699,0.0,31.804468878474452,4.34427871137981
2023-11-17 00:00:00+00:00,-34.96944,-71.21694,220.0,open-meteo_ecmwf_ifs,daily,13.210501,9.660501,6.21,9.118834,3.9327726,85.45231,35.599995,31.897838725745213,1.4151479990564249
2023-11-18 00:00:00+00:00,-34.96944,-71.21694,220.0,open-meteo_ecmwf_ifs,daily,18.4105,8.460501,13.04,10.333417,1.6881776,85.27692,0.0,31.988674154385606,2.2440830494263717
2023-11-19 00:00:00+00:00,-34.96944,-71.21694,220.0,open-meteo_ecmwf_ifs,daily,24.2105,6.7605,29.55,10.55425,2.0685523,77.3973,0.0,32.07696411530323,4.436214478286398
2023-11-20 00:00:00+00:00,-34.96944,-71.21694,220.0,open-meteo_ecmwf_ifs,daily,21.310501,8.210501,27.91,9.9313345,1.5809765,72.73746,0.0,32.16269809309547,4.159394669387916
2023-11-21 00:00:00+00:00,-34.96944,-71.21694,220.0,open-meteo_ecmwf_ifs,daily,21.9105,10.3105,26.42,9.248002,2.901351,70.35406,0.0,32.24586608252163,4.460522129325277
2023-11-22 00:00:00+00:00,-34.96944,-71.21694,220.0,open-meteo_ecmwf_ifs,daily,21.9105,7.0604997,28.89,9.039667,3.383605,72.82787,0.0,32.32645856557131,4.322118715776118
2023-11-23 00:00:00+00:00,-34.96944,-71.21694,220.0,open-meteo_ecmwf_ifs,daily,26.560501,6.9105,30.85,8.827167,2.9865682,64.40416,0.0,32.40446648917473,5.143732870361904
2023-11-24 00:00:00+00:00,-34.96944,-71.21694,220.0,open-meteo_ecmwf_ifs,daily,27.2105,10.960501,30.21,13.164666,2.2498753,70.72736,0.0,32.47988124359616,5.134236977992293
2023-11-25 00:00:00+00:00,-34.96944,-71.21694,220.0,open-meteo_ecmwf_ifs,daily,25.810501,10.460501,24.33,13.025083,1.8552704,77.44752,0.0,32.552694641547234,4.1917220383098455
2023-11-26 00:00:00+00:00,-34.96944,-71.21694,220.0,open-meteo_ecmwf_ifs,daily,27.2105,12.8105,25.61,13.96675,1.6087497,76.095634,0.0,32.62289889805212,4.622578989865231
2023-11-27 00:00:00+00:00,-34.96944,-71.21694,220.0,open-meteo_ecmwf_ifs,daily,25.4105,11.660501,23.39,12.216751,2.2310889,73.088036,0.0,32.690486611092645,4.294478600863744
2023-11-28 00:00:00+00:00,-34.96944,-71.21694,220.0,open-meteo_ecmwf_ifs,daily,22.4605,11.1105,18.71,10.3792515,2.3155959,71.20944,0.0,32.75545074305628,3.594284241095791
2023-11-29 00:00:00+00:00,-34.96944,-71.21694,220.0,open-meteo_ecmwf_ifs,daily,25.560501,9.7605,32.39,9.423001,3.7474518,65.54356,0.0,32.81778460300631,5.619699180346928
2023-11-30 00:00:00+00:00,-34.96944,-71.21694,220.0,open-meteo_ecmwf_ifs,daily,26.7605,10.210501,31.22,9.777167,2.0946958,60.06767,0.0,32.87748182978914,5.398758910509341
2023-12-01 00:00:00+00:00,-34.96944,-71.21694,220.0,open-meteo_ecmwf_ifs,daily,23.2105,11.8105,23.45,10.098001,1.6819216,68.20868,0.0,32.93453637598946,4.192955949970883
2023-12-02 00:00:00+00:00,-34.96944,-71.21694,220.0,open-meteo_ecmwf_ifs,daily,22.1105,11.3605,29.78,7.9875836,4.1316733,62.032177,0.0,32.988942492740705,5.348055333014382
2023-12-03 00:00:00+00:00,-34.96944,-71.21694,220.0,open-meteo_ecmwf_ifs,daily,24.4105,6.1605,32.61,3.043833,4.4896817,47.407215,0.0,33.04069471539451,5.8788956185977375
2023-12-04 00:00:00+00:00,-34.96944,-71.21694,220.0,open-meteo_ecmwf_ifs,daily,28.3605,9.3605,32.32,8.452167,2.1291857,55.850296,0.0,33.08978785004932,5.712080935341019
2023-12-05 00:00:00+00:00,-34.96944,-71.21694,220.0,open-meteo_ecmwf_ifs,daily,24.0105,10.0105,31.2,8.298,2.166227,61.511963,0.0,33.1362169609361,5.213163009321065
2023-12-06 00:00:00+00:00,-34.96944,-71.21694,220.0,open-meteo_ecmwf_ifs,daily,27.2605,8.660501,31.4,8.591748,2.1342423,64.0869,0.0,33.17997735865554,5.413443324489178
2023-12-07 00:00:00+00:00,-34.96944,-71.21694,220.0,open-meteo_ecmwf_ifs,daily,30.810501,11.0605,32.97,9.873001,2.347372,59.269794,0.0,33.22106458925932,6.224615550682064
2023-12-08 00:00:00+00:00,-34.96944,-71.21694,220.0,open-meteo_ecmwf_ifs,daily,28.3605,13.660501,32.0,11.883416,2.4906025,60.771397,0.0,33.25947442416616,6.020876701313593
2023-12-09 00:00:00+00:00,-34.96944,-71.21694,220.0,open-meteo_ecmwf_ifs,daily,28.4605,11.410501,32.97,7.7271667,4.1962066,50.721172,0.0,33.295202850901156,6.740954923690753
2023-12-10 00:00:00+00:00,-34.96944,-71.21694,220.0,open-meteo_ecmwf_ifs,daily,33.4605,10.0605,32.71,9.218833,2.9998133,51.19195,0.0,33.32824606464601,6.677529003188849
2023-12-11 00:00:00+00:00,-34.96944,-71.21694,220.0,open-meteo_ecmwf_ifs,daily,25.1605,12.960501,29.33,10.002168,2.4276564,59.647125,0.0,33.358600460586864,5.3963777417645185
2023-12-12 00:00:00+00:00,-34.96944,-71.21694,220.0,open-meteo_ecmwf_ifs,daily,27.560501,11.1105,31.66,9.504251,3.5709658,58.495453,0.0,33.38626262704543,6.042849291234759
2023-12-13 00:00:00+00:00,-34.96944,-71.21694,220.0,open-meteo_ecmwf_ifs,daily,29.3605,10.8605,32.9,6.6271667,3.1688578,44.99483,0.0,33.411229339379474,6.568704090342381
2023-12-14 00:00:00+00:00,-34.96944,-71.21694,220.0,open-meteo_ecmwf_ifs,daily,27.4105,14.660501,32.01,7.2105002,2.64796,42.4436,0.0,33.43349755463817,6.4488544386875715
2023-12-15 00:00:00+00:00,-34.96944,-71.21694,220.0,open-meteo_ecmwf_ifs,daily,27.7105,9.8605,32.26,7.9875846,2.0665598,56.271168,0.0,33.45306440695874,5.72336771240446
2023-12-16 00:00:00+00:00,-34.96944,-71.21694,220.0,open-meteo_ecmwf_ifs,daily,22.7105,10.160501,25.9,6.5959167,2.7386694,56.598663,0.0,33.46992720369121,4.806000770395903
2023-12-17 00:00:00+00:00,-34.96944,-71.21694,220.0,open-meteo_ecmwf_ifs,daily,23.2105,11.660501,24.63,7.968834,2.187494,58.62015,0.0,33.48408342223927,4.624908599650505
2023-12-18 00:00:00+00:00,-34.96944,-71.21694,220.0,open-meteo_ecmwf_ifs,daily,26.810501,9.6105,32.81,4.7917495,3.7588406,45.876896,0.0,33.4955307076064,6.419035572723499
2023-12-19 00:00:00+00:00,-34.96944,-71.21694,220.0,open-meteo_ecmwf_ifs,daily,24.7605,11.1105,32.41,7.577166,2.9132013,52.067074,0.0,33.50426687063783,5.8046745681710945
2023-12-20 00:00:00+00:00,-34.96944,-71.21694,220.0,open-meteo_ecmwf_ifs,daily,28.1105,9.5605,31.74,8.873,2.5316489,62.09892,0.0,33.51028988695063,5.743987208072994
2023-12-21 00:00:00+00:00,-34.96944,-71.21694,220.0,open-meteo_ecmwf_ifs,daily,29.9605,11.960501,32.64,9.845918,2.3973284,54.528103,0.0,33.513597896546216,6.230585928552118
2023-12-22 00:00:00+00:00,-34.96944,-71.21694,220.0,open-meteo_ecmwf_ifs,daily,31.5105,12.5605,32.48,8.668834,2.5888255,50.46317,0.0,33.51418920410101,6.608119205550761
2023-12-23 00:00:00+00:00,-34.96944,-71.21694,220.0,open-meteo_ecmwf_ifs,daily,30.6605,13.5105,28.65,9.0875845,2.8908932,47.624256,0.0,33.51206227993348,6.275465605201282
2023-12-24 00:00:00+00:00,-34.96944,-71.21694,220.0,open-meteo_ecmwf_ifs,daily,30.7605,12.210501,32.24,9.547999,1.9365683,50.742985,0.0,33.50721576164766,6.138852384444637
2023-12-25 00:00:00+00:00,-34.96944,-71.21694,220.0,open-meteo_ecmwf_ifs,daily,34.1605,12.8105,33.12,9.462584,2.111211,47.402847,0.0,33.4996484564552,6.71706386023691
2023-12-26 00:00:00+00:00,-34.96944,-71.21694,220.0,open-meteo_ecmwf_ifs,daily,29.2605,13.6105,31.78,11.495915,2.2637026,54.03883,0.0,33.48935934418021,6.07488217556429
2023-12-27 00:00:00+00:00,-34.96944,-71.21694,220.0,open-meteo_ecmwf_ifs,daily,27.0105,14.3605,19.54,12.633418,1.6704618,64.45953,0.6,33.47634758095287,4.101460218716797
2023-12-28 00:00:00+00:00,-34.96944,-71.21694,220.0,open-meteo_ecmwf_ifs,daily,26.4105,16.7105,18.2,13.152165,2.4960172,66.46667,0.0,33.4606125035998,4.321196439301388
2023-12-29 00:00:00+00:00,-34.96944,-71.21694,220.0,open-meteo_ecmwf_ifs,daily,29.8605,12.960501,30.12,12.09175,1.9513111,63.86015,0.0,33.442153634740734,5.723005030965478
2023-12-30 00:00:00+00:00,-34.96944,-71.21694,220.0,open-meteo_ecmwf_ifs,daily,27.560501,14.8605,26.16,12.354252,2.8199608,63.215755,0.0,33.42097068860247,5.409059249119013
2023-12-31 00:00:00+00:00,-34.96944,-71.21694,220.0,open-meteo_ecmwf_ifs,daily,27.560501,12.0605,31.32,10.8105,1.9424161,63.6794,0.0,33.39706357756235,5.6199773000530575
2024-01-01 00:00:00+00:00,-34.96944,-71.21694,220.0,open-meteo_ecmwf_ifs,daily,29.0105,12.210501,32.05,11.860499,2.206861,63.011883,0.0,33.37043241943461,5.871821960752526
2024-01-02 00:00:00+00:00,-34.96944,-71.21694,220.0,open-meteo_ecmwf_ifs,daily,31.9105,13.910501,32.41,11.139667,2.0811894,57.302418,0.0,33.34107754551343,6.414312943575898
2024-01-03 00:00:00+00:00,-34.96944,-71.21694,220.0,open-meteo_ecmwf_ifs,daily,32.2605,15.0105,32.35,11.700084,2.3240418,53.276188,0.0,33.30899950938714,6.628837260773418
2024-01-04 00:00:00+00:00,-34.96944,-71.21694,220.0,open-meteo_ecmwf_ifs,daily,31.5105,15.1105,31.64,13.191751,1.8287641,57.928528,0.0,33.274199096537856,6.18947819538244
2024-01-05 00:00:00+00:00,-34.96944,-71.21694,220.0,open-meteo_ecmwf_ifs,daily,30.0105,15.160501,27.68,14.091752,1.9623736,66.104324,0.0,33.23667733474083,5.502951647497492
2024-01-06 00:00:00+00:00,-34.96944,-71.21694,220.0,open-meteo_ecmwf_ifs,daily,29.6605,15.2605,28.99,12.402168,2.6488874,61.232147,0.0,33.19643550527701,5.998668940483781
2024-01-07 00:00:00+00:00,-34.96944,-71.21694,220.0,open-meteo_ecmwf_ifs,daily,28.7605,13.410501,31.68,10.231335,3.227705,54.8228,0.0,33.153475154971275,6.3596133935142705
2024-01-08 00:00:00+00:00,-34.96944,-71.21694,220.0,open-meteo_ecmwf_ifs,daily,29.2105,13.160501,32.5,8.06675,3.8404324,47.986023,0.0,33.10779810906772,6.910746777794408
2024-01-09 00:00:00+00:00,-34.96944,-71.21694,220.0,open-meteo_ecmwf_ifs,daily,29.0105,12.5605,31.96,8.685501,2.9746246,49.08725,0.0,33.05940648495136,6.3718746368869486
2024-01-10 00:00:00+00:00,-34.96944,-71.21694,220.0,open-meteo_ecmwf_ifs,daily,29.6105,13.3605,32.22,7.420917,2.5153725,45.180943,0.0,33.008302706723704,6.467755795765564
2024-01-11 00:00:00+00:00,-34.96944,-71.21694,220.0,open-meteo_ecmwf_ifs,daily,30.4605,13.910501,30.93,7.352167,2.261158,43.586826,0.0,32.954489520637416,6.338051504301743
2024-01-12 00:00:00+00:00,-34.96944,-71.21694,220.0,open-meteo_ecmwf_ifs,daily,30.6605,13.5105,29.74,8.577168,1.691969,46.06564,0.0,32.89797001139226,5.823959531866058
2024-01-13 00:00:00+00:00,-34.96944,-71.21694,220.0,open-meteo_ecmwf_ifs,daily,28.1605,13.2605,31.33,10.287584,1.923035,54.90306,0.0,32.83874761929142,5.793200773661299
2024-01-14 00:00:00+00:00,-34.96944,-71.21694,220.0,open-meteo_ecmwf_ifs,daily,31.4605,12.960501,32.41,6.0230002,3.07805,42.010983,0.0,32.77682615825459,6.996304889795774
2024-01-15 00:00:00+00:00,-34.96944,-71.21694,220.0,open-meteo_ecmwf_ifs,daily,30.0105,13.3105,31.99,6.131333,3.029197,39.41393,0.0,32.71220983467969,6.78611641413211
2024-01-16 00:00:00+00:00,-34.96944,-71.21694,220.0,open-meteo_ecmwf_ifs,daily,31.560501,12.960501,32.09,8.956333,2.7723463,51.403774,0.0,32.644903267141835,6.61556333051626
2024-01-17 00:00:00+00:00,-34.96944,-71.21694,220.0,open-meteo_ecmwf_ifs,daily,31.1105,15.160501,28.34,9.718833,2.420396,43.47085,0.0,32.57491150691393,6.148915330859044
2024-01-18 00:00:00+00:00,-34.96944,-71.21694,220.0,open-meteo_ecmwf_ifs,daily,31.7105,14.7605,31.81,8.098001,3.174061,45.08678,0.0,32.502240059289065,7.062811017208089
2024-01-19 00:00:00+00:00,-34.96944,-71.21694,220.0,open-meteo_ecmwf_ifs,daily,31.810501,12.710501,31.81,5.4000835,3.5312192,35.440655,0.0,32.42689490568022,7.1954901037479
2024-01-20 00:00:00+00:00,-34.96944,-71.21694,220.0,open-meteo_ecmwf_ifs,daily,32.1605,13.960501,31.44,9.918835,2.3159902,44.317852,0.0,32.348882526468635,6.425609153428536
2024-01-21 00:00:00+00:00,-34.96944,-71.21694,220.0,open-meteo_ecmwf_ifs,daily,33.4105,15.710501,31.31,11.108418,1.754299,48.433727,0.0,32.268209924567216,6.345923762140793
2024-01-22 00:00:00+00:00,-34.96944,-71.21694,220.0,open-meteo_ecmwf_ifs,daily,34.5605,15.8605,30.55,13.441751,1.8831791,53.40564,0.0,32.184884649661086,6.33986439978179
2024-01-23 00:00:00+00:00,-34.96944,-71.21694,220.0,open-meteo_ecmwf_ifs,daily,30.4105,16.2105,30.12,13.558417,1.8238703,57.526733,0.0,32.098914823082154,5.892740392134282
2024-01-24 00:00:00+00:00,-34.96944,-71.21694,220.0,open-meteo_ecmwf_ifs,daily,35.6605,13.960501,30.81,11.410501,2.1133444,53.020966,0.0,32.0103091632706,6.489607415559469
2024-01-25 00:00:00+00:00,-34.96944,-71.21694,220.0,open-meteo_ecmwf_ifs,daily,33.3605,15.2605,30.25,12.152167,1.9613848,50.54524,0.0,31.919077011770938,6.209037977486444
2024-01-26 00:00:00+00:00,-34.96944,-71.21694,220.0,open-meteo_ecmwf_ifs,daily,31.1105,15.3105,27.31,13.148002,1.5300512,60.32031,0.0,31.8252283597063,5.387977750517736
2024-01-27 00:00:00+00:00,-34.96944,-71.21694,220.0,open-meteo_ecmwf_ifs,daily,33.7605,15.910501,29.66,13.750084,2.4338896,58.18339,0.0,31.728773874669812,6.350913800446417
2024-01-28 00:00:00+00:00,-34.96944,-71.21694,220.0,open-meteo_ecmwf_ifs,daily,32.2105,17.1605,29.53,14.220916,2.0739284,57.127853,0.0,31.629724927968127,6.114319692175667
2024-01-29 00:00:00+00:00,-34.96944,-71.21694,220.0,open-meteo_ecmwf_ifs,daily,34.2605,14.210501,29.72,13.031335,2.0539846,58.338406,0.0,31.52809362214779,6.096697867938075
2024-01-30 00:00:00+00:00,-34.96944,-71.21694,220.0,open-meteo_ecmwf_ifs,daily,35.5605,15.410501,30.08,8.704251,2.673661,41.01407,0.0,31.42389281873139,6.960280505257153
2024-01-31 00:00:00+00:00,-34.96944,-71.21694,220.0,open-meteo_ecmwf_ifs,daily,35.8605,16.5105,30.51,7.1459174,3.1076176,33.479313,0.0,31.31713616608704,7.528155427782549
2024-02-01 00:00:00+00:00,-34.96944,-71.21694,220.0,open-meteo_ecmwf_ifs,daily,35.6605,16.5105,30.21,8.577167,2.8755455,36.447224,0.0,31.207838127351334,7.2260439407134855
2024-02-02 00:00:00+00:00,-34.96944,-71.21694,220.0,open-meteo_ecmwf_ifs,daily,35.9605,16.5105,29.93,10.406333,3.965973,44.739513,0.0,31.0960140083228,7.7604613266982625
2024-02-03 00:00:00+00:00,-34.96944,-71.21694,220.0,open-meteo_ecmwf_ifs,daily,34.3605,17.5105,30.2,9.650084,5.12111,40.885345,0.0,30.98167998524033,8.395622782333207
2024-02-04 00:00:00+00:00,-34.96944,-71.21694,220.0,open-meteo_ecmwf_ifs,daily,32.2605,15.960501,29.46,8.762584,2.834193,38.34808,0.0,30.86485313235879,6.652787711829434
2024-02-05 00:00:00+00:00,-34.96944,-71.21694,220.0,open-meteo_ecmwf_ifs,daily,32.7105,13.910501,28.73,11.762585,1.9800978,59.075607,0.0,30.745551449231616,5.773205600756842
2024-02-06 00:00:00+00:00,-34.96944,-71.21694,220.0,open-meteo_ecmwf_ifs,daily,33.7605,15.910501,29.14,9.800083,2.8290374,42.515133,0.0,30.623793887609125,6.6853296999732725
2024-02-07 00:00:00+00:00,-34.96944,-71.21694,220.0,open-meteo_ecmwf_ifs,daily,34.7105,17.2105,28.2,14.57925,3.275788,55.786774,0.0,30.49960037785947,6.651255228274085
2024-02-08 00:00:00+00:00,-34.96944,-71.21694,220.0,open-meteo_ecmwf_ifs,daily,32.8605,17.560501,28.26,8.577167,3.119241,35.312763,0.0,30.372991854818565,6.91148777238951
2024-02-09 00:00:00+00:00,-34.96944,-71.21694,220.0,open-meteo_ecmwf_ifs,daily,31.6605,15.460501,28.24,9.189667,2.291646,44.435986,0.0,30.24399028297479,6.01891428830194
2024-02-10 00:00:00+00:00,-34.96944,-71.21694,220.0,open-meteo_ecmwf_ifs,daily,32.010498,12.710501,28.57,10.593834,2.0340245,55.61472,0.0,30.112618680893874,5.61365441145097
2024-02-11 00:00:00+00:00,-34.96944,-71.21694,220.0,open-meteo_ecmwf_ifs,daily,31.6105,14.410501,28.13,11.454251,2.1199005,53.116512,0.0,29.97890114479025,5.6699081970337
2024-02-12 00:00:00+00:00,-34.96944,-71.21694,220.0,open-meteo_ecmwf_ifs,daily,33.5605,14.3105,28.88,9.098,3.7999172,46.81453,0.0,29.842862871151027,6.955929064068728
2024-02-13 00:00:00+00:00,-34.96944,-71.21694,220.0,open-meteo_ecmwf_ifs,daily,33.9105,17.2105,28.13,7.8688335,2.5118144,35.32823,0.0,29.704530178320624,6.541190514737194
2024-02-14 00:00:00+00:00,-34.96944,-71.21694,220.0,open-meteo_ecmwf_ifs,daily,31.9605,15.5605,27.36,13.295917,1.7462531,61.647675,0.0,29.563930526954767,5.422357489822505
2024-02-15 00:00:00+00:00,-34.96944,-71.21694,220.0,open-meteo_ecmwf_ifs,daily,30.810501,15.0105,27.53,13.675084,1.8328136,61.165314,0.0,29.42109253925515,5.298587439863272
2024-02-16 00:00:00+00:00,-34.96944,-71.21694,220.0,open-meteo_ecmwf_ifs,daily,31.9105,14.410501,27.53,12.758416,2.1584713,58.59953,0.0,29.276046016897567,5.514133929125314
2024-02-17 00:00:00+00:00,-34.96944,-71.21694,220.0,open-meteo_ecmwf_ifs,daily,33.4605,14.6105,27.53,9.891751,3.7873166,51.578716,0.0,29.12882195756937,6.701855719866393
2024-02-18 00:00:00+00:00,-34.96944,-71.21694,220.0,open-meteo_ecmwf_ifs,daily,35.9605,13.5105,27.67,8.048001,2.4194355,38.966763,0.0,28.97945257003477,6.19664402968877
2024-02-19 00:00:00+00:00,-34.96944,-71.21694,220.0,open-meteo_ecmwf_ifs,daily,28.560501,15.660501,24.21,11.748002,2.446997,54.108505,0.0,28.827971287649802,5.073164345123319
2024-02-20 00:00:00+00:00,-34.96944,-71.21694,220.0,open-meteo_ecmwf_ifs,daily,30.310501,16.2105,24.97,13.281333,2.270583,61.13182,0.0,28.67441278025241,5.1955899739548626
2024-02-21 00:00:00+00:00,-34.96944,-71.21694,220.0,open-meteo_ecmwf_ifs,daily,29.5105,14.5605,25.54,13.200084,2.26556,64.02773,0.0,28.518812964356897,5.00263625943776
2024-02-22 00:00:00+00:00,-34.96944,-71.21694,220.0,open-meteo_ecmwf_ifs,daily,24.5105,15.960501,16.72,12.425083,2.295685,66.74669,9.400001,28.361209011586123,3.6920969764506193
2024-02-23 00:00:00+00:00,-34.96944,-71.21694,220.0,open-meteo_ecmwf_ifs,daily,30.6605,13.410501,26.05,11.418834,2.0063155,61.279102,0.0,28.201639355279415,5.064538080809516
2024-02-24 00:00:00+00:00,-34.96944,-71.21694,220.0,open-meteo_ecmwf_ifs,daily,30.8605,15.0605,25.7,11.81467,1.5722958,53.798527,0.0,28.04014369521868,4.951176877453927
2024-02-25 00:00:00+00:00,-34.96944,-71.21694,220.0,open-meteo_ecmwf_ifs,daily,31.1605,15.8105,26.01,11.618835,1.5697383,52.754673,0.0,27.876763000420258,5.05904715616155
2024-02-26 00:00:00+00:00,-34.96944,-71.21694,220.0,open-meteo_ecmwf_ifs,daily,30.5105,14.3105,26.08,10.727168,1.9749829,55.14935,0.0,27.711539509944963,5.121200605846991
2024-02-27 00:00:00+00:00,-34.96944,-71.21694,220.0,open-meteo_ecmwf_ifs,daily,30.560501,13.2605,25.61,8.204251,2.4848807,44.69459,0.0,27.544516731684592,5.36492436627548
2024-02-28 00:00:00+00:00,-34.96944,-71.21694,220.0,open-meteo_ecmwf_ifs,daily,31.4105,12.460501,26.07,10.387585,2.448712,53.66528,0.0,27.37573943908791,5.240481494111718
2024-02-29 00:00:00+00:00,-34.96944,-71.21694,220.0,open-meteo_ecmwf_ifs,daily,31.060501,14.660501,25.66,9.9521675,2.4091651,46.391376,0.0,27.205253665795478,5.379403179901698
2024-03-01 00:00:00+00:00,-34.96944,-71.21694,220.0,open-meteo_ecmwf_ifs,daily,29.6105,14.210501,23.91,10.223001,1.9339875,53.771984,0.0,27.03310669815808,4.749619705125243
2024-03-02 00:00:00+00:00,-34.96944,-71.21694,220.0,open-meteo_ecmwf_ifs,daily,28.560501,13.6105,25.52,7.5188346,3.385753,45.94394,0.0,26.8593470656195,5.61956753500183
2024-03-03 00:00:00+00:00,-34.96944,-71.21694,220.0,open-meteo_ecmwf_ifs,daily,28.810501,10.660501,25.6,6.3459167,2.547178,43.948883,0.0,26.684024528950207,5.016514144298209
2024-03-04 00:00:00+00:00,-34.96944,-71.21694,220.0,open-meteo_ecmwf_ifs,daily,29.7105,10.8105,25.46,8.620917,2.000065,51.54921,0.0,26.507190066324824,4.698965117086084
2024-03-05 00:00:00+00:00,-34.96944,-71.21694,220.0,open-meteo_ecmwf_ifs,daily,29.7105,11.910501,24.92,10.854251,1.6326534,59.21754,0.0,26.32889585724202,4.457281911587816
2024-03-06 00:00:00+00:00,-34.96944,-71.21694,220.0,open-meteo_ecmwf_ifs,daily,28.560501,12.410501,24.82,10.8896675,1.7414972,60.561306,0.0,26.149195264291617,4.422941367445335
2024-03-07 00:00:00+00:00,-34.96944,-71.21694,220.0,open-meteo_ecmwf_ifs,daily,27.0105,10.5605,23.73,9.093834,2.0204113,59.53253,0.0,25.968142812779956,4.209496459705058
2024-03-08 00:00:00+00:00,-34.96944,-71.21694,220.0,open-meteo_ecmwf_ifs,daily,24.9605,10.1105,24.2,8.027167,1.6293918,59.190506,0.0,25.785794168230257,3.957065301757382
2024-03-09 00:00:00+00:00,-34.96944,-71.21694,220.0,open-meteo_ecmwf_ifs,daily,27.4105,12.0105,23.12,10.893833,3.3005915,67.28613,0.0,25.602206111781033,4.559176287976738
2024-03-10 00:00:00+00:00,-34.96944,-71.21694,220.0,open-meteo_ecmwf_ifs,daily,27.2605,10.160501,22.1,7.5480003,1.9905478,51.572468,0.0,25.417436513511266,4.080289633026992
2024-03-11 00:00:00+00:00,-34.96944,-71.21694,220.0,open-meteo_ecmwf_ifs,daily,26.9105,10.3105,23.67,9.558417,1.6617597,60.791584,0.0,25.231544303727212,3.9653678000912738
2024-03-12 00:00:00+00:00,-34.96944,-71.21694,220.0,open-meteo_ecmwf_ifs,daily,26.060501,9.6105,23.52,10.143834,1.6993899,66.5118,0.0,25.044589442251038,3.792752368050957
2024-03-13 00:00:00+00:00,-34.96944,-71.21694,220.0,open-meteo_ecmwf_ifs,daily,25.3605,11.8105,20.6,11.150083,2.6136878,68.54804,0.0,24.85663288575729,3.7913600527261906
2024-03-14 00:00:00+00:00,-34.96944,-71.21694,220.0,open-meteo_ecmwf_ifs,daily,26.310501,9.910501,23.46,7.493834,3.794233,56.108826,0.0,24.667736553208872,4.677684438353265
2024-03-15 00:00:00+00:00,-34.96944,-71.21694,220.0,open-meteo_ecmwf_ifs,daily,25.3605,8.3105,23.16,5.1396666,3.1493514,50.43167,0.0,24.47796328944897,4.3702217696441155
2024-03-16 00:00:00+00:00,-34.96944,-71.21694,220.0,open-meteo_ecmwf_ifs,daily,26.0105,8.160501,23.31,5.5355,3.0661879,50.909748,0.0,24.287376827010938,4.355012668777261
2024-03-17 00:00:00+00:00,-34.96944,-71.21694,220.0,open-meteo_ecmwf_ifs,daily,25.7605,9.0605,22.46,5.6438336,2.9214008,49.44905,0.0,24.09604174621295,4.280864608224524
2024-03-18 00:00:00+00:00,-34.96944,-71.21694,220.0,open-meteo_ecmwf_ifs,daily,26.7105,8.7605,20.93,3.9625833,2.735405,43.068134,0.0,23.904023433608767,4.263118397151128
2024-03-19 00:00:00+00:00,-34.96944,-71.21694,220.0,open-meteo_ecmwf_ifs,daily,27.7605,12.5605,22.15,5.631334,2.2363763,42.951572,0.0,23.71138803887069,4.404886826996742
2024-03-20 00:00:00+00:00,-34.96944,-71.21694,220.0,open-meteo_ecmwf_ifs,daily,18.2605,10.460501,5.0,10.191751,1.8108578,76.54576,0.0,23.51820243018491,1.4493346013801922
2024-03-21 00:00:00+00:00,-34.96944,-71.21694,220.0,open-meteo_ecmwf_ifs,daily,26.6105,9.910501,20.2,11.402167,1.8526639,75.57682,0.0,23.324534148243423,3.368409415195277
2024-03-22 00:00:00+00:00,-34.96944,-71.21694,220.0,open-meteo_ecmwf_ifs,daily,28.810501,11.8105,20.75,12.933417,1.8843074,67.933556,0.0,23.130451358920624,3.6568155586992557
2024-03-23 00:00:00+00:00,-34.96944,-71.21694,220.0,open-meteo_ecmwf_ifs,daily,27.3605,13.0105,19.47,11.387584,2.2612402,59.066517,0.0,22.936022804725834,3.7429318868659545
2024-03-24 00:00:00+00:00,-34.96944,-71.21694,220.0,open-meteo_ecmwf_ifs,daily,27.9105,14.710501,18.33,14.025083,3.2414262,73.41257,0.0,22.741317755126698,3.879408910530309
2024-03-25 00:00:00+00:00,-34.96944,-71.21694,220.0,open-meteo_ecmwf_ifs,daily,26.8605,12.3605,17.21,13.518836,1.8369547,70.99967,0.0,22.546405955840772,3.0829234699925663
2024-03-26 00:00:00+00:00,-34.96944,-71.21694,220.0,open-meteo_ecmwf_ifs,daily,28.2105,12.410501,18.96,13.273,2.190492,69.36122,0.0,22.351357577195788,3.4829551150705655
2024-03-27 00:00:00+00:00,-34.96944,-71.21694,220.0,open-meteo_ecmwf_ifs,daily,27.4605,15.2605,17.5,14.241752,2.648144,70.96311,0.0,22.156243161660914,3.5747616078682793
2024-03-28 00:00:00+00:00,-34.96944,-71.21694,220.0,open-meteo_ecmwf_ifs,daily,28.4105,11.5105,18.33,13.537585,1.6614925,71.89806,0.0,21.961133570653878,3.160996919147156
2024-03-29 00:00:00+00:00,-34.96944,-71.21694,220.0,open-meteo_ecmwf_ifs,daily,27.2605,12.160501,19.65,12.935501,2.041877,69.62445,0.0,21.766099930730025,3.379845993282572
2024-03-30 00:00:00+00:00,-34.96944,-71.21694,220.0,open-meteo_ecmwf_ifs,daily,25.1105,10.710501,18.94,8.660501,3.689231,58.227962,0.0,21.571213579261308,3.8685098031940472
2024-03-31 00:00:00+00:00,-34.96944,-71.21694,220.0,open-meteo_ecmwf_ifs,daily,20.810501,10.710501,13.52,5.568833,3.477786,53.188095,0.0,21.37654600971401,3.3157776559688115
2024-04-01 00:00:00+00:00,-34.96944,-71.21694,220.0,open-meteo_ecmwf_ifs,daily,22.7605,8.6105,18.98,3.8230002,2.7351038,49.259502,0.0,21.182168816634842,3.531949453539455
2024-04-02 00:00:00+00:00,-34.96944,-71.21694,220.0,open-meteo_ecmwf_ifs,daily,23.2605,12.0105,11.82,7.637584,2.1069484,59.219128,6.1,20.988153640455774,2.789439252204467
2024-04-03 00:00:00+00:00,-34.96944,-71.21694,220.0,open-meteo_ecmwf_ifs,daily,20.310501,13.710501,14.76,13.468833,2.0902126,83.200226,12.3,20.794572112227932,2.324618279879404
2024-04-04 00:00:00+00:00,-34.96944,-71.21694,220.0,open-meteo_ecmwf_ifs,daily,20.7605,7.6105,18.12,8.314668,3.0710304,70.824585,0.0,20.60149579839486,2.7559085117231428
2024-04-05 00:00:00+00:00,-34.96944,-71.21694,220.0,open-meteo_ecmwf_ifs,daily,21.9605,8.2605,16.98,9.783417,2.0689666,77.43965,0.0,20.40899614571515,2.5163044814948434
2024-04-06 00:00:00+00:00,-34.96944,-71.21694,220.0,open-meteo_ecmwf_ifs,daily,20.5105,8.460501,15.44,10.443833,2.3034546,80.14445,0.0,20.21714442644354,2.2371095908184713
2024-04-07 00:00:00+00:00,-34.96944,-71.21694,220.0,open-meteo_ecmwf_ifs,daily,21.3605,7.9105,16.22,9.135502,2.3129144,76.23278,0.0,20.02601168387884,2.454269030606614
2024-04-08 00:00:00+00:00,-34.96944,-71.21694,220.0,open-meteo_ecmwf_ifs,daily,21.9105,8.6105,15.3,11.052167,2.2624526,79.591484,0.0,19.83566867838548,2.272997188031703
2024-04-09 00:00:00+00:00,-34.96944,-71.21694,220.0,open-meteo_ecmwf_ifs,daily,21.4605,10.710501,14.49,11.839669,2.3239365,81.93427,0.0,19.646185833994277,2.2726965111483746
2024-04-10 00:00:00+00:00,-34.96944,-71.21694,220.0,open-meteo_ecmwf_ifs,daily,21.560501,7.1105,14.8,9.133417,1.8409485,76.27961,0.1,19.457633185685687,2.1785758221733964
2024-04-11 00:00:00+00:00,-34.96944,-71.21694,220.0,open-meteo_ecmwf_ifs,daily,19.560501,7.6105,15.85,8.9000845,1.3047776,79.08787,0.0,19.27008032745732,2.0616964190486593
2024-04-12 00:00:00+00:00,-34.96944,-71.21694,220.0,open-meteo_ecmwf_ifs,daily,19.6105,9.1105,12.29,9.923001,1.0006701,83.451126,0.0,19.08359636127456,1.7694051500470043
2024-04-13 00:00:00+00:00,-34.96944,-71.21694,220.0,open-meteo_ecmwf_ifs,daily,19.0105,8.960501,9.94,11.004251,1.1955036,84.08308,0.0,18.89824984700094,1.503995844501958
2024-04-14 00:00:00+00:00,-34.96944,-71.21694,220.0,open-meteo_ecmwf_ifs,daily,21.3605,9.460501,15.17,11.139667,1.7849091,81.1517,0.0,18.71410875340178,2.136412005112116
2024-04-15 00:00:00+00:00,-34.96944,-71.21694,220.0,open-meteo_ecmwf_ifs,daily,20.2105,9.660501,14.44,10.658418,1.3477312,80.72881,1.6,18.53124041031174,1.9730095257622373
2024-04-16 00:00:00+00:00,-34.96944,-71.21694,220.0,open-meteo_ecmwf_ifs,daily,21.5105,9.8605,15.08,11.345917,1.3638009,83.0828,0.5,18.349711462053392,2.059993513425444
2024-04-17 00:00:00+00:00,-34.96944,-71.21694,220.0,open-meteo_ecmwf_ifs,daily,23.8605,7.5105,16.39,8.864667,2.5031092,73.604,0.0,18.16958782219066,2.574281970113238
2024-04-18 00:00:00+00:00,-34.96944,-71.21694,220.0,open-meteo_ecmwf_ifs,daily,23.5105,9.3105,14.91,10.070916,1.7062095,71.16014,0.0,17.990934629696905,2.2704933939195895
2024-04-19 00:00:00+00:00,-34.96944,-71.21694,220.0,open-meteo_ecmwf_ifs,daily,19.4605,11.160501,8.64,11.162582,2.847144,78.9847,0.0,17.81381620661385,1.7740077919877342
2024-04-20 00:00:00+00:00,-34.96944,-71.21694,220.0,open-meteo_ecmwf_ifs,daily,16.4105,9.410501,7.56,8.0355,2.1196227,73.34467,0.0,17.638296017273042,1.5556371007361511
2024-04-21 00:00:00+00:00,-34.96944,-71.21694,220.0,open-meteo_ecmwf_ifs,daily,18.4605,9.5605,7.78,9.768834,2.678882,81.04171,0.1,17.46443662914768,1.628032789648239
2024-04-22 00:00:00+00:00,-34.96944,-71.21694,220.0,open-meteo_ecmwf_ifs,daily,15.410501,10.960501,5.28,11.579251,3.4574337,84.332085,6.1999993,17.29229967539776,1.0375034479593062
2024-04-23 00:00:00+00:00,-34.96944,-71.21694,220.0,open-meteo_ecmwf_ifs,daily,18.4605,5.9605,15.04,7.631334,2.4766235,82.35445,0.0,17.121945819167095,1.9028355152312089
2024-04-24 00:00:00+00:00,-34.96944,-71.21694,220.0,open-meteo_ecmwf_ifs,daily,18.9605,3.4605,15.19,6.1480002,1.6797782,76.19843,0.0,16.95343471968593,1.7525813318046888
2024-04-25 00:00:00+00:00,-34.96944,-71.21694,220.0,open-meteo_ecmwf_ifs,daily,19.5105,6.8605,13.65,6.762583,1.2693721,70.077385,0.0,16.78682500022806,1.7639282720943787
2024-04-26 00:00:00+00:00,-34.96944,-71.21694,220.0,open-meteo_ecmwf_ifs,daily,18.060501,8.960501,12.2,9.652168,1.5851593,84.113655,0.0,16.62217421796605,1.5993933490425878
2024-04-27 00:00:00+00:00,-34.96944,-71.21694,220.0,open-meteo_ecmwf_ifs,daily,16.2105,4.9105,14.71,5.0417495,3.1688612,72.07772,0.0,16.459538835763443,1.9287969110027297
2024-04-28 00:00:00+00:00,-34.96944,-71.21694,220.0,open-meteo_ecmwf_ifs,daily,14.660501,4.0605,13.27,3.937583,2.3853714,74.64325,0.0,16.298974195937028,1.6509869744371706
2024-04-29 00:00:00+00:00,-34.96944,-71.21694,220.0,open-meteo_ecmwf_ifs,daily,16.0605,3.2605002,6.83,5.6230006,3.8162258,78.44904,7.6000004,16.14053449601749,1.420853496903071
2024-04-30 00:00:00+00:00,-34.96944,-71.21694,220.0,open-meteo_ecmwf_ifs,daily,13.3105,10.1105,4.64,9.168835,2.983946,87.12179,41.79999,15.984272766530795,1.0782328404256643
2024-05-01 00:00:00+00:00,-34.96944,-71.21694,220.0,open-meteo_ecmwf_ifs,daily,12.460501,8.3105,6.48,8.075083,2.1604245,88.78573,4.7000003,15.830240850817502,1.0202865691388412
2024-05-02 00:00:00+00:00,-34.96944,-71.21694,220.0,open-meteo_ecmwf_ifs,daily,13.0105,1.8105,12.43,3.7375839,2.121027,83.12327,0.0,15.678489386901425,1.2665460666796706
2024-05-03 00:00:00+00:00,-34.96944,-71.21694,220.0,open-meteo_ecmwf_ifs,daily,13.8605,1.1105,10.27,4.023,1.3038322,83.74446,0.0,15.529067791413548,1.0851206514756664
2024-05-04 00:00:00+00:00,-34.96944,-71.21694,220.0,open-meteo_ecmwf_ifs,daily,14.7605,8.660501,3.29,6.8855,2.818764,78.18917,11.600001,15.382024245571351,1.354535305785695
2024-05-05 00:00:00+00:00,-34.96944,-71.21694,220.0,open-meteo_ecmwf_ifs,daily,15.0105,9.6105,7.1,9.160501,1.2859975,87.307365,22.5,15.237405683208081,1.0918390674101925
2024-05-06 00:00:00+00:00,-34.96944,-71.21694,220.0,open-meteo_ecmwf_ifs,daily,15.0605,3.6105,12.77,5.995916,1.8535533,84.17733,0.0,15.095257780840683,1.2697505970719143
2024-05-07 00:00:00+00:00,-34.96944,-71.21694,220.0,open-meteo_ecmwf_ifs,daily,9.3105,6.0604997,1.26,4.6542497,2.7092597,81.13671,27.100002,14.955624949759482,0.8627175542082163
2024-05-08 00:00:00+00:00,-34.96944,-71.21694,220.0,open-meteo_ecmwf_ifs,daily,13.2605,1.4104999,12.62,3.8834164,2.224883,84.77974,0.1,14.818550330116988,1.1886338456910266
2024-05-09 00:00:00+00:00,-34.96944,-71.21694,220.0,open-meteo_ecmwf_ifs,daily,11.2605,0.6105,9.71,2.2230003,1.9202787,82.55729,0.0,14.684075786987423,1.032893600417488
2024-05-10 00:00:00+00:00,-34.96944,-71.21694,220.0,open-meteo_ecmwf_ifs,daily,13.1105,3.5105002,9.08,5.660501,1.034576,88.51907,0.0,14.552241908363017,0.9335928431230623
2024-05-11 00:00:00+00:00,-34.96944,-71.21694,220.0,open-meteo_ecmwf_ifs,daily,13.5105,3.4605,10.77,5.443833,1.3344194,89.249886,0.0,14.423088005047479,1.0355425374343823
2024-05-12 00:00:00+00:00,-34.96944,-71.21694,220.0,open-meteo_ecmwf_ifs,daily,12.1105,2.4105,11.21,4.5354996,2.2229395,88.91159,0.0,14.296652112401434,1.0306719675584974
2024-05-13 00:00:00+00:00,-34.96944,-71.21694,220.0,open-meteo_ecmwf_ifs,daily,12.210501,1.8105,10.82,3.9729998,1.63195,90.422035,0.0,14.172970993889432,0.9855018515872849
2024-05-14 00:00:00+00:00,-34.96944,-71.21694,220.0,open-meteo_ecmwf_ifs,daily,12.410501,0.4605,11.67,3.4146664,1.0177573,88.41098,0.0,14.052080146372354,0.9206378297736585
2024-05-15 00:00:00+00:00,-34.96944,-71.21694,220.0,open-meteo_ecmwf_ifs,daily,12.0605,0.9605,8.39,3.689666,1.9900292,85.10501,0.0,13.934013807084252,0.8987773276744775
2024-05-16 00:00:00+00:00,-34.96944,-71.21694,220.0,open-meteo_ecmwf_ifs,daily,14.5605,0.6605,11.38,3.1292498,1.4497951,84.53112,0.0,13.818804962227281,1.0635935686607614
2024-05-17 00:00:00+00:00,-34.96944,-71.21694,220.0,open-meteo_ecmwf_ifs,daily,13.2605,0.010499999,10.68,2.6771667,1.2475704,78.606514,2.0,13.706485357113523,0.9420308767897708
2024-05-18 00:00:00+00:00,-34.96944,-71.21694,220.0,open-meteo_ecmwf_ifs,daily,13.910501,-0.13949999,11.39,3.1500833,1.0915128,80.9929,0.0,13.597085507777741,0.9231137473780545
2024-05-19 00:00:00+00:00,-34.96944,-71.21694,220.0,open-meteo_ecmwf_ifs,daily,13.960501,1.4605,9.98,3.6625834,0.7826497,81.10122,0.0,13.490634713980528,0.8748924091106621
2024-05-20 00:00:00+00:00,-34.96944,-71.21694,220.0,open-meteo_ecmwf_ifs,daily,10.160501,8.1105,1.3,7.412584,1.553224,89.63702,34.200005,13.387161073516939,0.6249802358472534
2024-05-21 00:00:00+00:00,-34.96944,-71.21694,220.0,open-meteo_ecmwf_ifs,daily,12.910501,5.6105,10.96,6.00425,2.3646028,88.26077,0.0,13.286691497741582,1.0914757338374974
2024-05-22 00:00:00+00:00,-34.96944,-71.21694,220.0,open-meteo_ecmwf_ifs,daily,8.3605,4.5105,1.45,5.2834163,1.4483083,94.13607,9.7,13.18925172821735,0.5201124895515181
2024-05-23 00:00:00+00:00,-34.96944,-71.21694,220.0,open-meteo_ecmwf_ifs,daily,12.8105,3.0605001,10.38,5.379251,1.2358123,86.34252,2.1000001,13.094866354391186,0.8473109067156316
2024-05-24 00:00:00+00:00,-34.96944,-71.21694,220.0,open-meteo_ecmwf_ifs,daily,10.8105,0.010499999,5.99,3.070917,1.5844215,88.98856,0.0,13.003558832197285,0.692820218657745
2024-05-25 00:00:00+00:00,-34.96944,-71.21694,220.0,open-meteo_ecmwf_ifs,daily,14.2605,4.0605,6.2,6.014667,1.8200239,87.91885,0.0,12.915351503484972,0.8932244114283472
2024-05-26 00:00:00+00:00,-34.96944,-71.21694,220.0,open-meteo_ecmwf_ifs,daily,13.8105,7.0105,6.21,7.8417506,1.5753897,86.53878,6.9999995,12.830265616165912,0.8452797995323333
2024-05-27 00:00:00+00:00,-34.96944,-71.21694,220.0,open-meteo_ecmwf_ifs,daily,13.3605,1.5605,7.22,4.864667,1.1624762,85.60398,0.0,12.748321344973151,0.738242665476981
2024-05-28 00:00:00+00:00,-34.96944,-71.21694,220.0,open-meteo_ecmwf_ifs,daily,15.960501,5.1605,6.98,7.47925,1.2277459,91.97284,0.0,12.669537812722531,0.8550926526099355
2024-05-29 00:00:00+00:00,-34.96944,-71.21694,220.0,open-meteo_ecmwf_ifs,daily,16.7605,6.2105,6.8,8.714667,1.2941705,91.75901,0.5,12.59393311196565,0.8599356265969599
2024-05-30 00:00:00+00:00,-34.96944,-71.21694,220.0,open-meteo_ecmwf_ifs,daily,16.6105,6.2105,8.88,9.160501,0.7142081,87.203674,0.0,12.521524326922425,0.8100933869129862
2024-05-31 00:00:00+00:00,-34.96944,-71.21694,220.0,open-meteo_ecmwf_ifs,daily,14.1105,6.7605,4.75,8.802167,0.94163984,94.07693,2.1000001,12.45232755558081,0.6684470030080746
2024-06-01 00:00:00+00:00,-34.96944,-71.21694,220.0,open-meteo_ecmwf_ifs,daily,16.5105,6.6605,9.22,9.598001,1.8682212,91.23242,1.8,12.386357931851046,0.881991659589953
2024-06-02 00:00:00+00:00,-34.96944,-71.21694,220.0,open-meteo_ecmwf_ifs,daily,10.660501,4.8104997,3.65,6.004249,2.8629997,93.76306,0.0,12.3236296476621,0.6829753221906886
2024-06-03 00:00:00+00:00,-34.96944,-71.21694,220.0,open-meteo_ecmwf_ifs,daily,14.3605,3.6105,3.97,6.602167,1.3226385,91.768524,0.0,12.264155974888972,0.6962745491264428
2024-06-04 00:00:00+00:00,-34.96944,-71.21694,220.0,open-meteo_ecmwf_ifs,daily,11.1105,5.4605,2.22,7.1042504,1.3435353,94.41659,2.8,12.207949287000488,0.5490724076343914
2024-06-05 00:00:00+00:00,-34.96944,-71.21694,220.0,open-meteo_ecmwf_ifs,daily,13.160501,7.3605,2.66,7.7605,2.0115728,88.72962,2.4999998,12.155021080319433,0.7785612104599324
2024-06-06 00:00:00+00:00,-34.96944,-71.21694,220.0,open-meteo_ecmwf_ifs,daily,18.1605,8.5605,6.29,10.220917,1.5642465,85.52158,50.600002,12.105381994788727,0.9373168626945202
2024-06-07 00:00:00+00:00,-34.96944,-71.21694,220.0,open-meteo_ecmwf_ifs,daily,17.810501,9.5605,6.88,11.293834,0.8149302,93.29516,0.0,12.059041834140562,0.8030841710504861
2024-06-08 00:00:00+00:00,-34.96944,-71.21694,220.0,open-meteo_ecmwf_ifs,daily,16.0605,9.7605,4.28,10.4855,3.4561455,90.51408,0.70000005,12.016009585368286,0.9858394921790942
2024-06-09 00:00:00+00:00,-34.96944,-71.21694,220.0,open-meteo_ecmwf_ifs,daily,15.5105,9.8105,5.6,9.114667,3.2533064,82.50959,29.700003,11.976293437404921,1.1830936836620694
2024-06-10 00:00:00+00:00,-34.96944,-71.21694,220.0,open-meteo_ecmwf_ifs,daily,14.6105,7.6105,2.75,7.702167,1.8136555,80.7839,0.0,11.939900798916234,0.8772191685475573
2024-06-11 00:00:00+00:00,-34.96944,-71.21694,220.0,open-meteo_ecmwf_ifs,daily,13.210501,9.0105,2.09,9.062585,1.5392092,88.47653,3.8000004,11.906838315121014,0.6856077398204864
2024-06-12 00:00:00+00:00,-34.96944,-71.21694,220.0,open-meteo_ecmwf_ifs,daily,16.0105,9.160501,5.94,8.729249,4.003593,81.63357,0.5,11.877111883556514,1.3314137888794821
2024-06-13 00:00:00+00:00,-34.96944,-71.21694,220.0,open-meteo_ecmwf_ifs,daily,13.710501,11.1105,1.44,10.073001,6.3754287,88.61416,40.399998,11.85072666871223,1.08855097410872
2024-06-14 00:00:00+00:00,-34.96944,-71.21694,220.0,open-meteo_ecmwf_ifs,daily,14.7605,9.5605,6.58,8.260501,3.4226305,82.79522,18.700003,11.82768711546161,1.2466573217186754
2024-06-15 00:00:00+00:00,-34.96944,-71.21694,220.0,open-meteo_ecmwf_ifs,daily,15.3605,5.2605,9.33,7.91675,0.8753264,90.28473,5.1,11.80799696122719,0.7270766243257867
2024-06-16 00:00:00+00:00,-34.96944,-71.21694,220.0,open-meteo_ecmwf_ifs,daily,13.5105,5.1105,5.77,7.19175,0.76637983,90.63912,0.0,11.791659246821622,0.6339633089653778
2024-06-17 00:00:00+00:00,-34.96944,-71.21694,220.0,open-meteo_ecmwf_ifs,daily,10.710501,4.8104997,2.52,6.764667,2.6427696,94.31971,19.000002,11.778676325913892,0.5336420109841141
2024-06-18 00:00:00+00:00,-34.96944,-71.21694,220.0,open-meteo_ecmwf_ifs,daily,9.910501,6.3104997,0.66,7.381334,3.1074877,90.94691,98.5,11.76904987307734,0.47578601527828723
2024-06-19 00:00:00+00:00,-34.96944,-71.21694,220.0,open-meteo_ecmwf_ifs,daily,14.7605,5.9605,8.74,7.0500836,1.4113216,86.175964,3.2,11.762780890383514,0.8342363633149245
2024-06-20 00:00:00+00:00,-34.96944,-71.21694,220.0,open-meteo_ecmwf_ifs,daily,10.8605,8.8605,0.77,8.839667,3.728134,90.402466,48.4,11.759869712513698,0.5685820954486116
2024-06-21 00:00:00+00:00,-34.96944,-71.21694,220.0,open-meteo_ecmwf_ifs,daily,10.8105,7.7105,3.48,6.8896675,4.0123878,86.07752,56.899998,11.760316010367507,0.8777538363871636
2024-06-22 00:00:00+00:00,-34.96944,-71.21694,220.0,open-meteo_ecmwf_ifs,daily,8.960501,7.7105,1.71,6.6334167,2.7494535,88.70263,18.2,11.764118793156209,0.6510910848549529
2024-06-23 00:00:00+00:00,-34.96944,-71.21694,220.0,open-meteo_ecmwf_ifs,daily,10.5605,2.2105,9.8,4.312583,1.437491,89.90203,4.2,11.771276408976112,0.64229507807139
2024-06-24 00:00:00+00:00,-34.96944,-71.21694,220.0,open-meteo_ecmwf_ifs,daily,9.910501,1.4605,9.76,3.183417,2.4531724,87.39914,0.0,11.781786543865522,0.7264288679413367
2024-06-25 00:00:00+00:00,-34.96944,-71.21694,220.0,open-meteo_ecmwf_ifs,daily,10.8605,0.2605,8.56,2.5834165,1.2955381,90.11606,0.0,11.795646219356673,0.6594285628098
2024-06-26 00:00:00+00:00,-34.96944,-71.21694,220.0,open-meteo_ecmwf_ifs,daily,12.160501,1.9104999,8.36,2.9334166,1.964632,82.53164,0.0,11.81285178854192,0.8720971273248144
2024-06-27 00:00:00+00:00,-34.96944,-71.21694,220.0,open-meteo_ecmwf_ifs,daily,12.410501,3.3105001,3.99,4.4292502,1.1363302,83.05973,0.0,11.833398930681291,0.705254484881151
2024-06-28 00:00:00+00:00,-34.96944,-71.21694,220.0,open-meteo_ecmwf_ifs,daily,10.6105,2.4605,10.52,4.4105,2.9684265,82.94147,0.4,11.85728264438596,0.7485902125428879
2024-06-29 00:00:00+00:00,-34.96944,-71.21694,220.0,open-meteo_ecmwf_ifs,daily,12.3605,0.81049997,9.29,2.6709168,1.9831766,86.845116,0.2,11.884497239419767,0.8525136206115237
2024-06-30 00:00:00+00:00,-34.96944,-71.21694,220.0,open-meteo_ecmwf_ifs,daily,11.1105,0.5105,8.67,3.1250832,1.6883823,86.496635,0.0,11.915036327167938,0.6955665883913156
2024-07-01 00:00:00+00:00,-34.96944,-71.21694,220.0,open-meteo_ecmwf_ifs,daily,12.660501,1.0605,8.95,3.7375832,1.7442122,93.475975,0.0,11.948892809828994,0.7712021723612433
2024-07-02 00:00:00+00:00,-34.96944,-71.21694,220.0,open-meteo_ecmwf_ifs,daily,14.3605,2.4105,9.12,5.91675,1.9685616,93.17401,0.0,11.986058868392442,0.7873029538654822
2024-07-03 00:00:00+00:00,-34.96944,-71.21694,220.0,open-meteo_ecmwf_ifs,daily,10.910501,4.8104997,7.71,5.9354997,2.8395681,90.97057,0.0,12.026525949471003,0.7480889350894179
2024-07-04 00:00:00+00:00,-34.96944,-71.21694,220.0,open-meteo_ecmwf_ifs,daily,10.5605,0.7105,11.06,1.2250834,3.576966,78.327705,0.0,12.070284751061877,1.0874267412757663
2024-07-05 00:00:00+00:00,-34.96944,-71.21694,220.0,open-meteo_ecmwf_ifs,daily,7.9105,-3.6395,10.74,-1.127,2.920022,85.20387,0.0,12.117325207317073,0.7589975207366542
2024-07-06 00:00:00+00:00,-34.96944,-71.21694,220.0,open-meteo_ecmwf_ifs,daily,7.2105,0.1105,7.62,0.85633326,2.327397,91.79925,0.0,12.167636472407503,0.7074327306768805
2024-07-07 00:00:00+00:00,-34.96944,-71.21694,220.0,open-meteo_ecmwf_ifs,daily,7.7605,-1.6395,7.89,0.198,2.2218795,89.48223,0.0,12.22120690357054,0.6930239400243947
2024-07-08 00:00:00+00:00,-34.96944,-71.21694,220.0,open-meteo_ecmwf_ifs,daily,6.7105,-1.3895,6.84,-0.010333337,1.8729287,90.84106,0.0,12.27802404343419,0.6376796005793889
2024-07-09 00:00:00+00:00,-34.96944,-71.21694,220.0,open-meteo_ecmwf_ifs,daily,5.0604997,-2.2895,5.8,-0.62908334,1.213756,93.447945,0.0,12.338074601715123,0.5189408032778159
2024-07-10 00:00:00+00:00,-34.96944,-71.21694,220.0,open-meteo_ecmwf_ifs,daily,7.9105,-3.8895,10.86,-0.7145,1.4705607,87.07062,0.0,12.401344436390614,0.6351868925952363
2024-07-11 00:00:00+00:00,-34.96944,-71.21694,220.0,open-meteo_ecmwf_ifs,daily,10.0105,-3.6395,10.19,-1.2561666,1.2620006,85.49402,0.0,12.467818534447028,0.7346817452728234
2024-07-12 00:00:00+00:00,-34.96944,-71.21694,220.0,open-meteo_ecmwf_ifs,daily,13.960501,-5.2895,11.43,-4.160334,1.1959685,73.49265,0.0,12.537480992309801,0.913521576908424
2024-07-13 00:00:00+00:00,-34.96944,-71.21694,220.0,open-meteo_ecmwf_ifs,daily,10.0605,-1.1395,8.78,-0.004083276,1.5462246,84.339714,0.0,12.610314996061248,0.8213679320360597
2024-07-14 00:00:00+00:00,-34.96944,-71.21694,220.0,open-meteo_ecmwf_ifs,daily,7.1605,-3.3395,9.09,-0.98741657,1.643569,89.43985,0.0,12.686302801553808,0.6635042907508306
2024-07-15 00:00:00+00:00,-34.96944,-71.21694,220.0,open-meteo_ecmwf_ifs,daily,4.3104997,-1.7395,5.03,0.12091664,1.7056645,97.26434,0.0,12.765425714526977,0.4789839727882596
2024-07-16 00:00:00+00:00,-34.96944,-71.21694,220.0,open-meteo_ecmwf_ifs,daily,10.1105,-1.6395,9.32,0.67508334,1.2648829,92.749664,0.0,12.847664070836258,0.7491578895650387
2024-07-17 00:00:00+00:00,-34.96944,-71.21694,220.0,open-meteo_ecmwf_ifs,daily,10.460501,0.76049995,6.65,2.0084167,1.6035463,89.03292,0.0,12.932997216902322,0.8059433514183381
2024-07-18 00:00:00+00:00,-34.96944,-71.21694,220.0,open-meteo_ecmwf_ifs,daily,11.3605,4.4605,3.67,4.9563336,2.3913898,89.236595,1.6,13.021403490487875,0.8524623923196715
2024-07-19 00:00:00+00:00,-34.96944,-71.21694,220.0,open-meteo_ecmwf_ifs,daily,11.160501,-1.0895001,8.85,2.1354997,2.2975163,83.72096,0.0,13.112860201908385,0.8333750549999945
2024-07-20 00:00:00+00:00,-34.96944,-71.21694,220.0,open-meteo_ecmwf_ifs,daily,10.3605,-0.0895,9.44,1.62925,0.993182,87.82813,0.0,13.207343615781589,0.772446496341117
2024-07-21 00:00:00+00:00,-34.96944,-71.21694,220.0,open-meteo_ecmwf_ifs,daily,15.160501,0.4605,11.57,4.183417,1.5435141,86.06817,0.0,13.304828933418555,0.9840165200547659
2024-07-22 00:00:00+00:00,-34.96944,-71.21694,220.0,open-meteo_ecmwf_ifs,daily,14.8605,2.2105,11.26,4.5125833,1.255354,88.52905,0.0,13.405290275956789,0.9994436563034097
2024-07-23 00:00:00+00:00,-34.96944,-71.21694,220.0,open-meteo_ecmwf_ifs,daily,13.2605,2.2605002,6.05,6.433417,2.0067282,90.46636,0.2,13.508700668333478,0.6981974357773023
2024-07-24 00:00:00+00:00,-34.96944,-71.21694,220.0,open-meteo_ecmwf_ifs,daily,15.8605,3.0105002,10.95,6.352167,1.0100299,88.64217,0.0,13.61503202419362,0.9691979752673606
2024-07-25 00:00:00+00:00,-34.96944,-71.21694,220.0,open-meteo_ecmwf_ifs,daily,10.7605,2.9105,5.18,5.5855002,1.4481462,87.97225,0.2,13.724255131824904,0.6455720923261153
2024-07-26 00:00:00+00:00,-34.96944,-71.21694,220.0,open-meteo_ecmwf_ifs,daily,10.7605,5.1605,7.75,5.8146667,2.5854154,92.782524,1.2,13.83633964120743,0.8864793582480416
2024-07-27 00:00:00+00:00,-34.96944,-71.21694,220.0,open-meteo_ecmwf_ifs,daily,12.2605,-1.2395,12.92,1.5229999,3.286539,80.01577,0.0,13.951254052262598,1.1842532717947463
2024-07-28 00:00:00+00:00,-34.96944,-71.21694,220.0,open-meteo_ecmwf_ifs,daily,9.960501,-1.3895,12.23,0.62299997,3.0408714,82.62458,0.0,14.068965704381569,1.0661064331650365
2024-07-29 00:00:00+00:00,-34.96944,-71.21694,220.0,open-meteo_ecmwf_ifs,daily,12.710501,-0.73950005,9.91,2.3271668,1.6665521,90.65363,0.0,14.189440767309328,0.9736994255118773
2024-07-30 00:00:00+00:00,-34.96944,-71.21694,220.0,open-meteo_ecmwf_ifs,daily,14.6105,4.3104997,5.25,5.4542503,1.418593,83.56672,0.0,14.31264423345599,0.9690961211323107
2024-07-31 00:00:00+00:00,-34.96944,-71.21694,220.0,open-meteo_ecmwf_ifs,daily,12.2605,6.4105,3.17,7.848,2.7004964,92.659485,0.4,14.438539911702463,0.7215099526049392
2024-08-01 00:00:00+00:00,-34.96944,-71.21694,220.0,open-meteo_ecmwf_ifs,daily,12.910501,10.1105,2.21,7.7625833,6.393678,79.572845,1.4,14.56709042276261,1.511170451959757
2024-08-02 00:00:00+00:00,-34.96944,-71.21694,220.0,open-meteo_ecmwf_ifs,daily,11.8105,9.1105,3.35,8.695916,5.8091006,88.08808,70.8,14.698257196159402,0.9149880333037098
2024-08-03 00:00:00+00:00,-34.96944,-71.21694,220.0,open-meteo_ecmwf_ifs,daily,15.3105,4.6105,13.15,6.0125833,2.5020192,78.66661,16.7,14.83200046886735,1.418372267187287
2024-08-04 00:00:00+00:00,-34.96944,-71.21694,220.0,open-meteo_ecmwf_ifs,daily,12.210501,5.0105,4.04,5.7521667,1.4872285,84.03062,0.7,14.968279285668572,0.840836316464655
2024-08-05 00:00:00+00:00,-34.96944,-71.21694,220.0,open-meteo_ecmwf_ifs,daily,10.3105,6.9605,3.65,5.120917,3.004054,78.15958,14.7,15.107051501264472,1.0699382327243285
2024-08-06 00:00:00+00:00,-34.96944,-71.21694,220.0,open-meteo_ecmwf_ifs,daily,11.5105,2.8605,11.6,4.214667,1.5398335,83.148186,11.9000025,15.248273784179846,1.090098504136816
2024-08-07 00:00:00+00:00,-34.96944,-71.21694,220.0,open-meteo_ecmwf_ifs,daily,10.210501,0.56049997,12.78,2.2813332,1.9537839,86.838806,0.0,15.391901622491106,1.0999504067190118
2024-08-08 00:00:00+00:00,-34.96944,-71.21694,220.0,open-meteo_ecmwf_ifs,daily,11.6105,-1.7895,13.5,0.1542501,1.475572,78.70342,0.0,15.53788933140458,1.1783793172049446
2024-08-09 00:00:00+00:00,-34.96944,-71.21694,220.0,open-meteo_ecmwf_ifs,daily,11.410501,-0.73950005,10.7,1.8625835,1.6162409,86.37205,0.0,15.686190062705883,1.0549696781355449
2024-08-10 00:00:00+00:00,-34.96944,-71.21694,220.0,open-meteo_ecmwf_ifs,daily,15.7605,1.1604999,12.33,5.577167,1.9483842,87.3679,0.0,15.836755816095799,1.2367753610208436
2024-08-11 00:00:00+00:00,-34.96944,-71.21694,220.0,open-meteo_ecmwf_ifs,daily,15.710501,2.9605,14.16,5.412583,2.6208808,83.90471,0.0,15.989537452422708,1.528512687252537
2024-08-12 00:00:00+00:00,-34.96944,-71.21694,220.0,open-meteo_ecmwf_ifs,daily,16.1605,4.2105,12.24,6.943834,2.092817,89.32848,0.0,16.1444847088164,1.3876895877425395
2024-08-13 00:00:00+00:00,-34.96944,-71.21694,220.0,open-meteo_ecmwf_ifs,daily,17.1605,6.2605,11.35,8.55425,1.1336845,88.0456,0.0,16.301546215722727,1.3344228559981661
2024-08-14 00:00:00+00:00,-34.96944,-71.21694,220.0,open-meteo_ecmwf_ifs,daily,13.160501,7.6605,6.02,8.71675,1.8703398,91.54395,0.0,16.460669515833153,0.9330018335047946
2024-08-15 00:00:00+00:00,-34.96944,-71.21694,220.0,open-meteo_ecmwf_ifs,daily,14.5605,6.4605,12.04,7.400084,2.215894,87.03791,0.0,16.621801084898316,1.4258681489293676
2024-08-16 00:00:00+00:00,-34.96944,-71.21694,220.0,open-meteo_ecmwf_ifs,daily,12.0105,2.9605,9.1,4.4375834,2.9735305,84.34214,0.0,16.78488635440912,1.2015230903256686
2024-08-17 00:00:00+00:00,-34.96944,-71.21694,220.0,open-meteo_ecmwf_ifs,daily,12.0605,3.7605002,12.87,3.495917,3.2565012,76.0523,0.0,16.949869736124263,1.585646849598317
2024-08-18 00:00:00+00:00,-34.96944,-71.21694,220.0,open-meteo_ecmwf_ifs,daily,8.910501,3.4105,4.71,2.4063332,2.520583,77.4373,0.1,17.116694648417614,1.042095943631182
2024-08-19 00:00:00+00:00,-34.96944,-71.21694,220.0,open-meteo_ecmwf_ifs,daily,10.3605,2.7105,10.62,2.7646668,1.8707498,79.37649,0.2,17.28530354441421,1.2432836932732443
2024-08-20 00:00:00+00:00,-34.96944,-71.21694,220.0,open-meteo_ecmwf_ifs,daily,11.660501,0.81049997,12.59,2.7875836,1.5523373,81.064766,0.0,17.45563794187867,1.2736267454446755
2024-08-21 00:00:00+00:00,-34.96944,-71.21694,220.0,open-meteo_ecmwf_ifs,daily,8.5105,-0.4395,7.06,2.36675,2.6337712,87.844604,8.4,17.627638454815123,0.8195498070830032
2024-08-22 00:00:00+00:00,-34.96944,-71.21694,220.0,open-meteo_ecmwf_ifs,daily,12.5605,1.9104999,12.72,3.543833,2.8856537,79.67663,6.4,17.80124482673298,1.4658010857969774
2024-08-23 00:00:00+00:00,-34.96944,-71.21694,220.0,open-meteo_ecmwf_ifs,daily,10.7605,2.8105001,8.1,3.923,2.276073,87.74075,18.0,17.976395965528674,1.1116957229721902
2024-08-24 00:00:00+00:00,-34.96944,-71.21694,220.0,open-meteo_ecmwf_ifs,daily,14.910501,-1.1395,16.78,2.0959167,1.5862937,82.66372,0.0,18.15302997992867,1.6377461079944922
2024-08-25 00:00:00+00:00,-34.96944,-71.21694,220.0,open-meteo_ecmwf_ifs,daily,18.0105,-1.9395,14.85,3.4250834,1.2694403,82.808876,0.0,18.331084217435173,1.5741201707167063
2024-08-26 00:00:00+00:00,-34.96944,-71.21694,220.0,open-meteo_ecmwf_ifs,daily,16.2605,1.6105,16.51,5.5938334,1.7235903,84.258286,0.4,18.51049530371174,1.692607540213639
2024-08-27 00:00:00+00:00,-34.96944,-71.21694,220.0,open-meteo_ecmwf_ifs,daily,14.8105,4.1105,14.04,6.508417,2.3305051,87.396996,0.0,18.6911991833419,1.5918641100101312
2024-08-28 00:00:00+00:00,-34.96944,-71.21694,220.0,open-meteo_ecmwf_ifs,daily,16.0605,5.3605,13.93,7.281334,1.4049104,86.049644,0.0,18.873131161890438,1.6604388503877137
2024-08-29 00:00:00+00:00,-34.96944,-71.21694,220.0,open-meteo_ecmwf_ifs,daily,15.0605,5.6605,9.14,8.093833,1.3366848,88.5307,0.1,19.05622594919296,1.2529491705318327
2024-08-30 00:00:00+00:00,-34.96944,-71.21694,220.0,open-meteo_ecmwf_ifs,daily,13.710501,8.8105,7.27,7.581333,1.1933006,83.321785,0.6,19.24041770379641,1.2637505448119313
2024-08-31 00:00:00+00:00,-34.96944,-71.21694,220.0,open-meteo_ecmwf_ifs,daily,17.6605,2.0605001,17.42,6.6855006,1.8630267,84.00937,0.0,19.425640078469602,1.8668610821107978
2024-09-01 00:00:00+00:00,-34.96944,-71.21694,220.0,open-meteo_ecmwf_ifs,daily,20.1605,3.0605001,16.71,8.208417,1.3643355,82.96232,0.0,19.611826266699808,1.946340640087619
2024-09-02 00:00:00+00:00,-34.96944,-71.21694,220.0,open-meteo_ecmwf_ifs,daily,11.1105,3.8605,3.55,6.860501,1.7188864,90.497246,4.9999995,19.798909050089005,0.6648004637640087
2024-09-03 00:00:00+00:00,-34.96944,-71.21694,220.0,open-meteo_ecmwf_ifs,daily,14.410501,3.3105001,15.53,4.92925,3.1753378,84.29745,0.0,19.986820846560157,1.873494581093309
2024-09-04 00:00:00+00:00,-34.96944,-71.21694,220.0,open-meteo_ecmwf_ifs,daily,16.2105,2.3105001,19.01,4.6584167,2.8692687,80.83884,0.0,20.175493759282023,2.1689689562248295
2024-09-05 00:00:00+00:00,-34.96944,-71.21694,220.0,open-meteo_ecmwf_ifs,daily,15.210501,4.5105,13.75,6.362583,2.1578395,85.336006,0.0,20.364859626218653,1.7448334232726268
2024-09-06 00:00:00+00:00,-34.96944,-71.21694,220.0,open-meteo_ecmwf_ifs,daily,15.7605,3.6105,14.32,6.089667,2.040181,83.75833,0.0,20.554850070207443,1.7824142143643473
2024-09-07 00:00:00+00:00,-34.96944,-71.21694,220.0,open-meteo_ecmwf_ifs,daily,14.910501,5.5105,15.54,6.452166,2.8627808,83.30016,0.0,20.745396549468758,1.9717321403785337
2024-09-08 00:00:00+00:00,-34.96944,-71.21694,220.0,open-meteo_ecmwf_ifs,daily,15.3105,3.6105,15.96,5.143833,2.7953365,77.74468,0.0,20.936430408447634,2.019305154717156
2024-09-09 00:00:00+00:00,-34.96944,-71.21694,220.0,open-meteo_ecmwf_ifs,daily,18.9105,3.8105001,16.99,6.183417,1.5445715,75.82816,0.0,21.12788292888789,2.1889219655754006
2024-09-10 00:00:00+00:00,-34.96944,-71.21694,220.0,open-meteo_ecmwf_ifs,daily,14.8105,6.3605,12.33,6.7855,2.400034,77.54325,2.5,21.31968538103737,1.7946896665691086
2024-09-11 00:00:00+00:00,-34.96944,-71.21694,220.0,open-meteo_ecmwf_ifs,daily,16.560501,3.0105002,19.1,4.9500823,3.044156,76.79916,0.0,21.51176907488246,2.3467315531041772
2024-09-12 00:00:00+00:00,-34.96944,-71.21694,220.0,open-meteo_ecmwf_ifs,daily,13.710501,3.4605,13.99,4.5334167,2.504278,79.98936,0.0,21.704065411310285,1.8259900402977665
2024-09-13 00:00:00+00:00,-34.96944,-71.21694,220.0,open-meteo_ecmwf_ifs,daily,16.7605,3.2605002,19.9,5.5875835,2.7756793,77.81428,0.0,21.896505933095714,2.372353595250932
2024-09-14 00:00:00+00:00,-34.96944,-71.21694,220.0,open-meteo_ecmwf_ifs,daily,19.560501,3.4105,19.91,5.858416,2.4541798,76.87424,0.0,22.089022375611723,2.619842418446266
2024-09-15 00:00:00+00:00,-34.96944,-71.21694,220.0,open-meteo_ecmwf_ifs,daily,20.2105,5.2105,19.81,5.7938333,3.3811083,70.83265,0.0,22.281546717161095,3.022184180103778
2024-09-16 00:00:00+00:00,-34.96944,-71.21694,220.0,open-meteo_ecmwf_ifs,daily,18.7105,3.7605002,14.22,6.4688334,2.1848118,79.254875,0.0,22.474011228828772,2.1061142888575617
2024-09-17 00:00:00+00:00,-34.96944,-71.21694,220.0,open-meteo_ecmwf_ifs,daily,20.9105,6.4105,19.95,7.968834,1.9371978,74.068184,0.0,22.666348523755005,2.7976857686815695
2024-09-18 00:00:00+00:00,-34.96944,-71.21694,220.0,open-meteo_ecmwf_ifs,daily,16.9605,6.5604997,10.96,8.74175,2.369134,84.275444,0.0,22.858491605730542,1.7224947807983384
2024-09-19 00:00:00+00:00,-34.96944,-71.21694,220.0,open-meteo_ecmwf_ifs,daily,12.8605,9.210501,5.67,8.323001,5.0109153,84.41567,42.5,23.050373917017037,1.3965052238998117
2024-09-20 00:00:00+00:00,-34.96944,-71.21694,220.0,open-meteo_ecmwf_ifs,daily,15.5605,5.9605,10.89,8.183416,1.187754,89.007164,0.0,23.241929385297475,1.5798373708716762
2024-09-21 00:00:00+00:00,-34.96944,-71.21694,220.0,open-meteo_ecmwf_ifs,daily,16.6605,5.6105,16.88,6.87925,1.6404327,81.85032,0.0,23.43309246966339,2.24941514596383
2024-09-22 00:00:00+00:00,-34.96944,-71.21694,220.0,open-meteo_ecmwf_ifs,daily,13.7605,9.3605,7.47,8.325084,2.3648765,84.96116,23.099998,23.623798205548553,1.4927649440168773
2024-09-23 00:00:00+00:00,-34.96944,-71.21694,220.0,open-meteo_ecmwf_ifs,daily,16.7605,6.9105,19.26,8.023,1.8546256,82.860855,7.4,23.813982248520865,2.493051678460438
2024-09-24 00:00:00+00:00,-34.96944,-71.21694,220.0,open-meteo_ecmwf_ifs,daily,16.0605,3.1605,20.62,6.0709167,2.3589067,82.33409,0.0,24.003580916847607,2.399080600578647
2024-09-25 00:00:00+00:00,-34.96944,-71.21694,220.0,open-meteo_ecmwf_ifs,daily,16.1105,3.5105002,22.35,4.8855,3.5497167,75.495964,0.0,24.192531232752177,2.747981948132411
2024-09-26 00:00:00+00:00,-34.96944,-71.21694,220.0,open-meteo_ecmwf_ifs,daily,19.3605,2.6605,19.29,6.3730006,1.6523367,81.606804,0.0,24.38077096228373,2.511073392183339
2024-09-27 00:00:00+00:00,-34.96944,-71.21694,220.0,open-meteo_ecmwf_ifs,daily,20.0105,4.9605,21.74,8.110501,1.5774693,78.53217,0.0,24.568238653725345,2.834736924459711
2024-09-28 00:00:00+00:00,-34.96944,-71.21694,220.0,open-meteo_ecmwf_ifs,daily,20.0105,6.8104997,17.49,7.016751,2.1330116,69.58256,0.0,24.754873674469497,2.796099711642676
2024-09-29 00:00:00+00:00,-34.96944,-71.21694,220.0,open-meteo_ecmwf_ifs,daily,18.310501,7.4605,17.04,9.4417515,2.0006785,81.44299,0.0,24.940616246294358,2.416815906405024
2024-09-30 00:00:00+00:00,-34.96944,-71.21694,220.0,open-meteo_ecmwf_ifs,daily,13.5105,10.210501,6.69,8.633418,3.934468,80.86785,16.8,25.12540747897878,1.5926379149887433
2024-10-01 00:00:00+00:00,-34.96944,-71.21694,220.0,open-meteo_ecmwf_ifs,daily,16.4605,7.9605,19.05,8.102166,2.4371781,79.81344,2.5999997,25.309189402197646,2.6418511638056117
2024-10-02 00:00:00+00:00,-34.96944,-71.21694,220.0,open-meteo_ecmwf_ifs,daily,16.8605,2.0605001,24.08,4.5563326,3.3082125,72.79237,0.0,25.491904995645008,2.884376826924045
2024-10-03 00:00:00+00:00,-34.96944,-71.21694,220.0,open-meteo_ecmwf_ifs,daily,19.8605,5.1105,20.5,7.902167,2.0519392,82.04653,0.0,25.673498217336604,2.8358978715200234
2024-10-04 00:00:00+00:00,-34.96944,-71.21694,220.0,open-meteo_ecmwf_ifs,daily,22.5105,7.3104997,20.97,10.639667,1.3308578,80.40389,0.0,25.85391403004862,3.043332269506978
2024-10-05 00:00:00+00:00,-34.96944,-71.21694,220.0,open-meteo_ecmwf_ifs,daily,22.7605,7.0105,23.39,10.462584,1.8871475,82.19866,0.0,26.033098425854924,3.3333868118620065
2024-10-06 00:00:00+00:00,-34.96944,-71.21694,220.0,open-meteo_ecmwf_ifs,daily,21.4105,12.0605,11.0,11.779251,1.6940256,76.6879,0.2,26.210998448729903,2.2718727368905705
2024-10-07 00:00:00+00:00,-34.96944,-71.21694,220.0,open-meteo_ecmwf_ifs,daily,24.2105,9.710501,18.24,13.00425,1.2884501,86.248535,9.6,26.387562215190066,2.9379434247997027
2024-10-08 00:00:00+00:00,-34.96944,-71.21694,220.0,open-meteo_ecmwf_ifs,daily,16.6605,12.0605,8.14,12.26675,1.7627158,86.58906,1.9000002,26.56273893295237,1.5499502695988647
2024-10-09 00:00:00+00:00,-34.96944,-71.21694,220.0,open-meteo_ecmwf_ifs,daily,22.060501,10.3605,18.03,12.314668,1.1655452,82.3756,0.0,26.736478917593573,2.8580959600893157
2024-10-10 00:00:00+00:00,-34.96944,-71.21694,220.0,open-meteo_ecmwf_ifs,daily,19.1605,10.8105,10.09,12.6605,1.5531298,88.58047,2.3,26.908733607199842,1.8099965917912517
2024-10-11 00:00:00+00:00,-34.96944,-71.21694,220.0,open-meteo_ecmwf_ifs,daily,17.4605,10.1105,13.46,9.231335,1.872039,77.33762,0.8000001,27.07945557500212,2.3441640777280384
2024-10-12 00:00:00+00:00,-34.96944,-71.21694,220.0,open-meteo_ecmwf_ifs,daily,19.5105,8.460501,19.1,8.512584,2.7031577,77.75547,0.0,27.248598539998,3.088427119399632
2024-10-13 00:00:00+00:00,-34.96944,-71.21694,220.0,open-meteo_ecmwf_ifs,daily,21.060501,5.2605,24.33,7.745918,2.2921493,71.779366,0.0,27.416117375566873,3.4324234160439984
2024-10-14 00:00:00+00:00,-34.96944,-71.21694,220.0,open-meteo_ecmwf_ifs,daily,21.9105,6.3605,23.02,9.493833,1.9640743,78.351814,0.0,27.581968116090497,3.332151831561234
2024-10-15 00:00:00+00:00,-34.96944,-71.21694,220.0,open-meteo_ecmwf_ifs,daily,25.7105,6.6105,21.94,10.343834,1.3946484,76.28667,0.0,27.746107961597005,3.465350205805672
2024-10-16 00:00:00+00:00,-34.96944,-71.21694,220.0,open-meteo_ecmwf_ifs,daily,20.2105,7.2105,23.63,9.135501,2.1014602,74.73174,0.0,27.908495280451483,3.3642672016940667
2024-10-17 00:00:00+00:00,-34.96944,-71.21694,220.0,open-meteo_ecmwf_ifs,daily,23.810501,6.6605,26.54,9.102168,2.680378,76.15688,0.0,28.0690896101225,4.025988000669161
2024-10-18 00:00:00+00:00,-34.96944,-71.21694,220.0,open-meteo_ecmwf_ifs,daily,25.560501,9.710501,24.08,11.723001,2.074035,76.41298,0.0,28.227851656058174,3.985695501786358
2024-10-19 00:00:00+00:00,-34.96944,-71.21694,220.0,open-meteo_ecmwf_ifs,daily,23.1105,9.710501,21.43,11.77925,2.2696548,81.406,0.0,28.384743288711697,3.4672239848750097
2024-10-20 00:00:00+00:00,-34.96944,-71.21694,220.0,open-meteo_ecmwf_ifs,daily,19.4605,11.660501,17.29,8.493834,3.770322,66.9038,0.3,28.53972753876058,3.5288645363284297
2024-10-21 00:00:00+00:00,-34.96944,-71.21694,220.0,open-meteo_ecmwf_ifs,daily,22.810501,10.160501,25.39,10.364667,2.827798,72.33202,0.0,28.69276859056888,4.1254094679671045
2024-10-22 00:00:00+00:00,-34.96944,-71.21694,220.0,open-meteo_ecmwf_ifs,daily,24.8605,8.710501,24.58,11.1500845,2.276025,72.43889,1.4,28.84383177394665,3.9718165729059605
2024-10-23 00:00:00+00:00,-34.96944,-71.21694,220.0,open-meteo_ecmwf_ifs,daily,19.2105,11.5105,15.13,11.3375845,2.0177357,78.52533,2.6999998,28.992883554265017,2.6452082679043443
2024-10-24 00:00:00+00:00,-34.96944,-71.21694,220.0,open-meteo_ecmwf_ifs,daily,23.1605,8.910501,25.18,10.760501,2.2146785,78.27845,0.0,29.139891520989593,3.921565612468275
2024-10-25 00:00:00+00:00,-34.96944,-71.21694,220.0,open-meteo_ecmwf_ifs,daily,20.2105,9.2605,27.28,7.04175,5.112099,64.604034,0.0,29.28482437469926,4.570485919254361
2024-10-26 00:00:00+00:00,-34.96944,-71.21694,220.0,open-meteo_ecmwf_ifs,daily,26.1105,5.3605,26.42,6.5230002,2.5112402,63.919724,0.0,29.42765191266028,4.433577473101785
2024-10-27 00:00:00+00:00,-34.96944,-71.21694,220.0,open-meteo_ecmwf_ifs,daily,26.1105,8.3605,27.91,11.104251,1.807415,71.36689,0.0,29.56834501303038,4.42172621892573
2024-10-28 00:00:00+00:00,-34.96944,-71.21694,220.0,open-meteo_ecmwf_ifs,daily,29.1605,10.660501,26.13,12.439666,2.249417,71.215805,0.0,29.706875617769114,4.748318532961161
2024-10-29 00:00:00+00:00,-34.96944,-71.21694,220.0,open-meteo_ecmwf_ifs,daily,25.3605,10.5605,27.24,12.270917,1.9923477,71.70637,0.0,29.8432167143351,4.441656873185692
2024-10-30 00:00:00+00:00,-34.96944,-71.21694,220.0,open-meteo_ecmwf_ifs,daily,24.7605,11.960501,22.96,12.135501,1.5415069,74.22617,0.0,29.977342316252,3.977523296244502
2024-10-31 00:00:00+00:00,-34.96944,-71.21694,220.0,open-meteo_ecmwf_ifs,daily,26.2105,10.8105,22.67,12.525085,1.5620341,77.655266,0.0,30.10922744262811,3.9515511301674366
2024-11-01 00:00:00+00:00,-34.96944,-71.21694,220.0,open-meteo_ecmwf_ifs,daily,21.060501,12.960501,15.31,9.679251,2.2060566,69.379395,0.2,30.23884809671591,3.2405986062840246
2024-11-02 00:00:00+00:00,-34.96944,-71.21694,220.0,open-meteo_ecmwf_ifs,daily,23.1105,7.6605,28.72,9.089667,2.3087425,70.72046,0.0,30.36618124359914,4.379387411766707
2024-11-03 00:00:00+00:00,-34.96944,-71.21694,220.0,open-meteo_ecmwf_ifs,daily,20.1105,10.7605,15.04,7.8605,2.277088,64.76665,0.0,30.491204787096787,3.1274022806472983
2024-11-04 00:00:00+00:00,-34.96944,-71.21694,220.0,open-meteo_ecmwf_ifs,daily,22.2105,6.0105,29.67,6.812584,2.7666137,67.66554,0.0,30.61389754597306,4.451555099465679
2024-11-05 00:00:00+00:00,-34.96944,-71.21694,220.0,open-meteo_ecmwf_ifs,daily,24.310501,6.2605,29.82,5.483416,3.604355,58.24335,0.0,30.73423922954374,5.044871149096995
2024-11-06 00:00:00+00:00,-34.96944,-71.21694,220.0,open-meteo_ecmwf_ifs,daily,25.1605,10.5605,28.08,8.514667,3.3784933,60.649914,0.0,30.852210412768695,5.1920891890163405
2024-11-07 00:00:00+00:00,-34.96944,-71.21694,220.0,open-meteo_ecmwf_ifs,daily,24.8605,9.5105,22.91,9.543836,2.4716973,64.841965,0.0,30.967792510919956,4.1889029960385535
2024-11-08 00:00:00+00:00,-34.96944,-71.21694,220.0,open-meteo_ecmwf_ifs,daily,27.7105,10.3105,27.46,9.591751,2.2564123,59.604908,0.0,31.080967753914248,5.029137642096104
2024-11-09 00:00:00+00:00,-34.96944,-71.21694,220.0,open-meteo_ecmwf_ifs,daily,25.0105,11.3105,26.5,11.06467,3.030489,63.379715,0.6,31.19171916039752,4.7424511289366444
2024-11-10 00:00:00+00:00,-34.96944,-71.21694,220.0,open-meteo_ecmwf_ifs,daily,21.5105,12.460501,18.89,9.789668,2.3739161,68.920395,2.6000001,31.30003051166736,3.6842978315121964
2024-11-11 00:00:00+00:00,-34.96944,-71.21694,220.0,open-meteo_ecmwf_ifs,daily,23.3605,7.7105,30.44,6.6146665,4.9554877,59.99678,0.0,31.405886325517805,5.260736497451716
2024-11-12 00:00:00+00:00,-34.96944,-71.21694,220.0,open-meteo_ecmwf_ifs,daily,26.2105,8.0105,30.13,7.0500836,4.112017,55.886417,0.0,31.509271830088263,5.547943263790667
2024-11-13 00:00:00+00:00,-34.96944,-71.21694,220.0,open-meteo_ecmwf_ifs,daily,27.9105,10.0105,28.31,9.795918,2.3848226,62.284714,0.0,31.61017293779607,5.162142175523707
2024-11-14 00:00:00+00:00,-34.96944,-71.21694,220.0,open-meteo_ecmwf_ifs,daily,27.9105,10.710501,28.2,11.943833,1.741198,67.53685,0.0,31.708576219429492,4.922585289622435
2024-11-15 00:00:00+00:00,-34.96944,-71.21694,220.0,open-meteo_ecmwf_ifs,daily,21.060501,13.210501,14.35,11.420917,2.345479,73.03429,0.0,31.804468878474452,3.0318838101817316
2024-11-16 00:00:00+00:00,-34.96944,-71.21694,220.0,open-meteo_ecmwf_ifs,daily,21.9105,10.3605,24.31,6.937584,2.7691247,59.635452,0.0,31.897838725745213,4.475344601495229
2024-11-17 00:00:00+00:00,-34.96944,-71.21694,220.0,open-meteo_ecmwf_ifs,daily,24.2605,8.8105,31.16,6.91675,2.3103526,59.627796,0.0,31.988674154385606,5.1649115783414326
2024-11-18 00:00:00+00:00,-34.96944,-71.21694,220.0,open-meteo_ecmwf_ifs,daily,27.4105,10.160501,30.83,8.308417,1.5417932,55.60808,0.0,32.07696411530323,5.288818072357901
2024-11-19 00:00:00+00:00,-34.96944,-71.21694,220.0,open-meteo_ecmwf_ifs,daily,25.1605,10.2605,30.35,9.227168,1.8013624,63.52702,0.0,32.16269809309547,5.071404877417167
2024-11-20 00:00:00+00:00,-34.96944,-71.21694,220.0,open-meteo_ecmwf_ifs,daily,26.8605,11.8105,25.88,8.610499,2.0589767,58.50319,0.0,32.24586608252163,4.99296438996763
2024-11-21 00:00:00+00:00,-34.96944,-71.21694,220.0,open-meteo_ecmwf_ifs,daily,28.560501,10.5605,31.11,8.8063345,2.1907833,54.5542,0.0,32.32645856557131,5.669757944047708
2024-11-22 00:00:00+00:00,-34.96944,-71.21694,220.0,open-meteo_ecmwf_ifs,daily,27.5105,10.3105,31.26,6.8605003,2.256708,52.36121,0.0,32.40446648917473,5.697775433948976
2024-11-23 00:00:00+00:00,-34.96944,-71.21694,220.0,open-meteo_ecmwf_ifs,daily,29.0105,10.910501,31.4,9.414667,3.070589,57.353897,0.0,32.47988124359616,6.020384088010888
2024-11-24 00:00:00+00:00,-34.96944,-71.21694,220.0,open-meteo_ecmwf_ifs,daily,27.8605,12.410501,30.98,8.768834,2.5632393,52.01657,0.0,32.552694641547234,5.924157180735214
2024-11-25 00:00:00+00:00,-34.96944,-71.21694,220.0,open-meteo_ecmwf_ifs,daily,27.0105,12.0605,31.52,6.0959167,3.0412295,44.769043,0.0,32.62289889805212,6.225851146538959
2024-11-26 00:00:00+00:00,-34.96944,-71.21694,220.0,open-meteo_ecmwf_ifs,daily,25.3605,10.660501,31.68,7.060501,2.6163416,52.627872,0.0,32.690486611092645,5.664264033542708
2024-11-27 00:00:00+00:00,-34.96944,-71.21694,220.0,open-meteo_ecmwf_ifs,daily,25.4105,9.910501,31.55,5.893833,2.6277177,50.92755,0.0,32.75545074305628,5.664973648437656
2024-11-28 00:00:00+00:00,-34.96944,-71.21694,220.0,open-meteo_ecmwf_ifs,daily,25.2105,9.3105,31.56,5.064666,2.831482,49.316334,0.0,32.81778460300631,5.7002751658437605
2024-11-29 00:00:00+00:00,-34.96944,-71.21694,220.0,open-meteo_ecmwf_ifs,daily,28.7105,10.0605,32.27,2.8750832,2.5509086,37.986652,0.0,32.87748182978914,6.274250392983343
2024-11-30 00:00:00+00:00,-34.96944,-71.21694,220.0,open-meteo_ecmwf_ifs,daily,27.3605,11.910501,31.69,5.4354997,1.6448684,42.345894,0.0,32.93453637598946,5.723984678187497
2024-12-01 00:00:00+00:00,-34.96944,-71.21694,220.0,open-meteo_ecmwf_ifs,daily,24.3605,12.710501,30.88,6.3188324,2.182893,52.265076,0.0,32.988942492740705,5.626710088046962
2024-12-02 00:00:00+00:00,-34.96944,-71.21694,220.0,open-meteo_ecmwf_ifs,daily,26.310501,9.2605,32.5,4.5438333,3.366802,48.053364,0.0,33.04069471539451,6.14619124553959
2024-12-03 00:00:00+00:00,-34.96944,-71.21694,220.0,open-meteo_ecmwf_ifs,daily,28.310501,11.0105,31.98,6.443834,1.8558202,46.415295,0.0,33.08978785004932,5.834342207637161
2024-12-04 00:00:00+00:00,-34.96944,-71.21694,220.0,open-meteo_ecmwf_ifs,daily,25.560501,12.1105,31.52,8.156333,2.3285716,54.302418,0.0,33.1362169609361,5.700490619231041
2024-12-05 00:00:00+00:00,-34.96944,-71.21694,220.0,open-meteo_ecmwf_ifs,daily,23.060501,10.0605,21.28,7.162584,2.1134508,61.050907,0.1,33.17997735865554,4.113793969603834
2024-12-06 00:00:00+00:00,-34.96944,-71.21694,220.0,open-meteo_ecmwf_ifs,daily,25.2105,9.660501,30.55,6.9292507,2.9509022,57.435028,0.0,33.22106458925932,5.535122221392367
2024-12-07 00:00:00+00:00,-34.96944,-71.21694,220.0,open-meteo_ecmwf_ifs,daily,27.2605,9.710501,29.2,2.5917501,2.7330666,38.941864,0.0,33.25947442416616,5.901065271168066
2024-12-08 00:00:00+00:00,-34.96944,-71.21694,220.0,open-meteo_ecmwf_ifs,daily,26.5105,9.3105,32.21,5.618833,1.9445742,50.525433,0.0,33.295202850901156,5.615827787247976
2024-12-09 00:00:00+00:00,-34.96944,-71.21694,220.0,open-meteo_ecmwf_ifs,daily,28.9605,10.3605,32.74,6.7292514,1.9967443,51.14743,0.0,33.32824606464601,5.9834809838695175
2024-12-10 00:00:00+00:00,-34.96944,-71.21694,220.0,open-meteo_ecmwf_ifs,daily,30.1105,11.660501,32.7,7.695917,2.4790955,47.316006,0.0,33.358600460586864,6.3809803313663505
2024-12-11 00:00:00+00:00,-34.96944,-71.21694,220.0,open-meteo_ecmwf_ifs,daily,30.4605,10.8105,32.94,6.1750836,2.6031246,44.712284,0.0,33.38626262704543,6.497731284099222
2024-12-12 00:00:00+00:00,-34.96944,-71.21694,220.0,open-meteo_ecmwf_ifs,daily,28.5105,12.410501,32.16,8.791751,1.8803931,50.06567,0.0,33.411229339379474,5.940164252956028
2024-12-13 00:00:00+00:00,-34.96944,-71.21694,220.0,open-meteo_ecmwf_ifs,daily,30.3605,12.160501,32.95,6.7625833,3.0235786,45.301655,0.0,33.43349755463817,6.795944141643418
2024-12-14 00:00:00+00:00,-34.96944,-71.21694,220.0,open-meteo_ecmwf_ifs,daily,32.5105,13.660501,32.76,8.291749,2.4780166,46.774754,0.0,33.45306440695874,6.83694066704998
2024-12-15 00:00:00+00:00,-34.96944,-71.21694,220.0,open-meteo_ecmwf_ifs,daily,29.310501,12.6105,31.82,7.1792502,1.8257073,43.85705,0.0,33.46992720369121,6.03638131541354
2024-12-16 00:00:00+00:00,-34.96944,-71.21694,220.0,open-meteo_ecmwf_ifs,daily,28.4105,11.910501,32.33,9.485501,1.7466273,56.76341,0.0,33.48408342223927,5.830221012897464
2024-12-17 00:00:00+00:00,-34.96944,-71.21694,220.0,open-meteo_ecmwf_ifs,daily,27.9105,11.210501,27.58,10.089669,1.8613425,62.68961,0.0,33.4955307076064,5.141911851816506
2024-12-18 00:00:00+00:00,-34.96944,-71.21694,220.0,open-meteo_ecmwf_ifs,daily,29.9105,12.710501,32.42,9.370917,2.3898122,52.81299,0.0,33.50426687063783,6.312501338166013
2024-12-19 00:00:00+00:00,-34.96944,-71.21694,220.0,open-meteo_ecmwf_ifs,daily,30.2105,13.3605,33.08,6.552166,4.0729537,41.193195,0.0,33.51028988695063,7.4233488744533505
2024-12-20 00:00:00+00:00,-34.96944,-71.21694,220.0,open-meteo_ecmwf_ifs,daily,29.4605,14.5105,31.01,6.7313333,3.9707916,40.298267,0.0,33.513597896546216,7.206470264641359
2024-12-21 00:00:00+00:00,-34.96944,-71.21694,220.0,open-meteo_ecmwf_ifs,daily,32.1605,14.3605,32.07,10.093834,3.5906,50.09448,0.0,33.51418920410101,7.17747235887385
2024-12-22 00:00:00+00:00,-34.96944,-71.21694,220.0,open-meteo_ecmwf_ifs,daily,34.7605,15.460501,32.62,8.752168,2.9238427,40.33227,0.0,33.51206227993348,7.494409290639311
2024-12-23 00:00:00+00:00,-34.96944,-71.21694,220.0,open-meteo_ecmwf_ifs,daily,31.810501,16.4105,32.57,8.406334,3.556075,38.904045,0.0,33.50721576164766,7.61587768154618
2024-12-24 00:00:00+00:00,-34.96944,-71.21694,220.0,open-meteo_ecmwf_ifs,daily,34.1105,13.1105,32.9,7.073,2.638926,39.165684,0.0,33.4996484564552,7.117391712014478
2024-12-25 00:00:00+00:00,-34.96944,-71.21694,220.0,open-meteo_ecmwf_ifs,daily,31.2605,13.910501,32.28,10.27925,1.8897915,47.39506,0.0,33.48935934418021,6.302382868027794
2024-12-26 00:00:00+00:00,-34.96944,-71.21694,220.0,open-meteo_ecmwf_ifs,daily,28.6105,15.7605,28.12,12.150085,1.9687909,60.32698,0.0,33.47634758095287,5.629109382804403
2024-12-27 00:00:00+00:00,-34.96944,-71.21694,220.0,open-meteo_ecmwf_ifs,daily,30.4105,13.5605,31.51,12.0459175,1.7049206,60.60472,0.0,33.4606125035998,5.94087493855337
2024-12-28 00:00:00+00:00,-34.96944,-71.21694,220.0,open-meteo_ecmwf_ifs,daily,30.7105,15.1105,31.27,12.023,1.879646,55.697483,0.0,33.442153634740734,6.150314535201933
2024-12-29 00:00:00+00:00,-34.96944,-71.21694,220.0,open-meteo_ecmwf_ifs,daily,33.0605,14.660501,29.4,12.277168,1.9056563,56.702255,0.0,33.42097068860247,6.080481287861355
2024-12-30 00:00:00+00:00,-34.96944,-71.21694,220.0,open-meteo_ecmwf_ifs,daily,32.3105,15.0105,32.23,9.0771675,1.998994,46.932648,0.0,33.39706357756235,6.591262415285871
2024-12-31 00:00:00+00:00,-34.96944,-71.21694,220.0,open-meteo_ecmwf_ifs,daily,30.5105,15.5605,31.27,11.204249,3.4570463,50.99107,1.8000001,33.37043241943461,6.842199741246103
2025-01-01 00:00:00+00:00,-34.96944,-71.21694,220.0,open-meteo_ecmwf_ifs,daily,32.010498,13.210501,32.88,3.679249,2.8939636,32.12324,0.0,33.37043241943461,7.2102037559211904
2025-01-02 00:00:00+00:00,-34.96944,-71.21694,220.0,open-meteo_ecmwf_ifs,daily,33.1105,14.0605,32.71,7.5730014,1.8677372,41.872524,0.0,33.34107754551343,6.599415478952353
2025-01-03 00:00:00+00:00,-34.96944,-71.21694,220.0,open-meteo_ecmwf_ifs,daily,32.6605,14.960501,32.21,8.60425,1.640285,41.892876,0.0,33.30899950938714,6.4103204869589065
2025-01-04 00:00:00+00:00,-34.96944,-71.21694,220.0,open-meteo_ecmwf_ifs,daily,31.2105,14.8605,31.24,11.906334,1.6332017,55.161137,0.0,33.274199096537856,6.062163823803153
2025-01-05 00:00:00+00:00,-34.96944,-71.21694,220.0,open-meteo_ecmwf_ifs,daily,34.3105,17.6605,30.12,12.6605,1.6728315,50.975666,0.0,33.23667733474083,6.404717421186282
2025-01-06 00:00:00+00:00,-34.96944,-71.21694,220.0,open-meteo_ecmwf_ifs,daily,31.4605,16.6105,30.93,13.693832,2.1470616,54.715046,0.0,33.19643550527701,6.328229742139783
2025-01-07 00:00:00+00:00,-34.96944,-71.21694,220.0,open-meteo_ecmwf_ifs,daily,29.310501,15.5605,30.76,11.906334,2.2578447,55.676834,0.0,33.153475154971275,6.118610866081399
2025-01-08 00:00:00+00:00,-34.96944,-71.21694,220.0,open-meteo_ecmwf_ifs,daily,31.1105,14.5605,31.67,10.748001,2.0591617,54.337757,0.0,33.10779810906772,6.301766258283346
2025-01-09 00:00:00+00:00,-34.96944,-71.21694,220.0,open-meteo_ecmwf_ifs,daily,33.2605,14.8605,31.95,10.245916,2.2928681,48.60194,0.0,33.05940648495136,6.716190311336846
2025-01-10 00:00:00+00:00,-34.96944,-71.21694,220.0,open-meteo_ecmwf_ifs,daily,33.8105,16.3605,31.84,7.3521676,2.9225414,36.475613,0.0,33.008302706723704,7.440581297969808
2025-01-11 00:00:00+00:00,-34.96944,-71.21694,220.0,open-meteo_ecmwf_ifs,daily,34.9605,16.3605,32.04,4.0959163,2.7593143,28.022284,0.0,32.954489520637416,7.600256647296849
2025-01-12 00:00:00+00:00,-34.96944,-71.21694,220.0,open-meteo_ecmwf_ifs,daily,32.1605,16.810501,30.3,11.883418,1.9430299,47.592285,0.0,32.89797001139226,6.321442326875212
2025-01-13 00:00:00+00:00,-34.96944,-71.21694,220.0,open-meteo_ecmwf_ifs,daily,31.9605,16.1605,30.83,12.416751,1.6747179,53.43893,0.0,32.83874761929142,6.1582207159511295
2025-01-14 00:00:00+00:00,-34.96944,-71.21694,220.0,open-meteo_ecmwf_ifs,daily,31.9105,15.210501,30.78,9.875085,1.7428608,47.15248,0.0,32.77682615825459,6.178118832631507
2025-01-15 00:00:00+00:00,-34.96944,-71.21694,220.0,open-meteo_ecmwf_ifs,daily,33.4605,16.0605,30.86,10.818833,3.130747,46.140705,0.0,32.71220983467969,7.108359638503418
2025-01-16 00:00:00+00:00,-34.96944,-71.21694,220.0,open-meteo_ecmwf_ifs,daily,32.5605,17.1605,28.35,14.439667,2.9333122,59.40537,0.0,32.644903267141835,6.385826371175658
2025-01-17 00:00:00+00:00,-34.96944,-71.21694,220.0,open-meteo_ecmwf_ifs,daily,30.7105,15.410501,30.73,7.881334,2.3263066,40.6122,0.0,32.57491150691393,6.47084005402711
2025-01-18 00:00:00+00:00,-34.96944,-71.21694,220.0,open-meteo_ecmwf_ifs,daily,30.9105,14.960501,30.89,7.5105,1.468814,39.673332,0.0,32.502240059289065,5.964806674470125
2025-01-19 00:00:00+00:00,-34.96944,-71.21694,220.0,open-meteo_ecmwf_ifs,daily,34.9105,15.210501,31.78,6.420916,2.4044507,37.622494,0.0,32.42689490568022,7.068015937017431
2025-01-20 00:00:00+00:00,-34.96944,-71.21694,220.0,open-meteo_ecmwf_ifs,daily,32.5605,13.910501,30.32,8.689668,1.8758363,43.177273,0.0,32.348882526468635,6.145246545888538
2025-01-21 00:00:00+00:00,-34.96944,-71.21694,220.0,open-meteo_ecmwf_ifs,daily,30.9605,15.410501,30.55,10.29175,1.9815627,47.563244,0.0,32.268209924567216,6.1567348770161825
2025-01-22 00:00:00+00:00,-34.96944,-71.21694,220.0,open-meteo_ecmwf_ifs,daily,29.7605,15.1105,30.39,11.683419,1.7546965,56.854893,0.0,32.184884649661086,5.8313349089709225
2025-01-23 00:00:00+00:00,-34.96944,-71.21694,220.0,open-meteo_ecmwf_ifs,daily,30.6605,12.660501,30.62,7.6646676,2.4804268,49.262905,0.0,32.098914823082154,6.22711882805733
2025-01-24 00:00:00+00:00,-34.96944,-71.21694,220.0,open-meteo_ecmwf_ifs,daily,32.0605,13.910501,30.65,8.131333,3.8857107,45.897858,0.0,32.0103091632706,7.173039939907321
2025-01-25 00:00:00+00:00,-34.96944,-71.21694,220.0,open-meteo_ecmwf_ifs,daily,33.3605,14.5105,30.62,7.156334,2.96002,38.489845,0.0,31.919077011770938,6.995934688030172
2025-01-26 00:00:00+00:00,-34.96944,-71.21694,220.0,open-meteo_ecmwf_ifs,daily,33.0605,16.310501,30.39,9.387584,2.001464,42.836075,0.0,31.8252283597063,6.418779851473319
2025-01-27 00:00:00+00:00,-34.96944,-71.21694,220.0,open-meteo_ecmwf_ifs,daily,32.2105,13.8105,30.45,8.891751,3.556,45.53182,0.0,31.728773874669812,6.913063936796941
2025-01-28 00:00:00+00:00,-34.96944,-71.21694,220.0,open-meteo_ecmwf_ifs,daily,34.1605,14.2605,30.7,5.3479996,2.983802,32.572937,0.0,31.629724927968127,7.155753548072729
2025-01-29 00:00:00+00:00,-34.96944,-71.21694,220.0,open-meteo_ecmwf_ifs,daily,33.9605,14.8605,30.44,8.850083,1.5733234,41.481716,0.0,31.52809362214779,6.089299980089133
2025-01-30 00:00:00+00:00,-34.96944,-71.21694,220.0,open-meteo_ecmwf_ifs,daily,31.7105,14.0605,30.18,10.695916,1.7736678,51.460724,0.0,31.42389281873139,5.875857851276555
2025-01-31 00:00:00+00:00,-34.96944,-71.21694,220.0,open-meteo_ecmwf_ifs,daily,33.6105,13.210501,30.56,7.5813346,2.7930746,44.883713,0.0,31.31713616608704,6.702424927971378
2025-02-01 00:00:00+00:00,-34.96944,-71.21694,220.0,open-meteo_ecmwf_ifs,daily,33.5605,16.810501,29.79,10.518834,2.7310445,43.951557,0.0,31.207838127351334,6.780712186923812
2025-02-02 00:00:00+00:00,-34.96944,-71.21694,220.0,open-meteo_ecmwf_ifs,daily,30.060501,14.410501,29.2,6.0334167,2.4252837,38.14252,0.0,31.0960140083228,6.171270066299618
2025-02-03 00:00:00+00:00,-34.96944,-71.21694,220.0,open-meteo_ecmwf_ifs,daily,31.310501,13.710501,29.2,8.325083,3.3261564,47.70116,0.0,30.98167998524033,6.542367295074402
2025-02-04 00:00:00+00:00,-34.96944,-71.21694,220.0,open-meteo_ecmwf_ifs,daily,32.9605,14.5605,26.82,5.4813333,2.7840583,34.534332,0.0,30.86485313235879,6.451264617038792
2025-02-05 00:00:00+00:00,-34.96944,-71.21694,220.0,open-meteo_ecmwf_ifs,daily,32.4105,14.5605,29.57,6.5188327,2.6911318,37.34711,0.0,30.745551449231616,6.565479021458393
2025-02-06 00:00:00+00:00,-34.96944,-71.21694,220.0,open-meteo_ecmwf_ifs,daily,35.3105,13.8105,29.56,8.593834,3.1412766,46.193104,0.0,30.623793887609125,6.9302701629831445
2025-02-07 00:00:00+00:00,-34.96944,-71.21694,220.0,open-meteo_ecmwf_ifs,daily,33.9105,16.310501,29.21,8.6188345,2.1528642,37.025658,0.0,30.49960037785947,6.3682780155234395
2025-02-08 00:00:00+00:00,-34.96944,-71.21694,220.0,open-meteo_ecmwf_ifs,daily,38.1105,15.7605,29.17,9.081334,3.3026981,43.00554,0.0,30.372991854818565,7.486930340750949
2025-02-09 00:00:00+00:00,-34.96944,-71.21694,220.0,open-meteo_ecmwf_ifs,daily,34.2105,16.1605,28.57,8.768832,3.2627094,36.114502,0.0,30.24399028297479,7.0025314722372185
2025-02-10 00:00:00+00:00,-34.96944,-71.21694,220.0,open-meteo_ecmwf_ifs,daily,32.2605,15.160501,27.83,13.525083,2.2241573,60.24733,0.0,30.112618680893874,5.6970599375724555
2025-02-11 00:00:00+00:00,-34.96944,-71.21694,220.0,open-meteo_ecmwf_ifs,daily,30.310501,13.160501,29.06,5.5938334,2.4885437,40.16328,0.0,29.97890114479025,6.027445448853609
2025-02-12 00:00:00+00:00,-34.96944,-71.21694,220.0,open-meteo_ecmwf_ifs,daily,30.8605,12.5105,28.97,2.6459167,2.719978,32.65572,0.0,29.842862871151027,6.271751068004451
2025-02-13 00:00:00+00:00,-34.96944,-71.21694,220.0,open-meteo_ecmwf_ifs,daily,32.1605,13.410501,28.61,4.500083,2.305089,35.839096,0.0,29.704530178320624,6.076894841939261
2025-02-14 00:00:00+00:00,-34.96944,-71.21694,220.0,open-meteo_ecmwf_ifs,daily,30.2605,12.8605,28.04,5.9709167,2.289538,40.746418,0.0,29.563930526954767,5.7227067632805015
2025-02-15 00:00:00+00:00,-34.96944,-71.21694,220.0,open-meteo_ecmwf_ifs,daily,28.7105,12.5105,27.82,7.673002,1.5203248,49.190502,0.0,29.42109253925515,5.049935502792842
2025-02-16 00:00:00+00:00,-34.96944,-71.21694,220.0,open-meteo_ecmwf_ifs,daily,30.3605,11.8105,27.82,7.3563333,2.0247104,48.953465,0.0,29.276046016897567,5.38381452670468
2025-02-17 00:00:00+00:00,-34.96944,-71.21694,220.0,open-meteo_ecmwf_ifs,daily,31.060501,12.7605,28.23,5.16675,2.746928,39.882637,0.0,29.12882195756937,6.078846954369071
2025-02-18 00:00:00+00:00,-34.96944,-71.21694,220.0,open-meteo_ecmwf_ifs,daily,33.7105,13.460501,27.7,6.825084,1.9005631,39.11767,0.0,28.97945257003477,5.693747939750237
2025-02-19 00:00:00+00:00,-34.96944,-71.21694,220.0,open-meteo_ecmwf_ifs,daily,27.0105,13.5105,25.62,10.512585,2.5467076,57.198154,0.0,28.827971287649802,4.972189227918029
2025-02-20 00:00:00+00:00,-34.96944,-71.21694,220.0,open-meteo_ecmwf_ifs,daily,30.4605,12.5105,25.54,11.443835,1.8942095,62.675415,0.0,28.67441278025241,4.892169448193973
2025-02-21 00:00:00+00:00,-34.96944,-71.21694,220.0,open-meteo_ecmwf_ifs,daily,32.2105,12.7605,26.79,10.383417,2.09252,55.406967,0.0,28.518812964356897,5.349315242805226
2025-02-22 00:00:00+00:00,-34.96944,-71.21694,220.0,open-meteo_ecmwf_ifs,daily,32.6105,13.6105,25.99,7.7459188,2.7578938,43.941376,0.0,28.361209011586123,5.88883646503906
2025-02-23 00:00:00+00:00,-34.96944,-71.21694,220.0,open-meteo_ecmwf_ifs,daily,33.4605,13.7605,26.7,9.498001,2.9276009,47.63046,0.0,28.201639355279415,6.029688561876754
2025-02-24 00:00:00+00:00,-34.96944,-71.21694,220.0,open-meteo_ecmwf_ifs,daily,33.0605,15.5605,25.37,12.21675,3.1977513,55.9809,0.0,28.04014369521868,5.936953331072803
2025-02-25 00:00:00+00:00,-34.96944,-71.21694,220.0,open-meteo_ecmwf_ifs,daily,32.5105,15.460501,26.49,5.4896665,2.695244,33.380444,0.0,27.876763000420258,6.151304184242092
2025-02-26 00:00:00+00:00,-34.96944,-71.21694,220.0,open-meteo_ecmwf_ifs,daily,34.0105,14.410501,26.63,6.914667,2.3363872,39.551216,0.0,27.711539509944963,5.8718010860981416
2025-02-27 00:00:00+00:00,-34.96944,-71.21694,220.0,open-meteo_ecmwf_ifs,daily,31.3605,14.710501,25.52,9.902167,1.6616116,47.44022,0.0,27.544516731684592,5.010394857457708
2025-02-28 00:00:00+00:00,-34.96944,-71.21694,220.0,open-meteo_ecmwf_ifs,daily,28.8605,15.3105,23.96,11.8375845,1.7350988,59.760754,0.0,27.37573943908791,4.636197378134786
2025-03-01 00:00:00+00:00,-34.96944,-71.21694,220.0,open-meteo_ecmwf_ifs,daily,28.9605,15.2605,23.23,13.843835,2.101864,68.39706,0.0,27.205253665795478,4.55559093168803
2025-03-02 00:00:00+00:00,-34.96944,-71.21694,220.0,open-meteo_ecmwf_ifs,daily,28.3605,14.460501,21.4,12.737583,2.0409048,65.34438,0.0,27.03310669815808,4.266040565201519
2025-03-03 00:00:00+00:00,-34.96944,-71.21694,220.0,open-meteo_ecmwf_ifs,daily,28.6105,12.960501,25.03,8.90425,2.3250353,54.707592,0.0,26.8593470656195,4.913163695743122
2025-03-04 00:00:00+00:00,-34.96944,-71.21694,220.0,open-meteo_ecmwf_ifs,daily,29.560501,13.0605,24.87,8.873,3.2121637,52.741714,0.0,26.684024528950207,5.392455989868126
2025-03-05 00:00:00+00:00,-34.96944,-71.21694,220.0,open-meteo_ecmwf_ifs,daily,30.1605,12.7605,24.55,10.470918,2.387948,55.213963,0.0,26.507190066324824,4.886449777372015
2025-03-06 00:00:00+00:00,-34.96944,-71.21694,220.0,open-meteo_ecmwf_ifs,daily,28.6605,14.8605,23.13,12.458417,1.976214,61.52879,0.0,26.32889585724202,4.473903807166737
2025-03-07 00:00:00+00:00,-34.96944,-71.21694,220.0,open-meteo_ecmwf_ifs,daily,26.1105,13.5105,19.52,13.133418,2.2203486,69.76374,1.6,26.149195264291617,3.710951947390797
2025-03-08 00:00:00+00:00,-34.96944,-71.21694,220.0,open-meteo_ecmwf_ifs,daily,26.9105,10.3105,24.6,6.473,3.933542,51.233746,0.0,25.968142812779956,5.167492580275248
2025-03-09 00:00:00+00:00,-34.96944,-71.21694,220.0,open-meteo_ecmwf_ifs,daily,29.0105,9.410501,23.16,8.581333,2.3655207,58.832973,0.0,25.785794168230257,4.380790796984404
2025-03-10 00:00:00+00:00,-34.96944,-71.21694,220.0,open-meteo_ecmwf_ifs,daily,28.7605,12.710501,23.67,9.595918,2.0695744,53.884785,0.0,25.602206111781033,4.50787309977534
2025-03-11 00:00:00+00:00,-34.96944,-71.21694,220.0,open-meteo_ecmwf_ifs,daily,29.310501,12.0105,21.75,9.6292515,3.038928,58.45448,0.0,25.417436513511266,4.703522118587464
2025-03-12 00:00:00+00:00,-34.96944,-71.21694,220.0,open-meteo_ecmwf_ifs,daily,32.5605,12.960501,23.58,9.552167,1.5613326,51.281597,0.0,25.231544303727212,4.504239047488765
2025-03-13 00:00:00+00:00,-34.96944,-71.21694,220.0,open-meteo_ecmwf_ifs,daily,32.0605,13.960501,23.19,10.406333,1.302748,52.610947,0.0,25.044589442251038,4.3011093915687795
2025-03-14 00:00:00+00:00,-34.96944,-71.21694,220.0,open-meteo_ecmwf_ifs,daily,26.7105,13.5105,20.28,12.239667,1.6609163,66.9939,0.0,24.85663288575729,3.6808273230539634
2025-03-15 00:00:00+00:00,-34.96944,-71.21694,220.0,open-meteo_ecmwf_ifs,daily,26.560501,14.660501,17.61,11.860501,1.2016437,66.38733,0.0,24.667736553208872,3.295690069903286
2025-03-16 00:00:00+00:00,-34.96944,-71.21694,220.0,open-meteo_ecmwf_ifs,daily,27.9605,11.660501,21.06,10.839665,2.2981725,66.768,0.0,24.47796328944897,3.9968221527941754
2025-03-17 00:00:00+00:00,-34.96944,-71.21694,220.0,open-meteo_ecmwf_ifs,daily,29.1105,11.0605,22.42,8.6396675,2.9581072,54.375614,0.0,24.287376827010938,4.611617180147074
2025-03-18 00:00:00+00:00,-34.96944,-71.21694,220.0,open-meteo_ecmwf_ifs,daily,30.6105,10.5105,21.5,8.902167,2.7602422,54.73705,0.0,24.09604174621295,4.505230141564827
2025-03-19 00:00:00+00:00,-34.96944,-71.21694,220.0,open-meteo_ecmwf_ifs,daily,27.8605,12.7605,22.06,10.7646675,1.2044641,56.212986,0.0,23.904023433608767,3.704117983849035
2025-03-20 00:00:00+00:00,-34.96944,-71.21694,220.0,open-meteo_ecmwf_ifs,daily,28.2105,12.1105,21.83,11.258418,1.1409948,64.5805,0.0,23.71138803887069,3.6073397526000854
2025-03-21 00:00:00+00:00,-34.96944,-71.21694,220.0,open-meteo_ecmwf_ifs,daily,28.310501,13.910501,18.88,12.7334175,2.315069,67.60641,0.0,23.51820243018491,3.805304414520762
2025-03-22 00:00:00+00:00,-34.96944,-71.21694,220.0,open-meteo_ecmwf_ifs,daily,27.560501,12.5605,21.34,10.210502,2.715309,57.237915,0.0,23.324534148243423,4.191987044404228
2025-03-23 00:00:00+00:00,-34.96944,-71.21694,220.0,open-meteo_ecmwf_ifs,daily,26.2605,10.1105,21.57,6.545917,2.703146,51.35867,0.0,23.130451358920624,4.126447199978697
2025-03-24 00:00:00+00:00,-34.96944,-71.21694,220.0,open-meteo_ecmwf_ifs,daily,26.060501,8.910501,21.01,6.4042506,1.4765779,56.408253,0.0,22.936022804725834,3.419421968204228
2025-03-25 00:00:00+00:00,-34.96944,-71.21694,220.0,open-meteo_ecmwf_ifs,daily,24.1605,11.160501,18.3,9.864667,1.7574096,66.86828,0.0,22.741317755126698,3.1352874473947154
2025-03-26 00:00:00+00:00,-34.96944,-71.21694,220.0,open-meteo_ecmwf_ifs,daily,25.9605,10.5105,20.43,9.470918,1.4441482,64.47128,2.3,22.546405955840772,3.3051475431584647
2025-03-27 00:00:00+00:00,-34.96944,-71.21694,220.0,open-meteo_ecmwf_ifs,daily,23.310501,12.2605,19.38,9.833417,2.0471208,65.90331,0.0,22.351357577195788,3.3138474334799617
2025-03-28 00:00:00+00:00,-34.96944,-71.21694,220.0,open-meteo_ecmwf_ifs,daily,23.810501,10.3105,17.03,10.177167,1.465541,70.76874,0.0,22.156243161660914,2.7852416225188628
2025-03-29 00:00:00+00:00,-34.96944,-71.21694,220.0,open-meteo_ecmwf_ifs,daily,23.9605,10.6105,16.08,10.725085,1.4281049,71.35078,0.0,21.961133570653878,2.6745062644843336
2025-03-30 00:00:00+00:00,-34.96944,-71.21694,220.0,open-meteo_ecmwf_ifs,daily,17.7605,12.910501,15.76,10.148,2.6739023,74.54046,17.7,21.766099930730025,2.6134923167173922
2025-03-31 00:00:00+00:00,-34.96944,-71.21694,220.0,open-meteo_ecmwf_ifs,daily,20.6605,6.9105,20.26,5.4459157,3.793273,62.033527,0.0,21.571213579261308,3.380930518821069
2025-04-01 00:00:00+00:00,-34.96944,-71.21694,220.0,open-meteo_ecmwf_ifs,daily,20.6605,6.4105,17.69,7.3146663,2.09843,71.58454,0.0,21.37654600971401,2.595714113955071
2025-04-02 00:00:00+00:00,-34.96944,-71.21694,220.0,open-meteo_ecmwf_ifs,daily,20.6105,6.7105,17.4,6.9979997,1.7228832,70.57657,0.0,21.182168816634842,2.527303813609812
2025-04-03 00:00:00+00:00,-34.96944,-71.21694,220.0,open-meteo_ecmwf_ifs,daily,24.2105,6.9105,19.36,8.489667,2.0370023,70.14204,0.0,20.988153640455774,2.9191357979741888
2025-04-04 00:00:00+00:00,-34.96944,-71.21694,220.0,open-meteo_ecmwf_ifs,daily,27.1605,8.2605,18.73,10.993835,0.57071954,71.44931,0.0,20.794572112227932,2.5984901574012573
2025-04-05 00:00:00+00:00,-34.96944,-71.21694,220.0,open-meteo_ecmwf_ifs,daily,21.4105,12.410501,13.94,12.048001,1.5152998,80.554596,0.0,20.60149579839486,2.2770062050765496
2025-04-06 00:00:00+00:00,-34.96944,-71.21694,220.0,open-meteo_ecmwf_ifs,daily,22.6605,9.8605,15.18,10.956333,0.91752267,76.85119,0.0,20.40899614571515,2.225838280726234
2025-04-07 00:00:00+00:00,-34.96944,-71.21694,220.0,open-meteo_ecmwf_ifs,daily,23.810501,9.3605,16.88,10.650084,1.6915312,78.32896,0.0,20.21714442644354,2.585580681093515
2025-04-08 00:00:00+00:00,-34.96944,-71.21694,220.0,open-meteo_ecmwf_ifs,daily,24.810501,9.2605,18.05,11.375084,0.9728849,74.58314,0.0,20.02601168387884,2.5190734249152573
2025-04-09 00:00:00+00:00,-34.96944,-71.21694,220.0,open-meteo_ecmwf_ifs,daily,22.2105,10.710501,13.81,12.110501,0.9612743,83.419365,0.0,19.83566867838548,2.0526253365342098
2025-04-10 00:00:00+00:00,-34.96944,-71.21694,220.0,open-meteo_ecmwf_ifs,daily,16.810501,11.3105,6.7,11.539668,1.7430453,85.7837,1.4,19.646185833994277,1.2925134450606828
2025-04-11 00:00:00+00:00,-34.96944,-71.21694,220.0,open-meteo_ecmwf_ifs,daily,17.9105,9.160501,14.9,6.7125835,2.6536777,70.320145,0.0,19.457633185685687,2.4530743484118673
2025-04-12 00:00:00+00:00,-34.96944,-71.21694,220.0,open-meteo_ecmwf_ifs,daily,20.060501,5.5105,17.4,5.858416,2.1207206,71.48016,0.0,19.27008032745732,2.415663958820791
2025-04-13 00:00:00+00:00,-34.96944,-71.21694,220.0,open-meteo_ecmwf_ifs,daily,19.4105,5.4605,14.08,7.0230002,1.8705789,75.94645,0.0,19.08359636127456,2.000022835403625
2025-04-14 00:00:00+00:00,-34.96944,-71.21694,220.0,open-meteo_ecmwf_ifs,daily,20.6605,6.2605,15.18,8.408417,1.0759205,77.68867,0.0,18.89824984700094,1.9524429574216806
2025-04-15 00:00:00+00:00,-34.96944,-71.21694,220.0,open-meteo_ecmwf_ifs,daily,18.4105,9.0605,11.51,10.295917,1.9079986,86.54642,0.0,18.71410875340178,1.708292844873782
2025-04-16 00:00:00+00:00,-34.96944,-71.21694,220.0,open-meteo_ecmwf_ifs,daily,20.9605,6.0604997,16.26,8.081332,1.626074,76.870155,0.0,18.53124041031174,2.121686323525441
2025-04-17 00:00:00+00:00,-34.96944,-71.21694,220.0,open-meteo_ecmwf_ifs,daily,20.5105,11.2605,12.56,9.9000845,2.9618218,77.003044,0.0,18.349711462053392,2.380885654353775
2025-04-18 00:00:00+00:00,-34.96944,-71.21694,220.0,open-meteo_ecmwf_ifs,daily,19.3605,5.6105,14.32,6.150083,2.3296678,73.77454,0.0,18.16958782219066,2.125200683561985
2025-04-19 00:00:00+00:00,-34.96944,-71.21694,220.0,open-meteo_ecmwf_ifs,daily,22.2605,6.1605,15.21,7.687584,1.2650145,75.92428,0.0,17.990934629696905,2.028069760243388
2025-04-20 00:00:00+00:00,-34.96944,-71.21694,220.0,open-meteo_ecmwf_ifs,daily,21.4605,7.3605,15.33,8.987584,0.8875484,76.04341,0.0,17.81381620661385,1.8963670960001675
2025-04-21 00:00:00+00:00,-34.96944,-71.21694,220.0,open-meteo_ecmwf_ifs,daily,18.9605,7.6105,7.19,9.237583,1.1924243,83.82693,0.0,17.638296017273042,1.2976648330594738
2025-04-22 00:00:00+00:00,-34.96944,-71.21694,220.0,open-meteo_ecmwf_ifs,daily,23.1605,9.210501,10.97,10.445917,1.108935,77.80105,0.0,17.46443662914768,1.745537982918128
2025-04-23 00:00:00+00:00,-34.96944,-71.21694,220.0,open-meteo_ecmwf_ifs,daily,21.4605,11.3105,8.44,13.320918,1.3441209,87.73733,1.8000001,17.29229967539776,1.4367200690615014
2025-04-24 00:00:00+00:00,-34.96944,-71.21694,220.0,open-meteo_ecmwf_ifs,daily,20.7105,13.910501,11.67,12.493833,2.337373,80.63914,0.9000001,17.121945819167095,2.0537972869384085
2025-04-25 00:00:00+00:00,-34.96944,-71.21694,220.0,open-meteo_ecmwf_ifs,daily,18.4105,12.0105,10.5,10.279252,2.1495783,77.37148,21.0,16.95343471968593,1.8187490111943947
2025-04-26 00:00:00+00:00,-34.96944,-71.21694,220.0,open-meteo_ecmwf_ifs,daily,17.2105,7.4105,12.95,7.6730003,2.8357837,79.3142,0.0,16.78682500022806,1.8377798337262252
2025-04-27 00:00:00+00:00,-34.96944,-71.21694,220.0,open-meteo_ecmwf_ifs,daily,18.9105,4.8605,13.83,6.693833,2.1911566,77.56372,0.0,16.62217421796605,1.7995539785143029
2025-04-28 00:00:00+00:00,-34.96944,-71.21694,220.0,open-meteo_ecmwf_ifs,daily,18.9605,6.9605,12.33,8.789667,1.5526142,84.5247,0.0,16.459538835763443,1.5819789056231246
2025-04-29 00:00:00+00:00,-34.96944,-71.21694,220.0,open-meteo_ecmwf_ifs,daily,17.9105,6.1105,11.83,8.758417,0.6974984,86.99421,0.0,16.298974195937028,1.3291769009861287
2025-04-30 00:00:00+00:00,-34.96944,-71.21694,220.0,open-meteo_ecmwf_ifs,daily,16.8605,6.7105,7.01,8.810498,1.5520502,87.63119,0.3,16.14053449601749,1.1304395987812925
2025-05-01 00:00:00+00:00,-34.96944,-71.21694,220.0,open-meteo_ecmwf_ifs,daily,18.7605,7.1105,13.5,8.881333,0.9218364,80.90698,0.0,15.984272766530795,1.4928837324175364
2025-05-02 00:00:00+00:00,-34.96944,-71.21694,220.0,open-meteo_ecmwf_ifs,daily,17.4605,6.8104997,12.51,8.481334,2.1811779,85.97656,0.0,15.830240850817502,1.5316732911789086
2025-05-03 00:00:00+00:00,-34.96944,-71.21694,220.0,open-meteo_ecmwf_ifs,daily,17.8605,4.0105,12.64,6.6771665,1.5491585,81.902626,0.0,15.678489386901425,1.4291648284207097
2025-05-04 00:00:00+00:00,-34.96944,-71.21694,220.0,open-meteo_ecmwf_ifs,daily,17.0105,7.7605,9.41,9.325084,1.5479785,85.556816,0.0,15.529067791413548,1.2472671596067788
2025-05-05 00:00:00+00:00,-34.96944,-71.21694,220.0,open-meteo_ecmwf_ifs,daily,16.2105,5.9105,11.35,7.6355004,1.9974446,83.45077,0.0,15.382024245571351,1.3453604534628045
2025-05-06 00:00:00+00:00,-34.96944,-71.21694,220.0,open-meteo_ecmwf_ifs,daily,17.3605,5.6105,9.93,7.112583,0.9669393,78.91457,0.1,15.237405683208081,1.20779117101577
2025-05-07 00:00:00+00:00,-34.96944,-71.21694,220.0,open-meteo_ecmwf_ifs,daily,14.410501,9.0605,4.45,9.535501,1.66689,88.102234,10.400001,15.095257780840683,0.8950174813450349
2025-05-08 00:00:00+00:00,-34.96944,-71.21694,220.0,open-meteo_ecmwf_ifs,daily,15.460501,7.5604997,5.55,8.987584,2.2244184,86.74075,27.2,14.955624949759482,1.015436884606826
2025-05-09 00:00:00+00:00,-34.96944,-71.21694,220.0,open-meteo_ecmwf_ifs,daily,19.310501,8.910501,11.8,10.4938345,1.4081955,86.81875,5.0000005,14.818550330116988,1.4082361568217578
2025-05-10 00:00:00+00:00,-34.96944,-71.21694,220.0,open-meteo_ecmwf_ifs,daily,20.7605,6.5604997,12.09,8.512584,1.6909566,82.6475,0.0,14.684075786987423,1.5432938721983176
2025-05-11 00:00:00+00:00,-34.96944,-71.21694,220.0,open-meteo_ecmwf_ifs,daily,19.5105,8.160501,8.93,10.635501,0.7630474,89.47645,0.0,14.552241908363017,1.1161988403204988
2025-05-12 00:00:00+00:00,-34.96944,-71.21694,220.0,open-meteo_ecmwf_ifs,daily,16.6105,10.1105,9.21,11.008418,1.1987375,91.926155,0.0,14.423088005047479,1.1095457782510467
2025-05-13 00:00:00+00:00,-34.96944,-71.21694,220.0,open-meteo_ecmwf_ifs,daily,16.9605,7.7105,9.17,9.562584,0.8984267,91.21586,0.0,14.296652112401434,1.0522117426604343
2025-05-14 00:00:00+00:00,-34.96944,-71.21694,220.0,open-meteo_ecmwf_ifs,daily,17.0105,5.4105,11.03,8.6855,1.4765264,89.73939,0.0,14.172970993889432,1.1094845749068556
2025-05-15 00:00:00+00:00,-34.96944,-71.21694,220.0,open-meteo_ecmwf_ifs,daily,15.5105,8.0605,8.21,9.002167,1.5275383,91.13446,0.0,14.052080146372354,1.0449373283776038
2025-05-16 00:00:00+00:00,-34.96944,-71.21694,220.0,open-meteo_ecmwf_ifs,daily,17.4105,4.7105,10.84,7.2167506,0.78528714,86.13447,0.0,13.934013807084252,1.0543754117624151
2025-05-17 00:00:00+00:00,-34.96944,-71.21694,220.0,open-meteo_ecmwf_ifs,daily,11.6105,8.3605,0.85,8.977166,2.680498,92.51774,30.5,13.818804962227281,0.5674540590558628
2025-05-18 00:00:00+00:00,-34.96944,-71.21694,220.0,open-meteo_ecmwf_ifs,daily,15.910501,6.8605,6.85,8.312583,1.3271973,87.267555,0.2,13.706485357113523,0.961189505751918
2025-05-19 00:00:00+00:00,-34.96944,-71.21694,220.0,open-meteo_ecmwf_ifs,daily,16.6605,7.0604997,10.65,8.837583,1.5432731,84.56432,1.7,13.597085507777741,1.1140420186795872
2025-05-20 00:00:00+00:00,-34.96944,-71.21694,220.0,open-meteo_ecmwf_ifs,daily,20.6105,6.9105,9.73,8.445916,1.1842043,77.27242,0.0,13.490634713980528,1.229631735182296
2025-05-21 00:00:00+00:00,-34.96944,-71.21694,220.0,open-meteo_ecmwf_ifs,daily,19.2105,9.1105,11.09,10.943832,1.7450304,85.54966,0.5,13.387161073516939,1.251708602266229
2025-05-22 00:00:00+00:00,-34.96944,-71.21694,220.0,open-meteo_ecmwf_ifs,daily,16.1105,6.3605,8.42,8.118833,1.6302952,86.71585,0.0,13.286691497741582,1.0141128776257762
2025-05-23 00:00:00+00:00,-34.96944,-71.21694,220.0,open-meteo_ecmwf_ifs,daily,16.3605,4.4605,8.9,6.956333,0.65094125,86.22184,0.0,13.18925172821735,0.8687762345622665
2025-05-24 00:00:00+00:00,-34.96944,-71.21694,220.0,open-meteo_ecmwf_ifs,daily,16.7605,4.9605,10.0,7.0438333,1.1409107,86.526886,9.999999,13.094866354391186,0.9977216817649173
2025-05-25 00:00:00+00:00,-34.96944,-71.21694,220.0,open-meteo_ecmwf_ifs,daily,16.7605,5.0105,5.55,7.687584,1.9277738,87.444374,0.0,13.003558832197285,0.9572821587018729
2025-05-26 00:00:00+00:00,-34.96944,-71.21694,220.0,open-meteo_ecmwf_ifs,daily,15.5105,10.3105,5.47,10.4105015,2.7861955,87.69901,36.399998,12.915351503484972,1.012535519623566
2025-05-27 00:00:00+00:00,-34.96944,-71.21694,220.0,open-meteo_ecmwf_ifs,daily,11.0605,5.1605,9.55,5.3563333,2.8504887,86.53338,0.1,12.830265616165912,0.9583752505129122
2025-05-28 00:00:00+00:00,-34.96944,-71.21694,220.0,open-meteo_ecmwf_ifs,daily,11.160501,0.56049997,9.12,2.3792498,2.106324,85.14617,0.0,12.748321344973151,0.8787258185923017
2025-05-29 00:00:00+00:00,-34.96944,-71.21694,220.0,open-meteo_ecmwf_ifs,daily,12.8105,2.1105,9.37,3.9959166,1.322428,88.1789,0.0,12.669537812722531,0.8353311861140594
2025-05-30 00:00:00+00:00,-34.96944,-71.21694,220.0,open-meteo_ecmwf_ifs,daily,16.0105,4.9605,10.35,6.848,2.0632875,84.592476,0.0,12.59393311196565,1.0662470745574304
2025-05-31 00:00:00+00:00,-34.96944,-71.21694,220.0,open-meteo_ecmwf_ifs,daily,12.7605,1.4104999,9.81,3.214667,2.5781415,82.89472,0.0,12.521524326922425,1.0043169498657052
2025-06-01 00:00:00+00:00,-34.96944,-71.21694,220.0,open-meteo_ecmwf_ifs,daily,13.3605,0.9105,9.89,3.0438337,1.0540828,84.82534,0.0,12.45232755558081,0.7997887379273371
2025-06-02 00:00:00+00:00,-34.96944,-71.21694,220.0,open-meteo_ecmwf_ifs,daily,13.160501,3.2605002,4.74,4.3146667,0.37171516,82.43006,0.0,12.386357931851046,0.6328289229447004
2025-06-03 00:00:00+00:00,-34.96944,-71.21694,220.0,open-meteo_ecmwf_ifs,daily,14.0105,6.4105,4.16,7.3355002,0.7776783,87.67792,0.0,12.3236296476621,0.6981205053597057
2025-06-04 00:00:00+00:00,-34.96944,-71.21694,220.0,open-meteo_ecmwf_ifs,daily,17.1605,6.2605,9.82,8.17925,1.0328058,86.92456,0.0,12.264155974888972,0.9014493819254433
2025-06-05 00:00:00+00:00,-34.96944,-71.21694,220.0,open-meteo_ecmwf_ifs,daily,15.460501,3.0605001,9.93,5.673,0.69716835,85.793205,0.0,12.207949287000488,0.7589412283291532
2025-06-06 00:00:00+00:00,-34.96944,-71.21694,220.0,open-meteo_ecmwf_ifs,daily,12.5105,2.3605,7.25,5.545917,1.2519678,93.398094,0.0,12.155021080319433,0.6562873216609622
2025-06-07 00:00:00+00:00,-34.96944,-71.21694,220.0,open-meteo_ecmwf_ifs,daily,14.5605,4.3104997,8.78,6.4584165,0.9483039,91.46265,0.0,12.105381994788727,0.7583361210569157
2025-06-08 00:00:00+00:00,-34.96944,-71.21694,220.0,open-meteo_ecmwf_ifs,daily,13.5605,4.2105,8.61,5.7729993,1.35666,90.69431,0.0,12.059041834140562,0.7956727801976557
2025-06-09 00:00:00+00:00,-34.96944,-71.21694,220.0,open-meteo_ecmwf_ifs,daily,13.160501,2.3105001,8.94,4.643833,0.88927335,90.10343,0.0,12.016009585368286,0.6987334822859823
2025-06-10 00:00:00+00:00,-34.96944,-71.21694,220.0,open-meteo_ecmwf_ifs,daily,15.210501,1.0605,10.09,4.170916,0.46894112,89.560936,0.0,11.976293437404921,0.6614435959232255
2025-06-11 00:00:00+00:00,-34.96944,-71.21694,220.0,open-meteo_ecmwf_ifs,daily,13.410501,6.0105,3.98,7.8125825,3.030619,90.593315,0.0,11.939900798916234,0.7588852303884428
2025-06-12 00:00:00+00:00,-34.96944,-71.21694,220.0,open-meteo_ecmwf_ifs,daily,11.410501,6.5604997,4.09,7.57925,4.536588,85.94065,38.1,11.906838315121014,0.6937887318743053
2025-06-13 00:00:00+00:00,-34.96944,-71.21694,220.0,open-meteo_ecmwf_ifs,daily,13.160501,2.7605002,9.56,4.3959165,1.3481828,84.32043,0.5,11.877111883556514,0.7822289778345588
2025-06-14 00:00:00+00:00,-34.96944,-71.21694,220.0,open-meteo_ecmwf_ifs,daily,13.3105,0.4605,6.57,3.0209167,1.6287953,83.38651,0.0,11.85072666871223,0.7956165797283897
2025-06-15 00:00:00+00:00,-34.96944,-71.21694,220.0,open-meteo_ecmwf_ifs,daily,12.1105,9.1105,1.56,7.089667,4.4876227,81.419945,29.0,11.82768711546161,1.1923057569478868
2025-06-16 00:00:00+00:00,-34.96944,-71.21694,220.0,open-meteo_ecmwf_ifs,daily,10.5105,6.5105,4.75,5.887583,3.6215866,84.84657,52.600002,11.80799696122719,0.8873611253363667
2025-06-17 00:00:00+00:00,-34.96944,-71.21694,220.0,open-meteo_ecmwf_ifs,daily,14.3605,4.5105,8.67,5.956333,0.9818632,88.88907,4.7,11.791659246821622,0.7504426604212425
2025-06-18 00:00:00+00:00,-34.96944,-71.21694,220.0,open-meteo_ecmwf_ifs,daily,12.6105,3.0105002,9.71,4.2729993,1.1468914,87.62286,0.1,11.778676325913892,0.7360890778416049
2025-06-19 00:00:00+00:00,-34.96944,-71.21694,220.0,open-meteo_ecmwf_ifs,daily,10.460501,1.7605,8.13,3.0438337,1.7045116,88.64047,0.0,11.76904987307734,0.7206576549650344
2025-06-20 00:00:00+00:00,-34.96944,-71.21694,220.0,open-meteo_ecmwf_ifs,daily,10.5105,-0.039500006,8.1,2.002167,1.0344554,89.868866,0.0,11.762780890383514,0.6292338494653136
2025-06-21 00:00:00+00:00,-34.96944,-71.21694,220.0,open-meteo_ecmwf_ifs,daily,9.710501,2.5105002,3.68,4.339667,0.67615324,94.45615,0.0,11.759869712513698,0.5266962654560867
2025-06-22 00:00:00+00:00,-34.96944,-71.21694,220.0,open-meteo_ecmwf_ifs,daily,11.1105,5.6105,3.54,6.283417,2.1811678,91.61257,13.7,11.760316010367507,0.6915591560077813
2025-06-23 00:00:00+00:00,-34.96944,-71.21694,220.0,open-meteo_ecmwf_ifs,daily,9.660501,-1.3395001,10.1,0.12508334,2.182214,80.25647,0.0,11.764118793156209,0.7975630283990742
2025-06-24 00:00:00+00:00,-34.96944,-71.21694,220.0,open-meteo_ecmwf_ifs,daily,10.5105,-0.0895,9.44,1.0855,1.7560844,85.3075,0.0,11.771276408976112,0.7818833661757283
2025-06-25 00:00:00+00:00,-34.96944,-71.21694,220.0,open-meteo_ecmwf_ifs,daily,10.460501,3.6105,8.08,3.731333,1.9830279,87.0637,0.0,11.781786543865522,0.8005749970950612
2025-06-26 00:00:00+00:00,-34.96944,-71.21694,220.0,open-meteo_ecmwf_ifs,daily,10.5605,-0.5895,9.97,0.87091666,1.4849426,82.58474,0.0,11.795646219356673,0.7371709728620216
2025-06-27 00:00:00+00:00,-34.96944,-71.21694,220.0,open-meteo_ecmwf_ifs,daily,7.0105,1.7105,3.84,2.01675,1.4002852,88.31274,0.0,11.81285178854192,0.5784939113338899
2025-06-28 00:00:00+00:00,-34.96944,-71.21694,220.0,open-meteo_ecmwf_ifs,daily,8.3605,-0.3895,7.65,1.6938332,0.63294214,93.51487,0.2,11.833398930681291,0.5302260062356374
2025-06-29 00:00:00+00:00,-34.96944,-71.21694,220.0,open-meteo_ecmwf_ifs,daily,8.3105,-3.5395,9.91,-1.80825,1.2755306,83.50886,0.0,11.85728264438596,0.6447316096097672
2025-06-30 00:00:00+00:00,-34.96944,-71.21694,220.0,open-meteo_ecmwf_ifs,daily,8.660501,-5.4395003,9.6,-4.3874164,1.134511,76.04193,0.0,11.884497239419767,0.6735758683947544
2025-07-01 00:00:00+00:00,-34.96944,-71.21694,220.0,open-meteo_ecmwf_ifs,daily,13.6105,-0.7895,10.14,-2.3144999,0.826838,65.18479,0.0,11.915036327167938,0.7820853052559713
2025-07-02 00:00:00+00:00,-34.96944,-71.21694,220.0,open-meteo_ecmwf_ifs,daily,14.5105,0.6105,10.04,0.6875834,0.7623717,77.07268,0.0,11.948892809828994,0.7611843526388982
2025-07-03 00:00:00+00:00,-34.96944,-71.21694,220.0,open-meteo_ecmwf_ifs,daily,13.0605,-0.98950005,9.89,1.0355002,0.76734394,81.94042,0.0,11.986058868392442,0.6877311517846343
2025-07-04 00:00:00+00:00,-34.96944,-71.21694,220.0,open-meteo_ecmwf_ifs,daily,11.960501,-0.2895,7.75,2.2959166,0.666598,89.5519,0.0,12.026525949471003,0.6246504719235021
2025-07-05 00:00:00+00:00,-34.96944,-71.21694,220.0,open-meteo_ecmwf_ifs,daily,14.910501,2.4105,5.58,6.752167,2.8584738,90.50184,0.3,12.070284751061877,0.7482204432923235
2025-07-06 00:00:00+00:00,-34.96944,-71.21694,220.0,open-meteo_ecmwf_ifs,daily,17.2605,6.8605,9.6,8.606334,3.0979812,84.09434,16.6,12.117325207317073,1.1859420952964945
2025-07-07 00:00:00+00:00,-34.96944,-71.21694,220.0,open-meteo_ecmwf_ifs,daily,16.0105,3.1105,10.41,6.82925,1.1726302,90.85345,0.0,12.167636472407503,0.8053634023639697
2025-07-08 00:00:00+00:00,-34.96944,-71.21694,220.0,open-meteo_ecmwf_ifs,daily,12.7605,6.9605,7.56,7.7313347,2.1100285,91.79218,0.0,12.22120690357054,0.8100330449728148
2025-07-09 00:00:00+00:00,-34.96944,-71.21694,220.0,open-meteo_ecmwf_ifs,daily,11.8105,4.1105,6.47,5.912584,0.80471784,92.29179,0.0,12.27802404343419,0.647318839470418
2025-07-10 00:00:00+00:00,-34.96944,-71.21694,220.0,open-meteo_ecmwf_ifs,daily,10.3105,2.6605,8.04,3.9396667,1.7357103,91.2128,0.0,12.338074601715123,0.7376180565117854
2025-07-11 00:00:00+00:00,-34.96944,-71.21694,220.0,open-meteo_ecmwf_ifs,daily,9.710501,-1.2395,9.27,1.4084167,1.06343,90.52222,0.0,12.401344436390614,0.6534934358394059
2025-07-12 00:00:00+00:00,-34.96944,-71.21694,220.0,open-meteo_ecmwf_ifs,daily,7.7105,0.9105,6.2,2.1500833,0.95113015,93.57383,0.0,12.467818534447028,0.5875356557402762
2025-07-13 00:00:00+00:00,-34.96944,-71.21694,220.0,open-meteo_ecmwf_ifs,daily,10.5605,-1.0395,7.03,2.162583,1.0094222,94.52512,0.0,12.537480992309801,0.6375144675638592
2025-07-14 00:00:00+00:00,-34.96944,-71.21694,220.0,open-meteo_ecmwf_ifs,daily,13.3605,1.7105,8.92,4.5417504,1.0441599,89.97506,0.0,12.610314996061248,0.7656511457533708
2025-07-15 00:00:00+00:00,-34.96944,-71.21694,220.0,open-meteo_ecmwf_ifs,daily,8.660501,1.4104999,2.61,4.5855002,0.7805236,97.302345,4.6,12.686302801553808,0.4621203355669317
2025-07-16 00:00:00+00:00,-34.96944,-71.21694,220.0,open-meteo_ecmwf_ifs,daily,11.6105,0.010499999,10.89,2.1542501,1.4770627,87.28167,0.0,12.765425714526977,0.8410810150014574
2025-07-17 00:00:00+00:00,-34.96944,-71.21694,220.0,open-meteo_ecmwf_ifs,daily,14.910501,-2.3895,11.22,0.8292499,0.7722364,80.34449,0.0,12.847664070836258,0.8104784251022076
2025-07-18 00:00:00+00:00,-34.96944,-71.21694,220.0,open-meteo_ecmwf_ifs,daily,12.5105,0.41050002,10.83,2.4688332,1.0791684,83.08207,0.0,12.932997216902322,0.8405112496717538
2025-07-19 00:00:00+00:00,-34.96944,-71.21694,220.0,open-meteo_ecmwf_ifs,daily,11.3105,0.2105,7.21,2.595917,1.2483486,90.99097,0.0,13.021403490487875,0.7527904654222184
2025-07-20 00:00:00+00:00,-34.96944,-71.21694,220.0,open-meteo_ecmwf_ifs,daily,10.5105,2.0105,6.42,4.8063335,0.65345395,96.99683,0.0,13.112860201908385,0.6298053177083885
2025-07-21 00:00:00+00:00,-34.96944,-71.21694,220.0,open-meteo_ecmwf_ifs,daily,16.3605,2.7105,11.77,5.0438333,0.77887803,86.74179,0.0,13.207343615781589,0.9539027247947437
2025-07-22 00:00:00+00:00,-34.96944,-71.21694,220.0,open-meteo_ecmwf_ifs,daily,13.2605,3.7605002,9.14,5.925083,0.9905222,93.84226,0.0,13.304828933418555,0.8373436774199245
2025-07-23 00:00:00+00:00,-34.96944,-71.21694,220.0,open-meteo_ecmwf_ifs,daily,13.660501,2.6105,9.83,5.664667,1.0164415,94.72077,0.0,13.405290275956789,0.84768671651648
2025-07-24 00:00:00+00:00,-34.96944,-71.21694,220.0,open-meteo_ecmwf_ifs,daily,13.960501,4.8605,8.13,6.100083,2.2174168,90.88326,9.7,13.508700668333478,1.0429031462993945
2025-07-25 00:00:00+00:00,-34.96944,-71.21694,220.0,open-meteo_ecmwf_ifs,daily,15.8105,6.4105,8.69,7.277167,2.1908855,86.57288,17.3,13.61503202419362,1.1876358131169844
2025-07-26 00:00:00+00:00,-34.96944,-71.21694,220.0,open-meteo_ecmwf_ifs,daily,14.1105,3.9605,7.15,7.237583,0.48108205,91.483025,0.0,13.724255131824904,0.7609069283148788
2025-07-27 00:00:00+00:00,-34.96944,-71.21694,220.0,open-meteo_ecmwf_ifs,daily,13.960501,6.4605,5.1,8.170917,1.1824548,92.494286,0.9,13.83633964120743,0.7835566095260638
2025-07-28 00:00:00+00:00,-34.96944,-71.21694,220.0,open-meteo_ecmwf_ifs,daily,19.060501,6.4105,9.72,8.743833,1.1407901,85.90858,0.0,13.951254052262598,1.1545364056293388
2025-07-29 00:00:00+00:00,-34.96944,-71.21694,220.0,open-meteo_ecmwf_ifs,daily,18.0105,7.5604997,6.05,10.116752,0.88858765,90.30045,0.0,14.068965704381569,0.9123715664433567
2025-07-30 00:00:00+00:00,-34.96944,-71.21694,220.0,open-meteo_ecmwf_ifs,daily,15.2605,10.710501,3.07,10.479251,2.9283056,87.22346,2.0,14.189440767309328,0.9962427618651547
2025-07-31 00:00:00+00:00,-34.96944,-71.21694,220.0,open-meteo_ecmwf_ifs,daily,11.7605,10.160501,1.09,9.787583,3.3806813,92.832184,61.699997,14.31264423345599,0.6401994282638803
2025-08-01 00:00:00+00:00,-34.96944,-71.21694,220.0,open-meteo_ecmwf_ifs,daily,10.960501,9.210501,3.08,8.418834,4.186452,90.950584,30.8,14.438539911702463,0.8181033683849398
2025-08-02 00:00:00+00:00,-34.96944,-71.21694,220.0,open-meteo_ecmwf_ifs,daily,12.160501,3.6605,9.71,6.0605006,2.702756,87.60221,21.000002,14.56709042276261,0.9468271427007808
2025-08-03 00:00:00+00:00,-34.96944,-71.21694,220.0,open-meteo_ecmwf_ifs,daily,11.410501,1.1105,7.33,3.7480001,1.1155685,91.40134,0.0,14.698257196159402,0.8176047969639859
2025-08-04 00:00:00+00:00,-34.96944,-71.21694,220.0,open-meteo_ecmwf_ifs,daily,15.660501,2.0105,11.15,4.5667505,1.1135885,86.93432,0.0,14.83200046886735,1.1338163603186477
2025-08-05 00:00:00+00:00,-34.96944,-71.21694,220.0,open-meteo_ecmwf_ifs,daily,16.7105,3.6105,12.19,6.1250834,0.81937265,83.41477,0.0,14.968279285668572,1.182151193772821
2025-08-06 00:00:00+00:00,-34.96944,-71.21694,220.0,open-meteo_ecmwf_ifs,daily,17.4105,7.4605,8.94,8.987584,1.6741468,88.148315,0.8,15.107051501264472,1.2485350825905466
2025-08-07 00:00:00+00:00,-34.96944,-71.21694,220.0,open-meteo_ecmwf_ifs,daily,16.0605,5.1605,11.96,7.073,1.9606028,86.108795,0.0,15.248273784179846,1.3437298180851327
2025-08-08 00:00:00+00:00,-34.96944,-71.21694,220.0,open-meteo_ecmwf_ifs,daily,18.0105,1.1105,13.99,4.306333,0.6990153,77.816414,0.0,15.391901622491106,1.2697992075525832
2025-08-09 00:00:00+00:00,-34.96944,-71.21694,220.0,open-meteo_ecmwf_ifs,daily,13.6105,4.0605,5.36,6.518833,1.3279054,86.6712,0.5,15.53788933140458,0.8574236897192915
2025-08-10 00:00:00+00:00,-34.96944,-71.21694,220.0,open-meteo_ecmwf_ifs,daily,15.710501,3.9605,11.42,6.4375825,1.0444485,88.39981,0.0,15.686190062705883,1.2085279823617083
2025-08-11 00:00:00+00:00,-34.96944,-71.21694,220.0,open-meteo_ecmwf_ifs,daily,20.2105,3.6605,12.02,7.1584167,0.8110567,84.047,0.0,15.836755816095799,1.3530649409130093
2025-08-12 00:00:00+00:00,-34.96944,-71.21694,220.0,open-meteo_ecmwf_ifs,daily,15.2605,9.0605,6.7,10.227166,1.8198237,89.5245,0.0,15.989537452422708,1.0326365587360773
2025-08-13 00:00:00+00:00,-34.96944,-71.21694,220.0,open-meteo_ecmwf_ifs,daily,17.7105,6.9605,11.58,9.281334,2.5011857,87.77999,0.0,16.1444847088164,1.4815058653178887
2025-08-14 00:00:00+00:00,-34.96944,-71.21694,220.0,open-meteo_ecmwf_ifs,daily,19.7105,4.4605,13.78,8.548001,0.9481216,87.46703,0.0,16.301546215722727,1.4789721712070156
2025-08-15 00:00:00+00:00,-34.96944,-71.21694,220.0,open-meteo_ecmwf_ifs,daily,14.460501,11.0105,5.42,10.42925,2.3683932,88.14325,3.3000002,16.460669515833153,1.0826173593565884
2025-08-16 00:00:00+00:00,-34.96944,-71.21694,220.0,open-meteo_ecmwf_ifs,daily,18.3605,5.2105,14.37,8.7125845,1.4589373,83.61955,0.3,16.621801084898316,1.552116951153329
2025-08-17 00:00:00+00:00,-34.96944,-71.21694,220.0,open-meteo_ecmwf_ifs,daily,16.2105,5.8605,13.83,8.727166,1.4569684,85.27719,0.0,16.78488635440912,1.442346891202101
2025-08-18 00:00:00+00:00,-34.96944,-71.21694,220.0,open-meteo_ecmwf_ifs,daily,14.210501,5.9105,5.47,8.19175,0.8431042,90.86304,0.2,16.949869736124263,0.883785622685798
2025-08-19 00:00:00+00:00,-34.96944,-71.21694,220.0,open-meteo_ecmwf_ifs,daily,16.810501,7.1105,12.87,8.654251,1.3187789,84.894066,4.8,17.116694648417614,1.5226453291917896
2025-08-20 00:00:00+00:00,-34.96944,-71.21694,220.0,open-meteo_ecmwf_ifs,daily,17.6605,6.0105,15.6,8.479251,1.2766645,84.19756,2.1,17.28530354441421,1.6885280637848645
2025-08-21 00:00:00+00:00,-34.96944,-71.21694,220.0,open-meteo_ecmwf_ifs,daily,12.2605,7.2605,1.84,8.191751,3.4577696,91.50241,21.300001,17.45563794187867,0.7554840600532643
2025-08-22 00:00:00+00:00,-34.96944,-71.21694,220.0,open-meteo_ecmwf_ifs,daily,8.2605,2.1105,8.2,4.1292496,2.9748793,90.12502,21.2,17.627638454815123,0.8171798155380798
2025-08-23 00:00:00+00:00,-34.96944,-71.21694,220.0,open-meteo_ecmwf_ifs,daily,12.8605,-3.6894999,16.25,-0.7895,1.4308357,76.15824,9.2,17.80124482673298,1.465612901269634
2025-08-24 00:00:00+00:00,-34.96944,-71.21694,220.0,open-meteo_ecmwf_ifs,daily,15.710501,-0.23949999,15.82,2.5000837,2.1663198,75.31137,0.0,17.976395965528674,1.7336180922125952
2025-08-25 00:00:00+00:00,-34.96944,-71.21694,220.0,open-meteo_ecmwf_ifs,daily,18.9605,2.7605002,16.5,7.0105,1.9204296,83.77935,0.0,18.15302997992867,1.84151595332165
2025-08-26 00:00:00+00:00,-34.96944,-71.21694,220.0,open-meteo_ecmwf_ifs,daily,18.6105,4.8104997,14.94,7.587584,1.7324678,85.75475,0.0,18.331084217435173,1.8255557247594043
2025-08-27 00:00:00+00:00,-34.96944,-71.21694,220.0,open-meteo_ecmwf_ifs,daily,20.4105,3.6605,16.23,7.70425,0.7145687,83.658134,0.0,18.51049530371174,1.8201667328364362
2025-08-28 00:00:00+00:00,-34.96944,-71.21694,220.0,open-meteo_ecmwf_ifs,daily,15.910501,8.6105,6.84,9.773,0.6063369,90.57675,0.0,18.6911991833419,1.112452247902687
2025-08-29 00:00:00+00:00,-34.96944,-71.21694,220.0,open-meteo_ecmwf_ifs,daily,14.5605,9.660501,6.43,9.4521675,1.072344,87.660614,1.0000001,18.873131161890438,1.1360422746692465
2025-08-30 00:00:00+00:00,-34.96944,-71.21694,220.0,open-meteo_ecmwf_ifs,daily,15.160501,8.1105,8.98,9.0105,0.94243914,85.54403,0.2,19.05622594919296,1.2961804419190317
2025-08-31 00:00:00+00:00,-34.96944,-71.21694,220.0,open-meteo_ecmwf_ifs,daily,14.5605,9.5105,5.27,10.008418,1.0004514,92.974724,4.2000003,19.24041770379641,1.0080237606338243
2025-09-01 00:00:00+00:00,-34.96944,-71.21694,220.0,open-meteo_ecmwf_ifs,daily,16.5105,6.4605,13.2,9.031333,1.4341742,89.29661,0.0,19.425640078469602,1.6210716115926544
2025-09-02 00:00:00+00:00,-34.96944,-71.21694,220.0,open-meteo_ecmwf_ifs,daily,12.960501,6.8104997,6.43,8.129251,1.0771368,89.06183,1.5000001,19.611826266699808,1.0227936372899271
2025-09-03 00:00:00+00:00,-34.96944,-71.21694,220.0,open-meteo_ecmwf_ifs,daily,15.960501,3.8105001,18.44,4.7000823,3.5250585,76.54774,0.1,19.798909050089005,2.293702698472998
2025-09-04 00:00:00+00:00,-34.96944,-71.21694,220.0,open-meteo_ecmwf_ifs,daily,15.460501,0.56049997,17.45,2.91675,2.2586205,76.50653,0.0,19.986820846560157,1.9739798893020732
2025-09-05 00:00:00+00:00,-34.96944,-71.21694,220.0,open-meteo_ecmwf_ifs,daily,18.6105,1.1604999,17.93,6.345917,1.0535892,84.44839,0.0,20.175493759282023,1.9474009781531207
2025-09-06 00:00:00+00:00,-34.96944,-71.21694,220.0,open-meteo_ecmwf_ifs,daily,15.660501,6.5604997,10.75,8.318833,1.15481,88.46841,0.2,20.364859626218653,1.4854527957794774
2025-09-07 00:00:00+00:00,-34.96944,-71.21694,220.0,open-meteo_ecmwf_ifs,daily,14.0105,7.4105,7.54,7.0688324,1.5536622,82.18087,0.1,20.554850070207443,1.3469341061263842
2025-09-08 00:00:00+00:00,-34.96944,-71.21694,220.0,open-meteo_ecmwf_ifs,daily,16.9105,8.3105,16.93,7.656334,1.7539439,78.870155,0.4,20.745396549468758,2.2657529272370813
2025-09-09 00:00:00+00:00,-34.96944,-71.21694,220.0,open-meteo_ecmwf_ifs,daily,21.0105,5.0105,18.98,7.725083,1.264105,80.1345,0.0,20.936430408447634,2.407754271869584
2025-09-10 00:00:00+00:00,-34.96944,-71.21694,220.0,open-meteo_ecmwf_ifs,daily,19.9605,10.1105,19.22,9.214667,2.0981886,76.85204,10.400001,21.12788292888789,2.7873141309572524
2025-09-11 00:00:00+00:00,-34.96944,-71.21694,220.0,open-meteo_ecmwf_ifs,daily,20.1605,3.3105001,19.63,6.5875835,1.5419518,75.80081,0.0,21.31968538103737,2.416684092810275
2025-09-12 00:00:00+00:00,-34.96944,-71.21694,220.0,open-meteo_ecmwf_ifs,daily,20.7605,4.6105,19.24,7.895918,1.0743972,76.895615,0.0,21.51176907488246,2.402318623331554
2025-09-13 00:00:00+00:00,-34.96944,-71.21694,220.0,open-meteo_ecmwf_ifs,daily,16.0105,5.6105,9.84,7.556335,1.5285074,86.601036,7.7999997,21.704065411310285,1.518352013960321
2025-09-14 00:00:00+00:00,-34.96944,-71.21694,220.0,open-meteo_ecmwf_ifs,daily,15.910501,6.9605,12.34,6.6063333,2.5279973,75.619286,0.0,21.896505933095714,2.012606664269726
2025-09-15 00:00:00+00:00,-34.96944,-71.21694,220.0,open-meteo_ecmwf_ifs,daily,19.310501,4.1605,20.02,7.0979996,2.1454992,78.592545,0.0,22.089022375611723,2.523867384917191
2025-09-16 00:00:00+00:00,-34.96944,-71.21694,220.0,open-meteo_ecmwf_ifs,daily,21.0105,5.6105,20.69,7.8980002,2.0916054,73.6444,0.0,22.281546717161095,2.792739355888612
2025-09-17 00:00:00+00:00,-34.96944,-71.21694,220.0,open-meteo_ecmwf_ifs,daily,18.7105,8.7605,14.49,9.9625845,2.3167741,81.86486,0.0,22.474011228828772,2.20454853286348
2025-09-18 00:00:00+00:00,-34.96944,-71.21694,220.0,open-meteo_ecmwf_ifs,daily,19.4605,7.7105,16.97,9.398001,1.00847,84.30781,0.0,22.666348523755005,2.329301114793707
2025-09-19 00:00:00+00:00,-34.96944,-71.21694,220.0,open-meteo_ecmwf_ifs,daily,20.1605,7.8104997,17.89,9.170917,1.3536625,81.866585,0.0,22.858491605730542,2.524640058927168
2025-09-20 00:00:00+00:00,-34.96944,-71.21694,220.0,open-meteo_ecmwf_ifs,daily,14.210501,9.5605,9.43,8.648001,3.6639016,83.660194,30.400002,23.050373917017037,1.7334451973162088
2025-09-21 00:00:00+00:00,-34.96944,-71.21694,220.0,open-meteo_ecmwf_ifs,daily,12.410501,7.2605,8.63,7.589667,2.5527148,88.640205,24.700003,23.241929385297475,1.3601305722334551
2025-09-22 00:00:00+00:00,-34.96944,-71.21694,220.0,open-meteo_ecmwf_ifs,daily,18.4105,4.5105,20.07,6.51675,1.965375,82.72096,0.1,23.43309246966339,2.6050745807056206
2025-09-23 00:00:00+00:00,-34.96944,-71.21694,220.0,open-meteo_ecmwf_ifs,daily,20.5105,3.0605001,21.66,6.7688336,1.0414139,75.560524,0.0,23.623798205548553,2.6925626831168334
2025-09-24 00:00:00+00:00,-34.96944,-71.21694,220.0,open-meteo_ecmwf_ifs,daily,23.060501,5.3104997,21.86,8.739667,1.3553619,75.77196,0.0,23.813982248520865,2.990612344227359
2025-09-25 00:00:00+00:00,-34.96944,-71.21694,220.0,open-meteo_ecmwf_ifs,daily,22.2605,8.1105,21.79,10.575084,1.4591657,79.5748,0.0,24.003580916847607,3.060141270907635
2025-09-26 00:00:00+00:00,-34.96944,-71.21694,220.0,open-meteo_ecmwf_ifs,daily,13.7605,9.5105,5.46,9.150084,1.5301455,88.86523,14.5,24.192531232752177,1.1846166166011047
2025-09-27 00:00:00+00:00,-34.96944,-71.21694,220.0,open-meteo_ecmwf_ifs,daily,19.3605,3.3105001,22.69,5.608417,1.6258448,77.812874,0.0,24.38077096228373,2.8841252821295504
2025-09-28 00:00:00+00:00,-34.96944,-71.21694,220.0,open-meteo_ecmwf_ifs,daily,19.2605,5.3104997,18.95,7.152168,2.34322,73.69114,0.0,24.568238653725345,2.708985126547091
2025-09-29 00:00:00+00:00,-34.96944,-71.21694,220.0,open-meteo_ecmwf_ifs,daily,18.7105,10.910501,17.18,10.30425,2.4691293,80.92254,0.1,24.754873674469497,2.7328351941374405
2025-09-30 00:00:00+00:00,-34.96944,-71.21694,220.0,open-meteo_ecmwf_ifs,daily,22.2105,4.6105,23.35,6.3729997,3.395771,68.49102,0.0,24.940616246294358,3.5339699620032303
