date,lat,lon,z,source,granularity,Tmax,Tmin,Rs,Tdwp,Wspeed2M,RHmean,Precip_mm,Rso,Eto
2017-01-01 00:00:00+00:00,-35.54333,-72.09444,210.0,open-meteo_ecmwf_ifs,daily,28.781,13.681,33.54,9.62475,4.052271,55.425415,0.0,33.388188988297905,6.936733632180781
2017-01-02 00:00:00+00:00,-35.54333,-72.09444,210.0,open-meteo_ecmwf_ifs,daily,28.731,13.581,33.85,7.0747495,4.0499215,44.16455,0.0,33.357976806475705,7.242350938298535
2017-01-03 00:00:00+00:00,-35.54333,-72.09444,210.0,open-meteo_ecmwf_ifs,daily,26.031,13.381,33.52,8.2560005,4.621996,53.05248,0.0,33.32497244252389,6.7655264380560896
2017-01-04 00:00:00+00:00,-35.54333,-72.09444,210.0,open-meteo_ecmwf_ifs,daily,24.981,11.581,33.92,4.106,6.4352765,42.993,0.0,33.28917730626627,7.341040270454063
2017-01-05 00:00:00+00:00,-35.54333,-72.09444,210.0,open-meteo_ecmwf_ifs,daily,31.581001,11.181,34.39,3.9976666,5.6473393,39.7181,0.0,33.2505930957252,8.310471949026468
2017-01-06 00:00:00+00:00,-35.54333,-72.09444,210.0,open-meteo_ecmwf_ifs,daily,31.131,14.081,33.5,5.551832,2.949381,36.37752,0.0,33.20922180750641,7.201372223990323
2017-01-07 00:00:00+00:00,-35.54333,-72.09444,210.0,open-meteo_ecmwf_ifs,daily,30.631,14.531,32.89,8.118501,3.4964314,45.88144,0.0,33.16506574796276,7.210606265635159
2017-01-08 00:00:00+00:00,-35.54333,-72.09444,210.0,open-meteo_ecmwf_ifs,daily,29.231,15.581,32.17,11.045583,3.2170038,55.068348,0.0,33.11812754515055,6.688825873237538
2017-01-09 00:00:00+00:00,-35.54333,-72.09444,210.0,open-meteo_ecmwf_ifs,daily,27.481,16.081001,28.19,11.5435,2.9788218,62.327682,8.300001,33.068410161590975,5.919408750900239
2017-01-10 00:00:00+00:00,-35.54333,-72.09444,210.0,open-meteo_ecmwf_ifs,daily,29.231,13.531,33.52,5.435166,4.0642076,40.747295,0.0,33.01591690784685,7.4215220486479065
2017-01-11 00:00:00+00:00,-35.54333,-72.09444,210.0,open-meteo_ecmwf_ifs,daily,32.431,13.531,33.61,3.5601666,3.6481683,35.318336,0.0,32.96065145692262,7.7952357588953625
2017-01-12 00:00:00+00:00,-35.54333,-72.09444,210.0,open-meteo_ecmwf_ifs,daily,34.431,18.531,31.11,8.031,5.7182117,33.735462,0.0,32.90261785949274,9.339009194033155
2017-01-13 00:00:00+00:00,-35.54333,-72.09444,210.0,open-meteo_ecmwf_ifs,daily,32.830997,16.731,32.66,8.9185,4.3984585,44.93875,0.0,32.84182055996057,8.143597473863332
2017-01-14 00:00:00+00:00,-35.54333,-72.09444,210.0,open-meteo_ecmwf_ifs,daily,30.081001,14.981,33.43,4.0018334,4.7585163,32.83359,0.0,32.77826441334649,8.193286606173967
2017-01-15 00:00:00+00:00,-35.54333,-72.09444,210.0,open-meteo_ecmwf_ifs,daily,31.381,14.231,32.91,8.133082,3.121844,45.080994,0.0,32.71195470300015,7.066182247362162
2017-01-16 00:00:00+00:00,-35.54333,-72.09444,210.0,open-meteo_ecmwf_ifs,daily,32.031,16.031,32.86,7.495583,3.3983593,40.531376,0.0,32.64289715912817,7.552816626685851
2017-01-17 00:00:00+00:00,-35.54333,-72.09444,210.0,open-meteo_ecmwf_ifs,daily,31.831001,17.581001,32.35,11.147666,5.852448,48.01119,0.0,32.57109797812393,8.365565931546179
2017-01-18 00:00:00+00:00,-35.54333,-72.09444,210.0,open-meteo_ecmwf_ifs,daily,33.231,14.431,32.98,4.866416,4.7269597,31.851158,0.0,32.49656384268236,8.429975690851391
2017-01-19 00:00:00+00:00,-35.54333,-72.09444,210.0,open-meteo_ecmwf_ifs,daily,34.681,16.281,32.82,6.1705832,3.9258502,33.26504,0.0,32.419301942677464,8.311198154341456
2017-01-20 00:00:00+00:00,-35.54333,-72.09444,210.0,open-meteo_ecmwf_ifs,daily,36.080997,18.081001,32.58,8.062249,5.3702855,35.90962,0.0,32.339319996776155,9.461145389302878
2017-01-21 00:00:00+00:00,-35.54333,-72.09444,210.0,open-meteo_ecmwf_ifs,daily,36.181,18.131,32.24,5.283083,6.7731056,28.52379,0.0,32.25662627475703,10.577398762650807
2017-01-22 00:00:00+00:00,-35.54333,-72.09444,210.0,open-meteo_ecmwf_ifs,daily,32.931,16.581001,32.5,7.6518326,4.6335726,37.468082,0.0,32.171229620498,8.323438494714216
2017-01-23 00:00:00+00:00,-35.54333,-72.09444,210.0,open-meteo_ecmwf_ifs,daily,32.431,17.931002,32.07,6.7601666,4.640622,32.80221,0.0,32.08313947559162,8.499281301949017
2017-01-24 00:00:00+00:00,-35.54333,-72.09444,210.0,open-meteo_ecmwf_ifs,daily,32.081,17.431002,31.55,8.97475,6.1005025,39.32893,0.0,31.992365903542645,8.723370171939326
2017-01-25 00:00:00+00:00,-35.54333,-72.09444,210.0,open-meteo_ecmwf_ifs,daily,36.181,17.731,31.67,10.1414175,7.3663535,41.272808,0.0,31.898919614497274,9.992282956864697
2017-01-26 00:00:00+00:00,-35.54333,-72.09444,210.0,open-meteo_ecmwf_ifs,daily,39.330997,21.681002,32.0,11.191415,5.9854507,37.577522,0.0,31.802811990448753,10.573779948456043
2017-01-27 00:00:00+00:00,-35.54333,-72.09444,210.0,open-meteo_ecmwf_ifs,daily,33.580997,16.931002,31.07,15.593498,2.4746952,66.02091,0.0,31.704055110860107,6.50734225544671
2017-01-28 00:00:00+00:00,-35.54333,-72.09444,210.0,open-meteo_ecmwf_ifs,daily,34.181,17.531,31.7,12.208083,2.6236064,46.6739,0.0,31.60266177863967,7.02648977764474
2017-01-29 00:00:00+00:00,-35.54333,-72.09444,210.0,open-meteo_ecmwf_ifs,daily,33.080997,17.781,30.45,8.981,2.488223,38.896904,0.0,31.49864554640155,6.869038528775497
2017-01-30 00:00:00+00:00,-35.54333,-72.09444,210.0,open-meteo_ecmwf_ifs,daily,30.381,17.731,30.72,7.4685,4.117607,36.13689,0.0,31.39202074293879,7.625458724470297
2017-01-31 00:00:00+00:00,-35.54333,-72.09444,210.0,open-meteo_ecmwf_ifs,daily,29.631,14.431,31.11,7.24975,4.3606367,41.09128,0.0,31.282802499833558,7.192667986036244
2017-02-01 00:00:00+00:00,-35.54333,-72.09444,210.0,open-meteo_ecmwf_ifs,daily,31.331001,14.231,31.29,6.881,2.9895093,41.1953,0.0,31.171006778125268,6.785150301600163
2017-02-02 00:00:00+00:00,-35.54333,-72.09444,210.0,open-meteo_ecmwf_ifs,daily,27.181002,13.481,28.75,6.4497504,2.1367834,43.60263,0.0,31.056650394954328,5.584672587206615
2017-02-03 00:00:00+00:00,-35.54333,-72.09444,210.0,open-meteo_ecmwf_ifs,daily,23.331001,11.581,20.53,9.32475,2.471047,64.75265,0.0,30.939751050096437,4.01810140130709
2017-02-04 00:00:00+00:00,-35.54333,-72.09444,210.0,open-meteo_ecmwf_ifs,daily,22.681002,14.431,21.33,11.9122505,2.0582407,67.646,2.9999998,30.820327352300072,3.977783787198268
2017-02-05 00:00:00+00:00,-35.54333,-72.09444,210.0,open-meteo_ecmwf_ifs,daily,29.681002,14.031,30.59,8.23725,2.8509235,49.93153,0.0,30.6983988453375,6.301551785312532
2017-02-06 00:00:00+00:00,-35.54333,-72.09444,210.0,open-meteo_ecmwf_ifs,daily,30.081001,14.381,30.46,8.087251,3.8361943,43.763077,0.0,30.57398603367805,6.8236236047815595
2017-02-07 00:00:00+00:00,-35.54333,-72.09444,210.0,open-meteo_ecmwf_ifs,daily,29.631,14.731,29.8,9.722666,2.8406718,49.829052,0.0,30.447110407691195,6.155697039171059
2017-02-08 00:00:00+00:00,-35.54333,-72.09444,210.0,open-meteo_ecmwf_ifs,daily,25.181002,10.781,28.39,8.795583,2.451516,62.36174,0.0,30.317794468285598,4.976020973044921
2017-02-09 00:00:00+00:00,-35.54333,-72.09444,210.0,open-meteo_ecmwf_ifs,daily,27.381,14.331,28.81,7.1080832,3.97698,47.30835,0.0,30.186061750890282,6.408077134752406
2017-02-10 00:00:00+00:00,-35.54333,-72.09444,210.0,open-meteo_ecmwf_ifs,daily,30.731,13.881,29.46,7.3039155,3.9091263,42.587227,0.0,30.05193684868357,6.81618736982671
2017-02-11 00:00:00+00:00,-35.54333,-72.09444,210.0,open-meteo_ecmwf_ifs,daily,31.081001,15.181,29.16,8.278916,2.892318,44.84401,0.0,29.91544543497582,6.3935183830161995
2017-02-12 00:00:00+00:00,-35.54333,-72.09444,210.0,open-meteo_ecmwf_ifs,daily,32.731,15.781,29.37,9.112249,3.8115923,44.981342,0.0,29.776614284652606,7.096819982355688
2017-02-13 00:00:00+00:00,-35.54333,-72.09444,210.0,open-meteo_ecmwf_ifs,daily,29.531,15.831,29.14,10.293499,2.8620365,46.83903,0.0,29.635471294586107,6.104288268796293
2017-02-14 00:00:00+00:00,-35.54333,-72.09444,210.0,open-meteo_ecmwf_ifs,daily,27.931002,14.431,28.54,11.393498,2.1510677,57.562363,0.0,29.49204550292386,5.338426021362188
2017-02-15 00:00:00+00:00,-35.54333,-72.09444,210.0,open-meteo_ecmwf_ifs,daily,26.181002,14.581,28.9,12.389332,2.4958344,65.106285,0.0,29.346367107165882,5.212604103717675
2017-02-16 00:00:00+00:00,-35.54333,-72.09444,210.0,open-meteo_ecmwf_ifs,daily,25.031,11.831,25.73,11.493501,2.427636,69.87111,0.0,29.19846748094336,4.470907768052257
2017-02-17 00:00:00+00:00,-35.54333,-72.09444,210.0,open-meteo_ecmwf_ifs,daily,23.531,13.631,23.63,9.808083,3.209758,62.75885,2.3000002,29.048379189414824,4.6428876001695105
2017-02-18 00:00:00+00:00,-35.54333,-72.09444,210.0,open-meteo_ecmwf_ifs,daily,25.381,10.231,28.13,7.9851665,2.3455927,60.73689,0.0,28.896136003198347,4.852305204289647
2017-02-19 00:00:00+00:00,-35.54333,-72.09444,210.0,open-meteo_ecmwf_ifs,daily,29.081001,13.431,27.8,10.685165,3.2847967,58.37794,0.0,28.741772910761952,5.664097410084744
2017-02-20 00:00:00+00:00,-35.54333,-72.09444,210.0,open-meteo_ecmwf_ifs,daily,32.031,16.731,27.56,14.191417,4.386534,59.040436,0.0,28.585326129197764,6.448846334246663
2017-02-21 00:00:00+00:00,-35.54333,-72.09444,210.0,open-meteo_ecmwf_ifs,daily,35.381,18.881,27.32,14.643498,5.30405,55.45257,0.0,28.42683311330953,7.65655311881023
2017-02-22 00:00:00+00:00,-35.54333,-72.09444,210.0,open-meteo_ecmwf_ifs,daily,34.981,19.881,26.6,14.19975,5.9042583,48.580853,0.0,28.266332562947024,8.026719737519295
2017-02-23 00:00:00+00:00,-35.54333,-72.09444,210.0,open-meteo_ecmwf_ifs,daily,31.831001,19.681002,20.54,17.481,2.8327808,65.72366,0.0,28.103864428525824,4.9592059971754
2017-02-24 00:00:00+00:00,-35.54333,-72.09444,210.0,open-meteo_ecmwf_ifs,daily,30.781,19.631,24.56,17.231,2.2064626,64.77255,0.0,27.939469914675218,5.159447184838844
2017-02-25 00:00:00+00:00,-35.54333,-72.09444,210.0,open-meteo_ecmwf_ifs,daily,30.831001,19.331001,24.93,15.970584,2.3556957,61.239445,0.0,27.7731914819622,5.330523061022734
2017-02-26 00:00:00+00:00,-35.54333,-72.09444,210.0,open-meteo_ecmwf_ifs,daily,29.731,19.631,24.53,15.870582,2.0839477,62.821842,0.0,27.605072846644628,5.089670322333782
2017-02-27 00:00:00+00:00,-35.54333,-72.09444,210.0,open-meteo_ecmwf_ifs,daily,28.681002,17.631,24.45,15.441415,2.3482735,64.51511,0.1,27.43515897841212,4.872613614847839
2017-02-28 00:00:00+00:00,-35.54333,-72.09444,210.0,open-meteo_ecmwf_ifs,daily,26.681002,15.681,24.72,14.489333,2.5639179,70.50756,0.0,27.263496096078523,4.590138061483553
2017-03-01 00:00:00+00:00,-35.54333,-72.09444,210.0,open-meteo_ecmwf_ifs,daily,26.381,16.781,17.6,13.378918,1.9740082,66.3664,0.2,27.090131661195766,3.7886882295837654
2017-03-02 00:00:00+00:00,-35.54333,-72.09444,210.0,open-meteo_ecmwf_ifs,daily,25.131,13.081,18.71,9.241418,2.8885353,56.103653,0.0,26.915114369564588,4.142950941919838
2017-03-03 00:00:00+00:00,-35.54333,-72.09444,210.0,open-meteo_ecmwf_ifs,daily,26.231,12.381,26.59,6.36225,4.7448587,46.85274,0.0,26.738494140623615,5.878789719312244
2017-03-04 00:00:00+00:00,-35.54333,-72.09444,210.0,open-meteo_ecmwf_ifs,daily,26.331001,12.231,26.17,5.2809997,3.8854444,46.37361,0.0,26.560322104704092,5.632018674320057
2017-03-05 00:00:00+00:00,-35.54333,-72.09444,210.0,open-meteo_ecmwf_ifs,daily,27.831001,11.381,26.21,3.472667,4.961004,41.111774,0.0,26.380650588143897,6.346178806262227
2017-03-06 00:00:00+00:00,-35.54333,-72.09444,210.0,open-meteo_ecmwf_ifs,daily,29.381,12.831,25.88,5.158083,3.590001,43.73009,0.0,26.19953309626043,5.905730536852142
2017-03-07 00:00:00+00:00,-35.54333,-72.09444,210.0,open-meteo_ecmwf_ifs,daily,30.581001,14.131,24.2,3.9497502,2.4503653,36.144253,0.0,26.017024294187888,5.370971238674482
2017-03-08 00:00:00+00:00,-35.54333,-72.09444,210.0,open-meteo_ecmwf_ifs,daily,21.331001,9.831,8.92,5.0393324,1.6801094,51.961918,0.3,25.83317998559094,2.4616233348933547
2017-03-09 00:00:00+00:00,-35.54333,-72.09444,210.0,open-meteo_ecmwf_ifs,daily,21.431002,11.081,17.58,9.916415,2.4654667,71.0994,0.90000004,25.648057089272577,3.161544721904193
2017-03-10 00:00:00+00:00,-35.54333,-72.09444,210.0,open-meteo_ecmwf_ifs,daily,24.031,10.931,25.13,6.0622497,4.471992,54.654057,0.0,25.461713613699835,5.079567829418326
2017-03-11 00:00:00+00:00,-35.54333,-72.09444,210.0,open-meteo_ecmwf_ifs,daily,23.031,11.681,24.23,6.3560004,4.506523,54.499294,0.0,25.274208629477535,4.932203608683212
2017-03-12 00:00:00+00:00,-35.54333,-72.09444,210.0,open-meteo_ecmwf_ifs,daily,28.031,11.581,25.17,3.4664166,6.911886,40.20731,0.0,25.08560223980541,6.98705941757013
2017-03-13 00:00:00+00:00,-35.54333,-72.09444,210.0,open-meteo_ecmwf_ifs,daily,29.431002,12.081,23.82,8.191417,3.8112676,52.444294,0.0,24.89595554896018,5.343791186396794
2017-03-14 00:00:00+00:00,-35.54333,-72.09444,210.0,open-meteo_ecmwf_ifs,daily,23.631,13.281,16.84,10.170583,1.8468398,60.35071,0.0,24.705330628849456,3.260827046365161
2017-03-15 00:00:00+00:00,-35.54333,-72.09444,210.0,open-meteo_ecmwf_ifs,daily,26.831001,13.631,23.8,8.5060005,3.9787405,58.17706,0.0,24.51379048369015,5.2021908624421
2017-03-16 00:00:00+00:00,-35.54333,-72.09444,210.0,open-meteo_ecmwf_ifs,daily,29.581001,10.831,23.39,5.841417,2.263951,46.688522,0.0,24.32139901286885,4.575989956946556
2017-03-17 00:00:00+00:00,-35.54333,-72.09444,210.0,open-meteo_ecmwf_ifs,daily,28.331001,12.181,23.23,6.2310004,1.8476683,43.861374,0.0,24.128220972047284,4.297382569235576
2017-03-18 00:00:00+00:00,-35.54333,-72.09444,210.0,open-meteo_ecmwf_ifs,daily,29.381,12.231,23.02,8.358084,1.7070109,52.122086,0.0,23.934321932580573,4.18235117760036
2017-03-19 00:00:00+00:00,-35.54333,-72.09444,210.0,open-meteo_ecmwf_ifs,daily,27.981,13.681,22.5,10.505999,3.223869,57.340504,0.0,23.739768239320657,4.6634079345974255
2017-03-20 00:00:00+00:00,-35.54333,-72.09444,210.0,open-meteo_ecmwf_ifs,daily,28.381,12.281,22.88,8.014333,3.8174686,50.963287,0.0,23.544626966881964,5.067697800795069
2017-03-21 00:00:00+00:00,-35.54333,-72.09444,210.0,open-meteo_ecmwf_ifs,daily,29.881,13.831,21.87,10.24975,2.6960666,53.80254,0.0,23.34896587445053,4.6000734724531736
2017-03-22 00:00:00+00:00,-35.54333,-72.09444,210.0,open-meteo_ecmwf_ifs,daily,29.031,15.331,21.9,12.216415,1.6465307,58.544476,0.0,23.152853359221584,4.0227126334185765
2017-03-23 00:00:00+00:00,-35.54333,-72.09444,210.0,open-meteo_ecmwf_ifs,daily,27.781,14.731,21.63,12.758083,1.8341426,65.61778,0.0,22.956358408554717,3.8868527911940345
2017-03-24 00:00:00+00:00,-35.54333,-72.09444,210.0,open-meteo_ecmwf_ifs,daily,22.781,13.481,18.81,11.660168,2.9896543,73.86033,0.0,22.759550550938787,3.4116533419393997
2017-03-25 00:00:00+00:00,-35.54333,-72.09444,210.0,open-meteo_ecmwf_ifs,daily,22.031,11.431,16.97,10.441417,2.5037482,72.300964,0.0,22.562499805862252,2.9827274877708403
2017-03-26 00:00:00+00:00,-35.54333,-72.09444,210.0,open-meteo_ecmwf_ifs,daily,22.831001,10.581,15.92,10.778914,2.0396705,74.150795,0.0,22.365276632687245,2.741190562282813
2017-03-27 00:00:00+00:00,-35.54333,-72.09444,210.0,open-meteo_ecmwf_ifs,daily,23.381,13.781,13.15,10.353917,1.6373914,65.173294,0.0,22.16795187862848,2.697290816570151
2017-03-28 00:00:00+00:00,-35.54333,-72.09444,210.0,open-meteo_ecmwf_ifs,daily,25.931002,10.981,20.69,7.2289176,1.879827,54.187805,0.0,21.97059672594025,3.590958659467826
2017-03-29 00:00:00+00:00,-35.54333,-72.09444,210.0,open-meteo_ecmwf_ifs,daily,23.431002,10.081,19.11,7.1580825,2.1677635,58.74405,0.0,21.773282638416905,3.3083813860779316
2017-03-30 00:00:00+00:00,-35.54333,-72.09444,210.0,open-meteo_ecmwf_ifs,daily,23.931002,11.331,20.17,9.1414175,2.5498874,67.16844,0.0,21.576081307313757,3.4978627539262193
2017-03-31 00:00:00+00:00,-35.54333,-72.09444,210.0,open-meteo_ecmwf_ifs,daily,24.931002,11.181,20.15,7.9185004,2.2354252,58.123077,0.0,21.37906459679683,3.543969046339112
2017-04-01 00:00:00+00:00,-35.54333,-72.09444,210.0,open-meteo_ecmwf_ifs,daily,20.831001,9.731,20.18,7.556,2.5891273,63.087006,0.0,21.18230448903096,3.16430519480669
2017-04-02 00:00:00+00:00,-35.54333,-72.09444,210.0,open-meteo_ecmwf_ifs,daily,23.231,9.281,19.77,8.226832,1.917294,68.34887,0.0,20.985873029016485,3.050858949161141
2017-04-03 00:00:00+00:00,-35.54333,-72.09444,210.0,open-meteo_ecmwf_ifs,daily,23.481,11.381,17.02,9.726832,3.769121,66.9011,0.0,20.78984226928511,3.420724039080193
2017-04-04 00:00:00+00:00,-35.54333,-72.09444,210.0,open-meteo_ecmwf_ifs,daily,22.381,10.581,18.21,7.4226665,2.9829178,61.140015,0.0,20.59428421456606,3.3466237760038244
2017-04-05 00:00:00+00:00,-35.54333,-72.09444,210.0,open-meteo_ecmwf_ifs,daily,24.181002,11.581,18.47,9.449751,3.0905578,66.49755,0.0,20.39927076653292,3.45488147058591
2017-04-06 00:00:00+00:00,-35.54333,-72.09444,210.0,open-meteo_ecmwf_ifs,daily,23.931002,11.181,17.53,9.476834,2.736601,66.162056,1.1,20.20487366874169,3.192739964215195
2017-04-07 00:00:00+00:00,-35.54333,-72.09444,210.0,open-meteo_ecmwf_ifs,daily,17.031,9.681,13.89,9.797666,2.5654204,80.519035,12.400002,20.011164451869387,1.9968476366190862
2017-04-08 00:00:00+00:00,-35.54333,-72.09444,210.0,open-meteo_ecmwf_ifs,daily,18.431002,8.3810005,16.7,8.406001,1.814813,76.6604,3.1,19.818214379361745,2.25187142119872
2017-04-09 00:00:00+00:00,-35.54333,-72.09444,210.0,open-meteo_ecmwf_ifs,daily,21.431002,8.581,18.64,6.9914155,3.1531575,66.19874,0.0,19.626094393597146,3.072646629270977
2017-04-10 00:00:00+00:00,-35.54333,-72.09444,210.0,open-meteo_ecmwf_ifs,daily,24.431002,10.031,18.03,8.9226675,2.4628766,69.98822,0.0,19.434875062672308,3.065104098451687
2017-04-11 00:00:00+00:00,-35.54333,-72.09444,210.0,open-meteo_ecmwf_ifs,daily,25.331001,13.081,17.95,11.983085,3.8813741,67.433914,0.0,19.2446265279134,3.508362725049759
2017-04-12 00:00:00+00:00,-35.54333,-72.09444,210.0,open-meteo_ecmwf_ifs,daily,21.881,11.531,17.9,11.058083,2.4400346,74.55237,0.0,19.05541845221408,2.708286508008781
2017-04-13 00:00:00+00:00,-35.54333,-72.09444,210.0,open-meteo_ecmwf_ifs,daily,20.181002,9.631,16.79,10.016416,2.286649,77.32927,0.0,18.867319969299576,2.3577967368747874
2017-04-14 00:00:00+00:00,-35.54333,-72.09444,210.0,open-meteo_ecmwf_ifs,daily,21.731,9.931,15.79,9.653918,1.8859488,75.58285,0.0,18.680399634013295,2.3839900634868254
2017-04-15 00:00:00+00:00,-35.54333,-72.09444,210.0,open-meteo_ecmwf_ifs,daily,24.081001,10.631,17.11,9.926833,2.4523942,70.29927,0.0,18.494725373719348,2.8412672023223307
2017-04-16 00:00:00+00:00,-35.54333,-72.09444,210.0,open-meteo_ecmwf_ifs,daily,24.431002,12.681,15.45,9.058084,2.2213998,61.527454,0.0,18.310364440911705,2.917829123883429
2017-04-17 00:00:00+00:00,-35.54333,-72.09444,210.0,open-meteo_ecmwf_ifs,daily,23.381,9.981,15.88,7.8851666,1.7951522,64.29199,0.0,18.1273833671167,2.553214397263942
2017-04-18 00:00:00+00:00,-35.54333,-72.09444,210.0,open-meteo_ecmwf_ifs,daily,21.531,10.581,15.67,10.033084,2.1125715,69.588036,0.0,17.945847918172586,2.3697092579423775
2017-04-19 00:00:00+00:00,-35.54333,-72.09444,210.0,open-meteo_ecmwf_ifs,daily,18.431002,12.531,3.46,12.341416,1.9449525,87.47219,10.799999,17.765823050965853,1.151015994358026
2017-04-20 00:00:00+00:00,-35.54333,-72.09444,210.0,open-meteo_ecmwf_ifs,daily,18.431002,13.681,6.65,11.378915,2.9239674,79.923225,1.7,17.58737287169982,1.7790536845289893
2017-04-21 00:00:00+00:00,-35.54333,-72.09444,210.0,open-meteo_ecmwf_ifs,daily,20.331001,9.981,15.99,9.187249,2.5993433,74.79603,0.0,17.41056059576737,2.3725474408674154
2017-04-22 00:00:00+00:00,-35.54333,-72.09444,210.0,open-meteo_ecmwf_ifs,daily,20.231,8.731,16.68,6.0205827,4.1372495,59.835484,0.0,17.23544850929477,3.007248327831125
2017-04-23 00:00:00+00:00,-35.54333,-72.09444,210.0,open-meteo_ecmwf_ifs,daily,17.681002,10.331,11.92,7.6559987,2.6782095,70.533104,0.5,17.062097932419512,2.1066554632334973
2017-04-24 00:00:00+00:00,-35.54333,-72.09444,210.0,open-meteo_ecmwf_ifs,daily,16.531,6.531,10.31,5.622667,1.601397,68.75625,1.5,16.890569184360047,1.5745923039900376
2017-04-25 00:00:00+00:00,-35.54333,-72.09444,210.0,open-meteo_ecmwf_ifs,daily,16.981,6.481,12.97,6.9497495,2.2163403,73.32464,0.6,16.720921550330775,1.7230014448558661
2017-04-26 00:00:00+00:00,-35.54333,-72.09444,210.0,open-meteo_ecmwf_ifs,daily,18.081001,7.731,15.85,5.14975,4.3734155,65.89459,0.0,16.553213250350527,2.7043892848896625
2017-04-27 00:00:00+00:00,-35.54333,-72.09444,210.0,open-meteo_ecmwf_ifs,daily,21.581001,8.931,15.17,8.206,4.28231,68.30333,0.0,16.3875014099877,2.7561892660260376
2017-04-28 00:00:00+00:00,-35.54333,-72.09444,210.0,open-meteo_ecmwf_ifs,daily,21.631,10.881,15.21,9.887249,3.8545635,73.78023,0.0,16.223842033080185,2.6324683024125024
2017-04-29 00:00:00+00:00,-35.54333,-72.09444,210.0,open-meteo_ecmwf_ifs,daily,21.881,10.881,15.16,8.620582,4.1321845,66.79773,0.0,16.062289976462637,2.9146102322730276
2017-04-30 00:00:00+00:00,-35.54333,-72.09444,210.0,open-meteo_ecmwf_ifs,daily,23.681002,10.531,15.02,8.087249,2.7356756,61.58504,0.0,15.902898926728506,2.680510209830256
2017-05-01 00:00:00+00:00,-35.54333,-72.09444,210.0,open-meteo_ecmwf_ifs,daily,16.181,9.831,8.17,10.603916,2.2885396,87.08228,0.0,15.745721379048604,1.2158345026476716
2017-05-02 00:00:00+00:00,-35.54333,-72.09444,210.0,open-meteo_ecmwf_ifs,daily,17.381,9.431,4.38,10.981,2.1494079,88.07131,0.5,15.59080861806249,1.0212462951523462
2017-05-03 00:00:00+00:00,-35.54333,-72.09444,210.0,open-meteo_ecmwf_ifs,daily,20.081001,9.081,14.72,8.470582,3.3220036,74.67829,0.0,15.438210700853249,2.2410741250638426
2017-05-04 00:00:00+00:00,-35.54333,-72.09444,210.0,open-meteo_ecmwf_ifs,daily,20.931002,8.881,12.12,6.9539165,1.8151779,65.080055,0.0,15.287976442010654,1.9130688695117335
2017-05-05 00:00:00+00:00,-35.54333,-72.09444,210.0,open-meteo_ecmwf_ifs,daily,19.781,8.681,12.87,10.39975,2.1405518,82.220955,0.0,15.140153400781884,1.6194766584800266
2017-05-06 00:00:00+00:00,-35.54333,-72.09444,210.0,open-meteo_ecmwf_ifs,daily,16.031,10.981,5.41,10.12475,4.3591332,84.57621,1.6,14.994787870303304,1.443139078961529
2017-05-07 00:00:00+00:00,-35.54333,-72.09444,210.0,open-meteo_ecmwf_ifs,daily,15.981,11.731,6.97,11.766416,3.4346778,90.94901,40.399998,14.851924868900882,1.1641005653751093
2017-05-08 00:00:00+00:00,-35.54333,-72.09444,210.0,open-meteo_ecmwf_ifs,daily,17.931002,11.331,11.98,10.764333,1.7341217,84.146255,0.3,14.711608133441217,1.5034564853663883
2017-05-09 00:00:00+00:00,-35.54333,-72.09444,210.0,open-meteo_ecmwf_ifs,daily,19.181002,8.781,12.56,9.189334,1.6262175,77.00917,0.0,14.573880114709212,1.529184003954261
2017-05-10 00:00:00+00:00,-35.54333,-72.09444,210.0,open-meteo_ecmwf_ifs,daily,17.081001,9.631,8.5,9.493501,3.0225859,78.43691,0.1,14.438781974782756,1.462015867146022
2017-05-11 00:00:00+00:00,-35.54333,-72.09444,210.0,open-meteo_ecmwf_ifs,daily,15.131,11.481,4.58,10.414332,4.498898,83.70311,16.1,14.306353586368965,1.2795739880047132
2017-05-12 00:00:00+00:00,-35.54333,-72.09444,210.0,open-meteo_ecmwf_ifs,daily,18.681002,11.281,10.89,9.862251,3.7700484,77.87409,2.0,14.176633534060958,1.9464124513390504
2017-05-13 00:00:00+00:00,-35.54333,-72.09444,210.0,open-meteo_ecmwf_ifs,daily,17.631,9.231,3.59,10.714333,3.0652964,87.07554,2.8,14.04965911746838,1.0767554791331186
2017-05-14 00:00:00+00:00,-35.54333,-72.09444,210.0,open-meteo_ecmwf_ifs,daily,15.831,12.131,7.01,11.449749,2.7988627,86.44811,20.9,13.925466356169492,1.1624759649206895
2017-05-15 00:00:00+00:00,-35.54333,-72.09444,210.0,open-meteo_ecmwf_ifs,daily,15.481,6.9309998,11.85,6.8560004,2.5831203,76.69472,0.0,13.804089996427036,1.4063167859009222
2017-05-16 00:00:00+00:00,-35.54333,-72.09444,210.0,open-meteo_ecmwf_ifs,daily,14.981,5.231,11.88,5.6372495,2.1205332,73.448135,0.0,13.685563519604928,1.2802347188331413
2017-05-17 00:00:00+00:00,-35.54333,-72.09444,210.0,open-meteo_ecmwf_ifs,daily,11.281,9.531,2.03,7.966416,2.6833098,85.724236,23.800003,13.56991915221751,0.8490696320643617
2017-05-18 00:00:00+00:00,-35.54333,-72.09444,210.0,open-meteo_ecmwf_ifs,daily,11.331,7.081,7.2,6.8955836,1.0847138,86.366,4.3999996,13.457187877538034,0.8123394391397584
2017-05-19 00:00:00+00:00,-35.54333,-72.09444,210.0,open-meteo_ecmwf_ifs,daily,12.481,4.431,9.39,5.7560005,2.146365,88.277336,0.0,13.347399448688291,0.9502991116710444
2017-05-20 00:00:00+00:00,-35.54333,-72.09444,210.0,open-meteo_ecmwf_ifs,daily,13.431,2.681,12.28,2.7976665,2.056614,74.58489,0.0,13.240582403126528,1.1997204994127215
2017-05-21 00:00:00+00:00,-35.54333,-72.09444,210.0,open-meteo_ecmwf_ifs,daily,14.431,5.1809998,3.63,5.533083,1.7102181,76.240105,0.8,13.136764078446301,0.9670540076625334
2017-05-22 00:00:00+00:00,-35.54333,-72.09444,210.0,open-meteo_ecmwf_ifs,daily,12.881,6.4309998,10.05,5.516417,3.8613799,77.6284,0.0,13.035970629394805,1.354766562205692
2017-05-23 00:00:00+00:00,-35.54333,-72.09444,210.0,open-meteo_ecmwf_ifs,daily,12.681,2.5809999,11.83,2.764333,2.487395,73.95115,0.0,12.938227046015163,1.1805434024467332
2017-05-24 00:00:00+00:00,-35.54333,-72.09444,210.0,open-meteo_ecmwf_ifs,daily,10.731,1.8310001,8.33,3.0851667,1.7859005,82.404396,0.0,12.8435571728134,0.832105829339076
2017-05-25 00:00:00+00:00,-35.54333,-72.09444,210.0,open-meteo_ecmwf_ifs,daily,13.581,3.031,8.86,4.6184998,1.5458072,80.89885,0.70000005,12.751983728847728,0.9084956713582636
2017-05-26 00:00:00+00:00,-35.54333,-72.09444,210.0,open-meteo_ecmwf_ifs,daily,13.481,4.331,11.89,4.570583,2.8022928,81.069565,0.0,12.663528328634294,1.2018326882387902
2017-05-27 00:00:00+00:00,-35.54333,-72.09444,210.0,open-meteo_ecmwf_ifs,daily,15.181,3.481,11.24,5.43725,1.5272723,83.6097,0.0,12.57821150376125,0.9730515405101572
2017-05-28 00:00:00+00:00,-35.54333,-72.09444,210.0,open-meteo_ecmwf_ifs,daily,14.331,4.481,9.24,5.92475,1.487658,84.843834,0.0,12.496052725100409,0.9053799449919289
2017-05-29 00:00:00+00:00,-35.54333,-72.09444,210.0,open-meteo_ecmwf_ifs,daily,14.531,3.931,10.96,5.9559994,1.6496516,88.6746,0.0,12.417070425503901,0.9214264541387789
2017-05-30 00:00:00+00:00,-35.54333,-72.09444,210.0,open-meteo_ecmwf_ifs,daily,13.131,4.081,9.2,5.8185,1.3767738,89.89704,0.2,12.341282022871779,0.8024024567930217
2017-05-31 00:00:00+00:00,-35.54333,-72.09444,210.0,open-meteo_ecmwf_ifs,daily,14.581,4.231,11.06,6.378916,2.0458956,91.21603,0.0,12.268703943475336,0.9368007271291008
2017-06-01 00:00:00+00:00,-35.54333,-72.09444,210.0,open-meteo_ecmwf_ifs,daily,14.581,7.081,8.89,8.520583,2.7038696,88.42536,0.0,12.199351645420318,0.9260613936140226
2017-06-02 00:00:00+00:00,-35.54333,-72.09444,210.0,open-meteo_ecmwf_ifs,daily,10.181,3.631,4.56,4.6893334,1.9129968,84.67681,0.2,12.133239642134072,0.6799851901639625
2017-06-03 00:00:00+00:00,-35.54333,-72.09444,210.0,open-meteo_ecmwf_ifs,daily,13.731,4.431,9.75,5.2310004,1.8457702,81.11736,0.3,12.070381525760919,0.9369676670687177
2017-06-04 00:00:00+00:00,-35.54333,-72.09444,210.0,open-meteo_ecmwf_ifs,daily,12.381,5.081,8.92,6.0372505,2.4875634,84.68635,0.3,12.01078999035094,0.8674516287612076
2017-06-05 00:00:00+00:00,-35.54333,-72.09444,210.0,open-meteo_ecmwf_ifs,daily,11.531,3.531,11.36,3.1185,4.1595855,78.23515,0.0,11.95447685472855,1.233800580550805
2017-06-06 00:00:00+00:00,-35.54333,-72.09444,210.0,open-meteo_ecmwf_ifs,daily,13.331,2.381,11.07,3.0935001,2.9584906,78.44205,0.0,11.901453084929246,1.134761993271979
2017-06-07 00:00:00+00:00,-35.54333,-72.09444,210.0,open-meteo_ecmwf_ifs,daily,12.381,3.881,2.55,5.9268336,2.3701084,89.36212,12.000001,11.851728816095008,0.7093247949270288
2017-06-08 00:00:00+00:00,-35.54333,-72.09444,210.0,open-meteo_ecmwf_ifs,daily,11.381,2.531,7.71,4.2539163,1.4276105,85.99059,0.0,11.805313373721994,0.6895288848680899
2017-06-09 00:00:00+00:00,-35.54333,-72.09444,210.0,open-meteo_ecmwf_ifs,daily,14.431,5.731,10.6,5.6768336,2.8512936,79.83123,0.0,11.762215294157109,1.1609905724842053
2017-06-10 00:00:00+00:00,-35.54333,-72.09444,210.0,open-meteo_ecmwf_ifs,daily,15.731,6.781,10.56,8.393499,4.595424,88.2913,0.0,11.722442344244419,1.153640646090172
2017-06-11 00:00:00+00:00,-35.54333,-72.09444,210.0,open-meteo_ecmwf_ifs,daily,13.031,5.481,11.22,4.4997497,4.99812,74.72824,0.0,11.68600154002618,1.4561885360925426
2017-06-12 00:00:00+00:00,-35.54333,-72.09444,210.0,open-meteo_ecmwf_ifs,daily,11.231,1.481,10.08,2.8497498,2.2342837,83.46199,0.0,11.652899164408577,0.8187196114412238
2017-06-13 00:00:00+00:00,-35.54333,-72.09444,210.0,open-meteo_ecmwf_ifs,daily,10.781,3.131,5.72,3.9934995,1.3894533,84.64594,0.0,11.623140783707235,0.6808245210566722
2017-06-14 00:00:00+00:00,-35.54333,-72.09444,210.0,open-meteo_ecmwf_ifs,daily,11.581,4.031,2.11,6.8122487,2.6104703,94.28299,0.2,11.596731262993424,0.5254349264711644
2017-06-15 00:00:00+00:00,-35.54333,-72.09444,210.0,open-meteo_ecmwf_ifs,daily,14.381,4.181,6.55,7.0226665,3.9679823,87.58503,9.2,11.573674780168094,0.8662935974530419
2017-06-16 00:00:00+00:00,-35.54333,-72.09444,210.0,open-meteo_ecmwf_ifs,daily,13.281,10.681,2.7,10.795585,7.7475257,93.03368,45.100002,11.553974838697263,0.7415375265737719
2017-06-17 00:00:00+00:00,-35.54333,-72.09444,210.0,open-meteo_ecmwf_ifs,daily,11.631,3.731,9.59,4.181,3.734577,80.8014,3.1999996,11.537634278949328,1.0117333024900068
2017-06-18 00:00:00+00:00,-35.54333,-72.09444,210.0,open-meteo_ecmwf_ifs,daily,9.031,0.63100004,10.63,0.9435001,3.4958456,80.61438,0.0,11.52465528808195,0.925651548000457
2017-06-19 00:00:00+00:00,-35.54333,-72.09444,210.0,open-meteo_ecmwf_ifs,daily,9.681,0.681,6.36,0.35183334,2.7084904,75.71412,0.0,11.515039408433795,0.9648410395052104
2017-06-20 00:00:00+00:00,-35.54333,-72.09444,210.0,open-meteo_ecmwf_ifs,daily,10.081,2.5809999,1.9,1.6330833,1.6854151,73.72578,1.1,11.508787544383997,0.8398341831054209
2017-06-21 00:00:00+00:00,-35.54333,-72.09444,210.0,open-meteo_ecmwf_ifs,daily,11.831,5.781,3.2,5.9601665,4.725765,83.250496,2.8,11.50589996765029,0.9974974899348452
2017-06-22 00:00:00+00:00,-35.54333,-72.09444,210.0,open-meteo_ecmwf_ifs,daily,12.781,9.731,2.69,10.397667,4.279881,95.19094,27.300001,11.506376321004735,0.5824312588234178
2017-06-23 00:00:00+00:00,-35.54333,-72.09444,210.0,open-meteo_ecmwf_ifs,daily,14.781,6.881,6.1,8.691417,1.2790794,91.19097,1.2,11.510215620394195,0.6997731483246932
2017-06-24 00:00:00+00:00,-35.54333,-72.09444,210.0,open-meteo_ecmwf_ifs,daily,13.381,8.231,2.53,9.901834,3.549014,93.16083,30.4,11.517416255461043,0.5760365673463849
2017-06-25 00:00:00+00:00,-35.54333,-72.09444,210.0,open-meteo_ecmwf_ifs,daily,12.581,10.881,1.78,11.312249,4.697867,96.18808,53.899998,11.527975988467691,0.46167111069822414
2017-06-26 00:00:00+00:00,-35.54333,-72.09444,210.0,open-meteo_ecmwf_ifs,daily,14.081,11.281,3.68,10.483084,4.23223,89.044395,13.400001,11.54189195163699,0.9562809299886832
2017-06-27 00:00:00+00:00,-35.54333,-72.09444,210.0,open-meteo_ecmwf_ifs,daily,15.431,8.831,8.5,9.156001,1.8810672,84.84048,7.0,11.559160642928422,0.9080013572201756
2017-06-28 00:00:00+00:00,-35.54333,-72.09444,210.0,open-meteo_ecmwf_ifs,daily,14.581,6.6809998,10.34,8.210167,2.0543582,90.20648,0.0,11.579777920278394,0.8361494039739141
2017-06-29 00:00:00+00:00,-35.54333,-72.09444,210.0,open-meteo_ecmwf_ifs,daily,15.181,6.581,10.1,8.360166,1.6654669,88.693306,0.0,11.60373899434037,0.8186379952555621
2017-06-30 00:00:00+00:00,-35.54333,-72.09444,210.0,open-meteo_ecmwf_ifs,daily,16.531,7.881,10.18,9.6935,2.925976,89.30292,0.7,11.631038419768629,0.9886052441003584
2017-07-01 00:00:00+00:00,-35.54333,-72.09444,210.0,open-meteo_ecmwf_ifs,daily,18.631,10.231,10.65,10.189334,3.1913521,80.22071,0.0,11.661670085096533,1.4013711524417691
2017-07-02 00:00:00+00:00,-35.54333,-72.09444,210.0,open-meteo_ecmwf_ifs,daily,13.531,8.531,6.71,10.060166,2.0302856,94.47534,0.0,11.695627201267309,0.6465580922438637
2017-07-03 00:00:00+00:00,-35.54333,-72.09444,210.0,open-meteo_ecmwf_ifs,daily,13.331,10.031,3.46,9.666417,3.7667227,90.03631,0.0,11.732902288882276,0.8609886421143993
2017-07-04 00:00:00+00:00,-35.54333,-72.09444,210.0,open-meteo_ecmwf_ifs,daily,10.931,7.131,5.19,7.5122504,2.3789468,87.702934,21.7,11.773487164237569,0.6610166111041024
2017-07-05 00:00:00+00:00,-35.54333,-72.09444,210.0,open-meteo_ecmwf_ifs,daily,11.831,3.3309999,3.75,5.62475,1.3502645,92.56881,0.2,11.817372924226586,0.6116124327992306
2017-07-06 00:00:00+00:00,-35.54333,-72.09444,210.0,open-meteo_ecmwf_ifs,daily,14.981,3.0809999,10.81,4.8872495,1.1202345,77.35792,0.0,11.864549930190831,0.8112002238412369
2017-07-07 00:00:00+00:00,-35.54333,-72.09444,210.0,open-meteo_ecmwf_ifs,daily,15.331,5.9309998,9.98,7.6976666,1.2490976,85.00059,2.3,11.91500779080697,0.827286206655563
2017-07-08 00:00:00+00:00,-35.54333,-72.09444,210.0,open-meteo_ecmwf_ifs,daily,14.531,6.6809998,7.32,8.276834,1.8235611,89.09336,1.2,11.9687353441026,0.8094788635476972
2017-07-09 00:00:00+00:00,-35.54333,-72.09444,210.0,open-meteo_ecmwf_ifs,daily,12.081,7.281,9.06,7.0789165,3.1728096,82.8449,0.2,12.025720638697228,0.9466929091165065
2017-07-10 00:00:00+00:00,-35.54333,-72.09444,210.0,open-meteo_ecmwf_ifs,daily,11.631,2.881,11.69,1.3934999,4.4544215,71.14002,0.0,12.08595091436888,1.4875573660398758
2017-07-11 00:00:00+00:00,-35.54333,-72.09444,210.0,open-meteo_ecmwf_ifs,daily,11.731,0.781,11.07,1.7414165,1.745202,79.3015,0.0,12.14941258204961,0.8855949850504935
2017-07-12 00:00:00+00:00,-35.54333,-72.09444,210.0,open-meteo_ecmwf_ifs,daily,12.181,2.031,5.94,4.8705835,3.799899,83.61866,0.5,12.216091203356125,0.8112015923862455
2017-07-13 00:00:00+00:00,-35.54333,-72.09444,210.0,open-meteo_ecmwf_ifs,daily,12.531,7.1809998,8.94,7.6768336,3.74317,85.679344,9.9,12.28597146976359,0.9365429565341091
2017-07-14 00:00:00+00:00,-35.54333,-72.09444,210.0,open-meteo_ecmwf_ifs,daily,11.281,3.8309999,7.36,5.7414165,4.246894,87.16396,5.2,12.359037181532612,0.7876534165078921
2017-07-15 00:00:00+00:00,-35.54333,-72.09444,210.0,open-meteo_ecmwf_ifs,daily,8.181,2.531,8.07,3.6664162,2.7574303,88.2716,16.500002,12.435271226500248,0.6703560345017315
2017-07-16 00:00:00+00:00,-35.54333,-72.09444,210.0,open-meteo_ecmwf_ifs,daily,7.731,-1.269,12.19,-1.1835835,3.7027798,75.7679,0.0,12.514655558846759,1.036172386037532
2017-07-17 00:00:00+00:00,-35.54333,-72.09444,210.0,open-meteo_ecmwf_ifs,daily,10.531,-0.21899998,11.91,-0.76275045,4.8078847,72.620346,0.0,12.597171177949795,1.4578290655841917
2017-07-18 00:00:00+00:00,-35.54333,-72.09444,210.0,open-meteo_ecmwf_ifs,daily,12.881,3.0809999,11.25,1.5476667,3.9455197,69.9292,0.0,12.682798107437494,1.590343586736442
2017-07-19 00:00:00+00:00,-35.54333,-72.09444,210.0,open-meteo_ecmwf_ifs,daily,15.531,2.781,11.94,3.1080835,3.9867551,73.97919,0.0,12.771515374551324,1.630673975704512
2017-07-20 00:00:00+00:00,-35.54333,-72.09444,210.0,open-meteo_ecmwf_ifs,daily,16.181,7.381,11.49,8.533083,3.6374114,86.332634,0.0,12.863300989927865,1.302505050759385
2017-07-21 00:00:00+00:00,-35.54333,-72.09444,210.0,open-meteo_ecmwf_ifs,daily,19.681002,7.081,11.88,9.462251,2.3340137,84.33726,0.0,12.958131927907768,1.3411028143597323
2017-07-22 00:00:00+00:00,-35.54333,-72.09444,210.0,open-meteo_ecmwf_ifs,daily,11.931,8.681,2.64,9.256,3.401704,94.15253,1.7,13.055984107477514,0.6325216840166182
2017-07-23 00:00:00+00:00,-35.54333,-72.09444,210.0,open-meteo_ecmwf_ifs,daily,11.881,9.131,5.35,8.17475,2.0082388,87.952126,3.9999998,13.156832373947514,0.8579873842111119
2017-07-24 00:00:00+00:00,-35.54333,-72.09444,210.0,open-meteo_ecmwf_ifs,daily,12.281,2.331,12.62,2.96225,2.6539114,79.648224,0.0,13.260650481467414,1.1794942799204289
2017-07-25 00:00:00+00:00,-35.54333,-72.09444,210.0,open-meteo_ecmwf_ifs,daily,13.381,3.881,12.81,3.633083,3.0950763,76.16306,0.0,13.367411076476118,1.394630126117834
2017-07-26 00:00:00+00:00,-35.54333,-72.09444,210.0,open-meteo_ecmwf_ifs,daily,12.331,1.931,10.9,3.778917,2.0810878,87.44817,0.0,13.47708568218097,1.0001506232872859
2017-07-27 00:00:00+00:00,-35.54333,-72.09444,210.0,open-meteo_ecmwf_ifs,daily,14.481,1.5309999,11.21,4.6455836,1.7862272,84.48455,0.0,13.589644684156724,1.0215821966255405
2017-07-28 00:00:00+00:00,-35.54333,-72.09444,210.0,open-meteo_ecmwf_ifs,daily,13.681,5.131,6.44,6.7768326,2.0562263,86.635994,0.3,13.705057317151052,0.9192286657468055
2017-07-29 00:00:00+00:00,-35.54333,-72.09444,210.0,open-meteo_ecmwf_ifs,daily,9.981,4.231,7.19,2.62475,4.096574,75.61063,0.0,13.823291653179197,1.306567023035427
2017-07-30 00:00:00+00:00,-35.54333,-72.09444,210.0,open-meteo_ecmwf_ifs,daily,12.281,-0.56899995,13.47,1.731,2.182389,80.92166,0.0,13.944314590985998,1.1180510865702886
2017-07-31 00:00:00+00:00,-35.54333,-72.09444,210.0,open-meteo_ecmwf_ifs,daily,11.981,0.381,12.42,2.2351668,2.1883395,78.16061,0.0,14.068091846949022,1.1083029789602923
2017-08-01 00:00:00+00:00,-35.54333,-72.09444,210.0,open-meteo_ecmwf_ifs,daily,10.731,0.531,7.96,3.6185,1.8189343,88.421234,0.0,14.19458794749178,0.7882930556381119
2017-08-02 00:00:00+00:00,-35.54333,-72.09444,210.0,open-meteo_ecmwf_ifs,daily,12.731,2.281,12.99,4.6476665,2.427483,89.74701,0.0,14.323766223071045,1.1176090471571578
2017-08-03 00:00:00+00:00,-35.54333,-72.09444,210.0,open-meteo_ecmwf_ifs,daily,11.731,1.881,13.26,2.947667,2.9579964,79.26906,0.0,14.455588803797536,1.2564123359957997
2017-08-04 00:00:00+00:00,-35.54333,-72.09444,210.0,open-meteo_ecmwf_ifs,daily,12.031,0.88100004,11.17,4.272667,1.6351023,86.695595,0.0,14.59001661674371,0.9413809848087158
2017-08-05 00:00:00+00:00,-35.54333,-72.09444,210.0,open-meteo_ecmwf_ifs,daily,9.881,6.781,2.91,6.41225,3.4213536,89.886055,3.6,14.727009384987745,0.7931339152857428
2017-08-06 00:00:00+00:00,-35.54333,-72.09444,210.0,open-meteo_ecmwf_ifs,daily,14.431,6.6809998,7.74,7.787249,2.1557283,84.844734,0.1,14.866525628436978,1.08929248665256
2017-08-07 00:00:00+00:00,-35.54333,-72.09444,210.0,open-meteo_ecmwf_ifs,daily,11.031,4.981,3.7,6.5872498,2.46936,92.95376,7.4,15.008522666469,0.7039325091803038
2017-08-08 00:00:00+00:00,-35.54333,-72.09444,210.0,open-meteo_ecmwf_ifs,daily,16.231,5.981,10.94,8.241416,2.3384805,86.93238,0.0,15.152956622423318,1.2820315109891935
2017-08-09 00:00:00+00:00,-35.54333,-72.09444,210.0,open-meteo_ecmwf_ifs,daily,11.481,8.931,1.09,8.756,3.7522767,91.5118,29.900002,15.299782429970788,0.7014299215561837
2017-08-10 00:00:00+00:00,-35.54333,-72.09444,210.0,open-meteo_ecmwf_ifs,daily,11.681,5.1809998,5.81,6.495583,3.8018444,90.37858,13.0,15.448953841382767,0.9234614205921534
2017-08-11 00:00:00+00:00,-35.54333,-72.09444,210.0,open-meteo_ecmwf_ifs,daily,11.831,5.531,10.18,6.2372494,1.7731062,85.792534,3.8999999,15.60042343771656,1.0945990492053779
2017-08-12 00:00:00+00:00,-35.54333,-72.09444,210.0,open-meteo_ecmwf_ifs,daily,12.731,3.031,11.5,4.039333,1.3373708,80.78962,0.0,15.754142640928102,1.1914028101402836
2017-08-13 00:00:00+00:00,-35.54333,-72.09444,210.0,open-meteo_ecmwf_ifs,daily,9.881,6.131,1.74,6.6184998,4.2578473,90.719025,30.799995,15.91006172791757,0.6785295659608298
2017-08-14 00:00:00+00:00,-35.54333,-72.09444,210.0,open-meteo_ecmwf_ifs,daily,13.431,5.331,11.59,5.7955832,2.002661,79.91639,0.8,16.06812984650826,1.3405647488051082
2017-08-15 00:00:00+00:00,-35.54333,-72.09444,210.0,open-meteo_ecmwf_ifs,daily,14.081,4.531,13.74,5.54975,3.2612107,84.022606,0.0,16.22829503335349,1.563816221964377
2017-08-16 00:00:00+00:00,-35.54333,-72.09444,210.0,open-meteo_ecmwf_ifs,daily,15.281,3.5809999,15.91,4.314333,3.783604,74.782036,0.0,16.390504233761373,1.9080503929869355
2017-08-17 00:00:00+00:00,-35.54333,-72.09444,210.0,open-meteo_ecmwf_ifs,daily,17.081001,3.631,14.98,6.5226665,2.0661385,84.15153,0.0,16.554703323421677,1.6081943630346178
2017-08-18 00:00:00+00:00,-35.54333,-72.09444,210.0,open-meteo_ecmwf_ifs,daily,11.281,7.381,1.89,8.187251,2.785837,92.449165,7.7,16.720837132014257,0.6466309203242802
2017-08-19 00:00:00+00:00,-35.54333,-72.09444,210.0,open-meteo_ecmwf_ifs,daily,12.681,2.781,11.12,3.9101665,1.924461,81.97196,0.0,16.88884946867303,1.3075089161011708
2017-08-20 00:00:00+00:00,-35.54333,-72.09444,210.0,open-meteo_ecmwf_ifs,daily,13.681,2.081,15.96,3.951833,2.6859894,81.7811,0.0,17.058683149274795,1.603531400097786
2017-08-21 00:00:00+00:00,-35.54333,-72.09444,210.0,open-meteo_ecmwf_ifs,daily,18.031,1.681,16.03,4.164333,1.5873977,74.754616,0.0,17.230280025517267,1.757172678824488
2017-08-22 00:00:00+00:00,-35.54333,-72.09444,210.0,open-meteo_ecmwf_ifs,daily,12.081,6.281,2.61,7.3080845,4.771806,88.41601,13.199999,17.403581015745665,0.881753394426539
2017-08-23 00:00:00+00:00,-35.54333,-72.09444,210.0,open-meteo_ecmwf_ifs,daily,13.231,2.431,14.71,4.245582,2.6007771,82.01218,1.0,17.578526137482896,1.5416599211404376
2017-08-24 00:00:00+00:00,-35.54333,-72.09444,210.0,open-meteo_ecmwf_ifs,daily,11.081,6.031,4.01,4.9559994,4.0587583,80.99679,2.4,17.75505454161349,1.24367943043961
2017-08-25 00:00:00+00:00,-35.54333,-72.09444,210.0,open-meteo_ecmwf_ifs,daily,11.381,7.131,4.16,7.6518326,2.1449935,92.18473,21.7,17.933104548167226,0.8355998232407424
2017-08-26 00:00:00+00:00,-35.54333,-72.09444,210.0,open-meteo_ecmwf_ifs,daily,14.081,8.931,8.36,8.5935,2.0348816,86.581474,0.8,18.11261368364402,1.3196842467472272
2017-08-27 00:00:00+00:00,-35.54333,-72.09444,210.0,open-meteo_ecmwf_ifs,daily,12.681,6.281,7.44,7.183084,3.374387,91.024284,10.099999,18.29351871981759,1.17227037587521
2017-08-28 00:00:00+00:00,-35.54333,-72.09444,210.0,open-meteo_ecmwf_ifs,daily,10.931,6.231,6.95,6.5330844,1.6982408,89.0542,7.8,18.475755713951184,1.0228406682987152
2017-08-29 00:00:00+00:00,-35.54333,-72.09444,210.0,open-meteo_ecmwf_ifs,daily,11.931,1.681,17.4,3.2455833,2.2674065,79.89392,0.2,18.659260050355414,1.6575223533770123
2017-08-30 00:00:00+00:00,-35.54333,-72.09444,210.0,open-meteo_ecmwf_ifs,daily,13.931,2.381,18.41,2.606,3.0927982,71.688835,0.0,18.843966483213713,2.083547333503186
2017-08-31 00:00:00+00:00,-35.54333,-72.09444,210.0,open-meteo_ecmwf_ifs,daily,15.581,1.481,17.94,3.5268335,1.8030037,76.37451,0.0,19.02980918059847,1.9116614660395361
2017-09-01 00:00:00+00:00,-35.54333,-72.09444,210.0,open-meteo_ecmwf_ifs,daily,10.881,6.4309998,1.98,7.7601666,3.9377947,91.88354,5.7,19.21672176959681,0.6165105369747904
2017-09-02 00:00:00+00:00,-35.54333,-72.09444,210.0,open-meteo_ecmwf_ifs,daily,14.431,3.3309999,15.96,5.7080827,2.0738113,82.38851,0.0,19.404637382462262,1.7221747290253977
2017-09-03 00:00:00+00:00,-35.54333,-72.09444,210.0,open-meteo_ecmwf_ifs,daily,14.331,2.5809999,18.32,3.726833,2.6513267,76.31088,0.0,19.59348870370589,2.026142372194763
2017-09-04 00:00:00+00:00,-35.54333,-72.09444,210.0,open-meteo_ecmwf_ifs,daily,15.131,4.431,18.48,5.1935,2.9480507,80.86985,0.0,19.783208018037218,2.159654388998453
2017-09-05 00:00:00+00:00,-35.54333,-72.09444,210.0,open-meteo_ecmwf_ifs,daily,14.181,4.231,14.21,2.228917,2.1252184,65.4596,0.0,19.97372725906345,2.0258665133275215
2017-09-06 00:00:00+00:00,-35.54333,-72.09444,210.0,open-meteo_ecmwf_ifs,daily,14.231,4.231,15.16,5.3122497,2.1452372,78.53188,0.0,20.16497805865303,1.8219945147852452
2017-09-07 00:00:00+00:00,-35.54333,-72.09444,210.0,open-meteo_ecmwf_ifs,daily,14.731,2.231,18.83,3.456,2.270536,74.30274,0.0,20.35689179686736,2.1059038017974907
2017-09-08 00:00:00+00:00,-35.54333,-72.09444,210.0,open-meteo_ecmwf_ifs,daily,11.781,5.581,7.88,4.5435004,2.1289356,78.601006,0.0,20.54939965236335,1.3951051051757724
2017-09-09 00:00:00+00:00,-35.54333,-72.09444,210.0,open-meteo_ecmwf_ifs,daily,11.831,2.481,17.28,2.9997501,3.1938047,75.35414,0.0,20.742432653167263,1.9112269822777992
2017-09-10 00:00:00+00:00,-35.54333,-72.09444,210.0,open-meteo_ecmwf_ifs,daily,12.981,3.481,14.96,4.7664165,2.132517,81.733,0.4,20.93592172771996,1.7414670329438284
2017-09-11 00:00:00+00:00,-35.54333,-72.09444,210.0,open-meteo_ecmwf_ifs,daily,14.581,3.381,19.09,3.3935003,3.229901,74.4997,0.0,21.12979775609176,2.360894756337022
2017-09-12 00:00:00+00:00,-35.54333,-72.09444,210.0,open-meteo_ecmwf_ifs,daily,17.181002,3.3309999,19.39,6.2622495,2.1694384,77.361534,0.0,21.32399162126505,2.244215229203359
2017-09-13 00:00:00+00:00,-35.54333,-72.09444,210.0,open-meteo_ecmwf_ifs,daily,14.681,6.231,13.45,7.778916,2.1423895,84.63891,0.0,21.518434260382374,1.725510536960495
2017-09-14 00:00:00+00:00,-35.54333,-72.09444,210.0,open-meteo_ecmwf_ifs,daily,12.881,6.1809998,12.52,5.2351665,3.181627,79.71366,1.9,21.713056715856975,1.8828795265143294
2017-09-15 00:00:00+00:00,-35.54333,-72.09444,210.0,open-meteo_ecmwf_ifs,daily,16.231,3.0809999,21.9,2.0955832,5.6012306,64.58899,0.0,21.907790186243645,3.1426620803333285
2017-09-16 00:00:00+00:00,-35.54333,-72.09444,210.0,open-meteo_ecmwf_ifs,daily,20.631,5.131,21.68,6.978916,3.2316427,72.856865,0.0,22.102566076767665,2.99799326384588
2017-09-17 00:00:00+00:00,-35.54333,-72.09444,210.0,open-meteo_ecmwf_ifs,daily,21.431002,10.631,21.06,11.9935,1.2484161,80.99947,0.0,22.297316049410306,2.892839796591361
2017-09-18 00:00:00+00:00,-35.54333,-72.09444,210.0,open-meteo_ecmwf_ifs,daily,15.281,8.481,11.11,10.410167,1.8170878,91.825325,0.2,22.49197207245074,1.5261313055237726
2017-09-19 00:00:00+00:00,-35.54333,-72.09444,210.0,open-meteo_ecmwf_ifs,daily,12.981,7.881,7.34,7.383083,4.0855546,81.903755,0.3,22.686466469364774,1.4923291846358993
2017-09-20 00:00:00+00:00,-35.54333,-72.09444,210.0,open-meteo_ecmwf_ifs,daily,16.231,7.631,21.73,7.5122504,3.262934,79.64147,0.0,22.88073196698318,2.760265223474393
2017-09-21 00:00:00+00:00,-35.54333,-72.09444,210.0,open-meteo_ecmwf_ifs,daily,17.731,6.1809998,21.59,5.5872498,4.6327834,68.97352,0.0,23.074701742813488,3.1750343454281085
2017-09-22 00:00:00+00:00,-35.54333,-72.09444,210.0,open-meteo_ecmwf_ifs,daily,19.781,6.1809998,22.27,7.1060004,4.887665,73.05204,0.0,23.26830947143153,3.283607106523965
2017-09-23 00:00:00+00:00,-35.54333,-72.09444,210.0,open-meteo_ecmwf_ifs,daily,21.531,6.581,20.07,8.435167,2.9255066,77.19375,0.0,23.46148936985155,3.0206616972504396
2017-09-24 00:00:00+00:00,-35.54333,-72.09444,210.0,open-meteo_ecmwf_ifs,daily,17.181002,6.881,17.62,7.7643332,2.592962,77.13685,0.0,23.6541762417859,2.457147684505532
2017-09-25 00:00:00+00:00,-35.54333,-72.09444,210.0,open-meteo_ecmwf_ifs,daily,15.431,6.631,18.05,5.9226665,4.075888,72.91406,0.0,23.846305520708682,2.6348570436662637
2017-09-26 00:00:00+00:00,-35.54333,-72.09444,210.0,open-meteo_ecmwf_ifs,daily,18.081001,5.881,22.52,5.0185,4.11206,66.37479,0.0,24.03781331164057,3.3322235664289406
2017-09-27 00:00:00+00:00,-35.54333,-72.09444,210.0,open-meteo_ecmwf_ifs,daily,21.431002,7.631,20.27,7.7768326,2.84882,71.22664,0.0,24.228636431575595,3.2609623586112946
2017-09-28 00:00:00+00:00,-35.54333,-72.09444,210.0,open-meteo_ecmwf_ifs,daily,20.681002,6.631,17.61,9.356,1.7085742,81.89173,0.0,24.4187124484744,2.564794756787408
2017-09-29 00:00:00+00:00,-35.54333,-72.09444,210.0,open-meteo_ecmwf_ifs,daily,13.981,7.881,7.65,7.9664154,2.742181,84.07229,2.6,24.607979718752073,1.4836639701659182
2017-09-30 00:00:00+00:00,-35.54333,-72.09444,210.0,open-meteo_ecmwf_ifs,daily,13.931,9.431,9.52,9.770584,3.9081023,91.32407,34.0,24.796377423193224,1.5045140087727553
2017-10-01 00:00:00+00:00,-35.54333,-72.09444,210.0,open-meteo_ecmwf_ifs,daily,14.331,6.531,17.5,6.7643332,2.1359682,83.32728,1.4000001,24.983845601231014,2.291625287910503
2017-10-02 00:00:00+00:00,-35.54333,-72.09444,210.0,open-meteo_ecmwf_ifs,daily,14.081,4.831,11.42,5.8476663,1.7381581,80.92347,0.6,25.17032518353129,1.7275142179660568
2017-10-03 00:00:00+00:00,-35.54333,-72.09444,210.0,open-meteo_ecmwf_ifs,daily,18.281,8.031,19.57,7.4664173,1.8388249,76.41197,0.2,25.355758022828134,2.876354540985897
2017-10-04 00:00:00+00:00,-35.54333,-72.09444,210.0,open-meteo_ecmwf_ifs,daily,12.131,9.931,3.3,9.360166,5.379251,90.83069,16.800001,25.540086922961528,1.0075431687836218
2017-10-05 00:00:00+00:00,-35.54333,-72.09444,210.0,open-meteo_ecmwf_ifs,daily,12.431,6.631,10.85,7.3935,3.9234903,87.14298,2.2,25.72325566607329,1.5475764054634
2017-10-06 00:00:00+00:00,-35.54333,-72.09444,210.0,open-meteo_ecmwf_ifs,daily,19.181002,5.081,24.64,8.2976675,3.1432133,83.37217,0.0,25.905209037922447,3.0899806879275387
2017-10-07 00:00:00+00:00,-35.54333,-72.09444,210.0,open-meteo_ecmwf_ifs,daily,18.531,6.631,22.84,7.597666,2.3417027,76.91018,0.0,26.085892851286438,3.1255154415859825
2017-10-08 00:00:00+00:00,-35.54333,-72.09444,210.0,open-meteo_ecmwf_ifs,daily,16.831001,4.981,21.29,6.9309998,2.107508,78.48312,1.4,26.265253967420477,2.729970492837099
2017-10-09 00:00:00+00:00,-35.54333,-72.09444,210.0,open-meteo_ecmwf_ifs,daily,15.531,5.6809998,25.94,5.3934994,4.4701467,73.45022,0.0,26.44324031555218,3.267175646589033
2017-10-10 00:00:00+00:00,-35.54333,-72.09444,210.0,open-meteo_ecmwf_ifs,daily,14.831,4.881,22.1,3.4205837,4.4611893,66.70591,0.3,26.61980091039493,3.1342780418371
2017-10-11 00:00:00+00:00,-35.54333,-72.09444,210.0,open-meteo_ecmwf_ifs,daily,15.731,4.631,24.75,4.622666,2.9651954,73.84158,0.1,26.79488586766863,3.151864139714274
2017-10-12 00:00:00+00:00,-35.54333,-72.09444,210.0,open-meteo_ecmwf_ifs,daily,17.331001,5.581,21.83,7.6872497,1.3958782,79.35459,1.0,26.968446417622328,2.8440822614236563
2017-10-13 00:00:00+00:00,-35.54333,-72.09444,210.0,open-meteo_ecmwf_ifs,daily,19.881,7.881,26.91,8.445584,4.235493,75.36279,0.0,27.14043491655915,3.8304156315998856
2017-10-14 00:00:00+00:00,-35.54333,-72.09444,210.0,open-meteo_ecmwf_ifs,daily,21.481,8.731,26.56,9.845584,5.03912,73.94964,0.0,27.31080485636919,3.979540924410574
2017-10-15 00:00:00+00:00,-35.54333,-72.09444,210.0,open-meteo_ecmwf_ifs,daily,19.581001,8.931,23.75,11.608082,2.8814628,85.714935,0.0,27.479510872082326,3.161171313673289
2017-10-16 00:00:00+00:00,-35.54333,-72.09444,210.0,open-meteo_ecmwf_ifs,daily,13.781,8.681,8.75,8.816415,4.4277406,85.34652,0.7,27.64650874745808,1.5920252053021955
2017-10-17 00:00:00+00:00,-35.54333,-72.09444,210.0,open-meteo_ecmwf_ifs,daily,16.431,9.181,15.19,8.980999,2.2377768,82.421974,0.1,27.81175541863539,2.4094422374171844
2017-10-18 00:00:00+00:00,-35.54333,-72.09444,210.0,open-meteo_ecmwf_ifs,daily,17.431002,9.731,25.01,7.270584,2.8333902,71.23617,0.4,27.975208975870853,3.715698329154146
2017-10-19 00:00:00+00:00,-35.54333,-72.09444,210.0,open-meteo_ecmwf_ifs,daily,16.431,6.331,23.45,5.2018332,4.43772,65.82652,0.0,28.136828663398948,3.433718094474414
2017-10-20 00:00:00+00:00,-35.54333,-72.09444,210.0,open-meteo_ecmwf_ifs,daily,16.331001,7.731,24.79,4.545583,5.103498,62.061977,0.0,28.29657487745349,3.8964244240700627
2017-10-21 00:00:00+00:00,-35.54333,-72.09444,210.0,open-meteo_ecmwf_ifs,daily,20.881,5.981,28.9,5.0372496,5.3934555,61.595688,0.0,28.45440916249429,4.588618523422156
2017-10-22 00:00:00+00:00,-35.54333,-72.09444,210.0,open-meteo_ecmwf_ifs,daily,23.681002,8.1310005,26.8,8.358084,2.6987822,67.2366,0.0,28.61029420568812,4.324824382323989
2017-10-23 00:00:00+00:00,-35.54333,-72.09444,210.0,open-meteo_ecmwf_ifs,daily,21.231,6.831,27.09,5.722667,2.4945998,60.8364,0.0,28.764193829697703,4.155796063842716
2017-10-24 00:00:00+00:00,-35.54333,-72.09444,210.0,open-meteo_ecmwf_ifs,daily,20.231,10.681,22.23,9.931001,2.5333729,77.75656,0.0,28.91607298383716,3.5999017491765466
2017-10-25 00:00:00+00:00,-35.54333,-72.09444,210.0,open-meteo_ecmwf_ifs,daily,21.281,8.581,28.26,8.695582,3.3945043,69.60147,0.0,29.065897733656318,4.2757291156118455
2017-10-26 00:00:00+00:00,-35.54333,-72.09444,210.0,open-meteo_ecmwf_ifs,daily,20.931002,8.881,27.04,7.5309997,3.1178524,66.574455,0.0,29.21363524902068,4.291410961069215
2017-10-27 00:00:00+00:00,-35.54333,-72.09444,210.0,open-meteo_ecmwf_ifs,daily,22.181002,8.781,27.57,8.79975,3.0105383,70.69192,0.0,29.359253790757233,4.329191748043235
2017-10-28 00:00:00+00:00,-35.54333,-72.09444,210.0,open-meteo_ecmwf_ifs,daily,12.981,9.731,6.5,7.0893345,3.437066,75.71202,2.6,29.502722695940225,1.7614787449444698
2017-10-29 00:00:00+00:00,-35.54333,-72.09444,210.0,open-meteo_ecmwf_ifs,daily,15.831,3.281,20.36,3.5830832,2.0935776,69.224525,0.0,29.644012361893566,2.8566120944677857
2017-10-30 00:00:00+00:00,-35.54333,-72.09444,210.0,open-meteo_ecmwf_ifs,daily,19.131,4.231,28.26,4.83725,1.8709129,68.99829,0.0,29.78309422899018,3.833574139137717
2017-10-31 00:00:00+00:00,-35.54333,-72.09444,210.0,open-meteo_ecmwf_ifs,daily,15.181,6.031,14.52,5.6809998,2.7046902,73.10759,5.8999996,29.919940762330288,2.4102757575701603
2017-11-01 00:00:00+00:00,-35.54333,-72.09444,210.0,open-meteo_ecmwf_ifs,daily,14.481,10.231,10.03,8.63725,3.270259,83.06766,9.4,30.054525432383418,2.0172248701558653
2017-11-02 00:00:00+00:00,-35.54333,-72.09444,210.0,open-meteo_ecmwf_ifs,daily,14.981,5.9309998,21.41,7.0205827,3.7265818,80.34145,0.6,30.18682269468058,2.768184756025851
2017-11-03 00:00:00+00:00,-35.54333,-72.09444,210.0,open-meteo_ecmwf_ifs,daily,19.631,6.381,26.66,7.1705837,1.9880954,73.46241,0.0,30.31680796864411,3.8084177601398386
2017-11-04 00:00:00+00:00,-35.54333,-72.09444,210.0,open-meteo_ecmwf_ifs,daily,15.281,8.681,10.82,6.2309995,2.4678833,71.06483,4.0,30.444457615644613,2.2792258119406372
2017-11-05 00:00:00+00:00,-35.54333,-72.09444,210.0,open-meteo_ecmwf_ifs,daily,22.431002,10.031,22.95,10.062249,2.0267806,72.028465,0.5,30.569748916374078,3.845177749288645
2017-11-06 00:00:00+00:00,-35.54333,-72.09444,210.0,open-meteo_ecmwf_ifs,daily,20.731,11.981,11.77,13.126834,2.2263296,84.84376,0.2,30.692660047625417,2.3042268564972703
2017-11-07 00:00:00+00:00,-35.54333,-72.09444,210.0,open-meteo_ecmwf_ifs,daily,21.331001,10.731,21.42,11.566417,1.7735763,79.48701,0.0,30.81317005856824,3.485922839770509
2017-11-08 00:00:00+00:00,-35.54333,-72.09444,210.0,open-meteo_ecmwf_ifs,daily,22.531,10.931,24.52,12.0185,1.7721514,79.9258,0.2,30.931258846610106,3.941189695548459
2017-11-09 00:00:00+00:00,-35.54333,-72.09444,210.0,open-meteo_ecmwf_ifs,daily,23.481,11.581,26.71,11.149749,2.2221448,70.25208,0.0,31.04690713293191,4.482099920495523
2017-11-10 00:00:00+00:00,-35.54333,-72.09444,210.0,open-meteo_ecmwf_ifs,daily,24.681002,11.381,31.28,10.085167,4.6422067,65.42324,0.0,31.160096437784897,5.55281430341138
2017-11-11 00:00:00+00:00,-35.54333,-72.09444,210.0,open-meteo_ecmwf_ifs,daily,27.481,11.831,31.74,8.085166,5.1366177,52.00522,0.0,31.27080905563461,6.605406556338942
2017-11-12 00:00:00+00:00,-35.54333,-72.09444,210.0,open-meteo_ecmwf_ifs,daily,26.681002,11.681,31.76,8.553917,4.3562703,52.775997,0.0,31.37902803023615,6.194304979307253
2017-11-13 00:00:00+00:00,-35.54333,-72.09444,210.0,open-meteo_ecmwf_ifs,daily,26.231,13.131,30.33,13.54975,3.1786191,72.25739,0.0,31.484737129721793,5.287938737519023
2017-11-14 00:00:00+00:00,-35.54333,-72.09444,210.0,open-meteo_ecmwf_ifs,daily,25.431002,12.131,30.18,11.420583,3.032034,69.92715,0.0,31.587920821780237,5.285197815386514
2017-11-15 00:00:00+00:00,-35.54333,-72.09444,210.0,open-meteo_ecmwf_ifs,daily,20.181002,9.731,31.81,4.0872498,5.0019374,52.808186,0.0,31.68856424900306,5.594351652338334
2017-11-16 00:00:00+00:00,-35.54333,-72.09444,210.0,open-meteo_ecmwf_ifs,daily,23.131,9.231,31.13,5.7643332,5.0466504,54.489773,0.0,31.78665320447153,5.711341748796357
2017-11-17 00:00:00+00:00,-35.54333,-72.09444,210.0,open-meteo_ecmwf_ifs,daily,20.831001,11.231,29.94,4.9768333,5.9384265,56.314953,0.0,31.882174107652656,5.84914137929356
2017-11-18 00:00:00+00:00,-35.54333,-72.09444,210.0,open-meteo_ecmwf_ifs,daily,23.181002,7.481,32.31,2.8997498,6.1280217,48.436066,0.0,31.975113980670134,6.145911745485804
2017-11-19 00:00:00+00:00,-35.54333,-72.09444,210.0,open-meteo_ecmwf_ifs,daily,25.381,10.781,31.47,8.508083,4.4117665,58.43341,0.0,32.0654604250116,5.862651554420673
2017-11-20 00:00:00+00:00,-35.54333,-72.09444,210.0,open-meteo_ecmwf_ifs,daily,22.431002,11.581,30.31,5.220584,3.3692086,50.51343,0.0,32.15320159872959,5.6165573596681675
2017-11-21 00:00:00+00:00,-35.54333,-72.09444,210.0,open-meteo_ecmwf_ifs,daily,26.331001,9.981,32.77,2.6976664,4.923499,42.15086,0.0,32.23832619418905,6.909229943730953
2017-11-22 00:00:00+00:00,-35.54333,-72.09444,210.0,open-meteo_ecmwf_ifs,daily,27.881,9.981,32.45,6.447666,4.8113475,49.83298,0.0,32.320823416410164,6.640001356683529
2017-11-23 00:00:00+00:00,-35.54333,-72.09444,210.0,open-meteo_ecmwf_ifs,daily,27.181002,10.981,32.8,5.172666,4.854339,45.364075,0.0,32.40068296205024,6.9086312314429135
2017-11-24 00:00:00+00:00,-35.54333,-72.09444,210.0,open-meteo_ecmwf_ifs,daily,25.031,9.531,32.61,4.3955836,3.144673,44.85463,0.0,32.47789499906405,5.935350081461751
2017-11-25 00:00:00+00:00,-35.54333,-72.09444,210.0,open-meteo_ecmwf_ifs,daily,28.631,10.581,33.06,4.9393334,4.5623546,44.70296,0.0,32.55245014707751,7.045185422667825
2017-11-26 00:00:00+00:00,-35.54333,-72.09444,210.0,open-meteo_ecmwf_ifs,daily,27.431002,12.781,31.86,10.833084,3.498233,58.715424,0.0,32.624339458504394,6.066281141307288
2017-11-27 00:00:00+00:00,-35.54333,-72.09444,210.0,open-meteo_ecmwf_ifs,daily,30.531,12.081,32.03,9.585167,2.900164,51.351562,0.0,32.6935544004319,6.380430143864881
2017-11-28 00:00:00+00:00,-35.54333,-72.09444,210.0,open-meteo_ecmwf_ifs,daily,20.831001,10.781,32.75,7.820585,3.3863175,58.08316,0.0,32.7600868372959,5.267744846779895
2017-11-29 00:00:00+00:00,-35.54333,-72.09444,210.0,open-meteo_ecmwf_ifs,daily,25.781,9.931,30.72,9.445582,1.9315104,69.528534,0.0,32.82392901436218,5.193658652485974
2017-11-30 00:00:00+00:00,-35.54333,-72.09444,210.0,open-meteo_ecmwf_ifs,daily,23.331001,12.381,22.13,7.4893327,4.114522,56.570965,0.0,32.88507354202644,5.0243930602623
2017-12-01 00:00:00+00:00,-35.54333,-72.09444,210.0,open-meteo_ecmwf_ifs,daily,27.381,12.381,30.87,8.635166,3.0819762,53.23198,0.0,32.94351338094096,6.052549078494074
2017-12-02 00:00:00+00:00,-35.54333,-72.09444,210.0,open-meteo_ecmwf_ifs,daily,24.581001,12.981,28.14,10.247666,2.4205596,61.654354,0.0,32.99924182797252,5.150719187739924
2017-12-03 00:00:00+00:00,-35.54333,-72.09444,210.0,open-meteo_ecmwf_ifs,daily,24.731,11.781,26.21,9.972668,2.503568,66.52534,0.0,33.0522525029924,4.855554140839398
2017-12-04 00:00:00+00:00,-35.54333,-72.09444,210.0,open-meteo_ecmwf_ifs,daily,28.331001,13.631,27.65,11.566417,2.571452,61.6407,0.0,33.10253933649588,5.52812147030562
2017-12-05 00:00:00+00:00,-35.54333,-72.09444,210.0,open-meteo_ecmwf_ifs,daily,25.731,12.281,32.3,10.951833,2.5498633,63.348446,0.0,33.15009655804609,5.65054058341884
2017-12-06 00:00:00+00:00,-35.54333,-72.09444,210.0,open-meteo_ecmwf_ifs,daily,27.231,12.231,30.72,11.991417,1.9408287,69.37267,0.0,33.19491868553368,5.438550576652349
2017-12-07 00:00:00+00:00,-35.54333,-72.09444,210.0,open-meteo_ecmwf_ifs,daily,28.831001,14.381,33.24,11.626832,2.8041983,59.134487,0.0,33.23700051524208,6.423909354624228
2017-12-08 00:00:00+00:00,-35.54333,-72.09444,210.0,open-meteo_ecmwf_ifs,daily,26.131,12.281,32.41,9.86225,2.178485,57.60043,0.0,33.276337112705896,5.733086211145615
2017-12-09 00:00:00+00:00,-35.54333,-72.09444,210.0,open-meteo_ecmwf_ifs,daily,29.031,12.981,33.31,8.097668,3.3143356,52.310513,0.0,33.312923804348166,6.768728681343282
2017-12-10 00:00:00+00:00,-35.54333,-72.09444,210.0,open-meteo_ecmwf_ifs,daily,31.631,14.581,32.37,9.197667,5.271036,43.36385,0.0,33.34675616988148,7.908379399624795
2017-12-11 00:00:00+00:00,-35.54333,-72.09444,210.0,open-meteo_ecmwf_ifs,daily,24.781,13.281,28.49,12.272666,4.2143455,70.63298,0.0,33.37783003545644,5.283436353397603
2017-12-12 00:00:00+00:00,-35.54333,-72.09444,210.0,open-meteo_ecmwf_ifs,daily,19.031,14.131,12.74,11.501834,4.364433,75.73461,0.9,33.40614146754114,3.031366713834342
2017-12-13 00:00:00+00:00,-35.54333,-72.09444,210.0,open-meteo_ecmwf_ifs,daily,24.731,12.231,21.73,11.2976675,1.6672641,70.2983,0.1,33.43168676751456,4.089120523348145
2017-12-14 00:00:00+00:00,-35.54333,-72.09444,210.0,open-meteo_ecmwf_ifs,daily,29.231,13.881,32.75,11.251834,4.714218,59.154903,0.0,33.4544624669577,6.899989795596252
2017-12-15 00:00:00+00:00,-35.54333,-72.09444,210.0,open-meteo_ecmwf_ifs,daily,30.931002,15.181,33.66,10.22475,5.1779213,50.469166,0.0,33.474465323626085,7.843602775605684
2017-12-16 00:00:00+00:00,-35.54333,-72.09444,210.0,open-meteo_ecmwf_ifs,daily,24.081001,12.731,29.35,10.641417,3.208914,65.02642,0.0,33.49169231808882,5.315804895932516
2017-12-17 00:00:00+00:00,-35.54333,-72.09444,210.0,open-meteo_ecmwf_ifs,daily,27.881,9.181,34.44,3.0893333,4.8980513,43.30893,0.0,33.50614065102031,7.201663118373466
2017-12-18 00:00:00+00:00,-35.54333,-72.09444,210.0,open-meteo_ecmwf_ifs,daily,28.281,11.831,32.09,6.1789165,3.413657,43.7712,0.0,33.517807741132,6.6080087227408715
2017-12-19 00:00:00+00:00,-35.54333,-72.09444,210.0,open-meteo_ecmwf_ifs,daily,30.781,13.031,34.01,7.349749,3.5274208,44.661114,0.0,33.52669122373365,7.253464544448069
2017-12-20 00:00:00+00:00,-35.54333,-72.09444,210.0,open-meteo_ecmwf_ifs,daily,28.481,15.031,33.37,8.714334,3.8254573,44.743435,0.0,33.53278894991509,7.125935938651014
2017-12-21 00:00:00+00:00,-35.54333,-72.09444,210.0,open-meteo_ecmwf_ifs,daily,28.931002,13.181,34.55,7.439335,4.659903,50.039394,0.0,33.53609898634183,7.4593117727385
2017-12-22 00:00:00+00:00,-35.54333,-72.09444,210.0,open-meteo_ecmwf_ifs,daily,27.031,12.181,33.69,4.189333,4.8378654,38.501514,0.0,33.536619615659895,7.347739307499362
2017-12-23 00:00:00+00:00,-35.54333,-72.09444,210.0,open-meteo_ecmwf_ifs,daily,27.481,9.381,34.57,2.34975,5.4583416,37.813343,0.0,33.53434933750738,7.438880754194403
2017-12-24 00:00:00+00:00,-35.54333,-72.09444,210.0,open-meteo_ecmwf_ifs,daily,29.031,11.381,34.04,3.4851665,4.8242974,37.551994,0.0,33.529286870133056,7.644129596922301
2017-12-25 00:00:00+00:00,-35.54333,-72.09444,210.0,open-meteo_ecmwf_ifs,daily,30.831001,14.481,33.03,10.866417,4.9075284,51.149815,0.0,33.52143115262401,7.44665806622346
2017-12-26 00:00:00+00:00,-35.54333,-72.09444,210.0,open-meteo_ecmwf_ifs,daily,27.831001,15.081,32.41,11.372666,3.6368258,55.23405,0.0,33.51078134774712,6.552072354245494
2017-12-27 00:00:00+00:00,-35.54333,-72.09444,210.0,open-meteo_ecmwf_ifs,daily,28.431002,12.831,33.6,8.239333,2.8832939,48.827587,0.0,33.49733684541096,6.550194435278225
2017-12-28 00:00:00+00:00,-35.54333,-72.09444,210.0,open-meteo_ecmwf_ifs,daily,31.181002,13.231,33.27,10.364333,3.7937574,52.87665,0.0,33.48109726675721,7.044000081450932
2017-12-29 00:00:00+00:00,-35.54333,-72.09444,210.0,open-meteo_ecmwf_ifs,daily,30.181002,15.331,33.49,10.908084,3.739692,52.922085,0.0,33.46206246889196,7.155914824302063
2017-12-30 00:00:00+00:00,-35.54333,-72.09444,210.0,open-meteo_ecmwf_ifs,daily,25.381,14.331,17.3,13.320583,3.176179,66.67558,0.1,33.44023255026975,3.9450649010294936
2017-12-31 00:00:00+00:00,-35.54333,-72.09444,210.0,open-meteo_ecmwf_ifs,daily,27.931002,14.631,32.23,8.483082,3.509906,46.499866,0.0,33.4156078567438,6.76841739156746
2018-01-01 00:00:00+00:00,-35.54333,-72.09444,210.0,open-meteo_ecmwf_ifs,daily,29.031,12.981,31.58,5.495583,3.4042988,42.290554,0.0,33.388188988297905,6.850806094352849
2018-01-02 00:00:00+00:00,-35.54333,-72.09444,210.0,open-meteo_ecmwf_ifs,daily,28.281,11.681,32.88,6.0705833,3.0646398,46.68085,0.0,33.357976806475705,6.536689661395104
2018-01-03 00:00:00+00:00,-35.54333,-72.09444,210.0,open-meteo_ecmwf_ifs,daily,27.231,14.731,31.63,12.610168,3.5721323,62.492138,0.0,33.32497244252389,6.122898115079312
2018-01-04 00:00:00+00:00,-35.54333,-72.09444,210.0,open-meteo_ecmwf_ifs,daily,25.131,15.231,18.08,13.841416,2.6720324,74.62578,0.1,33.28917730626627,3.934808837852627
2018-01-05 00:00:00+00:00,-35.54333,-72.09444,210.0,open-meteo_ecmwf_ifs,daily,26.231,11.581,33.28,7.160167,4.495511,52.925327,0.0,33.2505930957252,6.589762436277767
2018-01-06 00:00:00+00:00,-35.54333,-72.09444,210.0,open-meteo_ecmwf_ifs,daily,30.481,13.231,33.07,5.4580827,6.860069,38.56696,0.0,33.20922180750641,8.611413506534685
2018-01-07 00:00:00+00:00,-35.54333,-72.09444,210.0,open-meteo_ecmwf_ifs,daily,32.731,15.981,33.31,11.070582,5.0984435,49.01248,0.0,33.16506574796276,8.108213041519639
2018-01-08 00:00:00+00:00,-35.54333,-72.09444,210.0,open-meteo_ecmwf_ifs,daily,24.931002,13.731,28.97,13.033082,3.7982247,65.52775,0.0,33.11812754515055,5.246666683030953
2018-01-09 00:00:00+00:00,-35.54333,-72.09444,210.0,open-meteo_ecmwf_ifs,daily,30.981,15.331,31.1,13.881,2.5189028,64.96311,0.0,33.068410161590975,6.250426494237657
2018-01-10 00:00:00+00:00,-35.54333,-72.09444,210.0,open-meteo_ecmwf_ifs,daily,31.931002,16.831001,30.27,12.4747505,3.0845556,53.508495,0.0,33.01591690784685,6.788067223933062
2018-01-11 00:00:00+00:00,-35.54333,-72.09444,210.0,open-meteo_ecmwf_ifs,daily,31.081001,16.031,32.75,11.080998,2.1230135,48.841873,0.0,32.96065145692262,6.585046679957722
2018-01-12 00:00:00+00:00,-35.54333,-72.09444,210.0,open-meteo_ecmwf_ifs,daily,30.681002,15.581,32.69,9.866417,2.7170475,47.257877,0.0,32.90261785949274,6.822547163805345
2018-01-13 00:00:00+00:00,-35.54333,-72.09444,210.0,open-meteo_ecmwf_ifs,daily,27.831001,13.681,30.83,7.903916,3.4248447,44.261173,0.0,32.84182055996057,6.463520478171205
2018-01-14 00:00:00+00:00,-35.54333,-72.09444,210.0,open-meteo_ecmwf_ifs,daily,25.631,15.581,27.55,9.237249,2.437428,49.37268,0.0,32.77826441334649,5.573297806300927
2018-01-15 00:00:00+00:00,-35.54333,-72.09444,210.0,open-meteo_ecmwf_ifs,daily,20.081001,13.131,12.66,11.433083,3.0116694,74.11397,0.1,32.71195470300015,2.8530911799589607
2018-01-16 00:00:00+00:00,-35.54333,-72.09444,210.0,open-meteo_ecmwf_ifs,daily,27.481,12.981,28.74,10.470584,2.1840608,62.292065,0.0,32.64289715912817,5.4415947637854964
2018-01-17 00:00:00+00:00,-35.54333,-72.09444,210.0,open-meteo_ecmwf_ifs,daily,29.131,14.031,32.81,8.29975,4.862218,47.221043,0.0,32.57109797812393,7.354517986412061
2018-01-18 00:00:00+00:00,-35.54333,-72.09444,210.0,open-meteo_ecmwf_ifs,daily,31.831001,14.481,32.5,10.118499,4.6833825,49.343933,0.0,32.49656384268236,7.54182600517275
2018-01-19 00:00:00+00:00,-35.54333,-72.09444,210.0,open-meteo_ecmwf_ifs,daily,30.231,16.131,31.46,11.489333,3.6785429,48.841785,0.0,32.419301942677464,6.895027955853293
2018-01-20 00:00:00+00:00,-35.54333,-72.09444,210.0,open-meteo_ecmwf_ifs,daily,27.581001,15.631,28.32,13.606,2.7583916,66.12333,0.0,32.339319996776155,5.560030370808889
2018-01-21 00:00:00+00:00,-35.54333,-72.09444,210.0,open-meteo_ecmwf_ifs,daily,26.731,16.331001,22.5,14.076833,2.0084927,68.63857,0.0,32.25662627475703,4.573467385610777
2018-01-22 00:00:00+00:00,-35.54333,-72.09444,210.0,open-meteo_ecmwf_ifs,daily,27.181002,16.881,23.08,14.326833,2.0730307,68.44535,0.0,32.171229620498,4.742386527403313
2018-01-23 00:00:00+00:00,-35.54333,-72.09444,210.0,open-meteo_ecmwf_ifs,daily,28.231,14.081,29.59,12.201833,2.0463817,63.08134,0.7,32.08313947559162,5.543361203326439
2018-01-24 00:00:00+00:00,-35.54333,-72.09444,210.0,open-meteo_ecmwf_ifs,daily,29.531,14.431,31.45,9.908084,2.2639456,49.473526,0.0,31.992365903542645,6.156270179685137
2018-01-25 00:00:00+00:00,-35.54333,-72.09444,210.0,open-meteo_ecmwf_ifs,daily,28.631,14.881,31.33,8.981,1.8547245,47.54838,0.0,31.898919614497274,5.956378593662183
2018-01-26 00:00:00+00:00,-35.54333,-72.09444,210.0,open-meteo_ecmwf_ifs,daily,26.381,10.881,31.57,9.158084,2.2782152,60.22964,0.0,31.802811990448753,5.488387455911299
2018-01-27 00:00:00+00:00,-35.54333,-72.09444,210.0,open-meteo_ecmwf_ifs,daily,28.981,13.831,31.75,6.3539157,4.506147,42.71583,0.0,31.704055110860107,7.25159641193511
2018-01-28 00:00:00+00:00,-35.54333,-72.09444,210.0,open-meteo_ecmwf_ifs,daily,30.931002,13.281,32.26,5.3164163,5.6571403,38.78854,0.0,31.60266177863967,8.1090195922447
2018-01-29 00:00:00+00:00,-35.54333,-72.09444,210.0,open-meteo_ecmwf_ifs,daily,29.681002,13.381,31.53,7.2205834,3.586807,42.987347,0.0,31.49864554640155,6.784395217264941
2018-01-30 00:00:00+00:00,-35.54333,-72.09444,210.0,open-meteo_ecmwf_ifs,daily,29.631,13.331,31.22,9.089334,4.357091,55.442043,0.0,31.39202074293879,6.811495455943784
2018-01-31 00:00:00+00:00,-35.54333,-72.09444,210.0,open-meteo_ecmwf_ifs,daily,32.481,13.281,31.55,5.151833,4.9019313,36.155453,0.0,31.282802499833558,7.9656255376279885
2018-02-01 00:00:00+00:00,-35.54333,-72.09444,210.0,open-meteo_ecmwf_ifs,daily,33.731,16.181,30.69,8.297667,1.9647517,36.474396,0.0,31.171006778125268,6.453185494939752
2018-02-02 00:00:00+00:00,-35.54333,-72.09444,210.0,open-meteo_ecmwf_ifs,daily,28.681002,14.981,29.12,12.424748,2.564531,58.10336,0.0,31.056650394954328,5.706434551309261
2018-02-03 00:00:00+00:00,-35.54333,-72.09444,210.0,open-meteo_ecmwf_ifs,daily,30.781,16.731,29.97,14.174751,1.6757721,61.795074,0.0,30.939751050096437,5.794096195141348
2018-02-04 00:00:00+00:00,-35.54333,-72.09444,210.0,open-meteo_ecmwf_ifs,daily,32.031,16.381,29.48,12.110166,2.7093716,54.62671,0.0,30.820327352300072,6.3710994904601
2018-02-05 00:00:00+00:00,-35.54333,-72.09444,210.0,open-meteo_ecmwf_ifs,daily,26.331001,17.431002,24.11,11.58725,2.4580128,53.026867,0.0,30.6983988453375,5.143286326994279
2018-02-06 00:00:00+00:00,-35.54333,-72.09444,210.0,open-meteo_ecmwf_ifs,daily,29.481,16.131,29.42,12.587251,2.2258122,60.605198,0.0,30.57398603367805,5.8033790568637045
2018-02-07 00:00:00+00:00,-35.54333,-72.09444,210.0,open-meteo_ecmwf_ifs,daily,29.281,14.131,29.7,9.847667,3.4204276,50.850235,0.0,30.447110407691195,6.241601311580244
2018-02-08 00:00:00+00:00,-35.54333,-72.09444,210.0,open-meteo_ecmwf_ifs,daily,27.581001,14.731,29.39,9.63725,4.0816183,51.40448,0.0,30.317794468285598,6.295176180319274
2018-02-09 00:00:00+00:00,-35.54333,-72.09444,210.0,open-meteo_ecmwf_ifs,daily,25.481,11.781,30.33,5.0768332,6.088691,44.366344,0.0,30.186061750890282,6.767143609484818
2018-02-10 00:00:00+00:00,-35.54333,-72.09444,210.0,open-meteo_ecmwf_ifs,daily,25.231,10.931,25.24,3.2935002,6.349064,41.639053,0.0,30.05193684868357,6.515373768248993
2018-02-11 00:00:00+00:00,-35.54333,-72.09444,210.0,open-meteo_ecmwf_ifs,daily,29.931002,11.031,30.41,2.8893328,4.443952,37.16705,0.0,29.91544543497582,7.043623550689338
2018-02-12 00:00:00+00:00,-35.54333,-72.09444,210.0,open-meteo_ecmwf_ifs,daily,33.281,14.781,29.66,4.81225,4.1114917,34.189747,0.0,29.776614284652606,7.604904456565276
2018-02-13 00:00:00+00:00,-35.54333,-72.09444,210.0,open-meteo_ecmwf_ifs,daily,29.981,14.781,28.99,9.147668,3.0022306,43.970398,0.0,29.635471294586107,6.1718268489174894
2018-02-14 00:00:00+00:00,-35.54333,-72.09444,210.0,open-meteo_ecmwf_ifs,daily,29.831001,11.931,28.22,11.3935,2.027846,62.659916,0.0,29.49204550292386,5.19682241972662
2018-02-15 00:00:00+00:00,-35.54333,-72.09444,210.0,open-meteo_ecmwf_ifs,daily,30.731,17.131,28.58,11.699749,1.7116708,53.752827,0.0,29.346367107165882,5.631526980418286
2018-02-16 00:00:00+00:00,-35.54333,-72.09444,210.0,open-meteo_ecmwf_ifs,daily,31.981,15.831,28.29,11.128917,3.0136325,51.830585,0.0,29.19846748094336,6.26488890851829
2018-02-17 00:00:00+00:00,-35.54333,-72.09444,210.0,open-meteo_ecmwf_ifs,daily,31.431002,16.631,28.38,10.247666,3.6499555,47.272247,0.0,29.048379189414824,6.684185073823007
2018-02-18 00:00:00+00:00,-35.54333,-72.09444,210.0,open-meteo_ecmwf_ifs,daily,29.131,16.581001,25.56,13.070583,2.7102916,61.344173,0.1,28.896136003198347,5.37850174213287
2018-02-19 00:00:00+00:00,-35.54333,-72.09444,210.0,open-meteo_ecmwf_ifs,daily,27.731,13.531,23.69,11.289332,2.1506598,63.00825,0.0,28.741772910761952,4.631921070386668
2018-02-20 00:00:00+00:00,-35.54333,-72.09444,210.0,open-meteo_ecmwf_ifs,daily,26.331001,14.081,22.82,12.566417,1.5474873,70.18932,5.2999997,28.585326129197764,4.16739443585059
2018-02-21 00:00:00+00:00,-35.54333,-72.09444,210.0,open-meteo_ecmwf_ifs,daily,28.931002,15.831,27.21,11.926833,2.7251854,58.199505,0.0,28.42683311330953,5.536166372414802
2018-02-22 00:00:00+00:00,-35.54333,-72.09444,210.0,open-meteo_ecmwf_ifs,daily,30.031,14.231,27.11,8.264333,2.8675368,45.832424,0.0,28.266332562947024,5.815385020319787
2018-02-23 00:00:00+00:00,-35.54333,-72.09444,210.0,open-meteo_ecmwf_ifs,daily,27.831001,16.081001,22.99,14.320582,2.2366788,69.30574,0.8,28.103864428525824,4.551271646394274
2018-02-24 00:00:00+00:00,-35.54333,-72.09444,210.0,open-meteo_ecmwf_ifs,daily,26.731,14.681,26.62,10.695583,2.2553113,57.324238,0.0,27.939469914675218,4.999083112080248
2018-02-25 00:00:00+00:00,-35.54333,-72.09444,210.0,open-meteo_ecmwf_ifs,daily,29.481,13.981,26.74,12.7560005,1.9862536,66.7929,0.0,27.7731914819622,4.968531893545915
2018-02-26 00:00:00+00:00,-35.54333,-72.09444,210.0,open-meteo_ecmwf_ifs,daily,29.281,15.831,26.33,11.241417,2.7009537,55.08011,0.0,27.605072846644628,5.467097101685453
2018-02-27 00:00:00+00:00,-35.54333,-72.09444,210.0,open-meteo_ecmwf_ifs,daily,26.581001,14.531,25.4,12.945583,2.154693,69.04847,0.0,27.43515897841212,4.595227503550817
2018-02-28 00:00:00+00:00,-35.54333,-72.09444,210.0,open-meteo_ecmwf_ifs,daily,28.031,13.831,25.74,13.122666,1.6091146,68.51101,0.0,27.263496096078523,4.53363616725521
2018-03-01 00:00:00+00:00,-35.54333,-72.09444,210.0,open-meteo_ecmwf_ifs,daily,30.431002,15.131,25.98,12.072666,2.171563,59.73818,0.0,27.090131661195766,5.144105895915276
2018-03-02 00:00:00+00:00,-35.54333,-72.09444,210.0,open-meteo_ecmwf_ifs,daily,29.281,15.331,25.87,12.343501,2.270757,59.549213,0.0,26.915114369564588,5.048793608183078
2018-03-03 00:00:00+00:00,-35.54333,-72.09444,210.0,open-meteo_ecmwf_ifs,daily,27.531,12.631,25.67,11.0372505,2.1276796,64.78922,0.0,26.738494140623615,4.614106980716514
2018-03-04 00:00:00+00:00,-35.54333,-72.09444,210.0,open-meteo_ecmwf_ifs,daily,27.881,12.631,25.24,10.112248,3.5038989,60.282272,0.0,26.560322104704092,5.127808531131713
2018-03-05 00:00:00+00:00,-35.54333,-72.09444,210.0,open-meteo_ecmwf_ifs,daily,30.131,12.431,26.5,3.5684998,5.595511,36.72948,0.0,26.380650588143897,7.149786249448479
2018-03-06 00:00:00+00:00,-35.54333,-72.09444,210.0,open-meteo_ecmwf_ifs,daily,29.781,13.581,25.56,7.3059993,2.8931558,43.731647,0.0,26.19953309626043,5.476892797618689
2018-03-07 00:00:00+00:00,-35.54333,-72.09444,210.0,open-meteo_ecmwf_ifs,daily,22.781,12.631,24.32,11.022667,2.7431996,68.89139,0.0,26.017024294187888,4.0658523969561475
2018-03-08 00:00:00+00:00,-35.54333,-72.09444,210.0,open-meteo_ecmwf_ifs,daily,23.831001,12.531,24.32,12.291417,2.2784858,72.92984,0.0,25.83317998559094,3.95193832018099
2018-03-09 00:00:00+00:00,-35.54333,-72.09444,210.0,open-meteo_ecmwf_ifs,daily,22.831001,12.081,23.7,11.545583,2.328059,76.09605,0.0,25.648057089272577,3.802468391194947
2018-03-10 00:00:00+00:00,-35.54333,-72.09444,210.0,open-meteo_ecmwf_ifs,daily,22.381,12.581,24.13,8.426833,3.5738385,62.516483,0.0,25.461713613699835,4.447991529371838
2018-03-11 00:00:00+00:00,-35.54333,-72.09444,210.0,open-meteo_ecmwf_ifs,daily,25.231,11.481,24.85,4.6185,5.363587,44.90924,0.0,25.274208629477535,5.786784296768237
2018-03-12 00:00:00+00:00,-35.54333,-72.09444,210.0,open-meteo_ecmwf_ifs,daily,25.281,12.781,23.54,9.126832,4.088182,58.324814,0.0,25.08560223980541,4.839856542094555
2018-03-13 00:00:00+00:00,-35.54333,-72.09444,210.0,open-meteo_ecmwf_ifs,daily,24.431002,9.481,24.88,3.4830835,5.1130533,45.473095,0.0,24.89595554896018,5.39713111019545
2018-03-14 00:00:00+00:00,-35.54333,-72.09444,210.0,open-meteo_ecmwf_ifs,daily,22.581001,10.081,20.53,7.626833,3.0248673,60.971615,0.0,24.705330628849456,3.7728462648462524
2018-03-15 00:00:00+00:00,-35.54333,-72.09444,210.0,open-meteo_ecmwf_ifs,daily,26.081001,10.031,24.03,8.166417,2.7140434,64.59681,0.0,24.51379048369015,4.285914192427491
2018-03-16 00:00:00+00:00,-35.54333,-72.09444,210.0,open-meteo_ecmwf_ifs,daily,22.631,8.3810005,23.88,5.526833,2.9318955,54.03235,0.0,24.32139901286885,4.018395041316371
2018-03-17 00:00:00+00:00,-35.54333,-72.09444,210.0,open-meteo_ecmwf_ifs,daily,18.281,13.681,10.2,12.355999,4.358401,85.08052,2.1999998,24.128220972047284,2.21457926635475
2018-03-18 00:00:00+00:00,-35.54333,-72.09444,210.0,open-meteo_ecmwf_ifs,daily,21.131,7.9309998,23.35,7.0476665,3.2393446,70.87111,0.0,23.934321932580573,3.6343964894482577
2018-03-19 00:00:00+00:00,-35.54333,-72.09444,210.0,open-meteo_ecmwf_ifs,daily,22.831001,8.681,23.09,6.4872494,3.1731913,59.066303,0.0,23.739768239320657,3.9383877605145376
2018-03-20 00:00:00+00:00,-35.54333,-72.09444,210.0,open-meteo_ecmwf_ifs,daily,26.831001,9.931,23.07,8.239333,3.3272064,59.804,0.0,23.544626966881964,4.3909784986342535
2018-03-21 00:00:00+00:00,-35.54333,-72.09444,210.0,open-meteo_ecmwf_ifs,daily,24.731,12.531,22.63,9.003917,2.52184,59.709747,0.0,23.34896587445053,4.052713335541803
2018-03-22 00:00:00+00:00,-35.54333,-72.09444,210.0,open-meteo_ecmwf_ifs,daily,23.631,12.081,17.48,10.533083,2.5184424,68.10734,0.90000004,23.152853359221584,3.2864843922898825
2018-03-23 00:00:00+00:00,-35.54333,-72.09444,210.0,open-meteo_ecmwf_ifs,daily,23.281,14.581,16.98,12.431,3.4691184,76.389114,5.1,22.956358408554717,3.4513796011964217
2018-03-24 00:00:00+00:00,-35.54333,-72.09444,210.0,open-meteo_ecmwf_ifs,daily,21.331001,10.331,22.62,5.570584,5.822903,55.514294,0.0,22.759550550938787,4.61252458664386
2018-03-25 00:00:00+00:00,-35.54333,-72.09444,210.0,open-meteo_ecmwf_ifs,daily,25.531,9.181,21.97,3.387249,4.474772,49.03128,0.0,22.562499805862252,4.930676732899838
2018-03-26 00:00:00+00:00,-35.54333,-72.09444,210.0,open-meteo_ecmwf_ifs,daily,25.081001,10.981,21.71,5.9435,4.72227,50.690372,0.0,22.365276632687245,4.854756184010651
2018-03-27 00:00:00+00:00,-35.54333,-72.09444,210.0,open-meteo_ecmwf_ifs,daily,27.331001,10.881,21.58,6.7205834,3.5371532,53.375336,0.0,22.16795187862848,4.571345257031486
2018-03-28 00:00:00+00:00,-35.54333,-72.09444,210.0,open-meteo_ecmwf_ifs,daily,29.231,11.831,20.84,8.249751,3.4632862,54.086685,0.0,21.97059672594025,4.641641685203693
2018-03-29 00:00:00+00:00,-35.54333,-72.09444,210.0,open-meteo_ecmwf_ifs,daily,29.431002,14.731,20.39,10.997665,4.7406106,60.31013,0.0,21.773282638416905,5.172568786190397
2018-03-30 00:00:00+00:00,-35.54333,-72.09444,210.0,open-meteo_ecmwf_ifs,daily,28.581001,15.631,20.32,4.914333,6.3312488,35.43966,0.0,21.576081307313757,6.7747361461969975
2018-03-31 00:00:00+00:00,-35.54333,-72.09444,210.0,open-meteo_ecmwf_ifs,daily,22.131,12.931,11.1,11.020581,3.7587388,70.03099,0.0,21.37906459679683,2.8299077087753703
2018-04-01 00:00:00+00:00,-35.54333,-72.09444,210.0,open-meteo_ecmwf_ifs,daily,27.631,9.981,19.74,9.408083,2.0685632,62.624752,0.0,21.18230448903096,3.4484894142017555
2018-04-02 00:00:00+00:00,-35.54333,-72.09444,210.0,open-meteo_ecmwf_ifs,daily,27.381,12.181,19.65,10.585166,1.7683897,63.59299,0.0,20.985873029016485,3.384659165870418
2018-04-03 00:00:00+00:00,-35.54333,-72.09444,210.0,open-meteo_ecmwf_ifs,daily,26.831001,11.731,19.21,11.312249,1.3662782,70.72655,0.0,20.78984226928511,3.0684700600620674
2018-04-04 00:00:00+00:00,-35.54333,-72.09444,210.0,open-meteo_ecmwf_ifs,daily,24.781,12.831,16.69,12.035167,2.2929146,73.31599,0.3,20.59428421456606,3.0092040127590556
2018-04-05 00:00:00+00:00,-35.54333,-72.09444,210.0,open-meteo_ecmwf_ifs,daily,17.181002,10.731,7.86,6.401833,5.523001,63.385677,1.2,20.39927076653292,2.851269555636261
2018-04-06 00:00:00+00:00,-35.54333,-72.09444,210.0,open-meteo_ecmwf_ifs,daily,20.431002,6.731,14.23,2.9185,2.591509,53.193924,0.0,20.20487366874169,2.8211706516236372
2018-04-07 00:00:00+00:00,-35.54333,-72.09444,210.0,open-meteo_ecmwf_ifs,daily,19.031,4.731,17.37,3.935167,2.3312619,64.75699,0.0,20.011164451869387,2.532764219025588
2018-04-08 00:00:00+00:00,-35.54333,-72.09444,210.0,open-meteo_ecmwf_ifs,daily,23.381,7.031,18.72,5.7872505,1.8765572,63.458206,0.0,19.818214379361745,2.843556895185806
2018-04-09 00:00:00+00:00,-35.54333,-72.09444,210.0,open-meteo_ecmwf_ifs,daily,18.981,9.831,10.72,11.1414175,3.448466,83.37091,0.0,19.626094393597146,1.8497633638355233
2018-04-10 00:00:00+00:00,-35.54333,-72.09444,210.0,open-meteo_ecmwf_ifs,daily,18.831001,13.281,10.66,12.045583,5.837551,82.99916,1.7000002,19.434875062672308,2.3332705327200736
2018-04-11 00:00:00+00:00,-35.54333,-72.09444,210.0,open-meteo_ecmwf_ifs,daily,14.481,10.331,5.84,11.499748,4.7746377,88.29867,19.200003,19.2446265279134,0.9253299677672366
2018-04-12 00:00:00+00:00,-35.54333,-72.09444,210.0,open-meteo_ecmwf_ifs,daily,18.131,6.731,18.35,4.1643333,3.8898952,65.59263,0.0,19.05541845221408,2.94648298587406
2018-04-13 00:00:00+00:00,-35.54333,-72.09444,210.0,open-meteo_ecmwf_ifs,daily,19.381,6.6809998,17.91,7.0455837,1.3802203,68.65087,0.0,18.867319969299576,2.2060652736425066
2018-04-14 00:00:00+00:00,-35.54333,-72.09444,210.0,open-meteo_ecmwf_ifs,daily,20.381,6.031,17.79,7.810166,1.7588505,76.39353,0.0,18.680399634013295,2.231410869490027
2018-04-15 00:00:00+00:00,-35.54333,-72.09444,210.0,open-meteo_ecmwf_ifs,daily,23.431002,8.781,15.49,9.39975,2.08999,73.31744,0.0,18.494725373719348,2.4635194071141355
2018-04-16 00:00:00+00:00,-35.54333,-72.09444,210.0,open-meteo_ecmwf_ifs,daily,22.331001,10.981,14.94,11.987251,2.3235276,81.494804,0.0,18.310364440911705,2.3008201650774605
2018-04-17 00:00:00+00:00,-35.54333,-72.09444,210.0,open-meteo_ecmwf_ifs,daily,19.381,9.781,17.41,7.8059998,4.4010158,67.554665,0.0,18.1273833671167,2.922216379026997
2018-04-18 00:00:00+00:00,-35.54333,-72.09444,210.0,open-meteo_ecmwf_ifs,daily,20.081001,6.581,17.18,4.8539166,4.408156,63.809185,0.0,17.945847918172586,3.035320499097747
2018-04-19 00:00:00+00:00,-35.54333,-72.09444,210.0,open-meteo_ecmwf_ifs,daily,21.181002,10.231,14.97,10.031,3.220107,77.62356,0.0,17.765823050965853,2.4751057239855463
2018-04-20 00:00:00+00:00,-35.54333,-72.09444,210.0,open-meteo_ecmwf_ifs,daily,22.381,10.581,16.1,11.378915,2.5395699,78.33822,0.0,17.58737287169982,2.3906161018467715
2018-04-21 00:00:00+00:00,-35.54333,-72.09444,210.0,open-meteo_ecmwf_ifs,daily,22.831001,9.431,16.2,10.393499,2.3301513,75.46313,0.0,17.41056059576737,2.3787126238957206
2018-04-22 00:00:00+00:00,-35.54333,-72.09444,210.0,open-meteo_ecmwf_ifs,daily,22.281,9.981,12.28,10.783084,2.3988945,75.248405,0.0,17.23544850929477,2.0989231067620335
2018-04-23 00:00:00+00:00,-35.54333,-72.09444,210.0,open-meteo_ecmwf_ifs,daily,19.831001,8.331,14.76,5.847666,3.855006,62.64945,0.0,17.062097932419512,2.7707000889760742
2018-04-24 00:00:00+00:00,-35.54333,-72.09444,210.0,open-meteo_ecmwf_ifs,daily,18.381,6.281,16.16,5.172666,2.4372854,66.8285,0.0,16.890569184360047,2.1925550062803456
2018-04-25 00:00:00+00:00,-35.54333,-72.09444,210.0,open-meteo_ecmwf_ifs,daily,22.681002,5.981,15.99,4.33725,1.8907734,63.9465,0.0,16.720921550330775,2.335143118017401
2018-04-26 00:00:00+00:00,-35.54333,-72.09444,210.0,open-meteo_ecmwf_ifs,daily,19.181002,6.331,10.0,7.0747495,3.2668352,73.67037,1.0,16.553213250350527,1.9333095774973357
2018-04-27 00:00:00+00:00,-35.54333,-72.09444,210.0,open-meteo_ecmwf_ifs,daily,16.631,9.381,11.94,7.9664173,3.4664457,74.57112,3.7,16.3875014099877,1.959768196402474
2018-04-28 00:00:00+00:00,-35.54333,-72.09444,210.0,open-meteo_ecmwf_ifs,daily,17.581001,7.381,10.94,4.9060006,2.8260267,66.07343,0.0,16.223842033080185,2.077645926240644
2018-04-29 00:00:00+00:00,-35.54333,-72.09444,210.0,open-meteo_ecmwf_ifs,daily,17.781,5.031,13.0,6.574749,1.5976548,77.25204,0.0,16.062289976462637,1.5512699210115208
2018-04-30 00:00:00+00:00,-35.54333,-72.09444,210.0,open-meteo_ecmwf_ifs,daily,17.231,5.081,14.77,6.2622504,2.368541,76.88575,0.0,15.902898926728506,1.729362425899371
2018-05-01 00:00:00+00:00,-35.54333,-72.09444,210.0,open-meteo_ecmwf_ifs,daily,21.331001,8.781,13.3,8.922667,1.5969782,75.357,0.3,15.745721379048604,1.8289351654157748
2018-05-02 00:00:00+00:00,-35.54333,-72.09444,210.0,open-meteo_ecmwf_ifs,daily,19.981,10.281,12.86,9.960167,1.3818426,79.71212,0.0,15.59080861806249,1.682672369579155
2018-05-03 00:00:00+00:00,-35.54333,-72.09444,210.0,open-meteo_ecmwf_ifs,daily,18.331001,9.331,8.22,9.728917,2.3763912,78.77859,0.0,15.438210700853249,1.4745247219313082
2018-05-04 00:00:00+00:00,-35.54333,-72.09444,210.0,open-meteo_ecmwf_ifs,daily,18.931002,10.281,9.57,6.589333,2.9368658,63.501392,0.0,15.287976442010654,2.189853207726605
2018-05-05 00:00:00+00:00,-35.54333,-72.09444,210.0,open-meteo_ecmwf_ifs,daily,21.181002,8.3810005,13.61,9.495583,2.3279793,77.27087,0.0,15.140153400781884,1.8701332353018698
2018-05-06 00:00:00+00:00,-35.54333,-72.09444,210.0,open-meteo_ecmwf_ifs,daily,18.181002,11.731,6.54,11.681,2.7022846,87.428406,2.1,14.994787870303304,1.3492520185278758
2018-05-07 00:00:00+00:00,-35.54333,-72.09444,210.0,open-meteo_ecmwf_ifs,daily,16.581001,11.731,6.43,12.46225,1.4509006,91.37429,7.4999995,14.851924868900882,0.9851179717809265
2018-05-08 00:00:00+00:00,-35.54333,-72.09444,210.0,open-meteo_ecmwf_ifs,daily,17.931002,10.231,9.69,10.801834,1.6993384,89.12571,0.0,14.711608133441217,1.3130989451820263
2018-05-09 00:00:00+00:00,-35.54333,-72.09444,210.0,open-meteo_ecmwf_ifs,daily,17.231,7.131,8.03,9.281,1.303564,86.53089,0.0,14.573880114709212,1.071884519489
2018-05-10 00:00:00+00:00,-35.54333,-72.09444,210.0,open-meteo_ecmwf_ifs,daily,18.281,6.881,12.16,7.9768333,1.1978526,79.13323,0.0,14.438781974782756,1.3271177843826532
2018-05-11 00:00:00+00:00,-35.54333,-72.09444,210.0,open-meteo_ecmwf_ifs,daily,18.681002,8.281,12.64,7.8080826,3.1685736,77.14238,0.0,14.306353586368965,1.8827682434144524
2018-05-12 00:00:00+00:00,-35.54333,-72.09444,210.0,open-meteo_ecmwf_ifs,daily,20.631,7.281,12.18,8.393499,1.8720509,78.46502,0.0,14.176633534060958,1.583010997558889
2018-05-13 00:00:00+00:00,-35.54333,-72.09444,210.0,open-meteo_ecmwf_ifs,daily,17.181002,9.331,9.28,9.885166,2.9557695,86.01654,2.2,14.04965911746838,1.3719235039722146
2018-05-14 00:00:00+00:00,-35.54333,-72.09444,210.0,open-meteo_ecmwf_ifs,daily,16.131,8.881,8.64,9.051833,1.3448658,84.29647,0.8,13.925466356169492,1.1072320048030324
2018-05-15 00:00:00+00:00,-35.54333,-72.09444,210.0,open-meteo_ecmwf_ifs,daily,12.431,7.381,3.66,5.710167,2.5501006,77.55504,0.0,13.804089996427036,1.1226545124863925
2018-05-16 00:00:00+00:00,-35.54333,-72.09444,210.0,open-meteo_ecmwf_ifs,daily,14.331,6.331,4.79,5.408083,1.3464969,72.325485,0.3,13.685563519604928,1.0105945428640233
2018-05-17 00:00:00+00:00,-35.54333,-72.09444,210.0,open-meteo_ecmwf_ifs,daily,17.581001,8.631,8.65,8.358084,1.5705289,77.61691,4.0,13.56991915221751,1.2404908557757657
2018-05-18 00:00:00+00:00,-35.54333,-72.09444,210.0,open-meteo_ecmwf_ifs,daily,15.381,7.831,9.99,8.431001,2.8641675,88.88767,0.0,13.457187877538034,1.2283622803348868
2018-05-19 00:00:00+00:00,-35.54333,-72.09444,210.0,open-meteo_ecmwf_ifs,daily,19.181002,6.781,11.74,6.099749,3.3315756,72.648125,0.0,13.347399448688291,1.9229800918256634
2018-05-20 00:00:00+00:00,-35.54333,-72.09444,210.0,open-meteo_ecmwf_ifs,daily,19.231,6.9309998,7.49,7.6747494,2.696188,77.36776,1.2,13.240582403126528,1.5015827305105576
2018-05-21 00:00:00+00:00,-35.54333,-72.09444,210.0,open-meteo_ecmwf_ifs,daily,13.331,5.081,11.87,5.245583,3.744352,80.330086,0.0,13.136764078446301,1.3261301332482176
2018-05-22 00:00:00+00:00,-35.54333,-72.09444,210.0,open-meteo_ecmwf_ifs,daily,15.781,2.881,12.39,2.9393332,3.2881448,74.20522,0.0,13.035970629394805,1.5919944493662899
2018-05-23 00:00:00+00:00,-35.54333,-72.09444,210.0,open-meteo_ecmwf_ifs,daily,15.481,3.281,11.34,3.32475,1.9271908,74.74846,0.0,12.938227046015163,1.2468951877577696
2018-05-24 00:00:00+00:00,-35.54333,-72.09444,210.0,open-meteo_ecmwf_ifs,daily,17.781,5.031,10.79,5.5643334,2.1931143,76.60995,0.0,12.8435571728134,1.3713823973806363
2018-05-25 00:00:00+00:00,-35.54333,-72.09444,210.0,open-meteo_ecmwf_ifs,daily,20.131,8.881,11.48,7.672666,1.3709995,72.21206,0.0,12.751983728847728,1.3450781190991887
2018-05-26 00:00:00+00:00,-35.54333,-72.09444,210.0,open-meteo_ecmwf_ifs,daily,11.931,6.631,2.48,7.8997498,2.3834777,91.089714,7.4,12.663528328634294,0.6361222206813825
2018-05-27 00:00:00+00:00,-35.54333,-72.09444,210.0,open-meteo_ecmwf_ifs,daily,15.331,8.1310005,6.58,8.593499,1.5987996,85.764595,0.0,12.57821150376125,0.9312858766220653
2018-05-28 00:00:00+00:00,-35.54333,-72.09444,210.0,open-meteo_ecmwf_ifs,daily,13.331,9.881,2.23,9.551833,2.5425813,90.416466,13.8,12.496052725100409,0.7893023404400924
2018-05-29 00:00:00+00:00,-35.54333,-72.09444,210.0,open-meteo_ecmwf_ifs,daily,13.281,7.4309998,3.81,9.603917,4.309418,86.627754,15.6,12.417070425503901,0.5822020101643198
2018-05-30 00:00:00+00:00,-35.54333,-72.09444,210.0,open-meteo_ecmwf_ifs,daily,12.881,5.1809998,11.11,4.81225,2.988635,81.05594,0.0,12.341282022871779,1.1767049779176055
2018-05-31 00:00:00+00:00,-35.54333,-72.09444,210.0,open-meteo_ecmwf_ifs,daily,11.931,2.731,10.01,3.2309997,3.3015792,81.43161,0.0,12.268703943475336,1.1059648888123776
2018-06-01 00:00:00+00:00,-35.54333,-72.09444,210.0,open-meteo_ecmwf_ifs,daily,11.781,0.531,11.35,1.2414167,2.5143538,69.85735,0.0,12.199351645420318,1.042220048603179
2018-06-02 00:00:00+00:00,-35.54333,-72.09444,210.0,open-meteo_ecmwf_ifs,daily,12.631,2.531,11.13,3.1455834,1.2757885,75.14098,0.0,12.133239642134072,0.8428953436135685
2018-06-03 00:00:00+00:00,-35.54333,-72.09444,210.0,open-meteo_ecmwf_ifs,daily,11.431,2.731,7.05,3.8664167,1.8447601,84.50439,0.6,12.070381525760919,0.7944658904531102
2018-06-04 00:00:00+00:00,-35.54333,-72.09444,210.0,open-meteo_ecmwf_ifs,daily,10.581,2.331,6.31,2.7830832,2.2516897,84.898346,0.1,12.01078999035094,0.8582260703503121
2018-06-05 00:00:00+00:00,-35.54333,-72.09444,210.0,open-meteo_ecmwf_ifs,daily,6.131,1.181,1.84,1.5830833,1.6125532,85.87979,5.3999996,11.95447685472855,0.5477944273837019
2018-06-06 00:00:00+00:00,-35.54333,-72.09444,210.0,open-meteo_ecmwf_ifs,daily,12.131,4.381,11.14,4.5768332,3.7332108,81.129166,0.4,11.901453084929246,1.1051717409531494
2018-06-07 00:00:00+00:00,-35.54333,-72.09444,210.0,open-meteo_ecmwf_ifs,daily,14.881,0.681,10.81,3.206,2.5606134,78.654335,0.0,11.851728816095008,1.0428090288938145
2018-06-08 00:00:00+00:00,-35.54333,-72.09444,210.0,open-meteo_ecmwf_ifs,daily,15.831,7.581,4.2,7.0789165,1.7910742,79.36849,1.1,11.805313373721994,1.0253344570133067
2018-06-09 00:00:00+00:00,-35.54333,-72.09444,210.0,open-meteo_ecmwf_ifs,daily,13.131,8.931,1.65,10.389333,4.990052,94.75534,20.7,11.762215294157109,0.5141045074456231
2018-06-10 00:00:00+00:00,-35.54333,-72.09444,210.0,open-meteo_ecmwf_ifs,daily,10.281,5.6809998,1.84,7.0935006,3.4426315,93.97885,18.800001,11.722442344244419,0.5172148079565326
2018-06-11 00:00:00+00:00,-35.54333,-72.09444,210.0,open-meteo_ecmwf_ifs,daily,8.931,4.6809998,5.88,5.151833,1.4750196,92.4082,2.3,11.68600154002618,0.5881647503507148
2018-06-12 00:00:00+00:00,-35.54333,-72.09444,210.0,open-meteo_ecmwf_ifs,daily,9.781,0.13100001,9.19,3.1560001,1.6216197,90.03098,0.4,11.652899164408577,0.5787460762039034
2018-06-13 00:00:00+00:00,-35.54333,-72.09444,210.0,open-meteo_ecmwf_ifs,daily,10.881,1.431,10.7,1.6060001,3.2572958,77.48299,0.0,11.623140783707235,1.046193913868959
2018-06-14 00:00:00+00:00,-35.54333,-72.09444,210.0,open-meteo_ecmwf_ifs,daily,11.131,-0.66899997,10.29,1.131,1.8493198,81.86889,0.0,11.596731262993424,0.7752689449496015
2018-06-15 00:00:00+00:00,-35.54333,-72.09444,210.0,open-meteo_ecmwf_ifs,daily,13.981,3.681,8.68,1.9684998,1.9421612,68.40962,0.0,11.573674780168094,1.1277057133527628
2018-06-16 00:00:00+00:00,-35.54333,-72.09444,210.0,open-meteo_ecmwf_ifs,daily,16.731,6.581,9.87,9.124749,2.6436703,90.9578,0.0,11.553974838697263,0.9317685641913223
2018-06-17 00:00:00+00:00,-35.54333,-72.09444,210.0,open-meteo_ecmwf_ifs,daily,17.181002,7.531,10.03,9.889334,2.3127573,90.89152,0.0,11.537634278949328,0.9219415398316625
2018-06-18 00:00:00+00:00,-35.54333,-72.09444,210.0,open-meteo_ecmwf_ifs,daily,16.481,6.9309998,9.37,9.424749,1.9087619,91.276955,0.0,11.52465528808195,0.831457377616686
2018-06-19 00:00:00+00:00,-35.54333,-72.09444,210.0,open-meteo_ecmwf_ifs,daily,12.831,7.731,5.54,9.170584,2.018798,96.269615,0.0,11.515039408433795,0.615630282499881
2018-06-20 00:00:00+00:00,-35.54333,-72.09444,210.0,open-meteo_ecmwf_ifs,daily,14.081,7.031,7.51,8.4435005,2.2065732,92.86832,0.0,11.508787544383997,0.7771939510507243
2018-06-21 00:00:00+00:00,-35.54333,-72.09444,210.0,open-meteo_ecmwf_ifs,daily,12.431,2.881,10.23,3.5205832,3.6395624,78.23097,0.0,11.50589996765029,1.0924882543235694
2018-06-22 00:00:00+00:00,-35.54333,-72.09444,210.0,open-meteo_ecmwf_ifs,daily,13.431,3.481,10.1,4.6122494,3.0393496,80.92382,0.0,11.506376321004735,1.015305402709335
2018-06-23 00:00:00+00:00,-35.54333,-72.09444,210.0,open-meteo_ecmwf_ifs,daily,13.281,4.331,9.4,5.5414166,3.1539805,87.46762,0.0,11.510215620394195,0.9629901377600008
2018-06-24 00:00:00+00:00,-35.54333,-72.09444,210.0,open-meteo_ecmwf_ifs,daily,11.481,1.0810001,10.55,1.6289166,2.4503624,75.648,0.0,11.517416255461043,0.937940255385542
2018-06-25 00:00:00+00:00,-35.54333,-72.09444,210.0,open-meteo_ecmwf_ifs,daily,13.331,2.031,9.76,2.731,2.0120714,76.53451,0.0,11.527975988467691,0.9438790545689617
2018-06-26 00:00:00+00:00,-35.54333,-72.09444,210.0,open-meteo_ecmwf_ifs,daily,11.781,6.581,1.55,7.933083,2.0153184,94.92853,4.5,11.54189195163699,0.5670257502195329
2018-06-27 00:00:00+00:00,-35.54333,-72.09444,210.0,open-meteo_ecmwf_ifs,daily,15.181,9.081,4.79,10.603917,1.8869735,92.30892,1.0,11.559160642928422,0.6987432693316072
2018-06-28 00:00:00+00:00,-35.54333,-72.09444,210.0,open-meteo_ecmwf_ifs,daily,12.081,6.6809998,3.17,8.587251,1.7646846,94.64973,6.6,11.579777920278394,0.5282373535029613
2018-06-29 00:00:00+00:00,-35.54333,-72.09444,210.0,open-meteo_ecmwf_ifs,daily,14.831,7.081,5.16,8.728916,1.7183619,91.52655,0.5,11.60373899434037,0.7456586337128376
2018-06-30 00:00:00+00:00,-35.54333,-72.09444,210.0,open-meteo_ecmwf_ifs,daily,12.031,6.581,3.29,8.578917,1.4593183,95.22855,0.5,11.631038419768629,0.5223138585175007
2018-07-01 00:00:00+00:00,-35.54333,-72.09444,210.0,open-meteo_ecmwf_ifs,daily,11.831,6.481,2.26,7.7872505,2.1767883,92.931496,5.5,11.661670085096533,0.5983735121514525
2018-07-02 00:00:00+00:00,-35.54333,-72.09444,210.0,open-meteo_ecmwf_ifs,daily,16.281,8.931,8.43,9.13725,2.3581674,84.78324,22.4,11.695627201267309,1.0587087788836271
2018-07-03 00:00:00+00:00,-35.54333,-72.09444,210.0,open-meteo_ecmwf_ifs,daily,13.131,7.4309998,3.47,9.403915,3.2235422,91.524086,5.5,11.732902288882276,0.5765556397861363
2018-07-04 00:00:00+00:00,-35.54333,-72.09444,210.0,open-meteo_ecmwf_ifs,daily,12.181,10.681,1.64,9.710167,6.0309696,89.01264,29.599998,11.773487164237569,0.8552861031176816
2018-07-05 00:00:00+00:00,-35.54333,-72.09444,210.0,open-meteo_ecmwf_ifs,daily,12.531,9.581,2.98,9.064334,6.229674,88.53399,17.500002,11.817372924226586,0.9467839906592055
2018-07-06 00:00:00+00:00,-35.54333,-72.09444,210.0,open-meteo_ecmwf_ifs,daily,12.881,8.931,6.54,8.749751,3.8966694,89.49937,17.000002,11.864549930190831,0.917952650379391
2018-07-07 00:00:00+00:00,-35.54333,-72.09444,210.0,open-meteo_ecmwf_ifs,daily,15.531,8.331,6.86,9.414332,2.4448056,89.37778,2.1,11.91500779080697,0.9187456382530387
2018-07-08 00:00:00+00:00,-35.54333,-72.09444,210.0,open-meteo_ecmwf_ifs,daily,14.481,5.781,11.37,6.322666,3.9413984,80.38248,0.0,11.9687353441026,1.2475031934828515
2018-07-09 00:00:00+00:00,-35.54333,-72.09444,210.0,open-meteo_ecmwf_ifs,daily,15.581,2.731,11.47,4.9372497,1.6985229,83.54865,0.0,12.025720638697228,0.9497670118731789
2018-07-10 00:00:00+00:00,-35.54333,-72.09444,210.0,open-meteo_ecmwf_ifs,daily,11.131,4.981,4.49,7.0747495,2.1298416,92.15417,0.0,12.08595091436888,0.5673484388265658
2018-07-11 00:00:00+00:00,-35.54333,-72.09444,210.0,open-meteo_ecmwf_ifs,daily,12.931,4.581,10.74,5.933083,1.7062329,88.61045,0.0,12.14941258204961,0.8432659129210214
2018-07-12 00:00:00+00:00,-35.54333,-72.09444,210.0,open-meteo_ecmwf_ifs,daily,14.281,4.431,6.34,6.7830834,1.9279628,90.081215,0.0,12.216091203356125,0.8105881851815109
2018-07-13 00:00:00+00:00,-35.54333,-72.09444,210.0,open-meteo_ecmwf_ifs,daily,16.781,7.381,6.52,10.056,1.737861,94.91776,0.1,12.28597146976359,0.824982622572997
2018-07-14 00:00:00+00:00,-35.54333,-72.09444,210.0,open-meteo_ecmwf_ifs,daily,14.331,7.9309998,4.48,10.058084,1.9941778,90.56774,0.4,12.359037181532612,0.6555067996590836
2018-07-15 00:00:00+00:00,-35.54333,-72.09444,210.0,open-meteo_ecmwf_ifs,daily,12.831,3.381,10.12,5.3580832,2.272988,83.18568,0.0,12.435271226500248,0.8861057747271655
2018-07-16 00:00:00+00:00,-35.54333,-72.09444,210.0,open-meteo_ecmwf_ifs,daily,11.931,4.131,11.15,4.5559998,3.7798822,81.585594,0.0,12.514655558846759,1.1271434995163283
2018-07-17 00:00:00+00:00,-35.54333,-72.09444,210.0,open-meteo_ecmwf_ifs,daily,10.081,2.931,9.52,2.506,2.9773674,78.64251,0.0,12.597171177949795,1.0454749661624656
2018-07-18 00:00:00+00:00,-35.54333,-72.09444,210.0,open-meteo_ecmwf_ifs,daily,9.331,-0.41899997,11.53,0.29975,2.0171041,76.75022,0.0,12.682798107437494,0.8939744226324756
2018-07-19 00:00:00+00:00,-35.54333,-72.09444,210.0,open-meteo_ecmwf_ifs,daily,9.231,-0.519,12.04,-0.14191663,2.1654391,77.61483,0.0,12.771515374551324,0.9487025644965618
2018-07-20 00:00:00+00:00,-35.54333,-72.09444,210.0,open-meteo_ecmwf_ifs,daily,10.981,0.481,12.01,0.64766663,1.8139615,73.45684,0.0,12.863300989927865,1.0011395832459506
2018-07-21 00:00:00+00:00,-35.54333,-72.09444,210.0,open-meteo_ecmwf_ifs,daily,11.631,2.131,6.29,3.156,2.0333128,80.9536,1.0,12.958131927907768,0.9059332494241347
2018-07-22 00:00:00+00:00,-35.54333,-72.09444,210.0,open-meteo_ecmwf_ifs,daily,10.031,0.231,12.25,2.4434998,2.9182189,80.63035,1.0,13.055984107477514,0.8961557518765934
2018-07-23 00:00:00+00:00,-35.54333,-72.09444,210.0,open-meteo_ecmwf_ifs,daily,12.181,0.63100004,12.86,-0.16275023,4.7197204,66.29279,0.0,13.156832373947514,1.675520421889226
2018-07-24 00:00:00+00:00,-35.54333,-72.09444,210.0,open-meteo_ecmwf_ifs,daily,13.531,1.181,12.74,2.64975,1.8653421,79.01477,0.0,13.260650481467414,1.102511447668357
2018-07-25 00:00:00+00:00,-35.54333,-72.09444,210.0,open-meteo_ecmwf_ifs,daily,11.531,1.181,9.14,4.2685,1.239777,95.44802,0.0,13.367411076476118,0.765490003527221
2018-07-26 00:00:00+00:00,-35.54333,-72.09444,210.0,open-meteo_ecmwf_ifs,daily,11.131,1.7809999,10.26,4.0643334,1.383963,89.36929,0.0,13.47708568218097,0.8302664968813283
2018-07-27 00:00:00+00:00,-35.54333,-72.09444,210.0,open-meteo_ecmwf_ifs,daily,9.881,1.881,3.75,4.6935,1.9781685,92.0809,2.4,13.589644684156724,0.5832926830605707
2018-07-28 00:00:00+00:00,-35.54333,-72.09444,210.0,open-meteo_ecmwf_ifs,daily,13.081,2.531,11.37,5.4622493,1.403287,87.84012,0.1,13.705057317151052,0.9229833109022102
2018-07-29 00:00:00+00:00,-35.54333,-72.09444,210.0,open-meteo_ecmwf_ifs,daily,12.381,3.531,11.68,4.3185,1.6281129,84.703125,0.0,13.823291653179197,1.057335718735185
2018-07-30 00:00:00+00:00,-35.54333,-72.09444,210.0,open-meteo_ecmwf_ifs,daily,12.881,4.131,12.45,4.351833,3.597495,83.08187,0.0,13.944314590985998,1.3852432879377026
2018-07-31 00:00:00+00:00,-35.54333,-72.09444,210.0,open-meteo_ecmwf_ifs,daily,11.531,1.231,13.6,1.881,3.5194552,76.428246,0.0,14.068091846949022,1.3394497034126474
2018-08-01 00:00:00+00:00,-35.54333,-72.09444,210.0,open-meteo_ecmwf_ifs,daily,10.331,1.5810001,11.26,2.8122501,2.4410753,87.768074,0.0,14.19458794749178,1.0282764070120896
2018-08-02 00:00:00+00:00,-35.54333,-72.09444,210.0,open-meteo_ecmwf_ifs,daily,10.331,-0.11900002,7.51,3.6518335,2.0101361,86.90606,0.1,14.323766223071045,0.7166994295523912
2018-08-03 00:00:00+00:00,-35.54333,-72.09444,210.0,open-meteo_ecmwf_ifs,daily,12.731,4.281,9.88,5.5789165,2.4043148,86.37222,1.8000001,14.455588803797536,1.091423793613869
2018-08-04 00:00:00+00:00,-35.54333,-72.09444,210.0,open-meteo_ecmwf_ifs,daily,12.581,2.981,7.82,3.93725,2.4472685,81.65569,0.0,14.59001661674371,1.1217518783268934
2018-08-05 00:00:00+00:00,-35.54333,-72.09444,210.0,open-meteo_ecmwf_ifs,daily,14.381,6.1809998,4.92,7.451834,1.345016,90.09803,0.0,14.727009384987745,0.8930550270082785
2018-08-06 00:00:00+00:00,-35.54333,-72.09444,210.0,open-meteo_ecmwf_ifs,daily,11.681,6.581,2.71,8.451833,2.6162455,95.18298,2.3,14.866525628436978,0.5744913162999349
2018-08-07 00:00:00+00:00,-35.54333,-72.09444,210.0,open-meteo_ecmwf_ifs,daily,12.081,4.531,13.04,5.597667,2.5865328,81.20605,7.4,15.008522666469,1.208221927037042
2018-08-08 00:00:00+00:00,-35.54333,-72.09444,210.0,open-meteo_ecmwf_ifs,daily,16.281,3.381,14.61,3.6726665,3.338253,75.11999,0.0,15.152956622423318,1.8633362508591016
2018-08-09 00:00:00+00:00,-35.54333,-72.09444,210.0,open-meteo_ecmwf_ifs,daily,16.381,4.981,11.73,4.5434995,2.0711534,71.5988,0.0,15.299782429970788,1.593924647538646
2018-08-10 00:00:00+00:00,-35.54333,-72.09444,210.0,open-meteo_ecmwf_ifs,daily,15.131,2.731,12.77,4.276833,2.0417762,76.25717,0.0,15.448953841382767,1.4150874578176176
2018-08-11 00:00:00+00:00,-35.54333,-72.09444,210.0,open-meteo_ecmwf_ifs,daily,15.831,5.381,11.19,6.772667,1.8096108,81.21171,0.0,15.60042343771656,1.3495178850888707
2018-08-12 00:00:00+00:00,-35.54333,-72.09444,210.0,open-meteo_ecmwf_ifs,daily,17.081001,4.481,13.63,6.7560005,1.6892406,84.118126,0.0,15.754142640928102,1.4734788985201817
2018-08-13 00:00:00+00:00,-35.54333,-72.09444,210.0,open-meteo_ecmwf_ifs,daily,13.481,7.4309998,11.31,6.660166,2.0284688,81.95502,2.8999999,15.91006172791757,1.3944092985717431
2018-08-14 00:00:00+00:00,-35.54333,-72.09444,210.0,open-meteo_ecmwf_ifs,daily,15.381,5.081,14.63,4.0018334,4.7180343,72.56869,0.0,16.06812984650826,2.194803384282703
2018-08-15 00:00:00+00:00,-35.54333,-72.09444,210.0,open-meteo_ecmwf_ifs,daily,16.831001,4.231,15.24,2.0601666,2.4258506,59.852116,0.0,16.22829503335349,2.0657368031316383
2018-08-16 00:00:00+00:00,-35.54333,-72.09444,210.0,open-meteo_ecmwf_ifs,daily,15.031,3.281,12.42,5.0497503,1.9374166,76.885185,0.0,16.390504233761373,1.4269002520145428
2018-08-17 00:00:00+00:00,-35.54333,-72.09444,210.0,open-meteo_ecmwf_ifs,daily,15.531,5.981,4.78,8.09975,1.9336543,88.39631,0.2,16.554703323421677,1.001099970721685
2018-08-18 00:00:00+00:00,-35.54333,-72.09444,210.0,open-meteo_ecmwf_ifs,daily,11.281,4.631,16.37,3.6414165,5.833639,74.557816,0.0,16.720837132014257,1.8560303904890878
2018-08-19 00:00:00+00:00,-35.54333,-72.09444,210.0,open-meteo_ecmwf_ifs,daily,14.831,2.431,16.77,0.39766666,5.7663536,61.07284,0.0,16.88884946867303,2.6341423438356437
2018-08-20 00:00:00+00:00,-35.54333,-72.09444,210.0,open-meteo_ecmwf_ifs,daily,17.081001,1.281,16.76,1.4830834,2.136806,61.574463,0.0,17.058683149274795,1.972949436663939
2018-08-21 00:00:00+00:00,-35.54333,-72.09444,210.0,open-meteo_ecmwf_ifs,daily,16.731,3.281,16.04,4.7435,1.3824822,72.40762,0.0,17.230280025517267,1.708723267513273
2018-08-22 00:00:00+00:00,-35.54333,-72.09444,210.0,open-meteo_ecmwf_ifs,daily,9.481,2.981,2.29,5.626833,3.4724166,93.65925,4.8,17.403581015745665,0.5128660832769826
2018-08-23 00:00:00+00:00,-35.54333,-72.09444,210.0,open-meteo_ecmwf_ifs,daily,9.481,4.9309998,8.34,5.816417,3.1157424,90.053566,10.400001,17.578526137482896,0.9428973228792388
2018-08-24 00:00:00+00:00,-35.54333,-72.09444,210.0,open-meteo_ecmwf_ifs,daily,11.281,1.281,15.28,2.728917,2.8933613,84.62063,0.0,17.75505454161349,1.4958447059528888
2018-08-25 00:00:00+00:00,-35.54333,-72.09444,210.0,open-meteo_ecmwf_ifs,daily,16.281,4.631,16.63,3.9893332,5.9436307,70.95376,0.0,17.933104548167226,2.6069767159841044
2018-08-26 00:00:00+00:00,-35.54333,-72.09444,210.0,open-meteo_ecmwf_ifs,daily,20.881,9.531,15.87,8.628916,5.4375615,71.90899,0.0,18.11261368364402,3.0470370436891265
2018-08-27 00:00:00+00:00,-35.54333,-72.09444,210.0,open-meteo_ecmwf_ifs,daily,17.681002,6.331,16.03,8.256,1.6006012,80.7748,0.0,18.29351871981759,1.8667579365493303
2018-08-28 00:00:00+00:00,-35.54333,-72.09444,210.0,open-meteo_ecmwf_ifs,daily,13.881,6.081,10.79,8.370584,1.9580976,91.699066,0.0,18.475755713951184,1.2603113497624643
2018-08-29 00:00:00+00:00,-35.54333,-72.09444,210.0,open-meteo_ecmwf_ifs,daily,12.331,6.331,5.26,6.7289166,2.489374,87.08667,0.1,18.659260050355414,1.0667033676925723
2018-08-30 00:00:00+00:00,-35.54333,-72.09444,210.0,open-meteo_ecmwf_ifs,daily,14.281,8.1310005,8.62,8.68725,1.4112648,88.063934,0.8000001,18.843966483213713,1.268538564879314
2018-08-31 00:00:00+00:00,-35.54333,-72.09444,210.0,open-meteo_ecmwf_ifs,daily,14.181,5.981,9.15,8.228916,1.4654151,88.997185,8.599999,19.02980918059847,1.2092244552236957
2018-09-01 00:00:00+00:00,-35.54333,-72.09444,210.0,open-meteo_ecmwf_ifs,daily,15.881,4.6809998,15.23,7.7226663,1.7305609,88.74775,0.4,19.21672176959681,1.6874741580063817
2018-09-02 00:00:00+00:00,-35.54333,-72.09444,210.0,open-meteo_ecmwf_ifs,daily,15.581,4.181,16.17,6.6664166,2.5678198,85.72488,0.0,19.404637382462262,1.822386888869983
2018-09-03 00:00:00+00:00,-35.54333,-72.09444,210.0,open-meteo_ecmwf_ifs,daily,20.681002,8.781,18.95,8.978917,4.7543173,77.27399,0.0,19.59348870370589,3.0012323468706366
2018-09-04 00:00:00+00:00,-35.54333,-72.09444,210.0,open-meteo_ecmwf_ifs,daily,21.331001,8.281,19.39,6.851834,3.2541173,62.092346,0.0,19.783208018037218,3.128039646835904
2018-09-05 00:00:00+00:00,-35.54333,-72.09444,210.0,open-meteo_ecmwf_ifs,daily,15.131,7.4309998,9.73,8.528916,2.6773536,84.13622,0.2,19.97372725906345,1.4873318098391615
2018-09-06 00:00:00+00:00,-35.54333,-72.09444,210.0,open-meteo_ecmwf_ifs,daily,14.631,6.381,18.91,6.439333,4.0082955,78.98676,0.0,20.16497805865303,2.2585516753730523
2018-09-07 00:00:00+00:00,-35.54333,-72.09444,210.0,open-meteo_ecmwf_ifs,daily,15.731,3.631,20.02,2.8893335,4.363682,65.678734,0.0,20.35689179686736,2.706064327163847
2018-09-08 00:00:00+00:00,-35.54333,-72.09444,210.0,open-meteo_ecmwf_ifs,daily,15.981,4.231,19.97,4.2747498,4.356152,70.66127,0.0,20.54939965236335,2.613065752284674
2018-09-09 00:00:00+00:00,-35.54333,-72.09444,210.0,open-meteo_ecmwf_ifs,daily,19.131,3.881,19.6,6.9539165,1.719932,78.82473,0.0,20.742432653167263,2.3312381695943296
2018-09-10 00:00:00+00:00,-35.54333,-72.09444,210.0,open-meteo_ecmwf_ifs,daily,21.881,7.231,20.39,8.239334,2.8002422,76.11127,0.0,20.93592172771996,2.9806510340011796
2018-09-11 00:00:00+00:00,-35.54333,-72.09444,210.0,open-meteo_ecmwf_ifs,daily,18.231,6.981,17.99,4.6768327,3.754403,60.446865,0.0,21.12979775609176,3.02551758039253
2018-09-12 00:00:00+00:00,-35.54333,-72.09444,210.0,open-meteo_ecmwf_ifs,daily,16.781,6.331,20.52,6.8080826,4.533501,75.49569,0.0,21.32399162126505,2.667641666597387
2018-09-13 00:00:00+00:00,-35.54333,-72.09444,210.0,open-meteo_ecmwf_ifs,daily,16.981,5.131,20.89,5.341416,3.8070269,70.636444,0.0,21.518434260382374,2.7549673392360994
2018-09-14 00:00:00+00:00,-35.54333,-72.09444,210.0,open-meteo_ecmwf_ifs,daily,17.931002,4.831,13.69,8.176833,1.3820744,85.563446,0.0,21.713056715856975,1.8284926875787637
2018-09-15 00:00:00+00:00,-35.54333,-72.09444,210.0,open-meteo_ecmwf_ifs,daily,16.831001,8.981,11.46,8.868499,2.1997516,83.92429,0.0,21.907790186243645,1.9078303079975147
2018-09-16 00:00:00+00:00,-35.54333,-72.09444,210.0,open-meteo_ecmwf_ifs,daily,14.731,4.731,13.31,6.4684997,2.4110444,84.58741,0.0,22.102566076767665,1.7743697919897656
2018-09-17 00:00:00+00:00,-35.54333,-72.09444,210.0,open-meteo_ecmwf_ifs,daily,13.581,8.781,4.47,8.605999,2.0172808,89.01095,8.9,22.297316049410306,1.106411779282527
2018-09-18 00:00:00+00:00,-35.54333,-72.09444,210.0,open-meteo_ecmwf_ifs,daily,13.131,7.4309998,13.39,9.499749,3.8069496,90.81251,25.900002,22.49197207245074,1.3988217488106525
2018-09-19 00:00:00+00:00,-35.54333,-72.09444,210.0,open-meteo_ecmwf_ifs,daily,16.081001,7.481,14.73,7.9518337,2.0439503,81.30021,1.5000001,22.686466469364774,2.081840250550606
2018-09-20 00:00:00+00:00,-35.54333,-72.09444,210.0,open-meteo_ecmwf_ifs,daily,14.281,6.331,5.69,7.151833,2.5269787,81.84867,1.3000001,22.88073196698318,1.2931632999091716
2018-09-21 00:00:00+00:00,-35.54333,-72.09444,210.0,open-meteo_ecmwf_ifs,daily,21.381,9.681,20.65,10.772667,2.1477847,83.44268,0.0,23.074701742813488,3.0019996878115545
2018-09-22 00:00:00+00:00,-35.54333,-72.09444,210.0,open-meteo_ecmwf_ifs,daily,15.981,10.781,13.65,9.906001,3.6119497,85.19695,4.2999997,23.26830947143153,2.1864677432058097
2018-09-23 00:00:00+00:00,-35.54333,-72.09444,210.0,open-meteo_ecmwf_ifs,daily,16.681002,7.981,19.05,7.28725,2.1352684,78.60529,0.0,23.46148936985155,2.6301725834811105
2018-09-24 00:00:00+00:00,-35.54333,-72.09444,210.0,open-meteo_ecmwf_ifs,daily,17.931002,6.9309998,20.34,5.8747497,3.9759912,69.6336,0.0,23.6541762417859,3.142765961364876
2018-09-25 00:00:00+00:00,-35.54333,-72.09444,210.0,open-meteo_ecmwf_ifs,daily,16.331001,8.181,14.85,5.391417,3.5149338,67.74462,0.0,23.846305520708682,2.7472486313422633
2018-09-26 00:00:00+00:00,-35.54333,-72.09444,210.0,open-meteo_ecmwf_ifs,daily,19.831001,8.931,11.8,6.966416,2.292164,68.23776,0.0,24.03781331164057,2.51186688648105
2018-09-27 00:00:00+00:00,-35.54333,-72.09444,210.0,open-meteo_ecmwf_ifs,daily,15.481,10.231,7.61,9.176834,3.6854582,84.35848,5.3,24.228636431575595,1.7714835780396714
2018-09-28 00:00:00+00:00,-35.54333,-72.09444,210.0,open-meteo_ecmwf_ifs,daily,13.931,10.681,8.12,10.283084,4.7493997,90.746216,16.2,24.4187124484744,1.4619597652530416
2018-09-29 00:00:00+00:00,-35.54333,-72.09444,210.0,open-meteo_ecmwf_ifs,daily,14.181,9.531,15.99,8.810167,3.914232,84.93676,3.0999994,24.607979718752073,2.218117826876641
2018-09-30 00:00:00+00:00,-35.54333,-72.09444,210.0,open-meteo_ecmwf_ifs,daily,12.531,7.531,14.42,5.5143332,2.8768587,76.672386,0.4,24.796377423193224,2.1641798388949782
2018-10-01 00:00:00+00:00,-35.54333,-72.09444,210.0,open-meteo_ecmwf_ifs,daily,13.081,2.431,25.08,0.92058325,5.2855153,64.44249,0.0,24.983845601231014,3.084156769204427
2018-10-02 00:00:00+00:00,-35.54333,-72.09444,210.0,open-meteo_ecmwf_ifs,daily,15.681,4.031,24.6,3.135167,4.8947864,66.3482,0.0,25.17032518353129,3.2930101716337314
2018-10-03 00:00:00+00:00,-35.54333,-72.09444,210.0,open-meteo_ecmwf_ifs,daily,17.381,4.181,25.26,4.7185,5.64596,69.45853,0.0,25.355758022828134,3.3875518611965623
2018-10-04 00:00:00+00:00,-35.54333,-72.09444,210.0,open-meteo_ecmwf_ifs,daily,21.081001,5.9309998,24.77,6.9393325,3.9857137,68.904884,0.0,25.540086922961528,3.6915330562977813
2018-10-05 00:00:00+00:00,-35.54333,-72.09444,210.0,open-meteo_ecmwf_ifs,daily,16.481,6.881,20.79,8.128917,2.2231486,82.494965,0.5,25.72325566607329,2.6903248538908904
2018-10-06 00:00:00+00:00,-35.54333,-72.09444,210.0,open-meteo_ecmwf_ifs,daily,19.731,7.281,19.69,9.447667,1.3148925,88.150505,0.0,25.905209037922447,2.781792782214935
2018-10-07 00:00:00+00:00,-35.54333,-72.09444,210.0,open-meteo_ecmwf_ifs,daily,14.131,7.731,11.15,8.476833,2.3653183,85.35497,0.0,26.085892851286438,1.7071042233242362
2018-10-08 00:00:00+00:00,-35.54333,-72.09444,210.0,open-meteo_ecmwf_ifs,daily,14.681,9.681,17.01,8.316417,3.1671784,81.91778,15.199998,26.265253967420477,2.5104489679007718
2018-10-09 00:00:00+00:00,-35.54333,-72.09444,210.0,open-meteo_ecmwf_ifs,daily,14.231,3.931,24.98,4.1372495,4.0640674,73.91067,0.0,26.44324031555218,2.970325356361951
2018-10-10 00:00:00+00:00,-35.54333,-72.09444,210.0,open-meteo_ecmwf_ifs,daily,17.081001,2.981,24.38,3.6351664,4.2130475,68.529945,0.0,26.61980091039493,3.2782372443988517
2018-10-11 00:00:00+00:00,-35.54333,-72.09444,210.0,open-meteo_ecmwf_ifs,daily,17.381,7.631,21.05,7.3393326,2.2227411,72.070595,0.0,26.79488586766863,3.013506008230552
2018-10-12 00:00:00+00:00,-35.54333,-72.09444,210.0,open-meteo_ecmwf_ifs,daily,16.031,4.631,18.28,5.464333,2.1097748,77.83506,0.0,26.968446417622328,2.549775317544208
2018-10-13 00:00:00+00:00,-35.54333,-72.09444,210.0,open-meteo_ecmwf_ifs,daily,19.781,4.481,26.31,5.245583,2.3656936,69.731804,0.0,27.14043491655915,3.6096758230933412
2018-10-14 00:00:00+00:00,-35.54333,-72.09444,210.0,open-meteo_ecmwf_ifs,daily,19.981,5.781,26.24,7.3643327,2.1852531,71.64477,0.0,27.31080485636919,3.5676561248884817
2018-10-15 00:00:00+00:00,-35.54333,-72.09444,210.0,open-meteo_ecmwf_ifs,daily,17.731,6.831,20.38,7.5414176,2.276945,79.30828,0.2,27.479510872082326,2.9249813542318046
2018-10-16 00:00:00+00:00,-35.54333,-72.09444,210.0,open-meteo_ecmwf_ifs,daily,16.881,8.481,18.38,9.420583,2.9362767,84.34176,0.4,27.64650874745808,2.6211860350094582
2018-10-17 00:00:00+00:00,-35.54333,-72.09444,210.0,open-meteo_ecmwf_ifs,daily,13.231,9.681,11.22,9.1830845,5.4985104,87.57666,4.0,27.81175541863539,1.7620534374539507
2018-10-18 00:00:00+00:00,-35.54333,-72.09444,210.0,open-meteo_ecmwf_ifs,daily,18.931002,9.431,18.9,9.081,2.5227852,78.62311,3.9999998,27.975208975870853,3.0548004270830607
2018-10-19 00:00:00+00:00,-35.54333,-72.09444,210.0,open-meteo_ecmwf_ifs,daily,18.981,5.581,24.12,6.09975,2.310607,69.17365,0.0,28.136828663398948,3.4305885889662915
2018-10-20 00:00:00+00:00,-35.54333,-72.09444,210.0,open-meteo_ecmwf_ifs,daily,17.881,5.1809998,26.86,5.3476663,2.8823822,68.550804,0.0,28.29657487745349,3.6237474372451466
2018-10-21 00:00:00+00:00,-35.54333,-72.09444,210.0,open-meteo_ecmwf_ifs,daily,18.281,6.331,28.5,4.68725,4.4417343,63.878445,0.0,28.45440916249429,4.169212289294322
2018-10-22 00:00:00+00:00,-35.54333,-72.09444,210.0,open-meteo_ecmwf_ifs,daily,20.981,7.881,25.26,5.135167,4.4244413,56.940037,0.0,28.61029420568812,4.500850089941167
2018-10-23 00:00:00+00:00,-35.54333,-72.09444,210.0,open-meteo_ecmwf_ifs,daily,19.481,9.631,11.94,8.362249,1.8068725,68.0528,1.0,28.764193829697703,2.447800731670828
2018-10-24 00:00:00+00:00,-35.54333,-72.09444,210.0,open-meteo_ecmwf_ifs,daily,20.731,6.831,23.77,7.3601665,1.7355586,72.00132,3.8999999,28.91607298383716,3.5611430397241297
2018-10-25 00:00:00+00:00,-35.54333,-72.09444,210.0,open-meteo_ecmwf_ifs,daily,21.331001,8.181,27.19,8.503917,2.453038,70.84031,0.0,29.065897733656318,4.0789774225868545
2018-10-26 00:00:00+00:00,-35.54333,-72.09444,210.0,open-meteo_ecmwf_ifs,daily,22.631,8.731,27.76,7.18725,2.0412886,62.260487,0.0,29.21363524902068,4.389046943777479
2018-10-27 00:00:00+00:00,-35.54333,-72.09444,210.0,open-meteo_ecmwf_ifs,daily,22.531,12.331,16.67,11.426833,2.6408446,75.69518,0.1,29.359253790757233,3.326027232739019
2018-10-28 00:00:00+00:00,-35.54333,-72.09444,210.0,open-meteo_ecmwf_ifs,daily,22.031,10.631,12.68,11.545583,1.7643205,75.4318,3.2999997,29.502722695940225,2.5165066191936454
2018-10-29 00:00:00+00:00,-35.54333,-72.09444,210.0,open-meteo_ecmwf_ifs,daily,17.081001,11.381,12.31,12.770583,2.8604648,92.11041,6.7999997,29.644012361893566,1.9209472659905604
2018-10-30 00:00:00+00:00,-35.54333,-72.09444,210.0,open-meteo_ecmwf_ifs,daily,18.581001,9.981,17.76,10.678917,1.8613709,80.50044,1.2000002,29.78309422899018,2.8061854812309615
2018-10-31 00:00:00+00:00,-35.54333,-72.09444,210.0,open-meteo_ecmwf_ifs,daily,21.781,8.3810005,26.27,9.251834,2.7536328,73.50301,0.0,29.919940762330288,4.0555046236959145
2018-11-01 00:00:00+00:00,-35.54333,-72.09444,210.0,open-meteo_ecmwf_ifs,daily,15.231,7.531,7.56,7.2539163,1.3089982,75.0834,0.1,30.054525432383418,1.588493881736001
2018-11-02 00:00:00+00:00,-35.54333,-72.09444,210.0,open-meteo_ecmwf_ifs,daily,16.681002,9.681,16.06,9.437249,5.0292253,81.006874,12.4,30.18682269468058,2.678606386496212
2018-11-03 00:00:00+00:00,-35.54333,-72.09444,210.0,open-meteo_ecmwf_ifs,daily,20.681002,6.281,27.06,9.041416,1.838677,81.490715,0.0,30.31680796864411,3.786511169729852
2018-11-04 00:00:00+00:00,-35.54333,-72.09444,210.0,open-meteo_ecmwf_ifs,daily,20.931002,6.131,29.11,8.316417,2.0414622,74.13171,0.0,30.444457615644613,4.0703931350087235
2018-11-05 00:00:00+00:00,-35.54333,-72.09444,210.0,open-meteo_ecmwf_ifs,daily,20.831001,9.981,29.03,9.8601675,3.8689735,73.88175,0.0,30.569748916374078,4.413533268194093
2018-11-06 00:00:00+00:00,-35.54333,-72.09444,210.0,open-meteo_ecmwf_ifs,daily,24.881,8.231,30.43,4.9830832,5.02959,50.01589,0.0,30.692660047625417,5.832516629631956
2018-11-07 00:00:00+00:00,-35.54333,-72.09444,210.0,open-meteo_ecmwf_ifs,daily,29.331001,10.581,30.58,9.501834,2.5390375,57.552883,0.0,30.81317005856824,5.654161113157425
2018-11-08 00:00:00+00:00,-35.54333,-72.09444,210.0,open-meteo_ecmwf_ifs,daily,27.981,10.581,30.75,6.7372494,2.2945054,48.58669,0.0,30.931258846610106,5.6360775553066
2018-11-09 00:00:00+00:00,-35.54333,-72.09444,210.0,open-meteo_ecmwf_ifs,daily,25.531,8.981,27.12,6.18725,2.177548,54.61687,0.0,31.04690713293191,4.850687062523665
2018-11-10 00:00:00+00:00,-35.54333,-72.09444,210.0,open-meteo_ecmwf_ifs,daily,18.381,13.181,15.48,12.356,2.9405212,84.62542,12.1,31.160096437784897,2.745785447870669
2018-11-11 00:00:00+00:00,-35.54333,-72.09444,210.0,open-meteo_ecmwf_ifs,daily,20.081001,11.381,25.0,9.722667,2.711231,74.56626,0.8,31.27080905563461,4.095933078551327
2018-11-12 00:00:00+00:00,-35.54333,-72.09444,210.0,open-meteo_ecmwf_ifs,daily,19.181002,8.681,23.93,8.3185,2.163135,71.26862,0.1,31.37902803023615,3.6891292110948264
2018-11-13 00:00:00+00:00,-35.54333,-72.09444,210.0,open-meteo_ecmwf_ifs,daily,19.781,8.3810005,23.0,9.56225,1.5170552,76.739174,3.6999998,31.484737129721793,3.4849525751361
2018-11-14 00:00:00+00:00,-35.54333,-72.09444,210.0,open-meteo_ecmwf_ifs,daily,23.031,8.681,29.69,8.508083,2.5677865,67.077805,0.0,31.587920821780237,4.739549273017135
2018-11-15 00:00:00+00:00,-35.54333,-72.09444,210.0,open-meteo_ecmwf_ifs,daily,23.481,9.681,23.54,9.91225,2.7326767,66.77419,1.8000001,31.68856424900306,4.149114454793935
2018-11-16 00:00:00+00:00,-35.54333,-72.09444,210.0,open-meteo_ecmwf_ifs,daily,21.731,10.331,28.07,9.308084,2.667219,69.56591,0.0,31.78665320447153,4.554623156140128
2018-11-17 00:00:00+00:00,-35.54333,-72.09444,210.0,open-meteo_ecmwf_ifs,daily,21.031,12.131,21.03,8.64975,1.8297106,65.71385,5.6,31.882174107652656,3.8427668051714754
2018-11-18 00:00:00+00:00,-35.54333,-72.09444,210.0,open-meteo_ecmwf_ifs,daily,24.381,9.781,31.95,7.3539176,4.5477815,59.46739,0.0,31.975113980670134,5.76849498142093
2018-11-19 00:00:00+00:00,-35.54333,-72.09444,210.0,open-meteo_ecmwf_ifs,daily,27.931002,10.981,31.75,8.5435,4.006368,54.73349,0.0,32.0654604250116,6.2375706047793065
2018-11-20 00:00:00+00:00,-35.54333,-72.09444,210.0,open-meteo_ecmwf_ifs,daily,27.481,10.731,31.58,9.76225,2.8665438,59.509266,0.0,32.15320159872959,5.710456472367741
2018-11-21 00:00:00+00:00,-35.54333,-72.09444,210.0,open-meteo_ecmwf_ifs,daily,27.181002,11.231,31.39,11.23725,3.1022608,67.65998,0.0,32.23832619418905,5.605342880508702
2018-11-22 00:00:00+00:00,-35.54333,-72.09444,210.0,open-meteo_ecmwf_ifs,daily,24.731,11.581,32.06,8.91225,4.7685733,60.167877,0.0,32.320823416410164,5.954612805337493
2018-11-23 00:00:00+00:00,-35.54333,-72.09444,210.0,open-meteo_ecmwf_ifs,daily,27.231,9.581,33.39,3.233084,5.2418184,42.940174,0.0,32.40068296205024,7.089386109534118
2018-11-24 00:00:00+00:00,-35.54333,-72.09444,210.0,open-meteo_ecmwf_ifs,daily,28.231,9.631,33.43,3.9539163,4.704513,44.492924,0.0,32.47789499906405,7.017217520064031
2018-11-25 00:00:00+00:00,-35.54333,-72.09444,210.0,open-meteo_ecmwf_ifs,daily,27.881,12.431,31.58,3.1601665,4.382578,37.990105,0.2,32.55245014707751,7.1942514351124185
2018-11-26 00:00:00+00:00,-35.54333,-72.09444,210.0,open-meteo_ecmwf_ifs,daily,26.731,10.931,33.19,4.1122503,4.424306,41.914593,0.0,32.624339458504394,6.8672806568464235
2018-11-27 00:00:00+00:00,-35.54333,-72.09444,210.0,open-meteo_ecmwf_ifs,daily,28.481,10.231,33.48,4.833083,4.414642,46.824203,0.0,32.6935544004319,6.977197383755532
2018-11-28 00:00:00+00:00,-35.54333,-72.09444,210.0,open-meteo_ecmwf_ifs,daily,28.331001,10.781,31.09,7.9476666,2.9498224,52.48334,0.0,32.7600868372959,6.002785912205193
2018-11-29 00:00:00+00:00,-35.54333,-72.09444,210.0,open-meteo_ecmwf_ifs,daily,28.631,11.631,33.0,9.139335,3.008909,54.28889,0.0,32.82392901436218,6.2723759258321365
2018-11-30 00:00:00+00:00,-35.54333,-72.09444,210.0,open-meteo_ecmwf_ifs,daily,26.331001,14.081,22.85,10.76225,3.8776205,59.972614,0.0,32.88507354202644,5.233293128628769
2018-12-01 00:00:00+00:00,-35.54333,-72.09444,210.0,open-meteo_ecmwf_ifs,daily,29.981,11.181,27.99,4.91225,2.6660893,38.179443,0.0,32.94351338094096,6.026981480348936
2018-12-02 00:00:00+00:00,-35.54333,-72.09444,210.0,open-meteo_ecmwf_ifs,daily,28.131,13.881,30.95,8.964334,2.368913,46.91332,0.0,32.99924182797252,6.059757192518969
2018-12-03 00:00:00+00:00,-35.54333,-72.09444,210.0,open-meteo_ecmwf_ifs,daily,25.381,12.631,31.38,10.71225,2.7851295,61.884888,0.0,33.0522525029924,5.604345905108641
2018-12-04 00:00:00+00:00,-35.54333,-72.09444,210.0,open-meteo_ecmwf_ifs,daily,22.381,12.831,20.53,10.67475,2.7770488,67.658226,0.0,33.10253933649588,4.041604363509321
2018-12-05 00:00:00+00:00,-35.54333,-72.09444,210.0,open-meteo_ecmwf_ifs,daily,26.731,12.331,25.56,10.397667,2.7165864,61.039555,0.0,33.15009655804609,5.096579865050322
2018-12-06 00:00:00+00:00,-35.54333,-72.09444,210.0,open-meteo_ecmwf_ifs,daily,30.381,13.931,31.87,11.345582,2.5214946,55.697678,0.0,33.19491868553368,6.326270708191639
2018-12-07 00:00:00+00:00,-35.54333,-72.09444,210.0,open-meteo_ecmwf_ifs,daily,25.231,13.831,32.27,12.2351675,2.9516401,67.393906,0.0,33.23700051524208,5.7135371369195855
2018-12-08 00:00:00+00:00,-35.54333,-72.09444,210.0,open-meteo_ecmwf_ifs,daily,22.731,11.631,30.91,9.235167,3.50061,64.782524,0.0,33.276337112705896,5.34273786455606
2018-12-09 00:00:00+00:00,-35.54333,-72.09444,210.0,open-meteo_ecmwf_ifs,daily,26.531,11.631,30.7,10.353917,2.3228319,66.529755,0.0,33.312923804348166,5.501134892710575
2018-12-10 00:00:00+00:00,-35.54333,-72.09444,210.0,open-meteo_ecmwf_ifs,daily,26.481,11.081,33.22,8.4185,2.7247267,57.498608,0.0,33.34675616988148,5.973568899614953
2018-12-11 00:00:00+00:00,-35.54333,-72.09444,210.0,open-meteo_ecmwf_ifs,daily,23.981,12.731,27.22,10.239333,2.6117835,62.92584,3.2,33.37783003545644,5.004495788045796
2018-12-12 00:00:00+00:00,-35.54333,-72.09444,210.0,open-meteo_ecmwf_ifs,daily,27.031,11.881,32.01,7.7309995,3.9843938,52.75598,0.0,33.40614146754114,6.441843477056802
2018-12-13 00:00:00+00:00,-35.54333,-72.09444,210.0,open-meteo_ecmwf_ifs,daily,19.481,9.681,21.59,7.116417,3.6765642,63.913128,0.0,33.43168676751456,4.017539904043589
2018-12-14 00:00:00+00:00,-35.54333,-72.09444,210.0,open-meteo_ecmwf_ifs,daily,23.031,9.381,33.62,5.989334,3.6628602,61.572834,0.8,33.4544624669577,5.764344887100675
2018-12-15 00:00:00+00:00,-35.54333,-72.09444,210.0,open-meteo_ecmwf_ifs,daily,26.581001,9.481,34.16,4.401833,4.260346,45.632793,0.0,33.474465323626085,6.680824603462434
2018-12-16 00:00:00+00:00,-35.54333,-72.09444,210.0,open-meteo_ecmwf_ifs,daily,28.831001,12.481,33.25,9.9747505,3.4243746,54.623337,0.0,33.49169231808882,6.517559457532131
2018-12-17 00:00:00+00:00,-35.54333,-72.09444,210.0,open-meteo_ecmwf_ifs,daily,29.381,12.531,33.16,8.295583,3.8230896,50.604282,0.0,33.50614065102031,6.905446736006956
2018-12-18 00:00:00+00:00,-35.54333,-72.09444,210.0,open-meteo_ecmwf_ifs,daily,32.830997,14.581,33.4,9.249749,3.0834465,44.281094,0.0,33.517807741132,7.302082671541001
2018-12-19 00:00:00+00:00,-35.54333,-72.09444,210.0,open-meteo_ecmwf_ifs,daily,29.481,14.881,33.29,8.158082,2.9072163,45.434982,0.0,33.52669122373365,6.915924244652846
2018-12-20 00:00:00+00:00,-35.54333,-72.09444,210.0,open-meteo_ecmwf_ifs,daily,26.681002,12.181,32.6,8.353915,3.3893235,57.499805,0.0,33.53278894991509,6.269790436592369
2018-12-21 00:00:00+00:00,-35.54333,-72.09444,210.0,open-meteo_ecmwf_ifs,daily,31.781,14.331,33.46,10.903916,4.025951,53.563923,0.0,33.53609898634183,7.345702523203804
2018-12-22 00:00:00+00:00,-35.54333,-72.09444,210.0,open-meteo_ecmwf_ifs,daily,29.481,15.581,32.19,11.07475,2.297856,51.108433,0.1,33.536619615659895,6.412916954984821
2018-12-23 00:00:00+00:00,-35.54333,-72.09444,210.0,open-meteo_ecmwf_ifs,daily,31.231,14.981,33.54,9.968499,2.8549023,51.93961,0.0,33.53434933750738,7.014490990544623
2018-12-24 00:00:00+00:00,-35.54333,-72.09444,210.0,open-meteo_ecmwf_ifs,daily,32.181,14.881,33.47,11.033082,2.9876976,49.31071,0.0,33.529286870133056,7.082588251631503
2018-12-25 00:00:00+00:00,-35.54333,-72.09444,210.0,open-meteo_ecmwf_ifs,daily,32.631,15.331,33.48,10.874751,2.9704885,47.853195,0.0,33.52143115262401,7.20395459482078
2018-12-26 00:00:00+00:00,-35.54333,-72.09444,210.0,open-meteo_ecmwf_ifs,daily,26.681002,14.831,33.04,11.014333,3.0752647,55.19569,0.0,33.51078134774712,6.322450379432456
2018-12-27 00:00:00+00:00,-35.54333,-72.09444,210.0,open-meteo_ecmwf_ifs,daily,26.931002,11.081,33.78,9.010166,3.4116135,60.948055,0.0,33.49733684541096,6.202916381457152
2018-12-28 00:00:00+00:00,-35.54333,-72.09444,210.0,open-meteo_ecmwf_ifs,daily,28.131,13.481,33.52,8.230998,3.926247,48.505825,0.0,33.48109726675721,6.939345779091887
2018-12-29 00:00:00+00:00,-35.54333,-72.09444,210.0,open-meteo_ecmwf_ifs,daily,23.231,10.231,33.88,6.1664166,3.5014808,50.830105,0.0,33.46206246889196,5.892821473659377
2018-12-30 00:00:00+00:00,-35.54333,-72.09444,210.0,open-meteo_ecmwf_ifs,daily,27.581001,10.881,34.08,5.7789187,4.091228,52.989426,0.0,33.44023255026975,6.838482907848312
2018-12-31 00:00:00+00:00,-35.54333,-72.09444,210.0,open-meteo_ecmwf_ifs,daily,28.131,11.981,33.65,7.0872498,3.457115,46.52895,0.0,33.4156078567438,6.696180301183706
2019-01-01 00:00:00+00:00,-35.54333,-72.09444,210.0,open-meteo_ecmwf_ifs,daily,29.031,13.231,33.09,9.243501,4.05053,51.111675,0.0,33.388188988297905,6.904261508605306
2019-01-02 00:00:00+00:00,-35.54333,-72.09444,210.0,open-meteo_ecmwf_ifs,daily,26.931002,10.281,34.63,2.697667,6.969942,38.796406,0.0,33.357976806475705,7.875250276444925
2019-01-03 00:00:00+00:00,-35.54333,-72.09444,210.0,open-meteo_ecmwf_ifs,daily,28.781,11.581,33.83,3.3476665,7.4806232,36.18915,0.0,33.32497244252389,8.503496477907532
2019-01-04 00:00:00+00:00,-35.54333,-72.09444,210.0,open-meteo_ecmwf_ifs,daily,31.531,12.181,33.29,9.76225,3.7460651,53.422413,0.0,33.28917730626627,6.981428794854712
2019-01-05 00:00:00+00:00,-35.54333,-72.09444,210.0,open-meteo_ecmwf_ifs,daily,24.981,15.681,32.97,11.947666,2.597916,58.006428,0.0,33.2505930957252,5.9879399504695785
2019-01-06 00:00:00+00:00,-35.54333,-72.09444,210.0,open-meteo_ecmwf_ifs,daily,26.531,13.381,28.33,12.247666,2.3857276,65.71902,0.0,33.20922180750641,5.261413279368244
2019-01-07 00:00:00+00:00,-35.54333,-72.09444,210.0,open-meteo_ecmwf_ifs,daily,23.781,13.331,26.32,10.487249,2.5271995,65.20227,0.0,33.16506574796276,4.897479676886001
2019-01-08 00:00:00+00:00,-35.54333,-72.09444,210.0,open-meteo_ecmwf_ifs,daily,17.931002,11.981,7.68,10.553916,3.419031,77.025826,1.1000001,33.11812754515055,2.144226824291623
2019-01-09 00:00:00+00:00,-35.54333,-72.09444,210.0,open-meteo_ecmwf_ifs,daily,20.031,12.881,14.53,9.870584,1.8158545,68.88897,0.3,33.068410161590975,3.0192355170806544
2019-01-10 00:00:00+00:00,-35.54333,-72.09444,210.0,open-meteo_ecmwf_ifs,daily,26.631,8.681,32.27,5.381,3.418708,48.105434,0.0,33.01591690784685,6.023940681123419
2019-01-11 00:00:00+00:00,-35.54333,-72.09444,210.0,open-meteo_ecmwf_ifs,daily,25.231,11.981,32.5,7.1914163,2.8870916,47.952023,0.0,32.96065145692262,5.978371723088912
2019-01-12 00:00:00+00:00,-35.54333,-72.09444,210.0,open-meteo_ecmwf_ifs,daily,24.481,10.631,23.41,4.8101664,1.8794327,47.84216,0.0,32.90261785949274,4.587066253662868
2019-01-13 00:00:00+00:00,-35.54333,-72.09444,210.0,open-meteo_ecmwf_ifs,daily,27.781,14.531,28.77,8.270583,3.0947678,48.837063,0.0,32.84182055996057,6.182439888332015
2019-01-14 00:00:00+00:00,-35.54333,-72.09444,210.0,open-meteo_ecmwf_ifs,daily,27.631,11.631,30.15,9.391416,2.2745407,54.957806,0.2,32.77826441334649,5.590539354494575
2019-01-15 00:00:00+00:00,-35.54333,-72.09444,210.0,open-meteo_ecmwf_ifs,daily,30.231,13.231,32.09,10.080999,2.6110678,54.419724,0.0,32.71195470300015,6.349129163958771
2019-01-16 00:00:00+00:00,-35.54333,-72.09444,210.0,open-meteo_ecmwf_ifs,daily,26.981,13.481,31.93,6.3976665,3.6498601,43.697308,0.0,32.64289715912817,6.6532368426225865
2019-01-17 00:00:00+00:00,-35.54333,-72.09444,210.0,open-meteo_ecmwf_ifs,daily,30.031,11.831,31.81,6.570583,4.2744856,43.20656,0.0,32.57109797812393,7.051907318803351
2019-01-18 00:00:00+00:00,-35.54333,-72.09444,210.0,open-meteo_ecmwf_ifs,daily,33.981,17.331001,32.43,8.858083,3.3834841,39.355595,0.0,32.49656384268236,7.795356769351926
2019-01-19 00:00:00+00:00,-35.54333,-72.09444,210.0,open-meteo_ecmwf_ifs,daily,27.131,11.931,32.35,10.747665,2.9697034,58.63809,0.0,32.419301942677464,5.8453186744833925
2019-01-20 00:00:00+00:00,-35.54333,-72.09444,210.0,open-meteo_ecmwf_ifs,daily,29.931002,12.281,31.74,11.758083,2.2572756,61.7995,0.0,32.339319996776155,5.899727476875155
2019-01-21 00:00:00+00:00,-35.54333,-72.09444,210.0,open-meteo_ecmwf_ifs,daily,31.431002,14.331,32.46,9.258083,3.9457827,48.499634,0.0,32.25662627475703,7.261177924806112
2019-01-22 00:00:00+00:00,-35.54333,-72.09444,210.0,open-meteo_ecmwf_ifs,daily,30.181002,12.681,32.17,4.8893337,4.2018676,39.229336,0.0,32.171229620498,7.352991422047883
2019-01-23 00:00:00+00:00,-35.54333,-72.09444,210.0,open-meteo_ecmwf_ifs,daily,31.881,13.181,31.32,7.2310004,3.259916,41.392868,0.0,32.08313947559162,6.911049972763886
2019-01-24 00:00:00+00:00,-35.54333,-72.09444,210.0,open-meteo_ecmwf_ifs,daily,32.281,14.931,30.99,9.393502,2.0625312,44.588196,0.0,31.992365903542645,6.346241384347931
2019-01-25 00:00:00+00:00,-35.54333,-72.09444,210.0,open-meteo_ecmwf_ifs,daily,31.281,15.231,31.42,8.366417,2.8074303,43.547436,0.0,31.898919614497274,6.7734145304976705
2019-01-26 00:00:00+00:00,-35.54333,-72.09444,210.0,open-meteo_ecmwf_ifs,daily,33.931,14.581,31.94,8.408084,4.483916,41.941494,0.0,31.802811990448753,7.922681426579702
2019-01-27 00:00:00+00:00,-35.54333,-72.09444,210.0,open-meteo_ecmwf_ifs,daily,33.080997,15.131,32.08,4.9789166,4.5046773,33.062183,0.0,31.704055110860107,8.232545662117207
2019-01-28 00:00:00+00:00,-35.54333,-72.09444,210.0,open-meteo_ecmwf_ifs,daily,33.131,12.631,32.0,5.3351665,4.566083,35.395763,0.0,31.60266177863967,7.849287454696426
2019-01-29 00:00:00+00:00,-35.54333,-72.09444,210.0,open-meteo_ecmwf_ifs,daily,30.831001,16.281,30.64,11.895584,2.8484523,49.93799,0.0,31.49864554640155,6.481300727265546
2019-01-30 00:00:00+00:00,-35.54333,-72.09444,210.0,open-meteo_ecmwf_ifs,daily,31.531,14.881,30.43,10.766416,2.4204133,51.08612,0.0,31.39202074293879,6.265628389835496
2019-01-31 00:00:00+00:00,-35.54333,-72.09444,210.0,open-meteo_ecmwf_ifs,daily,32.181,15.031,31.4,4.9455833,4.1188936,34.37254,0.0,31.282802499833558,7.777658293077077
2019-02-01 00:00:00+00:00,-35.54333,-72.09444,210.0,open-meteo_ecmwf_ifs,daily,33.181,15.631,31.08,7.991417,4.103256,39.156113,0.0,31.171006778125268,7.6841924005819795
2019-02-02 00:00:00+00:00,-35.54333,-72.09444,210.0,open-meteo_ecmwf_ifs,daily,34.131,15.931,30.18,12.2351675,1.9708576,48.94663,0.0,31.056650394954328,6.270379985606765
2019-02-03 00:00:00+00:00,-35.54333,-72.09444,210.0,open-meteo_ecmwf_ifs,daily,29.231,15.831,30.22,13.070582,2.3787086,56.01309,0.0,30.939751050096437,5.883579178198742
2019-02-04 00:00:00+00:00,-35.54333,-72.09444,210.0,open-meteo_ecmwf_ifs,daily,32.731,16.431,29.81,13.701833,2.1022022,58.610218,0.0,30.820327352300072,6.114732995247643
2019-02-05 00:00:00+00:00,-35.54333,-72.09444,210.0,open-meteo_ecmwf_ifs,daily,34.580997,16.281,30.08,13.3935,2.5091145,53.13762,0.0,30.6983988453375,6.523567855322232
2019-02-06 00:00:00+00:00,-35.54333,-72.09444,210.0,open-meteo_ecmwf_ifs,daily,32.580997,16.981,30.41,8.964333,3.5835001,40.406654,0.0,30.57398603367805,7.3027988308388885
2019-02-07 00:00:00+00:00,-35.54333,-72.09444,210.0,open-meteo_ecmwf_ifs,daily,28.881,15.431,26.54,6.997667,3.7592351,42.651184,0.0,30.447110407691195,6.475303406428541
2019-02-08 00:00:00+00:00,-35.54333,-72.09444,210.0,open-meteo_ecmwf_ifs,daily,29.481,13.681,28.92,5.5226665,3.5155613,39.59348,0.0,30.317794468285598,6.563594638542513
2019-02-09 00:00:00+00:00,-35.54333,-72.09444,210.0,open-meteo_ecmwf_ifs,daily,31.231,14.481,29.97,5.772667,3.7926595,35.80263,0.0,30.186061750890282,7.103779983609386
2019-02-10 00:00:00+00:00,-35.54333,-72.09444,210.0,open-meteo_ecmwf_ifs,daily,28.531,13.631,28.61,9.556,3.481905,49.638092,0.0,30.05193684868357,5.984184845454759
2019-02-11 00:00:00+00:00,-35.54333,-72.09444,210.0,open-meteo_ecmwf_ifs,daily,25.681002,10.681,27.77,9.212249,3.698768,58.73476,1.1,29.91544543497582,5.175982650357426
2019-02-12 00:00:00+00:00,-35.54333,-72.09444,210.0,open-meteo_ecmwf_ifs,daily,27.381,12.981,27.78,8.443501,2.6195295,47.19937,0.0,29.776614284652606,5.445760094231279
2019-02-13 00:00:00+00:00,-35.54333,-72.09444,210.0,open-meteo_ecmwf_ifs,daily,28.731,10.331,27.53,9.618501,2.1320558,67.15316,2.6,29.635471294586107,5.01024242155228
2019-02-14 00:00:00+00:00,-35.54333,-72.09444,210.0,open-meteo_ecmwf_ifs,daily,32.331,14.931,28.81,8.681,4.3217063,44.491817,0.0,29.49204550292386,7.136670812637249
2019-02-15 00:00:00+00:00,-35.54333,-72.09444,210.0,open-meteo_ecmwf_ifs,daily,26.131,16.381,28.52,12.585167,3.170749,55.597485,0.0,29.346367107165882,5.532480635782056
2019-02-16 00:00:00+00:00,-35.54333,-72.09444,210.0,open-meteo_ecmwf_ifs,daily,24.331001,15.281,21.44,14.035165,3.0028083,76.4703,0.0,29.19846748094336,4.111013140503582
2019-02-17 00:00:00+00:00,-35.54333,-72.09444,210.0,open-meteo_ecmwf_ifs,daily,28.481,14.831,23.47,14.820582,2.0630302,73.18213,0.0,29.048379189414824,4.508977458680699
2019-02-18 00:00:00+00:00,-35.54333,-72.09444,210.0,open-meteo_ecmwf_ifs,daily,30.231,14.381,27.09,14.855999,1.8673974,71.00513,0.0,28.896136003198347,5.032004675386969
2019-02-19 00:00:00+00:00,-35.54333,-72.09444,210.0,open-meteo_ecmwf_ifs,daily,29.581001,15.531,27.38,12.347667,2.8777473,58.710876,0.0,28.741772910761952,5.635310327080973
2019-02-20 00:00:00+00:00,-35.54333,-72.09444,210.0,open-meteo_ecmwf_ifs,daily,28.481,15.231,26.2,15.44975,2.6718733,72.22556,0.0,28.585326129197764,4.920382207339203
2019-02-21 00:00:00+00:00,-35.54333,-72.09444,210.0,open-meteo_ecmwf_ifs,daily,22.281,16.081001,10.24,15.289332,2.2730675,81.530846,2.2,28.42683311330953,2.3513045676571758
2019-02-22 00:00:00+00:00,-35.54333,-72.09444,210.0,open-meteo_ecmwf_ifs,daily,26.631,15.431,20.22,14.04975,2.6754143,73.47927,0.0,28.266332562947024,4.172484780037313
2019-02-23 00:00:00+00:00,-35.54333,-72.09444,210.0,open-meteo_ecmwf_ifs,daily,28.031,14.981,27.31,11.422668,4.9628077,59.225845,0.0,28.103864428525824,6.0457798456034
2019-02-24 00:00:00+00:00,-35.54333,-72.09444,210.0,open-meteo_ecmwf_ifs,daily,25.531,11.731,27.55,4.6289163,5.3054867,43.641388,0.0,27.939469914675218,6.242327510064147
2019-02-25 00:00:00+00:00,-35.54333,-72.09444,210.0,open-meteo_ecmwf_ifs,daily,26.731,10.181,27.71,2.810167,4.690559,39.23931,0.0,27.7731914819622,6.191237858305285
2019-02-26 00:00:00+00:00,-35.54333,-72.09444,210.0,open-meteo_ecmwf_ifs,daily,29.581001,10.931,27.41,4.235166,3.5955822,40.795246,0.0,27.605072846644628,6.02653501372996
2019-02-27 00:00:00+00:00,-35.54333,-72.09444,210.0,open-meteo_ecmwf_ifs,daily,30.681002,11.881,27.19,7.7685,2.4416108,47.95273,0.0,27.43515897841212,5.394577681708203
2019-02-28 00:00:00+00:00,-35.54333,-72.09444,210.0,open-meteo_ecmwf_ifs,daily,28.481,15.731,26.09,11.41225,1.6672453,55.688282,0.0,27.263496096078523,4.86359401922964
2019-03-01 00:00:00+00:00,-35.54333,-72.09444,210.0,open-meteo_ecmwf_ifs,daily,29.231,12.831,26.04,8.751833,2.9203444,55.68587,0.0,27.090131661195766,5.356483171946481
2019-03-02 00:00:00+00:00,-35.54333,-72.09444,210.0,open-meteo_ecmwf_ifs,daily,29.731,12.981,26.38,7.6914177,3.465108,46.705112,0.0,26.915114369564588,5.788081897851208
2019-03-03 00:00:00+00:00,-35.54333,-72.09444,210.0,open-meteo_ecmwf_ifs,daily,25.731,13.431,20.7,8.322666,2.3132184,54.108597,0.0,26.738494140623615,4.2838757107169885
2019-03-04 00:00:00+00:00,-35.54333,-72.09444,210.0,open-meteo_ecmwf_ifs,daily,23.681002,10.931,24.8,7.5622506,3.2414443,56.390377,0.0,26.560322104704092,4.552770545610761
2019-03-05 00:00:00+00:00,-35.54333,-72.09444,210.0,open-meteo_ecmwf_ifs,daily,26.331001,11.131,25.61,3.8955834,4.473554,43.80635,0.0,26.380650588143897,5.805384624467054
2019-03-06 00:00:00+00:00,-35.54333,-72.09444,210.0,open-meteo_ecmwf_ifs,daily,26.581001,11.681,25.65,6.0601673,2.9497864,47.11513,0.0,26.19953309626043,5.061244156923481
2019-03-07 00:00:00+00:00,-35.54333,-72.09444,210.0,open-meteo_ecmwf_ifs,daily,24.031,12.181,14.48,12.472665,2.2530496,75.71752,4.1,26.017024294187888,2.9073494314472508
2019-03-08 00:00:00+00:00,-35.54333,-72.09444,210.0,open-meteo_ecmwf_ifs,daily,28.831001,11.581,24.38,8.180999,3.6568182,54.20744,0.0,25.83317998559094,5.2617399910344
2019-03-09 00:00:00+00:00,-35.54333,-72.09444,210.0,open-meteo_ecmwf_ifs,daily,29.981,10.581,24.49,9.4185,2.0854585,60.16051,0.0,25.648057089272577,4.5270055296535245
2019-03-10 00:00:00+00:00,-35.54333,-72.09444,210.0,open-meteo_ecmwf_ifs,daily,25.431002,11.531,23.39,10.585166,2.3944974,67.66781,0.0,25.461713613699835,4.079783926365069
2019-03-11 00:00:00+00:00,-35.54333,-72.09444,210.0,open-meteo_ecmwf_ifs,daily,27.281,12.131,23.91,10.0372505,2.0739782,58.77062,0.0,25.274208629477535,4.297210759693269
2019-03-12 00:00:00+00:00,-35.54333,-72.09444,210.0,open-meteo_ecmwf_ifs,daily,30.131,14.481,23.57,11.7935,2.66071,59.839825,0.0,25.08560223980541,4.858885044675839
2019-03-13 00:00:00+00:00,-35.54333,-72.09444,210.0,open-meteo_ecmwf_ifs,daily,28.731,14.131,23.58,8.606,3.9798052,51.874237,0.0,24.89595554896018,5.528117191192508
2019-03-14 00:00:00+00:00,-35.54333,-72.09444,210.0,open-meteo_ecmwf_ifs,daily,26.131,11.231,24.59,5.9809995,4.768645,48.521496,0.0,24.705330628849456,5.440301808884647
2019-03-15 00:00:00+00:00,-35.54333,-72.09444,210.0,open-meteo_ecmwf_ifs,daily,27.081001,9.581,24.18,6.335167,3.0908616,50.496212,0.0,24.51379048369015,4.654146362932515
2019-03-16 00:00:00+00:00,-35.54333,-72.09444,210.0,open-meteo_ecmwf_ifs,daily,25.681002,12.281,23.27,8.960168,2.4961383,57.189957,0.0,24.32139901286885,4.2542708675848075
2019-03-17 00:00:00+00:00,-35.54333,-72.09444,210.0,open-meteo_ecmwf_ifs,daily,26.631,11.081,22.99,9.155999,2.150867,59.78749,0.0,24.128220972047284,4.047896460996296
2019-03-18 00:00:00+00:00,-35.54333,-72.09444,210.0,open-meteo_ecmwf_ifs,daily,22.631,10.531,23.26,6.156,5.5813637,54.87261,0.0,23.934321932580573,4.828353188260974
2019-03-19 00:00:00+00:00,-35.54333,-72.09444,210.0,open-meteo_ecmwf_ifs,daily,21.031,8.531,23.56,0.97266656,6.7020183,44.727825,0.0,23.739768239320657,5.326496123655972
2019-03-20 00:00:00+00:00,-35.54333,-72.09444,210.0,open-meteo_ecmwf_ifs,daily,24.331001,7.781,23.06,2.133083,3.6416156,45.085133,0.0,23.544626966881964,4.568831933304757
2019-03-21 00:00:00+00:00,-35.54333,-72.09444,210.0,open-meteo_ecmwf_ifs,daily,25.431002,10.781,22.59,5.1185,3.2279072,47.585392,0.0,23.34896587445053,4.547342486465018
2019-03-22 00:00:00+00:00,-35.54333,-72.09444,210.0,open-meteo_ecmwf_ifs,daily,27.631,12.281,22.15,9.472665,4.0277853,60.432423,0.0,23.152853359221584,4.772841018772396
2019-03-23 00:00:00+00:00,-35.54333,-72.09444,210.0,open-meteo_ecmwf_ifs,daily,26.331001,12.581,22.0,8.572665,5.3109183,52.412064,0.0,22.956358408554717,5.14038410744312
2019-03-24 00:00:00+00:00,-35.54333,-72.09444,210.0,open-meteo_ecmwf_ifs,daily,26.781,10.031,22.08,6.24975,4.165282,51.012157,0.0,22.759550550938787,4.7805108708945365
2019-03-25 00:00:00+00:00,-35.54333,-72.09444,210.0,open-meteo_ecmwf_ifs,daily,26.581001,11.431,21.24,7.956,2.1928718,54.00076,0.0,22.562499805862252,3.8799066669914035
2019-03-26 00:00:00+00:00,-35.54333,-72.09444,210.0,open-meteo_ecmwf_ifs,daily,27.181002,12.531,21.09,10.54975,1.7127584,59.911602,0.0,22.365276632687245,3.632826018029527
2019-03-27 00:00:00+00:00,-35.54333,-72.09444,210.0,open-meteo_ecmwf_ifs,daily,22.481,11.431,20.7,11.047666,2.3515146,73.91681,0.0,22.16795187862848,3.2230047987276023
2019-03-28 00:00:00+00:00,-35.54333,-72.09444,210.0,open-meteo_ecmwf_ifs,daily,24.081001,11.231,17.83,11.135166,1.3493282,77.56943,0.0,21.97059672594025,2.8400217068133538
2019-03-29 00:00:00+00:00,-35.54333,-72.09444,210.0,open-meteo_ecmwf_ifs,daily,24.181002,9.731,20.82,11.201833,1.8089657,75.43286,0.0,21.773282638416905,3.0884289941367755
2019-03-30 00:00:00+00:00,-35.54333,-72.09444,210.0,open-meteo_ecmwf_ifs,daily,26.381,10.081,17.69,9.851833,2.5986593,69.6247,0.0,21.576081307313757,3.365137842937803
2019-03-31 00:00:00+00:00,-35.54333,-72.09444,210.0,open-meteo_ecmwf_ifs,daily,19.231,12.231,9.83,11.739334,2.1585886,79.05073,11.9,21.37906459679683,1.9083726732749535
2019-04-01 00:00:00+00:00,-35.54333,-72.09444,210.0,open-meteo_ecmwf_ifs,daily,24.631,11.981,19.71,12.137249,2.8146667,76.744156,0.0,21.18230448903096,3.314928143539108
2019-04-02 00:00:00+00:00,-35.54333,-72.09444,210.0,open-meteo_ecmwf_ifs,daily,26.181002,14.431,19.83,11.214333,3.9068482,61.690033,0.0,20.985873029016485,4.223337905122919
2019-04-03 00:00:00+00:00,-35.54333,-72.09444,210.0,open-meteo_ecmwf_ifs,daily,22.631,10.481,20.08,10.753917,2.3390927,69.381004,0.0,20.78984226928511,3.0066628635317105
2019-04-04 00:00:00+00:00,-35.54333,-72.09444,210.0,open-meteo_ecmwf_ifs,daily,19.881,9.031,19.76,8.720585,3.6278725,71.28956,1.2,20.59428421456606,2.9505863510207386
2019-04-05 00:00:00+00:00,-35.54333,-72.09444,210.0,open-meteo_ecmwf_ifs,daily,23.531,7.981,19.67,6.1060004,2.808078,59.45285,0.0,20.39927076653292,3.350471914663881
2019-04-06 00:00:00+00:00,-35.54333,-72.09444,210.0,open-meteo_ecmwf_ifs,daily,25.031,9.781,19.44,8.051833,2.444659,60.507175,0.0,20.20487366874169,3.334692615156761
2019-04-07 00:00:00+00:00,-35.54333,-72.09444,210.0,open-meteo_ecmwf_ifs,daily,27.181002,10.581,18.97,8.993499,1.8018198,58.965214,0.0,20.011164451869387,3.1982936881251067
2019-04-08 00:00:00+00:00,-35.54333,-72.09444,210.0,open-meteo_ecmwf_ifs,daily,23.731,11.231,17.51,11.670583,1.6707915,73.41575,0.0,19.818214379361745,2.6623658021035994
2019-04-09 00:00:00+00:00,-35.54333,-72.09444,210.0,open-meteo_ecmwf_ifs,daily,21.531,10.531,13.66,10.03725,1.5751277,76.89486,0.0,19.626094393597146,2.2270588404297387
2019-04-10 00:00:00+00:00,-35.54333,-72.09444,210.0,open-meteo_ecmwf_ifs,daily,23.681002,10.381,17.5,10.008083,3.3613062,74.057785,0.0,19.434875062672308,3.1103972666385924
2019-04-11 00:00:00+00:00,-35.54333,-72.09444,210.0,open-meteo_ecmwf_ifs,daily,22.231,10.081,16.23,10.12475,1.8538343,73.817,0.0,19.2446265279134,2.46833298000815
2019-04-12 00:00:00+00:00,-35.54333,-72.09444,210.0,open-meteo_ecmwf_ifs,daily,18.181002,9.381,12.71,10.589333,1.8195316,82.17022,0.0,19.05541845221408,1.781165562394281
2019-04-13 00:00:00+00:00,-35.54333,-72.09444,210.0,open-meteo_ecmwf_ifs,daily,18.681002,10.231,9.49,9.845584,1.76502,79.13627,1.6,18.867319969299576,1.7125403226890132
2019-04-14 00:00:00+00:00,-35.54333,-72.09444,210.0,open-meteo_ecmwf_ifs,daily,20.081001,8.1310005,17.14,6.4934998,3.5318089,63.86765,0.0,18.680399634013295,2.8595653882635093
2019-04-15 00:00:00+00:00,-35.54333,-72.09444,210.0,open-meteo_ecmwf_ifs,daily,22.481,7.231,18.09,5.54975,3.747629,60.466095,0.0,18.494725373719348,3.2371817887581384
2019-04-16 00:00:00+00:00,-35.54333,-72.09444,210.0,open-meteo_ecmwf_ifs,daily,22.731,6.781,16.66,4.5330834,2.1245968,55.761517,0.0,18.310364440911705,2.6810429173333223
2019-04-17 00:00:00+00:00,-35.54333,-72.09444,210.0,open-meteo_ecmwf_ifs,daily,24.231,9.131,15.95,5.847667,2.3667562,56.834568,0.0,18.1273833671167,2.9313333575390574
2019-04-18 00:00:00+00:00,-35.54333,-72.09444,210.0,open-meteo_ecmwf_ifs,daily,23.131,13.781,13.51,12.512249,1.7806596,75.316444,0.0,17.945847918172586,2.304042153198674
2019-04-19 00:00:00+00:00,-35.54333,-72.09444,210.0,open-meteo_ecmwf_ifs,daily,21.831001,12.181,9.91,11.633083,1.1329122,81.24836,0.0,17.765823050965853,1.7202288880087029
2019-04-20 00:00:00+00:00,-35.54333,-72.09444,210.0,open-meteo_ecmwf_ifs,daily,18.481,10.281,7.2,11.124748,1.4563123,83.37946,0.6,17.58737287169982,1.3145755241516457
2019-04-21 00:00:00+00:00,-35.54333,-72.09444,210.0,open-meteo_ecmwf_ifs,daily,21.681002,10.281,13.11,10.045583,1.408668,80.833,0.0,17.41056059576737,1.9668724193921971
2019-04-22 00:00:00+00:00,-35.54333,-72.09444,210.0,open-meteo_ecmwf_ifs,daily,20.481,7.631,15.67,9.181,1.6226588,80.04458,0.0,17.23544850929477,1.9663028238649292
2019-04-23 00:00:00+00:00,-35.54333,-72.09444,210.0,open-meteo_ecmwf_ifs,daily,18.731,8.481,11.43,9.4226675,1.3401672,84.20147,0.0,17.062097932419512,1.5775679899706374
2019-04-24 00:00:00+00:00,-35.54333,-72.09444,210.0,open-meteo_ecmwf_ifs,daily,16.581001,8.681,8.2,8.705999,1.5011483,83.27255,0.8000001,16.890569184360047,1.3409874850650894
2019-04-25 00:00:00+00:00,-35.54333,-72.09444,210.0,open-meteo_ecmwf_ifs,daily,18.681002,9.181,10.73,8.366416,1.4107323,72.12064,0.3,16.720921550330775,1.6350868951589632
2019-04-26 00:00:00+00:00,-35.54333,-72.09444,210.0,open-meteo_ecmwf_ifs,daily,20.681002,8.181,15.24,8.191417,1.4185158,72.74298,0.0,16.553213250350527,1.930248025710304
2019-04-27 00:00:00+00:00,-35.54333,-72.09444,210.0,open-meteo_ecmwf_ifs,daily,21.681002,7.781,14.31,8.833083,1.2867035,75.00866,0.0,16.3875014099877,1.8287465179588047
2019-04-28 00:00:00+00:00,-35.54333,-72.09444,210.0,open-meteo_ecmwf_ifs,daily,22.131,8.731,12.21,9.189333,2.1742046,71.242386,0.0,16.223842033080185,2.0100418098233988
2019-04-29 00:00:00+00:00,-35.54333,-72.09444,210.0,open-meteo_ecmwf_ifs,daily,19.131,9.831,14.11,5.4914165,6.5342107,61.255386,0.0,16.062289976462637,3.4462693252247125
2019-04-30 00:00:00+00:00,-35.54333,-72.09444,210.0,open-meteo_ecmwf_ifs,daily,18.831001,7.1809998,15.32,2.0351665,5.5044746,52.939743,0.0,15.902898926728506,3.3893226032574684
2019-05-01 00:00:00+00:00,-35.54333,-72.09444,210.0,open-meteo_ecmwf_ifs,daily,21.631,8.631,14.27,4.506,3.2148478,56.42896,0.0,15.745721379048604,2.8064116514064477
2019-05-02 00:00:00+00:00,-35.54333,-72.09444,210.0,open-meteo_ecmwf_ifs,daily,18.531,11.381,4.79,11.197666,1.6755816,81.52091,2.8,15.59080861806249,1.1941267211648423
2019-05-03 00:00:00+00:00,-35.54333,-72.09444,210.0,open-meteo_ecmwf_ifs,daily,15.031,13.631,1.88,13.36225,2.935239,95.07422,30.299997,15.438210700853249,0.6899847368045865
2019-05-04 00:00:00+00:00,-35.54333,-72.09444,210.0,open-meteo_ecmwf_ifs,daily,15.381,12.781,3.65,12.914334,3.3735282,94.36242,27.900005,15.287976442010654,0.8275772698814757
2019-05-05 00:00:00+00:00,-35.54333,-72.09444,210.0,open-meteo_ecmwf_ifs,daily,17.581001,9.431,11.9,11.022667,2.5368106,89.751434,0.0,15.140153400781884,1.4086164040062796
2019-05-06 00:00:00+00:00,-35.54333,-72.09444,210.0,open-meteo_ecmwf_ifs,daily,16.181,8.281,8.69,9.295583,2.3067505,88.05546,0.0,14.994787870303304,1.2367050975538476
2019-05-07 00:00:00+00:00,-35.54333,-72.09444,210.0,open-meteo_ecmwf_ifs,daily,14.681,8.331,9.4,9.483084,1.3653141,92.75711,0.0,14.851924868900882,1.0651207819418393
2019-05-08 00:00:00+00:00,-35.54333,-72.09444,210.0,open-meteo_ecmwf_ifs,daily,14.431,7.531,11.32,8.420583,1.8917075,90.02563,0.0,14.711608133441217,1.1917218877270987
2019-05-09 00:00:00+00:00,-35.54333,-72.09444,210.0,open-meteo_ecmwf_ifs,daily,13.481,6.831,7.02,8.1101675,1.9450291,91.504295,1.6000001,14.573880114709212,0.9335098733180079
2019-05-10 00:00:00+00:00,-35.54333,-72.09444,210.0,open-meteo_ecmwf_ifs,daily,15.331,6.831,12.53,7.441417,2.6942122,85.83099,0.1,14.438781974782756,1.4080061818935683
2019-05-11 00:00:00+00:00,-35.54333,-72.09444,210.0,open-meteo_ecmwf_ifs,daily,17.981,5.981,12.73,7.1851673,1.7209479,77.09402,0.0,14.306353586368965,1.4188976270232825
2019-05-12 00:00:00+00:00,-35.54333,-72.09444,210.0,open-meteo_ecmwf_ifs,daily,18.081001,9.281,11.15,10.320584,3.0989172,86.97659,0.0,14.176633534060958,1.4838608679912113
2019-05-13 00:00:00+00:00,-35.54333,-72.09444,210.0,open-meteo_ecmwf_ifs,daily,17.431002,7.9309998,12.84,9.101833,3.6321385,79.34325,0.0,14.04965911746838,1.5604450655477742
2019-05-14 00:00:00+00:00,-35.54333,-72.09444,210.0,open-meteo_ecmwf_ifs,daily,19.131,7.631,12.48,8.87475,1.513641,81.00359,0.0,13.925466356169492,1.378865767108788
2019-05-15 00:00:00+00:00,-35.54333,-72.09444,210.0,open-meteo_ecmwf_ifs,daily,14.481,6.331,9.79,9.237249,1.9611381,86.80578,0.0,13.804089996427036,0.8927588527769018
2019-05-16 00:00:00+00:00,-35.54333,-72.09444,210.0,open-meteo_ecmwf_ifs,daily,13.381,9.331,3.54,9.237248,3.8138113,89.69754,0.1,13.685563519604928,0.9360757747332241
2019-05-17 00:00:00+00:00,-35.54333,-72.09444,210.0,open-meteo_ecmwf_ifs,daily,13.331,9.631,3.33,10.260167,2.7895439,94.334465,12.4000025,13.56991915221751,0.711572535204895
2019-05-18 00:00:00+00:00,-35.54333,-72.09444,210.0,open-meteo_ecmwf_ifs,daily,14.681,7.481,10.5,7.1789165,3.65011,85.27007,0.0,13.457187877538034,1.410950576396837
2019-05-19 00:00:00+00:00,-35.54333,-72.09444,210.0,open-meteo_ecmwf_ifs,daily,15.381,6.531,11.98,5.0685,4.985726,72.302025,0.0,13.347399448688291,1.943823153725453
2019-05-20 00:00:00+00:00,-35.54333,-72.09444,210.0,open-meteo_ecmwf_ifs,daily,11.931,5.481,9.05,5.353916,2.8101654,82.07855,0.0,13.240582403126528,1.0813330828795162
2019-05-21 00:00:00+00:00,-35.54333,-72.09444,210.0,open-meteo_ecmwf_ifs,daily,15.181,4.9309998,10.86,4.9039164,2.513571,77.842834,0.0,13.136764078446301,1.3373949984064675
2019-05-22 00:00:00+00:00,-35.54333,-72.09444,210.0,open-meteo_ecmwf_ifs,daily,14.431,1.931,11.18,5.703916,1.3556699,84.32022,0.0,13.035970629394805,0.8701151126950887
2019-05-23 00:00:00+00:00,-35.54333,-72.09444,210.0,open-meteo_ecmwf_ifs,daily,14.331,2.681,11.45,5.735167,1.3562878,88.41867,0.0,12.938227046015163,0.8952482264889523
2019-05-24 00:00:00+00:00,-35.54333,-72.09444,210.0,open-meteo_ecmwf_ifs,daily,13.181,4.181,6.92,6.0664163,1.567647,88.6088,0.0,12.8435571728134,0.8129920210780468
2019-05-25 00:00:00+00:00,-35.54333,-72.09444,210.0,open-meteo_ecmwf_ifs,daily,12.831,5.631,4.45,6.1539173,2.3706934,81.648384,0.1,12.751983728847728,0.9094763998726505
2019-05-26 00:00:00+00:00,-35.54333,-72.09444,210.0,open-meteo_ecmwf_ifs,daily,13.531,8.881,4.18,9.139333,2.8964007,89.16586,6.799999,12.663528328634294,0.8523469832406524
2019-05-27 00:00:00+00:00,-35.54333,-72.09444,210.0,open-meteo_ecmwf_ifs,daily,14.231,7.981,6.63,9.945582,2.1685038,93.54874,0.8,12.57821150376125,0.7340538657813749
2019-05-28 00:00:00+00:00,-35.54333,-72.09444,210.0,open-meteo_ecmwf_ifs,daily,16.081001,8.231,9.41,9.524749,1.4614938,88.375404,1.3000001,12.496052725100409,0.9421126131864918
2019-05-29 00:00:00+00:00,-35.54333,-72.09444,210.0,open-meteo_ecmwf_ifs,daily,12.531,9.881,1.88,9.416417,3.3011787,89.40011,10.299999,12.417070425503901,0.7689137936758093
2019-05-30 00:00:00+00:00,-35.54333,-72.09444,210.0,open-meteo_ecmwf_ifs,daily,13.731,10.381,4.5,10.181,5.7328763,90.87389,33.800003,12.341282022871779,0.9659945272997714
2019-05-31 00:00:00+00:00,-35.54333,-72.09444,210.0,open-meteo_ecmwf_ifs,daily,12.581,10.881,2.35,10.314334,5.7937093,91.97183,18.400002,12.268703943475336,0.7837845858888303
2019-06-01 00:00:00+00:00,-35.54333,-72.09444,210.0,open-meteo_ecmwf_ifs,daily,14.281,10.281,4.08,10.478916,3.6753273,93.20727,7.1999993,12.199351645420318,0.854816757941235
2019-06-02 00:00:00+00:00,-35.54333,-72.09444,210.0,open-meteo_ecmwf_ifs,daily,17.531,8.431,9.72,9.976832,1.2727543,87.392975,0.4,12.133239642134072,0.9418947611101283
2019-06-03 00:00:00+00:00,-35.54333,-72.09444,210.0,open-meteo_ecmwf_ifs,daily,17.631,7.581,8.56,9.633082,1.1262618,86.56704,0.0,12.070381525760919,0.8760958467138107
2019-06-04 00:00:00+00:00,-35.54333,-72.09444,210.0,open-meteo_ecmwf_ifs,daily,14.231,9.331,6.15,10.120582,2.3413484,93.78097,0.0,12.01078999035094,0.7812179796536475
2019-06-05 00:00:00+00:00,-35.54333,-72.09444,210.0,open-meteo_ecmwf_ifs,daily,14.731,10.731,4.33,11.355999,3.7462358,94.57304,10.800001,11.95447685472855,0.7710909675836752
2019-06-06 00:00:00+00:00,-35.54333,-72.09444,210.0,open-meteo_ecmwf_ifs,daily,12.631,7.631,7.77,10.164334,3.3489702,92.05973,1.9000002,11.901453084929246,0.4713726885080287
2019-06-07 00:00:00+00:00,-35.54333,-72.09444,210.0,open-meteo_ecmwf_ifs,daily,12.781,5.031,10.09,6.2330832,2.8419712,89.09702,0.0,11.851728816095008,0.8950838827306398
2019-06-08 00:00:00+00:00,-35.54333,-72.09444,210.0,open-meteo_ecmwf_ifs,daily,14.681,3.781,10.68,6.2747493,2.8442142,84.06921,0.0,11.805313373721994,0.944324857587769
2019-06-09 00:00:00+00:00,-35.54333,-72.09444,210.0,open-meteo_ecmwf_ifs,daily,13.731,4.381,7.44,6.72475,1.8566341,91.96392,0.0,11.762215294157109,0.7499358492197516
2019-06-10 00:00:00+00:00,-35.54333,-72.09444,210.0,open-meteo_ecmwf_ifs,daily,13.631,6.981,6.65,7.9143333,2.2726076,90.19779,0.0,11.722442344244419,0.8178282674149755
2019-06-11 00:00:00+00:00,-35.54333,-72.09444,210.0,open-meteo_ecmwf_ifs,daily,12.031,4.731,3.87,6.683084,2.8998768,89.85794,5.8000007,11.68600154002618,0.674857843797116
2019-06-12 00:00:00+00:00,-35.54333,-72.09444,210.0,open-meteo_ecmwf_ifs,daily,11.931,9.481,3.28,9.13725,6.0894876,91.56609,17.900002,11.652899164408577,0.805889932940906
2019-06-13 00:00:00+00:00,-35.54333,-72.09444,210.0,open-meteo_ecmwf_ifs,daily,10.631,6.231,4.36,7.5226665,2.8784637,92.43927,4.9,11.623140783707235,0.5485305440646584
2019-06-14 00:00:00+00:00,-35.54333,-72.09444,210.0,open-meteo_ecmwf_ifs,daily,9.481,6.781,3.93,6.5726666,2.5008416,91.62113,15.000001,11.596731262993424,0.629301608126398
2019-06-15 00:00:00+00:00,-35.54333,-72.09444,210.0,open-meteo_ecmwf_ifs,daily,11.781,2.5809999,10.35,3.9726665,1.4392442,86.14211,0.0,11.573674780168094,0.7179989815785688
2019-06-16 00:00:00+00:00,-35.54333,-72.09444,210.0,open-meteo_ecmwf_ifs,daily,13.131,2.781,10.08,3.77475,1.4816812,78.17379,0.0,11.553974838697263,0.8043095350253846
2019-06-17 00:00:00+00:00,-35.54333,-72.09444,210.0,open-meteo_ecmwf_ifs,daily,12.081,3.481,7.15,5.0122495,1.4855226,87.51618,1.5,11.537634278949328,0.6971361982499608
2019-06-18 00:00:00+00:00,-35.54333,-72.09444,210.0,open-meteo_ecmwf_ifs,daily,12.981,4.9309998,10.13,6.4830837,1.5251659,87.25712,2.0,11.52465528808195,0.7272276961578565
2019-06-19 00:00:00+00:00,-35.54333,-72.09444,210.0,open-meteo_ecmwf_ifs,daily,14.181,5.031,8.46,3.889333,3.037627,75.18841,0.0,11.515039408433795,1.3055611920862116
2019-06-20 00:00:00+00:00,-35.54333,-72.09444,210.0,open-meteo_ecmwf_ifs,daily,14.031,4.431,8.07,5.141416,1.8569031,79.1495,0.0,11.508787544383997,0.8988332595413099
2019-06-21 00:00:00+00:00,-35.54333,-72.09444,210.0,open-meteo_ecmwf_ifs,daily,14.381,6.1809998,9.56,8.32475,1.3183421,90.88084,0.0,11.50589996765029,0.70984154096338
2019-06-22 00:00:00+00:00,-35.54333,-72.09444,210.0,open-meteo_ecmwf_ifs,daily,15.581,6.831,8.83,7.8059993,2.5162117,88.49957,0.0,11.506376321004735,0.9998825189926408
2019-06-23 00:00:00+00:00,-35.54333,-72.09444,210.0,open-meteo_ecmwf_ifs,daily,15.131,6.231,5.09,8.522666,1.6372342,90.39683,0.0,11.510215620394195,0.7180957581026105
2019-06-24 00:00:00+00:00,-35.54333,-72.09444,210.0,open-meteo_ecmwf_ifs,daily,9.181,4.581,4.46,5.581,2.7003078,89.01931,5.6,11.517416255461043,0.5700892675178445
2019-06-25 00:00:00+00:00,-35.54333,-72.09444,210.0,open-meteo_ecmwf_ifs,daily,9.731,1.981,10.6,2.0705836,1.2419515,77.76571,0.0,11.527975988467691,0.678272066789052
2019-06-26 00:00:00+00:00,-35.54333,-72.09444,210.0,open-meteo_ecmwf_ifs,daily,10.581,3.0809999,1.55,4.8164163,2.8162167,86.45617,1.0,11.54189195163699,0.6652662678300416
2019-06-27 00:00:00+00:00,-35.54333,-72.09444,210.0,open-meteo_ecmwf_ifs,daily,11.781,8.931,4.29,8.622666,5.4790745,92.26295,6.3999996,11.559160642928422,0.8295868572778706
2019-06-28 00:00:00+00:00,-35.54333,-72.09444,210.0,open-meteo_ecmwf_ifs,daily,11.181,9.181,2.2,9.031,3.8252373,92.22894,25.799997,11.579777920278394,0.6191846051148705
2019-06-29 00:00:00+00:00,-35.54333,-72.09444,210.0,open-meteo_ecmwf_ifs,daily,11.781,6.281,4.66,8.103917,3.2690122,92.208466,30.699999,11.60373899434037,0.569682798094259
2019-06-30 00:00:00+00:00,-35.54333,-72.09444,210.0,open-meteo_ecmwf_ifs,daily,11.581,2.431,10.74,3.3122509,2.8570664,83.06385,0.0,11.631038419768629,0.9315037855014549
2019-07-01 00:00:00+00:00,-35.54333,-72.09444,210.0,open-meteo_ecmwf_ifs,daily,10.781,1.031,11.18,2.289333,3.0753415,80.970314,0.0,11.661670085096533,0.9062459577445039
2019-07-02 00:00:00+00:00,-35.54333,-72.09444,210.0,open-meteo_ecmwf_ifs,daily,13.081,2.331,5.58,4.891417,1.8782631,87.407234,0.2,11.695627201267309,0.7435519513383086
2019-07-03 00:00:00+00:00,-35.54333,-72.09444,210.0,open-meteo_ecmwf_ifs,daily,13.331,2.531,7.74,4.814333,2.0876973,85.29758,0.0,11.732902288882276,0.8158306541290619
2019-07-04 00:00:00+00:00,-35.54333,-72.09444,210.0,open-meteo_ecmwf_ifs,daily,11.631,4.781,11.15,5.3018336,3.8007567,85.35089,0.0,11.773487164237569,0.9733020848035484
2019-07-05 00:00:00+00:00,-35.54333,-72.09444,210.0,open-meteo_ecmwf_ifs,daily,14.031,3.031,11.2,2.716417,4.6263733,74.66598,0.0,11.817372924226586,1.5559415787277515
2019-07-06 00:00:00+00:00,-35.54333,-72.09444,210.0,open-meteo_ecmwf_ifs,daily,12.031,2.631,4.91,4.403917,3.3771327,77.5183,0.0,11.864549930190831,0.8840986384807961
2019-07-07 00:00:00+00:00,-35.54333,-72.09444,210.0,open-meteo_ecmwf_ifs,daily,13.681,8.931,4.04,9.160168,3.7256143,89.48524,0.70000005,11.91500779080697,0.8894732754008579
2019-07-08 00:00:00+00:00,-35.54333,-72.09444,210.0,open-meteo_ecmwf_ifs,daily,12.881,7.481,4.87,8.510166,2.847326,90.49564,0.0,11.9687353441026,0.7377146364466205
2019-07-09 00:00:00+00:00,-35.54333,-72.09444,210.0,open-meteo_ecmwf_ifs,daily,15.531,6.481,7.23,8.57475,1.7670156,89.46291,0.0,12.025720638697228,0.8302079632979121
2019-07-10 00:00:00+00:00,-35.54333,-72.09444,210.0,open-meteo_ecmwf_ifs,daily,12.681,6.9309998,3.75,9.197666,2.441578,95.38242,0.0,12.08595091436888,0.5365659751655454
2019-07-11 00:00:00+00:00,-35.54333,-72.09444,210.0,open-meteo_ecmwf_ifs,daily,13.681,7.831,7.31,8.716416,1.106695,88.43745,0.1,12.14941258204961,0.7463945145803529
2019-07-12 00:00:00+00:00,-35.54333,-72.09444,210.0,open-meteo_ecmwf_ifs,daily,13.881,2.381,9.71,5.5414176,1.1071926,89.57996,0.0,12.216091203356125,0.7422287600575973
2019-07-13 00:00:00+00:00,-35.54333,-72.09444,210.0,open-meteo_ecmwf_ifs,daily,14.531,5.081,9.13,6.8059993,1.528995,90.3626,4.4,12.28597146976359,0.867258879195014
2019-07-14 00:00:00+00:00,-35.54333,-72.09444,210.0,open-meteo_ecmwf_ifs,daily,14.081,4.131,8.69,6.091416,1.6785523,81.89584,0.0,12.359037181532612,0.8627647362113443
2019-07-15 00:00:00+00:00,-35.54333,-72.09444,210.0,open-meteo_ecmwf_ifs,daily,14.281,4.981,11.51,4.985167,3.5896347,78.38112,0.0,12.435271226500248,1.3594091635519026
2019-07-16 00:00:00+00:00,-35.54333,-72.09444,210.0,open-meteo_ecmwf_ifs,daily,14.181,4.331,9.5,3.8789167,1.9806217,70.94155,0.0,12.514655558846759,1.138391292143468
2019-07-17 00:00:00+00:00,-35.54333,-72.09444,210.0,open-meteo_ecmwf_ifs,daily,13.231,6.631,2.83,8.487249,2.1541555,92.238304,2.9,12.597171177949795,0.6562361559681076
2019-07-18 00:00:00+00:00,-35.54333,-72.09444,210.0,open-meteo_ecmwf_ifs,daily,12.181,3.8309999,12.36,4.703917,3.3855221,81.87713,1.3,12.682798107437494,1.0969942253645375
2019-07-19 00:00:00+00:00,-35.54333,-72.09444,210.0,open-meteo_ecmwf_ifs,daily,11.581,0.88100004,8.55,2.5059998,1.9925691,81.2588,0.0,12.771515374551324,0.8958522215445699
2019-07-20 00:00:00+00:00,-35.54333,-72.09444,210.0,open-meteo_ecmwf_ifs,daily,12.281,3.981,4.96,6.1164165,3.0680053,88.54833,0.0,12.863300989927865,0.7871092615398833
2019-07-21 00:00:00+00:00,-35.54333,-72.09444,210.0,open-meteo_ecmwf_ifs,daily,10.581,4.281,9.22,6.2893333,3.918958,86.90516,21.8,12.958131927907768,0.7131468963971858
2019-07-22 00:00:00+00:00,-35.54333,-72.09444,210.0,open-meteo_ecmwf_ifs,daily,10.481,1.431,11.41,3.166417,2.64558,84.61581,0.0,13.055984107477514,0.912476813887999
2019-07-23 00:00:00+00:00,-35.54333,-72.09444,210.0,open-meteo_ecmwf_ifs,daily,9.881,0.431,12.77,0.9226666,3.804553,76.79872,0.0,13.156832373947514,1.174372668164468
2019-07-24 00:00:00+00:00,-35.54333,-72.09444,210.0,open-meteo_ecmwf_ifs,daily,12.581,-0.269,12.65,1.7685,2.0100262,81.181946,0.0,13.260650481467414,1.047700261834253
2019-07-25 00:00:00+00:00,-35.54333,-72.09444,210.0,open-meteo_ecmwf_ifs,daily,11.481,3.8309999,5.31,5.387249,2.8098547,86.37897,0.6,13.367411076476118,0.8257370407809798
2019-07-26 00:00:00+00:00,-35.54333,-72.09444,210.0,open-meteo_ecmwf_ifs,daily,13.581,5.4309998,10.82,6.4726663,1.9744663,86.42661,0.0,13.47708568218097,1.0548971396712363
2019-07-27 00:00:00+00:00,-35.54333,-72.09444,210.0,open-meteo_ecmwf_ifs,daily,14.131,4.781,7.47,6.2309995,1.7220486,86.79482,0.0,13.589644684156724,0.968840581376427
2019-07-28 00:00:00+00:00,-35.54333,-72.09444,210.0,open-meteo_ecmwf_ifs,daily,11.881,6.881,4.19,8.058082,2.843469,94.60141,4.5,13.705057317151052,0.7115281210703926
2019-07-29 00:00:00+00:00,-35.54333,-72.09444,210.0,open-meteo_ecmwf_ifs,daily,15.181,9.631,6.0,9.658083,3.2363784,89.88613,7.7999988,13.823291653179197,1.1356700819187537
2019-07-30 00:00:00+00:00,-35.54333,-72.09444,210.0,open-meteo_ecmwf_ifs,daily,18.981,8.031,10.85,9.664334,1.6092143,84.9434,0.0,13.944314590985998,1.3007067351482753
2019-07-31 00:00:00+00:00,-35.54333,-72.09444,210.0,open-meteo_ecmwf_ifs,daily,13.281,8.031,11.51,8.243499,2.8993242,84.21902,0.2,14.068091846949022,1.1707676285418966
2019-08-01 00:00:00+00:00,-35.54333,-72.09444,210.0,open-meteo_ecmwf_ifs,daily,11.531,3.131,12.39,4.1080832,2.8081882,80.250336,0.2,14.19458794749178,1.1511284118810037
2019-08-02 00:00:00+00:00,-35.54333,-72.09444,210.0,open-meteo_ecmwf_ifs,daily,13.131,3.8309999,13.7,3.0143335,5.8496895,73.21911,0.0,14.323766223071045,1.8885004489736543
2019-08-03 00:00:00+00:00,-35.54333,-72.09444,210.0,open-meteo_ecmwf_ifs,daily,16.081001,3.631,13.63,3.9601667,3.5040143,73.32715,0.0,14.455588803797536,1.7685190660947558
2019-08-04 00:00:00+00:00,-35.54333,-72.09444,210.0,open-meteo_ecmwf_ifs,daily,17.781,4.581,13.9,6.1976666,2.138666,74.202484,0.0,14.59001661674371,1.5355142520970875
2019-08-05 00:00:00+00:00,-35.54333,-72.09444,210.0,open-meteo_ecmwf_ifs,daily,12.931,1.731,13.69,5.026833,2.195227,78.6244,0.0,14.727009384987745,1.096624221404358
2019-08-06 00:00:00+00:00,-35.54333,-72.09444,210.0,open-meteo_ecmwf_ifs,daily,12.331,6.1809998,10.66,5.803917,2.4640794,80.89019,0.9000001,14.866525628436978,1.24522379075491
2019-08-07 00:00:00+00:00,-35.54333,-72.09444,210.0,open-meteo_ecmwf_ifs,daily,11.831,4.181,14.5,2.731,5.6896267,73.38511,0.0,15.008522666469,1.8680039338311634
2019-08-08 00:00:00+00:00,-35.54333,-72.09444,210.0,open-meteo_ecmwf_ifs,daily,11.531,1.181,14.31,2.6851666,2.976321,80.14738,0.0,15.152956622423318,1.2969507268852563
2019-08-09 00:00:00+00:00,-35.54333,-72.09444,210.0,open-meteo_ecmwf_ifs,daily,11.881,0.781,14.17,2.8226664,1.816121,83.454994,0.0,15.299782429970788,1.2011014268260012
2019-08-10 00:00:00+00:00,-35.54333,-72.09444,210.0,open-meteo_ecmwf_ifs,daily,10.681,2.181,7.52,3.4226663,2.028748,83.60723,0.0,15.448953841382767,0.9730154081428836
2019-08-11 00:00:00+00:00,-35.54333,-72.09444,210.0,open-meteo_ecmwf_ifs,daily,11.781,3.881,9.53,5.9185004,1.8903527,88.10828,1.4000001,15.60042343771656,0.9877270415724527
2019-08-12 00:00:00+00:00,-35.54333,-72.09444,210.0,open-meteo_ecmwf_ifs,daily,13.381,2.181,13.98,4.997667,2.8837774,87.23565,0.0,15.754142640928102,1.2943431898757063
2019-08-13 00:00:00+00:00,-35.54333,-72.09444,210.0,open-meteo_ecmwf_ifs,daily,15.181,2.481,12.29,3.0976667,3.6449754,71.223946,0.0,15.91006172791757,1.781287713001449
2019-08-14 00:00:00+00:00,-35.54333,-72.09444,210.0,open-meteo_ecmwf_ifs,daily,15.931,4.981,13.9,6.2185,2.6908302,76.41446,0.0,16.06812984650826,1.636671105776064
2019-08-15 00:00:00+00:00,-35.54333,-72.09444,210.0,open-meteo_ecmwf_ifs,daily,15.231,8.731,12.19,8.812249,2.6306398,89.84469,0.0,16.22829503335349,1.523658033516348
2019-08-16 00:00:00+00:00,-35.54333,-72.09444,210.0,open-meteo_ecmwf_ifs,daily,12.331,7.1809998,7.82,7.003917,2.8937674,85.9332,0.6,16.390504233761373,1.185254920785367
2019-08-17 00:00:00+00:00,-35.54333,-72.09444,210.0,open-meteo_ecmwf_ifs,daily,12.731,7.781,6.86,8.503916,4.0891285,92.97677,11.500001,16.554703323421677,1.0355710712326711
2019-08-18 00:00:00+00:00,-35.54333,-72.09444,210.0,open-meteo_ecmwf_ifs,daily,14.431,6.4309998,12.16,7.4268327,1.6331782,89.52505,0.0,16.720837132014257,1.380887603054842
2019-08-19 00:00:00+00:00,-35.54333,-72.09444,210.0,open-meteo_ecmwf_ifs,daily,11.881,4.9309998,6.43,6.495583,1.4950461,88.22748,0.0,16.88884946867303,0.9163654698054885
2019-08-20 00:00:00+00:00,-35.54333,-72.09444,210.0,open-meteo_ecmwf_ifs,daily,19.181002,7.1809998,12.79,7.703915,1.6470699,78.51481,0.0,17.058683149274795,1.7807534373186888
2019-08-21 00:00:00+00:00,-35.54333,-72.09444,210.0,open-meteo_ecmwf_ifs,daily,14.981,7.231,8.52,6.9435005,2.1490288,78.757965,0.0,17.230280025517267,1.427706803380626
2019-08-22 00:00:00+00:00,-35.54333,-72.09444,210.0,open-meteo_ecmwf_ifs,daily,18.981,5.281,15.89,7.956,2.2858744,82.31194,0.0,17.403581015745665,1.8979011538901016
2019-08-23 00:00:00+00:00,-35.54333,-72.09444,210.0,open-meteo_ecmwf_ifs,daily,17.931002,6.531,14.06,7.0268326,1.5654467,72.657265,0.0,17.578526137482896,1.8011799960953074
2019-08-24 00:00:00+00:00,-35.54333,-72.09444,210.0,open-meteo_ecmwf_ifs,daily,18.381,6.581,13.74,8.281,1.9611903,78.76092,0.0,17.75505454161349,1.7942497036219767
2019-08-25 00:00:00+00:00,-35.54333,-72.09444,210.0,open-meteo_ecmwf_ifs,daily,18.181002,6.831,12.11,7.2830834,1.893401,75.56852,0.0,17.933104548167226,1.7978375606865922
2019-08-26 00:00:00+00:00,-35.54333,-72.09444,210.0,open-meteo_ecmwf_ifs,daily,14.781,9.531,2.49,9.481,1.5216293,86.16018,1.2,18.11261368364402,0.8983960763329494
2019-08-27 00:00:00+00:00,-35.54333,-72.09444,210.0,open-meteo_ecmwf_ifs,daily,20.981,9.381,11.67,11.681,1.2827784,91.338936,0.0,18.29351871981759,1.7047672264148224
2019-08-28 00:00:00+00:00,-35.54333,-72.09444,210.0,open-meteo_ecmwf_ifs,daily,17.831001,8.781,9.55,10.6935005,1.7021478,87.10505,0.0,18.475755713951184,1.4336095456252624
2019-08-29 00:00:00+00:00,-35.54333,-72.09444,210.0,open-meteo_ecmwf_ifs,daily,13.681,5.631,16.98,6.033083,3.8148315,76.122826,0.1,18.659260050355414,1.910315303621447
2019-08-30 00:00:00+00:00,-35.54333,-72.09444,210.0,open-meteo_ecmwf_ifs,daily,14.481,5.131,18.17,5.3830833,4.469509,78.194954,0.0,18.843966483213713,2.1601640832050126
2019-08-31 00:00:00+00:00,-35.54333,-72.09444,210.0,open-meteo_ecmwf_ifs,daily,15.081,5.081,18.6,4.153916,6.172774,71.16117,0.0,19.02980918059847,2.6266848894593005
2019-09-01 00:00:00+00:00,-35.54333,-72.09444,210.0,open-meteo_ecmwf_ifs,daily,15.181,2.981,19.12,2.978917,5.126407,69.71768,0.0,19.21672176959681,2.497978211521678
2019-09-02 00:00:00+00:00,-35.54333,-72.09444,210.0,open-meteo_ecmwf_ifs,daily,14.381,2.881,19.16,2.2393334,5.0661864,68.52926,0.0,19.404637382462262,2.509352282379673
2019-09-03 00:00:00+00:00,-35.54333,-72.09444,210.0,open-meteo_ecmwf_ifs,daily,15.531,1.5810001,19.31,1.4810001,2.1963904,63.471836,0.0,19.59348870370589,2.234969797628205
2019-09-04 00:00:00+00:00,-35.54333,-72.09444,210.0,open-meteo_ecmwf_ifs,daily,17.431002,5.4309998,13.13,5.7309995,2.2420485,77.673805,0.0,19.783208018037218,2.0124235641650214
2019-09-05 00:00:00+00:00,-35.54333,-72.09444,210.0,open-meteo_ecmwf_ifs,daily,11.631,8.431,5.35,8.685166,4.390267,91.600105,10.5,19.97372725906345,0.9451105996713016
2019-09-06 00:00:00+00:00,-35.54333,-72.09444,210.0,open-meteo_ecmwf_ifs,daily,11.831,7.481,3.83,9.128917,1.3182691,96.29377,7.2999997,20.16497805865303,0.7360234210810556
2019-09-07 00:00:00+00:00,-35.54333,-72.09444,210.0,open-meteo_ecmwf_ifs,daily,12.881,7.881,9.73,6.7643332,1.182546,82.981,0.3,20.35689179686736,1.4335574206512545
2019-09-08 00:00:00+00:00,-35.54333,-72.09444,210.0,open-meteo_ecmwf_ifs,daily,12.281,2.231,15.89,3.7789166,2.4203062,81.37494,0.0,20.54939965236335,1.7234062547613247
2019-09-09 00:00:00+00:00,-35.54333,-72.09444,210.0,open-meteo_ecmwf_ifs,daily,10.881,7.731,4.8,6.8247495,5.4784164,88.57406,42.5,20.742432653167263,1.1980781492159363
2019-09-10 00:00:00+00:00,-35.54333,-72.09444,210.0,open-meteo_ecmwf_ifs,daily,15.081,4.9309998,15.8,6.7309995,2.228042,81.970406,3.2999997,20.93592172771996,1.8954496131180607
2019-09-11 00:00:00+00:00,-35.54333,-72.09444,210.0,open-meteo_ecmwf_ifs,daily,15.231,6.831,14.23,7.339333,1.5730729,82.00582,1.0000001,21.12979775609176,1.86830497640951
2019-09-12 00:00:00+00:00,-35.54333,-72.09444,210.0,open-meteo_ecmwf_ifs,daily,17.531,5.031,20.4,6.2372494,3.0483668,77.35392,0.0,21.32399162126505,2.5748038534058044
2019-09-13 00:00:00+00:00,-35.54333,-72.09444,210.0,open-meteo_ecmwf_ifs,daily,19.031,6.331,20.14,7.9935,2.607173,75.66564,0.0,21.518434260382374,2.6198512381346832
2019-09-14 00:00:00+00:00,-35.54333,-72.09444,210.0,open-meteo_ecmwf_ifs,daily,12.981,8.881,5.31,9.533084,2.3813539,91.03854,1.5000001,21.713056715856975,1.0001503425109262
2019-09-15 00:00:00+00:00,-35.54333,-72.09444,210.0,open-meteo_ecmwf_ifs,daily,12.131,6.031,12.04,6.7143326,2.4986408,86.42466,2.1999998,21.907790186243645,1.53212127337162
2019-09-16 00:00:00+00:00,-35.54333,-72.09444,210.0,open-meteo_ecmwf_ifs,daily,14.931,3.781,21.85,3.3372498,5.8079395,72.652725,0.0,22.102566076767665,2.8585277077371107
2019-09-17 00:00:00+00:00,-35.54333,-72.09444,210.0,open-meteo_ecmwf_ifs,daily,15.681,2.981,20.26,4.901833,3.2617958,72.40072,0.0,22.297316049410306,2.382280677819426
2019-09-18 00:00:00+00:00,-35.54333,-72.09444,210.0,open-meteo_ecmwf_ifs,daily,15.831,5.4309998,19.81,6.737251,2.76202,83.090034,0.0,22.49197207245074,2.3925481717308927
2019-09-19 00:00:00+00:00,-35.54333,-72.09444,210.0,open-meteo_ecmwf_ifs,daily,12.481,3.981,22.36,2.8914163,6.269363,69.369064,0.0,22.686466469364774,2.6743782058817764
2019-09-20 00:00:00+00:00,-35.54333,-72.09444,210.0,open-meteo_ecmwf_ifs,daily,14.231,3.731,22.63,3.4060001,4.9597216,71.81582,0.0,22.88073196698318,2.770348248375187
2019-09-21 00:00:00+00:00,-35.54333,-72.09444,210.0,open-meteo_ecmwf_ifs,daily,17.031,4.881,22.57,4.497666,6.0080323,69.745674,0.0,23.074701742813488,3.240668183911904
2019-09-22 00:00:00+00:00,-35.54333,-72.09444,210.0,open-meteo_ecmwf_ifs,daily,19.631,3.881,22.65,6.5455832,2.8316243,75.183205,0.0,23.26830947143153,2.9064552393421246
2019-09-23 00:00:00+00:00,-35.54333,-72.09444,210.0,open-meteo_ecmwf_ifs,daily,18.081001,5.781,21.99,9.0685,2.2175224,83.667206,0.0,23.46148936985155,2.606707860184831
2019-09-24 00:00:00+00:00,-35.54333,-72.09444,210.0,open-meteo_ecmwf_ifs,daily,22.081001,8.581,20.51,10.072666,1.6249405,80.13479,0.0,23.6541762417859,2.9891965660862723
2019-09-25 00:00:00+00:00,-35.54333,-72.09444,210.0,open-meteo_ecmwf_ifs,daily,22.381,9.581,19.14,12.345582,1.5422415,87.27825,0.0,23.846305520708682,2.8044665547358765
2019-09-26 00:00:00+00:00,-35.54333,-72.09444,210.0,open-meteo_ecmwf_ifs,daily,18.631,11.431,13.34,12.3685,1.7864517,90.58862,0.0,24.03781331164057,2.097003893275785
2019-09-27 00:00:00+00:00,-35.54333,-72.09444,210.0,open-meteo_ecmwf_ifs,daily,15.631,9.381,13.72,8.539332,3.9372222,81.38734,0.6,24.228636431575595,2.2711936352245057
2019-09-28 00:00:00+00:00,-35.54333,-72.09444,210.0,open-meteo_ecmwf_ifs,daily,19.431002,5.581,22.49,8.493501,1.7687097,85.73257,0.0,24.4187124484744,2.87223708830205
2019-09-29 00:00:00+00:00,-35.54333,-72.09444,210.0,open-meteo_ecmwf_ifs,daily,17.331001,5.081,19.13,8.091416,2.5268404,81.46057,0.0,24.607979718752073,2.4046290509127832
2019-09-30 00:00:00+00:00,-35.54333,-72.09444,210.0,open-meteo_ecmwf_ifs,daily,11.931,7.831,12.9,6.37475,2.9170847,79.1988,2.1000001,24.796377423193224,1.9067948625779774
2019-10-01 00:00:00+00:00,-35.54333,-72.09444,210.0,open-meteo_ecmwf_ifs,daily,12.331,3.731,16.04,4.733083,1.776795,82.895905,2.5,24.983845601231014,1.9592339628397548
2019-10-02 00:00:00+00:00,-35.54333,-72.09444,210.0,open-meteo_ecmwf_ifs,daily,12.931,2.131,15.71,4.0122495,1.6740571,80.34518,0.0,25.17032518353129,1.9237801324464612
2019-10-03 00:00:00+00:00,-35.54333,-72.09444,210.0,open-meteo_ecmwf_ifs,daily,13.531,2.781,20.13,3.9768336,2.0786755,76.171,0.6,25.355758022828134,2.3678161886676965
2019-10-04 00:00:00+00:00,-35.54333,-72.09444,210.0,open-meteo_ecmwf_ifs,daily,15.531,4.6809998,24.79,4.7184997,3.9988396,75.59219,0.0,25.540086922961528,3.097555463712124
2019-10-05 00:00:00+00:00,-35.54333,-72.09444,210.0,open-meteo_ecmwf_ifs,daily,16.781,3.531,21.61,4.4684997,2.7481406,71.84322,0.0,25.72325566607329,2.86325015838424
2019-10-06 00:00:00+00:00,-35.54333,-72.09444,210.0,open-meteo_ecmwf_ifs,daily,20.181002,4.731,23.28,6.895584,2.237352,77.161,0.0,25.905209037922447,3.186205460748299
2019-10-07 00:00:00+00:00,-35.54333,-72.09444,210.0,open-meteo_ecmwf_ifs,daily,18.431002,9.731,24.12,9.539333,3.0621908,79.87824,0.0,26.085892851286438,3.379104301937321
2019-10-08 00:00:00+00:00,-35.54333,-72.09444,210.0,open-meteo_ecmwf_ifs,daily,20.381,6.1809998,23.01,4.851833,4.3646007,59.547413,0.0,26.265253967420477,3.908499071991869
2019-10-09 00:00:00+00:00,-35.54333,-72.09444,210.0,open-meteo_ecmwf_ifs,daily,23.581001,9.331,24.06,7.028917,3.5962327,55.84198,0.0,26.44324031555218,4.418765877255887
2019-10-10 00:00:00+00:00,-35.54333,-72.09444,210.0,open-meteo_ecmwf_ifs,daily,23.581001,11.731,16.74,10.220584,1.8565854,67.1672,0.0,26.61980091039493,3.2166918057097846
2019-10-11 00:00:00+00:00,-35.54333,-72.09444,210.0,open-meteo_ecmwf_ifs,daily,18.131,10.831,7.83,9.076833,1.429536,71.22023,0.0,26.79488586766863,1.828743774742003
2019-10-12 00:00:00+00:00,-35.54333,-72.09444,210.0,open-meteo_ecmwf_ifs,daily,19.731,9.481,20.76,8.26225,1.7384177,70.97929,0.0,26.968446417622328,3.2441633995648753
2019-10-13 00:00:00+00:00,-35.54333,-72.09444,210.0,open-meteo_ecmwf_ifs,daily,22.981,9.031,22.28,8.283084,3.038849,65.54426,0.0,27.14043491655915,3.9161237189350624
2019-10-14 00:00:00+00:00,-35.54333,-72.09444,210.0,open-meteo_ecmwf_ifs,daily,17.981,10.281,15.37,9.94975,4.176167,76.44923,5.2,27.31080485636919,2.6930435298998074
2019-10-15 00:00:00+00:00,-35.54333,-72.09444,210.0,open-meteo_ecmwf_ifs,daily,17.781,10.131,19.82,9.072667,3.7906399,74.94259,4.1,27.479510872082326,3.1609568771379224
2019-10-16 00:00:00+00:00,-35.54333,-72.09444,210.0,open-meteo_ecmwf_ifs,daily,16.731,5.531,17.29,7.235167,2.264332,78.39811,0.1,27.64650874745808,2.466701914903581
2019-10-17 00:00:00+00:00,-35.54333,-72.09444,210.0,open-meteo_ecmwf_ifs,daily,17.731,8.881,20.12,6.403916,2.5330524,69.00923,0.0,27.81175541863539,3.2780401263773338
2019-10-18 00:00:00+00:00,-35.54333,-72.09444,210.0,open-meteo_ecmwf_ifs,daily,22.081001,6.531,27.4,7.2601657,2.7146738,69.061775,0.0,27.975208975870853,4.081412354250412
2019-10-19 00:00:00+00:00,-35.54333,-72.09444,210.0,open-meteo_ecmwf_ifs,daily,16.281,9.531,18.01,9.266416,2.6376817,78.80479,0.2,28.136828663398948,2.6783978056756954
2019-10-20 00:00:00+00:00,-35.54333,-72.09444,210.0,open-meteo_ecmwf_ifs,daily,17.681002,6.381,23.1,6.941416,2.4162526,78.271675,0.0,28.29657487745349,3.221106656123988
2019-10-21 00:00:00+00:00,-35.54333,-72.09444,210.0,open-meteo_ecmwf_ifs,daily,19.231,7.481,27.12,6.0643334,4.5097504,67.40301,0.0,28.45440916249429,4.176733855773408
2019-10-22 00:00:00+00:00,-35.54333,-72.09444,210.0,open-meteo_ecmwf_ifs,daily,22.031,5.9309998,28.85,4.026833,4.94313,55.361496,0.0,28.61029420568812,4.878078051448087
2019-10-23 00:00:00+00:00,-35.54333,-72.09444,210.0,open-meteo_ecmwf_ifs,daily,23.931002,5.381,28.35,7.476832,1.9861703,65.66973,0.0,28.764193829697703,4.182882115035825
2019-10-24 00:00:00+00:00,-35.54333,-72.09444,210.0,open-meteo_ecmwf_ifs,daily,22.581001,9.831,26.77,7.4080834,1.8359786,61.99713,0.0,28.91607298383716,4.309805941535238
2019-10-25 00:00:00+00:00,-35.54333,-72.09444,210.0,open-meteo_ecmwf_ifs,daily,23.581001,7.4309998,24.42,5.4080834,2.3653505,58.13711,0.0,29.065897733656318,4.232989697230381
2019-10-26 00:00:00+00:00,-35.54333,-72.09444,210.0,open-meteo_ecmwf_ifs,daily,21.181002,11.231,22.93,10.2185,2.298332,71.241714,1.2,29.21363524902068,3.7936062517899507
2019-10-27 00:00:00+00:00,-35.54333,-72.09444,210.0,open-meteo_ecmwf_ifs,daily,17.581001,10.781,14.96,9.51225,2.4834068,78.81876,0.5,29.359253790757233,2.6700874265048147
2019-10-28 00:00:00+00:00,-35.54333,-72.09444,210.0,open-meteo_ecmwf_ifs,daily,16.481,6.381,27.0,6.508083,3.632623,74.036514,0.8,29.502722695940225,3.539859264835544
2019-10-29 00:00:00+00:00,-35.54333,-72.09444,210.0,open-meteo_ecmwf_ifs,daily,16.631,10.381,23.45,7.9830832,3.5209267,75.68921,4.2,29.644012361893566,3.598180059804425
2019-10-30 00:00:00+00:00,-35.54333,-72.09444,210.0,open-meteo_ecmwf_ifs,daily,21.581001,6.631,29.89,6.393501,2.7999713,68.39229,0.0,29.78309422899018,4.468003934793893
2019-10-31 00:00:00+00:00,-35.54333,-72.09444,210.0,open-meteo_ecmwf_ifs,daily,20.981,6.481,25.31,4.8393335,2.1688204,60.027313,0.0,29.919940762330288,4.008284486309371
2019-11-01 00:00:00+00:00,-35.54333,-72.09444,210.0,open-meteo_ecmwf_ifs,daily,17.731,8.281,20.25,8.356,3.413594,76.386086,1.7,30.054525432383418,3.1339296722243604
2019-11-02 00:00:00+00:00,-35.54333,-72.09444,210.0,open-meteo_ecmwf_ifs,daily,21.731,7.781,30.79,5.1914163,5.406351,61.623363,0.0,30.18682269468058,5.25156691403388
2019-11-03 00:00:00+00:00,-35.54333,-72.09444,210.0,open-meteo_ecmwf_ifs,daily,21.931002,7.531,29.96,6.8289165,4.1773725,64.71808,0.0,30.31680796864411,4.77574786342782
2019-11-04 00:00:00+00:00,-35.54333,-72.09444,210.0,open-meteo_ecmwf_ifs,daily,17.881,8.781,13.18,8.383082,2.1401973,76.301895,0.7,30.444457615644613,2.455648556203201
2019-11-05 00:00:00+00:00,-35.54333,-72.09444,210.0,open-meteo_ecmwf_ifs,daily,24.031,7.631,31.01,4.5518327,4.506343,56.338062,0.0,30.569748916374078,5.589639727028046
2019-11-06 00:00:00+00:00,-35.54333,-72.09444,210.0,open-meteo_ecmwf_ifs,daily,27.031,8.831,30.71,7.64975,3.8539493,55.657352,0.0,30.692660047625417,5.666932789799333
2019-11-07 00:00:00+00:00,-35.54333,-72.09444,210.0,open-meteo_ecmwf_ifs,daily,26.781,9.281,29.89,8.197665,4.831979,56.119324,0.0,30.81317005856824,5.754871277296257
2019-11-08 00:00:00+00:00,-35.54333,-72.09444,210.0,open-meteo_ecmwf_ifs,daily,27.681002,12.981,27.42,5.310166,4.7089267,41.55206,0.0,30.931258846610106,6.666001882174778
2019-11-09 00:00:00+00:00,-35.54333,-72.09444,210.0,open-meteo_ecmwf_ifs,daily,30.381,12.681,31.05,5.5330844,4.4070725,40.46757,0.0,31.04690713293191,7.221817953018259
2019-11-10 00:00:00+00:00,-35.54333,-72.09444,210.0,open-meteo_ecmwf_ifs,daily,31.531,13.781,30.72,8.945582,3.9907656,46.177372,0.0,31.160096437784897,6.98602111958841
2019-11-11 00:00:00+00:00,-35.54333,-72.09444,210.0,open-meteo_ecmwf_ifs,daily,25.431002,14.581,28.66,12.831,3.0986583,62.21729,0.0,31.27080905563461,5.270118916517463
2019-11-12 00:00:00+00:00,-35.54333,-72.09444,210.0,open-meteo_ecmwf_ifs,daily,26.731,13.281,29.3,12.678917,1.915698,67.47598,0.0,31.37902803023615,5.162280771092723
2019-11-13 00:00:00+00:00,-35.54333,-72.09444,210.0,open-meteo_ecmwf_ifs,daily,28.281,13.581,30.46,9.353916,3.3260539,54.80811,0.0,31.484737129721793,6.201815998799575
2019-11-14 00:00:00+00:00,-35.54333,-72.09444,210.0,open-meteo_ecmwf_ifs,daily,28.781,14.631,29.44,8.026834,3.9707556,45.68147,0.0,31.587920821780237,6.702416708849648
2019-11-15 00:00:00+00:00,-35.54333,-72.09444,210.0,open-meteo_ecmwf_ifs,daily,28.331001,13.581,29.84,11.970584,3.2498696,59.62189,0.0,31.68856424900306,5.833593340885998
2019-11-16 00:00:00+00:00,-35.54333,-72.09444,210.0,open-meteo_ecmwf_ifs,daily,25.981,12.881,31.81,10.1185,3.1532822,61.520237,0.0,31.78665320447153,5.828357376897326
2019-11-17 00:00:00+00:00,-35.54333,-72.09444,210.0,open-meteo_ecmwf_ifs,daily,25.281,9.131,31.08,7.4705834,3.1033046,60.688496,0.0,31.882174107652656,5.4313859518686325
2019-11-18 00:00:00+00:00,-35.54333,-72.09444,210.0,open-meteo_ecmwf_ifs,daily,30.431002,12.281,32.28,6.006,5.267427,46.147293,0.0,31.975113980670134,7.6339112261835025
2019-11-19 00:00:00+00:00,-35.54333,-72.09444,210.0,open-meteo_ecmwf_ifs,daily,31.331001,14.531,32.01,4.7580833,4.4898214,33.471478,0.0,32.0654604250116,7.920520549885993
2019-11-20 00:00:00+00:00,-35.54333,-72.09444,210.0,open-meteo_ecmwf_ifs,daily,30.631,12.631,31.67,9.541415,3.733113,52.758152,0.0,32.15320159872959,6.6872178788802765
2019-11-21 00:00:00+00:00,-35.54333,-72.09444,210.0,open-meteo_ecmwf_ifs,daily,30.831001,13.531,32.17,5.966416,4.155986,39.352333,0.0,32.23832619418905,7.453005694108809
2019-11-22 00:00:00+00:00,-35.54333,-72.09444,210.0,open-meteo_ecmwf_ifs,daily,26.881,12.281,26.11,9.722667,2.5113351,55.691772,0.0,32.320823416410164,5.137472189108579
2019-11-23 00:00:00+00:00,-35.54333,-72.09444,210.0,open-meteo_ecmwf_ifs,daily,19.931002,12.481,17.23,10.522666,3.7440643,72.586754,0.0,32.40068296205024,3.467617725806835
2019-11-24 00:00:00+00:00,-35.54333,-72.09444,210.0,open-meteo_ecmwf_ifs,daily,21.931002,9.631,25.12,9.758084,2.7435477,71.78428,0.0,32.47789499906405,4.171072977502557
2019-11-25 00:00:00+00:00,-35.54333,-72.09444,210.0,open-meteo_ecmwf_ifs,daily,19.231,10.381,25.53,6.1580844,3.3174658,61.58595,0.0,32.55245014707751,4.489564903937405
2019-11-26 00:00:00+00:00,-35.54333,-72.09444,210.0,open-meteo_ecmwf_ifs,daily,21.081001,7.381,33.18,1.56225,4.4298053,48.288433,0.0,32.624339458504394,5.742239025234605
2019-11-27 00:00:00+00:00,-35.54333,-72.09444,210.0,open-meteo_ecmwf_ifs,daily,24.981,8.881,32.95,2.8372498,5.64827,44.268864,0.0,32.6935544004319,6.721404371156477
2019-11-28 00:00:00+00:00,-35.54333,-72.09444,210.0,open-meteo_ecmwf_ifs,daily,25.031,10.181,30.05,5.1309996,4.091088,47.21448,0.0,32.7600868372959,6.000578954676881
2019-11-29 00:00:00+00:00,-35.54333,-72.09444,210.0,open-meteo_ecmwf_ifs,daily,23.681002,9.431,29.3,7.131,2.7137268,58.870434,0.0,32.82392901436218,5.093595161968508
2019-11-30 00:00:00+00:00,-35.54333,-72.09444,210.0,open-meteo_ecmwf_ifs,daily,27.331001,10.381,33.3,3.9580834,5.3587627,44.575455,0.0,32.88507354202644,7.211100663762231
2019-12-01 00:00:00+00:00,-35.54333,-72.09444,210.0,open-meteo_ecmwf_ifs,daily,27.631,11.281,32.37,8.635166,3.0206397,51.167892,0.0,32.94351338094096,6.085568981236668
2019-12-02 00:00:00+00:00,-35.54333,-72.09444,210.0,open-meteo_ecmwf_ifs,daily,27.581001,13.781,26.15,8.489333,3.7090282,50.0421,0.0,32.99924182797252,5.992355287029421
2019-12-03 00:00:00+00:00,-35.54333,-72.09444,210.0,open-meteo_ecmwf_ifs,daily,25.031,11.331,33.74,4.783083,6.520441,45.25246,0.0,33.0522525029924,7.183979105832923
2019-12-04 00:00:00+00:00,-35.54333,-72.09444,210.0,open-meteo_ecmwf_ifs,daily,29.931002,10.181,33.71,3.0664167,4.686445,38.934914,0.0,33.10253933649588,7.524915948325309
2019-12-05 00:00:00+00:00,-35.54333,-72.09444,210.0,open-meteo_ecmwf_ifs,daily,29.131,13.531,33.25,6.035167,5.0430527,40.541332,0.0,33.15009655804609,7.709612472816587
2019-12-06 00:00:00+00:00,-35.54333,-72.09444,210.0,open-meteo_ecmwf_ifs,daily,27.881,12.831,33.06,8.141417,4.709767,49.04967,0.0,33.19491868553368,6.972677995140388
2019-12-07 00:00:00+00:00,-35.54333,-72.09444,210.0,open-meteo_ecmwf_ifs,daily,27.881,12.381,32.45,10.024751,2.6473267,59.571507,0.0,33.23700051524208,6.056890175704369
2019-12-08 00:00:00+00:00,-35.54333,-72.09444,210.0,open-meteo_ecmwf_ifs,daily,29.881,13.131,33.46,8.687249,2.9888194,50.29793,0.0,33.276337112705896,6.741495419130586
2019-12-09 00:00:00+00:00,-35.54333,-72.09444,210.0,open-meteo_ecmwf_ifs,daily,28.931002,12.581,33.1,9.868499,2.3978093,54.67543,0.0,33.312923804348166,6.224625123813959
2019-12-10 00:00:00+00:00,-35.54333,-72.09444,210.0,open-meteo_ecmwf_ifs,daily,27.331001,11.531,31.16,9.491416,2.4024181,57.780773,0.0,33.34675616988148,5.725505260485557
2019-12-11 00:00:00+00:00,-35.54333,-72.09444,210.0,open-meteo_ecmwf_ifs,daily,26.581001,10.781,33.06,8.839334,3.3565,58.752773,0.0,33.37783003545644,6.0333601487028234
2019-12-12 00:00:00+00:00,-35.54333,-72.09444,210.0,open-meteo_ecmwf_ifs,daily,29.081001,10.931,34.12,1.156,5.2694535,34.36869,0.0,33.40614146754114,7.986433777567094
2019-12-13 00:00:00+00:00,-35.54333,-72.09444,210.0,open-meteo_ecmwf_ifs,daily,26.181002,14.231,24.29,4.520583,3.2556887,37.732544,0.1,33.43168676751456,5.9135088553313935
2019-12-14 00:00:00+00:00,-35.54333,-72.09444,210.0,open-meteo_ecmwf_ifs,daily,25.281,13.581,29.73,9.645583,3.791478,62.41219,2.4,33.4544624669577,5.903151483268945
2019-12-15 00:00:00+00:00,-35.54333,-72.09444,210.0,open-meteo_ecmwf_ifs,daily,27.131,11.781,33.89,4.9997506,5.014766,46.115192,0.0,33.474465323626085,7.271295591104076
2019-12-16 00:00:00+00:00,-35.54333,-72.09444,210.0,open-meteo_ecmwf_ifs,daily,27.931002,11.081,34.05,6.1518326,5.840997,47.030273,0.0,33.49169231808882,7.370755092772982
2019-12-17 00:00:00+00:00,-35.54333,-72.09444,210.0,open-meteo_ecmwf_ifs,daily,29.231,12.681,33.31,6.1476665,5.308261,41.355488,0.0,33.50614065102031,7.684371886641514
2019-12-18 00:00:00+00:00,-35.54333,-72.09444,210.0,open-meteo_ecmwf_ifs,daily,28.781,16.481,29.87,10.887249,4.0165925,50.457294,0.0,33.517807741132,6.807119908431912
2019-12-19 00:00:00+00:00,-35.54333,-72.09444,210.0,open-meteo_ecmwf_ifs,daily,25.081001,14.381,20.37,11.716415,3.5137455,63.509,1.3000001,33.52669122373365,4.6019353490544335
2019-12-20 00:00:00+00:00,-35.54333,-72.09444,210.0,open-meteo_ecmwf_ifs,daily,27.181002,11.631,34.0,6.518501,4.467251,48.8576,0.0,33.53278894991509,6.91635797693643
2019-12-21 00:00:00+00:00,-35.54333,-72.09444,210.0,open-meteo_ecmwf_ifs,daily,30.231,12.231,34.21,4.876834,4.989245,39.731094,0.0,33.53609898634183,7.907984160069078
2019-12-22 00:00:00+00:00,-35.54333,-72.09444,210.0,open-meteo_ecmwf_ifs,daily,31.831001,14.531,33.45,7.9122505,4.9229226,41.80451,0.0,33.536619615659895,8.102668287473223
2019-12-23 00:00:00+00:00,-35.54333,-72.09444,210.0,open-meteo_ecmwf_ifs,daily,33.281,16.481,33.57,10.530999,5.566204,44.916706,0.0,33.53434933750738,8.616980045586864
2019-12-24 00:00:00+00:00,-35.54333,-72.09444,210.0,open-meteo_ecmwf_ifs,daily,24.381,15.681,26.36,12.706001,3.9844275,66.67559,1.0,33.529286870133056,5.287284987245442
2019-12-25 00:00:00+00:00,-35.54333,-72.09444,210.0,open-meteo_ecmwf_ifs,daily,26.881,10.081,34.28,2.5497496,5.179156,38.320827,0.0,33.52143115262401,7.3225401654776485
2019-12-26 00:00:00+00:00,-35.54333,-72.09444,210.0,open-meteo_ecmwf_ifs,daily,29.481,11.581,33.86,5.722667,3.6133468,42.9245,0.0,33.51078134774712,7.035871812187728
2019-12-27 00:00:00+00:00,-35.54333,-72.09444,210.0,open-meteo_ecmwf_ifs,daily,30.481,13.831,33.39,6.3351665,3.1662667,40.10737,0.0,33.49733684541096,7.167025314978303
2019-12-28 00:00:00+00:00,-35.54333,-72.09444,210.0,open-meteo_ecmwf_ifs,daily,31.881,15.181,32.29,11.39975,4.15593,53.1635,0.0,33.48109726675721,7.3430284028073265
2019-12-29 00:00:00+00:00,-35.54333,-72.09444,210.0,open-meteo_ecmwf_ifs,daily,32.031,16.581001,32.85,10.7664175,3.466802,47.691498,0.0,33.46206246889196,7.441325197439249
2019-12-30 00:00:00+00:00,-35.54333,-72.09444,210.0,open-meteo_ecmwf_ifs,daily,31.731,14.031,33.4,6.7122498,3.782257,41.13729,0.0,33.44023255026975,7.621666682664146
2019-12-31 00:00:00+00:00,-35.54333,-72.09444,210.0,open-meteo_ecmwf_ifs,daily,33.631,14.381,33.76,8.151833,3.8423312,41.166492,0.0,33.4156078567438,7.875618606485934
2020-01-01 00:00:00+00:00,-35.54333,-72.09444,210.0,open-meteo_ecmwf_ifs,daily,29.031,16.431,33.4,10.622666,2.7452765,47.371716,0.0,33.388188988297905,6.804191021213726
2020-01-02 00:00:00+00:00,-35.54333,-72.09444,210.0,open-meteo_ecmwf_ifs,daily,31.781,13.131,33.21,10.520582,1.8338293,55.027943,0.0,33.357976806475705,6.350352378791729
2020-01-03 00:00:00+00:00,-35.54333,-72.09444,210.0,open-meteo_ecmwf_ifs,daily,32.181,16.031,33.11,11.278916,3.092281,50.289658,0.0,33.32497244252389,7.198055485180391
2020-01-04 00:00:00+00:00,-35.54333,-72.09444,210.0,open-meteo_ecmwf_ifs,daily,32.781,16.831001,33.21,10.322666,5.3767877,46.46593,0.0,33.28917730626627,8.492667866802444
2020-01-05 00:00:00+00:00,-35.54333,-72.09444,210.0,open-meteo_ecmwf_ifs,daily,24.381,12.781,32.36,6.339334,4.74023,44.375904,0.0,33.2505930957252,6.569071700082049
2020-01-06 00:00:00+00:00,-35.54333,-72.09444,210.0,open-meteo_ecmwf_ifs,daily,25.981,11.131,32.99,7.9393325,3.6191082,56.365658,0.0,33.20922180750641,6.1424007395779645
2020-01-07 00:00:00+00:00,-35.54333,-72.09444,210.0,open-meteo_ecmwf_ifs,daily,26.731,13.081,28.17,6.745583,2.5791087,46.808376,0.0,33.16506574796276,5.75465001988525
2020-01-08 00:00:00+00:00,-35.54333,-72.09444,210.0,open-meteo_ecmwf_ifs,daily,21.531,11.981,18.85,10.533082,3.7919474,70.86235,0.2,33.11812754515055,3.814946890629399
2020-01-09 00:00:00+00:00,-35.54333,-72.09444,210.0,open-meteo_ecmwf_ifs,daily,25.481,12.731,32.95,8.5435,3.207925,58.098663,0.0,33.068410161590975,6.122872573764924
2020-01-10 00:00:00+00:00,-35.54333,-72.09444,210.0,open-meteo_ecmwf_ifs,daily,29.031,12.181,33.39,6.7643332,4.896919,48.72954,0.0,33.01591690784685,7.322451244343472
2020-01-11 00:00:00+00:00,-35.54333,-72.09444,210.0,open-meteo_ecmwf_ifs,daily,31.081001,12.831,33.4,8.29975,4.2285414,47.14297,0.0,32.96065145692262,7.341483743570924
2020-01-12 00:00:00+00:00,-35.54333,-72.09444,210.0,open-meteo_ecmwf_ifs,daily,31.281,14.531,32.78,11.520583,2.7834337,53.31632,0.0,32.90261785949274,6.678742450149784
2020-01-13 00:00:00+00:00,-35.54333,-72.09444,210.0,open-meteo_ecmwf_ifs,daily,30.181002,13.281,32.79,11.326833,2.6247604,61.022198,0.0,32.84182055996057,6.347668183181193
2020-01-14 00:00:00+00:00,-35.54333,-72.09444,210.0,open-meteo_ecmwf_ifs,daily,30.431002,15.481,32.6,11.216416,4.30727,55.96375,0.0,32.77826441334649,7.223287252816949
2020-01-15 00:00:00+00:00,-35.54333,-72.09444,210.0,open-meteo_ecmwf_ifs,daily,25.781,10.681,33.35,3.5164158,7.958574,40.098644,0.0,32.71195470300015,7.683788624505995
2020-01-16 00:00:00+00:00,-35.54333,-72.09444,210.0,open-meteo_ecmwf_ifs,daily,33.881,11.831,33.26,3.056,6.2291875,33.936104,0.0,32.64289715912817,9.052895897194777
2020-01-17 00:00:00+00:00,-35.54333,-72.09444,210.0,open-meteo_ecmwf_ifs,daily,33.031,13.931,32.52,8.31225,2.0337627,38.541157,0.0,32.57109797812393,6.574378886085972
2020-01-18 00:00:00+00:00,-35.54333,-72.09444,210.0,open-meteo_ecmwf_ifs,daily,34.531,16.131,28.78,12.208081,2.183681,49.05749,0.0,32.49656384268236,6.365975597369196
2020-01-19 00:00:00+00:00,-35.54333,-72.09444,210.0,open-meteo_ecmwf_ifs,daily,31.481,17.131,29.38,13.270583,2.5002832,50.564465,0.0,32.419301942677464,6.306431722785158
2020-01-20 00:00:00+00:00,-35.54333,-72.09444,210.0,open-meteo_ecmwf_ifs,daily,32.931,14.531,32.3,8.497666,2.2145026,44.78757,0.0,32.339319996776155,6.674589408103738
2020-01-21 00:00:00+00:00,-35.54333,-72.09444,210.0,open-meteo_ecmwf_ifs,daily,32.431,15.681,32.61,9.828916,2.785016,43.3931,0.0,32.25662627475703,7.0143817721130555
2020-01-22 00:00:00+00:00,-35.54333,-72.09444,210.0,open-meteo_ecmwf_ifs,daily,26.681002,17.481,31.53,13.778914,2.995696,57.70325,0.0,32.171229620498,6.105012466891121
2020-01-23 00:00:00+00:00,-35.54333,-72.09444,210.0,open-meteo_ecmwf_ifs,daily,30.781,14.431,30.25,13.449749,2.3898785,66.057,0.0,32.08313947559162,5.94901728154763
2020-01-24 00:00:00+00:00,-35.54333,-72.09444,210.0,open-meteo_ecmwf_ifs,daily,34.381,16.781,32.15,9.618501,3.476381,45.005634,0.0,31.992365903542645,7.700255709012569
2020-01-25 00:00:00+00:00,-35.54333,-72.09444,210.0,open-meteo_ecmwf_ifs,daily,33.931,16.181,31.57,8.693499,4.1086407,37.716564,0.0,31.898919614497274,7.91324224867021
2020-01-26 00:00:00+00:00,-35.54333,-72.09444,210.0,open-meteo_ecmwf_ifs,daily,33.181,17.781,30.49,13.226833,4.488582,49.69248,0.0,31.802811990448753,7.546182063414246
2020-01-27 00:00:00+00:00,-35.54333,-72.09444,210.0,open-meteo_ecmwf_ifs,daily,34.080997,17.831001,30.77,8.9435,4.825495,37.61099,0.0,31.704055110860107,8.447880935419349
2020-01-28 00:00:00+00:00,-35.54333,-72.09444,210.0,open-meteo_ecmwf_ifs,daily,30.881,17.781,29.12,12.883083,4.636805,51.24647,0.0,31.60266177863967,7.092246388215579
2020-01-29 00:00:00+00:00,-35.54333,-72.09444,210.0,open-meteo_ecmwf_ifs,daily,29.131,13.881,30.59,6.8414173,4.04913,41.429638,0.0,31.49864554640155,6.914872039288943
2020-01-30 00:00:00+00:00,-35.54333,-72.09444,210.0,open-meteo_ecmwf_ifs,daily,32.481,14.481,31.11,4.5976663,3.4935987,33.43379,0.0,31.39202074293879,7.382840746605515
2020-01-31 00:00:00+00:00,-35.54333,-72.09444,210.0,open-meteo_ecmwf_ifs,daily,32.931,16.181,30.66,9.155999,3.6295807,42.9045,0.0,31.282802499833558,7.332403315981357
2020-02-01 00:00:00+00:00,-35.54333,-72.09444,210.0,open-meteo_ecmwf_ifs,daily,31.681002,17.531,30.24,12.360166,3.2751734,50.67088,0.0,31.171006778125268,6.816830984380585
2020-02-02 00:00:00+00:00,-35.54333,-72.09444,210.0,open-meteo_ecmwf_ifs,daily,31.581001,15.231,30.15,10.401833,3.2302701,55.02664,0.0,31.056650394954328,6.650144064803836
2020-02-03 00:00:00+00:00,-35.54333,-72.09444,210.0,open-meteo_ecmwf_ifs,daily,27.781,12.431,30.34,6.4372497,2.7486784,45.980892,0.0,30.939751050096437,5.977140275610457
2020-02-04 00:00:00+00:00,-35.54333,-72.09444,210.0,open-meteo_ecmwf_ifs,daily,26.131,15.131,27.42,9.801834,2.9641044,59.742935,0.3,30.820327352300072,5.587564532194761
2020-02-05 00:00:00+00:00,-35.54333,-72.09444,210.0,open-meteo_ecmwf_ifs,daily,25.181002,11.831,30.12,5.5205827,4.4577785,47.065083,0.0,30.6983988453375,6.217444280785646
2020-02-06 00:00:00+00:00,-35.54333,-72.09444,210.0,open-meteo_ecmwf_ifs,daily,26.581001,10.531,30.19,6.62475,2.5739543,53.81355,0.0,30.57398603367805,5.510085343967947
2020-02-07 00:00:00+00:00,-35.54333,-72.09444,210.0,open-meteo_ecmwf_ifs,daily,30.681002,12.631,30.51,5.122666,3.542165,41.02982,0.0,30.447110407691195,6.78946031236066
2020-02-08 00:00:00+00:00,-35.54333,-72.09444,210.0,open-meteo_ecmwf_ifs,daily,34.781,14.281,30.21,6.6893325,2.990525,37.577663,0.0,30.317794468285598,6.9952471807576035
2020-02-09 00:00:00+00:00,-35.54333,-72.09444,210.0,open-meteo_ecmwf_ifs,daily,34.181,18.081001,29.49,8.8601675,2.3994644,37.066113,0.0,30.186061750890282,6.7221174281869684
2020-02-10 00:00:00+00:00,-35.54333,-72.09444,210.0,open-meteo_ecmwf_ifs,daily,33.080997,17.181002,29.41,11.670585,2.4926116,47.439816,0.0,30.05193684868357,6.430341706242548
2020-02-11 00:00:00+00:00,-35.54333,-72.09444,210.0,open-meteo_ecmwf_ifs,daily,32.580997,17.631,28.88,12.181,3.0890598,49.701923,0.0,29.91544543497582,6.62464763694474
2020-02-12 00:00:00+00:00,-35.54333,-72.09444,210.0,open-meteo_ecmwf_ifs,daily,27.981,16.981,27.87,11.408082,4.2612247,53.948334,0.0,29.776614284652606,6.330958161952067
2020-02-13 00:00:00+00:00,-35.54333,-72.09444,210.0,open-meteo_ecmwf_ifs,daily,26.831001,12.331,29.57,4.32475,5.1426415,41.021294,0.0,29.635471294586107,6.813520482360949
2020-02-14 00:00:00+00:00,-35.54333,-72.09444,210.0,open-meteo_ecmwf_ifs,daily,30.431002,11.881,29.57,3.5789168,5.215343,37.61828,0.0,29.49204550292386,7.422079400483289
2020-02-15 00:00:00+00:00,-35.54333,-72.09444,210.0,open-meteo_ecmwf_ifs,daily,30.981,15.081,28.44,9.885167,3.711274,49.086857,0.0,29.346367107165882,6.505357682529418
2020-02-16 00:00:00+00:00,-35.54333,-72.09444,210.0,open-meteo_ecmwf_ifs,daily,30.281,13.531,28.14,9.439334,2.510678,50.928913,0.0,29.19846748094336,5.693310878477997
2020-02-17 00:00:00+00:00,-35.54333,-72.09444,210.0,open-meteo_ecmwf_ifs,daily,25.781,14.181,25.68,9.151834,3.059254,57.935375,0.0,29.048379189414824,5.232155474439804
2020-02-18 00:00:00+00:00,-35.54333,-72.09444,210.0,open-meteo_ecmwf_ifs,daily,31.831001,12.481,28.96,4.6935,5.5527387,38.773422,0.0,28.896136003198347,7.674496669669508
2020-02-19 00:00:00+00:00,-35.54333,-72.09444,210.0,open-meteo_ecmwf_ifs,daily,30.881,14.631,28.15,6.4705825,5.6520705,42.496647,0.0,28.741772910761952,7.619426540873702
2020-02-20 00:00:00+00:00,-35.54333,-72.09444,210.0,open-meteo_ecmwf_ifs,daily,32.681,13.081,28.41,5.0976663,3.6009712,35.80202,0.0,28.585326129197764,6.769153478940428
2020-02-21 00:00:00+00:00,-35.54333,-72.09444,210.0,open-meteo_ecmwf_ifs,daily,23.931002,12.781,27.55,10.385167,3.0285225,61.951736,0.0,28.42683311330953,4.828722236076269
2020-02-22 00:00:00+00:00,-35.54333,-72.09444,210.0,open-meteo_ecmwf_ifs,daily,27.831001,12.981,27.46,11.312249,2.4678378,65.892555,0.0,28.266332562947024,5.069617498488625
2020-02-23 00:00:00+00:00,-35.54333,-72.09444,210.0,open-meteo_ecmwf_ifs,daily,27.231,13.481,27.46,12.393498,2.3784294,67.94515,0.0,28.103864428525824,4.93050111654381
2020-02-24 00:00:00+00:00,-35.54333,-72.09444,210.0,open-meteo_ecmwf_ifs,daily,22.431002,12.031,19.18,8.1935,3.3154163,62.14072,0.0,27.939469914675218,4.054540563882449
2020-02-25 00:00:00+00:00,-35.54333,-72.09444,210.0,open-meteo_ecmwf_ifs,daily,28.981,12.031,27.43,5.2372494,4.376461,44.975723,0.0,27.7731914819622,6.373270086704907
2020-02-26 00:00:00+00:00,-35.54333,-72.09444,210.0,open-meteo_ecmwf_ifs,daily,32.331,12.881,27.23,5.9497504,3.5135088,40.2871,0.0,27.605072846644628,6.396508281346824
2020-02-27 00:00:00+00:00,-35.54333,-72.09444,210.0,open-meteo_ecmwf_ifs,daily,31.831001,14.031,26.61,10.633083,2.040192,50.07262,0.0,27.43515897841212,5.284143165596932
2020-02-28 00:00:00+00:00,-35.54333,-72.09444,210.0,open-meteo_ecmwf_ifs,daily,33.080997,15.481,26.7,11.139333,3.2462156,49.997097,0.0,27.263496096078523,6.141733994414533
2020-02-29 00:00:00+00:00,-35.54333,-72.09444,210.0,open-meteo_ecmwf_ifs,daily,33.330997,15.931,26.5,10.547667,2.6175926,46.066956,0.0,27.090131661195766,5.886955566310046
2020-03-01 00:00:00+00:00,-35.54333,-72.09444,210.0,open-meteo_ecmwf_ifs,daily,26.281,13.781,25.82,11.624751,2.5812309,64.88876,0.0,26.915114369564588,4.718962012702869
2020-03-02 00:00:00+00:00,-35.54333,-72.09444,210.0,open-meteo_ecmwf_ifs,daily,30.581001,13.181,26.04,11.874749,1.9254074,62.774067,0.0,26.738494140623615,4.862616757560329
2020-03-03 00:00:00+00:00,-35.54333,-72.09444,210.0,open-meteo_ecmwf_ifs,daily,32.331,14.831,25.85,11.574749,2.4741175,56.314426,0.0,26.560322104704092,5.41537546884738
2020-03-04 00:00:00+00:00,-35.54333,-72.09444,210.0,open-meteo_ecmwf_ifs,daily,33.080997,16.031,26.04,5.7976665,3.6597998,37.607952,0.0,26.380650588143897,6.737515139935875
2020-03-05 00:00:00+00:00,-35.54333,-72.09444,210.0,open-meteo_ecmwf_ifs,daily,33.231,17.431002,25.13,7.470583,5.550283,39.758053,0.0,26.19953309626043,7.8517980777977785
2020-03-06 00:00:00+00:00,-35.54333,-72.09444,210.0,open-meteo_ecmwf_ifs,daily,33.481,16.431,24.93,7.9726663,4.4465027,40.811398,0.0,26.017024294187888,7.015487428847119
2020-03-07 00:00:00+00:00,-35.54333,-72.09444,210.0,open-meteo_ecmwf_ifs,daily,29.731,15.531,23.94,11.841416,3.2978795,57.094772,0.0,25.83317998559094,5.288275344083571
2020-03-08 00:00:00+00:00,-35.54333,-72.09444,210.0,open-meteo_ecmwf_ifs,daily,30.581001,14.481,24.38,6.1559997,3.2856085,40.19509,0.0,25.648057089272577,5.807846846704433
2020-03-09 00:00:00+00:00,-35.54333,-72.09444,210.0,open-meteo_ecmwf_ifs,daily,32.531,15.181,24.26,6.151833,3.002036,37.002613,0.0,25.461713613699835,5.87260498510373
2020-03-10 00:00:00+00:00,-35.54333,-72.09444,210.0,open-meteo_ecmwf_ifs,daily,32.181,17.381,24.44,5.6289163,3.3564441,32.174053,0.0,25.274208629477535,6.340447417208271
2020-03-11 00:00:00+00:00,-35.54333,-72.09444,210.0,open-meteo_ecmwf_ifs,daily,30.481,15.731,21.16,11.239334,3.4213521,53.828976,0.0,25.08560223980541,5.200335130560058
2020-03-12 00:00:00+00:00,-35.54333,-72.09444,210.0,open-meteo_ecmwf_ifs,daily,28.781,13.781,23.7,7.86225,2.2342544,45.80618,0.0,24.89595554896018,4.723182540602015
2020-03-13 00:00:00+00:00,-35.54333,-72.09444,210.0,open-meteo_ecmwf_ifs,daily,27.581001,13.881,20.44,12.428917,2.576409,68.68708,0.0,24.705330628849456,4.083912186547661
2020-03-14 00:00:00+00:00,-35.54333,-72.09444,210.0,open-meteo_ecmwf_ifs,daily,28.081001,12.031,23.89,5.2330832,5.1938643,45.82104,0.0,24.51379048369015,6.048755922529481
2020-03-15 00:00:00+00:00,-35.54333,-72.09444,210.0,open-meteo_ecmwf_ifs,daily,29.531,11.581,24.04,5.7684994,3.860152,44.95975,0.0,24.32139901286885,5.536384469696147
2020-03-16 00:00:00+00:00,-35.54333,-72.09444,210.0,open-meteo_ecmwf_ifs,daily,28.131,12.381,23.28,7.7455845,2.887359,50.84258,0.0,24.128220972047284,4.75708359580957
2020-03-17 00:00:00+00:00,-35.54333,-72.09444,210.0,open-meteo_ecmwf_ifs,daily,27.281,12.781,23.06,9.449749,3.9114983,56.18896,0.0,23.934321932580573,4.894142028947025
2020-03-18 00:00:00+00:00,-35.54333,-72.09444,210.0,open-meteo_ecmwf_ifs,daily,27.731,12.381,23.03,9.4643345,3.1237428,56.969852,0.0,23.739768239320657,4.599457495631615
2020-03-19 00:00:00+00:00,-35.54333,-72.09444,210.0,open-meteo_ecmwf_ifs,daily,28.631,11.881,23.12,7.1393332,3.0366755,50.785748,0.0,23.544626966881964,4.8091296258674125
2020-03-20 00:00:00+00:00,-35.54333,-72.09444,210.0,open-meteo_ecmwf_ifs,daily,27.981,10.581,22.86,7.7330837,2.5260117,52.612812,0.0,23.34896587445053,4.294566168292978
2020-03-21 00:00:00+00:00,-35.54333,-72.09444,210.0,open-meteo_ecmwf_ifs,daily,21.331001,12.781,17.09,9.585167,3.8226168,69.69548,0.0,23.152853359221584,3.509819343863751
2020-03-22 00:00:00+00:00,-35.54333,-72.09444,210.0,open-meteo_ecmwf_ifs,daily,22.581001,11.081,20.78,9.374749,2.8918278,66.64235,0.0,22.956358408554717,3.554063188010669
2020-03-23 00:00:00+00:00,-35.54333,-72.09444,210.0,open-meteo_ecmwf_ifs,daily,24.331001,11.081,20.12,10.239333,2.7497613,72.29455,0.0,22.759550550938787,3.5459683352085007
2020-03-24 00:00:00+00:00,-35.54333,-72.09444,210.0,open-meteo_ecmwf_ifs,daily,24.181002,11.081,9.45,12.689332,1.6999503,76.18872,0.2,22.562499805862252,2.0452386270727594
2020-03-25 00:00:00+00:00,-35.54333,-72.09444,210.0,open-meteo_ecmwf_ifs,daily,29.831001,13.681,20.76,13.206,2.9349585,71.93124,0.0,22.365276632687245,4.2009943514659644
2020-03-26 00:00:00+00:00,-35.54333,-72.09444,210.0,open-meteo_ecmwf_ifs,daily,28.431002,14.731,21.22,13.36225,2.0612113,67.7071,0.0,22.16795187862848,3.875093387789854
2020-03-27 00:00:00+00:00,-35.54333,-72.09444,210.0,open-meteo_ecmwf_ifs,daily,25.231,12.781,19.86,12.239334,1.8173407,73.3805,0.0,21.97059672594025,3.2883893073845156
2020-03-28 00:00:00+00:00,-35.54333,-72.09444,210.0,open-meteo_ecmwf_ifs,daily,25.531,11.931,18.87,10.51225,2.2501295,67.75547,0.0,21.773282638416905,3.399631588442016
2020-03-29 00:00:00+00:00,-35.54333,-72.09444,210.0,open-meteo_ecmwf_ifs,daily,24.631,11.031,20.35,8.820582,4.406227,62.612324,0.3,21.576081307313757,4.122075300676082
2020-03-30 00:00:00+00:00,-35.54333,-72.09444,210.0,open-meteo_ecmwf_ifs,daily,24.831001,9.131,20.88,5.622667,4.3207364,51.944317,0.0,21.37906459679683,4.339450702998168
2020-03-31 00:00:00+00:00,-35.54333,-72.09444,210.0,open-meteo_ecmwf_ifs,daily,24.981,10.731,20.39,7.6872497,3.5933063,56.19685,0.0,21.18230448903096,4.018204395865404
2020-04-01 00:00:00+00:00,-35.54333,-72.09444,210.0,open-meteo_ecmwf_ifs,daily,23.781,10.531,20.79,4.4601665,6.4596386,48.039845,0.0,20.985873029016485,5.176050408744926
2020-04-02 00:00:00+00:00,-35.54333,-72.09444,210.0,open-meteo_ecmwf_ifs,daily,30.381,12.031,20.76,3.8747504,4.836284,41.50479,0.0,20.78984226928511,5.826274151134216
2020-04-03 00:00:00+00:00,-35.54333,-72.09444,210.0,open-meteo_ecmwf_ifs,daily,27.481,11.631,19.14,5.4455833,3.0699637,48.29004,0.0,20.59428421456606,4.247633228453435
2020-04-04 00:00:00+00:00,-35.54333,-72.09444,210.0,open-meteo_ecmwf_ifs,daily,26.531,14.181,19.19,6.2059994,4.4884396,48.206097,0.0,20.39927076653292,5.043504062043531
2020-04-05 00:00:00+00:00,-35.54333,-72.09444,210.0,open-meteo_ecmwf_ifs,daily,21.881,9.081,20.03,2.0789163,4.880376,45.302265,0.0,20.20487366874169,4.4229667257691245
2020-04-06 00:00:00+00:00,-35.54333,-72.09444,210.0,open-meteo_ecmwf_ifs,daily,24.581001,9.481,19.75,2.760167,5.4720798,45.46336,0.0,20.011164451869387,4.942496363246435
2020-04-07 00:00:00+00:00,-35.54333,-72.09444,210.0,open-meteo_ecmwf_ifs,daily,28.881,8.281,19.58,2.82475,2.4053333,44.62906,0.0,19.818214379361745,3.7975539746146882
2020-04-08 00:00:00+00:00,-35.54333,-72.09444,210.0,open-meteo_ecmwf_ifs,daily,24.481,8.631,19.01,5.0705833,1.8683163,48.12212,0.0,19.626094393597146,3.062046235779175
2020-04-09 00:00:00+00:00,-35.54333,-72.09444,210.0,open-meteo_ecmwf_ifs,daily,24.431002,8.731,18.17,8.520583,1.0909151,71.23963,0.0,19.434875062672308,2.5299008295678957
2020-04-10 00:00:00+00:00,-35.54333,-72.09444,210.0,open-meteo_ecmwf_ifs,daily,23.831001,8.681,17.76,9.0185,1.6644044,70.193565,0.0,19.2446265279134,2.615279089987712
2020-04-11 00:00:00+00:00,-35.54333,-72.09444,210.0,open-meteo_ecmwf_ifs,daily,19.881,11.581,11.15,9.314334,3.020457,69.87116,0.1,19.05541845221408,2.397645917806601
2020-04-12 00:00:00+00:00,-35.54333,-72.09444,210.0,open-meteo_ecmwf_ifs,daily,19.631,8.3810005,17.89,3.0830824,3.5504723,51.576565,0.0,18.867319969299576,3.2981623080940623
2020-04-13 00:00:00+00:00,-35.54333,-72.09444,210.0,open-meteo_ecmwf_ifs,daily,21.881,7.281,17.98,1.7455834,3.702635,48.15897,0.0,18.680399634013295,3.5913124133272283
2020-04-14 00:00:00+00:00,-35.54333,-72.09444,210.0,open-meteo_ecmwf_ifs,daily,25.431002,7.481,17.36,3.2997496,2.3951924,51.666096,0.0,18.494725373719348,3.1851769880246237
2020-04-15 00:00:00+00:00,-35.54333,-72.09444,210.0,open-meteo_ecmwf_ifs,daily,23.881,9.731,13.6,5.903916,1.6875521,49.866226,0.0,18.310364440911705,2.5164025855111127
2020-04-16 00:00:00+00:00,-35.54333,-72.09444,210.0,open-meteo_ecmwf_ifs,daily,25.481,9.681,16.95,6.8518333,1.4461588,56.939625,0.0,18.1273833671167,2.613529885912774
2020-04-17 00:00:00+00:00,-35.54333,-72.09444,210.0,open-meteo_ecmwf_ifs,daily,27.481,10.831,15.14,8.266417,2.1294887,60.699657,0.0,17.945847918172586,2.9670292499037134
2020-04-18 00:00:00+00:00,-35.54333,-72.09444,210.0,open-meteo_ecmwf_ifs,daily,24.581001,15.431,10.77,16.133085,2.3714435,84.6464,0.0,17.765823050965853,2.078311722852782
2020-04-19 00:00:00+00:00,-35.54333,-72.09444,210.0,open-meteo_ecmwf_ifs,daily,23.781,12.331,16.51,7.4268336,4.2490063,53.96115,0.0,17.58737287169982,3.769300759359688
2020-04-20 00:00:00+00:00,-35.54333,-72.09444,210.0,open-meteo_ecmwf_ifs,daily,23.481,11.981,15.09,5.6414165,5.206894,51.440037,0.0,17.41056059576737,4.208110416718711
2020-04-21 00:00:00+00:00,-35.54333,-72.09444,210.0,open-meteo_ecmwf_ifs,daily,25.531,11.381,12.72,3.0601666,3.5125751,43.151886,0.0,17.23544850929477,3.8309159118712564
2020-04-22 00:00:00+00:00,-35.54333,-72.09444,210.0,open-meteo_ecmwf_ifs,daily,27.831001,13.381,15.38,3.6601667,1.560671,37.244465,0.0,17.062097932419512,2.8566707884741724
2020-04-23 00:00:00+00:00,-35.54333,-72.09444,210.0,open-meteo_ecmwf_ifs,daily,19.831001,13.381,13.67,10.422667,4.330706,72.84098,0.0,16.890569184360047,2.7128640077980077
2020-04-24 00:00:00+00:00,-35.54333,-72.09444,210.0,open-meteo_ecmwf_ifs,daily,16.031,12.931,4.7,12.526833,4.9824414,91.00431,23.100002,16.720921550330775,1.1784309528184662
2020-04-25 00:00:00+00:00,-35.54333,-72.09444,210.0,open-meteo_ecmwf_ifs,daily,18.481,12.431,12.19,12.041417,3.509928,85.3487,2.8999999,16.553213250350527,1.874346958442619
2020-04-26 00:00:00+00:00,-35.54333,-72.09444,210.0,open-meteo_ecmwf_ifs,daily,18.681002,8.081,12.96,9.670583,2.7587717,83.93553,0.2,16.3875014099877,1.7410247002170045
2020-04-27 00:00:00+00:00,-35.54333,-72.09444,210.0,open-meteo_ecmwf_ifs,daily,17.931002,12.681,11.22,11.410167,2.2290766,83.725624,6.6,16.223842033080185,1.7093337891206866
2020-04-28 00:00:00+00:00,-35.54333,-72.09444,210.0,open-meteo_ecmwf_ifs,daily,17.481,8.681,14.31,9.726834,1.797764,84.92369,0.5,16.062289976462637,1.6254235252442109
2020-04-29 00:00:00+00:00,-35.54333,-72.09444,210.0,open-meteo_ecmwf_ifs,daily,18.731,7.781,15.1,7.737251,3.008567,75.51973,0.0,15.902898926728506,2.0633876060274745
2020-04-30 00:00:00+00:00,-35.54333,-72.09444,210.0,open-meteo_ecmwf_ifs,daily,19.331001,6.9309998,14.78,7.6518326,2.6580803,76.8256,0.0,15.745721379048604,1.9565668902828366
2020-05-01 00:00:00+00:00,-35.54333,-72.09444,210.0,open-meteo_ecmwf_ifs,daily,20.631,8.281,14.5,9.98725,1.9265105,78.315956,0.0,15.59080861806249,1.784159552232839
2020-05-02 00:00:00+00:00,-35.54333,-72.09444,210.0,open-meteo_ecmwf_ifs,daily,19.381,7.581,9.49,10.491417,1.1355845,89.29922,0.1,15.438210700853249,1.2376717146825849
2020-05-03 00:00:00+00:00,-35.54333,-72.09444,210.0,open-meteo_ecmwf_ifs,daily,16.731,10.731,10.28,9.016417,2.5690327,73.215355,0.0,15.287976442010654,1.661589851056284
2020-05-04 00:00:00+00:00,-35.54333,-72.09444,210.0,open-meteo_ecmwf_ifs,daily,18.681002,7.031,11.51,8.437249,2.2082055,76.030846,0.0,15.140153400781884,1.5549801608902019
2020-05-05 00:00:00+00:00,-35.54333,-72.09444,210.0,open-meteo_ecmwf_ifs,daily,19.231,11.931,13.69,10.347667,3.8720303,79.98228,0.0,14.994787870303304,2.20419867281346
2020-05-06 00:00:00+00:00,-35.54333,-72.09444,210.0,open-meteo_ecmwf_ifs,daily,19.381,7.6809998,14.21,4.897666,3.8041086,60.38062,0.0,14.851924868900882,2.5303451051705235
2020-05-07 00:00:00+00:00,-35.54333,-72.09444,210.0,open-meteo_ecmwf_ifs,daily,20.131,7.981,13.2,6.472667,2.2089167,64.3505,0.0,14.711608133441217,1.9410976486184708
2020-05-08 00:00:00+00:00,-35.54333,-72.09444,210.0,open-meteo_ecmwf_ifs,daily,20.231,8.1310005,11.3,8.628917,2.1517498,72.98588,0.0,14.573880114709212,1.6733782827543993
2020-05-09 00:00:00+00:00,-35.54333,-72.09444,210.0,open-meteo_ecmwf_ifs,daily,19.531,10.331,10.93,11.3185,2.2679393,85.66857,0.0,14.438781974782756,1.500189755499199
2020-05-10 00:00:00+00:00,-35.54333,-72.09444,210.0,open-meteo_ecmwf_ifs,daily,17.031,10.831,8.04,10.416416,2.2703137,85.94757,0.6,14.306353586368965,1.3100845305955586
2020-05-11 00:00:00+00:00,-35.54333,-72.09444,210.0,open-meteo_ecmwf_ifs,daily,15.931,7.881,12.87,6.466417,4.192714,74.8039,0.0,14.176633534060958,1.9099834365434936
2020-05-12 00:00:00+00:00,-35.54333,-72.09444,210.0,open-meteo_ecmwf_ifs,daily,15.181,7.781,10.7,5.4684997,4.318931,72.675316,0.0,14.04965911746838,1.93704108536417
2020-05-13 00:00:00+00:00,-35.54333,-72.09444,210.0,open-meteo_ecmwf_ifs,daily,18.131,7.031,13.02,5.6393332,4.3900795,70.644356,0.0,13.925466356169492,2.2213571274643287
2020-05-14 00:00:00+00:00,-35.54333,-72.09444,210.0,open-meteo_ecmwf_ifs,daily,19.231,7.6809998,11.82,6.414333,2.4625494,67.79064,0.0,13.804089996427036,1.79337198297028
2020-05-15 00:00:00+00:00,-35.54333,-72.09444,210.0,open-meteo_ecmwf_ifs,daily,23.231,12.681,11.27,12.789333,3.4699364,83.06075,0.0,13.685563519604928,2.069015683619655
2020-05-16 00:00:00+00:00,-35.54333,-72.09444,210.0,open-meteo_ecmwf_ifs,daily,20.831001,11.131,11.24,12.220582,4.0767655,84.30319,0.0,13.56991915221751,1.7569536199583304
2020-05-17 00:00:00+00:00,-35.54333,-72.09444,210.0,open-meteo_ecmwf_ifs,daily,22.231,10.981,12.25,12.301833,2.7328596,81.23069,0.0,13.457187877538034,1.7125479403270736
2020-05-18 00:00:00+00:00,-35.54333,-72.09444,210.0,open-meteo_ecmwf_ifs,daily,16.831001,11.181,6.84,11.408085,1.8521538,87.9849,0.0,13.347399448688291,1.0418702567492708
2020-05-19 00:00:00+00:00,-35.54333,-72.09444,210.0,open-meteo_ecmwf_ifs,daily,14.881,11.181,2.91,11.153916,2.7151384,91.479004,8.299999,13.240582403126528,0.8392140151565701
2020-05-20 00:00:00+00:00,-35.54333,-72.09444,210.0,open-meteo_ecmwf_ifs,daily,14.531,8.781,9.59,9.06225,2.0170186,84.28225,8.2,13.136764078446301,1.0393732672616705
2020-05-21 00:00:00+00:00,-35.54333,-72.09444,210.0,open-meteo_ecmwf_ifs,daily,14.081,4.831,11.95,4.82475,1.9423798,78.16989,0.0,13.035970629394805,1.1654667367746494
2020-05-22 00:00:00+00:00,-35.54333,-72.09444,210.0,open-meteo_ecmwf_ifs,daily,15.031,2.731,12.3,3.3830833,2.2025416,74.7179,0.0,12.938227046015163,1.250896637952707
2020-05-23 00:00:00+00:00,-35.54333,-72.09444,210.0,open-meteo_ecmwf_ifs,daily,17.631,6.031,11.5,1.6184999,3.069171,55.346294,0.0,12.8435571728134,2.0696473036615957
2020-05-24 00:00:00+00:00,-35.54333,-72.09444,210.0,open-meteo_ecmwf_ifs,daily,21.031,9.531,11.17,7.96225,3.2752259,68.62461,0.0,12.751983728847728,2.0466562295048494
2020-05-25 00:00:00+00:00,-35.54333,-72.09444,210.0,open-meteo_ecmwf_ifs,daily,21.931002,11.381,11.48,11.353915,3.0217276,78.79638,0.0,12.663528328634294,1.7943414824760373
2020-05-26 00:00:00+00:00,-35.54333,-72.09444,210.0,open-meteo_ecmwf_ifs,daily,22.081001,8.981,11.48,5.0164165,1.8821273,53.768383,0.0,12.57821150376125,1.7796980849104214
2020-05-27 00:00:00+00:00,-35.54333,-72.09444,210.0,open-meteo_ecmwf_ifs,daily,15.431,9.581,6.94,10.383083,2.2780664,91.3197,0.0,12.496052725100409,0.9143172485492359
2020-05-28 00:00:00+00:00,-35.54333,-72.09444,210.0,open-meteo_ecmwf_ifs,daily,15.731,4.981,4.98,7.4455833,1.6700293,81.167336,0.0,12.417070425503901,0.8377630128755083
2020-05-29 00:00:00+00:00,-35.54333,-72.09444,210.0,open-meteo_ecmwf_ifs,daily,11.231,5.081,7.6,3.1476667,3.6837084,71.443245,0.5,12.341282022871779,1.3126423555912652
2020-05-30 00:00:00+00:00,-35.54333,-72.09444,210.0,open-meteo_ecmwf_ifs,daily,13.031,2.331,11.81,1.2497503,3.538502,72.01923,0.0,12.268703943475336,1.4605133876195022
2020-05-31 00:00:00+00:00,-35.54333,-72.09444,210.0,open-meteo_ecmwf_ifs,daily,16.631,2.931,10.35,4.8059998,1.5857629,79.49896,0.0,12.199351645420318,1.0156630075352886
2020-06-01 00:00:00+00:00,-35.54333,-72.09444,210.0,open-meteo_ecmwf_ifs,daily,15.881,4.081,10.71,6.5039163,1.5635599,83.51321,0.0,12.133239642134072,0.9153421133412377
2020-06-02 00:00:00+00:00,-35.54333,-72.09444,210.0,open-meteo_ecmwf_ifs,daily,14.281,6.9309998,5.97,7.058084,1.5019536,83.625595,1.9,12.070381525760919,0.8725511988636601
2020-06-03 00:00:00+00:00,-35.54333,-72.09444,210.0,open-meteo_ecmwf_ifs,daily,15.081,6.281,9.91,7.414334,1.4786072,85.62113,12.000002,12.01078999035094,0.8915368247701452
2020-06-04 00:00:00+00:00,-35.54333,-72.09444,210.0,open-meteo_ecmwf_ifs,daily,13.631,3.381,10.7,5.17475,1.190757,81.402275,0.0,11.95447685472855,0.7810562749388879
2020-06-05 00:00:00+00:00,-35.54333,-72.09444,210.0,open-meteo_ecmwf_ifs,daily,13.981,2.8309999,9.63,6.3393326,0.90416414,89.26672,0.0,11.901453084929246,0.6741903594040104
2020-06-06 00:00:00+00:00,-35.54333,-72.09444,210.0,open-meteo_ecmwf_ifs,daily,13.981,4.731,7.93,6.21225,1.4986945,90.759254,0.0,11.851728816095008,0.8044365505160581
2020-06-07 00:00:00+00:00,-35.54333,-72.09444,210.0,open-meteo_ecmwf_ifs,daily,14.731,8.981,6.99,8.639333,1.7660027,85.33444,0.0,11.805313373721994,0.9133097699819254
2020-06-08 00:00:00+00:00,-35.54333,-72.09444,210.0,open-meteo_ecmwf_ifs,daily,14.081,5.331,8.32,6.447666,1.7414476,87.88686,0.0,11.762215294157109,0.8513844836240336
2020-06-09 00:00:00+00:00,-35.54333,-72.09444,210.0,open-meteo_ecmwf_ifs,daily,13.781,6.031,9.13,5.8164163,1.7027518,82.835815,0.0,11.722442344244419,0.9211845884278458
2020-06-10 00:00:00+00:00,-35.54333,-72.09444,210.0,open-meteo_ecmwf_ifs,daily,14.581,1.681,9.23,3.7726667,1.6545042,79.17154,0.0,11.68600154002618,0.8661034013408401
2020-06-11 00:00:00+00:00,-35.54333,-72.09444,210.0,open-meteo_ecmwf_ifs,daily,11.081,5.131,2.29,7.1393323,5.0386505,92.42823,19.699999,11.652899164408577,0.551302943577295
2020-06-12 00:00:00+00:00,-35.54333,-72.09444,210.0,open-meteo_ecmwf_ifs,daily,11.481,5.9309998,6.76,7.6768327,1.73774,90.00373,16.900003,11.623140783707235,0.5862706453098245
2020-06-13 00:00:00+00:00,-35.54333,-72.09444,210.0,open-meteo_ecmwf_ifs,daily,12.581,2.881,9.95,4.1080832,2.3400147,84.69654,0.0,11.596731262993424,0.8846599752015692
2020-06-14 00:00:00+00:00,-35.54333,-72.09444,210.0,open-meteo_ecmwf_ifs,daily,15.031,2.231,11.04,1.9393333,2.0071828,73.763084,0.0,11.573674780168094,1.1091456281871186
2020-06-15 00:00:00+00:00,-35.54333,-72.09444,210.0,open-meteo_ecmwf_ifs,daily,12.531,5.031,4.14,8.051834,5.1928983,91.21335,5.7000003,11.553974838697263,0.5189338783089866
2020-06-16 00:00:00+00:00,-35.54333,-72.09444,210.0,open-meteo_ecmwf_ifs,daily,12.431,10.281,1.7,10.178916,4.3422194,93.45557,21.0,11.537634278949328,0.6530575703089192
2020-06-17 00:00:00+00:00,-35.54333,-72.09444,210.0,open-meteo_ecmwf_ifs,daily,11.481,10.031,1.8,9.8435,3.2909625,94.1005,35.79999,11.52465528808195,0.5646773885677377
2020-06-18 00:00:00+00:00,-35.54333,-72.09444,210.0,open-meteo_ecmwf_ifs,daily,11.581,9.481,1.79,8.803916,5.6984653,90.753914,21.900002,11.515039408433795,0.8181078897757512
2020-06-19 00:00:00+00:00,-35.54333,-72.09444,210.0,open-meteo_ecmwf_ifs,daily,13.831,8.3810005,7.03,10.370583,2.5741627,92.6738,16.700003,11.508787544383997,0.608555970394883
2020-06-20 00:00:00+00:00,-35.54333,-72.09444,210.0,open-meteo_ecmwf_ifs,daily,12.181,7.9309998,2.17,9.812251,4.1891527,94.8725,13.2,11.50589996765029,0.40403780345573587
2020-06-21 00:00:00+00:00,-35.54333,-72.09444,210.0,open-meteo_ecmwf_ifs,daily,13.881,5.731,6.26,7.9101663,1.2219075,91.21586,0.0,11.506376321004735,0.6529964416383243
2020-06-22 00:00:00+00:00,-35.54333,-72.09444,210.0,open-meteo_ecmwf_ifs,daily,10.031,6.381,1.27,7.1789155,2.8592427,89.980446,7.9999986,11.510215620394195,0.5321450892691136
2020-06-23 00:00:00+00:00,-35.54333,-72.09444,210.0,open-meteo_ecmwf_ifs,daily,10.531,7.131,3.68,7.4289155,2.4892218,94.33493,3.6999998,11.517416255461043,0.6164123882302032
2020-06-24 00:00:00+00:00,-35.54333,-72.09444,210.0,open-meteo_ecmwf_ifs,daily,8.631,5.331,4.17,5.6559997,3.0739825,92.78767,5.8999996,11.527975988467691,0.5831195524947845
2020-06-25 00:00:00+00:00,-35.54333,-72.09444,210.0,open-meteo_ecmwf_ifs,daily,11.481,4.581,7.73,5.4330826,1.5308973,87.41806,0.1,11.54189195163699,0.6986948280833646
2020-06-26 00:00:00+00:00,-35.54333,-72.09444,210.0,open-meteo_ecmwf_ifs,daily,11.131,4.131,5.17,5.3101664,1.7914032,88.04191,0.2,11.559160642928422,0.6752188938426854
2020-06-27 00:00:00+00:00,-35.54333,-72.09444,210.0,open-meteo_ecmwf_ifs,daily,14.231,6.9309998,5.09,7.2664165,1.4339952,83.64435,1.5000002,11.579777920278394,0.8011291592618579
2020-06-28 00:00:00+00:00,-35.54333,-72.09444,210.0,open-meteo_ecmwf_ifs,daily,11.831,9.031,2.21,9.226834,3.3751528,93.00048,20.6,11.60373899434037,0.6267231659005286
2020-06-29 00:00:00+00:00,-35.54333,-72.09444,210.0,open-meteo_ecmwf_ifs,daily,11.781,8.231,4.72,9.068501,3.380043,92.492775,22.199999,11.631038419768629,0.5964445747476651
2020-06-30 00:00:00+00:00,-35.54333,-72.09444,210.0,open-meteo_ecmwf_ifs,daily,12.981,7.4309998,6.07,7.635166,2.0833876,89.235344,8.300001,11.661670085096533,0.8097964166115196
2020-07-01 00:00:00+00:00,-35.54333,-72.09444,210.0,open-meteo_ecmwf_ifs,daily,12.681,8.981,4.76,7.9851665,2.6658304,85.50495,11.800001,11.695627201267309,0.9127162473373814
2020-07-02 00:00:00+00:00,-35.54333,-72.09444,210.0,open-meteo_ecmwf_ifs,daily,12.331,6.281,9.59,7.3539176,2.2599323,91.893425,0.0,11.732902288882276,0.7629865612252893
2020-07-03 00:00:00+00:00,-35.54333,-72.09444,210.0,open-meteo_ecmwf_ifs,daily,12.681,5.781,3.08,8.174749,2.6872568,93.27222,14.0,11.773487164237569,0.5778719835364119
2020-07-04 00:00:00+00:00,-35.54333,-72.09444,210.0,open-meteo_ecmwf_ifs,daily,11.131,3.981,6.4,7.1039166,1.943039,94.39913,10.6,11.817372924226586,0.505133127971894
2020-07-05 00:00:00+00:00,-35.54333,-72.09444,210.0,open-meteo_ecmwf_ifs,daily,11.131,6.231,7.17,6.7414155,2.268273,89.28952,4.499999,11.864549930190831,0.7290064364954965
2020-07-06 00:00:00+00:00,-35.54333,-72.09444,210.0,open-meteo_ecmwf_ifs,daily,11.681,3.931,9.12,4.083083,2.500791,79.112816,0.1,11.91500779080697,0.9475680808547721
2020-07-07 00:00:00+00:00,-35.54333,-72.09444,210.0,open-meteo_ecmwf_ifs,daily,11.381,1.3310001,7.12,3.2539167,3.0095193,79.18252,0.3,11.9687353441026,0.8642963646857119
2020-07-08 00:00:00+00:00,-35.54333,-72.09444,210.0,open-meteo_ecmwf_ifs,daily,11.431,4.031,11.1,5.3580823,2.6047308,82.24327,19.2,12.025720638697228,0.8236991699408023
2020-07-09 00:00:00+00:00,-35.54333,-72.09444,210.0,open-meteo_ecmwf_ifs,daily,13.181,2.731,8.44,4.0351663,1.8245689,80.75777,0.0,12.08595091436888,0.8917080487885427
2020-07-10 00:00:00+00:00,-35.54333,-72.09444,210.0,open-meteo_ecmwf_ifs,daily,14.131,7.231,7.13,9.285167,2.9554908,89.138336,2.8,12.14941258204961,0.7567393172792193
2020-07-11 00:00:00+00:00,-35.54333,-72.09444,210.0,open-meteo_ecmwf_ifs,daily,11.131,1.881,7.93,3.7372496,1.6777259,84.70191,0.0,12.216091203356125,0.7407514493079488
2020-07-12 00:00:00+00:00,-35.54333,-72.09444,210.0,open-meteo_ecmwf_ifs,daily,15.331,5.131,8.97,6.518501,1.4235959,84.53751,0.0,12.28597146976359,0.9152825697662965
2020-07-13 00:00:00+00:00,-35.54333,-72.09444,210.0,open-meteo_ecmwf_ifs,daily,14.481,7.131,10.8,8.216416,2.530211,89.81478,0.0,12.359037181532612,0.9969884379830384
2020-07-14 00:00:00+00:00,-35.54333,-72.09444,210.0,open-meteo_ecmwf_ifs,daily,16.531,4.331,11.51,6.2893333,2.1243222,83.17536,0.0,12.435271226500248,1.1190025163322945
2020-07-15 00:00:00+00:00,-35.54333,-72.09444,210.0,open-meteo_ecmwf_ifs,daily,20.131,5.6809998,11.25,7.5851665,1.8744026,82.86886,0.0,12.514655558846759,1.2890802998706061
2020-07-16 00:00:00+00:00,-35.54333,-72.09444,210.0,open-meteo_ecmwf_ifs,daily,11.631,8.681,2.61,9.045585,3.2073586,93.03061,0.0,12.597171177949795,0.6280387844660524
2020-07-17 00:00:00+00:00,-35.54333,-72.09444,210.0,open-meteo_ecmwf_ifs,daily,11.981,9.631,3.18,9.576833,4.923033,93.42918,9.799999,12.682798107437494,0.7133321073423976
2020-07-18 00:00:00+00:00,-35.54333,-72.09444,210.0,open-meteo_ecmwf_ifs,daily,12.681,10.681,2.15,10.835166,5.3100295,96.73171,21.4,12.771515374551324,0.6101160939519317
2020-07-19 00:00:00+00:00,-35.54333,-72.09444,210.0,open-meteo_ecmwf_ifs,daily,12.881,10.231,4.11,10.647666,4.3015695,96.60153,18.900002,12.863300989927865,0.6683258107803823
2020-07-20 00:00:00+00:00,-35.54333,-72.09444,210.0,open-meteo_ecmwf_ifs,daily,12.731,9.731,5.72,10.020583,3.150438,95.40458,2.9999998,12.958131927907768,0.7591867031370721
2020-07-21 00:00:00+00:00,-35.54333,-72.09444,210.0,open-meteo_ecmwf_ifs,daily,11.681,7.881,7.33,8.308084,2.3578627,92.674416,9.900001,13.055984107477514,0.7893405278611051
2020-07-22 00:00:00+00:00,-35.54333,-72.09444,210.0,open-meteo_ecmwf_ifs,daily,11.731,3.131,9.49,4.9101667,1.6462926,85.12686,0.2,13.156832373947514,0.8466048560842306
2020-07-23 00:00:00+00:00,-35.54333,-72.09444,210.0,open-meteo_ecmwf_ifs,daily,12.131,2.081,10.45,3.7143333,1.6075277,83.45554,2.1999998,13.260650481467414,0.9252965334584476
2020-07-24 00:00:00+00:00,-35.54333,-72.09444,210.0,open-meteo_ecmwf_ifs,daily,11.931,4.881,11.95,4.181,0.9581144,79.71839,0.0,13.367411076476118,0.9654307119575436
2020-07-25 00:00:00+00:00,-35.54333,-72.09444,210.0,open-meteo_ecmwf_ifs,daily,11.731,1.131,5.99,2.506,1.31221,77.649254,0.0,13.47708568218097,0.8330308284531496
2020-07-26 00:00:00+00:00,-35.54333,-72.09444,210.0,open-meteo_ecmwf_ifs,daily,13.431,5.581,5.48,7.041416,2.354316,87.412285,1.0000001,13.589644684156724,0.8944580936124951
2020-07-27 00:00:00+00:00,-35.54333,-72.09444,210.0,open-meteo_ecmwf_ifs,daily,11.581,4.431,13.02,4.622667,3.369478,82.91875,0.0,13.705057317151052,1.2179248534722726
2020-07-28 00:00:00+00:00,-35.54333,-72.09444,210.0,open-meteo_ecmwf_ifs,daily,11.481,1.481,13.54,1.3435,4.3296976,75.11782,0.0,13.823291653179197,1.4940198195684022
2020-07-29 00:00:00+00:00,-35.54333,-72.09444,210.0,open-meteo_ecmwf_ifs,daily,14.231,0.731,12.63,3.7247498,1.5348506,88.31138,0.0,13.944314590985998,1.0673741145188933
2020-07-30 00:00:00+00:00,-35.54333,-72.09444,210.0,open-meteo_ecmwf_ifs,daily,11.081,2.531,3.58,5.549751,2.1278517,91.96878,0.70000005,14.068091846949022,0.6217426535695731
2020-07-31 00:00:00+00:00,-35.54333,-72.09444,210.0,open-meteo_ecmwf_ifs,daily,13.631,2.531,7.37,6.0455832,0.97666454,88.204414,0.0,14.19458794749178,0.8074993517567869
2020-08-01 00:00:00+00:00,-35.54333,-72.09444,210.0,open-meteo_ecmwf_ifs,daily,12.181,6.981,2.97,7.2830834,3.339327,85.36788,6.6,14.323766223071045,0.8885553171154473
2020-08-02 00:00:00+00:00,-35.54333,-72.09444,210.0,open-meteo_ecmwf_ifs,daily,16.731,6.731,9.86,9.785167,1.2281957,92.16901,0.1,14.455588803797536,1.0512486191348076
2020-08-03 00:00:00+00:00,-35.54333,-72.09444,210.0,open-meteo_ecmwf_ifs,daily,14.981,7.531,9.36,9.056001,0.9700275,91.591805,0.0,14.59001661674371,1.0229086038418915
2020-08-04 00:00:00+00:00,-35.54333,-72.09444,210.0,open-meteo_ecmwf_ifs,daily,18.631,6.531,12.79,8.806,1.7751406,87.17261,0.3,14.727009384987745,1.4267523392634822
2020-08-05 00:00:00+00:00,-35.54333,-72.09444,210.0,open-meteo_ecmwf_ifs,daily,13.631,8.731,11.37,9.308084,2.6143694,87.2322,2.0000002,14.866525628436978,1.1654399586436994
2020-08-06 00:00:00+00:00,-35.54333,-72.09444,210.0,open-meteo_ecmwf_ifs,daily,13.081,4.731,14.46,3.291417,5.106809,73.690575,0.0,15.008522666469,1.9415023568151608
2020-08-07 00:00:00+00:00,-35.54333,-72.09444,210.0,open-meteo_ecmwf_ifs,daily,14.581,4.631,13.07,2.1934998,4.170959,64.04104,0.0,15.152956622423318,2.12174520096216
2020-08-08 00:00:00+00:00,-35.54333,-72.09444,210.0,open-meteo_ecmwf_ifs,daily,16.581001,4.831,13.64,5.526833,2.3397763,76.43195,0.0,15.299782429970788,1.6257770893051593
2020-08-09 00:00:00+00:00,-35.54333,-72.09444,210.0,open-meteo_ecmwf_ifs,daily,13.181,6.481,5.88,8.031,2.2735713,89.44341,1.1,15.448953841382767,0.8994165730838605
2020-08-10 00:00:00+00:00,-35.54333,-72.09444,210.0,open-meteo_ecmwf_ifs,daily,11.281,4.831,11.41,4.7184997,3.8918154,81.00071,0.2,15.60042343771656,1.3491818176289059
2020-08-11 00:00:00+00:00,-35.54333,-72.09444,210.0,open-meteo_ecmwf_ifs,daily,11.131,3.131,15.15,0.29766658,6.9626527,65.45886,0.0,15.754142640928102,2.262434028040621
2020-08-12 00:00:00+00:00,-35.54333,-72.09444,210.0,open-meteo_ecmwf_ifs,daily,12.681,3.481,14.99,3.2372496,4.736295,77.78252,0.0,15.91006172791757,1.7920531871375656
2020-08-13 00:00:00+00:00,-35.54333,-72.09444,210.0,open-meteo_ecmwf_ifs,daily,12.981,2.631,11.65,4.3685,2.0877707,83.48636,0.0,16.06812984650826,1.259577145575163
2020-08-14 00:00:00+00:00,-35.54333,-72.09444,210.0,open-meteo_ecmwf_ifs,daily,11.231,4.731,12.66,4.883083,2.5261304,81.16113,1.0,16.22829503335349,1.3133285532226144
2020-08-15 00:00:00+00:00,-35.54333,-72.09444,210.0,open-meteo_ecmwf_ifs,daily,11.681,2.081,15.49,2.2622497,3.7665358,76.67437,0.0,16.390504233761373,1.6421475447671359
2020-08-16 00:00:00+00:00,-35.54333,-72.09444,210.0,open-meteo_ecmwf_ifs,daily,11.881,3.931,14.9,0.8539166,5.443503,65.25576,0.0,16.554703323421677,2.2602041699817317
2020-08-17 00:00:00+00:00,-35.54333,-72.09444,210.0,open-meteo_ecmwf_ifs,daily,13.381,3.881,15.87,4.4976664,3.06584,82.05062,0.0,16.720837132014257,1.6755422065979326
2020-08-18 00:00:00+00:00,-35.54333,-72.09444,210.0,open-meteo_ecmwf_ifs,daily,11.831,3.681,9.08,5.401833,1.3969383,87.695946,1.7,16.88884946867303,1.0564215087302151
2020-08-19 00:00:00+00:00,-35.54333,-72.09444,210.0,open-meteo_ecmwf_ifs,daily,12.731,2.331,16.64,3.2768328,3.864788,78.31434,0.0,17.058683149274795,1.7292666974416158
2020-08-20 00:00:00+00:00,-35.54333,-72.09444,210.0,open-meteo_ecmwf_ifs,daily,16.681002,2.281,16.78,2.1601667,3.3356454,66.29442,0.0,17.230280025517267,2.2286486774915155
2020-08-21 00:00:00+00:00,-35.54333,-72.09444,210.0,open-meteo_ecmwf_ifs,daily,17.981,5.831,16.73,6.6809998,1.8990518,79.488235,0.0,17.403581015745665,1.9683544372649935
2020-08-22 00:00:00+00:00,-35.54333,-72.09444,210.0,open-meteo_ecmwf_ifs,daily,18.981,5.1809998,14.21,8.139333,2.2055285,87.796974,0.0,17.578526137482896,1.7845723883718096
2020-08-23 00:00:00+00:00,-35.54333,-72.09444,210.0,open-meteo_ecmwf_ifs,daily,13.131,8.681,8.86,7.0768337,5.1372976,81.56623,0.70000005,17.75505454161349,1.7057730337052424
2020-08-24 00:00:00+00:00,-35.54333,-72.09444,210.0,open-meteo_ecmwf_ifs,daily,13.231,6.9309998,6.89,6.153917,5.176975,77.757515,8.6,17.933104548167226,1.602942296620726
2020-08-25 00:00:00+00:00,-35.54333,-72.09444,210.0,open-meteo_ecmwf_ifs,daily,11.981,9.231,6.81,8.141417,5.3999877,88.474945,23.300001,18.11261368364402,1.2987251070242485
2020-08-26 00:00:00+00:00,-35.54333,-72.09444,210.0,open-meteo_ecmwf_ifs,daily,11.681,7.781,9.9,7.8497505,4.597631,90.85665,10.500001,18.29351871981759,1.2447960462613943
2020-08-27 00:00:00+00:00,-35.54333,-72.09444,210.0,open-meteo_ecmwf_ifs,daily,12.481,6.231,10.8,6.026833,2.0233843,83.9558,0.4,18.475755713951184,1.4200903753776906
2020-08-28 00:00:00+00:00,-35.54333,-72.09444,210.0,open-meteo_ecmwf_ifs,daily,10.581,4.631,3.75,6.0101666,2.695158,90.409004,10.7,18.659260050355414,0.7932632708028944
2020-08-29 00:00:00+00:00,-35.54333,-72.09444,210.0,open-meteo_ecmwf_ifs,daily,11.431,5.4309998,10.18,5.897667,3.174977,85.60669,5.1,18.843966483213713,1.312347627533866
2020-08-30 00:00:00+00:00,-35.54333,-72.09444,210.0,open-meteo_ecmwf_ifs,daily,12.781,2.5809999,18.68,1.2935001,6.053606,68.647606,0.0,19.02980918059847,2.4554281827578786
2020-08-31 00:00:00+00:00,-35.54333,-72.09444,210.0,open-meteo_ecmwf_ifs,daily,14.581,1.931,18.57,4.3143334,2.2042458,80.99386,0.0,19.21672176959681,1.888381787169773
2020-09-01 00:00:00+00:00,-35.54333,-72.09444,210.0,open-meteo_ecmwf_ifs,daily,13.331,3.3309999,8.19,5.5039163,1.3597283,87.27527,0.1,19.404637382462262,1.1689875106085221
2020-09-02 00:00:00+00:00,-35.54333,-72.09444,210.0,open-meteo_ecmwf_ifs,daily,14.581,6.1809998,16.6,6.164333,1.9496697,80.49755,0.0,19.59348870370589,1.9625924357248172
2020-09-03 00:00:00+00:00,-35.54333,-72.09444,210.0,open-meteo_ecmwf_ifs,daily,15.081,3.481,14.51,5.7726665,1.4930645,82.03129,0.0,19.783208018037218,1.683099363222429
2020-09-04 00:00:00+00:00,-35.54333,-72.09444,210.0,open-meteo_ecmwf_ifs,daily,15.681,5.581,15.52,6.047667,2.2348325,80.34402,0.1,19.97372725906345,2.001388189864357
2020-09-05 00:00:00+00:00,-35.54333,-72.09444,210.0,open-meteo_ecmwf_ifs,daily,12.831,4.131,6.24,6.656,1.9168428,88.374825,12.300001,20.16497805865303,1.0038597979486708
2020-09-06 00:00:00+00:00,-35.54333,-72.09444,210.0,open-meteo_ecmwf_ifs,daily,17.981,6.131,19.72,6.89975,2.7016897,80.54426,0.0,20.35689179686736,2.5119198404715624
2020-09-07 00:00:00+00:00,-35.54333,-72.09444,210.0,open-meteo_ecmwf_ifs,daily,16.231,4.6809998,15.31,7.5955834,1.4606901,89.52007,0.0,20.54939965236335,1.8066754880364617
2020-09-08 00:00:00+00:00,-35.54333,-72.09444,210.0,open-meteo_ecmwf_ifs,daily,10.731,6.131,3.16,7.2643332,2.5125325,90.938354,3.4000003,20.742432653167263,0.7380292036073626
2020-09-09 00:00:00+00:00,-35.54333,-72.09444,210.0,open-meteo_ecmwf_ifs,daily,16.881,8.1310005,14.75,8.647666,2.5513742,83.886345,8.099999,20.93592172771996,2.08701077979848
2020-09-10 00:00:00+00:00,-35.54333,-72.09444,210.0,open-meteo_ecmwf_ifs,daily,15.531,4.381,12.59,7.8476663,2.5140378,85.66647,0.1,21.12979775609176,1.5515417824850628
2020-09-11 00:00:00+00:00,-35.54333,-72.09444,210.0,open-meteo_ecmwf_ifs,daily,13.631,4.131,20.85,4.6080832,4.2861314,76.79412,0.0,21.32399162126505,2.331114366669152
2020-09-12 00:00:00+00:00,-35.54333,-72.09444,210.0,open-meteo_ecmwf_ifs,daily,15.431,4.281,20.67,4.997667,3.9101412,76.785866,0.0,21.518434260382374,2.502754780139636
2020-09-13 00:00:00+00:00,-35.54333,-72.09444,210.0,open-meteo_ecmwf_ifs,daily,15.481,4.581,21.45,4.3580832,5.3703866,72.92512,0.0,21.713056715856975,2.8016207102305577
2020-09-14 00:00:00+00:00,-35.54333,-72.09444,210.0,open-meteo_ecmwf_ifs,daily,18.981,5.231,21.55,4.3872504,4.943849,64.93844,0.0,21.907790186243645,3.3798889051507612
2020-09-15 00:00:00+00:00,-35.54333,-72.09444,210.0,open-meteo_ecmwf_ifs,daily,15.681,4.631,12.99,7.881001,2.0786898,84.217415,0.0,22.102566076767665,1.6525351953452323
2020-09-16 00:00:00+00:00,-35.54333,-72.09444,210.0,open-meteo_ecmwf_ifs,daily,18.681002,6.081,17.73,9.145583,2.0202935,87.30015,0.9,22.297316049410306,2.274167541917215
2020-09-17 00:00:00+00:00,-35.54333,-72.09444,210.0,open-meteo_ecmwf_ifs,daily,18.581001,6.131,20.3,9.176833,2.6844053,83.915726,0.0,22.49197207245074,2.4849292698576257
2020-09-18 00:00:00+00:00,-35.54333,-72.09444,210.0,open-meteo_ecmwf_ifs,daily,16.481,6.731,21.65,6.5664163,5.504357,74.353584,0.0,22.686466469364774,2.9273375109863964
2020-09-19 00:00:00+00:00,-35.54333,-72.09444,210.0,open-meteo_ecmwf_ifs,daily,19.431002,5.831,22.95,3.12475,6.6029778,56.478687,0.0,22.88073196698318,4.1335179807135045
2020-09-20 00:00:00+00:00,-35.54333,-72.09444,210.0,open-meteo_ecmwf_ifs,daily,20.181002,4.881,22.19,6.799751,1.9672703,71.304115,0.0,23.074701742813488,2.9038268315034017
2020-09-21 00:00:00+00:00,-35.54333,-72.09444,210.0,open-meteo_ecmwf_ifs,daily,20.481,5.9309998,20.08,9.456,1.8378344,81.10757,0.0,23.26830947143153,2.6359218468953833
2020-09-22 00:00:00+00:00,-35.54333,-72.09444,210.0,open-meteo_ecmwf_ifs,daily,18.181002,5.981,20.37,7.1414165,2.606446,72.92674,0.0,23.46148936985155,2.7384448565850255
2020-09-23 00:00:00+00:00,-35.54333,-72.09444,210.0,open-meteo_ecmwf_ifs,daily,20.731,5.531,22.94,8.043499,2.6285112,75.72446,0.0,23.6541762417859,3.0674321886774267
2020-09-24 00:00:00+00:00,-35.54333,-72.09444,210.0,open-meteo_ecmwf_ifs,daily,22.081001,6.531,23.28,8.674749,2.0354376,74.19854,0.0,23.846305520708682,3.2266334707986872
2020-09-25 00:00:00+00:00,-35.54333,-72.09444,210.0,open-meteo_ecmwf_ifs,daily,12.731,7.381,8.95,6.728916,2.8694742,82.32816,0.2,24.03781331164057,1.5860588428208124
2020-09-26 00:00:00+00:00,-35.54333,-72.09444,210.0,open-meteo_ecmwf_ifs,daily,12.681,5.881,10.17,6.316417,1.1836107,81.653366,0.3,24.228636431575595,1.5056136294227582
2020-09-27 00:00:00+00:00,-35.54333,-72.09444,210.0,open-meteo_ecmwf_ifs,daily,17.731,6.381,23.53,6.7664165,3.301839,78.64918,0.0,24.4187124484744,3.1200759366139517
2020-09-28 00:00:00+00:00,-35.54333,-72.09444,210.0,open-meteo_ecmwf_ifs,daily,18.031,5.781,20.38,7.2309995,2.7708893,77.85591,0.0,24.607979718752073,2.7679013704880084
2020-09-29 00:00:00+00:00,-35.54333,-72.09444,210.0,open-meteo_ecmwf_ifs,daily,12.881,4.381,12.0,5.5830836,3.8693244,81.42179,0.1,24.796377423193224,1.7182172026166713
2020-09-30 00:00:00+00:00,-35.54333,-72.09444,210.0,open-meteo_ecmwf_ifs,daily,13.781,6.581,15.87,5.3101664,3.0758402,75.52096,1.2,24.983845601231014,2.3482986933181262
2020-10-01 00:00:00+00:00,-35.54333,-72.09444,210.0,open-meteo_ecmwf_ifs,daily,13.881,4.381,22.56,2.6851666,3.5158288,68.400536,0.0,25.17032518353129,2.942372469122814
2020-10-02 00:00:00+00:00,-35.54333,-72.09444,210.0,open-meteo_ecmwf_ifs,daily,15.581,3.881,21.96,3.9414167,2.783965,73.93009,0.3,25.355758022828134,2.8404783016097337
2020-10-03 00:00:00+00:00,-35.54333,-72.09444,210.0,open-meteo_ecmwf_ifs,daily,13.531,3.3309999,21.76,2.526833,2.0156186,68.05718,1.3000001,25.540086922961528,2.6602877932564803
2020-10-04 00:00:00+00:00,-35.54333,-72.09444,210.0,open-meteo_ecmwf_ifs,daily,15.131,2.131,24.39,2.826833,2.9314232,69.53238,0.0,25.72325566607329,2.9218065819986423
2020-10-05 00:00:00+00:00,-35.54333,-72.09444,210.0,open-meteo_ecmwf_ifs,daily,17.431002,5.531,24.99,4.6518335,3.8287485,65.99796,0.0,25.905209037922447,3.4967035225534087
2020-10-06 00:00:00+00:00,-35.54333,-72.09444,210.0,open-meteo_ecmwf_ifs,daily,17.681002,5.1809998,25.46,5.4372497,3.3365297,70.767685,0.0,26.085892851286438,3.3837718005283803
2020-10-07 00:00:00+00:00,-35.54333,-72.09444,210.0,open-meteo_ecmwf_ifs,daily,17.131,5.281,26.08,4.3580832,4.199902,66.05194,0.0,26.265253967420477,3.5899941626955814
2020-10-08 00:00:00+00:00,-35.54333,-72.09444,210.0,open-meteo_ecmwf_ifs,daily,17.381,5.781,20.32,5.6726665,3.3118064,69.65699,0.5,26.44324031555218,3.0252392315803176
2020-10-09 00:00:00+00:00,-35.54333,-72.09444,210.0,open-meteo_ecmwf_ifs,daily,21.831001,7.981,26.06,8.260166,4.1160035,71.16215,0.0,26.61980091039493,4.067845648756031
2020-10-10 00:00:00+00:00,-35.54333,-72.09444,210.0,open-meteo_ecmwf_ifs,daily,17.831001,8.531,26.01,7.4164176,5.277022,69.188896,0.0,26.79488586766863,3.759940841634813
2020-10-11 00:00:00+00:00,-35.54333,-72.09444,210.0,open-meteo_ecmwf_ifs,daily,23.231,7.231,26.51,6.8664165,5.038052,64.94936,0.0,26.968446417622328,4.572977243915464
2020-10-12 00:00:00+00:00,-35.54333,-72.09444,210.0,open-meteo_ecmwf_ifs,daily,23.881,9.181,26.42,7.0893326,3.8219414,56.990047,0.0,27.14043491655915,4.723931835784106
2020-10-13 00:00:00+00:00,-35.54333,-72.09444,210.0,open-meteo_ecmwf_ifs,daily,23.381,8.681,26.49,7.9497504,4.0686073,61.15682,0.0,27.31080485636919,4.522435329306879
2020-10-14 00:00:00+00:00,-35.54333,-72.09444,210.0,open-meteo_ecmwf_ifs,daily,20.831001,8.581,21.3,10.335166,3.0221422,74.68752,0.0,27.479510872082326,3.242004776969325
2020-10-15 00:00:00+00:00,-35.54333,-72.09444,210.0,open-meteo_ecmwf_ifs,daily,26.181002,9.981,26.23,12.493499,1.9274272,78.87921,0.0,27.64650874745808,4.190141630511331
2020-10-16 00:00:00+00:00,-35.54333,-72.09444,210.0,open-meteo_ecmwf_ifs,daily,17.781,9.581,21.2,11.499749,2.8795617,81.513954,0.0,27.81175541863539,2.8060055139878894
2020-10-17 00:00:00+00:00,-35.54333,-72.09444,210.0,open-meteo_ecmwf_ifs,daily,23.131,7.731,26.01,9.828916,1.8777934,79.90597,0.0,27.975208975870853,3.8690083187474245
2020-10-18 00:00:00+00:00,-35.54333,-72.09444,210.0,open-meteo_ecmwf_ifs,daily,20.081001,7.781,27.08,7.153916,2.9122038,71.456505,0.0,28.136828663398948,4.008970341704929
2020-10-19 00:00:00+00:00,-35.54333,-72.09444,210.0,open-meteo_ecmwf_ifs,daily,19.781,6.531,27.71,4.56225,3.6230068,62.285244,0.0,28.29657487745349,4.266367841592474
2020-10-20 00:00:00+00:00,-35.54333,-72.09444,210.0,open-meteo_ecmwf_ifs,daily,22.581001,7.331,28.03,6.360167,3.7560902,60.236767,1.2,28.45440916249429,4.583895729557882
2020-10-21 00:00:00+00:00,-35.54333,-72.09444,210.0,open-meteo_ecmwf_ifs,daily,22.781,7.531,27.87,7.8580823,2.4663434,67.45751,0.0,28.61029420568812,4.26885284328655
2020-10-22 00:00:00+00:00,-35.54333,-72.09444,210.0,open-meteo_ecmwf_ifs,daily,23.831001,8.581,28.1,8.045583,2.3303137,65.65647,0.0,28.764193829697703,4.492546788614252
2020-10-23 00:00:00+00:00,-35.54333,-72.09444,210.0,open-meteo_ecmwf_ifs,daily,24.031,7.1809998,28.31,7.097667,2.172432,64.40792,0.0,28.91607298383716,4.438909349660502
2020-10-24 00:00:00+00:00,-35.54333,-72.09444,210.0,open-meteo_ecmwf_ifs,daily,20.181002,5.631,26.83,7.008083,2.6815586,70.693825,0.5,29.065897733656318,3.7905681127965183
2020-10-25 00:00:00+00:00,-35.54333,-72.09444,210.0,open-meteo_ecmwf_ifs,daily,18.631,6.631,28.66,6.3643327,3.4472742,71.34852,5.2999997,29.21363524902068,4.006476103632469
2020-10-26 00:00:00+00:00,-35.54333,-72.09444,210.0,open-meteo_ecmwf_ifs,daily,20.281,5.581,27.9,5.7955832,2.8251486,65.771675,0.0,29.359253790757233,4.04831821805152
2020-10-27 00:00:00+00:00,-35.54333,-72.09444,210.0,open-meteo_ecmwf_ifs,daily,14.431,8.531,10.76,7.2309995,2.5256433,78.562546,5.9,29.502722695940225,2.03620343802445
2020-10-28 00:00:00+00:00,-35.54333,-72.09444,210.0,open-meteo_ecmwf_ifs,daily,18.481,8.1310005,27.13,5.9518332,3.1547086,67.368675,0.0,29.644012361893566,4.108166675183081
2020-10-29 00:00:00+00:00,-35.54333,-72.09444,210.0,open-meteo_ecmwf_ifs,daily,22.981,6.331,29.5,5.558083,4.3674216,59.988163,0.0,29.78309422899018,4.894677338193974
2020-10-30 00:00:00+00:00,-35.54333,-72.09444,210.0,open-meteo_ecmwf_ifs,daily,27.931002,9.381,29.29,10.7685,1.7798533,66.92132,0.0,29.919940762330288,4.889557321025949
2020-10-31 00:00:00+00:00,-35.54333,-72.09444,210.0,open-meteo_ecmwf_ifs,daily,27.031,10.331,29.71,11.072667,2.1881738,64.29696,0.0,30.054525432383418,5.011936102441864
2020-11-01 00:00:00+00:00,-35.54333,-72.09444,210.0,open-meteo_ecmwf_ifs,daily,23.731,9.831,29.29,9.82475,1.8696069,69.24476,0.0,30.18682269468058,4.619854528737499
2020-11-02 00:00:00+00:00,-35.54333,-72.09444,210.0,open-meteo_ecmwf_ifs,daily,24.631,8.581,29.4,10.718499,1.6592216,74.9051,0.0,30.31680796864411,4.5245167242318844
2020-11-03 00:00:00+00:00,-35.54333,-72.09444,210.0,open-meteo_ecmwf_ifs,daily,26.431002,9.531,29.39,11.3601675,1.7207042,75.85342,0.0,30.444457615644613,4.762524637278192
2020-11-04 00:00:00+00:00,-35.54333,-72.09444,210.0,open-meteo_ecmwf_ifs,daily,21.881,9.381,26.32,8.27475,3.3457496,65.067444,0.0,30.569748916374078,4.422833530248022
2020-11-05 00:00:00+00:00,-35.54333,-72.09444,210.0,open-meteo_ecmwf_ifs,daily,23.131,8.231,31.27,3.4205837,5.622968,48.923664,0.0,30.692660047625417,5.95173829370784
2020-11-06 00:00:00+00:00,-35.54333,-72.09444,210.0,open-meteo_ecmwf_ifs,daily,24.731,8.481,30.59,7.508084,4.253071,59.623215,0.0,30.81317005856824,5.3538834153185615
2020-11-07 00:00:00+00:00,-35.54333,-72.09444,210.0,open-meteo_ecmwf_ifs,daily,27.981,10.681,30.76,10.466416,3.5467994,63.289593,0.0,30.931258846610106,5.672802570957017
2020-11-08 00:00:00+00:00,-35.54333,-72.09444,210.0,open-meteo_ecmwf_ifs,daily,25.731,10.831,30.8,9.822665,2.7371953,60.981304,0.0,31.04690713293191,5.315901581403039
2020-11-09 00:00:00+00:00,-35.54333,-72.09444,210.0,open-meteo_ecmwf_ifs,daily,26.831001,11.281,30.7,9.314332,3.5574675,62.332752,0.0,31.160096437784897,5.750771753163217
2020-11-10 00:00:00+00:00,-35.54333,-72.09444,210.0,open-meteo_ecmwf_ifs,daily,26.531,11.331,30.78,11.564334,2.681729,66.32992,0.0,31.27080905563461,5.304677353546332
2020-11-11 00:00:00+00:00,-35.54333,-72.09444,210.0,open-meteo_ecmwf_ifs,daily,23.981,10.431,27.57,10.606001,2.2080975,75.55466,0.0,31.37902803023615,4.5715141982519185
2020-11-12 00:00:00+00:00,-35.54333,-72.09444,210.0,open-meteo_ecmwf_ifs,daily,25.681002,11.381,28.43,10.660167,2.8138685,70.208275,0.0,31.484737129721793,5.075529307924411
2020-11-13 00:00:00+00:00,-35.54333,-72.09444,210.0,open-meteo_ecmwf_ifs,daily,20.581001,11.031,19.49,9.458083,2.7900102,71.94552,0.1,31.587920821780237,3.6060377696067563
2020-11-14 00:00:00+00:00,-35.54333,-72.09444,210.0,open-meteo_ecmwf_ifs,daily,22.231,10.231,31.06,6.491417,3.7843628,58.865482,0.0,31.68856424900306,5.394205165078885
2020-11-15 00:00:00+00:00,-35.54333,-72.09444,210.0,open-meteo_ecmwf_ifs,daily,24.981,8.481,31.92,5.7747498,3.8706703,53.125584,0.0,31.78665320447153,5.726860807013827
2020-11-16 00:00:00+00:00,-35.54333,-72.09444,210.0,open-meteo_ecmwf_ifs,daily,26.531,10.631,31.72,7.9164176,3.060724,58.33382,0.0,31.882174107652656,5.801583764388707
2020-11-17 00:00:00+00:00,-35.54333,-72.09444,210.0,open-meteo_ecmwf_ifs,daily,22.481,10.931,31.49,10.041417,2.9458668,65.486244,0.0,31.975113980670134,5.036540623309965
2020-11-18 00:00:00+00:00,-35.54333,-72.09444,210.0,open-meteo_ecmwf_ifs,daily,25.931002,9.581,30.29,10.5789175,1.9832503,73.35273,0.0,32.0654604250116,5.008369532467788
2020-11-19 00:00:00+00:00,-35.54333,-72.09444,210.0,open-meteo_ecmwf_ifs,daily,23.231,10.981,29.73,10.378917,2.4049942,68.67126,0.0,32.15320159872959,4.873904741647221
2020-11-20 00:00:00+00:00,-35.54333,-72.09444,210.0,open-meteo_ecmwf_ifs,daily,21.281,10.731,23.79,7.7685013,2.5177429,67.96229,0.0,32.23832619418905,4.268174167685405
2020-11-21 00:00:00+00:00,-35.54333,-72.09444,210.0,open-meteo_ecmwf_ifs,daily,23.081001,6.831,31.26,7.8643327,1.716914,68.855064,0.0,32.320823416410164,4.707596336654705
2020-11-22 00:00:00+00:00,-35.54333,-72.09444,210.0,open-meteo_ecmwf_ifs,daily,26.931002,9.981,32.03,7.7705836,3.3254383,56.39464,0.0,32.40068296205024,5.914132042422361
2020-11-23 00:00:00+00:00,-35.54333,-72.09444,210.0,open-meteo_ecmwf_ifs,daily,24.781,11.281,31.55,8.560167,3.5510256,56.92114,0.0,32.47789499906405,5.7107001466942595
2020-11-24 00:00:00+00:00,-35.54333,-72.09444,210.0,open-meteo_ecmwf_ifs,daily,23.281,9.781,32.2,6.8747497,3.5629756,57.003326,0.0,32.55245014707751,5.5506849865549235
2020-11-25 00:00:00+00:00,-35.54333,-72.09444,210.0,open-meteo_ecmwf_ifs,daily,25.031,9.881,32.24,8.391417,3.9616587,63.8299,0.0,32.624339458504394,5.706047329747677
2020-11-26 00:00:00+00:00,-35.54333,-72.09444,210.0,open-meteo_ecmwf_ifs,daily,28.931002,10.181,33.47,1.0601667,6.209891,35.080177,0.0,32.6935544004319,8.091583342214884
2020-11-27 00:00:00+00:00,-35.54333,-72.09444,210.0,open-meteo_ecmwf_ifs,daily,27.181002,11.881,32.39,5.370583,4.0189395,42.90437,0.0,32.7600868372959,6.741382929050479
2020-11-28 00:00:00+00:00,-35.54333,-72.09444,210.0,open-meteo_ecmwf_ifs,daily,25.531,9.281,32.89,8.189334,2.83312,61.80754,0.0,32.82392901436218,5.600458244921697
2020-11-29 00:00:00+00:00,-35.54333,-72.09444,210.0,open-meteo_ecmwf_ifs,daily,27.031,12.281,32.7,6.9726663,4.889523,56.872562,0.0,32.88507354202644,6.8942154137008504
2020-11-30 00:00:00+00:00,-35.54333,-72.09444,210.0,open-meteo_ecmwf_ifs,daily,29.331001,9.881,33.45,4.8226666,4.3239036,42.717464,0.0,32.94351338094096,7.036879829106053
2020-12-01 00:00:00+00:00,-35.54333,-72.09444,210.0,open-meteo_ecmwf_ifs,daily,26.831001,11.881,28.53,7.1476665,3.836401,49.141754,0.0,32.99924182797252,6.064447626853555
2020-12-02 00:00:00+00:00,-35.54333,-72.09444,210.0,open-meteo_ecmwf_ifs,daily,26.381,10.131,32.72,6.5747495,3.3287745,53.906048,0.0,33.0522525029924,6.0936251587299655
2020-12-03 00:00:00+00:00,-35.54333,-72.09444,210.0,open-meteo_ecmwf_ifs,daily,26.131,11.131,33.33,3.3330834,5.476528,42.3299,0.0,33.10253933649588,7.264717233179289
2020-12-04 00:00:00+00:00,-35.54333,-72.09444,210.0,open-meteo_ecmwf_ifs,daily,30.181002,10.131,33.41,5.122667,3.4808953,41.88872,0.0,33.15009655804609,6.859474217737624
2020-12-05 00:00:00+00:00,-35.54333,-72.09444,210.0,open-meteo_ecmwf_ifs,daily,29.531,14.231,33.05,9.760166,1.8973465,49.804565,0.0,33.19491868553368,6.270017173836201
2020-12-06 00:00:00+00:00,-35.54333,-72.09444,210.0,open-meteo_ecmwf_ifs,daily,30.681002,12.331,33.53,7.956001,2.2270553,46.79315,0.0,33.23700051524208,6.477233593469044
2020-12-07 00:00:00+00:00,-35.54333,-72.09444,210.0,open-meteo_ecmwf_ifs,daily,26.331001,11.531,33.66,8.928916,2.7404492,58.2653,0.0,33.276337112705896,6.015417876456405
2020-12-08 00:00:00+00:00,-35.54333,-72.09444,210.0,open-meteo_ecmwf_ifs,daily,27.331001,9.081,33.19,8.653916,3.2066526,62.89807,0.0,33.312923804348166,5.897161489352743
2020-12-09 00:00:00+00:00,-35.54333,-72.09444,210.0,open-meteo_ecmwf_ifs,daily,30.181002,12.831,34.2,6.620584,4.0910153,44.608383,0.0,33.34675616988148,7.4440937087987065
2020-12-10 00:00:00+00:00,-35.54333,-72.09444,210.0,open-meteo_ecmwf_ifs,daily,22.931002,9.681,30.25,6.6372504,3.4207504,54.738003,0.0,33.37783003545644,5.344995258116315
2020-12-11 00:00:00+00:00,-35.54333,-72.09444,210.0,open-meteo_ecmwf_ifs,daily,24.831001,9.781,33.57,6.460165,3.7628374,57.01595,0.0,33.40614146754114,6.045648178822032
2020-12-12 00:00:00+00:00,-35.54333,-72.09444,210.0,open-meteo_ecmwf_ifs,daily,22.581001,10.131,26.34,8.341416,3.7080233,62.15257,3.2,33.43168676751456,4.801819548835332
2020-12-13 00:00:00+00:00,-35.54333,-72.09444,210.0,open-meteo_ecmwf_ifs,daily,27.231,10.881,34.43,5.9184985,4.7463994,58.48686,0.0,33.4544624669577,6.989241822806525
2020-12-14 00:00:00+00:00,-35.54333,-72.09444,210.0,open-meteo_ecmwf_ifs,daily,26.031,11.031,33.02,5.206,5.16647,43.034237,0.0,33.474465323626085,6.888913332098482
2020-12-15 00:00:00+00:00,-35.54333,-72.09444,210.0,open-meteo_ecmwf_ifs,daily,27.831001,10.681,34.51,3.8080828,4.948302,46.841763,0.0,33.49169231808882,7.382510956648588
2020-12-16 00:00:00+00:00,-35.54333,-72.09444,210.0,open-meteo_ecmwf_ifs,daily,30.531,10.681,34.19,4.7309995,3.987032,41.16428,0.0,33.50614065102031,7.32592195389443
2020-12-17 00:00:00+00:00,-35.54333,-72.09444,210.0,open-meteo_ecmwf_ifs,daily,30.131,12.231,33.45,8.918501,2.618713,49.940052,0.0,33.517807741132,6.519459046676384
2020-12-18 00:00:00+00:00,-35.54333,-72.09444,210.0,open-meteo_ecmwf_ifs,daily,18.531,11.631,16.78,8.956,3.7132761,69.12706,0.6,33.52669122373365,3.4098302271298544
2020-12-19 00:00:00+00:00,-35.54333,-72.09444,210.0,open-meteo_ecmwf_ifs,daily,24.031,10.081,28.85,8.485166,3.2247028,67.11993,0.2,33.53278894991509,5.162387228444046
2020-12-20 00:00:00+00:00,-35.54333,-72.09444,210.0,open-meteo_ecmwf_ifs,daily,27.281,11.381,33.87,6.0289173,4.121885,50.208267,0.0,33.53609898634183,6.836936052456711
2020-12-21 00:00:00+00:00,-35.54333,-72.09444,210.0,open-meteo_ecmwf_ifs,daily,31.081001,11.581,34.06,7.4289174,4.069016,46.250095,0.0,33.536619615659895,7.293635710491472
2020-12-22 00:00:00+00:00,-35.54333,-72.09444,210.0,open-meteo_ecmwf_ifs,daily,31.381,13.731,34.16,8.299748,4.2374077,45.35819,0.0,33.53434933750738,7.65256110428958
2020-12-23 00:00:00+00:00,-35.54333,-72.09444,210.0,open-meteo_ecmwf_ifs,daily,29.531,13.231,33.77,9.19975,4.8752017,48.128056,0.0,33.529286870133056,7.313389460176141
2020-12-24 00:00:00+00:00,-35.54333,-72.09444,210.0,open-meteo_ecmwf_ifs,daily,30.181002,13.731,34.06,8.533084,4.080988,46.96027,0.0,33.52143115262401,7.369617339945635
2020-12-25 00:00:00+00:00,-35.54333,-72.09444,210.0,open-meteo_ecmwf_ifs,daily,32.131,14.481,34.09,9.664333,4.9607863,47.28007,0.0,33.51078134774712,7.990839015199789
2020-12-26 00:00:00+00:00,-35.54333,-72.09444,210.0,open-meteo_ecmwf_ifs,daily,32.131,14.681,33.9,11.572666,3.7564986,53.169586,0.0,33.49733684541096,7.329374553911957
2020-12-27 00:00:00+00:00,-35.54333,-72.09444,210.0,open-meteo_ecmwf_ifs,daily,27.981,13.581,32.68,12.312251,2.387173,63.497494,0.0,33.48109726675721,6.000586844056116
2020-12-28 00:00:00+00:00,-35.54333,-72.09444,210.0,open-meteo_ecmwf_ifs,daily,29.331001,13.881,33.11,12.114333,2.8525264,61.79512,0.0,33.46206246889196,6.387354037117224
2020-12-29 00:00:00+00:00,-35.54333,-72.09444,210.0,open-meteo_ecmwf_ifs,daily,26.331001,12.231,33.65,9.841416,3.2274466,59.392376,0.0,33.44023255026975,6.133407718672577
2020-12-30 00:00:00+00:00,-35.54333,-72.09444,210.0,open-meteo_ecmwf_ifs,daily,26.831001,11.531,33.87,5.0497503,5.1991777,49.593037,0.0,33.4156078567438,7.219075985731729
2020-12-31 00:00:00+00:00,-35.54333,-72.09444,210.0,open-meteo_ecmwf_ifs,daily,31.081001,12.081,30.86,6.433083,5.0404596,42.269703,0.0,33.388188988297905,7.5237824092666035
2021-01-01 00:00:00+00:00,-35.54333,-72.09444,210.0,open-meteo_ecmwf_ifs,daily,30.731,14.281,32.82,10.633082,2.8681023,49.885986,0.0,33.388188988297905,6.721301020851514
2021-01-02 00:00:00+00:00,-35.54333,-72.09444,210.0,open-meteo_ecmwf_ifs,daily,26.581001,16.581001,24.81,9.881,2.7759104,49.09785,0.0,33.357976806475705,5.582799288809497
2021-01-03 00:00:00+00:00,-35.54333,-72.09444,210.0,open-meteo_ecmwf_ifs,daily,31.331001,15.031,32.64,9.960168,3.7349548,49.337368,0.0,33.32497244252389,7.281083362679807
2021-01-04 00:00:00+00:00,-35.54333,-72.09444,210.0,open-meteo_ecmwf_ifs,daily,29.531,14.481,33.97,7.010166,4.7965136,43.447437,0.0,33.28917730626627,7.8060485352269895
2021-01-05 00:00:00+00:00,-35.54333,-72.09444,210.0,open-meteo_ecmwf_ifs,daily,28.481,14.031,33.37,8.806001,2.7185667,46.445118,0.0,33.2505930957252,6.558458767164022
2021-01-06 00:00:00+00:00,-35.54333,-72.09444,210.0,open-meteo_ecmwf_ifs,daily,29.831001,16.481,30.35,11.128915,2.7951267,52.406433,0.0,33.20922180750641,6.504892094531791
2021-01-07 00:00:00+00:00,-35.54333,-72.09444,210.0,open-meteo_ecmwf_ifs,daily,29.781,14.131,32.61,9.778916,4.164187,50.84714,0.0,33.16506574796276,7.068589931243988
2021-01-08 00:00:00+00:00,-35.54333,-72.09444,210.0,open-meteo_ecmwf_ifs,daily,28.931002,14.131,30.35,5.5039163,3.5626318,38.43494,0.0,33.11812754515055,6.915146996373324
2021-01-09 00:00:00+00:00,-35.54333,-72.09444,210.0,open-meteo_ecmwf_ifs,daily,25.831001,9.681,33.63,4.981,2.9017956,48.775623,0.0,33.068410161590975,6.071469810647422
2021-01-10 00:00:00+00:00,-35.54333,-72.09444,210.0,open-meteo_ecmwf_ifs,daily,25.131,9.631,33.11,7.6664166,2.9323428,59.56624,0.0,33.01591690784685,5.698433630638031
2021-01-11 00:00:00+00:00,-35.54333,-72.09444,210.0,open-meteo_ecmwf_ifs,daily,24.931002,11.631,32.84,7.858082,3.4164631,59.83742,0.0,32.96065145692262,5.997000728878358
2021-01-12 00:00:00+00:00,-35.54333,-72.09444,210.0,open-meteo_ecmwf_ifs,daily,28.831001,10.331,33.31,1.8768333,3.9759223,34.461227,0.0,32.90261785949274,7.147236890960379
2021-01-13 00:00:00+00:00,-35.54333,-72.09444,210.0,open-meteo_ecmwf_ifs,daily,30.031,11.981,32.97,5.36225,2.4199073,40.710003,0.0,32.84182055996057,6.497108723175093
2021-01-14 00:00:00+00:00,-35.54333,-72.09444,210.0,open-meteo_ecmwf_ifs,daily,28.481,12.131,32.62,5.6289163,2.762304,43.54567,0.0,32.77826441334649,6.452469315407289
2021-01-15 00:00:00+00:00,-35.54333,-72.09444,210.0,open-meteo_ecmwf_ifs,daily,26.931002,13.231,31.18,8.041417,4.0062613,51.020634,0.0,32.71195470300015,6.476903393882896
2021-01-16 00:00:00+00:00,-35.54333,-72.09444,210.0,open-meteo_ecmwf_ifs,daily,29.331001,11.781,33.35,3.522666,5.768761,40.243286,0.0,32.64289715912817,7.989433029745673
2021-01-17 00:00:00+00:00,-35.54333,-72.09444,210.0,open-meteo_ecmwf_ifs,daily,31.731,13.131,32.58,6.3434997,4.709704,42.121586,0.0,32.57109797812393,7.798285845525533
2021-01-18 00:00:00+00:00,-35.54333,-72.09444,210.0,open-meteo_ecmwf_ifs,daily,32.531,14.381,32.1,9.408083,3.1438649,45.000046,0.0,32.49656384268236,7.031897050506372
2021-01-19 00:00:00+00:00,-35.54333,-72.09444,210.0,open-meteo_ecmwf_ifs,daily,29.581001,16.481,31.78,12.845584,2.526561,53.668232,0.0,32.419301942677464,6.3582026160214005
2021-01-20 00:00:00+00:00,-35.54333,-72.09444,210.0,open-meteo_ecmwf_ifs,daily,29.431002,17.031,31.72,13.528915,2.2990298,58.056553,0.0,32.339319996776155,6.265393334314478
2021-01-21 00:00:00+00:00,-35.54333,-72.09444,210.0,open-meteo_ecmwf_ifs,daily,33.181,16.581001,32.02,11.860166,3.0849698,54.425198,0.0,32.25662627475703,7.137882577180314
2021-01-22 00:00:00+00:00,-35.54333,-72.09444,210.0,open-meteo_ecmwf_ifs,daily,32.631,17.481,31.76,12.928918,2.9658897,53.214035,0.0,32.171229620498,6.999978806857527
2021-01-23 00:00:00+00:00,-35.54333,-72.09444,210.0,open-meteo_ecmwf_ifs,daily,28.531,17.231,31.33,13.489333,2.3502316,58.333862,0.0,32.08313947559162,6.138315814297114
2021-01-24 00:00:00+00:00,-35.54333,-72.09444,210.0,open-meteo_ecmwf_ifs,daily,31.681002,16.481,31.54,13.22475,2.0751755,56.040054,0.0,31.992365903542645,6.337043993483934
2021-01-25 00:00:00+00:00,-35.54333,-72.09444,210.0,open-meteo_ecmwf_ifs,daily,31.781,15.331,31.91,5.9789166,2.849761,36.906155,0.0,31.898919614497274,7.05469803912915
2021-01-26 00:00:00+00:00,-35.54333,-72.09444,210.0,open-meteo_ecmwf_ifs,daily,29.831001,13.781,31.61,6.7914166,3.6820698,42.21554,0.0,31.802811990448753,6.969711176817775
2021-01-27 00:00:00+00:00,-35.54333,-72.09444,210.0,open-meteo_ecmwf_ifs,daily,28.081001,12.981,31.02,6.8539166,3.230601,44.40416,0.0,31.704055110860107,6.371204793918901
2021-01-28 00:00:00+00:00,-35.54333,-72.09444,210.0,open-meteo_ecmwf_ifs,daily,26.681002,14.681,25.81,8.895583,3.7515852,50.783398,0.0,31.60266177863967,5.849781109768022
2021-01-29 00:00:00+00:00,-35.54333,-72.09444,210.0,open-meteo_ecmwf_ifs,daily,20.131,16.031,12.83,14.660167,3.6006155,82.11901,13.900001,31.49864554640155,2.6846400992625306
2021-01-30 00:00:00+00:00,-35.54333,-72.09444,210.0,open-meteo_ecmwf_ifs,daily,20.481,14.631,11.94,14.987247,2.2691884,90.283844,62.9,31.39202074293879,2.315357768639788
2021-01-31 00:00:00+00:00,-35.54333,-72.09444,210.0,open-meteo_ecmwf_ifs,daily,21.781,14.881,18.29,15.245584,1.8087039,87.85373,10.8,31.282802499833558,3.207342269923543
2021-02-01 00:00:00+00:00,-35.54333,-72.09444,210.0,open-meteo_ecmwf_ifs,daily,20.531,13.531,17.04,14.526834,1.6933384,88.248146,2.7,31.171006778125268,2.876694939160511
2021-02-02 00:00:00+00:00,-35.54333,-72.09444,210.0,open-meteo_ecmwf_ifs,daily,23.881,12.781,27.67,14.039332,1.4570936,80.42534,0.3,31.056650394954328,4.477051146054227
2021-02-03 00:00:00+00:00,-35.54333,-72.09444,210.0,open-meteo_ecmwf_ifs,daily,28.381,13.481,30.46,14.774749,1.8456799,73.812454,0.0,30.939751050096437,5.316817834025747
2021-02-04 00:00:00+00:00,-35.54333,-72.09444,210.0,open-meteo_ecmwf_ifs,daily,27.031,17.081001,30.52,16.24975,2.3311021,70.81725,0.0,30.820327352300072,5.51150841329694
2021-02-05 00:00:00+00:00,-35.54333,-72.09444,210.0,open-meteo_ecmwf_ifs,daily,23.581001,13.381,27.33,14.470584,2.5250893,81.99809,0.0,30.6983988453375,4.411414822013184
2021-02-06 00:00:00+00:00,-35.54333,-72.09444,210.0,open-meteo_ecmwf_ifs,daily,22.881,13.581,14.1,14.418499,1.4820104,82.76826,0.2,30.57398603367805,2.707055315338727
2021-02-07 00:00:00+00:00,-35.54333,-72.09444,210.0,open-meteo_ecmwf_ifs,daily,24.131,13.431,19.84,13.951831,2.0770495,76.94952,0.4,30.447110407691195,3.622182306937328
2021-02-08 00:00:00+00:00,-35.54333,-72.09444,210.0,open-meteo_ecmwf_ifs,daily,25.381,11.831,22.79,13.633084,1.7309929,77.81541,0.1,30.317794468285598,3.931148793174307
2021-02-09 00:00:00+00:00,-35.54333,-72.09444,210.0,open-meteo_ecmwf_ifs,daily,30.231,14.931,28.94,15.130998,1.9542166,72.636925,0.0,30.186061750890282,5.412365237555594
2021-02-10 00:00:00+00:00,-35.54333,-72.09444,210.0,open-meteo_ecmwf_ifs,daily,28.231,16.131,28.52,16.401834,1.9675403,74.95207,0.0,30.05193684868357,5.173993199564102
2021-02-11 00:00:00+00:00,-35.54333,-72.09444,210.0,open-meteo_ecmwf_ifs,daily,23.581001,15.781,17.58,15.0997505,2.197539,77.933876,0.0,29.91544543497582,3.3984010313598754
2021-02-12 00:00:00+00:00,-35.54333,-72.09444,210.0,open-meteo_ecmwf_ifs,daily,27.031,16.281,23.07,15.060165,2.0078871,71.96781,0.0,29.776614284652606,4.464578845446035
2021-02-13 00:00:00+00:00,-35.54333,-72.09444,210.0,open-meteo_ecmwf_ifs,daily,25.981,15.931,23.64,14.59975,2.0882232,72.7004,0.1,29.635471294586107,4.44240153631171
2021-02-14 00:00:00+00:00,-35.54333,-72.09444,210.0,open-meteo_ecmwf_ifs,daily,26.181002,13.381,24.71,13.358083,1.8081149,73.10569,0.0,29.49204550292386,4.379598096973799
2021-02-15 00:00:00+00:00,-35.54333,-72.09444,210.0,open-meteo_ecmwf_ifs,daily,25.181002,12.981,26.75,12.7685,2.1406808,71.868195,0.0,29.346367107165882,4.571257956019468
2021-02-16 00:00:00+00:00,-35.54333,-72.09444,210.0,open-meteo_ecmwf_ifs,daily,21.531,11.181,25.68,11.335167,2.5106423,77.80076,0.0,29.19846748094336,4.006779848017142
2021-02-17 00:00:00+00:00,-35.54333,-72.09444,210.0,open-meteo_ecmwf_ifs,daily,22.981,10.881,26.47,9.826835,2.3371856,69.78283,0.0,29.048379189414824,4.351665970978425
2021-02-18 00:00:00+00:00,-35.54333,-72.09444,210.0,open-meteo_ecmwf_ifs,daily,24.331001,8.981,27.86,9.135167,2.112234,70.05421,0.0,28.896136003198347,4.445643899620466
2021-02-19 00:00:00+00:00,-35.54333,-72.09444,210.0,open-meteo_ecmwf_ifs,daily,26.431002,11.281,27.69,9.928916,3.4351418,63.307995,0.0,28.741772910761952,5.136046802099155
2021-02-20 00:00:00+00:00,-35.54333,-72.09444,210.0,open-meteo_ecmwf_ifs,daily,27.931002,11.381,27.72,6.401833,2.7366104,45.734783,0.0,28.585326129197764,5.436046456498065
2021-02-21 00:00:00+00:00,-35.54333,-72.09444,210.0,open-meteo_ecmwf_ifs,daily,27.631,11.381,27.81,7.6434994,1.741733,50.630245,0.0,28.42683311330953,4.903171564610676
2021-02-22 00:00:00+00:00,-35.54333,-72.09444,210.0,open-meteo_ecmwf_ifs,daily,26.681002,12.631,27.4,9.122666,3.0767145,58.75583,0.0,28.266332562947024,5.279521597339474
2021-02-23 00:00:00+00:00,-35.54333,-72.09444,210.0,open-meteo_ecmwf_ifs,daily,30.181002,12.531,27.9,6.245583,4.320781,44.01109,0.0,28.103864428525824,6.549348314806125
2021-02-24 00:00:00+00:00,-35.54333,-72.09444,210.0,open-meteo_ecmwf_ifs,daily,28.881,13.431,27.19,11.160167,2.3394659,55.791683,0.0,27.939469914675218,5.147548187808571
2021-02-25 00:00:00+00:00,-35.54333,-72.09444,210.0,open-meteo_ecmwf_ifs,daily,29.481,13.831,26.96,13.097667,2.2434657,68.741875,0.0,27.7731914819622,5.036346766275556
2021-02-26 00:00:00+00:00,-35.54333,-72.09444,210.0,open-meteo_ecmwf_ifs,daily,30.781,12.481,26.66,11.910167,2.1012828,65.81565,0.0,27.605072846644628,5.018675147603544
2021-02-27 00:00:00+00:00,-35.54333,-72.09444,210.0,open-meteo_ecmwf_ifs,daily,31.331001,14.931,26.73,11.114333,3.3207734,53.16054,0.0,27.43515897841212,5.910004236320876
2021-02-28 00:00:00+00:00,-35.54333,-72.09444,210.0,open-meteo_ecmwf_ifs,daily,31.731,14.931,26.7,9.226832,4.6037736,47.34747,0.0,27.263496096078523,6.737202211988206
2021-03-01 00:00:00+00:00,-35.54333,-72.09444,210.0,open-meteo_ecmwf_ifs,daily,30.381,15.381,25.79,12.437251,3.2149909,56.55061,0.0,27.090131661195766,5.537729679665198
2021-03-02 00:00:00+00:00,-35.54333,-72.09444,210.0,open-meteo_ecmwf_ifs,daily,28.281,15.681,25.46,14.572667,1.9411526,69.074036,0.0,26.915114369564588,4.672115739760964
2021-03-03 00:00:00+00:00,-35.54333,-72.09444,210.0,open-meteo_ecmwf_ifs,daily,31.581001,16.831001,25.15,12.699752,2.6731071,59.934765,0.0,26.738494140623615,5.499690865696139
2021-03-04 00:00:00+00:00,-35.54333,-72.09444,210.0,open-meteo_ecmwf_ifs,daily,33.481,16.631,25.84,11.883082,4.1774197,51.500027,0.0,26.560322104704092,6.580866915893416
2021-03-05 00:00:00+00:00,-35.54333,-72.09444,210.0,open-meteo_ecmwf_ifs,daily,23.331001,16.531,24.26,13.622666,3.2793543,66.64616,0.0,26.380650588143897,4.404306807696638
2021-03-06 00:00:00+00:00,-35.54333,-72.09444,210.0,open-meteo_ecmwf_ifs,daily,28.981,14.181,24.22,13.503918,1.7156647,73.23066,0.0,26.19953309626043,4.399748662454737
2021-03-07 00:00:00+00:00,-35.54333,-72.09444,210.0,open-meteo_ecmwf_ifs,daily,29.881,13.981,24.56,12.2685,3.0879307,62.31606,0.0,26.017024294187888,5.061524210029293
2021-03-08 00:00:00+00:00,-35.54333,-72.09444,210.0,open-meteo_ecmwf_ifs,daily,32.781,15.381,25.57,9.635166,4.8709564,49.23892,0.0,25.83317998559094,6.8220315119173085
2021-03-09 00:00:00+00:00,-35.54333,-72.09444,210.0,open-meteo_ecmwf_ifs,daily,30.481,14.481,24.3,9.308083,2.0714643,47.96362,0.0,25.648057089272577,4.888431185338676
2021-03-10 00:00:00+00:00,-35.54333,-72.09444,210.0,open-meteo_ecmwf_ifs,daily,24.681002,12.981,17.11,9.6935,1.9195666,57.59091,0.0,25.461713613699835,3.454550563657961
2021-03-11 00:00:00+00:00,-35.54333,-72.09444,210.0,open-meteo_ecmwf_ifs,daily,26.731,12.631,23.92,10.9226675,3.6578512,66.18201,0.0,25.274208629477535,4.696126630336591
2021-03-12 00:00:00+00:00,-35.54333,-72.09444,210.0,open-meteo_ecmwf_ifs,daily,29.081001,11.531,24.04,9.020584,2.1385021,54.969666,0.0,25.08560223980541,4.4880440456146165
2021-03-13 00:00:00+00:00,-35.54333,-72.09444,210.0,open-meteo_ecmwf_ifs,daily,27.431002,14.931,23.95,10.178916,2.1402483,55.358643,0.0,24.89595554896018,4.554498510048354
2021-03-14 00:00:00+00:00,-35.54333,-72.09444,210.0,open-meteo_ecmwf_ifs,daily,26.331001,12.331,23.14,11.885167,2.1421635,71.30316,0.0,24.705330628849456,3.993291691753737
2021-03-15 00:00:00+00:00,-35.54333,-72.09444,210.0,open-meteo_ecmwf_ifs,daily,21.281,12.631,14.03,11.153918,2.3432293,75.4977,0.0,24.51379048369015,2.7499162722831088
2021-03-16 00:00:00+00:00,-35.54333,-72.09444,210.0,open-meteo_ecmwf_ifs,daily,24.181002,9.781,18.67,9.310166,1.8607279,69.59153,0.0,24.32139901286885,3.2366018983844707
2021-03-17 00:00:00+00:00,-35.54333,-72.09444,210.0,open-meteo_ecmwf_ifs,daily,26.131,11.381,22.15,10.745583,2.4079013,66.70887,0.0,24.128220972047284,3.9082146377224887
2021-03-18 00:00:00+00:00,-35.54333,-72.09444,210.0,open-meteo_ecmwf_ifs,daily,20.781,12.481,16.67,9.031,2.2474787,66.92014,0.0,23.934321932580573,3.1060795078963137
2021-03-19 00:00:00+00:00,-35.54333,-72.09444,210.0,open-meteo_ecmwf_ifs,daily,20.381,13.231,15.09,7.641416,2.222077,59.74327,0.0,23.739768239320657,3.1119909296972605
2021-03-20 00:00:00+00:00,-35.54333,-72.09444,210.0,open-meteo_ecmwf_ifs,daily,24.281,10.431,21.16,8.774749,1.8211374,66.28083,0.0,23.544626966881964,3.4926059768334077
2021-03-21 00:00:00+00:00,-35.54333,-72.09444,210.0,open-meteo_ecmwf_ifs,daily,26.481,10.981,22.06,7.847667,1.954188,55.250763,0.0,23.34896587445053,3.876496876219915
2021-03-22 00:00:00+00:00,-35.54333,-72.09444,210.0,open-meteo_ecmwf_ifs,daily,27.981,12.081,21.95,8.053916,2.2357347,51.653812,0.0,23.152853359221584,4.181704415122079
2021-03-23 00:00:00+00:00,-35.54333,-72.09444,210.0,open-meteo_ecmwf_ifs,daily,26.531,12.631,21.79,9.503918,2.4644487,56.546345,0.0,22.956358408554717,4.0695605888668585
2021-03-24 00:00:00+00:00,-35.54333,-72.09444,210.0,open-meteo_ecmwf_ifs,daily,24.381,11.881,19.39,9.718501,3.2143824,64.41585,0.0,22.759550550938787,3.768588505142389
2021-03-25 00:00:00+00:00,-35.54333,-72.09444,210.0,open-meteo_ecmwf_ifs,daily,22.581001,10.731,20.33,6.0039163,2.8821108,56.0181,0.1,22.562499805862252,3.7980156358835844
2021-03-26 00:00:00+00:00,-35.54333,-72.09444,210.0,open-meteo_ecmwf_ifs,daily,25.481,10.231,21.57,5.4205832,3.2218943,55.383434,0.0,22.365276632687245,4.303137196241747
2021-03-27 00:00:00+00:00,-35.54333,-72.09444,210.0,open-meteo_ecmwf_ifs,daily,29.031,11.681,21.84,4.3226666,4.0034266,43.280212,0.0,22.16795187862848,5.336127890263733
2021-03-28 00:00:00+00:00,-35.54333,-72.09444,210.0,open-meteo_ecmwf_ifs,daily,28.381,10.181,21.32,7.8789163,2.2910337,54.212902,0.0,21.97059672594025,3.9233775431836273
2021-03-29 00:00:00+00:00,-35.54333,-72.09444,210.0,open-meteo_ecmwf_ifs,daily,22.331001,9.981,20.03,9.981,2.3127718,72.56664,0.0,21.773282638416905,3.076147938380517
2021-03-30 00:00:00+00:00,-35.54333,-72.09444,210.0,open-meteo_ecmwf_ifs,daily,25.231,9.531,19.99,10.86225,1.638455,75.13682,0.0,21.576081307313757,3.051198432677051
2021-03-31 00:00:00+00:00,-35.54333,-72.09444,210.0,open-meteo_ecmwf_ifs,daily,25.731,11.781,19.37,11.572666,2.3846946,72.47502,0.0,21.37906459679683,3.358014289963511
2021-04-01 00:00:00+00:00,-35.54333,-72.09444,210.0,open-meteo_ecmwf_ifs,daily,24.531,9.931,19.47,11.360166,1.7207127,73.70814,0.0,21.18230448903096,2.9368675573516954
2021-04-02 00:00:00+00:00,-35.54333,-72.09444,210.0,open-meteo_ecmwf_ifs,daily,24.981,11.181,19.9,10.493501,2.5446532,70.775375,0.0,20.985873029016485,3.3832321619430616
2021-04-03 00:00:00+00:00,-35.54333,-72.09444,210.0,open-meteo_ecmwf_ifs,daily,26.831001,10.081,20.15,8.751832,2.3243043,63.24496,0.0,20.78984226928511,3.529706444969526
2021-04-04 00:00:00+00:00,-35.54333,-72.09444,210.0,open-meteo_ecmwf_ifs,daily,18.631,10.181,18.14,10.191416,2.715966,74.32295,0.0,20.59428421456606,2.516530180183648
2021-04-05 00:00:00+00:00,-35.54333,-72.09444,210.0,open-meteo_ecmwf_ifs,daily,20.431002,9.981,11.93,10.385166,2.861201,80.63353,0.0,20.39927076653292,2.217811606626347
2021-04-06 00:00:00+00:00,-35.54333,-72.09444,210.0,open-meteo_ecmwf_ifs,daily,24.181002,12.231,17.04,11.064334,1.843872,71.12151,0.0,20.20487366874169,2.857382558020107
2021-04-07 00:00:00+00:00,-35.54333,-72.09444,210.0,open-meteo_ecmwf_ifs,daily,20.731,12.331,6.36,10.570582,2.0013864,75.148415,0.2,20.011164451869387,1.8273840763253715
2021-04-08 00:00:00+00:00,-35.54333,-72.09444,210.0,open-meteo_ecmwf_ifs,daily,21.781,8.831,17.64,8.053917,2.120804,69.98858,0.0,19.818214379361745,2.711820193984657
2021-04-09 00:00:00+00:00,-35.54333,-72.09444,210.0,open-meteo_ecmwf_ifs,daily,19.981,9.031,12.02,8.558084,3.203481,75.092575,0.0,19.626094393597146,2.361881577122544
2021-04-10 00:00:00+00:00,-35.54333,-72.09444,210.0,open-meteo_ecmwf_ifs,daily,19.231,7.981,18.12,6.9768333,2.681879,71.64139,0.0,19.434875062672308,2.634479162550451
2021-04-11 00:00:00+00:00,-35.54333,-72.09444,210.0,open-meteo_ecmwf_ifs,daily,25.431002,9.681,17.99,5.8997498,5.245141,56.901005,0.0,19.2446265279134,4.417838875648736
2021-04-12 00:00:00+00:00,-35.54333,-72.09444,210.0,open-meteo_ecmwf_ifs,daily,26.631,12.381,17.78,10.178916,4.784928,62.561207,0.0,19.05541845221408,4.1229548521306905
2021-04-13 00:00:00+00:00,-35.54333,-72.09444,210.0,open-meteo_ecmwf_ifs,daily,28.181002,12.531,17.81,10.185166,3.4377537,61.373173,0.0,18.867319969299576,3.8646937888433093
2021-04-14 00:00:00+00:00,-35.54333,-72.09444,210.0,open-meteo_ecmwf_ifs,daily,25.631,12.331,17.32,10.7935,2.2095928,68.78504,0.0,18.680399634013295,3.006460338141702
2021-04-15 00:00:00+00:00,-35.54333,-72.09444,210.0,open-meteo_ecmwf_ifs,daily,25.731,10.031,17.51,9.097666,2.7406836,67.9334,0.0,18.494725373719348,3.1380522182208086
2021-04-16 00:00:00+00:00,-35.54333,-72.09444,210.0,open-meteo_ecmwf_ifs,daily,25.281,10.831,16.69,10.845582,2.065696,70.97281,0.0,18.310364440911705,2.7180746876317654
2021-04-17 00:00:00+00:00,-35.54333,-72.09444,210.0,open-meteo_ecmwf_ifs,daily,21.031,10.831,14.58,11.128918,2.2341695,77.7611,0.0,18.1273833671167,2.2082936355213123
2021-04-18 00:00:00+00:00,-35.54333,-72.09444,210.0,open-meteo_ecmwf_ifs,daily,24.481,8.781,16.18,9.228917,1.5629416,72.97184,0.1,17.945847918172586,2.384757131976903
2021-04-19 00:00:00+00:00,-35.54333,-72.09444,210.0,open-meteo_ecmwf_ifs,daily,22.681002,9.131,16.72,8.201833,2.1318605,65.34048,0.0,17.765823050965853,2.548470092284553
2021-04-20 00:00:00+00:00,-35.54333,-72.09444,210.0,open-meteo_ecmwf_ifs,daily,19.581001,9.181,11.66,10.310165,3.6318398,82.27884,8.6,17.58737287169982,1.9722991917611001
2021-04-21 00:00:00+00:00,-35.54333,-72.09444,210.0,open-meteo_ecmwf_ifs,daily,14.731,12.731,2.79,12.1435,4.2341256,90.77488,20.400002,17.41056059576737,0.9340449039658403
2021-04-22 00:00:00+00:00,-35.54333,-72.09444,210.0,open-meteo_ecmwf_ifs,daily,17.981,10.631,8.67,11.13725,1.796336,88.84788,0.0,17.23544850929477,1.4264971585291533
2021-04-23 00:00:00+00:00,-35.54333,-72.09444,210.0,open-meteo_ecmwf_ifs,daily,19.131,8.681,13.76,9.106,1.3771273,79.32781,0.0,17.062097932419512,1.778465817894078
2021-04-24 00:00:00+00:00,-35.54333,-72.09444,210.0,open-meteo_ecmwf_ifs,daily,20.581001,9.331,15.84,9.051833,3.2255456,77.73204,0.0,16.890569184360047,2.416768582835107
2021-04-25 00:00:00+00:00,-35.54333,-72.09444,210.0,open-meteo_ecmwf_ifs,daily,20.531,9.081,15.6,8.751833,3.2409716,73.45603,0.0,16.720921550330775,2.400013387328939
2021-04-26 00:00:00+00:00,-35.54333,-72.09444,210.0,open-meteo_ecmwf_ifs,daily,19.931002,9.581,14.81,9.739333,3.2370188,79.59427,0.0,16.553213250350527,2.194202935053084
2021-04-27 00:00:00+00:00,-35.54333,-72.09444,210.0,open-meteo_ecmwf_ifs,daily,19.131,6.4309998,15.39,7.8955827,2.3692722,76.03881,0.0,16.3875014099877,1.9090542530075478
2021-04-28 00:00:00+00:00,-35.54333,-72.09444,210.0,open-meteo_ecmwf_ifs,daily,20.831001,9.081,15.25,10.066416,2.271311,81.16507,0.0,16.223842033080185,2.0218465384125306
2021-04-29 00:00:00+00:00,-35.54333,-72.09444,210.0,open-meteo_ecmwf_ifs,daily,19.031,7.831,14.03,9.497666,2.1726096,81.953,0.0,16.062289976462637,1.7289962429116172
2021-04-30 00:00:00+00:00,-35.54333,-72.09444,210.0,open-meteo_ecmwf_ifs,daily,16.581001,11.131,6.92,10.914334,2.7152205,86.704956,0.6,15.902898926728506,1.3110004952643737
2021-05-01 00:00:00+00:00,-35.54333,-72.09444,210.0,open-meteo_ecmwf_ifs,daily,13.031,11.731,1.32,11.010166,2.8043816,91.33917,31.999998,15.745721379048604,0.7088533499343331
2021-05-02 00:00:00+00:00,-35.54333,-72.09444,210.0,open-meteo_ecmwf_ifs,daily,13.631,11.581,1.59,11.624748,1.4175187,94.842186,48.5,15.59080861806249,0.6248377405354515
2021-05-03 00:00:00+00:00,-35.54333,-72.09444,210.0,open-meteo_ecmwf_ifs,daily,12.731,10.481,2.46,10.701833,1.5216326,94.046776,30.699999,15.438210700853249,0.6485741415932119
2021-05-04 00:00:00+00:00,-35.54333,-72.09444,210.0,open-meteo_ecmwf_ifs,daily,18.381,6.581,13.76,9.256,1.7278923,86.40054,0.1,15.287976442010654,1.469175052724917
2021-05-05 00:00:00+00:00,-35.54333,-72.09444,210.0,open-meteo_ecmwf_ifs,daily,19.031,8.081,13.72,9.639333,1.9067377,84.054665,0.0,15.140153400781884,1.5943058886223358
2021-05-06 00:00:00+00:00,-35.54333,-72.09444,210.0,open-meteo_ecmwf_ifs,daily,18.231,7.9309998,13.83,9.493499,2.0869172,84.935814,0.0,14.994787870303304,1.5489621132297298
2021-05-07 00:00:00+00:00,-35.54333,-72.09444,210.0,open-meteo_ecmwf_ifs,daily,16.281,7.381,6.05,9.235166,3.1970367,86.666374,0.6,14.851924868900882,1.1289686509457848
2021-05-08 00:00:00+00:00,-35.54333,-72.09444,210.0,open-meteo_ecmwf_ifs,daily,16.231,9.681,7.56,10.826833,1.488274,88.859795,0.0,14.711608133441217,1.0398221312317686
2021-05-09 00:00:00+00:00,-35.54333,-72.09444,210.0,open-meteo_ecmwf_ifs,daily,15.631,9.281,11.98,9.183084,3.8497941,86.687126,0.0,14.573880114709212,1.5309792684171701
2021-05-10 00:00:00+00:00,-35.54333,-72.09444,210.0,open-meteo_ecmwf_ifs,daily,16.031,4.6809998,13.35,5.9455833,2.7129555,77.69966,0.0,14.438781974782756,1.4872558531954423
2021-05-11 00:00:00+00:00,-35.54333,-72.09444,210.0,open-meteo_ecmwf_ifs,daily,16.731,4.881,13.38,6.878917,2.050042,83.68766,0.0,14.306353586368965,1.3606772668255103
2021-05-12 00:00:00+00:00,-35.54333,-72.09444,210.0,open-meteo_ecmwf_ifs,daily,16.281,4.781,13.44,4.6039166,2.6887667,72.70013,0.0,14.176633534060958,1.6358114426761612
2021-05-13 00:00:00+00:00,-35.54333,-72.09444,210.0,open-meteo_ecmwf_ifs,daily,16.131,5.881,9.8,5.9976673,1.6254854,75.675995,0.0,14.04965911746838,1.256552018588255
2021-05-14 00:00:00+00:00,-35.54333,-72.09444,210.0,open-meteo_ecmwf_ifs,daily,14.681,7.1809998,6.35,8.889333,2.1759725,92.81183,0.0,13.925466356169492,0.9136841123165116
2021-05-15 00:00:00+00:00,-35.54333,-72.09444,210.0,open-meteo_ecmwf_ifs,daily,17.081001,8.531,11.43,9.241416,2.7239482,86.34228,0.0,13.804089996427036,1.3997024352336362
2021-05-16 00:00:00+00:00,-35.54333,-72.09444,210.0,open-meteo_ecmwf_ifs,daily,16.381,6.031,11.77,7.651834,2.2671309,87.34824,0.0,13.685563519604928,1.2600126178001632
2021-05-17 00:00:00+00:00,-35.54333,-72.09444,210.0,open-meteo_ecmwf_ifs,daily,18.131,6.081,9.45,7.266415,1.4624335,77.854675,0.0,13.56991915221751,1.2028340804783852
2021-05-18 00:00:00+00:00,-35.54333,-72.09444,210.0,open-meteo_ecmwf_ifs,daily,13.581,6.481,4.24,8.728917,3.4392898,90.57122,0.2,13.457187877538034,0.7296037088677233
2021-05-19 00:00:00+00:00,-35.54333,-72.09444,210.0,open-meteo_ecmwf_ifs,daily,14.681,10.831,4.68,10.391416,4.7436414,89.40295,12.900001,13.347399448688291,1.1162373374392498
2021-05-20 00:00:00+00:00,-35.54333,-72.09444,210.0,open-meteo_ecmwf_ifs,daily,13.931,8.931,7.08,9.056001,1.4865052,86.15402,6.5,13.240582403126528,0.8998606347690583
2021-05-21 00:00:00+00:00,-35.54333,-72.09444,210.0,open-meteo_ecmwf_ifs,daily,13.031,5.031,9.08,6.5518346,1.6650254,86.85142,3.0,13.136764078446301,0.8884963920284202
2021-05-22 00:00:00+00:00,-35.54333,-72.09444,210.0,open-meteo_ecmwf_ifs,daily,13.581,5.031,10.66,6.5080833,2.7960434,89.85544,0.0,13.035970629394805,1.0452988946567583
2021-05-23 00:00:00+00:00,-35.54333,-72.09444,210.0,open-meteo_ecmwf_ifs,daily,15.481,5.831,11.77,5.941416,3.9167871,79.55819,0.0,12.938227046015163,1.5274256634444174
2021-05-24 00:00:00+00:00,-35.54333,-72.09444,210.0,open-meteo_ecmwf_ifs,daily,16.081001,5.881,11.31,8.033084,2.6101296,83.516396,0.0,12.8435571728134,1.1170371299733282
2021-05-25 00:00:00+00:00,-35.54333,-72.09444,210.0,open-meteo_ecmwf_ifs,daily,14.981,7.581,9.04,9.1622505,2.9113739,92.203926,0.0,12.751983728847728,0.9772801256378624
2021-05-26 00:00:00+00:00,-35.54333,-72.09444,210.0,open-meteo_ecmwf_ifs,daily,17.331001,7.881,11.08,9.789332,2.50476,89.04467,0.0,12.663528328634294,1.141506356498621
2021-05-27 00:00:00+00:00,-35.54333,-72.09444,210.0,open-meteo_ecmwf_ifs,daily,15.331,8.581,3.64,10.612249,2.0664012,93.86939,0.0,12.57821150376125,0.6998268502956281
2021-05-28 00:00:00+00:00,-35.54333,-72.09444,210.0,open-meteo_ecmwf_ifs,daily,15.081,7.131,9.04,9.718501,2.2364836,86.77654,7.1000004,12.496052725100409,0.8173615345975134
2021-05-29 00:00:00+00:00,-35.54333,-72.09444,210.0,open-meteo_ecmwf_ifs,daily,12.631,6.6809998,6.55,7.2059994,2.7660055,90.593056,0.0,12.417070425503901,0.8886258403878611
2021-05-30 00:00:00+00:00,-35.54333,-72.09444,210.0,open-meteo_ecmwf_ifs,daily,14.881,4.581,9.8,5.0205836,2.4643304,77.06267,0.0,12.341282022871779,1.173736819997695
2021-05-31 00:00:00+00:00,-35.54333,-72.09444,210.0,open-meteo_ecmwf_ifs,daily,18.331001,10.381,5.73,11.139333,1.4438375,87.89169,0.1,12.268703943475336,0.9555143217101831
2021-06-01 00:00:00+00:00,-35.54333,-72.09444,210.0,open-meteo_ecmwf_ifs,daily,14.631,12.881,1.36,13.216415,2.499299,96.734535,10.200001,12.199351645420318,0.5290747928078605
2021-06-02 00:00:00+00:00,-35.54333,-72.09444,210.0,open-meteo_ecmwf_ifs,daily,18.281,12.131,8.48,13.001832,2.040509,94.150444,0.0,12.133239642134072,1.015141003803463
2021-06-03 00:00:00+00:00,-35.54333,-72.09444,210.0,open-meteo_ecmwf_ifs,daily,18.631,11.031,7.83,12.247666,2.2264268,90.421165,0.0,12.070381525760919,1.0430014050514282
2021-06-04 00:00:00+00:00,-35.54333,-72.09444,210.0,open-meteo_ecmwf_ifs,daily,15.731,10.381,5.32,10.5185,2.2143297,88.77076,0.0,12.01078999035094,0.9157810386916935
2021-06-05 00:00:00+00:00,-35.54333,-72.09444,210.0,open-meteo_ecmwf_ifs,daily,12.281,5.531,8.81,5.7705836,3.5794668,81.50433,0.0,11.95447685472855,1.0244622457619867
2021-06-06 00:00:00+00:00,-35.54333,-72.09444,210.0,open-meteo_ecmwf_ifs,daily,12.381,4.781,9.17,4.0393333,1.6705002,76.787834,0.7,11.901453084929246,0.9220124553126217
2021-06-07 00:00:00+00:00,-35.54333,-72.09444,210.0,open-meteo_ecmwf_ifs,daily,16.281,5.581,10.52,6.4622498,1.3252676,81.38259,0.1,11.851728816095008,0.9314920798142031
2021-06-08 00:00:00+00:00,-35.54333,-72.09444,210.0,open-meteo_ecmwf_ifs,daily,15.981,5.981,8.68,6.4289165,2.571229,80.113625,0.0,11.805313373721994,1.1680307016261404
2021-06-09 00:00:00+00:00,-35.54333,-72.09444,210.0,open-meteo_ecmwf_ifs,daily,15.131,8.881,6.2,10.374751,2.7500675,88.926094,10.6,11.762215294157109,0.7867654626603559
2021-06-10 00:00:00+00:00,-35.54333,-72.09444,210.0,open-meteo_ecmwf_ifs,daily,15.031,7.481,9.74,8.793501,1.8605229,92.606476,0.0,11.722442344244419,0.85615079753079
2021-06-11 00:00:00+00:00,-35.54333,-72.09444,210.0,open-meteo_ecmwf_ifs,daily,17.181002,6.981,10.36,7.0851655,3.3862712,78.67075,0.0,11.68600154002618,1.4199653977237645
2021-06-12 00:00:00+00:00,-35.54333,-72.09444,210.0,open-meteo_ecmwf_ifs,daily,17.181002,8.231,10.5,10.791416,2.4560485,87.542656,0.0,11.652899164408577,0.897948774942743
2021-06-13 00:00:00+00:00,-35.54333,-72.09444,210.0,open-meteo_ecmwf_ifs,daily,14.681,10.231,5.44,11.547666,1.6259208,94.64847,0.2,11.623140783707235,0.6413980318144662
2021-06-14 00:00:00+00:00,-35.54333,-72.09444,210.0,open-meteo_ecmwf_ifs,daily,12.231,5.4309998,9.02,3.4122498,4.6836643,70.85653,0.0,11.596731262993424,1.500226257841844
2021-06-15 00:00:00+00:00,-35.54333,-72.09444,210.0,open-meteo_ecmwf_ifs,daily,12.931,4.131,4.59,5.8955836,2.2138445,85.14749,0.0,11.573674780168094,0.7663888483231405
2021-06-16 00:00:00+00:00,-35.54333,-72.09444,210.0,open-meteo_ecmwf_ifs,daily,15.981,8.081,8.82,8.9185,1.546287,86.15348,0.4,11.553974838697263,0.873692980045481
2021-06-17 00:00:00+00:00,-35.54333,-72.09444,210.0,open-meteo_ecmwf_ifs,daily,16.181,6.031,10.19,7.691417,1.366754,84.32758,0.0,11.537634278949328,0.8429482172304152
2021-06-18 00:00:00+00:00,-35.54333,-72.09444,210.0,open-meteo_ecmwf_ifs,daily,13.931,3.781,10.16,6.92475,1.2016908,88.07083,0.0,11.52465528808195,0.6631006759929169
2021-06-19 00:00:00+00:00,-35.54333,-72.09444,210.0,open-meteo_ecmwf_ifs,daily,10.931,5.6809998,7.08,7.1497498,1.4749962,93.69635,0.0,11.515039408433795,0.579100031919776
2021-06-20 00:00:00+00:00,-35.54333,-72.09444,210.0,open-meteo_ecmwf_ifs,daily,12.431,2.781,8.42,5.6330833,1.834519,89.374825,0.0,11.508787544383997,0.6570719268165628
2021-06-21 00:00:00+00:00,-35.54333,-72.09444,210.0,open-meteo_ecmwf_ifs,daily,13.931,4.981,5.99,5.5851665,2.643998,80.03644,0.0,11.50589996765029,1.0008212065107354
2021-06-22 00:00:00+00:00,-35.54333,-72.09444,210.0,open-meteo_ecmwf_ifs,daily,14.481,7.531,4.98,8.649749,3.2180843,86.83715,1.7,11.506376321004735,0.8783762658973245
2021-06-23 00:00:00+00:00,-35.54333,-72.09444,210.0,open-meteo_ecmwf_ifs,daily,12.481,9.481,2.57,9.476833,4.444468,89.29205,26.400003,11.510215620394195,0.7378468090206012
2021-06-24 00:00:00+00:00,-35.54333,-72.09444,210.0,open-meteo_ecmwf_ifs,daily,11.981,8.3810005,2.39,8.622666,2.612692,93.38752,4.2000003,11.517416255461043,0.6614116799454121
2021-06-25 00:00:00+00:00,-35.54333,-72.09444,210.0,open-meteo_ecmwf_ifs,daily,11.531,6.731,8.44,6.701834,2.7098846,83.59548,17.500002,11.527975988467691,0.817742342649794
2021-06-26 00:00:00+00:00,-35.54333,-72.09444,210.0,open-meteo_ecmwf_ifs,daily,8.631,2.231,10.81,2.331,3.605959,82.88565,0.0,11.54189195163699,0.8541566686780387
2021-06-27 00:00:00+00:00,-35.54333,-72.09444,210.0,open-meteo_ecmwf_ifs,daily,8.431,-0.769,11.02,0.26433334,2.5756016,80.8629,0.0,11.559160642928422,0.7671858473909164
2021-06-28 00:00:00+00:00,-35.54333,-72.09444,210.0,open-meteo_ecmwf_ifs,daily,12.631,-0.21899998,11.11,0.71433336,1.988048,78.585075,0.0,11.579777920278394,0.9269571307082293
2021-06-29 00:00:00+00:00,-35.54333,-72.09444,210.0,open-meteo_ecmwf_ifs,daily,13.781,3.631,7.93,2.8580835,1.47499,71.56942,0.0,11.60373899434037,0.9366653420887701
2021-06-30 00:00:00+00:00,-35.54333,-72.09444,210.0,open-meteo_ecmwf_ifs,daily,11.281,3.431,4.15,5.626833,1.4186593,88.10367,0.0,11.631038419768629,0.5871540021228948
2021-07-01 00:00:00+00:00,-35.54333,-72.09444,210.0,open-meteo_ecmwf_ifs,daily,14.281,3.731,6.81,6.381,1.271555,91.30662,0.0,11.661670085096533,0.7044587341703069
2021-07-02 00:00:00+00:00,-35.54333,-72.09444,210.0,open-meteo_ecmwf_ifs,daily,10.931,3.631,11.17,3.8414164,4.198136,80.05633,0.0,11.695627201267309,1.0436447909911424
2021-07-03 00:00:00+00:00,-35.54333,-72.09444,210.0,open-meteo_ecmwf_ifs,daily,13.881,5.231,10.97,3.8935,4.016268,72.75497,0.0,11.732902288882276,1.4916171423889986
2021-07-04 00:00:00+00:00,-35.54333,-72.09444,210.0,open-meteo_ecmwf_ifs,daily,12.431,4.6809998,7.42,6.4518337,1.2779304,96.053566,0.0,11.773487164237569,0.6729387571389008
2021-07-05 00:00:00+00:00,-35.54333,-72.09444,210.0,open-meteo_ecmwf_ifs,daily,15.231,3.381,10.6,6.6372504,0.99031544,93.0301,0.0,11.817372924226586,0.7330668513598865
2021-07-06 00:00:00+00:00,-35.54333,-72.09444,210.0,open-meteo_ecmwf_ifs,daily,13.031,5.381,7.76,6.803917,2.523502,89.64459,0.1,11.864549930190831,0.8257605912302842
2021-07-07 00:00:00+00:00,-35.54333,-72.09444,210.0,open-meteo_ecmwf_ifs,daily,14.731,3.781,9.71,6.214333,1.8881506,86.804085,0.0,11.91500779080697,0.8613212965307155
2021-07-08 00:00:00+00:00,-35.54333,-72.09444,210.0,open-meteo_ecmwf_ifs,daily,13.581,2.981,9.46,6.197666,1.9177628,88.84275,0.0,11.9687353441026,0.7450905970520003
2021-07-09 00:00:00+00:00,-35.54333,-72.09444,210.0,open-meteo_ecmwf_ifs,daily,14.481,6.881,8.27,8.4935,2.558461,88.7345,1.6,12.025720638697228,0.8688557871063556
2021-07-10 00:00:00+00:00,-35.54333,-72.09444,210.0,open-meteo_ecmwf_ifs,daily,11.981,3.131,11.62,4.2101665,4.2065024,82.13384,0.0,12.08595091436888,1.081413254317484
2021-07-11 00:00:00+00:00,-35.54333,-72.09444,210.0,open-meteo_ecmwf_ifs,daily,11.631,2.231,11.07,3.035166,3.4355536,82.03553,0.0,12.14941258204961,1.0702404357950017
2021-07-12 00:00:00+00:00,-35.54333,-72.09444,210.0,open-meteo_ecmwf_ifs,daily,9.731,1.131,9.5,2.8476667,1.7156353,91.17713,0.0,12.216091203356125,0.7122834209902998
2021-07-13 00:00:00+00:00,-35.54333,-72.09444,210.0,open-meteo_ecmwf_ifs,daily,10.881,3.131,8.37,4.351834,1.6454965,94.14097,0.0,12.28597146976359,0.7538656657513829
2021-07-14 00:00:00+00:00,-35.54333,-72.09444,210.0,open-meteo_ecmwf_ifs,daily,8.681,1.631,8.5,3.2684996,2.304413,93.86615,0.0,12.359037181532612,0.6734899515704899
2021-07-15 00:00:00+00:00,-35.54333,-72.09444,210.0,open-meteo_ecmwf_ifs,daily,12.931,2.381,11.6,4.4934998,3.0184762,86.786,0.0,12.435271226500248,0.9970635284740097
2021-07-16 00:00:00+00:00,-35.54333,-72.09444,210.0,open-meteo_ecmwf_ifs,daily,11.631,2.931,7.83,4.0205836,2.4870098,83.1702,0.3,12.514655558846759,0.9122966485793138
2021-07-17 00:00:00+00:00,-35.54333,-72.09444,210.0,open-meteo_ecmwf_ifs,daily,10.731,2.281,12.14,1.8914167,5.2235384,75.90903,0.0,12.597171177949795,1.3785670601430402
2021-07-18 00:00:00+00:00,-35.54333,-72.09444,210.0,open-meteo_ecmwf_ifs,daily,15.981,2.931,12.29,0.9247499,3.3627012,62.796387,0.0,12.682798107437494,1.8127790643365862
2021-07-19 00:00:00+00:00,-35.54333,-72.09444,210.0,open-meteo_ecmwf_ifs,daily,15.981,4.781,12.05,1.6018333,3.5361137,57.263447,0.0,12.771515374551324,1.96038014693124
2021-07-20 00:00:00+00:00,-35.54333,-72.09444,210.0,open-meteo_ecmwf_ifs,daily,17.581001,7.331,11.58,8.539332,3.2461452,82.57462,0.0,12.863300989927865,1.4048782608745942
2021-07-21 00:00:00+00:00,-35.54333,-72.09444,210.0,open-meteo_ecmwf_ifs,daily,14.631,5.581,9.79,8.866416,1.6387688,92.280525,0.0,12.958131927907768,0.8161505987507367
2021-07-22 00:00:00+00:00,-35.54333,-72.09444,210.0,open-meteo_ecmwf_ifs,daily,12.881,7.631,7.17,8.708083,1.1376369,96.49933,0.0,13.055984107477514,0.76827518757879
2021-07-23 00:00:00+00:00,-35.54333,-72.09444,210.0,open-meteo_ecmwf_ifs,daily,15.231,5.231,10.0,7.0205827,2.6182442,87.78954,0.0,13.156832373947514,1.1204951568410264
2021-07-24 00:00:00+00:00,-35.54333,-72.09444,210.0,open-meteo_ecmwf_ifs,daily,11.381,6.1809998,4.7,7.0789165,3.215556,92.43217,1.9000001,13.260650481467414,0.769114768543211
2021-07-25 00:00:00+00:00,-35.54333,-72.09444,210.0,open-meteo_ecmwf_ifs,daily,11.631,8.431,4.95,8.133083,4.53846,91.18435,10.400002,13.367411076476118,0.9029464910018261
2021-07-26 00:00:00+00:00,-35.54333,-72.09444,210.0,open-meteo_ecmwf_ifs,daily,10.931,5.9309998,11.48,6.0184994,3.5050497,85.071465,10.600001,13.47708568218097,1.0477702011768433
2021-07-27 00:00:00+00:00,-35.54333,-72.09444,210.0,open-meteo_ecmwf_ifs,daily,11.681,2.381,13.02,1.5080833,5.5718994,73.320175,0.0,13.589644684156724,1.6940346228840941
2021-07-28 00:00:00+00:00,-35.54333,-72.09444,210.0,open-meteo_ecmwf_ifs,daily,15.481,2.281,13.23,1.8226665,3.681742,67.37617,0.0,13.705057317151052,1.7993413175074713
2021-07-29 00:00:00+00:00,-35.54333,-72.09444,210.0,open-meteo_ecmwf_ifs,daily,17.681002,3.281,13.28,5.8372498,1.6223255,79.48334,0.0,13.823291653179197,1.2741155748771629
2021-07-30 00:00:00+00:00,-35.54333,-72.09444,210.0,open-meteo_ecmwf_ifs,daily,14.281,2.031,11.14,7.005999,1.4316959,92.94418,0.0,13.944314590985998,0.8669359659634038
2021-07-31 00:00:00+00:00,-35.54333,-72.09444,210.0,open-meteo_ecmwf_ifs,daily,14.781,5.231,12.55,6.7080827,3.2981112,86.60467,0.0,14.068091846949022,1.3254712267517945
2021-08-01 00:00:00+00:00,-35.54333,-72.09444,210.0,open-meteo_ecmwf_ifs,daily,16.231,3.431,13.84,4.6247497,2.5753145,75.787094,0.0,14.19458794749178,1.5103255446852588
2021-08-02 00:00:00+00:00,-35.54333,-72.09444,210.0,open-meteo_ecmwf_ifs,daily,18.081001,6.081,13.87,4.299751,3.8023918,62.2834,0.0,14.323766223071045,2.2322741434243847
2021-08-03 00:00:00+00:00,-35.54333,-72.09444,210.0,open-meteo_ecmwf_ifs,daily,16.631,6.831,13.55,7.1976666,3.18198,79.31244,0.0,14.455588803797536,1.6568584469227605
2021-08-04 00:00:00+00:00,-35.54333,-72.09444,210.0,open-meteo_ecmwf_ifs,daily,12.531,5.131,9.18,7.560167,2.0603507,94.604065,0.0,14.59001661674371,0.882175329820192
2021-08-05 00:00:00+00:00,-35.54333,-72.09444,210.0,open-meteo_ecmwf_ifs,daily,13.581,5.731,6.98,7.685167,1.923255,90.87344,0.0,14.727009384987745,0.9137034409897048
2021-08-06 00:00:00+00:00,-35.54333,-72.09444,210.0,open-meteo_ecmwf_ifs,daily,13.581,5.581,8.31,7.1705837,1.2228097,92.70565,0.0,14.866525628436978,0.9692762046337818
2021-08-07 00:00:00+00:00,-35.54333,-72.09444,210.0,open-meteo_ecmwf_ifs,daily,12.181,6.4309998,9.23,6.322666,3.2303522,82.66101,0.0,15.008522666469,1.2084117485610506
2021-08-08 00:00:00+00:00,-35.54333,-72.09444,210.0,open-meteo_ecmwf_ifs,daily,11.981,2.131,11.69,1.7185,2.1711783,70.70685,0.0,15.152956622423318,1.3411790688768574
2021-08-09 00:00:00+00:00,-35.54333,-72.09444,210.0,open-meteo_ecmwf_ifs,daily,14.481,3.381,14.48,4.4205832,2.202598,78.96651,0.0,15.299782429970788,1.4688232114482378
2021-08-10 00:00:00+00:00,-35.54333,-72.09444,210.0,open-meteo_ecmwf_ifs,daily,12.331,3.781,12.71,4.5434995,2.6286943,85.54163,0.0,15.448953841382767,1.3175848358116973
2021-08-11 00:00:00+00:00,-35.54333,-72.09444,210.0,open-meteo_ecmwf_ifs,daily,14.581,1.7809999,13.24,4.364333,1.7239,85.14066,0.0,15.60042343771656,1.2990423191132414
2021-08-12 00:00:00+00:00,-35.54333,-72.09444,210.0,open-meteo_ecmwf_ifs,daily,11.731,2.031,8.89,5.5414166,1.2855098,91.99439,0.0,15.754142640928102,0.8805197954455335
2021-08-13 00:00:00+00:00,-35.54333,-72.09444,210.0,open-meteo_ecmwf_ifs,daily,12.181,3.481,12.42,5.751833,1.2927308,91.00571,0.0,15.91006172791757,1.12837243220881
2021-08-14 00:00:00+00:00,-35.54333,-72.09444,210.0,open-meteo_ecmwf_ifs,daily,12.331,2.031,11.99,4.924749,1.4838754,90.856606,0.0,16.06812984650826,1.1100715168673652
2021-08-15 00:00:00+00:00,-35.54333,-72.09444,210.0,open-meteo_ecmwf_ifs,daily,9.281,3.481,2.23,5.3684998,3.0535462,90.646126,0.3,16.22829503335349,0.576575588171653
2021-08-16 00:00:00+00:00,-35.54333,-72.09444,210.0,open-meteo_ecmwf_ifs,daily,12.481,8.431,5.73,8.978917,5.8918815,92.657906,26.100002,16.390504233761373,0.9517922273803969
2021-08-17 00:00:00+00:00,-35.54333,-72.09444,210.0,open-meteo_ecmwf_ifs,daily,13.481,9.881,2.91,10.9435,3.4939003,97.28875,6.4000006,16.554703323421677,0.6645830761795324
2021-08-18 00:00:00+00:00,-35.54333,-72.09444,210.0,open-meteo_ecmwf_ifs,daily,13.381,10.631,4.37,10.960168,5.0604377,94.68057,17.7,16.720837132014257,0.8241932147204857
2021-08-19 00:00:00+00:00,-35.54333,-72.09444,210.0,open-meteo_ecmwf_ifs,daily,11.581,8.331,10.5,8.341417,4.2313004,90.351006,11.700002,16.88884946867303,1.16485738981688
2021-08-20 00:00:00+00:00,-35.54333,-72.09444,210.0,open-meteo_ecmwf_ifs,daily,12.481,5.631,8.8,6.0685,1.1657566,84.62991,1.2,17.058683149274795,1.1292764375605888
2021-08-21 00:00:00+00:00,-35.54333,-72.09444,210.0,open-meteo_ecmwf_ifs,daily,12.531,9.031,6.43,7.381,6.7700696,83.02031,13.400001,17.230280025517267,1.5846574288877466
2021-08-22 00:00:00+00:00,-35.54333,-72.09444,210.0,open-meteo_ecmwf_ifs,daily,12.931,4.881,12.65,5.3455834,2.1038404,82.3661,0.6,17.403581015745665,1.460249083275705
2021-08-23 00:00:00+00:00,-35.54333,-72.09444,210.0,open-meteo_ecmwf_ifs,daily,13.181,3.231,15.47,3.3497496,2.1466277,76.47551,0.0,17.578526137482896,1.6853375031883078
2021-08-24 00:00:00+00:00,-35.54333,-72.09444,210.0,open-meteo_ecmwf_ifs,daily,12.681,2.531,17.17,2.73725,2.5956001,76.07083,0.0,17.75505454161349,1.7826220435964426
2021-08-25 00:00:00+00:00,-35.54333,-72.09444,210.0,open-meteo_ecmwf_ifs,daily,10.781,1.231,8.52,2.8184998,2.4183073,81.30644,0.8000001,17.933104548167226,1.1406150492827032
2021-08-26 00:00:00+00:00,-35.54333,-72.09444,210.0,open-meteo_ecmwf_ifs,daily,13.131,3.531,12.25,4.7685,1.7666917,84.24607,0.0,18.11261368364402,1.4262487911218666
2021-08-27 00:00:00+00:00,-35.54333,-72.09444,210.0,open-meteo_ecmwf_ifs,daily,12.731,4.431,8.28,5.1539164,1.6560181,83.10924,0.0,18.29351871981759,1.2170719429848396
2021-08-28 00:00:00+00:00,-35.54333,-72.09444,210.0,open-meteo_ecmwf_ifs,daily,17.681002,8.081,15.6,7.5351663,1.3878804,78.73641,1.2,18.475755713951184,1.9839457606590503
2021-08-29 00:00:00+00:00,-35.54333,-72.09444,210.0,open-meteo_ecmwf_ifs,daily,20.031,7.9309998,15.27,10.256,1.9466419,89.44589,0.0,18.659260050355414,2.009306513355463
2021-08-30 00:00:00+00:00,-35.54333,-72.09444,210.0,open-meteo_ecmwf_ifs,daily,14.231,9.881,6.25,9.71225,1.3693694,87.12002,1.4000001,18.843966483213713,1.119061552561355
2021-08-31 00:00:00+00:00,-35.54333,-72.09444,210.0,open-meteo_ecmwf_ifs,daily,15.881,3.981,15.83,7.156,1.7813001,84.70094,0.0,19.02980918059847,1.71010268692888
2021-09-01 00:00:00+00:00,-35.54333,-72.09444,210.0,open-meteo_ecmwf_ifs,daily,16.981,5.481,18.31,7.133083,2.2968605,83.61962,0.0,19.21672176959681,2.115892921629147
2021-09-02 00:00:00+00:00,-35.54333,-72.09444,210.0,open-meteo_ecmwf_ifs,daily,18.831001,7.331,17.74,8.397668,1.4363565,79.617775,0.0,19.404637382462262,2.189925006665503
2021-09-03 00:00:00+00:00,-35.54333,-72.09444,210.0,open-meteo_ecmwf_ifs,daily,13.481,7.831,10.63,7.92475,1.8465942,85.754486,0.2,19.59348870370589,1.4537217242929967
2021-09-04 00:00:00+00:00,-35.54333,-72.09444,210.0,open-meteo_ecmwf_ifs,daily,17.381,4.131,18.18,6.2268333,1.7876887,82.43171,1.4000001,19.783208018037218,2.1096806042838314
2021-09-05 00:00:00+00:00,-35.54333,-72.09444,210.0,open-meteo_ecmwf_ifs,daily,16.431,6.331,15.4,7.283083,2.1098127,83.74241,0.0,19.97372725906345,1.9847374067270742
2021-09-06 00:00:00+00:00,-35.54333,-72.09444,210.0,open-meteo_ecmwf_ifs,daily,13.031,5.4309998,14.75,7.147667,2.3975804,87.04264,1.1,20.16497805865303,1.600135014002397
2021-09-07 00:00:00+00:00,-35.54333,-72.09444,210.0,open-meteo_ecmwf_ifs,daily,13.031,4.6809998,14.46,5.941417,1.1552995,87.02539,2.1,20.35689179686736,1.6367249457429618
2021-09-08 00:00:00+00:00,-35.54333,-72.09444,210.0,open-meteo_ecmwf_ifs,daily,15.631,4.281,20.01,5.0976663,3.135877,78.97212,0.0,20.54939965236335,2.3608178135298745
2021-09-09 00:00:00+00:00,-35.54333,-72.09444,210.0,open-meteo_ecmwf_ifs,daily,18.081001,5.881,19.49,7.185167,3.2981482,78.32699,0.0,20.742432653167263,2.530000567070489
2021-09-10 00:00:00+00:00,-35.54333,-72.09444,210.0,open-meteo_ecmwf_ifs,daily,18.681002,7.731,14.04,10.291417,1.7546573,87.77116,0.0,20.93592172771996,1.9223988931493246
2021-09-11 00:00:00+00:00,-35.54333,-72.09444,210.0,open-meteo_ecmwf_ifs,daily,12.431,10.331,5.44,9.620584,5.674408,91.2474,17.7,21.12979775609176,1.1400017084631129
2021-09-12 00:00:00+00:00,-35.54333,-72.09444,210.0,open-meteo_ecmwf_ifs,daily,11.831,8.181,9.06,7.922666,7.177198,88.62079,13.699998,21.32399162126505,1.3770071996494082
2021-09-13 00:00:00+00:00,-35.54333,-72.09444,210.0,open-meteo_ecmwf_ifs,daily,12.131,5.6809998,12.81,6.828917,2.410361,87.92576,5.0,21.518434260382374,1.5200082793985117
2021-09-14 00:00:00+00:00,-35.54333,-72.09444,210.0,open-meteo_ecmwf_ifs,daily,14.431,4.231,21.29,4.841416,3.5151777,81.13645,0.0,21.713056715856975,2.4270559419743836
2021-09-15 00:00:00+00:00,-35.54333,-72.09444,210.0,open-meteo_ecmwf_ifs,daily,16.231,4.781,21.14,4.4726663,3.4488382,70.87995,0.0,21.907790186243645,2.7492559407677364
2021-09-16 00:00:00+00:00,-35.54333,-72.09444,210.0,open-meteo_ecmwf_ifs,daily,19.331001,6.331,21.35,7.8893332,3.2399676,77.53771,0.0,22.102566076767665,2.8432529015198957
2021-09-17 00:00:00+00:00,-35.54333,-72.09444,210.0,open-meteo_ecmwf_ifs,daily,16.881,4.631,17.23,7.3955827,2.1381605,84.99175,0.0,22.297316049410306,2.129044671809267
2021-09-18 00:00:00+00:00,-35.54333,-72.09444,210.0,open-meteo_ecmwf_ifs,daily,16.481,4.831,18.53,6.5539165,2.2969706,80.08552,0.0,22.49197207245074,2.309992431617588
2021-09-19 00:00:00+00:00,-35.54333,-72.09444,210.0,open-meteo_ecmwf_ifs,daily,14.581,5.781,19.2,4.86225,3.4279175,73.79778,0.0,22.686466469364774,2.55107419283635
2021-09-20 00:00:00+00:00,-35.54333,-72.09444,210.0,open-meteo_ecmwf_ifs,daily,16.831001,4.281,22.08,5.2997503,3.625096,74.815346,0.0,22.88073196698318,2.7818364990267637
2021-09-21 00:00:00+00:00,-35.54333,-72.09444,210.0,open-meteo_ecmwf_ifs,daily,15.781,6.031,19.99,7.5872498,3.5006037,78.24857,0.0,23.074701742813488,2.392306658106763
2021-09-22 00:00:00+00:00,-35.54333,-72.09444,210.0,open-meteo_ecmwf_ifs,daily,15.481,8.3810005,13.2,7.7039165,1.692719,80.007065,0.0,23.26830947143153,2.004436748251764
2021-09-23 00:00:00+00:00,-35.54333,-72.09444,210.0,open-meteo_ecmwf_ifs,daily,19.531,6.031,22.62,7.633084,3.084851,77.52634,0.0,23.46148936985155,3.036235331318454
2021-09-24 00:00:00+00:00,-35.54333,-72.09444,210.0,open-meteo_ecmwf_ifs,daily,25.381,8.281,22.83,10.556001,2.05943,76.026634,0.0,23.6541762417859,3.492165918307419
2021-09-25 00:00:00+00:00,-35.54333,-72.09444,210.0,open-meteo_ecmwf_ifs,daily,16.181,9.481,14.32,8.306,2.5949533,79.49333,0.70000005,23.846305520708682,2.307774612654517
2021-09-26 00:00:00+00:00,-35.54333,-72.09444,210.0,open-meteo_ecmwf_ifs,daily,16.831001,6.1809998,23.08,6.3684993,3.6267526,76.01293,0.0,24.03781331164057,3.0023267835743144
2021-09-27 00:00:00+00:00,-35.54333,-72.09444,210.0,open-meteo_ecmwf_ifs,daily,17.631,4.481,24.42,3.7539167,4.009866,65.07864,0.0,24.228636431575595,3.3883241274564475
2021-09-28 00:00:00+00:00,-35.54333,-72.09444,210.0,open-meteo_ecmwf_ifs,daily,21.181002,4.381,23.93,5.549751,1.8047218,67.16275,0.0,24.4187124484744,3.244598498028139
2021-09-29 00:00:00+00:00,-35.54333,-72.09444,210.0,open-meteo_ecmwf_ifs,daily,17.531,6.631,20.21,3.7393324,2.0405872,60.863857,0.2,24.607979718752073,3.0223882337386385
2021-09-30 00:00:00+00:00,-35.54333,-72.09444,210.0,open-meteo_ecmwf_ifs,daily,14.831,8.781,16.18,7.1726665,2.1332505,78.28521,3.9999998,24.796377423193224,2.3865359838265543
2021-10-01 00:00:00+00:00,-35.54333,-72.09444,210.0,open-meteo_ecmwf_ifs,daily,17.331001,4.781,23.12,5.2393336,2.655808,73.201385,0.0,24.983845601231014,3.0327458535756815
2021-10-02 00:00:00+00:00,-35.54333,-72.09444,210.0,open-meteo_ecmwf_ifs,daily,13.581,4.181,22.67,4.445584,4.451587,73.09225,0.5,25.17032518353129,2.6657730139243143
2021-10-03 00:00:00+00:00,-35.54333,-72.09444,210.0,open-meteo_ecmwf_ifs,daily,15.781,4.831,25.0,2.9289167,6.3924193,65.05073,0.0,25.355758022828134,3.605038284900326
2021-10-04 00:00:00+00:00,-35.54333,-72.09444,210.0,open-meteo_ecmwf_ifs,daily,19.231,4.531,25.61,4.9726667,4.498409,69.60005,0.0,25.540086922961528,3.6389839293847808
2021-10-05 00:00:00+00:00,-35.54333,-72.09444,210.0,open-meteo_ecmwf_ifs,daily,18.631,5.781,22.84,5.5018334,3.838108,68.56462,0.0,25.72325566607329,3.4075604765230105
2021-10-06 00:00:00+00:00,-35.54333,-72.09444,210.0,open-meteo_ecmwf_ifs,daily,20.531,4.481,25.96,3.3080833,3.1288633,55.938694,0.0,25.905209037922447,3.878403603158257
2021-10-07 00:00:00+00:00,-35.54333,-72.09444,210.0,open-meteo_ecmwf_ifs,daily,17.781,9.131,25.56,7.072666,2.5382943,65.925545,0.0,26.085892851286438,3.6119022410024573
2021-10-08 00:00:00+00:00,-35.54333,-72.09444,210.0,open-meteo_ecmwf_ifs,daily,17.331001,7.131,16.2,6.9205837,2.462098,74.37057,0.90000004,26.265253967420477,2.5915853331235272
2021-10-09 00:00:00+00:00,-35.54333,-72.09444,210.0,open-meteo_ecmwf_ifs,daily,19.531,6.631,24.56,8.216416,2.4199286,75.57729,0.0,26.44324031555218,3.3387926666278824
2021-10-10 00:00:00+00:00,-35.54333,-72.09444,210.0,open-meteo_ecmwf_ifs,daily,19.781,7.331,22.54,8.310167,1.6225587,78.531395,0.0,26.61980091039493,3.19824439225668
2021-10-11 00:00:00+00:00,-35.54333,-72.09444,210.0,open-meteo_ecmwf_ifs,daily,23.081001,8.931,25.76,9.178916,2.7309208,73.67931,0.0,26.79488586766863,4.0543830521618975
2021-10-12 00:00:00+00:00,-35.54333,-72.09444,210.0,open-meteo_ecmwf_ifs,daily,15.431,9.031,12.51,8.64975,3.9074957,80.06815,1.4000002,26.968446417622328,2.1622962759885866
2021-10-13 00:00:00+00:00,-35.54333,-72.09444,210.0,open-meteo_ecmwf_ifs,daily,16.081001,7.1809998,13.9,7.7685013,2.8328245,81.28582,0.6,27.14043491655915,2.2257590298405145
2021-10-14 00:00:00+00:00,-35.54333,-72.09444,210.0,open-meteo_ecmwf_ifs,daily,14.281,3.781,21.03,5.13725,3.345152,73.848885,7.799999,27.31080485636919,2.5726181719154195
2021-10-15 00:00:00+00:00,-35.54333,-72.09444,210.0,open-meteo_ecmwf_ifs,daily,16.331001,4.481,27.1,2.4809997,4.5602317,63.402134,0.0,27.479510872082326,3.799381413827621
2021-10-16 00:00:00+00:00,-35.54333,-72.09444,210.0,open-meteo_ecmwf_ifs,daily,18.481,5.581,26.68,4.7351665,4.5267406,64.71333,0.0,27.64650874745808,3.913057605621656
2021-10-17 00:00:00+00:00,-35.54333,-72.09444,210.0,open-meteo_ecmwf_ifs,daily,20.731,6.331,26.99,6.4622493,4.641586,66.820564,0.0,27.81175541863539,4.131957286831869
2021-10-18 00:00:00+00:00,-35.54333,-72.09444,210.0,open-meteo_ecmwf_ifs,daily,24.831001,7.231,27.5,8.016417,3.3801308,66.32075,0.0,27.975208975870853,4.528623781697075
2021-10-19 00:00:00+00:00,-35.54333,-72.09444,210.0,open-meteo_ecmwf_ifs,daily,27.031,7.981,27.53,10.876834,2.0902717,71.67535,0.0,28.136828663398948,4.393220261525085
2021-10-20 00:00:00+00:00,-35.54333,-72.09444,210.0,open-meteo_ecmwf_ifs,daily,17.681002,9.731,18.19,9.501833,3.0625818,79.313255,0.3,28.29657487745349,2.87140276637936
2021-10-21 00:00:00+00:00,-35.54333,-72.09444,210.0,open-meteo_ecmwf_ifs,daily,22.331001,7.331,23.63,8.772666,2.4723766,76.47346,0.0,28.45440916249429,3.6944338846495075
2021-10-22 00:00:00+00:00,-35.54333,-72.09444,210.0,open-meteo_ecmwf_ifs,daily,17.981,6.831,27.54,4.539333,4.8269925,60.62297,0.0,28.61029420568812,4.196603836130111
2021-10-23 00:00:00+00:00,-35.54333,-72.09444,210.0,open-meteo_ecmwf_ifs,daily,19.681002,6.1809998,27.74,3.5435,4.603974,57.132263,0.0,28.764193829697703,4.503886564881669
2021-10-24 00:00:00+00:00,-35.54333,-72.09444,210.0,open-meteo_ecmwf_ifs,daily,23.531,7.831,27.78,6.997667,4.2771497,62.953625,0.0,28.91607298383716,4.794507987152342
2021-10-25 00:00:00+00:00,-35.54333,-72.09444,210.0,open-meteo_ecmwf_ifs,daily,26.731,10.531,28.58,8.9435,5.418173,61.601467,0.0,29.065897733656318,5.736499304448909
2021-10-26 00:00:00+00:00,-35.54333,-72.09444,210.0,open-meteo_ecmwf_ifs,daily,25.631,10.281,28.52,8.876833,4.402435,59.05199,0.0,29.21363524902068,5.324380468595998
2021-10-27 00:00:00+00:00,-35.54333,-72.09444,210.0,open-meteo_ecmwf_ifs,daily,26.281,8.531,28.26,9.1935,2.6689005,64.761185,0.0,29.359253790757233,4.7780745007742675
2021-10-28 00:00:00+00:00,-35.54333,-72.09444,210.0,open-meteo_ecmwf_ifs,daily,28.131,11.531,29.16,7.922666,3.1833744,53.36073,0.0,29.502722695940225,5.736464489866559
2021-10-29 00:00:00+00:00,-35.54333,-72.09444,210.0,open-meteo_ecmwf_ifs,daily,27.731,10.981,29.06,9.433083,3.7144773,59.4018,0.0,29.644012361893566,5.5999071622629835
2021-10-30 00:00:00+00:00,-35.54333,-72.09444,210.0,open-meteo_ecmwf_ifs,daily,25.581001,11.231,22.46,8.2976675,4.384317,56.452747,0.0,29.78309422899018,5.035195649170487
2021-10-31 00:00:00+00:00,-35.54333,-72.09444,210.0,open-meteo_ecmwf_ifs,daily,24.331001,12.931,23.49,10.816415,2.1634474,65.36628,0.0,29.919940762330288,4.318926965783389
2021-11-01 00:00:00+00:00,-35.54333,-72.09444,210.0,open-meteo_ecmwf_ifs,daily,24.031,8.431,24.09,9.701834,1.6930757,74.71253,0.0,30.054525432383418,3.922588776434854
2021-11-02 00:00:00+00:00,-35.54333,-72.09444,210.0,open-meteo_ecmwf_ifs,daily,26.981,8.531,29.02,7.3309994,2.0020528,59.431652,0.0,30.18682269468058,4.9617810157762
2021-11-03 00:00:00+00:00,-35.54333,-72.09444,210.0,open-meteo_ecmwf_ifs,daily,17.231,9.331,10.7,8.941417,2.6622891,76.10168,0.4,30.31680796864411,2.1905319796777802
2021-11-04 00:00:00+00:00,-35.54333,-72.09444,210.0,open-meteo_ecmwf_ifs,daily,20.031,6.4309998,30.54,2.6539161,5.0840464,59.04256,0.0,30.444457615644613,5.0834556163818245
2021-11-05 00:00:00+00:00,-35.54333,-72.09444,210.0,open-meteo_ecmwf_ifs,daily,26.181002,6.781,30.02,4.6851664,3.545502,53.412754,0.0,30.569748916374078,5.449023735202643
2021-11-06 00:00:00+00:00,-35.54333,-72.09444,210.0,open-meteo_ecmwf_ifs,daily,21.081001,9.231,28.47,8.801832,2.9433205,72.50975,0.0,30.692660047625417,4.398509545872273
2021-11-07 00:00:00+00:00,-35.54333,-72.09444,210.0,open-meteo_ecmwf_ifs,daily,26.181002,9.431,29.2,8.235166,3.2390196,66.008896,0.0,30.81317005856824,5.285408419639005
2021-11-08 00:00:00+00:00,-35.54333,-72.09444,210.0,open-meteo_ecmwf_ifs,daily,27.281,12.331,29.96,9.795584,4.4665523,57.484104,0.0,30.931258846610106,6.0387044482075165
2021-11-09 00:00:00+00:00,-35.54333,-72.09444,210.0,open-meteo_ecmwf_ifs,daily,26.031,12.031,28.52,11.489333,2.6339102,66.35557,0.0,31.04690713293191,5.064506854679772
2021-11-10 00:00:00+00:00,-35.54333,-72.09444,210.0,open-meteo_ecmwf_ifs,daily,23.631,8.431,24.84,9.47475,1.8769485,73.21969,0.0,31.160096437784897,4.067225075277628
2021-11-11 00:00:00+00:00,-35.54333,-72.09444,210.0,open-meteo_ecmwf_ifs,daily,22.081001,10.631,21.88,8.491416,2.2361252,63.990067,0.0,31.27080905563461,3.971532418281319
2021-11-12 00:00:00+00:00,-35.54333,-72.09444,210.0,open-meteo_ecmwf_ifs,daily,19.731,11.631,15.02,9.908083,2.6913655,74.91697,0.1,31.37902803023615,3.0359877990360764
2021-11-13 00:00:00+00:00,-35.54333,-72.09444,210.0,open-meteo_ecmwf_ifs,daily,19.181002,7.831,21.06,6.066416,3.0931263,64.94808,0.0,31.484737129721793,3.681943146186374
2021-11-14 00:00:00+00:00,-35.54333,-72.09444,210.0,open-meteo_ecmwf_ifs,daily,23.081001,7.781,29.26,4.8039165,4.2960606,56.276108,0.0,31.587920821780237,5.3026315825605215
2021-11-15 00:00:00+00:00,-35.54333,-72.09444,210.0,open-meteo_ecmwf_ifs,daily,20.631,8.181,22.6,6.4289165,3.4889743,65.25146,0.1,31.68856424900306,4.070592106220146
2021-11-16 00:00:00+00:00,-35.54333,-72.09444,210.0,open-meteo_ecmwf_ifs,daily,27.381,7.631,32.05,2.62475,4.1723995,43.328323,0.0,31.78665320447153,6.382461408490373
2021-11-17 00:00:00+00:00,-35.54333,-72.09444,210.0,open-meteo_ecmwf_ifs,daily,28.381,11.131,31.6,5.4934998,3.4803429,44.24277,0.0,31.882174107652656,6.456492284742067
2021-11-18 00:00:00+00:00,-35.54333,-72.09444,210.0,open-meteo_ecmwf_ifs,daily,27.531,11.581,31.1,8.612248,4.5192504,53.0528,0.0,31.975113980670134,6.319361432818039
2021-11-19 00:00:00+00:00,-35.54333,-72.09444,210.0,open-meteo_ecmwf_ifs,daily,26.331001,11.181,31.39,10.4685,2.5127263,59.833157,0.0,32.0654604250116,5.457485540960477
2021-11-20 00:00:00+00:00,-35.54333,-72.09444,210.0,open-meteo_ecmwf_ifs,daily,29.231,10.631,31.04,10.7685,2.3805525,64.09352,0.0,32.15320159872959,5.64401087176798
2021-11-21 00:00:00+00:00,-35.54333,-72.09444,210.0,open-meteo_ecmwf_ifs,daily,30.131,13.631,32.19,9.012249,3.4457715,48.811493,0.0,32.23832619418905,6.7740593377446405
2021-11-22 00:00:00+00:00,-35.54333,-72.09444,210.0,open-meteo_ecmwf_ifs,daily,30.231,13.331,32.21,8.466416,5.0158725,45.435696,0.0,32.320823416410164,7.374175968133866
2021-11-23 00:00:00+00:00,-35.54333,-72.09444,210.0,open-meteo_ecmwf_ifs,daily,23.831001,12.081,32.72,8.8435,3.5371761,53.413166,0.0,32.40068296205024,5.766093059090107
2021-11-24 00:00:00+00:00,-35.54333,-72.09444,210.0,open-meteo_ecmwf_ifs,daily,20.681002,12.331,20.61,10.635168,4.044626,73.79154,0.0,32.47789499906405,3.9058420845661455
2021-11-25 00:00:00+00:00,-35.54333,-72.09444,210.0,open-meteo_ecmwf_ifs,daily,28.581001,11.131,31.8,10.84975,2.8751676,65.61394,0.0,32.55245014707751,5.84612805516636
2021-11-26 00:00:00+00:00,-35.54333,-72.09444,210.0,open-meteo_ecmwf_ifs,daily,27.231,13.581,31.89,9.183084,3.5700257,53.059628,0.0,32.624339458504394,6.376554544979897
2021-11-27 00:00:00+00:00,-35.54333,-72.09444,210.0,open-meteo_ecmwf_ifs,daily,23.031,9.531,29.77,7.6809998,3.097942,63.19119,0.3,32.6935544004319,5.078543348492427
2021-11-28 00:00:00+00:00,-35.54333,-72.09444,210.0,open-meteo_ecmwf_ifs,daily,26.931002,10.331,32.78,3.7976668,4.80592,44.965515,0.0,32.7600868372959,6.933101869237713
2021-11-29 00:00:00+00:00,-35.54333,-72.09444,210.0,open-meteo_ecmwf_ifs,daily,26.931002,10.531,32.23,6.385166,4.661752,48.46053,0.0,32.82392901436218,6.553144707224815
2021-11-30 00:00:00+00:00,-35.54333,-72.09444,210.0,open-meteo_ecmwf_ifs,daily,26.081001,10.481,30.73,10.064332,2.3576326,66.85726,0.1,32.88507354202644,5.325229686649685
2021-12-01 00:00:00+00:00,-35.54333,-72.09444,210.0,open-meteo_ecmwf_ifs,daily,24.431002,9.381,30.06,8.820583,1.9460946,69.011444,0.0,32.94351338094096,4.974408504510522
2021-12-02 00:00:00+00:00,-35.54333,-72.09444,210.0,open-meteo_ecmwf_ifs,daily,23.981,12.031,16.76,8.270583,3.5334294,58.020756,0.0,32.99924182797252,4.258055255480837
2021-12-03 00:00:00+00:00,-35.54333,-72.09444,210.0,open-meteo_ecmwf_ifs,daily,24.631,12.131,28.9,9.135167,2.7366047,59.64607,0.0,33.0522525029924,5.321004395823174
2021-12-04 00:00:00+00:00,-35.54333,-72.09444,210.0,open-meteo_ecmwf_ifs,daily,30.831001,12.931,33.3,6.7685,3.360203,45.406475,0.0,33.10253933649588,7.1162627219675025
2021-12-05 00:00:00+00:00,-35.54333,-72.09444,210.0,open-meteo_ecmwf_ifs,daily,33.281,15.431,33.29,10.0372505,2.7355158,44.75635,0.0,33.15009655804609,7.192390720315786
2021-12-06 00:00:00+00:00,-35.54333,-72.09444,210.0,open-meteo_ecmwf_ifs,daily,22.881,12.431,28.57,11.66225,3.8244352,72.09063,0.0,33.19491868553368,4.900259268874435
2021-12-07 00:00:00+00:00,-35.54333,-72.09444,210.0,open-meteo_ecmwf_ifs,daily,23.431002,11.831,30.38,8.783083,3.3279922,65.180244,0.0,33.23700051524208,5.449048417315033
2021-12-08 00:00:00+00:00,-35.54333,-72.09444,210.0,open-meteo_ecmwf_ifs,daily,30.331001,11.881,33.16,9.845582,3.0223253,60.21101,0.0,33.276337112705896,6.512999025935714
2021-12-09 00:00:00+00:00,-35.54333,-72.09444,210.0,open-meteo_ecmwf_ifs,daily,29.231,15.881,31.2,12.364333,2.5819843,58.14046,0.0,33.312923804348166,6.285588529139091
2021-12-10 00:00:00+00:00,-35.54333,-72.09444,210.0,open-meteo_ecmwf_ifs,daily,22.131,13.831,25.73,12.999748,3.004392,76.98769,0.0,33.34675616988148,4.429542016633642
2021-12-11 00:00:00+00:00,-35.54333,-72.09444,210.0,open-meteo_ecmwf_ifs,daily,17.281,14.231,7.65,11.576832,3.1188688,77.96573,2.3999999,33.37783003545644,2.110237347291029
2021-12-12 00:00:00+00:00,-35.54333,-72.09444,210.0,open-meteo_ecmwf_ifs,daily,19.431002,10.931,20.92,6.8080826,3.06512,61.89548,0.0,33.40614146754114,4.049685946375576
2021-12-13 00:00:00+00:00,-35.54333,-72.09444,210.0,open-meteo_ecmwf_ifs,daily,24.281,9.581,30.95,5.0039163,3.8117907,50.96259,0.0,33.43168676751456,5.864947666463637
2021-12-14 00:00:00+00:00,-35.54333,-72.09444,210.0,open-meteo_ecmwf_ifs,daily,26.281,9.381,32.78,7.506,2.6863797,57.494183,0.0,33.4544624669577,5.764194689517048
2021-12-15 00:00:00+00:00,-35.54333,-72.09444,210.0,open-meteo_ecmwf_ifs,daily,29.431002,11.881,32.92,7.3914165,2.818743,48.51808,0.0,33.474465323626085,6.517954188296958
2021-12-16 00:00:00+00:00,-35.54333,-72.09444,210.0,open-meteo_ecmwf_ifs,daily,26.031,10.681,33.4,7.6976676,2.9478767,52.96642,0.0,33.49169231808882,6.012818007403039
2021-12-17 00:00:00+00:00,-35.54333,-72.09444,210.0,open-meteo_ecmwf_ifs,daily,25.681002,8.831,33.44,8.491416,2.366933,65.435,0.0,33.50614065102031,5.55481999963582
2021-12-18 00:00:00+00:00,-35.54333,-72.09444,210.0,open-meteo_ecmwf_ifs,daily,30.331001,11.981,33.57,8.395584,3.063016,50.419403,0.0,33.517807741132,6.730787460565757
2021-12-19 00:00:00+00:00,-35.54333,-72.09444,210.0,open-meteo_ecmwf_ifs,daily,32.531,14.831,33.65,8.520583,3.435706,44.55939,0.0,33.52669122373365,7.553263619644375
2021-12-20 00:00:00+00:00,-35.54333,-72.09444,210.0,open-meteo_ecmwf_ifs,daily,32.881,15.531,33.67,9.1685,3.6398723,45.309063,0.0,33.53278894991509,7.741902030625969
2021-12-21 00:00:00+00:00,-35.54333,-72.09444,210.0,open-meteo_ecmwf_ifs,daily,32.931,15.581,34.12,4.9268336,4.0544353,34.913128,0.0,33.53609898634183,8.374318616184594
2021-12-22 00:00:00+00:00,-35.54333,-72.09444,210.0,open-meteo_ecmwf_ifs,daily,29.631,14.731,33.79,8.9226675,3.1460094,43.368122,0.0,33.536619615659895,7.014243952056545
2021-12-23 00:00:00+00:00,-35.54333,-72.09444,210.0,open-meteo_ecmwf_ifs,daily,25.581001,12.081,32.86,10.566416,2.5401814,65.716545,0.0,33.53434933750738,5.728181044597941
2021-12-24 00:00:00+00:00,-35.54333,-72.09444,210.0,open-meteo_ecmwf_ifs,daily,32.781,14.031,33.88,7.235166,3.5377102,49.77182,0.0,33.529286870133056,7.658891824141911
2021-12-25 00:00:00+00:00,-35.54333,-72.09444,210.0,open-meteo_ecmwf_ifs,daily,33.231,14.981,33.17,9.26225,2.828542,42.084103,0.0,33.52143115262401,7.243968838803878
2021-12-26 00:00:00+00:00,-35.54333,-72.09444,210.0,open-meteo_ecmwf_ifs,daily,32.981,16.281,31.36,10.378916,2.7943547,42.4931,0.0,33.51078134774712,7.054587174728241
2021-12-27 00:00:00+00:00,-35.54333,-72.09444,210.0,open-meteo_ecmwf_ifs,daily,31.881,17.231,33.25,10.464334,3.0722182,42.334995,0.0,33.49733684541096,7.40187324932663
2021-12-28 00:00:00+00:00,-35.54333,-72.09444,210.0,open-meteo_ecmwf_ifs,daily,26.931002,16.381,32.15,12.085167,2.7278135,55.091766,0.0,33.48109726675721,6.258462669434001
2021-12-29 00:00:00+00:00,-35.54333,-72.09444,210.0,open-meteo_ecmwf_ifs,daily,21.631,13.781,23.04,11.676833,3.6505554,71.50813,0.0,33.46206246889196,4.325306476902353
2021-12-30 00:00:00+00:00,-35.54333,-72.09444,210.0,open-meteo_ecmwf_ifs,daily,29.131,11.531,33.36,9.903915,3.491998,62.26721,0.0,33.44023255026975,6.45607230061531
2021-12-31 00:00:00+00:00,-35.54333,-72.09444,210.0,open-meteo_ecmwf_ifs,daily,27.331001,11.931,33.81,5.1414165,4.8131094,42.97967,0.0,33.4156078567438,7.238837193553301
2022-01-01 00:00:00+00:00,-35.54333,-72.09444,210.0,open-meteo_ecmwf_ifs,daily,24.531,10.981,32.48,8.497666,3.5052862,58.899532,0.0,33.388188988297905,5.775218747498924
2022-01-02 00:00:00+00:00,-35.54333,-72.09444,210.0,open-meteo_ecmwf_ifs,daily,24.831001,10.731,24.97,11.847667,2.5984194,72.29691,0.0,33.357976806475705,4.416878376771793
2022-01-03 00:00:00+00:00,-35.54333,-72.09444,210.0,open-meteo_ecmwf_ifs,daily,27.631,13.681,30.43,13.035165,3.1466215,70.04655,0.0,33.32497244252389,5.750209148501831
2022-01-04 00:00:00+00:00,-35.54333,-72.09444,210.0,open-meteo_ecmwf_ifs,daily,27.881,14.431,31.9,12.897668,3.8848107,67.51018,0.0,33.28917730626627,6.221221790690496
2022-01-05 00:00:00+00:00,-35.54333,-72.09444,210.0,open-meteo_ecmwf_ifs,daily,30.731,13.631,32.53,9.460166,3.368284,49.24632,0.0,33.2505930957252,6.88778258049109
2022-01-06 00:00:00+00:00,-35.54333,-72.09444,210.0,open-meteo_ecmwf_ifs,daily,30.431002,11.881,32.39,10.822666,2.4913254,58.29608,0.0,33.20922180750641,6.182982967618953
2022-01-07 00:00:00+00:00,-35.54333,-72.09444,210.0,open-meteo_ecmwf_ifs,daily,33.681,15.331,32.8,11.972667,2.9186475,54.354595,0.0,33.16506574796276,7.115840545623248
2022-01-08 00:00:00+00:00,-35.54333,-72.09444,210.0,open-meteo_ecmwf_ifs,daily,24.931002,17.081001,30.9,12.741418,3.6065683,58.978226,0.0,33.11812754515055,6.025042628154459
2022-01-09 00:00:00+00:00,-35.54333,-72.09444,210.0,open-meteo_ecmwf_ifs,daily,26.331001,15.131,29.29,12.043499,3.6158688,66.064415,0.0,33.068410161590975,5.855460343012972
2022-01-10 00:00:00+00:00,-35.54333,-72.09444,210.0,open-meteo_ecmwf_ifs,daily,30.631,13.781,29.97,13.035168,2.0283797,64.2099,0.0,33.01591690784685,5.804074807761918
2022-01-11 00:00:00+00:00,-35.54333,-72.09444,210.0,open-meteo_ecmwf_ifs,daily,30.881,14.431,31.69,13.110165,2.3941991,61.303787,0.0,32.96065145692262,6.226818981679017
2022-01-12 00:00:00+00:00,-35.54333,-72.09444,210.0,open-meteo_ecmwf_ifs,daily,28.131,13.781,31.77,11.903916,2.53982,59.92805,0.0,32.90261785949274,5.9675508832707465
2022-01-13 00:00:00+00:00,-35.54333,-72.09444,210.0,open-meteo_ecmwf_ifs,daily,28.681002,13.081,29.37,11.678916,2.6257377,65.32418,0.0,32.84182055996057,5.699460345121454
2022-01-14 00:00:00+00:00,-35.54333,-72.09444,210.0,open-meteo_ecmwf_ifs,daily,29.681002,13.581,32.05,11.110166,3.6362495,58.92735,0.0,32.77826441334649,6.551902806962259
2022-01-15 00:00:00+00:00,-35.54333,-72.09444,210.0,open-meteo_ecmwf_ifs,daily,29.481,13.431,28.84,13.601832,2.7256777,70.29618,0.0,32.71195470300015,5.595789394007768
2022-01-16 00:00:00+00:00,-35.54333,-72.09444,210.0,open-meteo_ecmwf_ifs,daily,25.531,12.481,32.05,8.108084,3.3230906,56.82895,0.0,32.64289715912817,6.04919298808188
2022-01-17 00:00:00+00:00,-35.54333,-72.09444,210.0,open-meteo_ecmwf_ifs,daily,20.731,10.681,22.11,5.8039174,3.4915226,59.30675,0.0,32.57109797812393,4.486011169535589
2022-01-18 00:00:00+00:00,-35.54333,-72.09444,210.0,open-meteo_ecmwf_ifs,daily,23.731,9.331,29.62,1.24975,5.040981,38.84193,0.0,32.49656384268236,6.34655353342079
2022-01-19 00:00:00+00:00,-35.54333,-72.09444,210.0,open-meteo_ecmwf_ifs,daily,25.531,9.631,32.14,4.2080827,3.0273209,46.715366,0.0,32.419301942677464,5.937546166483226
2022-01-20 00:00:00+00:00,-35.54333,-72.09444,210.0,open-meteo_ecmwf_ifs,daily,26.331001,8.831,32.56,4.995583,2.8551915,52.643955,0.0,32.339319996776155,5.856418475692982
2022-01-21 00:00:00+00:00,-35.54333,-72.09444,210.0,open-meteo_ecmwf_ifs,daily,28.131,10.181,32.34,6.9435005,2.781433,52.96443,0.0,32.25662627475703,6.032839354124935
2022-01-22 00:00:00+00:00,-35.54333,-72.09444,210.0,open-meteo_ecmwf_ifs,daily,25.831001,10.081,24.87,10.045583,2.326639,69.95358,0.0,32.171229620498,4.548443440647413
2022-01-23 00:00:00+00:00,-35.54333,-72.09444,210.0,open-meteo_ecmwf_ifs,daily,28.881,11.131,32.06,7.237249,4.225702,54.213085,0.0,32.08313947559162,6.66567988223109
2022-01-24 00:00:00+00:00,-35.54333,-72.09444,210.0,open-meteo_ecmwf_ifs,daily,30.481,13.831,31.4,10.124751,4.577888,53.52974,0.0,31.992365903542645,7.018197300322912
2022-01-25 00:00:00+00:00,-35.54333,-72.09444,210.0,open-meteo_ecmwf_ifs,daily,29.831001,13.231,31.2,10.758083,2.5194151,55.746082,0.0,31.898919614497274,6.059602965947325
2022-01-26 00:00:00+00:00,-35.54333,-72.09444,210.0,open-meteo_ecmwf_ifs,daily,28.831001,11.981,31.24,10.806001,2.1846135,59.921646,0.0,31.802811990448753,5.697696793789708
2022-01-27 00:00:00+00:00,-35.54333,-72.09444,210.0,open-meteo_ecmwf_ifs,daily,26.531,12.431,30.85,12.105999,2.6431522,67.807335,0.0,31.704055110860107,5.417656559240906
2022-01-28 00:00:00+00:00,-35.54333,-72.09444,210.0,open-meteo_ecmwf_ifs,daily,28.231,11.731,28.87,11.858083,2.1829307,70.13468,0.0,31.60266177863967,5.23332863301983
2022-01-29 00:00:00+00:00,-35.54333,-72.09444,210.0,open-meteo_ecmwf_ifs,daily,28.081001,12.131,27.96,12.080998,2.399602,69.606735,0.0,31.49864554640155,5.1770895560649235
2022-01-30 00:00:00+00:00,-35.54333,-72.09444,210.0,open-meteo_ecmwf_ifs,daily,28.381,12.181,30.17,10.720585,3.2475774,64.53157,0.0,31.39202074293879,5.811963376386528
2022-01-31 00:00:00+00:00,-35.54333,-72.09444,210.0,open-meteo_ecmwf_ifs,daily,30.331001,13.081,30.27,6.4080834,3.7510045,42.82272,0.0,31.282802499833558,6.834641629755921
2022-02-01 00:00:00+00:00,-35.54333,-72.09444,210.0,open-meteo_ecmwf_ifs,daily,27.731,13.731,30.1,7.9851665,2.7503462,46.410435,0.0,31.171006778125268,6.000890290628426
2022-02-02 00:00:00+00:00,-35.54333,-72.09444,210.0,open-meteo_ecmwf_ifs,daily,25.231,12.031,29.75,11.428917,2.712431,70.28431,0.0,31.056650394954328,5.120733306153042
2022-02-03 00:00:00+00:00,-35.54333,-72.09444,210.0,open-meteo_ecmwf_ifs,daily,25.081001,10.831,29.88,11.3810005,2.2465372,71.90707,0.0,30.939751050096437,4.9082595368862405
2022-02-04 00:00:00+00:00,-35.54333,-72.09444,210.0,open-meteo_ecmwf_ifs,daily,28.131,13.081,26.56,12.760167,2.3869758,67.20554,0.1,30.820327352300072,5.021505423717466
2022-02-05 00:00:00+00:00,-35.54333,-72.09444,210.0,open-meteo_ecmwf_ifs,daily,31.381,14.481,29.82,8.747666,3.8103592,49.39777,0.0,30.6983988453375,6.882544873229925
2022-02-06 00:00:00+00:00,-35.54333,-72.09444,210.0,open-meteo_ecmwf_ifs,daily,34.731,16.331001,29.75,8.639333,2.5263584,39.99102,0.0,30.57398603367805,6.768035037816797
2022-02-07 00:00:00+00:00,-35.54333,-72.09444,210.0,open-meteo_ecmwf_ifs,daily,32.081,12.681,29.49,11.058083,2.4596455,56.2889,0.0,30.447110407691195,5.902680569216919
2022-02-08 00:00:00+00:00,-35.54333,-72.09444,210.0,open-meteo_ecmwf_ifs,daily,35.080997,15.731,29.68,9.381,3.736138,46.77156,0.0,30.317794468285598,7.413369641867557
2022-02-09 00:00:00+00:00,-35.54333,-72.09444,210.0,open-meteo_ecmwf_ifs,daily,31.881,16.431,28.72,9.889334,3.3801165,47.30537,0.0,30.186061750890282,6.739181460750291
2022-02-10 00:00:00+00:00,-35.54333,-72.09444,210.0,open-meteo_ecmwf_ifs,daily,27.331001,15.181,23.47,7.6601663,2.6166623,44.02251,0.0,30.05193684868357,5.297237448486209
2022-02-11 00:00:00+00:00,-35.54333,-72.09444,210.0,open-meteo_ecmwf_ifs,daily,30.881,11.531,29.77,1.2351665,3.6859684,32.06647,0.0,29.91544543497582,6.909968948376686
2022-02-12 00:00:00+00:00,-35.54333,-72.09444,210.0,open-meteo_ecmwf_ifs,daily,34.781,15.881,29.21,4.5330834,2.4496796,30.790194,0.0,29.776614284652606,6.687362861978029
2022-02-13 00:00:00+00:00,-35.54333,-72.09444,210.0,open-meteo_ecmwf_ifs,daily,25.581001,12.831,27.4,12.458083,3.4209783,70.28167,0.0,29.635471294586107,4.910101744567109
2022-02-14 00:00:00+00:00,-35.54333,-72.09444,210.0,open-meteo_ecmwf_ifs,daily,29.681002,11.831,28.04,11.635167,2.2144644,68.71292,0.0,29.49204550292386,5.192573140751099
2022-02-15 00:00:00+00:00,-35.54333,-72.09444,210.0,open-meteo_ecmwf_ifs,daily,26.381,11.431,27.9,11.191417,2.2308898,68.655266,0.0,29.346367107165882,4.813279931369109
2022-02-16 00:00:00+00:00,-35.54333,-72.09444,210.0,open-meteo_ecmwf_ifs,daily,31.831001,11.281,28.33,9.530999,2.9279175,60.880466,0.0,29.19846748094336,5.8041726686862525
2022-02-17 00:00:00+00:00,-35.54333,-72.09444,210.0,open-meteo_ecmwf_ifs,daily,33.031,14.781,28.74,7.21225,3.906825,40.755165,0.0,29.048379189414824,7.105958511291709
2022-02-18 00:00:00+00:00,-35.54333,-72.09444,210.0,open-meteo_ecmwf_ifs,daily,30.531,14.281,28.34,3.74975,3.663125,33.427425,0.0,28.896136003198347,6.810522103260238
2022-02-19 00:00:00+00:00,-35.54333,-72.09444,210.0,open-meteo_ecmwf_ifs,daily,28.831001,14.231,27.55,8.153916,3.8409078,49.923336,0.0,28.741772910761952,6.203131929063539
2022-02-20 00:00:00+00:00,-35.54333,-72.09444,210.0,open-meteo_ecmwf_ifs,daily,26.231,13.181,23.35,10.8185,3.245738,63.777195,0.0,28.585326129197764,4.760751313622735
2022-02-21 00:00:00+00:00,-35.54333,-72.09444,210.0,open-meteo_ecmwf_ifs,daily,25.381,12.631,23.51,8.722667,2.6751862,57.346485,0.0,28.42683311330953,4.657532981396788
2022-02-22 00:00:00+00:00,-35.54333,-72.09444,210.0,open-meteo_ecmwf_ifs,daily,23.631,11.831,24.17,9.795584,3.1456292,65.71637,0.0,28.266332562947024,4.4195862294082255
2022-02-23 00:00:00+00:00,-35.54333,-72.09444,210.0,open-meteo_ecmwf_ifs,daily,20.281,12.281,16.34,12.172666,3.4580514,80.88454,6.1999993,28.103864428525824,2.9376097915680135
2022-02-24 00:00:00+00:00,-35.54333,-72.09444,210.0,open-meteo_ecmwf_ifs,daily,24.381,13.381,20.25,11.585166,3.0839453,71.93996,0.5,27.939469914675218,4.055255590535647
2022-02-25 00:00:00+00:00,-35.54333,-72.09444,210.0,open-meteo_ecmwf_ifs,daily,26.781,10.981,26.52,10.689332,2.4282966,68.9928,0.0,27.7731914819622,4.640861068459141
2022-02-26 00:00:00+00:00,-35.54333,-72.09444,210.0,open-meteo_ecmwf_ifs,daily,25.981,11.331,25.11,11.108085,2.5734007,70.4917,0.0,27.605072846644628,4.426270870489921
2022-02-27 00:00:00+00:00,-35.54333,-72.09444,210.0,open-meteo_ecmwf_ifs,daily,25.481,12.181,26.34,9.439333,3.9843514,65.18574,0.0,27.43515897841212,5.113179258462162
2022-02-28 00:00:00+00:00,-35.54333,-72.09444,210.0,open-meteo_ecmwf_ifs,daily,26.681002,10.881,26.98,4.647667,6.5095134,46.973434,0.0,27.263496096078523,6.569971782665922
2022-03-01 00:00:00+00:00,-35.54333,-72.09444,210.0,open-meteo_ecmwf_ifs,daily,28.431002,11.231,25.64,5.0872493,6.0424886,43.745743,0.0,27.090131661195766,6.625328315301494
2022-03-02 00:00:00+00:00,-35.54333,-72.09444,210.0,open-meteo_ecmwf_ifs,daily,30.981,14.981,25.1,11.308084,5.0568523,54.72839,0.0,26.915114369564588,6.321023644361128
2022-03-03 00:00:00+00:00,-35.54333,-72.09444,210.0,open-meteo_ecmwf_ifs,daily,27.281,14.481,24.35,13.716415,2.4092817,69.43145,0.0,26.738494140623615,4.4916278610369424
2022-03-04 00:00:00+00:00,-35.54333,-72.09444,210.0,open-meteo_ecmwf_ifs,daily,27.431002,13.831,25.15,10.601834,3.3826847,61.044346,0.0,26.560322104704092,5.121455997091698
2022-03-05 00:00:00+00:00,-35.54333,-72.09444,210.0,open-meteo_ecmwf_ifs,daily,27.081001,11.181,25.88,4.653917,4.117907,45.16772,0.0,26.380650588143897,5.712208851886144
2022-03-06 00:00:00+00:00,-35.54333,-72.09444,210.0,open-meteo_ecmwf_ifs,daily,23.831001,12.331,21.4,7.1643333,3.056796,55.742416,0.1,26.19953309626043,4.400585341697458
2022-03-07 00:00:00+00:00,-35.54333,-72.09444,210.0,open-meteo_ecmwf_ifs,daily,26.931002,11.331,25.17,9.676834,2.7437563,67.35346,0.0,26.017024294187888,4.614315771979467
2022-03-08 00:00:00+00:00,-35.54333,-72.09444,210.0,open-meteo_ecmwf_ifs,daily,24.881,9.831,24.61,8.828916,2.5272949,63.645107,0.0,25.83317998559094,4.178039266312477
2022-03-09 00:00:00+00:00,-35.54333,-72.09444,210.0,open-meteo_ecmwf_ifs,daily,26.231,12.581,22.51,6.7747498,4.3184133,59.08765,0.0,25.648057089272577,5.29899536952625
2022-03-10 00:00:00+00:00,-35.54333,-72.09444,210.0,open-meteo_ecmwf_ifs,daily,28.081001,11.081,24.33,5.058084,5.9632106,45.755825,0.0,25.461713613699835,6.307775663059667
2022-03-11 00:00:00+00:00,-35.54333,-72.09444,210.0,open-meteo_ecmwf_ifs,daily,31.831001,11.931,24.06,9.397666,2.7188416,53.656162,0.0,25.274208629477535,5.0515556561776105
2022-03-12 00:00:00+00:00,-35.54333,-72.09444,210.0,open-meteo_ecmwf_ifs,daily,29.831001,12.581,23.72,11.08725,1.8899412,59.71849,0.0,25.08560223980541,4.387083634444293
2022-03-13 00:00:00+00:00,-35.54333,-72.09444,210.0,open-meteo_ecmwf_ifs,daily,33.431,13.281,23.57,10.581,2.6522076,56.09641,0.0,24.89595554896018,5.14926303104242
2022-03-14 00:00:00+00:00,-35.54333,-72.09444,210.0,open-meteo_ecmwf_ifs,daily,32.181,13.031,23.51,8.0685005,3.03405,45.987137,0.0,24.705330628849456,5.370280620649235
2022-03-15 00:00:00+00:00,-35.54333,-72.09444,210.0,open-meteo_ecmwf_ifs,daily,25.231,15.181,22.91,10.622666,2.4944742,54.28092,0.0,24.51379048369015,4.347543293007465
2022-03-16 00:00:00+00:00,-35.54333,-72.09444,210.0,open-meteo_ecmwf_ifs,daily,25.131,12.581,21.96,12.341415,2.1265085,73.53205,0.0,24.32139901286885,3.712342227136669
2022-03-17 00:00:00+00:00,-35.54333,-72.09444,210.0,open-meteo_ecmwf_ifs,daily,25.381,11.831,22.15,9.9935,3.0254486,66.20615,0.0,24.128220972047284,4.126354617968258
2022-03-18 00:00:00+00:00,-35.54333,-72.09444,210.0,open-meteo_ecmwf_ifs,daily,27.381,9.181,23.21,2.0622501,3.5617416,40.72641,0.0,23.934321932580573,5.082398046940489
2022-03-19 00:00:00+00:00,-35.54333,-72.09444,210.0,open-meteo_ecmwf_ifs,daily,30.131,13.431,20.43,2.0018334,2.64685,34.328182,0.0,23.739768239320657,4.980510908877565
2022-03-20 00:00:00+00:00,-35.54333,-72.09444,210.0,open-meteo_ecmwf_ifs,daily,25.231,13.181,13.45,2.3560002,1.9666709,36.87307,0.0,23.544626966881964,3.5579310985153056
2022-03-21 00:00:00+00:00,-35.54333,-72.09444,210.0,open-meteo_ecmwf_ifs,daily,23.781,13.231,19.27,9.301833,2.4867108,64.06477,0.4,23.34896587445053,3.7012121990129945
2022-03-22 00:00:00+00:00,-35.54333,-72.09444,210.0,open-meteo_ecmwf_ifs,daily,25.431002,10.181,22.23,7.8247504,4.161478,61.2408,0.0,23.152853359221584,4.452038490429219
2022-03-23 00:00:00+00:00,-35.54333,-72.09444,210.0,open-meteo_ecmwf_ifs,daily,18.981,8.881,13.79,6.868501,3.2033043,69.34903,1.2,22.956358408554717,2.75524879210934
2022-03-24 00:00:00+00:00,-35.54333,-72.09444,210.0,open-meteo_ecmwf_ifs,daily,22.581001,8.281,22.0,2.4351664,6.64413,47.962597,0.0,22.759550550938787,5.159630847923819
2022-03-25 00:00:00+00:00,-35.54333,-72.09444,210.0,open-meteo_ecmwf_ifs,daily,29.931002,9.981,21.46,6.2268333,3.3763933,52.696125,0.0,22.562499805862252,4.76456083019696
2022-03-26 00:00:00+00:00,-35.54333,-72.09444,210.0,open-meteo_ecmwf_ifs,daily,19.081001,9.881,16.7,9.430999,2.945818,76.50184,0.0,22.365276632687245,2.664936544559233
2022-03-27 00:00:00+00:00,-35.54333,-72.09444,210.0,open-meteo_ecmwf_ifs,daily,25.081001,9.281,20.25,8.951833,3.0075254,72.57517,0.0,22.16795187862848,3.6061075673061853
2022-03-28 00:00:00+00:00,-35.54333,-72.09444,210.0,open-meteo_ecmwf_ifs,daily,23.081001,8.631,20.72,7.0705833,2.9209979,61.55907,0.0,21.97059672594025,3.5179446385371773
2022-03-29 00:00:00+00:00,-35.54333,-72.09444,210.0,open-meteo_ecmwf_ifs,daily,19.781,10.531,20.55,5.485167,4.8447967,62.02801,0.0,21.773282638416905,4.007853058394153
2022-03-30 00:00:00+00:00,-35.54333,-72.09444,210.0,open-meteo_ecmwf_ifs,daily,23.081001,7.6809998,20.37,-1.1419166,6.5211244,39.182102,0.0,21.576081307313757,5.454027789870529
2022-03-31 00:00:00+00:00,-35.54333,-72.09444,210.0,open-meteo_ecmwf_ifs,daily,26.031,7.281,20.55,1.570583,3.5921555,46.93637,0.0,21.37906459679683,4.382360267563682
2022-04-01 00:00:00+00:00,-35.54333,-72.09444,210.0,open-meteo_ecmwf_ifs,daily,26.781,9.131,19.94,4.866417,3.6858947,50.542553,0.0,21.18230448903096,4.357009086897785
2022-04-02 00:00:00+00:00,-35.54333,-72.09444,210.0,open-meteo_ecmwf_ifs,daily,25.181002,11.431,19.07,10.324749,3.6609247,67.135506,0.0,20.985873029016485,3.691848855042772
2022-04-03 00:00:00+00:00,-35.54333,-72.09444,210.0,open-meteo_ecmwf_ifs,daily,20.081001,8.631,19.94,4.2309995,5.2317986,56.250134,0.0,20.78984226928511,3.9514961119216827
2022-04-04 00:00:00+00:00,-35.54333,-72.09444,210.0,open-meteo_ecmwf_ifs,daily,23.831001,6.981,19.59,2.1601667,4.9115596,49.162094,0.0,20.59428421456606,4.413074544291894
2022-04-05 00:00:00+00:00,-35.54333,-72.09444,210.0,open-meteo_ecmwf_ifs,daily,26.531,8.731,19.1,6.8059998,3.2518423,58.00638,0.0,20.39927076653292,3.7867161264840945
2022-04-06 00:00:00+00:00,-35.54333,-72.09444,210.0,open-meteo_ecmwf_ifs,daily,26.331001,11.231,18.21,10.145584,2.5234158,67.0425,0.0,20.20487366874169,3.346909436924383
2022-04-07 00:00:00+00:00,-35.54333,-72.09444,210.0,open-meteo_ecmwf_ifs,daily,25.981,11.681,18.04,9.92475,2.9203236,62.974396,0.0,20.011164451869387,3.4875362216685284
2022-04-08 00:00:00+00:00,-35.54333,-72.09444,210.0,open-meteo_ecmwf_ifs,daily,25.431002,11.231,16.51,11.022667,2.3263807,75.6433,0.0,19.818214379361745,2.9531729118442116
2022-04-09 00:00:00+00:00,-35.54333,-72.09444,210.0,open-meteo_ecmwf_ifs,daily,22.181002,8.231,15.89,8.812249,1.9975729,75.54299,0.0,19.626094393597146,2.4646832447713174
2022-04-10 00:00:00+00:00,-35.54333,-72.09444,210.0,open-meteo_ecmwf_ifs,daily,17.681002,9.431,12.75,7.983082,2.3004901,69.61005,0.0,19.434875062672308,2.109546279276001
2022-04-11 00:00:00+00:00,-35.54333,-72.09444,210.0,open-meteo_ecmwf_ifs,daily,19.981,6.531,17.56,3.9226663,3.1241713,65.27831,0.0,19.2446265279134,2.9435271104498573
2022-04-12 00:00:00+00:00,-35.54333,-72.09444,210.0,open-meteo_ecmwf_ifs,daily,20.331001,9.031,15.56,4.4560003,4.7238564,58.261112,0.0,19.05541845221408,3.5419135187527253
2022-04-13 00:00:00+00:00,-35.54333,-72.09444,210.0,open-meteo_ecmwf_ifs,daily,23.081001,7.331,17.84,1.1164166,5.103311,46.11417,0.0,18.867319969299576,4.327832551760408
2022-04-14 00:00:00+00:00,-35.54333,-72.09444,210.0,open-meteo_ecmwf_ifs,daily,22.631,7.781,17.38,6.2768326,2.3585753,61.133106,0.0,18.680399634013295,2.7883450307616915
2022-04-15 00:00:00+00:00,-35.54333,-72.09444,210.0,open-meteo_ecmwf_ifs,daily,19.881,10.131,12.1,8.874749,1.8415728,77.71418,0.3,18.494725373719348,2.0540181664731767
2022-04-16 00:00:00+00:00,-35.54333,-72.09444,210.0,open-meteo_ecmwf_ifs,daily,24.031,8.231,16.28,7.8685,1.9900144,72.2517,0.0,18.310364440911705,2.5884001289471197
2022-04-17 00:00:00+00:00,-35.54333,-72.09444,210.0,open-meteo_ecmwf_ifs,daily,23.381,8.731,16.27,7.941416,1.2253927,64.52447,0.0,18.1273833671167,2.2786170779917643
2022-04-18 00:00:00+00:00,-35.54333,-72.09444,210.0,open-meteo_ecmwf_ifs,daily,21.581001,7.331,13.72,9.095583,1.889865,80.974236,0.0,17.945847918172586,2.024907815247424
2022-04-19 00:00:00+00:00,-35.54333,-72.09444,210.0,open-meteo_ecmwf_ifs,daily,21.581001,8.581,10.53,9.958084,2.1617277,78.26666,0.0,17.765823050965853,1.8862941120711048
2022-04-20 00:00:00+00:00,-35.54333,-72.09444,210.0,open-meteo_ecmwf_ifs,daily,18.181002,7.881,14.7,8.080998,2.3831627,76.54833,2.5,17.58737287169982,2.007650958869359
2022-04-21 00:00:00+00:00,-35.54333,-72.09444,210.0,open-meteo_ecmwf_ifs,daily,12.281,7.1809998,2.71,5.303917,2.1156843,73.585815,2.8,17.41056059576737,1.1172389494449204
2022-04-22 00:00:00+00:00,-35.54333,-72.09444,210.0,open-meteo_ecmwf_ifs,daily,14.431,9.881,3.53,11.087251,3.0628674,93.77298,7.999999,17.23544850929477,0.7883438144866329
2022-04-23 00:00:00+00:00,-35.54333,-72.09444,210.0,open-meteo_ecmwf_ifs,daily,13.231,8.681,1.94,10.960166,2.5441139,97.18249,13.400001,17.062097932419512,0.47620649200315257
2022-04-24 00:00:00+00:00,-35.54333,-72.09444,210.0,open-meteo_ecmwf_ifs,daily,13.681,12.681,2.06,12.812249,4.9969535,97.41851,23.000002,16.890569184360047,0.53917634678369
2022-04-25 00:00:00+00:00,-35.54333,-72.09444,210.0,open-meteo_ecmwf_ifs,daily,13.381,8.081,2.98,10.314333,2.2456295,94.031006,2.0000002,16.720921550330775,0.6088893948297376
2022-04-26 00:00:00+00:00,-35.54333,-72.09444,210.0,open-meteo_ecmwf_ifs,daily,12.731,8.031,2.1,10.689332,5.6298327,93.34475,33.0,16.553213250350527,0.27772564397865923
2022-04-27 00:00:00+00:00,-35.54333,-72.09444,210.0,open-meteo_ecmwf_ifs,daily,13.831,7.281,9.27,8.101833,2.9789765,88.8848,1.1000001,16.3875014099877,1.2424090459750559
2022-04-28 00:00:00+00:00,-35.54333,-72.09444,210.0,open-meteo_ecmwf_ifs,daily,14.731,6.131,14.54,6.076832,3.6180847,81.31997,0.0,16.223842033080185,1.7869310293910443
2022-04-29 00:00:00+00:00,-35.54333,-72.09444,210.0,open-meteo_ecmwf_ifs,daily,17.031,4.731,14.54,3.545583,4.097386,68.35227,0.0,16.062289976462637,2.31659027867544
2022-04-30 00:00:00+00:00,-35.54333,-72.09444,210.0,open-meteo_ecmwf_ifs,daily,15.031,4.981,14.24,3.5935,3.0850556,68.184364,0.0,15.902898926728506,1.9199293372592046
2022-05-01 00:00:00+00:00,-35.54333,-72.09444,210.0,open-meteo_ecmwf_ifs,daily,16.031,5.731,13.6,5.3705826,3.988514,73.52739,0.0,15.745721379048604,1.9717689213774545
2022-05-02 00:00:00+00:00,-35.54333,-72.09444,210.0,open-meteo_ecmwf_ifs,daily,16.481,8.181,13.24,7.860167,4.5593057,82.55886,0.0,15.59080861806249,1.9424946647748689
2022-05-03 00:00:00+00:00,-35.54333,-72.09444,210.0,open-meteo_ecmwf_ifs,daily,19.431002,7.4309998,13.67,6.8393326,4.0416045,70.75915,0.0,15.438210700853249,2.3275610606872634
2022-05-04 00:00:00+00:00,-35.54333,-72.09444,210.0,open-meteo_ecmwf_ifs,daily,19.731,8.931,12.58,9.778918,3.1339643,80.28681,0.0,15.287976442010654,1.8640696882861858
2022-05-05 00:00:00+00:00,-35.54333,-72.09444,210.0,open-meteo_ecmwf_ifs,daily,15.581,7.131,6.44,10.07475,1.4466143,92.35319,0.1,15.140153400781884,0.8750103579227376
2022-05-06 00:00:00+00:00,-35.54333,-72.09444,210.0,open-meteo_ecmwf_ifs,daily,18.881,8.831,13.43,9.326835,3.0213306,83.69798,0.0,14.994787870303304,1.8200176269080552
2022-05-07 00:00:00+00:00,-35.54333,-72.09444,210.0,open-meteo_ecmwf_ifs,daily,17.881,6.831,12.05,8.1685,2.32425,84.41143,0.0,14.851924868900882,1.5164318075637382
2022-05-08 00:00:00+00:00,-35.54333,-72.09444,210.0,open-meteo_ecmwf_ifs,daily,16.531,5.531,6.86,8.183082,1.3973799,90.57309,0.0,14.711608133441217,0.9986643327175153
2022-05-09 00:00:00+00:00,-35.54333,-72.09444,210.0,open-meteo_ecmwf_ifs,daily,18.731,8.431,8.67,10.278917,1.7845955,88.896324,0.0,14.573880114709212,1.2484025139070833
2022-05-10 00:00:00+00:00,-35.54333,-72.09444,210.0,open-meteo_ecmwf_ifs,daily,16.531,7.881,9.58,9.814334,2.2882555,88.12301,0.0,14.438781974782756,1.1630380883577758
2022-05-11 00:00:00+00:00,-35.54333,-72.09444,210.0,open-meteo_ecmwf_ifs,daily,19.081001,8.581,8.42,8.626833,1.3567103,75.75129,0.0,14.306353586368965,1.3039142771346972
2022-05-12 00:00:00+00:00,-35.54333,-72.09444,210.0,open-meteo_ecmwf_ifs,daily,12.981,9.631,1.62,5.885166,1.6434742,72.51145,8.8,14.176633534060958,1.0839401967159947
2022-05-13 00:00:00+00:00,-35.54333,-72.09444,210.0,open-meteo_ecmwf_ifs,daily,16.131,8.181,10.92,8.795583,3.4852827,86.902824,0.1,14.04965911746838,1.4205512429411036
2022-05-14 00:00:00+00:00,-35.54333,-72.09444,210.0,open-meteo_ecmwf_ifs,daily,15.181,6.781,8.28,3.1205835,3.2860806,65.52671,0.0,13.925466356169492,1.8986332908647396
2022-05-15 00:00:00+00:00,-35.54333,-72.09444,210.0,open-meteo_ecmwf_ifs,daily,18.331001,4.6809998,11.14,6.4143333,1.7928466,82.34968,0.0,13.804089996427036,1.3321108942351862
2022-05-16 00:00:00+00:00,-35.54333,-72.09444,210.0,open-meteo_ecmwf_ifs,daily,18.931002,8.931,11.98,6.6622505,0.7095752,66.1296,0.0,13.685563519604928,1.2169553082153366
2022-05-17 00:00:00+00:00,-35.54333,-72.09444,210.0,open-meteo_ecmwf_ifs,daily,17.531,4.581,11.6,7.5080833,1.1946119,88.71877,0.0,13.56991915221751,1.0923478562565005
2022-05-18 00:00:00+00:00,-35.54333,-72.09444,210.0,open-meteo_ecmwf_ifs,daily,14.381,6.731,8.42,7.601833,1.6538123,90.411385,0.0,13.457187877538034,0.9915365969422865
2022-05-19 00:00:00+00:00,-35.54333,-72.09444,210.0,open-meteo_ecmwf_ifs,daily,14.731,8.481,3.6,8.847667,3.9264953,87.94235,1.1000001,13.347399448688291,1.0803515855701176
2022-05-20 00:00:00+00:00,-35.54333,-72.09444,210.0,open-meteo_ecmwf_ifs,daily,15.831,9.531,9.27,9.366416,3.308423,80.50588,14.9,13.240582403126528,1.311124918174665
2022-05-21 00:00:00+00:00,-35.54333,-72.09444,210.0,open-meteo_ecmwf_ifs,daily,15.381,6.631,10.67,6.9101663,2.3029315,82.42184,0.0,13.136764078446301,1.2324839624565935
2022-05-22 00:00:00+00:00,-35.54333,-72.09444,210.0,open-meteo_ecmwf_ifs,daily,11.531,8.531,1.08,8.366418,2.457168,89.34009,11.299999,13.035970629394805,0.6709543342446004
2022-05-23 00:00:00+00:00,-35.54333,-72.09444,210.0,open-meteo_ecmwf_ifs,daily,13.331,9.481,2.0,9.94975,2.4197555,92.230385,7.4999995,12.938227046015163,0.6841222206757925
2022-05-24 00:00:00+00:00,-35.54333,-72.09444,210.0,open-meteo_ecmwf_ifs,daily,14.531,6.531,5.22,8.260167,1.6417428,87.092995,3.4999995,12.8435571728134,0.8034014511295049
2022-05-25 00:00:00+00:00,-35.54333,-72.09444,210.0,open-meteo_ecmwf_ifs,daily,13.181,5.831,11.22,6.7185,3.4057095,84.86231,0.6,12.751983728847728,1.0808047231890021
2022-05-26 00:00:00+00:00,-35.54333,-72.09444,210.0,open-meteo_ecmwf_ifs,daily,10.981,2.5809999,9.95,3.7455833,2.1105957,86.06824,0.0,12.663528328634294,0.8729933860460293
2022-05-27 00:00:00+00:00,-35.54333,-72.09444,210.0,open-meteo_ecmwf_ifs,daily,10.081,0.781,8.96,3.29975,1.7620038,88.673225,0.0,12.57821150376125,0.7030128608416899
2022-05-28 00:00:00+00:00,-35.54333,-72.09444,210.0,open-meteo_ecmwf_ifs,daily,8.3810005,0.13100001,10.0,2.081,2.653083,88.58386,0.0,12.496052725100409,0.7185975825433691
2022-05-29 00:00:00+00:00,-35.54333,-72.09444,210.0,open-meteo_ecmwf_ifs,daily,9.031,0.031000018,11.38,0.6101666,3.347428,82.21046,0.0,12.417070425503901,0.9876854980188965
2022-05-30 00:00:00+00:00,-35.54333,-72.09444,210.0,open-meteo_ecmwf_ifs,daily,8.431,-1.4690001,11.13,0.070583284,2.224068,83.53637,0.0,12.341282022871779,0.785366621358201
2022-05-31 00:00:00+00:00,-35.54333,-72.09444,210.0,open-meteo_ecmwf_ifs,daily,7.781,-3.319,9.94,-0.99191666,1.8534635,84.96296,0.0,12.268703943475336,0.6855546786556178
2022-06-01 00:00:00+00:00,-35.54333,-72.09444,210.0,open-meteo_ecmwf_ifs,daily,10.781,-2.519,9.28,-0.294,1.1516715,82.49915,0.0,12.199351645420318,0.7133940287265864
2022-06-02 00:00:00+00:00,-35.54333,-72.09444,210.0,open-meteo_ecmwf_ifs,daily,12.631,0.331,8.2,3.0601664,2.4136708,85.42212,0.3,12.133239642134072,0.8691164201702016
2022-06-03 00:00:00+00:00,-35.54333,-72.09444,210.0,open-meteo_ecmwf_ifs,daily,10.481,7.581,2.12,7.081,4.195948,88.80478,31.600002,12.070381525760919,0.7870984519215073
2022-06-04 00:00:00+00:00,-35.54333,-72.09444,210.0,open-meteo_ecmwf_ifs,daily,12.631,9.631,2.14,9.206,3.5634613,90.39197,16.3,12.01078999035094,0.8052571787147152
2022-06-05 00:00:00+00:00,-35.54333,-72.09444,210.0,open-meteo_ecmwf_ifs,daily,15.181,9.631,4.51,9.549749,3.4843245,84.79752,4.4999995,11.95447685472855,1.0571865113665126
2022-06-06 00:00:00+00:00,-35.54333,-72.09444,210.0,open-meteo_ecmwf_ifs,daily,14.881,7.331,3.95,9.553917,1.8610827,92.67749,0.3,11.901453084929246,0.6804455598876022
2022-06-07 00:00:00+00:00,-35.54333,-72.09444,210.0,open-meteo_ecmwf_ifs,daily,17.031,4.6809998,10.06,7.570584,1.541441,88.54044,0.0,11.851728816095008,0.8895713708763064
2022-06-08 00:00:00+00:00,-35.54333,-72.09444,210.0,open-meteo_ecmwf_ifs,daily,12.981,7.1809998,3.37,8.820582,1.188149,93.95035,0.0,11.805313373721994,0.5882782618766712
2022-06-09 00:00:00+00:00,-35.54333,-72.09444,210.0,open-meteo_ecmwf_ifs,daily,13.681,5.081,9.3,6.5101666,2.9948514,90.14914,0.0,11.762215294157109,0.9382869320978152
2022-06-10 00:00:00+00:00,-35.54333,-72.09444,210.0,open-meteo_ecmwf_ifs,daily,14.331,3.481,10.69,3.0955832,2.6189659,72.35773,0.0,11.722442344244419,1.2140630037355524
2022-06-11 00:00:00+00:00,-35.54333,-72.09444,210.0,open-meteo_ecmwf_ifs,daily,16.231,5.881,10.63,5.3122497,1.2695097,73.40392,0.0,11.68600154002618,0.9610494807477138
2022-06-12 00:00:00+00:00,-35.54333,-72.09444,210.0,open-meteo_ecmwf_ifs,daily,13.031,5.1809998,7.6,6.935166,1.5648642,92.46502,0.0,11.652899164408577,0.7060386885618177
2022-06-13 00:00:00+00:00,-35.54333,-72.09444,210.0,open-meteo_ecmwf_ifs,daily,11.531,6.1809998,5.61,6.8747487,1.2044028,91.2476,0.0,11.623140783707235,0.637916527333036
2022-06-14 00:00:00+00:00,-35.54333,-72.09444,210.0,open-meteo_ecmwf_ifs,daily,12.781,5.981,5.31,6.8143344,2.2071207,87.51511,5.7,11.596731262993424,0.7866721738079259
2022-06-15 00:00:00+00:00,-35.54333,-72.09444,210.0,open-meteo_ecmwf_ifs,daily,13.381,8.1310005,6.02,8.395583,1.2021879,89.85378,6.5,11.573674780168094,0.7109028275080131
2022-06-16 00:00:00+00:00,-35.54333,-72.09444,210.0,open-meteo_ecmwf_ifs,daily,11.031,4.881,5.73,6.605999,1.5892173,93.470314,0.0,11.553974838697263,0.5818194567109112
2022-06-17 00:00:00+00:00,-35.54333,-72.09444,210.0,open-meteo_ecmwf_ifs,daily,13.031,3.031,9.81,5.195583,2.0606468,90.412476,0.0,11.537634278949328,0.7787331824920822
2022-06-18 00:00:00+00:00,-35.54333,-72.09444,210.0,open-meteo_ecmwf_ifs,daily,9.781,1.5309999,8.14,4.776833,2.05536,90.20471,0.0,11.52465528808195,0.504299518783932
2022-06-19 00:00:00+00:00,-35.54333,-72.09444,210.0,open-meteo_ecmwf_ifs,daily,10.681,5.1809998,2.53,5.447666,1.3623639,88.59729,0.0,11.515039408433795,0.6442344470047041
2022-06-20 00:00:00+00:00,-35.54333,-72.09444,210.0,open-meteo_ecmwf_ifs,daily,12.081,5.131,5.54,6.4497495,1.4079261,88.95057,0.0,11.508787544383997,0.652614106363837
2022-06-21 00:00:00+00:00,-35.54333,-72.09444,210.0,open-meteo_ecmwf_ifs,daily,13.431,4.781,6.27,6.903916,2.2007847,89.356575,0.0,11.50589996765029,0.7345996141691002
2022-06-22 00:00:00+00:00,-35.54333,-72.09444,210.0,open-meteo_ecmwf_ifs,daily,10.181,6.381,2.32,6.7955837,2.0789359,91.87577,4.0,11.506376321004735,0.59080462386194
2022-06-23 00:00:00+00:00,-35.54333,-72.09444,210.0,open-meteo_ecmwf_ifs,daily,10.831,7.481,1.87,8.020583,5.776457,90.54373,26.6,11.510215620394195,0.6201045593078602
2022-06-24 00:00:00+00:00,-35.54333,-72.09444,210.0,open-meteo_ecmwf_ifs,daily,14.531,8.881,7.73,9.241416,2.141959,89.801796,6.0999994,11.517416255461043,0.8546061258030964
2022-06-25 00:00:00+00:00,-35.54333,-72.09444,210.0,open-meteo_ecmwf_ifs,daily,13.231,6.781,7.5,6.9080834,1.7949198,86.64681,0.3,11.527975988467691,0.8266750196131448
2022-06-26 00:00:00+00:00,-35.54333,-72.09444,210.0,open-meteo_ecmwf_ifs,daily,13.181,3.731,3.95,7.0705833,1.7914362,89.49756,0.4,11.54189195163699,0.5864137774858661
2022-06-27 00:00:00+00:00,-35.54333,-72.09444,210.0,open-meteo_ecmwf_ifs,daily,13.831,4.731,7.39,6.9851665,1.3812442,94.05325,0.4,11.559160642928422,0.6952032164033732
2022-06-28 00:00:00+00:00,-35.54333,-72.09444,210.0,open-meteo_ecmwf_ifs,daily,13.781,7.531,5.92,8.026834,2.7486382,87.08648,0.0,11.579777920278394,0.8859916296793363
2022-06-29 00:00:00+00:00,-35.54333,-72.09444,210.0,open-meteo_ecmwf_ifs,daily,13.931,8.1310005,4.11,9.351833,2.8302696,90.51642,6.6,11.60373899434037,0.733190537298392
2022-06-30 00:00:00+00:00,-35.54333,-72.09444,210.0,open-meteo_ecmwf_ifs,daily,13.131,4.831,8.0,6.0851665,2.1151721,90.60114,0.0,11.631038419768629,0.8226033248371936
2022-07-01 00:00:00+00:00,-35.54333,-72.09444,210.0,open-meteo_ecmwf_ifs,daily,11.381,5.281,6.7,7.510166,4.50003,87.72622,22.700005,11.661670085096533,0.558840929781697
2022-07-02 00:00:00+00:00,-35.54333,-72.09444,210.0,open-meteo_ecmwf_ifs,daily,10.881,2.431,7.5,4.2497497,2.5706317,88.805824,0.70000005,11.695627201267309,0.7345861684715296
2022-07-03 00:00:00+00:00,-35.54333,-72.09444,210.0,open-meteo_ecmwf_ifs,daily,12.331,5.1809998,7.57,6.0580826,1.7833014,84.91654,1.2,11.732902288882276,0.7685558584231097
2022-07-04 00:00:00+00:00,-35.54333,-72.09444,210.0,open-meteo_ecmwf_ifs,daily,12.931,4.031,8.74,5.853916,2.2799764,88.59253,0.5,11.773487164237569,0.8101512514159303
2022-07-05 00:00:00+00:00,-35.54333,-72.09444,210.0,open-meteo_ecmwf_ifs,daily,11.581,3.281,6.13,5.126833,2.4712512,91.143,0.0,11.817372924226586,0.7379886256883458
2022-07-06 00:00:00+00:00,-35.54333,-72.09444,210.0,open-meteo_ecmwf_ifs,daily,10.181,5.4309998,6.96,6.491417,4.3513365,85.278786,17.599998,11.864549930190831,0.6643298066068781
2022-07-07 00:00:00+00:00,-35.54333,-72.09444,210.0,open-meteo_ecmwf_ifs,daily,10.981,1.8310001,10.61,3.3351667,2.191697,83.2326,0.0,11.91500779080697,0.8042475924657014
2022-07-08 00:00:00+00:00,-35.54333,-72.09444,210.0,open-meteo_ecmwf_ifs,daily,12.531,2.331,10.27,3.601833,2.3684063,81.559166,0.0,11.9687353441026,0.9384212681041129
2022-07-09 00:00:00+00:00,-35.54333,-72.09444,210.0,open-meteo_ecmwf_ifs,daily,9.981,8.331,1.19,7.153917,5.9270034,86.89691,38.899998,12.025720638697228,0.8615689548732655
2022-07-10 00:00:00+00:00,-35.54333,-72.09444,210.0,open-meteo_ecmwf_ifs,daily,10.631,6.4309998,4.94,6.6705832,2.2280085,90.997536,12.000001,12.08595091436888,0.7001879331739904
2022-07-11 00:00:00+00:00,-35.54333,-72.09444,210.0,open-meteo_ecmwf_ifs,daily,10.931,3.381,7.37,4.901833,1.5609155,92.549,2.5,12.14941258204961,0.697107116375041
2022-07-12 00:00:00+00:00,-35.54333,-72.09444,210.0,open-meteo_ecmwf_ifs,daily,10.981,5.331,3.51,5.853916,1.9588829,88.599884,0.0,12.216091203356125,0.7141956256060026
2022-07-13 00:00:00+00:00,-35.54333,-72.09444,210.0,open-meteo_ecmwf_ifs,daily,11.381,5.381,2.18,8.643499,3.7561867,93.23533,27.999998,12.28597146976359,0.2923625467304128
2022-07-14 00:00:00+00:00,-35.54333,-72.09444,210.0,open-meteo_ecmwf_ifs,daily,8.531,1.8310001,4.77,3.3997498,2.6257093,91.721535,20.499998,12.359037181532612,0.6323733548833016
2022-07-15 00:00:00+00:00,-35.54333,-72.09444,210.0,open-meteo_ecmwf_ifs,daily,6.881,3.3309999,2.38,4.031,1.9004294,93.72167,4.1,12.435271226500248,0.5006141640480167
2022-07-16 00:00:00+00:00,-35.54333,-72.09444,210.0,open-meteo_ecmwf_ifs,daily,10.081,2.931,8.41,3.9289167,1.8414984,88.40865,1.0,12.514655558846759,0.7671140575685444
2022-07-17 00:00:00+00:00,-35.54333,-72.09444,210.0,open-meteo_ecmwf_ifs,daily,9.631,5.531,2.85,5.814333,2.72797,89.99944,8.900001,12.597171177949795,0.6751077430538317
2022-07-18 00:00:00+00:00,-35.54333,-72.09444,210.0,open-meteo_ecmwf_ifs,daily,12.381,5.031,10.47,6.445584,2.1975167,92.13908,2.5,12.682798107437494,0.8795406910963176
2022-07-19 00:00:00+00:00,-35.54333,-72.09444,210.0,open-meteo_ecmwf_ifs,daily,12.031,1.881,12.2,2.5351667,2.2863836,78.87739,0.0,12.771515374551324,1.0655166932246503
2022-07-20 00:00:00+00:00,-35.54333,-72.09444,210.0,open-meteo_ecmwf_ifs,daily,14.931,2.681,10.71,5.1768336,2.5291085,86.68632,0.0,12.863300989927865,1.0850323973953835
2022-07-21 00:00:00+00:00,-35.54333,-72.09444,210.0,open-meteo_ecmwf_ifs,daily,13.881,4.6809998,8.75,7.2393336,1.9979496,92.74529,0.0,12.958131927907768,0.8542406567799571
2022-07-22 00:00:00+00:00,-35.54333,-72.09444,210.0,open-meteo_ecmwf_ifs,daily,16.931002,5.631,10.45,8.422667,1.9175574,93.82873,0.0,13.055984107477514,1.0552857827282949
2022-07-23 00:00:00+00:00,-35.54333,-72.09444,210.0,open-meteo_ecmwf_ifs,daily,13.831,8.931,4.03,9.458083,1.261273,90.86112,0.0,13.156832373947514,0.743314241663493
2022-07-24 00:00:00+00:00,-35.54333,-72.09444,210.0,open-meteo_ecmwf_ifs,daily,11.581,6.9309998,2.76,8.616418,2.1395514,95.34262,0.70000005,13.260650481467414,0.5444544884943995
2022-07-25 00:00:00+00:00,-35.54333,-72.09444,210.0,open-meteo_ecmwf_ifs,daily,13.531,8.631,4.73,8.8914175,4.2818675,89.3968,0.5,13.367411076476118,0.9891983507173937
2022-07-26 00:00:00+00:00,-35.54333,-72.09444,210.0,open-meteo_ecmwf_ifs,daily,13.881,9.881,7.15,9.56225,4.241485,90.12702,8.400001,13.47708568218097,1.113437736161295
2022-07-27 00:00:00+00:00,-35.54333,-72.09444,210.0,open-meteo_ecmwf_ifs,daily,14.331,6.981,11.17,7.658083,1.6127548,87.361244,0.0,13.589644684156724,1.0841349170728491
2022-07-28 00:00:00+00:00,-35.54333,-72.09444,210.0,open-meteo_ecmwf_ifs,daily,14.631,4.581,12.82,5.4414163,3.2504265,84.00284,0.0,13.705057317151052,1.3956372429626023
2022-07-29 00:00:00+00:00,-35.54333,-72.09444,210.0,open-meteo_ecmwf_ifs,daily,14.031,4.081,12.96,4.9435,3.453541,80.63494,0.0,13.823291653179197,1.3943824851954374
2022-07-30 00:00:00+00:00,-35.54333,-72.09444,210.0,open-meteo_ecmwf_ifs,daily,13.281,4.231,5.49,6.216417,1.8844604,88.97104,0.0,13.944314590985998,0.8601065383299193
2022-07-31 00:00:00+00:00,-35.54333,-72.09444,210.0,open-meteo_ecmwf_ifs,daily,14.281,4.9309998,8.62,7.2330837,1.3075706,91.61365,0.0,14.068091846949022,0.9314375730408799
2022-08-01 00:00:00+00:00,-35.54333,-72.09444,210.0,open-meteo_ecmwf_ifs,daily,11.931,7.231,6.8,6.3580823,1.8339311,84.204735,0.1,14.19458794749178,1.0033582355697084
2022-08-02 00:00:00+00:00,-35.54333,-72.09444,210.0,open-meteo_ecmwf_ifs,daily,12.931,2.731,13.52,4.0518327,2.8557415,82.31957,0.0,14.323766223071045,1.2850568673490488
2022-08-03 00:00:00+00:00,-35.54333,-72.09444,210.0,open-meteo_ecmwf_ifs,daily,12.131,0.081,12.53,2.4622505,2.0943072,81.67817,0.0,14.455588803797536,1.1052730664432262
2022-08-04 00:00:00+00:00,-35.54333,-72.09444,210.0,open-meteo_ecmwf_ifs,daily,13.481,1.431,12.18,4.531,2.0119388,83.337654,0.0,14.59001661674371,1.09525675813529
2022-08-05 00:00:00+00:00,-35.54333,-72.09444,210.0,open-meteo_ecmwf_ifs,daily,14.181,3.8309999,6.12,6.7434998,1.5892316,88.08902,0.4,14.727009384987745,0.8728151681001438
2022-08-06 00:00:00+00:00,-35.54333,-72.09444,210.0,open-meteo_ecmwf_ifs,daily,10.681,9.331,2.17,9.453916,2.855707,96.353455,33.5,14.866525628436978,0.5438191800144843
2022-08-07 00:00:00+00:00,-35.54333,-72.09444,210.0,open-meteo_ecmwf_ifs,daily,11.231,6.981,6.51,6.98725,3.1494226,89.94303,16.5,15.008522666469,0.9655370869404372
2022-08-08 00:00:00+00:00,-35.54333,-72.09444,210.0,open-meteo_ecmwf_ifs,daily,12.631,3.031,13.63,5.09975,2.6080763,88.62717,0.0,15.152956622423318,1.2191881092647607
2022-08-09 00:00:00+00:00,-35.54333,-72.09444,210.0,open-meteo_ecmwf_ifs,daily,15.581,3.181,14.35,5.2809997,2.3358123,82.632904,0.0,15.299782429970788,1.4662349193995734
2022-08-10 00:00:00+00:00,-35.54333,-72.09444,210.0,open-meteo_ecmwf_ifs,daily,14.631,4.6809998,13.89,4.914333,1.5891962,78.751274,0.0,15.448953841382767,1.430943655876713
2022-08-11 00:00:00+00:00,-35.54333,-72.09444,210.0,open-meteo_ecmwf_ifs,daily,14.881,2.681,14.27,4.8205833,1.9424623,84.22274,0.0,15.60042343771656,1.4025415128146534
2022-08-12 00:00:00+00:00,-35.54333,-72.09444,210.0,open-meteo_ecmwf_ifs,daily,12.681,5.281,7.77,6.7101665,2.8348057,87.46346,0.3,15.754142640928102,1.0483006363088498
2022-08-13 00:00:00+00:00,-35.54333,-72.09444,210.0,open-meteo_ecmwf_ifs,daily,14.231,3.431,9.96,6.6393332,3.056064,89.1865,0.2,15.91006172791757,1.1299785175712893
2022-08-14 00:00:00+00:00,-35.54333,-72.09444,210.0,open-meteo_ecmwf_ifs,daily,11.431,7.9309998,5.77,8.566417,3.8854887,91.77259,10.299999,16.06812984650826,0.8161723688953274
2022-08-15 00:00:00+00:00,-35.54333,-72.09444,210.0,open-meteo_ecmwf_ifs,daily,11.031,2.5809999,10.15,3.8226662,2.6097476,82.99663,0.8,16.22829503335349,1.1535985961134698
2022-08-16 00:00:00+00:00,-35.54333,-72.09444,210.0,open-meteo_ecmwf_ifs,daily,11.481,7.981,2.43,7.185166,4.831107,87.757744,6.4,16.390504233761373,1.0437805513638503
2022-08-17 00:00:00+00:00,-35.54333,-72.09444,210.0,open-meteo_ecmwf_ifs,daily,10.681,2.331,11.68,3.7143328,2.6891232,82.373344,0.2,16.554703323421677,1.1943926196719203
2022-08-18 00:00:00+00:00,-35.54333,-72.09444,210.0,open-meteo_ecmwf_ifs,daily,12.281,2.8309999,15.67,3.2851665,4.4687104,80.43288,0.0,16.720837132014257,1.715981984167602
2022-08-19 00:00:00+00:00,-35.54333,-72.09444,210.0,open-meteo_ecmwf_ifs,daily,17.231,5.831,15.65,5.3059998,4.767941,73.41076,0.0,16.88884946867303,2.412541904747739
2022-08-20 00:00:00+00:00,-35.54333,-72.09444,210.0,open-meteo_ecmwf_ifs,daily,18.331001,6.481,15.92,8.176833,4.0217195,81.87299,0.0,17.058683149274795,2.07220489913388
2022-08-21 00:00:00+00:00,-35.54333,-72.09444,210.0,open-meteo_ecmwf_ifs,daily,19.281,6.381,15.49,8.664332,2.314302,80.069305,0.0,17.230280025517267,1.9120483446955148
2022-08-22 00:00:00+00:00,-35.54333,-72.09444,210.0,open-meteo_ecmwf_ifs,daily,14.781,6.881,6.87,9.216415,1.7644564,91.54316,0.4,17.403581015745665,1.0141464246980734
2022-08-23 00:00:00+00:00,-35.54333,-72.09444,210.0,open-meteo_ecmwf_ifs,daily,13.031,9.331,7.03,9.468498,1.7154697,90.017876,0.6,17.578526137482896,1.0517890795058558
2022-08-24 00:00:00+00:00,-35.54333,-72.09444,210.0,open-meteo_ecmwf_ifs,daily,15.281,6.981,11.44,7.6164155,3.229757,85.23488,0.3,17.75505454161349,1.6309504522304137
2022-08-25 00:00:00+00:00,-35.54333,-72.09444,210.0,open-meteo_ecmwf_ifs,daily,15.531,3.8309999,16.91,5.006,3.4354725,79.42665,0.0,17.933104548167226,1.990656760508906
2022-08-26 00:00:00+00:00,-35.54333,-72.09444,210.0,open-meteo_ecmwf_ifs,daily,12.731,4.181,13.26,4.016417,3.3496988,77.08574,0.0,18.11261368364402,1.7158947511016365
2022-08-27 00:00:00+00:00,-35.54333,-72.09444,210.0,open-meteo_ecmwf_ifs,daily,13.881,4.231,17.81,4.66225,4.442512,79.49087,0.0,18.29351871981759,2.037245068103877
2022-08-28 00:00:00+00:00,-35.54333,-72.09444,210.0,open-meteo_ecmwf_ifs,daily,19.131,3.031,18.35,3.8330832,3.7361958,69.28878,0.0,18.475755713951184,2.600149464605696
2022-08-29 00:00:00+00:00,-35.54333,-72.09444,210.0,open-meteo_ecmwf_ifs,daily,19.131,5.6809998,17.11,8.033083,2.3637507,84.1971,0.0,18.659260050355414,2.1218585936695997
2022-08-30 00:00:00+00:00,-35.54333,-72.09444,210.0,open-meteo_ecmwf_ifs,daily,12.881,8.331,8.71,8.3914175,2.3113966,89.75654,0.2,18.843966483213713,1.2583850235971215
2022-08-31 00:00:00+00:00,-35.54333,-72.09444,210.0,open-meteo_ecmwf_ifs,daily,13.981,7.331,9.19,7.3435,1.54287,83.60359,0.5,19.02980918059847,1.3687830169426338
2022-09-01 00:00:00+00:00,-35.54333,-72.09444,210.0,open-meteo_ecmwf_ifs,daily,14.831,6.481,17.63,6.691417,3.5990458,80.72913,0.0,19.21672176959681,2.102326083099473
2022-09-02 00:00:00+00:00,-35.54333,-72.09444,210.0,open-meteo_ecmwf_ifs,daily,18.981,6.081,18.84,5.4539165,4.7585125,69.20459,0.0,19.404637382462262,2.983148765077462
2022-09-03 00:00:00+00:00,-35.54333,-72.09444,210.0,open-meteo_ecmwf_ifs,daily,18.781,6.381,18.75,7.1601663,2.8394725,75.11078,0.0,19.59348870370589,2.4850902395971683
2022-09-04 00:00:00+00:00,-35.54333,-72.09444,210.0,open-meteo_ecmwf_ifs,daily,18.881,5.781,18.92,7.047667,2.605738,74.40447,0.0,19.783208018037218,2.4430409381219715
2022-09-05 00:00:00+00:00,-35.54333,-72.09444,210.0,open-meteo_ecmwf_ifs,daily,20.181002,5.9309998,15.31,8.872666,1.8057266,82.07068,0.0,19.97372725906345,2.069041831692596
2022-09-06 00:00:00+00:00,-35.54333,-72.09444,210.0,open-meteo_ecmwf_ifs,daily,18.281,6.031,18.64,9.176832,2.129295,81.53692,0.0,20.16497805865303,2.1586758900956133
2022-09-07 00:00:00+00:00,-35.54333,-72.09444,210.0,open-meteo_ecmwf_ifs,daily,9.731,7.4309998,2.69,7.3643336,2.314884,90.27847,13.200001,20.35689179686736,0.7143521632342963
2022-09-08 00:00:00+00:00,-35.54333,-72.09444,210.0,open-meteo_ecmwf_ifs,daily,11.731,2.881,17.52,2.6664164,2.1432421,77.96557,0.2,20.54939965236335,1.9151618145357772
2022-09-09 00:00:00+00:00,-35.54333,-72.09444,210.0,open-meteo_ecmwf_ifs,daily,13.931,3.381,20.06,3.76225,4.155415,78.82595,0.0,20.742432653167263,2.3287984827778523
2022-09-10 00:00:00+00:00,-35.54333,-72.09444,210.0,open-meteo_ecmwf_ifs,daily,17.231,2.381,19.81,5.453916,2.208945,81.58463,0.0,20.93592172771996,2.2431637033005267
2022-09-11 00:00:00+00:00,-35.54333,-72.09444,210.0,open-meteo_ecmwf_ifs,daily,13.781,5.6809998,10.74,6.6247497,2.1349084,84.11465,0.1,21.12979775609176,1.5326489396939902
2022-09-12 00:00:00+00:00,-35.54333,-72.09444,210.0,open-meteo_ecmwf_ifs,daily,16.231,4.731,16.05,6.0122495,1.8917012,82.14453,0.0,21.32399162126505,2.061494907473055
2022-09-13 00:00:00+00:00,-35.54333,-72.09444,210.0,open-meteo_ecmwf_ifs,daily,16.031,6.881,12.17,7.1455836,1.1126668,80.59158,0.1,21.518434260382374,1.7512815450278423
2022-09-14 00:00:00+00:00,-35.54333,-72.09444,210.0,open-meteo_ecmwf_ifs,daily,18.981,5.081,20.38,7.2914166,1.9971474,79.523964,0.0,21.713056715856975,2.54526631286245
2022-09-15 00:00:00+00:00,-35.54333,-72.09444,210.0,open-meteo_ecmwf_ifs,daily,18.581001,5.6809998,17.14,8.128917,1.4794354,81.8084,0.0,21.907790186243645,2.222205674800893
2022-09-16 00:00:00+00:00,-35.54333,-72.09444,210.0,open-meteo_ecmwf_ifs,daily,13.631,6.831,7.78,8.381,2.811495,88.78545,0.8000001,22.102566076767665,1.2339920608234667
2022-09-17 00:00:00+00:00,-35.54333,-72.09444,210.0,open-meteo_ecmwf_ifs,daily,11.231,7.981,3.78,8.760167,3.1634789,93.73578,8.3,22.297316049410306,0.7644960273786127
2022-09-18 00:00:00+00:00,-35.54333,-72.09444,210.0,open-meteo_ecmwf_ifs,daily,12.681,2.231,20.15,2.9851663,2.5548382,78.879875,0.2,22.49197207245074,2.2011505986488955
2022-09-19 00:00:00+00:00,-35.54333,-72.09444,210.0,open-meteo_ecmwf_ifs,daily,12.931,2.031,19.05,2.3664167,3.1115036,74.54889,0.0,22.686466469364774,2.2491555005624835
2022-09-20 00:00:00+00:00,-35.54333,-72.09444,210.0,open-meteo_ecmwf_ifs,daily,11.331,2.231,17.61,3.3268335,2.71502,77.26523,2.3999999,22.88073196698318,1.9083630582115079
2022-09-21 00:00:00+00:00,-35.54333,-72.09444,210.0,open-meteo_ecmwf_ifs,daily,12.781,1.231,16.18,3.1518328,1.2905835,78.01035,0.3,23.074701742813488,1.8425910199575217
2022-09-22 00:00:00+00:00,-35.54333,-72.09444,210.0,open-meteo_ecmwf_ifs,daily,17.581001,3.8309999,21.37,5.6789165,3.6757486,78.38479,0.0,23.26830947143153,2.744660025715004
2022-09-23 00:00:00+00:00,-35.54333,-72.09444,210.0,open-meteo_ecmwf_ifs,daily,18.231,9.531,13.26,8.922666,3.6704772,76.46218,0.1,23.46148936985155,2.479291386775994
2022-09-24 00:00:00+00:00,-35.54333,-72.09444,210.0,open-meteo_ecmwf_ifs,daily,14.181,8.981,9.84,9.470582,1.7054971,90.05747,14.5,23.6541762417859,1.514419183183902
2022-09-25 00:00:00+00:00,-35.54333,-72.09444,210.0,open-meteo_ecmwf_ifs,daily,14.431,7.581,12.01,8.614333,1.6839231,87.526634,2.3,23.846305520708682,1.7015885663070558
2022-09-26 00:00:00+00:00,-35.54333,-72.09444,210.0,open-meteo_ecmwf_ifs,daily,16.681002,5.081,16.14,5.7643332,1.568705,77.64097,0.0,24.03781331164057,2.258561813033471
2022-09-27 00:00:00+00:00,-35.54333,-72.09444,210.0,open-meteo_ecmwf_ifs,daily,19.681002,7.9309998,23.13,8.197666,3.4137201,78.87469,0.0,24.228636431575595,3.32810559966126
2022-09-28 00:00:00+00:00,-35.54333,-72.09444,210.0,open-meteo_ecmwf_ifs,daily,23.081001,8.181,23.22,10.370583,1.8973676,76.99478,0.0,24.4187124484744,3.3560322098293263
2022-09-29 00:00:00+00:00,-35.54333,-72.09444,210.0,open-meteo_ecmwf_ifs,daily,21.831001,9.031,20.61,11.160167,1.5007764,86.49554,0.0,24.607979718752073,2.9910254041999305
2022-09-30 00:00:00+00:00,-35.54333,-72.09444,210.0,open-meteo_ecmwf_ifs,daily,19.781,9.781,19.67,11.072666,2.3348687,84.268776,0.0,24.796377423193224,2.8480435404968456
2022-10-01 00:00:00+00:00,-35.54333,-72.09444,210.0,open-meteo_ecmwf_ifs,daily,21.881,8.731,20.72,10.610166,1.9466434,80.95816,0.0,24.983845601231014,3.084147304128662
2022-10-02 00:00:00+00:00,-35.54333,-72.09444,210.0,open-meteo_ecmwf_ifs,daily,23.081001,7.981,23.2,10.780999,1.5444794,81.89173,0.0,25.17032518353129,3.3266210956664235
2022-10-03 00:00:00+00:00,-35.54333,-72.09444,210.0,open-meteo_ecmwf_ifs,daily,13.631,8.681,11.61,7.647667,2.6767018,82.04419,0.0,25.355758022828134,1.8977184946626118
2022-10-04 00:00:00+00:00,-35.54333,-72.09444,210.0,open-meteo_ecmwf_ifs,daily,13.031,7.131,8.03,7.3435,1.4238014,84.274475,14.400001,25.540086922961528,1.3898557425118436
2022-10-05 00:00:00+00:00,-35.54333,-72.09444,210.0,open-meteo_ecmwf_ifs,daily,17.931002,6.881,17.05,7.820582,1.9607863,84.73049,0.0,25.72325566607329,2.5270615568920376
2022-10-06 00:00:00+00:00,-35.54333,-72.09444,210.0,open-meteo_ecmwf_ifs,daily,17.431002,6.9309998,15.25,8.489333,1.5958914,83.26291,0.0,25.905209037922447,2.2502365678703824
2022-10-07 00:00:00+00:00,-35.54333,-72.09444,210.0,open-meteo_ecmwf_ifs,daily,16.131,8.281,13.11,9.872666,2.7154696,85.82531,1.0,26.085892851286438,1.933202250586701
2022-10-08 00:00:00+00:00,-35.54333,-72.09444,210.0,open-meteo_ecmwf_ifs,daily,14.581,3.281,26.05,3.410167,5.251515,67.89617,0.8000001,26.265253967420477,3.125153707741041
2022-10-09 00:00:00+00:00,-35.54333,-72.09444,210.0,open-meteo_ecmwf_ifs,daily,18.981,4.6809998,26.52,2.7143335,5.8249526,59.050343,0.0,26.44324031555218,4.236820325308047
2022-10-10 00:00:00+00:00,-35.54333,-72.09444,210.0,open-meteo_ecmwf_ifs,daily,20.731,4.581,23.63,6.883083,2.2810585,72.492516,0.0,26.61980091039493,3.3026150941567574
2022-10-11 00:00:00+00:00,-35.54333,-72.09444,210.0,open-meteo_ecmwf_ifs,daily,18.531,6.331,23.5,7.6935005,2.745532,75.68805,0.0,26.79488586766863,3.1953033107049436
2022-10-12 00:00:00+00:00,-35.54333,-72.09444,210.0,open-meteo_ecmwf_ifs,daily,17.581001,7.6809998,22.92,7.68725,3.7245533,76.21751,0.0,26.968446417622328,3.2484284823924896
2022-10-13 00:00:00+00:00,-35.54333,-72.09444,210.0,open-meteo_ecmwf_ifs,daily,18.381,4.6809998,26.63,2.1205833,6.3852763,56.642853,0.0,27.14043491655915,4.342544763389516
2022-10-14 00:00:00+00:00,-35.54333,-72.09444,210.0,open-meteo_ecmwf_ifs,daily,20.731,6.4309998,26.75,4.13725,5.4552445,57.318287,0.0,27.31080485636919,4.589132771160021
2022-10-15 00:00:00+00:00,-35.54333,-72.09444,210.0,open-meteo_ecmwf_ifs,daily,24.931002,8.581,26.95,7.3935,3.226487,60.05086,0.0,27.479510872082326,4.67981296668367
2022-10-16 00:00:00+00:00,-35.54333,-72.09444,210.0,open-meteo_ecmwf_ifs,daily,22.681002,10.481,26.56,8.3185005,3.4689672,61.263,0.0,27.64650874745808,4.552949540605704
2022-10-17 00:00:00+00:00,-35.54333,-72.09444,210.0,open-meteo_ecmwf_ifs,daily,18.081001,7.481,18.62,8.806,2.3920596,81.25852,0.0,27.81175541863539,2.7460690954950806
2022-10-18 00:00:00+00:00,-35.54333,-72.09444,210.0,open-meteo_ecmwf_ifs,daily,20.231,7.881,20.0,7.7622495,2.1482754,74.3609,3.9999995,27.975208975870853,3.2289244877184626
2022-10-19 00:00:00+00:00,-35.54333,-72.09444,210.0,open-meteo_ecmwf_ifs,daily,20.381,5.881,18.0,8.7039175,2.2021904,79.94812,0.1,28.136828663398948,2.7749024463364393
2022-10-20 00:00:00+00:00,-35.54333,-72.09444,210.0,open-meteo_ecmwf_ifs,daily,21.931002,6.031,25.58,8.345584,2.1970918,77.90147,0.0,28.29657487745349,3.704410282600726
2022-10-21 00:00:00+00:00,-35.54333,-72.09444,210.0,open-meteo_ecmwf_ifs,daily,20.181002,10.181,26.91,7.4559994,3.4729881,66.8547,0.0,28.45440916249429,4.367517342990444
2022-10-22 00:00:00+00:00,-35.54333,-72.09444,210.0,open-meteo_ecmwf_ifs,daily,23.681002,7.081,27.65,6.3830833,2.3093371,60.54575,0.0,28.61029420568812,4.3912964122565485
2022-10-23 00:00:00+00:00,-35.54333,-72.09444,210.0,open-meteo_ecmwf_ifs,daily,19.331001,4.6809998,26.26,5.6997504,2.0089152,69.54241,0.0,28.764193829697703,3.606495316895031
2022-10-24 00:00:00+00:00,-35.54333,-72.09444,210.0,open-meteo_ecmwf_ifs,daily,22.181002,5.131,27.94,5.8330827,2.5573318,66.404305,0.0,28.91607298383716,4.156482803451619
2022-10-25 00:00:00+00:00,-35.54333,-72.09444,210.0,open-meteo_ecmwf_ifs,daily,19.631,7.1809998,26.12,8.720584,3.0041018,74.60966,0.0,29.065897733656318,3.6521896626912977
2022-10-26 00:00:00+00:00,-35.54333,-72.09444,210.0,open-meteo_ecmwf_ifs,daily,22.431002,11.531,21.86,9.970582,2.2461507,73.15223,1.1,29.21363524902068,3.8631684819409893
2022-10-27 00:00:00+00:00,-35.54333,-72.09444,210.0,open-meteo_ecmwf_ifs,daily,23.481,8.431,28.62,7.8101673,2.9801207,64.551216,0.0,29.359253790757233,4.659103651733662
2022-10-28 00:00:00+00:00,-35.54333,-72.09444,210.0,open-meteo_ecmwf_ifs,daily,19.131,9.981,16.37,8.726834,2.3169434,72.938835,0.1,29.502722695940225,2.965931543166527
2022-10-29 00:00:00+00:00,-35.54333,-72.09444,210.0,open-meteo_ecmwf_ifs,daily,19.731,9.981,23.93,10.522666,3.0013378,76.80181,0.0,29.644012361893566,3.59962379323426
2022-10-30 00:00:00+00:00,-35.54333,-72.09444,210.0,open-meteo_ecmwf_ifs,daily,15.981,5.031,30.24,1.4685,7.566052,55.357803,0.0,29.78309422899018,4.516294992008152
2022-10-31 00:00:00+00:00,-35.54333,-72.09444,210.0,open-meteo_ecmwf_ifs,daily,26.031,6.6809998,30.52,-1.785667,6.785604,33.376724,0.0,29.919940762330288,7.059327213704807
2022-11-01 00:00:00+00:00,-35.54333,-72.09444,210.0,open-meteo_ecmwf_ifs,daily,32.081,9.231,30.74,2.8789165,3.2739983,35.169636,0.0,30.054525432383418,6.546651016216209
2022-11-02 00:00:00+00:00,-35.54333,-72.09444,210.0,open-meteo_ecmwf_ifs,daily,27.581001,8.581,29.7,8.71225,2.5395358,62.387585,0.0,30.18682269468058,5.151723823733488
2022-11-03 00:00:00+00:00,-35.54333,-72.09444,210.0,open-meteo_ecmwf_ifs,daily,23.481,9.431,29.26,9.660167,2.3309805,71.56585,0.0,30.31680796864411,4.62502000882147
2022-11-04 00:00:00+00:00,-35.54333,-72.09444,210.0,open-meteo_ecmwf_ifs,daily,21.181002,8.731,25.93,8.485166,2.424339,73.509964,0.0,30.444457615644613,4.075643739347276
2022-11-05 00:00:00+00:00,-35.54333,-72.09444,210.0,open-meteo_ecmwf_ifs,daily,23.431002,6.031,28.75,7.458082,1.4963652,70.20861,0.0,30.569748916374078,4.288464539493268
2022-11-06 00:00:00+00:00,-35.54333,-72.09444,210.0,open-meteo_ecmwf_ifs,daily,24.431002,6.731,28.32,8.101834,2.31231,68.75402,0.0,30.692660047625417,4.487975020578441
2022-11-07 00:00:00+00:00,-35.54333,-72.09444,210.0,open-meteo_ecmwf_ifs,daily,26.581001,8.631,28.49,10.372667,1.9584776,69.559395,0.0,30.81317005856824,4.708361412601488
2022-11-08 00:00:00+00:00,-35.54333,-72.09444,210.0,open-meteo_ecmwf_ifs,daily,19.531,11.831,23.04,10.926833,3.0885086,73.02572,0.0,30.931258846610106,3.7291885367262676
2022-11-09 00:00:00+00:00,-35.54333,-72.09444,210.0,open-meteo_ecmwf_ifs,daily,17.331001,9.681,10.27,9.203917,3.3014443,81.980034,6.5000005,31.04690713293191,2.2381254423935877
2022-11-10 00:00:00+00:00,-35.54333,-72.09444,210.0,open-meteo_ecmwf_ifs,daily,20.631,10.281,20.01,9.364333,2.4501483,75.79008,0.3,31.160096437784897,3.526816265682258
2022-11-11 00:00:00+00:00,-35.54333,-72.09444,210.0,open-meteo_ecmwf_ifs,daily,18.881,8.631,23.0,8.94975,3.7670586,76.36588,2.2,31.27080905563461,3.5444949740414438
2022-11-12 00:00:00+00:00,-35.54333,-72.09444,210.0,open-meteo_ecmwf_ifs,daily,17.631,10.881,24.12,9.910167,4.295406,79.79702,6.799999,31.37902803023615,3.633296814240143
2022-11-13 00:00:00+00:00,-35.54333,-72.09444,210.0,open-meteo_ecmwf_ifs,daily,21.081001,7.781,26.94,8.680999,2.482464,74.00718,0.0,31.484737129721793,4.090381455095988
2022-11-14 00:00:00+00:00,-35.54333,-72.09444,210.0,open-meteo_ecmwf_ifs,daily,23.431002,8.031,30.35,9.114334,2.430342,71.70318,0.0,31.587920821780237,4.703688485656089
2022-11-15 00:00:00+00:00,-35.54333,-72.09444,210.0,open-meteo_ecmwf_ifs,daily,27.631,11.931,30.06,11.764333,3.420348,65.67312,0.0,31.68856424900306,5.5793390810985235
2022-11-16 00:00:00+00:00,-35.54333,-72.09444,210.0,open-meteo_ecmwf_ifs,daily,27.831001,11.481,31.01,12.01225,2.636754,67.2628,0.0,31.78665320447153,5.49281688576528
2022-11-17 00:00:00+00:00,-35.54333,-72.09444,210.0,open-meteo_ecmwf_ifs,daily,28.531,12.581,31.05,11.972667,2.8295803,65.937614,0.0,31.882174107652656,5.777594972785618
2022-11-18 00:00:00+00:00,-35.54333,-72.09444,210.0,open-meteo_ecmwf_ifs,daily,27.231,12.581,30.99,11.433084,3.6974993,66.05944,0.0,31.975113980670134,5.831476637853237
2022-11-19 00:00:00+00:00,-35.54333,-72.09444,210.0,open-meteo_ecmwf_ifs,daily,24.681002,12.381,30.69,10.197666,4.1536927,61.606434,0.0,32.0654604250116,5.629491847955765
2022-11-20 00:00:00+00:00,-35.54333,-72.09444,210.0,open-meteo_ecmwf_ifs,daily,25.131,10.831,32.8,5.3476663,5.6042914,48.799667,0.0,32.15320159872959,6.684755611581709
2022-11-21 00:00:00+00:00,-35.54333,-72.09444,210.0,open-meteo_ecmwf_ifs,daily,30.031,12.031,32.54,2.5768332,4.164259,35.51621,0.0,32.23832619418905,7.460875266833384
2022-11-22 00:00:00+00:00,-35.54333,-72.09444,210.0,open-meteo_ecmwf_ifs,daily,32.081,13.581,31.55,7.172667,4.799764,40.99265,0.0,32.320823416410164,7.751217201040587
2022-11-23 00:00:00+00:00,-35.54333,-72.09444,210.0,open-meteo_ecmwf_ifs,daily,30.981,15.081,30.94,11.03725,4.461823,50.169968,0.0,32.40068296205024,7.118796817587937
2022-11-24 00:00:00+00:00,-35.54333,-72.09444,210.0,open-meteo_ecmwf_ifs,daily,30.681002,15.181,30.25,12.010166,4.4533243,55.143612,0.0,32.47789499906405,6.864160903822435
2022-11-25 00:00:00+00:00,-35.54333,-72.09444,210.0,open-meteo_ecmwf_ifs,daily,29.081001,13.981,31.92,10.191417,2.479894,48.915985,0.0,32.55245014707751,6.217807317358689
2022-11-26 00:00:00+00:00,-35.54333,-72.09444,210.0,open-meteo_ecmwf_ifs,daily,32.830997,15.231,31.97,13.212251,2.1369803,56.26118,0.0,32.624339458504394,6.449947163247383
2022-11-27 00:00:00+00:00,-35.54333,-72.09444,210.0,open-meteo_ecmwf_ifs,daily,30.331001,14.431,31.75,14.135166,2.3994882,67.68131,0.0,32.6935544004319,6.068774112960987
2022-11-28 00:00:00+00:00,-35.54333,-72.09444,210.0,open-meteo_ecmwf_ifs,daily,30.981,13.581,29.03,13.791417,2.2112846,72.9893,0.0,32.7600868372959,5.679350560853163
2022-11-29 00:00:00+00:00,-35.54333,-72.09444,210.0,open-meteo_ecmwf_ifs,daily,27.731,13.331,31.47,10.785167,2.7542353,61.78777,0.0,32.82392901436218,5.9788346759153
2022-11-30 00:00:00+00:00,-35.54333,-72.09444,210.0,open-meteo_ecmwf_ifs,daily,25.681002,11.381,28.92,9.820584,2.8971462,65.52317,0.0,32.88507354202644,5.314169541677702
2022-12-01 00:00:00+00:00,-35.54333,-72.09444,210.0,open-meteo_ecmwf_ifs,daily,27.681002,11.881,33.18,5.391416,3.7512357,44.843357,0.0,32.94351338094096,6.804564215048756
2022-12-02 00:00:00+00:00,-35.54333,-72.09444,210.0,open-meteo_ecmwf_ifs,daily,29.781,11.931,32.91,5.1039157,2.9730985,41.343407,0.0,32.99924182797252,6.754306794514546
2022-12-03 00:00:00+00:00,-35.54333,-72.09444,210.0,open-meteo_ecmwf_ifs,daily,28.731,13.131,32.01,9.499749,3.4465716,53.086075,0.0,33.0522525029924,6.4923337785325845
2022-12-04 00:00:00+00:00,-35.54333,-72.09444,210.0,open-meteo_ecmwf_ifs,daily,30.631,12.981,33.22,6.9830832,3.9283721,45.08546,0.0,33.10253933649588,7.312804247327406
2022-12-05 00:00:00+00:00,-35.54333,-72.09444,210.0,open-meteo_ecmwf_ifs,daily,30.181002,14.431,33.05,7.8934994,3.3228667,44.747772,0.0,33.15009655804609,7.097252193954952
2022-12-06 00:00:00+00:00,-35.54333,-72.09444,210.0,open-meteo_ecmwf_ifs,daily,31.331001,14.281,32.74,9.955999,3.9133053,51.385944,0.0,33.19491868553368,7.240270129110642
2022-12-07 00:00:00+00:00,-35.54333,-72.09444,210.0,open-meteo_ecmwf_ifs,daily,27.431002,13.881,27.49,7.3914165,2.8414078,42.72479,0.1,33.23700051524208,5.9144633613548905
2022-12-08 00:00:00+00:00,-35.54333,-72.09444,210.0,open-meteo_ecmwf_ifs,daily,29.181002,14.831,30.25,14.106002,2.8403912,68.59373,0.0,33.276337112705896,5.914846493543586
2022-12-09 00:00:00+00:00,-35.54333,-72.09444,210.0,open-meteo_ecmwf_ifs,daily,29.881,15.181,31.3,13.976833,3.1113186,67.444405,0.0,33.312923804348166,6.269064729940564
2022-12-10 00:00:00+00:00,-35.54333,-72.09444,210.0,open-meteo_ecmwf_ifs,daily,31.931002,14.081,33.34,8.626833,4.18857,48.876102,0.0,33.34675616988148,7.636207464295478
2022-12-11 00:00:00+00:00,-35.54333,-72.09444,210.0,open-meteo_ecmwf_ifs,daily,29.881,15.031,33.7,5.185167,6.668495,35.70442,0.0,33.37783003545644,8.89772405439191
2022-12-12 00:00:00+00:00,-35.54333,-72.09444,210.0,open-meteo_ecmwf_ifs,daily,29.131,11.781,33.37,4.776833,6.425056,39.702087,0.0,33.40614146754114,8.049428143386328
2022-12-13 00:00:00+00:00,-35.54333,-72.09444,210.0,open-meteo_ecmwf_ifs,daily,31.131,12.831,33.03,8.856,4.548817,48.395535,0.0,33.43168676751456,7.384036885362109
2022-12-14 00:00:00+00:00,-35.54333,-72.09444,210.0,open-meteo_ecmwf_ifs,daily,29.381,15.231,32.91,10.812249,3.6038826,53.188694,0.0,33.4544624669577,6.920622811574771
2022-12-15 00:00:00+00:00,-35.54333,-72.09444,210.0,open-meteo_ecmwf_ifs,daily,33.830997,15.931,33.88,8.191417,5.4687195,44.48337,0.0,33.474465323626085,8.939765412603965
2022-12-16 00:00:00+00:00,-35.54333,-72.09444,210.0,open-meteo_ecmwf_ifs,daily,31.581001,15.931,32.97,9.341416,3.4046926,43.943424,0.0,33.49169231808882,7.410163235471837
2022-12-17 00:00:00+00:00,-35.54333,-72.09444,210.0,open-meteo_ecmwf_ifs,daily,30.131,12.231,31.88,11.239334,2.0523903,64.16244,0.0,33.50614065102031,5.982924164464298
2022-12-18 00:00:00+00:00,-35.54333,-72.09444,210.0,open-meteo_ecmwf_ifs,daily,30.381,13.981,32.99,9.5372505,2.5860093,51.775127,0.0,33.517807741132,6.64483938760591
2022-12-19 00:00:00+00:00,-35.54333,-72.09444,210.0,open-meteo_ecmwf_ifs,daily,26.031,10.731,32.97,7.4559994,2.6809056,52.75738,0.0,33.52669122373365,5.927721053303695
2022-12-20 00:00:00+00:00,-35.54333,-72.09444,210.0,open-meteo_ecmwf_ifs,daily,27.781,9.531,31.71,9.806001,2.008904,62.660786,0.0,33.53278894991509,5.508718649120851
2022-12-21 00:00:00+00:00,-35.54333,-72.09444,210.0,open-meteo_ecmwf_ifs,daily,29.431002,12.081,33.24,11.301833,2.4225218,64.56443,0.0,33.53609898634183,6.155126274139484
2022-12-22 00:00:00+00:00,-35.54333,-72.09444,210.0,open-meteo_ecmwf_ifs,daily,26.631,11.931,29.26,11.466418,2.750639,66.11313,0.0,33.536619615659895,5.36936319384651
2022-12-23 00:00:00+00:00,-35.54333,-72.09444,210.0,open-meteo_ecmwf_ifs,daily,26.181002,11.531,33.96,4.666416,5.961677,45.502136,0.0,33.53434933750738,7.377059130251364
2022-12-24 00:00:00+00:00,-35.54333,-72.09444,210.0,open-meteo_ecmwf_ifs,daily,33.330997,10.581,33.9,3.3164167,4.980034,35.96491,0.0,33.529286870133056,8.27040436903306
2022-12-25 00:00:00+00:00,-35.54333,-72.09444,210.0,open-meteo_ecmwf_ifs,daily,29.831001,13.481,33.1,10.414332,2.756073,51.34483,0.0,33.52143115262401,6.528705844121319
2022-12-26 00:00:00+00:00,-35.54333,-72.09444,210.0,open-meteo_ecmwf_ifs,daily,26.681002,13.531,28.05,11.183083,3.5610151,66.799675,0.0,33.51078134774712,5.659515454816707
2022-12-27 00:00:00+00:00,-35.54333,-72.09444,210.0,open-meteo_ecmwf_ifs,daily,29.981,14.031,32.18,11.322666,2.7161896,58.510315,0.0,33.49733684541096,6.414060471041467
2022-12-28 00:00:00+00:00,-35.54333,-72.09444,210.0,open-meteo_ecmwf_ifs,daily,30.831001,13.031,34.21,2.235166,4.6592574,33.115147,0.0,33.48109726675721,8.239597884262988
2022-12-29 00:00:00+00:00,-35.54333,-72.09444,210.0,open-meteo_ecmwf_ifs,daily,35.681,13.981,33.3,5.3185,3.3668032,33.864834,0.0,33.46206246889196,7.977216553190573
2022-12-30 00:00:00+00:00,-35.54333,-72.09444,210.0,open-meteo_ecmwf_ifs,daily,27.081001,15.981,33.03,10.501833,3.0397139,47.242947,0.0,33.44023255026975,6.570523610432119
2022-12-31 00:00:00+00:00,-35.54333,-72.09444,210.0,open-meteo_ecmwf_ifs,daily,21.481,13.131,13.01,11.676834,4.1722164,67.213554,0.8000001,33.4156078567438,3.2212102780117906
2023-01-01 00:00:00+00:00,-35.54333,-72.09444,210.0,open-meteo_ecmwf_ifs,daily,27.531,12.381,31.98,10.33725,2.2879255,65.32871,0.0,33.388188988297905,5.849577180123412
2023-01-02 00:00:00+00:00,-35.54333,-72.09444,210.0,open-meteo_ecmwf_ifs,daily,27.831001,12.931,32.93,8.841416,3.9200146,53.006332,0.0,33.357976806475705,6.66415240432454
2023-01-03 00:00:00+00:00,-35.54333,-72.09444,210.0,open-meteo_ecmwf_ifs,daily,29.681002,12.581,33.03,6.7184997,5.284073,44.56763,0.0,33.32497244252389,7.622247436363374
2023-01-04 00:00:00+00:00,-35.54333,-72.09444,210.0,open-meteo_ecmwf_ifs,daily,32.031,14.731,32.59,9.689335,3.9018886,46.59317,0.0,33.28917730626627,7.428770172875627
2023-01-05 00:00:00+00:00,-35.54333,-72.09444,210.0,open-meteo_ecmwf_ifs,daily,24.131,13.831,29.41,12.491416,3.5616512,68.47448,0.0,33.2505930957252,5.257659634947455
2023-01-06 00:00:00+00:00,-35.54333,-72.09444,210.0,open-meteo_ecmwf_ifs,daily,27.181002,13.281,32.02,12.34975,2.6335814,67.91897,0.0,33.20922180750641,5.8100628669948176
2023-01-07 00:00:00+00:00,-35.54333,-72.09444,210.0,open-meteo_ecmwf_ifs,daily,30.031,12.281,32.2,12.414333,2.0970767,65.01961,0.0,33.16506574796276,5.93226712158992
2023-01-08 00:00:00+00:00,-35.54333,-72.09444,210.0,open-meteo_ecmwf_ifs,daily,31.881,14.031,32.22,10.264333,2.2096856,52.456738,0.0,33.11812754515055,6.485556211767188
2023-01-09 00:00:00+00:00,-35.54333,-72.09444,210.0,open-meteo_ecmwf_ifs,daily,28.981,12.631,31.98,11.9185,2.411338,66.89995,0.0,33.068410161590975,5.932974489750369
2023-01-10 00:00:00+00:00,-35.54333,-72.09444,210.0,open-meteo_ecmwf_ifs,daily,29.831001,16.031,24.35,11.745583,2.4932568,59.342716,0.0,33.01591690784685,5.521580949701614
2023-01-11 00:00:00+00:00,-35.54333,-72.09444,210.0,open-meteo_ecmwf_ifs,daily,28.281,12.131,30.8,2.2351665,4.4578004,34.918736,0.0,32.96065145692262,7.281727544288297
2023-01-12 00:00:00+00:00,-35.54333,-72.09444,210.0,open-meteo_ecmwf_ifs,daily,28.631,11.381,32.96,5.6601663,4.584138,44.626072,0.0,32.90261785949274,7.11054405276957
2023-01-13 00:00:00+00:00,-35.54333,-72.09444,210.0,open-meteo_ecmwf_ifs,daily,29.431002,12.331,32.6,6.8018327,3.6162062,44.86772,0.0,32.84182055996057,6.860857837488069
2023-01-14 00:00:00+00:00,-35.54333,-72.09444,210.0,open-meteo_ecmwf_ifs,daily,28.781,12.431,31.95,8.406,2.6153038,51.87826,0.0,32.77826441334649,6.200716948083647
2023-01-15 00:00:00+00:00,-35.54333,-72.09444,210.0,open-meteo_ecmwf_ifs,daily,29.681002,13.931,32.14,8.37475,3.5238383,46.644787,0.0,32.71195470300015,6.8733151204884555
2023-01-16 00:00:00+00:00,-35.54333,-72.09444,210.0,open-meteo_ecmwf_ifs,daily,29.381,13.981,31.62,7.0789165,2.5015647,41.42008,0.0,32.64289715912817,6.428987982818542
2023-01-17 00:00:00+00:00,-35.54333,-72.09444,210.0,open-meteo_ecmwf_ifs,daily,27.831001,12.531,27.36,8.558082,2.1131434,54.95003,0.0,32.57109797812393,5.36980957291808
2023-01-18 00:00:00+00:00,-35.54333,-72.09444,210.0,open-meteo_ecmwf_ifs,daily,31.481,13.131,32.16,8.689332,2.1197245,47.24562,0.0,32.49656384268236,6.33664580247539
2023-01-19 00:00:00+00:00,-35.54333,-72.09444,210.0,open-meteo_ecmwf_ifs,daily,23.331001,12.431,29.47,10.535166,3.0208836,64.05698,0.0,32.419301942677464,5.115306070688985
2023-01-20 00:00:00+00:00,-35.54333,-72.09444,210.0,open-meteo_ecmwf_ifs,daily,27.281,13.331,24.0,11.731,1.8674213,68.924545,0.0,32.339319996776155,4.67756514739657
2023-01-21 00:00:00+00:00,-35.54333,-72.09444,210.0,open-meteo_ecmwf_ifs,daily,29.831001,13.681,31.72,9.731,3.3919337,53.050823,0.0,32.25662627475703,6.597461088342812
2023-01-22 00:00:00+00:00,-35.54333,-72.09444,210.0,open-meteo_ecmwf_ifs,daily,32.580997,15.331,31.53,9.556001,3.7430236,47.540924,0.0,32.171229620498,7.346133800849107
2023-01-23 00:00:00+00:00,-35.54333,-72.09444,210.0,open-meteo_ecmwf_ifs,daily,30.881,15.281,31.59,10.470584,2.9526224,48.834423,0.0,32.08313947559162,6.679648890107076
2023-01-24 00:00:00+00:00,-35.54333,-72.09444,210.0,open-meteo_ecmwf_ifs,daily,28.181002,15.231,25.73,13.072665,2.7130144,68.48941,1.1,31.992365903542645,5.299241191416409
2023-01-25 00:00:00+00:00,-35.54333,-72.09444,210.0,open-meteo_ecmwf_ifs,daily,27.781,12.781,31.32,7.272667,3.8305628,46.716553,0.0,31.898919614497274,6.53097754655401
2023-01-26 00:00:00+00:00,-35.54333,-72.09444,210.0,open-meteo_ecmwf_ifs,daily,27.531,11.731,31.23,8.003917,3.1663246,54.72447,0.0,31.802811990448753,6.040998221220502
2023-01-27 00:00:00+00:00,-35.54333,-72.09444,210.0,open-meteo_ecmwf_ifs,daily,29.581001,13.531,31.32,7.416416,4.3809447,45.307438,0.0,31.704055110860107,7.083874389365618
2023-01-28 00:00:00+00:00,-35.54333,-72.09444,210.0,open-meteo_ecmwf_ifs,daily,33.031,13.281,31.67,6.9893327,3.885932,41.557503,0.0,31.60266177863967,7.405768958735885
2023-01-29 00:00:00+00:00,-35.54333,-72.09444,210.0,open-meteo_ecmwf_ifs,daily,31.481,16.681002,30.65,10.835167,3.2075577,46.296238,0.0,31.49864554640155,6.864087497109574
2023-01-30 00:00:00+00:00,-35.54333,-72.09444,210.0,open-meteo_ecmwf_ifs,daily,32.381,15.781,30.49,12.235165,3.509346,56.438686,0.0,31.39202074293879,6.825100728502221
2023-01-31 00:00:00+00:00,-35.54333,-72.09444,210.0,open-meteo_ecmwf_ifs,daily,31.031,15.031,30.69,10.383082,3.6771996,49.420025,0.0,31.282802499833558,6.814558137867476
2023-02-01 00:00:00+00:00,-35.54333,-72.09444,210.0,open-meteo_ecmwf_ifs,daily,31.081001,14.031,30.48,9.808083,2.5041816,49.955906,0.0,31.171006778125268,6.214544727325185
2023-02-02 00:00:00+00:00,-35.54333,-72.09444,210.0,open-meteo_ecmwf_ifs,daily,35.330997,14.181,30.73,5.7205834,5.4001064,36.8166,0.0,31.056650394954328,8.669159665166259
2023-02-03 00:00:00+00:00,-35.54333,-72.09444,210.0,open-meteo_ecmwf_ifs,daily,33.431,18.131,29.48,11.589334,3.5401208,45.32355,0.0,30.939751050096437,7.228319854584514
2023-02-04 00:00:00+00:00,-35.54333,-72.09444,210.0,open-meteo_ecmwf_ifs,daily,27.631,14.581,29.48,13.416419,3.0403423,67.312614,0.0,30.820327352300072,5.559340952010515
2023-02-05 00:00:00+00:00,-35.54333,-72.09444,210.0,open-meteo_ecmwf_ifs,daily,30.281,14.931,29.41,13.624752,1.8948402,63.2344,0.0,30.6983988453375,5.589794928066059
2023-02-06 00:00:00+00:00,-35.54333,-72.09444,210.0,open-meteo_ecmwf_ifs,daily,31.931002,17.331001,29.85,12.418499,3.1025562,53.329746,0.0,30.57398603367805,6.653036679097733
2023-02-07 00:00:00+00:00,-35.54333,-72.09444,210.0,open-meteo_ecmwf_ifs,daily,34.731,16.831001,29.71,8.901834,3.0535486,40.402374,0.0,30.447110407691195,7.141698371873928
2023-02-08 00:00:00+00:00,-35.54333,-72.09444,210.0,open-meteo_ecmwf_ifs,daily,32.931,16.481,29.76,7.9768333,2.7505147,37.414852,0.0,30.317794468285598,6.764560097528308
2023-02-09 00:00:00+00:00,-35.54333,-72.09444,210.0,open-meteo_ecmwf_ifs,daily,35.131,16.531,29.86,8.733083,3.6354468,42.427586,0.0,30.186061750890282,7.527946571115021
2023-02-10 00:00:00+00:00,-35.54333,-72.09444,210.0,open-meteo_ecmwf_ifs,daily,32.781,18.331001,29.15,10.016416,4.4965034,41.928177,0.0,30.05193684868357,7.731732144857637
2023-02-11 00:00:00+00:00,-35.54333,-72.09444,210.0,open-meteo_ecmwf_ifs,daily,32.181,15.231,29.22,7.678917,3.5835888,41.421753,0.0,29.91544543497582,6.955471871513696
2023-02-12 00:00:00+00:00,-35.54333,-72.09444,210.0,open-meteo_ecmwf_ifs,daily,27.831001,15.181,27.53,11.228916,3.299019,57.843357,0.0,29.776614284652606,5.71612430089021
2023-02-13 00:00:00+00:00,-35.54333,-72.09444,210.0,open-meteo_ecmwf_ifs,daily,28.781,13.281,28.63,10.79975,3.8277953,61.89919,0.0,29.635471294586107,5.901511526091073
2023-02-14 00:00:00+00:00,-35.54333,-72.09444,210.0,open-meteo_ecmwf_ifs,daily,28.231,13.281,28.15,6.7205825,5.138828,47.143475,0.0,29.49204550292386,6.75364650236612
2023-02-15 00:00:00+00:00,-35.54333,-72.09444,210.0,open-meteo_ecmwf_ifs,daily,31.081001,14.381,27.98,8.906,5.37643,45.808964,0.0,29.346367107165882,7.172586689665666
2023-02-16 00:00:00+00:00,-35.54333,-72.09444,210.0,open-meteo_ecmwf_ifs,daily,26.031,12.081,28.68,5.8643336,5.41074,46.346786,0.0,29.19846748094336,6.41508373014919
2023-02-17 00:00:00+00:00,-35.54333,-72.09444,210.0,open-meteo_ecmwf_ifs,daily,30.681002,11.081,28.29,2.8872492,2.6246972,36.127277,0.0,29.048379189414824,5.913300047259577
2023-02-18 00:00:00+00:00,-35.54333,-72.09444,210.0,open-meteo_ecmwf_ifs,daily,30.831001,13.181,27.95,1.0185,2.3310177,25.968077,0.0,28.896136003198347,5.933180095205074
2023-02-19 00:00:00+00:00,-35.54333,-72.09444,210.0,open-meteo_ecmwf_ifs,daily,31.581001,12.431,27.94,8.033084,1.9562936,50.116985,0.0,28.741772910761952,5.445074599529657
2023-02-20 00:00:00+00:00,-35.54333,-72.09444,210.0,open-meteo_ecmwf_ifs,daily,31.631,15.131,27.63,8.070582,3.2210846,42.646175,0.0,28.585326129197764,6.3773764105186155
2023-02-21 00:00:00+00:00,-35.54333,-72.09444,210.0,open-meteo_ecmwf_ifs,daily,33.281,15.531,27.69,5.67475,2.9175699,35.184322,0.0,28.42683311330953,6.5488319145713305
2023-02-22 00:00:00+00:00,-35.54333,-72.09444,210.0,open-meteo_ecmwf_ifs,daily,30.681002,13.031,27.27,8.135166,1.6917299,47.546085,0.0,28.266332562947024,5.157434022018007
2023-02-23 00:00:00+00:00,-35.54333,-72.09444,210.0,open-meteo_ecmwf_ifs,daily,33.631,15.431,27.03,9.535166,3.4583256,47.050873,0.0,28.103864428525824,6.562360435010389
2023-02-24 00:00:00+00:00,-35.54333,-72.09444,210.0,open-meteo_ecmwf_ifs,daily,28.431002,15.381,26.41,11.060165,2.3729963,52.34586,0.0,27.939469914675218,5.239026945552193
2023-02-25 00:00:00+00:00,-35.54333,-72.09444,210.0,open-meteo_ecmwf_ifs,daily,28.681002,15.181,25.66,11.128917,3.1606824,58.819386,0.0,27.7731914819622,5.455486109890448
2023-02-26 00:00:00+00:00,-35.54333,-72.09444,210.0,open-meteo_ecmwf_ifs,daily,31.131,11.931,26.9,3.1851666,4.8946404,37.781673,0.0,27.605072846644628,7.062927474681795
2023-02-27 00:00:00+00:00,-35.54333,-72.09444,210.0,open-meteo_ecmwf_ifs,daily,33.281,14.181,26.14,5.564333,3.8484287,37.579998,0.0,27.43515897841212,6.783367702434845
2023-02-28 00:00:00+00:00,-35.54333,-72.09444,210.0,open-meteo_ecmwf_ifs,daily,31.931002,14.281,26.28,7.9601665,3.173023,45.117268,0.0,27.263496096078523,6.0506456548535
2023-03-01 00:00:00+00:00,-35.54333,-72.09444,210.0,open-meteo_ecmwf_ifs,daily,31.081001,15.281,26.06,10.208083,5.1845236,49.635677,0.0,27.090131661195766,6.719059994466631
2023-03-02 00:00:00+00:00,-35.54333,-72.09444,210.0,open-meteo_ecmwf_ifs,daily,33.931,13.731,25.38,9.103917,4.880897,46.123413,0.0,26.915114369564588,6.886055369331515
2023-03-03 00:00:00+00:00,-35.54333,-72.09444,210.0,open-meteo_ecmwf_ifs,daily,30.381,15.381,25.22,10.54975,2.7357233,49.640976,0.0,26.738494140623615,5.423085403182343
2023-03-04 00:00:00+00:00,-35.54333,-72.09444,210.0,open-meteo_ecmwf_ifs,daily,32.881,14.581,25.63,8.283083,4.0275865,48.440823,0.0,26.560322104704092,6.521444771580584
2023-03-05 00:00:00+00:00,-35.54333,-72.09444,210.0,open-meteo_ecmwf_ifs,daily,32.931,17.231,25.12,2.7143333,4.005511,25.856504,0.0,26.380650588143897,7.227559277252298
2023-03-06 00:00:00+00:00,-35.54333,-72.09444,210.0,open-meteo_ecmwf_ifs,daily,26.681002,12.881,25.02,11.520584,2.1785295,64.93953,0.0,26.19953309626043,4.4266172823822485
2023-03-07 00:00:00+00:00,-35.54333,-72.09444,210.0,open-meteo_ecmwf_ifs,daily,28.381,11.881,22.64,9.6518345,2.447049,61.81047,0.0,26.017024294187888,4.4795851722678455
2023-03-08 00:00:00+00:00,-35.54333,-72.09444,210.0,open-meteo_ecmwf_ifs,daily,28.781,13.431,22.92,11.664333,1.7287723,67.96023,0.0,25.83317998559094,4.250429921999083
2023-03-09 00:00:00+00:00,-35.54333,-72.09444,210.0,open-meteo_ecmwf_ifs,daily,26.131,14.281,19.27,14.23725,2.0276341,77.50991,0.0,25.648057089272577,3.579778600595805
2023-03-10 00:00:00+00:00,-35.54333,-72.09444,210.0,open-meteo_ecmwf_ifs,daily,26.931002,12.981,23.97,11.8810005,2.1466637,65.40574,0.0,25.461713613699835,4.258954047418409
2023-03-11 00:00:00+00:00,-35.54333,-72.09444,210.0,open-meteo_ecmwf_ifs,daily,26.081001,10.231,24.02,9.151833,2.283641,62.22226,0.0,25.274208629477535,4.148891368629458
2023-03-12 00:00:00+00:00,-35.54333,-72.09444,210.0,open-meteo_ecmwf_ifs,daily,28.431002,11.831,22.09,12.466415,1.952679,73.18204,0.0,25.08560223980541,3.9649974435705886
2023-03-13 00:00:00+00:00,-35.54333,-72.09444,210.0,open-meteo_ecmwf_ifs,daily,29.381,14.581,18.68,13.706,2.1514833,72.68558,0.0,24.89595554896018,3.894869561853224
2023-03-14 00:00:00+00:00,-35.54333,-72.09444,210.0,open-meteo_ecmwf_ifs,daily,27.781,12.581,23.24,8.158084,2.2333977,51.75198,0.0,24.705330628849456,4.45505157722109
2023-03-15 00:00:00+00:00,-35.54333,-72.09444,210.0,open-meteo_ecmwf_ifs,daily,27.631,11.881,23.1,8.370584,1.6596268,55.206196,0.0,24.51379048369015,4.071194514476275
2023-03-16 00:00:00+00:00,-35.54333,-72.09444,210.0,open-meteo_ecmwf_ifs,daily,27.131,13.231,21.43,12.064335,2.186832,65.716606,0.0,24.32139901286885,3.9547537232800622
2023-03-17 00:00:00+00:00,-35.54333,-72.09444,210.0,open-meteo_ecmwf_ifs,daily,28.631,14.331,21.07,14.397666,1.6686338,77.992294,0.0,24.128220972047284,3.804858513702845
2023-03-18 00:00:00+00:00,-35.54333,-72.09444,210.0,open-meteo_ecmwf_ifs,daily,29.831001,14.831,21.88,13.297666,3.2571743,65.66137,0.0,23.934321932580573,4.672578845655948
2023-03-19 00:00:00+00:00,-35.54333,-72.09444,210.0,open-meteo_ecmwf_ifs,daily,29.881,15.381,22.1,12.662251,3.264362,59.69351,0.0,23.739768239320657,4.835407846433391
2023-03-20 00:00:00+00:00,-35.54333,-72.09444,210.0,open-meteo_ecmwf_ifs,daily,29.231,12.181,22.37,8.9122505,2.6983511,51.927048,0.0,23.544626966881964,4.5376665301551204
2023-03-21 00:00:00+00:00,-35.54333,-72.09444,210.0,open-meteo_ecmwf_ifs,daily,29.331001,12.381,22.11,6.77475,2.0863245,46.07011,0.0,23.34896587445053,4.33237773403192
2023-03-22 00:00:00+00:00,-35.54333,-72.09444,210.0,open-meteo_ecmwf_ifs,daily,30.731,13.231,21.72,6.6497498,2.3593476,44.310574,0.0,23.152853359221584,4.633592215303016
2023-03-23 00:00:00+00:00,-35.54333,-72.09444,210.0,open-meteo_ecmwf_ifs,daily,30.831001,13.281,22.09,5.914333,2.713729,42.690018,0.0,22.956358408554717,4.923116168911163
2023-03-24 00:00:00+00:00,-35.54333,-72.09444,210.0,open-meteo_ecmwf_ifs,daily,30.081001,13.581,21.57,2.608083,2.952532,34.157,0.0,22.759550550938787,5.162621967069052
2023-03-25 00:00:00+00:00,-35.54333,-72.09444,210.0,open-meteo_ecmwf_ifs,daily,30.181002,14.031,21.34,2.8476667,5.0876355,33.062477,0.0,22.562499805862252,6.529546058285935
2023-03-26 00:00:00+00:00,-35.54333,-72.09444,210.0,open-meteo_ecmwf_ifs,daily,28.781,11.831,21.29,7.8705826,2.274646,50.380314,0.0,22.365276632687245,4.127555425869063
2023-03-27 00:00:00+00:00,-35.54333,-72.09444,210.0,open-meteo_ecmwf_ifs,daily,27.131,11.031,20.66,10.633083,1.5001621,67.929085,0.0,22.16795187862848,3.377372311774663
2023-03-28 00:00:00+00:00,-35.54333,-72.09444,210.0,open-meteo_ecmwf_ifs,daily,26.181002,9.281,18.63,9.303917,2.316919,66.77451,0.1,21.97059672594025,3.3360981428166663
2023-03-29 00:00:00+00:00,-35.54333,-72.09444,210.0,open-meteo_ecmwf_ifs,daily,22.781,9.131,20.85,5.408083,4.214952,56.90098,0.4,21.773282638416905,4.095641570993666
2023-03-30 00:00:00+00:00,-35.54333,-72.09444,210.0,open-meteo_ecmwf_ifs,daily,23.081001,7.9309998,20.18,1.8789166,4.341356,45.918976,0.0,21.576081307313757,4.38918590321796
2023-03-31 00:00:00+00:00,-35.54333,-72.09444,210.0,open-meteo_ecmwf_ifs,daily,29.831001,9.031,20.13,4.0789165,3.0661755,46.64333,0.0,21.37906459679683,4.4605069660359105
2023-04-01 00:00:00+00:00,-35.54333,-72.09444,210.0,open-meteo_ecmwf_ifs,daily,28.281,14.231,19.04,2.531,3.267135,32.060616,0.0,21.18230448903096,4.954255420831946
2023-04-02 00:00:00+00:00,-35.54333,-72.09444,210.0,open-meteo_ecmwf_ifs,daily,26.481,14.881,16.3,10.841416,3.0089643,57.184864,0.0,20.985873029016485,3.7669163808950645
2023-04-03 00:00:00+00:00,-35.54333,-72.09444,210.0,open-meteo_ecmwf_ifs,daily,26.481,12.081,17.15,8.595582,3.279831,57.469624,0.0,20.78984226928511,3.8725522414203946
2023-04-04 00:00:00+00:00,-35.54333,-72.09444,210.0,open-meteo_ecmwf_ifs,daily,28.481,10.281,19.69,5.564333,2.4278808,46.804363,0.0,20.59428421456606,3.8909082534609136
2023-04-05 00:00:00+00:00,-35.54333,-72.09444,210.0,open-meteo_ecmwf_ifs,daily,22.631,10.231,12.38,5.491417,1.6209275,52.81985,0.0,20.39927076653292,2.545457131372786
2023-04-06 00:00:00+00:00,-35.54333,-72.09444,210.0,open-meteo_ecmwf_ifs,daily,26.331001,11.731,18.22,10.462251,2.4044712,64.90101,0.0,20.20487366874169,3.324471644771075
2023-04-07 00:00:00+00:00,-35.54333,-72.09444,210.0,open-meteo_ecmwf_ifs,daily,26.731,9.531,18.36,7.0226655,3.287433,58.070644,0.0,20.011164451869387,3.804584473381603
2023-04-08 00:00:00+00:00,-35.54333,-72.09444,210.0,open-meteo_ecmwf_ifs,daily,27.681002,9.231,18.67,3.9622498,2.2336433,44.81793,0.0,19.818214379361745,3.573379113334751
2023-04-09 00:00:00+00:00,-35.54333,-72.09444,210.0,open-meteo_ecmwf_ifs,daily,27.531,11.731,18.31,5.1143327,1.815143,46.544537,0.0,19.626094393597146,3.3804324611040992
2023-04-10 00:00:00+00:00,-35.54333,-72.09444,210.0,open-meteo_ecmwf_ifs,daily,26.681002,12.981,14.88,12.741417,2.2013488,71.89289,0.0,19.434875062672308,2.860876534143508
2023-04-11 00:00:00+00:00,-35.54333,-72.09444,210.0,open-meteo_ecmwf_ifs,daily,25.331001,13.281,14.93,13.1935005,2.040594,76.838554,0.0,19.2446265279134,2.667187741866429
2023-04-12 00:00:00+00:00,-35.54333,-72.09444,210.0,open-meteo_ecmwf_ifs,daily,22.431002,12.481,10.19,12.097667,1.5203958,75.080055,0.0,19.05541845221408,1.9433927424250153
2023-04-13 00:00:00+00:00,-35.54333,-72.09444,210.0,open-meteo_ecmwf_ifs,daily,20.681002,11.631,9.31,10.810166,1.5379276,78.958405,0.1,18.867319969299576,1.8020852636037592
2023-04-14 00:00:00+00:00,-35.54333,-72.09444,210.0,open-meteo_ecmwf_ifs,daily,21.281,9.631,9.44,10.664333,1.3792807,80.03308,0.1,18.680399634013295,1.6857326234337862
2023-04-15 00:00:00+00:00,-35.54333,-72.09444,210.0,open-meteo_ecmwf_ifs,daily,21.131,9.931,16.08,9.789334,2.5621545,77.233284,0.0,18.494725373719348,2.4708498390457647
2023-04-16 00:00:00+00:00,-35.54333,-72.09444,210.0,open-meteo_ecmwf_ifs,daily,21.981,9.581,15.96,8.414332,1.9442495,69.73589,0.0,18.310364440911705,2.4643900837429475
2023-04-17 00:00:00+00:00,-35.54333,-72.09444,210.0,open-meteo_ecmwf_ifs,daily,16.981,6.981,16.75,3.931,4.147018,62.56064,0.0,18.1273833671167,2.778274931410508
2023-04-18 00:00:00+00:00,-35.54333,-72.09444,210.0,open-meteo_ecmwf_ifs,daily,17.781,6.481,15.4,3.5872498,3.3841503,60.69806,0.0,17.945847918172586,2.613757485439253
2023-04-19 00:00:00+00:00,-35.54333,-72.09444,210.0,open-meteo_ecmwf_ifs,daily,21.231,9.131,15.94,8.062249,3.6169157,70.26806,0.0,17.765823050965853,2.772797470502885
2023-04-20 00:00:00+00:00,-35.54333,-72.09444,210.0,open-meteo_ecmwf_ifs,daily,17.381,7.981,11.55,10.256,2.9892933,82.54594,0.1,17.58737287169982,1.5247770490136927
2023-04-21 00:00:00+00:00,-35.54333,-72.09444,210.0,open-meteo_ecmwf_ifs,daily,17.581001,13.381,5.67,12.58725,2.8063898,85.42664,1.7000002,17.41056059576737,1.3596050217048323
2023-04-22 00:00:00+00:00,-35.54333,-72.09444,210.0,open-meteo_ecmwf_ifs,daily,22.181002,9.631,14.93,11.11225,2.3506064,82.05921,0.0,17.23544850929477,2.1722007756476374
2023-04-23 00:00:00+00:00,-35.54333,-72.09444,210.0,open-meteo_ecmwf_ifs,daily,23.681002,9.831,15.0,10.835167,1.8936334,80.173836,0.0,17.062097932419512,2.2317259938021294
2023-04-24 00:00:00+00:00,-35.54333,-72.09444,210.0,open-meteo_ecmwf_ifs,daily,19.731,10.581,13.23,11.835167,1.5386658,87.92386,0.0,16.890569184360047,1.728943147783429
2023-04-25 00:00:00+00:00,-35.54333,-72.09444,210.0,open-meteo_ecmwf_ifs,daily,21.631,7.4309998,11.42,9.935166,1.4703084,83.27825,0.0,16.720921550330775,1.6505433855995977
2023-04-26 00:00:00+00:00,-35.54333,-72.09444,210.0,open-meteo_ecmwf_ifs,daily,18.781,9.931,7.23,8.808084,1.6886525,71.29783,0.0,16.553213250350527,1.5255320749668089
2023-04-27 00:00:00+00:00,-35.54333,-72.09444,210.0,open-meteo_ecmwf_ifs,daily,18.931002,10.331,11.32,11.431001,2.2749918,86.99993,0.0,16.3875014099877,1.608491699412865
2023-04-28 00:00:00+00:00,-35.54333,-72.09444,210.0,open-meteo_ecmwf_ifs,daily,16.581001,12.781,2.94,11.760166,5.5877576,88.06946,26.3,16.223842033080185,1.4095743725498198
2023-04-29 00:00:00+00:00,-35.54333,-72.09444,210.0,open-meteo_ecmwf_ifs,daily,15.081,12.931,4.77,13.049748,5.8544254,95.64634,9.999999,16.062289976462637,0.8623876387328181
2023-04-30 00:00:00+00:00,-35.54333,-72.09444,210.0,open-meteo_ecmwf_ifs,daily,15.881,9.081,11.04,8.770585,2.106441,80.91154,6.9999995,15.902898926728506,1.4851498763809412
2023-05-01 00:00:00+00:00,-35.54333,-72.09444,210.0,open-meteo_ecmwf_ifs,daily,13.981,6.081,14.06,5.3830833,3.9271595,76.88709,0.0,15.745721379048604,1.7823024596283346
2023-05-02 00:00:00+00:00,-35.54333,-72.09444,210.0,open-meteo_ecmwf_ifs,daily,15.781,6.481,14.14,5.1684995,4.098742,72.76447,0.0,15.59080861806249,2.082490095976605
2023-05-03 00:00:00+00:00,-35.54333,-72.09444,210.0,open-meteo_ecmwf_ifs,daily,14.931,6.231,11.42,6.714333,2.5025175,86.089775,0.0,15.438210700853249,1.4324905185032555
2023-05-04 00:00:00+00:00,-35.54333,-72.09444,210.0,open-meteo_ecmwf_ifs,daily,13.881,5.631,9.64,6.960167,2.2822306,87.42394,0.0,15.287976442010654,1.1669401423440091
2023-05-05 00:00:00+00:00,-35.54333,-72.09444,210.0,open-meteo_ecmwf_ifs,daily,16.281,7.631,10.58,8.9685,2.0028005,89.91999,0.0,15.140153400781884,1.2925694574894244
2023-05-06 00:00:00+00:00,-35.54333,-72.09444,210.0,open-meteo_ecmwf_ifs,daily,14.081,6.331,7.08,8.845583,1.7306849,93.44323,0.0,14.994787870303304,0.8751133053114624
2023-05-07 00:00:00+00:00,-35.54333,-72.09444,210.0,open-meteo_ecmwf_ifs,daily,16.681002,8.3810005,10.82,10.181,2.0904753,88.8892,0.0,14.851924868900882,1.2434835485052043
2023-05-08 00:00:00+00:00,-35.54333,-72.09444,210.0,open-meteo_ecmwf_ifs,daily,17.931002,5.131,12.84,7.9393325,2.1668851,83.467636,0.0,14.711608133441217,1.4033006350047463
2023-05-09 00:00:00+00:00,-35.54333,-72.09444,210.0,open-meteo_ecmwf_ifs,daily,18.331001,7.331,12.45,6.64975,2.8264382,72.413506,0.0,14.573880114709212,1.8524673575945063
2023-05-10 00:00:00+00:00,-35.54333,-72.09444,210.0,open-meteo_ecmwf_ifs,daily,17.431002,7.981,8.29,8.333083,2.7153618,78.20722,0.2,14.438781974782756,1.4524752670993648
2023-05-11 00:00:00+00:00,-35.54333,-72.09444,210.0,open-meteo_ecmwf_ifs,daily,21.031,10.181,12.17,10.164334,3.841246,76.19904,0.0,14.306353586368965,2.1134133741322056
2023-05-12 00:00:00+00:00,-35.54333,-72.09444,210.0,open-meteo_ecmwf_ifs,daily,23.381,12.731,11.91,12.495584,4.411213,78.13657,0.0,14.176633534060958,2.417985526918553
2023-05-13 00:00:00+00:00,-35.54333,-72.09444,210.0,open-meteo_ecmwf_ifs,daily,20.481,12.081,12.51,12.045583,4.002922,78.55407,0.0,14.04965911746838,1.9549435472704368
2023-05-14 00:00:00+00:00,-35.54333,-72.09444,210.0,open-meteo_ecmwf_ifs,daily,17.831001,7.331,10.89,8.497666,2.9021568,78.992775,0.0,13.925466356169492,1.4762234927579054
2023-05-15 00:00:00+00:00,-35.54333,-72.09444,210.0,open-meteo_ecmwf_ifs,daily,17.931002,13.631,4.27,12.624749,3.5469158,86.61599,0.8000001,13.804089996427036,1.3165942507259674
2023-05-16 00:00:00+00:00,-35.54333,-72.09444,210.0,open-meteo_ecmwf_ifs,daily,19.131,9.831,8.87,11.562251,0.99490595,89.16577,0.1,13.685563519604928,1.0870654905021142
2023-05-17 00:00:00+00:00,-35.54333,-72.09444,210.0,open-meteo_ecmwf_ifs,daily,14.181,9.531,4.04,10.401834,1.3228201,90.35205,0.3,13.56991915221751,0.7306178339751178
2023-05-18 00:00:00+00:00,-35.54333,-72.09444,210.0,open-meteo_ecmwf_ifs,daily,15.381,8.731,7.91,8.706,2.0487967,84.37229,0.0,13.457187877538034,1.1202969899483908
2023-05-19 00:00:00+00:00,-35.54333,-72.09444,210.0,open-meteo_ecmwf_ifs,daily,16.281,7.981,11.47,8.141417,3.1931875,81.96218,0.0,13.347399448688291,1.4389304879923968
2023-05-20 00:00:00+00:00,-35.54333,-72.09444,210.0,open-meteo_ecmwf_ifs,daily,16.081001,2.281,12.06,3.6955833,2.1112616,75.228745,0.0,13.240582403126528,1.2764435327078694
2023-05-21 00:00:00+00:00,-35.54333,-72.09444,210.0,open-meteo_ecmwf_ifs,daily,11.731,6.4309998,2.16,8.3497505,4.125295,93.25482,28.8,13.136764078446301,0.5336207212394561
2023-05-22 00:00:00+00:00,-35.54333,-72.09444,210.0,open-meteo_ecmwf_ifs,daily,15.581,9.681,5.7,9.970582,3.4984863,88.64385,13.500001,13.035970629394805,1.103748526420636
2023-05-23 00:00:00+00:00,-35.54333,-72.09444,210.0,open-meteo_ecmwf_ifs,daily,14.481,10.881,4.04,10.922666,4.1077843,88.00655,27.4,12.938227046015163,0.9014335461234045
2023-05-24 00:00:00+00:00,-35.54333,-72.09444,210.0,open-meteo_ecmwf_ifs,daily,15.631,7.481,8.29,9.237249,2.35322,88.141884,0.0,12.8435571728134,0.9707440350432411
2023-05-25 00:00:00+00:00,-35.54333,-72.09444,210.0,open-meteo_ecmwf_ifs,daily,15.631,8.881,8.21,8.460166,1.5518312,85.093445,0.0,12.751983728847728,1.0469838914946774
2023-05-26 00:00:00+00:00,-35.54333,-72.09444,210.0,open-meteo_ecmwf_ifs,daily,13.081,7.231,2.86,9.135167,2.3878496,93.24996,1.0,12.663528328634294,0.6066006632573246
2023-05-27 00:00:00+00:00,-35.54333,-72.09444,210.0,open-meteo_ecmwf_ifs,daily,13.031,3.731,11.31,4.4851665,3.7189016,80.61264,0.0,12.57821150376125,1.21066105567721
2023-05-28 00:00:00+00:00,-35.54333,-72.09444,210.0,open-meteo_ecmwf_ifs,daily,10.181,2.481,4.77,3.3893335,1.5502987,86.18455,0.0,12.496052725100409,0.7213955158897074
2023-05-29 00:00:00+00:00,-35.54333,-72.09444,210.0,open-meteo_ecmwf_ifs,daily,14.531,2.131,10.83,5.2018332,1.9665786,86.86264,0.0,12.417070425503901,0.9095944885329414
2023-05-30 00:00:00+00:00,-35.54333,-72.09444,210.0,open-meteo_ecmwf_ifs,daily,16.781,5.9309998,8.95,4.4101663,1.8192343,67.701164,0.0,12.341282022871779,1.285029566369136
2023-05-31 00:00:00+00:00,-35.54333,-72.09444,210.0,open-meteo_ecmwf_ifs,daily,17.031,7.031,7.11,9.185166,1.2613589,85.694496,2.1999998,12.268703943475336,0.8587581482506078
2023-06-01 00:00:00+00:00,-35.54333,-72.09444,210.0,open-meteo_ecmwf_ifs,daily,14.631,6.1809998,7.28,9.316417,3.1602724,89.58362,0.0,12.199351645420318,0.7047402140654551
2023-06-02 00:00:00+00:00,-35.54333,-72.09444,210.0,open-meteo_ecmwf_ifs,daily,15.831,11.481,7.43,11.614333,3.2696216,90.086365,20.500004,12.133239642134072,0.9931221767755192
2023-06-03 00:00:00+00:00,-35.54333,-72.09444,210.0,open-meteo_ecmwf_ifs,daily,15.181,9.181,6.21,11.324749,3.283198,93.95618,1.9000001,12.070381525760919,0.6824829571537053
2023-06-04 00:00:00+00:00,-35.54333,-72.09444,210.0,open-meteo_ecmwf_ifs,daily,16.531,8.1310005,10.75,9.247666,2.715339,87.88293,0.0,12.01078999035094,1.1062249845061558
2023-06-05 00:00:00+00:00,-35.54333,-72.09444,210.0,open-meteo_ecmwf_ifs,daily,16.481,6.531,9.8,4.3935,1.8438392,68.38189,0.0,11.95447685472855,1.2686543005896875
2023-06-06 00:00:00+00:00,-35.54333,-72.09444,210.0,open-meteo_ecmwf_ifs,daily,17.381,8.1310005,4.71,10.828916,1.7342391,92.23232,0.0,11.901453084929246,0.7695442149655828
2023-06-07 00:00:00+00:00,-35.54333,-72.09444,210.0,open-meteo_ecmwf_ifs,daily,17.881,9.681,8.73,12.060165,2.0138862,93.59632,0.0,11.851728816095008,0.8783623172176607
2023-06-08 00:00:00+00:00,-35.54333,-72.09444,210.0,open-meteo_ecmwf_ifs,daily,14.481,11.631,2.82,12.191415,5.6650486,95.68033,16.1,11.805313373721994,0.6416664417498454
2023-06-09 00:00:00+00:00,-35.54333,-72.09444,210.0,open-meteo_ecmwf_ifs,daily,13.681,6.231,9.53,7.2268333,2.5303724,83.25834,13.7,11.762215294157109,0.9017511552571296
2023-06-10 00:00:00+00:00,-35.54333,-72.09444,210.0,open-meteo_ecmwf_ifs,daily,11.731,3.881,9.99,4.0539165,3.6646287,80.74373,0.0,11.722442344244419,1.0669068247030746
2023-06-11 00:00:00+00:00,-35.54333,-72.09444,210.0,open-meteo_ecmwf_ifs,daily,8.981,2.631,10.85,1.1955832,5.372854,75.23934,0.0,11.68600154002618,1.2694461864863755
2023-06-12 00:00:00+00:00,-35.54333,-72.09444,210.0,open-meteo_ecmwf_ifs,daily,11.231,2.431,10.68,2.4393334,4.033561,82.10154,0.0,11.652899164408577,1.1508820675324833
2023-06-13 00:00:00+00:00,-35.54333,-72.09444,210.0,open-meteo_ecmwf_ifs,daily,13.431,1.881,10.89,1.7997499,2.1399882,72.70155,0.0,11.623140783707235,1.0482827613702812
2023-06-14 00:00:00+00:00,-35.54333,-72.09444,210.0,open-meteo_ecmwf_ifs,daily,15.431,3.731,9.72,0.69141644,2.677035,59.996113,0.0,11.596731262993424,1.5370690228466766
2023-06-15 00:00:00+00:00,-35.54333,-72.09444,210.0,open-meteo_ecmwf_ifs,daily,16.531,9.431,9.62,10.166416,3.2592647,88.41778,0.0,11.573674780168094,1.0882882033919394
2023-06-16 00:00:00+00:00,-35.54333,-72.09444,210.0,open-meteo_ecmwf_ifs,daily,13.231,5.331,9.34,7.693499,3.3038597,90.0563,0.0,11.553974838697263,0.7349219778688992
2023-06-17 00:00:00+00:00,-35.54333,-72.09444,210.0,open-meteo_ecmwf_ifs,daily,14.731,2.931,9.87,5.4518332,1.7401891,85.364716,0.0,11.537634278949328,0.8150353762671511
2023-06-18 00:00:00+00:00,-35.54333,-72.09444,210.0,open-meteo_ecmwf_ifs,daily,12.131,4.231,4.98,5.560167,1.9441975,82.59162,0.3,11.52465528808195,0.7300732149737621
2023-06-19 00:00:00+00:00,-35.54333,-72.09444,210.0,open-meteo_ecmwf_ifs,daily,15.181,6.481,5.29,8.635166,1.3502164,91.99896,0.0,11.515039408433795,0.7023260007564334
2023-06-20 00:00:00+00:00,-35.54333,-72.09444,210.0,open-meteo_ecmwf_ifs,daily,12.981,7.231,3.77,10.010166,1.0831041,94.99814,0.70000005,11.508787544383997,0.487400088225824
2023-06-21 00:00:00+00:00,-35.54333,-72.09444,210.0,open-meteo_ecmwf_ifs,daily,13.931,9.031,3.47,10.285168,2.4331298,93.332756,0.8000001,11.50589996765029,0.6357732446253608
2023-06-22 00:00:00+00:00,-35.54333,-72.09444,210.0,open-meteo_ecmwf_ifs,daily,14.281,11.331,2.12,11.612251,5.0308685,93.55682,17.599998,11.506376321004735,0.7082070743737695
2023-06-23 00:00:00+00:00,-35.54333,-72.09444,210.0,open-meteo_ecmwf_ifs,daily,14.931,13.381,1.66,13.843501,5.762069,96.25186,46.100002,11.510215620394195,0.44873140914015064
2023-06-24 00:00:00+00:00,-35.54333,-72.09444,210.0,open-meteo_ecmwf_ifs,daily,15.131,14.181,1.76,13.912248,5.690281,95.88497,42.200005,11.517416255461043,0.6066556783969472
2023-06-25 00:00:00+00:00,-35.54333,-72.09444,210.0,open-meteo_ecmwf_ifs,daily,14.481,13.281,1.7,13.660165,5.6315684,97.81153,16.0,11.527975988467691,0.41650166899633706
2023-06-26 00:00:00+00:00,-35.54333,-72.09444,210.0,open-meteo_ecmwf_ifs,daily,13.981,9.431,5.53,10.270583,1.3184658,92.07293,0.2,11.54189195163699,0.6624250408476117
2023-06-27 00:00:00+00:00,-35.54333,-72.09444,210.0,open-meteo_ecmwf_ifs,daily,13.581,8.281,8.69,8.326834,1.8846861,85.86518,7.1999993,11.559160642928422,0.8320065032732692
2023-06-28 00:00:00+00:00,-35.54333,-72.09444,210.0,open-meteo_ecmwf_ifs,daily,13.181,5.381,6.29,5.1893325,3.8263204,81.82044,0.0,11.579777920278394,1.185182389947408
2023-06-29 00:00:00+00:00,-35.54333,-72.09444,210.0,open-meteo_ecmwf_ifs,daily,12.431,4.331,7.06,3.691416,1.7808523,73.45008,0.0,11.60373899434037,0.9155271924416202
2023-06-30 00:00:00+00:00,-35.54333,-72.09444,210.0,open-meteo_ecmwf_ifs,daily,17.581001,6.831,10.13,5.208083,1.5516232,67.2551,0.0,11.631038419768629,1.1499121655632516
2023-07-01 00:00:00+00:00,-35.54333,-72.09444,210.0,open-meteo_ecmwf_ifs,daily,16.931002,6.481,8.53,8.54975,1.9036621,90.35972,0.0,11.661670085096533,0.9236106791607972
2023-07-02 00:00:00+00:00,-35.54333,-72.09444,210.0,open-meteo_ecmwf_ifs,daily,12.281,9.331,1.47,10.401834,4.1094,95.24222,20.199999,11.695627201267309,0.4481644820147099
2023-07-03 00:00:00+00:00,-35.54333,-72.09444,210.0,open-meteo_ecmwf_ifs,daily,14.831,9.331,6.58,10.681,2.194448,90.81565,3.0999997,11.732902288882276,0.7360164776557636
2023-07-04 00:00:00+00:00,-35.54333,-72.09444,210.0,open-meteo_ecmwf_ifs,daily,12.181,7.4309998,3.36,9.526834,3.61781,96.118965,15.200001,11.773487164237569,0.4419245109511134
2023-07-05 00:00:00+00:00,-35.54333,-72.09444,210.0,open-meteo_ecmwf_ifs,daily,13.131,10.031,4.51,9.831,1.2975966,91.8785,1.3000001,11.817372924226586,0.6852234549458125
2023-07-06 00:00:00+00:00,-35.54333,-72.09444,210.0,open-meteo_ecmwf_ifs,daily,13.681,8.531,7.75,8.551833,1.3926649,87.336975,0.0,11.864549930190831,0.8009398640680885
2023-07-07 00:00:00+00:00,-35.54333,-72.09444,210.0,open-meteo_ecmwf_ifs,daily,11.431,2.981,4.82,5.3018336,2.198438,88.87338,0.9,11.91500779080697,0.6611922470729977
2023-07-08 00:00:00+00:00,-35.54333,-72.09444,210.0,open-meteo_ecmwf_ifs,daily,12.631,9.481,3.72,8.939334,3.7242832,90.51894,16.300001,11.9687353441026,0.8734706234900865
2023-07-09 00:00:00+00:00,-35.54333,-72.09444,210.0,open-meteo_ecmwf_ifs,daily,12.031,3.181,10.42,5.3226676,2.123721,88.66338,0.0,12.025720638697228,0.7720606708459465
2023-07-10 00:00:00+00:00,-35.54333,-72.09444,210.0,open-meteo_ecmwf_ifs,daily,12.781,2.531,11.16,4.1393332,2.5140285,82.94472,0.0,12.08595091436888,0.9495914059376194
2023-07-11 00:00:00+00:00,-35.54333,-72.09444,210.0,open-meteo_ecmwf_ifs,daily,11.281,4.231,1.98,7.7955837,2.278109,92.60211,13.099999,12.14941258204961,0.37901915175944284
2023-07-12 00:00:00+00:00,-35.54333,-72.09444,210.0,open-meteo_ecmwf_ifs,daily,12.181,4.9309998,7.65,6.3268337,1.965661,83.86533,19.6,12.216091203356125,0.7716996643801673
2023-07-13 00:00:00+00:00,-35.54333,-72.09444,210.0,open-meteo_ecmwf_ifs,daily,11.931,1.931,9.46,3.7976665,2.114695,84.13994,0.0,12.28597146976359,0.848195442855398
2023-07-14 00:00:00+00:00,-35.54333,-72.09444,210.0,open-meteo_ecmwf_ifs,daily,12.681,2.931,7.04,4.6872497,2.1960802,86.10256,0.0,12.359037181532612,0.8652963115249499
2023-07-15 00:00:00+00:00,-35.54333,-72.09444,210.0,open-meteo_ecmwf_ifs,daily,11.181,3.431,11.43,3.99975,3.9862645,82.51153,0.0,12.435271226500248,1.0784794947308316
2023-07-16 00:00:00+00:00,-35.54333,-72.09444,210.0,open-meteo_ecmwf_ifs,daily,10.381,3.281,7.63,3.039333,3.591567,82.090355,0.0,12.514655558846759,1.0712311477755736
2023-07-17 00:00:00+00:00,-35.54333,-72.09444,210.0,open-meteo_ecmwf_ifs,daily,14.481,3.531,10.6,4.4414163,1.0790828,82.17332,0.0,12.597171177949795,0.908973502000958
2023-07-18 00:00:00+00:00,-35.54333,-72.09444,210.0,open-meteo_ecmwf_ifs,daily,15.181,6.631,5.12,6.697666,0.87721324,78.83485,0.0,12.682798107437494,0.8335619900788175
2023-07-19 00:00:00+00:00,-35.54333,-72.09444,210.0,open-meteo_ecmwf_ifs,daily,18.281,7.081,9.63,6.537249,1.6668526,70.57077,0.1,12.771515374551324,1.2928600428248014
2023-07-20 00:00:00+00:00,-35.54333,-72.09444,210.0,open-meteo_ecmwf_ifs,daily,14.281,8.331,3.9,10.387249,3.4107628,93.47605,0.0,12.863300989927865,0.6540996193710116
2023-07-21 00:00:00+00:00,-35.54333,-72.09444,210.0,open-meteo_ecmwf_ifs,daily,13.481,10.481,3.36,11.272668,6.10058,94.61294,18.500002,12.958131927907768,0.6083708922668659
2023-07-22 00:00:00+00:00,-35.54333,-72.09444,210.0,open-meteo_ecmwf_ifs,daily,12.181,8.731,8.04,8.599749,3.2071104,88.12795,4.5,13.055984107477514,0.9160789249022904
2023-07-23 00:00:00+00:00,-35.54333,-72.09444,210.0,open-meteo_ecmwf_ifs,daily,10.831,4.731,5.0,5.8664155,2.2402499,90.37662,0.0,13.156832373947514,0.7370968662424067
2023-07-24 00:00:00+00:00,-35.54333,-72.09444,210.0,open-meteo_ecmwf_ifs,daily,15.481,3.031,11.21,5.7310004,1.233998,81.19393,0.0,13.260650481467414,0.9812926187690865
2023-07-25 00:00:00+00:00,-35.54333,-72.09444,210.0,open-meteo_ecmwf_ifs,daily,12.231,7.131,4.17,7.4205832,1.9427103,84.296,5.799999,13.367411076476118,0.8000191079974681
2023-07-26 00:00:00+00:00,-35.54333,-72.09444,210.0,open-meteo_ecmwf_ifs,daily,13.181,4.581,8.67,6.089333,2.6362517,89.56958,0.0,13.47708568218097,1.0081236868916632
2023-07-27 00:00:00+00:00,-35.54333,-72.09444,210.0,open-meteo_ecmwf_ifs,daily,15.381,3.781,11.54,6.3393326,1.7755575,90.02531,0.1,13.589644684156724,1.0840995619645333
2023-07-28 00:00:00+00:00,-35.54333,-72.09444,210.0,open-meteo_ecmwf_ifs,daily,18.131,7.081,9.09,9.112249,1.9974104,85.905945,0.0,13.705057317151052,1.2053512744779284
2023-07-29 00:00:00+00:00,-35.54333,-72.09444,210.0,open-meteo_ecmwf_ifs,daily,16.581001,7.1809998,11.69,9.651834,2.049898,89.233795,0.0,13.823291653179197,1.141110301156618
2023-07-30 00:00:00+00:00,-35.54333,-72.09444,210.0,open-meteo_ecmwf_ifs,daily,16.831001,8.531,7.08,10.776832,1.997498,93.45688,0.0,13.944314590985998,0.9708255375478899
2023-07-31 00:00:00+00:00,-35.54333,-72.09444,210.0,open-meteo_ecmwf_ifs,daily,16.131,7.081,10.21,9.6935,2.1044853,90.53674,0.0,14.068091846949022,1.0644240338743467
2023-08-01 00:00:00+00:00,-35.54333,-72.09444,210.0,open-meteo_ecmwf_ifs,daily,17.431002,8.031,11.93,10.066417,1.9619809,89.14779,0.0,14.19458794749178,1.2665953243399588
2023-08-02 00:00:00+00:00,-35.54333,-72.09444,210.0,open-meteo_ecmwf_ifs,daily,14.231,6.481,13.2,6.5185,4.752676,80.92557,0.0,14.323766223071045,1.5964935437393222
2023-08-03 00:00:00+00:00,-35.54333,-72.09444,210.0,open-meteo_ecmwf_ifs,daily,13.831,2.931,13.71,2.0226667,3.6974666,67.04571,0.0,14.455588803797536,1.7617290683848248
2023-08-04 00:00:00+00:00,-35.54333,-72.09444,210.0,open-meteo_ecmwf_ifs,daily,15.081,3.931,14.06,1.8830833,3.0220044,65.24729,0.0,14.59001661674371,1.872009441527102
2023-08-05 00:00:00+00:00,-35.54333,-72.09444,210.0,open-meteo_ecmwf_ifs,daily,12.831,4.881,5.62,6.783083,2.2139876,84.58904,0.0,14.727009384987745,0.8658579382360305
2023-08-06 00:00:00+00:00,-35.54333,-72.09444,210.0,open-meteo_ecmwf_ifs,daily,15.781,6.9309998,10.66,9.164333,1.0745164,87.078285,0.3,14.866525628436978,1.1127993838987322
2023-08-07 00:00:00+00:00,-35.54333,-72.09444,210.0,open-meteo_ecmwf_ifs,daily,16.931002,4.531,10.88,7.191417,1.8796191,84.03048,0.0,15.008522666469,1.2784806291261457
2023-08-08 00:00:00+00:00,-35.54333,-72.09444,210.0,open-meteo_ecmwf_ifs,daily,17.681002,6.481,11.33,8.301832,1.3602904,83.10418,0.0,15.152956622423318,1.3225132220728897
2023-08-09 00:00:00+00:00,-35.54333,-72.09444,210.0,open-meteo_ecmwf_ifs,daily,13.731,7.6809998,7.97,8.491416,2.6481311,86.066956,1.3,15.299782429970788,1.0853305888417142
2023-08-10 00:00:00+00:00,-35.54333,-72.09444,210.0,open-meteo_ecmwf_ifs,daily,12.881,7.531,7.28,8.737251,3.4957068,89.700806,28.500006,15.448953841382767,0.9430630185772777
2023-08-11 00:00:00+00:00,-35.54333,-72.09444,210.0,open-meteo_ecmwf_ifs,daily,12.331,3.931,13.48,4.61225,3.2591012,84.252785,0.0,15.60042343771656,1.4055724578330588
2023-08-12 00:00:00+00:00,-35.54333,-72.09444,210.0,open-meteo_ecmwf_ifs,daily,16.231,4.531,14.14,2.6476667,4.234077,65.51426,0.0,15.754142640928102,2.3183726390602284
2023-08-13 00:00:00+00:00,-35.54333,-72.09444,210.0,open-meteo_ecmwf_ifs,daily,19.031,5.131,13.94,4.931,2.5020459,65.6124,0.0,15.91006172791757,2.004625732903674
2023-08-14 00:00:00+00:00,-35.54333,-72.09444,210.0,open-meteo_ecmwf_ifs,daily,17.631,9.031,10.79,9.835166,1.6309,81.42775,0.0,16.06812984650826,1.4460163168114666
2023-08-15 00:00:00+00:00,-35.54333,-72.09444,210.0,open-meteo_ecmwf_ifs,daily,14.481,9.181,5.3,10.499751,2.294241,93.7154,0.8000001,16.22829503335349,0.8906553137504278
2023-08-16 00:00:00+00:00,-35.54333,-72.09444,210.0,open-meteo_ecmwf_ifs,daily,14.581,10.431,5.8,10.697667,4.164945,92.268654,7.6000004,16.390504233761373,1.0828270144669576
2023-08-17 00:00:00+00:00,-35.54333,-72.09444,210.0,open-meteo_ecmwf_ifs,daily,14.531,7.531,13.56,8.93725,2.9806213,84.11191,12.300001,16.554703323421677,1.4196301874003994
2023-08-18 00:00:00+00:00,-35.54333,-72.09444,210.0,open-meteo_ecmwf_ifs,daily,14.381,1.481,13.04,4.6601667,1.238028,86.67221,0.0,16.720837132014257,1.2886383222808864
2023-08-19 00:00:00+00:00,-35.54333,-72.09444,210.0,open-meteo_ecmwf_ifs,daily,13.881,8.181,2.26,9.53725,4.5744996,90.38494,35.2,16.88884946867303,0.815948818915032
2023-08-20 00:00:00+00:00,-35.54333,-72.09444,210.0,open-meteo_ecmwf_ifs,daily,13.431,11.731,2.31,12.066415,5.2689724,96.359184,28.4,17.058683149274795,0.5855520428121072
2023-08-21 00:00:00+00:00,-35.54333,-72.09444,210.0,open-meteo_ecmwf_ifs,daily,13.381,10.931,2.33,11.839334,6.06955,93.82095,70.5,17.230280025517267,0.5073115674206492
2023-08-22 00:00:00+00:00,-35.54333,-72.09444,210.0,open-meteo_ecmwf_ifs,daily,12.631,7.881,5.55,8.233083,2.5629795,89.05499,28.300003,17.403581015745665,1.002461815680315
2023-08-23 00:00:00+00:00,-35.54333,-72.09444,210.0,open-meteo_ecmwf_ifs,daily,12.881,5.031,13.15,6.0934997,2.2781913,85.54818,0.6,17.578526137482896,1.4356162979308131
2023-08-24 00:00:00+00:00,-35.54333,-72.09444,210.0,open-meteo_ecmwf_ifs,daily,12.731,3.3309999,13.06,5.6664166,2.0943775,86.74106,0.5,17.75505454161349,1.3335256343724267
2023-08-25 00:00:00+00:00,-35.54333,-72.09444,210.0,open-meteo_ecmwf_ifs,daily,12.931,2.431,16.07,4.3122497,1.8103781,84.93181,0.0,17.933104548167226,1.556631131249691
2023-08-26 00:00:00+00:00,-35.54333,-72.09444,210.0,open-meteo_ecmwf_ifs,daily,14.981,2.631,17.11,3.4664166,2.3564446,74.97556,0.0,18.11261368364402,1.9097109892570137
2023-08-27 00:00:00+00:00,-35.54333,-72.09444,210.0,open-meteo_ecmwf_ifs,daily,16.881,2.331,17.43,4.6435003,1.8177198,77.52714,0.0,18.29351871981759,1.8958782916679104
2023-08-28 00:00:00+00:00,-35.54333,-72.09444,210.0,open-meteo_ecmwf_ifs,daily,13.631,7.031,6.87,7.1809993,2.2836678,82.66831,4.2999997,18.475755713951184,1.2473078900624017
2023-08-29 00:00:00+00:00,-35.54333,-72.09444,210.0,open-meteo_ecmwf_ifs,daily,16.781,5.4309998,12.82,7.206,2.0543325,87.07366,0.0,18.659260050355414,1.700304037114388
2023-08-30 00:00:00+00:00,-35.54333,-72.09444,210.0,open-meteo_ecmwf_ifs,daily,14.831,7.6809998,16.07,6.185167,2.3008876,75.570595,3.8999999,18.843966483213713,2.0578605237527428
2023-08-31 00:00:00+00:00,-35.54333,-72.09444,210.0,open-meteo_ecmwf_ifs,daily,13.781,3.431,14.68,4.5226665,3.391348,76.86496,0.1,19.02980918059847,1.7942615702408433
2023-09-01 00:00:00+00:00,-35.54333,-72.09444,210.0,open-meteo_ecmwf_ifs,daily,14.831,4.6809998,7.99,6.9059997,1.978954,85.519005,0.0,19.21672176959681,1.2525116905483737
2023-09-02 00:00:00+00:00,-35.54333,-72.09444,210.0,open-meteo_ecmwf_ifs,daily,11.481,8.831,2.93,9.408082,1.4559464,94.85455,17.400002,19.404637382462262,0.6912574281701651
2023-09-03 00:00:00+00:00,-35.54333,-72.09444,210.0,open-meteo_ecmwf_ifs,daily,12.781,7.881,5.46,8.341417,1.8745713,91.938866,8.7,19.59348870370589,1.0197017259387056
2023-09-04 00:00:00+00:00,-35.54333,-72.09444,210.0,open-meteo_ecmwf_ifs,daily,13.481,8.831,6.25,8.9435005,1.2342056,87.96163,0.6,19.783208018037218,1.0964960360386888
2023-09-05 00:00:00+00:00,-35.54333,-72.09444,210.0,open-meteo_ecmwf_ifs,daily,11.531,6.031,2.85,7.4685,1.8356134,90.64208,5.6000004,19.97372725906345,0.7313769191816824
2023-09-06 00:00:00+00:00,-35.54333,-72.09444,210.0,open-meteo_ecmwf_ifs,daily,15.381,9.331,16.21,8.551834,3.4639034,82.38491,30.5,20.16497805865303,2.1842109907538334
2023-09-07 00:00:00+00:00,-35.54333,-72.09444,210.0,open-meteo_ecmwf_ifs,daily,14.281,3.531,11.39,5.808083,2.1602964,84.20137,0.2,20.35689179686736,1.4995490921860544
2023-09-08 00:00:00+00:00,-35.54333,-72.09444,210.0,open-meteo_ecmwf_ifs,daily,17.181002,5.231,18.27,7.126833,1.1875505,80.93188,0.0,20.54939965236335,2.1268737029167286
2023-09-09 00:00:00+00:00,-35.54333,-72.09444,210.0,open-meteo_ecmwf_ifs,daily,12.781,8.631,3.78,8.6435,3.7653306,88.0091,11.400001,20.742432653167263,1.0347849380484455
2023-09-10 00:00:00+00:00,-35.54333,-72.09444,210.0,open-meteo_ecmwf_ifs,daily,13.631,11.381,3.3,11.570582,4.9983506,96.34055,15.400002,20.93592172771996,0.8041626422102237
2023-09-11 00:00:00+00:00,-35.54333,-72.09444,210.0,open-meteo_ecmwf_ifs,daily,15.281,5.981,17.35,6.9830832,3.0352437,77.58984,10.300001,21.12979775609176,2.1291711976108108
2023-09-12 00:00:00+00:00,-35.54333,-72.09444,210.0,open-meteo_ecmwf_ifs,daily,14.731,4.881,20.12,4.6497493,3.4756107,74.94228,0.0,21.32399162126505,2.4704055464763055
2023-09-13 00:00:00+00:00,-35.54333,-72.09444,210.0,open-meteo_ecmwf_ifs,daily,13.231,3.631,9.22,5.3455834,1.5508238,81.94483,0.0,21.518434260382374,1.3432420490543124
2023-09-14 00:00:00+00:00,-35.54333,-72.09444,210.0,open-meteo_ecmwf_ifs,daily,17.631,8.781,9.78,9.147666,2.067025,84.08425,4.3,21.713056715856975,1.7748327834619366
2023-09-15 00:00:00+00:00,-35.54333,-72.09444,210.0,open-meteo_ecmwf_ifs,daily,20.131,6.981,18.32,10.022665,2.0742776,89.46649,0.0,21.907790186243645,2.422722392985527
2023-09-16 00:00:00+00:00,-35.54333,-72.09444,210.0,open-meteo_ecmwf_ifs,daily,14.031,10.431,10.07,10.145583,3.9181187,86.62339,6.8999996,22.102566076767665,1.5456051100463741
2023-09-17 00:00:00+00:00,-35.54333,-72.09444,210.0,open-meteo_ecmwf_ifs,daily,13.381,4.6809998,19.47,4.516417,2.74459,76.62795,0.0,22.297316049410306,2.2955034640879783
2023-09-18 00:00:00+00:00,-35.54333,-72.09444,210.0,open-meteo_ecmwf_ifs,daily,14.231,3.3309999,21.64,3.2560003,3.685728,71.231544,0.0,22.49197207245074,2.593605786572249
2023-09-19 00:00:00+00:00,-35.54333,-72.09444,210.0,open-meteo_ecmwf_ifs,daily,14.731,4.531,13.4,3.2247503,4.05429,68.1869,0.0,22.686466469364774,2.38453461115114
2023-09-20 00:00:00+00:00,-35.54333,-72.09444,210.0,open-meteo_ecmwf_ifs,daily,14.831,4.281,11.1,6.658083,3.8375995,79.924446,0.1,22.88073196698318,1.6408815271052588
2023-09-21 00:00:00+00:00,-35.54333,-72.09444,210.0,open-meteo_ecmwf_ifs,daily,15.481,9.081,9.35,9.106,3.936262,85.235344,6.4999995,23.074701742813488,1.7550875390327347
2023-09-22 00:00:00+00:00,-35.54333,-72.09444,210.0,open-meteo_ecmwf_ifs,daily,14.981,10.431,7.02,9.816417,2.2743351,84.6134,0.2,23.26830947143153,1.4444710894001134
2023-09-23 00:00:00+00:00,-35.54333,-72.09444,210.0,open-meteo_ecmwf_ifs,daily,18.281,5.9309998,20.24,7.5643334,1.9883809,80.5017,0.0,23.46148936985155,2.6438138880849316
2023-09-24 00:00:00+00:00,-35.54333,-72.09444,210.0,open-meteo_ecmwf_ifs,daily,17.281,3.531,22.29,5.7205834,1.9928256,77.87084,0.0,23.6541762417859,2.6710084996681855
2023-09-25 00:00:00+00:00,-35.54333,-72.09444,210.0,open-meteo_ecmwf_ifs,daily,15.931,5.4309998,18.97,5.4955826,2.2760117,75.49494,1.9000001,23.846305520708682,2.5294031148959255
2023-09-26 00:00:00+00:00,-35.54333,-72.09444,210.0,open-meteo_ecmwf_ifs,daily,14.981,4.081,21.1,6.053917,3.7001011,82.67936,0.1,24.03781331164057,2.4144888987839788
2023-09-27 00:00:00+00:00,-35.54333,-72.09444,210.0,open-meteo_ecmwf_ifs,daily,16.431,3.931,23.56,3.8039167,4.4293847,67.57763,0.0,24.228636431575595,3.1329853511925383
2023-09-28 00:00:00+00:00,-35.54333,-72.09444,210.0,open-meteo_ecmwf_ifs,daily,16.031,7.531,23.68,6.7643337,4.5243278,77.81766,0.0,24.4187124484744,3.1189962563691087
2023-09-29 00:00:00+00:00,-35.54333,-72.09444,210.0,open-meteo_ecmwf_ifs,daily,20.831001,4.6809998,23.72,6.235166,2.462045,68.61289,0.0,24.607979718752073,3.2840865319675148
2023-09-30 00:00:00+00:00,-35.54333,-72.09444,210.0,open-meteo_ecmwf_ifs,daily,22.931002,6.631,23.83,9.366416,2.2236211,75.06623,0.0,24.796377423193224,3.3941252050180415
2023-10-01 00:00:00+00:00,-35.54333,-72.09444,210.0,open-meteo_ecmwf_ifs,daily,16.981,7.631,16.13,8.5476675,2.1846433,85.66336,0.0,24.983845601231014,2.3374424449592746
2023-10-02 00:00:00+00:00,-35.54333,-72.09444,210.0,open-meteo_ecmwf_ifs,daily,16.081001,5.9309998,15.86,5.706001,1.5440668,75.02386,0.0,25.17032518353129,2.308199077593794
2023-10-03 00:00:00+00:00,-35.54333,-72.09444,210.0,open-meteo_ecmwf_ifs,daily,14.781,4.381,16.66,6.495583,1.6731373,81.68958,1.1,25.355758022828134,2.1135959284074044
2023-10-04 00:00:00+00:00,-35.54333,-72.09444,210.0,open-meteo_ecmwf_ifs,daily,18.081001,5.9309998,24.01,6.810166,2.6326168,77.99527,0.0,25.540086922961528,3.167729797823833
2023-10-05 00:00:00+00:00,-35.54333,-72.09444,210.0,open-meteo_ecmwf_ifs,daily,18.231,5.031,22.34,6.453917,2.1497192,74.95723,0.0,25.72325566607329,2.9725574596361453
2023-10-06 00:00:00+00:00,-35.54333,-72.09444,210.0,open-meteo_ecmwf_ifs,daily,15.481,3.431,16.69,5.658083,1.8614465,78.07206,0.0,25.905209037922447,2.1948200908068367
2023-10-07 00:00:00+00:00,-35.54333,-72.09444,210.0,open-meteo_ecmwf_ifs,daily,18.281,5.781,25.12,6.7914176,3.46173,76.88909,0.0,26.085892851286438,3.3344335315953715
2023-10-08 00:00:00+00:00,-35.54333,-72.09444,210.0,open-meteo_ecmwf_ifs,daily,17.931002,4.181,25.37,6.222667,3.1811864,74.17249,0.0,26.265253967420477,3.1842407407801767
2023-10-09 00:00:00+00:00,-35.54333,-72.09444,210.0,open-meteo_ecmwf_ifs,daily,20.531,6.781,22.92,6.476832,3.1740544,66.56439,0.0,26.44324031555218,3.6076860030721747
2023-10-10 00:00:00+00:00,-35.54333,-72.09444,210.0,open-meteo_ecmwf_ifs,daily,18.631,5.581,20.3,7.247666,2.1675365,79.38825,0.0,26.61980091039493,2.86557112996825
2023-10-11 00:00:00+00:00,-35.54333,-72.09444,210.0,open-meteo_ecmwf_ifs,daily,19.381,6.4309998,25.7,5.183083,3.8746002,63.452744,0.0,26.79488586766863,3.9121453324361033
2023-10-12 00:00:00+00:00,-35.54333,-72.09444,210.0,open-meteo_ecmwf_ifs,daily,20.631,6.481,26.38,6.3560004,3.6923666,65.60531,0.0,26.968446417622328,3.9677383573765885
2023-10-13 00:00:00+00:00,-35.54333,-72.09444,210.0,open-meteo_ecmwf_ifs,daily,21.231,6.231,26.23,6.4705825,3.7789195,65.99658,0.0,27.14043491655915,4.007512837215539
2023-10-14 00:00:00+00:00,-35.54333,-72.09444,210.0,open-meteo_ecmwf_ifs,daily,20.681002,6.9309998,26.54,6.4934998,3.2051938,64.7398,0.0,27.31080485636919,3.99194486745861
2023-10-15 00:00:00+00:00,-35.54333,-72.09444,210.0,open-meteo_ecmwf_ifs,daily,19.181002,7.131,26.1,7.4289165,3.265313,71.75661,0.0,27.479510872082326,3.686303360502873
2023-10-16 00:00:00+00:00,-35.54333,-72.09444,210.0,open-meteo_ecmwf_ifs,daily,19.381,6.031,27.24,5.0580835,4.9052625,63.650528,0.0,27.64650874745808,4.141152805864556
2023-10-17 00:00:00+00:00,-35.54333,-72.09444,210.0,open-meteo_ecmwf_ifs,daily,24.931002,6.731,27.18,7.2455826,2.4698884,63.41188,0.0,27.81175541863539,4.352152915303015
2023-10-18 00:00:00+00:00,-35.54333,-72.09444,210.0,open-meteo_ecmwf_ifs,daily,18.631,8.881,21.87,8.276834,4.613895,72.500145,0.0,27.975208975870853,3.487941198462326
2023-10-19 00:00:00+00:00,-35.54333,-72.09444,210.0,open-meteo_ecmwf_ifs,daily,22.781,7.131,20.98,8.281,2.5247219,72.73771,0.0,28.136828663398948,3.5161021937078893
2023-10-20 00:00:00+00:00,-35.54333,-72.09444,210.0,open-meteo_ecmwf_ifs,daily,22.131,11.481,13.33,10.597666,1.9345742,72.61445,0.0,28.29657487745349,2.7653403171453363
2023-10-21 00:00:00+00:00,-35.54333,-72.09444,210.0,open-meteo_ecmwf_ifs,daily,22.281,9.281,21.31,11.13725,1.6143641,78.45673,0.1,28.45440916249429,3.346342353511715
2023-10-22 00:00:00+00:00,-35.54333,-72.09444,210.0,open-meteo_ecmwf_ifs,daily,23.481,10.231,26.4,9.903916,2.0211186,71.53482,0.1,28.61029420568812,4.243366691554807
2023-10-23 00:00:00+00:00,-35.54333,-72.09444,210.0,open-meteo_ecmwf_ifs,daily,20.731,7.281,26.2,8.424748,1.9830447,77.7598,0.0,28.764193829697703,3.775839053630646
2023-10-24 00:00:00+00:00,-35.54333,-72.09444,210.0,open-meteo_ecmwf_ifs,daily,21.431002,8.281,27.39,8.585167,2.9871967,74.73798,0.0,28.91607298383716,4.150499956062475
2023-10-25 00:00:00+00:00,-35.54333,-72.09444,210.0,open-meteo_ecmwf_ifs,daily,22.631,7.631,27.13,8.306,3.3397262,68.33892,0.0,29.065897733656318,4.2761365837457195
2023-10-26 00:00:00+00:00,-35.54333,-72.09444,210.0,open-meteo_ecmwf_ifs,daily,21.531,8.031,28.25,8.366416,2.3855422,69.704834,0.0,29.21363524902068,4.202773431006491
2023-10-27 00:00:00+00:00,-35.54333,-72.09444,210.0,open-meteo_ecmwf_ifs,daily,16.981,7.631,18.49,7.306,2.8122919,76.47459,0.0,29.359253790757233,2.902552708998479
2023-10-28 00:00:00+00:00,-35.54333,-72.09444,210.0,open-meteo_ecmwf_ifs,daily,12.681,10.531,2.56,9.249749,6.022758,86.458626,38.1,29.502722695940225,1.2120672526558258
2023-10-29 00:00:00+00:00,-35.54333,-72.09444,210.0,open-meteo_ecmwf_ifs,daily,14.681,8.631,21.63,7.9580827,5.6439977,80.27692,7.4999995,29.644012361893566,2.9209888107848494
2023-10-30 00:00:00+00:00,-35.54333,-72.09444,210.0,open-meteo_ecmwf_ifs,daily,15.131,3.481,20.31,5.1997495,2.5012739,77.6339,0.0,29.78309422899018,2.663298581350158
2023-10-31 00:00:00+00:00,-35.54333,-72.09444,210.0,open-meteo_ecmwf_ifs,daily,17.231,5.531,27.98,4.833083,3.3332958,69.4727,0.0,29.919940762330288,3.8476692819659606
2023-11-01 00:00:00+00:00,-35.54333,-72.09444,210.0,open-meteo_ecmwf_ifs,daily,16.181,4.6809998,23.7,5.6330833,2.3383234,73.858376,0.0,30.054525432383418,3.1476378971371037
2023-11-02 00:00:00+00:00,-35.54333,-72.09444,210.0,open-meteo_ecmwf_ifs,daily,18.031,4.881,26.32,6.9372497,2.0271282,77.338905,0.3,30.18682269468058,3.4756153482256056
2023-11-03 00:00:00+00:00,-35.54333,-72.09444,210.0,open-meteo_ecmwf_ifs,daily,21.231,6.481,29.77,7.568499,3.2011483,71.62211,0.0,30.31680796864411,4.322991587836875
2023-11-04 00:00:00+00:00,-35.54333,-72.09444,210.0,open-meteo_ecmwf_ifs,daily,22.231,6.831,30.03,6.6351676,2.8041189,60.50652,0.0,30.444457615644613,4.600080653399185
2023-11-05 00:00:00+00:00,-35.54333,-72.09444,210.0,open-meteo_ecmwf_ifs,daily,17.331001,6.581,16.64,8.12475,2.0013008,81.57099,0.0,30.569748916374078,2.5554702914794722
2023-11-06 00:00:00+00:00,-35.54333,-72.09444,210.0,open-meteo_ecmwf_ifs,daily,17.381,8.281,18.23,9.147668,2.2735827,80.81711,0.0,30.692660047625417,2.7780249746315437
2023-11-07 00:00:00+00:00,-35.54333,-72.09444,210.0,open-meteo_ecmwf_ifs,daily,20.031,9.931,29.52,9.128917,2.419177,73.87551,0.8,30.81317005856824,4.397305026949428
2023-11-08 00:00:00+00:00,-35.54333,-72.09444,210.0,open-meteo_ecmwf_ifs,daily,21.881,8.1310005,30.57,7.9268327,4.7957015,66.965744,0.0,30.931258846610106,4.821499309283277
2023-11-09 00:00:00+00:00,-35.54333,-72.09444,210.0,open-meteo_ecmwf_ifs,daily,24.181002,8.881,30.5,9.264333,3.2059937,66.53658,0.0,31.04690713293191,4.952988005718141
2023-11-10 00:00:00+00:00,-35.54333,-72.09444,210.0,open-meteo_ecmwf_ifs,daily,15.731,7.481,15.92,7.8059998,3.236303,80.33198,0.3,31.160096437784897,2.510378693588312
2023-11-11 00:00:00+00:00,-35.54333,-72.09444,210.0,open-meteo_ecmwf_ifs,daily,12.681,10.431,7.85,8.170583,4.4747877,81.05773,5.4999995,31.27080905563461,1.8095038770267222
2023-11-12 00:00:00+00:00,-35.54333,-72.09444,210.0,open-meteo_ecmwf_ifs,daily,15.831,4.431,31.29,2.3434997,3.8593361,62.14442,0.0,31.37902803023615,4.176998436089288
2023-11-13 00:00:00+00:00,-35.54333,-72.09444,210.0,open-meteo_ecmwf_ifs,daily,18.281,4.231,31.48,3.7976665,4.2432637,62.630512,0.0,31.484737129721793,4.34480496552424
2023-11-14 00:00:00+00:00,-35.54333,-72.09444,210.0,open-meteo_ecmwf_ifs,daily,19.181002,7.231,28.25,6.2205834,4.36972,68.21268,0.0,31.587920821780237,4.331755464310548
2023-11-15 00:00:00+00:00,-35.54333,-72.09444,210.0,open-meteo_ecmwf_ifs,daily,18.281,5.731,28.18,4.851834,2.995155,67.23535,0.0,31.68856424900306,4.084717675963921
2023-11-16 00:00:00+00:00,-35.54333,-72.09444,210.0,open-meteo_ecmwf_ifs,daily,19.781,5.581,29.63,6.5518336,3.3059015,71.44045,0.0,31.78665320447153,4.201248686704912
2023-11-17 00:00:00+00:00,-35.54333,-72.09444,210.0,open-meteo_ecmwf_ifs,daily,14.681,10.481,8.91,9.997667,5.3495517,88.38874,22.3,31.882174107652656,1.8000830957804825
2023-11-18 00:00:00+00:00,-35.54333,-72.09444,210.0,open-meteo_ecmwf_ifs,daily,19.981,7.081,20.29,8.731,1.4275745,81.62687,0.0,31.975113980670134,3.1710242173654284
2023-11-19 00:00:00+00:00,-35.54333,-72.09444,210.0,open-meteo_ecmwf_ifs,daily,23.581001,5.831,31.46,8.578916,2.2246435,74.01117,0.0,32.0654604250116,4.640555067361725
2023-11-20 00:00:00+00:00,-35.54333,-72.09444,210.0,open-meteo_ecmwf_ifs,daily,21.181002,7.481,26.29,9.337251,2.0976708,78.61597,0.0,32.15320159872959,3.9493587498688525
2023-11-21 00:00:00+00:00,-35.54333,-72.09444,210.0,open-meteo_ecmwf_ifs,daily,21.181002,9.631,28.38,8.43725,3.5161483,68.652855,0.0,32.23832619418905,4.632396997629228
2023-11-22 00:00:00+00:00,-35.54333,-72.09444,210.0,open-meteo_ecmwf_ifs,daily,21.081001,8.1310005,30.14,7.5101676,3.623226,68.92721,0.0,32.320823416410164,4.707693049113084
2023-11-23 00:00:00+00:00,-35.54333,-72.09444,210.0,open-meteo_ecmwf_ifs,daily,26.931002,7.981,33.13,6.685167,4.7803617,54.315434,0.0,32.40068296205024,6.163887745886121
2023-11-24 00:00:00+00:00,-35.54333,-72.09444,210.0,open-meteo_ecmwf_ifs,daily,23.681002,12.081,31.37,12.176833,2.3518183,69.26122,0.0,32.47789499906405,5.0831664068218005
2023-11-25 00:00:00+00:00,-35.54333,-72.09444,210.0,open-meteo_ecmwf_ifs,daily,26.581001,8.031,31.95,11.999751,1.6412145,75.733315,0.0,32.55245014707751,5.012663471791145
2023-11-26 00:00:00+00:00,-35.54333,-72.09444,210.0,open-meteo_ecmwf_ifs,daily,27.131,11.181,32.5,13.3601675,2.1172826,73.4192,0.0,32.624339458504394,5.410488489408944
2023-11-27 00:00:00+00:00,-35.54333,-72.09444,210.0,open-meteo_ecmwf_ifs,daily,18.981,10.231,25.81,10.945584,3.4141264,78.939,0.0,32.6935544004319,3.766571387124487
2023-11-28 00:00:00+00:00,-35.54333,-72.09444,210.0,open-meteo_ecmwf_ifs,daily,23.081001,11.531,24.97,9.54975,2.718935,68.99961,0.0,32.7600868372959,4.567040185154516
2023-11-29 00:00:00+00:00,-35.54333,-72.09444,210.0,open-meteo_ecmwf_ifs,daily,25.231,10.181,33.25,6.551834,4.9153423,55.486073,0.0,32.82392901436218,6.334063383866347
2023-11-30 00:00:00+00:00,-35.54333,-72.09444,210.0,open-meteo_ecmwf_ifs,daily,25.881,12.081,32.49,9.151834,4.1471725,56.60414,0.0,32.88507354202644,6.159970543301828
2023-12-01 00:00:00+00:00,-35.54333,-72.09444,210.0,open-meteo_ecmwf_ifs,daily,20.981,10.931,18.57,9.664334,2.3133857,74.46349,0.5,32.94351338094096,3.48903276389007
2023-12-02 00:00:00+00:00,-35.54333,-72.09444,210.0,open-meteo_ecmwf_ifs,daily,20.381,9.881,32.74,5.810167,5.093215,62.445126,0.0,32.99924182797252,5.543797903337337
2023-12-03 00:00:00+00:00,-35.54333,-72.09444,210.0,open-meteo_ecmwf_ifs,daily,24.031,7.331,33.65,1.6685001,6.4799175,43.257446,0.0,33.0522525029924,6.681389170775487
2023-12-04 00:00:00+00:00,-35.54333,-72.09444,210.0,open-meteo_ecmwf_ifs,daily,27.381,9.981,33.14,7.8997498,2.529355,52.498302,0.0,33.10253933649588,5.913870842652103
2023-12-05 00:00:00+00:00,-35.54333,-72.09444,210.0,open-meteo_ecmwf_ifs,daily,19.531,9.531,26.23,9.401834,3.3297637,73.5508,0.1,33.15009655804609,4.057119543761814
2023-12-06 00:00:00+00:00,-35.54333,-72.09444,210.0,open-meteo_ecmwf_ifs,daily,26.581001,8.481,32.58,10.27475,2.4304626,70.6779,0.0,33.19491868553368,5.361327333059212
2023-12-07 00:00:00+00:00,-35.54333,-72.09444,210.0,open-meteo_ecmwf_ifs,daily,29.981,13.631,33.27,11.012249,3.7545433,58.142914,0.0,33.23700051524208,6.81595618327508
2023-12-08 00:00:00+00:00,-35.54333,-72.09444,210.0,open-meteo_ecmwf_ifs,daily,25.381,12.281,32.85,10.668499,3.3076413,62.651592,0.0,33.276337112705896,5.821201858342862
2023-12-09 00:00:00+00:00,-35.54333,-72.09444,210.0,open-meteo_ecmwf_ifs,daily,26.781,10.081,33.63,6.0976663,5.286078,50.037197,0.0,33.312923804348166,6.798334544806764
2023-12-10 00:00:00+00:00,-35.54333,-72.09444,210.0,open-meteo_ecmwf_ifs,daily,33.431,12.231,33.15,8.1435,4.4226346,45.64977,0.0,33.34675616988148,7.707949443106396
2023-12-11 00:00:00+00:00,-35.54333,-72.09444,210.0,open-meteo_ecmwf_ifs,daily,23.631,11.281,26.45,10.055999,2.8433492,69.533165,0.0,33.37783003545644,4.753785553676902
2023-12-12 00:00:00+00:00,-35.54333,-72.09444,210.0,open-meteo_ecmwf_ifs,daily,24.931002,11.231,29.29,8.156,3.947384,59.770824,0.0,33.40614146754114,5.681452397829646
2023-12-13 00:00:00+00:00,-35.54333,-72.09444,210.0,open-meteo_ecmwf_ifs,daily,28.031,10.081,33.88,4.7685,4.285364,42.837708,0.0,33.43168676751456,6.934580610389515
2023-12-14 00:00:00+00:00,-35.54333,-72.09444,210.0,open-meteo_ecmwf_ifs,daily,25.431002,12.231,33.37,7.9893327,3.0122347,51.619106,0.0,33.4544624669577,6.12241959051396
2023-12-15 00:00:00+00:00,-35.54333,-72.09444,210.0,open-meteo_ecmwf_ifs,daily,22.931002,8.231,32.23,6.851834,2.4415703,63.408596,0.0,33.474465323626085,5.174848159353871
2023-12-16 00:00:00+00:00,-35.54333,-72.09444,210.0,open-meteo_ecmwf_ifs,daily,18.481,7.1809998,20.35,6.8851666,3.542163,68.708,0.0,33.49169231808882,3.445742877563989
2023-12-17 00:00:00+00:00,-35.54333,-72.09444,210.0,open-meteo_ecmwf_ifs,daily,22.131,11.681,26.91,7.6893334,3.1340342,63.03036,1.3000001,33.50614065102031,5.000950024170094
2023-12-18 00:00:00+00:00,-35.54333,-72.09444,210.0,open-meteo_ecmwf_ifs,daily,25.631,8.581,34.03,3.8976667,5.1318893,45.76579,0.0,33.517807741132,6.653770313975221
2023-12-19 00:00:00+00:00,-35.54333,-72.09444,210.0,open-meteo_ecmwf_ifs,daily,21.631,11.331,31.91,9.545584,2.875542,63.029285,0.0,33.52669122373365,5.156671326180913
2023-12-20 00:00:00+00:00,-35.54333,-72.09444,210.0,open-meteo_ecmwf_ifs,daily,26.331001,8.331,32.82,9.606,2.2608771,70.1468,0.0,33.53278894991509,5.398293073400591
2023-12-21 00:00:00+00:00,-35.54333,-72.09444,210.0,open-meteo_ecmwf_ifs,daily,27.981,12.681,33.38,10.131,3.1420841,58.415684,0.0,33.53609898634183,6.352904570571034
2023-12-22 00:00:00+00:00,-35.54333,-72.09444,210.0,open-meteo_ecmwf_ifs,daily,30.131,13.631,33.69,7.435167,3.731595,46.220535,0.0,33.536619615659895,7.290240233713135
2023-12-23 00:00:00+00:00,-35.54333,-72.09444,210.0,open-meteo_ecmwf_ifs,daily,29.681002,13.331,29.81,9.085166,4.013274,48.874256,0.0,33.53434933750738,6.685607828861933
2023-12-24 00:00:00+00:00,-35.54333,-72.09444,210.0,open-meteo_ecmwf_ifs,daily,29.531,13.181,33.55,9.414334,2.859068,51.852543,0.0,33.529286870133056,6.624481997095045
2023-12-25 00:00:00+00:00,-35.54333,-72.09444,210.0,open-meteo_ecmwf_ifs,daily,33.731,14.331,33.9,8.006,3.8777914,40.610172,0.0,33.52143115262401,7.936362922495628
2023-12-26 00:00:00+00:00,-35.54333,-72.09444,210.0,open-meteo_ecmwf_ifs,daily,24.481,15.131,32.41,12.637252,2.841838,61.09166,0.0,33.51078134774712,5.7614202484987915
2023-12-27 00:00:00+00:00,-35.54333,-72.09444,210.0,open-meteo_ecmwf_ifs,daily,24.881,12.581,22.02,12.224751,2.250313,68.88794,0.3,33.49733684541096,4.207924577371374
2023-12-28 00:00:00+00:00,-35.54333,-72.09444,210.0,open-meteo_ecmwf_ifs,daily,20.481,14.831,14.63,12.841416,2.8356838,75.45956,0.0,33.48109726675721,3.090307060787276
2023-12-29 00:00:00+00:00,-35.54333,-72.09444,210.0,open-meteo_ecmwf_ifs,daily,29.281,12.781,32.64,13.370584,2.0764515,70.3101,0.0,33.46206246889196,5.906983282563074
2023-12-30 00:00:00+00:00,-35.54333,-72.09444,210.0,open-meteo_ecmwf_ifs,daily,22.131,12.981,18.08,12.464333,4.0707526,75.2029,1.1,33.44023255026975,3.643769714707799
2023-12-31 00:00:00+00:00,-35.54333,-72.09444,210.0,open-meteo_ecmwf_ifs,daily,23.331001,12.781,28.85,11.2560005,2.2683024,71.26875,0.0,33.4156078567438,4.964839725388298
2024-01-01 00:00:00+00:00,-35.54333,-72.09444,210.0,open-meteo_ecmwf_ifs,daily,27.581001,10.481,31.67,12.110166,1.8400496,71.1854,0.0,33.388188988297905,5.393657439802982
2024-01-02 00:00:00+00:00,-35.54333,-72.09444,210.0,open-meteo_ecmwf_ifs,daily,30.681002,14.481,33.28,10.780998,3.2419674,56.038387,0.0,33.357976806475705,6.915676660591955
2024-01-03 00:00:00+00:00,-35.54333,-72.09444,210.0,open-meteo_ecmwf_ifs,daily,31.231,15.131,33.03,10.7685,3.8242989,50.114483,0.0,33.32497244252389,7.268801788242648
2024-01-04 00:00:00+00:00,-35.54333,-72.09444,210.0,open-meteo_ecmwf_ifs,daily,30.381,15.081,32.45,12.466415,2.8343837,55.655415,0.0,33.28917730626627,6.553265625683927
2024-01-05 00:00:00+00:00,-35.54333,-72.09444,210.0,open-meteo_ecmwf_ifs,daily,26.581001,15.031,28.15,12.901834,2.4844353,63.3131,0.0,33.2505930957252,5.401406532633554
2024-01-06 00:00:00+00:00,-35.54333,-72.09444,210.0,open-meteo_ecmwf_ifs,daily,27.081001,13.331,31.92,12.053916,2.6271527,65.16386,0.0,33.20922180750641,5.820349784241336
2024-01-07 00:00:00+00:00,-35.54333,-72.09444,210.0,open-meteo_ecmwf_ifs,daily,25.831001,11.581,31.94,11.401833,2.9995136,69.01274,0.0,33.16506574796276,5.544802141034442
2024-01-08 00:00:00+00:00,-35.54333,-72.09444,210.0,open-meteo_ecmwf_ifs,daily,26.731,12.681,33.02,8.364333,4.4226837,52.63328,0.0,33.11812754515055,6.638613039910351
2024-01-09 00:00:00+00:00,-35.54333,-72.09444,210.0,open-meteo_ecmwf_ifs,daily,27.231,11.831,32.87,8.330999,3.3817518,54.59242,0.0,33.068410161590975,6.2981415616784915
2024-01-10 00:00:00+00:00,-35.54333,-72.09444,210.0,open-meteo_ecmwf_ifs,daily,27.781,11.981,33.18,7.012251,3.8766146,46.803272,0.0,33.01591690784685,6.716494484445126
2024-01-11 00:00:00+00:00,-35.54333,-72.09444,210.0,open-meteo_ecmwf_ifs,daily,29.781,12.481,32.67,7.3664165,2.6249473,46.657833,0.0,32.96065145692262,6.48739012303136
2024-01-12 00:00:00+00:00,-35.54333,-72.09444,210.0,open-meteo_ecmwf_ifs,daily,29.631,14.031,30.76,8.278917,2.274031,47.90453,0.0,32.90261785949274,6.2033048124420604
2024-01-13 00:00:00+00:00,-35.54333,-72.09444,210.0,open-meteo_ecmwf_ifs,daily,27.481,11.081,31.66,9.083083,2.2234175,55.60013,0.0,32.84182055996057,5.698346657294438
2024-01-14 00:00:00+00:00,-35.54333,-72.09444,210.0,open-meteo_ecmwf_ifs,daily,29.681002,12.481,33.14,4.7622504,4.1512218,41.37647,0.0,32.77826441334649,7.378377378821823
2024-01-15 00:00:00+00:00,-35.54333,-72.09444,210.0,open-meteo_ecmwf_ifs,daily,27.331001,12.581,32.48,8.551833,3.9856358,50.080215,0.0,32.71195470300015,6.50107857441727
2024-01-16 00:00:00+00:00,-35.54333,-72.09444,210.0,open-meteo_ecmwf_ifs,daily,30.281,14.081,32.57,9.0185,4.981377,51.71108,0.0,32.64289715912817,7.480355663014589
2024-01-17 00:00:00+00:00,-35.54333,-72.09444,210.0,open-meteo_ecmwf_ifs,daily,28.831001,15.731,29.75,9.28725,3.9531085,45.27307,0.0,32.57109797812393,6.8126540479141
2024-01-18 00:00:00+00:00,-35.54333,-72.09444,210.0,open-meteo_ecmwf_ifs,daily,30.031,14.281,32.76,6.976834,5.499208,45.536808,0.0,32.49656384268236,7.953345346106481
2024-01-19 00:00:00+00:00,-35.54333,-72.09444,210.0,open-meteo_ecmwf_ifs,daily,31.781,12.331,32.84,5.756,5.433598,39.411892,0.0,32.419301942677464,8.053668956390977
2024-01-20 00:00:00+00:00,-35.54333,-72.09444,210.0,open-meteo_ecmwf_ifs,daily,30.781,13.631,32.13,8.933084,3.4345999,44.434223,0.0,32.339319996776155,6.865881773884831
2024-01-21 00:00:00+00:00,-35.54333,-72.09444,210.0,open-meteo_ecmwf_ifs,daily,32.031,14.631,32.25,10.403916,2.1908536,47.06165,0.0,32.25662627475703,6.488017898531185
2024-01-22 00:00:00+00:00,-35.54333,-72.09444,210.0,open-meteo_ecmwf_ifs,daily,33.731,16.581001,31.23,12.303916,2.2163713,48.784225,0.0,32.171229620498,6.6396587654097745
2024-01-23 00:00:00+00:00,-35.54333,-72.09444,210.0,open-meteo_ecmwf_ifs,daily,29.181002,13.231,31.21,12.403916,2.6414232,61.908413,0.0,32.08313947559162,5.889285566869695
2024-01-24 00:00:00+00:00,-35.54333,-72.09444,210.0,open-meteo_ecmwf_ifs,daily,35.330997,16.631,32.14,8.766417,3.0075083,43.85278,0.0,31.992365903542645,7.569100576917652
2024-01-25 00:00:00+00:00,-35.54333,-72.09444,210.0,open-meteo_ecmwf_ifs,daily,29.931002,15.981,30.66,11.187249,2.6615021,46.451427,0.0,31.898919614497274,6.349450703572828
2024-01-26 00:00:00+00:00,-35.54333,-72.09444,210.0,open-meteo_ecmwf_ifs,daily,27.831001,13.131,28.65,12.914332,2.5117505,68.656555,0.0,31.802811990448753,5.308273311096857
2024-01-27 00:00:00+00:00,-35.54333,-72.09444,210.0,open-meteo_ecmwf_ifs,daily,32.481,14.831,28.49,13.262252,2.611314,61.30962,0.0,31.704055110860107,6.040138249485136
2024-01-28 00:00:00+00:00,-35.54333,-72.09444,210.0,open-meteo_ecmwf_ifs,daily,28.781,17.731,30.45,12.237248,2.3943803,53.18698,0.0,31.60266177863967,6.188585446693605
2024-01-29 00:00:00+00:00,-35.54333,-72.09444,210.0,open-meteo_ecmwf_ifs,daily,33.431,14.831,30.63,10.501833,2.282831,51.46008,0.0,31.49864554640155,6.4339427420826665
2024-01-30 00:00:00+00:00,-35.54333,-72.09444,210.0,open-meteo_ecmwf_ifs,daily,34.131,15.531,30.89,6.276833,2.7621038,34.99978,0.0,31.39202074293879,7.093432124936724
2024-01-31 00:00:00+00:00,-35.54333,-72.09444,210.0,open-meteo_ecmwf_ifs,daily,34.631,17.081001,30.86,8.747666,4.2893963,37.460533,0.0,31.282802499833558,8.117730909928563
2024-02-01 00:00:00+00:00,-35.54333,-72.09444,210.0,open-meteo_ecmwf_ifs,daily,34.131,18.081001,30.86,9.368499,4.4059043,39.558453,0.0,31.171006778125268,8.187724091053534
2024-02-02 00:00:00+00:00,-35.54333,-72.09444,210.0,open-meteo_ecmwf_ifs,daily,34.131,17.731,30.18,11.447666,5.0584054,49.096943,0.0,31.056650394954328,8.121826820402894
2024-02-03 00:00:00+00:00,-35.54333,-72.09444,210.0,open-meteo_ecmwf_ifs,daily,32.881,16.881,30.48,8.276833,6.357124,41.42867,0.0,30.939751050096437,8.815982515945901
2024-02-04 00:00:00+00:00,-35.54333,-72.09444,210.0,open-meteo_ecmwf_ifs,daily,27.981,16.381,30.06,9.22475,3.6454875,42.990643,0.0,30.820327352300072,6.5909512183142756
2024-02-05 00:00:00+00:00,-35.54333,-72.09444,210.0,open-meteo_ecmwf_ifs,daily,31.531,12.531,29.08,10.051834,2.0345826,56.829376,0.0,30.6983988453375,5.682281486037158
2024-02-06 00:00:00+00:00,-35.54333,-72.09444,210.0,open-meteo_ecmwf_ifs,daily,32.580997,14.431,29.3,12.103916,2.8989599,54.788666,0.0,30.57398603367805,6.244984192176326
2024-02-07 00:00:00+00:00,-35.54333,-72.09444,210.0,open-meteo_ecmwf_ifs,daily,32.981,17.631,28.32,14.52475,4.4093676,59.572964,0.0,30.447110407691195,6.919087353546071
2024-02-08 00:00:00+00:00,-35.54333,-72.09444,210.0,open-meteo_ecmwf_ifs,daily,32.031,15.181,28.61,6.808083,3.458083,36.14533,0.0,30.317794468285598,6.899090481543212
2024-02-09 00:00:00+00:00,-35.54333,-72.09444,210.0,open-meteo_ecmwf_ifs,daily,29.431002,15.231,29.13,10.195583,2.198964,50.94572,0.0,30.186061750890282,5.779326545144651
2024-02-10 00:00:00+00:00,-35.54333,-72.09444,210.0,open-meteo_ecmwf_ifs,daily,31.181002,11.581,28.92,10.170584,1.7763497,58.72314,0.0,30.05193684868357,5.379305178473246
2024-02-11 00:00:00+00:00,-35.54333,-72.09444,210.0,open-meteo_ecmwf_ifs,daily,29.881,12.831,28.44,12.216418,2.5553844,63.854153,0.0,29.91544543497582,5.454201541667153
2024-02-12 00:00:00+00:00,-35.54333,-72.09444,210.0,open-meteo_ecmwf_ifs,daily,32.830997,13.481,29.49,7.3435006,5.3428683,45.831493,0.0,29.776614284652606,7.697304733197616
2024-02-13 00:00:00+00:00,-35.54333,-72.09444,210.0,open-meteo_ecmwf_ifs,daily,31.631,16.231,28.63,9.641417,3.0587595,43.819366,0.0,29.635471294586107,6.486861812429
2024-02-14 00:00:00+00:00,-35.54333,-72.09444,210.0,open-meteo_ecmwf_ifs,daily,27.081001,13.831,27.96,12.895584,2.8841393,71.334755,0.0,29.49204550292386,5.161932311996861
2024-02-15 00:00:00+00:00,-35.54333,-72.09444,210.0,open-meteo_ecmwf_ifs,daily,29.381,13.031,28.27,13.110166,2.0329099,66.467064,0.0,29.346367107165882,5.147445246055827
2024-02-16 00:00:00+00:00,-35.54333,-72.09444,210.0,open-meteo_ecmwf_ifs,daily,30.331001,12.681,28.12,11.216416,1.9939604,59.812733,0.0,29.19846748094336,5.2834779663743445
2024-02-17 00:00:00+00:00,-35.54333,-72.09444,210.0,open-meteo_ecmwf_ifs,daily,31.531,14.881,28.65,9.614333,5.266873,57.32405,0.0,29.048379189414824,7.231700545347388
2024-02-18 00:00:00+00:00,-35.54333,-72.09444,210.0,open-meteo_ecmwf_ifs,daily,36.580997,15.381,28.21,7.0080833,3.960925,37.219788,0.0,28.896136003198347,7.6266133048073765
2024-02-19 00:00:00+00:00,-35.54333,-72.09444,210.0,open-meteo_ecmwf_ifs,daily,25.331001,14.781,24.02,12.389335,3.3760471,61.52585,0.0,28.741772910761952,4.750751779725409
2024-02-20 00:00:00+00:00,-35.54333,-72.09444,210.0,open-meteo_ecmwf_ifs,daily,23.231,15.381,19.23,13.318498,3.459326,74.75677,0.2,28.585326129197764,3.8938977521166023
2024-02-21 00:00:00+00:00,-35.54333,-72.09444,210.0,open-meteo_ecmwf_ifs,daily,22.881,12.431,19.31,12.933084,2.324473,77.227684,0.0,28.42683311330953,3.3827092063179727
2024-02-22 00:00:00+00:00,-35.54333,-72.09444,210.0,open-meteo_ecmwf_ifs,daily,25.281,12.631,23.53,9.953916,2.0537462,65.60545,0.0,28.266332562947024,4.331841747291885
2024-02-23 00:00:00+00:00,-35.54333,-72.09444,210.0,open-meteo_ecmwf_ifs,daily,28.981,13.081,27.09,7.808083,3.3131177,49.604397,0.0,28.103864428525824,5.79078907370474
2024-02-24 00:00:00+00:00,-35.54333,-72.09444,210.0,open-meteo_ecmwf_ifs,daily,30.931002,14.531,26.31,8.551833,2.1896193,43.22948,0.0,27.939469914675218,5.4409269895978545
2024-02-25 00:00:00+00:00,-35.54333,-72.09444,210.0,open-meteo_ecmwf_ifs,daily,30.981,16.281,26.55,7.9705834,2.6847498,41.192646,0.0,27.7731914819622,5.948722069441893
2024-02-26 00:00:00+00:00,-35.54333,-72.09444,210.0,open-meteo_ecmwf_ifs,daily,29.581001,14.081,26.56,7.128917,2.7843854,43.058224,0.0,27.605072846644628,5.6785038876839415
2024-02-27 00:00:00+00:00,-35.54333,-72.09444,210.0,open-meteo_ecmwf_ifs,daily,29.381,13.981,26.2,8.810166,2.8080008,49.01581,0.0,27.43515897841212,5.489225455213316
2024-02-28 00:00:00+00:00,-35.54333,-72.09444,210.0,open-meteo_ecmwf_ifs,daily,30.431002,14.231,25.6,12.345584,3.3417547,61.376266,0.0,27.263496096078523,5.441452856745724
2024-02-29 00:00:00+00:00,-35.54333,-72.09444,210.0,open-meteo_ecmwf_ifs,daily,30.981,13.981,26.6,9.072665,3.0658271,47.123905,0.0,27.090131661195766,5.781243061506986
2024-03-01 00:00:00+00:00,-35.54333,-72.09444,210.0,open-meteo_ecmwf_ifs,daily,29.631,14.431,25.46,8.1310005,2.8438094,47.817608,0.0,26.915114369564588,5.518165004551984
2024-03-02 00:00:00+00:00,-35.54333,-72.09444,210.0,open-meteo_ecmwf_ifs,daily,27.381,14.781,26.33,6.245583,5.971172,42.41614,0.0,26.738494140623615,6.898575180085021
2024-03-03 00:00:00+00:00,-35.54333,-72.09444,210.0,open-meteo_ecmwf_ifs,daily,28.381,11.681,26.04,4.22475,4.725423,38.39252,0.0,26.560322104704092,6.289691012333742
2024-03-04 00:00:00+00:00,-35.54333,-72.09444,210.0,open-meteo_ecmwf_ifs,daily,30.631,11.931,25.82,5.9435005,2.8830538,40.50687,0.0,26.380650588143897,5.517347352170858
2024-03-05 00:00:00+00:00,-35.54333,-72.09444,210.0,open-meteo_ecmwf_ifs,daily,31.081001,13.231,25.3,9.097667,2.0149813,49.36324,0.0,26.19953309626043,4.961661536510471
2024-03-06 00:00:00+00:00,-35.54333,-72.09444,210.0,open-meteo_ecmwf_ifs,daily,28.481,13.531,24.63,9.653916,3.1362484,52.64639,0.0,26.017024294187888,5.13858895679772
2024-03-07 00:00:00+00:00,-35.54333,-72.09444,210.0,open-meteo_ecmwf_ifs,daily,25.281,11.681,23.91,7.916416,2.0895092,57.083332,0.0,25.83317998559094,4.263496777621739
2024-03-08 00:00:00+00:00,-35.54333,-72.09444,210.0,open-meteo_ecmwf_ifs,daily,24.881,9.381,21.79,9.228916,2.4032733,66.346695,0.0,25.648057089272577,3.7892066306748973
2024-03-09 00:00:00+00:00,-35.54333,-72.09444,210.0,open-meteo_ecmwf_ifs,daily,26.681002,10.781,24.64,8.428917,3.4765098,63.864376,0.0,25.461713613699835,4.7858234367776555
2024-03-10 00:00:00+00:00,-35.54333,-72.09444,210.0,open-meteo_ecmwf_ifs,daily,27.031,10.831,21.12,7.4643326,2.5848374,52.781845,0.0,25.274208629477535,4.28067150847896
2024-03-11 00:00:00+00:00,-35.54333,-72.09444,210.0,open-meteo_ecmwf_ifs,daily,24.781,10.281,24.32,8.476833,2.1002934,63.14558,0.0,25.08560223980541,4.0382031019695335
2024-03-12 00:00:00+00:00,-35.54333,-72.09444,210.0,open-meteo_ecmwf_ifs,daily,26.131,10.481,21.27,11.208084,1.8088633,72.26139,0.0,24.89595554896018,3.5969364025946624
2024-03-13 00:00:00+00:00,-35.54333,-72.09444,210.0,open-meteo_ecmwf_ifs,daily,24.431002,11.081,23.67,9.368499,2.8855865,65.739944,0.0,24.705330628849456,4.137160394158701
2024-03-14 00:00:00+00:00,-35.54333,-72.09444,210.0,open-meteo_ecmwf_ifs,daily,25.231,11.981,23.78,7.620584,4.8341775,58.538605,0.0,24.51379048369015,5.128616538609465
2024-03-15 00:00:00+00:00,-35.54333,-72.09444,210.0,open-meteo_ecmwf_ifs,daily,25.481,9.281,23.98,4.4309998,4.7514524,47.772034,0.0,24.32139901286885,5.1810864525212
2024-03-16 00:00:00+00:00,-35.54333,-72.09444,210.0,open-meteo_ecmwf_ifs,daily,25.181002,10.631,23.06,6.7185006,4.6089287,53.761917,0.0,24.128220972047284,4.902222643363505
2024-03-17 00:00:00+00:00,-35.54333,-72.09444,210.0,open-meteo_ecmwf_ifs,daily,24.981,9.631,22.15,4.7310004,4.006296,47.51045,0.0,23.934321932580573,4.71548776617191
2024-03-18 00:00:00+00:00,-35.54333,-72.09444,210.0,open-meteo_ecmwf_ifs,daily,25.931002,10.231,21.0,3.5768335,4.0931854,43.192318,0.0,23.739768239320657,4.97778943882492
2024-03-19 00:00:00+00:00,-35.54333,-72.09444,210.0,open-meteo_ecmwf_ifs,daily,25.131,13.181,22.35,3.5830834,2.4858167,38.445084,0.0,23.544626966881964,4.489153787976818
2024-03-20 00:00:00+00:00,-35.54333,-72.09444,210.0,open-meteo_ecmwf_ifs,daily,16.081001,12.331,3.57,11.583083,3.0282257,87.04342,5.5,23.34896587445053,1.2347765747183606
2024-03-21 00:00:00+00:00,-35.54333,-72.09444,210.0,open-meteo_ecmwf_ifs,daily,25.581001,11.481,19.69,13.110166,1.4030396,81.883354,0.0,23.152853359221584,3.138527867449698
2024-03-22 00:00:00+00:00,-35.54333,-72.09444,210.0,open-meteo_ecmwf_ifs,daily,28.431002,12.581,20.49,11.722665,1.5715232,65.21215,0.0,22.956358408554717,3.6092265753618227
2024-03-23 00:00:00+00:00,-35.54333,-72.09444,210.0,open-meteo_ecmwf_ifs,daily,26.781,13.281,19.48,13.320583,1.8290442,70.56909,0.0,22.759550550938787,3.410637545242376
2024-03-24 00:00:00+00:00,-35.54333,-72.09444,210.0,open-meteo_ecmwf_ifs,daily,27.781,13.231,21.16,12.778918,3.7748365,70.66863,0.0,22.562499805862252,4.236391113623273
2024-03-25 00:00:00+00:00,-35.54333,-72.09444,210.0,open-meteo_ecmwf_ifs,daily,27.281,13.031,20.75,11.780999,3.1596708,63.443302,0.0,22.365276632687245,4.063533456789054
2024-03-26 00:00:00+00:00,-35.54333,-72.09444,210.0,open-meteo_ecmwf_ifs,daily,30.081001,15.781,19.32,12.920583,4.215514,61.078625,0.0,22.16795187862848,4.866549586747242
2024-03-27 00:00:00+00:00,-35.54333,-72.09444,210.0,open-meteo_ecmwf_ifs,daily,28.181002,13.881,20.38,12.764333,3.1856554,67.01063,0.0,21.97059672594025,4.096738762946973
2024-03-28 00:00:00+00:00,-35.54333,-72.09444,210.0,open-meteo_ecmwf_ifs,daily,29.881,13.031,20.33,10.760166,2.9688158,57.68366,0.0,21.773282638416905,4.317684737640544
2024-03-29 00:00:00+00:00,-35.54333,-72.09444,210.0,open-meteo_ecmwf_ifs,daily,27.681002,14.131,18.49,11.135166,3.2478895,58.373554,0.0,21.576081307313757,4.099348625124836
2024-03-30 00:00:00+00:00,-35.54333,-72.09444,210.0,open-meteo_ecmwf_ifs,daily,24.631,10.531,20.17,3.7997494,5.41897,43.966106,0.0,21.37906459679683,5.086231597455218
2024-03-31 00:00:00+00:00,-35.54333,-72.09444,210.0,open-meteo_ecmwf_ifs,daily,21.131,11.131,16.64,3.5059998,4.842448,46.03177,0.0,21.18230448903096,4.3100039121901395
2024-04-01 00:00:00+00:00,-35.54333,-72.09444,210.0,open-meteo_ecmwf_ifs,daily,23.131,9.231,19.67,3.2268333,3.3968792,46.74606,0.0,20.985873029016485,3.9724052744688394
2024-04-02 00:00:00+00:00,-35.54333,-72.09444,210.0,open-meteo_ecmwf_ifs,daily,19.831001,10.981,7.38,8.706,2.481183,71.291115,1.7,20.78984226928511,2.0941295288038244
2024-04-03 00:00:00+00:00,-35.54333,-72.09444,210.0,open-meteo_ecmwf_ifs,daily,21.331001,9.781,19.14,9.922666,2.2642097,77.38409,0.1,20.59428421456606,2.7949216474853826
2024-04-04 00:00:00+00:00,-35.54333,-72.09444,210.0,open-meteo_ecmwf_ifs,daily,21.681002,7.981,19.17,6.245584,3.590843,63.47424,0.0,20.39927076653292,3.327976770474901
2024-04-05 00:00:00+00:00,-35.54333,-72.09444,210.0,open-meteo_ecmwf_ifs,daily,24.781,9.781,18.98,7.9747505,3.3600588,62.07282,0.0,20.20487366874169,3.593042920213337
2024-04-06 00:00:00+00:00,-35.54333,-72.09444,210.0,open-meteo_ecmwf_ifs,daily,21.831001,8.731,18.36,8.77475,2.2499497,71.65894,0.0,20.011164451869387,2.743004519747859
2024-04-07 00:00:00+00:00,-35.54333,-72.09444,210.0,open-meteo_ecmwf_ifs,daily,24.431002,10.581,17.7,7.8976665,3.7366886,61.137527,0.0,19.818214379361745,3.6621046362488245
2024-04-08 00:00:00+00:00,-35.54333,-72.09444,210.0,open-meteo_ecmwf_ifs,daily,24.281,10.531,17.76,11.091416,2.364014,72.74581,0.0,19.626094393597146,2.8617969720243774
2024-04-09 00:00:00+00:00,-35.54333,-72.09444,210.0,open-meteo_ecmwf_ifs,daily,22.731,11.881,17.02,8.291416,4.060469,63.94821,0.0,19.434875062672308,3.5829768031570124
2024-04-10 00:00:00+00:00,-35.54333,-72.09444,210.0,open-meteo_ecmwf_ifs,daily,23.331001,5.781,16.62,5.633084,2.1674752,60.02347,0.0,19.2446265279134,2.675455204521661
2024-04-11 00:00:00+00:00,-35.54333,-72.09444,210.0,open-meteo_ecmwf_ifs,daily,19.181002,6.6809998,15.35,7.7789173,1.9627514,75.24204,0.0,19.05541845221408,2.1050248635152227
2024-04-12 00:00:00+00:00,-35.54333,-72.09444,210.0,open-meteo_ecmwf_ifs,daily,20.231,8.531,12.63,9.078916,1.1911863,82.499825,0.3,18.867319969299576,1.862235609065799
2024-04-13 00:00:00+00:00,-35.54333,-72.09444,210.0,open-meteo_ecmwf_ifs,daily,20.731,8.831,14.7,10.176833,1.79647,81.55054,0.0,18.680399634013295,2.0867983535465733
2024-04-14 00:00:00+00:00,-35.54333,-72.09444,210.0,open-meteo_ecmwf_ifs,daily,23.081001,9.531,15.61,9.685166,1.9167725,73.735634,0.0,18.494725373719348,2.4332846156266226
2024-04-15 00:00:00+00:00,-35.54333,-72.09444,210.0,open-meteo_ecmwf_ifs,daily,21.181002,7.9309998,15.81,8.93725,1.7073078,73.75671,0.1,18.310364440911705,2.176800899017458
2024-04-16 00:00:00+00:00,-35.54333,-72.09444,210.0,open-meteo_ecmwf_ifs,daily,21.481,11.381,15.36,10.13725,1.6720394,75.65851,0.0,18.1273833671167,2.3037428156250725
2024-04-17 00:00:00+00:00,-35.54333,-72.09444,210.0,open-meteo_ecmwf_ifs,daily,25.281,9.531,16.08,9.041415,2.4404993,70.08441,0.0,17.945847918172586,2.80969279405009
2024-04-18 00:00:00+00:00,-35.54333,-72.09444,210.0,open-meteo_ecmwf_ifs,daily,27.481,10.981,14.67,8.7935,2.3653991,60.433197,0.0,17.765823050965853,3.0102319276947997
2024-04-19 00:00:00+00:00,-35.54333,-72.09444,210.0,open-meteo_ecmwf_ifs,daily,19.181002,12.281,12.01,9.408083,3.2333696,69.633934,0.0,17.58737287169982,2.3958427602124077
2024-04-20 00:00:00+00:00,-35.54333,-72.09444,210.0,open-meteo_ecmwf_ifs,daily,17.181002,10.281,8.96,6.2330823,3.1516535,63.146717,0.0,17.41056059576737,2.231360643344309
2024-04-21 00:00:00+00:00,-35.54333,-72.09444,210.0,open-meteo_ecmwf_ifs,daily,17.081001,9.281,9.37,7.174751,3.0125563,68.98387,0.2,17.23544850929477,1.9677596904065606
2024-04-22 00:00:00+00:00,-35.54333,-72.09444,210.0,open-meteo_ecmwf_ifs,daily,17.731,11.531,11.72,9.183082,4.014649,74.24952,6.8,17.062097932419512,2.2687864879486646
2024-04-23 00:00:00+00:00,-35.54333,-72.09444,210.0,open-meteo_ecmwf_ifs,daily,18.581001,6.231,15.61,5.195583,2.7249596,69.65063,0.0,16.890569184360047,2.248444111783807
2024-04-24 00:00:00+00:00,-35.54333,-72.09444,210.0,open-meteo_ecmwf_ifs,daily,19.331001,7.231,15.45,3.3893328,1.6624832,58.181644,0.0,16.720921550330775,2.1439916007510003
2024-04-25 00:00:00+00:00,-35.54333,-72.09444,210.0,open-meteo_ecmwf_ifs,daily,19.631,8.681,12.72,8.145583,1.9636751,73.94805,2.7,16.553213250350527,1.9097201623345557
2024-04-26 00:00:00+00:00,-35.54333,-72.09444,210.0,open-meteo_ecmwf_ifs,daily,17.581001,9.431,11.78,9.445584,1.7558128,82.40315,0.1,16.3875014099877,1.5991934852863154
2024-04-27 00:00:00+00:00,-35.54333,-72.09444,210.0,open-meteo_ecmwf_ifs,daily,16.381,4.031,14.69,3.49975,2.7292717,66.06515,0.0,16.223842033080185,1.939739269249803
2024-04-28 00:00:00+00:00,-35.54333,-72.09444,210.0,open-meteo_ecmwf_ifs,daily,15.781,4.9309998,12.26,4.0768332,2.3975294,70.90307,0.0,16.062289976462637,1.739834835858798
2024-04-29 00:00:00+00:00,-35.54333,-72.09444,210.0,open-meteo_ecmwf_ifs,daily,12.131,4.731,2.1,7.831,5.2714067,90.886696,22.0,15.902898926728506,0.5149324621757067
2024-04-30 00:00:00+00:00,-35.54333,-72.09444,210.0,open-meteo_ecmwf_ifs,daily,13.781,8.331,7.82,8.053916,2.7758725,82.60217,1.3000002,15.745721379048604,1.2414256067759704
2024-05-01 00:00:00+00:00,-35.54333,-72.09444,210.0,open-meteo_ecmwf_ifs,daily,12.581,7.531,11.16,6.408083,2.433956,81.02443,3.1999996,15.59080861806249,1.3739622805600198
2024-05-02 00:00:00+00:00,-35.54333,-72.09444,210.0,open-meteo_ecmwf_ifs,daily,13.531,2.781,11.67,1.4476666,3.1750891,69.486,0.0,15.438210700853249,1.7332194488620183
2024-05-03 00:00:00+00:00,-35.54333,-72.09444,210.0,open-meteo_ecmwf_ifs,daily,12.381,3.681,7.2,3.4851663,2.043405,76.52518,0.0,15.287976442010654,1.17007819723401
2024-05-04 00:00:00+00:00,-35.54333,-72.09444,210.0,open-meteo_ecmwf_ifs,daily,13.331,9.131,3.77,8.795584,3.8248215,86.76678,39.2,15.140153400781884,1.0422129644063836
2024-05-05 00:00:00+00:00,-35.54333,-72.09444,210.0,open-meteo_ecmwf_ifs,daily,15.281,5.331,10.28,7.9185004,1.4497623,87.40109,0.1,14.994787870303304,1.098723871299226
2024-05-06 00:00:00+00:00,-35.54333,-72.09444,210.0,open-meteo_ecmwf_ifs,daily,13.831,3.531,12.26,5.3122497,2.940306,80.32863,0.0,14.851924868900882,1.2953604023843333
2024-05-07 00:00:00+00:00,-35.54333,-72.09444,210.0,open-meteo_ecmwf_ifs,daily,10.681,7.581,2.88,6.885166,3.9704523,86.93293,34.599995,14.711608133441217,0.9039844952790175
2024-05-08 00:00:00+00:00,-35.54333,-72.09444,210.0,open-meteo_ecmwf_ifs,daily,12.331,2.8309999,11.36,4.0914164,2.6326191,86.69018,0.0,14.573880114709212,1.1846407713152625
2024-05-09 00:00:00+00:00,-35.54333,-72.09444,210.0,open-meteo_ecmwf_ifs,daily,13.681,4.381,9.13,3.0789165,3.397732,71.979,0.0,14.438781974782756,1.6064059788957787
2024-05-10 00:00:00+00:00,-35.54333,-72.09444,210.0,open-meteo_ecmwf_ifs,daily,14.331,5.6809998,9.31,6.235167,1.6365033,84.307,0.0,14.306353586368965,1.128023038100904
2024-05-11 00:00:00+00:00,-35.54333,-72.09444,210.0,open-meteo_ecmwf_ifs,daily,13.531,4.731,10.58,4.9976664,1.3513201,79.82485,0.8000001,14.176633534060958,1.1029454220171895
2024-05-12 00:00:00+00:00,-35.54333,-72.09444,210.0,open-meteo_ecmwf_ifs,daily,12.281,2.731,11.05,4.4289165,2.305668,86.62995,0.0,14.04965911746838,1.0596126389815432
2024-05-13 00:00:00+00:00,-35.54333,-72.09444,210.0,open-meteo_ecmwf_ifs,daily,13.181,2.731,12.18,4.245583,2.5724285,84.20474,0.0,13.925466356169492,1.1881203492229995
2024-05-14 00:00:00+00:00,-35.54333,-72.09444,210.0,open-meteo_ecmwf_ifs,daily,13.781,1.281,12.41,2.5414166,1.5760587,80.05135,0.0,13.804089996427036,1.1324673098321936
2024-05-15 00:00:00+00:00,-35.54333,-72.09444,210.0,open-meteo_ecmwf_ifs,daily,12.731,0.381,9.44,3.8372505,1.9423441,88.68348,1.1,13.685563519604928,0.8939267371564279
2024-05-16 00:00:00+00:00,-35.54333,-72.09444,210.0,open-meteo_ecmwf_ifs,daily,13.781,3.381,10.88,5.956001,1.7786951,86.01678,0.4,13.56991915221751,0.9735408560123228
2024-05-17 00:00:00+00:00,-35.54333,-72.09444,210.0,open-meteo_ecmwf_ifs,daily,13.781,2.681,11.32,4.797666,1.713893,83.57476,0.0,13.457187877538034,1.0188217239175275
2024-05-18 00:00:00+00:00,-35.54333,-72.09444,210.0,open-meteo_ecmwf_ifs,daily,15.131,3.231,11.39,4.6935,1.5272813,82.350746,0.0,13.347399448688291,1.093750423657404
2024-05-19 00:00:00+00:00,-35.54333,-72.09444,210.0,open-meteo_ecmwf_ifs,daily,15.231,4.9309998,9.9,4.745583,1.0113419,75.693184,0.0,13.240582403126528,1.0215379417921922
2024-05-20 00:00:00+00:00,-35.54333,-72.09444,210.0,open-meteo_ecmwf_ifs,daily,12.531,8.181,3.47,7.256,1.5042163,84.52409,21.599998,13.136764078446301,0.8351618338643764
2024-05-21 00:00:00+00:00,-35.54333,-72.09444,210.0,open-meteo_ecmwf_ifs,daily,13.331,4.781,11.15,6.34975,2.3299448,88.14066,0.0,13.035970629394805,0.9980501521392389
2024-05-22 00:00:00+00:00,-35.54333,-72.09444,210.0,open-meteo_ecmwf_ifs,daily,8.531,5.281,2.95,4.7955832,1.7358904,87.0326,0.1,12.938227046015163,0.6621724225859404
2024-05-23 00:00:00+00:00,-35.54333,-72.09444,210.0,open-meteo_ecmwf_ifs,daily,12.381,2.681,9.77,4.583083,1.3621305,87.15408,0.90000004,12.8435571728134,0.8332007495939898
2024-05-24 00:00:00+00:00,-35.54333,-72.09444,210.0,open-meteo_ecmwf_ifs,daily,12.681,2.631,8.83,4.4372506,2.0999777,90.225044,0.0,12.751983728847728,0.9126065358012346
2024-05-25 00:00:00+00:00,-35.54333,-72.09444,210.0,open-meteo_ecmwf_ifs,daily,12.731,6.781,5.22,6.0184994,2.2945707,82.30869,0.0,12.663528328634294,1.007851095355657
2024-05-26 00:00:00+00:00,-35.54333,-72.09444,210.0,open-meteo_ecmwf_ifs,daily,12.881,5.731,6.93,7.528917,2.4976199,90.070854,6.299999,12.57821150376125,0.7822665744607625
2024-05-27 00:00:00+00:00,-35.54333,-72.09444,210.0,open-meteo_ecmwf_ifs,daily,12.881,5.081,5.88,7.6310005,1.0948259,95.12292,0.0,12.496052725100409,0.6512448966702022
2024-05-28 00:00:00+00:00,-35.54333,-72.09444,210.0,open-meteo_ecmwf_ifs,daily,14.181,5.031,6.05,7.5539165,1.7540003,89.280235,0.0,12.417070425503901,0.7578460782014099
2024-05-29 00:00:00+00:00,-35.54333,-72.09444,210.0,open-meteo_ecmwf_ifs,daily,16.781,9.031,6.17,10.24975,1.5614351,90.18793,3.6999998,12.341282022871779,0.8924286705497643
2024-05-30 00:00:00+00:00,-35.54333,-72.09444,210.0,open-meteo_ecmwf_ifs,daily,15.531,10.681,3.59,11.785165,1.1814829,93.9058,0.1,12.268703943475336,0.6716476757616106
2024-05-31 00:00:00+00:00,-35.54333,-72.09444,210.0,open-meteo_ecmwf_ifs,daily,16.181,8.731,6.05,10.320584,1.355956,95.049706,2.2,12.199351645420318,0.7990071144627943
2024-06-01 00:00:00+00:00,-35.54333,-72.09444,210.0,open-meteo_ecmwf_ifs,daily,13.781,9.131,4.77,10.320583,1.9882947,92.94284,5.2000003,12.133239642134072,0.6669441436696559
2024-06-02 00:00:00+00:00,-35.54333,-72.09444,210.0,open-meteo_ecmwf_ifs,daily,11.081,4.831,4.57,3.7018335,3.284589,78.52335,0.0,12.070381525760919,1.1078574159295176
2024-06-03 00:00:00+00:00,-35.54333,-72.09444,210.0,open-meteo_ecmwf_ifs,daily,12.181,4.181,2.71,4.185166,1.4742702,74.79835,1.0,12.01078999035094,0.8077297515489937
2024-06-04 00:00:00+00:00,-35.54333,-72.09444,210.0,open-meteo_ecmwf_ifs,daily,13.931,5.731,5.25,6.3872495,1.5907129,82.881165,0.8,11.95447685472855,0.8397890408873838
2024-06-05 00:00:00+00:00,-35.54333,-72.09444,210.0,open-meteo_ecmwf_ifs,daily,12.931,9.731,1.93,8.331,3.5507338,81.64152,17.8,11.901453084929246,1.0217133790215618
2024-06-06 00:00:00+00:00,-35.54333,-72.09444,210.0,open-meteo_ecmwf_ifs,daily,15.581,12.931,2.63,13.44975,3.5213745,97.068535,5.2999997,11.851728816095008,0.6264881532915393
2024-06-07 00:00:00+00:00,-35.54333,-72.09444,210.0,open-meteo_ecmwf_ifs,daily,16.981,12.281,6.02,13.056,0.7543173,97.23453,0.0,11.805313373721994,0.742768632423942
2024-06-08 00:00:00+00:00,-35.54333,-72.09444,210.0,open-meteo_ecmwf_ifs,daily,13.531,10.331,1.52,11.489333,4.300778,97.43698,21.7,11.762215294157109,0.4728722630326886
2024-06-09 00:00:00+00:00,-35.54333,-72.09444,210.0,open-meteo_ecmwf_ifs,daily,13.181,9.831,3.73,10.2039175,4.712361,93.10114,15.300001,11.722442344244419,0.7280169321637543
2024-06-10 00:00:00+00:00,-35.54333,-72.09444,210.0,open-meteo_ecmwf_ifs,daily,14.531,8.481,3.45,8.876832,3.4716976,84.66967,0.8,11.68600154002618,0.9582207954216999
2024-06-11 00:00:00+00:00,-35.54333,-72.09444,210.0,open-meteo_ecmwf_ifs,daily,13.731,10.781,2.26,10.314334,4.36702,87.048836,14.2,11.652899164408577,0.8750213639556533
2024-06-12 00:00:00+00:00,-35.54333,-72.09444,210.0,open-meteo_ecmwf_ifs,daily,14.681,10.731,2.51,10.414333,6.303223,89.19866,19.5,11.623140783707235,1.0901020535181867
2024-06-13 00:00:00+00:00,-35.54333,-72.09444,210.0,open-meteo_ecmwf_ifs,daily,12.681,10.781,2.46,11.031001,7.1611686,95.22622,33.699993,11.596731262993424,0.5554397891711812
2024-06-14 00:00:00+00:00,-35.54333,-72.09444,210.0,open-meteo_ecmwf_ifs,daily,12.581,9.081,3.79,9.531,4.274971,93.08655,11.499999,11.573674780168094,0.6956929802395364
2024-06-15 00:00:00+00:00,-35.54333,-72.09444,210.0,open-meteo_ecmwf_ifs,daily,14.381,8.681,6.52,9.416416,2.1881096,90.49011,4.1,11.553974838697263,0.7992774122064429
2024-06-16 00:00:00+00:00,-35.54333,-72.09444,210.0,open-meteo_ecmwf_ifs,daily,13.981,5.9309998,8.48,7.4309998,1.376604,90.44933,0.0,11.537634278949328,0.7372078114080962
2024-06-17 00:00:00+00:00,-35.54333,-72.09444,210.0,open-meteo_ecmwf_ifs,daily,11.881,4.281,2.26,6.8914165,3.8762054,93.87034,20.0,11.52465528808195,0.5848447533307284
2024-06-18 00:00:00+00:00,-35.54333,-72.09444,210.0,open-meteo_ecmwf_ifs,daily,10.881,8.781,2.4,8.835166,3.1433563,92.52411,15.400001,11.515039408433795,0.5700296815743062
2024-06-19 00:00:00+00:00,-35.54333,-72.09444,210.0,open-meteo_ecmwf_ifs,daily,13.331,5.731,6.17,6.839333,1.7990946,92.026955,0.2,11.508787544383997,0.7646797007355212
2024-06-20 00:00:00+00:00,-35.54333,-72.09444,210.0,open-meteo_ecmwf_ifs,daily,11.281,9.431,0.75,8.6185,6.1058364,89.573875,38.3,11.50589996765029,0.8208715644664482
2024-06-21 00:00:00+00:00,-35.54333,-72.09444,210.0,open-meteo_ecmwf_ifs,daily,11.331,7.631,4.35,7.7622504,5.588926,88.927795,28.900005,11.506376321004735,0.7999009598047208
2024-06-22 00:00:00+00:00,-35.54333,-72.09444,210.0,open-meteo_ecmwf_ifs,daily,10.631,5.781,8.44,6.3164163,3.402321,85.078224,6.0999994,11.510215620394195,0.744064646593655
2024-06-23 00:00:00+00:00,-35.54333,-72.09444,210.0,open-meteo_ecmwf_ifs,daily,10.681,3.031,7.96,3.9643335,1.4063827,89.07304,0.4,11.517416255461043,0.673425799251552
2024-06-24 00:00:00+00:00,-35.54333,-72.09444,210.0,open-meteo_ecmwf_ifs,daily,9.881,0.88100004,10.56,2.06225,2.4761388,84.32017,0.0,11.527975988467691,0.7808893023880045
2024-06-25 00:00:00+00:00,-35.54333,-72.09444,210.0,open-meteo_ecmwf_ifs,daily,10.881,-1.019,10.53,0.80391663,1.6715132,79.77916,0.0,11.54189195163699,0.7355361759954497
2024-06-26 00:00:00+00:00,-35.54333,-72.09444,210.0,open-meteo_ecmwf_ifs,daily,13.181,1.431,8.76,2.9851668,1.3815818,75.06754,0.0,11.559160642928422,0.7751384468215984
2024-06-27 00:00:00+00:00,-35.54333,-72.09444,210.0,open-meteo_ecmwf_ifs,daily,12.081,4.881,2.39,7.3205833,1.818009,93.919014,0.90000004,11.579777920278394,0.5484538454043992
2024-06-28 00:00:00+00:00,-35.54333,-72.09444,210.0,open-meteo_ecmwf_ifs,daily,10.881,3.5809999,10.89,3.3351667,4.9277425,79.84172,0.0,11.60373899434037,1.1719125675986015
2024-06-29 00:00:00+00:00,-35.54333,-72.09444,210.0,open-meteo_ecmwf_ifs,daily,14.481,4.131,10.23,0.4435,3.214407,61.624348,0.0,11.631038419768629,1.6801137014805934
2024-06-30 00:00:00+00:00,-35.54333,-72.09444,210.0,open-meteo_ecmwf_ifs,daily,11.431,0.231,10.53,1.306,2.10624,72.15891,0.0,11.661670085096533,0.8731905070398415
2024-07-01 00:00:00+00:00,-35.54333,-72.09444,210.0,open-meteo_ecmwf_ifs,daily,14.631,3.431,8.05,6.422667,1.5782609,93.49719,0.0,11.695627201267309,0.7479770360400091
2024-07-02 00:00:00+00:00,-35.54333,-72.09444,210.0,open-meteo_ecmwf_ifs,daily,13.731,3.731,5.51,6.726834,1.7830601,94.792816,0.2,11.732902288882276,0.6825363826627492
2024-07-03 00:00:00+00:00,-35.54333,-72.09444,210.0,open-meteo_ecmwf_ifs,daily,11.481,4.231,9.85,4.458083,3.4102752,82.593864,0.0,11.773487164237569,0.996048987229592
2024-07-04 00:00:00+00:00,-35.54333,-72.09444,210.0,open-meteo_ecmwf_ifs,daily,10.281,3.431,11.27,1.2205833,5.9903474,72.30392,0.0,11.817372924226586,1.5870519169721993
2024-07-05 00:00:00+00:00,-35.54333,-72.09444,210.0,open-meteo_ecmwf_ifs,daily,10.231,0.63100004,11.3,-1.0627502,5.6840367,68.905235,0.0,11.864549930190831,1.6018629943959664
2024-07-06 00:00:00+00:00,-35.54333,-72.09444,210.0,open-meteo_ecmwf_ifs,daily,10.181,2.131,10.94,0.33100006,4.681041,71.28979,0.0,11.91500779080697,1.4295594050438294
2024-07-07 00:00:00+00:00,-35.54333,-72.09444,210.0,open-meteo_ecmwf_ifs,daily,11.131,2.481,11.28,2.8643332,3.8815782,80.89539,0.0,11.9687353441026,1.099080724842798
2024-07-08 00:00:00+00:00,-35.54333,-72.09444,210.0,open-meteo_ecmwf_ifs,daily,10.381,0.081,11.45,1.1955832,2.8007362,82.41775,0.0,12.025720638697228,0.9370168426834685
2024-07-09 00:00:00+00:00,-35.54333,-72.09444,210.0,open-meteo_ecmwf_ifs,daily,7.881,0.88100004,8.13,1.1476666,2.6370602,86.47051,0.0,12.08595091436888,0.7960241177892919
2024-07-10 00:00:00+00:00,-35.54333,-72.09444,210.0,open-meteo_ecmwf_ifs,daily,8.3810005,-1.269,10.12,0.73725003,1.7280111,86.59552,0.0,12.14941258204961,0.6749963880886317
2024-07-11 00:00:00+00:00,-35.54333,-72.09444,210.0,open-meteo_ecmwf_ifs,daily,8.431,-1.069,9.51,1.2122501,1.75241,89.71548,0.0,12.216091203356125,0.65591482161065
2024-07-12 00:00:00+00:00,-35.54333,-72.09444,210.0,open-meteo_ecmwf_ifs,daily,12.431,-0.41899997,11.26,1.2893335,1.7222589,84.90688,0.0,12.28597146976359,0.9017030885619435
2024-07-13 00:00:00+00:00,-35.54333,-72.09444,210.0,open-meteo_ecmwf_ifs,daily,11.631,1.481,9.21,4.381,1.4399649,92.447815,0.0,12.359037181532612,0.7051506066949679
2024-07-14 00:00:00+00:00,-35.54333,-72.09444,210.0,open-meteo_ecmwf_ifs,daily,9.031,2.331,7.7,4.1101665,1.2838694,94.91492,0.0,12.435271226500248,0.619368181918134
2024-07-15 00:00:00+00:00,-35.54333,-72.09444,210.0,open-meteo_ecmwf_ifs,daily,8.231,2.631,6.16,4.006,1.631724,94.558716,0.0,12.514655558846759,0.594385777406397
2024-07-16 00:00:00+00:00,-35.54333,-72.09444,210.0,open-meteo_ecmwf_ifs,daily,15.131,2.731,11.75,5.3455834,2.321945,88.65093,0.0,12.597171177949795,1.0487572200335549
2024-07-17 00:00:00+00:00,-35.54333,-72.09444,210.0,open-meteo_ecmwf_ifs,daily,12.431,3.631,7.71,4.926833,1.6051925,85.30983,0.0,12.682798107437494,0.8398988826334216
2024-07-18 00:00:00+00:00,-35.54333,-72.09444,210.0,open-meteo_ecmwf_ifs,daily,12.531,8.1310005,9.58,7.7226663,3.5791063,86.17118,0.0,12.771515374551324,1.0730476820216517
2024-07-19 00:00:00+00:00,-35.54333,-72.09444,210.0,open-meteo_ecmwf_ifs,daily,10.781,2.531,9.39,0.86016655,4.353244,69.22484,0.0,12.863300989927865,1.4838691613832378
2024-07-20 00:00:00+00:00,-35.54333,-72.09444,210.0,open-meteo_ecmwf_ifs,daily,10.931,0.431,11.97,1.9205834,1.9330373,81.13047,0.0,12.958131927907768,0.9310501591391113
2024-07-21 00:00:00+00:00,-35.54333,-72.09444,210.0,open-meteo_ecmwf_ifs,daily,12.981,1.631,11.11,3.9893334,1.233084,86.28918,0.0,13.055984107477514,0.8762341468051292
2024-07-22 00:00:00+00:00,-35.54333,-72.09444,210.0,open-meteo_ecmwf_ifs,daily,13.381,2.8309999,10.25,6.2185,1.2214966,94.51041,0.0,13.156832373947514,0.815398326306553
2024-07-23 00:00:00+00:00,-35.54333,-72.09444,210.0,open-meteo_ecmwf_ifs,daily,12.581,2.781,5.1,6.3726673,2.3276904,91.44276,0.5,13.260650481467414,0.6650316795036515
2024-07-24 00:00:00+00:00,-35.54333,-72.09444,210.0,open-meteo_ecmwf_ifs,daily,15.981,4.6809998,10.78,7.891417,1.2358711,87.962425,0.0,13.367411076476118,0.962953410419696
2024-07-25 00:00:00+00:00,-35.54333,-72.09444,210.0,open-meteo_ecmwf_ifs,daily,12.981,3.631,6.75,6.631,1.619606,92.059906,1.9,13.47708568218097,0.7562853842119629
2024-07-26 00:00:00+00:00,-35.54333,-72.09444,210.0,open-meteo_ecmwf_ifs,daily,11.031,3.231,12.75,5.381,3.1387331,85.87211,0.0,13.589644684156724,0.9160915379252451
2024-07-27 00:00:00+00:00,-35.54333,-72.09444,210.0,open-meteo_ecmwf_ifs,daily,12.431,2.781,12.92,1.0705832,5.9688087,68.70916,0.0,13.705057317151052,1.9665182202895275
2024-07-28 00:00:00+00:00,-35.54333,-72.09444,210.0,open-meteo_ecmwf_ifs,daily,11.131,1.031,13.34,-0.04816686,5.832188,67.76595,0.0,13.823291653179197,1.7743012039568045
2024-07-29 00:00:00+00:00,-35.54333,-72.09444,210.0,open-meteo_ecmwf_ifs,daily,14.581,1.031,12.77,1.1914166,2.4166908,67.760506,0.0,13.944314590985998,1.4497062251070383
2024-07-30 00:00:00+00:00,-35.54333,-72.09444,210.0,open-meteo_ecmwf_ifs,daily,13.981,5.581,5.04,3.831,1.8268241,68.18923,0.0,14.068091846949022,1.2107039565644748
2024-07-31 00:00:00+00:00,-35.54333,-72.09444,210.0,open-meteo_ecmwf_ifs,daily,11.181,7.981,2.4,8.476834,4.843297,94.15978,0.6,14.19458794749178,0.6594139727514257
2024-08-01 00:00:00+00:00,-35.54333,-72.09444,210.0,open-meteo_ecmwf_ifs,daily,11.381,9.881,1.18,8.926834,8.300694,90.34863,69.600006,14.323766223071045,0.9015006367975623
2024-08-02 00:00:00+00:00,-35.54333,-72.09444,210.0,open-meteo_ecmwf_ifs,daily,11.281,9.331,4.73,9.133083,6.3139553,91.60137,37.1,14.455588803797536,0.7815275449012347
2024-08-03 00:00:00+00:00,-35.54333,-72.09444,210.0,open-meteo_ecmwf_ifs,daily,13.831,7.4309998,10.55,7.5435004,3.4021044,85.91346,3.5999994,14.59001661674371,1.317262738925383
2024-08-04 00:00:00+00:00,-35.54333,-72.09444,210.0,open-meteo_ecmwf_ifs,daily,11.881,5.9309998,7.06,6.3580837,2.81611,87.20303,5.1,14.727009384987745,1.0144738304328906
2024-08-05 00:00:00+00:00,-35.54333,-72.09444,210.0,open-meteo_ecmwf_ifs,daily,11.531,6.231,6.5,6.8955827,3.6639652,86.73401,25.500004,14.866525628436978,0.9472215097964414
2024-08-06 00:00:00+00:00,-35.54333,-72.09444,210.0,open-meteo_ecmwf_ifs,daily,9.981,2.031,9.33,4.158083,1.5036383,89.12591,2.1,15.008522666469,0.8654958218263793
2024-08-07 00:00:00+00:00,-35.54333,-72.09444,210.0,open-meteo_ecmwf_ifs,daily,10.531,1.8310001,14.21,2.6622498,2.8814905,85.849724,0.0,15.152956622423318,1.261160649250765
2024-08-08 00:00:00+00:00,-35.54333,-72.09444,210.0,open-meteo_ecmwf_ifs,daily,12.431,-0.46899998,14.61,2.131,2.304937,82.78585,0.0,15.299782429970788,1.2648087179195548
2024-08-09 00:00:00+00:00,-35.54333,-72.09444,210.0,open-meteo_ecmwf_ifs,daily,13.831,1.381,11.92,2.7080834,2.446905,77.64208,0.0,15.448953841382767,1.3977882371088495
2024-08-10 00:00:00+00:00,-35.54333,-72.09444,210.0,open-meteo_ecmwf_ifs,daily,16.131,3.881,12.59,6.2726665,2.7252724,84.0856,0.0,15.60042343771656,1.4635772827293183
2024-08-11 00:00:00+00:00,-35.54333,-72.09444,210.0,open-meteo_ecmwf_ifs,daily,16.131,5.131,14.46,5.1685004,4.255361,75.482155,0.0,15.754142640928102,2.0087440994864063
2024-08-12 00:00:00+00:00,-35.54333,-72.09444,210.0,open-meteo_ecmwf_ifs,daily,17.481,5.1809998,14.3,6.0101666,3.1545436,72.9047,0.0,15.91006172791757,1.8924966985471599
2024-08-13 00:00:00+00:00,-35.54333,-72.09444,210.0,open-meteo_ecmwf_ifs,daily,17.781,5.4309998,12.91,5.9289165,1.8224667,69.97349,0.0,16.06812984650826,1.6646970104871772
2024-08-14 00:00:00+00:00,-35.54333,-72.09444,210.0,open-meteo_ecmwf_ifs,daily,14.481,7.4309998,7.19,8.399751,1.8529965,90.86014,0.0,16.22829503335349,1.098577974293147
2024-08-15 00:00:00+00:00,-35.54333,-72.09444,210.0,open-meteo_ecmwf_ifs,daily,14.381,4.431,15.73,5.2205825,3.0503957,78.00109,0.0,16.390504233761373,1.6990448363615127
2024-08-16 00:00:00+00:00,-35.54333,-72.09444,210.0,open-meteo_ecmwf_ifs,daily,12.431,3.3309999,12.5,3.8664162,3.3376062,81.06757,0.0,16.554703323421677,1.4978558790952707
2024-08-17 00:00:00+00:00,-35.54333,-72.09444,210.0,open-meteo_ecmwf_ifs,daily,12.681,4.031,15.07,2.5059998,5.215389,70.1722,0.0,16.720837132014257,2.0895745125027543
2024-08-18 00:00:00+00:00,-35.54333,-72.09444,210.0,open-meteo_ecmwf_ifs,daily,10.781,3.231,10.86,1.7893332,3.7804892,71.15612,0.0,16.88884946867303,1.618718590790279
2024-08-19 00:00:00+00:00,-35.54333,-72.09444,210.0,open-meteo_ecmwf_ifs,daily,12.131,2.431,13.36,2.2164164,1.8629149,76.2569,0.0,17.058683149274795,1.4829765187388932
2024-08-20 00:00:00+00:00,-35.54333,-72.09444,210.0,open-meteo_ecmwf_ifs,daily,12.181,1.481,14.63,1.2039167,1.6771933,74.21688,0.0,17.230280025517267,1.5326007279957148
2024-08-21 00:00:00+00:00,-35.54333,-72.09444,210.0,open-meteo_ecmwf_ifs,daily,8.281,1.681,7.0,2.6435,3.3843575,87.90118,15.700001,17.403581015745665,0.951000774380017
2024-08-22 00:00:00+00:00,-35.54333,-72.09444,210.0,open-meteo_ecmwf_ifs,daily,10.531,3.981,10.9,4.4685006,3.2554562,87.57126,15.600001,17.578526137482896,1.274376555299147
2024-08-23 00:00:00+00:00,-35.54333,-72.09444,210.0,open-meteo_ecmwf_ifs,daily,10.031,4.481,6.62,5.2664165,1.5329539,89.98077,12.800001,17.75505454161349,0.9267313462614131
2024-08-24 00:00:00+00:00,-35.54333,-72.09444,210.0,open-meteo_ecmwf_ifs,daily,14.631,2.481,17.25,3.920583,2.833397,81.21445,0.0,17.933104548167226,1.8633435649090833
2024-08-25 00:00:00+00:00,-35.54333,-72.09444,210.0,open-meteo_ecmwf_ifs,daily,17.081001,2.931,15.71,3.9497497,1.7951969,73.65772,0.0,18.11261368364402,1.8923706184495486
2024-08-26 00:00:00+00:00,-35.54333,-72.09444,210.0,open-meteo_ecmwf_ifs,daily,14.181,5.981,6.93,6.058083,1.937892,79.95159,0.3,18.29351871981759,1.296638997713948
2024-08-27 00:00:00+00:00,-35.54333,-72.09444,210.0,open-meteo_ecmwf_ifs,daily,15.281,4.081,16.59,5.3143334,3.3976905,79.34542,0.0,18.475755713951184,1.968952640658843
2024-08-28 00:00:00+00:00,-35.54333,-72.09444,210.0,open-meteo_ecmwf_ifs,daily,13.531,2.231,15.6,4.860167,2.0367837,83.41261,0.0,18.659260050355414,1.5754006091603754
2024-08-29 00:00:00+00:00,-35.54333,-72.09444,210.0,open-meteo_ecmwf_ifs,daily,14.781,3.881,11.31,6.735166,1.8702413,88.24384,0.0,18.843966483213713,1.3816732473555622
2024-08-30 00:00:00+00:00,-35.54333,-72.09444,210.0,open-meteo_ecmwf_ifs,daily,14.531,5.081,10.47,6.2601666,1.8349833,80.8735,0.3,19.02980918059847,1.4556142280154003
2024-08-31 00:00:00+00:00,-35.54333,-72.09444,210.0,open-meteo_ecmwf_ifs,daily,17.981,3.8309999,17.58,6.810167,2.071259,83.37919,0.0,19.21672176959681,2.028328940922722
2024-09-01 00:00:00+00:00,-35.54333,-72.09444,210.0,open-meteo_ecmwf_ifs,daily,18.981,7.331,16.25,8.070582,1.6645788,80.39681,0.0,19.404637382462262,2.1530619735585224
2024-09-02 00:00:00+00:00,-35.54333,-72.09444,210.0,open-meteo_ecmwf_ifs,daily,12.831,5.981,10.47,5.78725,3.2036831,78.958885,1.3000001,19.59348870370589,1.5782427002736799
2024-09-03 00:00:00+00:00,-35.54333,-72.09444,210.0,open-meteo_ecmwf_ifs,daily,13.581,2.781,17.56,4.5539165,3.333869,81.626305,0.0,19.783208018037218,1.880977579386113
2024-09-04 00:00:00+00:00,-35.54333,-72.09444,210.0,open-meteo_ecmwf_ifs,daily,15.481,4.381,19.17,5.1226664,3.8436193,80.36207,0.0,19.97372725906345,2.317512287233715
2024-09-05 00:00:00+00:00,-35.54333,-72.09444,210.0,open-meteo_ecmwf_ifs,daily,15.831,2.931,15.94,5.1268334,2.3329554,76.94934,0.0,20.16497805865303,1.9251865586252386
2024-09-06 00:00:00+00:00,-35.54333,-72.09444,210.0,open-meteo_ecmwf_ifs,daily,15.181,4.081,12.96,6.7268333,1.8511053,85.110886,0.0,20.35689179686736,1.6040403693291436
2024-09-07 00:00:00+00:00,-35.54333,-72.09444,210.0,open-meteo_ecmwf_ifs,daily,13.981,5.581,17.95,5.7497497,2.5970542,80.38285,0.0,20.54939965236335,2.092653112243339
2024-09-08 00:00:00+00:00,-35.54333,-72.09444,210.0,open-meteo_ecmwf_ifs,daily,14.181,4.031,16.57,5.0164165,2.8656597,78.21078,0.0,20.742432653167263,1.9938403529245545
2024-09-09 00:00:00+00:00,-35.54333,-72.09444,210.0,open-meteo_ecmwf_ifs,daily,18.881,4.9309998,18.07,5.7039165,1.7844437,73.32694,0.0,20.93592172771996,2.398364407151461
2024-09-10 00:00:00+00:00,-35.54333,-72.09444,210.0,open-meteo_ecmwf_ifs,daily,15.181,9.131,13.26,6.001833,2.2627814,70.44473,0.1,21.12979775609176,2.1942403984511842
2024-09-11 00:00:00+00:00,-35.54333,-72.09444,210.0,open-meteo_ecmwf_ifs,daily,14.981,3.931,20.58,4.4726667,3.7137976,74.30959,0.0,21.32399162126505,2.454551777071484
2024-09-12 00:00:00+00:00,-35.54333,-72.09444,210.0,open-meteo_ecmwf_ifs,daily,14.931,1.8310001,20.4,2.8914173,3.2032964,71.173775,0.0,21.518434260382374,2.38762061414764
2024-09-13 00:00:00+00:00,-35.54333,-72.09444,210.0,open-meteo_ecmwf_ifs,daily,15.381,3.431,20.57,5.1101665,3.3340743,78.718,0.0,21.713056715856975,2.357295710613343
2024-09-14 00:00:00+00:00,-35.54333,-72.09444,210.0,open-meteo_ecmwf_ifs,daily,20.031,5.281,21.23,4.728916,4.6353188,65.570045,0.0,21.907790186243645,3.4181958702868283
2024-09-15 00:00:00+00:00,-35.54333,-72.09444,210.0,open-meteo_ecmwf_ifs,daily,18.981,5.1809998,21.64,4.881,4.531267,63.39886,0.0,22.102566076767665,3.2563210878933107
2024-09-16 00:00:00+00:00,-35.54333,-72.09444,210.0,open-meteo_ecmwf_ifs,daily,20.581001,6.831,16.45,4.551833,4.3128242,59.21815,0.0,22.297316049410306,3.415429483386945
2024-09-17 00:00:00+00:00,-35.54333,-72.09444,210.0,open-meteo_ecmwf_ifs,daily,17.931002,5.4309998,18.77,6.0434995,2.260553,67.87549,0.0,22.49197207245074,2.56296263861188
2024-09-18 00:00:00+00:00,-35.54333,-72.09444,210.0,open-meteo_ecmwf_ifs,daily,12.781,5.381,9.33,7.1747494,3.7581418,88.00257,0.7,22.686466469364774,1.3112752126652414
2024-09-19 00:00:00+00:00,-35.54333,-72.09444,210.0,open-meteo_ecmwf_ifs,daily,13.281,9.681,11.04,9.291416,6.568604,89.367195,12.9,22.88073196698318,1.631151750121663
2024-09-20 00:00:00+00:00,-35.54333,-72.09444,210.0,open-meteo_ecmwf_ifs,daily,16.431,9.381,14.9,9.081,1.8932525,85.20716,1.3000001,23.074701742813488,2.180593996173844
2024-09-21 00:00:00+00:00,-35.54333,-72.09444,210.0,open-meteo_ecmwf_ifs,daily,13.431,4.181,8.7,6.3851657,3.4011247,85.9223,0.2,23.26830947143153,1.361737847284549
2024-09-22 00:00:00+00:00,-35.54333,-72.09444,210.0,open-meteo_ecmwf_ifs,daily,13.431,7.481,14.02,7.956,3.0918992,85.267555,19.300003,23.46148936985155,1.8296935839275938
2024-09-23 00:00:00+00:00,-35.54333,-72.09444,210.0,open-meteo_ecmwf_ifs,daily,16.081001,3.5809999,20.3,5.506,1.8521842,81.934235,0.0,23.6541762417859,2.4368789645025015
2024-09-24 00:00:00+00:00,-35.54333,-72.09444,210.0,open-meteo_ecmwf_ifs,daily,15.431,4.081,15.16,5.612249,2.0762966,82.010506,0.0,23.846305520708682,2.0584602639095215
2024-09-25 00:00:00+00:00,-35.54333,-72.09444,210.0,open-meteo_ecmwf_ifs,daily,14.881,4.9309998,23.51,4.431,4.3935957,75.03016,0.0,24.03781331164057,2.9432188660182157
2024-09-26 00:00:00+00:00,-35.54333,-72.09444,210.0,open-meteo_ecmwf_ifs,daily,19.081001,2.181,19.93,4.8164163,2.6092374,70.514496,0.0,24.228636431575595,2.708902566158412
2024-09-27 00:00:00+00:00,-35.54333,-72.09444,210.0,open-meteo_ecmwf_ifs,daily,19.181002,4.581,23.31,5.787249,1.541242,65.83302,0.0,24.4187124484744,3.0006066850100477
2024-09-28 00:00:00+00:00,-35.54333,-72.09444,210.0,open-meteo_ecmwf_ifs,daily,20.981,8.331,17.49,8.239333,1.7703995,72.189415,0.0,24.607979718752073,2.826661609676466
2024-09-29 00:00:00+00:00,-35.54333,-72.09444,210.0,open-meteo_ecmwf_ifs,daily,18.081001,8.881,13.94,10.66225,2.5409105,90.72461,0.1,24.796377423193224,2.1197140640657963
2024-09-30 00:00:00+00:00,-35.54333,-72.09444,210.0,open-meteo_ecmwf_ifs,daily,11.181,9.381,4.74,8.922666,5.743356,90.240944,7.6,24.983845601231014,0.9855370661988974
2024-10-01 00:00:00+00:00,-35.54333,-72.09444,210.0,open-meteo_ecmwf_ifs,daily,15.331,6.731,18.5,8.081,2.103415,85.56205,1.9000001,25.17032518353129,2.3518583829940436
2024-10-02 00:00:00+00:00,-35.54333,-72.09444,210.0,open-meteo_ecmwf_ifs,daily,16.381,2.781,25.09,3.010167,4.755134,66.10697,0.0,25.355758022828134,3.262504707075097
2024-10-03 00:00:00+00:00,-35.54333,-72.09444,210.0,open-meteo_ecmwf_ifs,daily,19.831001,3.981,22.73,6.9309998,2.4172022,78.36094,0.0,25.540086922961528,3.016815888564899
2024-10-04 00:00:00+00:00,-35.54333,-72.09444,210.0,open-meteo_ecmwf_ifs,daily,22.731,9.081,22.68,9.69975,1.6353241,74.4466,0.0,25.72325566607329,3.4555357258708113
2024-10-05 00:00:00+00:00,-35.54333,-72.09444,210.0,open-meteo_ecmwf_ifs,daily,23.131,6.331,24.58,8.64975,1.8426404,73.10149,0.0,25.905209037922447,3.545388992563168
2024-10-06 00:00:00+00:00,-35.54333,-72.09444,210.0,open-meteo_ecmwf_ifs,daily,23.981,11.781,19.84,10.626834,2.3324428,69.11237,0.0,26.085892851286438,3.629916719825182
2024-10-07 00:00:00+00:00,-35.54333,-72.09444,210.0,open-meteo_ecmwf_ifs,daily,23.181002,10.431,21.95,11.176833,1.6353675,74.04327,0.1,26.265253967420477,3.469782008398935
2024-10-08 00:00:00+00:00,-35.54333,-72.09444,210.0,open-meteo_ecmwf_ifs,daily,16.431,11.481,6.4,11.645583,1.9536648,87.76444,2.2999997,26.44324031555218,1.3933899164235142
2024-10-09 00:00:00+00:00,-35.54333,-72.09444,210.0,open-meteo_ecmwf_ifs,daily,22.781,10.381,19.07,11.714333,1.609017,79.769554,0.1,26.61980091039493,3.105879631064345
2024-10-10 00:00:00+00:00,-35.54333,-72.09444,210.0,open-meteo_ecmwf_ifs,daily,22.031,9.131,22.87,11.049748,1.9570662,82.39814,0.1,26.79488586766863,3.414172359739217
2024-10-11 00:00:00+00:00,-35.54333,-72.09444,210.0,open-meteo_ecmwf_ifs,daily,16.131,7.031,12.83,8.745583,1.8698744,84.17866,1.2,26.968446417622328,1.9541743044406026
2024-10-12 00:00:00+00:00,-35.54333,-72.09444,210.0,open-meteo_ecmwf_ifs,daily,19.181002,7.381,25.41,6.578915,3.3310206,70.15003,0.0,27.14043491655915,3.7611038238579497
2024-10-13 00:00:00+00:00,-35.54333,-72.09444,210.0,open-meteo_ecmwf_ifs,daily,20.531,5.1809998,25.58,5.433084,2.6151354,63.59564,0.0,27.31080485636919,3.7264798213045047
2024-10-14 00:00:00+00:00,-35.54333,-72.09444,210.0,open-meteo_ecmwf_ifs,daily,21.531,7.281,26.09,7.558083,2.5590227,70.88498,0.0,27.479510872082326,3.9077819747164266
2024-10-15 00:00:00+00:00,-35.54333,-72.09444,210.0,open-meteo_ecmwf_ifs,daily,25.181002,6.581,24.35,7.970583,2.1145957,64.74598,0.0,27.64650874745808,3.94953913782407
2024-10-16 00:00:00+00:00,-35.54333,-72.09444,210.0,open-meteo_ecmwf_ifs,daily,15.731,7.631,12.95,7.845583,3.2683938,76.58604,0.2,27.81175541863539,2.1902078431990186
2024-10-17 00:00:00+00:00,-35.54333,-72.09444,210.0,open-meteo_ecmwf_ifs,daily,24.131,6.4309998,26.72,8.4685,3.0589411,73.646355,0.0,27.975208975870853,4.161432435450199
2024-10-18 00:00:00+00:00,-35.54333,-72.09444,210.0,open-meteo_ecmwf_ifs,daily,26.131,8.881,26.66,10.4685,2.558157,69.196976,0.0,28.136828663398948,4.414128532088465
2024-10-19 00:00:00+00:00,-35.54333,-72.09444,210.0,open-meteo_ecmwf_ifs,daily,20.331001,8.581,25.85,11.160167,2.6285567,79.16744,0.0,28.29657487745349,3.5316453246643458
2024-10-20 00:00:00+00:00,-35.54333,-72.09444,210.0,open-meteo_ecmwf_ifs,daily,15.881,10.181,8.76,9.481,4.7661767,83.594444,3.0999997,28.45440916249429,1.9957829980874489
2024-10-21 00:00:00+00:00,-35.54333,-72.09444,210.0,open-meteo_ecmwf_ifs,daily,22.181002,7.881,26.33,8.7976675,2.9929636,75.641174,0.0,28.61029420568812,4.05356543488274
2024-10-22 00:00:00+00:00,-35.54333,-72.09444,210.0,open-meteo_ecmwf_ifs,daily,25.081001,7.881,24.01,9.183083,2.655514,67.528984,0.4,28.764193829697703,4.102125078655513
2024-10-23 00:00:00+00:00,-35.54333,-72.09444,210.0,open-meteo_ecmwf_ifs,daily,18.281,12.131,10.94,10.520583,3.0940278,78.19117,0.6,28.91607298383716,2.422687208471655
2024-10-24 00:00:00+00:00,-35.54333,-72.09444,210.0,open-meteo_ecmwf_ifs,daily,22.931002,9.631,25.28,10.391415,2.1689813,78.58796,0.0,29.065897733656318,4.012288652027184
2024-10-25 00:00:00+00:00,-35.54333,-72.09444,210.0,open-meteo_ecmwf_ifs,daily,18.781,7.531,28.82,5.435167,6.089763,64.12748,0.0,29.21363524902068,4.512840141749938
2024-10-26 00:00:00+00:00,-35.54333,-72.09444,210.0,open-meteo_ecmwf_ifs,daily,27.231,7.6809998,28.28,5.416416,4.9314957,52.47607,0.0,29.359253790757233,5.78651190497057
2024-10-27 00:00:00+00:00,-35.54333,-72.09444,210.0,open-meteo_ecmwf_ifs,daily,26.481,9.981,28.06,11.697667,2.091017,71.18073,0.0,29.502722695940225,4.628409692568789
2024-10-28 00:00:00+00:00,-35.54333,-72.09444,210.0,open-meteo_ecmwf_ifs,daily,30.281,10.781,29.37,7.281,3.838624,47.74354,0.0,29.644012361893566,6.254499771935459
2024-10-29 00:00:00+00:00,-35.54333,-72.09444,210.0,open-meteo_ecmwf_ifs,daily,21.631,10.531,28.17,10.597667,2.9067173,67.39556,0.0,29.78309422899018,4.334883160095893
2024-10-30 00:00:00+00:00,-35.54333,-72.09444,210.0,open-meteo_ecmwf_ifs,daily,23.931002,11.781,23.23,11.197665,2.5304465,75.88427,0.1,29.919940762330288,4.156212200949123
2024-10-31 00:00:00+00:00,-35.54333,-72.09444,210.0,open-meteo_ecmwf_ifs,daily,25.481,11.031,26.29,11.385165,2.1957111,72.38069,0.0,30.054525432383418,4.513300957866161
2024-11-01 00:00:00+00:00,-35.54333,-72.09444,210.0,open-meteo_ecmwf_ifs,daily,16.881,11.181,11.83,8.739334,3.397587,74.79559,0.5,30.18682269468058,2.5874696938995716
2024-11-02 00:00:00+00:00,-35.54333,-72.09444,210.0,open-meteo_ecmwf_ifs,daily,23.131,9.481,28.53,8.397666,1.981917,68.37002,0.90000004,30.31680796864411,4.567058064902518
2024-11-03 00:00:00+00:00,-35.54333,-72.09444,210.0,open-meteo_ecmwf_ifs,daily,17.181002,9.931,14.08,6.308083,2.4104583,64.109726,0.0,30.444457615644613,2.8655130497242056
2024-11-04 00:00:00+00:00,-35.54333,-72.09444,210.0,open-meteo_ecmwf_ifs,daily,20.781,11.081,28.41,8.416417,3.423708,69.15023,3.5,30.569748916374078,4.695211972908416
2024-11-05 00:00:00+00:00,-35.54333,-72.09444,210.0,open-meteo_ecmwf_ifs,daily,23.431002,7.031,29.96,5.506,3.5924006,57.736828,0.0,30.692660047625417,5.035387218664439
2024-11-06 00:00:00+00:00,-35.54333,-72.09444,210.0,open-meteo_ecmwf_ifs,daily,24.981,10.431,29.58,7.131,4.43955,54.390583,0.0,30.81317005856824,5.704650614771472
2024-11-07 00:00:00+00:00,-35.54333,-72.09444,210.0,open-meteo_ecmwf_ifs,daily,25.581001,10.581,25.49,7.997666,3.088734,55.46022,0.0,30.931258846610106,4.982375048084012
2024-11-08 00:00:00+00:00,-35.54333,-72.09444,210.0,open-meteo_ecmwf_ifs,daily,27.531,11.781,28.05,8.27475,2.534012,53.716084,0.0,31.04690713293191,5.423630381080243
2024-11-09 00:00:00+00:00,-35.54333,-72.09444,210.0,open-meteo_ecmwf_ifs,daily,23.781,11.981,20.78,10.539333,2.8046215,65.41205,1.4000001,31.160096437784897,4.0850764622365086
2024-11-10 00:00:00+00:00,-35.54333,-72.09444,210.0,open-meteo_ecmwf_ifs,daily,20.131,12.131,23.67,8.541417,3.2054932,64.99415,10.5,31.27080905563461,4.28019898159871
2024-11-11 00:00:00+00:00,-35.54333,-72.09444,210.0,open-meteo_ecmwf_ifs,daily,21.781,8.431,30.74,6.4205823,5.442538,61.54974,0.0,31.37902803023615,5.223653255563747
2024-11-12 00:00:00+00:00,-35.54333,-72.09444,210.0,open-meteo_ecmwf_ifs,daily,26.531,9.381,31.15,3.4372494,5.7777143,42.500423,0.0,31.484737129721793,6.821059793608418
2024-11-13 00:00:00+00:00,-35.54333,-72.09444,210.0,open-meteo_ecmwf_ifs,daily,29.331001,10.831,31.04,6.360167,4.831239,46.882797,0.0,31.587920821780237,6.865455179708024
2024-11-14 00:00:00+00:00,-35.54333,-72.09444,210.0,open-meteo_ecmwf_ifs,daily,27.381,12.281,28.79,12.006,1.8275772,65.3625,0.0,31.68856424900306,5.109190388954297
2024-11-15 00:00:00+00:00,-35.54333,-72.09444,210.0,open-meteo_ecmwf_ifs,daily,23.931002,9.581,25.81,9.501833,2.4767797,69.92869,0.0,31.78665320447153,4.443896776450381
2024-11-16 00:00:00+00:00,-35.54333,-72.09444,210.0,open-meteo_ecmwf_ifs,daily,22.231,8.3810005,31.8,3.9851658,4.149011,51.844814,0.0,31.882174107652656,5.572772050445476
2024-11-17 00:00:00+00:00,-35.54333,-72.09444,210.0,open-meteo_ecmwf_ifs,daily,24.031,8.431,31.75,5.481001,3.3625624,55.68958,0.0,31.975113980670134,5.504264165233798
2024-11-18 00:00:00+00:00,-35.54333,-72.09444,210.0,open-meteo_ecmwf_ifs,daily,25.531,10.731,32.05,7.685167,2.4123566,58.326996,0.0,32.0654604250116,5.587568361481766
2024-11-19 00:00:00+00:00,-35.54333,-72.09444,210.0,open-meteo_ecmwf_ifs,daily,22.931002,9.081,29.61,9.018498,2.378946,72.53747,0.0,32.15320159872959,4.727576648015482
2024-11-20 00:00:00+00:00,-35.54333,-72.09444,210.0,open-meteo_ecmwf_ifs,daily,27.031,10.731,31.11,7.9726663,2.440193,58.75182,0.0,32.23832619418905,5.651430043779102
2024-11-21 00:00:00+00:00,-35.54333,-72.09444,210.0,open-meteo_ecmwf_ifs,daily,26.731,10.031,31.78,7.916416,2.187873,57.501755,0.0,32.320823416410164,5.5507428598530915
2024-11-22 00:00:00+00:00,-35.54333,-72.09444,210.0,open-meteo_ecmwf_ifs,daily,26.681002,7.831,32.0,7.67475,2.1198335,62.88501,0.0,32.40068296205024,5.337178734973141
2024-11-23 00:00:00+00:00,-35.54333,-72.09444,210.0,open-meteo_ecmwf_ifs,daily,28.131,10.381,31.64,9.858085,3.002015,65.524864,0.0,32.47789499906405,5.795899438581845
2024-11-24 00:00:00+00:00,-35.54333,-72.09444,210.0,open-meteo_ecmwf_ifs,daily,25.631,10.631,29.53,9.32475,2.4628417,63.616863,0.0,32.55245014707751,5.222790213959311
2024-11-25 00:00:00+00:00,-35.54333,-72.09444,210.0,open-meteo_ecmwf_ifs,daily,24.431002,10.981,32.13,5.685166,3.187608,47.720318,0.0,32.624339458504394,5.9089441449726925
2024-11-26 00:00:00+00:00,-35.54333,-72.09444,210.0,open-meteo_ecmwf_ifs,daily,22.581001,9.131,30.76,7.603916,2.4381793,65.84344,0.0,32.6935544004319,4.9791909076481655
2024-11-27 00:00:00+00:00,-35.54333,-72.09444,210.0,open-meteo_ecmwf_ifs,daily,22.781,8.3810005,32.23,5.435166,3.195927,57.41863,0.0,32.7600868372959,5.3935279929081785
2024-11-28 00:00:00+00:00,-35.54333,-72.09444,210.0,open-meteo_ecmwf_ifs,daily,24.481,8.081,32.45,3.3830836,3.4060519,51.310474,0.0,32.82392901436218,5.845850270117473
2024-11-29 00:00:00+00:00,-35.54333,-72.09444,210.0,open-meteo_ecmwf_ifs,daily,27.881,9.731,32.61,4.0164165,3.217325,44.369183,0.0,32.88507354202644,6.398289089554831
2024-11-30 00:00:00+00:00,-35.54333,-72.09444,210.0,open-meteo_ecmwf_ifs,daily,26.681002,9.381,32.15,6.783083,2.1157176,54.957806,0.0,32.94351338094096,5.605365916732392
2024-12-01 00:00:00+00:00,-35.54333,-72.09444,210.0,open-meteo_ecmwf_ifs,daily,22.931002,8.631,26.14,6.8476677,2.2257106,65.6226,0.0,32.99924182797252,4.519888076236747
2024-12-02 00:00:00+00:00,-35.54333,-72.09444,210.0,open-meteo_ecmwf_ifs,daily,25.531,9.881,33.1,4.8247495,4.142801,51.912197,0.0,33.0522525029924,6.379160600998166
2024-12-03 00:00:00+00:00,-35.54333,-72.09444,210.0,open-meteo_ecmwf_ifs,daily,27.181002,9.381,32.77,5.4497504,2.596349,47.497227,0.0,33.10253933649588,5.974767425458455
2024-12-04 00:00:00+00:00,-35.54333,-72.09444,210.0,open-meteo_ecmwf_ifs,daily,22.531,8.931,32.24,7.0830827,2.7438335,60.906372,0.0,33.15009655804609,5.218517662628109
2024-12-05 00:00:00+00:00,-35.54333,-72.09444,210.0,open-meteo_ecmwf_ifs,daily,19.381,7.9309998,18.5,7.2039165,2.0551124,70.003136,0.2,33.19491868553368,3.2424897845468768
2024-12-06 00:00:00+00:00,-35.54333,-72.09444,210.0,open-meteo_ecmwf_ifs,daily,23.881,8.781,33.01,7.364332,3.0190039,63.99378,0.0,33.23700051524208,5.46885860308751
2024-12-07 00:00:00+00:00,-35.54333,-72.09444,210.0,open-meteo_ecmwf_ifs,daily,26.431002,8.231,33.04,4.1039166,3.1083164,45.66303,0.0,33.276337112705896,6.051004784783781
2024-12-08 00:00:00+00:00,-35.54333,-72.09444,210.0,open-meteo_ecmwf_ifs,daily,25.281,8.231,32.46,8.008084,2.1312695,67.54121,0.0,33.312923804348166,5.317278888000148
2024-12-09 00:00:00+00:00,-35.54333,-72.09444,210.0,open-meteo_ecmwf_ifs,daily,28.081001,9.181,33.41,6.5685,2.5208755,56.36078,0.0,33.34675616988148,6.038127813963979
2024-12-10 00:00:00+00:00,-35.54333,-72.09444,210.0,open-meteo_ecmwf_ifs,daily,28.881,10.831,33.38,6.92475,2.7189705,51.31135,0.0,33.37783003545644,6.366457349713615
2024-12-11 00:00:00+00:00,-35.54333,-72.09444,210.0,open-meteo_ecmwf_ifs,daily,29.331001,10.331,33.71,5.3059993,3.2259846,47.60435,0.0,33.40614146754114,6.708330753395968
2024-12-12 00:00:00+00:00,-35.54333,-72.09444,210.0,open-meteo_ecmwf_ifs,daily,26.781,11.731,33.02,7.7851663,2.8697348,52.568527,0.0,33.43168676751456,6.170076193735143
2024-12-13 00:00:00+00:00,-35.54333,-72.09444,210.0,open-meteo_ecmwf_ifs,daily,29.081001,12.381,33.32,8.126834,3.565212,52.496952,0.0,33.4544624669577,6.786164673819934
2024-12-14 00:00:00+00:00,-35.54333,-72.09444,210.0,open-meteo_ecmwf_ifs,daily,32.231,12.631,33.65,7.1789174,2.9051073,46.530945,0.0,33.474465323626085,7.073452631084808
2024-12-15 00:00:00+00:00,-35.54333,-72.09444,210.0,open-meteo_ecmwf_ifs,daily,28.431002,11.131,33.45,8.783082,1.9643921,52.485973,0.0,33.49169231808882,5.993271001142219
2024-12-16 00:00:00+00:00,-35.54333,-72.09444,210.0,open-meteo_ecmwf_ifs,daily,27.931002,9.731,33.31,9.835166,1.9990191,64.946175,0.0,33.50614065102031,5.7295093739063665
2024-12-17 00:00:00+00:00,-35.54333,-72.09444,210.0,open-meteo_ecmwf_ifs,daily,28.431002,9.181,32.84,9.8185,1.9648238,68.13986,0.0,33.517807741132,5.661903563202895
2024-12-18 00:00:00+00:00,-35.54333,-72.09444,210.0,open-meteo_ecmwf_ifs,daily,29.631,12.231,32.75,10.324749,3.7750475,60.409336,0.0,33.52669122373365,6.596647049282836
2024-12-19 00:00:00+00:00,-35.54333,-72.09444,210.0,open-meteo_ecmwf_ifs,daily,28.831001,11.781,33.72,5.497666,4.7715945,42.294315,0.0,33.53278894991509,7.403312830503634
2024-12-20 00:00:00+00:00,-35.54333,-72.09444,210.0,open-meteo_ecmwf_ifs,daily,27.981,13.781,32.01,8.964334,4.6206794,50.736378,0.0,33.53609898634183,6.923258009680487
2024-12-21 00:00:00+00:00,-35.54333,-72.09444,210.0,open-meteo_ecmwf_ifs,daily,30.931002,13.631,32.72,9.985166,3.5408032,52.962894,0.2,33.536619615659895,6.965137046299744
2024-12-22 00:00:00+00:00,-35.54333,-72.09444,210.0,open-meteo_ecmwf_ifs,daily,35.080997,15.231,33.46,7.216417,3.990855,37.131866,0.0,33.53434933750738,8.335705743554415
2024-12-23 00:00:00+00:00,-35.54333,-72.09444,210.0,open-meteo_ecmwf_ifs,daily,30.931002,15.581,33.47,8.445584,4.5059237,43.387512,0.0,33.529286870133056,7.895222659531205
2024-12-24 00:00:00+00:00,-35.54333,-72.09444,210.0,open-meteo_ecmwf_ifs,daily,36.080997,13.931,34.17,6.0476665,4.0407596,36.33729,0.0,33.52143115262401,8.48835982747716
2024-12-25 00:00:00+00:00,-35.54333,-72.09444,210.0,open-meteo_ecmwf_ifs,daily,29.631,12.631,33.29,12.333084,2.400851,61.004803,0.0,33.51078134774712,6.1619497553454226
2024-12-26 00:00:00+00:00,-35.54333,-72.09444,210.0,open-meteo_ecmwf_ifs,daily,22.881,12.681,25.51,12.16225,2.9103343,76.64461,0.0,33.49733684541096,4.472106478731086
2024-12-27 00:00:00+00:00,-35.54333,-72.09444,210.0,open-meteo_ecmwf_ifs,daily,28.581001,11.081,32.31,11.8810005,1.956831,68.615166,0.0,33.48109726675721,5.682669505959811
2024-12-28 00:00:00+00:00,-35.54333,-72.09444,210.0,open-meteo_ecmwf_ifs,daily,28.981,12.931,30.3,13.0060005,2.0398724,66.967415,0.0,33.46206246889196,5.610318482599671
2024-12-29 00:00:00+00:00,-35.54333,-72.09444,210.0,open-meteo_ecmwf_ifs,daily,32.531,13.631,32.54,12.043499,2.1936398,59.889633,0.0,33.44023255026975,6.4658447261516265
2024-12-30 00:00:00+00:00,-35.54333,-72.09444,210.0,open-meteo_ecmwf_ifs,daily,30.831001,14.681,32.9,6.6768336,2.702076,42.294605,0.0,33.4156078567438,6.987517599693466
2024-12-31 00:00:00+00:00,-35.54333,-72.09444,210.0,open-meteo_ecmwf_ifs,daily,29.331001,14.781,32.84,9.299747,3.4915771,53.21402,0.0,33.388188988297905,6.961207847104274
2025-01-01 00:00:00+00:00,-35.54333,-72.09444,210.0,open-meteo_ecmwf_ifs,daily,31.131,11.981,33.83,4.8497496,3.4376042,38.648716,0.0,33.388188988297905,7.28845157977323
2025-01-02 00:00:00+00:00,-35.54333,-72.09444,210.0,open-meteo_ecmwf_ifs,daily,33.431,13.581,33.71,6.61225,3.153553,41.359352,0.0,33.357976806475705,7.493377303203009
2025-01-03 00:00:00+00:00,-35.54333,-72.09444,210.0,open-meteo_ecmwf_ifs,daily,31.731,14.631,33.03,11.0164175,2.2056968,50.62379,0.0,33.32497244252389,6.606885136585643
2025-01-04 00:00:00+00:00,-35.54333,-72.09444,210.0,open-meteo_ecmwf_ifs,daily,30.931002,13.781,31.8,13.6622505,2.2731996,67.654686,0.0,33.28917730626627,6.112885246437179
2025-01-05 00:00:00+00:00,-35.54333,-72.09444,210.0,open-meteo_ecmwf_ifs,daily,34.031,16.031,31.41,12.214333,2.0235457,53.883717,0.0,33.2505930957252,6.6188482273113465
2025-01-06 00:00:00+00:00,-35.54333,-72.09444,210.0,open-meteo_ecmwf_ifs,daily,29.731,13.881,32.51,10.931,2.2177632,50.795216,0.0,33.20922180750641,6.250929297137622
2025-01-07 00:00:00+00:00,-35.54333,-72.09444,210.0,open-meteo_ecmwf_ifs,daily,27.481,11.331,32.58,10.88725,2.2951014,60.17523,0.0,33.16506574796276,5.738957618087691
2025-01-08 00:00:00+00:00,-35.54333,-72.09444,210.0,open-meteo_ecmwf_ifs,daily,30.781,11.281,32.67,9.447667,1.9416176,56.2569,0.0,33.11812754515055,6.080736611107569
2025-01-09 00:00:00+00:00,-35.54333,-72.09444,210.0,open-meteo_ecmwf_ifs,daily,31.931002,14.181,32.04,10.978916,3.4312696,54.483196,0.0,33.068410161590975,6.9315919486185456
2025-01-10 00:00:00+00:00,-35.54333,-72.09444,210.0,open-meteo_ecmwf_ifs,daily,33.131,14.331,32.73,5.8976655,3.1875422,37.946575,0.0,33.01591690784685,7.477369244926908
2025-01-11 00:00:00+00:00,-35.54333,-72.09444,210.0,open-meteo_ecmwf_ifs,daily,34.330997,16.631,32.61,3.2789166,4.0412884,27.678862,0.0,32.96065145692262,8.600458475867203
2025-01-12 00:00:00+00:00,-35.54333,-72.09444,210.0,open-meteo_ecmwf_ifs,daily,32.431,18.231,31.87,10.706001,2.8028243,45.269993,0.0,32.90261785949274,7.2215026055232
2025-01-13 00:00:00+00:00,-35.54333,-72.09444,210.0,open-meteo_ecmwf_ifs,daily,30.881,15.031,31.91,12.11225,2.1573336,58.668133,0.0,32.84182055996057,6.303802711328121
2025-01-14 00:00:00+00:00,-35.54333,-72.09444,210.0,open-meteo_ecmwf_ifs,daily,30.531,13.031,31.79,5.453917,2.1673644,43.139114,0.0,32.77826441334649,6.37299432096988
2025-01-15 00:00:00+00:00,-35.54333,-72.09444,210.0,open-meteo_ecmwf_ifs,daily,30.281,14.681,30.96,12.426834,2.966213,57.105743,0.0,32.71195470300015,6.314348277857144
2025-01-16 00:00:00+00:00,-35.54333,-72.09444,210.0,open-meteo_ecmwf_ifs,daily,30.781,15.531,30.81,13.860166,2.6217318,68.83746,0.0,32.64289715912817,6.2201687518929845
2025-01-17 00:00:00+00:00,-35.54333,-72.09444,210.0,open-meteo_ecmwf_ifs,daily,28.631,13.181,30.62,6.835167,2.9616673,46.37324,0.0,32.57109797812393,6.3685416534295
2025-01-18 00:00:00+00:00,-35.54333,-72.09444,210.0,open-meteo_ecmwf_ifs,daily,30.231,12.781,31.65,6.681,2.9520893,45.645756,0.0,32.49656384268236,6.621803834473073
2025-01-19 00:00:00+00:00,-35.54333,-72.09444,210.0,open-meteo_ecmwf_ifs,daily,33.481,13.131,32.32,6.091416,3.006623,41.97028,0.0,32.419301942677464,7.168341968050907
2025-01-20 00:00:00+00:00,-35.54333,-72.09444,210.0,open-meteo_ecmwf_ifs,daily,31.881,15.481,30.34,6.7893333,2.8186646,39.54278,0.0,32.339319996776155,6.880429880378906
2025-01-21 00:00:00+00:00,-35.54333,-72.09444,210.0,open-meteo_ecmwf_ifs,daily,29.481,13.431,30.74,12.618501,2.4579945,64.3697,0.0,32.25662627475703,5.839153927702298
2025-01-22 00:00:00+00:00,-35.54333,-72.09444,210.0,open-meteo_ecmwf_ifs,daily,27.381,11.631,31.22,10.285167,2.2018783,61.74583,0.0,32.171229620498,5.5652445232301515
2025-01-23 00:00:00+00:00,-35.54333,-72.09444,210.0,open-meteo_ecmwf_ifs,daily,29.381,10.431,29.18,10.041417,2.6466115,63.814663,0.0,32.08313947559162,5.554236931414334
2025-01-24 00:00:00+00:00,-35.54333,-72.09444,210.0,open-meteo_ecmwf_ifs,daily,30.281,12.781,31.71,6.578917,4.196617,46.706787,0.0,31.992365903542645,7.153929393384547
2025-01-25 00:00:00+00:00,-35.54333,-72.09444,210.0,open-meteo_ecmwf_ifs,daily,32.431,12.931,31.6,7.2080836,3.626008,42.626617,0.0,31.898919614497274,7.1451170861318065
2025-01-26 00:00:00+00:00,-35.54333,-72.09444,210.0,open-meteo_ecmwf_ifs,daily,31.881,14.131,30.92,8.78725,3.084486,45.912754,0.0,31.802811990448753,6.758370132188252
2025-01-27 00:00:00+00:00,-35.54333,-72.09444,210.0,open-meteo_ecmwf_ifs,daily,30.431002,12.581,30.61,11.008083,3.6098487,57.87084,0.0,31.704055110860107,6.292294350828583
2025-01-28 00:00:00+00:00,-35.54333,-72.09444,210.0,open-meteo_ecmwf_ifs,daily,34.231,12.281,31.65,5.3059998,3.1438553,36.509083,0.0,31.60266177863967,7.143732873323258
2025-01-29 00:00:00+00:00,-35.54333,-72.09444,210.0,open-meteo_ecmwf_ifs,daily,33.681,14.481,31.48,7.958084,2.4774897,41.121937,0.0,31.49864554640155,6.756824475898734
2025-01-30 00:00:00+00:00,-35.54333,-72.09444,210.0,open-meteo_ecmwf_ifs,daily,31.331001,11.131,31.14,8.701835,1.8646983,52.06455,0.0,31.39202074293879,5.810101210390037
2025-01-31 00:00:00+00:00,-35.54333,-72.09444,210.0,open-meteo_ecmwf_ifs,daily,32.281,12.481,30.51,9.831,3.7406604,54.248272,0.0,31.282802499833558,6.6911257750914785
2025-02-01 00:00:00+00:00,-35.54333,-72.09444,210.0,open-meteo_ecmwf_ifs,daily,32.631,14.631,30.43,8.46225,3.081236,46.093807,0.0,31.171006778125268,6.830172383534582
2025-02-02 00:00:00+00:00,-35.54333,-72.09444,210.0,open-meteo_ecmwf_ifs,daily,27.731,12.281,30.14,7.2184997,3.3747168,49.247726,0.0,31.056650394954328,6.123904642164558
2025-02-03 00:00:00+00:00,-35.54333,-72.09444,210.0,open-meteo_ecmwf_ifs,daily,29.181002,13.431,29.82,9.510166,3.4032352,55.57954,0.0,30.939751050096437,6.208355325440873
2025-02-04 00:00:00+00:00,-35.54333,-72.09444,210.0,open-meteo_ecmwf_ifs,daily,32.081,13.481,27.12,6.391416,2.842336,40.978687,0.0,30.820327352300072,6.26189918466235
2025-02-05 00:00:00+00:00,-35.54333,-72.09444,210.0,open-meteo_ecmwf_ifs,daily,29.531,12.631,29.54,8.953916,2.437776,51.03555,0.0,30.6983988453375,5.784437232845379
2025-02-06 00:00:00+00:00,-35.54333,-72.09444,210.0,open-meteo_ecmwf_ifs,daily,34.830997,13.581,30.26,7.8247495,3.959893,48.49028,0.0,30.57398603367805,7.432172049495012
2025-02-07 00:00:00+00:00,-35.54333,-72.09444,210.0,open-meteo_ecmwf_ifs,daily,34.681,15.581,29.63,8.026834,2.8884394,37.969288,0.0,30.447110407691195,6.933741591139759
2025-02-08 00:00:00+00:00,-35.54333,-72.09444,210.0,open-meteo_ecmwf_ifs,daily,35.981,16.031,29.72,7.560167,4.5873694,39.976,0.0,30.317794468285598,8.255323539030893
2025-02-09 00:00:00+00:00,-35.54333,-72.09444,210.0,open-meteo_ecmwf_ifs,daily,38.131,19.431002,29.53,6.86225,4.850264,32.316025,0.0,30.186061750890282,9.27678486526951
2025-02-10 00:00:00+00:00,-35.54333,-72.09444,210.0,open-meteo_ecmwf_ifs,daily,31.281,14.781,26.2,12.620584,2.9577553,64.09661,0.0,30.05193684868357,5.703362706238855
2025-02-11 00:00:00+00:00,-35.54333,-72.09444,210.0,open-meteo_ecmwf_ifs,daily,29.031,11.981,29.67,4.5518336,3.8304548,40.198875,0.0,29.91544543497582,6.5590014370924195
2025-02-12 00:00:00+00:00,-35.54333,-72.09444,210.0,open-meteo_ecmwf_ifs,daily,30.081001,11.781,29.43,3.9518328,3.3025224,39.94428,0.0,29.776614284652606,6.418117016064867
2025-02-13 00:00:00+00:00,-35.54333,-72.09444,210.0,open-meteo_ecmwf_ifs,daily,31.131,12.581,28.95,5.7622504,2.8589127,43.04333,0.0,29.635471294586107,6.2111623090990244
2025-02-14 00:00:00+00:00,-35.54333,-72.09444,210.0,open-meteo_ecmwf_ifs,daily,28.881,10.431,28.54,7.091417,2.464503,52.759075,0.0,29.49204550292386,5.422430105829721
2025-02-15 00:00:00+00:00,-35.54333,-72.09444,210.0,open-meteo_ecmwf_ifs,daily,27.681002,12.231,28.17,8.453915,1.8557782,56.904163,0.0,29.346367107165882,5.104952905965672
2025-02-16 00:00:00+00:00,-35.54333,-72.09444,210.0,open-meteo_ecmwf_ifs,daily,29.031,10.831,28.23,8.060166,2.4325826,58.529922,0.0,29.19846748094336,5.349004545906241
2025-02-17 00:00:00+00:00,-35.54333,-72.09444,210.0,open-meteo_ecmwf_ifs,daily,30.581001,12.381,28.63,5.91225,3.6467993,45.312515,0.0,29.048379189414824,6.443350293708028
2025-02-18 00:00:00+00:00,-35.54333,-72.09444,210.0,open-meteo_ecmwf_ifs,daily,34.131,12.881,27.92,8.414332,2.7830575,46.52362,0.0,28.896136003198347,6.185111870423351
2025-02-19 00:00:00+00:00,-35.54333,-72.09444,210.0,open-meteo_ecmwf_ifs,daily,22.381,11.981,24.94,11.128918,2.936943,71.97513,0.0,28.741772910761952,4.174258349642926
2025-02-20 00:00:00+00:00,-35.54333,-72.09444,210.0,open-meteo_ecmwf_ifs,daily,27.781,11.081,24.75,11.86225,1.6555495,74.59792,0.0,28.585326129197764,4.330639034542471
2025-02-21 00:00:00+00:00,-35.54333,-72.09444,210.0,open-meteo_ecmwf_ifs,daily,31.681002,11.281,26.89,10.0435,1.6983625,61.269165,0.0,28.42683311330953,5.007215552200337
2025-02-22 00:00:00+00:00,-35.54333,-72.09444,210.0,open-meteo_ecmwf_ifs,daily,31.581001,13.031,27.27,7.8768344,2.7461536,48.73628,0.0,28.266332562947024,5.83060526165599
2025-02-23 00:00:00+00:00,-35.54333,-72.09444,210.0,open-meteo_ecmwf_ifs,daily,31.831001,14.981,26.76,11.272667,3.2901804,54.108185,0.0,28.103864428525824,6.004260476863572
2025-02-24 00:00:00+00:00,-35.54333,-72.09444,210.0,open-meteo_ecmwf_ifs,daily,31.131,15.931,26.17,12.674751,3.581837,61.66345,0.0,27.939469914675218,5.9249864070893565
2025-02-25 00:00:00+00:00,-35.54333,-72.09444,210.0,open-meteo_ecmwf_ifs,daily,31.631,13.731,27.0,7.1330833,3.363775,42.538925,0.0,27.7731914819622,6.233869450843186
2025-02-26 00:00:00+00:00,-35.54333,-72.09444,210.0,open-meteo_ecmwf_ifs,daily,34.080997,14.181,26.61,6.9476666,3.0319235,42.129925,0.0,27.605072846644628,6.317272147112407
2025-02-27 00:00:00+00:00,-35.54333,-72.09444,210.0,open-meteo_ecmwf_ifs,daily,30.281,15.381,25.8,8.026834,1.8954606,44.142925,0.0,27.43515897841212,5.204938520993022
2025-02-28 00:00:00+00:00,-35.54333,-72.09444,210.0,open-meteo_ecmwf_ifs,daily,26.831001,14.581,20.06,13.8185,2.0839772,75.395386,0.0,27.263496096078523,3.909813913037551
2025-03-01 00:00:00+00:00,-35.54333,-72.09444,210.0,open-meteo_ecmwf_ifs,daily,27.031,14.831,22.19,13.997668,1.8679847,74.97338,0.0,27.090131661195766,4.120418654762197
2025-03-02 00:00:00+00:00,-35.54333,-72.09444,210.0,open-meteo_ecmwf_ifs,daily,25.631,11.831,23.38,11.64975,1.9400183,72.70612,0.0,26.915114369564588,4.028376160460431
2025-03-03 00:00:00+00:00,-35.54333,-72.09444,210.0,open-meteo_ecmwf_ifs,daily,27.931002,10.581,23.66,10.793499,2.0407698,68.97852,0.0,26.738494140623615,4.233302972397314
2025-03-04 00:00:00+00:00,-35.54333,-72.09444,210.0,open-meteo_ecmwf_ifs,daily,27.381,11.731,25.07,9.226834,2.8772366,57.815075,0.0,26.560322104704092,4.827950982159427
2025-03-05 00:00:00+00:00,-35.54333,-72.09444,210.0,open-meteo_ecmwf_ifs,daily,29.431002,13.481,24.58,11.906001,2.4918506,63.5238,0.0,26.380650588143897,4.806966718203158
2025-03-06 00:00:00+00:00,-35.54333,-72.09444,210.0,open-meteo_ecmwf_ifs,daily,24.831001,13.031,21.47,13.153916,2.3752887,76.81227,0.0,26.19953309626043,3.765222220671709
2025-03-07 00:00:00+00:00,-35.54333,-72.09444,210.0,open-meteo_ecmwf_ifs,daily,23.431002,15.381,15.84,13.764335,3.063011,80.60191,7.6,26.017024294187888,3.3173295190736187
2025-03-08 00:00:00+00:00,-35.54333,-72.09444,210.0,open-meteo_ecmwf_ifs,daily,25.531,10.281,25.54,4.1164165,5.0756416,47.115993,0.0,25.83317998559094,5.706960900722529
2025-03-09 00:00:00+00:00,-35.54333,-72.09444,210.0,open-meteo_ecmwf_ifs,daily,30.331001,11.581,24.99,5.045583,4.1341634,43.857616,0.0,25.648057089272577,6.030612881551948
2025-03-10 00:00:00+00:00,-35.54333,-72.09444,210.0,open-meteo_ecmwf_ifs,daily,28.281,15.581,24.03,6.945582,4.5045896,41.949123,0.0,25.461713613699835,6.184572657089032
2025-03-11 00:00:00+00:00,-35.54333,-72.09444,210.0,open-meteo_ecmwf_ifs,daily,28.731,11.631,24.54,4.8559995,4.3068776,42.228558,0.0,25.274208629477535,5.860361563621611
2025-03-12 00:00:00+00:00,-35.54333,-72.09444,210.0,open-meteo_ecmwf_ifs,daily,33.281,11.381,24.13,6.9455833,2.2336416,45.402847,0.0,25.08560223980541,4.992268061100502
2025-03-13 00:00:00+00:00,-35.54333,-72.09444,210.0,open-meteo_ecmwf_ifs,daily,32.281,13.631,23.82,9.706,1.8008012,51.21283,0.0,24.89595554896018,4.667258255620417
2025-03-14 00:00:00+00:00,-35.54333,-72.09444,210.0,open-meteo_ecmwf_ifs,daily,23.431002,10.331,22.64,11.320582,2.1140482,71.508896,0.0,24.705330628849456,3.506574583525408
2025-03-15 00:00:00+00:00,-35.54333,-72.09444,210.0,open-meteo_ecmwf_ifs,daily,24.181002,11.481,15.69,11.86225,1.5035964,79.4665,0.0,24.51379048369015,2.810117338239203
2025-03-16 00:00:00+00:00,-35.54333,-72.09444,210.0,open-meteo_ecmwf_ifs,daily,27.281,10.581,22.94,10.062249,2.3390613,70.00521,0.0,24.32139901286885,4.069021085713388
2025-03-17 00:00:00+00:00,-35.54333,-72.09444,210.0,open-meteo_ecmwf_ifs,daily,29.431002,10.831,22.98,7.301834,3.5948684,54.382812,0.0,24.128220972047284,5.05720117146489
2025-03-18 00:00:00+00:00,-35.54333,-72.09444,210.0,open-meteo_ecmwf_ifs,daily,32.281,12.631,23.05,7.283083,4.0119467,47.129726,0.0,23.934321932580573,5.8282518512247
2025-03-19 00:00:00+00:00,-35.54333,-72.09444,210.0,open-meteo_ecmwf_ifs,daily,29.781,13.081,22.83,8.166416,2.4624937,50.003006,0.0,23.739768239320657,4.6689207668988075
2025-03-20 00:00:00+00:00,-35.54333,-72.09444,210.0,open-meteo_ecmwf_ifs,daily,28.931002,12.931,22.06,11.2935,3.0520506,63.15265,0.0,23.544626966881964,4.480529444597611
2025-03-21 00:00:00+00:00,-35.54333,-72.09444,210.0,open-meteo_ecmwf_ifs,daily,28.331001,15.331,21.23,13.270584,3.65042,68.28382,0.0,23.34896587445053,4.56528629530776
2025-03-22 00:00:00+00:00,-35.54333,-72.09444,210.0,open-meteo_ecmwf_ifs,daily,26.481,12.031,21.7,8.289333,3.2380877,56.72072,0.0,23.152853359221584,4.42061995739767
2025-03-23 00:00:00+00:00,-35.54333,-72.09444,210.0,open-meteo_ecmwf_ifs,daily,25.231,8.981,21.36,6.5518327,2.1611814,55.63619,0.0,22.956358408554717,3.6787467156663856
2025-03-24 00:00:00+00:00,-35.54333,-72.09444,210.0,open-meteo_ecmwf_ifs,daily,25.281,7.481,20.65,7.8893332,1.3727144,67.49829,0.0,22.759550550938787,3.13651759114415
2025-03-25 00:00:00+00:00,-35.54333,-72.09444,210.0,open-meteo_ecmwf_ifs,daily,22.481,9.981,18.33,10.208084,2.4631011,75.66014,0.6,22.562499805862252,3.0124392551870005
2025-03-26 00:00:00+00:00,-35.54333,-72.09444,210.0,open-meteo_ecmwf_ifs,daily,24.681002,9.331,20.17,9.770583,1.5537343,73.09855,0.0,22.365276632687245,3.1179230138165788
2025-03-27 00:00:00+00:00,-35.54333,-72.09444,210.0,open-meteo_ecmwf_ifs,daily,20.581001,9.681,18.93,8.631,2.0844548,67.69396,0.0,22.16795187862848,2.9071874938643165
2025-03-28 00:00:00+00:00,-35.54333,-72.09444,210.0,open-meteo_ecmwf_ifs,daily,23.831001,9.831,17.01,9.381,1.3720845,76.23159,0.0,21.97059672594025,2.7536121642234948
2025-03-29 00:00:00+00:00,-35.54333,-72.09444,210.0,open-meteo_ecmwf_ifs,daily,19.331001,9.081,14.52,10.3935,2.6134632,82.820694,0.0,21.773282638416905,2.235212925450312
2025-03-30 00:00:00+00:00,-35.54333,-72.09444,210.0,open-meteo_ecmwf_ifs,daily,18.081001,10.531,17.72,8.753917,3.3293543,74.14785,21.2,21.576081307313757,2.7995723919642153
2025-03-31 00:00:00+00:00,-35.54333,-72.09444,210.0,open-meteo_ecmwf_ifs,daily,19.981,8.781,20.23,5.5393333,4.953953,62.688904,0.0,21.37906459679683,3.748208392025809
2025-04-01 00:00:00+00:00,-35.54333,-72.09444,210.0,open-meteo_ecmwf_ifs,daily,20.481,6.631,19.81,5.528916,2.924281,63.040836,0.0,21.18230448903096,3.073616322036134
2025-04-02 00:00:00+00:00,-35.54333,-72.09444,210.0,open-meteo_ecmwf_ifs,daily,20.631,7.231,17.97,6.851833,1.9322972,70.059105,0.0,20.985873029016485,2.6534642582425065
2025-04-03 00:00:00+00:00,-35.54333,-72.09444,210.0,open-meteo_ecmwf_ifs,daily,25.331001,10.431,19.38,8.106,3.127842,65.263954,0.0,20.78984226928511,3.71484374743586
2025-04-04 00:00:00+00:00,-35.54333,-72.09444,210.0,open-meteo_ecmwf_ifs,daily,27.131,9.081,18.71,9.239333,1.7285126,64.45354,0.0,20.59428421456606,3.0817329488044902
2025-04-05 00:00:00+00:00,-35.54333,-72.09444,210.0,open-meteo_ecmwf_ifs,daily,20.081001,10.731,16.73,10.826833,2.582523,82.874756,0.0,20.39927076653292,2.515387478793266
2025-04-06 00:00:00+00:00,-35.54333,-72.09444,210.0,open-meteo_ecmwf_ifs,daily,21.881,9.631,15.98,10.631,1.6043199,82.00698,0.1,20.20487366874169,2.3741015108478103
2025-04-07 00:00:00+00:00,-35.54333,-72.09444,210.0,open-meteo_ecmwf_ifs,daily,25.231,9.181,18.43,9.628917,2.186202,74.90584,0.0,20.011164451869387,2.9946088047842663
2025-04-08 00:00:00+00:00,-35.54333,-72.09444,210.0,open-meteo_ecmwf_ifs,daily,25.231,10.681,18.13,11.526834,1.5386311,75.10673,0.0,19.818214379361745,2.755969376031385
2025-04-09 00:00:00+00:00,-35.54333,-72.09444,210.0,open-meteo_ecmwf_ifs,daily,22.831001,9.181,16.01,10.3185,1.2274438,81.48806,0.0,19.626094393597146,2.302298862515029
2025-04-10 00:00:00+00:00,-35.54333,-72.09444,210.0,open-meteo_ecmwf_ifs,daily,18.081001,10.781,8.66,10.422667,2.0422752,84.17574,2.3999996,19.434875062672308,1.658796296521996
2025-04-11 00:00:00+00:00,-35.54333,-72.09444,210.0,open-meteo_ecmwf_ifs,daily,18.131,6.131,16.42,5.16225,2.509157,71.29362,0.0,19.2446265279134,2.394877621728195
2025-04-12 00:00:00+00:00,-35.54333,-72.09444,210.0,open-meteo_ecmwf_ifs,daily,20.131,7.781,17.4,6.528916,3.2757587,72.88784,0.0,19.05541845221408,2.8094990454306643
2025-04-13 00:00:00+00:00,-35.54333,-72.09444,210.0,open-meteo_ecmwf_ifs,daily,20.081001,6.031,14.52,6.4851665,2.0382514,71.69979,0.0,18.867319969299576,2.1850592308739167
2025-04-14 00:00:00+00:00,-35.54333,-72.09444,210.0,open-meteo_ecmwf_ifs,daily,18.781,6.1809998,9.37,8.691417,1.6440381,85.41369,0.1,18.680399634013295,1.501390537806221
2025-04-15 00:00:00+00:00,-35.54333,-72.09444,210.0,open-meteo_ecmwf_ifs,daily,18.631,9.881,12.07,10.293501,1.8891822,84.934105,0.0,18.494725373719348,1.8147006210245942
2025-04-16 00:00:00+00:00,-35.54333,-72.09444,210.0,open-meteo_ecmwf_ifs,daily,22.331001,6.9309998,15.83,7.7268333,1.3996501,75.47238,0.0,18.310364440911705,2.1806517146517135
2025-04-17 00:00:00+00:00,-35.54333,-72.09444,210.0,open-meteo_ecmwf_ifs,daily,19.281,10.231,16.52,7.8476663,3.2355394,72.7954,0.0,18.1273833671167,2.6835244977760495
2025-04-18 00:00:00+00:00,-35.54333,-72.09444,210.0,open-meteo_ecmwf_ifs,daily,20.931002,6.831,16.82,5.4080834,3.471165,64.57597,0.0,17.945847918172586,2.8515285657705864
2025-04-19 00:00:00+00:00,-35.54333,-72.09444,210.0,open-meteo_ecmwf_ifs,daily,23.481,6.081,15.83,7.0455837,1.4043385,71.423096,0.0,17.765823050965853,2.1758101902569114
2025-04-20 00:00:00+00:00,-35.54333,-72.09444,210.0,open-meteo_ecmwf_ifs,daily,22.781,8.481,15.99,8.814333,0.83398604,70.17463,0.0,17.58737287169982,2.0028790862230967
2025-04-21 00:00:00+00:00,-35.54333,-72.09444,210.0,open-meteo_ecmwf_ifs,daily,19.981,9.831,8.73,9.160167,1.0040746,78.36721,0.5,17.41056059576737,1.506271598533397
2025-04-22 00:00:00+00:00,-35.54333,-72.09444,210.0,open-meteo_ecmwf_ifs,daily,20.581001,10.931,7.37,12.6685,1.0785264,88.99649,2.6,17.23544850929477,1.2953922513306773
2025-04-23 00:00:00+00:00,-35.54333,-72.09444,210.0,open-meteo_ecmwf_ifs,daily,19.281,11.131,7.85,13.401834,1.026317,94.818886,16.4,17.062097932419512,1.2092361334815216
2025-04-24 00:00:00+00:00,-35.54333,-72.09444,210.0,open-meteo_ecmwf_ifs,daily,16.781,13.131,8.3,13.176833,3.6237679,91.30949,1.9000001,16.890569184360047,1.312113219923301
2025-04-25 00:00:00+00:00,-35.54333,-72.09444,210.0,open-meteo_ecmwf_ifs,daily,17.281,11.431,11.24,10.326833,2.4994738,83.25053,12.400002,16.720921550330775,1.7458468967112057
2025-04-26 00:00:00+00:00,-35.54333,-72.09444,210.0,open-meteo_ecmwf_ifs,daily,16.531,6.881,14.35,6.0809994,3.0465581,76.40208,0.0,16.553213250350527,1.999041627996695
2025-04-27 00:00:00+00:00,-35.54333,-72.09444,210.0,open-meteo_ecmwf_ifs,daily,19.831001,7.881,14.64,6.431,3.7453735,69.182556,0.0,16.3875014099877,2.5461939691644964
2025-04-28 00:00:00+00:00,-35.54333,-72.09444,210.0,open-meteo_ecmwf_ifs,daily,21.331001,6.6809998,14.55,7.9435,2.6326892,75.855255,0.0,16.223842033080185,2.114653732952105
2025-04-29 00:00:00+00:00,-35.54333,-72.09444,210.0,open-meteo_ecmwf_ifs,daily,18.231,5.581,14.01,6.7018337,1.2729996,74.17904,0.0,16.062289976462637,1.5831375634392046
2025-04-30 00:00:00+00:00,-35.54333,-72.09444,210.0,open-meteo_ecmwf_ifs,daily,15.131,5.531,7.89,7.422666,1.5184072,84.790436,0.0,15.902898926728506,1.0994928787080067
2025-05-01 00:00:00+00:00,-35.54333,-72.09444,210.0,open-meteo_ecmwf_ifs,daily,15.581,6.131,6.1,7.878917,1.4249998,86.44424,0.0,15.745721379048604,1.0229616347707593
2025-05-02 00:00:00+00:00,-35.54333,-72.09444,210.0,open-meteo_ecmwf_ifs,daily,17.631,6.131,13.56,7.1351657,2.0963671,80.77981,0.0,15.59080861806249,1.6379635733640787
2025-05-03 00:00:00+00:00,-35.54333,-72.09444,210.0,open-meteo_ecmwf_ifs,daily,20.681002,5.981,13.04,7.0539165,1.6592506,76.35087,0.0,15.438210700853249,1.709850023440533
2025-05-04 00:00:00+00:00,-35.54333,-72.09444,210.0,open-meteo_ecmwf_ifs,daily,16.981,11.131,10.13,9.945582,2.1222582,83.49061,0.0,15.287976442010654,1.524259205771105
2025-05-05 00:00:00+00:00,-35.54333,-72.09444,210.0,open-meteo_ecmwf_ifs,daily,16.581001,3.931,13.58,4.322667,2.0124414,71.99046,0.0,15.140153400781884,1.5850275333037145
2025-05-06 00:00:00+00:00,-35.54333,-72.09444,210.0,open-meteo_ecmwf_ifs,daily,16.431,5.781,9.48,5.9497495,1.1481463,77.005,0.0,14.994787870303304,1.2314971163150374
2025-05-07 00:00:00+00:00,-35.54333,-72.09444,210.0,open-meteo_ecmwf_ifs,daily,13.381,7.781,4.62,9.0185,1.9119304,92.04638,4.7,14.851924868900882,0.8030400904747363
2025-05-08 00:00:00+00:00,-35.54333,-72.09444,210.0,open-meteo_ecmwf_ifs,daily,14.231,10.181,6.38,10.824749,3.1774998,93.53805,15.1,14.711608133441217,0.9228119752527771
2025-05-09 00:00:00+00:00,-35.54333,-72.09444,210.0,open-meteo_ecmwf_ifs,daily,18.381,10.831,10.23,11.081,1.3736463,87.28854,0.1,14.573880114709212,1.3242883836976518
2025-05-10 00:00:00+00:00,-35.54333,-72.09444,210.0,open-meteo_ecmwf_ifs,daily,22.281,9.381,12.77,9.341416,3.1703541,77.43025,0.0,14.438781974782756,2.1763967159137136
2025-05-11 00:00:00+00:00,-35.54333,-72.09444,210.0,open-meteo_ecmwf_ifs,daily,20.181002,8.531,10.42,10.347667,1.7076074,85.627846,0.0,14.306353586368965,1.3892870110266635
2025-05-12 00:00:00+00:00,-35.54333,-72.09444,210.0,open-meteo_ecmwf_ifs,daily,18.331001,8.481,9.89,10.168501,1.3547101,89.73884,0.0,14.176633534060958,1.197912974489032
2025-05-13 00:00:00+00:00,-35.54333,-72.09444,210.0,open-meteo_ecmwf_ifs,daily,18.681002,6.881,10.8,9.116417,0.7771786,86.028786,0.0,14.04965911746838,1.1267989082440693
2025-05-14 00:00:00+00:00,-35.54333,-72.09444,210.0,open-meteo_ecmwf_ifs,daily,18.931002,7.481,9.21,9.666417,1.7378926,90.80236,0.0,13.925466356169492,1.2205252852473005
2025-05-15 00:00:00+00:00,-35.54333,-72.09444,210.0,open-meteo_ecmwf_ifs,daily,17.181002,5.531,11.89,7.0726666,1.5996252,82.31396,0.0,13.804089996427036,1.2495012305594482
2025-05-16 00:00:00+00:00,-35.54333,-72.09444,210.0,open-meteo_ecmwf_ifs,daily,16.831001,6.031,10.84,7.9601655,1.487651,87.22967,0.0,13.685563519604928,1.1357598190218394
2025-05-17 00:00:00+00:00,-35.54333,-72.09444,210.0,open-meteo_ecmwf_ifs,daily,12.081,8.281,3.06,10.153916,3.7032177,94.11495,24.4,13.56991915221751,0.4281313463787163
2025-05-18 00:00:00+00:00,-35.54333,-72.09444,210.0,open-meteo_ecmwf_ifs,daily,15.281,5.9309998,9.51,6.7976665,1.5961523,87.42142,0.0,13.457187877538034,1.0848482017225707
2025-05-19 00:00:00+00:00,-35.54333,-72.09444,210.0,open-meteo_ecmwf_ifs,daily,15.731,4.031,10.94,4.8893332,1.9961346,74.01332,0.0,13.347399448688291,1.239104355802863
2025-05-20 00:00:00+00:00,-35.54333,-72.09444,210.0,open-meteo_ecmwf_ifs,daily,19.731,6.531,10.13,5.620583,1.3460463,68.481834,2.5,13.240582403126528,1.3450725628641698
2025-05-21 00:00:00+00:00,-35.54333,-72.09444,210.0,open-meteo_ecmwf_ifs,daily,18.131,5.881,11.03,7.745583,2.0435798,78.65501,1.0,13.136764078446301,1.260588381472344
2025-05-22 00:00:00+00:00,-35.54333,-72.09444,210.0,open-meteo_ecmwf_ifs,daily,16.531,4.581,9.32,5.453917,2.0195096,74.98969,0.0,13.035970629394805,1.2250163286294684
2025-05-23 00:00:00+00:00,-35.54333,-72.09444,210.0,open-meteo_ecmwf_ifs,daily,15.681,5.581,10.47,3.5768335,1.2084787,66.3431,0.3,12.938227046015163,1.143027735024706
2025-05-24 00:00:00+00:00,-35.54333,-72.09444,210.0,open-meteo_ecmwf_ifs,daily,17.281,5.081,10.75,6.706,1.3718501,83.72786,0.0,12.8435571728134,1.076448373054088
2025-05-25 00:00:00+00:00,-35.54333,-72.09444,210.0,open-meteo_ecmwf_ifs,daily,13.531,6.1809998,3.64,8.5685,3.0264366,92.19291,6.0999994,12.751983728847728,0.6773990129417118
2025-05-26 00:00:00+00:00,-35.54333,-72.09444,210.0,open-meteo_ecmwf_ifs,daily,14.531,8.781,6.62,10.695583,2.2319825,91.6279,12.600002,12.663528328634294,0.7276541761481546
2025-05-27 00:00:00+00:00,-35.54333,-72.09444,210.0,open-meteo_ecmwf_ifs,daily,11.381,3.381,11.15,3.5101664,3.3447933,81.16518,0.0,12.57821150376125,1.11985047497475
2025-05-28 00:00:00+00:00,-35.54333,-72.09444,210.0,open-meteo_ecmwf_ifs,daily,13.781,2.781,10.05,2.1080832,3.8418767,72.26711,0.0,12.496052725100409,1.532636877708331
2025-05-29 00:00:00+00:00,-35.54333,-72.09444,210.0,open-meteo_ecmwf_ifs,daily,17.181002,5.831,10.67,5.091417,3.7928782,67.91546,0.0,12.417070425503901,1.753424253831937
2025-05-30 00:00:00+00:00,-35.54333,-72.09444,210.0,open-meteo_ecmwf_ifs,daily,15.781,9.481,10.86,7.9414163,4.363974,76.343346,0.0,12.341282022871779,1.6353818064531345
2025-05-31 00:00:00+00:00,-35.54333,-72.09444,210.0,open-meteo_ecmwf_ifs,daily,14.731,4.081,11.0,1.7664165,4.2263126,66.19851,0.0,12.268703943475336,1.859066998091403
2025-06-01 00:00:00+00:00,-35.54333,-72.09444,210.0,open-meteo_ecmwf_ifs,daily,16.631,4.981,10.5,1.7914168,2.689767,58.858215,0.0,12.199351645420318,1.6883542191993777
2025-06-02 00:00:00+00:00,-35.54333,-72.09444,210.0,open-meteo_ecmwf_ifs,daily,17.031,7.981,5.75,6.9789166,1.0433303,77.31392,0.0,12.133239642134072,0.9591187590324496
2025-06-03 00:00:00+00:00,-35.54333,-72.09444,210.0,open-meteo_ecmwf_ifs,daily,13.881,8.581,3.49,8.733084,0.9177126,89.074,0.0,12.070381525760919,0.6925049787694212
2025-06-04 00:00:00+00:00,-35.54333,-72.09444,210.0,open-meteo_ecmwf_ifs,daily,17.081001,8.081,9.12,9.128917,1.0516471,88.34445,1.6,12.01078999035094,0.8912785666628831
2025-06-05 00:00:00+00:00,-35.54333,-72.09444,210.0,open-meteo_ecmwf_ifs,daily,16.531,4.9309998,10.45,6.970583,1.6483351,85.04702,0.0,11.95447685472855,0.9524753367085794
2025-06-06 00:00:00+00:00,-35.54333,-72.09444,210.0,open-meteo_ecmwf_ifs,daily,13.781,4.831,8.82,6.976833,1.390501,90.6883,0.0,11.901453084929246,0.7457019243620074
2025-06-07 00:00:00+00:00,-35.54333,-72.09444,210.0,open-meteo_ecmwf_ifs,daily,14.731,5.631,9.32,7.4622483,1.0573221,87.535706,0.0,11.851728816095008,0.7622651524189024
2025-06-08 00:00:00+00:00,-35.54333,-72.09444,210.0,open-meteo_ecmwf_ifs,daily,14.631,4.181,10.41,5.664333,1.9042712,84.76896,0.0,11.805313373721994,0.9228907788076974
2025-06-09 00:00:00+00:00,-35.54333,-72.09444,210.0,open-meteo_ecmwf_ifs,daily,15.381,3.8309999,9.51,4.5226665,1.461109,80.4647,0.0,11.762215294157109,0.9334368976975778
2025-06-10 00:00:00+00:00,-35.54333,-72.09444,210.0,open-meteo_ecmwf_ifs,daily,16.131,4.231,10.44,5.1872497,0.8388369,81.217186,0.0,11.722442344244419,0.7911571779646358
2025-06-11 00:00:00+00:00,-35.54333,-72.09444,210.0,open-meteo_ecmwf_ifs,daily,12.681,5.581,3.44,8.187251,3.7503462,94.11399,0.90000004,11.68600154002618,0.5688773748278207
2025-06-12 00:00:00+00:00,-35.54333,-72.09444,210.0,open-meteo_ecmwf_ifs,daily,11.981,7.581,3.95,8.564333,3.9756966,93.82004,21.9,11.652899164408577,0.6492985905090637
2025-06-13 00:00:00+00:00,-35.54333,-72.09444,210.0,open-meteo_ecmwf_ifs,daily,12.281,5.531,7.08,6.6726665,1.5967289,90.12973,1.1,11.623140783707235,0.7015986001228594
2025-06-14 00:00:00+00:00,-35.54333,-72.09444,210.0,open-meteo_ecmwf_ifs,daily,12.131,1.981,4.58,4.922667,2.5133705,91.12649,1.9000001,11.596731262993424,0.6868288723650962
2025-06-15 00:00:00+00:00,-35.54333,-72.09444,210.0,open-meteo_ecmwf_ifs,daily,11.981,7.631,0.69,9.868499,6.3224373,97.28955,74.5,11.573674780168094,0.2563095666008815
2025-06-16 00:00:00+00:00,-35.54333,-72.09444,210.0,open-meteo_ecmwf_ifs,daily,11.181,6.031,4.42,7.8872504,2.1277099,94.11573,7.399999,11.553974838697263,0.5190952559753734
2025-06-17 00:00:00+00:00,-35.54333,-72.09444,210.0,open-meteo_ecmwf_ifs,daily,13.431,7.231,7.56,7.8893337,1.0434394,90.38531,0.6,11.537634278949328,0.7000136652200485
2025-06-18 00:00:00+00:00,-35.54333,-72.09444,210.0,open-meteo_ecmwf_ifs,daily,13.581,3.931,10.31,4.8643336,2.332847,85.15865,0.0,11.52465528808195,0.9415465671341682
2025-06-19 00:00:00+00:00,-35.54333,-72.09444,210.0,open-meteo_ecmwf_ifs,daily,12.731,2.081,10.63,2.5476668,3.0958412,76.11602,0.0,11.515039408433795,1.1036960960965199
2025-06-20 00:00:00+00:00,-35.54333,-72.09444,210.0,open-meteo_ecmwf_ifs,daily,16.231,6.481,9.66,6.678917,3.4833572,83.10122,0.0,11.508787544383997,1.3293200611548026
2025-06-21 00:00:00+00:00,-35.54333,-72.09444,210.0,open-meteo_ecmwf_ifs,daily,12.681,6.581,5.33,7.0809994,1.367155,89.50335,0.0,11.50589996765029,0.7035341023458974
2025-06-22 00:00:00+00:00,-35.54333,-72.09444,210.0,open-meteo_ecmwf_ifs,daily,11.531,6.631,8.63,6.0372505,2.9342487,83.46705,7.9,11.506376321004735,0.9186461076734853
2025-06-23 00:00:00+00:00,-35.54333,-72.09444,210.0,open-meteo_ecmwf_ifs,daily,11.181,1.7809999,10.5,0.049750026,4.0912375,67.72653,0.0,11.510215620394195,1.4099989956267127
2025-06-24 00:00:00+00:00,-35.54333,-72.09444,210.0,open-meteo_ecmwf_ifs,daily,12.681,2.331,10.1,2.9768333,2.8566983,77.98869,0.0,11.517416255461043,1.0357003611048352
2025-06-25 00:00:00+00:00,-35.54333,-72.09444,210.0,open-meteo_ecmwf_ifs,daily,10.831,3.5809999,10.73,3.3934996,3.5080338,79.95632,0.0,11.527975988467691,1.015158311631753
2025-06-26 00:00:00+00:00,-35.54333,-72.09444,210.0,open-meteo_ecmwf_ifs,daily,10.381,0.13100001,10.67,0.59975,1.7828659,77.608154,0.0,11.54189195163699,0.7978755223577857
2025-06-27 00:00:00+00:00,-35.54333,-72.09444,210.0,open-meteo_ecmwf_ifs,daily,11.831,3.981,5.28,3.5997498,1.9662446,85.12283,0.4,11.559160642928422,0.8968710983215524
2025-06-28 00:00:00+00:00,-35.54333,-72.09444,210.0,open-meteo_ecmwf_ifs,daily,11.031,2.431,9.85,3.2039165,1.9878473,84.1102,0.1,11.579777920278394,0.7959388870968332
2025-06-29 00:00:00+00:00,-35.54333,-72.09444,210.0,open-meteo_ecmwf_ifs,daily,9.731,-0.21899998,9.77,0.8476668,2.3324447,82.65159,0.0,11.60373899434037,0.8089837944190871
2025-06-30 00:00:00+00:00,-35.54333,-72.09444,210.0,open-meteo_ecmwf_ifs,daily,9.331,-3.119,9.67,-5.835667,2.1797438,59.89439,0.0,11.631038419768629,1.0873547428472794
2025-07-01 00:00:00+00:00,-35.54333,-72.09444,210.0,open-meteo_ecmwf_ifs,daily,11.931,1.5309999,9.74,-0.7106667,0.70805097,64.1386,0.0,11.661670085096533,0.6967865574960114
2025-07-02 00:00:00+00:00,-35.54333,-72.09444,210.0,open-meteo_ecmwf_ifs,daily,15.481,2.431,9.78,2.4101667,1.2169298,73.1612,0.0,11.695627201267309,0.9086239031028107
2025-07-03 00:00:00+00:00,-35.54333,-72.09444,210.0,open-meteo_ecmwf_ifs,daily,15.431,3.431,10.08,2.6539166,1.8783208,68.20875,0.0,11.732902288882276,1.1385916897649904
2025-07-04 00:00:00+00:00,-35.54333,-72.09444,210.0,open-meteo_ecmwf_ifs,daily,16.381,3.381,10.33,4.6914163,1.6440135,79.4492,0.0,11.773487164237569,0.9942670492100264
2025-07-05 00:00:00+00:00,-35.54333,-72.09444,210.0,open-meteo_ecmwf_ifs,daily,12.731,6.031,3.09,8.805999,3.5586922,97.23661,2.3999996,11.817372924226586,0.4959136146852071
2025-07-06 00:00:00+00:00,-35.54333,-72.09444,210.0,open-meteo_ecmwf_ifs,daily,14.581,10.331,4.54,10.595583,5.254125,93.08738,8.299999,11.864549930190831,0.9397205470413786
2025-07-07 00:00:00+00:00,-35.54333,-72.09444,210.0,open-meteo_ecmwf_ifs,daily,16.331001,9.531,8.07,10.864333,1.8808378,93.57311,1.4000001,11.91500779080697,0.8705368308220085
2025-07-08 00:00:00+00:00,-35.54333,-72.09444,210.0,open-meteo_ecmwf_ifs,daily,14.631,7.731,8.84,8.058083,3.4016736,89.56506,0.0,11.9687353441026,1.1041619455819962
2025-07-09 00:00:00+00:00,-35.54333,-72.09444,210.0,open-meteo_ecmwf_ifs,daily,10.831,2.931,5.99,4.599749,1.8041648,89.48432,0.0,12.025720638697228,0.6868025048595405
2025-07-10 00:00:00+00:00,-35.54333,-72.09444,210.0,open-meteo_ecmwf_ifs,daily,12.881,2.181,11.31,2.4226665,3.1172721,79.560356,0.0,12.08595091436888,1.2047370427783095
2025-07-11 00:00:00+00:00,-35.54333,-72.09444,210.0,open-meteo_ecmwf_ifs,daily,15.331,4.481,11.37,3.9518337,3.5018752,75.69402,0.0,12.14941258204961,1.508373615200148
2025-07-12 00:00:00+00:00,-35.54333,-72.09444,210.0,open-meteo_ecmwf_ifs,daily,13.731,4.531,10.91,5.3997498,3.0341384,82.818,0.0,12.216091203356125,1.1086165469646543
2025-07-13 00:00:00+00:00,-35.54333,-72.09444,210.0,open-meteo_ecmwf_ifs,daily,13.681,4.131,8.65,5.67475,1.6651295,90.24271,0.0,12.28597146976359,0.8653020017617069
2025-07-14 00:00:00+00:00,-35.54333,-72.09444,210.0,open-meteo_ecmwf_ifs,daily,11.931,5.581,4.65,6.360166,1.7675475,89.719734,0.4,12.359037181532612,0.7456512134029735
2025-07-15 00:00:00+00:00,-35.54333,-72.09444,210.0,open-meteo_ecmwf_ifs,daily,11.631,3.681,5.55,5.3101664,1.1247138,91.21679,6.1,12.435271226500248,0.6775196243060525
2025-07-16 00:00:00+00:00,-35.54333,-72.09444,210.0,open-meteo_ecmwf_ifs,daily,13.781,2.5809999,11.78,2.2080832,3.8663886,77.59501,0.0,12.514655558846759,1.5136152251695703
2025-07-17 00:00:00+00:00,-35.54333,-72.09444,210.0,open-meteo_ecmwf_ifs,daily,18.331001,7.631,11.6,-0.61691684,4.3568816,43.768463,0.0,12.597171177949795,2.9511024861030295
2025-07-18 00:00:00+00:00,-35.54333,-72.09444,210.0,open-meteo_ecmwf_ifs,daily,14.831,3.631,11.73,3.303917,2.1717532,69.01766,0.0,12.682798107437494,1.261119052464961
2025-07-19 00:00:00+00:00,-35.54333,-72.09444,210.0,open-meteo_ecmwf_ifs,daily,16.031,5.281,9.31,7.0726666,2.7938116,86.79728,0.0,12.771515374551324,1.1605329788523349
2025-07-20 00:00:00+00:00,-35.54333,-72.09444,210.0,open-meteo_ecmwf_ifs,daily,16.681002,6.9309998,10.01,7.416416,2.4325159,77.782295,0.0,12.863300989927865,1.2828851986055982
2025-07-21 00:00:00+00:00,-35.54333,-72.09444,210.0,open-meteo_ecmwf_ifs,daily,18.931002,5.731,11.6,7.5768332,1.0094699,80.508644,0.0,12.958131927907768,1.086393597211613
2025-07-22 00:00:00+00:00,-35.54333,-72.09444,210.0,open-meteo_ecmwf_ifs,daily,15.981,8.1310005,10.36,9.097667,2.2125163,89.99335,0.0,13.055984107477514,1.1278904948271034
2025-07-23 00:00:00+00:00,-35.54333,-72.09444,210.0,open-meteo_ecmwf_ifs,daily,16.631,3.731,11.37,6.081,1.1702064,82.77711,0.0,13.156832373947514,1.0268971104790892
2025-07-24 00:00:00+00:00,-35.54333,-72.09444,210.0,open-meteo_ecmwf_ifs,daily,12.931,5.031,5.14,7.03725,3.3550422,95.33045,6.9000006,13.260650481467414,0.8325876720651794
2025-07-25 00:00:00+00:00,-35.54333,-72.09444,210.0,open-meteo_ecmwf_ifs,daily,15.081,9.031,8.01,9.1685,3.3691149,90.65015,3.5999997,13.367411076476118,1.1903911842784671
2025-07-26 00:00:00+00:00,-35.54333,-72.09444,210.0,open-meteo_ecmwf_ifs,daily,13.531,6.531,6.34,8.11225,1.3446816,92.82346,0.9000001,13.47708568218097,0.8015520159227051
2025-07-27 00:00:00+00:00,-35.54333,-72.09444,210.0,open-meteo_ecmwf_ifs,daily,14.631,8.531,6.17,8.864335,2.2030585,91.15042,1.5,13.589644684156724,1.0012766095336192
2025-07-28 00:00:00+00:00,-35.54333,-72.09444,210.0,open-meteo_ecmwf_ifs,daily,17.431002,7.881,6.48,9.77475,1.6109706,89.414925,1.9000001,13.705057317151052,1.0081318960392678
2025-07-29 00:00:00+00:00,-35.54333,-72.09444,210.0,open-meteo_ecmwf_ifs,daily,19.631,9.931,7.56,10.593499,1.171475,84.34867,0.0,13.823291653179197,1.160533183502812
2025-07-30 00:00:00+00:00,-35.54333,-72.09444,210.0,open-meteo_ecmwf_ifs,daily,13.081,10.881,2.07,11.570582,4.840593,97.49225,6.1999993,13.944314590985998,0.5041314676215816
2025-07-31 00:00:00+00:00,-35.54333,-72.09444,210.0,open-meteo_ecmwf_ifs,daily,12.431,11.031,2.42,11.185166,5.84047,98.01513,47.000004,14.068091846949022,0.5458219412182744
2025-08-01 00:00:00+00:00,-35.54333,-72.09444,210.0,open-meteo_ecmwf_ifs,daily,11.031,9.431,2.23,9.822666,4.663502,97.97641,18.100002,14.19458794749178,0.4867070875350833
2025-08-02 00:00:00+00:00,-35.54333,-72.09444,210.0,open-meteo_ecmwf_ifs,daily,11.431,6.731,8.34,6.985165,3.181217,90.239655,8.800001,14.323766223071045,0.9881803403360592
2025-08-03 00:00:00+00:00,-35.54333,-72.09444,210.0,open-meteo_ecmwf_ifs,daily,12.281,2.8309999,7.05,4.2955837,1.3348323,87.72991,0.0,14.455588803797536,0.9037908614046476
2025-08-04 00:00:00+00:00,-35.54333,-72.09444,210.0,open-meteo_ecmwf_ifs,daily,19.031,3.131,13.05,4.026833,2.1118553,73.360756,0.0,14.59001661674371,1.6684964493903527
2025-08-05 00:00:00+00:00,-35.54333,-72.09444,210.0,open-meteo_ecmwf_ifs,daily,19.831001,6.581,11.8,6.953916,1.8403616,72.187935,0.0,14.727009384987745,1.632683411623861
2025-08-06 00:00:00+00:00,-35.54333,-72.09444,210.0,open-meteo_ecmwf_ifs,daily,18.031,10.081,11.42,10.078915,3.024268,85.68748,0.3,14.866525628436978,1.6613986322481524
2025-08-07 00:00:00+00:00,-35.54333,-72.09444,210.0,open-meteo_ecmwf_ifs,daily,16.231,6.531,12.74,7.0997486,3.027032,81.817764,0.0,15.008522666469,1.6059062945558868
2025-08-08 00:00:00+00:00,-35.54333,-72.09444,210.0,open-meteo_ecmwf_ifs,daily,18.681002,5.081,14.54,6.2601657,1.0568963,77.273506,0.0,15.152956622423318,1.4703802731963638
2025-08-09 00:00:00+00:00,-35.54333,-72.09444,210.0,open-meteo_ecmwf_ifs,daily,12.481,5.381,5.33,7.02475,2.1213899,89.61203,0.6,15.299782429970788,0.8526111141444077
2025-08-10 00:00:00+00:00,-35.54333,-72.09444,210.0,open-meteo_ecmwf_ifs,daily,17.231,3.481,12.38,6.3580832,1.0171064,84.49305,0.0,15.448953841382767,1.2739177514072935
2025-08-11 00:00:00+00:00,-35.54333,-72.09444,210.0,open-meteo_ecmwf_ifs,daily,21.581001,6.481,12.36,8.285166,1.120565,79.23722,0.0,15.60042343771656,1.5578540828215492
2025-08-12 00:00:00+00:00,-35.54333,-72.09444,210.0,open-meteo_ecmwf_ifs,daily,17.631,9.031,7.14,10.203917,1.7559439,87.35337,0.0,15.754142640928102,1.213977850565352
2025-08-13 00:00:00+00:00,-35.54333,-72.09444,210.0,open-meteo_ecmwf_ifs,daily,18.331001,6.4309998,14.15,6.626833,2.8603356,73.53197,0.0,15.91006172791757,1.964613857466301
2025-08-14 00:00:00+00:00,-35.54333,-72.09444,210.0,open-meteo_ecmwf_ifs,daily,21.431002,6.081,14.93,7.528917,1.634236,78.06873,0.0,16.06812984650826,1.8742032791101
2025-08-15 00:00:00+00:00,-35.54333,-72.09444,210.0,open-meteo_ecmwf_ifs,daily,15.231,10.381,9.98,9.758083,3.5969248,86.0476,0.90000004,16.22829503335349,1.5201657124858166
2025-08-16 00:00:00+00:00,-35.54333,-72.09444,210.0,open-meteo_ecmwf_ifs,daily,18.031,9.981,13.37,9.572667,2.5163636,83.33667,6.5,16.390504233761373,1.8658970377156923
2025-08-17 00:00:00+00:00,-35.54333,-72.09444,210.0,open-meteo_ecmwf_ifs,daily,16.181,8.931,9.38,8.972667,1.3273602,83.9333,1.0,16.554703323421677,1.33257787298883
2025-08-18 00:00:00+00:00,-35.54333,-72.09444,210.0,open-meteo_ecmwf_ifs,daily,18.631,7.081,10.53,8.556,1.6508678,86.331245,0.5,16.720837132014257,1.5251090911434155
2025-08-19 00:00:00+00:00,-35.54333,-72.09444,210.0,open-meteo_ecmwf_ifs,daily,15.081,5.9309998,8.06,7.6289163,1.8186105,89.5191,0.9000001,16.88884946867303,1.186349551492251
2025-08-20 00:00:00+00:00,-35.54333,-72.09444,210.0,open-meteo_ecmwf_ifs,daily,16.881,6.131,13.99,8.485166,1.3832566,86.92681,1.7000002,17.058683149274795,1.5442801854750854
2025-08-21 00:00:00+00:00,-35.54333,-72.09444,210.0,open-meteo_ecmwf_ifs,daily,10.481,7.081,5.55,8.1935,3.7589197,92.384125,28.600002,17.230280025517267,0.7002306138290071
2025-08-22 00:00:00+00:00,-35.54333,-72.09444,210.0,open-meteo_ecmwf_ifs,daily,10.331,4.281,11.81,3.8455832,2.4342546,85.23428,2.5999994,17.403581015745665,1.3521201757374817
2025-08-23 00:00:00+00:00,-35.54333,-72.09444,210.0,open-meteo_ecmwf_ifs,daily,13.081,1.431,15.72,1.6455833,1.2444286,77.58823,0.0,17.578526137482896,1.5595729222864783
2025-08-24 00:00:00+00:00,-35.54333,-72.09444,210.0,open-meteo_ecmwf_ifs,daily,16.181,3.5809999,15.76,4.8893332,3.0741003,77.70579,0.0,17.75505454161349,1.9458927063148717
2025-08-25 00:00:00+00:00,-35.54333,-72.09444,210.0,open-meteo_ecmwf_ifs,daily,20.381,7.781,17.24,7.1351676,5.5763774,74.04876,0.0,17.933104548167226,3.0696114385679603
2025-08-26 00:00:00+00:00,-35.54333,-72.09444,210.0,open-meteo_ecmwf_ifs,daily,21.381,7.031,17.49,7.0747495,3.9860592,70.85091,0.0,18.11261368364402,2.864440123556257
2025-08-27 00:00:00+00:00,-35.54333,-72.09444,210.0,open-meteo_ecmwf_ifs,daily,22.831001,6.131,17.01,8.208084,1.6389704,75.48992,0.0,18.29351871981759,2.2710548249602285
2025-08-28 00:00:00+00:00,-35.54333,-72.09444,210.0,open-meteo_ecmwf_ifs,daily,17.181002,8.331,8.96,9.53725,1.0412884,88.63718,0.1,18.475755713951184,1.356807589492558
2025-08-29 00:00:00+00:00,-35.54333,-72.09444,210.0,open-meteo_ecmwf_ifs,daily,14.631,9.131,6.52,8.274751,1.2291372,84.599304,0.8000001,18.659260050355414,1.2156227618375754
2025-08-30 00:00:00+00:00,-35.54333,-72.09444,210.0,open-meteo_ecmwf_ifs,daily,16.781,7.781,11.26,8.16225,1.1396574,82.83064,0.7,18.843966483213713,1.5799794653559922
2025-08-31 00:00:00+00:00,-35.54333,-72.09444,210.0,open-meteo_ecmwf_ifs,daily,15.281,9.081,5.9,8.566417,1.1501868,83.2551,0.3,19.02980918059847,1.183942346208151
2025-09-01 00:00:00+00:00,-35.54333,-72.09444,210.0,open-meteo_ecmwf_ifs,daily,16.481,5.081,11.38,7.695583,1.4655694,86.1561,0.0,19.21672176959681,1.4987795131596129
2025-09-02 00:00:00+00:00,-35.54333,-72.09444,210.0,open-meteo_ecmwf_ifs,daily,13.581,5.131,8.41,6.072666,1.7451426,84.46671,0.6,19.404637382462262,1.2940969538733345
2025-09-03 00:00:00+00:00,-35.54333,-72.09444,210.0,open-meteo_ecmwf_ifs,daily,14.331,2.981,19.17,2.508083,3.9169893,72.19056,0.0,19.59348870370589,2.3749162871435905
2025-09-04 00:00:00+00:00,-35.54333,-72.09444,210.0,open-meteo_ecmwf_ifs,daily,16.381,2.681,19.44,2.3289165,3.7588995,66.62856,0.0,19.783208018037218,2.600850648515281
2025-09-05 00:00:00+00:00,-35.54333,-72.09444,210.0,open-meteo_ecmwf_ifs,daily,17.881,4.331,19.06,5.662249,1.2429668,73.63751,0.0,19.97372725906345,2.1925892324302363
2025-09-06 00:00:00+00:00,-35.54333,-72.09444,210.0,open-meteo_ecmwf_ifs,daily,15.231,3.781,14.73,6.0080833,2.1664188,85.122,0.0,20.16497805865303,1.7720749092890606
2025-09-07 00:00:00+00:00,-35.54333,-72.09444,210.0,open-meteo_ecmwf_ifs,daily,13.081,5.381,9.76,5.6872506,2.0641105,81.71532,0.70000005,20.35689179686736,1.459160414403861
2025-09-08 00:00:00+00:00,-35.54333,-72.09444,210.0,open-meteo_ecmwf_ifs,daily,14.731,6.781,13.07,6.620584,2.7236462,82.20761,0.1,20.54939965236335,1.8875477378878178
2025-09-09 00:00:00+00:00,-35.54333,-72.09444,210.0,open-meteo_ecmwf_ifs,daily,18.081001,5.031,18.74,8.053917,2.7072303,83.67176,0.0,20.742432653167263,2.2348293015774234
2025-09-10 00:00:00+00:00,-35.54333,-72.09444,210.0,open-meteo_ecmwf_ifs,daily,18.481,10.781,18.91,9.620584,2.6313465,81.061745,23.6,20.93592172771996,2.70842299366443
2025-09-11 00:00:00+00:00,-35.54333,-72.09444,210.0,open-meteo_ecmwf_ifs,daily,21.481,5.231,20.18,5.822666,2.6800826,65.97461,0.0,21.12979775609176,2.9681772976192833
2025-09-12 00:00:00+00:00,-35.54333,-72.09444,210.0,open-meteo_ecmwf_ifs,daily,20.731,5.331,18.3,4.38725,1.1188666,59.96903,0.0,21.32399162126505,2.478952645584636
2025-09-13 00:00:00+00:00,-35.54333,-72.09444,210.0,open-meteo_ecmwf_ifs,daily,14.931,6.981,10.57,7.4518332,2.032761,84.66767,8.200001,21.518434260382374,1.6384547382004333
2025-09-14 00:00:00+00:00,-35.54333,-72.09444,210.0,open-meteo_ecmwf_ifs,daily,18.081001,6.381,18.52,4.651833,2.994818,64.67948,0.0,21.713056715856975,2.8671128946137148
2025-09-15 00:00:00+00:00,-35.54333,-72.09444,210.0,open-meteo_ecmwf_ifs,daily,20.081001,5.1809998,21.29,5.4372497,2.7154028,71.92782,0.0,21.907790186243645,3.0044162786477737
2025-09-16 00:00:00+00:00,-35.54333,-72.09444,210.0,open-meteo_ecmwf_ifs,daily,21.231,9.331,20.42,7.58725,3.6835883,66.29998,0.0,22.102566076767665,3.4913699826710873
2025-09-17 00:00:00+00:00,-35.54333,-72.09444,210.0,open-meteo_ecmwf_ifs,daily,15.981,7.781,9.45,9.22475,2.651225,82.59623,0.3,22.297316049410306,1.5591561307705546
2025-09-18 00:00:00+00:00,-35.54333,-72.09444,210.0,open-meteo_ecmwf_ifs,daily,20.481,6.781,16.95,8.378917,1.206453,83.20272,0.0,22.49197207245074,2.3939096681593366
2025-09-19 00:00:00+00:00,-35.54333,-72.09444,210.0,open-meteo_ecmwf_ifs,daily,18.581001,8.581,15.13,9.153917,1.9066254,82.61707,0.0,22.686466469364774,2.2877473086210083
2025-09-20 00:00:00+00:00,-35.54333,-72.09444,210.0,open-meteo_ecmwf_ifs,daily,14.331,9.781,13.28,9.664333,4.304169,88.83645,21.400003,22.88073196698318,1.848829878421015
2025-09-21 00:00:00+00:00,-35.54333,-72.09444,210.0,open-meteo_ecmwf_ifs,daily,14.981,6.781,17.49,7.0955825,2.963951,82.60908,7.9999995,23.074701742813488,2.279205651247289
2025-09-22 00:00:00+00:00,-35.54333,-72.09444,210.0,open-meteo_ecmwf_ifs,daily,17.081001,3.481,21.48,4.6080832,2.3516288,75.133545,0.0,23.26830947143153,2.688975915028643
2025-09-23 00:00:00+00:00,-35.54333,-72.09444,210.0,open-meteo_ecmwf_ifs,daily,21.081001,5.881,21.93,5.8601665,1.531442,67.64655,0.0,23.46148936985155,3.044771732271549
2025-09-24 00:00:00+00:00,-35.54333,-72.09444,210.0,open-meteo_ecmwf_ifs,daily,23.881,6.481,22.02,7.6705837,1.7186872,69.93325,0.0,23.6541762417859,3.266514024344079
2025-09-25 00:00:00+00:00,-35.54333,-72.09444,210.0,open-meteo_ecmwf_ifs,daily,18.431002,5.881,22.09,8.128917,2.1885304,74.943,0.0,23.846305520708682,2.7815696176918396
2025-09-26 00:00:00+00:00,-35.54333,-72.09444,210.0,open-meteo_ecmwf_ifs,daily,13.481,8.781,8.87,8.833083,1.9119105,88.75068,9.9,24.03781331164057,1.4481151498791631
2025-09-27 00:00:00+00:00,-35.54333,-72.09444,210.0,open-meteo_ecmwf_ifs,daily,18.481,3.931,22.7,6.156,1.5295262,78.29664,0.0,24.228636431575595,2.813239353685684
2025-09-28 00:00:00+00:00,-35.54333,-72.09444,210.0,open-meteo_ecmwf_ifs,daily,19.231,6.1809998,17.36,7.7622495,2.1647775,76.85253,0.0,24.4187124484744,2.5707905455543174
2025-09-29 00:00:00+00:00,-35.54333,-72.09444,210.0,open-meteo_ecmwf_ifs,daily,17.731,9.231,23.27,8.251833,2.7450988,76.83587,0.0,24.607979718752073,3.223091910901649
2025-09-30 00:00:00+00:00,-35.54333,-72.09444,210.0,open-meteo_ecmwf_ifs,daily,21.681002,7.381,24.45,4.395583,5.1216464,58.80644,0.0,24.796377423193224,4.4930970020292005
