date,lat,lon,z,source,granularity,Tmax,Tmin,Rs,Tdwp,Wspeed2M,RHmean,Precip_mm,Rso,Eto
2017-01-01 00:00:00+00:00,-35.836944,-71.592777,160.0,open-meteo_ecmwf_ifs,daily,28.887,13.337001,33.44,10.837001,3.8244133,58.068726,0.0,33.35658307820425,6.663260315502225
2017-01-02 00:00:00+00:00,-35.836944,-71.592777,160.0,open-meteo_ecmwf_ifs,daily,28.837,11.037001,33.82,7.439083,3.3677728,47.821766,0.0,33.325967258413414,6.607800249700855
2017-01-03 00:00:00+00:00,-35.836944,-71.592777,160.0,open-meteo_ecmwf_ifs,daily,26.237,12.537001,33.33,8.6995,4.4121222,53.893066,0.0,33.29252721165685,6.519655064825183
2017-01-04 00:00:00+00:00,-35.836944,-71.592777,160.0,open-meteo_ecmwf_ifs,daily,25.887,11.037001,33.61,4.00575,5.4554105,41.606087,0.0,33.25626466961939,7.144162804219378
2017-01-05 00:00:00+00:00,-35.836944,-71.592777,160.0,open-meteo_ecmwf_ifs,daily,30.687,8.437,34.47,5.270333,3.5271404,47.13437,0.0,33.21718167558599,6.811149713413146
2017-01-06 00:00:00+00:00,-35.836944,-71.592777,160.0,open-meteo_ecmwf_ifs,daily,30.587,11.737,33.47,7.5140834,1.6325687,45.203625,0.0,33.1752805943787,6.135470673173163
2017-01-07 00:00:00+00:00,-35.836944,-71.592777,160.0,open-meteo_ecmwf_ifs,daily,30.437,13.137,33.13,7.7849164,2.777483,44.0143,0.0,33.130564123047265,6.739319830172604
2017-01-08 00:00:00+00:00,-35.836944,-71.592777,160.0,open-meteo_ecmwf_ifs,daily,29.887,15.087001,30.48,11.757834,3.3285534,56.79993,0.5,33.0830353023281,6.466879551072236
2017-01-09 00:00:00+00:00,-35.836944,-71.592777,160.0,open-meteo_ecmwf_ifs,daily,24.237,16.137,23.1,12.791165,2.1793468,66.46006,18.300001,33.032697528885905,4.563202457089569
2017-01-10 00:00:00+00:00,-35.836944,-71.592777,160.0,open-meteo_ecmwf_ifs,daily,26.687,12.037001,33.49,7.7349167,3.1844323,49.433025,0.0,32.97955456834944,6.312290979146833
2017-01-11 00:00:00+00:00,-35.836944,-71.592777,160.0,open-meteo_ecmwf_ifs,daily,30.237,10.637,33.47,7.5953326,3.2047184,49.515705,0.0,32.92361056915107,6.607575350282518
2017-01-12 00:00:00+00:00,-35.836944,-71.592777,160.0,open-meteo_ecmwf_ifs,daily,32.787,14.487,31.12,10.255749,4.2937818,45.61723,0.0,32.864870077176626,7.4090973125561765
2017-01-13 00:00:00+00:00,-35.836944,-71.592777,160.0,open-meteo_ecmwf_ifs,daily,31.487,15.687,32.76,11.895335,3.9419916,55.270847,0.0,32.803338051229204,7.233143031582306
2017-01-14 00:00:00+00:00,-35.836944,-71.592777,160.0,open-meteo_ecmwf_ifs,daily,28.937,12.487,32.93,8.482833,2.5305266,49.002384,0.0,32.739019879307094,6.292493619985839
2017-01-15 00:00:00+00:00,-35.836944,-71.592777,160.0,open-meteo_ecmwf_ifs,daily,29.286999,12.187,32.9,9.566169,1.898065,53.017014,0.0,32.671921395692294,5.9956337252579335
2017-01-16 00:00:00+00:00,-35.836944,-71.592777,160.0,open-meteo_ecmwf_ifs,daily,31.637,13.337001,32.95,9.2057495,2.3720572,48.810303,0.0,32.60204889884222,6.565761825729527
2017-01-17 00:00:00+00:00,-35.836944,-71.592777,160.0,open-meteo_ecmwf_ifs,daily,31.536999,16.687,32.4,11.234918,5.32869,49.334167,0.0,32.5294091700727,7.938432346303325
2017-01-18 00:00:00+00:00,-35.836944,-71.592777,160.0,open-meteo_ecmwf_ifs,daily,32.387,12.537001,33.08,4.9828334,3.2004092,34.964695,0.0,32.45400949301641,7.231929137129459
2017-01-19 00:00:00+00:00,-35.836944,-71.592777,160.0,open-meteo_ecmwf_ifs,daily,33.887,13.687,32.91,8.805751,3.3403053,43.219402,0.0,32.37585767383586,7.340671503124579
2017-01-20 00:00:00+00:00,-35.836944,-71.592777,160.0,open-meteo_ecmwf_ifs,daily,34.987,15.587001,32.66,9.784917,4.286647,42.801205,0.0,32.2949620621657,8.111354736261847
2017-01-21 00:00:00+00:00,-35.836944,-71.592777,160.0,open-meteo_ecmwf_ifs,daily,34.737,15.487,32.21,9.682834,4.875686,42.88815,0.0,32.21133157275414,8.295350151623579
2017-01-22 00:00:00+00:00,-35.836944,-71.592777,160.0,open-meteo_ecmwf_ifs,daily,30.437,13.837001,32.41,9.693251,2.0641298,47.44176,0.0,32.12497570776827,6.2327290218537845
2017-01-23 00:00:00+00:00,-35.836944,-71.592777,160.0,open-meteo_ecmwf_ifs,daily,32.086998,13.787001,32.02,9.553666,2.353335,44.449963,0.0,32.035904579723656,6.480927925302947
2017-01-24 00:00:00+00:00,-35.836944,-71.592777,160.0,open-meteo_ecmwf_ifs,daily,31.687,16.137,31.69,9.826583,5.254556,42.415592,0.0,31.94412893499317,7.946827132393238
2017-01-25 00:00:00+00:00,-35.836944,-71.592777,160.0,open-meteo_ecmwf_ifs,daily,36.387,14.787001,31.47,11.237,4.7775693,47.305313,0.0,31.849660177845706,8.098649723456036
2017-01-26 00:00:00+00:00,-35.836944,-71.592777,160.0,open-meteo_ecmwf_ifs,daily,38.237,18.786999,31.87,10.132833,3.7640378,34.08324,0.0,31.75251039496029,8.55619862738791
2017-01-27 00:00:00+00:00,-35.836944,-71.592777,160.0,open-meteo_ecmwf_ifs,daily,32.787,16.487,30.96,15.676582,1.7537384,60.972683,0.0,31.652692380356886,6.097163998988468
2017-01-28 00:00:00+00:00,-35.836944,-71.592777,160.0,open-meteo_ecmwf_ifs,daily,32.037,16.487,31.34,14.305751,1.6901833,56.05685,0.0,31.550219660680614,6.106858177146157
2017-01-29 00:00:00+00:00,-35.836944,-71.592777,160.0,open-meteo_ecmwf_ifs,daily,32.086998,15.687,31.17,11.966165,1.7232546,48.721584,0.0,31.44510652077186,6.1051972046368785
2017-01-30 00:00:00+00:00,-35.836944,-71.592777,160.0,open-meteo_ecmwf_ifs,daily,30.487,16.187,30.83,8.139083,3.292815,38.362972,0.0,31.337368029450676,6.954272944433666
2017-01-31 00:00:00+00:00,-35.836944,-71.592777,160.0,open-meteo_ecmwf_ifs,daily,29.637,13.287001,31.02,8.1015835,3.1527035,44.255886,0.0,31.227020065440552,6.431947563946965
2017-02-01 00:00:00+00:00,-35.836944,-71.592777,160.0,open-meteo_ecmwf_ifs,daily,29.837,12.287001,31.01,7.314083,1.8864366,44.64287,0.0,31.114079343352625,5.804662403823259
2017-02-02 00:00:00+00:00,-35.836944,-71.592777,160.0,open-meteo_ecmwf_ifs,daily,28.437,13.337001,29.13,8.026583,2.0087383,46.261078,0.0,30.99856343964852,5.584754873867121
2017-02-03 00:00:00+00:00,-35.836944,-71.592777,160.0,open-meteo_ecmwf_ifs,daily,23.837,12.087001,23.24,7.8745003,1.6614509,55.07839,0.0,30.880490818497396,4.274028630466884
2017-02-04 00:00:00+00:00,-35.836944,-71.592777,160.0,open-meteo_ecmwf_ifs,daily,23.036999,15.187,20.88,12.251583,2.1228445,67.16787,4.7000003,30.75988085743968,4.012515975590222
2017-02-05 00:00:00+00:00,-35.836944,-71.592777,160.0,open-meteo_ecmwf_ifs,daily,29.987,11.987,30.75,9.307834,2.55037,56.62595,0.0,30.636753872768534,5.909610399328355
2017-02-06 00:00:00+00:00,-35.836944,-71.592777,160.0,open-meteo_ecmwf_ifs,daily,29.987,12.137,30.69,8.082833,2.4015996,49.153164,0.0,30.511131144537924,5.928197214965705
2017-02-07 00:00:00+00:00,-35.836944,-71.592777,160.0,open-meteo_ecmwf_ifs,daily,29.887,12.787001,29.84,9.628666,2.1790922,51.911526,0.0,30.38303494110491,5.696182384707198
2017-02-08 00:00:00+00:00,-35.836944,-71.592777,160.0,open-meteo_ecmwf_ifs,daily,26.437,13.537001,28.39,8.551583,1.9823895,52.92867,0.0,30.25248854311276,5.246010474055714
2017-02-09 00:00:00+00:00,-35.836944,-71.592777,160.0,open-meteo_ecmwf_ifs,daily,27.487,14.787001,28.56,7.4307504,3.3371725,44.79974,0.0,30.119516266821154,6.157342260822194
2017-02-10 00:00:00+00:00,-35.836944,-71.592777,160.0,open-meteo_ecmwf_ifs,daily,30.536999,12.287001,29.28,7.630749,2.3695211,46.073944,0.0,29.98414348668913,5.8163839777454776
2017-02-11 00:00:00+00:00,-35.836944,-71.592777,160.0,open-meteo_ecmwf_ifs,daily,30.887,13.087001,29.06,9.616166,1.6880636,49.04221,0.0,29.846396657117253,5.460370541674965
2017-02-12 00:00:00+00:00,-35.836944,-71.592777,160.0,open-meteo_ecmwf_ifs,daily,32.537,13.687,29.43,8.237,2.6182146,44.45515,0.0,29.70630333325553,6.251750461314245
2017-02-13 00:00:00+00:00,-35.836944,-71.592777,160.0,open-meteo_ecmwf_ifs,daily,32.487,14.087001,28.62,9.964084,2.6029377,48.45027,0.0,29.563892190785165,6.073674299626213
2017-02-14 00:00:00+00:00,-35.836944,-71.592777,160.0,open-meteo_ecmwf_ifs,daily,30.137,15.087001,28.21,12.2057495,1.961933,55.853474,0.0,29.419193044583352,5.451417352036531
2017-02-15 00:00:00+00:00,-35.836944,-71.592777,160.0,open-meteo_ecmwf_ifs,daily,29.987,15.487,27.94,12.537002,2.3397462,58.35193,0.0,29.272236866182233,5.561279575486736
2017-02-16 00:00:00+00:00,-35.836944,-71.592777,160.0,open-meteo_ecmwf_ifs,daily,27.387,13.237,26.41,10.522416,2.4240968,58.3598,0.0,29.123055799935543,5.043513678070559
2017-02-17 00:00:00+00:00,-35.836944,-71.592777,160.0,open-meteo_ecmwf_ifs,daily,24.087,13.237,16.34,11.109916,3.191719,65.04479,0.2,28.971683177808707,3.737196272893
2017-02-18 00:00:00+00:00,-35.836944,-71.592777,160.0,open-meteo_ecmwf_ifs,daily,25.837,10.287001,28.08,5.793249,2.2242084,47.997543,0.0,28.81815353271147,4.9906339421294765
2017-02-19 00:00:00+00:00,-35.836944,-71.592777,160.0,open-meteo_ecmwf_ifs,daily,29.737,12.837001,27.88,9.759917,3.4931128,54.88315,0.0,28.662502610295082,5.84831500506682
2017-02-20 00:00:00+00:00,-35.836944,-71.592777,160.0,open-meteo_ecmwf_ifs,daily,32.836998,14.537001,27.66,14.23075,3.9648006,62.05572,0.0,28.50476737913997,6.0861246840369505
2017-02-21 00:00:00+00:00,-35.836944,-71.592777,160.0,open-meteo_ecmwf_ifs,daily,35.336998,16.887,27.28,15.739082,3.8937416,63.19176,0.0,28.34498603926361,6.545541359215336
2017-02-22 00:00:00+00:00,-35.836944,-71.592777,160.0,open-meteo_ecmwf_ifs,daily,34.586998,17.036999,25.89,16.076582,2.9283295,61.74284,0.0,28.183198028882487,5.860520514904268
2017-02-23 00:00:00+00:00,-35.836944,-71.592777,160.0,open-meteo_ecmwf_ifs,daily,32.336998,19.286999,23.29,17.90575,2.7003453,64.23217,0.0,28.019444029366667,5.22854467173693
2017-02-24 00:00:00+00:00,-35.836944,-71.592777,160.0,open-meteo_ecmwf_ifs,daily,32.987,21.187,20.93,17.374498,2.4657357,60.1219,0.0,27.85376596833013,5.167474991149002
2017-02-25 00:00:00+00:00,-35.836944,-71.592777,160.0,open-meteo_ecmwf_ifs,daily,32.987,19.587,21.6,16.053667,2.1093538,56.12105,0.0,27.686207020805107,5.023487508541233
2017-02-26 00:00:00+00:00,-35.836944,-71.592777,160.0,open-meteo_ecmwf_ifs,daily,31.887,19.837,20.17,16.014084,1.6304623,58.6179,0.5,27.516811608453715,4.511648581374101
2017-02-27 00:00:00+00:00,-35.836944,-71.592777,160.0,open-meteo_ecmwf_ifs,daily,30.187,18.887,20.31,16.312002,1.9697939,62.277634,0.8000001,27.345625396775777,4.424451423530322
2017-02-28 00:00:00+00:00,-35.836944,-71.592777,160.0,open-meteo_ecmwf_ifs,daily,30.737,16.637,24.45,14.15575,2.665268,60.09198,0.1,27.1726952902771,5.202053121252857
2017-03-01 00:00:00+00:00,-35.836944,-71.592777,160.0,open-meteo_ecmwf_ifs,daily,26.187,16.187,16.93,13.691167,2.317991,65.72878,6.7,26.998069425568207,3.714649052583985
2017-03-02 00:00:00+00:00,-35.836944,-71.592777,160.0,open-meteo_ecmwf_ifs,daily,24.887,13.837001,22.91,10.759917,2.9288378,62.27625,1.2,26.821797162369545,4.444984958447545
2017-03-03 00:00:00+00:00,-35.836944,-71.592777,160.0,open-meteo_ecmwf_ifs,daily,25.137,10.937,24.82,7.30575,2.3053026,52.020294,0.0,26.643929072404866,4.446830617811029
2017-03-04 00:00:00+00:00,-35.836944,-71.592777,160.0,open-meteo_ecmwf_ifs,daily,26.036999,11.287001,25.84,6.9203343,3.0295744,51.47321,0.0,26.46451692617062,4.953740642395882
2017-03-05 00:00:00+00:00,-35.836944,-71.592777,160.0,open-meteo_ecmwf_ifs,daily,28.187,9.337001,26.06,5.084916,3.547713,48.949154,0.0,26.283613677575314,5.347770355405616
2017-03-06 00:00:00+00:00,-35.836944,-71.592777,160.0,open-meteo_ecmwf_ifs,daily,29.087,9.787001,25.97,4.859916,2.9276285,47.671616,0.0,26.101273446448793,5.219223228198479
2017-03-07 00:00:00+00:00,-35.836944,-71.592777,160.0,open-meteo_ecmwf_ifs,daily,29.637,9.237,24.15,4.3974166,1.7321854,44.054626,0.0,25.917551498927626,4.417460198681892
2017-03-08 00:00:00+00:00,-35.836944,-71.592777,160.0,open-meteo_ecmwf_ifs,daily,20.887,10.237,6.43,3.8786666,1.5459242,46.858227,1.3000001,25.73250422572873,2.2513844555773463
2017-03-09 00:00:00+00:00,-35.836944,-71.592777,160.0,open-meteo_ecmwf_ifs,daily,20.587,11.237,17.15,9.1015835,2.2422092,66.88064,1.7000002,25.546189118329618,3.0881321743320664
2017-03-10 00:00:00+00:00,-35.836944,-71.592777,160.0,open-meteo_ecmwf_ifs,daily,23.687,8.737,25.22,4.5620008,3.9284174,50.890453,0.0,25.358664743079576,4.753479082482284
2017-03-11 00:00:00+00:00,-35.836944,-71.592777,160.0,open-meteo_ecmwf_ifs,daily,23.387,10.037001,24.27,7.034916,4.5043955,59.093155,0.0,25.16999071327198,4.635161686210547
2017-03-12 00:00:00+00:00,-35.836944,-71.592777,160.0,open-meteo_ecmwf_ifs,daily,28.387,9.487,25.01,3.75575,5.0494137,41.415913,0.0,24.980227659213973,5.952747710129472
2017-03-13 00:00:00+00:00,-35.836944,-71.592777,160.0,open-meteo_ecmwf_ifs,daily,28.036999,9.187,22.29,10.439084,2.4201725,70.54433,0.4,24.789437196335275,3.9671193376795455
2017-03-14 00:00:00+00:00,-35.836944,-71.592777,160.0,open-meteo_ecmwf_ifs,daily,24.437,14.337001,18.13,10.491168,2.552101,57.596043,0.0,24.59768189138357,3.7637277853833075
2017-03-15 00:00:00+00:00,-35.836944,-71.592777,160.0,open-meteo_ecmwf_ifs,daily,27.587,12.737,23.04,10.128667,3.290108,64.18332,0.0,24.40502522675954,4.6675557318026595
2017-03-16 00:00:00+00:00,-35.836944,-71.592777,160.0,open-meteo_ecmwf_ifs,daily,29.036999,9.637,22.76,9.1119995,1.5629591,60.792995,0.0,24.211531563049558,3.8737897781056048
2017-03-17 00:00:00+00:00,-35.836944,-71.592777,160.0,open-meteo_ecmwf_ifs,daily,28.387,11.487,22.58,7.6140842,1.7008075,50.405003,0.0,24.01726609981943,4.050009915215038
2017-03-18 00:00:00+00:00,-35.836944,-71.592777,160.0,open-meteo_ecmwf_ifs,daily,28.637,10.237,22.67,9.941167,1.6000885,58.789383,0.0,23.822294834737463,3.828011587221635
2017-03-19 00:00:00+00:00,-35.836944,-71.592777,160.0,open-meteo_ecmwf_ifs,daily,28.286999,12.637,21.57,11.3411665,2.6035554,61.785564,0.0,23.62668452109964,4.172823429139209
2017-03-20 00:00:00+00:00,-35.836944,-71.592777,160.0,open-meteo_ecmwf_ifs,daily,27.937,10.537001,21.98,9.716167,2.874871,57.344967,0.0,23.430502623834272,4.181425511145458
2017-03-21 00:00:00+00:00,-35.836944,-71.592777,160.0,open-meteo_ecmwf_ifs,daily,28.437,11.287001,21.81,10.576584,2.067777,59.03616,0.0,23.233817274067892,3.91188065377607
2017-03-22 00:00:00+00:00,-35.836944,-71.592777,160.0,open-meteo_ecmwf_ifs,daily,28.687,12.937,21.6,12.201584,1.6540966,61.825165,0.0,23.03669722233758,3.778737934525587
2017-03-23 00:00:00+00:00,-35.836944,-71.592777,160.0,open-meteo_ecmwf_ifs,daily,28.237,12.637,20.99,13.478664,1.747735,69.39454,0.0,22.83921179053946,3.6004001577943647
2017-03-24 00:00:00+00:00,-35.836944,-71.592777,160.0,open-meteo_ecmwf_ifs,daily,24.637,14.387,12.33,12.537,2.807478,70.61429,0.0,22.641430822705548,2.9797382611435563
2017-03-25 00:00:00+00:00,-35.836944,-71.592777,160.0,open-meteo_ecmwf_ifs,daily,22.687,13.937,11.61,10.884915,2.2665837,64.59641,0.0,22.44342463470526,2.7068130731570705
2017-03-26 00:00:00+00:00,-35.836944,-71.592777,160.0,open-meteo_ecmwf_ifs,daily,23.536999,14.137,17.59,9.857833,1.6278979,58.6553,0.0,22.24526396296994,3.1625095422893055
2017-03-27 00:00:00+00:00,-35.836944,-71.592777,160.0,open-meteo_ecmwf_ifs,daily,24.337,13.687,14.76,10.937,1.8655149,65.64425,0.0,22.04701991234201,2.940442364010376
2017-03-28 00:00:00+00:00,-35.836944,-71.592777,160.0,open-meteo_ecmwf_ifs,daily,25.687,9.487,20.48,8.053665,1.5679163,57.37427,0.0,21.848763903152058,3.2634534253574956
2017-03-29 00:00:00+00:00,-35.836944,-71.592777,160.0,open-meteo_ecmwf_ifs,daily,23.587,10.887,18.46,6.9640827,2.0513892,53.508026,0.0,21.65056761762963,3.295140793750954
2017-03-30 00:00:00+00:00,-35.836944,-71.592777,160.0,open-meteo_ecmwf_ifs,daily,24.137,10.787001,20.27,8.909917,2.5453827,62.579952,0.0,21.452502945754762,3.4800842467381083
2017-03-31 00:00:00+00:00,-35.836944,-71.592777,160.0,open-meteo_ecmwf_ifs,daily,24.536999,9.887,19.87,8.99325,1.7517486,63.819798,0.0,21.254641930658977,3.127605397641185
2017-04-01 00:00:00+00:00,-35.836944,-71.592777,160.0,open-meteo_ecmwf_ifs,daily,22.536999,10.537001,16.01,7.466166,2.7552388,58.24892,0.0,21.057056713685352,3.1655402099583863
2017-04-02 00:00:00+00:00,-35.836944,-71.592777,160.0,open-meteo_ecmwf_ifs,daily,23.587,9.587001,19.8,6.8786664,2.147218,61.240765,0.0,20.859819479217965,3.2602699439006666
2017-04-03 00:00:00+00:00,-35.836944,-71.592777,160.0,open-meteo_ecmwf_ifs,daily,23.687,9.487,16.67,8.464083,3.288741,65.4984,0.0,20.663002399391605,3.235476511832163
2017-04-04 00:00:00+00:00,-35.836944,-71.592777,160.0,open-meteo_ecmwf_ifs,daily,22.786999,9.487,17.28,8.649501,2.6354775,66.63006,0.0,20.466677578792694,2.969614785129686
2017-04-05 00:00:00+00:00,-35.836944,-71.592777,160.0,open-meteo_ecmwf_ifs,daily,25.087,10.287001,18.2,7.832834,3.2160285,59.10432,0.0,20.2709169992622,3.6090571753382594
2017-04-06 00:00:00+00:00,-35.836944,-71.592777,160.0,open-meteo_ecmwf_ifs,daily,23.437,10.137,16.95,9.357833,2.4765842,68.05236,0.0,20.075792464910734,2.925291383025856
2017-04-07 00:00:00+00:00,-35.836944,-71.592777,160.0,open-meteo_ecmwf_ifs,daily,17.087,11.037001,9.85,9.901583,2.347369,79.38215,25.900003,19.881375547455516,1.8050519156782079
2017-04-08 00:00:00+00:00,-35.836944,-71.592777,160.0,open-meteo_ecmwf_ifs,daily,19.137,7.537,18.36,7.820333,1.7240266,72.409,0.90000004,19.68773753198757,2.370299444174467
2017-04-09 00:00:00+00:00,-35.836944,-71.592777,160.0,open-meteo_ecmwf_ifs,daily,20.087,7.037,18.47,7.559917,1.6275315,71.49938,0.0,19.4949493632763,2.390630111471162
2017-04-10 00:00:00+00:00,-35.836944,-71.592777,160.0,open-meteo_ecmwf_ifs,daily,24.786999,8.087001,18.19,8.5807495,2.1234355,69.39019,0.0,19.30308159271692,2.8441720506889214
2017-04-11 00:00:00+00:00,-35.836944,-71.592777,160.0,open-meteo_ecmwf_ifs,daily,23.487,8.537001,18.13,8.7474165,1.4411389,70.43061,0.0,19.112204326024326,2.540552251752484
2017-04-12 00:00:00+00:00,-35.836944,-71.592777,160.0,open-meteo_ecmwf_ifs,daily,23.887,11.537001,17.57,10.816167,2.1792958,70.13929,0.0,18.92238717177483,2.817632966331926
2017-04-13 00:00:00+00:00,-35.836944,-71.592777,160.0,open-meteo_ecmwf_ifs,daily,21.536999,9.537001,15.83,10.516168,1.3970351,79.41777,0.0,18.733699190894733,2.180580450833497
2017-04-14 00:00:00+00:00,-35.836944,-71.592777,160.0,open-meteo_ecmwf_ifs,daily,20.437,9.737,13.05,10.599499,1.0140406,79.495766,0.0,18.546208847192162,1.8310561139972694
2017-04-15 00:00:00+00:00,-35.836944,-71.592777,160.0,open-meteo_ecmwf_ifs,daily,21.786999,8.237,16.53,10.641167,1.4148489,78.19242,0.0,18.359983959025307,2.125338491199627
2017-04-16 00:00:00+00:00,-35.836944,-71.592777,160.0,open-meteo_ecmwf_ifs,daily,22.637,10.037001,14.61,11.022416,1.3068869,76.382545,0.0,18.175091652197622,2.0943034444920947
2017-04-17 00:00:00+00:00,-35.836944,-71.592777,160.0,open-meteo_ecmwf_ifs,daily,20.987,10.487,15.11,11.178666,1.4174908,79.9773,0.0,17.991598314166605,2.054571499436564
2017-04-18 00:00:00+00:00,-35.836944,-71.592777,160.0,open-meteo_ecmwf_ifs,daily,22.237,10.237,13.07,11.539084,1.8038217,77.58776,0.0,17.809569549649623,2.0106488530879707
2017-04-19 00:00:00+00:00,-35.836944,-71.592777,160.0,open-meteo_ecmwf_ifs,daily,18.087,12.337001,3.15,12.69325,1.8854035,87.582306,6.7000003,17.62907013770609,1.0261217125509536
2017-04-20 00:00:00+00:00,-35.836944,-71.592777,160.0,open-meteo_ecmwf_ifs,daily,15.987,13.137,3.79,12.582831,3.5212405,86.93146,23.399998,17.450163990371692,1.0800718600380461
2017-04-21 00:00:00+00:00,-35.836944,-71.592777,160.0,open-meteo_ecmwf_ifs,daily,21.087,7.687,15.81,9.112,2.6631172,75.660805,0.0,17.272914112915746,2.2198776873481836
2017-04-22 00:00:00+00:00,-35.836944,-71.592777,160.0,open-meteo_ecmwf_ifs,daily,20.536999,6.387,16.55,7.664083,3.1852343,72.04244,0.0,17.097382565788845,2.322719982731536
2017-04-23 00:00:00+00:00,-35.836944,-71.592777,160.0,open-meteo_ecmwf_ifs,daily,16.237,7.137,10.71,7.9370003,2.1705189,81.54694,0.0,16.923630428323122,1.5060584989011359
2017-04-24 00:00:00+00:00,-35.836944,-71.592777,160.0,open-meteo_ecmwf_ifs,daily,14.637,4.187,9.97,5.8036666,1.7874461,77.790085,2.1,16.751717764242905,1.291926965438335
2017-04-25 00:00:00+00:00,-35.836944,-71.592777,160.0,open-meteo_ecmwf_ifs,daily,15.837001,6.987,12.16,8.197418,1.7811905,81.14791,9.000001,16.581703589038693,1.4484835950581763
2017-04-26 00:00:00+00:00,-35.836944,-71.592777,160.0,open-meteo_ecmwf_ifs,daily,18.036999,4.837,15.78,3.3161666,3.1759107,62.94183,0.0,16.413645839252432,2.3348954518562013
2017-04-27 00:00:00+00:00,-35.836944,-71.592777,160.0,open-meteo_ecmwf_ifs,daily,21.337,4.887,15.11,7.4932504,3.1687763,75.722374,0.0,16.24760134371693,2.1234359763143855
2017-04-28 00:00:00+00:00,-35.836944,-71.592777,160.0,open-meteo_ecmwf_ifs,daily,21.887,8.287001,15.11,9.936999,3.4011118,79.682495,0.0,16.083625796787086,2.2358089842264746
2017-04-29 00:00:00+00:00,-35.836944,-71.592777,160.0,open-meteo_ecmwf_ifs,daily,20.286999,7.837,15.1,9.5245,2.487126,81.91238,0.0,15.921773733595286,1.9168862086799499
2017-04-30 00:00:00+00:00,-35.836944,-71.592777,160.0,open-meteo_ecmwf_ifs,daily,19.137,6.937,13.21,9.601583,1.2434763,87.49633,0.4,15.762098507357825,1.4774980337987085
2017-05-01 00:00:00+00:00,-35.836944,-71.592777,160.0,open-meteo_ecmwf_ifs,daily,18.137,9.187,10.67,10.824501,2.7097483,88.41201,0.0,15.604652268753878,1.4544772293412156
2017-05-02 00:00:00+00:00,-35.836944,-71.592777,160.0,open-meteo_ecmwf_ifs,daily,15.137,8.237,3.59,9.849502,2.0964034,87.339905,8.6,15.449485947392722,0.8448083717881643
2017-05-03 00:00:00+00:00,-35.836944,-71.592777,160.0,open-meteo_ecmwf_ifs,daily,18.887,6.337,14.48,8.607833,2.6034229,84.52173,0.0,15.296649235379494,1.683545759686069
2017-05-04 00:00:00+00:00,-35.836944,-71.592777,160.0,open-meteo_ecmwf_ifs,daily,17.687,5.187,11.86,7.3828335,1.1109799,85.58604,0.0,15.146190572983917,1.2889763521341813
2017-05-05 00:00:00+00:00,-35.836944,-71.592777,160.0,open-meteo_ecmwf_ifs,daily,19.237,9.537001,11.63,10.845334,1.4060878,86.96647,0.0,14.998157136410683,1.4240444987706107
2017-05-06 00:00:00+00:00,-35.836944,-71.592777,160.0,open-meteo_ecmwf_ifs,daily,16.687,9.987,6.76,9.4495,4.1233106,80.949936,0.0,14.852594827664555,1.5642292959467412
2017-05-07 00:00:00+00:00,-35.836944,-71.592777,160.0,open-meteo_ecmwf_ifs,daily,16.487,12.287001,6.25,9.914084,5.3144574,77.37867,37.199997,14.709548266497098,1.8827523232797665
2017-05-08 00:00:00+00:00,-35.836944,-71.592777,160.0,open-meteo_ecmwf_ifs,daily,18.887,9.887,12.87,10.428667,2.1039736,81.976875,6.7999997,14.569060784416617,1.5787113416823808
2017-05-09 00:00:00+00:00,-35.836944,-71.592777,160.0,open-meteo_ecmwf_ifs,daily,18.286999,8.187,11.37,9.734918,0.953978,87.4249,0.0,14.431174420736506,1.2314744106422009
2017-05-10 00:00:00+00:00,-35.836944,-71.592777,160.0,open-meteo_ecmwf_ifs,daily,16.937,9.437,6.42,9.972416,2.843034,80.03371,2.2,14.295929920631998,1.2442772931514576
2017-05-11 00:00:00+00:00,-35.836944,-71.592777,160.0,open-meteo_ecmwf_ifs,daily,17.487,9.837001,4.48,9.084916,5.9379635,71.98191,9.2,14.163366735168976,1.868963181637621
2017-05-12 00:00:00+00:00,-35.836944,-71.592777,160.0,open-meteo_ecmwf_ifs,daily,19.737,12.187,11.09,8.036999,4.772387,61.15858,1.0,14.033523023263257,2.7458090205379038
2017-05-13 00:00:00+00:00,-35.836944,-71.592777,160.0,open-meteo_ecmwf_ifs,daily,18.487,11.137,3.01,10.672418,3.3172863,76.87546,0.2,13.906435655522706,1.4046589703752983
2017-05-14 00:00:00+00:00,-35.836944,-71.592777,160.0,open-meteo_ecmwf_ifs,daily,15.787001,12.337001,3.97,11.524501,3.5504568,84.92037,47.399994,13.78214021991932,1.110997107136031
2017-05-15 00:00:00+00:00,-35.836944,-71.592777,160.0,open-meteo_ecmwf_ifs,daily,15.887,4.887,11.88,7.70575,2.1042786,85.697235,0.1,13.660671029232562,1.112438911989424
2017-05-16 00:00:00+00:00,-35.836944,-71.592777,160.0,open-meteo_ecmwf_ifs,daily,16.587,4.387,10.39,6.739084,2.7042828,80.35561,0.0,13.542061130200178,1.2511942481842553
2017-05-17 00:00:00+00:00,-35.836944,-71.592777,160.0,open-meteo_ecmwf_ifs,daily,12.287001,10.537001,0.87,7.9245,4.0124183,79.01559,46.0,13.42634231430724,1.1730069020331284
2017-05-18 00:00:00+00:00,-35.836944,-71.592777,160.0,open-meteo_ecmwf_ifs,daily,11.037001,7.787,5.09,7.026584,1.2502047,83.736244,12.900002,13.313545130139206,0.7698328450432448
2017-05-19 00:00:00+00:00,-35.836944,-71.592777,160.0,open-meteo_ecmwf_ifs,daily,13.637,2.537,11.57,5.080749,2.2192514,83.43394,0.0,13.20369889721977,1.0040728564409858
2017-05-20 00:00:00+00:00,-35.836944,-71.592777,160.0,open-meteo_ecmwf_ifs,daily,12.837001,0.537,11.66,3.2745001,1.7176813,86.27325,0.0,13.096831721249641,0.9266972876822412
2017-05-21 00:00:00+00:00,-35.836944,-71.592777,160.0,open-meteo_ecmwf_ifs,daily,13.787001,2.987,4.04,5.4474163,1.6095401,88.30829,5.5000005,12.992970510657743,0.7893323777956153
2017-05-22 00:00:00+00:00,-35.836944,-71.592777,160.0,open-meteo_ecmwf_ifs,daily,13.037001,5.837,8.3,6.443249,2.6241786,83.62483,0.2,12.892140994372184,1.0056334913582818
2017-05-23 00:00:00+00:00,-35.836944,-71.592777,160.0,open-meteo_ecmwf_ifs,daily,11.387,1.687,9.68,4.3244996,1.1582938,89.46458,0.0,12.794367740714254,0.7345874678803547
2017-05-24 00:00:00+00:00,-35.836944,-71.592777,160.0,open-meteo_ecmwf_ifs,daily,8.937,0.737,6.2,4.1828337,1.2635592,94.22269,0.0,12.6996741773149,0.5267941858490741
2017-05-25 00:00:00+00:00,-35.836944,-71.592777,160.0,open-meteo_ecmwf_ifs,daily,13.787001,2.687,8.91,5.645333,1.6063724,89.17202,1.2,12.608082611949897,0.8165607332375963
2017-05-26 00:00:00+00:00,-35.836944,-71.592777,160.0,open-meteo_ecmwf_ifs,daily,12.587001,1.087,11.38,3.791167,2.0518343,85.71744,0.0,12.519614254186571,0.8724583191976734
2017-05-27 00:00:00+00:00,-35.836944,-71.592777,160.0,open-meteo_ecmwf_ifs,daily,11.987,2.787,8.91,4.8307495,1.1772349,91.22405,0.0,12.434289237732484,0.7352847024235638
2017-05-28 00:00:00+00:00,-35.836944,-71.592777,160.0,open-meteo_ecmwf_ifs,daily,11.687,2.287,7.77,4.832833,1.2790614,91.426735,0.0,12.35212664337376,0.6847389058784612
2017-05-29 00:00:00+00:00,-35.836944,-71.592777,160.0,open-meteo_ecmwf_ifs,daily,10.487,0.537,9.67,3.7369995,1.6835023,92.09803,0.0,12.273144522389142,0.6538568467809163
2017-05-30 00:00:00+00:00,-35.836944,-71.592777,160.0,open-meteo_ecmwf_ifs,daily,10.287001,1.187,7.63,4.2786665,1.2545342,95.04244,0.2,12.197359920323983,0.5920950462910904
2017-05-31 00:00:00+00:00,-35.836944,-71.592777,160.0,open-meteo_ecmwf_ifs,daily,11.687,1.537,10.13,3.962,1.7809199,92.3928,0.0,12.124788901007484,0.7542506201734517
2017-06-01 00:00:00+00:00,-35.836944,-71.592777,160.0,open-meteo_ecmwf_ifs,daily,15.737,3.887,9.59,7.1119995,2.8788002,89.16422,0.0,12.055446570695743,0.9501290542315073
2017-06-02 00:00:00+00:00,-35.836944,-71.592777,160.0,open-meteo_ecmwf_ifs,daily,7.237,3.037,2.17,3.9807498,1.405186,96.60607,0.1,11.989347102222935,0.48907519043179504
2017-06-03 00:00:00+00:00,-35.836944,-71.592777,160.0,open-meteo_ecmwf_ifs,daily,12.787001,2.337,7.19,4.3453326,1.6058234,79.90583,6.7,11.92650375904341,0.7701085872649891
2017-06-04 00:00:00+00:00,-35.836944,-71.592777,160.0,open-meteo_ecmwf_ifs,daily,13.837001,4.537,9.2,5.5370007,2.6774366,79.69218,2.8,11.866928919048165,1.0096486151109678
2017-06-05 00:00:00+00:00,-35.836944,-71.592777,160.0,open-meteo_ecmwf_ifs,daily,9.587001,-2.163,11.32,0.44950005,1.7842826,83.019,0.0,11.810634098040476,0.6854891824586676
2017-06-06 00:00:00+00:00,-35.836944,-71.592777,160.0,open-meteo_ecmwf_ifs,daily,11.987,-2.463,10.94,1.0140833,1.8787327,86.88082,0.0,11.75762997275742,0.7547712772703831
2017-06-07 00:00:00+00:00,-35.836944,-71.592777,160.0,open-meteo_ecmwf_ifs,daily,8.237,2.887,1.12,4.412,3.6695602,89.9408,25.4,11.707926403326189,0.5179007703614242
2017-06-08 00:00:00+00:00,-35.836944,-71.592777,160.0,open-meteo_ecmwf_ifs,daily,10.887,3.387,6.35,3.3328335,2.4880073,79.21833,1.2,11.66153245504724,0.901806712630922
2017-06-09 00:00:00+00:00,-35.836944,-71.592777,160.0,open-meteo_ecmwf_ifs,daily,15.287001,4.387,10.67,3.7515833,3.0661986,69.512764,0.0,11.618456419399317,1.3722108096877337
2017-06-10 00:00:00+00:00,-35.836944,-71.592777,160.0,open-meteo_ecmwf_ifs,daily,16.637,2.737,10.54,6.7057495,3.6063693,87.16696,0.0,11.578705834165879,1.007727410492848
2017-06-11 00:00:00+00:00,-35.836944,-71.592777,160.0,open-meteo_ecmwf_ifs,daily,11.187,1.387,11.14,4.21825,2.7901077,84.383446,0.0,11.5422875025862,0.6943666673907004
2017-06-12 00:00:00+00:00,-35.836944,-71.592777,160.0,open-meteo_ecmwf_ifs,daily,9.237,0.487,7.96,2.73075,1.9260569,94.048035,0.1,11.509207511439909,0.6021475560891191
2017-06-13 00:00:00+00:00,-35.836944,-71.592777,160.0,open-meteo_ecmwf_ifs,daily,8.337001,2.337,3.99,4.2619996,0.7311917,97.859795,0.0,11.479471247978719,0.4731239642179916
2017-06-14 00:00:00+00:00,-35.836944,-71.592777,160.0,open-meteo_ecmwf_ifs,daily,13.737,5.187,5.35,6.8244996,2.7561548,89.96079,0.0,11.453083415625091,0.838226045090245
2017-06-15 00:00:00+00:00,-35.836944,-71.592777,160.0,open-meteo_ecmwf_ifs,daily,16.036999,7.037,8.19,7.682834,4.397288,82.01864,6.0,11.43004804836379,1.3101248262871399
2017-06-16 00:00:00+00:00,-35.836944,-71.592777,160.0,open-meteo_ecmwf_ifs,daily,15.037001,11.487,2.13,9.262,9.079741,78.81627,39.4,11.410368523758924,1.8621163609871447
2017-06-17 00:00:00+00:00,-35.836944,-71.592777,160.0,open-meteo_ecmwf_ifs,daily,12.337001,4.087,6.89,4.864083,3.986202,81.05926,6.899999,11.394047574536021,1.017449200472346
2017-06-18 00:00:00+00:00,-35.836944,-71.592777,160.0,open-meteo_ecmwf_ifs,daily,10.337001,-0.013,10.93,-0.3921666,3.1032984,74.49828,0.0,11.381087298676103,1.0676686082772913
2017-06-19 00:00:00+00:00,-35.836944,-71.592777,160.0,open-meteo_ecmwf_ifs,daily,5.037,-3.413,5.11,-0.89008313,1.8637236,91.81573,0.1,11.37148916797629,0.45948619907347976
2017-06-20 00:00:00+00:00,-35.836944,-71.592777,160.0,open-meteo_ecmwf_ifs,daily,6.287,-0.213,1.59,1.5890833,1.3038208,94.1048,0.4,11.365254035039278,0.45995863329227277
2017-06-21 00:00:00+00:00,-35.836944,-71.592777,160.0,open-meteo_ecmwf_ifs,daily,11.787001,4.137,2.08,5.3370004,4.562907,81.71711,10.7,11.3623821386622,0.9039694873091559
2017-06-22 00:00:00+00:00,-35.836944,-71.592777,160.0,open-meteo_ecmwf_ifs,daily,11.737,10.237,1.62,9.8099165,5.688578,91.53519,42.1,11.362873107603551,0.6671011645425389
2017-06-23 00:00:00+00:00,-35.836944,-71.592777,160.0,open-meteo_ecmwf_ifs,daily,14.637,8.537001,5.62,7.872418,2.4355233,82.17808,5.4999995,11.366725962715122,1.0154029898988086
2017-06-24 00:00:00+00:00,-35.836944,-71.592777,160.0,open-meteo_ecmwf_ifs,daily,14.587001,8.537001,2.39,9.114083,4.045964,85.09028,11.2,11.373939117434425,0.9483509956331146
2017-06-25 00:00:00+00:00,-35.836944,-71.592777,160.0,open-meteo_ecmwf_ifs,daily,13.337001,11.187,1.52,9.345334,5.90505,82.31379,74.8,11.384510376641348,1.2214331642230445
2017-06-26 00:00:00+00:00,-35.836944,-71.592777,160.0,open-meteo_ecmwf_ifs,daily,15.937,11.487,4.61,8.324499,5.4670043,72.9952,10.7,11.398436933891308,1.9076812188494507
2017-06-27 00:00:00+00:00,-35.836944,-71.592777,160.0,open-meteo_ecmwf_ifs,daily,16.587,10.187,7.83,8.8099165,1.771668,79.799446,3.4000003,11.415715367045248,1.0638356173651091
2017-06-28 00:00:00+00:00,-35.836944,-71.592777,160.0,open-meteo_ecmwf_ifs,daily,12.737,4.937,9.83,6.587,1.4775494,92.30591,0.0,11.43634163232524,0.6902789069711381
2017-06-29 00:00:00+00:00,-35.836944,-71.592777,160.0,open-meteo_ecmwf_ifs,daily,14.237,3.987,8.61,6.882834,2.0498786,90.40607,0.0,11.460311056832214,0.7366837158527257
2017-06-30 00:00:00+00:00,-35.836944,-71.592777,160.0,open-meteo_ecmwf_ifs,daily,17.637,6.037,10.22,8.614083,3.131304,84.26654,0.90000004,11.48761832957019,1.0829043280505093
2017-07-01 00:00:00+00:00,-35.836944,-71.592777,160.0,open-meteo_ecmwf_ifs,daily,14.687,3.787,10.72,7.3807507,1.3474092,89.58625,0.0,11.518257491028905,0.6823243217029262
2017-07-02 00:00:00+00:00,-35.836944,-71.592777,160.0,open-meteo_ecmwf_ifs,daily,12.837001,5.587,6.88,7.70575,2.032831,89.07523,0.2,11.5522219213839,0.653451529564254
2017-07-03 00:00:00+00:00,-35.836944,-71.592777,160.0,open-meteo_ecmwf_ifs,daily,14.537001,6.237,6.07,8.628667,3.841674,87.93786,0.0,11.58950432737986,0.79430527161495
2017-07-04 00:00:00+00:00,-35.836944,-71.592777,160.0,open-meteo_ecmwf_ifs,daily,11.437,7.837,2.2,7.632833,2.3638153,89.32714,12.9,11.630096727969724,0.7054888598786125
2017-07-05 00:00:00+00:00,-35.836944,-71.592777,160.0,open-meteo_ecmwf_ifs,daily,8.137,0.43699998,3.02,2.9828331,1.6172514,87.91516,0.1,11.673990438787902,0.490474673948441
2017-07-06 00:00:00+00:00,-35.836944,-71.592777,160.0,open-meteo_ecmwf_ifs,daily,13.037001,2.287,9.4,4.5140834,1.1423261,89.84214,0.0,11.721176055541726,0.7029358171211804
2017-07-07 00:00:00+00:00,-35.836944,-71.592777,160.0,open-meteo_ecmwf_ifs,daily,14.387,5.637,8.41,6.2495,1.5440432,83.75013,5.1000004,11.771643436410281,0.8735208335519816
2017-07-08 00:00:00+00:00,-35.836944,-71.592777,160.0,open-meteo_ecmwf_ifs,daily,13.187,4.987,5.02,6.0307503,1.5804218,86.230965,0.2,11.82538168354478,0.7737200618326017
2017-07-09 00:00:00+00:00,-35.836944,-71.592777,160.0,open-meteo_ecmwf_ifs,daily,13.137,8.137,6.36,7.572417,2.3866148,85.59446,2.5,11.882379123768292,0.9334579587422938
2017-07-10 00:00:00+00:00,-35.836944,-71.592777,160.0,open-meteo_ecmwf_ifs,daily,11.287001,-1.363,11.58,1.2536665,2.4243467,82.08999,0.0,11.942623288577053,0.843289968904291
2017-07-11 00:00:00+00:00,-35.836944,-71.592777,160.0,open-meteo_ecmwf_ifs,daily,9.387,-0.963,9.27,1.7849165,1.4503492,94.28204,0.3,12.006100893548108,0.6257964118309135
2017-07-12 00:00:00+00:00,-35.836944,-71.592777,160.0,open-meteo_ecmwf_ifs,daily,13.287001,2.287,7.2,4.791167,3.6853774,85.9873,0.0,12.072797817261112,0.9610252412894159
2017-07-13 00:00:00+00:00,-35.836944,-71.592777,160.0,open-meteo_ecmwf_ifs,daily,12.687,8.687,7.01,8.1640835,4.2413383,87.02306,21.300003,12.14269907984419,1.0288093892465593
2017-07-14 00:00:00+00:00,-35.836944,-71.592777,160.0,open-meteo_ecmwf_ifs,daily,12.537001,5.937,7.89,5.4828334,4.735588,81.11736,4.9,12.215788821255272,1.2665567548053676
2017-07-15 00:00:00+00:00,-35.836944,-71.592777,160.0,open-meteo_ecmwf_ifs,daily,9.037001,3.037,6.11,3.1682498,4.7277355,89.20751,25.500002,12.292050279411571,0.9413290771715396
2017-07-16 00:00:00+00:00,-35.836944,-71.592777,160.0,open-meteo_ecmwf_ifs,daily,8.737,-3.963,11.74,-1.1046666,2.213031,80.07617,0.0,12.37146576828051,0.7600418842427099
2017-07-17 00:00:00+00:00,-35.836944,-71.592777,160.0,open-meteo_ecmwf_ifs,daily,7.237,-7.463,11.74,-3.277584,1.4792455,84.63898,0.0,12.454016656045388,0.6120905600859581
2017-07-18 00:00:00+00:00,-35.836944,-71.592777,160.0,open-meteo_ecmwf_ifs,daily,10.087001,-2.613,10.06,0.987,1.9385561,93.52686,0.0,12.53968334345895,0.7222827171003157
2017-07-19 00:00:00+00:00,-35.836944,-71.592777,160.0,open-meteo_ecmwf_ifs,daily,14.137,-1.663,11.72,2.7495,2.2192662,91.564575,0.0,12.62844524249709,0.9196903663495175
2017-07-20 00:00:00+00:00,-35.836944,-71.592777,160.0,open-meteo_ecmwf_ifs,daily,16.337,3.037,11.21,6.9203334,3.014136,89.63268,0.0,12.720280755423667,1.051615491902262
2017-07-21 00:00:00+00:00,-35.836944,-71.592777,160.0,open-meteo_ecmwf_ifs,daily,16.487,3.887,11.79,7.4828324,1.9920069,88.462135,0.0,12.815167254375902,1.004632052100636
2017-07-22 00:00:00+00:00,-35.836944,-71.592777,160.0,open-meteo_ecmwf_ifs,daily,12.537001,8.787001,3.62,8.645333,4.44428,88.0643,1.1000001,12.913081061577623,0.9040157528367914
2017-07-23 00:00:00+00:00,-35.836944,-71.592777,160.0,open-meteo_ecmwf_ifs,daily,11.437,8.487,2.27,8.4995,2.7964392,89.17719,16.7,13.013997430285213,0.6782146637265234
2017-07-24 00:00:00+00:00,-35.836944,-71.592777,160.0,open-meteo_ecmwf_ifs,daily,13.787001,2.137,12.27,4.69325,2.7635186,82.82917,0.0,13.117890526568441,1.078740872101757
2017-07-25 00:00:00+00:00,-35.836944,-71.592777,160.0,open-meteo_ecmwf_ifs,daily,10.987,-1.813,12.6,1.4432498,1.5029291,83.65871,0.0,13.224733412025104,0.8402017674747427
2017-07-26 00:00:00+00:00,-35.836944,-71.592777,160.0,open-meteo_ecmwf_ifs,daily,11.887,-0.263,11.68,2.3078332,2.380099,85.76992,0.0,13.33449802752504,0.9893783144753057
2017-07-27 00:00:00+00:00,-35.836944,-71.592777,160.0,open-meteo_ecmwf_ifs,daily,11.737,0.087,10.85,3.68075,1.6527195,89.37134,0.0,13.447155178075397,0.823123549209384
2017-07-28 00:00:00+00:00,-35.836944,-71.592777,160.0,open-meteo_ecmwf_ifs,daily,11.137,2.787,4.53,5.403667,1.6839389,88.105225,0.0,13.562674518894978,0.657900301137419
2017-07-29 00:00:00+00:00,-35.836944,-71.592777,160.0,open-meteo_ecmwf_ifs,daily,8.587001,1.887,5.96,3.1536667,2.6124647,84.20974,0.0,13.681024542781419,0.7430644788801344
2017-07-30 00:00:00+00:00,-35.836944,-71.592777,160.0,open-meteo_ecmwf_ifs,daily,11.187,-1.863,11.42,1.7890831,1.0421437,88.737854,0.1,13.80217256885041,0.8238941700783226
2017-07-31 00:00:00+00:00,-35.836944,-71.592777,160.0,open-meteo_ecmwf_ifs,daily,10.487,-0.213,10.92,2.61825,1.4390492,88.58643,0.0,13.926084732721655,0.8478680534296592
2017-08-01 00:00:00+00:00,-35.836944,-71.592777,160.0,open-meteo_ecmwf_ifs,daily,11.387,1.287,8.25,3.7724168,1.7496257,89.66537,0.0,14.052725978221384,0.8549289815106627
2017-08-02 00:00:00+00:00,-35.836944,-71.592777,160.0,open-meteo_ecmwf_ifs,daily,12.887,-0.113000005,12.36,4.253667,2.3476615,89.658356,0.0,14.182060050666475,0.9553033148134106
2017-08-03 00:00:00+00:00,-35.836944,-71.592777,160.0,open-meteo_ecmwf_ifs,daily,9.337001,-0.763,11.62,2.782833,1.7847561,93.254295,0.0,14.314049491790076,0.8005099639994376
2017-08-04 00:00:00+00:00,-35.836944,-71.592777,160.0,open-meteo_ecmwf_ifs,daily,10.937,2.137,9.68,4.60575,1.3656012,93.42258,0.0,14.448655636363306,0.8588379248688781
2017-08-05 00:00:00+00:00,-35.836944,-71.592777,160.0,open-meteo_ecmwf_ifs,daily,10.087001,5.837,3.08,6.2724166,4.0728226,88.45899,7.2000003,14.585838610562854,0.762027248342207
2017-08-06 00:00:00+00:00,-35.836944,-71.592777,160.0,open-meteo_ecmwf_ifs,daily,15.337001,7.287,11.59,7.193249,2.327059,78.01371,1.0,14.725557332128327,1.4256120649837531
2017-08-07 00:00:00+00:00,-35.836944,-71.592777,160.0,open-meteo_ecmwf_ifs,daily,12.487,6.737,2.97,7.822417,2.7582376,91.29401,7.3,14.86776951234833,0.7803358712161885
2017-08-08 00:00:00+00:00,-35.836944,-71.592777,160.0,open-meteo_ecmwf_ifs,daily,16.937,6.237,10.12,7.362,2.528683,79.48405,2.0,15.012431659908554,1.4508716771832997
2017-08-09 00:00:00+00:00,-35.836944,-71.592777,160.0,open-meteo_ecmwf_ifs,daily,11.937,8.387,0.86,7.4390836,6.028603,81.86631,40.0,15.159499086629802,1.1106911738664935
2017-08-10 00:00:00+00:00,-35.836944,-71.592777,160.0,open-meteo_ecmwf_ifs,daily,12.787001,8.537001,4.85,6.026583,5.984133,75.63288,16.0,15.308925915118435,1.7369633558469315
2017-08-11 00:00:00+00:00,-35.836944,-71.592777,160.0,open-meteo_ecmwf_ifs,daily,12.487,6.537,9.3,6.1432495,3.0860417,81.86239,26.400002,15.46066508834616,1.2927406431691963
2017-08-12 00:00:00+00:00,-35.836944,-71.592777,160.0,open-meteo_ecmwf_ifs,daily,12.337001,3.787,12.19,4.7224164,1.5269526,80.61494,1.6000001,15.614668381170647,1.2009871182733345
2017-08-13 00:00:00+00:00,-35.836944,-71.592777,160.0,open-meteo_ecmwf_ifs,daily,8.587001,6.837,1.37,4.3682494,6.1694856,78.52907,14.099999,15.770886413803119,1.1901933800332412
2017-08-14 00:00:00+00:00,-35.836944,-71.592777,160.0,open-meteo_ecmwf_ifs,daily,14.187,5.587,10.95,4.289083,2.5973053,70.110664,0.0,15.929268667223642,1.6236850249491546
2017-08-15 00:00:00+00:00,-35.836944,-71.592777,160.0,open-meteo_ecmwf_ifs,daily,15.387,4.387,14.99,5.3495,3.571809,79.99153,0.0,16.08976350053918,1.775916591274668
2017-08-16 00:00:00+00:00,-35.836944,-71.592777,160.0,open-meteo_ecmwf_ifs,daily,14.487,-1.163,15.75,2.8515832,2.3960211,82.773056,0.0,16.25231817027478,1.419505454487541
2017-08-17 00:00:00+00:00,-35.836944,-71.592777,160.0,open-meteo_ecmwf_ifs,daily,16.337,2.387,14.55,6.193249,1.7893974,87.336296,0.0,16.416878851582346,1.436051345308444
2017-08-18 00:00:00+00:00,-35.836944,-71.592777,160.0,open-meteo_ecmwf_ifs,daily,11.887,8.537001,0.98,8.459916,3.5675755,93.04419,25.5,16.583390661346712,0.761044005473941
2017-08-19 00:00:00+00:00,-35.836944,-71.592777,160.0,open-meteo_ecmwf_ifs,daily,13.537001,5.237,12.12,5.730749,1.5185256,84.266304,0.3,16.751797683163634,1.3673166066259244
2017-08-20 00:00:00+00:00,-35.836944,-71.592777,160.0,open-meteo_ecmwf_ifs,daily,14.687,0.287,15.91,3.2578332,2.81975,78.96082,0.0,16.922042994158836,1.606510241965347
2017-08-21 00:00:00+00:00,-35.836944,-71.592777,160.0,open-meteo_ecmwf_ifs,daily,14.437,-1.663,15.23,2.4120004,1.587943,82.96175,0.0,17.094068693613192,1.4025307770288482
2017-08-22 00:00:00+00:00,-35.836944,-71.592777,160.0,open-meteo_ecmwf_ifs,daily,10.487,5.687,2.41,6.043249,5.372378,84.92882,26.8,17.267815933353358,0.8965991343996166
2017-08-23 00:00:00+00:00,-35.836944,-71.592777,160.0,open-meteo_ecmwf_ifs,daily,13.787001,3.037,11.01,4.714083,3.4676902,79.69988,3.8999999,17.443224949863264,1.4820176388471884
2017-08-24 00:00:00+00:00,-35.836944,-71.592777,160.0,open-meteo_ecmwf_ifs,daily,11.987,8.037001,2.55,5.364083,4.6907067,75.05402,0.8,17.620235098066914,1.5242913477480518
2017-08-25 00:00:00+00:00,-35.836944,-71.592777,160.0,open-meteo_ecmwf_ifs,daily,12.687,7.837,4.98,6.4807506,2.7856882,82.14063,36.599995,17.798784886728537,1.264761992625736
2017-08-26 00:00:00+00:00,-35.836944,-71.592777,160.0,open-meteo_ecmwf_ifs,daily,14.137,8.487,7.21,7.7140827,1.9981703,82.61103,3.7,17.978812015411947,1.3131205506132495
2017-08-27 00:00:00+00:00,-35.836944,-71.592777,160.0,open-meteo_ecmwf_ifs,daily,13.987,8.337001,7.92,7.4703345,4.0360045,83.59687,18.1,18.160253412936882,1.5740971443965708
2017-08-28 00:00:00+00:00,-35.836944,-71.592777,160.0,open-meteo_ecmwf_ifs,daily,10.387,7.437,4.65,7.059917,2.2367585,88.119255,25.199999,18.343045277265734,0.8955699483671755
2017-08-29 00:00:00+00:00,-35.836944,-71.592777,160.0,open-meteo_ecmwf_ifs,daily,13.287001,2.237,17.29,3.6849165,1.7614317,77.85915,1.0,18.527123116750868,1.7155589449684467
2017-08-30 00:00:00+00:00,-35.836944,-71.592777,160.0,open-meteo_ecmwf_ifs,daily,13.487,-1.913,18.12,1.0015833,2.1017869,74.0366,0.0,18.712421792668362,1.7171766361208012
2017-08-31 00:00:00+00:00,-35.836944,-71.592777,160.0,open-meteo_ecmwf_ifs,daily,15.587001,-0.513,17.67,3.2411668,1.6944085,78.96395,0.0,18.89887556296114,1.7568210347955335
2017-09-01 00:00:00+00:00,-35.836944,-71.592777,160.0,open-meteo_ecmwf_ifs,daily,10.637,7.687,1.75,6.4974155,4.577585,83.813774,9.1,19.08641812711091,1.0292488700230231
2017-09-02 00:00:00+00:00,-35.836944,-71.592777,160.0,open-meteo_ecmwf_ifs,daily,14.087001,6.287,12.28,6.00575,2.3269045,78.876076,0.5,19.274982672055003,1.7061575113406064
2017-09-03 00:00:00+00:00,-35.836944,-71.592777,160.0,open-meteo_ecmwf_ifs,daily,14.637,-0.263,18.45,2.8849163,2.3818357,76.78019,0.0,19.46450191906196,1.8628584533156685
2017-09-04 00:00:00+00:00,-35.836944,-71.592777,160.0,open-meteo_ecmwf_ifs,daily,15.987,0.237,19.2,3.6349165,2.7974017,77.664215,0.0,19.65490817147627,2.0264405917322583
2017-09-05 00:00:00+00:00,-35.836944,-71.592777,160.0,open-meteo_ecmwf_ifs,daily,13.587001,2.387,12.61,3.8932502,2.0688663,79.35375,0.0,19.846133363240856,1.589636592012227
2017-09-06 00:00:00+00:00,-35.836944,-71.592777,160.0,open-meteo_ecmwf_ifs,daily,16.387,4.237,17.55,4.7140837,2.1758454,74.14007,0.3,20.038109108103324,2.1884120741473967
2017-09-07 00:00:00+00:00,-35.836944,-71.592777,160.0,open-meteo_ecmwf_ifs,daily,14.037001,0.187,18.4,3.65575,1.5185556,81.240105,0.0,20.230766749409973,1.8040450989100374
2017-09-08 00:00:00+00:00,-35.836944,-71.592777,160.0,open-meteo_ecmwf_ifs,daily,11.437,5.237,8.56,4.2432494,2.3702753,74.95488,0.0,20.42403741039023,1.4339063091062187
2017-09-09 00:00:00+00:00,-35.836944,-71.592777,160.0,open-meteo_ecmwf_ifs,daily,12.137,1.687,13.86,3.251583,2.0213916,79.81121,1.2,20.617852044831974,1.5899356974712398
2017-09-10 00:00:00+00:00,-35.836944,-71.592777,160.0,open-meteo_ecmwf_ifs,daily,13.937,2.137,13.42,5.2099166,1.7867419,84.87469,2.6999998,20.812141488047793,1.5527645937339958
2017-09-11 00:00:00+00:00,-35.836944,-71.592777,160.0,open-meteo_ecmwf_ifs,daily,16.187,3.537,18.76,5.8328323,2.967221,79.14359,1.0,21.006836508030535,2.1902243867695668
2017-09-12 00:00:00+00:00,-35.836944,-71.592777,160.0,open-meteo_ecmwf_ifs,daily,17.137,2.587,18.78,6.4203334,1.9858154,81.57538,0.0,21.201867856696047,2.101545321194462
2017-09-13 00:00:00+00:00,-35.836944,-71.592777,160.0,open-meteo_ecmwf_ifs,daily,15.437,7.037,10.0,8.178668,2.1763866,83.42739,0.6,21.397166321110888,1.5645784899946356
2017-09-14 00:00:00+00:00,-35.836944,-71.592777,160.0,open-meteo_ecmwf_ifs,daily,13.687,7.787,9.27,6.247417,2.3604374,80.053314,3.8999999,21.592662774601905,1.6870263562875407
2017-09-15 00:00:00+00:00,-35.836944,-71.592777,160.0,open-meteo_ecmwf_ifs,daily,18.036999,-1.963,21.59,2.5557501,3.1415923,75.060265,0.0,21.788288227645342,2.4244626198555848
2017-09-16 00:00:00+00:00,-35.836944,-71.592777,160.0,open-meteo_ecmwf_ifs,daily,19.137,0.88699996,21.31,5.3932495,1.2643393,82.498,0.0,21.983973878433254,2.388848496400281
2017-09-17 00:00:00+00:00,-35.836944,-71.592777,160.0,open-meteo_ecmwf_ifs,daily,21.637,8.187,20.72,10.103667,1.1255156,74.9918,0.0,22.179651163015407,2.7661823922170656
2017-09-18 00:00:00+00:00,-35.836944,-71.592777,160.0,open-meteo_ecmwf_ifs,daily,17.036999,8.837001,12.43,10.866166,2.1757543,91.02738,1.4000001,22.375251804916545,1.7535079318059466
2017-09-19 00:00:00+00:00,-35.836944,-71.592777,160.0,open-meteo_ecmwf_ifs,daily,14.487,9.737,8.76,8.04325,4.047257,79.06784,0.8,22.570707864129012,1.8802897735322985
2017-09-20 00:00:00+00:00,-35.836944,-71.592777,160.0,open-meteo_ecmwf_ifs,daily,17.887,8.237,20.83,7.487,3.4009788,74.3971,0.0,22.765951785383514,2.9774340433228987
2017-09-21 00:00:00+00:00,-35.836944,-71.592777,160.0,open-meteo_ecmwf_ifs,daily,16.286999,2.587,19.24,5.8057504,1.7998623,82.49161,0.0,22.96091644560152,2.2228205962765455
2017-09-22 00:00:00+00:00,-35.836944,-71.592777,160.0,open-meteo_ecmwf_ifs,daily,20.587,5.087,21.6,7.787,3.7404587,81.082954,0.0,23.155535200435406,2.978410068473861
2017-09-23 00:00:00+00:00,-35.836944,-71.592777,160.0,open-meteo_ecmwf_ifs,daily,20.587,5.937,19.45,8.589083,2.4029377,83.830635,0.2,23.349741929804907,2.717908858625794
2017-09-24 00:00:00+00:00,-35.836944,-71.592777,160.0,open-meteo_ecmwf_ifs,daily,18.387,5.537,19.6,7.684917,2.8939717,77.93026,0.0,23.54347108234053,2.6073930556722202
2017-09-25 00:00:00+00:00,-35.836944,-71.592777,160.0,open-meteo_ecmwf_ifs,daily,14.987,4.487,13.22,6.3307495,3.1013706,80.14251,0.4,23.736657718648118,1.874366097570687
2017-09-26 00:00:00+00:00,-35.836944,-71.592777,160.0,open-meteo_ecmwf_ifs,daily,17.937,4.337,20.81,5.966167,2.790671,76.220955,0.0,23.9292375533114,2.7447168751234994
2017-09-27 00:00:00+00:00,-35.836944,-71.592777,160.0,open-meteo_ecmwf_ifs,daily,18.536999,4.987,18.17,7.9390826,1.7924529,84.37653,0.0,24.12114699555297,2.405908649381804
2017-09-28 00:00:00+00:00,-35.836944,-71.592777,160.0,open-meteo_ecmwf_ifs,daily,19.587,7.287,13.96,10.064084,1.7823625,81.9688,1.5,24.312323188477965,2.1327588787897134
2017-09-29 00:00:00+00:00,-35.836944,-71.592777,160.0,open-meteo_ecmwf_ifs,daily,14.537001,9.587001,5.04,9.4974165,2.8348038,83.72895,3.7999997,24.50270404682809,1.2656662006609314
2017-09-30 00:00:00+00:00,-35.836944,-71.592777,160.0,open-meteo_ecmwf_ifs,daily,12.687,8.287001,6.93,8.082833,4.576635,84.09329,49.300003,24.692228293178324,1.3811404235511084
2017-10-01 00:00:00+00:00,-35.836944,-71.592777,160.0,open-meteo_ecmwf_ifs,daily,14.487,6.237,14.91,7.895334,1.5758301,86.250244,11.200002,24.88083549251271,1.946304096498318
2017-10-02 00:00:00+00:00,-35.836944,-71.592777,160.0,open-meteo_ecmwf_ifs,daily,13.837001,4.337,11.4,6.122417,1.6130756,81.24439,0.0,25.068466085119876,1.6338398918713701
2017-10-03 00:00:00+00:00,-35.836944,-71.592777,160.0,open-meteo_ecmwf_ifs,daily,18.786999,8.737,14.76,8.603667,2.468353,79.12739,3.1,25.255061417754384,2.534983880482344
2017-10-04 00:00:00+00:00,-35.836944,-71.592777,160.0,open-meteo_ecmwf_ifs,daily,12.237,9.837001,2.34,9.026584,6.0047565,88.29301,45.7,25.440563773014023,1.0578141699858927
2017-10-05 00:00:00+00:00,-35.836944,-71.592777,160.0,open-meteo_ecmwf_ifs,daily,12.737,8.387,6.01,7.5474167,4.546003,84.2588,9.900002,25.62491639688897,1.4736267565571912
2017-10-06 00:00:00+00:00,-35.836944,-71.592777,160.0,open-meteo_ecmwf_ifs,daily,20.337,3.687,25.14,6.112,3.278396,71.39922,0.0,25.808063524443565,3.389850950654114
2017-10-07 00:00:00+00:00,-35.836944,-71.592777,160.0,open-meteo_ecmwf_ifs,daily,18.437,7.287,17.96,8.824499,2.2048562,85.00738,0.6,25.989950403596584,2.611839577727829
2017-10-08 00:00:00+00:00,-35.836944,-71.592777,160.0,open-meteo_ecmwf_ifs,daily,18.137,6.487,22.4,6.78075,2.3397992,73.087555,0.6,26.170523316972158,3.116052780717306
2017-10-09 00:00:00+00:00,-35.836944,-71.592777,160.0,open-meteo_ecmwf_ifs,daily,16.837,6.187,25.67,5.8890824,4.6382813,73.47534,0.0,26.349729601797833,3.4304884152451556
2017-10-10 00:00:00+00:00,-35.836944,-71.592777,160.0,open-meteo_ecmwf_ifs,daily,14.787001,3.137,20.99,2.9411666,2.9552934,67.44297,0.2,26.527517667833077,2.786078973963764
2017-10-11 00:00:00+00:00,-35.836944,-71.592777,160.0,open-meteo_ecmwf_ifs,daily,15.487,3.187,23.19,4.978667,2.0124838,76.81274,0.0,26.70383701331636,2.7846827817347357
2017-10-12 00:00:00+00:00,-35.836944,-71.592777,160.0,open-meteo_ecmwf_ifs,daily,17.837,4.587,21.11,6.434917,1.751305,73.96233,0.2,26.87863823892507,2.826988630581743
2017-10-13 00:00:00+00:00,-35.836944,-71.592777,160.0,open-meteo_ecmwf_ifs,daily,20.937,6.337,26.22,8.626582,3.0786495,77.560555,0.0,27.05187305974812,3.6190625163276886
2017-10-14 00:00:00+00:00,-35.836944,-71.592777,160.0,open-meteo_ecmwf_ifs,daily,20.837,6.687,25.2,10.4453335,2.506532,85.98382,0.0,27.22349431527694,3.3320555829547143
2017-10-15 00:00:00+00:00,-35.836944,-71.592777,160.0,open-meteo_ecmwf_ifs,daily,22.786999,11.787001,25.96,12.632834,2.9200687,78.36666,0.4,27.393455977426083,4.016787884165749
2017-10-16 00:00:00+00:00,-35.836944,-71.592777,160.0,open-meteo_ecmwf_ifs,daily,16.337,8.937,13.51,9.58075,4.2507777,82.47683,0.2,27.56171315660053,2.185785310926186
2017-10-17 00:00:00+00:00,-35.836944,-71.592777,160.0,open-meteo_ecmwf_ifs,daily,16.687,8.887,11.81,9.276583,1.9623961,81.61857,0.1,27.728222105832216,2.0318419674219292
2017-10-18 00:00:00+00:00,-35.836944,-71.592777,160.0,open-meteo_ecmwf_ifs,daily,18.036999,8.987,18.5,7.5890827,2.0640438,73.01576,1.6,27.892940223013973,2.9834154504471413
2017-10-19 00:00:00+00:00,-35.836944,-71.592777,160.0,open-meteo_ecmwf_ifs,daily,15.737,4.387,18.72,5.953666,3.4131699,74.89256,0.0,28.05582605126422,2.5570790143097266
2017-10-20 00:00:00+00:00,-35.836944,-71.592777,160.0,open-meteo_ecmwf_ifs,daily,17.187,6.937,21.38,5.1099167,3.9927075,67.35995,0.0,28.216839277461407,3.4522428197913553
2017-10-21 00:00:00+00:00,-35.836944,-71.592777,160.0,open-meteo_ecmwf_ifs,daily,21.387,3.487,28.49,6.3140836,3.4513705,71.97775,0.0,28.375940728991957,3.8911086457714785
2017-10-22 00:00:00+00:00,-35.836944,-71.592777,160.0,open-meteo_ecmwf_ifs,daily,22.536999,7.587,25.04,10.14325,1.6978124,81.99709,0.0,28.533092368760503,3.69028824045047
2017-10-23 00:00:00+00:00,-35.836944,-71.592777,160.0,open-meteo_ecmwf_ifs,daily,21.387,7.287,26.17,8.639084,2.3239207,72.52604,0.0,28.68825728851618,3.8353232290460695
2017-10-24 00:00:00+00:00,-35.836944,-71.592777,160.0,open-meteo_ecmwf_ifs,daily,20.637,11.037001,23.28,10.397416,3.0718136,76.04594,0.0,28.841399700552966,3.7751452398502843
2017-10-25 00:00:00+00:00,-35.836944,-71.592777,160.0,open-meteo_ecmwf_ifs,daily,21.437,6.887,28.04,8.753667,3.3320887,71.63901,0.0,28.992484927846448,4.018767143408143
2017-10-26 00:00:00+00:00,-35.836944,-71.592777,160.0,open-meteo_ecmwf_ifs,daily,20.887,8.187,25.92,8.074499,2.5478477,70.798065,0.0,29.141479392693817,3.960188288456887
2017-10-27 00:00:00+00:00,-35.836944,-71.592777,160.0,open-meteo_ecmwf_ifs,daily,22.536999,7.337,27.8,8.749499,2.5564253,70.79205,0.0,29.288350603926748,4.168760590620858
2017-10-28 00:00:00+00:00,-35.836944,-71.592777,160.0,open-meteo_ecmwf_ifs,daily,16.286999,8.937,5.86,7.2369995,3.5434315,73.59646,9.5,29.43306714277166,1.9911061289394378
2017-10-29 00:00:00+00:00,-35.836944,-71.592777,160.0,open-meteo_ecmwf_ifs,daily,15.637,5.987,19.7,4.376584,1.4711871,69.70881,0.1,29.575598647433523,2.8764010019330657
2017-10-30 00:00:00+00:00,-35.836944,-71.592777,160.0,open-meteo_ecmwf_ifs,daily,18.536999,4.387,27.08,5.484916,2.0507557,69.52795,0.0,29.715915796483646,3.6384410071909796
2017-10-31 00:00:00+00:00,-35.836944,-71.592777,160.0,open-meteo_ecmwf_ifs,daily,16.887,6.237,16.15,5.626583,2.6737235,67.28101,0.2,29.85399029113328,2.7479668687894563
2017-11-01 00:00:00+00:00,-35.836944,-71.592777,160.0,open-meteo_ecmwf_ifs,daily,12.937,10.387,4.99,8.920333,3.60851,84.62673,37.1,29.989794836477756,1.3806991538324218
2017-11-02 00:00:00+00:00,-35.836944,-71.592777,160.0,open-meteo_ecmwf_ifs,daily,15.437,7.687,17.6,7.464084,3.1618235,78.00091,2.8,30.12330312179743,2.664232338933218
2017-11-03 00:00:00+00:00,-35.836944,-71.592777,160.0,open-meteo_ecmwf_ifs,daily,18.786999,5.387,28.72,6.2953334,1.8698543,68.69082,0.0,30.254489800003043,3.873986501245436
2017-11-04 00:00:00+00:00,-35.836944,-71.592777,160.0,open-meteo_ecmwf_ifs,daily,17.087,7.137,10.21,8.191166,2.475661,78.764114,2.2,30.38333046631457,1.990591731815152
2017-11-05 00:00:00+00:00,-35.836944,-71.592777,160.0,open-meteo_ecmwf_ifs,daily,22.137,11.787001,23.21,10.989082,2.0852654,73.047646,2.4,30.50980163626273,3.9368486091339223
2017-11-06 00:00:00+00:00,-35.836944,-71.592777,160.0,open-meteo_ecmwf_ifs,daily,19.536999,10.987,12.91,13.387,1.9450712,86.822075,0.1,30.633880723103214,2.1648273395127133
2017-11-07 00:00:00+00:00,-35.836944,-71.592777,160.0,open-meteo_ecmwf_ifs,daily,20.387,11.287001,17.52,13.057834,1.8125954,84.912384,2.0,30.755546014733294,2.8470376860052284
2017-11-08 00:00:00+00:00,-35.836944,-71.592777,160.0,open-meteo_ecmwf_ifs,daily,22.786999,10.087001,26.99,12.101584,1.6616592,79.36462,0.1,30.874776650199806,4.1488395135841705
2017-11-09 00:00:00+00:00,-35.836944,-71.592777,160.0,open-meteo_ecmwf_ifs,daily,22.786999,10.187,27.72,11.711999,2.2943182,74.07535,0.0,30.99155259588731,4.291719279409444
2017-11-10 00:00:00+00:00,-35.836944,-71.592777,160.0,open-meteo_ecmwf_ifs,daily,24.536999,9.687,31.03,11.407834,3.803501,72.429756,0.0,31.10585462147317,4.907720998661447
2017-11-11 00:00:00+00:00,-35.836944,-71.592777,160.0,open-meteo_ecmwf_ifs,daily,25.887,8.687,31.22,12.357834,3.4031684,78.011696,0.0,31.217664275735075,4.822494686495744
2017-11-12 00:00:00+00:00,-35.836944,-71.592777,160.0,open-meteo_ecmwf_ifs,daily,24.487,9.087001,29.9,12.324501,2.1856816,80.26386,0.0,31.326963862294868,4.557378568964491
2017-11-13 00:00:00+00:00,-35.836944,-71.592777,160.0,open-meteo_ecmwf_ifs,daily,24.737,13.187,25.59,14.699501,2.1431677,83.02011,0.2,31.433736415379403,4.31773443699542
2017-11-14 00:00:00+00:00,-35.836944,-71.592777,160.0,open-meteo_ecmwf_ifs,daily,24.286999,11.887,24.11,13.3724165,2.4113898,80.78762,1.1,31.53796567567732,4.1053670111767095
2017-11-15 00:00:00+00:00,-35.836944,-71.592777,160.0,open-meteo_ecmwf_ifs,daily,19.387,10.387,30.84,5.551583,4.664791,56.30582,0.0,31.63963606636697,5.219062769754557
2017-11-16 00:00:00+00:00,-35.836944,-71.592777,160.0,open-meteo_ecmwf_ifs,daily,21.937,7.037,31.09,6.1724167,4.4805627,59.213364,0.0,31.73873266938796,4.994028626510867
2017-11-17 00:00:00+00:00,-35.836944,-71.592777,160.0,open-meteo_ecmwf_ifs,daily,19.687,11.187,27.73,6.9245,5.641639,62.624027,0.0,31.835241202024843,5.049065545499881
2017-11-18 00:00:00+00:00,-35.836944,-71.592777,160.0,open-meteo_ecmwf_ifs,daily,22.337,4.687,31.89,5.312,4.2520924,62.30895,0.0,31.929147993867833,4.865631360940256
2017-11-19 00:00:00+00:00,-35.836944,-71.592777,160.0,open-meteo_ecmwf_ifs,daily,24.337,7.987,31.41,9.584917,3.5446818,70.132225,0.0,32.02043996421136,4.966912782546068
2017-11-20 00:00:00+00:00,-35.836944,-71.592777,160.0,open-meteo_ecmwf_ifs,daily,21.837,10.537001,29.94,7.0099163,2.969777,59.41818,0.0,32.109104599947145,5.086255318755307
2017-11-21 00:00:00+00:00,-35.836944,-71.592777,160.0,open-meteo_ecmwf_ifs,daily,25.737,8.387,32.49,5.9390826,3.865227,54.333096,0.0,32.19512993400374,5.876327315599887
2017-11-22 00:00:00+00:00,-35.836944,-71.592777,160.0,open-meteo_ecmwf_ifs,daily,27.087,7.587,31.76,9.272417,3.571267,66.92979,0.0,32.27850452438036,5.415365104141067
2017-11-23 00:00:00+00:00,-35.836944,-71.592777,160.0,open-meteo_ecmwf_ifs,daily,26.237,8.537001,32.48,9.0599165,3.7266233,64.45783,0.0,32.359217433818074,5.558308637888179
2017-11-24 00:00:00+00:00,-35.836944,-71.592777,160.0,open-meteo_ecmwf_ifs,daily,24.137,7.687,32.26,6.607834,2.380008,58.475086,0.0,32.43725821014636,5.195170324127594
2017-11-25 00:00:00+00:00,-35.836944,-71.592777,160.0,open-meteo_ecmwf_ifs,daily,27.987,8.687,32.5,8.037,3.5365403,57.328995,0.0,32.512616867339005,5.948807968793899
2017-11-26 00:00:00+00:00,-35.836944,-71.592777,160.0,open-meteo_ecmwf_ifs,daily,26.137,11.587001,29.53,12.803666,2.117716,72.02451,0.0,32.585283867307936,5.020073403381492
2017-11-27 00:00:00+00:00,-35.836944,-71.592777,160.0,open-meteo_ecmwf_ifs,daily,29.637,10.337001,31.17,11.493249,1.879363,65.40416,0.0,32.65525010245945,5.524777890044988
2017-11-28 00:00:00+00:00,-35.836944,-71.592777,160.0,open-meteo_ecmwf_ifs,daily,25.837,12.687,31.92,8.791167,3.281955,50.749493,0.0,32.72250687903234,6.023148893035523
2017-11-29 00:00:00+00:00,-35.836944,-71.592777,160.0,open-meteo_ecmwf_ifs,daily,25.286999,9.787001,32.07,9.366167,1.3562521,62.675976,0.0,32.78704590123314,5.176734176159613
2017-11-30 00:00:00+00:00,-35.836944,-71.592777,160.0,open-meteo_ecmwf_ifs,daily,22.487,10.387,20.0,10.234916,3.0530798,70.23443,0.0,32.84885925617958,3.7823743008662376
2017-12-01 00:00:00+00:00,-35.836944,-71.592777,160.0,open-meteo_ecmwf_ifs,daily,25.786999,10.587001,29.69,10.316167,1.9874872,63.582783,0.0,32.90793939965878,5.092628815280939
2017-12-02 00:00:00+00:00,-35.836944,-71.592777,160.0,open-meteo_ecmwf_ifs,daily,25.187,12.937,25.95,10.94325,2.7236967,60.466793,0.2,32.96427914270347,4.955445688987271
2017-12-03 00:00:00+00:00,-35.836944,-71.592777,160.0,open-meteo_ecmwf_ifs,daily,25.387,13.087001,27.33,10.612,1.854741,62.64026,0.0,33.01787163898522,4.984027050112167
2017-12-04 00:00:00+00:00,-35.836944,-71.592777,160.0,open-meteo_ecmwf_ifs,daily,26.887,11.937,26.23,12.097417,1.7546115,66.753365,0.0,33.068710373021005,4.758594218650316
2017-12-05 00:00:00+00:00,-35.836944,-71.592777,160.0,open-meteo_ecmwf_ifs,daily,27.987,12.737,31.8,11.918248,2.6233132,62.03335,0.0,33.116789149185855,5.846447069476711
2017-12-06 00:00:00+00:00,-35.836944,-71.592777,160.0,open-meteo_ecmwf_ifs,daily,27.536999,12.187,30.54,12.0182495,1.3471338,64.440674,0.0,33.162102081522,5.312009807428977
2017-12-07 00:00:00+00:00,-35.836944,-71.592777,160.0,open-meteo_ecmwf_ifs,daily,29.337,12.887,32.78,12.90575,1.8349395,64.88057,0.0,33.204643584332416,5.9027650854162195
2017-12-08 00:00:00+00:00,-35.836944,-71.592777,160.0,open-meteo_ecmwf_ifs,daily,27.937,14.037001,30.81,11.507833,2.2662494,58.01012,0.0,33.244408363544906,5.83459593627064
2017-12-09 00:00:00+00:00,-35.836944,-71.592777,160.0,open-meteo_ecmwf_ifs,daily,29.087,12.287001,33.08,9.6224165,3.28567,54.144085,0.0,33.281391408830864,6.4900498189733415
2017-12-10 00:00:00+00:00,-35.836944,-71.592777,160.0,open-meteo_ecmwf_ifs,daily,31.536999,12.537001,32.31,10.297418,3.1866722,50.347332,0.0,33.315587986462276,6.674680688766367
2017-12-11 00:00:00+00:00,-35.836944,-71.592777,160.0,open-meteo_ecmwf_ifs,daily,26.637,14.987,30.84,12.901585,4.4875655,60.680363,0.0,33.346993632888996,6.080829319920116
2017-12-12 00:00:00+00:00,-35.836944,-71.592777,160.0,open-meteo_ecmwf_ifs,daily,21.187,15.187,11.73,11.69325,3.435108,68.03099,1.3000001,33.37560414901852,3.202602521408478
2017-12-13 00:00:00+00:00,-35.836944,-71.592777,160.0,open-meteo_ecmwf_ifs,daily,25.187,15.187,27.11,11.280749,1.8743595,61.80656,0.0,33.40141559518009,5.124785763154846
2017-12-14 00:00:00+00:00,-35.836944,-71.592777,160.0,open-meteo_ecmwf_ifs,daily,29.286999,12.887,32.63,11.649501,4.638835,59.801113,0.0,33.4244242867552,6.627777771591072
2017-12-15 00:00:00+00:00,-35.836944,-71.592777,160.0,open-meteo_ecmwf_ifs,daily,30.387,14.037001,33.52,10.603667,4.5718894,53.027164,0.0,33.44462679045766,7.27769395455178
2017-12-16 00:00:00+00:00,-35.836944,-71.592777,160.0,open-meteo_ecmwf_ifs,daily,26.237,12.487,23.68,11.137,3.3510144,64.80576,0.0,33.462019921246785,4.912406047441167
2017-12-17 00:00:00+00:00,-35.836944,-71.592777,160.0,open-meteo_ecmwf_ifs,daily,27.587,8.287001,33.93,6.870333,3.6324103,54.831234,0.0,33.4766007398591,6.188249851015406
2017-12-18 00:00:00+00:00,-35.836944,-71.592777,160.0,open-meteo_ecmwf_ifs,daily,27.087,9.687,30.48,8.328666,2.4690073,55.974186,0.0,33.48836655094511,5.520099091516576
2017-12-19 00:00:00+00:00,-35.836944,-71.592777,160.0,open-meteo_ecmwf_ifs,daily,30.237,10.637,33.71,9.411999,2.5891807,54.767567,0.0,33.49731490179994,6.317999860841821
2017-12-20 00:00:00+00:00,-35.836944,-71.592777,160.0,open-meteo_ecmwf_ifs,daily,29.237,12.887,33.3,9.96825,3.5582647,53.174274,0.0,33.50344358167798,6.67737293304521
2017-12-21 00:00:00+00:00,-35.836944,-71.592777,160.0,open-meteo_ecmwf_ifs,daily,28.637,12.887,33.92,9.728665,4.2056475,57.651005,0.0,33.506750621684745,6.856546468078141
2017-12-22 00:00:00+00:00,-35.836944,-71.592777,160.0,open-meteo_ecmwf_ifs,daily,27.087,10.487,33.64,5.257833,4.6428823,43.755184,0.0,33.507234295240764,6.881975249630146
2017-12-23 00:00:00+00:00,-35.836944,-71.592777,160.0,open-meteo_ecmwf_ifs,daily,27.137,7.287,34.42,4.034917,4.2361736,44.95532,0.0,33.504893119115,6.482276852519744
2017-12-24 00:00:00+00:00,-35.836944,-71.592777,160.0,open-meteo_ecmwf_ifs,daily,29.137,8.737,33.85,5.932834,3.786507,48.457535,0.0,33.49972585502786,6.61616878298199
2017-12-25 00:00:00+00:00,-35.836944,-71.592777,160.0,open-meteo_ecmwf_ifs,daily,31.387,12.337001,33.01,11.061999,3.8302605,55.609955,0.0,33.491731511826,6.829316914730501
2017-12-26 00:00:00+00:00,-35.836944,-71.592777,160.0,open-meteo_ecmwf_ifs,daily,29.137,14.087001,31.13,11.657833,3.76221,56.516758,0.7,33.480909348233986,6.442648364699554
2017-12-27 00:00:00+00:00,-35.836944,-71.592777,160.0,open-meteo_ecmwf_ifs,daily,29.487,12.287001,33.12,9.68075,3.1951902,52.431213,0.0,33.467258876189625,6.528424150931456
2017-12-28 00:00:00+00:00,-35.836944,-71.592777,160.0,open-meteo_ecmwf_ifs,daily,31.687,11.337001,33.43,10.197416,4.1118536,53.686344,0.0,33.45077986477263,6.953897558835531
2017-12-29 00:00:00+00:00,-35.836944,-71.592777,160.0,open-meteo_ecmwf_ifs,daily,31.137,14.187,33.26,12.322417,4.0431457,59.395817,0.0,33.43147234473763,7.000945877714146
2017-12-30 00:00:00+00:00,-35.836944,-71.592777,160.0,open-meteo_ecmwf_ifs,daily,25.637,12.987,20.28,13.509915,3.3005207,69.198616,4.0,33.409336613664976,4.125136789420804
2017-12-31 00:00:00+00:00,-35.836944,-71.592777,160.0,open-meteo_ecmwf_ifs,daily,28.187,13.887,31.37,9.557834,2.5836933,50.801357,0.0,33.38437324174392,6.173957141238206
2018-01-01 00:00:00+00:00,-35.836944,-71.592777,160.0,open-meteo_ecmwf_ifs,daily,28.937,12.487,32.18,5.891166,2.5296965,42.037838,0.0,33.35658307820425,6.4115783935658195
2018-01-02 00:00:00+00:00,-35.836944,-71.592777,160.0,open-meteo_ecmwf_ifs,daily,28.036999,11.937,31.94,6.7307496,3.2568462,45.645916,0.0,33.325967258413414,6.452194657545693
2018-01-03 00:00:00+00:00,-35.836944,-71.592777,160.0,open-meteo_ecmwf_ifs,daily,29.137,13.487,29.14,12.50575,3.6127224,60.96417,0.0,33.29252721165685,5.95451604556098
2018-01-04 00:00:00+00:00,-35.836944,-71.592777,160.0,open-meteo_ecmwf_ifs,daily,22.286999,14.487,8.86,14.016167,2.3068287,74.9067,0.0,33.25626466961939,2.304481164867903
2018-01-05 00:00:00+00:00,-35.836944,-71.592777,160.0,open-meteo_ecmwf_ifs,daily,26.187,10.087001,33.13,8.170333,4.305691,58.449844,0.0,33.21718167558599,6.130889883234083
2018-01-06 00:00:00+00:00,-35.836944,-71.592777,160.0,open-meteo_ecmwf_ifs,daily,31.036999,10.887,32.95,7.2828326,4.8539033,46.70505,0.0,33.1752805943787,7.324982204915143
2018-01-07 00:00:00+00:00,-35.836944,-71.592777,160.0,open-meteo_ecmwf_ifs,daily,32.187,13.137,32.67,13.359916,2.589711,63.48781,0.0,33.130564123047265,6.391389707538021
2018-01-08 00:00:00+00:00,-35.836944,-71.592777,160.0,open-meteo_ecmwf_ifs,daily,31.036999,16.487,27.36,13.62658,4.7800956,58.669315,0.0,33.0830353023281,6.683599172167873
2018-01-09 00:00:00+00:00,-35.836944,-71.592777,160.0,open-meteo_ecmwf_ifs,daily,30.837,14.487,29.94,14.35575,2.0637257,65.831154,0.0,33.032697528885905,5.810764307052137
2018-01-10 00:00:00+00:00,-35.836944,-71.592777,160.0,open-meteo_ecmwf_ifs,daily,31.837,16.587,30.69,14.095332,2.0373137,57.11388,0.0,32.97955456834944,6.247996038667711
2018-01-11 00:00:00+00:00,-35.836944,-71.592777,160.0,open-meteo_ecmwf_ifs,daily,31.887,14.737,32.3,12.71825,1.7509527,53.207424,0.0,32.92361056915107,6.239404402323458
2018-01-12 00:00:00+00:00,-35.836944,-71.592777,160.0,open-meteo_ecmwf_ifs,daily,30.987,14.587001,32.45,11.220332,2.785742,50.557938,0.0,32.864870077176626,6.6297379651502055
2018-01-13 00:00:00+00:00,-35.836944,-71.592777,160.0,open-meteo_ecmwf_ifs,daily,28.036999,13.087001,30.27,8.951583,2.6614244,48.806416,0.0,32.803338051229204,5.975087985848521
2018-01-14 00:00:00+00:00,-35.836944,-71.592777,160.0,open-meteo_ecmwf_ifs,daily,27.587,14.887,25.85,11.1119995,2.2256515,54.38786,0.4,32.739019879307094,5.273829891052553
2018-01-15 00:00:00+00:00,-35.836944,-71.592777,160.0,open-meteo_ecmwf_ifs,daily,21.286999,15.387,9.62,13.097417,2.0747962,72.67605,2.1000001,32.671921395692294,2.464424128218113
2018-01-16 00:00:00+00:00,-35.836944,-71.592777,160.0,open-meteo_ecmwf_ifs,daily,25.887,11.687,27.46,11.737,1.4397212,66.07488,0.0,32.60204889884222,4.734816335731391
2018-01-17 00:00:00+00:00,-35.836944,-71.592777,160.0,open-meteo_ecmwf_ifs,daily,28.437,12.287001,32.27,10.078667,3.6632426,55.746063,0.0,32.5294091700727,6.3111487678329
2018-01-18 00:00:00+00:00,-35.836944,-71.592777,160.0,open-meteo_ecmwf_ifs,daily,31.437,11.537001,31.25,11.887,2.5548913,60.473133,0.0,32.45400949301641,6.002705255704155
2018-01-19 00:00:00+00:00,-35.836944,-71.592777,160.0,open-meteo_ecmwf_ifs,daily,32.086998,13.337001,30.5,13.072415,2.6498985,58.960392,0.0,32.37585767383586,6.129631022314795
2018-01-20 00:00:00+00:00,-35.836944,-71.592777,160.0,open-meteo_ecmwf_ifs,daily,28.137,15.687,22.72,14.451585,2.3882663,64.39489,0.0,32.2949620621657,4.74308088938613
2018-01-21 00:00:00+00:00,-35.836944,-71.592777,160.0,open-meteo_ecmwf_ifs,daily,26.387,15.437,17.0,14.928666,1.4477043,68.628845,1.0,32.21133157275414,3.5131360629663875
2018-01-22 00:00:00+00:00,-35.836944,-71.592777,160.0,open-meteo_ecmwf_ifs,daily,27.387,14.937,20.29,14.695333,1.9046909,70.815636,0.1,32.12497570776827,4.118755768179035
2018-01-23 00:00:00+00:00,-35.836944,-71.592777,160.0,open-meteo_ecmwf_ifs,daily,28.036999,13.687,29.06,12.989083,1.6003991,63.064728,0.0,32.035904579723656,5.246335444978328
2018-01-24 00:00:00+00:00,-35.836944,-71.592777,160.0,open-meteo_ecmwf_ifs,daily,29.887,12.887,31.0,11.703667,1.2714483,56.894455,0.0,31.94412893499317,5.52744262567482
2018-01-25 00:00:00+00:00,-35.836944,-71.592777,160.0,open-meteo_ecmwf_ifs,daily,29.036999,13.687,31.13,10.197416,1.6169876,51.44959,0.0,31.849660177845706,5.706212341063947
2018-01-26 00:00:00+00:00,-35.836944,-71.592777,160.0,open-meteo_ecmwf_ifs,daily,26.786999,12.387,31.18,9.5494995,1.9748284,55.317913,0.0,31.75251039496029,5.530356609530035
2018-01-27 00:00:00+00:00,-35.836944,-71.592777,160.0,open-meteo_ecmwf_ifs,daily,28.937,12.087001,31.8,6.891166,4.276656,45.68286,0.0,31.652692380356886,6.826948661021637
2018-01-28 00:00:00+00:00,-35.836944,-71.592777,160.0,open-meteo_ecmwf_ifs,daily,31.036999,10.937,31.92,6.8890824,3.8004096,45.986835,0.0,31.550219660680614,6.79194396349945
2018-01-29 00:00:00+00:00,-35.836944,-71.592777,160.0,open-meteo_ecmwf_ifs,daily,29.036999,10.537001,31.48,8.4495,2.0981667,50.813034,0.0,31.44510652077186,5.681103190023171
2018-01-30 00:00:00+00:00,-35.836944,-71.592777,160.0,open-meteo_ecmwf_ifs,daily,30.337,12.487,31.13,9.499499,3.671712,54.015797,0.0,31.337368029450676,6.494617949924503
2018-01-31 00:00:00+00:00,-35.836944,-71.592777,160.0,open-meteo_ecmwf_ifs,daily,32.737,9.887,30.99,7.4349155,2.7122009,47.010227,0.0,31.227020065440552,6.243102161996075
2018-02-01 00:00:00+00:00,-35.836944,-71.592777,160.0,open-meteo_ecmwf_ifs,daily,32.187,14.987,30.66,10.076584,1.4958566,44.068985,0.0,31.114079343352625,5.891941589700901
2018-02-02 00:00:00+00:00,-35.836944,-71.592777,160.0,open-meteo_ecmwf_ifs,daily,29.687,16.587,29.34,13.168247,2.591533,53.796665,0.0,30.99856343964852,5.9794933012501215
2018-02-03 00:00:00+00:00,-35.836944,-71.592777,160.0,open-meteo_ecmwf_ifs,daily,30.437,16.337,29.39,14.430749,1.7709756,59.50778,0.0,30.880490818497396,5.662370298939868
2018-02-04 00:00:00+00:00,-35.836944,-71.592777,160.0,open-meteo_ecmwf_ifs,daily,31.237,16.237,28.93,14.395333,1.9489101,59.81781,0.0,30.75988085743968,5.724385420053809
2018-02-05 00:00:00+00:00,-35.836944,-71.592777,160.0,open-meteo_ecmwf_ifs,daily,29.036999,17.437,24.68,12.557835,2.9340365,53.662052,0.0,30.636753872768534,5.610067559038883
2018-02-06 00:00:00+00:00,-35.836944,-71.592777,160.0,open-meteo_ecmwf_ifs,daily,28.937,17.637,28.52,12.8411665,1.9333787,55.433353,0.0,30.511131144537924,5.65182829652512
2018-02-07 00:00:00+00:00,-35.836944,-71.592777,160.0,open-meteo_ecmwf_ifs,daily,28.837,13.137,29.6,11.151582,2.415109,56.551083,0.0,30.38303494110491,5.579237796967104
2018-02-08 00:00:00+00:00,-35.836944,-71.592777,160.0,open-meteo_ecmwf_ifs,daily,28.187,13.537001,29.33,10.001583,3.4192255,52.585133,0.0,30.25248854311276,5.9401415161117335
2018-02-09 00:00:00+00:00,-35.836944,-71.592777,160.0,open-meteo_ecmwf_ifs,daily,26.237,11.487,30.25,6.0578346,5.1833158,46.554165,0.0,30.119516266821154,6.444272274441839
2018-02-10 00:00:00+00:00,-35.836944,-71.592777,160.0,open-meteo_ecmwf_ifs,daily,26.036999,9.387,26.84,3.5745,4.95385,43.819782,0.0,29.98414348668913,6.045631158586162
2018-02-11 00:00:00+00:00,-35.836944,-71.592777,160.0,open-meteo_ecmwf_ifs,daily,29.887,8.687,30.17,4.9724164,2.9496,45.326935,0.0,29.846396657117253,5.872649258700577
2018-02-12 00:00:00+00:00,-35.836944,-71.592777,160.0,open-meteo_ecmwf_ifs,daily,32.887,12.037001,29.51,7.034916,2.8266723,43.092773,0.0,29.70630333325553,6.306547996484662
2018-02-13 00:00:00+00:00,-35.836944,-71.592777,160.0,open-meteo_ecmwf_ifs,daily,31.887,12.837001,28.8,10.364083,2.345824,50.812984,0.0,29.563892190785165,5.7503213508380755
2018-02-14 00:00:00+00:00,-35.836944,-71.592777,160.0,open-meteo_ecmwf_ifs,daily,29.487,13.737,28.04,12.447417,1.7975966,61.09204,0.0,29.419193044583352,5.170373940158776
2018-02-15 00:00:00+00:00,-35.836944,-71.592777,160.0,open-meteo_ecmwf_ifs,daily,30.437,14.387,28.3,12.051582,1.7565508,55.955822,0.0,29.272236866182233,5.338057802849123
2018-02-16 00:00:00+00:00,-35.836944,-71.592777,160.0,open-meteo_ecmwf_ifs,daily,32.586998,13.537001,28.15,12.820333,2.3968503,58.135345,0.0,29.123055799935543,5.64226294320224
2018-02-17 00:00:00+00:00,-35.836944,-71.592777,160.0,open-meteo_ecmwf_ifs,daily,32.387,14.387,28.06,11.326584,3.3712022,52.4499,0.0,28.971683177808707,6.232285133767169
2018-02-18 00:00:00+00:00,-35.836944,-71.592777,160.0,open-meteo_ecmwf_ifs,daily,29.036999,15.687,24.12,12.566167,1.9536619,56.842365,0.3,28.81815353271147,4.849060078466862
2018-02-19 00:00:00+00:00,-35.836944,-71.592777,160.0,open-meteo_ecmwf_ifs,daily,29.036999,15.087001,24.03,12.055749,2.218044,58.228878,0.6,28.662502610295082,4.912966465846845
2018-02-20 00:00:00+00:00,-35.836944,-71.592777,160.0,open-meteo_ecmwf_ifs,daily,26.337,14.837001,24.52,12.716168,1.6856927,66.121735,4.2000003,28.50476737913997,4.456308822912265
2018-02-21 00:00:00+00:00,-35.836944,-71.592777,160.0,open-meteo_ecmwf_ifs,daily,29.437,13.487,27.21,12.162002,2.4374745,62.04887,0.0,28.34498603926361,5.196423509188674
2018-02-22 00:00:00+00:00,-35.836944,-71.592777,160.0,open-meteo_ecmwf_ifs,daily,30.036999,12.037001,27.34,9.5495,2.460721,54.231216,0.0,28.183198028882487,5.315701999957861
2018-02-23 00:00:00+00:00,-35.836944,-71.592777,160.0,open-meteo_ecmwf_ifs,daily,27.187,15.837001,21.65,14.964084,2.331226,71.651115,3.8,28.019444029366667,4.245534086814651
2018-02-24 00:00:00+00:00,-35.836944,-71.592777,160.0,open-meteo_ecmwf_ifs,daily,28.536999,13.937,24.26,13.761997,1.8004338,68.23107,0.1,27.85376596833013,4.46431222953352
2018-02-25 00:00:00+00:00,-35.836944,-71.592777,160.0,open-meteo_ecmwf_ifs,daily,28.687,12.287001,25.42,13.132835,1.1658838,70.59503,0.0,27.686207020805107,4.327260851967023
2018-02-26 00:00:00+00:00,-35.836944,-71.592777,160.0,open-meteo_ecmwf_ifs,daily,30.036999,13.437,26.22,12.220332,1.8440071,58.84871,0.0,27.516811608453715,4.866337190016707
2018-02-27 00:00:00+00:00,-35.836944,-71.592777,160.0,open-meteo_ecmwf_ifs,daily,28.786999,16.137,23.89,13.495334,1.8831822,61.627407,0.2,27.345625396775777,4.655137302546006
2018-02-28 00:00:00+00:00,-35.836944,-71.592777,160.0,open-meteo_ecmwf_ifs,daily,28.937,13.837001,25.54,12.6744995,1.7282261,62.805683,0.0,27.1726952902771,4.636495355115182
2018-03-01 00:00:00+00:00,-35.836944,-71.592777,160.0,open-meteo_ecmwf_ifs,daily,31.036999,13.887,26.11,11.9245,2.1150472,58.436413,0.0,26.998069425568207,5.071717061189616
2018-03-02 00:00:00+00:00,-35.836944,-71.592777,160.0,open-meteo_ecmwf_ifs,daily,30.337,13.287001,25.71,12.041167,1.9012381,57.50505,0.0,26.821797162369545,4.799117499604732
2018-03-03 00:00:00+00:00,-35.836944,-71.592777,160.0,open-meteo_ecmwf_ifs,daily,27.737,12.687,25.28,12.1744995,1.8048965,63.690342,0.0,26.643929072404866,4.413354800128432
2018-03-04 00:00:00+00:00,-35.836944,-71.592777,160.0,open-meteo_ecmwf_ifs,daily,28.587,12.587001,25.26,10.3099165,3.7160518,57.6169,0.0,26.46451692617062,5.254774085918761
2018-03-05 00:00:00+00:00,-35.836944,-71.592777,160.0,open-meteo_ecmwf_ifs,daily,31.137,10.187,25.89,5.320333,3.6345453,43.304657,0.0,26.283613677575314,5.813638288320621
2018-03-06 00:00:00+00:00,-35.836944,-71.592777,160.0,open-meteo_ecmwf_ifs,daily,30.137,11.137,25.34,8.264083,1.416529,50.14632,0.0,26.101273446448793,4.43071837625541
2018-03-07 00:00:00+00:00,-35.836944,-71.592777,160.0,open-meteo_ecmwf_ifs,daily,26.737,13.137,23.81,12.082833,2.7668812,63.53822,0.0,25.917551498927626,4.417766636374058
2018-03-08 00:00:00+00:00,-35.836944,-71.592777,160.0,open-meteo_ecmwf_ifs,daily,27.687,11.437,23.16,12.8495,2.181072,71.33454,0.0,25.73250422572873,4.037043258097116
2018-03-09 00:00:00+00:00,-35.836944,-71.592777,160.0,open-meteo_ecmwf_ifs,daily,26.087,11.587001,22.35,11.453667,2.4865072,68.453125,0.0,25.546189118329618,3.994479254473089
2018-03-10 00:00:00+00:00,-35.836944,-71.592777,160.0,open-meteo_ecmwf_ifs,daily,23.737,13.987,22.68,9.2495,3.4172895,59.90773,1.9000001,25.358664743079576,4.527421623067644
2018-03-11 00:00:00+00:00,-35.836944,-71.592777,160.0,open-meteo_ecmwf_ifs,daily,26.536999,9.837001,24.76,3.537,4.482699,42.703323,0.0,25.16999071327198,5.541617905677694
2018-03-12 00:00:00+00:00,-35.836944,-71.592777,160.0,open-meteo_ecmwf_ifs,daily,24.786999,10.737,23.41,9.49325,4.216793,64.04032,0.0,24.980227659213973,4.422213312365629
2018-03-13 00:00:00+00:00,-35.836944,-71.592777,160.0,open-meteo_ecmwf_ifs,daily,24.786999,7.537,24.75,4.3015833,3.564002,51.464954,0.0,24.789437196335275,4.577254232396714
2018-03-14 00:00:00+00:00,-35.836944,-71.592777,160.0,open-meteo_ecmwf_ifs,daily,22.087,8.737,18.08,6.5244985,2.515645,58.93724,0.0,24.59768189138357,3.345387541298442
2018-03-15 00:00:00+00:00,-35.836944,-71.592777,160.0,open-meteo_ecmwf_ifs,daily,25.536999,9.487,23.44,8.1849165,2.6777375,64.40642,0.0,24.40502522675954,4.0963324819068685
2018-03-16 00:00:00+00:00,-35.836944,-71.592777,160.0,open-meteo_ecmwf_ifs,daily,25.237,8.487,23.65,5.362,2.8955204,54.33043,0.0,24.211531563049558,4.280918346261927
2018-03-17 00:00:00+00:00,-35.836944,-71.592777,160.0,open-meteo_ecmwf_ifs,daily,16.737,13.287001,4.71,11.266167,4.30414,80.93902,32.0,24.01726609981943,1.7396839307827552
2018-03-18 00:00:00+00:00,-35.836944,-71.592777,160.0,open-meteo_ecmwf_ifs,daily,21.036999,7.837,22.77,8.347417,2.9333007,73.81312,1.0,23.822294834737463,3.3520119454298096
2018-03-19 00:00:00+00:00,-35.836944,-71.592777,160.0,open-meteo_ecmwf_ifs,daily,21.286999,6.037,21.3,7.912,1.8137444,76.14151,0.0,23.62668452109964,2.957055135202271
2018-03-20 00:00:00+00:00,-35.836944,-71.592777,160.0,open-meteo_ecmwf_ifs,daily,24.286999,8.387,21.85,10.689084,1.9629034,78.73782,0.0,23.430502623834272,3.264371102562745
2018-03-21 00:00:00+00:00,-35.836944,-71.592777,160.0,open-meteo_ecmwf_ifs,daily,24.887,9.837001,20.3,10.789084,1.5283486,74.261986,0.0,23.233817274067892,3.1851339920566333
2018-03-22 00:00:00+00:00,-35.836944,-71.592777,160.0,open-meteo_ecmwf_ifs,daily,24.137,11.737,17.13,8.564084,2.0987473,59.64386,0.0,23.03669722233758,3.3115093757838543
2018-03-23 00:00:00+00:00,-35.836944,-71.592777,160.0,open-meteo_ecmwf_ifs,daily,22.087,15.137,14.67,12.859916,3.3415587,73.14416,7.2,22.83921179053946,3.0596530725363675
2018-03-24 00:00:00+00:00,-35.836944,-71.592777,160.0,open-meteo_ecmwf_ifs,daily,21.337,9.087001,22.35,8.022417,4.455089,65.54789,0.0,22.641430822705548,3.7091236619974146
2018-03-25 00:00:00+00:00,-35.836944,-71.592777,160.0,open-meteo_ecmwf_ifs,daily,23.837,5.537,21.93,6.886999,3.1564388,70.56721,0.0,22.44342463470526,3.4545277502388783
2018-03-26 00:00:00+00:00,-35.836944,-71.592777,160.0,open-meteo_ecmwf_ifs,daily,22.536999,8.987,19.67,9.137,2.3820612,72.36178,0.0,22.24526396296994,3.099488591351562
2018-03-27 00:00:00+00:00,-35.836944,-71.592777,160.0,open-meteo_ecmwf_ifs,daily,25.087,9.737,19.97,10.55575,2.546743,76.31985,0.0,22.04701991234201,3.330884149322939
2018-03-28 00:00:00+00:00,-35.836944,-71.592777,160.0,open-meteo_ecmwf_ifs,daily,27.687,10.487,20.16,10.312,3.320981,69.38428,0.0,21.848763903152058,3.944264716299067
2018-03-29 00:00:00+00:00,-35.836944,-71.592777,160.0,open-meteo_ecmwf_ifs,daily,28.637,13.187,20.17,12.839082,4.2483625,69.7839,0.0,21.65056761762963,4.315670686246682
2018-03-30 00:00:00+00:00,-35.836944,-71.592777,160.0,open-meteo_ecmwf_ifs,daily,27.337,10.737,20.34,10.1119995,4.751066,61.915592,0.0,21.452502945754762,4.346824263914887
2018-03-31 00:00:00+00:00,-35.836944,-71.592777,160.0,open-meteo_ecmwf_ifs,daily,23.887,12.737,14.77,12.289084,1.8221987,73.79504,0.0,21.254641930658977,2.651797188094098
2018-04-01 00:00:00+00:00,-35.836944,-71.592777,160.0,open-meteo_ecmwf_ifs,daily,24.237,9.387,17.54,10.6495,1.6725059,74.563515,0.0,21.057056713685352,2.7323880691175777
2018-04-02 00:00:00+00:00,-35.836944,-71.592777,160.0,open-meteo_ecmwf_ifs,daily,26.337,10.937,19.37,11.043251,1.3310077,66.012764,0.0,20.859819479217965,3.0039015264167297
2018-04-03 00:00:00+00:00,-35.836944,-71.592777,160.0,open-meteo_ecmwf_ifs,daily,25.036999,10.237,17.95,11.755749,1.4384184,74.42007,0.0,20.663002399391605,2.73040263893973
2018-04-04 00:00:00+00:00,-35.836944,-71.592777,160.0,open-meteo_ecmwf_ifs,daily,24.187,11.737,14.89,12.732831,2.375897,79.74807,0.0,20.466677578792694,2.6256426251899887
2018-04-05 00:00:00+00:00,-35.836944,-71.592777,160.0,open-meteo_ecmwf_ifs,daily,17.137,10.637,7.31,8.839084,4.3803287,74.42807,1.0000001,20.2709169992622,2.0869828188351205
2018-04-06 00:00:00+00:00,-35.836944,-71.592777,160.0,open-meteo_ecmwf_ifs,daily,17.187,4.987,13.42,5.801584,2.0776198,70.194855,3.0,20.075792464910734,1.954352524425473
2018-04-07 00:00:00+00:00,-35.836944,-71.592777,160.0,open-meteo_ecmwf_ifs,daily,20.187,6.987,13.77,8.207833,2.2844198,76.258835,0.2,19.881375547455516,2.178467151714253
2018-04-08 00:00:00+00:00,-35.836944,-71.592777,160.0,open-meteo_ecmwf_ifs,daily,23.536999,7.137,18.37,8.34325,1.5752984,69.16663,0.0,19.68773753198757,2.584555913500728
2018-04-09 00:00:00+00:00,-35.836944,-71.592777,160.0,open-meteo_ecmwf_ifs,daily,22.237,9.287001,14.55,10.197417,3.295448,76.12815,5.8,19.4949493632763,2.5738371668183713
2018-04-10 00:00:00+00:00,-35.836944,-71.592777,160.0,open-meteo_ecmwf_ifs,daily,18.837,13.087001,6.11,11.897416,5.1991687,82.725006,29.8,19.30308159271692,1.9950149103470125
2018-04-11 00:00:00+00:00,-35.836944,-71.592777,160.0,open-meteo_ecmwf_ifs,daily,14.737,10.637,1.85,11.914083,4.495467,90.22155,39.699997,19.112204326024326,0.6561495566840798
2018-04-12 00:00:00+00:00,-35.836944,-71.592777,160.0,open-meteo_ecmwf_ifs,daily,18.237,5.287,17.87,5.00575,2.9581223,70.71632,0.0,18.92238717177483,2.4801084074308215
2018-04-13 00:00:00+00:00,-35.836944,-71.592777,160.0,open-meteo_ecmwf_ifs,daily,17.737,5.037,16.6,7.432833,0.97192985,85.030464,0.0,18.733699190894733,1.8453037367985934
2018-04-14 00:00:00+00:00,-35.836944,-71.592777,160.0,open-meteo_ecmwf_ifs,daily,18.387,6.087,15.09,8.880751,1.9400625,89.030365,0.0,18.546208847192162,1.8338157221941485
2018-04-15 00:00:00+00:00,-35.836944,-71.592777,160.0,open-meteo_ecmwf_ifs,daily,17.987,7.837,14.0,10.653667,1.6673421,91.38427,0.4,18.359983959025307,1.6751432147169651
2018-04-16 00:00:00+00:00,-35.836944,-71.592777,160.0,open-meteo_ecmwf_ifs,daily,20.237,9.137,12.04,12.168251,2.0463436,91.06776,0.1,18.175091652197622,1.6704154525877217
2018-04-17 00:00:00+00:00,-35.836944,-71.592777,160.0,open-meteo_ecmwf_ifs,daily,18.187,9.687,15.84,11.076584,3.4013498,84.4571,0.0,17.991598314166605,1.9714526783175936
2018-04-18 00:00:00+00:00,-35.836944,-71.592777,160.0,open-meteo_ecmwf_ifs,daily,17.937,5.487,14.4,7.270334,2.5874422,84.258995,0.0,17.809569549649623,1.8862309832068276
2018-04-19 00:00:00+00:00,-35.836944,-71.592777,160.0,open-meteo_ecmwf_ifs,daily,18.187,8.087001,12.5,9.747417,1.6818069,89.49108,0.0,17.62907013770609,1.6411404478484917
2018-04-20 00:00:00+00:00,-35.836944,-71.592777,160.0,open-meteo_ecmwf_ifs,daily,20.737,9.787001,15.7,11.826583,2.3097832,86.91089,0.0,17.450163990371692,2.031186109301825
2018-04-21 00:00:00+00:00,-35.836944,-71.592777,160.0,open-meteo_ecmwf_ifs,daily,20.987,8.287001,14.6,10.828666,2.101054,86.71872,0.0,17.272914112915746,1.9215123972041255
2018-04-22 00:00:00+00:00,-35.836944,-71.592777,160.0,open-meteo_ecmwf_ifs,daily,22.036999,9.287001,14.37,11.676583,2.542175,84.665245,0.0,17.097382565788845,2.0380963226049875
2018-04-23 00:00:00+00:00,-35.836944,-71.592777,160.0,open-meteo_ecmwf_ifs,daily,17.286999,5.787,13.71,8.666167,2.452885,85.645134,0.0,16.923630428323122,1.5704170682210759
2018-04-24 00:00:00+00:00,-35.836944,-71.592777,160.0,open-meteo_ecmwf_ifs,daily,16.137,4.987,12.6,7.520334,1.5771117,88.172585,0.1,16.751717764242905,1.4078653763665303
2018-04-25 00:00:00+00:00,-35.836944,-71.592777,160.0,open-meteo_ecmwf_ifs,daily,18.437,4.937,14.32,7.622416,1.6004491,85.06808,0.0,16.581703589038693,1.6209408169537964
2018-04-26 00:00:00+00:00,-35.836944,-71.592777,160.0,open-meteo_ecmwf_ifs,daily,19.387,6.287,12.01,7.0349164,3.4408214,72.67327,1.4,16.413645839252432,2.063631362419214
2018-04-27 00:00:00+00:00,-35.836944,-71.592777,160.0,open-meteo_ecmwf_ifs,daily,16.437,10.137,10.05,9.9349165,3.2296512,80.89274,14.700001,16.24760134371693,1.5738082225550172
2018-04-28 00:00:00+00:00,-35.836944,-71.592777,160.0,open-meteo_ecmwf_ifs,daily,14.087001,3.537,9.85,6.0849166,1.5627662,86.35955,0.0,16.083625796787086,1.1255547623081583
2018-04-29 00:00:00+00:00,-35.836944,-71.592777,160.0,open-meteo_ecmwf_ifs,daily,15.987,6.337,12.21,8.164084,1.0316132,88.621925,0.0,15.921773733595286,1.3028855819652476
2018-04-30 00:00:00+00:00,-35.836944,-71.592777,160.0,open-meteo_ecmwf_ifs,daily,18.237,5.187,12.25,8.439083,1.9555606,88.47689,0.0,15.762098507357825,1.425560142865059
2018-05-01 00:00:00+00:00,-35.836944,-71.592777,160.0,open-meteo_ecmwf_ifs,daily,18.387,7.487,13.17,9.203667,1.4137701,86.401726,0.5,15.604652268753878,1.4955721572433995
2018-05-02 00:00:00+00:00,-35.836944,-71.592777,160.0,open-meteo_ecmwf_ifs,daily,17.387,9.487,10.37,10.164085,1.4548844,85.32952,0.0,15.449485947392722,1.3405788010401227
2018-05-03 00:00:00+00:00,-35.836944,-71.592777,160.0,open-meteo_ecmwf_ifs,daily,15.887,8.537001,7.44,9.912001,2.6484172,84.884155,0.4,15.296649235379494,1.1332096206777438
2018-05-04 00:00:00+00:00,-35.836944,-71.592777,160.0,open-meteo_ecmwf_ifs,daily,15.887,7.437,6.14,9.072416,2.2433922,90.15067,0.5,15.146190572983917,1.0623260175225837
2018-05-05 00:00:00+00:00,-35.836944,-71.592777,160.0,open-meteo_ecmwf_ifs,daily,21.137,9.287001,12.01,10.753667,1.7508255,87.63926,0.0,14.998157136410683,1.6146642911912248
2018-05-06 00:00:00+00:00,-35.836944,-71.592777,160.0,open-meteo_ecmwf_ifs,daily,18.786999,9.387,9.91,11.180749,1.8872346,87.58197,0.0,14.852594827664555,1.3177464909153533
2018-05-07 00:00:00+00:00,-35.836944,-71.592777,160.0,open-meteo_ecmwf_ifs,daily,15.787001,12.287001,3.63,12.751584,1.1174294,93.545044,7.0,14.709548266497098,0.7673874265518256
2018-05-08 00:00:00+00:00,-35.836944,-71.592777,160.0,open-meteo_ecmwf_ifs,daily,15.287001,7.987,8.73,9.291166,1.4262376,89.717804,0.0,14.569060784416617,1.0485399438740906
2018-05-09 00:00:00+00:00,-35.836944,-71.592777,160.0,open-meteo_ecmwf_ifs,daily,14.887,7.837,6.98,9.224501,1.3215942,93.308075,0.0,14.431174420736506,0.9329177640073223
2018-05-10 00:00:00+00:00,-35.836944,-71.592777,160.0,open-meteo_ecmwf_ifs,daily,16.536999,6.887,10.29,8.6849165,1.2452484,88.52783,0.0,14.295929920631998,1.1245040218602933
2018-05-11 00:00:00+00:00,-35.836944,-71.592777,160.0,open-meteo_ecmwf_ifs,daily,18.137,6.137,12.5,7.8682504,2.5213244,82.07813,0.0,14.163366735168976,1.490712223244423
2018-05-12 00:00:00+00:00,-35.836944,-71.592777,160.0,open-meteo_ecmwf_ifs,daily,16.987,7.087,9.56,8.866167,1.4871384,91.7367,0.5,14.033523023263257,1.1272023902408166
2018-05-13 00:00:00+00:00,-35.836944,-71.592777,160.0,open-meteo_ecmwf_ifs,daily,17.437,8.887,9.28,9.366167,3.1982992,84.31663,0.4,13.906435655522706,1.4532361822538158
2018-05-14 00:00:00+00:00,-35.836944,-71.592777,160.0,open-meteo_ecmwf_ifs,daily,15.287001,10.187,7.99,10.116167,1.6299413,85.44521,19.2,13.78214021991932,1.0469326825916394
2018-05-15 00:00:00+00:00,-35.836944,-71.592777,160.0,open-meteo_ecmwf_ifs,daily,10.887,6.437,3.14,5.5765824,2.0249217,82.70668,0.0,13.660671029232562,0.8590494083635402
2018-05-16 00:00:00+00:00,-35.836944,-71.592777,160.0,open-meteo_ecmwf_ifs,daily,10.987,5.787,3.09,6.864083,1.4519219,91.99073,1.4,13.542061130200178,0.6381700040620234
2018-05-17 00:00:00+00:00,-35.836944,-71.592777,160.0,open-meteo_ecmwf_ifs,daily,15.787001,7.587,8.9,8.426582,1.6791805,83.39425,2.9,13.42634231430724,1.073805288530885
2018-05-18 00:00:00+00:00,-35.836944,-71.592777,160.0,open-meteo_ecmwf_ifs,daily,16.337,4.187,11.67,6.94325,3.1541555,82.70222,0.1,13.313545130139206,1.236817120042046
2018-05-19 00:00:00+00:00,-35.836944,-71.592777,160.0,open-meteo_ecmwf_ifs,daily,15.787001,2.737,11.54,5.8453336,2.1352189,87.20992,0.0,13.20369889721977,1.0849042883537212
2018-05-20 00:00:00+00:00,-35.836944,-71.592777,160.0,open-meteo_ecmwf_ifs,daily,16.237,3.737,6.86,7.6182494,2.3825138,91.3429,0.0,13.096831721249641,0.9062677766225895
2018-05-21 00:00:00+00:00,-35.836944,-71.592777,160.0,open-meteo_ecmwf_ifs,daily,12.137,4.337,10.71,6.236999,2.5231364,90.52508,0.0,12.992970510657743,0.879541038001833
2018-05-22 00:00:00+00:00,-35.836944,-71.592777,160.0,open-meteo_ecmwf_ifs,daily,11.487,-0.063,11.71,3.0932503,2.1610444,89.740746,0.0,12.892140994372184,0.8424313808881548
2018-05-23 00:00:00+00:00,-35.836944,-71.592777,160.0,open-meteo_ecmwf_ifs,daily,10.187,0.187,8.42,3.3369997,1.419972,94.87301,0.4,12.794367740714254,0.6659005983873507
2018-05-24 00:00:00+00:00,-35.836944,-71.592777,160.0,open-meteo_ecmwf_ifs,daily,13.487,2.187,9.42,5.0161667,1.1926378,92.75867,0.0,12.6996741773149,0.7969782305632479
2018-05-25 00:00:00+00:00,-35.836944,-71.592777,160.0,open-meteo_ecmwf_ifs,daily,14.437,3.987,9.02,6.916167,0.87123686,92.48251,0.0,12.608082611949897,0.7675235648414213
2018-05-26 00:00:00+00:00,-35.836944,-71.592777,160.0,open-meteo_ecmwf_ifs,daily,11.337001,5.487,2.38,7.1515822,2.5819468,93.22367,16.6,12.519614254186571,0.5999176716590167
2018-05-27 00:00:00+00:00,-35.836944,-71.592777,160.0,open-meteo_ecmwf_ifs,daily,13.837001,7.087,5.55,8.38075,1.2218729,89.852234,0.0,12.434289237732484,0.7345599471155765
2018-05-28 00:00:00+00:00,-35.836944,-71.592777,160.0,open-meteo_ecmwf_ifs,daily,12.687,9.237,1.44,9.926583,3.0381708,90.45199,7.8999996,12.35212664337376,0.595028459734215
2018-05-29 00:00:00+00:00,-35.836944,-71.592777,160.0,open-meteo_ecmwf_ifs,daily,13.087001,9.887,2.29,9.3745,4.9337773,84.22518,28.1,12.273144522389142,0.9379968768628614
2018-05-30 00:00:00+00:00,-35.836944,-71.592777,160.0,open-meteo_ecmwf_ifs,daily,13.137,3.837,10.59,4.347416,2.8409243,79.011604,0.0,12.197359920323983,1.1029317810032535
2018-05-31 00:00:00+00:00,-35.836944,-71.592777,160.0,open-meteo_ecmwf_ifs,daily,10.587001,2.437,9.67,3.6244996,1.9090155,87.83149,0.0,12.124788901007484,0.7789060914868484
2018-06-01 00:00:00+00:00,-35.836944,-71.592777,160.0,open-meteo_ecmwf_ifs,daily,10.537001,-2.363,11.16,0.8015831,1.2306417,80.675026,0.0,12.055446570695743,0.6647249718934933
2018-06-02 00:00:00+00:00,-35.836944,-71.592777,160.0,open-meteo_ecmwf_ifs,daily,10.937,1.037,10.77,1.5932503,1.2479395,72.573715,0.0,11.989347102222935,0.7657497324953555
2018-06-03 00:00:00+00:00,-35.836944,-71.592777,160.0,open-meteo_ecmwf_ifs,daily,12.087001,1.537,8.68,2.8932498,2.256433,78.32846,0.8,11.92650375904341,0.8989724059936255
2018-06-04 00:00:00+00:00,-35.836944,-71.592777,160.0,open-meteo_ecmwf_ifs,daily,9.037001,-1.363,6.58,0.111999996,2.247988,76.96526,0.1,11.866928919048165,0.7710120943139771
2018-06-05 00:00:00+00:00,-35.836944,-71.592777,160.0,open-meteo_ecmwf_ifs,daily,4.837,-1.863,1.29,0.9932501,1.2039653,97.53388,5.6000004,11.810634098040476,0.3697518662732431
2018-06-06 00:00:00+00:00,-35.836944,-71.592777,160.0,open-meteo_ecmwf_ifs,daily,12.787001,-0.41300002,10.97,3.6932497,2.9067812,85.10985,1.7,11.75762997275742,0.7715854311783341
2018-06-07 00:00:00+00:00,-35.836944,-71.592777,160.0,open-meteo_ecmwf_ifs,daily,9.837001,-1.613,9.6,1.3765832,1.5439614,90.907265,0.0,11.707926403326189,0.623915523853032
2018-06-08 00:00:00+00:00,-35.836944,-71.592777,160.0,open-meteo_ecmwf_ifs,daily,10.337001,4.337,1.96,4.5703335,1.1907952,81.62245,4.7999997,11.66153245504724,0.6373590856836302
2018-06-09 00:00:00+00:00,-35.836944,-71.592777,160.0,open-meteo_ecmwf_ifs,daily,13.287001,7.887,1.43,8.08075,5.782391,84.54406,23.7,11.618456419399317,1.0376471763134218
2018-06-10 00:00:00+00:00,-35.836944,-71.592777,160.0,open-meteo_ecmwf_ifs,daily,9.937,6.937,1.71,6.6745,5.4499993,88.06805,47.699997,11.578705834165879,0.7605809280523271
2018-06-11 00:00:00+00:00,-35.836944,-71.592777,160.0,open-meteo_ecmwf_ifs,daily,6.637,3.237,2.9,3.4599164,4.221898,88.13312,14.8,11.5422875025862,0.5807246972889722
2018-06-12 00:00:00+00:00,-35.836944,-71.592777,160.0,open-meteo_ecmwf_ifs,daily,11.137,0.33699998,9.84,1.362,1.7413831,76.97701,2.0,11.509207511439909,0.7853903901266349
2018-06-13 00:00:00+00:00,-35.836944,-71.592777,160.0,open-meteo_ecmwf_ifs,daily,10.487,-3.263,10.67,-0.050500076,2.1078062,83.45196,0.0,11.479471247978719,0.7102308439340229
2018-06-14 00:00:00+00:00,-35.836944,-71.592777,160.0,open-meteo_ecmwf_ifs,daily,7.337,-2.163,9.4,-0.65258336,1.6113065,88.315254,0.0,11.453083415625091,0.6000744732335377
2018-06-15 00:00:00+00:00,-35.836944,-71.592777,160.0,open-meteo_ecmwf_ifs,daily,11.687,0.287,7.73,2.28075,1.776772,83.67273,0.0,11.43004804836379,0.7452215689084511
2018-06-16 00:00:00+00:00,-35.836944,-71.592777,160.0,open-meteo_ecmwf_ifs,daily,15.687,1.737,10.13,5.4015827,2.0522616,90.02305,0.0,11.410368523758924,0.8298987048433892
2018-06-17 00:00:00+00:00,-35.836944,-71.592777,160.0,open-meteo_ecmwf_ifs,daily,15.087001,2.637,10.07,6.7890835,1.6938626,92.72464,0.0,11.394047574536021,0.6886057667890306
2018-06-18 00:00:00+00:00,-35.836944,-71.592777,160.0,open-meteo_ecmwf_ifs,daily,12.987,4.187,8.37,7.7703323,1.6930957,95.75094,0.0,11.381087298676103,0.5561262512620002
2018-06-19 00:00:00+00:00,-35.836944,-71.592777,160.0,open-meteo_ecmwf_ifs,daily,13.937,5.837,6.69,7.8245006,1.8069688,95.57461,0.2,11.37148916797629,0.7040008777871694
2018-06-20 00:00:00+00:00,-35.836944,-71.592777,160.0,open-meteo_ecmwf_ifs,daily,12.637,5.337,6.65,6.837,2.3107817,93.85464,0.0,11.365254035039278,0.7240883005762448
2018-06-21 00:00:00+00:00,-35.836944,-71.592777,160.0,open-meteo_ecmwf_ifs,daily,13.187,2.187,10.18,3.6869996,3.5477307,81.181435,0.0,11.3623821386622,1.0490353192461146
2018-06-22 00:00:00+00:00,-35.836944,-71.592777,160.0,open-meteo_ecmwf_ifs,daily,11.837001,-0.213,9.99,2.9578333,2.0309103,88.673676,0.0,11.362873107603551,0.6884918636426692
2018-06-23 00:00:00+00:00,-35.836944,-71.592777,160.0,open-meteo_ecmwf_ifs,daily,14.487,3.237,10.16,4.5495,2.977248,84.38605,0.0,11.366725962715122,1.068114936940118
2018-06-24 00:00:00+00:00,-35.836944,-71.592777,160.0,open-meteo_ecmwf_ifs,daily,12.587001,-2.213,9.03,2.4015834,2.0571854,89.28738,0.0,11.373939117434425,0.6671588120564341
2018-06-25 00:00:00+00:00,-35.836944,-71.592777,160.0,open-meteo_ecmwf_ifs,daily,13.037001,2.137,9.59,3.712,2.0186934,83.138084,0.0,11.384510376641348,0.8361007879915633
2018-06-26 00:00:00+00:00,-35.836944,-71.592777,160.0,open-meteo_ecmwf_ifs,daily,10.087001,6.637,0.68,6.4453335,1.9415003,87.88324,16.6,11.398436933891308,0.6266226395141328
2018-06-27 00:00:00+00:00,-35.836944,-71.592777,160.0,open-meteo_ecmwf_ifs,daily,13.037001,9.837001,2.48,9.707834,2.1723502,91.78958,15.6,11.415715367045248,0.6879794490952896
2018-06-28 00:00:00+00:00,-35.836944,-71.592777,160.0,open-meteo_ecmwf_ifs,daily,9.837001,7.287,1.77,7.7828336,1.839603,96.843506,5.2999997,11.43634163232524,0.4929072232738795
2018-06-29 00:00:00+00:00,-35.836944,-71.592777,160.0,open-meteo_ecmwf_ifs,daily,13.387,7.537,6.17,8.380749,1.6108195,91.33462,0.9,11.460311056832214,0.7093194815611626
2018-06-30 00:00:00+00:00,-35.836944,-71.592777,160.0,open-meteo_ecmwf_ifs,daily,13.037001,6.037,6.16,7.9161663,1.1022396,94.173164,0.3,11.48761832957019,0.6169179624280005
2018-07-01 00:00:00+00:00,-35.836944,-71.592777,160.0,open-meteo_ecmwf_ifs,daily,14.087001,6.237,3.44,6.712,2.9542716,83.05967,2.9,11.518257491028905,0.9988532005766474
2018-07-02 00:00:00+00:00,-35.836944,-71.592777,160.0,open-meteo_ecmwf_ifs,daily,16.837,9.487,7.62,8.262,2.5875926,77.9492,19.099998,11.5522219213839,1.2809934427276064
2018-07-03 00:00:00+00:00,-35.836944,-71.592777,160.0,open-meteo_ecmwf_ifs,daily,15.487,7.937,5.12,8.547417,3.8355894,85.493126,1.5,11.58950432737986,1.11480296685188
2018-07-04 00:00:00+00:00,-35.836944,-71.592777,160.0,open-meteo_ecmwf_ifs,daily,13.537001,10.387,1.82,7.9828334,6.256397,77.58007,14.800001,11.630096727969724,1.5396843811675236
2018-07-05 00:00:00+00:00,-35.836944,-71.592777,160.0,open-meteo_ecmwf_ifs,daily,14.237,10.537001,1.94,7.7495,6.9177337,76.39282,17.5,11.673990438787902,1.816235255593895
2018-07-06 00:00:00+00:00,-35.836944,-71.592777,160.0,open-meteo_ecmwf_ifs,daily,13.087001,9.337001,4.39,7.3495007,5.8980594,77.27282,21.400002,11.721176055541726,1.4511381244049166
2018-07-07 00:00:00+00:00,-35.836944,-71.592777,160.0,open-meteo_ecmwf_ifs,daily,14.737,9.237,7.35,6.9515824,3.5584114,74.57192,5.7000003,11.771643436410281,1.450068666285745
2018-07-08 00:00:00+00:00,-35.836944,-71.592777,160.0,open-meteo_ecmwf_ifs,daily,11.787001,0.387,11.19,3.5307493,1.4056772,84.15455,0.0,11.82538168354478,0.6745941348077358
2018-07-09 00:00:00+00:00,-35.836944,-71.592777,160.0,open-meteo_ecmwf_ifs,daily,10.237,1.187,9.41,3.86825,0.6159338,91.41943,0.0,11.882379123768292,0.5721458846169128
2018-07-10 00:00:00+00:00,-35.836944,-71.592777,160.0,open-meteo_ecmwf_ifs,daily,10.887,2.587,6.97,5.078667,2.0592642,92.64676,0.4,11.942623288577053,0.6358663051241783
2018-07-11 00:00:00+00:00,-35.836944,-71.592777,160.0,open-meteo_ecmwf_ifs,daily,12.537001,2.737,9.24,5.7932496,1.6986252,93.040016,0.0,12.006100893548108,0.6918425759594645
2018-07-12 00:00:00+00:00,-35.836944,-71.592777,160.0,open-meteo_ecmwf_ifs,daily,13.037001,2.937,6.56,6.551584,2.3758256,94.523766,0.0,12.072797817261112,0.6556115465873722
2018-07-13 00:00:00+00:00,-35.836944,-71.592777,160.0,open-meteo_ecmwf_ifs,daily,16.536999,6.287,8.64,9.749499,1.9846759,94.66787,0.6,12.14269907984419,0.8103463037173505
2018-07-14 00:00:00+00:00,-35.836944,-71.592777,160.0,open-meteo_ecmwf_ifs,daily,14.137,9.487,3.68,10.239083,1.8469993,93.85296,3.4,12.215788821255272,0.7043609449841207
2018-07-15 00:00:00+00:00,-35.836944,-71.592777,160.0,open-meteo_ecmwf_ifs,daily,13.437,5.237,9.42,5.989083,2.6185434,82.79781,0.0,12.292050279411571,1.013540310234594
2018-07-16 00:00:00+00:00,-35.836944,-71.592777,160.0,open-meteo_ecmwf_ifs,daily,12.087001,0.737,10.9,3.9244998,2.8300693,85.06127,0.0,12.37146576828051,0.8341620416186281
2018-07-17 00:00:00+00:00,-35.836944,-71.592777,160.0,open-meteo_ecmwf_ifs,daily,7.687,1.637,6.48,2.8036664,1.4559847,91.11491,0.0,12.454016656045388,0.6053536393891116
2018-07-18 00:00:00+00:00,-35.836944,-71.592777,160.0,open-meteo_ecmwf_ifs,daily,8.987,-0.813,10.55,1.0224167,1.3153814,82.40162,0.0,12.53968334345895,0.7091571189151605
2018-07-19 00:00:00+00:00,-35.836944,-71.592777,160.0,open-meteo_ecmwf_ifs,daily,9.537001,-3.163,11.46,-0.5671668,1.5323682,80.456024,0.0,12.62844524249709,0.7591228612875208
2018-07-20 00:00:00+00:00,-35.836944,-71.592777,160.0,open-meteo_ecmwf_ifs,daily,10.287001,-2.113,11.96,-0.2296666,1.296275,75.870636,0.0,12.720280755423667,0.7998511475339571
2018-07-21 00:00:00+00:00,-35.836944,-71.592777,160.0,open-meteo_ecmwf_ifs,daily,6.587,-0.563,5.12,0.28908336,2.01358,81.88878,0.6,12.815167254375902,0.6700474254214709
2018-07-22 00:00:00+00:00,-35.836944,-71.592777,160.0,open-meteo_ecmwf_ifs,daily,11.437,-0.31300002,11.24,2.3869998,2.8573172,80.838524,4.4,12.913081061577623,0.9399417026110033
2018-07-23 00:00:00+00:00,-35.836944,-71.592777,160.0,open-meteo_ecmwf_ifs,daily,11.937,-3.813,12.78,-2.2963333,2.277308,68.88242,0.0,13.013997430285213,1.120605703974624
2018-07-24 00:00:00+00:00,-35.836944,-71.592777,160.0,open-meteo_ecmwf_ifs,daily,12.537001,-1.113,11.78,2.6078331,0.9222069,86.02277,0.0,13.117890526568441,0.7950424337094302
2018-07-25 00:00:00+00:00,-35.836944,-71.592777,160.0,open-meteo_ecmwf_ifs,daily,9.587001,-1.163,9.99,2.4161665,1.4546145,92.63122,0.0,13.224733412025104,0.6954389103677625
2018-07-26 00:00:00+00:00,-35.836944,-71.592777,160.0,open-meteo_ecmwf_ifs,daily,8.037001,0.487,7.64,2.8265831,1.1959553,96.56366,0.0,13.33449802752504,0.6302189726672011
2018-07-27 00:00:00+00:00,-35.836944,-71.592777,160.0,open-meteo_ecmwf_ifs,daily,10.037001,3.287,2.69,4.4265833,2.5139613,90.023254,0.4,13.447155178075397,0.7242706968565288
2018-07-28 00:00:00+00:00,-35.836944,-71.592777,160.0,open-meteo_ecmwf_ifs,daily,12.587001,3.837,12.17,3.553667,1.4229006,77.34252,0.0,13.562674518894978,1.0844387693551243
2018-07-29 00:00:00+00:00,-35.836944,-71.592777,160.0,open-meteo_ecmwf_ifs,daily,12.037001,1.187,11.11,3.412,1.3882499,87.911865,0.0,13.681024542781419,0.9219000250249614
2018-07-30 00:00:00+00:00,-35.836944,-71.592777,160.0,open-meteo_ecmwf_ifs,daily,14.487,-0.813,13.17,2.6140833,3.1416543,80.54963,0.0,13.80217256885041,1.256300641970684
2018-07-31 00:00:00+00:00,-35.836944,-71.592777,160.0,open-meteo_ecmwf_ifs,daily,9.037001,-1.713,11.7,1.4932499,1.822477,88.80396,0.0,13.926084732721655,0.8059515662909941
2018-08-01 00:00:00+00:00,-35.836944,-71.592777,160.0,open-meteo_ecmwf_ifs,daily,7.537,-1.563,9.2,1.2640834,1.6040779,93.91309,0.0,14.052725978221384,0.699136771887279
2018-08-02 00:00:00+00:00,-35.836944,-71.592777,160.0,open-meteo_ecmwf_ifs,daily,9.587001,-0.41300002,7.67,2.814083,2.1662188,91.414856,0.0,14.182060050666475,0.7333138543532751
2018-08-03 00:00:00+00:00,-35.836944,-71.592777,160.0,open-meteo_ecmwf_ifs,daily,14.037001,6.587,12.19,5.376583,3.336606,78.90572,6.8,14.314049491790076,1.5967108694531869
2018-08-04 00:00:00+00:00,-35.836944,-71.592777,160.0,open-meteo_ecmwf_ifs,daily,10.787001,0.13700001,6.44,2.745333,2.501131,83.33544,0.0,14.448655636363306,0.8641126400853751
2018-08-05 00:00:00+00:00,-35.836944,-71.592777,160.0,open-meteo_ecmwf_ifs,daily,8.787001,5.387,2.46,6.187,1.0796107,94.850525,0.4,14.585838610562854,0.5547118867515082
2018-08-06 00:00:00+00:00,-35.836944,-71.592777,160.0,open-meteo_ecmwf_ifs,daily,12.137,5.837,3.23,7.0099163,2.3020275,89.31402,2.4,14.725557332128327,0.7773752585968423
2018-08-07 00:00:00+00:00,-35.836944,-71.592777,160.0,open-meteo_ecmwf_ifs,daily,11.737,4.487,9.81,6.6911654,2.4724476,85.85102,17.100002,14.86776951234833,0.9132795087260662
2018-08-08 00:00:00+00:00,-35.836944,-71.592777,160.0,open-meteo_ecmwf_ifs,daily,17.036999,-0.763,14.41,2.2807503,2.4724314,74.364204,0.0,15.012431659908554,1.551187172887003
2018-08-09 00:00:00+00:00,-35.836944,-71.592777,160.0,open-meteo_ecmwf_ifs,daily,14.337001,0.537,11.59,4.3640833,1.4308091,86.520546,0.0,15.159499086629802,1.0878854421617379
2018-08-10 00:00:00+00:00,-35.836944,-71.592777,160.0,open-meteo_ecmwf_ifs,daily,13.387,2.337,11.2,5.122417,1.6380601,89.51403,0.0,15.308925915118435,1.0947866178944676
2018-08-11 00:00:00+00:00,-35.836944,-71.592777,160.0,open-meteo_ecmwf_ifs,daily,13.437,4.387,8.29,6.8474164,0.93340564,92.09492,0.0,15.46066508834616,0.941251208241831
2018-08-12 00:00:00+00:00,-35.836944,-71.592777,160.0,open-meteo_ecmwf_ifs,daily,14.887,2.787,12.81,5.709917,1.4467355,86.90893,0.2,15.614668381170647,1.2383445013377328
2018-08-13 00:00:00+00:00,-35.836944,-71.592777,160.0,open-meteo_ecmwf_ifs,daily,12.937,8.287001,8.3,6.987,3.3096206,83.80435,10.8,15.770886413803119,1.3868659960653313
2018-08-14 00:00:00+00:00,-35.836944,-71.592777,160.0,open-meteo_ecmwf_ifs,daily,15.737,0.88699996,14.14,2.3286667,2.7375107,70.49091,0.0,15.929268667223642,1.695774581245267
2018-08-15 00:00:00+00:00,-35.836944,-71.592777,160.0,open-meteo_ecmwf_ifs,daily,16.187,-0.263,14.79,4.43075,1.7254815,86.37333,0.0,16.08976350053918,1.3645935199953183
2018-08-16 00:00:00+00:00,-35.836944,-71.592777,160.0,open-meteo_ecmwf_ifs,daily,13.487,3.087,12.75,5.4245,1.9963623,89.4914,0.0,16.25231817027478,1.2759942917597515
2018-08-17 00:00:00+00:00,-35.836944,-71.592777,160.0,open-meteo_ecmwf_ifs,daily,10.937,3.737,3.53,6.0744996,1.3042234,92.916664,3.9,16.416878851582346,0.6707229739906386
2018-08-18 00:00:00+00:00,-35.836944,-71.592777,160.0,open-meteo_ecmwf_ifs,daily,12.987,3.837,16.24,4.412,5.043044,77.2741,0.70000005,16.583390661346712,1.7716665921515662
2018-08-19 00:00:00+00:00,-35.836944,-71.592777,160.0,open-meteo_ecmwf_ifs,daily,18.087,-2.813,16.79,0.24325,3.0680912,68.26409,0.0,16.751797683163634,1.9944294629838324
2018-08-20 00:00:00+00:00,-35.836944,-71.592777,160.0,open-meteo_ecmwf_ifs,daily,16.737,0.587,16.68,-0.9859169,1.7424253,55.98,0.0,16.922042994158836,1.9200993544783116
2018-08-21 00:00:00+00:00,-35.836944,-71.592777,160.0,open-meteo_ecmwf_ifs,daily,14.537001,1.487,13.16,6.051583,1.0164407,84.99906,0.0,17.094068693613192,1.2464347696187361
2018-08-22 00:00:00+00:00,-35.836944,-71.592777,160.0,open-meteo_ecmwf_ifs,daily,9.687,5.337,3.61,6.168249,3.7841656,91.48477,4.8999996,17.267815933353358,0.7355426691434643
2018-08-23 00:00:00+00:00,-35.836944,-71.592777,160.0,open-meteo_ecmwf_ifs,daily,9.587001,4.437,4.68,5.1640835,4.984406,87.548775,27.000002,17.443224949863264,0.8885735399346105
2018-08-24 00:00:00+00:00,-35.836944,-71.592777,160.0,open-meteo_ecmwf_ifs,daily,12.487,-1.663,16.75,1.0161668,2.8650663,74.50263,0.9,17.620235098066914,1.5786793825432863
2018-08-25 00:00:00+00:00,-35.836944,-71.592777,160.0,open-meteo_ecmwf_ifs,daily,17.387,1.387,16.54,3.2370002,4.2264566,74.117775,0.0,17.798784886728537,2.2369362908143446
2018-08-26 00:00:00+00:00,-35.836944,-71.592777,160.0,open-meteo_ecmwf_ifs,daily,20.837,4.287,15.29,8.04325,3.13373,83.477,0.0,17.978812015411947,2.0772432037768533
2018-08-27 00:00:00+00:00,-35.836944,-71.592777,160.0,open-meteo_ecmwf_ifs,daily,14.387,6.587,12.83,8.926583,1.5936569,91.96204,0.2,18.160253412936882,1.3892734544977805
2018-08-28 00:00:00+00:00,-35.836944,-71.592777,160.0,open-meteo_ecmwf_ifs,daily,13.387,5.787,11.12,7.0245,2.46717,91.28439,0.0,18.343045277265734,1.3758443688983732
2018-08-29 00:00:00+00:00,-35.836944,-71.592777,160.0,open-meteo_ecmwf_ifs,daily,12.287001,5.137,5.12,7.001583,2.910839,90.40387,0.2,18.527123116750868,0.9157723550134067
2018-08-30 00:00:00+00:00,-35.836944,-71.592777,160.0,open-meteo_ecmwf_ifs,daily,12.887,6.487,5.86,8.05575,1.1562696,92.22729,1.2,18.712421792668362,0.9433231083306811
2018-08-31 00:00:00+00:00,-35.836944,-71.592777,160.0,open-meteo_ecmwf_ifs,daily,14.987,5.637,11.45,7.051584,1.6690565,83.30952,1.5,18.89887556296114,1.490749454799231
2018-09-01 00:00:00+00:00,-35.836944,-71.592777,160.0,open-meteo_ecmwf_ifs,daily,15.287001,3.787,16.25,6.76825,1.6507891,88.15799,1.6,19.08641812711091,1.7082340077169214
2018-09-02 00:00:00+00:00,-35.836944,-71.592777,160.0,open-meteo_ecmwf_ifs,daily,16.286999,4.887,16.88,6.676583,2.9955747,85.21003,0.0,19.274982672055003,2.0125481646082326
2018-09-03 00:00:00+00:00,-35.836944,-71.592777,160.0,open-meteo_ecmwf_ifs,daily,21.587,6.237,18.78,8.322416,3.896968,76.176506,0.0,19.46450191906196,2.7571466874909887
2018-09-04 00:00:00+00:00,-35.836944,-71.592777,160.0,open-meteo_ecmwf_ifs,daily,20.437,3.737,19.18,8.970333,2.0790887,85.9898,0.0,19.65490817147627,2.156703927083138
2018-09-05 00:00:00+00:00,-35.836944,-71.592777,160.0,open-meteo_ecmwf_ifs,daily,17.036999,8.287001,9.35,8.828668,3.2952516,82.79655,0.0,19.846133363240856,1.7536573546953313
2018-09-06 00:00:00+00:00,-35.836944,-71.592777,160.0,open-meteo_ecmwf_ifs,daily,15.987,7.237,19.04,7.645333,4.071021,79.2266,0.0,20.038109108103324,2.3376910478115
2018-09-07 00:00:00+00:00,-35.836944,-71.592777,160.0,open-meteo_ecmwf_ifs,daily,15.187,-0.963,19.7,3.2869997,2.4633632,80.69477,0.0,20.230766749409973,1.9308900395864401
2018-09-08 00:00:00+00:00,-35.836944,-71.592777,160.0,open-meteo_ecmwf_ifs,daily,15.687,1.937,18.2,4.9869995,2.3419614,85.275,0.0,20.42403741039023,1.9851117700360474
2018-09-09 00:00:00+00:00,-35.836944,-71.592777,160.0,open-meteo_ecmwf_ifs,daily,17.387,2.987,17.91,6.462,1.2918776,87.88007,0.0,20.617852044831974,2.018285292858493
2018-09-10 00:00:00+00:00,-35.836944,-71.592777,160.0,open-meteo_ecmwf_ifs,daily,20.487,3.487,20.13,7.4078326,2.5184731,82.87432,0.0,20.812141488047793,2.4790873837988423
2018-09-11 00:00:00+00:00,-35.836944,-71.592777,160.0,open-meteo_ecmwf_ifs,daily,18.437,6.087,16.86,8.0182495,2.7333126,83.58683,0.0,21.006836508030535,2.277563607805996
2018-09-12 00:00:00+00:00,-35.836944,-71.592777,160.0,open-meteo_ecmwf_ifs,daily,17.286999,6.237,18.17,7.8244996,3.095277,83.365944,0.0,21.201867856696047,2.318024266782475
2018-09-13 00:00:00+00:00,-35.836944,-71.592777,160.0,open-meteo_ecmwf_ifs,daily,15.337001,4.687,16.05,6.93075,1.4417586,87.324745,0.2,21.397166321110888,1.8931946955303578
2018-09-14 00:00:00+00:00,-35.836944,-71.592777,160.0,open-meteo_ecmwf_ifs,daily,15.687,4.887,13.28,8.370333,0.9710271,88.70446,0.0,21.592662774601905,1.6361366368930157
2018-09-15 00:00:00+00:00,-35.836944,-71.592777,160.0,open-meteo_ecmwf_ifs,daily,15.437,8.537001,9.09,9.593249,1.8257247,89.31716,0.3,21.788288227645342,1.4480565615332295
2018-09-16 00:00:00+00:00,-35.836944,-71.592777,160.0,open-meteo_ecmwf_ifs,daily,16.487,6.737,12.44,8.520333,2.1724515,81.58372,0.2,21.983973878433254,1.788737597942485
2018-09-17 00:00:00+00:00,-35.836944,-71.592777,160.0,open-meteo_ecmwf_ifs,daily,13.487,8.487,3.81,9.270333,1.934992,91.798134,18.800003,22.179651163015407,0.9302530209964248
2018-09-18 00:00:00+00:00,-35.836944,-71.592777,160.0,open-meteo_ecmwf_ifs,daily,12.387,9.687,11.52,9.353667,4.7897816,87.65558,42.999996,22.375251804916545,1.4846940613818715
2018-09-19 00:00:00+00:00,-35.836944,-71.592777,160.0,open-meteo_ecmwf_ifs,daily,14.487,6.187,9.48,7.4849153,2.3155985,82.53416,4.9999995,22.570707864129012,1.5003266261332593
2018-09-20 00:00:00+00:00,-35.836944,-71.592777,160.0,open-meteo_ecmwf_ifs,daily,12.937,7.337,3.04,7.495334,2.644995,82.991356,9.5,22.765951785383514,1.0302723372525084
2018-09-21 00:00:00+00:00,-35.836944,-71.592777,160.0,open-meteo_ecmwf_ifs,daily,22.337,10.537001,20.61,9.9495,2.3343215,74.44352,1.9000001,22.96091644560152,3.273937772748015
2018-09-22 00:00:00+00:00,-35.836944,-71.592777,160.0,open-meteo_ecmwf_ifs,daily,15.487,10.637,7.95,9.6245,3.646167,83.43327,27.799997,23.155535200435406,1.7338798774876074
2018-09-23 00:00:00+00:00,-35.836944,-71.592777,160.0,open-meteo_ecmwf_ifs,daily,15.787001,6.787,16.98,7.0349164,1.801973,81.17279,0.0,23.349741929804907,2.272024665954446
2018-09-24 00:00:00+00:00,-35.836944,-71.592777,160.0,open-meteo_ecmwf_ifs,daily,17.437,6.037,18.09,6.397417,3.692114,74.96693,0.0,23.54347108234053,2.694216818194965
2018-09-25 00:00:00+00:00,-35.836944,-71.592777,160.0,open-meteo_ecmwf_ifs,daily,15.987,7.287,9.67,6.786999,2.775287,79.04183,0.2,23.736657718648118,1.932511387663364
2018-09-26 00:00:00+00:00,-35.836944,-71.592777,160.0,open-meteo_ecmwf_ifs,daily,17.737,6.587,10.07,8.407833,2.6321383,79.31509,1.2,23.9292375533114,1.8279269120283572
2018-09-27 00:00:00+00:00,-35.836944,-71.592777,160.0,open-meteo_ecmwf_ifs,daily,17.137,10.037001,5.86,9.107833,4.02771,78.48675,5.8,24.12114699555297,1.8810125443541779
2018-09-28 00:00:00+00:00,-35.836944,-71.592777,160.0,open-meteo_ecmwf_ifs,daily,12.787001,9.987,2.69,9.2245,5.0279603,87.08004,25.8,24.312323188477965,1.0938563304957163
2018-09-29 00:00:00+00:00,-35.836944,-71.592777,160.0,open-meteo_ecmwf_ifs,daily,15.687,8.987,14.9,8.559918,3.9793208,81.508934,8.099999,24.50270404682809,2.3151864119350165
2018-09-30 00:00:00+00:00,-35.836944,-71.592777,160.0,open-meteo_ecmwf_ifs,daily,12.187,8.437,11.2,6.082834,2.8202972,77.87855,5.299999,24.692228293178324,1.9038718766693201
2018-10-01 00:00:00+00:00,-35.836944,-71.592777,160.0,open-meteo_ecmwf_ifs,daily,14.687,0.937,24.72,0.88075,4.723589,61.43576,0.0,24.88083549251271,3.0447380397219956
2018-10-02 00:00:00+00:00,-35.836944,-71.592777,160.0,open-meteo_ecmwf_ifs,daily,16.337,1.387,24.43,2.978667,4.085651,70.634964,0.0,25.068466085119876,2.975626710771681
2018-10-03 00:00:00+00:00,-35.836944,-71.592777,160.0,open-meteo_ecmwf_ifs,daily,18.637,1.687,25.09,4.753667,3.5990288,75.92506,0.0,25.255061417754384,3.0878077571963565
2018-10-04 00:00:00+00:00,-35.836944,-71.592777,160.0,open-meteo_ecmwf_ifs,daily,18.987,1.587,22.65,6.5078335,1.6467848,84.007195,0.0,25.440563773014023,2.7131536762992012
2018-10-05 00:00:00+00:00,-35.836944,-71.592777,160.0,open-meteo_ecmwf_ifs,daily,19.087,6.237,18.9,9.734917,2.3719814,83.538086,0.0,25.62491639688897,2.530521967721375
2018-10-06 00:00:00+00:00,-35.836944,-71.592777,160.0,open-meteo_ecmwf_ifs,daily,17.937,7.737,17.36,10.0245,1.5949374,88.87725,0.0,25.808063524443565,2.409141520887748
2018-10-07 00:00:00+00:00,-35.836944,-71.592777,160.0,open-meteo_ecmwf_ifs,daily,14.437,9.137,7.68,9.582833,2.7359936,88.40555,0.5,25.989950403596584,1.426051190381046
2018-10-08 00:00:00+00:00,-35.836944,-71.592777,160.0,open-meteo_ecmwf_ifs,daily,15.537001,9.437,13.69,8.147416,4.0017886,79.04454,14.700002,26.170523316972158,2.401862002742319
2018-10-09 00:00:00+00:00,-35.836944,-71.592777,160.0,open-meteo_ecmwf_ifs,daily,15.287001,4.937,25.6,4.4619994,4.6632514,69.0026,0.3,26.349729601797833,3.2534291599064784
2018-10-10 00:00:00+00:00,-35.836944,-71.592777,160.0,open-meteo_ecmwf_ifs,daily,17.437,-0.213,23.03,4.239084,2.2478342,78.9011,0.0,26.527517667833077,2.691927292316404
2018-10-11 00:00:00+00:00,-35.836944,-71.592777,160.0,open-meteo_ecmwf_ifs,daily,16.987,6.437,13.89,8.605748,2.2132685,83.983864,0.6,26.70383701331636,2.0849498665598225
2018-10-12 00:00:00+00:00,-35.836944,-71.592777,160.0,open-meteo_ecmwf_ifs,daily,14.387,7.087,11.76,7.682834,1.7738667,85.81027,0.4,26.87863823892507,1.822189517266364
2018-10-13 00:00:00+00:00,-35.836944,-71.592777,160.0,open-meteo_ecmwf_ifs,daily,19.036999,3.087,25.05,6.9245,1.7927095,80.06509,0.0,27.05187305974812,3.113992150589306
2018-10-14 00:00:00+00:00,-35.836944,-71.592777,160.0,open-meteo_ecmwf_ifs,daily,18.786999,4.387,25.02,8.2495,1.7733954,81.6691,0.0,27.22349431527694,3.113970936274582
2018-10-15 00:00:00+00:00,-35.836944,-71.592777,160.0,open-meteo_ecmwf_ifs,daily,17.087,6.637,15.75,8.243251,2.6439927,82.057884,0.0,27.393455977426083,2.3592128631267197
2018-10-16 00:00:00+00:00,-35.836944,-71.592777,160.0,open-meteo_ecmwf_ifs,daily,17.637,9.237,14.84,9.736999,2.8395529,83.6757,1.6,27.56171315660053,2.4296415428286777
2018-10-17 00:00:00+00:00,-35.836944,-71.592777,160.0,open-meteo_ecmwf_ifs,daily,14.637,11.237,7.73,9.618251,5.3107014,82.75956,7.0000005,27.728222105832216,1.8742337332653582
2018-10-18 00:00:00+00:00,-35.836944,-71.592777,160.0,open-meteo_ecmwf_ifs,daily,18.737,7.237,24.52,8.170334,2.1823864,72.08978,1.5999999,27.892940223013973,3.38787223592447
2018-10-19 00:00:00+00:00,-35.836944,-71.592777,160.0,open-meteo_ecmwf_ifs,daily,19.087,4.487,22.12,8.016166,1.8779949,79.54688,0.0,28.05582605126422,2.9469153005429694
2018-10-20 00:00:00+00:00,-35.836944,-71.592777,160.0,open-meteo_ecmwf_ifs,daily,18.387,7.437,22.31,7.3244996,2.818034,72.706795,0.0,28.216839277461407,3.3221694783643856
2018-10-21 00:00:00+00:00,-35.836944,-71.592777,160.0,open-meteo_ecmwf_ifs,daily,18.837,5.387,28.25,6.4370003,4.3371887,71.57069,0.0,28.375940728991957,3.7958256064465092
2018-10-22 00:00:00+00:00,-35.836944,-71.592777,160.0,open-meteo_ecmwf_ifs,daily,20.187,5.937,22.37,6.580751,2.8185542,70.28211,0.0,28.533092368760503,3.4656645285582086
2018-10-23 00:00:00+00:00,-35.836944,-71.592777,160.0,open-meteo_ecmwf_ifs,daily,19.036999,8.187,12.09,9.601583,1.2832457,80.54905,2.0,28.68825728851618,2.122414976605905
2018-10-24 00:00:00+00:00,-35.836944,-71.592777,160.0,open-meteo_ecmwf_ifs,daily,18.687,8.937,24.84,8.959916,2.0256636,77.63712,6.299999,28.841399700552966,3.5590984969833506
2018-10-25 00:00:00+00:00,-35.836944,-71.592777,160.0,open-meteo_ecmwf_ifs,daily,20.937,6.937,27.11,9.614083,2.0177257,77.35995,0.0,28.992484927846448,3.7549877198571386
2018-10-26 00:00:00+00:00,-35.836944,-71.592777,160.0,open-meteo_ecmwf_ifs,daily,22.187,7.437,27.23,10.070334,2.3772993,75.5339,0.0,29.141479392693817,3.9251829944725527
2018-10-27 00:00:00+00:00,-35.836944,-71.592777,160.0,open-meteo_ecmwf_ifs,daily,21.237,11.787001,14.75,12.176582,3.1071727,81.89285,0.0,29.288350603926748,2.846074488287368
2018-10-28 00:00:00+00:00,-35.836944,-71.592777,160.0,open-meteo_ecmwf_ifs,daily,21.487,10.537001,15.53,12.826583,1.7336196,84.24005,4.7999997,29.43306714277166,2.6353837204477166
2018-10-29 00:00:00+00:00,-35.836944,-71.592777,160.0,open-meteo_ecmwf_ifs,daily,16.536999,12.587001,7.1,13.166165,2.7640908,92.29061,20.100002,29.575598647433523,1.3963213177339364
2018-10-30 00:00:00+00:00,-35.836944,-71.592777,160.0,open-meteo_ecmwf_ifs,daily,20.437,10.637,22.48,11.141166,2.0559433,79.809715,4.5999994,29.715915796483646,3.5055361916810988
2018-10-31 00:00:00+00:00,-35.836944,-71.592777,160.0,open-meteo_ecmwf_ifs,daily,21.286999,7.287,24.83,10.453668,2.2032487,82.31513,0.0,29.85399029113328,3.5596151368337874
2018-11-01 00:00:00+00:00,-35.836944,-71.592777,160.0,open-meteo_ecmwf_ifs,daily,15.537001,8.687,3.98,8.939084,1.3116251,86.747345,0.5,29.989794836477756,1.1680699192278572
2018-11-02 00:00:00+00:00,-35.836944,-71.592777,160.0,open-meteo_ecmwf_ifs,daily,17.687,10.737,15.86,9.941167,5.8002467,80.25124,21.300003,30.12330312179743,2.9212115925695676
2018-11-03 00:00:00+00:00,-35.836944,-71.592777,160.0,open-meteo_ecmwf_ifs,daily,20.587,7.837,26.0,10.3515835,1.6822037,82.79821,0.0,30.254489800003043,3.707984911527198
2018-11-04 00:00:00+00:00,-35.836944,-71.592777,160.0,open-meteo_ecmwf_ifs,daily,20.637,8.087001,27.74,8.441167,1.5203171,70.50602,0.0,30.38333046631457,4.053491149778749
2018-11-05 00:00:00+00:00,-35.836944,-71.592777,160.0,open-meteo_ecmwf_ifs,daily,20.637,9.837001,28.32,10.79325,4.005836,76.892494,0.0,30.50980163626273,4.119919420042843
2018-11-06 00:00:00+00:00,-35.836944,-71.592777,160.0,open-meteo_ecmwf_ifs,daily,23.687,4.487,30.04,9.066167,3.3134,75.07525,0.0,30.633880723103214,4.216727084994627
2018-11-07 00:00:00+00:00,-35.836944,-71.592777,160.0,open-meteo_ecmwf_ifs,daily,26.187,8.987,29.4,12.582833,1.5720726,81.908165,0.0,30.755546014733294,4.61162272702174
2018-11-08 00:00:00+00:00,-35.836944,-71.592777,160.0,open-meteo_ecmwf_ifs,daily,25.387,9.637,29.55,13.541167,1.880465,77.70023,0.0,30.874776650199806,4.550803565522482
2018-11-09 00:00:00+00:00,-35.836944,-71.592777,160.0,open-meteo_ecmwf_ifs,daily,23.587,8.087001,26.2,10.245333,1.992086,73.71195,0.0,30.99155259588731,4.108829289607686
2018-11-10 00:00:00+00:00,-35.836944,-71.592777,160.0,open-meteo_ecmwf_ifs,daily,16.637,9.337001,8.95,11.749501,2.8787346,87.35302,16.8,31.10585462147317,1.5007396402901811
2018-11-11 00:00:00+00:00,-35.836944,-71.592777,160.0,open-meteo_ecmwf_ifs,daily,19.487,11.337001,21.43,11.803668,1.8056244,83.14558,1.2,31.217664275735075,3.356110460820116
2018-11-12 00:00:00+00:00,-35.836944,-71.592777,160.0,open-meteo_ecmwf_ifs,daily,18.737,10.787001,18.83,11.041167,2.0983675,81.82371,6.2000003,31.326963862294868,3.0289034452459584
2018-11-13 00:00:00+00:00,-35.836944,-71.592777,160.0,open-meteo_ecmwf_ifs,daily,19.087,8.187,23.08,9.857834,1.3966604,79.91036,4.7999997,31.433736415379403,3.3866716999286224
2018-11-14 00:00:00+00:00,-35.836944,-71.592777,160.0,open-meteo_ecmwf_ifs,daily,21.286999,7.637,28.46,9.853666,2.3405485,75.05528,1.1,31.53796567567732,4.117037413960387
2018-11-15 00:00:00+00:00,-35.836944,-71.592777,160.0,open-meteo_ecmwf_ifs,daily,22.286999,9.387,27.27,11.1995,3.1117737,75.412346,2.2,31.63963606636697,4.183682270248444
2018-11-16 00:00:00+00:00,-35.836944,-71.592777,160.0,open-meteo_ecmwf_ifs,daily,21.587,9.887,18.84,11.149501,2.4509184,78.05272,0.0,31.73873266938796,3.2598680636690287
2018-11-17 00:00:00+00:00,-35.836944,-71.592777,160.0,open-meteo_ecmwf_ifs,daily,19.036999,11.537001,20.65,10.31825,1.9061284,77.08935,9.400001,31.835241202024843,3.418217216783961
2018-11-18 00:00:00+00:00,-35.836944,-71.592777,160.0,open-meteo_ecmwf_ifs,daily,22.987,7.687,31.7,9.3099165,3.797967,70.23005,0.0,31.929147993867833,4.788434218392607
2018-11-19 00:00:00+00:00,-35.836944,-71.592777,160.0,open-meteo_ecmwf_ifs,daily,24.687,7.687,31.56,11.201584,3.347854,75.85572,0.0,32.02043996421136,4.740752469505089
2018-11-20 00:00:00+00:00,-35.836944,-71.592777,160.0,open-meteo_ecmwf_ifs,daily,24.286999,10.587001,29.55,12.634918,2.9331763,79.99447,0.0,32.109104599947145,4.6910924475636735
2018-11-21 00:00:00+00:00,-35.836944,-71.592777,160.0,open-meteo_ecmwf_ifs,daily,24.637,11.087001,29.76,12.926582,3.0351517,78.715225,0.0,32.19512993400374,4.800637696447579
2018-11-22 00:00:00+00:00,-35.836944,-71.592777,160.0,open-meteo_ecmwf_ifs,daily,22.487,11.887,30.36,12.366166,4.258865,73.684,0.1,32.27850452438036,4.758571145565659
2018-11-23 00:00:00+00:00,-35.836944,-71.592777,160.0,open-meteo_ecmwf_ifs,daily,24.387,6.887,32.54,9.022417,3.359697,69.73522,0.0,32.359217433818074,5.005848165961017
2018-11-24 00:00:00+00:00,-35.836944,-71.592777,160.0,open-meteo_ecmwf_ifs,daily,24.937,7.387,32.79,9.791168,3.3083735,71.85909,0.0,32.43725821014636,5.08306269534336
2018-11-25 00:00:00+00:00,-35.836944,-71.592777,160.0,open-meteo_ecmwf_ifs,daily,24.837,10.787001,30.14,10.395333,2.905631,67.05895,0.0,32.512616867339005,5.167988368622449
2018-11-26 00:00:00+00:00,-35.836944,-71.592777,160.0,open-meteo_ecmwf_ifs,daily,23.737,7.937,31.32,9.834916,2.7370107,71.06518,0.0,32.585283867307936,4.82003223325952
2018-11-27 00:00:00+00:00,-35.836944,-71.592777,160.0,open-meteo_ecmwf_ifs,daily,25.937,8.537001,31.78,9.489083,3.279952,67.6931,0.0,32.65525010245945,5.344923627330696
2018-11-28 00:00:00+00:00,-35.836944,-71.592777,160.0,open-meteo_ecmwf_ifs,daily,24.887,9.437,26.17,10.2682495,2.0124366,72.3901,0.0,32.72250687903234,4.46869386332413
2018-11-29 00:00:00+00:00,-35.836944,-71.592777,160.0,open-meteo_ecmwf_ifs,daily,26.237,10.687,30.07,11.289083,2.1794844,69.34116,0.0,32.78704590123314,5.144339370838508
2018-11-30 00:00:00+00:00,-35.836944,-71.592777,160.0,open-meteo_ecmwf_ifs,daily,23.987,12.337001,18.64,12.337001,2.463876,72.91361,0.5,32.84885925617958,3.674769258215284
2018-12-01 00:00:00+00:00,-35.836944,-71.592777,160.0,open-meteo_ecmwf_ifs,daily,26.536999,9.087001,27.39,9.564083,2.0217993,59.967255,0.0,32.90793939965878,4.809811174985524
2018-12-02 00:00:00+00:00,-35.836944,-71.592777,160.0,open-meteo_ecmwf_ifs,daily,26.987,13.087001,30.12,10.566167,2.0706213,55.044327,0.1,32.96427914270347,5.539900867443802
2018-12-03 00:00:00+00:00,-35.836944,-71.592777,160.0,open-meteo_ecmwf_ifs,daily,27.036999,11.787001,30.11,11.026582,2.4066093,60.088306,0.0,33.01787163898522,5.446435808354588
2018-12-04 00:00:00+00:00,-35.836944,-71.592777,160.0,open-meteo_ecmwf_ifs,daily,23.387,12.937,14.68,11.545333,2.2046013,66.44972,0.2,33.068710373021005,3.2658630825027104
2018-12-05 00:00:00+00:00,-35.836944,-71.592777,160.0,open-meteo_ecmwf_ifs,daily,25.237,12.537001,17.6,12.495334,2.628228,72.436455,0.0,33.116789149185855,3.738591614219429
2018-12-06 00:00:00+00:00,-35.836944,-71.592777,160.0,open-meteo_ecmwf_ifs,daily,30.687,10.587001,32.4,10.622417,1.7006011,58.287537,0.0,33.162102081522,5.832440763402819
2018-12-07 00:00:00+00:00,-35.836944,-71.592777,160.0,open-meteo_ecmwf_ifs,daily,28.187,13.587001,31.88,13.336999,2.8274632,66.816154,0.0,33.204643584332416,5.887267869384509
2018-12-08 00:00:00+00:00,-35.836944,-71.592777,160.0,open-meteo_ecmwf_ifs,daily,25.286999,14.237,27.08,9.5911665,3.199156,57.781292,0.1,33.244408363544906,5.553885192247488
2018-12-09 00:00:00+00:00,-35.836944,-71.592777,160.0,open-meteo_ecmwf_ifs,daily,25.837,12.637,32.75,9.978666,1.3794775,59.721115,0.5,33.281391408830864,5.570440225014418
2018-12-10 00:00:00+00:00,-35.836944,-71.592777,160.0,open-meteo_ecmwf_ifs,daily,26.737,11.687,32.08,10.297416,2.42509,61.276196,0.0,33.315587986462276,5.713256422290627
2018-12-11 00:00:00+00:00,-35.836944,-71.592777,160.0,open-meteo_ecmwf_ifs,daily,23.337,12.437,25.63,11.149501,2.5332243,64.80111,3.1,33.346993632888996,4.589477737497139
2018-12-12 00:00:00+00:00,-35.836944,-71.592777,160.0,open-meteo_ecmwf_ifs,daily,26.737,10.287001,32.03,9.03075,3.0699317,57.811497,0.0,33.37560414901852,5.789322983250169
2018-12-13 00:00:00+00:00,-35.836944,-71.592777,160.0,open-meteo_ecmwf_ifs,daily,21.786999,10.687,19.63,7.1369996,3.1262,57.60548,0.6,33.40141559518009,4.150795999588001
2018-12-14 00:00:00+00:00,-35.836944,-71.592777,160.0,open-meteo_ecmwf_ifs,daily,22.337,10.537001,33.56,7.2953334,3.5484784,61.27744,4.4999995,33.4244242867552,5.646197643358709
2018-12-15 00:00:00+00:00,-35.836944,-71.592777,160.0,open-meteo_ecmwf_ifs,daily,25.387,7.187,33.81,6.53075,3.2442598,57.227985,0.0,33.44462679045766,5.663732940568921
2018-12-16 00:00:00+00:00,-35.836944,-71.592777,160.0,open-meteo_ecmwf_ifs,daily,28.387,9.737,33.42,9.751584,2.915233,59.746258,0.0,33.462019921246785,5.985699975918245
2018-12-17 00:00:00+00:00,-35.836944,-71.592777,160.0,open-meteo_ecmwf_ifs,daily,28.237,11.837001,32.13,12.649499,3.0691774,67.06597,0.0,33.4766007398591,5.809762712083405
2018-12-18 00:00:00+00:00,-35.836944,-71.592777,160.0,open-meteo_ecmwf_ifs,daily,31.237,13.437,33.26,12.553668,2.0422242,60.151676,0.0,33.48836655094511,6.315410043857771
2018-12-19 00:00:00+00:00,-35.836944,-71.592777,160.0,open-meteo_ecmwf_ifs,daily,28.887,13.837001,32.5,10.4974165,2.1135526,52.45906,0.0,33.49731490179994,6.15938131939198
2018-12-20 00:00:00+00:00,-35.836944,-71.592777,160.0,open-meteo_ecmwf_ifs,daily,25.987,13.837001,30.25,10.228666,2.8846824,58.61147,0.1,33.50344358167798,5.805170853395558
2018-12-21 00:00:00+00:00,-35.836944,-71.592777,160.0,open-meteo_ecmwf_ifs,daily,30.786999,12.787001,33.03,11.986999,2.533502,60.202976,0.0,33.506750621684745,6.345850827167778
2018-12-22 00:00:00+00:00,-35.836944,-71.592777,160.0,open-meteo_ecmwf_ifs,daily,29.286999,14.787001,31.91,12.0286665,2.102431,54.517776,0.0,33.507234295240764,6.133036628106932
2018-12-23 00:00:00+00:00,-35.836944,-71.592777,160.0,open-meteo_ecmwf_ifs,daily,31.087,13.087001,33.33,10.951583,2.0963485,53.711475,0.0,33.504893119115,6.381323123895367
2018-12-24 00:00:00+00:00,-35.836944,-71.592777,160.0,open-meteo_ecmwf_ifs,daily,30.687,12.337001,33.17,11.757833,1.9536409,56.777943,0.0,33.49972585502786,6.1481713738383705
2018-12-25 00:00:00+00:00,-35.836944,-71.592777,160.0,open-meteo_ecmwf_ifs,daily,32.037,15.587001,32.99,11.8307495,1.8225231,49.50732,0.0,33.491731511826,6.52910363594231
2018-12-26 00:00:00+00:00,-35.836944,-71.592777,160.0,open-meteo_ecmwf_ifs,daily,30.187,15.787001,30.39,12.509917,2.9801133,55.930965,0.0,33.480909348233986,6.418216527699892
2018-12-27 00:00:00+00:00,-35.836944,-71.592777,160.0,open-meteo_ecmwf_ifs,daily,26.637,11.037001,33.53,7.984916,3.2518969,55.757656,0.0,33.467258876189625,6.196494854705274
2018-12-28 00:00:00+00:00,-35.836944,-71.592777,160.0,open-meteo_ecmwf_ifs,daily,28.237,11.987,33.6,8.576584,2.8877032,50.557537,0.0,33.45077986477263,6.384966765008153
2018-12-29 00:00:00+00:00,-35.836944,-71.592777,160.0,open-meteo_ecmwf_ifs,daily,25.387,10.987,33.06,6.5661664,3.4410467,48.88846,0.0,33.43147234473763,6.160361093373408
2018-12-30 00:00:00+00:00,-35.836944,-71.592777,160.0,open-meteo_ecmwf_ifs,daily,27.137,10.087001,33.77,7.0245004,3.9907198,56.179714,0.0,33.409336613664976,6.441411719804974
2018-12-31 00:00:00+00:00,-35.836944,-71.592777,160.0,open-meteo_ecmwf_ifs,daily,28.187,10.237,33.78,6.6495004,3.0676126,48.92187,0.0,33.38437324174392,6.387766931658364
2019-01-01 00:00:00+00:00,-35.836944,-71.592777,160.0,open-meteo_ecmwf_ifs,daily,29.036999,11.937,33.07,10.399501,3.8740408,57.531597,0.0,33.35658307820425,6.493559877787241
2019-01-02 00:00:00+00:00,-35.836944,-71.592777,160.0,open-meteo_ecmwf_ifs,daily,27.887,9.387,34.37,5.101583,5.623539,44.44678,0.0,33.325967258413414,7.16470027253646
2019-01-03 00:00:00+00:00,-35.836944,-71.592777,160.0,open-meteo_ecmwf_ifs,daily,28.437,8.837001,33.7,5.4411664,5.169272,45.138763,0.0,33.29252721165685,6.939212721362707
2019-01-04 00:00:00+00:00,-35.836944,-71.592777,160.0,open-meteo_ecmwf_ifs,daily,31.087,9.537001,32.96,10.466167,2.294348,59.716618,0.0,33.25626466961939,6.019368451864785
2019-01-05 00:00:00+00:00,-35.836944,-71.592777,160.0,open-meteo_ecmwf_ifs,daily,27.987,14.037001,32.35,12.212001,3.1137416,56.32863,0.0,33.21718167558599,6.164722952161711
2019-01-06 00:00:00+00:00,-35.836944,-71.592777,160.0,open-meteo_ecmwf_ifs,daily,27.487,13.637,28.21,13.045334,2.0283139,63.18214,0.8000001,33.1752805943787,5.233181025551534
2019-01-07 00:00:00+00:00,-35.836944,-71.592777,160.0,open-meteo_ecmwf_ifs,daily,24.887,14.887,22.71,10.995335,2.724535,58.742085,1.0,33.130564123047265,4.787867074727453
2019-01-08 00:00:00+00:00,-35.836944,-71.592777,160.0,open-meteo_ecmwf_ifs,daily,19.937,13.337001,9.38,9.941167,3.1929712,66.621895,1.9000001,33.0830353023281,2.8036495527210756
2019-01-09 00:00:00+00:00,-35.836944,-71.592777,160.0,open-meteo_ecmwf_ifs,daily,19.187,13.387,12.13,11.512,1.836091,77.120415,4.7999997,33.032697528885905,2.5417759390404133
2019-01-10 00:00:00+00:00,-35.836944,-71.592777,160.0,open-meteo_ecmwf_ifs,daily,25.937,7.787,31.8,7.582833,2.5379517,56.847347,0.0,32.97955456834944,5.351408565499049
2019-01-11 00:00:00+00:00,-35.836944,-71.592777,160.0,open-meteo_ecmwf_ifs,daily,28.337,11.987,32.28,8.899501,3.0854104,51.85539,0.0,32.92361056915107,6.249932867487444
2019-01-12 00:00:00+00:00,-35.836944,-71.592777,160.0,open-meteo_ecmwf_ifs,daily,23.937,11.387,23.62,6.0995,2.0205336,46.226818,0.0,32.864870077176626,4.605372953904239
2019-01-13 00:00:00+00:00,-35.836944,-71.592777,160.0,open-meteo_ecmwf_ifs,daily,28.087,14.437,28.63,8.664084,2.4305925,48.77724,0.0,32.803338051229204,5.876332544144393
2019-01-14 00:00:00+00:00,-35.836944,-71.592777,160.0,open-meteo_ecmwf_ifs,daily,29.187,13.387,29.42,9.176581,2.0389931,48.847057,0.3,32.739019879307094,5.767229698617339
2019-01-15 00:00:00+00:00,-35.836944,-71.592777,160.0,open-meteo_ecmwf_ifs,daily,30.437,12.787001,31.88,11.422417,2.2715366,56.86112,0.0,32.671921395692294,6.074828597276674
2019-01-16 00:00:00+00:00,-35.836944,-71.592777,160.0,open-meteo_ecmwf_ifs,daily,27.137,13.187,31.98,6.0974174,3.9892514,41.658993,0.0,32.60204889884222,6.789624698627271
2019-01-17 00:00:00+00:00,-35.836944,-71.592777,160.0,open-meteo_ecmwf_ifs,daily,30.737,9.537001,31.25,6.941166,3.2480137,47.564056,0.1,32.5294091700727,6.340813653928033
2019-01-18 00:00:00+00:00,-35.836944,-71.592777,160.0,open-meteo_ecmwf_ifs,daily,33.887,13.537001,32.55,9.459918,2.0648057,44.82799,0.0,32.45400949301641,6.584259663034176
2019-01-19 00:00:00+00:00,-35.836944,-71.592777,160.0,open-meteo_ecmwf_ifs,daily,31.337,14.237,32.08,9.822416,3.1241353,45.471333,0.0,32.37585767383586,6.806633966675703
2019-01-20 00:00:00+00:00,-35.836944,-71.592777,160.0,open-meteo_ecmwf_ifs,daily,29.987,12.687,31.69,11.987002,1.7095023,59.250072,0.0,32.2949620621657,5.762699521913713
2019-01-21 00:00:00+00:00,-35.836944,-71.592777,160.0,open-meteo_ecmwf_ifs,daily,31.237,13.187,32.45,10.132833,3.787548,52.933064,0.0,32.21133157275414,6.896657933790487
2019-01-22 00:00:00+00:00,-35.836944,-71.592777,160.0,open-meteo_ecmwf_ifs,daily,29.987,11.187,32.0,7.447417,3.9338624,47.500458,0.0,32.12497570776827,6.715540112507463
2019-01-23 00:00:00+00:00,-35.836944,-71.592777,160.0,open-meteo_ecmwf_ifs,daily,30.036999,9.987,31.33,8.291165,2.367209,53.71536,0.0,32.035904579723656,5.857284447811448
2019-01-24 00:00:00+00:00,-35.836944,-71.592777,160.0,open-meteo_ecmwf_ifs,daily,31.237,13.287001,31.13,10.607834,1.8075598,50.232468,0.0,31.94412893499317,5.934261333703819
2019-01-25 00:00:00+00:00,-35.836944,-71.592777,160.0,open-meteo_ecmwf_ifs,daily,31.187,13.837001,31.21,10.2995,2.510502,50.783634,0.0,31.849660177845706,6.306340810786879
2019-01-26 00:00:00+00:00,-35.836944,-71.592777,160.0,open-meteo_ecmwf_ifs,daily,32.937,11.737,32.0,8.947416,3.5084429,49.466656,0.0,31.75251039496029,6.869825082082739
2019-01-27 00:00:00+00:00,-35.836944,-71.592777,160.0,open-meteo_ecmwf_ifs,daily,32.086998,12.187,31.86,8.689082,4.146783,47.62854,0.0,31.652692380356886,7.0716984401904766
2019-01-28 00:00:00+00:00,-35.836944,-71.592777,160.0,open-meteo_ecmwf_ifs,daily,31.837,9.887,31.95,7.426584,3.203039,47.473988,0.0,31.550219660680614,6.4725163468578035
2019-01-29 00:00:00+00:00,-35.836944,-71.592777,160.0,open-meteo_ecmwf_ifs,daily,31.786999,13.837001,30.42,11.999499,2.4131036,52.63422,0.0,31.44510652077186,6.0911229869437715
2019-01-30 00:00:00+00:00,-35.836944,-71.592777,160.0,open-meteo_ecmwf_ifs,daily,31.337,14.437,30.27,11.597417,2.5913203,52.481888,0.0,31.337368029450676,6.1832428240679445
2019-01-31 00:00:00+00:00,-35.836944,-71.592777,160.0,open-meteo_ecmwf_ifs,daily,32.187,13.287001,31.07,7.2536664,3.7987082,40.729687,0.0,31.227020065440552,7.136402196054025
2019-02-01 00:00:00+00:00,-35.836944,-71.592777,160.0,open-meteo_ecmwf_ifs,daily,31.036999,12.187,30.92,10.107834,2.3013082,50.967587,0.0,31.114079343352625,5.949273070986268
2019-02-02 00:00:00+00:00,-35.836944,-71.592777,160.0,open-meteo_ecmwf_ifs,daily,33.437,15.487,29.71,13.220333,1.5006036,53.238583,0.0,30.99856343964852,5.831126473657782
2019-02-03 00:00:00+00:00,-35.836944,-71.592777,160.0,open-meteo_ecmwf_ifs,daily,32.937,14.587001,29.51,13.762,2.3710778,56.278183,0.0,30.880490818497396,6.005516152177138
2019-02-04 00:00:00+00:00,-35.836944,-71.592777,160.0,open-meteo_ecmwf_ifs,daily,32.887,14.537001,29.53,14.412002,1.7347969,57.470306,0.0,30.75988085743968,5.718249478586074
2019-02-05 00:00:00+00:00,-35.836944,-71.592777,160.0,open-meteo_ecmwf_ifs,daily,34.637,14.687,29.74,14.220333,2.7834673,58.079678,0.0,30.636753872768534,6.346001883731701
2019-02-06 00:00:00+00:00,-35.836944,-71.592777,160.0,open-meteo_ecmwf_ifs,daily,32.387,14.487,30.28,11.091168,3.080001,50.15086,0.0,30.511131144537924,6.502972811389419
2019-02-07 00:00:00+00:00,-35.836944,-71.592777,160.0,open-meteo_ecmwf_ifs,daily,27.687,14.187,24.43,9.649499,2.471762,51.336563,0.0,30.38303494110491,5.128344656746151
2019-02-08 00:00:00+00:00,-35.836944,-71.592777,160.0,open-meteo_ecmwf_ifs,daily,28.837,12.187,27.26,9.051583,2.0105104,50.338215,0.0,30.25248854311276,5.19917437656191
2019-02-09 00:00:00+00:00,-35.836944,-71.592777,160.0,open-meteo_ecmwf_ifs,daily,29.587,11.387,29.66,8.970333,2.0283713,49.710373,0.0,30.119516266821154,5.463597718504955
2019-02-10 00:00:00+00:00,-35.836944,-71.592777,160.0,open-meteo_ecmwf_ifs,daily,28.187,11.987,28.06,9.726583,2.782161,54.367985,0.0,29.98414348668913,5.412400868005442
2019-02-11 00:00:00+00:00,-35.836944,-71.592777,160.0,open-meteo_ecmwf_ifs,daily,24.737,10.437,25.58,12.332833,3.1328897,72.47017,4.6000004,29.846396657117253,4.247108301613763
2019-02-12 00:00:00+00:00,-35.836944,-71.592777,160.0,open-meteo_ecmwf_ifs,daily,29.337,15.287001,26.58,6.25575,3.459706,35.569572,0.0,29.70630333325553,6.384100234095461
2019-02-13 00:00:00+00:00,-35.836944,-71.592777,160.0,open-meteo_ecmwf_ifs,daily,27.786999,12.137,25.29,11.834918,2.1548223,65.66204,2.5,29.563892190785165,4.680951971142129
2019-02-14 00:00:00+00:00,-35.836944,-71.592777,160.0,open-meteo_ecmwf_ifs,daily,32.586998,13.337001,28.59,11.45575,3.5958297,53.777145,0.0,29.419193044583352,6.280045677167398
2019-02-15 00:00:00+00:00,-35.836944,-71.592777,160.0,open-meteo_ecmwf_ifs,daily,31.137,17.536999,27.99,13.707831,3.075826,53.954586,0.0,29.272236866182233,6.126507341192634
2019-02-16 00:00:00+00:00,-35.836944,-71.592777,160.0,open-meteo_ecmwf_ifs,daily,27.937,15.637,24.69,13.995335,2.4892814,66.37672,0.0,29.123055799935543,4.874114725294866
2019-02-17 00:00:00+00:00,-35.836944,-71.592777,160.0,open-meteo_ecmwf_ifs,daily,27.887,15.337001,20.42,15.076581,1.6043328,70.48207,0.0,28.971683177808707,3.9758613275403762
2019-02-18 00:00:00+00:00,-35.836944,-71.592777,160.0,open-meteo_ecmwf_ifs,daily,29.187,13.287001,26.06,15.355751,1.9452628,72.17626,0.0,28.81815353271147,4.655899756871668
2019-02-19 00:00:00+00:00,-35.836944,-71.592777,160.0,open-meteo_ecmwf_ifs,daily,29.536999,14.887,26.47,13.04325,2.5535598,59.282253,0.0,28.662502610295082,5.263997129288684
2019-02-20 00:00:00+00:00,-35.836944,-71.592777,160.0,open-meteo_ecmwf_ifs,daily,29.286999,15.637,25.27,15.807832,2.664059,72.01084,0.0,28.50476737913997,4.908279781396408
2019-02-21 00:00:00+00:00,-35.836944,-71.592777,160.0,open-meteo_ecmwf_ifs,daily,25.036999,17.087,10.19,15.228664,2.5224898,72.05872,0.0,28.34498603926361,2.8058082354943075
2019-02-22 00:00:00+00:00,-35.836944,-71.592777,160.0,open-meteo_ecmwf_ifs,daily,27.237,16.837,18.87,14.659917,2.6005805,70.65676,1.1000001,28.183198028882487,4.148860827859733
2019-02-23 00:00:00+00:00,-35.836944,-71.592777,160.0,open-meteo_ecmwf_ifs,daily,28.487,13.887,27.21,11.897415,4.193666,61.66457,0.0,28.019444029366667,5.639480862366843
2019-02-24 00:00:00+00:00,-35.836944,-71.592777,160.0,open-meteo_ecmwf_ifs,daily,26.137,10.337001,27.33,6.028666,3.8785105,48.72701,0.0,27.85376596833013,5.462666524777153
2019-02-25 00:00:00+00:00,-35.836944,-71.592777,160.0,open-meteo_ecmwf_ifs,daily,26.237,7.737,27.42,4.7390833,2.9961727,48.452908,0.0,27.686207020805107,4.974683726540698
2019-02-26 00:00:00+00:00,-35.836944,-71.592777,160.0,open-meteo_ecmwf_ifs,daily,29.036999,8.487,27.17,6.6140823,2.708462,51.721024,0.0,27.516811608453715,5.076411908687267
2019-02-27 00:00:00+00:00,-35.836944,-71.592777,160.0,open-meteo_ecmwf_ifs,daily,28.286999,9.487,26.39,9.891168,1.8484554,62.101788,0.0,27.345625396775777,4.491423592820833
2019-02-28 00:00:00+00:00,-35.836944,-71.592777,160.0,open-meteo_ecmwf_ifs,daily,28.987,11.737,25.8,10.759917,1.7279992,58.80324,0.0,27.1726952902771,4.585588377107852
2019-03-01 00:00:00+00:00,-35.836944,-71.592777,160.0,open-meteo_ecmwf_ifs,daily,29.437,11.737,25.71,10.426583,2.670369,59.754673,0.0,26.998069425568207,4.9707617206127095
2019-03-02 00:00:00+00:00,-35.836944,-71.592777,160.0,open-meteo_ecmwf_ifs,daily,28.036999,10.487,26.28,7.362001,2.2299902,49.507584,0.0,26.821797162369545,4.795401313272298
2019-03-03 00:00:00+00:00,-35.836944,-71.592777,160.0,open-meteo_ecmwf_ifs,daily,23.437,12.487,17.27,9.576583,1.7675906,59.048527,0.6,26.643929072404866,3.3438533610273424
2019-03-04 00:00:00+00:00,-35.836944,-71.592777,160.0,open-meteo_ecmwf_ifs,daily,23.637,9.987,24.67,7.989083,3.2156556,60.786377,0.1,26.46451692617062,4.354355356141705
2019-03-05 00:00:00+00:00,-35.836944,-71.592777,160.0,open-meteo_ecmwf_ifs,daily,26.487,9.337001,25.38,5.0494995,3.6022866,49.741333,0.0,26.283613677575314,5.108864365423623
2019-03-06 00:00:00+00:00,-35.836944,-71.592777,160.0,open-meteo_ecmwf_ifs,daily,26.387,9.887,25.49,6.7286663,2.6609638,52.380833,0.0,26.101273446448793,4.65735203016227
2019-03-07 00:00:00+00:00,-35.836944,-71.592777,160.0,open-meteo_ecmwf_ifs,daily,23.087,12.437,16.76,11.355751,2.3204687,68.74053,0.9000001,25.917551498927626,3.2086113297325696
2019-03-08 00:00:00+00:00,-35.836944,-71.592777,160.0,open-meteo_ecmwf_ifs,daily,28.437,8.937,24.29,9.280749,2.8460042,62.770374,0.0,25.73250422572873,4.4741953925368465
2019-03-09 00:00:00+00:00,-35.836944,-71.592777,160.0,open-meteo_ecmwf_ifs,daily,29.587,10.487,24.35,9.4661665,2.3271115,59.939816,0.0,25.546189118329618,4.554402300376213
2019-03-10 00:00:00+00:00,-35.836944,-71.592777,160.0,open-meteo_ecmwf_ifs,daily,26.237,12.537001,23.73,11.022416,2.3538113,62.945164,0.0,25.358664743079576,4.24042400331675
2019-03-11 00:00:00+00:00,-35.836944,-71.592777,160.0,open-meteo_ecmwf_ifs,daily,26.786999,11.737,20.86,12.420333,1.8874155,66.99764,0.0,25.16999071327198,3.667924734791482
2019-03-12 00:00:00+00:00,-35.836944,-71.592777,160.0,open-meteo_ecmwf_ifs,daily,30.286999,13.587001,23.19,13.297416,2.6009066,64.202835,0.0,24.980227659213973,4.566987411603519
2019-03-13 00:00:00+00:00,-35.836944,-71.592777,160.0,open-meteo_ecmwf_ifs,daily,28.187,13.037001,22.35,12.095333,2.9496498,63.73254,0.0,24.789437196335275,4.402697707507462
2019-03-14 00:00:00+00:00,-35.836944,-71.592777,160.0,open-meteo_ecmwf_ifs,daily,26.536999,8.887,23.79,8.732834,3.086713,62.435284,0.0,24.59768189138357,4.245670689142817
2019-03-15 00:00:00+00:00,-35.836944,-71.592777,160.0,open-meteo_ecmwf_ifs,daily,25.487,6.987,23.67,7.120333,2.0800636,61.49901,0.0,24.40502522675954,3.771057581423967
2019-03-16 00:00:00+00:00,-35.836944,-71.592777,160.0,open-meteo_ecmwf_ifs,daily,25.937,8.987,23.28,8.170333,1.4491014,57.830276,0.0,24.211531563049558,3.653336340875036
2019-03-17 00:00:00+00:00,-35.836944,-71.592777,160.0,open-meteo_ecmwf_ifs,daily,26.786999,9.987,22.84,10.062,1.9427968,64.42139,0.0,24.01726609981943,3.8082300937824627
2019-03-18 00:00:00+00:00,-35.836944,-71.592777,160.0,open-meteo_ecmwf_ifs,daily,23.437,9.687,22.55,7.0724163,4.9267464,59.4098,0.0,23.822294834737463,4.464013443212131
2019-03-19 00:00:00+00:00,-35.836944,-71.592777,160.0,open-meteo_ecmwf_ifs,daily,21.786999,6.387,23.53,2.4974167,5.37896,50.31102,0.0,23.62668452109964,4.559559062715763
2019-03-20 00:00:00+00:00,-35.836944,-71.592777,160.0,open-meteo_ecmwf_ifs,daily,23.187,4.087,23.13,4.307833,1.7264508,60.253902,0.0,23.430502623834272,3.2792964094887616
2019-03-21 00:00:00+00:00,-35.836944,-71.592777,160.0,open-meteo_ecmwf_ifs,daily,25.637,7.537,22.52,5.770333,2.6756108,55.299847,0.0,23.233817274067892,3.9428385838688196
2019-03-22 00:00:00+00:00,-35.836944,-71.592777,160.0,open-meteo_ecmwf_ifs,daily,27.587,9.737,22.0,9.459916,3.1867332,65.482,0.0,23.03669722233758,4.146937383253481
2019-03-23 00:00:00+00:00,-35.836944,-71.592777,160.0,open-meteo_ecmwf_ifs,daily,27.587,9.787001,21.94,9.472417,4.1768255,62.499775,0.0,22.83921179053946,4.417183287594173
2019-03-24 00:00:00+00:00,-35.836944,-71.592777,160.0,open-meteo_ecmwf_ifs,daily,25.737,6.687,20.84,7.9578323,2.4784489,65.099205,0.0,22.641430822705548,3.441081297296485
2019-03-25 00:00:00+00:00,-35.836944,-71.592777,160.0,open-meteo_ecmwf_ifs,daily,24.737,7.837,20.54,8.812,1.7671223,64.6216,0.0,22.44342463470526,3.1575203378772385
2019-03-26 00:00:00+00:00,-35.836944,-71.592777,160.0,open-meteo_ecmwf_ifs,daily,26.937,10.087001,20.74,11.151584,1.380807,68.18638,0.0,22.24526396296994,3.2492640221681186
2019-03-27 00:00:00+00:00,-35.836944,-71.592777,160.0,open-meteo_ecmwf_ifs,daily,24.887,10.537001,19.22,11.499499,2.3186913,73.9417,0.0,22.04701991234201,3.180523840000915
2019-03-28 00:00:00+00:00,-35.836944,-71.592777,160.0,open-meteo_ecmwf_ifs,daily,22.087,10.387,16.91,11.186999,1.2860137,79.23369,0.0,21.848763903152058,2.541363635996223
2019-03-29 00:00:00+00:00,-35.836944,-71.592777,160.0,open-meteo_ecmwf_ifs,daily,23.687,9.787001,19.12,11.128666,1.7521996,80.11541,0.0,21.65056761762963,2.885382663430817
2019-03-30 00:00:00+00:00,-35.836944,-71.592777,160.0,open-meteo_ecmwf_ifs,daily,24.637,8.437,17.87,9.78075,2.5349178,73.79427,0.0,21.452502945754762,3.0185730145510306
2019-03-31 00:00:00+00:00,-35.836944,-71.592777,160.0,open-meteo_ecmwf_ifs,daily,21.286999,13.387,10.02,12.864083,2.7755117,76.854004,2.3000002,21.254641930658977,2.1768165138989066
2019-04-01 00:00:00+00:00,-35.836944,-71.592777,160.0,open-meteo_ecmwf_ifs,daily,23.887,9.937,16.42,12.324501,1.9565487,84.24012,0.0,21.057056713685352,2.5692726846334533
2019-04-02 00:00:00+00:00,-35.836944,-71.592777,160.0,open-meteo_ecmwf_ifs,daily,26.637,10.787001,19.46,12.037,2.0072799,72.12112,0.0,20.859819479217965,3.168522182100585
2019-04-03 00:00:00+00:00,-35.836944,-71.592777,160.0,open-meteo_ecmwf_ifs,daily,23.487,9.487,19.03,11.399498,2.482511,72.08613,0.0,20.663002399391605,2.8501947370774365
2019-04-04 00:00:00+00:00,-35.836944,-71.592777,160.0,open-meteo_ecmwf_ifs,daily,21.137,10.037001,18.92,10.0703335,3.435087,72.882774,6.4,20.466677578792694,2.936734724957203
2019-04-05 00:00:00+00:00,-35.836944,-71.592777,160.0,open-meteo_ecmwf_ifs,daily,23.036999,4.937,19.11,7.330751,1.9753014,72.74873,0.0,20.2709169992622,2.6515679305061615
2019-04-06 00:00:00+00:00,-35.836944,-71.592777,160.0,open-meteo_ecmwf_ifs,daily,24.237,6.787,18.9,9.391167,1.8020053,75.58121,0.0,20.075792464910734,2.6737590185907987
2019-04-07 00:00:00+00:00,-35.836944,-71.592777,160.0,open-meteo_ecmwf_ifs,daily,24.587,6.537,17.85,9.541167,1.379351,74.540596,0.0,19.881375547455516,2.48014016049971
2019-04-08 00:00:00+00:00,-35.836944,-71.592777,160.0,open-meteo_ecmwf_ifs,daily,22.087,9.587001,17.01,10.197417,2.1045423,72.28747,0.0,19.68773753198757,2.55480067630908
2019-04-09 00:00:00+00:00,-35.836944,-71.592777,160.0,open-meteo_ecmwf_ifs,daily,17.837,9.687,8.45,10.5911665,1.3175422,84.80155,0.0,19.4949493632763,1.43201739094664
2019-04-10 00:00:00+00:00,-35.836944,-71.592777,160.0,open-meteo_ecmwf_ifs,daily,23.937,8.937,17.14,10.232833,2.7671833,77.458466,0.0,19.30308159271692,2.7784203955793845
2019-04-11 00:00:00+00:00,-35.836944,-71.592777,160.0,open-meteo_ecmwf_ifs,daily,20.937,9.187,14.18,10.328666,1.2508622,82.53852,0.0,19.112204326024326,2.0126545422367013
2019-04-12 00:00:00+00:00,-35.836944,-71.592777,160.0,open-meteo_ecmwf_ifs,daily,18.587,8.387,11.59,10.484917,2.1915753,84.2234,0.0,18.92238717177483,1.683037997801197
2019-04-13 00:00:00+00:00,-35.836944,-71.592777,160.0,open-meteo_ecmwf_ifs,daily,16.987,10.637,9.9,10.274499,1.4331393,80.61829,2.4,18.733699190894733,1.5523609044653437
2019-04-14 00:00:00+00:00,-35.836944,-71.592777,160.0,open-meteo_ecmwf_ifs,daily,20.437,7.937,16.94,7.528667,3.3124828,68.57177,0.0,18.546208847192162,2.671466218773521
2019-04-15 00:00:00+00:00,-35.836944,-71.592777,160.0,open-meteo_ecmwf_ifs,daily,22.087,4.437,17.74,6.2994995,2.5260475,73.30674,0.0,18.359983959025307,2.4829638105917327
2019-04-16 00:00:00+00:00,-35.836944,-71.592777,160.0,open-meteo_ecmwf_ifs,daily,20.437,4.637,15.77,7.1994996,1.6806895,80.11518,0.0,18.175091652197622,1.994652285705438
2019-04-17 00:00:00+00:00,-35.836944,-71.592777,160.0,open-meteo_ecmwf_ifs,daily,21.987,5.287,15.7,7.182833,1.725993,74.004776,0.0,17.991598314166605,2.1346184762375486
2019-04-18 00:00:00+00:00,-35.836944,-71.592777,160.0,open-meteo_ecmwf_ifs,daily,21.536999,10.837001,11.64,11.470334,1.6129333,76.04388,0.0,17.809569549649623,1.8724010907052866
2019-04-19 00:00:00+00:00,-35.836944,-71.592777,160.0,open-meteo_ecmwf_ifs,daily,18.987,12.037001,8.99,12.089082,2.009972,86.685616,0.0,17.62907013770609,1.5771186571791223
2019-04-20 00:00:00+00:00,-35.836944,-71.592777,160.0,open-meteo_ecmwf_ifs,daily,18.487,10.137,7.57,11.564082,1.0330014,86.04224,0.8000001,17.450163990371692,1.2375323723566505
2019-04-21 00:00:00+00:00,-35.836944,-71.592777,160.0,open-meteo_ecmwf_ifs,daily,17.837,8.037001,10.25,9.912,1.5763382,86.12576,0.0,17.272914112915746,1.4257861975754447
2019-04-22 00:00:00+00:00,-35.836944,-71.592777,160.0,open-meteo_ecmwf_ifs,daily,17.786999,6.587,11.79,9.024499,1.4341732,85.70255,0.0,17.097382565788845,1.4676247706021623
2019-04-23 00:00:00+00:00,-35.836944,-71.592777,160.0,open-meteo_ecmwf_ifs,daily,16.837,8.287001,9.6,9.641166,1.3927921,87.99848,0.0,16.923630428323122,1.3228674748386522
2019-04-24 00:00:00+00:00,-35.836944,-71.592777,160.0,open-meteo_ecmwf_ifs,daily,15.637,8.687,4.71,10.122416,1.353426,90.58228,4.9,16.751717764242905,0.9291289447661236
2019-04-25 00:00:00+00:00,-35.836944,-71.592777,160.0,open-meteo_ecmwf_ifs,daily,18.587,9.287001,12.07,9.159916,1.2651898,76.76381,0.1,16.581703589038693,1.6158818978479814
2019-04-26 00:00:00+00:00,-35.836944,-71.592777,160.0,open-meteo_ecmwf_ifs,daily,19.587,6.237,14.17,8.984917,1.2638472,82.149765,0.0,16.413645839252432,1.6132361780498403
2019-04-27 00:00:00+00:00,-35.836944,-71.592777,160.0,open-meteo_ecmwf_ifs,daily,19.987,6.737,13.75,9.0911665,1.3837763,82.72888,0.0,16.24760134371693,1.638128814521823
2019-04-28 00:00:00+00:00,-35.836944,-71.592777,160.0,open-meteo_ecmwf_ifs,daily,21.687,7.187,13.51,9.6849165,2.2617843,80.47138,0.0,16.083625796787086,1.8653542896035948
2019-04-29 00:00:00+00:00,-35.836944,-71.592777,160.0,open-meteo_ecmwf_ifs,daily,19.437,7.287,13.83,6.7119985,4.7650924,69.52621,0.0,15.921773733595286,2.513963395697231
2019-04-30 00:00:00+00:00,-35.836944,-71.592777,160.0,open-meteo_ecmwf_ifs,daily,17.687,1.437,14.59,3.162,1.7173506,73.242325,0.0,15.762098507357825,1.6056871268641297
2019-05-01 00:00:00+00:00,-35.836944,-71.592777,160.0,open-meteo_ecmwf_ifs,daily,20.937,5.637,14.15,4.7536664,2.9980357,66.075554,0.0,15.604652268753878,2.344482472500054
2019-05-02 00:00:00+00:00,-35.836944,-71.592777,160.0,open-meteo_ecmwf_ifs,daily,15.287001,10.687,3.08,10.5911665,1.4812484,86.442314,2.0,15.449485947392722,0.8708726329454839
2019-05-03 00:00:00+00:00,-35.836944,-71.592777,160.0,open-meteo_ecmwf_ifs,daily,14.887,12.537001,1.86,12.164082,3.2187045,90.34542,37.399998,15.296649235379494,0.8083797679724274
2019-05-04 00:00:00+00:00,-35.836944,-71.592777,160.0,open-meteo_ecmwf_ifs,daily,15.737,12.837001,3.2,12.076584,4.037824,88.54026,47.799995,15.146190572983917,1.0824200672219733
2019-05-05 00:00:00+00:00,-35.836944,-71.592777,160.0,open-meteo_ecmwf_ifs,daily,18.587,11.137,11.57,12.072417,2.5723732,88.798744,0.1,14.998157136410683,1.499357371703245
2019-05-06 00:00:00+00:00,-35.836944,-71.592777,160.0,open-meteo_ecmwf_ifs,daily,12.687,7.237,7.35,8.31825,1.7882534,92.189156,0.0,14.852594827664555,0.9018754974855279
2019-05-07 00:00:00+00:00,-35.836944,-71.592777,160.0,open-meteo_ecmwf_ifs,daily,14.387,6.587,8.55,8.718249,1.2497293,92.95798,0.0,14.709548266497098,0.9546364777999203
2019-05-08 00:00:00+00:00,-35.836944,-71.592777,160.0,open-meteo_ecmwf_ifs,daily,11.787001,6.837,7.28,8.543251,1.7508506,94.72595,0.6,14.569060784416617,0.769070304266501
2019-05-09 00:00:00+00:00,-35.836944,-71.592777,160.0,open-meteo_ecmwf_ifs,daily,13.537001,7.287,4.46,8.320333,1.5037795,90.761086,4.1000004,14.431174420736506,0.8144725869653893
2019-05-10 00:00:00+00:00,-35.836944,-71.592777,160.0,open-meteo_ecmwf_ifs,daily,16.087,3.187,13.25,5.989083,2.152726,85.40748,0.1,14.295929920631998,1.2801928754666139
2019-05-11 00:00:00+00:00,-35.836944,-71.592777,160.0,open-meteo_ecmwf_ifs,daily,15.137,2.237,12.14,5.86825,1.4199151,87.53134,0.0,14.163366735168976,1.0530745704943132
2019-05-12 00:00:00+00:00,-35.836944,-71.592777,160.0,open-meteo_ecmwf_ifs,daily,17.687,7.387,8.68,9.832833,3.1428413,90.39535,0.0,14.033523023263257,1.2238493805804216
2019-05-13 00:00:00+00:00,-35.836944,-71.592777,160.0,open-meteo_ecmwf_ifs,daily,14.337001,5.187,10.84,8.395333,1.8416961,92.55924,0.0,13.906435655522706,0.9313348991820416
2019-05-14 00:00:00+00:00,-35.836944,-71.592777,160.0,open-meteo_ecmwf_ifs,daily,14.637,5.987,9.5,8.397416,0.929064,95.54807,0.0,13.78214021991932,0.9108675119772406
2019-05-15 00:00:00+00:00,-35.836944,-71.592777,160.0,open-meteo_ecmwf_ifs,daily,14.637,7.487,8.07,9.234917,1.5971413,95.221405,0.0,13.660671029232562,0.9045381683696021
2019-05-16 00:00:00+00:00,-35.836944,-71.592777,160.0,open-meteo_ecmwf_ifs,daily,14.737,8.587001,6.53,9.245334,3.1695955,90.22401,0.5,13.542061130200178,1.0445515865140163
2019-05-17 00:00:00+00:00,-35.836944,-71.592777,160.0,open-meteo_ecmwf_ifs,daily,12.337001,9.387,1.15,9.207833,3.563482,91.09377,31.6,13.42634231430724,0.7404241531466588
2019-05-18 00:00:00+00:00,-35.836944,-71.592777,160.0,open-meteo_ecmwf_ifs,daily,15.937,5.737,11.9,6.293251,2.8623877,82.39321,0.4,13.313545130139206,1.4025202417698581
2019-05-19 00:00:00+00:00,-35.836944,-71.592777,160.0,open-meteo_ecmwf_ifs,daily,14.987,1.487,12.04,3.9703333,3.0006626,81.465096,0.0,13.20369889721977,1.242275286638469
2019-05-20 00:00:00+00:00,-35.836944,-71.592777,160.0,open-meteo_ecmwf_ifs,daily,10.487,6.087,5.85,5.84325,2.1637495,88.28225,0.1,13.096831721249641,0.8253367282483489
2019-05-21 00:00:00+00:00,-35.836944,-71.592777,160.0,open-meteo_ecmwf_ifs,daily,15.237,3.487,8.34,5.0474167,1.6205593,85.140785,1.2,12.992970510657743,1.0152744775849414
2019-05-22 00:00:00+00:00,-35.836944,-71.592777,160.0,open-meteo_ecmwf_ifs,daily,12.237,0.13700001,11.39,1.9474168,1.4908372,75.45273,0.0,12.892140994372184,0.9083600311483083
2019-05-23 00:00:00+00:00,-35.836944,-71.592777,160.0,open-meteo_ecmwf_ifs,daily,12.737,0.937,10.56,4.816167,1.4393386,90.3019,0.0,12.794367740714254,0.7625058075521643
2019-05-24 00:00:00+00:00,-35.836944,-71.592777,160.0,open-meteo_ecmwf_ifs,daily,11.587001,3.537,6.67,5.31825,1.5715455,95.15223,0.0,12.6996741773149,0.7349057319470977
2019-05-25 00:00:00+00:00,-35.836944,-71.592777,160.0,open-meteo_ecmwf_ifs,daily,13.387,5.337,5.59,6.7724166,2.4528615,86.64108,0.2,12.608082611949897,0.8690532918885655
2019-05-26 00:00:00+00:00,-35.836944,-71.592777,160.0,open-meteo_ecmwf_ifs,daily,15.887,9.637,6.39,8.5995,3.3406284,81.3641,5.0,12.519614254186571,1.3507203010023028
2019-05-27 00:00:00+00:00,-35.836944,-71.592777,160.0,open-meteo_ecmwf_ifs,daily,15.337001,7.037,8.28,7.8432503,1.7096311,80.88048,1.4000001,12.434289237732484,0.966921601357509
2019-05-28 00:00:00+00:00,-35.836944,-71.592777,160.0,open-meteo_ecmwf_ifs,daily,16.587,8.387,10.62,8.651584,1.8113323,83.211464,6.9,12.35212664337376,1.1085758647198771
2019-05-29 00:00:00+00:00,-35.836944,-71.592777,160.0,open-meteo_ecmwf_ifs,daily,13.687,10.037001,1.48,8.830751,4.14766,83.337166,14.700001,12.273144522389142,1.1032299068540503
2019-05-30 00:00:00+00:00,-35.836944,-71.592777,160.0,open-meteo_ecmwf_ifs,daily,13.487,11.037001,3.52,8.6224165,6.982804,78.555824,16.4,12.197359920323983,1.5492226136777607
2019-05-31 00:00:00+00:00,-35.836944,-71.592777,160.0,open-meteo_ecmwf_ifs,daily,13.337001,10.637,1.97,7.443249,6.341252,74.81949,18.699999,12.124788901007484,1.7115048552460554
2019-06-01 00:00:00+00:00,-35.836944,-71.592777,160.0,open-meteo_ecmwf_ifs,daily,14.587001,10.287001,4.19,8.3932495,4.2093506,80.69027,17.400002,12.055446570695743,1.3810127156449716
2019-06-02 00:00:00+00:00,-35.836944,-71.592777,160.0,open-meteo_ecmwf_ifs,daily,17.987,9.737,10.14,8.139083,2.307277,75.00127,3.2,11.989347102222935,1.4055023142119667
2019-06-03 00:00:00+00:00,-35.836944,-71.592777,160.0,open-meteo_ecmwf_ifs,daily,14.437,4.837,8.76,6.8995,1.1927565,84.85731,0.0,11.92650375904341,0.7628455735900365
2019-06-04 00:00:00+00:00,-35.836944,-71.592777,160.0,open-meteo_ecmwf_ifs,daily,14.787001,7.987,5.56,9.476583,2.147218,92.35736,0.0,11.866928919048165,0.7731270819773034
2019-06-05 00:00:00+00:00,-35.836944,-71.592777,160.0,open-meteo_ecmwf_ifs,daily,15.937,10.937,5.07,9.920333,4.670405,83.76595,27.000004,11.810634098040476,1.364071004563459
2019-06-06 00:00:00+00:00,-35.836944,-71.592777,160.0,open-meteo_ecmwf_ifs,daily,13.037001,9.637,5.58,10.203666,3.38877,90.24295,15.8,11.75762997275742,0.6857756747006969
2019-06-07 00:00:00+00:00,-35.836944,-71.592777,160.0,open-meteo_ecmwf_ifs,daily,13.437,2.487,10.44,4.464083,2.8103259,82.1501,0.1,11.707926403326189,0.9470897761859822
2019-06-08 00:00:00+00:00,-35.836944,-71.592777,160.0,open-meteo_ecmwf_ifs,daily,13.887,1.737,10.68,4.1786666,2.5022955,84.95623,0.0,11.66153245504724,0.9163126598441446
2019-06-09 00:00:00+00:00,-35.836944,-71.592777,160.0,open-meteo_ecmwf_ifs,daily,11.437,2.037,7.46,5.659916,2.1294253,95.50013,0.0,11.618456419399317,0.5533065003536114
2019-06-10 00:00:00+00:00,-35.836944,-71.592777,160.0,open-meteo_ecmwf_ifs,daily,13.387,5.937,6.33,7.13075,2.0575502,91.01501,0.0,11.578705834165879,0.7824270436470179
2019-06-11 00:00:00+00:00,-35.836944,-71.592777,160.0,open-meteo_ecmwf_ifs,daily,12.187,4.437,3.77,6.7057495,2.65039,93.10673,1.5,11.5422875025862,0.6419205648777135
2019-06-12 00:00:00+00:00,-35.836944,-71.592777,160.0,open-meteo_ecmwf_ifs,daily,12.637,10.387,2.33,7.6515827,7.249426,79.10608,24.7,11.509207511439909,1.5679154258698045
2019-06-13 00:00:00+00:00,-35.836944,-71.592777,160.0,open-meteo_ecmwf_ifs,daily,11.487,7.837,4.06,7.3995,3.5797684,86.73434,9.9,11.479471247978719,0.836236866562849
2019-06-14 00:00:00+00:00,-35.836944,-71.592777,160.0,open-meteo_ecmwf_ifs,daily,9.137,5.187,2.4,5.5411663,4.3507314,82.93979,30.500002,11.453083415625091,0.6630739872499052
2019-06-15 00:00:00+00:00,-35.836944,-71.592777,160.0,open-meteo_ecmwf_ifs,daily,10.337001,1.287,7.56,2.7328331,1.7628759,84.68908,1.8000002,11.43004804836379,0.688868125163608
2019-06-16 00:00:00+00:00,-35.836944,-71.592777,160.0,open-meteo_ecmwf_ifs,daily,13.237,1.737,9.44,3.3057501,1.4186414,84.18157,0.0,11.410368523758924,0.7612857282434126
2019-06-17 00:00:00+00:00,-35.836944,-71.592777,160.0,open-meteo_ecmwf_ifs,daily,12.487,2.037,9.64,2.0640833,1.6635591,74.10589,1.3,11.394047574536021,0.862408102657813
2019-06-18 00:00:00+00:00,-35.836944,-71.592777,160.0,open-meteo_ecmwf_ifs,daily,13.687,6.887,10.19,5.4099164,2.186691,78.05508,4.2,11.381087298676103,1.0559237468389777
2019-06-19 00:00:00+00:00,-35.836944,-71.592777,160.0,open-meteo_ecmwf_ifs,daily,12.187,0.837,8.5,1.93075,1.9166535,76.452156,0.0,11.37148916797629,0.844513558098714
2019-06-20 00:00:00+00:00,-35.836944,-71.592777,160.0,open-meteo_ecmwf_ifs,daily,13.937,3.337,6.83,5.520333,1.8745717,92.27231,0.0,11.365254035039278,0.7791341867243863
2019-06-21 00:00:00+00:00,-35.836944,-71.592777,160.0,open-meteo_ecmwf_ifs,daily,13.337001,6.287,8.75,7.062,1.3767956,91.01956,0.0,11.3623821386622,0.7304445239037776
2019-06-22 00:00:00+00:00,-35.836944,-71.592777,160.0,open-meteo_ecmwf_ifs,daily,14.687,3.187,8.52,5.7807503,2.2872925,89.24346,0.0,11.362873107603551,0.8435980683802935
2019-06-23 00:00:00+00:00,-35.836944,-71.592777,160.0,open-meteo_ecmwf_ifs,daily,12.837001,6.037,5.55,7.570333,1.1102601,93.92376,0.0,11.366725962715122,0.6171511382421704
2019-06-24 00:00:00+00:00,-35.836944,-71.592777,160.0,open-meteo_ecmwf_ifs,daily,10.787001,5.487,2.53,6.578667,2.700533,91.215004,7.2,11.373939117434425,0.6191680124268799
2019-06-25 00:00:00+00:00,-35.836944,-71.592777,160.0,open-meteo_ecmwf_ifs,daily,9.487,-2.263,10.15,0.23283328,1.8321052,80.683846,0.3,11.384510376641348,0.6504430157096819
2019-06-26 00:00:00+00:00,-35.836944,-71.592777,160.0,open-meteo_ecmwf_ifs,daily,9.487,4.437,1.34,0.9807499,3.2386997,66.62643,0.5,11.398436933891308,1.281109045326102
2019-06-27 00:00:00+00:00,-35.836944,-71.592777,160.0,open-meteo_ecmwf_ifs,daily,12.437,7.537,2.83,4.3411665,6.2396226,69.56164,4.7,11.415715367045248,1.8285839055848148
2019-06-28 00:00:00+00:00,-35.836944,-71.592777,160.0,open-meteo_ecmwf_ifs,daily,14.237,9.237,5.14,5.5224166,4.8179665,66.08721,0.70000005,11.43634163232524,1.8475838432165563
2019-06-29 00:00:00+00:00,-35.836944,-71.592777,160.0,open-meteo_ecmwf_ifs,daily,11.987,8.337001,1.93,7.095333,5.3889403,83.694145,27.199999,11.460311056832214,1.1420252036546443
2019-06-30 00:00:00+00:00,-35.836944,-71.592777,160.0,open-meteo_ecmwf_ifs,daily,13.037001,4.537,10.01,5.6807504,2.704172,86.34226,0.6,11.48761832957019,0.8949830036660409
2019-07-01 00:00:00+00:00,-35.836944,-71.592777,160.0,open-meteo_ecmwf_ifs,daily,10.237,-1.463,10.7,1.5661665,2.284622,88.005066,0.0,11.518257491028905,0.6816689102012217
2019-07-02 00:00:00+00:00,-35.836944,-71.592777,160.0,open-meteo_ecmwf_ifs,daily,11.687,1.887,5.73,3.2474165,1.6155223,86.26727,0.0,11.5522219213839,0.7432147321877454
2019-07-03 00:00:00+00:00,-35.836944,-71.592777,160.0,open-meteo_ecmwf_ifs,daily,11.887,1.987,6.94,4.839083,1.995525,89.926056,0.0,11.58950432737986,0.6591313212221399
2019-07-04 00:00:00+00:00,-35.836944,-71.592777,160.0,open-meteo_ecmwf_ifs,daily,12.037001,1.087,10.93,4.3370004,2.459918,88.2648,0.0,11.630096727969724,0.7122389611082117
2019-07-05 00:00:00+00:00,-35.836944,-71.592777,160.0,open-meteo_ecmwf_ifs,daily,11.237,-2.763,10.72,1.8849164,2.2161334,92.155334,0.0,11.673990438787902,0.6433774449428539
2019-07-06 00:00:00+00:00,-35.836944,-71.592777,160.0,open-meteo_ecmwf_ifs,daily,13.487,1.087,7.12,5.44325,2.3559022,90.81958,0.0,11.721176055541726,0.6694289967798164
2019-07-07 00:00:00+00:00,-35.836944,-71.592777,160.0,open-meteo_ecmwf_ifs,daily,16.237,8.837001,7.55,8.866166,3.9632177,82.512474,0.2,11.771643436410281,1.2967941087200936
2019-07-08 00:00:00+00:00,-35.836944,-71.592777,160.0,open-meteo_ecmwf_ifs,daily,14.237,8.287001,5.34,9.045334,2.9204245,89.540504,0.0,11.82538168354478,0.8618801655272912
2019-07-09 00:00:00+00:00,-35.836944,-71.592777,160.0,open-meteo_ecmwf_ifs,daily,12.887,4.537,7.62,7.3307495,1.3141936,92.241844,0.0,11.882379123768292,0.6379858677498408
2019-07-10 00:00:00+00:00,-35.836944,-71.592777,160.0,open-meteo_ecmwf_ifs,daily,13.987,6.037,6.01,8.243249,2.4237406,90.53873,0.0,11.942623288577053,0.7425234764853261
2019-07-11 00:00:00+00:00,-35.836944,-71.592777,160.0,open-meteo_ecmwf_ifs,daily,11.987,8.337001,3.53,8.637001,0.87143093,91.35363,1.5000001,12.006100893548108,0.6047261625135103
2019-07-12 00:00:00+00:00,-35.836944,-71.592777,160.0,open-meteo_ecmwf_ifs,daily,11.987,7.037,7.36,7.803667,1.1535887,90.91218,0.5,12.072797817261112,0.6875902892636124
2019-07-13 00:00:00+00:00,-35.836944,-71.592777,160.0,open-meteo_ecmwf_ifs,daily,13.687,5.037,9.04,6.395333,1.8498621,85.56609,3.4,12.14269907984419,0.8701056684064241
2019-07-14 00:00:00+00:00,-35.836944,-71.592777,160.0,open-meteo_ecmwf_ifs,daily,14.137,4.737,10.55,5.3911667,1.6174955,81.67856,0.0,12.215788821255272,0.9515647161612255
2019-07-15 00:00:00+00:00,-35.836944,-71.592777,160.0,open-meteo_ecmwf_ifs,daily,13.987,2.137,11.39,3.9682496,2.6221757,80.182396,0.0,12.292050279411571,1.0652988861356973
2019-07-16 00:00:00+00:00,-35.836944,-71.592777,160.0,open-meteo_ecmwf_ifs,daily,11.337001,1.787,8.13,4.145333,1.6221248,91.65777,0.0,12.37146576828051,0.7225949445886632
2019-07-17 00:00:00+00:00,-35.836944,-71.592777,160.0,open-meteo_ecmwf_ifs,daily,12.137,5.237,2.95,7.19325,2.1071255,92.81094,10.5,12.454016656045388,0.6334695579139824
2019-07-18 00:00:00+00:00,-35.836944,-71.592777,160.0,open-meteo_ecmwf_ifs,daily,13.587001,3.787,11.91,5.0203333,3.1809676,80.61767,5.7000003,12.53968334345895,1.139420077483393
2019-07-19 00:00:00+00:00,-35.836944,-71.592777,160.0,open-meteo_ecmwf_ifs,daily,9.337001,0.587,3.74,1.6911669,1.7331748,87.51648,0.0,12.62844524249709,0.7253576434367643
2019-07-20 00:00:00+00:00,-35.836944,-71.592777,160.0,open-meteo_ecmwf_ifs,daily,12.037001,2.787,5.22,4.141166,2.8123844,81.30604,0.0,12.720280755423667,0.9294796985458598
2019-07-21 00:00:00+00:00,-35.836944,-71.592777,160.0,open-meteo_ecmwf_ifs,daily,10.987,5.337,7.4,6.0161667,4.2822003,83.899185,31.0,12.815167254375902,0.9009883440183201
2019-07-22 00:00:00+00:00,-35.836944,-71.592777,160.0,open-meteo_ecmwf_ifs,daily,11.887,-0.013,12.17,2.5265834,2.8898766,79.38239,0.5,12.913081061577623,0.9969296464433511
2019-07-23 00:00:00+00:00,-35.836944,-71.592777,160.0,open-meteo_ecmwf_ifs,daily,7.937,-3.363,12.01,-0.4650834,1.2165592,86.03408,0.0,13.013997430285213,0.6953183739130528
2019-07-24 00:00:00+00:00,-35.836944,-71.592777,160.0,open-meteo_ecmwf_ifs,daily,10.087001,-4.513,12.32,-1.0567499,1.4235092,83.158936,0.0,13.117890526568441,0.795111206814755
2019-07-25 00:00:00+00:00,-35.836944,-71.592777,160.0,open-meteo_ecmwf_ifs,daily,12.637,3.837,8.42,4.74325,3.7760227,80.16402,0.0,13.224733412025104,1.1570591204148584
2019-07-26 00:00:00+00:00,-35.836944,-71.592777,160.0,open-meteo_ecmwf_ifs,daily,14.587001,4.337,10.75,4.609917,2.3992522,80.40272,0.0,13.33449802752504,1.2743244317481484
2019-07-27 00:00:00+00:00,-35.836944,-71.592777,160.0,open-meteo_ecmwf_ifs,daily,9.987,1.287,6.14,3.6432498,1.2050196,90.27839,0.1,13.447155178075397,0.6749729619241837
2019-07-28 00:00:00+00:00,-35.836944,-71.592777,160.0,open-meteo_ecmwf_ifs,daily,13.587001,6.687,4.46,7.3453336,3.0489357,88.87008,9.299999,13.562674518894978,0.9913187971658167
2019-07-29 00:00:00+00:00,-35.836944,-71.592777,160.0,open-meteo_ecmwf_ifs,daily,16.837,9.987,7.14,9.237,3.838425,82.01677,17.000002,13.681024542781419,1.5424694043759322
2019-07-30 00:00:00+00:00,-35.836944,-71.592777,160.0,open-meteo_ecmwf_ifs,daily,17.786999,9.237,10.14,10.10575,1.7691174,85.06318,0.0,13.80217256885041,1.2486785626405816
2019-07-31 00:00:00+00:00,-35.836944,-71.592777,160.0,open-meteo_ecmwf_ifs,daily,13.837001,8.137,9.74,8.31825,2.8026211,84.13987,1.4000001,13.926084732721655,1.1506464438987611
2019-08-01 00:00:00+00:00,-35.836944,-71.592777,160.0,open-meteo_ecmwf_ifs,daily,12.387,4.987,13.04,4.24325,2.835598,77.47695,0.8000001,14.052725978221384,1.3696791438467828
2019-08-02 00:00:00+00:00,-35.836944,-71.592777,160.0,open-meteo_ecmwf_ifs,daily,13.387,-0.31300002,13.59,1.7182498,3.3028257,76.043785,0.0,14.182060050666475,1.3729660483147446
2019-08-03 00:00:00+00:00,-35.836944,-71.592777,160.0,open-meteo_ecmwf_ifs,daily,13.187,0.087,12.83,3.337,1.724103,89.76648,0.0,14.314049491790076,1.0601976089725185
2019-08-04 00:00:00+00:00,-35.836944,-71.592777,160.0,open-meteo_ecmwf_ifs,daily,13.937,1.637,12.3,5.45575,1.2431617,92.07058,0.0,14.448655636363306,1.0076797240034674
2019-08-05 00:00:00+00:00,-35.836944,-71.592777,160.0,open-meteo_ecmwf_ifs,daily,15.687,4.137,13.11,6.4765835,2.0707173,85.323746,0.0,14.585838610562854,1.2901230399438952
2019-08-06 00:00:00+00:00,-35.836944,-71.592777,160.0,open-meteo_ecmwf_ifs,daily,11.787001,6.537,5.66,6.351582,2.2840703,85.63757,6.2999997,14.725557332128327,0.9740885896205881
2019-08-07 00:00:00+00:00,-35.836944,-71.592777,160.0,open-meteo_ecmwf_ifs,daily,12.737,0.787,14.46,2.2682498,3.443471,77.05454,0.0,14.86776951234833,1.4387426476211425
2019-08-08 00:00:00+00:00,-35.836944,-71.592777,160.0,open-meteo_ecmwf_ifs,daily,11.287001,-0.113000005,12.45,1.7390833,1.1711403,86.10489,0.0,15.012431659908554,1.04669570092977
2019-08-09 00:00:00+00:00,-35.836944,-71.592777,160.0,open-meteo_ecmwf_ifs,daily,9.687,-0.113000005,10.62,2.5640836,1.4884529,88.38428,0.0,15.159499086629802,0.8995496659463861
2019-08-10 00:00:00+00:00,-35.836944,-71.592777,160.0,open-meteo_ecmwf_ifs,daily,9.237,-1.313,8.71,1.7286668,1.8158988,89.12802,0.0,15.308925915118435,0.8317999957345253
2019-08-11 00:00:00+00:00,-35.836944,-71.592777,160.0,open-meteo_ecmwf_ifs,daily,11.987,1.737,10.0,4.5599165,2.4070957,83.12228,6.2,15.46066508834616,1.0153536588334906
2019-08-12 00:00:00+00:00,-35.836944,-71.592777,160.0,open-meteo_ecmwf_ifs,daily,15.087001,1.537,14.65,3.5286665,2.8298848,77.80483,1.7,15.614668381170647,1.5703830505033352
2019-08-13 00:00:00+00:00,-35.836944,-71.592777,160.0,open-meteo_ecmwf_ifs,daily,13.187,-3.513,12.61,0.99741673,1.9058933,84.27993,0.0,15.770886413803119,1.1486037705042251
2019-08-14 00:00:00+00:00,-35.836944,-71.592777,160.0,open-meteo_ecmwf_ifs,daily,18.286999,0.987,13.09,5.4807506,2.1519608,87.22677,0.0,15.929268667223642,1.4697602884688477
2019-08-15 00:00:00+00:00,-35.836944,-71.592777,160.0,open-meteo_ecmwf_ifs,daily,15.337001,5.587,12.29,7.957833,2.4255517,89.57386,0.0,16.08976350053918,1.335160925301663
2019-08-16 00:00:00+00:00,-35.836944,-71.592777,160.0,open-meteo_ecmwf_ifs,daily,13.187,8.137,6.55,8.007834,2.5390232,87.20093,0.4,16.25231817027478,1.1202417505216284
2019-08-17 00:00:00+00:00,-35.836944,-71.592777,160.0,open-meteo_ecmwf_ifs,daily,14.037001,8.787001,5.78,7.222416,5.678452,80.59115,15.900003,16.416878851582346,1.705169228048578
2019-08-18 00:00:00+00:00,-35.836944,-71.592777,160.0,open-meteo_ecmwf_ifs,daily,13.887,6.587,10.93,7.6286664,1.8931656,90.15728,0.0,16.583390661346712,1.2790726805221508
2019-08-19 00:00:00+00:00,-35.836944,-71.592777,160.0,open-meteo_ecmwf_ifs,daily,11.587001,5.637,4.19,7.136999,1.6356845,93.56702,0.1,16.751797683163634,0.7660131469727688
2019-08-20 00:00:00+00:00,-35.836944,-71.592777,160.0,open-meteo_ecmwf_ifs,daily,16.237,6.187,9.87,7.995333,1.0508401,89.12473,0.0,16.922042994158836,1.2651387451208802
2019-08-21 00:00:00+00:00,-35.836944,-71.592777,160.0,open-meteo_ecmwf_ifs,daily,15.737,6.337,8.22,7.9182496,2.2266307,84.38888,0.5,17.094068693613192,1.2875564220865823
2019-08-22 00:00:00+00:00,-35.836944,-71.592777,160.0,open-meteo_ecmwf_ifs,daily,17.587,3.287,15.55,6.6161666,1.868488,86.26831,0.0,17.267815933353358,1.6796646516285165
2019-08-23 00:00:00+00:00,-35.836944,-71.592777,160.0,open-meteo_ecmwf_ifs,daily,16.387,6.087,12.55,7.984916,1.6424675,90.302086,0.0,17.443224949863264,1.5124307918164752
2019-08-24 00:00:00+00:00,-35.836944,-71.592777,160.0,open-meteo_ecmwf_ifs,daily,17.987,5.637,14.39,8.749499,2.2929695,84.957016,0.0,17.620235098066914,1.6889065479534926
2019-08-25 00:00:00+00:00,-35.836944,-71.592777,160.0,open-meteo_ecmwf_ifs,daily,16.637,6.587,9.81,7.716166,1.9917654,81.411804,0.1,17.798784886728537,1.4972120382921503
2019-08-26 00:00:00+00:00,-35.836944,-71.592777,160.0,open-meteo_ecmwf_ifs,daily,13.287001,9.537001,2.02,9.614083,1.6481715,88.296906,3.1000001,17.978812015411947,0.7615612212371147
2019-08-27 00:00:00+00:00,-35.836944,-71.592777,160.0,open-meteo_ecmwf_ifs,daily,19.087,7.337,12.27,9.828667,1.6161675,90.99642,0.0,18.160253412936882,1.6585024669962176
2019-08-28 00:00:00+00:00,-35.836944,-71.592777,160.0,open-meteo_ecmwf_ifs,daily,15.587001,9.787001,5.16,11.45575,1.3613396,93.53188,0.1,18.343045277265734,0.9364566234386604
2019-08-29 00:00:00+00:00,-35.836944,-71.592777,160.0,open-meteo_ecmwf_ifs,daily,15.137,6.787,15.42,7.726584,3.375183,80.32509,5.1,18.527123116750868,1.8330789954465385
2019-08-30 00:00:00+00:00,-35.836944,-71.592777,160.0,open-meteo_ecmwf_ifs,daily,15.637,2.287,18.1,4.5099163,3.3618536,77.79778,0.0,18.712421792668362,2.0072879274606947
2019-08-31 00:00:00+00:00,-35.836944,-71.592777,160.0,open-meteo_ecmwf_ifs,daily,15.787001,1.187,18.37,4.2203336,3.7309005,80.19218,0.0,18.89887556296114,1.9913722925039938
2019-09-01 00:00:00+00:00,-35.836944,-71.592777,160.0,open-meteo_ecmwf_ifs,daily,15.437,0.63699996,18.01,3.4349163,2.715169,82.51593,0.0,19.08641812711091,1.9297915387511881
2019-09-02 00:00:00+00:00,-35.836944,-71.592777,160.0,open-meteo_ecmwf_ifs,daily,13.637,-0.813,17.7,2.362,2.048663,81.32987,0.0,19.274982672055003,1.7175730437468226
2019-09-03 00:00:00+00:00,-35.836944,-71.592777,160.0,open-meteo_ecmwf_ifs,daily,16.036999,-0.713,18.73,3.0078332,1.5275592,76.43253,0.0,19.46450191906196,1.874064495309895
2019-09-04 00:00:00+00:00,-35.836944,-71.592777,160.0,open-meteo_ecmwf_ifs,daily,17.687,4.487,12.75,6.724499,1.5899388,86.53516,0.0,19.65490817147627,1.7378300632578514
2019-09-05 00:00:00+00:00,-35.836944,-71.592777,160.0,open-meteo_ecmwf_ifs,daily,14.087001,9.287001,5.41,7.55575,4.514521,77.70864,1.1,19.846133363240856,1.6544780309210692
2019-09-06 00:00:00+00:00,-35.836944,-71.592777,160.0,open-meteo_ecmwf_ifs,daily,12.587001,7.187,4.49,8.1224165,1.7656521,92.06403,14.3,20.038109108103324,0.9183000709354341
2019-09-07 00:00:00+00:00,-35.836944,-71.592777,160.0,open-meteo_ecmwf_ifs,daily,10.587001,7.437,4.15,7.741167,1.9753723,90.0192,14.0,20.230766749409973,0.819011751400664
2019-09-08 00:00:00+00:00,-35.836944,-71.592777,160.0,open-meteo_ecmwf_ifs,daily,13.487,5.937,8.88,5.4161663,2.2224438,80.45313,0.0,20.42403741039023,1.529197130537575
2019-09-09 00:00:00+00:00,-35.836944,-71.592777,160.0,open-meteo_ecmwf_ifs,daily,11.087001,8.037001,3.6,5.0432496,6.316641,74.82827,16.799997,20.617852044831974,1.7069025427674756
2019-09-10 00:00:00+00:00,-35.836944,-71.592777,160.0,open-meteo_ecmwf_ifs,daily,16.036999,3.937,17.25,5.00575,1.7562982,72.89349,0.4,20.812141488047793,2.096400273010978
2019-09-11 00:00:00+00:00,-35.836944,-71.592777,160.0,open-meteo_ecmwf_ifs,daily,16.187,5.787,16.38,6.9890842,1.7851125,79.75956,3.3999996,21.006836508030535,2.04826026488837
2019-09-12 00:00:00+00:00,-35.836944,-71.592777,160.0,open-meteo_ecmwf_ifs,daily,18.887,2.287,20.24,5.384917,2.943176,75.20414,0.0,21.201867856696047,2.4972333050627826
2019-09-13 00:00:00+00:00,-35.836944,-71.592777,160.0,open-meteo_ecmwf_ifs,daily,18.337,3.787,18.81,7.8453336,1.3133793,86.78808,0.0,21.397166321110888,2.1750051009075575
2019-09-14 00:00:00+00:00,-35.836944,-71.592777,160.0,open-meteo_ecmwf_ifs,daily,13.337001,7.137,5.02,9.545333,2.905266,90.54307,4.1000004,21.592662774601905,0.8301196224193327
2019-09-15 00:00:00+00:00,-35.836944,-71.592777,160.0,open-meteo_ecmwf_ifs,daily,12.437,7.487,7.74,7.7536674,2.6778443,88.56326,18.1,21.788288227645342,1.2645865287869094
2019-09-16 00:00:00+00:00,-35.836944,-71.592777,160.0,open-meteo_ecmwf_ifs,daily,16.937,1.437,21.71,3.69325,3.1370745,76.01333,0.0,21.983973878433254,2.5574290552372134
2019-09-17 00:00:00+00:00,-35.836944,-71.592777,160.0,open-meteo_ecmwf_ifs,daily,15.087001,2.137,13.59,6.253666,3.612345,84.345436,0.0,22.179651163015407,1.6070139272896424
2019-09-18 00:00:00+00:00,-35.836944,-71.592777,160.0,open-meteo_ecmwf_ifs,daily,14.937,3.037,16.6,6.151583,2.358247,83.586296,0.0,22.375251804916545,1.9015888381894384
2019-09-19 00:00:00+00:00,-35.836944,-71.592777,160.0,open-meteo_ecmwf_ifs,daily,13.537001,3.137,22.35,2.0099165,5.612435,63.156567,0.0,22.570707864129012,2.830103013067403
2019-09-20 00:00:00+00:00,-35.836944,-71.592777,160.0,open-meteo_ecmwf_ifs,daily,15.337001,1.537,22.6,2.7120001,3.6717598,72.24201,0.0,22.765951785383514,2.6494390862470043
2019-09-21 00:00:00+00:00,-35.836944,-71.592777,160.0,open-meteo_ecmwf_ifs,daily,18.187,2.137,22.41,4.2307496,4.306643,72.79525,0.0,22.96091644560152,2.9069345787435403
2019-09-22 00:00:00+00:00,-35.836944,-71.592777,160.0,open-meteo_ecmwf_ifs,daily,18.237,3.237,19.47,7.0265827,1.5068927,88.430695,0.0,23.155535200435406,2.3531593198053913
2019-09-23 00:00:00+00:00,-35.836944,-71.592777,160.0,open-meteo_ecmwf_ifs,daily,15.737,6.487,14.5,9.130752,1.358325,91.247406,0.0,23.349741929804907,1.8598613065675322
2019-09-24 00:00:00+00:00,-35.836944,-71.592777,160.0,open-meteo_ecmwf_ifs,daily,16.837,8.937,17.16,10.928666,1.8305687,92.03846,0.0,23.54347108234053,2.1993985007283086
2019-09-25 00:00:00+00:00,-35.836944,-71.592777,160.0,open-meteo_ecmwf_ifs,daily,18.137,9.837001,14.22,12.014083,1.2642511,93.42353,0.0,23.736657718648118,2.032372649054348
2019-09-26 00:00:00+00:00,-35.836944,-71.592777,160.0,open-meteo_ecmwf_ifs,daily,16.937,11.287001,9.77,12.397416,2.0228426,92.93235,0.3,23.9292375533114,1.5873479220086537
2019-09-27 00:00:00+00:00,-35.836944,-71.592777,160.0,open-meteo_ecmwf_ifs,daily,18.137,10.087001,14.28,9.597417,3.828954,78.94722,0.8,24.12114699555297,2.5335473609432864
2019-09-28 00:00:00+00:00,-35.836944,-71.592777,160.0,open-meteo_ecmwf_ifs,daily,19.237,4.387,21.63,8.562,1.6840906,84.52676,0.0,24.312323188477965,2.660747922372819
2019-09-29 00:00:00+00:00,-35.836944,-71.592777,160.0,open-meteo_ecmwf_ifs,daily,16.337,6.587,13.48,8.682833,2.1218672,86.83126,1.3000001,24.50270404682809,1.9183438390081686
2019-09-30 00:00:00+00:00,-35.836944,-71.592777,160.0,open-meteo_ecmwf_ifs,daily,13.337001,7.787,8.43,6.8474164,2.231009,79.950325,10.300001,24.692228293178324,1.5900100261541636
2019-10-01 00:00:00+00:00,-35.836944,-71.592777,160.0,open-meteo_ecmwf_ifs,daily,12.637,3.987,17.42,4.687,1.699522,79.18597,6.3999996,24.88083549251271,2.1000338704539696
2019-10-02 00:00:00+00:00,-35.836944,-71.592777,160.0,open-meteo_ecmwf_ifs,daily,13.987,2.387,20.81,3.3703334,1.5457155,72.76091,0.90000004,25.068466085119876,2.431512031534149
2019-10-03 00:00:00+00:00,-35.836944,-71.592777,160.0,open-meteo_ecmwf_ifs,daily,14.037001,1.737,19.38,3.6453333,1.7404771,77.09347,0.2,25.255061417754384,2.2775264486377584
2019-10-04 00:00:00+00:00,-35.836944,-71.592777,160.0,open-meteo_ecmwf_ifs,daily,16.587,2.287,25.01,4.007833,3.1666791,72.61986,0.0,25.440563773014023,2.9980699966306297
2019-10-05 00:00:00+00:00,-35.836944,-71.592777,160.0,open-meteo_ecmwf_ifs,daily,14.987,1.187,19.63,4.4474163,1.9306512,80.93341,0.0,25.62491639688897,2.2823353509049733
2019-10-06 00:00:00+00:00,-35.836944,-71.592777,160.0,open-meteo_ecmwf_ifs,daily,19.087,3.787,21.82,6.745333,1.9435838,77.74079,0.0,25.808063524443565,2.8538982385350407
2019-10-07 00:00:00+00:00,-35.836944,-71.592777,160.0,open-meteo_ecmwf_ifs,daily,19.737,10.087001,23.5,9.734917,3.689147,78.04639,0.0,25.989950403596584,3.543456115718206
2019-10-08 00:00:00+00:00,-35.836944,-71.592777,160.0,open-meteo_ecmwf_ifs,daily,20.837,3.537,22.23,6.487,3.254942,72.31314,0.0,26.170523316972158,3.181828437415736
2019-10-09 00:00:00+00:00,-35.836944,-71.592777,160.0,open-meteo_ecmwf_ifs,daily,24.286999,6.087,22.18,9.451583,2.747855,76.02308,0.0,26.349729601797833,3.473362376199303
2019-10-10 00:00:00+00:00,-35.836944,-71.592777,160.0,open-meteo_ecmwf_ifs,daily,20.187,9.587001,13.54,11.820334,1.3809026,85.0353,0.0,26.527517667833077,2.218241929347442
2019-10-11 00:00:00+00:00,-35.836944,-71.592777,160.0,open-meteo_ecmwf_ifs,daily,17.437,10.487,6.7,12.209918,0.990356,87.05663,0.0,26.70383701331636,1.3266950287365356
2019-10-12 00:00:00+00:00,-35.836944,-71.592777,160.0,open-meteo_ecmwf_ifs,daily,20.587,9.537001,19.5,9.759915,1.7749739,75.35659,0.0,26.87863823892507,3.0783653373833935
2019-10-13 00:00:00+00:00,-35.836944,-71.592777,160.0,open-meteo_ecmwf_ifs,daily,18.036999,7.437,15.07,9.032833,2.1413844,78.419365,0.0,27.05187305974812,2.343658806863317
2019-10-14 00:00:00+00:00,-35.836944,-71.592777,160.0,open-meteo_ecmwf_ifs,daily,18.587,11.287001,14.94,9.687,4.573336,74.194534,6.0,27.22349431527694,2.987588775572704
2019-10-15 00:00:00+00:00,-35.836944,-71.592777,160.0,open-meteo_ecmwf_ifs,daily,18.286999,11.587001,19.58,9.764083,3.2211492,73.92362,1.1,27.393455977426083,3.2399322272271647
2019-10-16 00:00:00+00:00,-35.836944,-71.592777,160.0,open-meteo_ecmwf_ifs,daily,16.387,7.087,13.97,8.620332,2.2033105,83.138855,6.9999995,27.56171315660053,2.1209493957165857
2019-10-17 00:00:00+00:00,-35.836944,-71.592777,160.0,open-meteo_ecmwf_ifs,daily,18.286999,8.987,20.13,7.914084,2.390843,73.635666,1.4,27.728222105832216,3.158316293910785
2019-10-18 00:00:00+00:00,-35.836944,-71.592777,160.0,open-meteo_ecmwf_ifs,daily,20.237,4.737,26.19,8.084916,1.5392307,78.66529,0.0,27.892940223013973,3.442068824251936
2019-10-19 00:00:00+00:00,-35.836944,-71.592777,160.0,open-meteo_ecmwf_ifs,daily,19.137,7.887,15.36,10.25575,2.9613676,81.70839,0.0,28.05582605126422,2.431118211650986
2019-10-20 00:00:00+00:00,-35.836944,-71.592777,160.0,open-meteo_ecmwf_ifs,daily,18.687,10.337001,16.82,7.672416,1.823047,68.07975,0.6,28.216839277461407,2.965416744025765
2019-10-21 00:00:00+00:00,-35.836944,-71.592777,160.0,open-meteo_ecmwf_ifs,daily,20.637,6.937,26.95,6.443249,4.647918,64.63346,0.0,28.375940728991957,4.239783458607494
2019-10-22 00:00:00+00:00,-35.836944,-71.592777,160.0,open-meteo_ecmwf_ifs,daily,22.536999,2.287,28.55,5.4849167,3.0371463,69.04239,0.0,28.533092368760503,3.972097549284556
2019-10-23 00:00:00+00:00,-35.836944,-71.592777,160.0,open-meteo_ecmwf_ifs,daily,23.187,5.187,26.9,7.912,1.3898062,73.76121,0.0,28.68825728851618,3.8462799609080562
2019-10-24 00:00:00+00:00,-35.836944,-71.592777,160.0,open-meteo_ecmwf_ifs,daily,22.187,9.837001,25.05,8.826584,1.4205228,66.84185,0.0,28.841399700552966,3.9207160179294567
2019-10-25 00:00:00+00:00,-35.836944,-71.592777,160.0,open-meteo_ecmwf_ifs,daily,22.687,5.887,22.57,7.6286674,2.6050963,68.488304,0.0,28.992484927846448,3.6363664273519847
2019-10-26 00:00:00+00:00,-35.836944,-71.592777,160.0,open-meteo_ecmwf_ifs,daily,20.437,11.337001,20.69,10.114083,2.2737021,70.381905,0.0,29.141479392693817,3.495232530555485
2019-10-27 00:00:00+00:00,-35.836944,-71.592777,160.0,open-meteo_ecmwf_ifs,daily,17.937,12.087001,8.34,10.462,2.0663674,78.03002,0.70000005,29.288350603926748,1.9878235469256504
2019-10-28 00:00:00+00:00,-35.836944,-71.592777,160.0,open-meteo_ecmwf_ifs,daily,19.587,8.087001,27.54,6.309916,3.63515,65.59327,0.4,29.43306714277166,4.2743114281696934
2019-10-29 00:00:00+00:00,-35.836944,-71.592777,160.0,open-meteo_ecmwf_ifs,daily,18.337,9.837001,17.26,8.062001,3.397885,75.43214,19.600004,29.575598647433523,3.1801259874312797
2019-10-30 00:00:00+00:00,-35.836944,-71.592777,160.0,open-meteo_ecmwf_ifs,daily,21.137,5.037,29.62,6.3745,2.6065137,67.58048,0.0,29.715915796483646,4.172474441104326
2019-10-31 00:00:00+00:00,-35.836944,-71.592777,160.0,open-meteo_ecmwf_ifs,daily,20.137,6.187,24.52,7.330751,1.9407043,70.814285,0.0,29.85399029113328,3.585299005933647
2019-11-01 00:00:00+00:00,-35.836944,-71.592777,160.0,open-meteo_ecmwf_ifs,daily,19.286999,10.387,18.3,8.432834,3.3661573,70.961586,3.2,29.989794836477756,3.420056899668452
2019-11-02 00:00:00+00:00,-35.836944,-71.592777,160.0,open-meteo_ecmwf_ifs,daily,21.487,6.137,30.36,7.6682496,3.9049406,71.65723,0.0,30.12330312179743,4.361848663834154
2019-11-03 00:00:00+00:00,-35.836944,-71.592777,160.0,open-meteo_ecmwf_ifs,daily,20.536999,7.737,24.02,9.049499,2.218331,79.30004,0.2,30.254489800003043,3.6146444749445292
2019-11-04 00:00:00+00:00,-35.836944,-71.592777,160.0,open-meteo_ecmwf_ifs,daily,18.937,9.287001,15.8,8.428666,2.145421,74.65401,0.0,30.38333046631457,2.85439046941467
2019-11-05 00:00:00+00:00,-35.836944,-71.592777,160.0,open-meteo_ecmwf_ifs,daily,24.187,6.537,30.5,7.3286653,3.4114819,67.02863,0.0,30.50980163626273,4.855515778177676
2019-11-06 00:00:00+00:00,-35.836944,-71.592777,160.0,open-meteo_ecmwf_ifs,daily,26.036999,8.187,28.77,9.787,2.7924554,71.56126,0.0,30.633880723103214,4.788074054625179
2019-11-07 00:00:00+00:00,-35.836944,-71.592777,160.0,open-meteo_ecmwf_ifs,daily,26.536999,6.937,29.69,9.472417,3.4933472,67.60212,0.0,30.755546014733294,4.9113163198204655
2019-11-08 00:00:00+00:00,-35.836944,-71.592777,160.0,open-meteo_ecmwf_ifs,daily,27.437,10.087001,24.64,11.1119995,1.8574004,70.63265,0.0,30.874776650199806,4.422105712652142
2019-11-09 00:00:00+00:00,-35.836944,-71.592777,160.0,open-meteo_ecmwf_ifs,daily,30.487,9.737,30.65,9.378666,3.2333066,60.42168,0.0,30.99155259588731,5.928928483524163
2019-11-10 00:00:00+00:00,-35.836944,-71.592777,160.0,open-meteo_ecmwf_ifs,daily,31.737,10.887,29.59,12.109917,2.1534495,63.952595,0.0,31.10585462147317,5.541034997200684
2019-11-11 00:00:00+00:00,-35.836944,-71.592777,160.0,open-meteo_ecmwf_ifs,daily,28.137,13.387,24.52,14.326584,2.6259506,70.12378,0.0,31.217664275735075,4.705672713386104
2019-11-12 00:00:00+00:00,-35.836944,-71.592777,160.0,open-meteo_ecmwf_ifs,daily,27.536999,12.637,27.82,12.951584,1.5656375,66.44594,0.0,31.326963862294868,4.898842077800769
2019-11-13 00:00:00+00:00,-35.836944,-71.592777,160.0,open-meteo_ecmwf_ifs,daily,29.137,12.637,29.75,11.2161665,2.9076617,60.625866,0.0,31.433736415379403,5.780902584326534
2019-11-14 00:00:00+00:00,-35.836944,-71.592777,160.0,open-meteo_ecmwf_ifs,daily,29.286999,13.437,28.95,8.545334,3.7886674,49.58083,0.0,31.53796567567732,6.418316274308253
2019-11-15 00:00:00+00:00,-35.836944,-71.592777,160.0,open-meteo_ecmwf_ifs,daily,28.637,12.537001,28.21,11.884917,3.657829,61.09802,0.0,31.63963606636697,5.642532210969389
2019-11-16 00:00:00+00:00,-35.836944,-71.592777,160.0,open-meteo_ecmwf_ifs,daily,28.286999,12.537001,29.66,11.641168,3.3661528,62.529446,0.0,31.73873266938796,5.724700508526788
2019-11-17 00:00:00+00:00,-35.836944,-71.592777,160.0,open-meteo_ecmwf_ifs,daily,25.937,8.637,31.33,5.8932495,3.6610842,53.37494,0.0,31.835241202024843,5.768524207027872
2019-11-18 00:00:00+00:00,-35.836944,-71.592777,160.0,open-meteo_ecmwf_ifs,daily,30.837,10.487,32.21,6.7349167,4.5632014,48.89012,0.0,31.929147993867833,7.047002954515866
2019-11-19 00:00:00+00:00,-35.836944,-71.592777,160.0,open-meteo_ecmwf_ifs,daily,32.637,11.337001,31.92,8.355751,3.5123432,51.5981,0.0,32.02043996421136,6.842600552330659
2019-11-20 00:00:00+00:00,-35.836944,-71.592777,160.0,open-meteo_ecmwf_ifs,daily,31.237,11.187,31.87,8.687,3.9439087,50.58173,0.0,32.109104599947145,6.748437023639109
2019-11-21 00:00:00+00:00,-35.836944,-71.592777,160.0,open-meteo_ecmwf_ifs,daily,31.387,12.037001,31.91,7.926583,3.9146883,47.446503,0.0,32.19512993400374,6.98280464247112
2019-11-22 00:00:00+00:00,-35.836944,-71.592777,160.0,open-meteo_ecmwf_ifs,daily,28.587,11.437,26.24,9.987,2.3108487,55.69785,0.0,32.27850452438036,5.153206180082379
2019-11-23 00:00:00+00:00,-35.836944,-71.592777,160.0,open-meteo_ecmwf_ifs,daily,22.187,12.287001,15.57,10.857834,2.976971,67.05329,0.0,32.359217433818074,3.396371460625136
2019-11-24 00:00:00+00:00,-35.836944,-71.592777,160.0,open-meteo_ecmwf_ifs,daily,26.036999,12.937,23.55,8.972417,2.5925393,57.722504,5.4,32.43725821014636,4.929714526640731
2019-11-25 00:00:00+00:00,-35.836944,-71.592777,160.0,open-meteo_ecmwf_ifs,daily,20.087,11.987,22.35,7.1578326,2.791852,61.43825,5.4999995,32.512616867339005,4.261092849552194
2019-11-26 00:00:00+00:00,-35.836944,-71.592777,160.0,open-meteo_ecmwf_ifs,daily,21.237,7.037,33.07,1.3953333,4.33888,45.64781,0.0,32.585283867307936,5.698960719951702
2019-11-27 00:00:00+00:00,-35.836944,-71.592777,160.0,open-meteo_ecmwf_ifs,daily,25.687,7.837,32.82,2.953667,4.877656,44.109875,0.0,32.65525010245945,6.442335729044258
2019-11-28 00:00:00+00:00,-35.836944,-71.592777,160.0,open-meteo_ecmwf_ifs,daily,24.337,8.587001,24.84,5.9140835,3.1759593,53.008648,0.0,32.72250687903234,4.849134668088641
2019-11-29 00:00:00+00:00,-35.836944,-71.592777,160.0,open-meteo_ecmwf_ifs,daily,23.637,8.987,28.96,6.7369995,2.6411843,56.27895,0.4,32.78704590123314,5.014074162019397
2019-11-30 00:00:00+00:00,-35.836944,-71.592777,160.0,open-meteo_ecmwf_ifs,daily,28.536999,8.687,33.11,4.2369995,4.817465,45.688755,0.0,32.84885925617958,6.9094068585995165
2019-12-01 00:00:00+00:00,-35.836944,-71.592777,160.0,open-meteo_ecmwf_ifs,daily,31.487,8.987,32.13,9.947417,2.458152,59.977646,0.0,32.90793939965878,5.9658955248159495
2019-12-02 00:00:00+00:00,-35.836944,-71.592777,160.0,open-meteo_ecmwf_ifs,daily,28.237,12.837001,26.1,10.0911665,2.8427918,54.80592,0.0,32.96427914270347,5.461451323964471
2019-12-03 00:00:00+00:00,-35.836944,-71.592777,160.0,open-meteo_ecmwf_ifs,daily,26.087,9.987,33.27,6.0661664,4.918066,50.51383,0.0,33.01787163898522,6.5295237404631346
2019-12-04 00:00:00+00:00,-35.836944,-71.592777,160.0,open-meteo_ecmwf_ifs,daily,30.587,7.337,33.15,5.653666,3.234773,50.034344,0.0,33.068710373021005,6.370807826370799
2019-12-05 00:00:00+00:00,-35.836944,-71.592777,160.0,open-meteo_ecmwf_ifs,daily,29.786999,11.237,33.08,8.557834,3.920377,50.645382,0.0,33.116789149185855,6.734439439072615
2019-12-06 00:00:00+00:00,-35.836944,-71.592777,160.0,open-meteo_ecmwf_ifs,daily,27.987,11.237,32.91,8.020332,3.0462036,51.55226,0.0,33.162102081522,6.258961671915695
2019-12-07 00:00:00+00:00,-35.836944,-71.592777,160.0,open-meteo_ecmwf_ifs,daily,28.387,13.137,32.64,10.032832,1.9733044,54.706417,0.0,33.204643584332416,6.010729160100803
2019-12-08 00:00:00+00:00,-35.836944,-71.592777,160.0,open-meteo_ecmwf_ifs,daily,30.587,13.087001,33.13,8.932833,1.7996715,49.843494,0.0,33.244408363544906,6.25661817273215
2019-12-09 00:00:00+00:00,-35.836944,-71.592777,160.0,open-meteo_ecmwf_ifs,daily,30.786999,13.937,32.86,9.889083,2.2795527,49.340347,0.0,33.281391408830864,6.499472355009488
2019-12-10 00:00:00+00:00,-35.836944,-71.592777,160.0,open-meteo_ecmwf_ifs,daily,28.887,13.287001,29.38,10.0182495,2.4242363,51.48959,0.0,33.315587986462276,5.853234828469417
2019-12-11 00:00:00+00:00,-35.836944,-71.592777,160.0,open-meteo_ecmwf_ifs,daily,27.687,11.337001,32.61,8.420333,3.7800038,55.312412,0.0,33.346993632888996,6.373786145075247
2019-12-12 00:00:00+00:00,-35.836944,-71.592777,160.0,open-meteo_ecmwf_ifs,daily,30.036999,11.187,33.79,3.2932498,4.5181127,39.907104,0.0,33.37560414901852,7.634360652098612
2019-12-13 00:00:00+00:00,-35.836944,-71.592777,160.0,open-meteo_ecmwf_ifs,daily,23.887,14.537001,14.0,5.7161674,3.2446702,42.400696,0.2,33.40141559518009,4.499556660549809
2019-12-14 00:00:00+00:00,-35.836944,-71.592777,160.0,open-meteo_ecmwf_ifs,daily,27.137,13.287001,25.6,10.232833,3.4449809,64.86298,4.9999995,33.4244242867552,5.512042494466848
2019-12-15 00:00:00+00:00,-35.836944,-71.592777,160.0,open-meteo_ecmwf_ifs,daily,28.087,11.037001,33.47,5.3161664,4.3556,46.09653,0.0,33.44462679045766,7.015378677738561
2019-12-16 00:00:00+00:00,-35.836944,-71.592777,160.0,open-meteo_ecmwf_ifs,daily,29.187,9.837001,33.67,6.209917,4.663571,49.56193,0.0,33.462019921246785,7.005244799882075
2019-12-17 00:00:00+00:00,-35.836944,-71.592777,160.0,open-meteo_ecmwf_ifs,daily,29.987,10.187,33.33,6.134917,4.229172,45.682537,0.0,33.4766007398591,7.030411253994525
2019-12-18 00:00:00+00:00,-35.836944,-71.592777,160.0,open-meteo_ecmwf_ifs,daily,30.087,15.087001,29.06,10.88075,4.0132947,51.481644,0.0,33.48836655094511,6.6980992061038735
2019-12-19 00:00:00+00:00,-35.836944,-71.592777,160.0,open-meteo_ecmwf_ifs,daily,25.937,14.437,20.78,12.082835,4.0273523,63.34326,0.4,33.49731490179994,4.837285622580555
2019-12-20 00:00:00+00:00,-35.836944,-71.592777,160.0,open-meteo_ecmwf_ifs,daily,28.637,11.637,33.61,7.8703327,4.0268483,54.031406,0.0,33.50344358167798,6.812689525236558
2019-12-21 00:00:00+00:00,-35.836944,-71.592777,160.0,open-meteo_ecmwf_ifs,daily,30.286999,10.887,32.45,5.8120003,4.001271,43.009144,0.0,33.506750621684745,7.048385739475739
2019-12-22 00:00:00+00:00,-35.836944,-71.592777,160.0,open-meteo_ecmwf_ifs,daily,32.336998,11.187,33.31,9.0286665,3.7164657,50.759884,0.0,33.507234295240764,7.037571266100098
2019-12-23 00:00:00+00:00,-35.836944,-71.592777,160.0,open-meteo_ecmwf_ifs,daily,33.987,14.287001,33.48,10.372416,4.8358684,45.60529,0.0,33.504893119115,8.072067003135972
2019-12-24 00:00:00+00:00,-35.836944,-71.592777,160.0,open-meteo_ecmwf_ifs,daily,25.637,16.036999,14.64,13.016166,3.8006675,68.23229,2.8,33.49972585502786,4.118221556111431
2019-12-25 00:00:00+00:00,-35.836944,-71.592777,160.0,open-meteo_ecmwf_ifs,daily,27.536999,9.337001,33.5,4.6182504,3.4209204,44.84973,0.0,33.491731511826,6.452291542112903
2019-12-26 00:00:00+00:00,-35.836944,-71.592777,160.0,open-meteo_ecmwf_ifs,daily,29.286999,10.037001,33.53,5.3974166,2.8194427,45.306713,0.0,33.480909348233986,6.482111939064702
2019-12-27 00:00:00+00:00,-35.836944,-71.592777,160.0,open-meteo_ecmwf_ifs,daily,30.337,12.437,33.29,7.6140842,2.969897,45.73851,0.0,33.467258876189625,6.778477516913017
2019-12-28 00:00:00+00:00,-35.836944,-71.592777,160.0,open-meteo_ecmwf_ifs,daily,32.887,13.537001,32.27,11.022416,3.9138467,53.044247,0.0,33.45077986477263,7.1971189627046925
2019-12-29 00:00:00+00:00,-35.836944,-71.592777,160.0,open-meteo_ecmwf_ifs,daily,33.086998,15.937,32.65,12.239082,2.8400147,51.531506,0.0,33.43147234473763,7.059896326426473
2019-12-30 00:00:00+00:00,-35.836944,-71.592777,160.0,open-meteo_ecmwf_ifs,daily,32.487,14.087001,33.03,8.149499,3.7841988,42.884945,0.0,33.409336613664976,7.56401266362893
2019-12-31 00:00:00+00:00,-35.836944,-71.592777,160.0,open-meteo_ecmwf_ifs,daily,33.537,12.637,33.14,9.0911665,2.4792807,47.12369,0.0,33.38437324174392,6.829374332701342
2020-01-01 00:00:00+00:00,-35.836944,-71.592777,160.0,open-meteo_ecmwf_ifs,daily,32.387,16.036999,32.98,9.951584,2.9667578,42.08946,0.0,33.35658307820425,7.258352756272982
2020-01-02 00:00:00+00:00,-35.836944,-71.592777,160.0,open-meteo_ecmwf_ifs,daily,32.687,13.137,33.02,11.041167,1.5963006,52.466843,0.0,33.325967258413414,6.279692928511771
2020-01-03 00:00:00+00:00,-35.836944,-71.592777,160.0,open-meteo_ecmwf_ifs,daily,34.537,16.137,32.71,10.961999,2.855465,45.904408,0.0,33.29252721165685,7.3618154070546575
2020-01-04 00:00:00+00:00,-35.836944,-71.592777,160.0,open-meteo_ecmwf_ifs,daily,32.836998,15.237,32.2,11.382832,3.98685,51.24029,0.0,33.25626466961939,7.418457159874028
2020-01-05 00:00:00+00:00,-35.836944,-71.592777,160.0,open-meteo_ecmwf_ifs,daily,27.587,11.887,31.28,5.2890835,4.198874,43.073467,0.0,33.21718167558599,6.79463293921969
2020-01-06 00:00:00+00:00,-35.836944,-71.592777,160.0,open-meteo_ecmwf_ifs,daily,26.887,11.437,32.99,7.2911663,3.5848897,52.335403,0.0,33.1752805943787,6.37654916472625
2020-01-07 00:00:00+00:00,-35.836944,-71.592777,160.0,open-meteo_ecmwf_ifs,daily,28.237,12.937,27.37,6.984917,3.1347456,45.22484,0.0,33.130564123047265,6.037405225163731
2020-01-08 00:00:00+00:00,-35.836944,-71.592777,160.0,open-meteo_ecmwf_ifs,daily,23.587,13.387,17.92,8.866168,4.1187687,56.554127,0.0,33.0830353023281,4.588372147969561
2020-01-09 00:00:00+00:00,-35.836944,-71.592777,160.0,open-meteo_ecmwf_ifs,daily,26.387,13.237,32.29,8.061999,3.3110409,53.148884,0.0,33.032697528885905,6.317685820114908
2020-01-10 00:00:00+00:00,-35.836944,-71.592777,160.0,open-meteo_ecmwf_ifs,daily,30.286999,11.237,33.44,6.3724174,4.354975,47.122166,0.0,32.97955456834944,7.2378512738387535
2020-01-11 00:00:00+00:00,-35.836944,-71.592777,160.0,open-meteo_ecmwf_ifs,daily,32.237,11.037001,33.35,7.726584,3.0678546,48.6403,0.0,32.92361056915107,6.8382530783670745
2020-01-12 00:00:00+00:00,-35.836944,-71.592777,160.0,open-meteo_ecmwf_ifs,daily,32.887,13.437,31.65,10.9349165,2.295891,52.518063,0.0,32.864870077176626,6.436594429066041
2020-01-13 00:00:00+00:00,-35.836944,-71.592777,160.0,open-meteo_ecmwf_ifs,daily,31.687,13.087001,32.16,10.447416,2.546437,54.364933,0.0,32.803338051229204,6.459995031755321
2020-01-14 00:00:00+00:00,-35.836944,-71.592777,160.0,open-meteo_ecmwf_ifs,daily,31.237,13.987,32.49,11.734916,4.48124,56.39523,0.0,32.739019879307094,7.064731264588255
2020-01-15 00:00:00+00:00,-35.836944,-71.592777,160.0,open-meteo_ecmwf_ifs,daily,27.137,9.887,33.12,4.8161664,6.651734,41.997574,0.0,32.671921395692294,7.266812869372301
2020-01-16 00:00:00+00:00,-35.836944,-71.592777,160.0,open-meteo_ecmwf_ifs,daily,35.787,7.487,32.91,5.0390835,2.8788798,44.480637,0.0,32.60204889884222,6.844837524929441
2020-01-17 00:00:00+00:00,-35.836944,-71.592777,160.0,open-meteo_ecmwf_ifs,daily,34.787,15.587001,32.51,6.76825,1.9407116,32.739372,0.0,32.5294091700727,6.837745571058453
2020-01-18 00:00:00+00:00,-35.836944,-71.592777,160.0,open-meteo_ecmwf_ifs,daily,34.987,15.587001,29.53,11.274499,1.6570917,44.683838,0.0,32.45400949301641,6.179915647191234
2020-01-19 00:00:00+00:00,-35.836944,-71.592777,160.0,open-meteo_ecmwf_ifs,daily,33.687,18.036999,29.46,12.620334,2.115352,44.57604,0.0,32.37585767383586,6.491329664888797
2020-01-20 00:00:00+00:00,-35.836944,-71.592777,160.0,open-meteo_ecmwf_ifs,daily,32.887,15.537001,31.87,9.924499,1.9333767,47.491714,0.0,32.2949620621657,6.493277906505877
2020-01-21 00:00:00+00:00,-35.836944,-71.592777,160.0,open-meteo_ecmwf_ifs,daily,34.187,14.287001,32.48,8.797418,2.2595375,43.60207,0.0,32.21133157275414,6.794267284095512
2020-01-22 00:00:00+00:00,-35.836944,-71.592777,160.0,open-meteo_ecmwf_ifs,daily,32.086998,17.737,31.2,12.547418,2.8712895,48.019375,0.0,32.12497570776827,6.880350146740193
2020-01-23 00:00:00+00:00,-35.836944,-71.592777,160.0,open-meteo_ecmwf_ifs,daily,33.787,16.587,29.66,13.655749,2.0394547,54.60718,0.0,32.035904579723656,6.269656568279467
2020-01-24 00:00:00+00:00,-35.836944,-71.592777,160.0,open-meteo_ecmwf_ifs,daily,35.487,16.187,32.05,8.90575,2.8674462,43.618298,0.0,31.94412893499317,7.425481466133456
2020-01-25 00:00:00+00:00,-35.836944,-71.592777,160.0,open-meteo_ecmwf_ifs,daily,34.487,14.487,31.64,7.047416,2.884702,36.985573,0.0,31.849660177845706,7.185383587313356
2020-01-26 00:00:00+00:00,-35.836944,-71.592777,160.0,open-meteo_ecmwf_ifs,daily,34.336998,16.487,30.37,12.745334,3.376599,49.988663,0.0,31.75251039496029,7.093325707612156
2020-01-27 00:00:00+00:00,-35.836944,-71.592777,160.0,open-meteo_ecmwf_ifs,daily,35.437,16.587,30.51,9.8245,3.5162208,40.791607,0.0,31.652692380356886,7.60565807679676
2020-01-28 00:00:00+00:00,-35.836944,-71.592777,160.0,open-meteo_ecmwf_ifs,daily,32.437,17.237,27.45,12.295334,4.205194,47.391575,0.0,31.550219660680614,6.991069818325389
2020-01-29 00:00:00+00:00,-35.836944,-71.592777,160.0,open-meteo_ecmwf_ifs,daily,30.337,14.637,29.87,8.184916,3.010711,41.328728,0.0,31.44510652077186,6.504343147806727
2020-01-30 00:00:00+00:00,-35.836944,-71.592777,160.0,open-meteo_ecmwf_ifs,daily,33.287,13.537001,30.86,3.81825,3.2976055,31.552435,0.0,31.337368029450676,7.26130244908847
2020-01-31 00:00:00+00:00,-35.836944,-71.592777,160.0,open-meteo_ecmwf_ifs,daily,33.586998,14.487,30.61,7.5495,2.5117142,39.502598,0.0,31.227020065440552,6.6670135831381705
2020-02-01 00:00:00+00:00,-35.836944,-71.592777,160.0,open-meteo_ecmwf_ifs,daily,32.787,16.737,29.59,11.957833,2.8103068,48.224735,0.0,31.114079343352625,6.593651024590305
2020-02-02 00:00:00+00:00,-35.836944,-71.592777,160.0,open-meteo_ecmwf_ifs,daily,32.487,15.087001,29.64,11.051583,3.2031834,53.909958,0.0,30.99856343964852,6.6123684345378475
2020-02-03 00:00:00+00:00,-35.836944,-71.592777,160.0,open-meteo_ecmwf_ifs,daily,28.887,12.137,30.14,6.301583,2.9575157,43.746105,0.0,30.880490818497396,6.142785409687374
2020-02-04 00:00:00+00:00,-35.836944,-71.592777,160.0,open-meteo_ecmwf_ifs,daily,26.637,14.087001,26.92,9.228667,2.7731082,54.11365,0.5,30.75988085743968,5.449451539351162
2020-02-05 00:00:00+00:00,-35.836944,-71.592777,160.0,open-meteo_ecmwf_ifs,daily,26.137,11.237,29.74,5.9349155,3.4720402,46.177002,0.0,30.636753872768534,5.867049922012146
2020-02-06 00:00:00+00:00,-35.836944,-71.592777,160.0,open-meteo_ecmwf_ifs,daily,27.536999,11.137,29.98,5.945333,1.9757634,46.14389,0.0,30.511131144537924,5.435632100492094
2020-02-07 00:00:00+00:00,-35.836944,-71.592777,160.0,open-meteo_ecmwf_ifs,daily,31.837,10.987,30.23,5.678667,3.3953104,43.5724,0.0,30.38303494110491,6.578190501881594
2020-02-08 00:00:00+00:00,-35.836944,-71.592777,160.0,open-meteo_ecmwf_ifs,daily,34.637,12.137,30.07,6.4286666,2.1893547,40.423172,0.0,30.25248854311276,6.23598985120407
2020-02-09 00:00:00+00:00,-35.836944,-71.592777,160.0,open-meteo_ecmwf_ifs,daily,35.237,14.887,29.48,7.7640834,1.856707,35.20315,0.0,30.119516266821154,6.1657941590646255
2020-02-10 00:00:00+00:00,-35.836944,-71.592777,160.0,open-meteo_ecmwf_ifs,daily,34.537,16.887,28.88,11.639083,2.158432,44.151844,0.0,29.98414348668913,6.280499840993342
2020-02-11 00:00:00+00:00,-35.836944,-71.592777,160.0,open-meteo_ecmwf_ifs,daily,34.137,17.087,28.73,12.837001,2.1510231,50.16982,0.0,29.846396657117253,6.173155218377305
2020-02-12 00:00:00+00:00,-35.836944,-71.592777,160.0,open-meteo_ecmwf_ifs,daily,30.187,16.837,26.89,10.614083,3.863713,47.560337,0.0,29.70630333325553,6.489159845514572
2020-02-13 00:00:00+00:00,-35.836944,-71.592777,160.0,open-meteo_ecmwf_ifs,daily,27.536999,12.587001,29.48,3.44325,4.482059,37.329475,0.0,29.563892190785165,6.788064461186212
2020-02-14 00:00:00+00:00,-35.836944,-71.592777,160.0,open-meteo_ecmwf_ifs,daily,31.087,10.437,29.37,2.5265832,4.4483337,36.881363,0.0,29.419193044583352,7.031501655659485
2020-02-15 00:00:00+00:00,-35.836944,-71.592777,160.0,open-meteo_ecmwf_ifs,daily,32.137,13.887,28.47,8.176583,3.137105,44.902634,0.0,29.272236866182233,6.378612225988229
2020-02-16 00:00:00+00:00,-35.836944,-71.592777,160.0,open-meteo_ecmwf_ifs,daily,31.137,13.337001,28.02,9.782832,2.5330935,49.33704,0.0,29.123055799935543,5.72876670998539
2020-02-17 00:00:00+00:00,-35.836944,-71.592777,160.0,open-meteo_ecmwf_ifs,daily,25.887,15.937,23.65,8.9745,3.3118217,51.126163,0.1,28.971683177808707,5.366729088904158
2020-02-18 00:00:00+00:00,-35.836944,-71.592777,160.0,open-meteo_ecmwf_ifs,daily,32.487,11.087001,28.84,3.8828332,3.946461,38.081062,0.0,28.81815353271147,6.842217569840604
2020-02-19 00:00:00+00:00,-35.836944,-71.592777,160.0,open-meteo_ecmwf_ifs,daily,31.887,12.287001,27.95,8.072417,4.0327067,48.943478,0.0,28.662502610295082,6.478857367596749
2020-02-20 00:00:00+00:00,-35.836944,-71.592777,160.0,open-meteo_ecmwf_ifs,daily,34.237,9.537001,28.04,6.855749,2.7871082,44.856,0.0,28.50476737913997,5.919607821898376
2020-02-21 00:00:00+00:00,-35.836944,-71.592777,160.0,open-meteo_ecmwf_ifs,daily,30.237,12.337001,27.44,9.832833,2.8268678,51.7923,0.0,28.34498603926361,5.519288673591277
2020-02-22 00:00:00+00:00,-35.836944,-71.592777,160.0,open-meteo_ecmwf_ifs,daily,29.737,13.587001,27.18,10.970334,1.9257956,55.070972,0.0,28.183198028882487,5.111905352887496
2020-02-23 00:00:00+00:00,-35.836944,-71.592777,160.0,open-meteo_ecmwf_ifs,daily,30.187,13.087001,26.65,11.882833,2.2587025,60.820553,0.0,28.019444029366667,5.1071561064708115
2020-02-24 00:00:00+00:00,-35.836944,-71.592777,160.0,open-meteo_ecmwf_ifs,daily,23.237,12.587001,16.62,9.020333,2.953085,58.095867,0.0,27.85376596833013,3.7626833637602064
2020-02-25 00:00:00+00:00,-35.836944,-71.592777,160.0,open-meteo_ecmwf_ifs,daily,29.786999,11.137,27.12,4.38075,3.3546684,41.92139,0.0,27.686207020805107,5.927074658277382
2020-02-26 00:00:00+00:00,-35.836944,-71.592777,160.0,open-meteo_ecmwf_ifs,daily,31.837,10.437,27.05,5.495333,2.7222478,43.549038,0.0,27.516811608453715,5.63707196859464
2020-02-27 00:00:00+00:00,-35.836944,-71.592777,160.0,open-meteo_ecmwf_ifs,daily,31.837,12.637,26.45,9.659916,2.1702728,49.824238,0.0,27.345625396775777,5.247448415195489
2020-02-28 00:00:00+00:00,-35.836944,-71.592777,160.0,open-meteo_ecmwf_ifs,daily,32.737,13.187,26.54,9.872416,2.0789378,51.345203,0.0,27.1726952902771,5.31243933314301
2020-02-29 00:00:00+00:00,-35.836944,-71.592777,160.0,open-meteo_ecmwf_ifs,daily,34.737,13.387,25.78,10.4995,1.7471255,48.636272,0.0,26.998069425568207,5.171550020165157
2020-03-01 00:00:00+00:00,-35.836944,-71.592777,160.0,open-meteo_ecmwf_ifs,daily,30.536999,15.087001,25.55,11.3619995,2.9061089,54.70281,0.0,26.821797162369545,5.457962862018757
2020-03-02 00:00:00+00:00,-35.836944,-71.592777,160.0,open-meteo_ecmwf_ifs,daily,31.387,12.137,24.88,11.930751,1.3463588,61.493896,0.0,26.643929072404866,4.455338394831684
2020-03-03 00:00:00+00:00,-35.836944,-71.592777,160.0,open-meteo_ecmwf_ifs,daily,33.287,13.087001,24.99,12.4557495,1.4614881,59.754925,0.0,26.46451692617062,4.691413732701709
2020-03-04 00:00:00+00:00,-35.836944,-71.592777,160.0,open-meteo_ecmwf_ifs,daily,33.187,13.937,25.51,8.3745,2.8564675,44.223217,0.0,26.283613677575314,5.776291249717672
2020-03-05 00:00:00+00:00,-35.836944,-71.592777,160.0,open-meteo_ecmwf_ifs,daily,33.487,13.537001,24.65,9.201583,3.8437612,47.070114,0.0,26.101273446448793,6.145106877745009
2020-03-06 00:00:00+00:00,-35.836944,-71.592777,160.0,open-meteo_ecmwf_ifs,daily,33.737,13.437,24.54,10.38075,2.5152457,50.574814,0.0,25.917551498927626,5.321857649708156
2020-03-07 00:00:00+00:00,-35.836944,-71.592777,160.0,open-meteo_ecmwf_ifs,daily,30.687,14.487,23.97,12.028668,3.1679442,55.542217,0.0,25.73250422572873,5.198860031775164
2020-03-08 00:00:00+00:00,-35.836944,-71.592777,160.0,open-meteo_ecmwf_ifs,daily,30.637,13.937,24.11,5.7911663,2.5566902,36.6545,0.0,25.546189118329618,5.297927984679075
2020-03-09 00:00:00+00:00,-35.836944,-71.592777,160.0,open-meteo_ecmwf_ifs,daily,32.437,13.487,24.11,5.4515834,2.8786333,37.094376,0.0,25.358664743079576,5.6339866419429745
2020-03-10 00:00:00+00:00,-35.836944,-71.592777,160.0,open-meteo_ecmwf_ifs,daily,32.237,13.537001,24.35,6.5119996,2.8340323,36.63546,0.0,25.16999071327198,5.532402925967226
2020-03-11 00:00:00+00:00,-35.836944,-71.592777,160.0,open-meteo_ecmwf_ifs,daily,31.137,14.337001,21.38,10.912,3.2496958,54.662567,0.0,24.980227659213973,5.081281950347235
2020-03-12 00:00:00+00:00,-35.836944,-71.592777,160.0,open-meteo_ecmwf_ifs,daily,29.036999,15.687,23.55,8.741168,1.6523451,46.132965,0.0,24.789437196335275,4.489130581385533
2020-03-13 00:00:00+00:00,-35.836944,-71.592777,160.0,open-meteo_ecmwf_ifs,daily,27.337,15.587001,20.61,12.145335,3.0928638,63.147,0.0,24.59768189138357,4.468303811654334
2020-03-14 00:00:00+00:00,-35.836944,-71.592777,160.0,open-meteo_ecmwf_ifs,daily,28.637,11.487,23.02,7.4744987,3.9020889,51.24826,0.0,24.40502522675954,5.178279775212371
2020-03-15 00:00:00+00:00,-35.836944,-71.592777,160.0,open-meteo_ecmwf_ifs,daily,28.637,8.087001,23.94,6.2099166,2.506015,52.049664,0.0,24.211531563049558,4.3812237418526365
2020-03-16 00:00:00+00:00,-35.836944,-71.592777,160.0,open-meteo_ecmwf_ifs,daily,27.286999,9.787001,23.12,7.5786667,1.7997665,53.90764,0.0,24.01726609981943,3.941814006577013
2020-03-17 00:00:00+00:00,-35.836944,-71.592777,160.0,open-meteo_ecmwf_ifs,daily,27.587,11.237,23.02,8.04325,2.1021273,51.982693,0.0,23.822294834737463,4.167633358535006
2020-03-18 00:00:00+00:00,-35.836944,-71.592777,160.0,open-meteo_ecmwf_ifs,daily,28.286999,10.787001,22.64,8.774501,2.0784988,58.006577,0.0,23.62668452109964,4.083601020416546
2020-03-19 00:00:00+00:00,-35.836944,-71.592777,160.0,open-meteo_ecmwf_ifs,daily,28.937,9.637,23.03,7.403667,2.6244895,54.73028,0.0,23.430502623834272,4.382244748176157
2020-03-20 00:00:00+00:00,-35.836944,-71.592777,160.0,open-meteo_ecmwf_ifs,daily,29.237,8.837001,22.67,6.295334,1.8123084,50.41211,0.0,23.233817274067892,3.9597558588893103
2020-03-21 00:00:00+00:00,-35.836944,-71.592777,160.0,open-meteo_ecmwf_ifs,daily,25.137,13.737,19.92,9.059917,4.118547,58.854065,0.0,23.03669722233758,4.538518231991573
2020-03-22 00:00:00+00:00,-35.836944,-71.592777,160.0,open-meteo_ecmwf_ifs,daily,27.036999,13.537001,19.13,8.120333,3.001028,51.745056,0.0,22.83921179053946,4.335846113492997
2020-03-23 00:00:00+00:00,-35.836944,-71.592777,160.0,open-meteo_ecmwf_ifs,daily,27.587,11.787001,21.05,8.207834,3.279483,55.62416,0.0,22.641430822705548,4.450472131286756
2020-03-24 00:00:00+00:00,-35.836944,-71.592777,160.0,open-meteo_ecmwf_ifs,daily,23.187,11.037001,7.98,10.041167,1.4215709,64.10575,0.0,22.44342463470526,1.9879784395273004
2020-03-25 00:00:00+00:00,-35.836944,-71.592777,160.0,open-meteo_ecmwf_ifs,daily,28.187,11.737,19.73,11.897416,1.4594116,73.91134,0.0,22.24526396296994,3.344504220477961
2020-03-26 00:00:00+00:00,-35.836944,-71.592777,160.0,open-meteo_ecmwf_ifs,daily,29.587,13.387,20.63,12.895332,1.6449093,63.35881,0.0,22.04701991234201,3.657098331078217
2020-03-27 00:00:00+00:00,-35.836944,-71.592777,160.0,open-meteo_ecmwf_ifs,daily,25.687,13.237,18.87,12.103665,2.2569125,68.89831,0.0,21.848763903152058,3.401629165547847
2020-03-28 00:00:00+00:00,-35.836944,-71.592777,160.0,open-meteo_ecmwf_ifs,daily,25.737,11.737,18.05,11.2369995,2.2255318,70.0922,0.0,21.65056761762963,3.2475712133181314
2020-03-29 00:00:00+00:00,-35.836944,-71.592777,160.0,open-meteo_ecmwf_ifs,daily,25.187,10.537001,20.15,9.6640835,3.59292,65.25184,0.0,21.452502945754762,3.7693175796879097
2020-03-30 00:00:00+00:00,-35.836944,-71.592777,160.0,open-meteo_ecmwf_ifs,daily,25.937,6.837,20.42,6.7286663,2.795597,59.85986,0.0,21.254641930658977,3.5370856980435246
2020-03-31 00:00:00+00:00,-35.836944,-71.592777,160.0,open-meteo_ecmwf_ifs,daily,25.687,7.887,20.22,8.4495,2.350145,65.19216,0.0,21.057056713685352,3.290647321351546
2020-04-01 00:00:00+00:00,-35.836944,-71.592777,160.0,open-meteo_ecmwf_ifs,daily,25.487,7.437,20.53,6.76825,4.1594253,60.804417,0.0,20.859819479217965,3.933051303398936
2020-04-02 00:00:00+00:00,-35.836944,-71.592777,160.0,open-meteo_ecmwf_ifs,daily,31.587,8.237,20.39,5.207833,2.5045033,52.221344,0.0,20.663002399391605,4.090317317069584
2020-04-03 00:00:00+00:00,-35.836944,-71.592777,160.0,open-meteo_ecmwf_ifs,daily,26.737,9.137,19.36,8.003667,1.774352,59.224422,0.0,20.466677578792694,3.177188263791106
2020-04-04 00:00:00+00:00,-35.836944,-71.592777,160.0,open-meteo_ecmwf_ifs,daily,25.487,11.337001,18.95,6.684916,2.9317484,51.913956,0.0,20.2709169992622,3.8119203595120994
2020-04-05 00:00:00+00:00,-35.836944,-71.592777,160.0,open-meteo_ecmwf_ifs,daily,23.786999,7.187,19.72,2.9911668,3.3309085,51.306026,0.0,20.075792464910734,3.7401029267062587
2020-04-06 00:00:00+00:00,-35.836944,-71.592777,160.0,open-meteo_ecmwf_ifs,daily,25.237,6.637,19.59,3.9328334,3.4500322,53.834656,0.0,19.881375547455516,3.7652575473209233
2020-04-07 00:00:00+00:00,-35.836944,-71.592777,160.0,open-meteo_ecmwf_ifs,daily,25.237,4.387,19.29,4.153667,1.5928966,59.57953,0.0,19.68773753198757,2.7721178176483567
2020-04-08 00:00:00+00:00,-35.836944,-71.592777,160.0,open-meteo_ecmwf_ifs,daily,26.687,8.787001,18.52,5.1536655,1.8533049,49.353786,0.0,19.4949493632763,3.1604622010240275
2020-04-09 00:00:00+00:00,-35.836944,-71.592777,160.0,open-meteo_ecmwf_ifs,daily,22.036999,8.787001,16.8,8.826583,1.5188357,73.869385,0.0,19.30308159271692,2.408221245198842
2020-04-10 00:00:00+00:00,-35.836944,-71.592777,160.0,open-meteo_ecmwf_ifs,daily,22.687,9.037001,16.5,9.228666,1.694254,74.139404,0.0,19.112204326024326,2.4540083099788266
2020-04-11 00:00:00+00:00,-35.836944,-71.592777,160.0,open-meteo_ecmwf_ifs,daily,20.837,9.937,11.48,9.347417,2.1318448,70.851974,0.0,18.92238717177483,2.1270524078162785
2020-04-12 00:00:00+00:00,-35.836944,-71.592777,160.0,open-meteo_ecmwf_ifs,daily,20.437,7.387,17.61,2.8536665,2.8532956,49.28433,0.0,18.733699190894733,3.0364112888477246
2020-04-13 00:00:00+00:00,-35.836944,-71.592777,160.0,open-meteo_ecmwf_ifs,daily,22.536999,5.787,17.81,2.4161665,2.849285,51.69781,0.0,18.546208847192162,3.102690399436641
2020-04-14 00:00:00+00:00,-35.836944,-71.592777,160.0,open-meteo_ecmwf_ifs,daily,23.487,3.787,17.08,3.7640831,1.2108833,61.840565,0.0,18.359983959025307,2.2273101474708406
2020-04-15 00:00:00+00:00,-35.836944,-71.592777,160.0,open-meteo_ecmwf_ifs,daily,23.536999,11.337001,13.59,4.5494995,1.8028208,45.966938,0.0,18.175091652197622,2.7143734602802945
2020-04-16 00:00:00+00:00,-35.836944,-71.592777,160.0,open-meteo_ecmwf_ifs,daily,24.137,7.737,15.55,7.5661664,1.5060252,67.98626,0.0,17.991598314166605,2.3277736885371287
2020-04-17 00:00:00+00:00,-35.836944,-71.592777,160.0,open-meteo_ecmwf_ifs,daily,27.286999,8.037001,15.27,7.747417,2.2512133,64.75054,0.0,17.809569549649623,2.824102821646624
2020-04-18 00:00:00+00:00,-35.836944,-71.592777,160.0,open-meteo_ecmwf_ifs,daily,27.487,15.237,12.7,15.897416,2.9562461,81.23825,0.0,17.62907013770609,2.682217382164059
2020-04-19 00:00:00+00:00,-35.836944,-71.592777,160.0,open-meteo_ecmwf_ifs,daily,25.036999,12.537001,16.19,8.978665,4.3824916,58.401524,0.0,17.450163990371692,3.754285898554186
2020-04-20 00:00:00+00:00,-35.836944,-71.592777,160.0,open-meteo_ecmwf_ifs,daily,24.987,9.237,14.9,6.1328335,3.820079,57.122837,0.0,17.272914112915746,3.4505961039449318
2020-04-21 00:00:00+00:00,-35.836944,-71.592777,160.0,open-meteo_ecmwf_ifs,daily,23.387,6.787,12.29,6.5536666,2.2695804,63.743496,0.0,17.097382565788845,2.3052947885479815
2020-04-22 00:00:00+00:00,-35.836944,-71.592777,160.0,open-meteo_ecmwf_ifs,daily,26.437,9.687,15.34,6.195332,1.1233898,50.94093,0.0,16.923630428323122,2.2560817482174897
2020-04-23 00:00:00+00:00,-35.836944,-71.592777,160.0,open-meteo_ecmwf_ifs,daily,22.637,13.237,10.74,9.647415,3.854194,63.950836,0.0,16.751717764242905,2.9293175312810145
2020-04-24 00:00:00+00:00,-35.836944,-71.592777,160.0,open-meteo_ecmwf_ifs,daily,16.087,13.537001,3.58,11.995334,5.2762284,84.10586,24.100002,16.581703589038693,1.3970288672876803
2020-04-25 00:00:00+00:00,-35.836944,-71.592777,160.0,open-meteo_ecmwf_ifs,daily,20.137,13.037001,12.33,11.670333,3.3509305,78.885796,5.1999993,16.413645839252432,2.1952031343732092
2020-04-26 00:00:00+00:00,-35.836944,-71.592777,160.0,open-meteo_ecmwf_ifs,daily,20.437,8.737,12.73,9.780749,2.7725353,78.03783,0.2,16.24760134371693,1.9461590013967742
2020-04-27 00:00:00+00:00,-35.836944,-71.592777,160.0,open-meteo_ecmwf_ifs,daily,16.387,10.187,7.61,9.670333,2.3849518,81.24173,6.2,16.083625796787086,1.3911077748296306
2020-04-28 00:00:00+00:00,-35.836944,-71.592777,160.0,open-meteo_ecmwf_ifs,daily,18.687,8.987,14.93,9.4036665,2.2251012,78.867134,3.1,15.921773733595286,1.8436564630174486
2020-04-29 00:00:00+00:00,-35.836944,-71.592777,160.0,open-meteo_ecmwf_ifs,daily,16.887,3.687,15.07,6.220333,2.2497327,80.48009,0.0,15.762098507357825,1.5745446467123267
2020-04-30 00:00:00+00:00,-35.836944,-71.592777,160.0,open-meteo_ecmwf_ifs,daily,18.337,4.687,14.16,7.351583,1.753952,86.3106,0.0,15.604652268753878,1.538731639765357
2020-05-01 00:00:00+00:00,-35.836944,-71.592777,160.0,open-meteo_ecmwf_ifs,daily,19.187,5.287,13.76,8.022416,1.4564438,86.0954,0.0,15.449485947392722,1.5049620295041757
2020-05-02 00:00:00+00:00,-35.836944,-71.592777,160.0,open-meteo_ecmwf_ifs,daily,16.087,7.887,7.71,9.272416,1.3714632,90.40449,0.0,15.296649235379494,1.0863280936052109
2020-05-03 00:00:00+00:00,-35.836944,-71.592777,160.0,open-meteo_ecmwf_ifs,daily,16.937,12.037001,8.33,10.057833,2.3456163,79.62911,3.3999999,15.146190572983917,1.5302244204947213
2020-05-04 00:00:00+00:00,-35.836944,-71.592777,160.0,open-meteo_ecmwf_ifs,daily,19.187,6.437,11.71,7.6474166,2.4815094,73.72592,0.0,14.998157136410683,1.6771993002145773
2020-05-05 00:00:00+00:00,-35.836944,-71.592777,160.0,open-meteo_ecmwf_ifs,daily,19.786999,9.787001,13.41,10.270333,2.9206092,82.95507,0.0,14.852594827664555,1.8497077483922726
2020-05-06 00:00:00+00:00,-35.836944,-71.592777,160.0,open-meteo_ecmwf_ifs,daily,18.637,3.687,14.0,6.155749,2.035097,80.53438,0.0,14.709548266497098,1.5321064440318863
2020-05-07 00:00:00+00:00,-35.836944,-71.592777,160.0,open-meteo_ecmwf_ifs,daily,18.587,5.587,10.91,7.9869995,1.1239258,90.091194,0.0,14.569060784416617,1.229654558095546
2020-05-08 00:00:00+00:00,-35.836944,-71.592777,160.0,open-meteo_ecmwf_ifs,daily,20.637,8.887,9.24,10.366166,1.6350274,84.57061,0.0,14.431174420736506,1.3886550334723462
2020-05-09 00:00:00+00:00,-35.836944,-71.592777,160.0,open-meteo_ecmwf_ifs,daily,18.137,8.587001,10.95,10.43075,1.6003827,86.83282,0.1,14.295929920631998,1.2559366585208656
2020-05-10 00:00:00+00:00,-35.836944,-71.592777,160.0,open-meteo_ecmwf_ifs,daily,16.837,10.887,7.55,10.91825,2.4940014,82.98292,0.3,14.163366735168976,1.227347613003589
2020-05-11 00:00:00+00:00,-35.836944,-71.592777,160.0,open-meteo_ecmwf_ifs,daily,16.087,6.287,12.63,6.5515823,3.1610978,77.02411,0.0,14.033523023263257,1.567197613332307
2020-05-12 00:00:00+00:00,-35.836944,-71.592777,160.0,open-meteo_ecmwf_ifs,daily,14.987,5.387,10.86,5.578667,1.8852344,84.01658,0.0,13.906435655522706,1.2531772422482064
2020-05-13 00:00:00+00:00,-35.836944,-71.592777,160.0,open-meteo_ecmwf_ifs,daily,18.237,2.837,12.98,4.4807496,2.5713637,78.42806,0.0,13.78214021991932,1.5700869733656144
2020-05-14 00:00:00+00:00,-35.836944,-71.592777,160.0,open-meteo_ecmwf_ifs,daily,19.387,4.137,11.85,6.1182494,2.5074608,78.333534,0.0,13.660671029232562,1.5481723095962394
2020-05-15 00:00:00+00:00,-35.836944,-71.592777,160.0,open-meteo_ecmwf_ifs,daily,23.187,11.287001,11.66,11.430749,3.7424614,76.81787,0.0,13.542061130200178,2.1851651689576066
2020-05-16 00:00:00+00:00,-35.836944,-71.592777,160.0,open-meteo_ecmwf_ifs,daily,21.237,11.187,11.36,12.289083,4.0903745,86.26269,0.0,13.42634231430724,1.7982285912282303
2020-05-17 00:00:00+00:00,-35.836944,-71.592777,160.0,open-meteo_ecmwf_ifs,daily,21.637,7.987,11.66,10.957833,2.001568,85.931206,0.0,13.313545130139206,1.390628670669475
2020-05-18 00:00:00+00:00,-35.836944,-71.592777,160.0,open-meteo_ecmwf_ifs,daily,16.286999,9.187,7.3,10.536999,1.8344458,88.174225,0.0,13.20369889721977,0.9568713485929765
2020-05-19 00:00:00+00:00,-35.836944,-71.592777,160.0,open-meteo_ecmwf_ifs,daily,16.637,9.587001,4.88,10.628667,2.8542643,89.14303,8.2,13.096831721249641,1.0136483159766494
2020-05-20 00:00:00+00:00,-35.836944,-71.592777,160.0,open-meteo_ecmwf_ifs,daily,14.487,9.887,9.14,10.195333,1.9875387,87.69436,28.900002,12.992970510657743,0.9648568750099109
2020-05-21 00:00:00+00:00,-35.836944,-71.592777,160.0,open-meteo_ecmwf_ifs,daily,14.937,4.237,11.5,5.6411667,1.7303303,82.1008,0.1,12.892140994372184,1.0582082893859976
2020-05-22 00:00:00+00:00,-35.836944,-71.592777,160.0,open-meteo_ecmwf_ifs,daily,14.187,-0.163,12.03,2.7120001,1.6910719,78.033745,0.0,12.794367740714254,0.969009833606398
2020-05-23 00:00:00+00:00,-35.836944,-71.592777,160.0,open-meteo_ecmwf_ifs,daily,16.087,0.287,11.32,3.2745,2.0605364,81.33688,0.0,12.6996741773149,1.1043392329710955
2020-05-24 00:00:00+00:00,-35.836944,-71.592777,160.0,open-meteo_ecmwf_ifs,daily,21.536999,3.887,11.05,8.26825,2.6693203,84.91482,0.0,12.608082611949897,1.3622122492911213
2020-05-25 00:00:00+00:00,-35.836944,-71.592777,160.0,open-meteo_ecmwf_ifs,daily,19.237,7.537,11.31,10.137,1.898107,87.96708,0.0,12.519614254186571,1.1433303171857563
2020-05-26 00:00:00+00:00,-35.836944,-71.592777,160.0,open-meteo_ecmwf_ifs,daily,17.737,4.837,10.48,8.3515835,1.3119756,89.44344,0.0,12.434289237732484,0.9260212756915329
2020-05-27 00:00:00+00:00,-35.836944,-71.592777,160.0,open-meteo_ecmwf_ifs,daily,13.237,7.537,5.68,9.478667,1.2816938,95.794,0.1,12.35212664337376,0.6394355804301763
2020-05-28 00:00:00+00:00,-35.836944,-71.592777,160.0,open-meteo_ecmwf_ifs,daily,14.737,7.487,4.35,8.428666,1.1602027,86.56308,0.1,12.273144522389142,0.7563588450697926
2020-05-29 00:00:00+00:00,-35.836944,-71.592777,160.0,open-meteo_ecmwf_ifs,daily,11.487,3.787,5.19,4.812,2.4206302,82.162056,3.6,12.197359920323983,0.8179519286272992
2020-05-30 00:00:00+00:00,-35.836944,-71.592777,160.0,open-meteo_ecmwf_ifs,daily,13.687,-1.263,11.07,0.9474167,2.0388389,80.72399,0.0,12.124788901007484,0.9834296670514262
2020-05-31 00:00:00+00:00,-35.836944,-71.592777,160.0,open-meteo_ecmwf_ifs,daily,14.737,2.287,7.99,4.891166,1.1368191,89.8057,0.0,12.055446570695743,0.775025603049681
2020-06-01 00:00:00+00:00,-35.836944,-71.592777,160.0,open-meteo_ecmwf_ifs,daily,15.387,3.837,8.04,6.407833,1.7124387,91.957855,0.0,11.989347102222935,0.8573615337132817
2020-06-02 00:00:00+00:00,-35.836944,-71.592777,160.0,open-meteo_ecmwf_ifs,daily,12.687,6.837,4.74,7.114083,1.668108,87.39017,0.0,11.92650375904341,0.7662518769002861
2020-06-03 00:00:00+00:00,-35.836944,-71.592777,160.0,open-meteo_ecmwf_ifs,daily,13.437,6.037,9.83,7.112,1.1553066,84.814156,0.90000004,11.866928919048165,0.76174924405979
2020-06-04 00:00:00+00:00,-35.836944,-71.592777,160.0,open-meteo_ecmwf_ifs,daily,14.237,2.837,9.11,5.562,1.5213822,84.82742,0.0,11.810634098040476,0.7732729504377844
2020-06-05 00:00:00+00:00,-35.836944,-71.592777,160.0,open-meteo_ecmwf_ifs,daily,13.437,3.087,10.2,4.6369996,1.4626231,82.96411,0.0,11.75762997275742,0.8012661698190011
2020-06-06 00:00:00+00:00,-35.836944,-71.592777,160.0,open-meteo_ecmwf_ifs,daily,13.637,2.437,6.82,4.984916,1.5091109,88.87342,0.0,11.707926403326189,0.7395123105803102
2020-06-07 00:00:00+00:00,-35.836944,-71.592777,160.0,open-meteo_ecmwf_ifs,daily,15.337001,5.037,8.45,6.114083,1.8145957,80.44984,0.0,11.66153245504724,0.9390676954009705
2020-06-08 00:00:00+00:00,-35.836944,-71.592777,160.0,open-meteo_ecmwf_ifs,daily,14.587001,7.737,7.16,7.162001,2.012132,83.169075,1.5000001,11.618456419399317,0.9916617110164974
2020-06-09 00:00:00+00:00,-35.836944,-71.592777,160.0,open-meteo_ecmwf_ifs,daily,13.287001,4.537,9.99,4.570333,1.9469624,74.75835,0.0,11.578705834165879,0.9339390970985868
2020-06-10 00:00:00+00:00,-35.836944,-71.592777,160.0,open-meteo_ecmwf_ifs,daily,13.137,2.387,9.58,2.4390833,1.0888535,76.047714,0.0,11.5422875025862,0.7700159634557754
2020-06-11 00:00:00+00:00,-35.836944,-71.592777,160.0,open-meteo_ecmwf_ifs,daily,10.087001,6.787,1.14,4.291167,5.8878627,73.960815,20.1,11.509207511439909,1.3589925704650503
2020-06-12 00:00:00+00:00,-35.836944,-71.592777,160.0,open-meteo_ecmwf_ifs,daily,10.687,6.887,4.05,7.0974164,3.0771713,87.52392,30.999998,11.479471247978719,0.6833357464362796
2020-06-13 00:00:00+00:00,-35.836944,-71.592777,160.0,open-meteo_ecmwf_ifs,daily,12.887,0.33699998,10.24,2.21825,2.4548576,79.959206,0.0,11.453083415625091,0.9192300689845323
2020-06-14 00:00:00+00:00,-35.836944,-71.592777,160.0,open-meteo_ecmwf_ifs,daily,9.887,-2.313,10.68,1.2474164,1.6696719,89.63003,0.0,11.43004804836379,0.5846593122298476
2020-06-15 00:00:00+00:00,-35.836944,-71.592777,160.0,open-meteo_ecmwf_ifs,daily,14.687,3.637,5.76,7.3494987,6.6437726,81.691154,1.9000001,11.410368523758924,0.8478229208043393
2020-06-16 00:00:00+00:00,-35.836944,-71.592777,160.0,open-meteo_ecmwf_ifs,daily,12.287001,11.137,1.49,9.40575,5.049007,86.0552,40.300007,11.394047574536021,0.9775121458694257
2020-06-17 00:00:00+00:00,-35.836944,-71.592777,160.0,open-meteo_ecmwf_ifs,daily,11.687,10.287001,1.33,8.853665,5.028028,85.96404,32.500004,11.381087298676103,0.9076442464225858
2020-06-18 00:00:00+00:00,-35.836944,-71.592777,160.0,open-meteo_ecmwf_ifs,daily,11.237,9.687,0.88,6.6432495,6.454001,77.97239,19.499998,11.37148916797629,1.4288181805945384
2020-06-19 00:00:00+00:00,-35.836944,-71.592777,160.0,open-meteo_ecmwf_ifs,daily,13.387,9.837001,4.9,9.228666,4.250903,87.75091,28.499998,11.365254035039278,0.9682971146671782
2020-06-20 00:00:00+00:00,-35.836944,-71.592777,160.0,open-meteo_ecmwf_ifs,daily,12.187,10.687,1.02,9.609918,4.9065914,89.50757,11.0,11.3623821386622,0.8314802984121603
2020-06-21 00:00:00+00:00,-35.836944,-71.592777,160.0,open-meteo_ecmwf_ifs,daily,12.787001,3.087,8.62,7.0974164,1.3641557,89.782524,3.6000001,11.362873107603551,0.541105974519757
2020-06-22 00:00:00+00:00,-35.836944,-71.592777,160.0,open-meteo_ecmwf_ifs,daily,10.437,9.037001,1.03,8.387,3.48108,90.86916,22.4,11.366725962715122,0.6294060383570718
2020-06-23 00:00:00+00:00,-35.836944,-71.592777,160.0,open-meteo_ecmwf_ifs,daily,10.887,7.587,2.51,7.3265834,3.6719763,90.47271,22.800001,11.373939117434425,0.7486126530190661
2020-06-24 00:00:00+00:00,-35.836944,-71.592777,160.0,open-meteo_ecmwf_ifs,daily,7.887,6.187,2.56,5.161999,4.61355,88.3078,15.299999,11.384510376641348,0.7208119385347325
2020-06-25 00:00:00+00:00,-35.836944,-71.592777,160.0,open-meteo_ecmwf_ifs,daily,10.737,2.437,7.41,3.1224165,2.6480663,77.56484,0.6,11.398436933891308,0.8438006292383843
2020-06-26 00:00:00+00:00,-35.836944,-71.592777,160.0,open-meteo_ecmwf_ifs,daily,9.387,2.987,2.42,4.557833,1.6510595,92.31818,2.8000002,11.415715367045248,0.5476246947407862
2020-06-27 00:00:00+00:00,-35.836944,-71.592777,160.0,open-meteo_ecmwf_ifs,daily,13.587001,7.087,5.81,6.114083,2.0908267,76.388695,1.0,11.43634163232524,0.9813683303748826
2020-06-28 00:00:00+00:00,-35.836944,-71.592777,160.0,open-meteo_ecmwf_ifs,daily,11.787001,8.437,0.88,8.116166,3.9698403,85.19321,39.300003,11.460311056832214,0.7942529854874032
2020-06-29 00:00:00+00:00,-35.836944,-71.592777,160.0,open-meteo_ecmwf_ifs,daily,11.687,8.237,1.72,7.4807496,6.204145,84.34301,49.100002,11.48761832957019,1.0297439972107008
2020-06-30 00:00:00+00:00,-35.836944,-71.592777,160.0,open-meteo_ecmwf_ifs,daily,14.437,8.337001,6.78,6.747417,3.381424,79.31934,7.7,11.518257491028905,1.3056448609169031
2020-07-01 00:00:00+00:00,-35.836944,-71.592777,160.0,open-meteo_ecmwf_ifs,daily,13.237,9.487,4.17,7.099499,3.055329,77.38285,7.9999995,11.5522219213839,1.187721229534383
2020-07-02 00:00:00+00:00,-35.836944,-71.592777,160.0,open-meteo_ecmwf_ifs,daily,12.487,3.787,9.63,5.980749,2.1960924,87.941216,0.0,11.58950432737986,0.7281830081392281
2020-07-03 00:00:00+00:00,-35.836944,-71.592777,160.0,open-meteo_ecmwf_ifs,daily,10.487,5.837,0.98,7.4411664,3.1280043,92.08322,18.400003,11.630096727969724,0.4763098376465064
2020-07-04 00:00:00+00:00,-35.836944,-71.592777,160.0,open-meteo_ecmwf_ifs,daily,11.437,6.387,6.29,7.1890836,2.4412408,88.628815,6.1,11.673990438787902,0.6930759683554257
2020-07-05 00:00:00+00:00,-35.836944,-71.592777,160.0,open-meteo_ecmwf_ifs,daily,11.887,6.887,7.47,5.539083,4.2799354,81.36533,8.5,11.721176055541726,1.2113700434522265
2020-07-06 00:00:00+00:00,-35.836944,-71.592777,160.0,open-meteo_ecmwf_ifs,daily,10.337001,3.037,7.7,4.5786657,1.6305453,86.70834,0.2,11.771643436410281,0.6497187406458004
2020-07-07 00:00:00+00:00,-35.836944,-71.592777,160.0,open-meteo_ecmwf_ifs,daily,12.987,2.937,7.39,4.5036664,3.0723429,80.85866,0.0,11.82538168354478,0.9685063812106433
2020-07-08 00:00:00+00:00,-35.836944,-71.592777,160.0,open-meteo_ecmwf_ifs,daily,11.587001,6.237,9.26,5.366167,3.8224602,78.92064,21.3,11.882379123768292,1.1115185627294157
2020-07-09 00:00:00+00:00,-35.836944,-71.592777,160.0,open-meteo_ecmwf_ifs,daily,12.237,4.237,4.86,3.395333,1.6120509,77.00962,0.5,11.942623288577053,0.9102561217136018
2020-07-10 00:00:00+00:00,-35.836944,-71.592777,160.0,open-meteo_ecmwf_ifs,daily,12.437,8.887,3.61,8.345334,4.4423976,88.077705,15.9000025,12.006100893548108,0.9460105566293396
2020-07-11 00:00:00+00:00,-35.836944,-71.592777,160.0,open-meteo_ecmwf_ifs,daily,9.237,3.337,3.47,5.2932496,1.7421798,92.4523,0.1,12.072797817261112,0.5152055797604735
2020-07-12 00:00:00+00:00,-35.836944,-71.592777,160.0,open-meteo_ecmwf_ifs,daily,14.037001,4.987,7.35,4.512,1.514588,76.10995,0.0,12.14269907984419,0.9676759088914351
2020-07-13 00:00:00+00:00,-35.836944,-71.592777,160.0,open-meteo_ecmwf_ifs,daily,15.187,5.287,10.55,6.8599167,2.4129713,87.98229,0.0,12.215788821255272,1.0355046820912859
2020-07-14 00:00:00+00:00,-35.836944,-71.592777,160.0,open-meteo_ecmwf_ifs,daily,15.887,2.637,10.85,5.912,2.0683284,91.085976,0.0,12.292050279411571,0.9624827134049758
2020-07-15 00:00:00+00:00,-35.836944,-71.592777,160.0,open-meteo_ecmwf_ifs,daily,14.887,3.837,10.67,6.7995,1.3273964,91.957855,0.0,12.37146576828051,0.8318104165070404
2020-07-16 00:00:00+00:00,-35.836944,-71.592777,160.0,open-meteo_ecmwf_ifs,daily,11.237,7.837,3.61,8.83075,2.3674052,94.815865,0.0,12.454016656045388,0.5558858153820448
2020-07-17 00:00:00+00:00,-35.836944,-71.592777,160.0,open-meteo_ecmwf_ifs,daily,12.237,8.687,1.96,8.353665,5.5125012,86.999886,14.7,12.53968334345895,0.9309148095960813
2020-07-18 00:00:00+00:00,-35.836944,-71.592777,160.0,open-meteo_ecmwf_ifs,daily,12.137,10.937,1.54,9.539084,6.2789674,88.045525,25.800001,12.62844524249709,0.960420989265905
2020-07-19 00:00:00+00:00,-35.836944,-71.592777,160.0,open-meteo_ecmwf_ifs,daily,13.037001,10.637,2.46,10.2786665,4.6283784,91.87565,42.199997,12.720280755423667,0.8033213314460306
2020-07-20 00:00:00+00:00,-35.836944,-71.592777,160.0,open-meteo_ecmwf_ifs,daily,11.987,9.237,3.54,9.2495,3.7526224,90.245674,21.6,12.815167254375902,0.7265177200049264
2020-07-21 00:00:00+00:00,-35.836944,-71.592777,160.0,open-meteo_ecmwf_ifs,daily,11.537001,8.787001,4.92,7.5869994,3.4601386,86.28112,24.200003,12.913081061577623,0.9722830799039416
2020-07-22 00:00:00+00:00,-35.836944,-71.592777,160.0,open-meteo_ecmwf_ifs,daily,12.987,3.787,11.19,3.2390833,1.4641181,72.26386,0.1,13.013997430285213,1.049711779112975
2020-07-23 00:00:00+00:00,-35.836944,-71.592777,160.0,open-meteo_ecmwf_ifs,daily,12.587001,0.787,10.36,1.8161668,1.1833546,78.373055,0.4,13.117890526568441,0.9150942761780513
2020-07-24 00:00:00+00:00,-35.836944,-71.592777,160.0,open-meteo_ecmwf_ifs,daily,12.187,3.187,11.71,4.1099167,1.3937464,82.13803,1.7,13.224733412025104,0.952571396185137
2020-07-25 00:00:00+00:00,-35.836944,-71.592777,160.0,open-meteo_ecmwf_ifs,daily,8.837001,2.087,4.13,1.5620002,0.9655404,77.91316,0.0,13.33449802752504,0.7119084458317148
2020-07-26 00:00:00+00:00,-35.836944,-71.592777,160.0,open-meteo_ecmwf_ifs,daily,10.137,5.787,1.72,4.1349163,2.3018746,77.373634,10.9,13.447155178075397,0.9262673165080354
2020-07-27 00:00:00+00:00,-35.836944,-71.592777,160.0,open-meteo_ecmwf_ifs,daily,12.887,3.737,13.0,3.6953332,3.2422407,76.18661,0.0,13.562674518894978,1.3723864096435383
2020-07-28 00:00:00+00:00,-35.836944,-71.592777,160.0,open-meteo_ecmwf_ifs,daily,11.287001,-2.413,13.53,0.39949998,2.6116714,82.54075,0.0,13.681024542781419,1.0644854491016242
2020-07-29 00:00:00+00:00,-35.836944,-71.592777,160.0,open-meteo_ecmwf_ifs,daily,9.937,-0.913,11.6,1.6619998,1.6267543,90.279175,0.0,13.80217256885041,0.864644733099541
2020-07-30 00:00:00+00:00,-35.836944,-71.592777,160.0,open-meteo_ecmwf_ifs,daily,10.187,1.837,3.15,4.195333,2.0522292,87.98078,0.0,13.926084732721655,0.6533088899550298
2020-07-31 00:00:00+00:00,-35.836944,-71.592777,160.0,open-meteo_ecmwf_ifs,daily,10.987,0.787,7.46,3.60575,1.1576315,83.10637,0.0,14.052725978221384,0.7621289676034894
2020-08-01 00:00:00+00:00,-35.836944,-71.592777,160.0,open-meteo_ecmwf_ifs,daily,12.087001,6.237,2.02,5.4286666,3.805064,77.27606,8.3,14.182060050666475,1.1490050510246137
2020-08-02 00:00:00+00:00,-35.836944,-71.592777,160.0,open-meteo_ecmwf_ifs,daily,16.337,4.337,12.99,6.834917,1.923349,76.17315,0.70000005,14.314049491790076,1.2706260196399997
2020-08-03 00:00:00+00:00,-35.836944,-71.592777,160.0,open-meteo_ecmwf_ifs,daily,13.437,6.337,9.28,8.264083,0.869631,93.49882,0.2,14.448655636363306,0.9256567158200378
2020-08-04 00:00:00+00:00,-35.836944,-71.592777,160.0,open-meteo_ecmwf_ifs,daily,17.237,4.087,12.7,7.564083,1.3353411,90.010826,0.0,14.585838610562854,1.2105235634208558
2020-08-05 00:00:00+00:00,-35.836944,-71.592777,160.0,open-meteo_ecmwf_ifs,daily,14.837001,9.737,9.81,9.826582,2.4497888,85.94598,14.999998,14.725557332128327,1.2152685422530118
2020-08-06 00:00:00+00:00,-35.836944,-71.592777,160.0,open-meteo_ecmwf_ifs,daily,13.537001,2.237,14.27,2.3370001,3.4403992,70.83697,0.0,14.86776951234833,1.637754558396213
2020-08-07 00:00:00+00:00,-35.836944,-71.592777,160.0,open-meteo_ecmwf_ifs,daily,13.637,0.33699998,12.46,3.4119997,2.359231,83.51605,0.0,15.012431659908554,1.2044705060874268
2020-08-08 00:00:00+00:00,-35.836944,-71.592777,160.0,open-meteo_ecmwf_ifs,daily,16.187,2.787,13.18,5.6057506,2.1488779,87.75303,0.0,15.159499086629802,1.3743656896384595
2020-08-09 00:00:00+00:00,-35.836944,-71.592777,160.0,open-meteo_ecmwf_ifs,daily,13.987,6.687,8.09,7.5224175,2.4889445,89.07462,1.8000001,15.308925915118435,1.149246589355575
2020-08-10 00:00:00+00:00,-35.836944,-71.592777,160.0,open-meteo_ecmwf_ifs,daily,11.187,5.437,11.81,4.70575,3.8651564,78.7247,0.1,15.46066508834616,1.4086062510136
2020-08-11 00:00:00+00:00,-35.836944,-71.592777,160.0,open-meteo_ecmwf_ifs,daily,12.037001,0.33699998,15.1,-0.4463334,4.798096,65.870445,0.0,15.614668381170647,1.9098657679952278
2020-08-12 00:00:00+00:00,-35.836944,-71.592777,160.0,open-meteo_ecmwf_ifs,daily,13.587001,-0.41300002,13.78,2.0015836,1.7585902,84.84116,0.0,15.770886413803119,1.3102705111100343
2020-08-13 00:00:00+00:00,-35.836944,-71.592777,160.0,open-meteo_ecmwf_ifs,daily,12.287001,2.087,12.01,3.9828331,1.7719554,85.64416,0.0,15.929268667223642,1.1874148793298167
2020-08-14 00:00:00+00:00,-35.836944,-71.592777,160.0,open-meteo_ecmwf_ifs,daily,12.587001,6.787,12.56,4.937,1.8710202,76.2365,7.2,16.08976350053918,1.4829745507212668
2020-08-15 00:00:00+00:00,-35.836944,-71.592777,160.0,open-meteo_ecmwf_ifs,daily,13.237,1.387,15.61,0.42450002,4.0029426,64.00044,0.0,16.25231817027478,1.991975492553669
2020-08-16 00:00:00+00:00,-35.836944,-71.592777,160.0,open-meteo_ecmwf_ifs,daily,13.187,1.637,13.6,0.36616668,3.9704196,67.08384,0.0,16.416878851582346,1.972307472175303
2020-08-17 00:00:00+00:00,-35.836944,-71.592777,160.0,open-meteo_ecmwf_ifs,daily,13.187,-0.563,15.68,2.9869998,2.1629736,84.71563,0.0,16.583390661346712,1.3656427660326214
2020-08-18 00:00:00+00:00,-35.836944,-71.592777,160.0,open-meteo_ecmwf_ifs,daily,11.437,2.837,7.37,4.8765836,1.3415442,87.85204,0.0,16.751797683163634,0.9360419788094931
2020-08-19 00:00:00+00:00,-35.836944,-71.592777,160.0,open-meteo_ecmwf_ifs,daily,14.637,1.637,16.22,3.537,2.572158,79.06402,0.0,16.922042994158836,1.6785283245600215
2020-08-20 00:00:00+00:00,-35.836944,-71.592777,160.0,open-meteo_ecmwf_ifs,daily,16.036999,-3.213,16.63,1.1745001,1.6923615,80.180595,0.0,17.094068693613192,1.5480013526475176
2020-08-21 00:00:00+00:00,-35.836944,-71.592777,160.0,open-meteo_ecmwf_ifs,daily,16.286999,2.337,15.03,5.520333,0.9388934,78.74934,0.0,17.267815933353358,1.4938108426852712
2020-08-22 00:00:00+00:00,-35.836944,-71.592777,160.0,open-meteo_ecmwf_ifs,daily,17.887,2.587,14.78,7.00575,1.7472667,82.79819,0.0,17.443224949863264,1.5829086185182968
2020-08-23 00:00:00+00:00,-35.836944,-71.592777,160.0,open-meteo_ecmwf_ifs,daily,15.137,8.737,9.48,6.724499,5.4274197,75.643745,0.2,17.620235098066914,2.1355842625158092
2020-08-24 00:00:00+00:00,-35.836944,-71.592777,160.0,open-meteo_ecmwf_ifs,daily,15.737,8.787001,8.86,4.639083,5.491736,63.41418,2.9,17.798784886728537,2.657064856014502
2020-08-25 00:00:00+00:00,-35.836944,-71.592777,160.0,open-meteo_ecmwf_ifs,daily,11.587001,9.087001,4.17,7.120333,5.361627,80.07768,19.699997,17.978812015411947,1.3528245573005402
2020-08-26 00:00:00+00:00,-35.836944,-71.592777,160.0,open-meteo_ecmwf_ifs,daily,11.037001,8.237,3.9,6.3161664,5.4132457,80.49824,15.400001,18.160253412936882,1.3383259409839716
2020-08-27 00:00:00+00:00,-35.836944,-71.592777,160.0,open-meteo_ecmwf_ifs,daily,12.087001,5.037,10.9,5.559916,1.9793271,82.44337,0.5,18.343045277265734,1.3409349519026115
2020-08-28 00:00:00+00:00,-35.836944,-71.592777,160.0,open-meteo_ecmwf_ifs,daily,10.187,6.287,3.19,5.4995,2.9879873,79.8078,13.3,18.527123116750868,0.9729850813402554
2020-08-29 00:00:00+00:00,-35.836944,-71.592777,160.0,open-meteo_ecmwf_ifs,daily,12.737,7.737,12.7,5.2015824,3.5790217,74.44916,3.6999998,18.712421792668362,1.9547005604810106
2020-08-30 00:00:00+00:00,-35.836944,-71.592777,160.0,open-meteo_ecmwf_ifs,daily,14.587001,-0.813,18.54,1.1661667,3.3798354,72.14819,0.0,18.89887556296114,2.0347795170608376
2020-08-31 00:00:00+00:00,-35.836944,-71.592777,160.0,open-meteo_ecmwf_ifs,daily,15.437,2.087,16.75,4.7474165,1.7810494,86.31245,0.0,19.08641812711091,1.7899460186968503
2020-09-01 00:00:00+00:00,-35.836944,-71.592777,160.0,open-meteo_ecmwf_ifs,daily,14.237,5.237,10.9,6.659916,1.3398067,86.14014,0.1,19.274982672055003,1.4079066890247909
2020-09-02 00:00:00+00:00,-35.836944,-71.592777,160.0,open-meteo_ecmwf_ifs,daily,15.137,4.487,16.31,6.314083,2.1235683,80.485466,0.0,19.46450191906196,1.8386924597845293
2020-09-03 00:00:00+00:00,-35.836944,-71.592777,160.0,open-meteo_ecmwf_ifs,daily,14.537001,5.587,15.58,5.95575,1.7852402,82.365425,0.0,19.65490817147627,1.8556474974984383
2020-09-04 00:00:00+00:00,-35.836944,-71.592777,160.0,open-meteo_ecmwf_ifs,daily,14.937,4.337,12.95,5.303667,1.9460946,80.317825,0.0,19.846133363240856,1.7166545826673423
2020-09-05 00:00:00+00:00,-35.836944,-71.592777,160.0,open-meteo_ecmwf_ifs,daily,14.037001,7.487,10.04,6.741167,2.5352936,80.043884,2.0,20.038109108103324,1.6446249912796582
2020-09-06 00:00:00+00:00,-35.836944,-71.592777,160.0,open-meteo_ecmwf_ifs,daily,17.987,1.887,19.67,5.2286673,1.9509579,78.33066,0.0,20.230766749409973,2.1986212527655447
2020-09-07 00:00:00+00:00,-35.836944,-71.592777,160.0,open-meteo_ecmwf_ifs,daily,14.587001,4.387,12.6,7.818249,1.4054884,87.13828,0.0,20.42403741039023,1.4594493205822943
2020-09-08 00:00:00+00:00,-35.836944,-71.592777,160.0,open-meteo_ecmwf_ifs,daily,11.137,6.887,3.44,7.3599167,3.03718,88.71339,3.7,20.617852044831974,0.8559725186175957
2020-09-09 00:00:00+00:00,-35.836944,-71.592777,160.0,open-meteo_ecmwf_ifs,daily,18.036999,8.387,16.25,8.451585,2.3698177,79.21255,4.7,20.812141488047793,2.324802910865125
2020-09-10 00:00:00+00:00,-35.836944,-71.592777,160.0,open-meteo_ecmwf_ifs,daily,15.637,7.037,9.71,8.524499,2.3465605,86.83239,0.8,21.006836508030535,1.5143861648111627
2020-09-11 00:00:00+00:00,-35.836944,-71.592777,160.0,open-meteo_ecmwf_ifs,daily,15.037001,2.737,20.74,4.8703327,3.8172114,79.22613,0.0,21.201867856696047,2.2592865587356545
2020-09-12 00:00:00+00:00,-35.836944,-71.592777,160.0,open-meteo_ecmwf_ifs,daily,16.036999,1.937,20.79,4.134917,3.9790096,76.64069,0.0,21.397166321110888,2.4168288063247085
2020-09-13 00:00:00+00:00,-35.836944,-71.592777,160.0,open-meteo_ecmwf_ifs,daily,17.237,2.437,21.31,4.6953335,3.911646,76.54214,0.0,21.592662774601905,2.579263188887649
2020-09-14 00:00:00+00:00,-35.836944,-71.592777,160.0,open-meteo_ecmwf_ifs,daily,17.637,-0.163,21.41,4.0245004,1.9642102,79.26313,0.0,21.788288227645342,2.3265472523734227
2020-09-15 00:00:00+00:00,-35.836944,-71.592777,160.0,open-meteo_ecmwf_ifs,daily,15.587001,5.487,16.06,7.672417,2.6329544,83.15361,0.0,21.983973878433254,1.9612514104372925
2020-09-16 00:00:00+00:00,-35.836944,-71.592777,160.0,open-meteo_ecmwf_ifs,daily,18.737,7.987,19.26,9.6495,2.5637393,84.95722,1.4,22.179651163015407,2.5374141026329666
2020-09-17 00:00:00+00:00,-35.836944,-71.592777,160.0,open-meteo_ecmwf_ifs,daily,19.286999,6.137,21.01,9.376582,3.355889,83.20951,0.0,22.375251804916545,2.5851305867085657
2020-09-18 00:00:00+00:00,-35.836944,-71.592777,160.0,open-meteo_ecmwf_ifs,daily,18.337,5.437,21.5,6.716166,4.6567974,75.310905,0.0,22.570707864129012,2.9174545663931477
2020-09-19 00:00:00+00:00,-35.836944,-71.592777,160.0,open-meteo_ecmwf_ifs,daily,21.737,1.137,22.65,4.322417,3.27814,68.874245,0.0,22.765951785383514,3.1020576234616675
2020-09-20 00:00:00+00:00,-35.836944,-71.592777,160.0,open-meteo_ecmwf_ifs,daily,20.337,2.837,21.45,7.2745,1.2230792,80.46844,0.0,22.96091644560152,2.589126578634781
2020-09-21 00:00:00+00:00,-35.836944,-71.592777,160.0,open-meteo_ecmwf_ifs,daily,20.887,6.637,18.55,9.722417,1.4760135,83.094315,0.0,23.155535200435406,2.5409734317957215
2020-09-22 00:00:00+00:00,-35.836944,-71.592777,160.0,open-meteo_ecmwf_ifs,daily,18.237,6.587,16.75,8.926582,2.4312391,82.71381,0.0,23.349741929804907,2.295109075533906
2020-09-23 00:00:00+00:00,-35.836944,-71.592777,160.0,open-meteo_ecmwf_ifs,daily,21.637,4.887,21.65,8.249499,2.5625675,79.74561,0.0,23.54347108234053,2.9536647936586196
2020-09-24 00:00:00+00:00,-35.836944,-71.592777,160.0,open-meteo_ecmwf_ifs,daily,21.837,6.137,21.48,8.697416,1.5098296,80.168594,0.0,23.736657718648118,2.939778512929912
2020-09-25 00:00:00+00:00,-35.836944,-71.592777,160.0,open-meteo_ecmwf_ifs,daily,18.286999,8.187,8.97,8.137,3.2823858,81.53576,0.2,23.9292375533114,2.0985139996850273
2020-09-26 00:00:00+00:00,-35.836944,-71.592777,160.0,open-meteo_ecmwf_ifs,daily,14.237,9.037001,9.3,6.9995,1.1929252,77.512474,1.3000002,24.12114699555297,1.6550428949179483
2020-09-27 00:00:00+00:00,-35.836944,-71.592777,160.0,open-meteo_ecmwf_ifs,daily,18.887,4.587,23.43,6.28075,2.3871777,74.766815,0.0,24.312323188477965,3.020535286225082
2020-09-28 00:00:00+00:00,-35.836944,-71.592777,160.0,open-meteo_ecmwf_ifs,daily,19.187,3.437,20.73,6.3453326,2.396346,75.35263,0.0,24.50270404682809,2.735404982440648
2020-09-29 00:00:00+00:00,-35.836944,-71.592777,160.0,open-meteo_ecmwf_ifs,daily,14.087001,6.737,10.54,6.159916,4.3190203,75.00396,0.0,24.692228293178324,1.9890996412888715
2020-09-30 00:00:00+00:00,-35.836944,-71.592777,160.0,open-meteo_ecmwf_ifs,daily,13.687,7.937,11.61,5.36825,2.7812147,73.552086,12.4,24.88083549251271,2.131626743825206
2020-10-01 00:00:00+00:00,-35.836944,-71.592777,160.0,open-meteo_ecmwf_ifs,daily,14.987,3.137,21.58,2.312,2.886546,66.98868,0.0,25.068466085119876,2.838314828021388
2020-10-02 00:00:00+00:00,-35.836944,-71.592777,160.0,open-meteo_ecmwf_ifs,daily,16.036999,0.237,23.57,2.9161665,1.9064409,72.377304,0.0,25.255061417754384,2.6805993466469533
2020-10-03 00:00:00+00:00,-35.836944,-71.592777,160.0,open-meteo_ecmwf_ifs,daily,14.787001,3.587,19.37,3.7682498,1.6682142,72.260414,0.2,25.440563773014023,2.474793351852066
2020-10-04 00:00:00+00:00,-35.836944,-71.592777,160.0,open-meteo_ecmwf_ifs,daily,16.637,2.537,24.37,3.3286664,2.896713,69.42994,0.2,25.62491639688897,3.0611232798016785
2020-10-05 00:00:00+00:00,-35.836944,-71.592777,160.0,open-meteo_ecmwf_ifs,daily,17.487,0.937,24.73,3.8474169,2.0649657,71.566864,0.0,25.808063524443565,2.922882183120777
2020-10-06 00:00:00+00:00,-35.836944,-71.592777,160.0,open-meteo_ecmwf_ifs,daily,19.036999,4.537,25.0,5.172417,3.0354064,69.945915,0.0,25.989950403596584,3.431889168594104
2020-10-07 00:00:00+00:00,-35.836944,-71.592777,160.0,open-meteo_ecmwf_ifs,daily,19.087,4.387,26.0,4.7036657,3.9199274,68.04136,0.0,26.170523316972158,3.6461138594804545
2020-10-08 00:00:00+00:00,-35.836944,-71.592777,160.0,open-meteo_ecmwf_ifs,daily,19.137,3.737,20.5,4.372416,3.2717962,65.52701,0.0,26.349729601797833,3.1602276303894787
2020-10-09 00:00:00+00:00,-35.836944,-71.592777,160.0,open-meteo_ecmwf_ifs,daily,24.137,5.937,25.89,6.712,3.551943,66.88499,0.0,26.527517667833077,4.225247728135574
2020-10-10 00:00:00+00:00,-35.836944,-71.592777,160.0,open-meteo_ecmwf_ifs,daily,19.737,8.237,26.16,6.0036664,4.896288,63.314987,0.0,26.70383701331636,4.257588017173914
2020-10-11 00:00:00+00:00,-35.836944,-71.592777,160.0,open-meteo_ecmwf_ifs,daily,24.887,4.437,26.35,6.0807495,3.1918786,67.201225,0.0,26.87863823892507,4.198173510384701
2020-10-12 00:00:00+00:00,-35.836944,-71.592777,160.0,open-meteo_ecmwf_ifs,daily,26.137,6.637,25.43,8.962001,2.5372818,69.23806,0.0,27.05187305974812,4.110203365790273
2020-10-13 00:00:00+00:00,-35.836944,-71.592777,160.0,open-meteo_ecmwf_ifs,daily,24.837,8.487,23.57,9.476583,2.320147,71.53931,0.0,27.22349431527694,3.914970222834687
2020-10-14 00:00:00+00:00,-35.836944,-71.592777,160.0,open-meteo_ecmwf_ifs,daily,21.036999,9.637,18.18,10.489083,3.0482464,75.228065,0.1,27.393455977426083,3.085405602050158
2020-10-15 00:00:00+00:00,-35.836944,-71.592777,160.0,open-meteo_ecmwf_ifs,daily,26.087,10.087001,26.2,12.451584,1.6134003,76.93652,0.0,27.56171315660053,4.143499415115008
2020-10-16 00:00:00+00:00,-35.836944,-71.592777,160.0,open-meteo_ecmwf_ifs,daily,22.637,11.837001,20.08,12.541167,3.3256176,76.576546,0.0,27.728222105832216,3.4741120962273966
2020-10-17 00:00:00+00:00,-35.836944,-71.592777,160.0,open-meteo_ecmwf_ifs,daily,24.337,7.837,24.89,10.4495,1.9120358,76.88685,0.0,27.892940223013973,3.824447442166901
2020-10-18 00:00:00+00:00,-35.836944,-71.592777,160.0,open-meteo_ecmwf_ifs,daily,21.337,7.137,26.2,7.5224166,2.9262857,68.429115,0.0,28.05582605126422,3.9546772446924066
2020-10-19 00:00:00+00:00,-35.836944,-71.592777,160.0,open-meteo_ecmwf_ifs,daily,22.087,6.837,27.48,4.412,3.5540006,57.381214,0.0,28.216839277461407,4.586656191560514
2020-10-20 00:00:00+00:00,-35.836944,-71.592777,160.0,open-meteo_ecmwf_ifs,daily,24.587,8.237,27.85,6.2974167,3.497919,56.687626,0.6,28.375940728991957,4.913134091456164
2020-10-21 00:00:00+00:00,-35.836944,-71.592777,160.0,open-meteo_ecmwf_ifs,daily,23.237,6.187,27.43,7.312,1.8829488,65.26031,0.0,28.533092368760503,4.0809204343381955
2020-10-22 00:00:00+00:00,-35.836944,-71.592777,160.0,open-meteo_ecmwf_ifs,daily,25.036999,6.837,27.64,8.20575,1.845075,66.64452,0.0,28.68825728851618,4.277024049162342
2020-10-23 00:00:00+00:00,-35.836944,-71.592777,160.0,open-meteo_ecmwf_ifs,daily,24.937,6.787,27.65,8.472417,2.2722142,66.61642,0.0,28.841399700552966,4.326130942029292
2020-10-24 00:00:00+00:00,-35.836944,-71.592777,160.0,open-meteo_ecmwf_ifs,daily,22.387,6.237,27.41,6.3995,2.8390696,63.634155,0.0,28.992484927846448,4.245840546206771
2020-10-25 00:00:00+00:00,-35.836944,-71.592777,160.0,open-meteo_ecmwf_ifs,daily,20.337,8.787001,25.87,5.897417,3.882106,65.361855,2.2,29.141479392693817,4.413415008506695
2020-10-26 00:00:00+00:00,-35.836944,-71.592777,160.0,open-meteo_ecmwf_ifs,daily,21.587,5.437,26.16,4.9849167,3.1366322,59.981247,0.0,29.288350603926748,4.158599806274269
2020-10-27 00:00:00+00:00,-35.836944,-71.592777,160.0,open-meteo_ecmwf_ifs,daily,16.437,9.437,7.6,7.3286667,2.8138218,73.81637,9.5,29.43306714277166,2.0750963710571075
2020-10-28 00:00:00+00:00,-35.836944,-71.592777,160.0,open-meteo_ecmwf_ifs,daily,19.837,8.187,29.16,5.3099165,3.4048917,61.75677,0.0,29.575598647433523,4.562168646102077
2020-10-29 00:00:00+00:00,-35.836944,-71.592777,160.0,open-meteo_ecmwf_ifs,daily,24.637,3.787,28.79,6.1828327,2.5858357,67.206566,0.0,29.715915796483646,4.370250896867961
2020-10-30 00:00:00+00:00,-35.836944,-71.592777,160.0,open-meteo_ecmwf_ifs,daily,27.837,9.037001,28.87,10.6224165,1.4755617,66.26652,0.0,29.85399029113328,4.733079526436374
2020-10-31 00:00:00+00:00,-35.836944,-71.592777,160.0,open-meteo_ecmwf_ifs,daily,27.687,10.237,28.71,12.378666,1.5066409,69.151436,0.0,29.989794836477756,4.740991838874496
2020-11-01 00:00:00+00:00,-35.836944,-71.592777,160.0,open-meteo_ecmwf_ifs,daily,25.387,9.687,28.64,10.857834,1.7975864,67.87821,0.0,30.12330312179743,4.6066766150952505
2020-11-02 00:00:00+00:00,-35.836944,-71.592777,160.0,open-meteo_ecmwf_ifs,daily,24.987,8.387,25.67,10.889084,1.7114797,73.7704,0.0,30.254489800003043,4.103797711157342
2020-11-03 00:00:00+00:00,-35.836944,-71.592777,160.0,open-meteo_ecmwf_ifs,daily,27.087,9.087001,26.78,11.024499,2.0051067,72.04447,0.0,30.38333046631457,4.541879843014307
2020-11-04 00:00:00+00:00,-35.836944,-71.592777,160.0,open-meteo_ecmwf_ifs,daily,23.637,8.987,23.67,8.280749,3.6466923,61.318974,0.0,30.50980163626273,4.401143172305875
2020-11-05 00:00:00+00:00,-35.836944,-71.592777,160.0,open-meteo_ecmwf_ifs,daily,25.337,7.537,31.05,2.9057503,4.974232,45.311234,0.0,30.633880723103214,6.103863399130433
2020-11-06 00:00:00+00:00,-35.836944,-71.592777,160.0,open-meteo_ecmwf_ifs,daily,25.337,6.687,28.13,7.7349167,2.4121451,65.26112,0.0,30.755546014733294,4.610038792072581
2020-11-07 00:00:00+00:00,-35.836944,-71.592777,160.0,open-meteo_ecmwf_ifs,daily,28.887,10.187,29.97,10.207834,2.4805472,63.045578,0.0,30.874776650199806,5.416238184509695
2020-11-08 00:00:00+00:00,-35.836944,-71.592777,160.0,open-meteo_ecmwf_ifs,daily,26.587,10.287001,28.53,10.4661665,2.4061897,63.582645,0.0,30.99155259588731,4.972246748725944
2020-11-09 00:00:00+00:00,-35.836944,-71.592777,160.0,open-meteo_ecmwf_ifs,daily,27.937,9.737,29.8,9.395333,2.9097812,60.546207,0.0,31.10585462147317,5.426641271175925
2020-11-10 00:00:00+00:00,-35.836944,-71.592777,160.0,open-meteo_ecmwf_ifs,daily,27.937,10.837001,29.29,10.882834,2.3060641,64.8221,0.0,31.217664275735075,5.229233400166446
2020-11-11 00:00:00+00:00,-35.836944,-71.592777,160.0,open-meteo_ecmwf_ifs,daily,24.587,10.787001,26.85,10.75575,1.9789109,68.62943,0.0,31.326963862294868,4.539929346305066
2020-11-12 00:00:00+00:00,-35.836944,-71.592777,160.0,open-meteo_ecmwf_ifs,daily,26.937,11.037001,27.09,10.945333,2.2608578,66.59749,0.0,31.433736415379403,4.887002130193268
2020-11-13 00:00:00+00:00,-35.836944,-71.592777,160.0,open-meteo_ecmwf_ifs,daily,21.937,12.837001,16.09,9.330749,3.5400631,62.62595,0.1,31.53796567567732,3.8247436824624046
2020-11-14 00:00:00+00:00,-35.836944,-71.592777,160.0,open-meteo_ecmwf_ifs,daily,23.487,10.787001,30.7,6.5036664,3.9600132,55.27271,0.0,31.63963606636697,5.65580266317304
2020-11-15 00:00:00+00:00,-35.836944,-71.592777,160.0,open-meteo_ecmwf_ifs,daily,25.687,7.387,31.63,5.9161663,2.4465563,54.268627,0.0,31.73873266938796,5.292601580408513
2020-11-16 00:00:00+00:00,-35.836944,-71.592777,160.0,open-meteo_ecmwf_ifs,daily,28.087,9.887,31.63,8.159917,2.034332,56.71678,0.0,31.835241202024843,5.55911919832017
2020-11-17 00:00:00+00:00,-35.836944,-71.592777,160.0,open-meteo_ecmwf_ifs,daily,26.487,9.987,29.57,9.530751,2.807724,58.714596,0.0,31.929147993867833,5.263258767445779
2020-11-18 00:00:00+00:00,-35.836944,-71.592777,160.0,open-meteo_ecmwf_ifs,daily,26.587,10.087001,30.01,10.770333,1.947296,67.49146,0.0,32.02043996421136,5.069780033529901
2020-11-19 00:00:00+00:00,-35.836944,-71.592777,160.0,open-meteo_ecmwf_ifs,daily,25.887,11.287001,24.8,10.61825,2.7175815,60.709576,0.0,32.109104599947145,4.703703669758359
2020-11-20 00:00:00+00:00,-35.836944,-71.592777,160.0,open-meteo_ecmwf_ifs,daily,22.036999,13.337001,21.94,7.9453335,2.904114,58.493496,0.1,32.19512993400374,4.537347031008108
2020-11-21 00:00:00+00:00,-35.836944,-71.592777,160.0,open-meteo_ecmwf_ifs,daily,24.286999,9.787001,31.71,6.7119985,1.6751357,56.1848,0.0,32.27850452438036,5.191808689956808
2020-11-22 00:00:00+00:00,-35.836944,-71.592777,160.0,open-meteo_ecmwf_ifs,daily,27.887,8.937,32.1,7.151583,3.1486628,54.25115,0.0,32.359217433818074,5.917146121472702
2020-11-23 00:00:00+00:00,-35.836944,-71.592777,160.0,open-meteo_ecmwf_ifs,daily,27.487,11.687,30.82,8.772417,3.5520217,54.48901,0.0,32.43725821014636,6.053990055497265
2020-11-24 00:00:00+00:00,-35.836944,-71.592777,160.0,open-meteo_ecmwf_ifs,daily,25.237,9.987,30.55,7.1245,3.291401,54.36266,0.3,32.512616867339005,5.598963148922079
2020-11-25 00:00:00+00:00,-35.836944,-71.592777,160.0,open-meteo_ecmwf_ifs,daily,26.036999,10.537001,31.8,7.614083,4.510815,57.221878,0.0,32.585283867307936,6.140849844180667
2020-11-26 00:00:00+00:00,-35.836944,-71.592777,160.0,open-meteo_ecmwf_ifs,daily,30.036999,10.037001,33.38,2.0745003,5.1972995,36.80141,0.0,32.65525010245945,7.761528331917008
2020-11-27 00:00:00+00:00,-35.836944,-71.592777,160.0,open-meteo_ecmwf_ifs,daily,28.737,9.787001,32.48,5.8619995,3.186113,46.849827,0.0,32.72250687903234,6.327907978667412
2020-11-28 00:00:00+00:00,-35.836944,-71.592777,160.0,open-meteo_ecmwf_ifs,daily,27.187,9.887,32.4,8.3932495,3.0414991,58.767017,0.0,32.78704590123314,5.860167102124211
2020-11-29 00:00:00+00:00,-35.836944,-71.592777,160.0,open-meteo_ecmwf_ifs,daily,28.737,11.687,32.57,7.3432484,4.7865634,53.815426,0.0,32.84885925617958,6.9859068410321985
2020-11-30 00:00:00+00:00,-35.836944,-71.592777,160.0,open-meteo_ecmwf_ifs,daily,30.536999,8.837001,33.07,5.5432496,3.619095,45.173313,0.0,32.90793939965878,6.694555436959893
2020-12-01 00:00:00+00:00,-35.836944,-71.592777,160.0,open-meteo_ecmwf_ifs,daily,27.837,10.087001,28.42,7.2744994,2.8942978,51.49886,0.0,32.96427914270347,5.62197927975141
2020-12-02 00:00:00+00:00,-35.836944,-71.592777,160.0,open-meteo_ecmwf_ifs,daily,27.536999,9.887,32.67,6.3120003,2.7973344,49.657337,0.0,33.01787163898522,6.061605678533479
2020-12-03 00:00:00+00:00,-35.836944,-71.592777,160.0,open-meteo_ecmwf_ifs,daily,27.337,10.787001,33.11,3.9411662,5.1940665,43.227917,0.0,33.068710373021005,7.228700901768396
2020-12-04 00:00:00+00:00,-35.836944,-71.592777,160.0,open-meteo_ecmwf_ifs,daily,30.837,9.037001,33.21,5.703666,2.6482894,45.646957,0.0,33.116789149185855,6.393074998092039
2020-12-05 00:00:00+00:00,-35.836944,-71.592777,160.0,open-meteo_ecmwf_ifs,daily,31.286999,12.187,33.0,7.764084,2.062299,43.348858,0.0,33.162102081522,6.382516177978746
2020-12-06 00:00:00+00:00,-35.836944,-71.592777,160.0,open-meteo_ecmwf_ifs,daily,32.237,11.887,33.05,8.416167,1.9111127,45.244053,0.0,33.204643584332416,6.352792612142831
2020-12-07 00:00:00+00:00,-35.836944,-71.592777,160.0,open-meteo_ecmwf_ifs,daily,30.437,12.287001,32.99,8.926584,2.686736,49.863026,0.0,33.244408363544906,6.511883816045119
2020-12-08 00:00:00+00:00,-35.836944,-71.592777,160.0,open-meteo_ecmwf_ifs,daily,28.837,10.137,33.36,7.0807495,3.4936855,51.352505,0.0,33.281391408830864,6.5054970978144935
2020-12-09 00:00:00+00:00,-35.836944,-71.592777,160.0,open-meteo_ecmwf_ifs,daily,31.987,11.587001,34.07,5.768249,3.4651287,43.27769,0.0,33.315587986462276,7.311378666841115
2020-12-10 00:00:00+00:00,-35.836944,-71.592777,160.0,open-meteo_ecmwf_ifs,daily,24.687,11.287001,27.02,6.322417,3.2480805,47.808453,0.1,33.346993632888996,5.462310144426255
2020-12-11 00:00:00+00:00,-35.836944,-71.592777,160.0,open-meteo_ecmwf_ifs,daily,26.587,10.487,33.59,4.7203326,4.230227,47.26488,0.0,33.37560414901852,6.731968825505475
2020-12-12 00:00:00+00:00,-35.836944,-71.592777,160.0,open-meteo_ecmwf_ifs,daily,24.237,10.387,18.78,7.9869995,3.5479348,60.13686,1.1,33.40141559518009,4.334467770195305
2020-12-13 00:00:00+00:00,-35.836944,-71.592777,160.0,open-meteo_ecmwf_ifs,daily,27.937,11.487,34.26,6.987001,4.504564,57.14229,0.0,33.4244242867552,6.983726172441023
2020-12-14 00:00:00+00:00,-35.836944,-71.592777,160.0,open-meteo_ecmwf_ifs,daily,26.337,9.787001,32.61,5.6140823,4.920349,46.696384,0.0,33.44462679045766,6.566598765581504
2020-12-15 00:00:00+00:00,-35.836944,-71.592777,160.0,open-meteo_ecmwf_ifs,daily,28.487,10.337001,34.22,6.1453347,4.619704,53.282314,0.0,33.462019921246785,7.02109104659538
2020-12-16 00:00:00+00:00,-35.836944,-71.592777,160.0,open-meteo_ecmwf_ifs,daily,31.237,8.687,33.93,6.193249,2.6799042,49.065998,0.0,33.4766007398591,6.483045718307536
2020-12-17 00:00:00+00:00,-35.836944,-71.592777,160.0,open-meteo_ecmwf_ifs,daily,31.286999,12.737,33.1,7.9807506,2.257671,45.422764,0.0,33.48836655094511,6.558173513304178
2020-12-18 00:00:00+00:00,-35.836944,-71.592777,160.0,open-meteo_ecmwf_ifs,daily,22.187,11.937,23.2,7.616167,4.5965977,57.14061,6.4,33.49731490179994,4.993151664440593
2020-12-19 00:00:00+00:00,-35.836944,-71.592777,160.0,open-meteo_ecmwf_ifs,daily,24.487,10.937,26.76,9.087,2.710968,66.039925,0.4,33.50344358167798,4.938633292566126
2020-12-20 00:00:00+00:00,-35.836944,-71.592777,160.0,open-meteo_ecmwf_ifs,daily,28.087,10.487,33.74,6.4203334,3.6179209,50.15773,0.0,33.506750621684745,6.608044017343872
2020-12-21 00:00:00+00:00,-35.836944,-71.592777,160.0,open-meteo_ecmwf_ifs,daily,31.887,9.687,33.63,8.126583,2.6476607,52.390827,0.0,33.507234295240764,6.503947874903154
2020-12-22 00:00:00+00:00,-35.836944,-71.592777,160.0,open-meteo_ecmwf_ifs,daily,32.637,11.937,33.57,9.803666,2.940444,52.37767,0.0,33.504893119115,6.851303205744745
2020-12-23 00:00:00+00:00,-35.836944,-71.592777,160.0,open-meteo_ecmwf_ifs,daily,30.237,11.437,33.78,9.151584,3.3181727,52.015156,0.0,33.49972585502786,6.679822139827694
2020-12-24 00:00:00+00:00,-35.836944,-71.592777,160.0,open-meteo_ecmwf_ifs,daily,31.337,12.937,33.95,7.8161674,3.7922611,45.627728,0.0,33.491731511826,7.373711462908827
2020-12-25 00:00:00+00:00,-35.836944,-71.592777,160.0,open-meteo_ecmwf_ifs,daily,33.387,12.637,33.93,7.9682503,3.6086752,45.447712,0.0,33.480909348233986,7.523909011617654
2020-12-26 00:00:00+00:00,-35.836944,-71.592777,160.0,open-meteo_ecmwf_ifs,daily,31.536999,13.437,32.76,12.259915,2.282483,56.92509,0.0,33.467258876189625,6.3778718420528735
2020-12-27 00:00:00+00:00,-35.836944,-71.592777,160.0,open-meteo_ecmwf_ifs,daily,29.737,14.437,32.39,11.9661665,2.9909546,55.544758,0.0,33.45077986477263,6.477551839496188
2020-12-28 00:00:00+00:00,-35.836944,-71.592777,160.0,open-meteo_ecmwf_ifs,daily,31.337,14.087001,32.89,12.384914,2.5931103,58.419277,0.0,33.43147234473763,6.5371917798133605
2020-12-29 00:00:00+00:00,-35.836944,-71.592777,160.0,open-meteo_ecmwf_ifs,daily,28.837,14.087001,33.21,10.003667,3.515612,53.311893,0.0,33.409336613664976,6.763940832348164
2020-12-30 00:00:00+00:00,-35.836944,-71.592777,160.0,open-meteo_ecmwf_ifs,daily,28.587,11.987,33.69,4.6245,4.9251647,43.253662,0.0,33.38437324174392,7.5417725671381675
2020-12-31 00:00:00+00:00,-35.836944,-71.592777,160.0,open-meteo_ecmwf_ifs,daily,31.137,10.287001,30.92,6.655749,3.3852634,45.00435,0.0,33.35658307820425,6.589355453828161
2021-01-01 00:00:00+00:00,-35.836944,-71.592777,160.0,open-meteo_ecmwf_ifs,daily,31.437,13.787001,32.77,10.051583,2.3396516,46.61677,0.0,33.35658307820425,6.563156337385942
2021-01-02 00:00:00+00:00,-35.836944,-71.592777,160.0,open-meteo_ecmwf_ifs,daily,30.187,17.286999,24.94,10.376582,2.3229473,47.017273,0.0,33.325967258413414,5.805520631488216
2021-01-03 00:00:00+00:00,-35.836944,-71.592777,160.0,open-meteo_ecmwf_ifs,daily,31.937,16.337,32.44,10.0182495,3.410106,43.247692,0.0,33.29252721165685,7.379510623892787
2021-01-04 00:00:00+00:00,-35.836944,-71.592777,160.0,open-meteo_ecmwf_ifs,daily,30.687,14.137,33.36,7.9099164,4.037685,43.81306,0.0,33.25626466961939,7.468468303059438
2021-01-05 00:00:00+00:00,-35.836944,-71.592777,160.0,open-meteo_ecmwf_ifs,daily,30.837,13.337001,32.63,7.695332,2.0773911,42.09114,0.0,33.21718167558599,6.422316144426307
2021-01-06 00:00:00+00:00,-35.836944,-71.592777,160.0,open-meteo_ecmwf_ifs,daily,31.387,15.087001,31.72,10.491166,2.2445626,47.425373,0.0,33.1752805943787,6.487908707704501
2021-01-07 00:00:00+00:00,-35.836944,-71.592777,160.0,open-meteo_ecmwf_ifs,daily,31.187,14.337001,32.54,8.274499,3.6079175,42.467716,0.0,33.130564123047265,7.253260725139563
2021-01-08 00:00:00+00:00,-35.836944,-71.592777,160.0,open-meteo_ecmwf_ifs,daily,29.887,13.487,30.42,3.8807504,3.0305436,33.840954,0.0,33.0830353023281,6.797083584825418
2021-01-09 00:00:00+00:00,-35.836944,-71.592777,160.0,open-meteo_ecmwf_ifs,daily,27.487,11.487,33.27,4.051583,2.3673275,39.838734,0.0,33.032697528885905,6.266870125036732
2021-01-10 00:00:00+00:00,-35.836944,-71.592777,160.0,open-meteo_ecmwf_ifs,daily,27.087,10.787001,33.16,5.457833,3.2627895,47.014843,0.0,32.97955456834944,6.393422227333319
2021-01-11 00:00:00+00:00,-35.836944,-71.592777,160.0,open-meteo_ecmwf_ifs,daily,25.536999,13.437,31.39,7.9161663,3.7909362,53.895054,0.0,32.92361056915107,6.282853975277547
2021-01-12 00:00:00+00:00,-35.836944,-71.592777,160.0,open-meteo_ecmwf_ifs,daily,28.937,9.587001,33.35,1.4640836,3.117114,34.811813,0.0,32.864870077176626,6.6998419568504985
2021-01-13 00:00:00+00:00,-35.836944,-71.592777,160.0,open-meteo_ecmwf_ifs,daily,31.137,10.737,32.88,3.7265835,1.8293127,35.99119,0.0,32.803338051229204,6.193906270434804
2021-01-14 00:00:00+00:00,-35.836944,-71.592777,160.0,open-meteo_ecmwf_ifs,daily,29.786999,12.087001,32.45,5.7245,2.5914207,39.71899,0.0,32.739019879307094,6.482981911709328
2021-01-15 00:00:00+00:00,-35.836944,-71.592777,160.0,open-meteo_ecmwf_ifs,daily,27.987,11.737,31.69,6.699499,4.3881016,44.793774,0.0,32.671921395692294,6.7385492351216145
2021-01-16 00:00:00+00:00,-35.836944,-71.592777,160.0,open-meteo_ecmwf_ifs,daily,29.837,11.537001,33.14,4.2807503,4.8767843,40.36581,0.0,32.60204889884222,7.590257519915413
2021-01-17 00:00:00+00:00,-35.836944,-71.592777,160.0,open-meteo_ecmwf_ifs,daily,32.137,11.487,32.6,7.4807496,3.5740814,46.590313,0.0,32.5294091700727,7.010966579487179
2021-01-18 00:00:00+00:00,-35.836944,-71.592777,160.0,open-meteo_ecmwf_ifs,daily,33.287,12.537001,31.55,8.864083,2.3949063,46.12913,0.0,32.45400949301641,6.506481334682115
2021-01-19 00:00:00+00:00,-35.836944,-71.592777,160.0,open-meteo_ecmwf_ifs,daily,33.687,16.837,31.06,12.524501,2.0730107,47.249653,0.0,32.37585767383586,6.566141637940987
2021-01-20 00:00:00+00:00,-35.836944,-71.592777,160.0,open-meteo_ecmwf_ifs,daily,33.437,17.487,31.14,13.399499,2.4119296,50.94518,0.0,32.2949620621657,6.734226745543865
2021-01-21 00:00:00+00:00,-35.836944,-71.592777,160.0,open-meteo_ecmwf_ifs,daily,33.437,16.536999,31.06,13.262,1.939376,52.3997,0.0,32.21133157275414,6.40099535224022
2021-01-22 00:00:00+00:00,-35.836944,-71.592777,160.0,open-meteo_ecmwf_ifs,daily,34.987,16.536999,31.32,12.570333,2.5452075,48.214626,0.0,32.12497570776827,6.929404278067694
2021-01-23 00:00:00+00:00,-35.836944,-71.592777,160.0,open-meteo_ecmwf_ifs,daily,32.437,17.187,30.36,13.784917,2.5162132,53.118668,0.0,32.035904579723656,6.488236300901624
2021-01-24 00:00:00+00:00,-35.836944,-71.592777,160.0,open-meteo_ecmwf_ifs,daily,33.787,17.937,30.82,12.520333,1.9244385,47.498608,0.0,31.94412893499317,6.5346265211103
2021-01-25 00:00:00+00:00,-35.836944,-71.592777,160.0,open-meteo_ecmwf_ifs,daily,32.737,15.987,31.72,5.9828324,2.8764784,34.532867,0.0,31.849660177845706,7.2201388848281765
2021-01-26 00:00:00+00:00,-35.836944,-71.592777,160.0,open-meteo_ecmwf_ifs,daily,30.337,13.737,31.51,5.9745,3.2458699,39.71982,0.0,31.75251039496029,6.873741489471246
2021-01-27 00:00:00+00:00,-35.836944,-71.592777,160.0,open-meteo_ecmwf_ifs,daily,29.187,13.587001,30.86,5.81825,2.941806,38.940517,0.0,31.652692380356886,6.503171412681435
2021-01-28 00:00:00+00:00,-35.836944,-71.592777,160.0,open-meteo_ecmwf_ifs,daily,25.837,14.137,20.39,9.347416,3.278939,52.803402,1.9,31.550219660680614,4.86760478637813
2021-01-29 00:00:00+00:00,-35.836944,-71.592777,160.0,open-meteo_ecmwf_ifs,daily,20.887,16.587,10.0,14.728667,3.4582202,78.144066,18.9,31.44510652077186,2.529401725042197
2021-01-30 00:00:00+00:00,-35.836944,-71.592777,160.0,open-meteo_ecmwf_ifs,daily,20.036999,16.087,9.94,15.426583,2.359211,87.97779,52.499996,31.337368029450676,2.1150478530022183
2021-01-31 00:00:00+00:00,-35.836944,-71.592777,160.0,open-meteo_ecmwf_ifs,daily,20.786999,13.837001,17.38,14.989083,1.7365354,88.40081,20.900002,31.227020065440552,2.91600806757538
2021-02-01 00:00:00+00:00,-35.836944,-71.592777,160.0,open-meteo_ecmwf_ifs,daily,21.887,13.687,20.41,14.5911665,1.6297158,86.310646,0.90000004,31.114079343352625,3.4212826285097178
2021-02-02 00:00:00+00:00,-35.836944,-71.592777,160.0,open-meteo_ecmwf_ifs,daily,24.437,12.187,27.18,13.895333,1.6662188,81.239815,0.0,30.99856343964852,4.414126412762564
2021-02-03 00:00:00+00:00,-35.836944,-71.592777,160.0,open-meteo_ecmwf_ifs,daily,27.637,12.487,28.62,15.637,1.2106827,78.70324,0.0,30.880490818497396,4.802067047900531
2021-02-04 00:00:00+00:00,-35.836944,-71.592777,160.0,open-meteo_ecmwf_ifs,daily,29.337,14.337001,29.8,17.009916,2.3829422,76.06056,0.0,30.75988085743968,5.272765348745776
2021-02-05 00:00:00+00:00,-35.836944,-71.592777,160.0,open-meteo_ecmwf_ifs,daily,25.036999,14.437,20.16,15.984916,2.6817353,82.214355,0.0,30.636753872768534,3.6612797985395793
2021-02-06 00:00:00+00:00,-35.836944,-71.592777,160.0,open-meteo_ecmwf_ifs,daily,22.437,14.937,12.56,14.945333,1.1897031,81.06652,0.1,30.511131144537924,2.4945468547862637
2021-02-07 00:00:00+00:00,-35.836944,-71.592777,160.0,open-meteo_ecmwf_ifs,daily,24.237,15.337001,16.25,15.287002,1.6017399,78.145195,0.0,30.38303494110491,3.1645942001461655
2021-02-08 00:00:00+00:00,-35.836944,-71.592777,160.0,open-meteo_ecmwf_ifs,daily,24.337,13.087001,16.68,14.078668,1.6211311,79.06878,0.0,30.25248854311276,3.143329312072804
2021-02-09 00:00:00+00:00,-35.836944,-71.592777,160.0,open-meteo_ecmwf_ifs,daily,26.087,14.037001,24.17,15.489082,2.0965269,80.48272,0.0,30.119516266821154,4.242612997196359
2021-02-10 00:00:00+00:00,-35.836944,-71.592777,160.0,open-meteo_ecmwf_ifs,daily,30.237,15.037001,27.22,17.422417,2.062194,77.159706,0.0,29.98414348668913,5.01367975433872
2021-02-11 00:00:00+00:00,-35.836944,-71.592777,160.0,open-meteo_ecmwf_ifs,daily,25.036999,15.337001,13.77,15.926581,2.5094604,78.70257,0.3,29.846396657117253,2.964134350236683
2021-02-12 00:00:00+00:00,-35.836944,-71.592777,160.0,open-meteo_ecmwf_ifs,daily,26.286999,17.036999,20.04,16.58075,1.1924253,78.55802,0.0,29.70630333325553,3.782924884016708
2021-02-13 00:00:00+00:00,-35.836944,-71.592777,160.0,open-meteo_ecmwf_ifs,daily,26.737,15.337001,23.23,15.345332,1.81105,72.553345,0.0,29.563892190785165,4.281867178604066
2021-02-14 00:00:00+00:00,-35.836944,-71.592777,160.0,open-meteo_ecmwf_ifs,daily,26.387,13.987,24.94,13.916169,1.464922,69.25782,0.0,29.419193044583352,4.372169014805088
2021-02-15 00:00:00+00:00,-35.836944,-71.592777,160.0,open-meteo_ecmwf_ifs,daily,25.786999,13.487,24.95,13.23075,2.2974946,69.5511,0.0,29.272236866182233,4.457945917957737
2021-02-16 00:00:00+00:00,-35.836944,-71.592777,160.0,open-meteo_ecmwf_ifs,daily,23.887,11.637,21.32,12.601582,2.6715555,75.10965,0.0,29.123055799935543,3.730121393373122
2021-02-17 00:00:00+00:00,-35.836944,-71.592777,160.0,open-meteo_ecmwf_ifs,daily,24.237,13.287001,20.74,10.7245,2.0278823,65.19428,0.0,28.971683177808707,3.9605539280351825
2021-02-18 00:00:00+00:00,-35.836944,-71.592777,160.0,open-meteo_ecmwf_ifs,daily,23.786999,10.637,27.34,9.351584,1.7307029,64.57937,0.0,28.81815353271147,4.401325152547327
2021-02-19 00:00:00+00:00,-35.836944,-71.592777,160.0,open-meteo_ecmwf_ifs,daily,26.237,10.737,27.54,11.070333,3.2900894,68.792984,0.0,28.662502610295082,4.832186656405018
2021-02-20 00:00:00+00:00,-35.836944,-71.592777,160.0,open-meteo_ecmwf_ifs,daily,26.887,9.687,27.77,9.034917,2.284898,57.97015,0.0,28.50476737913997,4.787645505176389
2021-02-21 00:00:00+00:00,-35.836944,-71.592777,160.0,open-meteo_ecmwf_ifs,daily,26.487,11.237,27.71,8.689084,1.7242681,55.003452,0.0,28.34498603926361,4.725924615881776
2021-02-22 00:00:00+00:00,-35.836944,-71.592777,160.0,open-meteo_ecmwf_ifs,daily,26.536999,10.587001,27.35,9.114083,2.726517,58.98772,0.0,28.183198028882487,4.898835536267224
2021-02-23 00:00:00+00:00,-35.836944,-71.592777,160.0,open-meteo_ecmwf_ifs,daily,29.637,10.087001,27.68,8.247417,2.8729916,54.103024,0.0,28.019444029366667,5.341898542400375
2021-02-24 00:00:00+00:00,-35.836944,-71.592777,160.0,open-meteo_ecmwf_ifs,daily,30.737,11.187,26.98,11.941166,1.8539853,62.532444,0.0,27.85376596833013,4.85511728513466
2021-02-25 00:00:00+00:00,-35.836944,-71.592777,160.0,open-meteo_ecmwf_ifs,daily,29.587,12.037001,25.98,14.007835,1.6438233,70.924355,0.0,27.686207020805107,4.526330832120229
2021-02-26 00:00:00+00:00,-35.836944,-71.592777,160.0,open-meteo_ecmwf_ifs,daily,29.887,11.437,26.64,12.509918,1.8677388,66.16418,0.0,27.516811608453715,4.708090578212644
2021-02-27 00:00:00+00:00,-35.836944,-71.592777,160.0,open-meteo_ecmwf_ifs,daily,30.887,12.487,25.03,12.770332,2.264325,64.56906,0.0,27.345625396775777,4.819590319504859
2021-02-28 00:00:00+00:00,-35.836944,-71.592777,160.0,open-meteo_ecmwf_ifs,daily,31.637,12.037001,26.33,10.895333,3.3039858,57.66338,0.0,27.1726952902771,5.5304152227132874
2021-03-01 00:00:00+00:00,-35.836944,-71.592777,160.0,open-meteo_ecmwf_ifs,daily,30.637,12.337001,25.0,12.574498,2.397989,60.89304,0.0,26.998069425568207,4.810139227495296
2021-03-02 00:00:00+00:00,-35.836944,-71.592777,160.0,open-meteo_ecmwf_ifs,daily,30.087,14.637,24.89,13.937001,2.0217965,62.932117,0.0,26.821797162369545,4.734773939034135
2021-03-03 00:00:00+00:00,-35.836944,-71.592777,160.0,open-meteo_ecmwf_ifs,daily,30.887,15.237,24.66,14.916165,1.4858212,65.1498,0.0,26.643929072404866,4.579146677308098
2021-03-04 00:00:00+00:00,-35.836944,-71.592777,160.0,open-meteo_ecmwf_ifs,daily,33.487,13.787001,25.31,12.103665,2.8161705,54.091625,0.0,26.46451692617062,5.482503709029974
2021-03-05 00:00:00+00:00,-35.836944,-71.592777,160.0,open-meteo_ecmwf_ifs,daily,28.036999,18.237,24.52,13.930751,3.4551175,58.604336,0.0,26.283613677575314,5.3164883470246265
2021-03-06 00:00:00+00:00,-35.836944,-71.592777,160.0,open-meteo_ecmwf_ifs,daily,27.887,13.837001,24.35,13.786999,1.2116275,70.06135,0.0,26.101273446448793,4.130113993207226
2021-03-07 00:00:00+00:00,-35.836944,-71.592777,160.0,open-meteo_ecmwf_ifs,daily,30.487,13.037001,24.3,12.674499,3.4895954,61.96164,0.0,25.917551498927626,5.062516215273236
2021-03-08 00:00:00+00:00,-35.836944,-71.592777,160.0,open-meteo_ecmwf_ifs,daily,32.537,13.287001,25.25,10.530749,2.8307812,53.62798,0.0,25.73250422572873,5.3931464358654395
2021-03-09 00:00:00+00:00,-35.836944,-71.592777,160.0,open-meteo_ecmwf_ifs,daily,30.437,12.737,23.94,9.757833,1.825779,51.43046,0.0,25.546189118329618,4.542777552753436
2021-03-10 00:00:00+00:00,-35.836944,-71.592777,160.0,open-meteo_ecmwf_ifs,daily,25.837,12.687,19.18,9.145333,1.4901643,54.232616,0.0,25.358664743079576,3.572753268016234
2021-03-11 00:00:00+00:00,-35.836944,-71.592777,160.0,open-meteo_ecmwf_ifs,daily,27.737,13.637,23.74,11.551583,3.9127033,65.74266,0.0,25.16999071327198,4.937164290568525
2021-03-12 00:00:00+00:00,-35.836944,-71.592777,160.0,open-meteo_ecmwf_ifs,daily,28.137,9.837001,23.81,8.841167,2.0952408,57.71043,0.0,24.980227659213973,4.213751221576803
2021-03-13 00:00:00+00:00,-35.836944,-71.592777,160.0,open-meteo_ecmwf_ifs,daily,28.887,12.537001,23.61,9.209917,1.8854432,51.500393,0.0,24.789437196335275,4.360741713468969
2021-03-14 00:00:00+00:00,-35.836944,-71.592777,160.0,open-meteo_ecmwf_ifs,daily,27.536999,11.787001,20.99,11.1849165,1.8893424,63.936573,0.0,24.59768189138357,3.802169663335167
2021-03-15 00:00:00+00:00,-35.836944,-71.592777,160.0,open-meteo_ecmwf_ifs,daily,22.487,13.087001,13.99,11.730751,2.174339,69.76632,0.0,24.40502522675954,2.7964543828555013
2021-03-16 00:00:00+00:00,-35.836944,-71.592777,160.0,open-meteo_ecmwf_ifs,daily,22.587,14.387,13.55,9.626584,1.1914889,60.56515,1.5,24.211531563049558,2.690373688421442
2021-03-17 00:00:00+00:00,-35.836944,-71.592777,160.0,open-meteo_ecmwf_ifs,daily,26.237,11.787001,22.17,11.057835,1.6910911,64.276115,0.3,24.01726609981943,3.711690599396106
2021-03-18 00:00:00+00:00,-35.836944,-71.592777,160.0,open-meteo_ecmwf_ifs,daily,21.487,12.737,11.2,10.284917,2.3891518,68.579124,0.1,23.822294834737463,2.6085173251731524
2021-03-19 00:00:00+00:00,-35.836944,-71.592777,160.0,open-meteo_ecmwf_ifs,daily,19.937,13.037001,9.33,9.332833,2.0866249,66.03416,0.1,23.62668452109964,2.3435980399239544
2021-03-20 00:00:00+00:00,-35.836944,-71.592777,160.0,open-meteo_ecmwf_ifs,daily,24.187,10.037001,21.97,6.455751,1.2467887,54.650402,0.0,23.430502623834272,3.3942377709753977
2021-03-21 00:00:00+00:00,-35.836944,-71.592777,160.0,open-meteo_ecmwf_ifs,daily,26.087,10.587001,21.26,7.9036674,1.5634494,57.185074,0.0,23.233817274067892,3.5623239467570165
2021-03-22 00:00:00+00:00,-35.836944,-71.592777,160.0,open-meteo_ecmwf_ifs,daily,28.036999,12.287001,21.75,9.951585,2.534145,58.87349,0.0,23.03669722233758,4.1760363706627714
2021-03-23 00:00:00+00:00,-35.836944,-71.592777,160.0,open-meteo_ecmwf_ifs,daily,26.637,11.037001,21.72,10.009915,2.1898587,61.110813,0.0,22.83921179053946,3.7717073874709617
2021-03-24 00:00:00+00:00,-35.836944,-71.592777,160.0,open-meteo_ecmwf_ifs,daily,23.237,10.287001,19.29,9.3245,2.1942253,63.13506,0.0,22.641430822705548,3.2261769765805433
2021-03-25 00:00:00+00:00,-35.836944,-71.592777,160.0,open-meteo_ecmwf_ifs,daily,21.286999,10.737,17.27,6.53075,2.0778,56.25218,0.0,22.44342463470526,3.1096819586891886
2021-03-26 00:00:00+00:00,-35.836944,-71.592777,160.0,open-meteo_ecmwf_ifs,daily,26.637,7.737,21.32,6.50575,2.582246,58.357555,0.0,22.24526396296994,3.789532996987184
2021-03-27 00:00:00+00:00,-35.836944,-71.592777,160.0,open-meteo_ecmwf_ifs,daily,27.786999,8.337001,21.79,3.8995006,1.8963522,47.36432,0.0,22.04701991234201,3.7702433848834973
2021-03-28 00:00:00+00:00,-35.836944,-71.592777,160.0,open-meteo_ecmwf_ifs,daily,27.237,7.787,20.15,8.8495,1.9232987,64.567825,0.0,21.848763903152058,3.3121796684139095
2021-03-29 00:00:00+00:00,-35.836944,-71.592777,160.0,open-meteo_ecmwf_ifs,daily,25.637,9.787001,19.77,10.159917,2.306752,68.62998,0.0,21.65056761762963,3.320082299402995
2021-03-30 00:00:00+00:00,-35.836944,-71.592777,160.0,open-meteo_ecmwf_ifs,daily,23.387,9.937,17.0,11.157834,1.5938011,78.28725,0.0,21.452502945754762,2.6410102380630356
2021-03-31 00:00:00+00:00,-35.836944,-71.592777,160.0,open-meteo_ecmwf_ifs,daily,21.687,10.887,14.95,11.937,1.8041387,82.65657,0.0,21.254641930658977,2.3632767236306056
2021-04-01 00:00:00+00:00,-35.836944,-71.592777,160.0,open-meteo_ecmwf_ifs,daily,22.687,9.637,16.07,11.062,1.5095798,78.61177,0.0,21.057056713685352,2.450138658086016
2021-04-02 00:00:00+00:00,-35.836944,-71.592777,160.0,open-meteo_ecmwf_ifs,daily,24.237,9.037001,17.79,10.1745,1.8973843,74.97169,0.0,20.859819479217965,2.798713784790047
2021-04-03 00:00:00+00:00,-35.836944,-71.592777,160.0,open-meteo_ecmwf_ifs,daily,24.637,8.487,18.69,8.947417,1.8213259,70.14422,0.0,20.663002399391605,2.9076716465942085
2021-04-04 00:00:00+00:00,-35.836944,-71.592777,160.0,open-meteo_ecmwf_ifs,daily,22.437,10.137,18.4,10.159917,2.989045,70.974976,0.0,20.466677578792694,2.981991398825312
2021-04-05 00:00:00+00:00,-35.836944,-71.592777,160.0,open-meteo_ecmwf_ifs,daily,24.536999,9.437,16.31,10.0245,3.1087716,70.974525,0.0,20.2709169992622,3.0200355847740235
2021-04-06 00:00:00+00:00,-35.836944,-71.592777,160.0,open-meteo_ecmwf_ifs,daily,23.187,12.837001,16.22,10.372417,1.2113539,64.13896,0.0,20.075792464910734,2.577784254537134
2021-04-07 00:00:00+00:00,-35.836944,-71.592777,160.0,open-meteo_ecmwf_ifs,daily,19.437,10.487,6.01,11.4244995,2.0688205,79.546326,0.8000001,19.881375547455516,1.4420574016916534
2021-04-08 00:00:00+00:00,-35.836944,-71.592777,160.0,open-meteo_ecmwf_ifs,daily,21.387,10.637,15.7,9.209917,1.6603287,71.316605,0.0,19.68773753198757,2.459675706998755
2021-04-09 00:00:00+00:00,-35.836944,-71.592777,160.0,open-meteo_ecmwf_ifs,daily,19.237,9.587001,10.97,9.076585,2.8206718,76.25629,0.1,19.4949493632763,2.120849807019172
2021-04-10 00:00:00+00:00,-35.836944,-71.592777,160.0,open-meteo_ecmwf_ifs,daily,19.387,6.287,17.3,6.422416,1.9995986,71.37673,0.0,19.30308159271692,2.3479779612147285
2021-04-11 00:00:00+00:00,-35.836944,-71.592777,160.0,open-meteo_ecmwf_ifs,daily,25.337,8.737,18.07,5.01825,3.8880184,53.80786,0.0,19.112204326024326,3.914270262978551
2021-04-12 00:00:00+00:00,-35.836944,-71.592777,160.0,open-meteo_ecmwf_ifs,daily,26.487,9.587001,16.72,10.857834,2.6141088,75.9752,0.0,18.92238717177483,2.934020872845201
2021-04-13 00:00:00+00:00,-35.836944,-71.592777,160.0,open-meteo_ecmwf_ifs,daily,24.387,10.237,15.42,11.597417,1.1785053,80.138145,0.0,18.733699190894733,2.256458350882987
2021-04-14 00:00:00+00:00,-35.836944,-71.592777,160.0,open-meteo_ecmwf_ifs,daily,23.437,9.387,16.3,11.745335,1.542109,77.307,0.0,18.546208847192162,2.2656688627796675
2021-04-15 00:00:00+00:00,-35.836944,-71.592777,160.0,open-meteo_ecmwf_ifs,daily,25.387,10.287001,16.5,9.826583,2.5145037,74.081474,0.0,18.359983959025307,2.90587720878291
2021-04-16 00:00:00+00:00,-35.836944,-71.592777,160.0,open-meteo_ecmwf_ifs,daily,24.487,9.437,15.85,10.934917,2.1069155,75.20931,0.0,18.175091652197622,2.468075717190369
2021-04-17 00:00:00+00:00,-35.836944,-71.592777,160.0,open-meteo_ecmwf_ifs,daily,21.487,10.237,14.54,10.732834,2.2553728,75.98698,0.0,17.991598314166605,2.2269490097018023
2021-04-18 00:00:00+00:00,-35.836944,-71.592777,160.0,open-meteo_ecmwf_ifs,daily,22.587,9.687,15.93,11.180751,0.92360425,76.03826,0.6,17.809569549649623,2.041723809033489
2021-04-19 00:00:00+00:00,-35.836944,-71.592777,160.0,open-meteo_ecmwf_ifs,daily,23.237,7.937,16.2,9.974501,2.1687787,75.49492,0.0,17.62907013770609,2.3084273818566796
2021-04-20 00:00:00+00:00,-35.836944,-71.592777,160.0,open-meteo_ecmwf_ifs,daily,22.237,10.637,15.36,8.847418,3.8764458,69.85044,0.2,17.450163990371692,2.968456421414338
2021-04-21 00:00:00+00:00,-35.836944,-71.592777,160.0,open-meteo_ecmwf_ifs,daily,17.487,11.687,3.13,11.243249,5.296768,80.146996,12.399998,17.272914112915746,1.5269039143297574
2021-04-22 00:00:00+00:00,-35.836944,-71.592777,160.0,open-meteo_ecmwf_ifs,daily,17.837,10.787001,9.44,11.364083,1.8878851,88.58121,0.2,17.097382565788845,1.4524679684796094
2021-04-23 00:00:00+00:00,-35.836944,-71.592777,160.0,open-meteo_ecmwf_ifs,daily,18.687,8.587001,11.31,9.9245,1.3752679,84.58276,0.0,16.923630428323122,1.5331992856424566
2021-04-24 00:00:00+00:00,-35.836944,-71.592777,160.0,open-meteo_ecmwf_ifs,daily,19.637,7.487,15.73,9.409918,2.760337,82.71924,0.0,16.751717764242905,1.9821987050037257
2021-04-25 00:00:00+00:00,-35.836944,-71.592777,160.0,open-meteo_ecmwf_ifs,daily,18.587,5.887,13.59,8.439083,1.4044647,83.986984,0.0,16.581703589038693,1.5709749368195542
2021-04-26 00:00:00+00:00,-35.836944,-71.592777,160.0,open-meteo_ecmwf_ifs,daily,19.487,6.887,14.23,9.141168,2.3237388,85.34335,0.0,16.413645839252432,1.7841701055799704
2021-04-27 00:00:00+00:00,-35.836944,-71.592777,160.0,open-meteo_ecmwf_ifs,daily,15.687,5.687,9.83,8.528668,1.3536944,91.98672,0.0,16.24760134371693,1.1536625106764327
2021-04-28 00:00:00+00:00,-35.836944,-71.592777,160.0,open-meteo_ecmwf_ifs,daily,19.536999,5.237,13.92,8.347417,1.6052728,86.69761,0.0,16.083625796787086,1.5936078221503236
2021-04-29 00:00:00+00:00,-35.836944,-71.592777,160.0,open-meteo_ecmwf_ifs,daily,18.187,5.837,10.93,8.626582,1.6192093,87.38721,0.0,15.921773733595286,1.3652438302636358
2021-04-30 00:00:00+00:00,-35.836944,-71.592777,160.0,open-meteo_ecmwf_ifs,daily,19.036999,9.337001,9.45,10.207833,2.9501765,82.14785,0.5,15.762098507357825,1.6360390231262198
2021-05-01 00:00:00+00:00,-35.836944,-71.592777,160.0,open-meteo_ecmwf_ifs,daily,14.087001,11.837001,1.5,11.1849165,2.604493,88.53724,22.100002,15.604652268753878,0.7924123312518342
2021-05-02 00:00:00+00:00,-35.836944,-71.592777,160.0,open-meteo_ecmwf_ifs,daily,13.887,11.537001,1.05,10.672417,2.4102151,87.32862,61.4,15.449485947392722,0.796463664766442
2021-05-03 00:00:00+00:00,-35.836944,-71.592777,160.0,open-meteo_ecmwf_ifs,daily,13.187,10.637,1.95,10.347417,1.4921156,91.88012,33.300003,15.296649235379494,0.6987917930196709
2021-05-04 00:00:00+00:00,-35.836944,-71.592777,160.0,open-meteo_ecmwf_ifs,daily,17.786999,7.237,11.65,9.530751,1.1623795,89.552574,0.1,15.146190572983917,1.281989787526162
2021-05-05 00:00:00+00:00,-35.836944,-71.592777,160.0,open-meteo_ecmwf_ifs,daily,18.237,5.537,13.78,8.551583,1.6786672,83.98718,0.0,14.998157136410683,1.4093404565764835
2021-05-06 00:00:00+00:00,-35.836944,-71.592777,160.0,open-meteo_ecmwf_ifs,daily,15.437,6.287,11.27,8.3724165,1.0479695,92.0744,0.0,14.852594827664555,1.1298253099636513
2021-05-07 00:00:00+00:00,-35.836944,-71.592777,160.0,open-meteo_ecmwf_ifs,daily,17.187,5.187,5.28,9.174499,3.9514077,87.06943,0.2,14.709548266497098,0.9988535220482861
2021-05-08 00:00:00+00:00,-35.836944,-71.592777,160.0,open-meteo_ecmwf_ifs,daily,16.036999,10.237,8.82,10.649499,0.987057,87.84818,0.1,14.569060784416617,1.0809350875269916
2021-05-09 00:00:00+00:00,-35.836944,-71.592777,160.0,open-meteo_ecmwf_ifs,daily,16.237,6.437,12.93,8.582834,2.0852644,86.21566,0.0,14.431174420736506,1.27490326863899
2021-05-10 00:00:00+00:00,-35.836944,-71.592777,160.0,open-meteo_ecmwf_ifs,daily,14.137,2.087,11.83,5.6724167,1.2829558,89.044075,0.0,14.295929920631998,0.9998396421094254
2021-05-11 00:00:00+00:00,-35.836944,-71.592777,160.0,open-meteo_ecmwf_ifs,daily,15.387,3.237,12.09,6.278666,1.7670913,89.661804,0.0,14.163366735168976,1.1241735760876779
2021-05-12 00:00:00+00:00,-35.836944,-71.592777,160.0,open-meteo_ecmwf_ifs,daily,14.887,1.937,12.54,5.15575,1.8116101,89.230064,0.0,14.033523023263257,1.106788389256549
2021-05-13 00:00:00+00:00,-35.836944,-71.592777,160.0,open-meteo_ecmwf_ifs,daily,15.587001,3.637,9.78,7.1328335,1.3325127,89.43854,0.0,13.906435655522706,0.9638041149199158
2021-05-14 00:00:00+00:00,-35.836944,-71.592777,160.0,open-meteo_ecmwf_ifs,daily,13.987,5.587,7.53,7.8765836,1.7736593,94.5471,0.0,13.78214021991932,0.8696682854117159
2021-05-15 00:00:00+00:00,-35.836944,-71.592777,160.0,open-meteo_ecmwf_ifs,daily,14.337001,4.937,10.22,7.168249,1.5748463,90.90205,0.0,13.660671029232562,0.9752316007095724
2021-05-16 00:00:00+00:00,-35.836944,-71.592777,160.0,open-meteo_ecmwf_ifs,daily,13.787001,3.337,11.71,5.901583,2.01521,90.73132,0.0,13.542061130200178,1.0094438101972343
2021-05-17 00:00:00+00:00,-35.836944,-71.592777,160.0,open-meteo_ecmwf_ifs,daily,14.337001,4.737,8.59,7.257833,1.3393599,94.05782,0.0,13.42634231430724,0.874396489992078
2021-05-18 00:00:00+00:00,-35.836944,-71.592777,160.0,open-meteo_ecmwf_ifs,daily,15.837001,7.587,6.46,8.862,3.3415453,90.5225,0.1,13.313545130139206,1.1231245563746857
2021-05-19 00:00:00+00:00,-35.836944,-71.592777,160.0,open-meteo_ecmwf_ifs,daily,14.787001,12.137,3.17,9.720333,6.055687,80.4937,9.599999,13.20369889721977,1.5834747249870962
2021-05-20 00:00:00+00:00,-35.836944,-71.592777,160.0,open-meteo_ecmwf_ifs,daily,13.737,10.537001,4.1,9.739083,1.8044084,86.1159,7.1999993,13.096831721249641,0.8547320630991109
2021-05-21 00:00:00+00:00,-35.836944,-71.592777,160.0,open-meteo_ecmwf_ifs,daily,13.787001,6.037,9.64,7.01825,1.8810879,85.87853,1.6000001,12.992970510657743,0.9759336504887509
2021-05-22 00:00:00+00:00,-35.836944,-71.592777,160.0,open-meteo_ecmwf_ifs,daily,14.437,2.037,11.8,4.539083,2.7702177,82.326256,0.0,12.892140994372184,1.1129301134321652
2021-05-23 00:00:00+00:00,-35.836944,-71.592777,160.0,open-meteo_ecmwf_ifs,daily,15.737,0.987,11.7,4.15575,2.6834605,82.71087,0.0,12.794367740714254,1.1544656882739273
2021-05-24 00:00:00+00:00,-35.836944,-71.592777,160.0,open-meteo_ecmwf_ifs,daily,16.286999,3.437,11.6,7.0953326,2.5796869,88.94486,0.0,12.6996741773149,1.030312817750932
2021-05-25 00:00:00+00:00,-35.836944,-71.592777,160.0,open-meteo_ecmwf_ifs,daily,15.687,7.187,9.26,8.68075,2.9426994,90.77285,0.0,12.608082611949897,1.076083748428046
2021-05-26 00:00:00+00:00,-35.836944,-71.592777,160.0,open-meteo_ecmwf_ifs,daily,17.587,6.637,10.92,9.336999,2.6327665,91.830345,0.0,12.519614254186571,1.1048111644427743
2021-05-27 00:00:00+00:00,-35.836944,-71.592777,160.0,open-meteo_ecmwf_ifs,daily,13.587001,7.387,2.88,10.437,2.2130673,96.0729,0.0,12.434289237732484,0.4550814516741335
2021-05-28 00:00:00+00:00,-35.836944,-71.592777,160.0,open-meteo_ecmwf_ifs,daily,15.037001,10.237,7.78,9.926583,2.3513367,85.92716,19.900002,12.35212664337376,1.0116712945738708
2021-05-29 00:00:00+00:00,-35.836944,-71.592777,160.0,open-meteo_ecmwf_ifs,daily,11.887,4.887,4.26,6.339083,2.881384,87.38854,0.0,12.273144522389142,0.7557337787887304
2021-05-30 00:00:00+00:00,-35.836944,-71.592777,160.0,open-meteo_ecmwf_ifs,daily,13.687,0.587,9.13,4.3245,1.8646857,87.64368,0.0,12.197359920323983,0.7886714398345711
2021-05-31 00:00:00+00:00,-35.836944,-71.592777,160.0,open-meteo_ecmwf_ifs,daily,16.387,9.137,4.23,9.376583,1.127116,87.020134,1.3000001,12.124788901007484,0.831769051590005
2021-06-01 00:00:00+00:00,-35.836944,-71.592777,160.0,open-meteo_ecmwf_ifs,daily,14.087001,12.137,0.86,12.2245,3.2944305,93.67481,62.4,12.055446570695743,0.5837857089482515
2021-06-02 00:00:00+00:00,-35.836944,-71.592777,160.0,open-meteo_ecmwf_ifs,daily,17.387,10.287001,8.51,11.847417,2.3009152,90.04913,1.3000001,11.989347102222935,0.9400801904600857
2021-06-03 00:00:00+00:00,-35.836944,-71.592777,160.0,open-meteo_ecmwf_ifs,daily,18.637,9.487,7.39,11.470334,2.465658,90.66146,0.0,11.92650375904341,1.0169201121356501
2021-06-04 00:00:00+00:00,-35.836944,-71.592777,160.0,open-meteo_ecmwf_ifs,daily,15.787001,11.037001,5.48,10.9995,2.896433,90.07627,0.0,11.866928919048165,0.9664446253807631
2021-06-05 00:00:00+00:00,-35.836944,-71.592777,160.0,open-meteo_ecmwf_ifs,daily,13.087001,3.837,8.94,5.809916,2.3771698,84.73891,0.0,11.810634098040476,0.8248240846189004
2021-06-06 00:00:00+00:00,-35.836944,-71.592777,160.0,open-meteo_ecmwf_ifs,daily,10.737,3.437,7.7,4.0661664,1.3104904,85.54453,0.4,11.75762997275742,0.6969775347747882
2021-06-07 00:00:00+00:00,-35.836944,-71.592777,160.0,open-meteo_ecmwf_ifs,daily,16.437,4.837,10.3,5.687,1.3810706,78.39662,0.2,11.707926403326189,0.9382818109532484
2021-06-08 00:00:00+00:00,-35.836944,-71.592777,160.0,open-meteo_ecmwf_ifs,daily,16.937,6.587,10.41,7.707833,2.634189,80.18579,0.0,11.66153245504724,1.1477491367409252
2021-06-09 00:00:00+00:00,-35.836944,-71.592777,160.0,open-meteo_ecmwf_ifs,daily,13.937,9.387,3.04,9.839084,3.8426485,87.76243,19.1,11.618456419399317,0.8134721507732553
2021-06-10 00:00:00+00:00,-35.836944,-71.592777,160.0,open-meteo_ecmwf_ifs,daily,15.837001,4.737,9.91,7.0307503,2.1595953,83.663574,0.0,11.578705834165879,0.9155204242537021
2021-06-11 00:00:00+00:00,-35.836944,-71.592777,160.0,open-meteo_ecmwf_ifs,daily,18.286999,5.337,10.3,7.266166,2.8784132,83.39045,0.0,11.5422875025862,1.2364329646115921
2021-06-12 00:00:00+00:00,-35.836944,-71.592777,160.0,open-meteo_ecmwf_ifs,daily,14.937,4.387,10.34,8.668251,1.7117027,93.72135,0.0,11.509207511439909,0.6374373925802058
2021-06-13 00:00:00+00:00,-35.836944,-71.592777,160.0,open-meteo_ecmwf_ifs,daily,14.437,8.987,5.1,10.134917,2.0852349,95.40998,0.0,11.479471247978719,0.7039593181771451
2021-06-14 00:00:00+00:00,-35.836944,-71.592777,160.0,open-meteo_ecmwf_ifs,daily,11.137,3.237,8.48,5.7599177,2.888258,90.88137,0.0,11.453083415625091,0.6184975298437545
2021-06-15 00:00:00+00:00,-35.836944,-71.592777,160.0,open-meteo_ecmwf_ifs,daily,13.437,4.537,6.21,6.2307496,1.401409,91.65609,0.0,11.43004804836379,0.705547989390592
2021-06-16 00:00:00+00:00,-35.836944,-71.592777,160.0,open-meteo_ecmwf_ifs,daily,16.437,8.087001,7.26,7.6286664,2.136756,77.118065,0.1,11.410368523758924,1.103178496570773
2021-06-17 00:00:00+00:00,-35.836944,-71.592777,160.0,open-meteo_ecmwf_ifs,daily,12.737,4.287,8.62,5.8786674,1.3171233,87.93811,0.0,11.394047574536021,0.6807649027569501
2021-06-18 00:00:00+00:00,-35.836944,-71.592777,160.0,open-meteo_ecmwf_ifs,daily,11.487,3.387,6.58,5.672416,1.1427466,93.16019,0.0,11.381087298676103,0.5745932286654716
2021-06-19 00:00:00+00:00,-35.836944,-71.592777,160.0,open-meteo_ecmwf_ifs,daily,12.037001,5.487,7.58,7.330749,1.6505847,93.40557,0.2,11.37148916797629,0.6105746487934633
2021-06-20 00:00:00+00:00,-35.836944,-71.592777,160.0,open-meteo_ecmwf_ifs,daily,13.137,4.587,7.38,5.8328323,2.138543,90.11496,0.0,11.365254035039278,0.8092442099021723
2021-06-21 00:00:00+00:00,-35.836944,-71.592777,160.0,open-meteo_ecmwf_ifs,daily,14.587001,5.237,5.34,5.2828326,3.2178786,75.17269,0.90000004,11.3623821386622,1.2006191316868546
2021-06-22 00:00:00+00:00,-35.836944,-71.592777,160.0,open-meteo_ecmwf_ifs,daily,15.387,7.487,6.83,6.0953336,2.8325593,68.93607,0.0,11.362873107603551,1.2939553976497427
2021-06-23 00:00:00+00:00,-35.836944,-71.592777,160.0,open-meteo_ecmwf_ifs,daily,15.337001,10.037001,1.65,7.4786663,6.8414707,76.45263,16.9,11.366725962715122,1.981314171991518
2021-06-24 00:00:00+00:00,-35.836944,-71.592777,160.0,open-meteo_ecmwf_ifs,daily,11.537001,8.637,1.91,7.6182504,3.781188,83.766846,4.9,11.373939117434425,0.8870110081747471
2021-06-25 00:00:00+00:00,-35.836944,-71.592777,160.0,open-meteo_ecmwf_ifs,daily,10.887,6.987,4.22,6.697417,3.1815205,83.58457,20.2,11.384510376641348,0.7828522654055834
2021-06-26 00:00:00+00:00,-35.836944,-71.592777,160.0,open-meteo_ecmwf_ifs,daily,9.737,-0.363,10.77,1.8994999,2.3713615,84.52562,0.1,11.398436933891308,0.6821317901467759
2021-06-27 00:00:00+00:00,-35.836944,-71.592777,160.0,open-meteo_ecmwf_ifs,daily,6.287,-3.713,10.1,-1.4067501,1.0418288,87.25513,0.0,11.415715367045248,0.4846343076164803
2021-06-28 00:00:00+00:00,-35.836944,-71.592777,160.0,open-meteo_ecmwf_ifs,daily,8.087001,-2.663,9.95,-0.69841665,1.0896715,81.07667,0.0,11.43634163232524,0.5506666992037306
2021-06-29 00:00:00+00:00,-35.836944,-71.592777,160.0,open-meteo_ecmwf_ifs,daily,8.587001,-2.613,8.15,-0.17133331,1.2018523,85.818756,0.0,11.460311056832214,0.5639932515538167
2021-06-30 00:00:00+00:00,-35.836944,-71.592777,160.0,open-meteo_ecmwf_ifs,daily,9.137,1.437,3.54,3.4953334,1.6857544,92.30872,0.0,11.48761832957019,0.5537526774675039
2021-07-01 00:00:00+00:00,-35.836944,-71.592777,160.0,open-meteo_ecmwf_ifs,daily,12.087001,1.887,7.17,4.5078335,0.803351,94.85669,0.0,11.518257491028905,0.5865995704752343
2021-07-02 00:00:00+00:00,-35.836944,-71.592777,160.0,open-meteo_ecmwf_ifs,daily,12.587001,2.287,10.93,4.151583,3.1546304,84.14126,0.0,11.5522219213839,0.9190911255457204
2021-07-03 00:00:00+00:00,-35.836944,-71.592777,160.0,open-meteo_ecmwf_ifs,daily,10.737,-1.113,10.95,1.4994999,2.2802994,79.93327,0.0,11.58950432737986,0.7477226327000993
2021-07-04 00:00:00+00:00,-35.836944,-71.592777,160.0,open-meteo_ecmwf_ifs,daily,9.237,0.737,7.72,4.3182497,1.1774873,92.722015,0.0,11.630096727969724,0.48027358352026256
2021-07-05 00:00:00+00:00,-35.836944,-71.592777,160.0,open-meteo_ecmwf_ifs,daily,9.237,2.737,7.46,4.6661663,1.193294,96.85056,0.0,11.673990438787902,0.5452265821752971
2021-07-06 00:00:00+00:00,-35.836944,-71.592777,160.0,open-meteo_ecmwf_ifs,daily,14.187,6.337,8.23,6.1057506,3.607803,82.72373,0.3,11.721176055541726,1.2298881452643124
2021-07-07 00:00:00+00:00,-35.836944,-71.592777,160.0,open-meteo_ecmwf_ifs,daily,13.237,1.637,9.1,3.5494998,1.5558428,79.760284,0.0,11.771643436410281,0.8034757978129746
2021-07-08 00:00:00+00:00,-35.836944,-71.592777,160.0,open-meteo_ecmwf_ifs,daily,12.437,3.087,7.73,5.628666,1.7542616,92.12737,0.0,11.82538168354478,0.6934198402040301
2021-07-09 00:00:00+00:00,-35.836944,-71.592777,160.0,open-meteo_ecmwf_ifs,daily,13.087001,6.887,4.23,7.507833,3.352565,86.99221,18.800003,11.882379123768292,0.8887818640818633
2021-07-10 00:00:00+00:00,-35.836944,-71.592777,160.0,open-meteo_ecmwf_ifs,daily,12.837001,2.837,11.5,4.057833,3.3280742,81.21142,0.2,11.942623288577053,1.0642388171292425
2021-07-11 00:00:00+00:00,-35.836944,-71.592777,160.0,open-meteo_ecmwf_ifs,daily,9.287001,-1.813,10.04,1.70575,1.8948728,93.08143,0.0,12.006100893548108,0.6139167569803534
2021-07-12 00:00:00+00:00,-35.836944,-71.592777,160.0,open-meteo_ecmwf_ifs,daily,9.437,-0.063,7.04,2.6974165,1.2681192,93.302925,0.0,12.072797817261112,0.5869703574440085
2021-07-13 00:00:00+00:00,-35.836944,-71.592777,160.0,open-meteo_ecmwf_ifs,daily,6.087,0.537,6.78,2.7953331,1.5756251,96.73969,0.0,12.14269907984419,0.4555320322122376
2021-07-14 00:00:00+00:00,-35.836944,-71.592777,160.0,open-meteo_ecmwf_ifs,daily,5.987,0.537,6.36,2.2786665,1.6472117,98.06147,0.0,12.215788821255272,0.4929647064680295
2021-07-15 00:00:00+00:00,-35.836944,-71.592777,160.0,open-meteo_ecmwf_ifs,daily,12.837001,-3.213,11.69,0.22658344,2.4014897,85.595375,0.0,12.292050279411571,0.9503839066869012
2021-07-16 00:00:00+00:00,-35.836944,-71.592777,160.0,open-meteo_ecmwf_ifs,daily,9.137,1.037,5.22,3.1515834,2.1045835,93.3017,1.4000001,12.37146576828051,0.6323757608728366
2021-07-17 00:00:00+00:00,-35.836944,-71.592777,160.0,open-meteo_ecmwf_ifs,daily,11.087001,-2.063,12.09,-0.24424994,3.6433365,73.392296,0.0,12.454016656045388,1.1241432806572245
2021-07-18 00:00:00+00:00,-35.836944,-71.592777,160.0,open-meteo_ecmwf_ifs,daily,11.737,-3.613,12.11,0.4349166,1.4455595,87.422516,0.0,12.53968334345895,0.7643844171144017
2021-07-19 00:00:00+00:00,-35.836944,-71.592777,160.0,open-meteo_ecmwf_ifs,daily,11.337001,-1.713,11.88,2.812,1.4497185,90.70874,0.0,12.62844524249709,0.7012062303379468
2021-07-20 00:00:00+00:00,-35.836944,-71.592777,160.0,open-meteo_ecmwf_ifs,daily,15.587001,0.937,11.61,5.245333,1.9052958,93.09698,0.0,12.720280755423667,0.9325841936542786
2021-07-21 00:00:00+00:00,-35.836944,-71.592777,160.0,open-meteo_ecmwf_ifs,daily,11.837001,5.087,8.19,7.5432487,1.4559036,97.471504,0.0,12.815167254375902,0.6821992660211318
2021-07-22 00:00:00+00:00,-35.836944,-71.592777,160.0,open-meteo_ecmwf_ifs,daily,10.987,3.837,7.79,6.251583,1.4502214,97.783844,0.0,12.913081061577623,0.6713827151964427
2021-07-23 00:00:00+00:00,-35.836944,-71.592777,160.0,open-meteo_ecmwf_ifs,daily,11.637,5.287,7.41,6.539083,1.7186409,95.4913,0.0,13.013997430285213,0.7753179461230612
2021-07-24 00:00:00+00:00,-35.836944,-71.592777,160.0,open-meteo_ecmwf_ifs,daily,12.187,5.537,4.96,6.372416,4.321556,88.04542,0.6,13.117890526568441,0.9714986410525006
2021-07-25 00:00:00+00:00,-35.836944,-71.592777,160.0,open-meteo_ecmwf_ifs,daily,10.937,8.837001,2.92,6.934916,5.800337,81.57941,16.1,13.224733412025104,1.1730740251360234
2021-07-26 00:00:00+00:00,-35.836944,-71.592777,160.0,open-meteo_ecmwf_ifs,daily,12.837001,6.887,11.84,5.893251,3.5297973,80.40616,1.6000001,13.33449802752504,1.3583756564665765
2021-07-27 00:00:00+00:00,-35.836944,-71.592777,160.0,open-meteo_ecmwf_ifs,daily,12.337001,-0.513,12.86,1.7349167,2.2669551,83.918884,0.0,13.447155178075397,1.0736788246420856
2021-07-28 00:00:00+00:00,-35.836944,-71.592777,160.0,open-meteo_ecmwf_ifs,daily,14.637,1.087,13.13,2.2890832,1.3767958,76.29945,0.0,13.562674518894978,1.1227621303252042
2021-07-29 00:00:00+00:00,-35.836944,-71.592777,160.0,open-meteo_ecmwf_ifs,daily,14.337001,0.837,12.3,2.5078332,0.81828934,67.129745,0.0,13.681024542781419,0.9707754252917606
2021-07-30 00:00:00+00:00,-35.836944,-71.592777,160.0,open-meteo_ecmwf_ifs,daily,9.987,0.987,8.74,4.63075,1.4578347,93.115135,0.0,13.80217256885041,0.6765609834724385
2021-07-31 00:00:00+00:00,-35.836944,-71.592777,160.0,open-meteo_ecmwf_ifs,daily,13.787001,3.987,11.58,5.872416,2.4030125,93.16689,0.0,13.926084732721655,1.122074637291387
2021-08-01 00:00:00+00:00,-35.836944,-71.592777,160.0,open-meteo_ecmwf_ifs,daily,12.937,1.737,12.88,4.859917,1.8705701,92.1397,0.0,14.052725978221384,1.0116774185765904
2021-08-02 00:00:00+00:00,-35.836944,-71.592777,160.0,open-meteo_ecmwf_ifs,daily,14.237,3.537,12.69,5.7911663,1.2948037,91.735146,0.3,14.182060050666475,1.0866885246877396
2021-08-03 00:00:00+00:00,-35.836944,-71.592777,160.0,open-meteo_ecmwf_ifs,daily,13.237,4.537,10.18,6.364084,1.3610559,94.09762,0.0,14.314049491790076,0.9891673421107746
2021-08-04 00:00:00+00:00,-35.836944,-71.592777,160.0,open-meteo_ecmwf_ifs,daily,13.037001,2.987,9.51,7.0661674,1.9583546,93.65583,0.0,14.448655636363306,0.8182025864292458
2021-08-05 00:00:00+00:00,-35.836944,-71.592777,160.0,open-meteo_ecmwf_ifs,daily,12.987,4.937,9.35,7.207833,1.2535769,92.57699,0.5,14.585838610562854,0.9245987790633456
2021-08-06 00:00:00+00:00,-35.836944,-71.592777,160.0,open-meteo_ecmwf_ifs,daily,11.437,3.437,9.1,6.224499,1.2792376,94.93101,0.0,14.725557332128327,0.8356019240081743
2021-08-07 00:00:00+00:00,-35.836944,-71.592777,160.0,open-meteo_ecmwf_ifs,daily,12.487,4.337,8.95,6.072417,2.4553154,87.71539,0.0,14.86776951234833,1.014437140142261
2021-08-08 00:00:00+00:00,-35.836944,-71.592777,160.0,open-meteo_ecmwf_ifs,daily,12.237,0.987,10.15,2.9578333,1.715582,80.26426,0.0,15.012431659908554,1.0663535304757437
2021-08-09 00:00:00+00:00,-35.836944,-71.592777,160.0,open-meteo_ecmwf_ifs,daily,12.337001,0.537,12.65,4.14325,1.6003011,88.88578,0.0,15.159499086629802,1.038323378932916
2021-08-10 00:00:00+00:00,-35.836944,-71.592777,160.0,open-meteo_ecmwf_ifs,daily,11.937,1.937,10.97,4.4349165,1.7695484,91.34747,0.0,15.308925915118435,1.036337669084464
2021-08-11 00:00:00+00:00,-35.836944,-71.592777,160.0,open-meteo_ecmwf_ifs,daily,12.537001,0.187,12.33,2.9620001,1.0821638,88.5827,0.0,15.46066508834616,1.0817611166245207
2021-08-12 00:00:00+00:00,-35.836944,-71.592777,160.0,open-meteo_ecmwf_ifs,daily,10.687,2.087,8.84,4.4265833,1.4889474,88.334526,0.0,15.614668381170647,0.9017030656488019
2021-08-13 00:00:00+00:00,-35.836944,-71.592777,160.0,open-meteo_ecmwf_ifs,daily,11.887,3.387,9.75,4.918249,1.2892933,92.843895,0.0,15.770886413803119,1.0369896090618085
2021-08-14 00:00:00+00:00,-35.836944,-71.592777,160.0,open-meteo_ecmwf_ifs,daily,9.737,2.487,10.71,4.4619994,1.7502357,93.75376,0.0,15.929268667223642,0.9590091036489993
2021-08-15 00:00:00+00:00,-35.836944,-71.592777,160.0,open-meteo_ecmwf_ifs,daily,10.437,3.537,3.66,5.36825,3.351451,90.211876,0.8,16.08976350053918,0.7481194801083224
2021-08-16 00:00:00+00:00,-35.836944,-71.592777,160.0,open-meteo_ecmwf_ifs,daily,11.037001,9.087001,1.72,7.9432487,6.319037,87.43047,34.9,16.25231817027478,0.9845508644747367
2021-08-17 00:00:00+00:00,-35.836944,-71.592777,160.0,open-meteo_ecmwf_ifs,daily,14.187,10.787001,2.98,10.480751,4.417721,90.191765,23.199999,16.416878851582346,1.0079021399460963
2021-08-18 00:00:00+00:00,-35.836944,-71.592777,160.0,open-meteo_ecmwf_ifs,daily,12.987,11.237,1.48,10.989082,5.1766334,92.403015,29.399998,16.583390661346712,0.7143706390061282
2021-08-19 00:00:00+00:00,-35.836944,-71.592777,160.0,open-meteo_ecmwf_ifs,daily,11.637,8.587001,7.52,7.8140836,4.60901,87.11042,32.9,16.751797683163634,1.1971986670701846
2021-08-20 00:00:00+00:00,-35.836944,-71.592777,160.0,open-meteo_ecmwf_ifs,daily,12.037001,5.537,6.45,5.4682503,2.4307184,79.58943,3.8999996,16.922042994158836,1.1473540464773055
2021-08-21 00:00:00+00:00,-35.836944,-71.592777,160.0,open-meteo_ecmwf_ifs,daily,12.837001,8.287001,4.78,6.5494995,7.0491486,77.61377,30.1,17.094068693613192,1.6967786060015013
2021-08-22 00:00:00+00:00,-35.836944,-71.592777,160.0,open-meteo_ecmwf_ifs,daily,13.037001,5.837,13.31,5.643249,2.1404102,78.96615,4.2,17.267815933353358,1.5362273574299463
2021-08-23 00:00:00+00:00,-35.836944,-71.592777,160.0,open-meteo_ecmwf_ifs,daily,12.487,0.787,15.12,1.9432501,1.9421164,75.85079,0.0,17.443224949863264,1.5260095170999897
2021-08-24 00:00:00+00:00,-35.836944,-71.592777,160.0,open-meteo_ecmwf_ifs,daily,13.287001,0.787,16.63,2.4953334,2.2673876,78.49905,0.0,17.620235098066914,1.6463443135705638
2021-08-25 00:00:00+00:00,-35.836944,-71.592777,160.0,open-meteo_ecmwf_ifs,daily,12.137,0.187,8.18,1.8036666,2.1497877,76.423355,0.1,17.798784886728537,1.2255880324396304
2021-08-26 00:00:00+00:00,-35.836944,-71.592777,160.0,open-meteo_ecmwf_ifs,daily,13.337001,3.437,15.56,4.3494997,1.8854294,81.45537,0.0,17.978812015411947,1.6333099600104455
2021-08-27 00:00:00+00:00,-35.836944,-71.592777,160.0,open-meteo_ecmwf_ifs,daily,11.937,3.287,9.27,4.0120006,1.5542055,82.45618,0.0,18.160253412936882,1.2245539047584957
2021-08-28 00:00:00+00:00,-35.836944,-71.592777,160.0,open-meteo_ecmwf_ifs,daily,17.587,7.987,12.46,7.697417,2.1881745,79.41158,1.7000002,18.343045277265734,1.9010541953863125
2021-08-29 00:00:00+00:00,-35.836944,-71.592777,160.0,open-meteo_ecmwf_ifs,daily,18.387,4.387,17.37,7.745333,1.7980069,83.66236,0.0,18.527123116750868,1.9303104631212542
2021-08-30 00:00:00+00:00,-35.836944,-71.592777,160.0,open-meteo_ecmwf_ifs,daily,14.387,9.237,7.68,9.776584,2.5392663,88.46273,0.5,18.712421792668362,1.2209687281168373
2021-08-31 00:00:00+00:00,-35.836944,-71.592777,160.0,open-meteo_ecmwf_ifs,daily,16.036999,9.487,14.0,8.811999,1.6560189,82.69746,0.7,18.89887556296114,1.8494830326745768
2021-09-01 00:00:00+00:00,-35.836944,-71.592777,160.0,open-meteo_ecmwf_ifs,daily,18.036999,3.087,18.42,6.539083,2.082108,80.78553,0.0,19.08641812711091,2.032910561575426
2021-09-02 00:00:00+00:00,-35.836944,-71.592777,160.0,open-meteo_ecmwf_ifs,daily,17.587,5.837,16.29,8.2474165,1.530786,86.08129,0.0,19.274982672055003,1.9123619651687491
2021-09-03 00:00:00+00:00,-35.836944,-71.592777,160.0,open-meteo_ecmwf_ifs,daily,13.937,7.537,8.61,8.441167,2.1053307,88.70954,1.2,19.46450191906196,1.2809499761917802
2021-09-04 00:00:00+00:00,-35.836944,-71.592777,160.0,open-meteo_ecmwf_ifs,daily,17.187,6.987,17.79,7.316166,1.7379327,77.39794,0.70000005,19.65490817147627,2.1835974356773717
2021-09-05 00:00:00+00:00,-35.836944,-71.592777,160.0,open-meteo_ecmwf_ifs,daily,16.286999,5.237,13.76,7.4953327,1.6017264,81.581245,0.0,19.846133363240856,1.7111777693982575
2021-09-06 00:00:00+00:00,-35.836944,-71.592777,160.0,open-meteo_ecmwf_ifs,daily,14.087001,8.237,11.08,7.3495007,2.1091044,82.163506,3.0,20.038109108103324,1.6631040974212592
2021-09-07 00:00:00+00:00,-35.836944,-71.592777,160.0,open-meteo_ecmwf_ifs,daily,13.887,3.537,16.55,4.941166,1.1315432,80.15133,0.4,20.230766749409973,1.7963468231298583
2021-09-08 00:00:00+00:00,-35.836944,-71.592777,160.0,open-meteo_ecmwf_ifs,daily,16.887,1.937,19.81,4.1828337,2.268723,73.39565,0.0,20.42403741039023,2.254197221574122
2021-09-09 00:00:00+00:00,-35.836944,-71.592777,160.0,open-meteo_ecmwf_ifs,daily,15.837001,3.287,17.79,6.132833,1.5624809,86.76001,0.0,20.617852044831974,1.9613811667957708
2021-09-10 00:00:00+00:00,-35.836944,-71.592777,160.0,open-meteo_ecmwf_ifs,daily,15.987,6.687,10.87,9.089084,1.5897535,92.03357,0.0,20.812141488047793,1.4953712394233423
2021-09-11 00:00:00+00:00,-35.836944,-71.592777,160.0,open-meteo_ecmwf_ifs,daily,13.937,10.287001,4.93,9.232833,6.341301,84.66409,10.3,21.006836508030535,1.4901528566049775
2021-09-12 00:00:00+00:00,-35.836944,-71.592777,160.0,open-meteo_ecmwf_ifs,daily,13.087001,8.337001,7.3,7.622417,7.2429166,85.25089,32.600006,21.201867856696047,1.6327464865002854
2021-09-13 00:00:00+00:00,-35.836944,-71.592777,160.0,open-meteo_ecmwf_ifs,daily,12.837001,6.487,16.09,6.1994996,2.3847637,82.42943,7.399998,21.397166321110888,1.9397935622917317
2021-09-14 00:00:00+00:00,-35.836944,-71.592777,160.0,open-meteo_ecmwf_ifs,daily,16.187,0.587,21.43,2.7369998,3.5182602,71.13383,0.0,21.592662774601905,2.486941743815457
2021-09-15 00:00:00+00:00,-35.836944,-71.592777,160.0,open-meteo_ecmwf_ifs,daily,17.536999,1.937,21.11,4.141166,2.4752014,76.59165,0.0,21.788288227645342,2.5136593660968813
2021-09-16 00:00:00+00:00,-35.836944,-71.592777,160.0,open-meteo_ecmwf_ifs,daily,18.937,3.237,21.49,6.80575,2.6044571,79.296036,0.0,21.983973878433254,2.547665834294941
2021-09-17 00:00:00+00:00,-35.836944,-71.592777,160.0,open-meteo_ecmwf_ifs,daily,16.887,6.737,14.62,8.405749,2.1934369,88.34802,0.0,22.179651163015407,2.0106306864520715
2021-09-18 00:00:00+00:00,-35.836944,-71.592777,160.0,open-meteo_ecmwf_ifs,daily,16.187,4.687,15.19,7.1390824,1.9192195,83.799095,0.0,22.375251804916545,1.9447837942796584
2021-09-19 00:00:00+00:00,-35.836944,-71.592777,160.0,open-meteo_ecmwf_ifs,daily,15.637,4.937,17.58,5.697417,2.979606,77.36422,0.0,22.570707864129012,2.3161724315740404
2021-09-20 00:00:00+00:00,-35.836944,-71.592777,160.0,open-meteo_ecmwf_ifs,daily,17.637,2.837,20.19,5.509917,2.3561633,79.382095,0.0,22.765951785383514,2.468714794730141
2021-09-21 00:00:00+00:00,-35.836944,-71.592777,160.0,open-meteo_ecmwf_ifs,daily,18.737,4.987,20.47,8.139084,3.118166,81.8073,0.0,22.96091644560152,2.558013336304284
2021-09-22 00:00:00+00:00,-35.836944,-71.592777,160.0,open-meteo_ecmwf_ifs,daily,16.587,8.937,16.19,7.664082,1.0944556,74.300545,0.0,23.155535200435406,2.2804307965677086
2021-09-23 00:00:00+00:00,-35.836944,-71.592777,160.0,open-meteo_ecmwf_ifs,daily,20.587,4.737,22.4,7.809917,2.9361446,79.14291,0.0,23.349741929804907,2.945925343334355
2021-09-24 00:00:00+00:00,-35.836944,-71.592777,160.0,open-meteo_ecmwf_ifs,daily,22.337,7.837,22.26,10.134917,1.542326,82.415405,0.0,23.54347108234053,3.0833630085980914
2021-09-25 00:00:00+00:00,-35.836944,-71.592777,160.0,open-meteo_ecmwf_ifs,daily,16.286999,9.787001,11.61,8.9349165,3.2970822,77.730934,1.6000003,23.736657718648118,2.1120013531242403
2021-09-26 00:00:00+00:00,-35.836944,-71.592777,160.0,open-meteo_ecmwf_ifs,daily,17.687,7.387,21.85,7.4640827,3.4639034,77.64837,0.0,23.9292375533114,2.997559601997526
2021-09-27 00:00:00+00:00,-35.836944,-71.592777,160.0,open-meteo_ecmwf_ifs,daily,19.036999,2.787,23.86,5.076583,2.8319514,73.52265,0.0,24.12114699555297,3.025960826894765
2021-09-28 00:00:00+00:00,-35.836944,-71.592777,160.0,open-meteo_ecmwf_ifs,daily,20.337,3.037,22.71,6.4724164,1.4146743,78.82449,0.0,24.312323188477965,2.857319161823051
2021-09-29 00:00:00+00:00,-35.836944,-71.592777,160.0,open-meteo_ecmwf_ifs,daily,18.887,4.737,19.58,5.770333,2.2053483,74.25043,0.0,24.50270404682809,2.780803762155559
2021-09-30 00:00:00+00:00,-35.836944,-71.592777,160.0,open-meteo_ecmwf_ifs,daily,15.837001,7.737,15.4,6.7286663,1.5739359,73.60421,2.0,24.692228293178324,2.288257290826759
2021-10-01 00:00:00+00:00,-35.836944,-71.592777,160.0,open-meteo_ecmwf_ifs,daily,18.087,4.187,22.33,4.828666,2.5700777,68.642105,0.0,24.88083549251271,3.013881552503264
2021-10-02 00:00:00+00:00,-35.836944,-71.592777,160.0,open-meteo_ecmwf_ifs,daily,14.937,5.587,24.83,4.0140824,4.1827407,66.75584,5.2,25.068466085119876,3.2282340637359574
2021-10-03 00:00:00+00:00,-35.836944,-71.592777,160.0,open-meteo_ecmwf_ifs,daily,16.887,1.687,24.83,2.6953335,4.255331,68.77753,0.0,25.255061417754384,3.1717733758516915
2021-10-04 00:00:00+00:00,-35.836944,-71.592777,160.0,open-meteo_ecmwf_ifs,daily,19.587,3.087,23.75,5.693249,2.713219,78.723045,0.0,25.440563773014023,3.1160301890322084
2021-10-05 00:00:00+00:00,-35.836944,-71.592777,160.0,open-meteo_ecmwf_ifs,daily,18.737,4.237,17.68,6.4307494,2.0609555,78.83129,0.0,25.62491639688897,2.549304483170037
2021-10-06 00:00:00+00:00,-35.836944,-71.592777,160.0,open-meteo_ecmwf_ifs,daily,21.237,1.287,25.51,5.191167,1.9697853,71.87528,0.0,25.808063524443565,3.2459622431043478
2021-10-07 00:00:00+00:00,-35.836944,-71.592777,160.0,open-meteo_ecmwf_ifs,daily,21.887,5.737,24.66,8.314084,2.343571,71.38185,0.0,25.989950403596584,3.453863088312796
2021-10-08 00:00:00+00:00,-35.836944,-71.592777,160.0,open-meteo_ecmwf_ifs,daily,17.487,10.387,14.77,6.980749,2.5323288,66.259026,0.4,26.170523316972158,2.8113285830652432
2021-10-09 00:00:00+00:00,-35.836944,-71.592777,160.0,open-meteo_ecmwf_ifs,daily,21.587,5.487,22.19,7.7849174,2.0471785,75.98493,0.0,26.349729601797833,3.2235437896407007
2021-10-10 00:00:00+00:00,-35.836944,-71.592777,160.0,open-meteo_ecmwf_ifs,daily,19.687,8.987,20.59,8.459917,1.9366975,73.75912,0.3,26.527517667833077,3.166813463564391
2021-10-11 00:00:00+00:00,-35.836944,-71.592777,160.0,open-meteo_ecmwf_ifs,daily,21.987,5.737,23.78,8.905749,2.5124674,77.3325,0.0,26.70383701331636,3.378981067740505
2021-10-12 00:00:00+00:00,-35.836944,-71.592777,160.0,open-meteo_ecmwf_ifs,daily,17.937,10.637,14.92,8.684917,4.36336,70.30867,0.2,26.87863823892507,2.9607861839512832
2021-10-13 00:00:00+00:00,-35.836944,-71.592777,160.0,open-meteo_ecmwf_ifs,daily,19.587,10.837001,18.49,7.3661666,3.231638,65.21861,0.0,27.05187305974812,3.544749725909162
2021-10-14 00:00:00+00:00,-35.836944,-71.592777,160.0,open-meteo_ecmwf_ifs,daily,14.687,4.987,23.24,4.9890833,3.3875914,69.06963,11.3,27.22349431527694,2.9423012098018844
2021-10-15 00:00:00+00:00,-35.836944,-71.592777,160.0,open-meteo_ecmwf_ifs,daily,17.786999,2.937,26.9,2.6432498,3.5353215,64.47097,0.0,27.393455977426083,3.6489154303382962
2021-10-16 00:00:00+00:00,-35.836944,-71.592777,160.0,open-meteo_ecmwf_ifs,daily,19.737,3.187,26.59,4.1745,3.5572577,65.84327,0.0,27.56171315660053,3.7298507809924364
2021-10-17 00:00:00+00:00,-35.836944,-71.592777,160.0,open-meteo_ecmwf_ifs,daily,21.737,4.537,26.65,6.3995,3.646658,69.8796,0.0,27.728222105832216,3.9012334249206235
2021-10-18 00:00:00+00:00,-35.836944,-71.592777,160.0,open-meteo_ecmwf_ifs,daily,25.687,7.187,26.22,8.637,2.5075777,72.48927,0.0,27.892940223013973,4.277783852772702
2021-10-19 00:00:00+00:00,-35.836944,-71.592777,160.0,open-meteo_ecmwf_ifs,daily,26.737,9.837001,24.98,10.580749,1.6524973,73.47306,0.0,28.05582605126422,4.193611828459371
2021-10-20 00:00:00+00:00,-35.836944,-71.592777,160.0,open-meteo_ecmwf_ifs,daily,21.237,11.187,17.27,9.478667,3.3377907,70.05696,0.0,28.216839277461407,3.4524332080748015
2021-10-21 00:00:00+00:00,-35.836944,-71.592777,160.0,open-meteo_ecmwf_ifs,daily,22.487,8.787001,23.83,9.0078335,2.4262216,73.83076,0.0,28.375940728991957,3.8525999900761536
2021-10-22 00:00:00+00:00,-35.836944,-71.592777,160.0,open-meteo_ecmwf_ifs,daily,18.587,6.587,27.26,4.466167,3.8412158,60.11519,0.0,28.533092368760503,4.128048261570803
2021-10-23 00:00:00+00:00,-35.836944,-71.592777,160.0,open-meteo_ecmwf_ifs,daily,20.786999,5.287,27.54,3.2307498,4.259123,56.912067,0.0,28.68825728851618,4.5023645482355334
2021-10-24 00:00:00+00:00,-35.836944,-71.592777,160.0,open-meteo_ecmwf_ifs,daily,24.987,6.587,27.69,5.882833,4.141511,57.673717,0.0,28.841399700552966,4.94442871538468
2021-10-25 00:00:00+00:00,-35.836944,-71.592777,160.0,open-meteo_ecmwf_ifs,daily,27.487,9.437,28.48,8.445333,5.318237,60.38846,0.0,28.992484927846448,5.7301806139078675
2021-10-26 00:00:00+00:00,-35.836944,-71.592777,160.0,open-meteo_ecmwf_ifs,daily,25.137,7.837,27.57,9.3099165,2.436281,67.28715,0.0,29.141479392693817,4.425246745876142
2021-10-27 00:00:00+00:00,-35.836944,-71.592777,160.0,open-meteo_ecmwf_ifs,daily,25.837,9.787001,25.66,10.278667,1.7127919,67.62847,0.0,29.288350603926748,4.2960205798515005
2021-10-28 00:00:00+00:00,-35.836944,-71.592777,160.0,open-meteo_ecmwf_ifs,daily,29.237,10.637,28.99,7.632833,3.293807,53.0684,0.0,29.43306714277166,5.805258773866941
2021-10-29 00:00:00+00:00,-35.836944,-71.592777,160.0,open-meteo_ecmwf_ifs,daily,28.837,10.787001,28.19,9.126584,3.7503726,59.642056,0.0,29.575598647433523,5.687793207396179
2021-10-30 00:00:00+00:00,-35.836944,-71.592777,160.0,open-meteo_ecmwf_ifs,daily,25.487,9.287001,21.42,9.4869995,3.2034562,65.797806,0.0,29.715915796483646,4.183508621328742
2021-10-31 00:00:00+00:00,-35.836944,-71.592777,160.0,open-meteo_ecmwf_ifs,daily,26.437,11.537001,23.11,11.082833,2.177029,66.01469,0.0,29.85399029113328,4.320249437586438
2021-11-01 00:00:00+00:00,-35.836944,-71.592777,160.0,open-meteo_ecmwf_ifs,daily,24.536999,8.937,22.92,10.462,1.3813243,73.48396,0.0,29.989794836477756,3.771703491085509
2021-11-02 00:00:00+00:00,-35.836944,-71.592777,160.0,open-meteo_ecmwf_ifs,daily,27.687,7.887,28.58,8.587,2.3905365,61.404022,0.0,30.12330312179743,4.933526010565776
2021-11-03 00:00:00+00:00,-35.836944,-71.592777,160.0,open-meteo_ecmwf_ifs,daily,21.237,9.987,19.24,8.845332,3.0807545,67.997734,2.3,30.254489800003043,3.61075068537268
2021-11-04 00:00:00+00:00,-35.836944,-71.592777,160.0,open-meteo_ecmwf_ifs,daily,21.487,6.337,30.47,3.2974167,5.144137,58.036816,0.8,30.38333046631457,5.208019355024848
2021-11-05 00:00:00+00:00,-35.836944,-71.592777,160.0,open-meteo_ecmwf_ifs,daily,26.587,4.937,29.88,4.1870003,1.9959165,56.387302,0.0,30.50980163626273,4.852387612487123
2021-11-06 00:00:00+00:00,-35.836944,-71.592777,160.0,open-meteo_ecmwf_ifs,daily,23.637,8.837001,29.82,6.1744995,3.3197632,53.605717,0.0,30.633880723103214,5.159363576025846
2021-11-07 00:00:00+00:00,-35.836944,-71.592777,160.0,open-meteo_ecmwf_ifs,daily,27.087,8.387,27.2,8.70575,2.929558,66.430595,0.0,30.755546014733294,4.935799362429245
2021-11-08 00:00:00+00:00,-35.836944,-71.592777,160.0,open-meteo_ecmwf_ifs,daily,28.337,10.587001,29.94,9.070333,3.5477202,57.68732,0.0,30.874776650199806,5.79463741477699
2021-11-09 00:00:00+00:00,-35.836944,-71.592777,160.0,open-meteo_ecmwf_ifs,daily,27.487,11.237,27.46,11.272416,2.1970656,63.492996,0.0,30.99155259588731,4.943671816930853
2021-11-10 00:00:00+00:00,-35.836944,-71.592777,160.0,open-meteo_ecmwf_ifs,daily,24.587,11.187,25.83,10.1224165,1.5754277,66.080574,0.0,31.10585462147317,4.415315370712441
2021-11-11 00:00:00+00:00,-35.836944,-71.592777,160.0,open-meteo_ecmwf_ifs,daily,24.137,10.237,20.83,8.759917,2.4108596,61.85109,0.0,31.217664275735075,4.043288175141553
2021-11-12 00:00:00+00:00,-35.836944,-71.592777,160.0,open-meteo_ecmwf_ifs,daily,21.637,11.237,17.23,9.495333,2.6802394,67.495735,0.0,31.326963862294868,3.4844003901327785
2021-11-13 00:00:00+00:00,-35.836944,-71.592777,160.0,open-meteo_ecmwf_ifs,daily,20.536999,9.337001,24.37,5.9245,3.01273,58.3679,1.0,31.433736415379403,4.33100442311428
2021-11-14 00:00:00+00:00,-35.836944,-71.592777,160.0,open-meteo_ecmwf_ifs,daily,22.987,6.737,26.9,3.6578333,4.5419717,52.20251,0.0,31.53796567567732,5.131301123168529
2021-11-15 00:00:00+00:00,-35.836944,-71.592777,160.0,open-meteo_ecmwf_ifs,daily,19.637,8.187,25.55,6.661999,4.0273767,64.27933,0.1,31.63963606636697,4.220121335716655
2021-11-16 00:00:00+00:00,-35.836944,-71.592777,160.0,open-meteo_ecmwf_ifs,daily,28.286999,4.937,31.81,3.3161666,2.4384563,49.264572,0.0,31.73873266938796,5.4860585672440285
2021-11-17 00:00:00+00:00,-35.836944,-71.592777,160.0,open-meteo_ecmwf_ifs,daily,28.437,8.787001,31.31,6.8536663,2.2717009,51.361935,0.0,31.835241202024843,5.599915029966789
2021-11-18 00:00:00+00:00,-35.836944,-71.592777,160.0,open-meteo_ecmwf_ifs,daily,28.137,10.587001,30.58,9.201583,4.281036,57.618267,0.0,31.929147993867833,6.05441078853903
2021-11-19 00:00:00+00:00,-35.836944,-71.592777,160.0,open-meteo_ecmwf_ifs,daily,28.487,10.537001,30.9,9.7495,1.9907256,57.978836,0.0,32.02043996421136,5.490567743852396
2021-11-20 00:00:00+00:00,-35.836944,-71.592777,160.0,open-meteo_ecmwf_ifs,daily,29.737,11.687,31.01,10.907833,1.6215491,59.63377,0.0,32.109104599947145,5.568161446894854
2021-11-21 00:00:00+00:00,-35.836944,-71.592777,160.0,open-meteo_ecmwf_ifs,daily,31.137,12.037001,31.94,8.793249,2.5003185,50.207195,0.0,32.19512993400374,6.303220272052704
2021-11-22 00:00:00+00:00,-35.836944,-71.592777,160.0,open-meteo_ecmwf_ifs,daily,31.187,11.787001,32.14,7.9724164,4.3797073,45.822372,0.0,32.27850452438036,7.111411955358806
2021-11-23 00:00:00+00:00,-35.836944,-71.592777,160.0,open-meteo_ecmwf_ifs,daily,28.987,10.037001,31.94,9.262,2.910535,53.29755,0.0,32.359217433818074,5.920270496421651
2021-11-24 00:00:00+00:00,-35.836944,-71.592777,160.0,open-meteo_ecmwf_ifs,daily,22.737,14.037001,13.1,11.478667,3.321709,68.35517,0.1,32.43725821014636,3.3972342344847903
2021-11-25 00:00:00+00:00,-35.836944,-71.592777,160.0,open-meteo_ecmwf_ifs,daily,29.837,10.537001,31.83,9.882834,2.6108322,60.54691,0.0,32.512616867339005,5.947376620998616
2021-11-26 00:00:00+00:00,-35.836944,-71.592777,160.0,open-meteo_ecmwf_ifs,daily,29.937,11.787001,31.26,9.137001,3.087248,51.774002,0.0,32.585283867307936,6.276490327069529
2021-11-27 00:00:00+00:00,-35.836944,-71.592777,160.0,open-meteo_ecmwf_ifs,daily,24.437,11.187,29.36,7.147417,3.0820806,52.720318,0.0,32.65525010245945,5.485960773386329
2021-11-28 00:00:00+00:00,-35.836944,-71.592777,160.0,open-meteo_ecmwf_ifs,daily,27.687,10.587001,32.67,3.1807497,4.3461814,40.984226,0.0,32.72250687903234,6.985610425312756
2021-11-29 00:00:00+00:00,-35.836944,-71.592777,160.0,open-meteo_ecmwf_ifs,daily,28.237,8.987,32.26,5.797416,2.8944905,47.625187,0.0,32.78704590123314,6.050278955594072
2021-11-30 00:00:00+00:00,-35.836944,-71.592777,160.0,open-meteo_ecmwf_ifs,daily,27.286999,12.237,31.45,8.737,2.8769195,55.094944,0.0,32.84885925617958,6.003835835297709
2021-12-01 00:00:00+00:00,-35.836944,-71.592777,160.0,open-meteo_ecmwf_ifs,daily,24.837,10.887,28.49,9.218249,1.9916787,61.840794,0.0,32.90793939965878,4.967065378560541
2021-12-02 00:00:00+00:00,-35.836944,-71.592777,160.0,open-meteo_ecmwf_ifs,daily,23.137,12.187,15.18,8.870334,3.1616955,58.058624,0.0,32.96427914270347,3.811347821166695
2021-12-03 00:00:00+00:00,-35.836944,-71.592777,160.0,open-meteo_ecmwf_ifs,daily,24.687,12.887,27.61,10.10575,2.6427987,62.60765,0.0,33.01787163898522,5.151380243561371
2021-12-04 00:00:00+00:00,-35.836944,-71.592777,160.0,open-meteo_ecmwf_ifs,daily,31.187,11.337001,32.97,8.3724165,2.156996,50.987087,0.0,33.068710373021005,6.292848018468628
2021-12-05 00:00:00+00:00,-35.836944,-71.592777,160.0,open-meteo_ecmwf_ifs,daily,34.387,12.887,33.22,9.876583,1.6855847,48.904522,0.0,33.116789149185855,6.485116955613223
2021-12-06 00:00:00+00:00,-35.836944,-71.592777,160.0,open-meteo_ecmwf_ifs,daily,28.337,13.337001,32.03,11.8099165,3.6907847,58.60681,0.0,33.162102081522,6.245100692073642
2021-12-07 00:00:00+00:00,-35.836944,-71.592777,160.0,open-meteo_ecmwf_ifs,daily,25.737,12.737,26.1,10.39325,2.5258594,63.195026,0.2,33.204643584332416,5.038535835845626
2021-12-08 00:00:00+00:00,-35.836944,-71.592777,160.0,open-meteo_ecmwf_ifs,daily,31.286999,10.587001,32.01,10.555749,2.087429,60.174892,0.3,33.244408363544906,5.975419513002734
2021-12-09 00:00:00+00:00,-35.836944,-71.592777,160.0,open-meteo_ecmwf_ifs,daily,31.837,13.937,30.55,12.384918,2.725508,55.59277,0.0,33.281391408830864,6.323448703288574
2021-12-10 00:00:00+00:00,-35.836944,-71.592777,160.0,open-meteo_ecmwf_ifs,daily,26.036999,14.337001,25.28,13.253667,3.1970537,65.503204,0.0,33.315587986462276,4.980891125830312
2021-12-11 00:00:00+00:00,-35.836944,-71.592777,160.0,open-meteo_ecmwf_ifs,daily,19.587,15.237,6.87,12.7994995,3.2427018,79.88163,9.7,33.346993632888996,2.220318492452813
2021-12-12 00:00:00+00:00,-35.836944,-71.592777,160.0,open-meteo_ecmwf_ifs,daily,20.837,11.637,21.87,8.197417,2.40671,64.20282,2.9999998,33.37560414901852,4.0934145176551215
2021-12-13 00:00:00+00:00,-35.836944,-71.592777,160.0,open-meteo_ecmwf_ifs,daily,24.587,8.137,31.06,5.5432496,2.559603,53.061077,0.0,33.40141559518009,5.354391948778119
2021-12-14 00:00:00+00:00,-35.836944,-71.592777,160.0,open-meteo_ecmwf_ifs,daily,26.237,10.037001,32.9,7.601585,1.7300009,55.12768,0.0,33.4244242867552,5.581465266446904
2021-12-15 00:00:00+00:00,-35.836944,-71.592777,160.0,open-meteo_ecmwf_ifs,daily,29.487,10.437,32.77,7.620333,1.9567986,49.665497,0.0,33.44462679045766,5.991496817865548
2021-12-16 00:00:00+00:00,-35.836944,-71.592777,160.0,open-meteo_ecmwf_ifs,daily,29.786999,12.487,32.78,8.116166,2.9621394,46.24951,0.0,33.462019921246785,6.617115588678354
2021-12-17 00:00:00+00:00,-35.836944,-71.592777,160.0,open-meteo_ecmwf_ifs,daily,27.887,10.937,33.21,8.38075,1.8490186,56.76222,0.0,33.4766007398591,5.867016540100338
2021-12-18 00:00:00+00:00,-35.836944,-71.592777,160.0,open-meteo_ecmwf_ifs,daily,31.387,11.037001,33.58,7.778666,2.4680233,50.24136,0.0,33.48836655094511,6.546917941631633
2021-12-19 00:00:00+00:00,-35.836944,-71.592777,160.0,open-meteo_ecmwf_ifs,daily,34.336998,12.887,33.58,8.347418,2.3951902,46.908855,0.0,33.49731490179994,6.9961260593707815
2021-12-20 00:00:00+00:00,-35.836944,-71.592777,160.0,open-meteo_ecmwf_ifs,daily,33.887,13.587001,33.72,9.176582,2.6333587,48.10413,0.0,33.50344358167798,7.124766675794661
2021-12-21 00:00:00+00:00,-35.836944,-71.592777,160.0,open-meteo_ecmwf_ifs,daily,33.336998,13.537001,33.85,6.947417,3.4090407,41.104595,0.0,33.506750621684745,7.617438296094653
2021-12-22 00:00:00+00:00,-35.836944,-71.592777,160.0,open-meteo_ecmwf_ifs,daily,33.037,13.487,32.95,8.6495,2.4928129,43.399445,0.0,33.507234295240764,6.886593453472165
2021-12-23 00:00:00+00:00,-35.836944,-71.592777,160.0,open-meteo_ecmwf_ifs,daily,29.536999,12.887,32.53,10.089085,2.7597902,52.245945,0.0,33.504893119115,6.374035638280994
2021-12-24 00:00:00+00:00,-35.836944,-71.592777,160.0,open-meteo_ecmwf_ifs,daily,33.037,13.787001,33.63,8.6953335,3.0223057,49.503666,0.0,33.49972585502786,7.263534036536101
2021-12-25 00:00:00+00:00,-35.836944,-71.592777,160.0,open-meteo_ecmwf_ifs,daily,33.037,14.387,33.12,8.805751,2.5818126,42.080055,0.0,33.491731511826,7.042844478644825
2021-12-26 00:00:00+00:00,-35.836944,-71.592777,160.0,open-meteo_ecmwf_ifs,daily,33.287,15.887,31.65,10.312,2.2809575,43.111927,0.0,33.480909348233986,6.804916262574443
2021-12-27 00:00:00+00:00,-35.836944,-71.592777,160.0,open-meteo_ecmwf_ifs,daily,33.987,16.887,32.86,10.33075,2.2120278,42.009167,0.0,33.467258876189625,7.086395906139768
2021-12-28 00:00:00+00:00,-35.836944,-71.592777,160.0,open-meteo_ecmwf_ifs,daily,31.337,16.737,31.7,12.63075,3.671694,52.58016,0.0,33.45077986477263,7.1009149451443365
2021-12-29 00:00:00+00:00,-35.836944,-71.592777,160.0,open-meteo_ecmwf_ifs,daily,26.786999,14.537001,23.96,11.941166,3.4547293,61.13324,0.0,33.43147234473763,5.219865761351614
2021-12-30 00:00:00+00:00,-35.836944,-71.592777,160.0,open-meteo_ecmwf_ifs,daily,30.487,13.237,33.13,8.978667,3.8361752,50.859196,0.0,33.409336613664976,7.093531608754089
2021-12-31 00:00:00+00:00,-35.836944,-71.592777,160.0,open-meteo_ecmwf_ifs,daily,28.587,11.587001,33.75,3.9849167,4.381452,38.247837,0.0,33.38437324174392,7.35051680448519
2022-01-01 00:00:00+00:00,-35.836944,-71.592777,160.0,open-meteo_ecmwf_ifs,daily,27.337,11.787001,32.23,7.647415,3.4758623,52.282597,0.0,33.35658307820425,6.352889903689146
2022-01-02 00:00:00+00:00,-35.836944,-71.592777,160.0,open-meteo_ecmwf_ifs,daily,26.837,12.487,24.99,10.168251,2.749777,57.13629,0.6,33.325967258413414,5.10216027190376
2022-01-03 00:00:00+00:00,-35.836944,-71.592777,160.0,open-meteo_ecmwf_ifs,daily,30.237,14.087001,28.84,12.3495,3.4103892,61.033337,0.0,33.29252721165685,6.14343199180513
2022-01-04 00:00:00+00:00,-35.836944,-71.592777,160.0,open-meteo_ecmwf_ifs,daily,30.087,14.237,31.93,11.911999,4.109465,58.96579,0.0,33.25626466961939,6.752034294046604
2022-01-05 00:00:00+00:00,-35.836944,-71.592777,160.0,open-meteo_ecmwf_ifs,daily,32.237,13.087001,32.25,9.476583,2.955162,47.088684,0.0,33.21718167558599,6.807222428365955
2022-01-06 00:00:00+00:00,-35.836944,-71.592777,160.0,open-meteo_ecmwf_ifs,daily,31.987,14.137,32.26,10.2245,2.193989,48.25133,0.0,33.1752805943787,6.507930712827543
2022-01-07 00:00:00+00:00,-35.836944,-71.592777,160.0,open-meteo_ecmwf_ifs,daily,35.537,15.437,32.14,11.234917,2.4312277,46.22851,0.0,33.130564123047265,7.061610323643525
2022-01-08 00:00:00+00:00,-35.836944,-71.592777,160.0,open-meteo_ecmwf_ifs,daily,30.637,18.087,31.61,12.830752,3.9066336,49.61255,0.0,33.0830353023281,7.2286814852634125
2022-01-09 00:00:00+00:00,-35.836944,-71.592777,160.0,open-meteo_ecmwf_ifs,daily,29.786999,16.137,27.54,12.055749,2.9607391,57.915665,0.0,33.032697528885905,6.079397702071298
2022-01-10 00:00:00+00:00,-35.836944,-71.592777,160.0,open-meteo_ecmwf_ifs,daily,32.586998,14.437,30.87,12.141167,2.183592,56.221283,0.0,32.97955456834944,6.300195144012484
2022-01-11 00:00:00+00:00,-35.836944,-71.592777,160.0,open-meteo_ecmwf_ifs,daily,33.687,16.187,31.71,12.507834,2.1577597,50.820415,0.0,32.92361056915107,6.668523041980636
2022-01-12 00:00:00+00:00,-35.836944,-71.592777,160.0,open-meteo_ecmwf_ifs,daily,32.637,16.387,31.23,11.807835,2.0129166,50.136555,0.0,32.864870077176626,6.480345299065403
2022-01-13 00:00:00+00:00,-35.836944,-71.592777,160.0,open-meteo_ecmwf_ifs,daily,30.387,15.187,31.02,11.437,2.4350548,54.29838,0.0,32.803338051229204,6.301107942983067
2022-01-14 00:00:00+00:00,-35.836944,-71.592777,160.0,open-meteo_ecmwf_ifs,daily,32.787,13.837001,32.09,9.6536665,3.719679,49.7824,0.0,32.739019879307094,7.2420292885990145
2022-01-15 00:00:00+00:00,-35.836944,-71.592777,160.0,open-meteo_ecmwf_ifs,daily,30.837,15.037001,27.69,13.405749,2.8273818,63.55452,0.1,32.671921395692294,5.878896415254289
2022-01-16 00:00:00+00:00,-35.836944,-71.592777,160.0,open-meteo_ecmwf_ifs,daily,27.187,15.887,24.39,9.097417,3.008502,49.216785,0.0,32.60204889884222,5.660221609228494
2022-01-17 00:00:00+00:00,-35.836944,-71.592777,160.0,open-meteo_ecmwf_ifs,daily,22.786999,12.387,25.58,4.6536665,3.0100567,47.1824,0.1,32.5294091700727,5.260880833755574
2022-01-18 00:00:00+00:00,-35.836944,-71.592777,160.0,open-meteo_ecmwf_ifs,daily,24.887,9.787001,29.42,0.07033336,3.599756,34.477123,0.0,32.45400949301641,6.1559272937844485
2022-01-19 00:00:00+00:00,-35.836944,-71.592777,160.0,open-meteo_ecmwf_ifs,daily,27.837,10.437,31.84,3.357833,2.3382947,40.586803,0.0,32.37585767383586,6.014755507186709
2022-01-20 00:00:00+00:00,-35.836944,-71.592777,160.0,open-meteo_ecmwf_ifs,daily,28.036999,10.137,32.1,4.1786666,2.3934429,44.443104,0.0,32.2949620621657,6.01200306029448
2022-01-21 00:00:00+00:00,-35.836944,-71.592777,160.0,open-meteo_ecmwf_ifs,daily,29.837,10.187,32.05,5.5765834,2.8912857,46.270596,0.0,32.21133157275414,6.3377100938398
2022-01-22 00:00:00+00:00,-35.836944,-71.592777,160.0,open-meteo_ecmwf_ifs,daily,27.837,11.887,30.0,7.578668,2.1887379,52.698742,0.0,32.12497570776827,5.663485816127201
2022-01-23 00:00:00+00:00,-35.836944,-71.592777,160.0,open-meteo_ecmwf_ifs,daily,29.687,11.337001,31.77,7.2224174,4.540526,51.272266,0.0,32.035904579723656,6.896481787525329
2022-01-24 00:00:00+00:00,-35.836944,-71.592777,160.0,open-meteo_ecmwf_ifs,daily,32.637,12.637,31.55,9.259917,3.9080458,51.035023,0.0,31.94412893499317,7.051189355369069
2022-01-25 00:00:00+00:00,-35.836944,-71.592777,160.0,open-meteo_ecmwf_ifs,daily,33.137,13.337001,30.94,10.3515835,2.3514597,49.615128,0.0,31.849660177845706,6.353909422162789
2022-01-26 00:00:00+00:00,-35.836944,-71.592777,160.0,open-meteo_ecmwf_ifs,daily,32.487,14.087001,30.84,9.918248,1.689527,49.184204,0.0,31.75251039496029,6.027466210863187
2022-01-27 00:00:00+00:00,-35.836944,-71.592777,160.0,open-meteo_ecmwf_ifs,daily,32.787,14.587001,30.45,12.072415,2.303695,55.622158,0.0,31.652692380356886,6.25040053403956
2022-01-28 00:00:00+00:00,-35.836944,-71.592777,160.0,open-meteo_ecmwf_ifs,daily,29.487,14.187,26.22,12.051582,1.5745678,61.55363,0.0,31.550219660680614,5.0622106506546185
2022-01-29 00:00:00+00:00,-35.836944,-71.592777,160.0,open-meteo_ecmwf_ifs,daily,29.587,13.537001,26.59,11.995334,2.3365183,62.744442,0.0,31.44510652077186,5.325529094189161
2022-01-30 00:00:00+00:00,-35.836944,-71.592777,160.0,open-meteo_ecmwf_ifs,daily,30.087,13.037001,29.51,10.089083,3.443493,56.80788,0.0,31.337368029450676,6.219449471219782
2022-01-31 00:00:00+00:00,-35.836944,-71.592777,160.0,open-meteo_ecmwf_ifs,daily,30.937,12.637,30.25,6.541166,2.8270137,42.001595,0.0,31.227020065440552,6.389678831526222
2022-02-01 00:00:00+00:00,-35.836944,-71.592777,160.0,open-meteo_ecmwf_ifs,daily,31.887,14.537001,29.79,6.7453327,3.0257835,38.74609,0.0,31.114079343352625,6.748297416186425
2022-02-02 00:00:00+00:00,-35.836944,-71.592777,160.0,open-meteo_ecmwf_ifs,daily,30.187,13.087001,29.53,10.29325,2.696771,54.67335,0.0,30.99856343964852,5.9282476522404055
2022-02-03 00:00:00+00:00,-35.836944,-71.592777,160.0,open-meteo_ecmwf_ifs,daily,29.036999,12.437,29.07,11.28075,2.1817648,62.149807,0.0,30.880490818497396,5.413807075250879
2022-02-04 00:00:00+00:00,-35.836944,-71.592777,160.0,open-meteo_ecmwf_ifs,daily,29.887,13.487,26.6,11.993251,2.1048834,59.033184,0.0,30.75988085743968,5.232794170406897
2022-02-05 00:00:00+00:00,-35.836944,-71.592777,160.0,open-meteo_ecmwf_ifs,daily,32.537,14.887,28.86,8.7161665,3.107602,44.739014,0.0,30.636753872768534,6.633250981436893
2022-02-06 00:00:00+00:00,-35.836944,-71.592777,160.0,open-meteo_ecmwf_ifs,daily,35.836998,17.087,29.56,7.4703326,2.0364974,35.89006,0.0,30.511131144537924,6.5739683488854705
2022-02-07 00:00:00+00:00,-35.836944,-71.592777,160.0,open-meteo_ecmwf_ifs,daily,34.237,14.287001,29.34,9.114083,2.3816075,43.567745,0.0,30.38303494110491,6.342924020687099
2022-02-08 00:00:00+00:00,-35.836944,-71.592777,160.0,open-meteo_ecmwf_ifs,daily,35.937,14.737,29.55,8.9869995,3.0950778,45.376217,0.0,30.25248854311276,7.026971930978985
2022-02-09 00:00:00+00:00,-35.836944,-71.592777,160.0,open-meteo_ecmwf_ifs,daily,32.987,16.337,28.61,9.982833,2.4663527,45.905178,0.0,30.119516266821154,6.326105894010016
2022-02-10 00:00:00+00:00,-35.836944,-71.592777,160.0,open-meteo_ecmwf_ifs,daily,27.887,14.837001,23.05,8.132833,2.5067885,43.507183,0.0,29.98414348668913,5.1779664249071224
2022-02-11 00:00:00+00:00,-35.836944,-71.592777,160.0,open-meteo_ecmwf_ifs,daily,31.237,11.437,29.03,1.5390834,2.3671315,29.510237,0.0,29.846396657117253,6.019751773128125
2022-02-12 00:00:00+00:00,-35.836944,-71.592777,160.0,open-meteo_ecmwf_ifs,daily,35.787,15.437,28.83,3.4265835,1.9933964,29.029655,0.0,29.70630333325553,6.314043736723911
2022-02-13 00:00:00+00:00,-35.836944,-71.592777,160.0,open-meteo_ecmwf_ifs,daily,30.687,14.437,27.95,10.845333,3.6459951,53.85613,0.0,29.563892190785165,6.202677237462746
2022-02-14 00:00:00+00:00,-35.836944,-71.592777,160.0,open-meteo_ecmwf_ifs,daily,31.737,13.737,27.9,11.566165,1.6713151,59.321213,0.0,29.419193044583352,5.336465100176293
2022-02-15 00:00:00+00:00,-35.836944,-71.592777,160.0,open-meteo_ecmwf_ifs,daily,29.687,13.487,27.56,10.703667,2.2156684,55.915066,0.0,29.272236866182233,5.356515420914006
2022-02-16 00:00:00+00:00,-35.836944,-71.592777,160.0,open-meteo_ecmwf_ifs,daily,32.887,11.487,28.28,8.628666,3.048457,52.792027,0.0,29.123055799935543,6.0694101523321935
2022-02-17 00:00:00+00:00,-35.836944,-71.592777,160.0,open-meteo_ecmwf_ifs,daily,33.437,12.937,28.33,6.6578336,2.5172753,40.214252,0.0,28.971683177808707,6.108483379321914
2022-02-18 00:00:00+00:00,-35.836944,-71.592777,160.0,open-meteo_ecmwf_ifs,daily,31.187,12.487,28.18,4.437,3.0624678,35.539318,0.0,28.81815353271147,6.260948929811283
2022-02-19 00:00:00+00:00,-35.836944,-71.592777,160.0,open-meteo_ecmwf_ifs,daily,30.337,13.087001,27.47,6.59325,3.0144117,41.18802,0.0,28.662502610295082,5.98617637279463
2022-02-20 00:00:00+00:00,-35.836944,-71.592777,160.0,open-meteo_ecmwf_ifs,daily,27.687,13.687,24.46,10.151582,3.0028517,56.23624,0.0,28.50476737913997,5.117472800795727
2022-02-21 00:00:00+00:00,-35.836944,-71.592777,160.0,open-meteo_ecmwf_ifs,daily,28.637,12.787001,23.47,8.201584,2.6942494,49.722744,0.0,28.34498603926361,5.067525689337453
2022-02-22 00:00:00+00:00,-35.836944,-71.592777,160.0,open-meteo_ecmwf_ifs,daily,26.887,13.637,24.45,8.868251,3.2196825,53.82027,0.0,28.183198028882487,5.208612562472381
2022-02-23 00:00:00+00:00,-35.836944,-71.592777,160.0,open-meteo_ecmwf_ifs,daily,23.887,13.887,16.18,10.707833,3.6653864,65.90842,11.400002,28.019444029366667,3.931713538168839
2022-02-24 00:00:00+00:00,-35.836944,-71.592777,160.0,open-meteo_ecmwf_ifs,daily,26.536999,12.437,24.54,10.4349165,2.567032,65.8863,0.1,27.85376596833013,4.633326485693465
2022-02-25 00:00:00+00:00,-35.836944,-71.592777,160.0,open-meteo_ecmwf_ifs,daily,28.286999,11.337001,26.07,10.387,2.3803494,64.89849,0.0,27.686207020805107,4.7963785353056165
2022-02-26 00:00:00+00:00,-35.836944,-71.592777,160.0,open-meteo_ecmwf_ifs,daily,28.087,11.187,24.34,10.212001,2.300571,62.202835,0.0,27.516811608453715,4.556134792358882
2022-02-27 00:00:00+00:00,-35.836944,-71.592777,160.0,open-meteo_ecmwf_ifs,daily,26.187,12.137,26.3,8.214082,4.410793,54.775913,0.0,27.345625396775777,5.491864869380807
2022-02-28 00:00:00+00:00,-35.836944,-71.592777,160.0,open-meteo_ecmwf_ifs,daily,27.887,9.937,26.8,4.9869995,5.526575,46.46812,0.0,27.1726952902771,6.245790748097331
2022-03-01 00:00:00+00:00,-35.836944,-71.592777,160.0,open-meteo_ecmwf_ifs,daily,29.187,9.487,25.39,5.7578335,5.09882,48.190536,0.0,26.998069425568207,6.012319924827442
2022-03-02 00:00:00+00:00,-35.836944,-71.592777,160.0,open-meteo_ecmwf_ifs,daily,31.737,13.337001,24.91,10.911999,3.8027077,54.36908,0.0,26.821797162369545,5.744262792806576
2022-03-03 00:00:00+00:00,-35.836944,-71.592777,160.0,open-meteo_ecmwf_ifs,daily,29.587,14.637,23.97,12.551585,3.4447174,56.94273,0.0,26.643929072404866,5.179103547340553
2022-03-04 00:00:00+00:00,-35.836944,-71.592777,160.0,open-meteo_ecmwf_ifs,daily,28.637,13.937,24.8,10.6245,3.2113078,58.022923,0.0,26.46451692617062,5.184881482146386
2022-03-05 00:00:00+00:00,-35.836944,-71.592777,160.0,open-meteo_ecmwf_ifs,daily,27.837,11.037001,25.59,3.4078329,3.3729753,40.127605,0.0,26.283613677575314,5.530655766631349
2022-03-06 00:00:00+00:00,-35.836944,-71.592777,160.0,open-meteo_ecmwf_ifs,daily,24.137,13.587001,18.99,5.9286666,2.941334,48.581985,0.0,26.101273446448793,4.429293355273223
2022-03-07 00:00:00+00:00,-35.836944,-71.592777,160.0,open-meteo_ecmwf_ifs,daily,27.937,10.987,25.19,8.114084,2.8540697,58.259457,0.0,25.917551498927626,4.859113270463374
2022-03-08 00:00:00+00:00,-35.836944,-71.592777,160.0,open-meteo_ecmwf_ifs,daily,24.987,10.137,24.32,8.4453335,2.2395904,60.557434,0.0,25.73250422572873,4.135098801497914
2022-03-09 00:00:00+00:00,-35.836944,-71.592777,160.0,open-meteo_ecmwf_ifs,daily,27.536999,12.537001,20.28,8.25575,4.2724566,57.954315,0.0,25.546189118329618,5.072866634470785
2022-03-10 00:00:00+00:00,-35.836944,-71.592777,160.0,open-meteo_ecmwf_ifs,daily,29.137,7.987,24.2,6.4890823,4.148642,54.472046,0.0,25.358664743079576,5.146295541287151
2022-03-11 00:00:00+00:00,-35.836944,-71.592777,160.0,open-meteo_ecmwf_ifs,daily,31.487,10.287001,23.46,9.762001,1.5486091,61.216934,0.0,25.16999071327198,4.213501366259141
2022-03-12 00:00:00+00:00,-35.836944,-71.592777,160.0,open-meteo_ecmwf_ifs,daily,30.237,11.987,23.48,10.1995,2.194547,55.240417,0.0,24.980227659213973,4.5201086499716885
2022-03-13 00:00:00+00:00,-35.836944,-71.592777,160.0,open-meteo_ecmwf_ifs,daily,31.587,12.487,22.33,11.114083,1.7987233,59.87569,0.0,24.789437196335275,4.306158981159914
2022-03-14 00:00:00+00:00,-35.836944,-71.592777,160.0,open-meteo_ecmwf_ifs,daily,31.286999,11.287001,23.0,10.243251,1.7006553,55.211323,0.0,24.59768189138357,4.232755847374107
2022-03-15 00:00:00+00:00,-35.836944,-71.592777,160.0,open-meteo_ecmwf_ifs,daily,30.087,13.787001,22.64,10.307833,2.4703722,51.6411,0.0,24.40502522675954,4.667661034886492
2022-03-16 00:00:00+00:00,-35.836944,-71.592777,160.0,open-meteo_ecmwf_ifs,daily,27.286999,12.937,21.29,12.109916,1.7854538,65.045425,0.0,24.211531563049558,3.7849232268498163
2022-03-17 00:00:00+00:00,-35.836944,-71.592777,160.0,open-meteo_ecmwf_ifs,daily,26.187,11.437,22.37,9.26825,3.56744,60.66121,0.0,24.01726609981943,4.43201574963009
2022-03-18 00:00:00+00:00,-35.836944,-71.592777,160.0,open-meteo_ecmwf_ifs,daily,27.687,8.437,22.82,2.96825,3.4053895,43.11421,0.0,23.822294834737463,4.852525674016743
2022-03-19 00:00:00+00:00,-35.836944,-71.592777,160.0,open-meteo_ecmwf_ifs,daily,29.837,12.287001,19.32,2.1745,2.2380407,36.58624,0.0,23.62668452109964,4.4661969179812155
2022-03-20 00:00:00+00:00,-35.836944,-71.592777,160.0,open-meteo_ecmwf_ifs,daily,25.187,12.387,13.37,2.3536665,2.4047265,35.786438,0.0,23.430502623834272,3.7830083656551468
2022-03-21 00:00:00+00:00,-35.836944,-71.592777,160.0,open-meteo_ecmwf_ifs,daily,24.637,11.737,20.31,6.4328327,2.2210004,53.05211,0.0,23.233817274067892,3.8355600362508286
2022-03-22 00:00:00+00:00,-35.836944,-71.592777,160.0,open-meteo_ecmwf_ifs,daily,25.937,8.587001,21.95,6.6849155,2.665914,57.692654,0.0,23.03669722233758,3.9384405766817308
2022-03-23 00:00:00+00:00,-35.836944,-71.592777,160.0,open-meteo_ecmwf_ifs,daily,19.786999,9.437,12.05,6.4370003,3.0111248,64.07154,3.9,22.83921179053946,2.7846107166702767
2022-03-24 00:00:00+00:00,-35.836944,-71.592777,160.0,open-meteo_ecmwf_ifs,daily,24.137,6.287,21.68,2.5390832,5.1956925,48.183517,0.0,22.641430822705548,4.6664746124786936
2022-03-25 00:00:00+00:00,-35.836944,-71.592777,160.0,open-meteo_ecmwf_ifs,daily,28.337,7.637,20.53,6.716167,1.5389637,65.07517,0.0,22.44342463470526,3.411025893013259
2022-03-26 00:00:00+00:00,-35.836944,-71.592777,160.0,open-meteo_ecmwf_ifs,daily,23.587,10.087001,19.99,7.8432503,3.4706357,59.946095,0.0,22.24526396296994,3.773090240444088
2022-03-27 00:00:00+00:00,-35.836944,-71.592777,160.0,open-meteo_ecmwf_ifs,daily,25.437,9.737,19.78,8.534918,3.3772907,69.415825,0.0,22.04701991234201,3.809254869295013
2022-03-28 00:00:00+00:00,-35.836944,-71.592777,160.0,open-meteo_ecmwf_ifs,daily,23.637,7.737,20.19,7.2036667,2.7223437,64.758644,0.0,21.848763903152058,3.364968633564383
2022-03-29 00:00:00+00:00,-35.836944,-71.592777,160.0,open-meteo_ecmwf_ifs,daily,20.687,10.487,20.13,5.259917,5.2755475,58.684475,0.0,21.65056761762963,4.2416044487902465
2022-03-30 00:00:00+00:00,-35.836944,-71.592777,160.0,open-meteo_ecmwf_ifs,daily,23.387,4.787,20.48,-0.10050005,4.261519,43.915493,0.0,21.452502945754762,4.224685933829211
2022-03-31 00:00:00+00:00,-35.836944,-71.592777,160.0,open-meteo_ecmwf_ifs,daily,25.637,5.487,19.86,4.0995,2.6811266,59.828915,0.0,21.254641930658977,3.5231830517783425
2022-04-01 00:00:00+00:00,-35.836944,-71.592777,160.0,open-meteo_ecmwf_ifs,daily,25.387,7.187,18.53,6.3828335,2.4060824,65.94532,0.0,21.057056713685352,3.267336964440803
2022-04-02 00:00:00+00:00,-35.836944,-71.592777,160.0,open-meteo_ecmwf_ifs,daily,25.036999,9.987,18.24,8.951583,2.5357277,67.62141,0.0,20.859819479217965,3.278658057421757
2022-04-03 00:00:00+00:00,-35.836944,-71.592777,160.0,open-meteo_ecmwf_ifs,daily,22.137,9.237,19.23,5.876583,4.3055615,58.6824,1.7000002,20.663002399391605,3.8024332486557935
2022-04-04 00:00:00+00:00,-35.836944,-71.592777,160.0,open-meteo_ecmwf_ifs,daily,24.737,3.337,19.22,3.0765831,2.9299076,59.712025,0.0,20.466677578792694,3.302750504474732
2022-04-05 00:00:00+00:00,-35.836944,-71.592777,160.0,open-meteo_ecmwf_ifs,daily,25.786999,6.537,18.32,7.4953327,2.078821,69.97802,0.0,20.2709169992622,2.9624601639657597
2022-04-06 00:00:00+00:00,-35.836944,-71.592777,160.0,open-meteo_ecmwf_ifs,daily,26.887,9.637,17.65,9.178666,2.4939923,67.02791,0.0,20.075792464910734,3.2734105453780207
2022-04-07 00:00:00+00:00,-35.836944,-71.592777,160.0,open-meteo_ecmwf_ifs,daily,26.187,8.537001,17.82,8.326584,2.618473,61.512177,0.0,19.881375547455516,3.221054290786628
2022-04-08 00:00:00+00:00,-35.836944,-71.592777,160.0,open-meteo_ecmwf_ifs,daily,24.837,10.887,16.31,10.8411665,2.7452343,74.24218,0.0,19.68773753198757,2.9730264851439805
2022-04-09 00:00:00+00:00,-35.836944,-71.592777,160.0,open-meteo_ecmwf_ifs,daily,21.237,10.537001,15.4,8.953668,1.9095787,70.171844,0.0,19.4949493632763,2.4933478362312655
2022-04-10 00:00:00+00:00,-35.836944,-71.592777,160.0,open-meteo_ecmwf_ifs,daily,19.536999,9.737,11.47,8.328668,2.109229,72.46295,0.0,19.30308159271692,2.122764920783801
2022-04-11 00:00:00+00:00,-35.836944,-71.592777,160.0,open-meteo_ecmwf_ifs,daily,20.286999,5.737,16.98,3.6203327,3.183588,62.27614,0.0,19.112204326024326,2.9019419894498313
2022-04-12 00:00:00+00:00,-35.836944,-71.592777,160.0,open-meteo_ecmwf_ifs,daily,21.036999,8.087001,15.4,3.1786668,4.352527,51.967148,0.0,18.92238717177483,3.564659192867087
2022-04-13 00:00:00+00:00,-35.836944,-71.592777,160.0,open-meteo_ecmwf_ifs,daily,23.036999,4.037,17.6,3.9120004,3.119909,63.053513,0.0,18.733699190894733,2.952554385635688
2022-04-14 00:00:00+00:00,-35.836944,-71.592777,160.0,open-meteo_ecmwf_ifs,daily,24.786999,6.437,16.13,6.7807503,1.95178,70.70332,0.0,18.546208847192162,2.584260879010851
2022-04-15 00:00:00+00:00,-35.836944,-71.592777,160.0,open-meteo_ecmwf_ifs,daily,18.837,9.337001,13.56,8.470333,2.0485716,74.39494,0.0,18.359983959025307,2.0781539273182843
2022-04-16 00:00:00+00:00,-35.836944,-71.592777,160.0,open-meteo_ecmwf_ifs,daily,20.137,7.087,14.49,8.089082,1.9697851,78.05683,0.0,18.175091652197622,2.0626966320993727
2022-04-17 00:00:00+00:00,-35.836944,-71.592777,160.0,open-meteo_ecmwf_ifs,daily,22.387,5.887,15.44,7.637001,1.2790147,70.145226,0.0,17.991598314166605,2.0376919324228675
2022-04-18 00:00:00+00:00,-35.836944,-71.592777,160.0,open-meteo_ecmwf_ifs,daily,20.737,8.837001,12.95,9.584917,2.1114674,82.25184,0.0,17.809569549649623,2.0180067001383493
2022-04-19 00:00:00+00:00,-35.836944,-71.592777,160.0,open-meteo_ecmwf_ifs,daily,20.987,7.437,11.47,9.728665,2.0511365,81.893105,3.3000002,17.62907013770609,1.7936930409383316
2022-04-20 00:00:00+00:00,-35.836944,-71.592777,160.0,open-meteo_ecmwf_ifs,daily,18.786999,9.887,15.11,10.120334,2.4764483,79.426414,15.700001,17.450163990371692,2.0398516796171005
2022-04-21 00:00:00+00:00,-35.836944,-71.592777,160.0,open-meteo_ecmwf_ifs,daily,11.887,5.837,2.4,5.4995,1.8581909,80.61022,3.0,17.272914112915746,0.914949420090176
2022-04-22 00:00:00+00:00,-35.836944,-71.592777,160.0,open-meteo_ecmwf_ifs,daily,14.537001,9.837001,2.82,10.078667,3.9717388,88.757256,28.599998,17.097382565788845,1.0024411518686165
2022-04-23 00:00:00+00:00,-35.836944,-71.592777,160.0,open-meteo_ecmwf_ifs,daily,13.887,10.087001,2.17,11.15575,3.0577707,94.133415,34.2,16.923630428323122,0.654809536620986
2022-04-24 00:00:00+00:00,-35.836944,-71.592777,160.0,open-meteo_ecmwf_ifs,daily,16.437,13.487,2.21,12.326584,6.373832,87.80997,37.600002,16.751717764242905,1.3610776027533618
2022-04-25 00:00:00+00:00,-35.836944,-71.592777,160.0,open-meteo_ecmwf_ifs,daily,13.537001,11.337001,2.69,11.076584,2.584501,90.86548,9.2,16.581703589038693,0.7816813649171133
2022-04-26 00:00:00+00:00,-35.836944,-71.592777,160.0,open-meteo_ecmwf_ifs,daily,13.287001,9.937,0.85,10.389083,5.0477223,88.353065,29.7,16.413645839252432,0.7013936744125358
2022-04-27 00:00:00+00:00,-35.836944,-71.592777,160.0,open-meteo_ecmwf_ifs,daily,14.587001,7.687,8.63,7.693249,3.8682432,83.710815,6.4,16.24760134371693,1.467752143597435
2022-04-28 00:00:00+00:00,-35.836944,-71.592777,160.0,open-meteo_ecmwf_ifs,daily,16.137,4.537,14.41,5.8849163,3.1248226,80.96732,0.0,16.083625796787086,1.724571034703009
2022-04-29 00:00:00+00:00,-35.836944,-71.592777,160.0,open-meteo_ecmwf_ifs,daily,15.987,0.63699996,14.0,4.3036666,2.8928661,85.69711,0.0,15.921773733595286,1.489262005043674
2022-04-30 00:00:00+00:00,-35.836944,-71.592777,160.0,open-meteo_ecmwf_ifs,daily,14.087001,3.937,10.68,5.9995,2.0975924,90.98736,0.0,15.762098507357825,1.213782993828388
2022-05-01 00:00:00+00:00,-35.836944,-71.592777,160.0,open-meteo_ecmwf_ifs,daily,14.137,4.237,11.82,6.112,2.2805665,89.27288,0.0,15.604652268753878,1.2758229622003194
2022-05-02 00:00:00+00:00,-35.836944,-71.592777,160.0,open-meteo_ecmwf_ifs,daily,15.837001,4.687,12.5,7.1036663,2.6725519,89.64814,0.0,15.449485947392722,1.3833609796955948
2022-05-03 00:00:00+00:00,-35.836944,-71.592777,160.0,open-meteo_ecmwf_ifs,daily,17.887,4.837,12.77,8.103665,2.5781476,89.4974,0.0,15.296649235379494,1.4455386951999945
2022-05-04 00:00:00+00:00,-35.836944,-71.592777,160.0,open-meteo_ecmwf_ifs,daily,16.587,5.287,10.96,9.095332,2.122204,90.51931,0.0,15.146190572983917,1.1386907932040953
2022-05-05 00:00:00+00:00,-35.836944,-71.592777,160.0,open-meteo_ecmwf_ifs,daily,13.687,6.937,7.78,9.237,1.9548014,93.45132,0.1,14.998157136410683,0.8753100041127783
2022-05-06 00:00:00+00:00,-35.836944,-71.592777,160.0,open-meteo_ecmwf_ifs,daily,18.337,6.487,12.99,9.2495,2.458492,90.25537,0.0,14.852594827664555,1.4509826605905913
2022-05-07 00:00:00+00:00,-35.836944,-71.592777,160.0,open-meteo_ecmwf_ifs,daily,13.637,6.137,10.45,8.3619995,2.2874186,92.54385,0.0,14.709548266497098,1.006952326035834
2022-05-08 00:00:00+00:00,-35.836944,-71.592777,160.0,open-meteo_ecmwf_ifs,daily,13.837001,8.187,6.3,8.947416,1.8251743,91.83215,0.4,14.569060784416617,0.9270192052709616
2022-05-09 00:00:00+00:00,-35.836944,-71.592777,160.0,open-meteo_ecmwf_ifs,daily,17.687,9.037001,8.49,10.339083,2.06706,91.04308,0.0,14.431174420736506,1.2250028562005923
2022-05-10 00:00:00+00:00,-35.836944,-71.592777,160.0,open-meteo_ecmwf_ifs,daily,14.737,8.537001,8.21,9.943251,1.7968202,93.96636,0.0,14.295929920631998,0.9668419536377706
2022-05-11 00:00:00+00:00,-35.836944,-71.592777,160.0,open-meteo_ecmwf_ifs,daily,15.837001,8.987,7.44,10.314083,1.4567595,91.15586,0.0,14.163366735168976,0.9760441532682321
2022-05-12 00:00:00+00:00,-35.836944,-71.592777,160.0,open-meteo_ecmwf_ifs,daily,13.337001,9.337001,1.84,9.576584,1.7474685,90.54128,14.3,14.033523023263257,0.7041402625004289
2022-05-13 00:00:00+00:00,-35.836944,-71.592777,160.0,open-meteo_ecmwf_ifs,daily,16.187,6.887,11.69,8.445333,2.8036194,88.99563,0.4,13.906435655522706,1.2936183900643738
2022-05-14 00:00:00+00:00,-35.836944,-71.592777,160.0,open-meteo_ecmwf_ifs,daily,9.787001,3.287,5.99,4.847417,2.4813738,90.35651,0.0,13.78214021991932,0.7300864037185859
2022-05-15 00:00:00+00:00,-35.836944,-71.592777,160.0,open-meteo_ecmwf_ifs,daily,13.987,2.937,10.73,4.541167,1.2283992,82.611664,0.0,13.660671029232562,1.0002301727039091
2022-05-16 00:00:00+00:00,-35.836944,-71.592777,160.0,open-meteo_ecmwf_ifs,daily,13.887,3.737,10.9,5.9911666,0.8171826,81.97903,0.0,13.542061130200178,0.9058807078851829
2022-05-17 00:00:00+00:00,-35.836944,-71.592777,160.0,open-meteo_ecmwf_ifs,daily,9.937,2.187,8.89,4.980749,1.2702628,92.00171,0.0,13.42634231430724,0.6900198345800017
2022-05-18 00:00:00+00:00,-35.836944,-71.592777,160.0,open-meteo_ecmwf_ifs,daily,11.237,3.787,7.37,5.7057495,1.7230453,94.59373,0.2,13.313545130139206,0.7546458825143629
2022-05-19 00:00:00+00:00,-35.836944,-71.592777,160.0,open-meteo_ecmwf_ifs,daily,15.937,7.037,7.38,8.045333,3.8552144,83.18719,0.8,13.20369889721977,1.285944905856242
2022-05-20 00:00:00+00:00,-35.836944,-71.592777,160.0,open-meteo_ecmwf_ifs,daily,15.437,10.537001,8.05,9.578666,4.15128,80.41064,18.7,13.096831721249641,1.391352510730023
2022-05-21 00:00:00+00:00,-35.836944,-71.592777,160.0,open-meteo_ecmwf_ifs,daily,15.987,4.687,11.01,6.11825,2.4580097,81.09147,0.0,12.992970510657743,1.2284552632777692
2022-05-22 00:00:00+00:00,-35.836944,-71.592777,160.0,open-meteo_ecmwf_ifs,daily,11.687,6.987,0.99,7.21825,2.775793,87.909325,14.0,12.892140994372184,0.7446685408021265
2022-05-23 00:00:00+00:00,-35.836944,-71.592777,160.0,open-meteo_ecmwf_ifs,daily,11.487,10.037001,0.73,8.782834,3.2330725,87.43698,76.20001,12.794367740714254,0.7728195966486775
2022-05-24 00:00:00+00:00,-35.836944,-71.592777,160.0,open-meteo_ecmwf_ifs,daily,14.137,7.187,4.8,8.961999,1.8329138,92.98056,12.800001,12.6996741773149,0.7394024000681919
2022-05-25 00:00:00+00:00,-35.836944,-71.592777,160.0,open-meteo_ecmwf_ifs,daily,13.687,6.437,9.89,7.68075,2.8352368,88.69854,2.6,12.608082611949897,0.967931148353113
2022-05-26 00:00:00+00:00,-35.836944,-71.592777,160.0,open-meteo_ecmwf_ifs,daily,9.237,2.837,6.89,4.3890834,1.9913822,95.17669,0.0,12.519614254186571,0.6504764530356022
2022-05-27 00:00:00+00:00,-35.836944,-71.592777,160.0,open-meteo_ecmwf_ifs,daily,8.787001,2.237,6.65,4.289084,1.8046516,94.65732,0.0,12.434289237732484,0.581686124768391
2022-05-28 00:00:00+00:00,-35.836944,-71.592777,160.0,open-meteo_ecmwf_ifs,daily,7.237,0.13700001,7.12,2.437,2.3565214,93.59469,0.0,12.35212664337376,0.5485665631849879
2022-05-29 00:00:00+00:00,-35.836944,-71.592777,160.0,open-meteo_ecmwf_ifs,daily,7.687,-1.563,10.77,0.41199997,2.0128293,91.69167,0.0,12.273144522389142,0.6825902976197298
2022-05-30 00:00:00+00:00,-35.836944,-71.592777,160.0,open-meteo_ecmwf_ifs,daily,5.887,-2.613,8.87,-0.7609167,1.6751257,91.35434,0.0,12.197359920323983,0.5856646179036079
2022-05-31 00:00:00+00:00,-35.836944,-71.592777,160.0,open-meteo_ecmwf_ifs,daily,2.737,-4.063,7.13,-1.8963336,1.5456198,92.534294,0.0,12.124788901007484,0.4342460209822799
2022-06-01 00:00:00+00:00,-35.836944,-71.592777,160.0,open-meteo_ecmwf_ifs,daily,8.187,-3.613,8.69,-1.6859165,0.70104486,87.729004,0.0,12.055446570695743,0.5652241989027521
2022-06-02 00:00:00+00:00,-35.836944,-71.592777,160.0,open-meteo_ecmwf_ifs,daily,14.037001,1.037,9.64,2.751583,2.8940818,75.1496,0.5,11.989347102222935,1.1186205451337106
2022-06-03 00:00:00+00:00,-35.836944,-71.592777,160.0,open-meteo_ecmwf_ifs,daily,10.787001,6.937,0.86,6.809916,4.4124055,85.21362,32.0,11.92650375904341,0.7994954873581098
2022-06-04 00:00:00+00:00,-35.836944,-71.592777,160.0,open-meteo_ecmwf_ifs,daily,12.887,10.687,0.82,8.1536665,5.15937,79.25448,23.2,11.866928919048165,1.329356269428181
2022-06-05 00:00:00+00:00,-35.836944,-71.592777,160.0,open-meteo_ecmwf_ifs,daily,15.737,10.837001,3.66,8.1640835,3.534462,74.99507,2.8,11.810634098040476,1.506587245065801
2022-06-06 00:00:00+00:00,-35.836944,-71.592777,160.0,open-meteo_ecmwf_ifs,daily,15.087001,7.487,9.36,7.5828323,1.4142041,81.67774,0.1,11.75762997275742,0.8967765398605394
2022-06-07 00:00:00+00:00,-35.836944,-71.592777,160.0,open-meteo_ecmwf_ifs,daily,14.887,5.987,9.26,7.9328322,1.3484453,90.53717,0.0,11.707926403326189,0.7726460393949728
2022-06-08 00:00:00+00:00,-35.836944,-71.592777,160.0,open-meteo_ecmwf_ifs,daily,12.837001,5.137,5.86,7.4099174,1.4233876,90.90228,0.0,11.66153245504724,0.6264573045817743
2022-06-09 00:00:00+00:00,-35.836944,-71.592777,160.0,open-meteo_ecmwf_ifs,daily,15.037001,4.387,10.32,7.157833,2.576491,88.24738,0.0,11.618456419399317,0.8641816503226366
2022-06-10 00:00:00+00:00,-35.836944,-71.592777,160.0,open-meteo_ecmwf_ifs,daily,9.537001,-0.31300002,10.25,3.0974166,1.7251883,92.497375,0.0,11.578705834165879,0.5479911035420677
2022-06-11 00:00:00+00:00,-35.836944,-71.592777,160.0,open-meteo_ecmwf_ifs,daily,12.687,0.187,8.9,4.54325,1.1940974,90.81144,0.0,11.5422875025862,0.5860335784624842
2022-06-12 00:00:00+00:00,-35.836944,-71.592777,160.0,open-meteo_ecmwf_ifs,daily,8.287001,3.937,5.27,5.609916,1.58086,98.251976,0.4,11.509207511439909,0.4567915943868901
2022-06-13 00:00:00+00:00,-35.836944,-71.592777,160.0,open-meteo_ecmwf_ifs,daily,9.987,3.637,4.88,5.2495,1.1072947,95.37003,0.0,11.479471247978719,0.5443478326950639
2022-06-14 00:00:00+00:00,-35.836944,-71.592777,160.0,open-meteo_ecmwf_ifs,daily,13.337001,3.587,4.55,6.0744996,2.8387938,87.05844,6.8,11.453083415625091,0.774340330281431
2022-06-15 00:00:00+00:00,-35.836944,-71.592777,160.0,open-meteo_ecmwf_ifs,daily,13.737,6.287,9.01,6.80575,1.5888153,85.11802,4.4,11.43004804836379,0.8054556150865856
2022-06-16 00:00:00+00:00,-35.836944,-71.592777,160.0,open-meteo_ecmwf_ifs,daily,11.037001,4.137,7.14,5.426583,1.4409262,91.15374,0.0,11.410368523758924,0.6307538442772752
2022-06-17 00:00:00+00:00,-35.836944,-71.592777,160.0,open-meteo_ecmwf_ifs,daily,14.237,0.937,10.0,4.2245,2.4736931,84.71693,0.0,11.394047574536021,0.8443366028102978
2022-06-18 00:00:00+00:00,-35.836944,-71.592777,160.0,open-meteo_ecmwf_ifs,daily,10.437,4.737,7.55,6.0182495,2.408254,91.10269,0.0,11.381087298676103,0.623469611502387
2022-06-19 00:00:00+00:00,-35.836944,-71.592777,160.0,open-meteo_ecmwf_ifs,daily,8.437,4.237,2.61,5.7495003,1.1028917,96.339714,0.0,11.37148916797629,0.4481280091778288
2022-06-20 00:00:00+00:00,-35.836944,-71.592777,160.0,open-meteo_ecmwf_ifs,daily,10.537001,4.687,4.35,5.7932496,1.2458917,95.30599,0.0,11.365254035039278,0.576906983637716
2022-06-21 00:00:00+00:00,-35.836944,-71.592777,160.0,open-meteo_ecmwf_ifs,daily,14.487,5.587,8.52,5.737,2.078039,79.04609,0.0,11.3623821386622,0.9702899053298821
2022-06-22 00:00:00+00:00,-35.836944,-71.592777,160.0,open-meteo_ecmwf_ifs,daily,11.887,5.787,2.47,5.564083,2.2131178,81.36437,2.2999997,11.362873107603551,0.8367172641347178
2022-06-23 00:00:00+00:00,-35.836944,-71.592777,160.0,open-meteo_ecmwf_ifs,daily,11.787001,7.437,1.5,6.172416,6.130531,77.320656,21.699999,11.366725962715122,1.263413068526045
2022-06-24 00:00:00+00:00,-35.836944,-71.592777,160.0,open-meteo_ecmwf_ifs,daily,14.587001,8.287001,8.77,6.6119995,2.893858,76.30149,8.4,11.373939117434425,1.238307735209662
2022-06-25 00:00:00+00:00,-35.836944,-71.592777,160.0,open-meteo_ecmwf_ifs,daily,11.487,5.137,7.61,5.4161663,1.5777904,86.49179,0.90000004,11.384510376641348,0.7194439042722209
2022-06-26 00:00:00+00:00,-35.836944,-71.592777,160.0,open-meteo_ecmwf_ifs,daily,14.087001,3.787,7.28,6.2099166,2.23571,86.109276,0.0,11.398436933891308,0.7902937187110741
2022-06-27 00:00:00+00:00,-35.836944,-71.592777,160.0,open-meteo_ecmwf_ifs,daily,13.037001,3.387,8.61,5.920334,1.275684,88.42893,2.8,11.415715367045248,0.648805157596343
2022-06-28 00:00:00+00:00,-35.836944,-71.592777,160.0,open-meteo_ecmwf_ifs,daily,13.387,7.237,3.55,6.886999,2.7158515,79.76279,1.3,11.43634163232524,0.9678573064634262
2022-06-29 00:00:00+00:00,-35.836944,-71.592777,160.0,open-meteo_ecmwf_ifs,daily,11.537001,8.637,1.3,7.7536664,3.233507,85.95414,43.1,11.460311056832214,0.8196537238835965
2022-06-30 00:00:00+00:00,-35.836944,-71.592777,160.0,open-meteo_ecmwf_ifs,daily,8.587001,2.987,2.03,3.9682496,1.7812568,92.627144,1.7,11.48761832957019,0.5656235431776769
2022-07-01 00:00:00+00:00,-35.836944,-71.592777,160.0,open-meteo_ecmwf_ifs,daily,10.587001,7.287,4.58,6.3619995,4.59215,85.74598,49.700005,11.518257491028905,0.9416618497498817
2022-07-02 00:00:00+00:00,-35.836944,-71.592777,160.0,open-meteo_ecmwf_ifs,daily,11.987,1.287,8.75,3.745333,3.4920282,81.00956,7.8,11.5522219213839,0.8568851992502285
2022-07-03 00:00:00+00:00,-35.836944,-71.592777,160.0,open-meteo_ecmwf_ifs,daily,11.987,3.087,7.84,4.0307493,2.0186827,78.74305,5.5,11.58950432737986,0.821360733266897
2022-07-04 00:00:00+00:00,-35.836944,-71.592777,160.0,open-meteo_ecmwf_ifs,daily,13.437,5.887,8.37,5.526583,2.7273645,80.592155,8.8,11.630096727969724,1.0701612046904208
2022-07-05 00:00:00+00:00,-35.836944,-71.592777,160.0,open-meteo_ecmwf_ifs,daily,11.387,4.337,4.99,5.026583,2.1407967,84.78364,0.0,11.673990438787902,0.7714597692807207
2022-07-06 00:00:00+00:00,-35.836944,-71.592777,160.0,open-meteo_ecmwf_ifs,daily,10.287001,6.937,4.38,5.2640834,4.690949,81.1278,29.000002,11.721176055541726,1.104865782768346
2022-07-07 00:00:00+00:00,-35.836944,-71.592777,160.0,open-meteo_ecmwf_ifs,daily,12.037001,0.987,10.34,2.7015831,2.416467,83.30364,0.0,11.771643436410281,0.887526089751408
2022-07-08 00:00:00+00:00,-35.836944,-71.592777,160.0,open-meteo_ecmwf_ifs,daily,13.787001,0.937,8.26,4.051583,2.6381562,88.559235,0.0,11.82538168354478,0.8857066851827634
2022-07-09 00:00:00+00:00,-35.836944,-71.592777,160.0,open-meteo_ecmwf_ifs,daily,10.237,8.537001,0.61,6.391166,7.3503785,81.48002,34.5,11.882379123768292,1.207845565713097
2022-07-10 00:00:00+00:00,-35.836944,-71.592777,160.0,open-meteo_ecmwf_ifs,daily,9.937,6.187,3.68,5.4140835,4.3814006,82.757576,12.299999,11.942623288577053,0.9231207854974871
2022-07-11 00:00:00+00:00,-35.836944,-71.592777,160.0,open-meteo_ecmwf_ifs,daily,11.237,1.287,8.5,3.6286669,1.9066978,82.788635,2.3,12.006100893548108,0.7282689042342216
2022-07-12 00:00:00+00:00,-35.836944,-71.592777,160.0,open-meteo_ecmwf_ifs,daily,10.587001,5.887,2.22,5.0119996,1.853228,83.50076,1.6,12.072797817261112,0.7886973061601978
2022-07-13 00:00:00+00:00,-35.836944,-71.592777,160.0,open-meteo_ecmwf_ifs,daily,11.237,3.987,2.95,6.7057495,4.8122573,84.960785,23.399998,12.14269907984419,0.5409089477048423
2022-07-14 00:00:00+00:00,-35.836944,-71.592777,160.0,open-meteo_ecmwf_ifs,daily,9.637,2.087,6.03,2.9349165,3.4757566,88.57678,46.699997,12.215788821255272,0.8643347677810007
2022-07-15 00:00:00+00:00,-35.836944,-71.592777,160.0,open-meteo_ecmwf_ifs,daily,6.337,2.937,2.26,2.587,2.193328,86.06152,9.7,12.292050279411571,0.605737899243733
2022-07-16 00:00:00+00:00,-35.836944,-71.592777,160.0,open-meteo_ecmwf_ifs,daily,11.387,1.637,7.75,3.3619998,2.5717916,84.54418,3.7999997,12.37146576828051,0.8689234965312738
2022-07-17 00:00:00+00:00,-35.836944,-71.592777,160.0,open-meteo_ecmwf_ifs,daily,8.037001,6.187,0.71,4.0849166,3.6207235,81.006096,21.000002,12.454016656045388,0.8937392529935767
2022-07-18 00:00:00+00:00,-35.836944,-71.592777,160.0,open-meteo_ecmwf_ifs,daily,12.687,4.487,10.17,5.9995,1.9908308,87.47952,2.2999997,12.53968334345895,0.874463569273572
2022-07-19 00:00:00+00:00,-35.836944,-71.592777,160.0,open-meteo_ecmwf_ifs,daily,12.387,1.387,11.06,4.0453334,2.2351267,90.59257,0.0,12.62844524249709,0.8777343852758657
2022-07-20 00:00:00+00:00,-35.836944,-71.592777,160.0,open-meteo_ecmwf_ifs,daily,13.087001,-0.963,10.98,3.7870004,2.3322775,92.40452,0.0,12.720280755423667,0.8023235497425487
2022-07-21 00:00:00+00:00,-35.836944,-71.592777,160.0,open-meteo_ecmwf_ifs,daily,13.987,3.087,8.9,6.139084,2.3865712,91.23554,0.0,12.815167254375902,0.8826476727436606
2022-07-22 00:00:00+00:00,-35.836944,-71.592777,160.0,open-meteo_ecmwf_ifs,daily,15.687,3.937,10.72,8.05575,2.0269864,92.403435,0.0,12.913081061577623,0.8828883575743768
2022-07-23 00:00:00+00:00,-35.836944,-71.592777,160.0,open-meteo_ecmwf_ifs,daily,12.787001,7.387,3.42,8.853665,1.3938316,93.70164,0.0,13.013997430285213,0.6353864560670328
2022-07-24 00:00:00+00:00,-35.836944,-71.592777,160.0,open-meteo_ecmwf_ifs,daily,13.637,6.787,4.77,7.9703326,2.6826942,89.14191,0.0,13.117890526568441,0.868826434869032
2022-07-25 00:00:00+00:00,-35.836944,-71.592777,160.0,open-meteo_ecmwf_ifs,daily,15.137,7.687,6.87,7.8453336,4.490647,82.11265,0.2,13.224733412025104,1.36050845671607
2022-07-26 00:00:00+00:00,-35.836944,-71.592777,160.0,open-meteo_ecmwf_ifs,daily,13.087001,9.837001,2.32,8.705751,4.6464286,84.80265,51.6,13.33449802752504,1.099412921032251
2022-07-27 00:00:00+00:00,-35.836944,-71.592777,160.0,open-meteo_ecmwf_ifs,daily,13.687,6.337,8.96,7.7057495,1.4847838,88.89853,0.3,13.447155178075397,0.9155583958280122
2022-07-28 00:00:00+00:00,-35.836944,-71.592777,160.0,open-meteo_ecmwf_ifs,daily,15.637,1.187,12.73,4.2953334,2.4688609,79.882256,0.0,13.562674518894978,1.2156865724797645
2022-07-29 00:00:00+00:00,-35.836944,-71.592777,160.0,open-meteo_ecmwf_ifs,daily,10.837001,0.33699998,12.06,3.9515831,2.06001,92.201515,0.0,13.681024542781419,0.8187179823854464
2022-07-30 00:00:00+00:00,-35.836944,-71.592777,160.0,open-meteo_ecmwf_ifs,daily,13.537001,4.337,7.14,6.5599174,1.5807332,90.71963,0.0,13.80217256885041,0.8652249935811934
2022-07-31 00:00:00+00:00,-35.836944,-71.592777,160.0,open-meteo_ecmwf_ifs,daily,12.487,3.387,9.73,6.301583,1.6792587,90.90792,0.0,13.926084732721655,0.8549450227367901
2022-08-01 00:00:00+00:00,-35.836944,-71.592777,160.0,open-meteo_ecmwf_ifs,daily,12.237,5.437,7.16,6.6828327,1.5580578,90.18621,0.0,14.052725978221384,0.8561825788418539
2022-08-02 00:00:00+00:00,-35.836944,-71.592777,160.0,open-meteo_ecmwf_ifs,daily,12.737,1.937,12.1,4.989083,1.9110931,89.078026,0.0,14.182060050666475,0.9929803093272945
2022-08-03 00:00:00+00:00,-35.836944,-71.592777,160.0,open-meteo_ecmwf_ifs,daily,8.237,1.687,8.12,3.0203333,1.5122327,92.88625,0.1,14.314049491790076,0.7610311519414058
2022-08-04 00:00:00+00:00,-35.836944,-71.592777,160.0,open-meteo_ecmwf_ifs,daily,13.787001,1.237,11.49,3.9411666,1.9477881,87.40856,0.0,14.448655636363306,1.117030728603221
2022-08-05 00:00:00+00:00,-35.836944,-71.592777,160.0,open-meteo_ecmwf_ifs,daily,10.037001,3.137,4.53,5.659916,1.5631534,93.46734,1.0,14.585838610562854,0.6193320631146665
2022-08-06 00:00:00+00:00,-35.836944,-71.592777,160.0,open-meteo_ecmwf_ifs,daily,11.437,8.987,2.33,7.145333,4.648621,83.27344,37.600002,14.725557332128327,1.1461142423584008
2022-08-07 00:00:00+00:00,-35.836944,-71.592777,160.0,open-meteo_ecmwf_ifs,daily,13.237,7.637,9.22,5.976584,4.88021,77.715866,18.500002,14.86776951234833,1.6724735869172114
2022-08-08 00:00:00+00:00,-35.836944,-71.592777,160.0,open-meteo_ecmwf_ifs,daily,14.437,2.637,13.02,5.276583,2.595268,87.214745,1.1,15.012431659908554,1.282774867627887
2022-08-09 00:00:00+00:00,-35.836944,-71.592777,160.0,open-meteo_ecmwf_ifs,daily,13.437,-0.063,14.0,3.5099165,1.532925,84.8415,0.0,15.159499086629802,1.151389852701458
2022-08-10 00:00:00+00:00,-35.836944,-71.592777,160.0,open-meteo_ecmwf_ifs,daily,12.037001,3.687,10.47,5.632833,1.602941,91.3209,0.0,15.308925915118435,1.0248999178870146
2022-08-11 00:00:00+00:00,-35.836944,-71.592777,160.0,open-meteo_ecmwf_ifs,daily,12.787001,1.737,12.6,4.7099166,1.8810577,92.770256,0.0,15.46066508834616,1.1281793538636042
2022-08-12 00:00:00+00:00,-35.836944,-71.592777,160.0,open-meteo_ecmwf_ifs,daily,13.387,7.237,8.55,7.0057487,3.5190287,84.2147,1.3000001,15.614668381170647,1.3388984792063658
2022-08-13 00:00:00+00:00,-35.836944,-71.592777,160.0,open-meteo_ecmwf_ifs,daily,16.237,4.137,13.55,6.322417,2.9879792,81.1131,0.0,15.770886413803119,1.5640363051831125
2022-08-14 00:00:00+00:00,-35.836944,-71.592777,160.0,open-meteo_ecmwf_ifs,daily,11.037001,8.137,2.93,8.014083,4.3180957,89.253654,16.4,15.929268667223642,0.8048642171874362
2022-08-15 00:00:00+00:00,-35.836944,-71.592777,160.0,open-meteo_ecmwf_ifs,daily,12.737,4.137,10.38,3.9057496,2.7695122,78.33126,2.6999998,16.08976350053918,1.4351786483019442
2022-08-16 00:00:00+00:00,-35.836944,-71.592777,160.0,open-meteo_ecmwf_ifs,daily,8.987,7.887,0.83,5.8578334,5.5937405,84.11904,19.0,16.25231817027478,0.9885930070311056
2022-08-17 00:00:00+00:00,-35.836944,-71.592777,160.0,open-meteo_ecmwf_ifs,daily,11.937,2.237,13.37,3.6974163,3.1096332,81.48908,2.6,16.416878851582346,1.3719115060346931
2022-08-18 00:00:00+00:00,-35.836944,-71.592777,160.0,open-meteo_ecmwf_ifs,daily,13.937,1.287,15.59,1.9161667,3.9122894,71.405716,0.0,16.583390661346712,1.8713794165955855
2022-08-19 00:00:00+00:00,-35.836944,-71.592777,160.0,open-meteo_ecmwf_ifs,daily,13.837001,-0.713,13.88,3.7265832,1.8732625,88.333824,0.0,16.751797683163634,1.2638013643001331
2022-08-20 00:00:00+00:00,-35.836944,-71.592777,160.0,open-meteo_ecmwf_ifs,daily,17.587,5.037,14.46,7.8745008,3.1252935,90.85877,0.0,16.922042994158836,1.7128039822382786
2022-08-21 00:00:00+00:00,-35.836944,-71.592777,160.0,open-meteo_ecmwf_ifs,daily,16.987,5.687,14.08,7.957834,1.2860543,86.34887,0.6,17.094068693613192,1.554142229318763
2022-08-22 00:00:00+00:00,-35.836944,-71.592777,160.0,open-meteo_ecmwf_ifs,daily,15.287001,7.237,9.93,8.249499,1.7005235,87.69919,0.4,17.267815933353358,1.3398153538020054
2022-08-23 00:00:00+00:00,-35.836944,-71.592777,160.0,open-meteo_ecmwf_ifs,daily,14.187,6.987,9.08,8.1744995,2.0099616,89.93143,0.0,17.443224949863264,1.2301031732065895
2022-08-24 00:00:00+00:00,-35.836944,-71.592777,160.0,open-meteo_ecmwf_ifs,daily,14.987,5.037,9.64,7.5453334,2.674527,89.2517,1.4,17.620235098066914,1.279681048099448
2022-08-25 00:00:00+00:00,-35.836944,-71.592777,160.0,open-meteo_ecmwf_ifs,daily,16.087,3.937,14.75,6.793249,2.9813433,89.324486,0.3,17.798784886728537,1.6650998345056802
2022-08-26 00:00:00+00:00,-35.836944,-71.592777,160.0,open-meteo_ecmwf_ifs,daily,11.137,3.487,8.85,4.7765827,2.3228133,87.634,0.0,17.978812015411947,1.1308169938279888
2022-08-27 00:00:00+00:00,-35.836944,-71.592777,160.0,open-meteo_ecmwf_ifs,daily,15.737,1.487,17.58,4.5495,3.3856125,81.73179,0.0,18.160253412936882,1.8645027311046896
2022-08-28 00:00:00+00:00,-35.836944,-71.592777,160.0,open-meteo_ecmwf_ifs,daily,18.437,-0.263,17.8,4.1078334,2.5123878,83.951416,0.0,18.343045277265734,1.9585785910400995
2022-08-29 00:00:00+00:00,-35.836944,-71.592777,160.0,open-meteo_ecmwf_ifs,daily,18.637,4.887,16.12,7.953666,1.6400523,85.15045,0.0,18.527123116750868,1.8791840674408762
2022-08-30 00:00:00+00:00,-35.836944,-71.592777,160.0,open-meteo_ecmwf_ifs,daily,14.637,8.237,10.13,8.9661665,1.4633301,89.26824,0.6,18.712421792668362,1.3697404158064883
2022-08-31 00:00:00+00:00,-35.836944,-71.592777,160.0,open-meteo_ecmwf_ifs,daily,14.087001,7.637,7.53,8.11825,1.3184441,86.045746,0.0,18.89887556296114,1.1947924777777412
2022-09-01 00:00:00+00:00,-35.836944,-71.592777,160.0,open-meteo_ecmwf_ifs,daily,16.087,6.037,17.03,7.034916,2.5734303,81.174644,0.0,19.08641812711091,2.0289671812958376
2022-09-02 00:00:00+00:00,-35.836944,-71.592777,160.0,open-meteo_ecmwf_ifs,daily,20.786999,-0.813,18.71,4.8370004,2.3495767,78.821724,0.0,19.274982672055003,2.144854315356416
2022-09-03 00:00:00+00:00,-35.836944,-71.592777,160.0,open-meteo_ecmwf_ifs,daily,16.937,5.037,17.42,8.057835,1.189596,85.20549,0.0,19.46450191906196,1.9064385387537512
2022-09-04 00:00:00+00:00,-35.836944,-71.592777,160.0,open-meteo_ecmwf_ifs,daily,16.887,6.087,15.02,8.061999,1.1789168,89.68743,0.0,19.65490817147627,1.8107856123348332
2022-09-05 00:00:00+00:00,-35.836944,-71.592777,160.0,open-meteo_ecmwf_ifs,daily,18.187,5.287,14.65,9.3203335,1.2665603,92.11801,0.0,19.846133363240856,1.754713494075289
2022-09-06 00:00:00+00:00,-35.836944,-71.592777,160.0,open-meteo_ecmwf_ifs,daily,18.637,9.137,15.27,10.991168,1.7773489,88.74212,0.0,20.038109108103324,2.0058430038129007
2022-09-07 00:00:00+00:00,-35.836944,-71.592777,160.0,open-meteo_ecmwf_ifs,daily,11.887,7.887,2.17,7.06825,3.2098074,87.51322,22.599998,20.230766749409973,1.0198726462852605
2022-09-08 00:00:00+00:00,-35.836944,-71.592777,160.0,open-meteo_ecmwf_ifs,daily,12.287001,4.987,15.68,4.3244996,1.64473,79.44101,7.3999987,20.42403741039023,1.8218882444580948
2022-09-09 00:00:00+00:00,-35.836944,-71.592777,160.0,open-meteo_ecmwf_ifs,daily,15.587001,0.63699996,19.96,1.4036669,3.1832716,67.168045,0.0,20.617852044831974,2.413455474106705
2022-09-10 00:00:00+00:00,-35.836944,-71.592777,160.0,open-meteo_ecmwf_ifs,daily,15.787001,2.037,17.32,5.1786666,2.1051705,86.14924,0.0,20.812141488047793,1.9448608537164618
2022-09-11 00:00:00+00:00,-35.836944,-71.592777,160.0,open-meteo_ecmwf_ifs,daily,14.187,7.687,10.39,7.159916,2.246658,80.71836,0.1,21.006836508030535,1.6543557963525704
2022-09-12 00:00:00+00:00,-35.836944,-71.592777,160.0,open-meteo_ecmwf_ifs,daily,15.587001,3.237,18.16,5.8578334,1.4618082,82.50614,0.0,21.201867856696047,2.020221727879691
2022-09-13 00:00:00+00:00,-35.836944,-71.592777,160.0,open-meteo_ecmwf_ifs,daily,16.987,4.637,16.52,6.966167,1.2369833,80.77468,0.0,21.397166321110888,2.0181653497572647
2022-09-14 00:00:00+00:00,-35.836944,-71.592777,160.0,open-meteo_ecmwf_ifs,daily,19.286999,2.737,19.81,7.078666,1.9293417,83.07674,0.0,21.592662774601905,2.330329027996495
2022-09-15 00:00:00+00:00,-35.836944,-71.592777,160.0,open-meteo_ecmwf_ifs,daily,16.837,3.687,17.17,7.3828335,1.802976,85.45581,0.0,21.788288227645342,2.0025348803184566
2022-09-16 00:00:00+00:00,-35.836944,-71.592777,160.0,open-meteo_ecmwf_ifs,daily,14.987,7.687,8.34,8.334916,2.9974005,85.60529,0.2,21.983973878433254,1.5156847391294521
2022-09-17 00:00:00+00:00,-35.836944,-71.592777,160.0,open-meteo_ecmwf_ifs,daily,15.437,8.537001,10.97,8.691167,3.453681,84.31864,6.3999996,22.179651163015407,1.8165631301742242
2022-09-18 00:00:00+00:00,-35.836944,-71.592777,160.0,open-meteo_ecmwf_ifs,daily,13.087001,3.687,18.26,4.5349164,2.6785161,78.02662,5.1,22.375251804916545,2.0881468985469667
2022-09-19 00:00:00+00:00,-35.836944,-71.592777,160.0,open-meteo_ecmwf_ifs,daily,14.087001,-0.713,18.74,1.6703334,2.8646362,72.94047,0.0,22.570707864129012,2.127579184442059
2022-09-20 00:00:00+00:00,-35.836944,-71.592777,160.0,open-meteo_ecmwf_ifs,daily,12.087001,1.787,16.49,3.1328335,1.7552136,77.39181,6.0,22.765951785383514,1.8545427923613944
2022-09-21 00:00:00+00:00,-35.836944,-71.592777,160.0,open-meteo_ecmwf_ifs,daily,12.787001,2.137,18.64,3.8224165,1.0934981,80.275116,1.7000002,22.96091644560152,2.0199230490290963
2022-09-22 00:00:00+00:00,-35.836944,-71.592777,160.0,open-meteo_ecmwf_ifs,daily,17.937,2.837,21.34,3.970333,3.6474907,66.9954,0.0,23.155535200435406,2.893279137348885
2022-09-23 00:00:00+00:00,-35.836944,-71.592777,160.0,open-meteo_ecmwf_ifs,daily,18.487,8.137,14.02,8.822416,2.8866532,77.54937,0.1,23.349741929804907,2.3221136864124445
2022-09-24 00:00:00+00:00,-35.836944,-71.592777,160.0,open-meteo_ecmwf_ifs,daily,14.537001,8.887,10.17,9.89325,1.9389911,90.561554,14.4,23.54347108234053,1.5096208730651874
2022-09-25 00:00:00+00:00,-35.836944,-71.592777,160.0,open-meteo_ecmwf_ifs,daily,16.286999,7.837,16.59,9.0599165,1.8585073,84.98962,3.9999995,23.736657718648118,2.205167627671995
2022-09-26 00:00:00+00:00,-35.836944,-71.592777,160.0,open-meteo_ecmwf_ifs,daily,16.536999,5.237,19.49,6.36825,1.9363527,77.305786,0.0,23.9292375533114,2.497970006314151
2022-09-27 00:00:00+00:00,-35.836944,-71.592777,160.0,open-meteo_ecmwf_ifs,daily,19.937,4.187,22.52,8.289083,2.154992,82.5538,0.0,24.12114699555297,2.791780607390941
2022-09-28 00:00:00+00:00,-35.836944,-71.592777,160.0,open-meteo_ecmwf_ifs,daily,21.437,9.037001,21.82,10.476583,1.0751628,76.664635,0.0,24.312323188477965,3.0549035091129997
2022-09-29 00:00:00+00:00,-35.836944,-71.592777,160.0,open-meteo_ecmwf_ifs,daily,19.286999,9.687,14.8,11.6432495,1.8510929,88.140785,0.0,24.50270404682809,2.2372561926169214
2022-09-30 00:00:00+00:00,-35.836944,-71.592777,160.0,open-meteo_ecmwf_ifs,daily,20.637,9.387,20.46,11.407833,2.4224508,85.76249,0.0,24.692228293178324,2.921042102876586
2022-10-01 00:00:00+00:00,-35.836944,-71.592777,160.0,open-meteo_ecmwf_ifs,daily,20.437,8.087001,18.21,10.728668,1.9503046,85.84963,0.0,24.88083549251271,2.6327978586109206
2022-10-02 00:00:00+00:00,-35.836944,-71.592777,160.0,open-meteo_ecmwf_ifs,daily,20.987,7.987,20.22,10.757834,1.0805097,85.1888,0.0,25.068466085119876,2.836377223698238
2022-10-03 00:00:00+00:00,-35.836944,-71.592777,160.0,open-meteo_ecmwf_ifs,daily,15.187,9.537001,5.25,9.082833,3.089203,85.70236,0.90000004,25.255061417754384,1.4499119466716026
2022-10-04 00:00:00+00:00,-35.836944,-71.592777,160.0,open-meteo_ecmwf_ifs,daily,13.237,10.087001,4.75,7.997416,1.0248786,80.51946,11.0,25.440563773014023,1.1839569491313016
2022-10-05 00:00:00+00:00,-35.836944,-71.592777,160.0,open-meteo_ecmwf_ifs,daily,18.087,5.037,20.93,7.1078334,1.8460889,81.16302,0.0,25.62491639688897,2.7570159044436884
2022-10-06 00:00:00+00:00,-35.836944,-71.592777,160.0,open-meteo_ecmwf_ifs,daily,15.587001,8.637,8.51,7.2745,1.9523989,78.97587,0.0,25.808063524443565,1.7967729820220055
2022-10-07 00:00:00+00:00,-35.836944,-71.592777,160.0,open-meteo_ecmwf_ifs,daily,16.437,6.487,9.86,9.097417,2.1825516,88.02563,20.7,25.989950403596584,1.6057481691827575
2022-10-08 00:00:00+00:00,-35.836944,-71.592777,160.0,open-meteo_ecmwf_ifs,daily,15.937,3.187,25.25,4.5015826,3.7520888,71.59621,3.8999999,26.170523316972158,3.0364602025662175
2022-10-09 00:00:00+00:00,-35.836944,-71.592777,160.0,open-meteo_ecmwf_ifs,daily,20.286999,0.537,25.84,4.5036664,3.2887228,74.33294,0.0,26.349729601797833,3.280714629230057
2022-10-10 00:00:00+00:00,-35.836944,-71.592777,160.0,open-meteo_ecmwf_ifs,daily,19.487,5.037,24.3,7.8911667,1.5455853,80.16106,0.0,26.527517667833077,3.1569186158373332
2022-10-11 00:00:00+00:00,-35.836944,-71.592777,160.0,open-meteo_ecmwf_ifs,daily,18.437,6.587,18.62,8.587,2.360327,82.248344,0.0,26.70383701331636,2.664270562769191
2022-10-12 00:00:00+00:00,-35.836944,-71.592777,160.0,open-meteo_ecmwf_ifs,daily,18.487,5.987,22.54,7.6390834,4.162176,78.66933,0.0,26.87863823892507,3.1207975557029695
2022-10-13 00:00:00+00:00,-35.836944,-71.592777,160.0,open-meteo_ecmwf_ifs,daily,18.437,2.787,26.3,4.0661664,4.951708,68.04879,0.0,27.05187305974812,3.560540369980223
2022-10-14 00:00:00+00:00,-35.836944,-71.592777,160.0,open-meteo_ecmwf_ifs,daily,21.036999,2.537,25.96,5.5411663,3.572049,71.16841,0.0,27.22349431527694,3.5693614444824258
2022-10-15 00:00:00+00:00,-35.836944,-71.592777,160.0,open-meteo_ecmwf_ifs,daily,24.487,7.337,26.58,9.772417,1.4692373,75.53283,0.0,27.393455977426083,3.928215409471123
2022-10-16 00:00:00+00:00,-35.836944,-71.592777,160.0,open-meteo_ecmwf_ifs,daily,22.187,9.637,21.06,11.220334,1.9506254,81.473465,0.0,27.56171315660053,3.314067825469359
2022-10-17 00:00:00+00:00,-35.836944,-71.592777,160.0,open-meteo_ecmwf_ifs,daily,20.437,7.487,18.2,9.43075,2.7381341,78.49984,0.0,27.728222105832216,2.8981218706209853
2022-10-18 00:00:00+00:00,-35.836944,-71.592777,160.0,open-meteo_ecmwf_ifs,daily,20.137,9.437,18.75,9.155751,1.9782387,75.34058,0.4,27.892940223013973,3.0837461276286935
2022-10-19 00:00:00+00:00,-35.836944,-71.592777,160.0,open-meteo_ecmwf_ifs,daily,18.987,8.337001,14.59,9.226584,2.057931,79.40475,0.2,28.05582605126422,2.4785299386925814
2022-10-20 00:00:00+00:00,-35.836944,-71.592777,160.0,open-meteo_ecmwf_ifs,daily,21.887,7.537,25.61,9.203668,2.5211914,78.38273,0.0,28.216839277461407,3.7946512682571165
2022-10-21 00:00:00+00:00,-35.836944,-71.592777,160.0,open-meteo_ecmwf_ifs,daily,20.337,10.237,25.21,9.626582,3.5461013,73.73614,1.8,28.375940728991957,3.9334414747289337
2022-10-22 00:00:00+00:00,-35.836944,-71.592777,160.0,open-meteo_ecmwf_ifs,daily,23.036999,6.387,27.12,8.503667,1.860549,72.34795,0.0,28.533092368760503,3.9661021211213656
2022-10-23 00:00:00+00:00,-35.836944,-71.592777,160.0,open-meteo_ecmwf_ifs,daily,20.286999,6.087,25.43,7.153667,1.6584921,70.16472,0.0,28.68825728851618,3.6040499946073368
2022-10-24 00:00:00+00:00,-35.836944,-71.592777,160.0,open-meteo_ecmwf_ifs,daily,22.536999,4.437,28.02,6.432834,2.4554863,66.31794,0.0,28.841399700552966,4.047500060343702
2022-10-25 00:00:00+00:00,-35.836944,-71.592777,160.0,open-meteo_ecmwf_ifs,daily,21.387,8.337001,23.86,8.887001,2.8868067,71.9374,0.3,28.992484927846448,3.77614086990948
2022-10-26 00:00:00+00:00,-35.836944,-71.592777,160.0,open-meteo_ecmwf_ifs,daily,22.286999,10.187,25.53,9.318251,2.0626857,68.5149,0.1,29.141479392693817,4.10930458066116
2022-10-27 00:00:00+00:00,-35.836944,-71.592777,160.0,open-meteo_ecmwf_ifs,daily,23.536999,7.737,28.28,8.551582,3.0052776,67.96473,0.0,29.288350603926748,4.454809152434307
2022-10-28 00:00:00+00:00,-35.836944,-71.592777,160.0,open-meteo_ecmwf_ifs,daily,18.637,9.987,12.82,7.9244995,2.0581834,70.105316,0.3,29.43306714277166,2.6073006915514143
2022-10-29 00:00:00+00:00,-35.836944,-71.592777,160.0,open-meteo_ecmwf_ifs,daily,22.637,9.287001,22.13,10.553666,3.043828,73.22383,0.2,29.575598647433523,3.702976958208327
2022-10-30 00:00:00+00:00,-35.836944,-71.592777,160.0,open-meteo_ecmwf_ifs,daily,17.437,3.787,29.19,2.5245001,6.164496,56.507202,1.0,29.715915796483646,4.204560443232973
2022-10-31 00:00:00+00:00,-35.836944,-71.592777,160.0,open-meteo_ecmwf_ifs,daily,26.637,6.587,30.47,-3.9713337,5.1344433,26.05564,0.0,29.85399029113328,6.79363605706241
2022-11-01 00:00:00+00:00,-35.836944,-71.592777,160.0,open-meteo_ecmwf_ifs,daily,31.437,6.937,30.27,2.96825,2.9608514,34.89842,0.0,29.989794836477756,6.001336116652566
2022-11-02 00:00:00+00:00,-35.836944,-71.592777,160.0,open-meteo_ecmwf_ifs,daily,27.887,9.937,29.59,8.657833,2.1328752,54.474075,0.0,30.12330312179743,5.20259035200582
2022-11-03 00:00:00+00:00,-35.836944,-71.592777,160.0,open-meteo_ecmwf_ifs,daily,25.837,8.537001,28.9,9.641167,1.9464331,66.0337,0.0,30.254489800003043,4.678422690067364
2022-11-04 00:00:00+00:00,-35.836944,-71.592777,160.0,open-meteo_ecmwf_ifs,daily,23.137,8.837001,26.31,9.476583,2.2293298,70.18574,0.0,30.38333046631457,4.21467421045209
2022-11-05 00:00:00+00:00,-35.836944,-71.592777,160.0,open-meteo_ecmwf_ifs,daily,23.087,8.087001,28.26,8.051583,1.2225982,63.380962,0.0,30.50980163626273,4.2995764205774565
2022-11-06 00:00:00+00:00,-35.836944,-71.592777,160.0,open-meteo_ecmwf_ifs,daily,25.087,6.687,28.46,8.955749,2.3752668,67.91517,0.0,30.633880723103214,4.4916462715837495
2022-11-07 00:00:00+00:00,-35.836944,-71.592777,160.0,open-meteo_ecmwf_ifs,daily,27.137,8.487,29.11,10.462,1.9865313,66.742226,0.0,30.755546014733294,4.80795432614882
2022-11-08 00:00:00+00:00,-35.836944,-71.592777,160.0,open-meteo_ecmwf_ifs,daily,23.737,13.187,23.5,11.459916,3.5126727,65.18816,0.0,30.874776650199806,4.50998466128316
2022-11-09 00:00:00+00:00,-35.836944,-71.592777,160.0,open-meteo_ecmwf_ifs,daily,18.286999,12.487,9.17,9.376584,3.0441408,73.19221,11.1,30.99155259588731,2.5136129610625604
2022-11-10 00:00:00+00:00,-35.836944,-71.592777,160.0,open-meteo_ecmwf_ifs,daily,21.187,9.087001,19.95,9.947417,1.8257333,77.24851,2.7,31.10585462147317,3.3122489518772835
2022-11-11 00:00:00+00:00,-35.836944,-71.592777,160.0,open-meteo_ecmwf_ifs,daily,20.887,12.087001,20.98,8.484916,4.3638496,62.264084,0.3,31.217664275735075,4.329199673246372
2022-11-12 00:00:00+00:00,-35.836944,-71.592777,160.0,open-meteo_ecmwf_ifs,daily,16.187,11.787001,13.9,10.712001,4.0194135,84.54948,42.400005,31.326963862294868,2.4518285491138854
2022-11-13 00:00:00+00:00,-35.836944,-71.592777,160.0,open-meteo_ecmwf_ifs,daily,21.187,8.437,27.66,8.8099165,2.325963,70.62133,0.0,31.433736415379403,4.220005880513795
2022-11-14 00:00:00+00:00,-35.836944,-71.592777,160.0,open-meteo_ecmwf_ifs,daily,22.887,8.337001,29.57,10.272417,2.7423875,74.998116,0.0,31.53796567567732,4.473235901388727
2022-11-15 00:00:00+00:00,-35.836944,-71.592777,160.0,open-meteo_ecmwf_ifs,daily,27.036999,10.337001,30.16,12.65575,3.6718633,73.17636,0.0,31.63963606636697,5.13918020905044
2022-11-16 00:00:00+00:00,-35.836944,-71.592777,160.0,open-meteo_ecmwf_ifs,daily,26.786999,10.937,28.86,13.412,2.8222067,76.60554,0.0,31.73873266938796,4.882437289782104
2022-11-17 00:00:00+00:00,-35.836944,-71.592777,160.0,open-meteo_ecmwf_ifs,daily,27.487,11.787001,28.8,13.697415,2.2212908,75.82543,0.0,31.835241202024843,4.996786189733089
2022-11-18 00:00:00+00:00,-35.836944,-71.592777,160.0,open-meteo_ecmwf_ifs,daily,26.387,12.037001,28.32,12.5745,3.7125828,72.16642,0.2,31.929147993867833,5.143343740622913
2022-11-19 00:00:00+00:00,-35.836944,-71.592777,160.0,open-meteo_ecmwf_ifs,daily,24.437,11.737,29.58,10.766167,4.0759387,68.02433,0.0,32.02043996421136,5.260527484475841
2022-11-20 00:00:00+00:00,-35.836944,-71.592777,160.0,open-meteo_ecmwf_ifs,daily,25.137,8.837001,32.47,7.499499,4.242634,57.84873,0.0,32.109104599947145,5.715693603151653
2022-11-21 00:00:00+00:00,-35.836944,-71.592777,160.0,open-meteo_ecmwf_ifs,daily,28.837,9.787001,31.92,8.837002,2.5521967,57.88622,0.0,32.19512993400374,5.796672088773358
2022-11-22 00:00:00+00:00,-35.836944,-71.592777,160.0,open-meteo_ecmwf_ifs,daily,30.487,9.987,30.81,11.4036665,3.2687664,64.56287,0.0,32.27850452438036,5.8380087710957245
2022-11-23 00:00:00+00:00,-35.836944,-71.592777,160.0,open-meteo_ecmwf_ifs,daily,30.237,12.437,30.84,11.901584,4.101487,59.39419,0.0,32.359217433818074,6.304698330589882
2022-11-24 00:00:00+00:00,-35.836944,-71.592777,160.0,open-meteo_ecmwf_ifs,daily,27.687,12.987,29.49,14.030751,2.5137775,67.352394,0.0,32.43725821014636,5.284063406555322
2022-11-25 00:00:00+00:00,-35.836944,-71.592777,160.0,open-meteo_ecmwf_ifs,daily,30.737,11.487,31.15,13.291165,1.9475986,63.27878,0.0,32.512616867339005,5.648362585103257
2022-11-26 00:00:00+00:00,-35.836944,-71.592777,160.0,open-meteo_ecmwf_ifs,daily,32.037,13.087001,31.13,14.451584,1.1420066,63.216618,0.0,32.585283867307936,5.673308555631035
2022-11-27 00:00:00+00:00,-35.836944,-71.592777,160.0,open-meteo_ecmwf_ifs,daily,31.137,13.337001,31.1,14.5807495,2.5492775,65.37576,0.0,32.65525010245945,5.930439992023572
2022-11-28 00:00:00+00:00,-35.836944,-71.592777,160.0,open-meteo_ecmwf_ifs,daily,28.837,13.787001,25.17,14.289084,1.8059393,72.74857,0.0,32.72250687903234,4.8260735929856295
2022-11-29 00:00:00+00:00,-35.836944,-71.592777,160.0,open-meteo_ecmwf_ifs,daily,27.637,12.587001,29.4,12.764081,1.6917721,66.391014,0.0,32.78704590123314,5.223239226986356
2022-11-30 00:00:00+00:00,-35.836944,-71.592777,160.0,open-meteo_ecmwf_ifs,daily,25.337,11.637,29.5,9.978665,2.2111938,61.014416,0.0,32.84885925617958,5.203383360462227
2022-12-01 00:00:00+00:00,-35.836944,-71.592777,160.0,open-meteo_ecmwf_ifs,daily,28.137,10.587001,32.86,7.3724155,2.9330425,50.88646,0.0,32.90793939965878,6.193823848481022
2022-12-02 00:00:00+00:00,-35.836944,-71.592777,160.0,open-meteo_ecmwf_ifs,daily,29.337,10.687,32.64,7.5661664,1.8539299,50.655025,0.0,32.96427914270347,5.914311915948861
2022-12-03 00:00:00+00:00,-35.836944,-71.592777,160.0,open-meteo_ecmwf_ifs,daily,29.637,12.287001,31.77,10.522417,2.7920363,55.621586,0.0,33.01787163898522,6.163173028942353
2022-12-04 00:00:00+00:00,-35.836944,-71.592777,160.0,open-meteo_ecmwf_ifs,daily,30.987,11.937,32.92,8.2786665,3.4578578,49.01408,0.0,33.068710373021005,6.8656450112588825
2022-12-05 00:00:00+00:00,-35.836944,-71.592777,160.0,open-meteo_ecmwf_ifs,daily,30.687,12.387,32.96,7.9765835,2.5052116,46.33084,0.0,33.116789149185855,6.528177580518744
2022-12-06 00:00:00+00:00,-35.836944,-71.592777,160.0,open-meteo_ecmwf_ifs,daily,31.937,13.137,32.88,9.095334,3.646057,48.97745,0.0,33.162102081522,7.162658609153297
2022-12-07 00:00:00+00:00,-35.836944,-71.592777,160.0,open-meteo_ecmwf_ifs,daily,27.837,13.237,26.18,7.8349156,2.838443,43.50789,0.0,33.204643584332416,5.698697305442784
2022-12-08 00:00:00+00:00,-35.836944,-71.592777,160.0,open-meteo_ecmwf_ifs,daily,30.487,12.737,29.86,12.66825,2.5926547,62.826878,0.0,33.244408363544906,5.851035650612525
2022-12-09 00:00:00+00:00,-35.836944,-71.592777,160.0,open-meteo_ecmwf_ifs,daily,30.837,15.487,30.92,13.759915,3.0216177,61.22519,0.0,33.281391408830864,6.395876948683901
2022-12-10 00:00:00+00:00,-35.836944,-71.592777,160.0,open-meteo_ecmwf_ifs,daily,32.387,13.437,32.96,9.451584,4.597485,51.75507,0.0,33.315587986462276,7.619243255492393
2022-12-11 00:00:00+00:00,-35.836944,-71.592777,160.0,open-meteo_ecmwf_ifs,daily,30.087,13.837001,33.56,5.5640836,5.8252873,37.591236,0.0,33.346993632888996,8.328265358348652
2022-12-12 00:00:00+00:00,-35.836944,-71.592777,160.0,open-meteo_ecmwf_ifs,daily,28.837,10.837001,33.26,5.3557496,5.68479,42.558475,0.0,33.37560414901852,7.494048427517721
2022-12-13 00:00:00+00:00,-35.836944,-71.592777,160.0,open-meteo_ecmwf_ifs,daily,31.437,10.587001,32.93,9.178667,3.2825963,52.997578,0.0,33.40141559518009,6.611825526485694
2022-12-14 00:00:00+00:00,-35.836944,-71.592777,160.0,open-meteo_ecmwf_ifs,daily,29.937,14.737,32.65,10.470334,3.3877223,52.061703,0.0,33.4244242867552,6.8599508344337154
2022-12-15 00:00:00+00:00,-35.836944,-71.592777,160.0,open-meteo_ecmwf_ifs,daily,34.437,15.437,33.4,8.899499,4.494297,41.925663,0.0,33.44462679045766,8.364700967253079
2022-12-16 00:00:00+00:00,-35.836944,-71.592777,160.0,open-meteo_ecmwf_ifs,daily,33.237,13.787001,32.01,11.2682495,2.7582529,51.70847,0.0,33.462019921246785,6.7764855804006405
2022-12-17 00:00:00+00:00,-35.836944,-71.592777,160.0,open-meteo_ecmwf_ifs,daily,29.837,12.687,31.1,11.228665,2.147256,58.797516,0.0,33.4766007398591,5.927074358935699
2022-12-18 00:00:00+00:00,-35.836944,-71.592777,160.0,open-meteo_ecmwf_ifs,daily,31.337,14.387,32.73,9.882834,1.803433,47.92728,0.0,33.48836655094511,6.380513037177819
2022-12-19 00:00:00+00:00,-35.836944,-71.592777,160.0,open-meteo_ecmwf_ifs,daily,29.687,13.537001,32.5,8.25575,2.841219,45.44354,0.0,33.49731490179994,6.646554472635248
2022-12-20 00:00:00+00:00,-35.836944,-71.592777,160.0,open-meteo_ecmwf_ifs,daily,29.087,11.787001,32.68,7.339083,1.8226658,50.144726,0.0,33.50344358167798,6.032724624637942
2022-12-21 00:00:00+00:00,-35.836944,-71.592777,160.0,open-meteo_ecmwf_ifs,daily,29.887,13.437,32.59,10.6224165,2.597707,55.840244,0.0,33.506750621684745,6.394287124698574
2022-12-22 00:00:00+00:00,-35.836944,-71.592777,160.0,open-meteo_ecmwf_ifs,daily,29.036999,13.187,28.4,9.428668,2.6562083,52.95619,0.1,33.507234295240764,5.888814789500494
2022-12-23 00:00:00+00:00,-35.836944,-71.592777,160.0,open-meteo_ecmwf_ifs,daily,27.387,11.737,33.27,6.662,4.8875747,48.86804,0.0,33.504893119115,6.993009658469189
2022-12-24 00:00:00+00:00,-35.836944,-71.592777,160.0,open-meteo_ecmwf_ifs,daily,34.437,8.137,32.95,6.1786666,3.297746,45.378445,0.0,33.49972585502786,6.959629138934768
2022-12-25 00:00:00+00:00,-35.836944,-71.592777,160.0,open-meteo_ecmwf_ifs,daily,34.187,14.387,32.41,7.678667,3.5245714,36.368443,0.0,33.491731511826,7.683979778371085
2022-12-26 00:00:00+00:00,-35.836944,-71.592777,160.0,open-meteo_ecmwf_ifs,daily,27.837,14.287001,25.07,11.095332,3.1450956,57.453228,0.0,33.480909348233986,5.486826049196073
2022-12-27 00:00:00+00:00,-35.836944,-71.592777,160.0,open-meteo_ecmwf_ifs,daily,30.786999,13.937,30.48,11.826581,2.7248192,57.59248,0.0,33.467258876189625,6.247135498144224
2022-12-28 00:00:00+00:00,-35.836944,-71.592777,160.0,open-meteo_ecmwf_ifs,daily,31.687,12.837001,33.4,4.24325,3.4505148,33.998283,0.0,33.45077986477263,7.477150251626181
2022-12-29 00:00:00+00:00,-35.836944,-71.592777,160.0,open-meteo_ecmwf_ifs,daily,35.336998,12.837001,32.84,7.328667,2.280259,40.363224,0.0,33.43147234473763,6.970903132784043
2022-12-30 00:00:00+00:00,-35.836944,-71.592777,160.0,open-meteo_ecmwf_ifs,daily,31.987,14.487,32.44,9.401584,2.5636768,43.204945,0.0,33.409336613664976,6.806982610873197
2022-12-31 00:00:00+00:00,-35.836944,-71.592777,160.0,open-meteo_ecmwf_ifs,daily,26.536999,14.937,13.46,12.2682495,4.718241,61.99222,0.3,33.38437324174392,4.357700165462512
2023-01-01 00:00:00+00:00,-35.836944,-71.592777,160.0,open-meteo_ecmwf_ifs,daily,28.187,12.887,31.83,10.203668,2.2156446,58.944626,0.0,33.35658307820425,5.942874809774163
2023-01-02 00:00:00+00:00,-35.836944,-71.592777,160.0,open-meteo_ecmwf_ifs,daily,29.237,12.437,32.88,8.182833,3.8529625,51.16271,0.0,33.325967258413414,6.849524335042105
2023-01-03 00:00:00+00:00,-35.836944,-71.592777,160.0,open-meteo_ecmwf_ifs,daily,29.737,12.037001,32.85,6.6370006,4.583654,43.582493,0.0,33.29252721165685,7.2912532102363325
2023-01-04 00:00:00+00:00,-35.836944,-71.592777,160.0,open-meteo_ecmwf_ifs,daily,34.387,12.637,32.47,9.928666,2.8050451,48.485004,0.0,33.25626466961939,6.938357975128364
2023-01-05 00:00:00+00:00,-35.836944,-71.592777,160.0,open-meteo_ecmwf_ifs,daily,30.187,15.187,31.09,12.126583,3.5833514,54.718784,0.0,33.21718167558599,6.640294459670066
2023-01-06 00:00:00+00:00,-35.836944,-71.592777,160.0,open-meteo_ecmwf_ifs,daily,31.286999,15.087001,31.69,12.889084,2.2537913,58.123135,0.0,33.1752805943787,6.328221065035819
2023-01-07 00:00:00+00:00,-35.836944,-71.592777,160.0,open-meteo_ecmwf_ifs,daily,32.586998,13.787001,31.99,11.728665,2.0819962,55.152176,0.0,33.130564123047265,6.366672725268306
2023-01-08 00:00:00+00:00,-35.836944,-71.592777,160.0,open-meteo_ecmwf_ifs,daily,33.637,14.087001,31.84,11.232835,2.306433,50.923447,0.0,33.0830353023281,6.611615072652044
2023-01-09 00:00:00+00:00,-35.836944,-71.592777,160.0,open-meteo_ecmwf_ifs,daily,30.587,14.287001,31.42,11.628667,1.98886,56.44808,0.0,33.032697528885905,6.105973203172903
2023-01-10 00:00:00+00:00,-35.836944,-71.592777,160.0,open-meteo_ecmwf_ifs,daily,29.887,18.036999,23.84,11.722417,2.0039303,52.0815,0.5,32.97955456834944,5.428261410995554
2023-01-11 00:00:00+00:00,-35.836944,-71.592777,160.0,open-meteo_ecmwf_ifs,daily,29.387,12.337001,31.84,2.364083,4.060922,32.10142,0.0,32.92361056915107,7.367083896052799
2023-01-12 00:00:00+00:00,-35.836944,-71.592777,160.0,open-meteo_ecmwf_ifs,daily,29.237,10.687,32.91,3.1599166,3.4418354,38.247383,0.0,32.864870077176626,6.87317073610603
2023-01-13 00:00:00+00:00,-35.836944,-71.592777,160.0,open-meteo_ecmwf_ifs,daily,30.786999,11.037001,32.57,5.212,2.6639946,41.253456,0.0,32.803338051229204,6.5567057924187155
2023-01-14 00:00:00+00:00,-35.836944,-71.592777,160.0,open-meteo_ecmwf_ifs,daily,29.036999,12.987,31.8,7.5245004,2.1244872,44.44224,0.0,32.739019879307094,6.11401396010484
2023-01-15 00:00:00+00:00,-35.836944,-71.592777,160.0,open-meteo_ecmwf_ifs,daily,31.087,13.037001,32.04,7.328667,2.4667957,42.86038,0.0,32.671921395692294,6.523349297724647
2023-01-16 00:00:00+00:00,-35.836944,-71.592777,160.0,open-meteo_ecmwf_ifs,daily,31.737,12.987,31.5,8.014083,2.6174424,42.318237,0.0,32.60204889884222,6.556462203432597
2023-01-17 00:00:00+00:00,-35.836944,-71.592777,160.0,open-meteo_ecmwf_ifs,daily,29.387,13.337001,31.1,8.9349165,2.0759385,47.62997,0.0,32.5294091700727,5.9957168721268435
2023-01-18 00:00:00+00:00,-35.836944,-71.592777,160.0,open-meteo_ecmwf_ifs,daily,33.086998,12.087001,31.88,9.066167,1.8496915,48.2412,0.0,32.45400949301641,6.195932503579456
2023-01-19 00:00:00+00:00,-35.836944,-71.592777,160.0,open-meteo_ecmwf_ifs,daily,27.387,13.737,31.09,10.76825,3.549497,55.161423,0.0,32.37585767383586,6.120181818491568
2023-01-20 00:00:00+00:00,-35.836944,-71.592777,160.0,open-meteo_ecmwf_ifs,daily,27.887,13.787001,28.31,11.270332,1.9390928,58.946697,0.0,32.2949620621657,5.357812017537906
2023-01-21 00:00:00+00:00,-35.836944,-71.592777,160.0,open-meteo_ecmwf_ifs,daily,31.437,12.887,31.72,9.186999,2.9933774,50.30392,0.0,32.21133157275414,6.593654371521801
2023-01-22 00:00:00+00:00,-35.836944,-71.592777,160.0,open-meteo_ecmwf_ifs,daily,34.137,13.837001,31.6,8.870334,2.856126,45.338318,0.0,32.12497570776827,6.965866496639128
2023-01-23 00:00:00+00:00,-35.836944,-71.592777,160.0,open-meteo_ecmwf_ifs,daily,33.737,14.437,31.09,10.522417,2.572718,47.15251,0.0,32.035904579723656,6.667437140130599
2023-01-24 00:00:00+00:00,-35.836944,-71.592777,160.0,open-meteo_ecmwf_ifs,daily,28.837,14.887,27.13,12.21825,2.5584717,59.43535,0.1,31.94412893499317,5.541505697100559
2023-01-25 00:00:00+00:00,-35.836944,-71.592777,160.0,open-meteo_ecmwf_ifs,daily,28.937,12.237,31.08,7.7724156,3.1452425,45.54246,0.0,31.849660177845706,6.285382033539864
2023-01-26 00:00:00+00:00,-35.836944,-71.592777,160.0,open-meteo_ecmwf_ifs,daily,28.337,11.737,30.79,7.3411655,2.2407734,48.025585,0.0,31.75251039496029,5.794925070628264
2023-01-27 00:00:00+00:00,-35.836944,-71.592777,160.0,open-meteo_ecmwf_ifs,daily,31.137,12.087001,31.31,6.7765827,3.336305,44.47559,0.0,31.652692380356886,6.7191869012868315
2023-01-28 00:00:00+00:00,-35.836944,-71.592777,160.0,open-meteo_ecmwf_ifs,daily,33.637,11.387,31.23,8.707833,2.7414272,47.485096,0.0,31.550219660680614,6.493613643285325
2023-01-29 00:00:00+00:00,-35.836944,-71.592777,160.0,open-meteo_ecmwf_ifs,daily,32.687,14.387,30.04,11.29325,2.424815,48.243134,0.0,31.44510652077186,6.257913200470708
2023-01-30 00:00:00+00:00,-35.836944,-71.592777,160.0,open-meteo_ecmwf_ifs,daily,33.487,16.036999,30.26,12.218247,2.4676483,51.262516,0.0,31.337368029450676,6.5033287651702505
2023-01-31 00:00:00+00:00,-35.836944,-71.592777,160.0,open-meteo_ecmwf_ifs,daily,31.536999,14.287001,30.66,10.014083,2.943839,49.03127,0.0,31.227020065440552,6.501230929599416
2023-02-01 00:00:00+00:00,-35.836944,-71.592777,160.0,open-meteo_ecmwf_ifs,daily,32.437,13.987,30.5,7.889084,2.426173,42.11189,0.0,31.114079343352625,6.414587217251112
2023-02-02 00:00:00+00:00,-35.836944,-71.592777,160.0,open-meteo_ecmwf_ifs,daily,36.287,12.687,30.39,7.7265835,4.084286,41.767223,0.0,30.99856343964852,7.6336416758678265
2023-02-03 00:00:00+00:00,-35.836944,-71.592777,160.0,open-meteo_ecmwf_ifs,daily,35.737,15.737,29.08,11.437,1.7936579,45.264385,0.0,30.880490818497396,6.156621539440599
2023-02-04 00:00:00+00:00,-35.836944,-71.592777,160.0,open-meteo_ecmwf_ifs,daily,32.987,15.637,29.37,12.64325,2.7535172,53.288605,0.0,30.75988085743968,6.352306612734368
2023-02-05 00:00:00+00:00,-35.836944,-71.592777,160.0,open-meteo_ecmwf_ifs,daily,32.287,16.786999,29.01,13.33075,1.9085412,54.248287,0.0,30.636753872768534,5.919057582097504
2023-02-06 00:00:00+00:00,-35.836944,-71.592777,160.0,open-meteo_ecmwf_ifs,daily,32.487,15.537001,29.83,11.687,2.1093423,51.55598,0.0,30.511131144537924,6.088924068885792
2023-02-07 00:00:00+00:00,-35.836944,-71.592777,160.0,open-meteo_ecmwf_ifs,daily,33.137,15.287001,29.3,10.397416,2.133476,44.99452,0.0,30.38303494110491,6.1255090529704885
2023-02-08 00:00:00+00:00,-35.836944,-71.592777,160.0,open-meteo_ecmwf_ifs,daily,34.287,14.187,29.61,7.9224167,2.180303,39.97121,0.0,30.25248854311276,6.28046924422354
2023-02-09 00:00:00+00:00,-35.836944,-71.592777,160.0,open-meteo_ecmwf_ifs,daily,35.586998,14.637,29.73,8.964084,3.7018776,44.95456,0.0,30.119516266821154,7.343989087700004
2023-02-10 00:00:00+00:00,-35.836944,-71.592777,160.0,open-meteo_ecmwf_ifs,daily,34.437,16.286999,29.01,10.478665,4.6172104,44.42412,0.0,29.98414348668913,7.656755934712849
2023-02-11 00:00:00+00:00,-35.836944,-71.592777,160.0,open-meteo_ecmwf_ifs,daily,33.586998,14.237,29.12,7.5015845,3.5063646,43.301205,0.0,29.846396657117253,6.963189766841417
2023-02-12 00:00:00+00:00,-35.836944,-71.592777,160.0,open-meteo_ecmwf_ifs,daily,30.387,14.687,26.94,10.599501,3.5701683,51.26042,0.4,29.70630333325553,6.097684698482255
2023-02-13 00:00:00+00:00,-35.836944,-71.592777,160.0,open-meteo_ecmwf_ifs,daily,29.587,13.337001,28.65,9.772417,4.2408504,54.56975,0.0,29.563892190785165,6.297346000411131
2023-02-14 00:00:00+00:00,-35.836944,-71.592777,160.0,open-meteo_ecmwf_ifs,daily,29.887,13.037001,28.07,6.1661663,4.785044,42.87061,0.0,29.419193044583352,6.905969923289084
2023-02-15 00:00:00+00:00,-35.836944,-71.592777,160.0,open-meteo_ecmwf_ifs,daily,31.536999,13.187,27.84,8.364083,4.7015324,44.74083,0.0,29.272236866182233,6.843648861861119
2023-02-16 00:00:00+00:00,-35.836944,-71.592777,160.0,open-meteo_ecmwf_ifs,daily,26.987,11.887,28.16,6.9974174,4.0305824,48.130756,0.0,29.123055799935543,5.89923925347787
2023-02-17 00:00:00+00:00,-35.836944,-71.592777,160.0,open-meteo_ecmwf_ifs,daily,31.837,9.987,28.13,3.7890835,2.392138,38.352684,0.0,28.971683177808707,5.7140159021681605
2023-02-18 00:00:00+00:00,-35.836944,-71.592777,160.0,open-meteo_ecmwf_ifs,daily,32.586998,12.487,27.7,2.5724165,1.9676518,29.920296,0.0,28.81815353271147,5.668894739708016
2023-02-19 00:00:00+00:00,-35.836944,-71.592777,160.0,open-meteo_ecmwf_ifs,daily,31.887,13.037001,27.56,6.484916,1.7521464,40.911278,0.0,28.662502610295082,5.390513417937129
2023-02-20 00:00:00+00:00,-35.836944,-71.592777,160.0,open-meteo_ecmwf_ifs,daily,32.537,13.637,27.53,7.172417,2.6627858,40.63263,0.0,28.50476737913997,6.032374298533782
2023-02-21 00:00:00+00:00,-35.836944,-71.592777,160.0,open-meteo_ecmwf_ifs,daily,33.836998,12.787001,27.51,4.9786663,2.2269423,35.413975,0.0,28.34498603926361,5.857723306213078
2023-02-22 00:00:00+00:00,-35.836944,-71.592777,160.0,open-meteo_ecmwf_ifs,daily,31.387,13.087001,27.07,6.889084,1.8733186,41.367474,0.0,28.183198028882487,5.330669231119738
2023-02-23 00:00:00+00:00,-35.836944,-71.592777,160.0,open-meteo_ecmwf_ifs,daily,34.187,13.187,26.9,8.899499,2.4315054,47.54126,0.0,28.019444029366667,5.806092726388136
2023-02-24 00:00:00+00:00,-35.836944,-71.592777,160.0,open-meteo_ecmwf_ifs,daily,30.487,14.637,25.84,11.076584,2.3428087,51.35942,0.0,27.85376596833013,5.284817123486083
2023-02-25 00:00:00+00:00,-35.836944,-71.592777,160.0,open-meteo_ecmwf_ifs,daily,28.987,14.537001,25.92,10.639082,2.5660908,53.406567,0.0,27.686207020805107,5.2459631161791656
2023-02-26 00:00:00+00:00,-35.836944,-71.592777,160.0,open-meteo_ecmwf_ifs,daily,31.637,10.837001,26.51,3.6369994,4.0680923,39.182606,0.0,27.516811608453715,6.4793836520344446
2023-02-27 00:00:00+00:00,-35.836944,-71.592777,160.0,open-meteo_ecmwf_ifs,daily,31.687,11.037001,26.22,6.3911667,2.628791,43.370914,0.0,27.345625396775777,5.485551043447411
2023-02-28 00:00:00+00:00,-35.836944,-71.592777,160.0,open-meteo_ecmwf_ifs,daily,32.637,13.087001,25.92,8.40575,2.4822094,47.61829,0.0,27.1726952902771,5.533288692834173
2023-03-01 00:00:00+00:00,-35.836944,-71.592777,160.0,open-meteo_ecmwf_ifs,daily,31.637,12.187,25.91,9.287,4.1581135,50.81607,0.0,26.998069425568207,6.021328797013502
2023-03-02 00:00:00+00:00,-35.836944,-71.592777,160.0,open-meteo_ecmwf_ifs,daily,34.737,11.237,25.3,8.876584,3.655967,48.756718,0.0,26.821797162369545,6.061922237905794
2023-03-03 00:00:00+00:00,-35.836944,-71.592777,160.0,open-meteo_ecmwf_ifs,daily,30.437,15.237,24.81,10.5995,2.044178,49.132793,0.0,26.643929072404866,5.0098237296438715
2023-03-04 00:00:00+00:00,-35.836944,-71.592777,160.0,open-meteo_ecmwf_ifs,daily,33.237,12.837001,25.17,9.532834,3.4113777,51.40729,0.0,26.46451692617062,5.849833048122806
2023-03-05 00:00:00+00:00,-35.836944,-71.592777,160.0,open-meteo_ecmwf_ifs,daily,32.287,12.187,25.1,2.3786666,2.407118,28.81973,0.0,26.283613677575314,5.478783132805036
2023-03-06 00:00:00+00:00,-35.836944,-71.592777,160.0,open-meteo_ecmwf_ifs,daily,28.536999,13.937,24.31,10.666165,2.4997737,53.67953,0.0,26.101273446448793,4.817375336637754
2023-03-07 00:00:00+00:00,-35.836944,-71.592777,160.0,open-meteo_ecmwf_ifs,daily,30.087,11.937,22.89,10.397417,2.8020952,60.285534,0.0,25.917551498927626,4.755760973960929
2023-03-08 00:00:00+00:00,-35.836944,-71.592777,160.0,open-meteo_ecmwf_ifs,daily,28.087,13.187,24.15,9.576584,1.9513365,58.5948,0.0,25.73250422572873,4.496601592771571
2023-03-09 00:00:00+00:00,-35.836944,-71.592777,160.0,open-meteo_ecmwf_ifs,daily,27.286999,13.737,17.61,13.051583,1.8088894,69.095985,0.0,25.546189118329618,3.488571670885309
2023-03-10 00:00:00+00:00,-35.836944,-71.592777,160.0,open-meteo_ecmwf_ifs,daily,29.887,13.037001,23.42,12.697417,2.053714,65.8508,0.0,25.358664743079576,4.385696700408146
2023-03-11 00:00:00+00:00,-35.836944,-71.592777,160.0,open-meteo_ecmwf_ifs,daily,28.786999,12.137,23.55,9.5182495,2.2241983,55.236256,0.0,25.16999071327198,4.482490937599668
2023-03-12 00:00:00+00:00,-35.836944,-71.592777,160.0,open-meteo_ecmwf_ifs,daily,28.137,12.537001,22.86,11.453667,1.5865308,62.259125,0.0,24.980227659213973,4.009233199784671
2023-03-13 00:00:00+00:00,-35.836944,-71.592777,160.0,open-meteo_ecmwf_ifs,daily,28.137,14.987,17.32,14.193252,1.4068965,69.62227,0.1,24.789437196335275,3.3610322441223577
2023-03-14 00:00:00+00:00,-35.836944,-71.592777,160.0,open-meteo_ecmwf_ifs,daily,28.687,12.687,22.89,8.33075,2.5199356,48.184048,0.0,24.59768189138357,4.6328636199348585
2023-03-15 00:00:00+00:00,-35.836944,-71.592777,160.0,open-meteo_ecmwf_ifs,daily,28.087,11.537001,23.06,5.928667,1.7203913,45.224804,0.0,24.40502522675954,4.181502963577953
2023-03-16 00:00:00+00:00,-35.836944,-71.592777,160.0,open-meteo_ecmwf_ifs,daily,30.036999,12.537001,21.89,11.149499,2.0946968,60.583893,0.0,24.211531563049558,4.2253869994521995
2023-03-17 00:00:00+00:00,-35.836944,-71.592777,160.0,open-meteo_ecmwf_ifs,daily,28.487,13.737,20.26,13.574501,1.7880942,70.87596,0.0,24.01726609981943,3.734234520791401
2023-03-18 00:00:00+00:00,-35.836944,-71.592777,160.0,open-meteo_ecmwf_ifs,daily,31.087,12.887,21.87,12.495332,3.2809994,62.96196,0.0,23.822294834737463,4.68255156973784
2023-03-19 00:00:00+00:00,-35.836944,-71.592777,160.0,open-meteo_ecmwf_ifs,daily,30.587,13.987,21.9,12.393249,3.1597424,60.086533,0.0,23.62668452109964,4.712707179941312
2023-03-20 00:00:00+00:00,-35.836944,-71.592777,160.0,open-meteo_ecmwf_ifs,daily,28.687,10.237,21.93,8.08075,2.5773098,55.926456,0.0,23.430502623834272,4.254357749205282
2023-03-21 00:00:00+00:00,-35.836944,-71.592777,160.0,open-meteo_ecmwf_ifs,daily,30.187,9.637,21.92,5.7807503,1.5515734,45.711243,0.0,23.233817274067892,3.8786434361469775
2023-03-22 00:00:00+00:00,-35.836944,-71.592777,160.0,open-meteo_ecmwf_ifs,daily,31.237,10.287001,21.56,5.4203334,2.073514,44.316746,0.0,23.03669722233758,4.287725523024339
2023-03-23 00:00:00+00:00,-35.836944,-71.592777,160.0,open-meteo_ecmwf_ifs,daily,31.487,11.437,21.58,7.403666,2.7804072,50.73765,0.0,22.83921179053946,4.708026577425235
2023-03-24 00:00:00+00:00,-35.836944,-71.592777,160.0,open-meteo_ecmwf_ifs,daily,31.137,10.737,21.29,4.872417,2.7343893,43.45174,0.0,22.641430822705548,4.703602079864868
2023-03-25 00:00:00+00:00,-35.836944,-71.592777,160.0,open-meteo_ecmwf_ifs,daily,30.837,11.087001,21.23,5.7078342,3.8653495,43.101864,0.0,22.44342463470526,5.268216174609866
2023-03-26 00:00:00+00:00,-35.836944,-71.592777,160.0,open-meteo_ecmwf_ifs,daily,29.737,9.437,20.7,8.5286665,1.9266872,55.935047,0.0,22.24526396296994,3.738269193931184
2023-03-27 00:00:00+00:00,-35.836944,-71.592777,160.0,open-meteo_ecmwf_ifs,daily,27.487,10.137,19.91,9.687,1.8157154,62.015545,0.0,22.04701991234201,3.4250063749987505
2023-03-28 00:00:00+00:00,-35.836944,-71.592777,160.0,open-meteo_ecmwf_ifs,daily,25.737,8.737,17.13,8.097416,2.6834815,60.423687,0.0,21.848763903152058,3.350051658605532
2023-03-29 00:00:00+00:00,-35.836944,-71.592777,160.0,open-meteo_ecmwf_ifs,daily,23.937,9.137,20.36,6.4078326,3.9470882,60.060467,1.7,21.65056761762963,3.9975851581179476
2023-03-30 00:00:00+00:00,-35.836944,-71.592777,160.0,open-meteo_ecmwf_ifs,daily,25.337,6.037,19.91,2.0849168,3.6110265,47.54247,0.0,21.452502945754762,4.108934749158838
2023-03-31 00:00:00+00:00,-35.836944,-71.592777,160.0,open-meteo_ecmwf_ifs,daily,28.036999,6.037,19.84,5.6474166,2.515826,58.27039,0.0,21.254641930658977,3.6029180442373163
2023-04-01 00:00:00+00:00,-35.836944,-71.592777,160.0,open-meteo_ecmwf_ifs,daily,28.737,10.037001,19.04,5.6994996,2.9153678,46.42505,0.0,21.057056713685352,4.153564305786999
2023-04-02 00:00:00+00:00,-35.836944,-71.592777,160.0,open-meteo_ecmwf_ifs,daily,26.237,11.837001,16.2,11.40575,2.2735057,67.87231,0.0,20.859819479217965,3.0857778451780185
2023-04-03 00:00:00+00:00,-35.836944,-71.592777,160.0,open-meteo_ecmwf_ifs,daily,26.387,10.487,17.76,9.6495,2.9264672,63.207703,0.0,20.663002399391605,3.4706948124036785
2023-04-04 00:00:00+00:00,-35.836944,-71.592777,160.0,open-meteo_ecmwf_ifs,daily,26.137,7.637,19.15,8.343251,1.9275485,63.45747,0.0,20.466677578792694,3.045614758783965
2023-04-05 00:00:00+00:00,-35.836944,-71.592777,160.0,open-meteo_ecmwf_ifs,daily,21.687,9.887,13.05,7.655749,2.0816624,61.438797,0.0,20.2709169992622,2.5290754333150867
2023-04-06 00:00:00+00:00,-35.836944,-71.592777,160.0,open-meteo_ecmwf_ifs,daily,26.637,9.987,18.47,9.311999,2.575349,64.38334,0.0,20.075792464910734,3.3589647854359446
2023-04-07 00:00:00+00:00,-35.836944,-71.592777,160.0,open-meteo_ecmwf_ifs,daily,26.286999,7.637,17.24,9.4974165,2.9362066,71.41732,0.0,19.881375547455516,3.071163298186375
2023-04-08 00:00:00+00:00,-35.836944,-71.592777,160.0,open-meteo_ecmwf_ifs,daily,25.536999,5.837,17.63,7.03075,1.6470588,68.15382,0.0,19.68773753198757,2.670093506848553
2023-04-09 00:00:00+00:00,-35.836944,-71.592777,160.0,open-meteo_ecmwf_ifs,daily,26.137,7.637,18.0,7.3619995,1.425336,58.557674,0.0,19.4949493632763,2.723098987999056
2023-04-10 00:00:00+00:00,-35.836944,-71.592777,160.0,open-meteo_ecmwf_ifs,daily,25.286999,8.687,14.56,9.820333,1.7848111,67.308784,0.0,19.30308159271692,2.4778699012649534
2023-04-11 00:00:00+00:00,-35.836944,-71.592777,160.0,open-meteo_ecmwf_ifs,daily,24.937,13.137,15.16,13.832832,1.9818025,78.46438,0.0,19.112204326024326,2.552823755937898
2023-04-12 00:00:00+00:00,-35.836944,-71.592777,160.0,open-meteo_ecmwf_ifs,daily,21.437,11.587001,9.86,12.099502,1.2751778,78.478424,0.0,18.92238717177483,1.7299251056648979
2023-04-13 00:00:00+00:00,-35.836944,-71.592777,160.0,open-meteo_ecmwf_ifs,daily,20.237,11.587001,10.86,10.949501,1.9886152,77.785835,0.0,18.733699190894733,1.9599171086943652
2023-04-14 00:00:00+00:00,-35.836944,-71.592777,160.0,open-meteo_ecmwf_ifs,daily,19.737,11.687,8.57,11.103667,1.7631677,81.38041,0.0,18.546208847192162,1.692413714277007
2023-04-15 00:00:00+00:00,-35.836944,-71.592777,160.0,open-meteo_ecmwf_ifs,daily,21.087,9.437,13.71,10.095333,1.5807109,79.1981,0.0,18.359983959025307,2.028115447412995
2023-04-16 00:00:00+00:00,-35.836944,-71.592777,160.0,open-meteo_ecmwf_ifs,daily,22.036999,6.887,15.49,8.766167,1.6948305,72.26286,0.3,18.175091652197622,2.137529025362436
2023-04-17 00:00:00+00:00,-35.836944,-71.592777,160.0,open-meteo_ecmwf_ifs,daily,18.237,6.337,16.45,4.4807496,3.231757,63.33874,0.2,17.991598314166605,2.5558067870989123
2023-04-18 00:00:00+00:00,-35.836944,-71.592777,160.0,open-meteo_ecmwf_ifs,daily,18.687,5.337,14.06,2.0640833,2.7748115,55.845123,0.0,17.809569549649623,2.5060642312316976
2023-04-19 00:00:00+00:00,-35.836944,-71.592777,160.0,open-meteo_ecmwf_ifs,daily,23.137,7.687,15.89,6.676583,2.3377707,64.187416,0.0,17.62907013770609,2.5981935570453025
2023-04-20 00:00:00+00:00,-35.836944,-71.592777,160.0,open-meteo_ecmwf_ifs,daily,21.536999,7.587,14.83,9.857833,2.5713592,78.3819,0.0,17.450163990371692,2.1097823481527826
2023-04-21 00:00:00+00:00,-35.836944,-71.592777,160.0,open-meteo_ecmwf_ifs,daily,20.837,14.137,9.23,11.449501,2.6876233,72.84775,0.0,17.272914112915746,2.1610973434950003
2023-04-22 00:00:00+00:00,-35.836944,-71.592777,160.0,open-meteo_ecmwf_ifs,daily,20.237,9.537001,12.69,10.774499,1.7487065,84.77972,0.0,17.097382565788845,1.7865291786808373
2023-04-23 00:00:00+00:00,-35.836944,-71.592777,160.0,open-meteo_ecmwf_ifs,daily,19.737,7.987,11.33,10.562,1.5743538,87.88029,0.0,16.923630428323122,1.5384666794920459
2023-04-24 00:00:00+00:00,-35.836944,-71.592777,160.0,open-meteo_ecmwf_ifs,daily,20.087,9.837001,11.9,11.695333,1.3911084,87.071594,0.0,16.751717764242905,1.5961057654449384
2023-04-25 00:00:00+00:00,-35.836944,-71.592777,160.0,open-meteo_ecmwf_ifs,daily,20.387,8.637,11.13,10.678666,1.6133972,86.54434,0.0,16.581703589038693,1.58633854851533
2023-04-26 00:00:00+00:00,-35.836944,-71.592777,160.0,open-meteo_ecmwf_ifs,daily,17.737,9.687,7.39,10.545334,1.5735775,83.98823,0.0,16.413645839252432,1.254356676215875
2023-04-27 00:00:00+00:00,-35.836944,-71.592777,160.0,open-meteo_ecmwf_ifs,daily,19.437,9.737,11.55,10.595334,2.2500374,81.637825,0.0,16.24760134371693,1.7006523866342527
2023-04-28 00:00:00+00:00,-35.836944,-71.592777,160.0,open-meteo_ecmwf_ifs,daily,18.487,12.587001,3.99,10.801583,5.81485,78.85624,20.699999,16.083625796787086,2.0481627525406703
2023-04-29 00:00:00+00:00,-35.836944,-71.592777,160.0,open-meteo_ecmwf_ifs,daily,16.536999,13.687,4.41,12.9557495,7.011783,89.13458,46.800007,15.921773733595286,1.323592310689588
2023-04-30 00:00:00+00:00,-35.836944,-71.592777,160.0,open-meteo_ecmwf_ifs,daily,15.437,10.037001,11.15,9.557834,2.0953372,81.761055,9.700001,15.762098507357825,1.4322377797163757
2023-05-01 00:00:00+00:00,-35.836944,-71.592777,160.0,open-meteo_ecmwf_ifs,daily,15.037001,4.737,13.82,5.689083,3.082538,79.45842,0.0,15.604652268753878,1.5967362141439092
2023-05-02 00:00:00+00:00,-35.836944,-71.592777,160.0,open-meteo_ecmwf_ifs,daily,14.987,1.687,13.81,4.9182496,1.8852228,85.71642,0.0,15.449485947392722,1.2960503106328474
2023-05-03 00:00:00+00:00,-35.836944,-71.592777,160.0,open-meteo_ecmwf_ifs,daily,12.987,5.237,10.27,6.6474166,1.7005473,92.62823,0.2,15.296649235379494,1.0914421509615593
2023-05-04 00:00:00+00:00,-35.836944,-71.592777,160.0,open-meteo_ecmwf_ifs,daily,12.687,5.337,8.85,6.7640834,1.2982702,93.11233,0.6,15.146190572983917,0.9805154116812472
2023-05-05 00:00:00+00:00,-35.836944,-71.592777,160.0,open-meteo_ecmwf_ifs,daily,13.587001,6.487,8.47,7.816166,1.4423891,92.96121,0.0,14.998157136410683,0.9983596391622491
2023-05-06 00:00:00+00:00,-35.836944,-71.592777,160.0,open-meteo_ecmwf_ifs,daily,14.887,5.737,7.99,8.847416,1.9276501,90.82612,0.0,14.852594827664555,0.9222584212544273
2023-05-07 00:00:00+00:00,-35.836944,-71.592777,160.0,open-meteo_ecmwf_ifs,daily,16.637,6.787,10.99,9.087001,2.012026,91.052086,0.0,14.709548266497098,1.2246007886384838
2023-05-08 00:00:00+00:00,-35.836944,-71.592777,160.0,open-meteo_ecmwf_ifs,daily,15.237,4.937,11.79,7.5828323,2.157739,90.96817,0.0,14.569060784416617,1.1643383382464982
2023-05-09 00:00:00+00:00,-35.836944,-71.592777,160.0,open-meteo_ecmwf_ifs,daily,16.587,6.087,11.17,8.218247,2.2317584,90.98318,0.0,14.431174420736506,1.2635226262077286
2023-05-10 00:00:00+00:00,-35.836944,-71.592777,160.0,open-meteo_ecmwf_ifs,daily,13.437,7.137,6.06,8.576583,2.0686705,92.0825,0.0,14.295929920631998,0.852684938947498
2023-05-11 00:00:00+00:00,-35.836944,-71.592777,160.0,open-meteo_ecmwf_ifs,daily,20.437,4.937,12.04,9.078667,2.3900528,87.08859,0.0,14.163366735168976,1.4091544810325314
2023-05-12 00:00:00+00:00,-35.836944,-71.592777,160.0,open-meteo_ecmwf_ifs,daily,23.237,9.587001,11.78,11.482833,3.1803446,81.37532,0.0,14.033523023263257,1.9181495647619244
2023-05-13 00:00:00+00:00,-35.836944,-71.592777,160.0,open-meteo_ecmwf_ifs,daily,20.087,8.287001,12.37,10.897416,3.0395343,83.21715,0.0,13.906435655522706,1.5121012456651513
2023-05-14 00:00:00+00:00,-35.836944,-71.592777,160.0,open-meteo_ecmwf_ifs,daily,19.387,4.737,10.36,9.034916,2.5436983,90.29163,0.0,13.78214021991932,1.232985501530596
2023-05-15 00:00:00+00:00,-35.836944,-71.592777,160.0,open-meteo_ecmwf_ifs,daily,19.637,11.037001,7.99,11.522416,3.2820625,83.57159,0.0,13.660671029232562,1.520555944988541
2023-05-16 00:00:00+00:00,-35.836944,-71.592777,160.0,open-meteo_ecmwf_ifs,daily,18.387,9.137,9.58,11.501583,1.5512357,85.53454,0.0,13.542061130200178,1.0872146916793677
2023-05-17 00:00:00+00:00,-35.836944,-71.592777,160.0,open-meteo_ecmwf_ifs,daily,14.537001,10.087001,3.34,11.234917,1.6617655,90.01181,4.5,13.42634231430724,0.6771669924587518
2023-05-18 00:00:00+00:00,-35.836944,-71.592777,160.0,open-meteo_ecmwf_ifs,daily,15.137,8.437,6.58,9.191167,2.1773636,89.1459,0.0,13.313545130139206,0.9862404536851848
2023-05-19 00:00:00+00:00,-35.836944,-71.592777,160.0,open-meteo_ecmwf_ifs,daily,17.587,5.587,11.1,7.3161664,2.7131262,79.68762,0.0,13.20369889721977,1.3572593230738994
2023-05-20 00:00:00+00:00,-35.836944,-71.592777,160.0,open-meteo_ecmwf_ifs,daily,13.837001,2.437,10.04,5.0453324,1.9957675,90.38279,0.0,13.096831721249641,0.9551531789131433
2023-05-21 00:00:00+00:00,-35.836944,-71.592777,160.0,open-meteo_ecmwf_ifs,daily,12.137,7.887,1.93,6.3869996,5.3077826,78.54627,25.400002,12.992970510657743,1.2879610868610643
2023-05-22 00:00:00+00:00,-35.836944,-71.592777,160.0,open-meteo_ecmwf_ifs,daily,16.737,9.737,6.78,7.857834,5.044623,73.94709,25.999998,12.892140994372184,1.9065599083001574
2023-05-23 00:00:00+00:00,-35.836944,-71.592777,160.0,open-meteo_ecmwf_ifs,daily,14.337001,11.437,1.75,10.334917,5.4950233,84.16619,41.499996,12.794367740714254,1.1356530656135317
2023-05-24 00:00:00+00:00,-35.836944,-71.592777,160.0,open-meteo_ecmwf_ifs,daily,16.637,10.587001,7.42,8.278666,3.7768438,74.93899,2.9999998,12.6996741773149,1.6999771945872506
2023-05-25 00:00:00+00:00,-35.836944,-71.592777,160.0,open-meteo_ecmwf_ifs,daily,14.937,7.637,6.53,8.1495,1.7218066,83.78266,0.2,12.608082611949897,0.9339512022220178
2023-05-26 00:00:00+00:00,-35.836944,-71.592777,160.0,open-meteo_ecmwf_ifs,daily,13.037001,8.737,2.83,8.914083,2.918698,88.65406,10.700001,12.519614254186571,0.7955260851105572
2023-05-27 00:00:00+00:00,-35.836944,-71.592777,160.0,open-meteo_ecmwf_ifs,daily,10.537001,2.387,10.66,5.372416,2.666168,90.933014,0.0,12.434289237732484,0.6544212950362814
2023-05-28 00:00:00+00:00,-35.836944,-71.592777,160.0,open-meteo_ecmwf_ifs,daily,7.687,1.787,5.01,3.762,1.3070506,97.054955,0.0,12.35212664337376,0.5122655227330436
2023-05-29 00:00:00+00:00,-35.836944,-71.592777,160.0,open-meteo_ecmwf_ifs,daily,12.787001,4.337,9.3,5.939083,1.8394531,94.39804,0.0,12.273144522389142,0.8262004382870027
2023-05-30 00:00:00+00:00,-35.836944,-71.592777,160.0,open-meteo_ecmwf_ifs,daily,15.687,4.837,7.2,7.4807506,1.2807472,93.47773,0.0,12.197359920323983,0.7984366207007091
2023-05-31 00:00:00+00:00,-35.836944,-71.592777,160.0,open-meteo_ecmwf_ifs,daily,16.487,8.937,7.07,9.397416,1.7730561,85.637085,3.5,12.124788901007484,0.9796093346630509
2023-06-01 00:00:00+00:00,-35.836944,-71.592777,160.0,open-meteo_ecmwf_ifs,daily,16.387,7.937,6.65,9.586999,3.0221684,89.44595,0.0,12.055446570695743,0.9932314864554327
2023-06-02 00:00:00+00:00,-35.836944,-71.592777,160.0,open-meteo_ecmwf_ifs,daily,15.687,11.937,4.67,11.414084,4.224034,88.01395,39.099995,11.989347102222935,1.075364066557507
2023-06-03 00:00:00+00:00,-35.836944,-71.592777,160.0,open-meteo_ecmwf_ifs,daily,15.537001,9.787001,3.12,10.055751,3.2656553,87.53799,18.8,11.92650375904341,0.9750129388994074
2023-06-04 00:00:00+00:00,-35.836944,-71.592777,160.0,open-meteo_ecmwf_ifs,daily,14.037001,5.587,10.54,7.8995,1.9773188,90.21262,1.5,11.866928919048165,0.7843726100911896
2023-06-05 00:00:00+00:00,-35.836944,-71.592777,160.0,open-meteo_ecmwf_ifs,daily,15.187,3.837,9.65,6.0245,1.7667853,89.020966,0.0,11.810634098040476,0.8807036654353355
2023-06-06 00:00:00+00:00,-35.836944,-71.592777,160.0,open-meteo_ecmwf_ifs,daily,15.487,7.237,5.0,9.284917,1.6649715,92.567665,0.0,11.75762997275742,0.7421348410870862
2023-06-07 00:00:00+00:00,-35.836944,-71.592777,160.0,open-meteo_ecmwf_ifs,daily,16.137,7.637,6.93,10.436998,1.7865597,94.29667,0.3,11.707926403326189,0.7236463197093033
2023-06-08 00:00:00+00:00,-35.836944,-71.592777,160.0,open-meteo_ecmwf_ifs,daily,14.237,12.137,1.29,11.7245,6.785894,90.24668,48.300003,11.66153245504724,0.8368418422145396
2023-06-09 00:00:00+00:00,-35.836944,-71.592777,160.0,open-meteo_ecmwf_ifs,daily,13.687,6.487,8.72,7.7765822,3.195567,84.50291,19.9,11.618456419399317,0.8771159005726915
2023-06-10 00:00:00+00:00,-35.836944,-71.592777,160.0,open-meteo_ecmwf_ifs,daily,13.037001,2.437,10.56,2.8099167,3.7783277,71.455894,0.0,11.578705834165879,1.2341603335248523
2023-06-11 00:00:00+00:00,-35.836944,-71.592777,160.0,open-meteo_ecmwf_ifs,daily,8.487,-3.113,10.63,-0.05883332,2.112195,82.84994,0.0,11.5422875025862,0.6164310742714134
2023-06-12 00:00:00+00:00,-35.836944,-71.592777,160.0,open-meteo_ecmwf_ifs,daily,6.987,-0.813,9.95,0.21199997,1.4586564,90.91195,0.0,11.509207511439909,0.5808888257925868
2023-06-13 00:00:00+00:00,-35.836944,-71.592777,160.0,open-meteo_ecmwf_ifs,daily,8.887,-3.713,8.49,-0.33800015,1.001283,81.79132,0.0,11.479471247978719,0.5242672868148749
2023-06-14 00:00:00+00:00,-35.836944,-71.592777,160.0,open-meteo_ecmwf_ifs,daily,11.337001,-2.363,9.12,-0.9505,0.81914276,80.231804,0.0,11.453083415625091,0.6131552144006587
2023-06-15 00:00:00+00:00,-35.836944,-71.592777,160.0,open-meteo_ecmwf_ifs,daily,14.687,1.337,8.92,5.0390835,2.0692647,91.80105,0.0,11.43004804836379,0.7767955638257069
2023-06-16 00:00:00+00:00,-35.836944,-71.592777,160.0,open-meteo_ecmwf_ifs,daily,11.887,5.537,8.08,7.364083,2.956086,96.21807,0.0,11.410368523758924,0.6454894355659899
2023-06-17 00:00:00+00:00,-35.836944,-71.592777,160.0,open-meteo_ecmwf_ifs,daily,11.587001,3.937,8.34,6.0432506,1.3300005,97.002106,0.2,11.394047574536021,0.6001144902804911
2023-06-18 00:00:00+00:00,-35.836944,-71.592777,160.0,open-meteo_ecmwf_ifs,daily,11.687,2.537,4.67,5.328666,2.0039136,95.00073,0.2,11.381087298676103,0.606893123652799
2023-06-19 00:00:00+00:00,-35.836944,-71.592777,160.0,open-meteo_ecmwf_ifs,daily,14.937,5.337,5.43,7.86825,1.3173271,89.32955,0.7,11.37148916797629,0.6789741478877919
2023-06-20 00:00:00+00:00,-35.836944,-71.592777,160.0,open-meteo_ecmwf_ifs,daily,14.087001,6.937,6.16,8.445333,1.3852677,93.09344,0.0,11.365254035039278,0.6835354635537653
2023-06-21 00:00:00+00:00,-35.836944,-71.592777,160.0,open-meteo_ecmwf_ifs,daily,15.537001,8.587001,5.59,9.920334,2.6937106,90.84274,1.3000001,11.3623821386622,0.832467318887457
2023-06-22 00:00:00+00:00,-35.836944,-71.592777,160.0,open-meteo_ecmwf_ifs,daily,14.137,12.137,0.72,11.003667,6.631136,86.637726,58.7,11.362873107603551,1.0486778145915865
2023-06-23 00:00:00+00:00,-35.836944,-71.592777,160.0,open-meteo_ecmwf_ifs,daily,15.537001,13.087001,0.46,13.1119995,6.650095,91.83503,54.09999,11.366725962715122,0.7514030249152865
2023-06-24 00:00:00+00:00,-35.836944,-71.592777,160.0,open-meteo_ecmwf_ifs,daily,15.687,14.837001,0.47,14.141166,7.0959473,93.29113,80.200005,11.373939117434425,0.7499986220035286
2023-06-25 00:00:00+00:00,-35.836944,-71.592777,160.0,open-meteo_ecmwf_ifs,daily,15.537001,13.737,0.89,13.305749,6.88286,90.46948,80.80001,11.384510376641348,0.8195877692006973
2023-06-26 00:00:00+00:00,-35.836944,-71.592777,160.0,open-meteo_ecmwf_ifs,daily,13.537001,9.787001,3.39,10.237,1.627961,93.13699,3.8,11.398436933891308,0.6344567920762262
2023-06-27 00:00:00+00:00,-35.836944,-71.592777,160.0,open-meteo_ecmwf_ifs,daily,13.687,8.537001,8.67,7.401583,2.4850883,81.20961,13.300001,11.415715367045248,1.0204948792248973
2023-06-28 00:00:00+00:00,-35.836944,-71.592777,160.0,open-meteo_ecmwf_ifs,daily,8.987,1.887,6.42,0.18075003,2.059276,69.26606,0.0,11.43634163232524,0.9046360359190648
2023-06-29 00:00:00+00:00,-35.836944,-71.592777,160.0,open-meteo_ecmwf_ifs,daily,11.737,2.587,6.86,3.5286665,1.7900316,81.422035,0.0,11.460311056832214,0.7792929049988673
2023-06-30 00:00:00+00:00,-35.836944,-71.592777,160.0,open-meteo_ecmwf_ifs,daily,16.337,4.237,9.03,6.801583,1.1427717,90.23178,0.0,11.48761832957019,0.7689055403040698
2023-07-01 00:00:00+00:00,-35.836944,-71.592777,160.0,open-meteo_ecmwf_ifs,daily,12.787001,3.987,8.2,6.9911666,1.5344125,90.652626,0.0,11.518257491028905,0.6115410649394972
2023-07-02 00:00:00+00:00,-35.836944,-71.592777,160.0,open-meteo_ecmwf_ifs,daily,11.887,8.137,0.95,9.291166,5.332895,90.45246,20.8,11.5522219213839,0.5082956920702721
2023-07-03 00:00:00+00:00,-35.836944,-71.592777,160.0,open-meteo_ecmwf_ifs,daily,16.536999,9.637,8.35,9.082832,3.3400066,80.76298,11.600001,11.58950432737986,1.2905421796177776
2023-07-04 00:00:00+00:00,-35.836944,-71.592777,160.0,open-meteo_ecmwf_ifs,daily,12.137,8.937,3.46,8.664083,4.2987094,88.90867,26.499996,11.630096727969724,0.819601637849883
2023-07-05 00:00:00+00:00,-35.836944,-71.592777,160.0,open-meteo_ecmwf_ifs,daily,13.687,8.737,4.94,8.707833,1.5084683,86.53596,19.400002,11.673990438787902,0.7602911568370687
2023-07-06 00:00:00+00:00,-35.836944,-71.592777,160.0,open-meteo_ecmwf_ifs,daily,12.937,8.237,5.41,8.4745,1.4355774,87.02718,2.5,11.721176055541726,0.7110985905002094
2023-07-07 00:00:00+00:00,-35.836944,-71.592777,160.0,open-meteo_ecmwf_ifs,daily,11.337001,1.787,4.92,4.9995003,2.5279732,91.83355,0.0,11.771643436410281,0.6086397879149196
2023-07-08 00:00:00+00:00,-35.836944,-71.592777,160.0,open-meteo_ecmwf_ifs,daily,11.387,9.787001,1.94,7.937,5.661658,84.49348,39.499996,11.82538168354478,1.0762818373622132
2023-07-09 00:00:00+00:00,-35.836944,-71.592777,160.0,open-meteo_ecmwf_ifs,daily,13.137,6.687,8.54,7.1245,1.9794976,86.60928,0.4,11.882379123768292,0.855407819542513
2023-07-10 00:00:00+00:00,-35.836944,-71.592777,160.0,open-meteo_ecmwf_ifs,daily,11.037001,-0.063,11.04,2.8911667,1.7757845,88.98758,0.0,11.942623288577053,0.7020866478700126
2023-07-11 00:00:00+00:00,-35.836944,-71.592777,160.0,open-meteo_ecmwf_ifs,daily,13.237,4.837,3.84,7.4745,3.0027475,84.72055,7.6000004,12.006100893548108,0.683171712930267
2023-07-12 00:00:00+00:00,-35.836944,-71.592777,160.0,open-meteo_ecmwf_ifs,daily,12.337001,6.887,6.78,7.297417,1.7516125,86.28028,22.900002,12.072797817261112,0.7722887396156405
2023-07-13 00:00:00+00:00,-35.836944,-71.592777,160.0,open-meteo_ecmwf_ifs,daily,10.737,0.287,9.45,3.09325,1.9002709,84.881935,0.0,12.14269907984419,0.7056305786884185
2023-07-14 00:00:00+00:00,-35.836944,-71.592777,160.0,open-meteo_ecmwf_ifs,daily,12.137,2.487,6.49,4.5453334,2.0601804,90.787476,0.0,12.215788821255272,0.7834983930630576
2023-07-15 00:00:00+00:00,-35.836944,-71.592777,160.0,open-meteo_ecmwf_ifs,daily,11.987,1.037,11.22,2.9765835,3.006605,83.78843,0.0,12.292050279411571,0.9773805408023766
2023-07-16 00:00:00+00:00,-35.836944,-71.592777,160.0,open-meteo_ecmwf_ifs,daily,7.637,-0.763,6.48,1.1245002,2.0096786,89.11878,0.0,12.37146576828051,0.6360215560707736
2023-07-17 00:00:00+00:00,-35.836944,-71.592777,160.0,open-meteo_ecmwf_ifs,daily,11.137,1.287,8.74,2.8536665,1.1606233,90.28394,0.0,12.454016656045388,0.7423154098281449
2023-07-18 00:00:00+00:00,-35.836944,-71.592777,160.0,open-meteo_ecmwf_ifs,daily,11.887,4.437,4.35,4.14325,1.0522555,73.98766,0.0,12.53968334345895,0.7698999116718357
2023-07-19 00:00:00+00:00,-35.836944,-71.592777,160.0,open-meteo_ecmwf_ifs,daily,16.987,5.237,8.36,6.49325,1.5062653,76.61561,0.2,12.62844524249709,1.0482456923011174
2023-07-20 00:00:00+00:00,-35.836944,-71.592777,160.0,open-meteo_ecmwf_ifs,daily,15.737,7.337,5.17,8.770333,3.144392,82.41256,0.3,12.720280755423667,1.025416835316366
2023-07-21 00:00:00+00:00,-35.836944,-71.592777,160.0,open-meteo_ecmwf_ifs,daily,13.887,11.337001,3.7,10.118251,6.244362,86.8453,33.2,12.815167254375902,1.1930963087478537
2023-07-22 00:00:00+00:00,-35.836944,-71.592777,160.0,open-meteo_ecmwf_ifs,daily,12.237,8.437,6.62,8.620334,3.0922163,88.30271,22.100002,12.913081061577623,0.8408971234086049
2023-07-23 00:00:00+00:00,-35.836944,-71.592777,160.0,open-meteo_ecmwf_ifs,daily,9.037001,1.237,3.51,3.766166,1.948651,88.64866,0.0,13.013997430285213,0.5655171223655846
2023-07-24 00:00:00+00:00,-35.836944,-71.592777,160.0,open-meteo_ecmwf_ifs,daily,13.787001,1.287,10.8,4.18075,1.059404,88.69729,0.0,13.117890526568441,0.8635806434744222
2023-07-25 00:00:00+00:00,-35.836944,-71.592777,160.0,open-meteo_ecmwf_ifs,daily,12.487,8.337001,4.4,7.6640835,2.3031638,84.53121,17.4,13.224733412025104,0.9124950047485547
2023-07-26 00:00:00+00:00,-35.836944,-71.592777,160.0,open-meteo_ecmwf_ifs,daily,11.587001,2.987,8.93,5.089083,2.326707,89.51517,0.0,13.33449802752504,0.8515113610621056
2023-07-27 00:00:00+00:00,-35.836944,-71.592777,160.0,open-meteo_ecmwf_ifs,daily,15.237,3.437,10.81,6.291167,2.0874293,90.70035,0.0,13.447155178075397,1.054547223475966
2023-07-28 00:00:00+00:00,-35.836944,-71.592777,160.0,open-meteo_ecmwf_ifs,daily,15.387,4.037,8.72,7.1703334,1.4928159,91.36376,0.0,13.562674518894978,0.9260029103769598
2023-07-29 00:00:00+00:00,-35.836944,-71.592777,160.0,open-meteo_ecmwf_ifs,daily,17.137,4.737,11.51,8.797416,2.116241,93.62854,0.0,13.681024542781419,1.0698428674863139
2023-07-30 00:00:00+00:00,-35.836944,-71.592777,160.0,open-meteo_ecmwf_ifs,daily,16.437,7.087,7.88,10.247417,2.0767124,95.84257,0.0,13.80217256885041,0.9139210170520612
2023-07-31 00:00:00+00:00,-35.836944,-71.592777,160.0,open-meteo_ecmwf_ifs,daily,17.737,8.887,10.56,10.795333,1.6658458,91.847755,0.0,13.926084732721655,1.1739659852425408
2023-08-01 00:00:00+00:00,-35.836944,-71.592777,160.0,open-meteo_ecmwf_ifs,daily,18.087,7.287,11.92,9.657833,2.2103174,90.88422,0.0,14.052725978221384,1.3095792205835788
2023-08-02 00:00:00+00:00,-35.836944,-71.592777,160.0,open-meteo_ecmwf_ifs,daily,16.087,5.087,12.96,7.168249,3.9404953,85.5329,0.0,14.182060050666475,1.4484247364381377
2023-08-03 00:00:00+00:00,-35.836944,-71.592777,160.0,open-meteo_ecmwf_ifs,daily,13.237,-0.513,11.86,3.2536666,2.733526,85.62855,0.0,14.314049491790076,1.0818732877560602
2023-08-04 00:00:00+00:00,-35.836944,-71.592777,160.0,open-meteo_ecmwf_ifs,daily,12.487,0.587,13.01,3.4432497,2.2090914,89.46635,0.0,14.448655636363306,1.0933339287652641
2023-08-05 00:00:00+00:00,-35.836944,-71.592777,160.0,open-meteo_ecmwf_ifs,daily,13.787001,4.137,5.67,6.7265835,1.6774154,91.07596,0.0,14.585838610562854,0.8512704449533237
2023-08-06 00:00:00+00:00,-35.836944,-71.592777,160.0,open-meteo_ecmwf_ifs,daily,16.737,7.537,11.82,8.932834,1.411434,83.56369,0.0,14.725557332128327,1.2749302492554975
2023-08-07 00:00:00+00:00,-35.836944,-71.592777,160.0,open-meteo_ecmwf_ifs,daily,14.137,3.537,10.47,6.0953326,1.2884051,88.13502,0.0,14.86776951234833,1.0494847927834738
2023-08-08 00:00:00+00:00,-35.836944,-71.592777,160.0,open-meteo_ecmwf_ifs,daily,15.137,3.587,11.72,6.7724156,1.3301525,88.24334,0.0,15.012431659908554,1.123296835284585
2023-08-09 00:00:00+00:00,-35.836944,-71.592777,160.0,open-meteo_ecmwf_ifs,daily,14.887,7.437,4.91,8.4140835,2.3701315,83.81547,0.1,15.159499086629802,1.0277764658238118
2023-08-10 00:00:00+00:00,-35.836944,-71.592777,160.0,open-meteo_ecmwf_ifs,daily,12.837001,8.737,6.13,7.395333,5.3771224,81.49581,31.800003,15.308925915118435,1.4298553515961916
2023-08-11 00:00:00+00:00,-35.836944,-71.592777,160.0,open-meteo_ecmwf_ifs,daily,13.637,3.387,14.42,4.666167,3.0525331,80.47063,1.9000001,15.46066508834616,1.4729004457757033
2023-08-12 00:00:00+00:00,-35.836944,-71.592777,160.0,open-meteo_ecmwf_ifs,daily,16.587,0.63699996,14.17,2.3536668,2.6872718,74.25802,0.0,15.614668381170647,1.7069116693520427
2023-08-13 00:00:00+00:00,-35.836944,-71.592777,160.0,open-meteo_ecmwf_ifs,daily,19.587,2.837,14.13,7.166167,2.4804497,84.94625,0.0,15.770886413803119,1.615466608027545
2023-08-14 00:00:00+00:00,-35.836944,-71.592777,160.0,open-meteo_ecmwf_ifs,daily,17.337,5.987,10.48,9.170333,1.5826521,91.36251,0.0,15.929268667223642,1.2474483969664703
2023-08-15 00:00:00+00:00,-35.836944,-71.592777,160.0,open-meteo_ecmwf_ifs,daily,15.187,9.837001,7.62,10.44325,2.7392902,91.62452,0.0,16.08976350053918,1.1583055962236466
2023-08-16 00:00:00+00:00,-35.836944,-71.592777,160.0,open-meteo_ecmwf_ifs,daily,14.987,11.237,3.18,10.347417,4.2160926,85.61669,19.499998,16.25231817027478,1.2077748281201095
2023-08-17 00:00:00+00:00,-35.836944,-71.592777,160.0,open-meteo_ecmwf_ifs,daily,15.137,10.187,11.37,9.19325,3.4090068,82.59083,14.300001,16.416878851582346,1.6473738428200928
2023-08-18 00:00:00+00:00,-35.836944,-71.592777,160.0,open-meteo_ecmwf_ifs,daily,13.237,4.037,12.25,5.328666,1.1678444,84.14879,0.1,16.583390661346712,1.2692549409076264
2023-08-19 00:00:00+00:00,-35.836944,-71.592777,160.0,open-meteo_ecmwf_ifs,daily,11.787001,8.987,0.94,7.9432507,5.1723566,87.72104,70.899994,16.751797683163634,1.0063040814575652
2023-08-20 00:00:00+00:00,-35.836944,-71.592777,160.0,open-meteo_ecmwf_ifs,daily,13.737,10.987,1.39,11.243248,6.092179,93.11051,32.699997,16.922042994158836,0.7300014528410605
2023-08-21 00:00:00+00:00,-35.836944,-71.592777,160.0,open-meteo_ecmwf_ifs,daily,13.937,11.937,2.13,11.947414,6.2541175,91.824,50.6,17.094068693613192,0.7372273820648697
2023-08-22 00:00:00+00:00,-35.836944,-71.592777,160.0,open-meteo_ecmwf_ifs,daily,12.637,8.837001,5.0,8.605751,2.0767531,88.87174,39.4,17.267815933353358,0.9748839034121166
2023-08-23 00:00:00+00:00,-35.836944,-71.592777,160.0,open-meteo_ecmwf_ifs,daily,13.137,6.837,12.6,6.472416,2.2221029,82.16374,4.5,17.443224949863264,1.522519119943803
2023-08-24 00:00:00+00:00,-35.836944,-71.592777,160.0,open-meteo_ecmwf_ifs,daily,11.837001,5.787,11.22,5.926583,1.7582355,84.10937,6.599999,17.620235098066914,1.3075172848068664
2023-08-25 00:00:00+00:00,-35.836944,-71.592777,160.0,open-meteo_ecmwf_ifs,daily,14.137,3.387,16.65,4.172416,1.8760195,77.157295,0.0,17.798784886728537,1.737473357880513
2023-08-26 00:00:00+00:00,-35.836944,-71.592777,160.0,open-meteo_ecmwf_ifs,daily,15.737,-0.213,17.03,2.4224167,2.1824353,75.457504,0.0,17.978812015411947,1.796886363776305
2023-08-27 00:00:00+00:00,-35.836944,-71.592777,160.0,open-meteo_ecmwf_ifs,daily,16.587,1.637,17.49,3.2140834,1.7995092,74.38151,0.0,18.160253412936882,1.9116727335567387
2023-08-28 00:00:00+00:00,-35.836944,-71.592777,160.0,open-meteo_ecmwf_ifs,daily,13.387,6.537,3.27,6.84325,2.449795,81.28802,12.6,18.343045277265734,1.0430727905850716
2023-08-29 00:00:00+00:00,-35.836944,-71.592777,160.0,open-meteo_ecmwf_ifs,daily,15.637,3.737,14.03,5.7745,1.9243959,80.5036,0.0,18.527123116750868,1.6627071472659067
2023-08-30 00:00:00+00:00,-35.836944,-71.592777,160.0,open-meteo_ecmwf_ifs,daily,15.487,7.987,13.45,5.4453335,2.8598645,70.66182,7.2999997,18.712421792668362,2.164666891793772
2023-08-31 00:00:00+00:00,-35.836944,-71.592777,160.0,open-meteo_ecmwf_ifs,daily,13.837001,1.237,13.36,3.7265835,3.1869628,79.07529,0.0,18.89887556296114,1.6012133411383007
2023-09-01 00:00:00+00:00,-35.836944,-71.592777,160.0,open-meteo_ecmwf_ifs,daily,14.187,3.337,8.33,5.70575,2.245137,85.81546,0.0,19.08641812711091,1.2649325378156993
2023-09-02 00:00:00+00:00,-35.836944,-71.592777,160.0,open-meteo_ecmwf_ifs,daily,11.787001,8.887,2.8,9.322415,1.4691733,93.74988,15.6,19.274982672055003,0.7115727844527676
2023-09-03 00:00:00+00:00,-35.836944,-71.592777,160.0,open-meteo_ecmwf_ifs,daily,13.137,8.137,4.81,8.820333,1.4999537,93.81198,15.299999,19.46450191906196,0.9458762206281691
2023-09-04 00:00:00+00:00,-35.836944,-71.592777,160.0,open-meteo_ecmwf_ifs,daily,12.137,9.787001,3.11,9.266166,2.2036822,90.463196,17.000002,19.65490817147627,0.8558322260172565
2023-09-05 00:00:00+00:00,-35.836944,-71.592777,160.0,open-meteo_ecmwf_ifs,daily,11.537001,6.537,2.7,6.395334,2.1715286,84.12908,11.700001,19.846133363240856,0.9108848685682092
2023-09-06 00:00:00+00:00,-35.836944,-71.592777,160.0,open-meteo_ecmwf_ifs,daily,15.687,10.037001,11.59,8.901584,4.344055,81.16088,42.199997,20.038109108103324,2.029200631670005
2023-09-07 00:00:00+00:00,-35.836944,-71.592777,160.0,open-meteo_ecmwf_ifs,daily,14.687,3.937,14.54,5.3536663,2.1713321,77.988914,0.0,20.230766749409973,1.7966757552673478
2023-09-08 00:00:00+00:00,-35.836944,-71.592777,160.0,open-meteo_ecmwf_ifs,daily,16.637,6.587,19.25,6.5245004,1.910128,77.080376,0.2,20.42403741039023,2.3500218264381605
2023-09-09 00:00:00+00:00,-35.836944,-71.592777,160.0,open-meteo_ecmwf_ifs,daily,12.837001,8.837001,3.38,7.632833,4.791076,79.87298,27.8,20.617852044831974,1.3291559980359162
2023-09-10 00:00:00+00:00,-35.836944,-71.592777,160.0,open-meteo_ecmwf_ifs,daily,13.137,11.137,2.74,9.678665,5.6817856,86.02787,48.899994,20.812141488047793,1.2135755593712507
2023-09-11 00:00:00+00:00,-35.836944,-71.592777,160.0,open-meteo_ecmwf_ifs,daily,15.437,6.937,18.86,7.0661664,2.8805869,77.45606,19.400002,21.006836508030535,2.3157197208699345
2023-09-12 00:00:00+00:00,-35.836944,-71.592777,160.0,open-meteo_ecmwf_ifs,daily,15.387,2.387,20.29,3.6224167,3.209431,72.76214,0.0,21.201867856696047,2.37725526800524
2023-09-13 00:00:00+00:00,-35.836944,-71.592777,160.0,open-meteo_ecmwf_ifs,daily,12.787001,2.187,9.92,3.7869995,1.4262003,78.614845,0.0,21.397166321110888,1.3776276039638782
2023-09-14 00:00:00+00:00,-35.836944,-71.592777,160.0,open-meteo_ecmwf_ifs,daily,16.036999,8.987,7.31,8.8099165,2.1725652,83.16385,6.9999995,21.592662774601905,1.517068712429632
2023-09-15 00:00:00+00:00,-35.836944,-71.592777,160.0,open-meteo_ecmwf_ifs,daily,19.036999,6.537,18.12,9.7245,2.184936,86.42011,0.0,21.788288227645342,2.286571441499984
2023-09-16 00:00:00+00:00,-35.836944,-71.592777,160.0,open-meteo_ecmwf_ifs,daily,13.987,11.137,4.29,10.414083,3.701862,88.871376,23.7,21.983973878433254,1.1622470697019784
2023-09-17 00:00:00+00:00,-35.836944,-71.592777,160.0,open-meteo_ecmwf_ifs,daily,13.987,4.637,20.94,4.366166,2.9947107,73.672775,0.0,22.179651163015407,2.4641555880593264
2023-09-18 00:00:00+00:00,-35.836944,-71.592777,160.0,open-meteo_ecmwf_ifs,daily,15.487,1.487,21.48,2.712,2.8625276,71.478836,0.0,22.375251804916545,2.5135879210599517
2023-09-19 00:00:00+00:00,-35.836944,-71.592777,160.0,open-meteo_ecmwf_ifs,daily,15.487,2.687,12.66,4.4265833,2.9188557,78.52386,0.0,22.570707864129012,1.9172713835083155
2023-09-20 00:00:00+00:00,-35.836944,-71.592777,160.0,open-meteo_ecmwf_ifs,daily,16.487,5.137,12.47,7.56825,3.8402548,79.5443,0.5,22.765951785383514,1.8670712680548973
2023-09-21 00:00:00+00:00,-35.836944,-71.592777,160.0,open-meteo_ecmwf_ifs,daily,16.937,10.137,11.39,9.245334,3.6512501,79.69823,12.099999,22.96091644560152,2.1739264160939173
2023-09-22 00:00:00+00:00,-35.836944,-71.592777,160.0,open-meteo_ecmwf_ifs,daily,14.687,9.937,6.69,9.251582,1.6339537,80.13697,0.0,23.155535200435406,1.3620653087071763
2023-09-23 00:00:00+00:00,-35.836944,-71.592777,160.0,open-meteo_ecmwf_ifs,daily,17.687,6.837,18.14,8.05575,2.4295642,80.75599,0.0,23.349741929804907,2.4784631590447694
2023-09-24 00:00:00+00:00,-35.836944,-71.592777,160.0,open-meteo_ecmwf_ifs,daily,17.937,3.737,22.32,6.370333,2.4693418,78.66269,0.0,23.54347108234053,2.7023029707094883
2023-09-25 00:00:00+00:00,-35.836944,-71.592777,160.0,open-meteo_ecmwf_ifs,daily,16.387,4.137,19.32,6.0682487,2.1246421,80.196205,11.8,23.736657718648118,2.4015666943347402
2023-09-26 00:00:00+00:00,-35.836944,-71.592777,160.0,open-meteo_ecmwf_ifs,daily,16.337,3.687,22.47,5.622416,3.6492405,77.30267,4.8,23.9292375533114,2.681294270107142
2023-09-27 00:00:00+00:00,-35.836944,-71.592777,160.0,open-meteo_ecmwf_ifs,daily,16.387,0.88699996,23.26,4.089083,3.6103742,76.690926,0.0,24.12114699555297,2.621966580882373
2023-09-28 00:00:00+00:00,-35.836944,-71.592777,160.0,open-meteo_ecmwf_ifs,daily,17.587,7.487,23.02,7.2432504,3.9967196,77.269966,0.0,24.312323188477965,3.172198748190599
2023-09-29 00:00:00+00:00,-35.836944,-71.592777,160.0,open-meteo_ecmwf_ifs,daily,20.536999,3.937,22.94,6.9661674,1.640387,79.306335,0.0,24.50270404682809,2.9653878649844194
2023-09-30 00:00:00+00:00,-35.836944,-71.592777,160.0,open-meteo_ecmwf_ifs,daily,22.786999,7.687,23.05,8.345333,1.3654828,72.21606,0.0,24.692228293178324,3.3305302042488067
2023-10-01 00:00:00+00:00,-35.836944,-71.592777,160.0,open-meteo_ecmwf_ifs,daily,16.187,8.887,10.3,10.034917,2.4263914,89.01715,0.70000005,24.88083549251271,1.6985020462080875
2023-10-02 00:00:00+00:00,-35.836944,-71.592777,160.0,open-meteo_ecmwf_ifs,daily,13.987,8.687,9.54,7.384917,1.38836,78.74757,2.4,25.068466085119876,1.6646743918589
2023-10-03 00:00:00+00:00,-35.836944,-71.592777,160.0,open-meteo_ecmwf_ifs,daily,16.237,4.637,19.07,6.7015834,1.9174525,80.47921,1.2,25.255061417754384,2.4258065495601584
2023-10-04 00:00:00+00:00,-35.836944,-71.592777,160.0,open-meteo_ecmwf_ifs,daily,18.887,3.237,24.37,6.2349167,2.0447001,77.00209,0.0,25.440563773014023,3.0192391063175292
2023-10-05 00:00:00+00:00,-35.836944,-71.592777,160.0,open-meteo_ecmwf_ifs,daily,18.487,3.037,22.99,5.714083,1.5448514,73.501656,0.0,25.62491639688897,2.8806553214846757
2023-10-06 00:00:00+00:00,-35.836944,-71.592777,160.0,open-meteo_ecmwf_ifs,daily,17.387,5.487,21.38,5.4474163,2.0864508,69.31559,0.0,25.808063524443565,2.942129570407915
2023-10-07 00:00:00+00:00,-35.836944,-71.592777,160.0,open-meteo_ecmwf_ifs,daily,19.437,4.487,24.94,5.801583,3.3042116,70.59434,0.0,25.989950403596584,3.416530547113101
2023-10-08 00:00:00+00:00,-35.836944,-71.592777,160.0,open-meteo_ecmwf_ifs,daily,19.837,2.487,24.39,5.551583,2.964117,73.65704,0.0,26.170523316972158,3.1991875180905076
2023-10-09 00:00:00+00:00,-35.836944,-71.592777,160.0,open-meteo_ecmwf_ifs,daily,21.036999,3.587,22.47,6.3765826,2.4579067,73.10706,0.0,26.349729601797833,3.1804468205965506
2023-10-10 00:00:00+00:00,-35.836944,-71.592777,160.0,open-meteo_ecmwf_ifs,daily,18.737,5.337,21.72,6.3265834,2.0516171,73.852776,0.0,26.527517667833077,3.0401596976282046
2023-10-11 00:00:00+00:00,-35.836944,-71.592777,160.0,open-meteo_ecmwf_ifs,daily,20.137,4.587,24.7,6.0890827,1.8629975,70.370255,0.0,26.70383701331636,3.3633628840868957
2023-10-12 00:00:00+00:00,-35.836944,-71.592777,160.0,open-meteo_ecmwf_ifs,daily,22.036999,5.587,24.51,7.312,2.5339632,72.5616,0.0,26.87863823892507,3.615886587530802
2023-10-13 00:00:00+00:00,-35.836944,-71.592777,160.0,open-meteo_ecmwf_ifs,daily,22.286999,5.687,23.94,7.257833,2.9631565,72.611176,0.0,27.05187305974812,3.676254644976623
2023-10-14 00:00:00+00:00,-35.836944,-71.592777,160.0,open-meteo_ecmwf_ifs,daily,22.286999,5.287,26.01,6.3682504,2.3474302,67.97502,0.0,27.22349431527694,3.8253549686127473
2023-10-15 00:00:00+00:00,-35.836944,-71.592777,160.0,open-meteo_ecmwf_ifs,daily,20.587,5.537,26.23,5.559917,3.2364767,64.231026,0.0,27.393455977426083,3.8953630599844478
2023-10-16 00:00:00+00:00,-35.836944,-71.592777,160.0,open-meteo_ecmwf_ifs,daily,21.987,4.537,26.94,4.1474166,3.4936848,60.663044,0.0,27.56171315660053,4.212039153247067
2023-10-17 00:00:00+00:00,-35.836944,-71.592777,160.0,open-meteo_ecmwf_ifs,daily,25.187,4.687,25.89,7.1890845,1.5999514,66.86907,0.0,27.728222105832216,3.8715078264632976
2023-10-18 00:00:00+00:00,-35.836944,-71.592777,160.0,open-meteo_ecmwf_ifs,daily,20.737,10.037001,15.8,8.228666,4.446796,63.50346,2.8,27.892940223013973,3.4915051545423763
2023-10-19 00:00:00+00:00,-35.836944,-71.592777,160.0,open-meteo_ecmwf_ifs,daily,24.837,6.187,21.46,7.280749,2.2992268,66.89168,0.0,28.05582605126422,3.722308171823174
2023-10-20 00:00:00+00:00,-35.836944,-71.592777,160.0,open-meteo_ecmwf_ifs,daily,20.337,10.187,10.7,10.289083,1.5026358,75.38117,0.0,28.216839277461407,2.17243514698444
2023-10-21 00:00:00+00:00,-35.836944,-71.592777,160.0,open-meteo_ecmwf_ifs,daily,23.187,10.937,20.33,10.666165,1.9176501,71.3251,0.0,28.375940728991957,3.5442937188068897
2023-10-22 00:00:00+00:00,-35.836944,-71.592777,160.0,open-meteo_ecmwf_ifs,daily,23.536999,9.087001,25.47,9.964083,1.6554443,69.4033,0.0,28.533092368760503,3.971129027944987
2023-10-23 00:00:00+00:00,-35.836944,-71.592777,160.0,open-meteo_ecmwf_ifs,daily,21.137,10.137,20.22,9.5495,1.7064465,71.34399,0.2,28.68825728851618,3.3468175180266577
2023-10-24 00:00:00+00:00,-35.836944,-71.592777,160.0,open-meteo_ecmwf_ifs,daily,23.137,7.637,26.69,8.2161665,2.8239212,71.19786,0.0,28.841399700552966,4.232853331524778
2023-10-25 00:00:00+00:00,-35.836944,-71.592777,160.0,open-meteo_ecmwf_ifs,daily,23.687,6.437,26.14,8.376583,2.2776492,69.31362,0.0,28.992484927846448,4.025835221491634
2023-10-26 00:00:00+00:00,-35.836944,-71.592777,160.0,open-meteo_ecmwf_ifs,daily,22.587,7.137,27.89,8.0494995,1.7827182,66.34713,0.0,29.141479392693817,4.132961006491404
2023-10-27 00:00:00+00:00,-35.836944,-71.592777,160.0,open-meteo_ecmwf_ifs,daily,17.237,8.737,12.29,7.620334,3.7864778,71.78541,0.6,29.288350603926748,2.5817441440100892
2023-10-28 00:00:00+00:00,-35.836944,-71.592777,160.0,open-meteo_ecmwf_ifs,daily,13.337001,10.887,2.06,7.2619996,6.250159,74.73387,31.2,29.43306714277166,1.9153238533894543
2023-10-29 00:00:00+00:00,-35.836944,-71.592777,160.0,open-meteo_ecmwf_ifs,daily,14.837001,9.837001,11.59,8.1995,4.7661033,79.07608,8.799999,29.575598647433523,2.3174937083756624
2023-10-30 00:00:00+00:00,-35.836944,-71.592777,160.0,open-meteo_ecmwf_ifs,daily,15.037001,3.787,21.12,5.1245,2.5322325,74.96194,0.0,29.715915796483646,2.7529332468154752
2023-10-31 00:00:00+00:00,-35.836944,-71.592777,160.0,open-meteo_ecmwf_ifs,daily,17.737,4.037,27.36,4.3849163,2.6732063,67.15108,0.0,29.85399029113328,3.680683004476777
2023-11-01 00:00:00+00:00,-35.836944,-71.592777,160.0,open-meteo_ecmwf_ifs,daily,18.286999,5.187,23.98,6.8161674,2.3654625,74.3282,7.4999995,29.989794836477756,3.3188365563669757
2023-11-02 00:00:00+00:00,-35.836944,-71.592777,160.0,open-meteo_ecmwf_ifs,daily,18.337,6.687,24.65,8.662,1.7038482,80.29873,0.5,30.12330312179743,3.372604374712327
2023-11-03 00:00:00+00:00,-35.836944,-71.592777,160.0,open-meteo_ecmwf_ifs,daily,22.587,5.887,29.54,7.932834,3.2131386,70.02918,0.0,30.254489800003043,4.348281723773653
2023-11-04 00:00:00+00:00,-35.836944,-71.592777,160.0,open-meteo_ecmwf_ifs,daily,23.337,5.187,28.83,8.56825,3.0272472,73.10708,0.0,30.38333046631457,4.204144475453557
2023-11-05 00:00:00+00:00,-35.836944,-71.592777,160.0,open-meteo_ecmwf_ifs,daily,19.737,10.437,13.43,8.716167,2.1724355,71.8082,0.1,30.50980163626273,2.778406816258702
2023-11-06 00:00:00+00:00,-35.836944,-71.592777,160.0,open-meteo_ecmwf_ifs,daily,20.737,8.137,16.78,9.659917,2.3479912,79.59217,0.0,30.633880723103214,2.9066407448671834
2023-11-07 00:00:00+00:00,-35.836944,-71.592777,160.0,open-meteo_ecmwf_ifs,daily,20.487,11.687,26.96,8.7474165,2.6662767,67.1337,3.8,30.755546014733294,4.458006142190585
2023-11-08 00:00:00+00:00,-35.836944,-71.592777,160.0,open-meteo_ecmwf_ifs,daily,22.786999,6.037,30.46,8.10575,3.8396275,70.02114,0.0,30.874776650199806,4.522081515049174
2023-11-09 00:00:00+00:00,-35.836944,-71.592777,160.0,open-meteo_ecmwf_ifs,daily,24.087,6.937,29.38,9.614083,2.2527711,75.212685,0.0,30.99155259588731,4.44923883109858
2023-11-10 00:00:00+00:00,-35.836944,-71.592777,160.0,open-meteo_ecmwf_ifs,daily,17.337,9.837001,10.31,9.297417,3.189737,79.19118,3.5,31.10585462147317,2.233065180056011
2023-11-11 00:00:00+00:00,-35.836944,-71.592777,160.0,open-meteo_ecmwf_ifs,daily,13.937,10.587001,4.01,9.595333,4.4149175,87.08636,11.6,31.217664275735075,1.362692626814303
2023-11-12 00:00:00+00:00,-35.836944,-71.592777,160.0,open-meteo_ecmwf_ifs,daily,16.637,5.237,27.09,3.9078329,3.4842615,65.096565,0.0,31.326963862294868,3.8449639796694375
2023-11-13 00:00:00+00:00,-35.836944,-71.592777,160.0,open-meteo_ecmwf_ifs,daily,18.937,3.437,30.95,4.1786666,3.5177658,64.75796,0.0,31.433736415379403,4.190739911125684
2023-11-14 00:00:00+00:00,-35.836944,-71.592777,160.0,open-meteo_ecmwf_ifs,daily,19.786999,4.987,28.51,5.845333,3.4503973,68.16346,0.0,31.53796567567732,4.104813539385734
2023-11-15 00:00:00+00:00,-35.836944,-71.592777,160.0,open-meteo_ecmwf_ifs,daily,18.387,4.287,27.09,4.941166,2.5233016,66.481766,0.0,31.63963606636697,3.780694948501426
2023-11-16 00:00:00+00:00,-35.836944,-71.592777,160.0,open-meteo_ecmwf_ifs,daily,21.237,5.187,29.6,6.1265836,3.1657784,67.68151,0.0,31.73873266938796,4.378692151396002
2023-11-17 00:00:00+00:00,-35.836944,-71.592777,160.0,open-meteo_ecmwf_ifs,daily,14.287001,10.487,8.4,9.432834,6.060468,84.94738,34.8,31.835241202024843,1.8687776787987733
2023-11-18 00:00:00+00:00,-35.836944,-71.592777,160.0,open-meteo_ecmwf_ifs,daily,15.837001,9.987,11.99,9.707833,2.4006217,83.2918,2.3999999,31.929147993867833,2.1351027311440536
2023-11-19 00:00:00+00:00,-35.836944,-71.592777,160.0,open-meteo_ecmwf_ifs,daily,23.587,5.237,31.36,8.834916,1.8811398,73.63433,0.0,32.02043996421136,4.523984573590371
2023-11-20 00:00:00+00:00,-35.836944,-71.592777,160.0,open-meteo_ecmwf_ifs,daily,20.637,8.787001,27.42,9.574501,1.9476762,74.79664,0.0,32.109104599947145,4.117606430689233
2023-11-21 00:00:00+00:00,-35.836944,-71.592777,160.0,open-meteo_ecmwf_ifs,daily,21.587,9.387,27.22,8.639083,3.5014517,69.61733,0.0,32.19512993400374,4.506323973713371
2023-11-22 00:00:00+00:00,-35.836944,-71.592777,160.0,open-meteo_ecmwf_ifs,daily,21.637,7.337,30.07,8.543251,3.8722265,71.90999,0.0,32.27850452438036,4.512400078580348
2023-11-23 00:00:00+00:00,-35.836944,-71.592777,160.0,open-meteo_ecmwf_ifs,daily,27.286999,5.587,32.17,8.847417,3.2047603,67.306915,0.0,32.359217433818074,5.207296135354888
2023-11-24 00:00:00+00:00,-35.836944,-71.592777,160.0,open-meteo_ecmwf_ifs,daily,27.137,13.087001,30.87,12.826584,2.3483293,64.40809,0.0,32.43725821014636,5.496760149405494
2023-11-25 00:00:00+00:00,-35.836944,-71.592777,160.0,open-meteo_ecmwf_ifs,daily,25.786999,10.237,27.72,13.084915,1.8172597,76.39344,0.0,32.512616867339005,4.563346779485709
2023-11-26 00:00:00+00:00,-35.836944,-71.592777,160.0,open-meteo_ecmwf_ifs,daily,26.637,11.837001,26.29,13.305751,1.6926731,76.80959,0.1,32.585283867307936,4.6109436289824695
2023-11-27 00:00:00+00:00,-35.836944,-71.592777,160.0,open-meteo_ecmwf_ifs,daily,23.587,10.837001,24.07,12.120334,3.7370784,72.55251,0.0,32.65525010245945,4.17253125209548
2023-11-28 00:00:00+00:00,-35.836944,-71.592777,160.0,open-meteo_ecmwf_ifs,daily,22.786999,10.287001,25.9,9.784916,2.4671001,67.57421,0.0,32.72250687903234,4.410381031922894
2023-11-29 00:00:00+00:00,-35.836944,-71.592777,160.0,open-meteo_ecmwf_ifs,daily,25.587,9.337001,32.93,8.566167,4.0092487,62.648373,0.0,32.78704590123314,5.76076036902219
2023-11-30 00:00:00+00:00,-35.836944,-71.592777,160.0,open-meteo_ecmwf_ifs,daily,26.137,8.887,31.98,10.497416,1.7804075,67.29652,0.0,32.84885925617958,5.17189009767004
2023-12-01 00:00:00+00:00,-35.836944,-71.592777,160.0,open-meteo_ecmwf_ifs,daily,21.337,12.837001,17.68,10.145333,2.0221477,68.274055,0.6,32.90793939965878,3.5075460692821
2023-12-02 00:00:00+00:00,-35.836944,-71.592777,160.0,open-meteo_ecmwf_ifs,daily,21.637,11.087001,32.37,6.351583,4.8534913,56.808224,0.0,32.96427914270347,5.816349670641596
2023-12-03 00:00:00+00:00,-35.836944,-71.592777,160.0,open-meteo_ecmwf_ifs,daily,24.937,5.187,33.38,3.4390833,4.5057473,51.04671,0.0,33.01787163898522,5.820393256095044
2023-12-04 00:00:00+00:00,-35.836944,-71.592777,160.0,open-meteo_ecmwf_ifs,daily,27.437,8.187,32.94,8.428668,1.60536,58.717564,0.0,33.068710373021005,5.431094428710039
2023-12-05 00:00:00+00:00,-35.836944,-71.592777,160.0,open-meteo_ecmwf_ifs,daily,22.937,9.937,30.5,7.9745,3.8132067,59.033634,0.0,33.116789149185855,5.279769159838789
2023-12-06 00:00:00+00:00,-35.836944,-71.592777,160.0,open-meteo_ecmwf_ifs,daily,27.786999,8.587001,32.53,9.195333,2.061292,64.3661,0.0,33.162102081522,5.524823836726147
2023-12-07 00:00:00+00:00,-35.836944,-71.592777,160.0,open-meteo_ecmwf_ifs,daily,31.387,10.737,33.31,10.04325,2.2309904,57.387295,0.0,33.204643584332416,6.23538917642432
2023-12-08 00:00:00+00:00,-35.836944,-71.592777,160.0,open-meteo_ecmwf_ifs,daily,27.987,12.637,32.5,11.186999,2.9313755,59.59766,0.0,33.244408363544906,6.063223095617594
2023-12-09 00:00:00+00:00,-35.836944,-71.592777,160.0,open-meteo_ecmwf_ifs,daily,27.887,9.637,33.43,7.320333,4.4573073,52.383526,0.0,33.281391408830864,6.521340521395838
2023-12-10 00:00:00+00:00,-35.836944,-71.592777,160.0,open-meteo_ecmwf_ifs,daily,33.336998,9.837001,32.71,10.070333,3.0229266,55.187958,0.0,33.315587986462276,6.560809595549753
2023-12-11 00:00:00+00:00,-35.836944,-71.592777,160.0,open-meteo_ecmwf_ifs,daily,24.987,12.137,26.88,9.709916,4.163532,61.21817,0.0,33.346993632888996,5.393962415729624
2023-12-12 00:00:00+00:00,-35.836944,-71.592777,160.0,open-meteo_ecmwf_ifs,daily,26.187,11.337001,27.7,8.61825,3.9909189,57.530178,0.0,33.37560414901852,5.670305532739882
2023-12-13 00:00:00+00:00,-35.836944,-71.592777,160.0,open-meteo_ecmwf_ifs,daily,29.036999,8.537001,33.26,6.0744996,2.9852216,49.41928,0.0,33.40141559518009,6.243960274591613
2023-12-14 00:00:00+00:00,-35.836944,-71.592777,160.0,open-meteo_ecmwf_ifs,daily,27.887,11.637,32.72,6.38075,2.9590309,45.56137,0.0,33.4244242867552,6.402874571537534
2023-12-15 00:00:00+00:00,-35.836944,-71.592777,160.0,open-meteo_ecmwf_ifs,daily,27.337,9.087001,32.2,7.087,2.9309702,55.289913,0.0,33.44462679045766,5.889727568114047
2023-12-16 00:00:00+00:00,-35.836944,-71.592777,160.0,open-meteo_ecmwf_ifs,daily,21.737,8.837001,24.75,6.09325,3.5541832,57.00363,0.0,33.462019921246785,4.628701739852272
2023-12-17 00:00:00+00:00,-35.836944,-71.592777,160.0,open-meteo_ecmwf_ifs,daily,20.487,12.287001,18.95,8.622416,2.9614763,66.58367,11.6,33.4766007398591,3.8914512307669176
2023-12-18 00:00:00+00:00,-35.836944,-71.592777,160.0,open-meteo_ecmwf_ifs,daily,25.637,6.937,33.65,5.426583,3.740053,53.710957,0.0,33.48836655094511,5.862862805309196
2023-12-19 00:00:00+00:00,-35.836944,-71.592777,160.0,open-meteo_ecmwf_ifs,daily,24.737,9.587001,32.55,9.3411665,3.1086423,60.325275,0.0,33.49731490179994,5.4488711264363285
2023-12-20 00:00:00+00:00,-35.836944,-71.592777,160.0,open-meteo_ecmwf_ifs,daily,27.387,9.237,31.64,9.66825,2.3682172,66.89803,0.0,33.50344358167798,5.49882042002932
2023-12-21 00:00:00+00:00,-35.836944,-71.592777,160.0,open-meteo_ecmwf_ifs,daily,29.237,10.887,33.38,9.609917,2.3209786,58.00917,0.0,33.506750621684745,6.099145104193782
2023-12-22 00:00:00+00:00,-35.836944,-71.592777,160.0,open-meteo_ecmwf_ifs,daily,31.087,11.337001,33.52,8.509917,3.221708,51.862965,0.0,33.507234295240764,6.782603421112531
2023-12-23 00:00:00+00:00,-35.836944,-71.592777,160.0,open-meteo_ecmwf_ifs,daily,29.137,11.487,28.99,10.7995,2.385269,58.447308,0.0,33.504893119115,5.563945647756556
2023-12-24 00:00:00+00:00,-35.836944,-71.592777,160.0,open-meteo_ecmwf_ifs,daily,30.337,12.937,33.13,10.036998,2.2719557,52.29953,0.0,33.49972585502786,6.377989044047245
2023-12-25 00:00:00+00:00,-35.836944,-71.592777,160.0,open-meteo_ecmwf_ifs,daily,32.687,12.087001,33.71,9.816167,2.2605512,49.28645,0.0,33.491731511826,6.614863533683871
2023-12-26 00:00:00+00:00,-35.836944,-71.592777,160.0,open-meteo_ecmwf_ifs,daily,29.687,14.587001,32.65,13.103667,2.7658608,57.54431,0.0,33.480909348233986,6.348103693881552
2023-12-27 00:00:00+00:00,-35.836944,-71.592777,160.0,open-meteo_ecmwf_ifs,daily,26.786999,13.537001,22.0,12.805748,2.1522322,63.664463,0.2,33.467258876189625,4.429134681687396
2023-12-28 00:00:00+00:00,-35.836944,-71.592777,160.0,open-meteo_ecmwf_ifs,daily,23.887,16.987,11.12,13.999499,2.3220558,71.706604,0.7,33.45077986477263,3.0206460941703908
2023-12-29 00:00:00+00:00,-35.836944,-71.592777,160.0,open-meteo_ecmwf_ifs,daily,29.337,11.787001,32.35,12.437,1.2472044,69.0436,0.0,33.43147234473763,5.646611605155935
2023-12-30 00:00:00+00:00,-35.836944,-71.592777,160.0,open-meteo_ecmwf_ifs,daily,26.286999,13.787001,22.65,12.534917,4.084358,65.86654,0.0,33.409336613664976,4.919275883619268
2023-12-31 00:00:00+00:00,-35.836944,-71.592777,160.0,open-meteo_ecmwf_ifs,daily,26.036999,11.737,28.46,10.841167,1.6125212,65.14689,0.0,33.38437324174392,5.001545743233058
2024-01-01 00:00:00+00:00,-35.836944,-71.592777,160.0,open-meteo_ecmwf_ifs,daily,29.187,11.187,32.41,11.549502,1.5725352,63.637268,0.0,33.35658307820425,5.689136351123077
2024-01-02 00:00:00+00:00,-35.836944,-71.592777,160.0,open-meteo_ecmwf_ifs,daily,32.037,13.087001,33.07,10.678666,2.5328007,54.10811,0.0,33.325967258413414,6.62375358414239
2024-01-03 00:00:00+00:00,-35.836944,-71.592777,160.0,open-meteo_ecmwf_ifs,daily,32.037,13.737,32.61,11.3619995,2.2391179,52.566452,0.0,33.29252721165685,6.4781459175871685
2024-01-04 00:00:00+00:00,-35.836944,-71.592777,160.0,open-meteo_ecmwf_ifs,daily,32.086998,14.487,32.19,11.572417,1.9036446,51.436115,0.0,33.25626466961939,6.354000842654196
2024-01-05 00:00:00+00:00,-35.836944,-71.592777,160.0,open-meteo_ecmwf_ifs,daily,28.587,14.287001,24.83,14.037,1.9185678,63.775883,0.0,33.21718167558599,4.876353442638518
2024-01-06 00:00:00+00:00,-35.836944,-71.592777,160.0,open-meteo_ecmwf_ifs,daily,27.286999,13.287001,30.25,12.270332,2.7747726,62.294605,0.1,33.1752805943787,5.640031628607741
2024-01-07 00:00:00+00:00,-35.836944,-71.592777,160.0,open-meteo_ecmwf_ifs,daily,27.437,12.587001,31.76,11.076583,3.4616852,61.845295,0.0,33.130564123047265,6.012395447676016
2024-01-08 00:00:00+00:00,-35.836944,-71.592777,160.0,open-meteo_ecmwf_ifs,daily,28.637,11.887,32.99,8.13075,3.4289405,50.919403,0.0,33.0830353023281,6.546908072498852
2024-01-09 00:00:00+00:00,-35.836944,-71.592777,160.0,open-meteo_ecmwf_ifs,daily,28.837,11.187,32.69,7.9328327,2.938927,50.29012,0.0,33.032697528885905,6.30220517766397
2024-01-10 00:00:00+00:00,-35.836944,-71.592777,160.0,open-meteo_ecmwf_ifs,daily,28.637,10.787001,33.04,5.9432507,2.5257795,43.85023,0.0,32.97955456834944,6.254375287698408
2024-01-11 00:00:00+00:00,-35.836944,-71.592777,160.0,open-meteo_ecmwf_ifs,daily,29.786999,11.137,32.71,7.5890827,1.8852015,48.729843,0.0,32.92361056915107,6.0156232915781
2024-01-12 00:00:00+00:00,-35.836944,-71.592777,160.0,open-meteo_ecmwf_ifs,daily,30.187,12.537001,30.24,7.8890824,1.6034819,45.732555,0.0,32.864870077176626,5.734220930700153
2024-01-13 00:00:00+00:00,-35.836944,-71.592777,160.0,open-meteo_ecmwf_ifs,daily,28.337,12.587001,31.25,8.941167,1.8634781,51.826267,0.0,32.803338051229204,5.77176063821229
2024-01-14 00:00:00+00:00,-35.836944,-71.592777,160.0,open-meteo_ecmwf_ifs,daily,30.987,11.887,32.97,4.614083,3.7099135,38.77767,0.0,32.739019879307094,7.2702671492492685
2024-01-15 00:00:00+00:00,-35.836944,-71.592777,160.0,open-meteo_ecmwf_ifs,daily,29.237,11.737,32.48,6.9161677,3.048275,45.406464,0.0,32.671921395692294,6.498031737514017
2024-01-16 00:00:00+00:00,-35.836944,-71.592777,160.0,open-meteo_ecmwf_ifs,daily,31.437,13.337001,32.27,9.139084,3.6170127,49.041992,0.0,32.60204889884222,6.999952033769196
2024-01-17 00:00:00+00:00,-35.836944,-71.592777,160.0,open-meteo_ecmwf_ifs,daily,30.437,13.537001,29.31,10.162,2.518056,48.70454,0.0,32.5294091700727,6.023352735939416
2024-01-18 00:00:00+00:00,-35.836944,-71.592777,160.0,open-meteo_ecmwf_ifs,daily,31.337,13.587001,32.55,6.989083,4.5812106,42.584965,0.0,32.45400949301641,7.672310789395952
2024-01-19 00:00:00+00:00,-35.836944,-71.592777,160.0,open-meteo_ecmwf_ifs,daily,32.836998,10.887,32.29,5.8599167,3.4320385,40.98537,0.0,32.37585767383586,7.051753316772415
2024-01-20 00:00:00+00:00,-35.836944,-71.592777,160.0,open-meteo_ecmwf_ifs,daily,31.137,11.937,32.03,9.489083,2.623279,47.90008,0.0,32.2949620621657,6.31114164702348
2024-01-21 00:00:00+00:00,-35.836944,-71.592777,160.0,open-meteo_ecmwf_ifs,daily,33.086998,13.637,31.65,10.626583,1.7143282,48.38892,0.0,32.21133157275414,6.167602753836433
2024-01-22 00:00:00+00:00,-35.836944,-71.592777,160.0,open-meteo_ecmwf_ifs,daily,36.086998,16.587,30.82,12.701584,1.7976602,46.191376,0.0,32.12497570776827,6.546641643389475
2024-01-23 00:00:00+00:00,-35.836944,-71.592777,160.0,open-meteo_ecmwf_ifs,daily,31.637,15.287001,30.66,13.622415,2.5859191,56.257046,0.0,32.035904579723656,6.24463218363737
2024-01-24 00:00:00+00:00,-35.836944,-71.592777,160.0,open-meteo_ecmwf_ifs,daily,36.537,14.987,31.49,10.751582,2.028684,47.753555,0.0,31.94412893499317,6.720306883370241
2024-01-25 00:00:00+00:00,-35.836944,-71.592777,160.0,open-meteo_ecmwf_ifs,daily,34.336998,15.687,30.63,9.212001,2.3552783,39.718372,0.0,31.849660177845706,6.737200630070885
2024-01-26 00:00:00+00:00,-35.836944,-71.592777,160.0,open-meteo_ecmwf_ifs,daily,30.786999,14.587001,28.61,12.897416,2.1496344,57.728725,0.0,31.75251039496029,5.700059691056464
2024-01-27 00:00:00+00:00,-35.836944,-71.592777,160.0,open-meteo_ecmwf_ifs,daily,33.637,14.237,27.99,13.032833,2.2024798,57.92017,0.0,31.652692380356886,5.884732801470282
2024-01-28 00:00:00+00:00,-35.836944,-71.592777,160.0,open-meteo_ecmwf_ifs,daily,32.787,17.487,29.97,11.916165,2.5526686,44.45575,0.0,31.550219660680614,6.629415628168231
2024-01-29 00:00:00+00:00,-35.836944,-71.592777,160.0,open-meteo_ecmwf_ifs,daily,34.336998,14.887,30.28,11.134917,1.5918308,50.32167,0.0,31.44510652077186,6.059227622859228
2024-01-30 00:00:00+00:00,-35.836944,-71.592777,160.0,open-meteo_ecmwf_ifs,daily,35.336998,15.087001,30.57,5.3182497,3.0909586,30.316559,0.0,31.337368029450676,7.410221889967601
2024-01-31 00:00:00+00:00,-35.836944,-71.592777,160.0,open-meteo_ecmwf_ifs,daily,36.086998,15.587001,30.74,6.622417,3.6244485,33.80064,0.0,31.227020065440552,7.8577976397928255
2024-02-01 00:00:00+00:00,-35.836944,-71.592777,160.0,open-meteo_ecmwf_ifs,daily,36.336998,16.387,30.56,9.370334,3.1670516,40.02849,0.0,31.114079343352625,7.470044406024127
2024-02-02 00:00:00+00:00,-35.836944,-71.592777,160.0,open-meteo_ecmwf_ifs,daily,35.537,16.837,30.07,10.662001,4.773613,45.89033,0.0,30.99856343964852,8.164644444802656
2024-02-03 00:00:00+00:00,-35.836944,-71.592777,160.0,open-meteo_ecmwf_ifs,daily,33.987,16.187,30.29,9.870334,5.3954234,43.641796,0.0,30.880490818497396,8.207915531410944
2024-02-04 00:00:00+00:00,-35.836944,-71.592777,160.0,open-meteo_ecmwf_ifs,daily,32.887,15.087001,29.69,9.0286665,3.6209285,40.294323,0.0,30.75988085743968,7.04427282564928
2024-02-05 00:00:00+00:00,-35.836944,-71.592777,160.0,open-meteo_ecmwf_ifs,daily,32.037,13.737,28.62,10.230748,2.038643,53.068237,0.0,30.636753872768534,5.774618225294956
2024-02-06 00:00:00+00:00,-35.836944,-71.592777,160.0,open-meteo_ecmwf_ifs,daily,34.137,13.937,29.18,11.303668,2.5916774,52.10931,0.0,30.511131144537924,6.273391365232606
2024-02-07 00:00:00+00:00,-35.836944,-71.592777,160.0,open-meteo_ecmwf_ifs,daily,34.537,17.487,28.14,13.909916,4.625318,52.896503,0.0,30.38303494110491,7.3183593142615715
2024-02-08 00:00:00+00:00,-35.836944,-71.592777,160.0,open-meteo_ecmwf_ifs,daily,32.086998,14.737,28.6,7.9974174,2.9969752,39.42168,0.0,30.25248854311276,6.499182794730507
2024-02-09 00:00:00+00:00,-35.836944,-71.592777,160.0,open-meteo_ecmwf_ifs,daily,32.137,15.537001,28.52,8.582833,2.8064597,40.887165,0.0,30.119516266821154,6.427444853061368
2024-02-10 00:00:00+00:00,-35.836944,-71.592777,160.0,open-meteo_ecmwf_ifs,daily,31.887,12.987,28.77,9.753668,1.8425359,51.297832,0.0,29.98414348668913,5.5839337611997495
2024-02-11 00:00:00+00:00,-35.836944,-71.592777,160.0,open-meteo_ecmwf_ifs,daily,31.387,13.687,28.38,11.422417,3.007624,55.056732,0.0,29.846396657117253,5.95420702207092
2024-02-12 00:00:00+00:00,-35.836944,-71.592777,160.0,open-meteo_ecmwf_ifs,daily,34.037,12.787001,29.17,8.255748,4.508617,47.75575,0.0,29.70630333325553,7.2577634982115145
2024-02-13 00:00:00+00:00,-35.836944,-71.592777,160.0,open-meteo_ecmwf_ifs,daily,35.487,15.037001,28.51,9.889084,2.8159037,43.047363,0.0,29.563892190785165,6.607674194396509
2024-02-14 00:00:00+00:00,-35.836944,-71.592777,160.0,open-meteo_ecmwf_ifs,daily,31.786999,14.187,27.6,13.426583,2.8255885,62.56221,0.0,29.419193044583352,5.682115678552879
2024-02-15 00:00:00+00:00,-35.836944,-71.592777,160.0,open-meteo_ecmwf_ifs,daily,32.387,14.287001,27.83,13.093249,1.644961,57.672016,0.0,29.272236866182233,5.347038688707849
2024-02-16 00:00:00+00:00,-35.836944,-71.592777,160.0,open-meteo_ecmwf_ifs,daily,31.987,13.837001,27.85,10.499499,2.6653507,51.546436,0.0,29.123055799935543,5.8655451179481615
2024-02-17 00:00:00+00:00,-35.836944,-71.592777,160.0,open-meteo_ecmwf_ifs,daily,33.336998,14.037001,28.47,9.839084,4.742006,54.754868,0.0,28.971683177808707,7.127588818184759
2024-02-18 00:00:00+00:00,-35.836944,-71.592777,160.0,open-meteo_ecmwf_ifs,daily,35.637,12.587001,27.85,8.495332,2.1640098,44.19019,0.0,28.81815353271147,5.902656744732512
2024-02-19 00:00:00+00:00,-35.836944,-71.592777,160.0,open-meteo_ecmwf_ifs,daily,30.087,15.587001,26.59,11.451584,3.9159372,48.79979,0.0,28.662502610295082,6.105328655675039
2024-02-20 00:00:00+00:00,-35.836944,-71.592777,160.0,open-meteo_ecmwf_ifs,daily,28.786999,14.937,24.12,12.945334,2.9361417,61.64552,0.0,28.50476737913997,5.0355211457750615
2024-02-21 00:00:00+00:00,-35.836944,-71.592777,160.0,open-meteo_ecmwf_ifs,daily,27.337,14.487,24.09,12.664083,2.7925837,61.21731,0.0,28.34498603926361,4.778838969219934
2024-02-22 00:00:00+00:00,-35.836944,-71.592777,160.0,open-meteo_ecmwf_ifs,daily,25.237,15.137,19.19,10.597417,2.3522944,61.24737,2.5,28.183198028882487,4.150217631184428
2024-02-23 00:00:00+00:00,-35.836944,-71.592777,160.0,open-meteo_ecmwf_ifs,daily,29.687,12.937,26.7,8.816165,1.957942,51.462112,0.0,28.019444029366667,5.103049751496243
2024-02-24 00:00:00+00:00,-35.836944,-71.592777,160.0,open-meteo_ecmwf_ifs,daily,31.637,12.737,25.95,8.86825,2.0673954,44.99092,0.0,27.85376596833013,5.213187901052866
2024-02-25 00:00:00+00:00,-35.836944,-71.592777,160.0,open-meteo_ecmwf_ifs,daily,31.737,14.337001,26.37,8.197416,2.1004853,42.464935,0.0,27.686207020805107,5.4395225720254015
2024-02-26 00:00:00+00:00,-35.836944,-71.592777,160.0,open-meteo_ecmwf_ifs,daily,31.487,13.687,26.42,6.5244994,2.5796525,40.134777,0.0,27.516811608453715,5.7237813094499055
2024-02-27 00:00:00+00:00,-35.836944,-71.592777,160.0,open-meteo_ecmwf_ifs,daily,31.536999,12.287001,26.23,6.832834,2.6264622,43.287296,0.0,27.345625396775777,5.568944372800296
2024-02-28 00:00:00+00:00,-35.836944,-71.592777,160.0,open-meteo_ecmwf_ifs,daily,32.487,12.637,25.49,10.532833,3.4349258,54.51894,0.0,27.1726952902771,5.725405328473477
2024-02-29 00:00:00+00:00,-35.836944,-71.592777,160.0,open-meteo_ecmwf_ifs,daily,32.336998,13.187,26.11,7.187,2.8239126,40.88741,0.0,26.998069425568207,5.79066449345431
2024-03-01 00:00:00+00:00,-35.836944,-71.592777,160.0,open-meteo_ecmwf_ifs,daily,31.487,12.837001,25.51,6.686999,2.7289197,43.8333,0.0,26.821797162369545,5.572797996165195
2024-03-02 00:00:00+00:00,-35.836944,-71.592777,160.0,open-meteo_ecmwf_ifs,daily,30.087,13.687,26.11,4.5515833,4.8623877,36.741283,0.0,26.643929072404866,6.878804525854856
2024-03-03 00:00:00+00:00,-35.836944,-71.592777,160.0,open-meteo_ecmwf_ifs,daily,29.387,9.137,25.94,4.2995,2.482786,40.954304,0.0,26.46451692617062,5.022572665831062
2024-03-04 00:00:00+00:00,-35.836944,-71.592777,160.0,open-meteo_ecmwf_ifs,daily,30.837,9.737,25.52,5.862,2.1309478,43.264236,0.0,26.283613677575314,4.882020557784376
2024-03-05 00:00:00+00:00,-35.836944,-71.592777,160.0,open-meteo_ecmwf_ifs,daily,31.337,12.337001,24.93,8.082833,1.6082395,46.416702,0.0,26.101273446448793,4.664284525197259
2024-03-06 00:00:00+00:00,-35.836944,-71.592777,160.0,open-meteo_ecmwf_ifs,daily,29.837,11.737,24.73,8.553665,2.4452124,48.31548,0.0,25.917551498927626,4.882393264194936
2024-03-07 00:00:00+00:00,-35.836944,-71.592777,160.0,open-meteo_ecmwf_ifs,daily,27.637,11.987,23.73,7.2265835,2.8822873,49.322636,0.0,25.73250422572873,4.877318716644315
2024-03-08 00:00:00+00:00,-35.836944,-71.592777,160.0,open-meteo_ecmwf_ifs,daily,26.137,10.137,22.48,7.322417,2.2229745,53.411224,0.0,25.546189118329618,4.134277966477788
2024-03-09 00:00:00+00:00,-35.836944,-71.592777,160.0,open-meteo_ecmwf_ifs,daily,28.637,11.137,24.43,8.645333,3.9241304,60.609272,0.0,25.358664743079576,5.187023186152115
2024-03-10 00:00:00+00:00,-35.836944,-71.592777,160.0,open-meteo_ecmwf_ifs,daily,26.786999,9.287001,20.68,6.422416,1.9683267,52.478474,0.0,25.16999071327198,3.8754927968226482
2024-03-11 00:00:00+00:00,-35.836944,-71.592777,160.0,open-meteo_ecmwf_ifs,daily,27.737,9.987,23.71,8.001582,2.183294,55.94745,0.0,24.980227659213973,4.270431452306927
2024-03-12 00:00:00+00:00,-35.836944,-71.592777,160.0,open-meteo_ecmwf_ifs,daily,26.786999,10.687,22.27,9.620334,1.4177388,62.422085,0.0,24.789437196335275,3.715318545959909
2024-03-13 00:00:00+00:00,-35.836944,-71.592777,160.0,open-meteo_ecmwf_ifs,daily,25.687,11.737,23.19,9.272418,3.3300312,62.12001,0.0,24.59768189138357,4.448182376719446
2024-03-14 00:00:00+00:00,-35.836944,-71.592777,160.0,open-meteo_ecmwf_ifs,daily,26.887,10.187,23.71,6.2870007,4.4872766,53.192837,0.0,24.40502522675954,5.175152308930392
2024-03-15 00:00:00+00:00,-35.836944,-71.592777,160.0,open-meteo_ecmwf_ifs,daily,26.987,6.687,23.79,3.9411662,3.8392913,50.90996,0.0,24.211531563049558,4.756030652576195
2024-03-16 00:00:00+00:00,-35.836944,-71.592777,160.0,open-meteo_ecmwf_ifs,daily,27.587,8.687,22.85,4.784916,3.8984604,48.624146,0.0,24.01726609981943,4.934655517835027
2024-03-17 00:00:00+00:00,-35.836944,-71.592777,160.0,open-meteo_ecmwf_ifs,daily,26.587,8.037001,21.92,3.8828332,3.6295407,47.293102,0.0,23.822294834737463,4.637692888451871
2024-03-18 00:00:00+00:00,-35.836944,-71.592777,160.0,open-meteo_ecmwf_ifs,daily,28.036999,8.687,20.53,3.2328331,3.505417,43.038143,0.0,23.62668452109964,4.769563695030458
2024-03-19 00:00:00+00:00,-35.836944,-71.592777,160.0,open-meteo_ecmwf_ifs,daily,28.887,11.487,21.68,3.7599163,2.6298065,39.121387,0.0,23.430502623834272,4.679212098840775
2024-03-20 00:00:00+00:00,-35.836944,-71.592777,160.0,open-meteo_ecmwf_ifs,daily,18.187,11.637,2.58,9.782833,3.096608,75.22823,13.0,23.233817274067892,1.6576778559889302
2024-03-21 00:00:00+00:00,-35.836944,-71.592777,160.0,open-meteo_ecmwf_ifs,daily,24.987,10.287001,20.39,11.732834,1.7994876,76.99105,0.0,23.03669722233758,3.2199892429671517
2024-03-22 00:00:00+00:00,-35.836944,-71.592777,160.0,open-meteo_ecmwf_ifs,daily,27.786999,11.037001,20.37,12.964084,1.9236054,73.07894,0.0,22.83921179053946,3.444114044483037
2024-03-23 00:00:00+00:00,-35.836944,-71.592777,160.0,open-meteo_ecmwf_ifs,daily,26.337,13.187,18.55,13.289084,2.3731372,69.85348,0.0,22.641430822705548,3.4017762862123186
2024-03-24 00:00:00+00:00,-35.836944,-71.592777,160.0,open-meteo_ecmwf_ifs,daily,27.337,12.287001,20.64,14.20575,3.4561987,78.53525,0.0,22.44342463470526,3.6870932069291977
2024-03-25 00:00:00+00:00,-35.836944,-71.592777,160.0,open-meteo_ecmwf_ifs,daily,25.687,11.537001,16.24,13.209916,1.8827626,77.893234,0.3,22.24526396296994,2.8314866118468736
2024-03-26 00:00:00+00:00,-35.836944,-71.592777,160.0,open-meteo_ecmwf_ifs,daily,29.137,12.387,18.09,14.070332,2.455105,74.871544,0.0,22.04701991234201,3.45713619903248
2024-03-27 00:00:00+00:00,-35.836944,-71.592777,160.0,open-meteo_ecmwf_ifs,daily,28.387,14.087001,18.82,13.797416,3.3112195,71.75324,0.0,21.848763903152058,3.8955171014450567
2024-03-28 00:00:00+00:00,-35.836944,-71.592777,160.0,open-meteo_ecmwf_ifs,daily,27.837,11.687,18.04,12.478664,2.2239192,73.37275,0.0,21.65056761762963,3.3213988891753523
2024-03-29 00:00:00+00:00,-35.836944,-71.592777,160.0,open-meteo_ecmwf_ifs,daily,28.237,11.637,19.62,12.082832,2.5552473,66.58866,0.0,21.452502945754762,3.619720656036805
2024-03-30 00:00:00+00:00,-35.836944,-71.592777,160.0,open-meteo_ecmwf_ifs,daily,26.137,8.737,19.32,6.916166,4.1363835,56.260532,0.0,21.254641930658977,4.122549325068404
2024-03-31 00:00:00+00:00,-35.836944,-71.592777,160.0,open-meteo_ecmwf_ifs,daily,19.536999,9.687,9.62,5.4932494,3.47169,55.17401,0.0,21.057056713685352,2.80998952171898
2024-04-01 00:00:00+00:00,-35.836944,-71.592777,160.0,open-meteo_ecmwf_ifs,daily,23.487,7.037,19.43,3.7119992,2.5030186,53.558605,0.0,20.859819479217965,3.3692490485469384
2024-04-02 00:00:00+00:00,-35.836944,-71.592777,160.0,open-meteo_ecmwf_ifs,daily,21.187,11.187,6.77,7.587,2.541162,63.086422,18.6,20.663002399391605,2.349167601651008
2024-04-03 00:00:00+00:00,-35.836944,-71.592777,160.0,open-meteo_ecmwf_ifs,daily,20.737,10.437,18.54,10.614083,2.7696438,77.70838,6.2,20.466677578792694,2.7422465205695197
2024-04-04 00:00:00+00:00,-35.836944,-71.592777,160.0,open-meteo_ecmwf_ifs,daily,22.187,6.487,18.95,7.2953334,3.2544506,70.08729,0.0,20.2709169992622,2.979450487197107
2024-04-05 00:00:00+00:00,-35.836944,-71.592777,160.0,open-meteo_ecmwf_ifs,daily,22.036999,6.637,17.87,9.082833,1.8512869,78.32304,0.0,20.075792464910734,2.4473982311823956
2024-04-06 00:00:00+00:00,-35.836944,-71.592777,160.0,open-meteo_ecmwf_ifs,daily,21.737,8.337001,16.64,9.5390835,2.3585296,78.5382,0.0,19.881375547455516,2.510742563103763
2024-04-07 00:00:00+00:00,-35.836944,-71.592777,160.0,open-meteo_ecmwf_ifs,daily,22.536999,7.037,17.15,8.734918,2.566551,74.215096,0.0,19.68773753198757,2.607337325038424
2024-04-08 00:00:00+00:00,-35.836944,-71.592777,160.0,open-meteo_ecmwf_ifs,daily,23.687,8.937,16.89,10.962001,2.2484276,80.46323,0.0,19.4949493632763,2.567181305824614
2024-04-09 00:00:00+00:00,-35.836944,-71.592777,160.0,open-meteo_ecmwf_ifs,daily,21.637,10.537001,15.92,10.855751,3.009364,77.52874,0.0,19.30308159271692,2.5830148630407512
2024-04-10 00:00:00+00:00,-35.836944,-71.592777,160.0,open-meteo_ecmwf_ifs,daily,20.237,5.637,13.57,7.582832,1.7264403,79.357765,0.5,19.112204326024326,1.967790987270512
2024-04-11 00:00:00+00:00,-35.836944,-71.592777,160.0,open-meteo_ecmwf_ifs,daily,19.286999,7.837,15.79,7.9078326,2.3251045,73.35074,0.0,18.92238717177483,2.276808724477769
2024-04-12 00:00:00+00:00,-35.836944,-71.592777,160.0,open-meteo_ecmwf_ifs,daily,18.387,7.187,11.09,9.014083,0.92367387,83.25157,0.0,18.733699190894733,1.5338261924986485
2024-04-13 00:00:00+00:00,-35.836944,-71.592777,160.0,open-meteo_ecmwf_ifs,daily,19.937,10.137,11.27,10.522416,1.8640529,78.88711,0.0,18.546208847192162,1.8572669519126186
2024-04-14 00:00:00+00:00,-35.836944,-71.592777,160.0,open-meteo_ecmwf_ifs,daily,22.536999,9.787001,14.79,10.878667,1.4794568,79.54006,0.0,18.359983959025307,2.1488882769925928
2024-04-15 00:00:00+00:00,-35.836944,-71.592777,160.0,open-meteo_ecmwf_ifs,daily,20.987,9.187,13.18,10.666167,1.6250116,82.12863,2.8000002,18.175091652197622,1.9178767514018018
2024-04-16 00:00:00+00:00,-35.836944,-71.592777,160.0,open-meteo_ecmwf_ifs,daily,21.587,11.237,15.4,9.889083,1.7433815,74.30605,3.0,17.991598314166605,2.3263994461250306
2024-04-17 00:00:00+00:00,-35.836944,-71.592777,160.0,open-meteo_ecmwf_ifs,daily,26.187,7.237,16.05,6.4182496,2.576905,58.970108,0.0,17.809569549649623,2.9521035431336826
2024-04-18 00:00:00+00:00,-35.836944,-71.592777,160.0,open-meteo_ecmwf_ifs,daily,25.737,8.037001,15.12,9.068251,2.2082577,72.39723,0.0,17.62907013770609,2.551187640184952
2024-04-19 00:00:00+00:00,-35.836944,-71.592777,160.0,open-meteo_ecmwf_ifs,daily,19.187,12.987,10.26,10.49325,3.6559534,74.5234,0.0,17.450163990371692,2.2869917595243194
2024-04-20 00:00:00+00:00,-35.836944,-71.592777,160.0,open-meteo_ecmwf_ifs,daily,16.387,8.987,7.21,6.911999,2.432706,69.83242,0.0,17.272914112915746,1.6810312499135749
2024-04-21 00:00:00+00:00,-35.836944,-71.592777,160.0,open-meteo_ecmwf_ifs,daily,19.487,8.037001,7.56,8.414083,2.9351976,77.26179,0.7,17.097382565788845,1.7961802215141391
2024-04-22 00:00:00+00:00,-35.836944,-71.592777,160.0,open-meteo_ecmwf_ifs,daily,16.536999,12.437,8.53,9.834917,4.7342057,74.90238,16.500002,16.923630428323122,2.041650356397863
2024-04-23 00:00:00+00:00,-35.836944,-71.592777,160.0,open-meteo_ecmwf_ifs,daily,19.036999,4.737,15.29,5.8745003,2.33892,73.90302,0.0,16.751717764242905,1.9805511495796388
2024-04-24 00:00:00+00:00,-35.836944,-71.592777,160.0,open-meteo_ecmwf_ifs,daily,17.687,3.887,13.89,4.976583,1.0516889,78.1275,0.0,16.581703589038693,1.5415939838342136
2024-04-25 00:00:00+00:00,-35.836944,-71.592777,160.0,open-meteo_ecmwf_ifs,daily,18.837,9.337001,12.17,8.687,1.4281545,75.59222,7.7,16.413645839252432,1.6890507417876648
2024-04-26 00:00:00+00:00,-35.836944,-71.592777,160.0,open-meteo_ecmwf_ifs,daily,16.737,9.487,11.1,9.887,1.8766953,84.400505,0.8000001,16.24760134371693,1.4663323487842976
2024-04-27 00:00:00+00:00,-35.836944,-71.592777,160.0,open-meteo_ecmwf_ifs,daily,16.387,3.687,14.62,4.2869997,3.0985334,71.2741,0.0,16.083625796787086,1.8730649511333501
2024-04-28 00:00:00+00:00,-35.836944,-71.592777,160.0,open-meteo_ecmwf_ifs,daily,14.487,2.687,11.37,3.770333,2.267693,77.44355,0.0,15.921773733595286,1.4312806323749179
2024-04-29 00:00:00+00:00,-35.836944,-71.592777,160.0,open-meteo_ecmwf_ifs,daily,13.687,5.637,3.9,5.787,6.0855103,77.153435,27.1,15.762098507357825,1.483659260209708
2024-04-30 00:00:00+00:00,-35.836944,-71.592777,160.0,open-meteo_ecmwf_ifs,daily,13.637,9.387,6.48,8.634915,2.6551192,85.40796,12.200001,15.604652268753878,1.166862759914266
2024-05-01 00:00:00+00:00,-35.836944,-71.592777,160.0,open-meteo_ecmwf_ifs,daily,13.437,7.437,10.99,6.6536655,2.4391718,80.809395,6.9999995,15.449485947392722,1.3918416456252896
2024-05-02 00:00:00+00:00,-35.836944,-71.592777,160.0,open-meteo_ecmwf_ifs,daily,14.137,0.43699998,11.62,1.8390833,2.5146158,74.62454,0.0,15.296649235379494,1.4237867846774197
2024-05-03 00:00:00+00:00,-35.836944,-71.592777,160.0,open-meteo_ecmwf_ifs,daily,11.587001,0.287,6.78,2.932833,1.9602574,85.1387,0.0,15.146190572983917,0.9115530153621186
2024-05-04 00:00:00+00:00,-35.836944,-71.592777,160.0,open-meteo_ecmwf_ifs,daily,11.837001,8.937,2.46,6.9911666,5.4661407,80.96249,49.1,14.998157136410683,1.3018777090363562
2024-05-05 00:00:00+00:00,-35.836944,-71.592777,160.0,open-meteo_ecmwf_ifs,daily,15.037001,8.387,9.67,7.8995013,1.5162252,81.8113,4.7,14.852594827664555,1.2376471683448722
2024-05-06 00:00:00+00:00,-35.836944,-71.592777,160.0,open-meteo_ecmwf_ifs,daily,15.287001,4.087,12.26,5.3870006,2.8010654,78.230095,0.0,14.709548266497098,1.4406511664277213
2024-05-07 00:00:00+00:00,-35.836944,-71.592777,160.0,open-meteo_ecmwf_ifs,daily,11.087001,6.037,2.58,5.0161667,5.008012,78.89103,27.200003,14.569060784416617,1.214420676052029
2024-05-08 00:00:00+00:00,-35.836944,-71.592777,160.0,open-meteo_ecmwf_ifs,daily,14.037001,1.287,12.71,3.5203333,3.2461557,76.48625,1.9000001,14.431174420736506,1.3468769231483615
2024-05-09 00:00:00+00:00,-35.836944,-71.592777,160.0,open-meteo_ecmwf_ifs,daily,12.687,-0.31300002,9.15,1.5765834,2.235998,78.42059,0.0,14.295929920631998,1.1210143900868774
2024-05-10 00:00:00+00:00,-35.836944,-71.592777,160.0,open-meteo_ecmwf_ifs,daily,12.637,3.837,9.3,5.7307496,1.6296858,89.46478,0.0,14.163366735168976,0.9435890459850981
2024-05-11 00:00:00+00:00,-35.836944,-71.592777,160.0,open-meteo_ecmwf_ifs,daily,13.737,3.387,10.61,4.9849167,1.360465,83.409035,0.0,14.033523023263257,1.0344274552560029
2024-05-12 00:00:00+00:00,-35.836944,-71.592777,160.0,open-meteo_ecmwf_ifs,daily,12.487,1.637,11.26,3.7182496,1.93566,86.42402,0.0,13.906435655522706,1.0263478918320346
2024-05-13 00:00:00+00:00,-35.836944,-71.592777,160.0,open-meteo_ecmwf_ifs,daily,11.087001,-1.913,11.6,1.4703335,1.7370499,85.76354,0.0,13.78214021991932,0.891787207304178
2024-05-14 00:00:00+00:00,-35.836944,-71.592777,160.0,open-meteo_ecmwf_ifs,daily,9.487,-2.363,11.11,1.4286667,1.2126309,86.9773,0.0,13.660671029232562,0.7451855270125496
2024-05-15 00:00:00+00:00,-35.836944,-71.592777,160.0,open-meteo_ecmwf_ifs,daily,12.487,0.037,9.75,2.5744996,2.464115,81.68913,0.0,13.542061130200178,1.019147310992512
2024-05-16 00:00:00+00:00,-35.836944,-71.592777,160.0,open-meteo_ecmwf_ifs,daily,14.737,1.037,11.43,3.1474164,2.0515473,73.68293,0.0,13.42634231430724,1.1532119680368877
2024-05-17 00:00:00+00:00,-35.836944,-71.592777,160.0,open-meteo_ecmwf_ifs,daily,12.337001,-1.363,10.68,2.3224165,1.984615,83.74081,0.0,13.313545130139206,0.8918135968522242
2024-05-18 00:00:00+00:00,-35.836944,-71.592777,160.0,open-meteo_ecmwf_ifs,daily,11.837001,-0.713,11.26,2.46825,1.3709612,82.18355,0.0,13.20369889721977,0.8347114318871474
2024-05-19 00:00:00+00:00,-35.836944,-71.592777,160.0,open-meteo_ecmwf_ifs,daily,11.937,0.13700001,8.9,2.807833,1.0817289,82.42646,0.0,13.096831721249641,0.7772398029991244
2024-05-20 00:00:00+00:00,-35.836944,-71.592777,160.0,open-meteo_ecmwf_ifs,daily,10.537001,6.787,1.91,7.4224167,2.434959,88.93429,23.500002,12.992970510657743,0.5971310401792276
2024-05-21 00:00:00+00:00,-35.836944,-71.592777,160.0,open-meteo_ecmwf_ifs,daily,13.987,2.487,11.39,4.495333,2.486967,82.595566,0.0,12.892140994372184,1.0807165880123817
2024-05-22 00:00:00+00:00,-35.836944,-71.592777,160.0,open-meteo_ecmwf_ifs,daily,8.537001,2.137,2.23,3.887,1.6815032,92.98681,4.4,12.794367740714254,0.5438006232756831
2024-05-23 00:00:00+00:00,-35.836944,-71.592777,160.0,open-meteo_ecmwf_ifs,daily,11.037001,1.187,9.8,3.7036667,1.3269666,88.5463,0.1,12.6996741773149,0.7378507887560763
2024-05-24 00:00:00+00:00,-35.836944,-71.592777,160.0,open-meteo_ecmwf_ifs,daily,10.487,-0.713,8.16,1.5411668,2.1153734,83.69625,0.0,12.608082611949897,0.812530123365224
2024-05-25 00:00:00+00:00,-35.836944,-71.592777,160.0,open-meteo_ecmwf_ifs,daily,13.337001,4.237,5.09,5.6245,2.5325103,87.333496,0.0,12.519614254186571,0.9223649157753354
2024-05-26 00:00:00+00:00,-35.836944,-71.592777,160.0,open-meteo_ecmwf_ifs,daily,14.237,5.937,7.38,7.320333,2.6019335,85.55103,2.7,12.434289237732484,0.9485042616293979
2024-05-27 00:00:00+00:00,-35.836944,-71.592777,160.0,open-meteo_ecmwf_ifs,daily,11.437,2.987,7.43,4.3724165,1.4672905,87.723305,0.0,12.35212664337376,0.7507856463803558
2024-05-28 00:00:00+00:00,-35.836944,-71.592777,160.0,open-meteo_ecmwf_ifs,daily,13.837001,4.787,5.87,6.807833,1.6789846,93.29538,0.0,12.273144522389142,0.7759261477389132
2024-05-29 00:00:00+00:00,-35.836944,-71.592777,160.0,open-meteo_ecmwf_ifs,daily,15.187,7.587,6.39,8.776583,1.6835613,86.04882,9.4,12.197359920323983,0.8497930570713433
2024-05-30 00:00:00+00:00,-35.836944,-71.592777,160.0,open-meteo_ecmwf_ifs,daily,15.487,7.037,8.52,9.311999,1.0105458,84.29815,0.0,12.124788901007484,0.7687016601372428
2024-05-31 00:00:00+00:00,-35.836944,-71.592777,160.0,open-meteo_ecmwf_ifs,daily,13.887,7.137,4.18,8.70575,1.7562743,94.14502,6.7,12.055446570695743,0.7013641116671214
2024-06-01 00:00:00+00:00,-35.836944,-71.592777,160.0,open-meteo_ecmwf_ifs,daily,15.937,9.487,7.63,9.866166,2.5396016,87.98289,10.499999,11.989347102222935,1.0199508599325384
2024-06-02 00:00:00+00:00,-35.836944,-71.592777,160.0,open-meteo_ecmwf_ifs,daily,9.787001,2.137,4.28,3.9557498,2.8415701,87.166115,0.0,11.92650375904341,0.6697132961906715
2024-06-03 00:00:00+00:00,-35.836944,-71.592777,160.0,open-meteo_ecmwf_ifs,daily,14.737,3.137,3.78,5.339083,1.7630829,88.82784,0.6,11.866928919048165,0.8381932680872464
2024-06-04 00:00:00+00:00,-35.836944,-71.592777,160.0,open-meteo_ecmwf_ifs,daily,12.437,4.237,3.83,6.4995,1.6401196,86.364044,4.6,11.810634098040476,0.6342332525136962
2024-06-05 00:00:00+00:00,-35.836944,-71.592777,160.0,open-meteo_ecmwf_ifs,daily,13.937,9.387,1.49,8.116167,3.7091053,80.784996,23.099998,11.75762997275742,1.1514476394078257
2024-06-06 00:00:00+00:00,-35.836944,-71.592777,160.0,open-meteo_ecmwf_ifs,daily,16.637,12.337001,3.52,11.2369995,4.908439,83.00503,25.600002,11.707926403326189,1.346398074483671
2024-06-07 00:00:00+00:00,-35.836944,-71.592777,160.0,open-meteo_ecmwf_ifs,daily,14.587001,9.037001,6.35,10.022418,1.501599,89.30188,0.0,11.66153245504724,0.7277285160702195
2024-06-08 00:00:00+00:00,-35.836944,-71.592777,160.0,open-meteo_ecmwf_ifs,daily,15.437,10.237,3.27,10.720333,4.788119,89.58253,5.3,11.618456419399317,0.9718511814505484
2024-06-09 00:00:00+00:00,-35.836944,-71.592777,160.0,open-meteo_ecmwf_ifs,daily,15.037001,9.837001,5.27,8.628667,5.553599,80.19259,30.000004,11.578705834165879,1.4683019420962926
2024-06-10 00:00:00+00:00,-35.836944,-71.592777,160.0,open-meteo_ecmwf_ifs,daily,15.037001,10.087001,1.54,6.3578334,4.029284,67.37265,3.2,11.5422875025862,1.7531809447004607
2024-06-11 00:00:00+00:00,-35.836944,-71.592777,160.0,open-meteo_ecmwf_ifs,daily,14.187,12.187,1.27,8.63075,5.091167,75.47158,24.300003,11.509207511439909,1.6143058513801818
2024-06-12 00:00:00+00:00,-35.836944,-71.592777,160.0,open-meteo_ecmwf_ifs,daily,16.437,10.437,6.36,8.182834,7.195789,68.47704,28.2,11.479471247978719,2.102444933112008
2024-06-13 00:00:00+00:00,-35.836944,-71.592777,160.0,open-meteo_ecmwf_ifs,daily,13.437,11.387,2.13,10.384917,7.375738,88.69259,58.500008,11.453083415625091,1.0339078010468012
2024-06-14 00:00:00+00:00,-35.836944,-71.592777,160.0,open-meteo_ecmwf_ifs,daily,13.287001,9.887,4.49,8.284915,6.121198,82.697044,21.5,11.43004804836379,1.331864293125366
2024-06-15 00:00:00+00:00,-35.836944,-71.592777,160.0,open-meteo_ecmwf_ifs,daily,14.737,6.687,8.76,7.9953327,2.7727423,81.81904,2.8000002,11.410368523758924,0.9087609514339323
2024-06-16 00:00:00+00:00,-35.836944,-71.592777,160.0,open-meteo_ecmwf_ifs,daily,11.787001,5.687,7.24,6.337,0.90435666,87.8361,0.0,11.394047574536021,0.6249145003626211
2024-06-17 00:00:00+00:00,-35.836944,-71.592777,160.0,open-meteo_ecmwf_ifs,daily,10.037001,4.787,0.99,6.445333,4.703931,88.947174,27.800001,11.381087298676103,0.521828605277155
2024-06-18 00:00:00+00:00,-35.836944,-71.592777,160.0,open-meteo_ecmwf_ifs,daily,10.437,8.037001,1.38,7.3244996,4.606013,89.08439,69.1,11.37148916797629,0.7844140478974346
2024-06-19 00:00:00+00:00,-35.836944,-71.592777,160.0,open-meteo_ecmwf_ifs,daily,13.787001,5.787,8.64,6.8578334,2.510888,85.34335,1.1,11.365254035039278,0.872407302605159
2024-06-20 00:00:00+00:00,-35.836944,-71.592777,160.0,open-meteo_ecmwf_ifs,daily,11.187,10.037001,0.67,8.597417,6.3665276,87.46722,31.6,11.3623821386622,0.9180918977413073
2024-06-21 00:00:00+00:00,-35.836944,-71.592777,160.0,open-meteo_ecmwf_ifs,daily,10.437,7.937,3.23,6.6369987,7.871906,83.56985,50.999996,11.362873107603551,1.0945916618456064
2024-06-22 00:00:00+00:00,-35.836944,-71.592777,160.0,open-meteo_ecmwf_ifs,daily,10.687,6.837,6.11,6.184916,4.120031,85.317184,26.500004,11.366725962715122,0.9044802096255846
2024-06-23 00:00:00+00:00,-35.836944,-71.592777,160.0,open-meteo_ecmwf_ifs,daily,10.087001,0.187,9.49,2.8619998,1.7175173,85.85752,4.0,11.373939117434425,0.5979795388602761
2024-06-24 00:00:00+00:00,-35.836944,-71.592777,160.0,open-meteo_ecmwf_ifs,daily,9.437,-1.263,10.16,1.01825,2.021641,85.49978,0.0,11.384510376641348,0.6589976139522217
2024-06-25 00:00:00+00:00,-35.836944,-71.592777,160.0,open-meteo_ecmwf_ifs,daily,9.087001,-1.213,8.77,1.5536666,1.483376,90.7577,0.0,11.398436933891308,0.5613026946449499
2024-06-26 00:00:00+00:00,-35.836944,-71.592777,160.0,open-meteo_ecmwf_ifs,daily,11.637,3.637,5.87,2.887,1.6952491,77.88876,0.1,11.415715367045248,0.8676308765708216
2024-06-27 00:00:00+00:00,-35.836944,-71.592777,160.0,open-meteo_ecmwf_ifs,daily,10.837001,5.387,1.66,5.7245,1.8910438,85.48458,3.6000001,11.43634163232524,0.6797544354160582
2024-06-28 00:00:00+00:00,-35.836944,-71.592777,160.0,open-meteo_ecmwf_ifs,daily,12.037001,1.237,10.79,2.8307502,2.9279642,80.7637,0.0,11.460311056832214,0.9192392929252152
2024-06-29 00:00:00+00:00,-35.836944,-71.592777,160.0,open-meteo_ecmwf_ifs,daily,11.787001,0.937,9.17,1.087,1.9966908,78.82389,0.2,11.48761832957019,0.917118387416792
2024-06-30 00:00:00+00:00,-35.836944,-71.592777,160.0,open-meteo_ecmwf_ifs,daily,10.637,-0.563,9.64,2.5078332,2.1685116,91.35736,0.0,11.518257491028905,0.6632545645327669
2024-07-01 00:00:00+00:00,-35.836944,-71.592777,160.0,open-meteo_ecmwf_ifs,daily,9.637,1.187,8.43,3.8536665,1.7639521,95.09536,0.0,11.5522219213839,0.5623140270657695
2024-07-02 00:00:00+00:00,-35.836944,-71.592777,160.0,open-meteo_ecmwf_ifs,daily,12.537001,3.837,6.42,6.082833,1.7983232,93.35662,0.0,11.58950432737986,0.6768884709719115
2024-07-03 00:00:00+00:00,-35.836944,-71.592777,160.0,open-meteo_ecmwf_ifs,daily,12.387,3.137,9.51,4.4411664,2.8474216,86.36981,0.0,11.630096727969724,0.9110755004504411
2024-07-04 00:00:00+00:00,-35.836944,-71.592777,160.0,open-meteo_ecmwf_ifs,daily,11.187,-0.763,11.18,-0.35675,3.3036327,73.89832,0.0,11.673990438787902,1.1316381188576121
2024-07-05 00:00:00+00:00,-35.836944,-71.592777,160.0,open-meteo_ecmwf_ifs,daily,8.737,-4.963,11.2,-1.8609166,2.9668217,84.31105,0.0,11.721176055541726,0.7698064093764839
2024-07-06 00:00:00+00:00,-35.836944,-71.592777,160.0,open-meteo_ecmwf_ifs,daily,8.937,-2.013,9.87,0.18075,1.8500671,91.23303,0.0,11.771643436410281,0.6796954947129382
2024-07-07 00:00:00+00:00,-35.836944,-71.592777,160.0,open-meteo_ecmwf_ifs,daily,9.037001,-3.063,11.14,-0.18175013,2.0591743,90.65244,0.0,11.82538168354478,0.683863593145525
2024-07-08 00:00:00+00:00,-35.836944,-71.592777,160.0,open-meteo_ecmwf_ifs,daily,7.687,-1.313,10.42,0.13699998,2.2895625,92.16665,0.0,11.882379123768292,0.7034128473675072
2024-07-09 00:00:00+00:00,-35.836944,-71.592777,160.0,open-meteo_ecmwf_ifs,daily,4.687,-1.213,7.57,-0.50675005,1.3909112,94.08706,0.2,11.942623288577053,0.5369654568809215
2024-07-10 00:00:00+00:00,-35.836944,-71.592777,160.0,open-meteo_ecmwf_ifs,daily,7.687,-3.163,10.88,-1.04425,1.8518553,86.37507,0.0,12.006100893548108,0.6723317210122797
2024-07-11 00:00:00+00:00,-35.836944,-71.592777,160.0,open-meteo_ecmwf_ifs,daily,7.437,-2.563,9.41,-1.7754997,1.1828731,87.24042,0.0,12.072797817261112,0.6526648076806147
2024-07-12 00:00:00+00:00,-35.836944,-71.592777,160.0,open-meteo_ecmwf_ifs,daily,9.487,-3.463,9.58,-4.035917,1.33561,72.78908,0.0,12.14269907984419,0.8238776127387695
2024-07-13 00:00:00+00:00,-35.836944,-71.592777,160.0,open-meteo_ecmwf_ifs,daily,8.637,-2.663,10.66,-1.6442498,1.4304357,74.369835,0.0,12.215788821255272,0.7415964106066573
2024-07-14 00:00:00+00:00,-35.836944,-71.592777,160.0,open-meteo_ecmwf_ifs,daily,6.487,-5.013,9.54,-1.8775834,1.4084907,91.27398,0.0,12.292050279411571,0.5721595335181573
2024-07-15 00:00:00+00:00,-35.836944,-71.592777,160.0,open-meteo_ecmwf_ifs,daily,3.087,-2.963,6.38,-0.6546667,1.7869925,98.35458,0.0,12.37146576828051,0.41455349650852225
2024-07-16 00:00:00+00:00,-35.836944,-71.592777,160.0,open-meteo_ecmwf_ifs,daily,12.687,-2.813,11.67,2.1599166,1.9538198,93.921906,0.0,12.454016656045388,0.7697102243954993
2024-07-17 00:00:00+00:00,-35.836944,-71.592777,160.0,open-meteo_ecmwf_ifs,daily,8.637,-1.913,6.85,1.2203332,1.6267915,95.68295,0.0,12.53968334345895,0.6121170104244665
2024-07-18 00:00:00+00:00,-35.836944,-71.592777,160.0,open-meteo_ecmwf_ifs,daily,13.537001,3.137,7.82,5.041167,3.290344,88.775,0.0,12.62844524249709,1.039872784898062
2024-07-19 00:00:00+00:00,-35.836944,-71.592777,160.0,open-meteo_ecmwf_ifs,daily,7.637,-2.863,8.27,0.5911666,1.5208901,90.47937,0.0,12.720280755423667,0.5857327208885463
2024-07-20 00:00:00+00:00,-35.836944,-71.592777,160.0,open-meteo_ecmwf_ifs,daily,8.487,-2.663,10.77,0.40158328,1.6915894,89.15717,0.0,12.815167254375902,0.695213307362858
2024-07-21 00:00:00+00:00,-35.836944,-71.592777,160.0,open-meteo_ecmwf_ifs,daily,14.087001,-1.263,11.34,3.2015836,1.4675854,88.30887,0.0,12.913081061577623,0.8511881521143976
2024-07-22 00:00:00+00:00,-35.836944,-71.592777,160.0,open-meteo_ecmwf_ifs,daily,12.737,1.137,10.93,3.2745,1.5221028,89.137215,0.0,13.013997430285213,0.9104357854725507
2024-07-23 00:00:00+00:00,-35.836944,-71.592777,160.0,open-meteo_ecmwf_ifs,daily,13.087001,3.087,6.31,6.1995006,3.22144,89.954185,0.1,13.117890526568441,0.8066632787805501
2024-07-24 00:00:00+00:00,-35.836944,-71.592777,160.0,open-meteo_ecmwf_ifs,daily,14.787001,5.087,11.12,5.851583,1.1479049,84.77293,0.0,13.224733412025104,1.0153532773211362
2024-07-25 00:00:00+00:00,-35.836944,-71.592777,160.0,open-meteo_ecmwf_ifs,daily,11.187,2.637,4.89,6.0161667,1.8489681,92.91636,2.6000001,13.33449802752504,0.5894676406589079
2024-07-26 00:00:00+00:00,-35.836944,-71.592777,160.0,open-meteo_ecmwf_ifs,daily,11.887,3.537,10.95,4.5828333,3.0669775,89.754395,0.0,13.447155178075397,1.0814717256859057
2024-07-27 00:00:00+00:00,-35.836944,-71.592777,160.0,open-meteo_ecmwf_ifs,daily,13.287001,-1.113,12.9,0.34116665,3.572855,75.29862,0.0,13.562674518894978,1.4265033922911072
2024-07-28 00:00:00+00:00,-35.836944,-71.592777,160.0,open-meteo_ecmwf_ifs,daily,10.787001,-3.513,13.18,0.016166667,3.0750053,81.78221,0.0,13.681024542781419,1.0172983277684933
2024-07-29 00:00:00+00:00,-35.836944,-71.592777,160.0,open-meteo_ecmwf_ifs,daily,9.987,-3.613,12.57,0.6140833,1.7260098,89.7111,0.0,13.80217256885041,0.8224633873048313
2024-07-30 00:00:00+00:00,-35.836944,-71.592777,160.0,open-meteo_ecmwf_ifs,daily,14.487,2.537,6.04,5.134917,1.6614891,89.830086,0.0,13.926084732721655,0.9249827312229912
2024-07-31 00:00:00+00:00,-35.836944,-71.592777,160.0,open-meteo_ecmwf_ifs,daily,12.337001,6.837,2.12,7.51825,4.1383605,88.7806,0.1,14.052725978221384,0.8566434621947387
2024-08-01 00:00:00+00:00,-35.836944,-71.592777,160.0,open-meteo_ecmwf_ifs,daily,13.337001,10.487,1.74,7.959917,9.533978,78.37683,22.8,14.182060050666475,1.8135529796601189
2024-08-02 00:00:00+00:00,-35.836944,-71.592777,160.0,open-meteo_ecmwf_ifs,daily,11.587001,9.737,3.09,8.855749,6.9457417,88.424,58.8,14.314049491790076,0.9506672333638044
2024-08-03 00:00:00+00:00,-35.836944,-71.592777,160.0,open-meteo_ecmwf_ifs,daily,14.887,7.237,11.97,6.197417,4.613174,77.81701,26.699999,14.448655636363306,1.806434729945845
2024-08-04 00:00:00+00:00,-35.836944,-71.592777,160.0,open-meteo_ecmwf_ifs,daily,12.137,4.887,3.51,4.7661667,2.6430085,78.467735,6.3999996,14.585838610562854,1.0416546826781405
2024-08-05 00:00:00+00:00,-35.836944,-71.592777,160.0,open-meteo_ecmwf_ifs,daily,10.487,7.487,3.64,5.487,5.8945546,78.80035,31.8,14.725557332128327,1.316469068698387
2024-08-06 00:00:00+00:00,-35.836944,-71.592777,160.0,open-meteo_ecmwf_ifs,daily,10.587001,4.537,10.54,4.6161666,2.5791657,83.92867,8.8,14.86776951234833,1.1119962412329585
2024-08-07 00:00:00+00:00,-35.836944,-71.592777,160.0,open-meteo_ecmwf_ifs,daily,10.337001,-2.113,14.09,1.3224168,1.5831088,84.54771,0.0,15.012431659908554,1.0073132404598035
2024-08-08 00:00:00+00:00,-35.836944,-71.592777,160.0,open-meteo_ecmwf_ifs,daily,11.737,-1.563,14.61,0.05366656,1.4049205,71.88679,0.0,15.159499086629802,1.1861740221698887
2024-08-09 00:00:00+00:00,-35.836944,-71.592777,160.0,open-meteo_ecmwf_ifs,daily,12.137,-2.113,12.43,1.1390833,1.7787248,83.63101,0.0,15.308925915118435,1.1093540097743397
2024-08-10 00:00:00+00:00,-35.836944,-71.592777,160.0,open-meteo_ecmwf_ifs,daily,16.587,2.737,12.74,6.307833,3.0608912,88.207886,0.0,15.46066508834616,1.4150142419469611
2024-08-11 00:00:00+00:00,-35.836944,-71.592777,160.0,open-meteo_ecmwf_ifs,daily,17.437,1.737,14.3,4.45575,2.8585691,79.215385,0.0,15.614668381170647,1.6808164303371533
2024-08-12 00:00:00+00:00,-35.836944,-71.592777,160.0,open-meteo_ecmwf_ifs,daily,15.687,1.537,13.57,6.270333,1.8147149,90.55851,0.0,15.770886413803119,1.2310560413999565
2024-08-13 00:00:00+00:00,-35.836944,-71.592777,160.0,open-meteo_ecmwf_ifs,daily,14.487,3.737,10.39,6.957833,1.068366,92.98279,0.0,15.929268667223642,1.085172242600476
2024-08-14 00:00:00+00:00,-35.836944,-71.592777,160.0,open-meteo_ecmwf_ifs,daily,14.337001,6.637,7.23,8.278666,1.8411943,91.37046,0.0,16.08976350053918,1.0369562662133907
2024-08-15 00:00:00+00:00,-35.836944,-71.592777,160.0,open-meteo_ecmwf_ifs,daily,14.287001,3.087,14.59,6.1328335,1.9722375,85.73942,0.0,16.25231817027478,1.3439749246723378
2024-08-16 00:00:00+00:00,-35.836944,-71.592777,160.0,open-meteo_ecmwf_ifs,daily,13.587001,0.387,11.97,3.0786664,3.0202563,82.18085,0.0,16.416878851582346,1.3780478647274603
2024-08-17 00:00:00+00:00,-35.836944,-71.592777,160.0,open-meteo_ecmwf_ifs,daily,13.287001,1.987,14.86,3.139083,3.0864964,79.33433,0.0,16.583390661346712,1.6081391305762258
2024-08-18 00:00:00+00:00,-35.836944,-71.592777,160.0,open-meteo_ecmwf_ifs,daily,8.187,1.237,8.05,1.1286665,2.0780523,77.15618,0.0,16.751797683163634,1.0383222913330523
2024-08-19 00:00:00+00:00,-35.836944,-71.592777,160.0,open-meteo_ecmwf_ifs,daily,9.187,2.287,6.9,2.3515832,1.3326545,82.13085,0.0,16.922042994158836,0.9546930335387688
2024-08-20 00:00:00+00:00,-35.836944,-71.592777,160.0,open-meteo_ecmwf_ifs,daily,11.137,0.287,13.69,1.3807501,1.5850369,78.181114,0.0,17.094068693613192,1.3291888672465442
2024-08-21 00:00:00+00:00,-35.836944,-71.592777,160.0,open-meteo_ecmwf_ifs,daily,8.387,2.437,6.74,2.3390834,3.4735687,81.74561,3.4,17.267815933353358,1.0688729959184406
2024-08-22 00:00:00+00:00,-35.836944,-71.592777,160.0,open-meteo_ecmwf_ifs,daily,10.087001,3.437,10.62,2.9495,5.172617,80.468376,27.0,17.443224949863264,1.4941993448823825
2024-08-23 00:00:00+00:00,-35.836944,-71.592777,160.0,open-meteo_ecmwf_ifs,daily,9.287001,3.487,9.68,3.2724164,3.7273467,82.53683,13.800001,17.620235098066914,1.2523988153125687
2024-08-24 00:00:00+00:00,-35.836944,-71.592777,160.0,open-meteo_ecmwf_ifs,daily,15.737,-1.163,16.64,1.18075,2.026428,77.83806,0.0,17.798784886728537,1.7700958597424303
2024-08-25 00:00:00+00:00,-35.836944,-71.592777,160.0,open-meteo_ecmwf_ifs,daily,15.337001,1.587,14.36,3.7786665,1.1525124,82.14154,0.0,17.978812015411947,1.5338560235280025
2024-08-26 00:00:00+00:00,-35.836944,-71.592777,160.0,open-meteo_ecmwf_ifs,daily,14.937,5.187,13.32,6.2328334,1.8588206,82.69874,1.6,18.160253412936882,1.6086626752732116
2024-08-27 00:00:00+00:00,-35.836944,-71.592777,160.0,open-meteo_ecmwf_ifs,daily,14.387,1.637,16.44,5.1995,2.1882784,87.18976,0.0,18.343045277265734,1.5843674501687393
2024-08-28 00:00:00+00:00,-35.836944,-71.592777,160.0,open-meteo_ecmwf_ifs,daily,13.987,4.137,13.76,6.320333,1.3414532,90.512245,0.0,18.527123116750868,1.48318810107452
2024-08-29 00:00:00+00:00,-35.836944,-71.592777,160.0,open-meteo_ecmwf_ifs,daily,13.087001,5.187,9.39,7.0078335,1.6067697,89.880806,0.0,18.712421792668362,1.1977891366208506
2024-08-30 00:00:00+00:00,-35.836944,-71.592777,160.0,open-meteo_ecmwf_ifs,daily,13.487,6.687,5.89,7.351583,1.6337324,83.23817,0.1,18.89887556296114,1.0876196559042302
2024-08-31 00:00:00+00:00,-35.836944,-71.592777,160.0,open-meteo_ecmwf_ifs,daily,18.187,3.837,17.42,6.3161664,1.8957108,80.85796,0.0,19.08641812711091,2.0469595842881096
2024-09-01 00:00:00+00:00,-35.836944,-71.592777,160.0,open-meteo_ecmwf_ifs,daily,18.087,3.887,14.78,6.849499,1.5462779,83.66801,0.0,19.274982672055003,1.8155877871557744
2024-09-02 00:00:00+00:00,-35.836944,-71.592777,160.0,open-meteo_ecmwf_ifs,daily,12.037001,7.087,7.8,6.7745,2.6926897,84.14572,11.800003,19.46450191906196,1.2761530423048024
2024-09-03 00:00:00+00:00,-35.836944,-71.592777,160.0,open-meteo_ecmwf_ifs,daily,14.037001,1.387,17.86,3.8807497,3.292538,79.89664,0.0,19.65490817147627,1.875919135862439
2024-09-04 00:00:00+00:00,-35.836944,-71.592777,160.0,open-meteo_ecmwf_ifs,daily,16.737,2.137,19.11,4.197417,3.3137214,76.55316,0.0,19.846133363240856,2.276292295599109
2024-09-05 00:00:00+00:00,-35.836944,-71.592777,160.0,open-meteo_ecmwf_ifs,daily,14.537001,2.937,14.31,5.216166,2.5711694,85.25439,0.0,20.038109108103324,1.7123839065638127
2024-09-06 00:00:00+00:00,-35.836944,-71.592777,160.0,open-meteo_ecmwf_ifs,daily,15.487,4.687,13.28,6.462,1.8923311,84.24537,0.0,20.230766749409973,1.7130661091540602
2024-09-07 00:00:00+00:00,-35.836944,-71.592777,160.0,open-meteo_ecmwf_ifs,daily,15.287001,5.787,17.68,6.434916,2.9318514,82.785034,0.0,20.42403741039023,2.152421738332063
2024-09-08 00:00:00+00:00,-35.836944,-71.592777,160.0,open-meteo_ecmwf_ifs,daily,15.837001,2.187,16.27,4.659916,2.6492243,79.30279,0.6,20.617852044831974,1.9759912068314458
2024-09-09 00:00:00+00:00,-35.836944,-71.592777,160.0,open-meteo_ecmwf_ifs,daily,17.137,4.287,15.71,5.95575,1.3800278,78.43424,1.4000001,20.812141488047793,1.9827906594266196
2024-09-10 00:00:00+00:00,-35.836944,-71.592777,160.0,open-meteo_ecmwf_ifs,daily,15.687,9.187,12.8,6.4307494,3.2672281,71.09593,3.5,21.006836508030535,2.339324246917821
2024-09-11 00:00:00+00:00,-35.836944,-71.592777,160.0,open-meteo_ecmwf_ifs,daily,16.487,2.237,20.3,4.359916,2.8297732,76.36706,0.0,21.201867856696047,2.36006456908671
2024-09-12 00:00:00+00:00,-35.836944,-71.592777,160.0,open-meteo_ecmwf_ifs,daily,15.137,1.137,18.81,3.7494996,2.4099655,81.649086,0.0,21.397166321110888,2.0913948658372097
2024-09-13 00:00:00+00:00,-35.836944,-71.592777,160.0,open-meteo_ecmwf_ifs,daily,16.937,0.937,19.58,4.626583,2.725112,80.561295,0.0,21.592662774601905,2.2204623605436695
2024-09-14 00:00:00+00:00,-35.836944,-71.592777,160.0,open-meteo_ecmwf_ifs,daily,20.237,2.237,21.02,5.4057503,2.738409,76.03507,0.0,21.788288227645342,2.6976321662296914
2024-09-15 00:00:00+00:00,-35.836944,-71.592777,160.0,open-meteo_ecmwf_ifs,daily,20.187,2.587,21.28,6.1974163,3.3167255,74.835175,0.0,21.983973878433254,2.7201279732046286
2024-09-16 00:00:00+00:00,-35.836944,-71.592777,160.0,open-meteo_ecmwf_ifs,daily,18.387,1.137,16.43,5.7828336,1.6687378,79.621506,0.0,22.179651163015407,2.0221022590947038
2024-09-17 00:00:00+00:00,-35.836944,-71.592777,160.0,open-meteo_ecmwf_ifs,daily,19.337,7.287,19.12,8.634916,2.5672867,79.81617,0.0,22.375251804916545,2.6526485065981116
2024-09-18 00:00:00+00:00,-35.836944,-71.592777,160.0,open-meteo_ecmwf_ifs,daily,15.537001,7.037,10.61,8.305751,2.9961326,80.8289,0.0,22.570707864129012,1.6835678139433647
2024-09-19 00:00:00+00:00,-35.836944,-71.592777,160.0,open-meteo_ecmwf_ifs,daily,14.387,8.887,11.32,8.505752,6.598246,83.88111,48.900005,22.765951785383514,1.9265898700618262
2024-09-20 00:00:00+00:00,-35.836944,-71.592777,160.0,open-meteo_ecmwf_ifs,daily,13.987,6.787,9.79,8.347416,1.8976494,88.267944,0.6,22.96091644560152,1.424799611723035
2024-09-21 00:00:00+00:00,-35.836944,-71.592777,160.0,open-meteo_ecmwf_ifs,daily,15.337001,7.837,7.98,6.4786663,3.3348901,77.71991,4.2000003,23.155535200435406,1.9124369145705273
2024-09-22 00:00:00+00:00,-35.836944,-71.592777,160.0,open-meteo_ecmwf_ifs,daily,14.237,7.637,12.86,7.849499,3.3232718,81.56815,23.500002,23.349741929804907,1.8749466710064224
2024-09-23 00:00:00+00:00,-35.836944,-71.592777,160.0,open-meteo_ecmwf_ifs,daily,15.987,5.337,21.52,5.7349167,1.8860492,76.60349,0.0,23.54347108234053,2.63936547684952
2024-09-24 00:00:00+00:00,-35.836944,-71.592777,160.0,open-meteo_ecmwf_ifs,daily,16.187,2.987,20.7,4.8745,2.75713,75.52662,0.0,23.736657718648118,2.5240827883526267
2024-09-25 00:00:00+00:00,-35.836944,-71.592777,160.0,open-meteo_ecmwf_ifs,daily,16.837,2.837,22.83,4.4307494,3.61641,73.20597,0.0,23.9292375533114,2.8316810101552763
2024-09-26 00:00:00+00:00,-35.836944,-71.592777,160.0,open-meteo_ecmwf_ifs,daily,17.437,-0.513,20.82,5.00575,1.7142688,84.16525,0.0,24.12114699555297,2.308822769512056
2024-09-27 00:00:00+00:00,-35.836944,-71.592777,160.0,open-meteo_ecmwf_ifs,daily,18.387,2.787,22.67,5.987,1.9789308,76.57091,0.0,24.312323188477965,2.745420748972858
2024-09-28 00:00:00+00:00,-35.836944,-71.592777,160.0,open-meteo_ecmwf_ifs,daily,19.387,7.887,13.2,7.0536656,2.1671612,73.2279,0.0,24.50270404682809,2.4714286446354072
2024-09-29 00:00:00+00:00,-35.836944,-71.592777,160.0,open-meteo_ecmwf_ifs,daily,19.837,8.737,14.21,9.9765835,2.6180813,86.55856,0.0,24.692228293178324,2.412263913901133
2024-09-30 00:00:00+00:00,-35.836944,-71.592777,160.0,open-meteo_ecmwf_ifs,daily,12.187,10.287001,2.71,9.078667,5.4371166,86.628624,30.000002,24.88083549251271,1.1080145945392934
2024-10-01 00:00:00+00:00,-35.836944,-71.592777,160.0,open-meteo_ecmwf_ifs,daily,14.937,8.237,17.88,8.2495,2.8816721,83.02632,3.4999998,25.068466085119876,2.3889470952896903
2024-10-02 00:00:00+00:00,-35.836944,-71.592777,160.0,open-meteo_ecmwf_ifs,daily,17.187,1.287,24.76,3.9557498,2.9890444,74.18817,0.0,25.255061417754384,2.9233603329161766
2024-10-03 00:00:00+00:00,-35.836944,-71.592777,160.0,open-meteo_ecmwf_ifs,daily,18.637,4.087,21.55,7.2932496,2.0173016,86.6184,0.0,25.440563773014023,2.751397301265443
2024-10-04 00:00:00+00:00,-35.836944,-71.592777,160.0,open-meteo_ecmwf_ifs,daily,22.087,6.687,21.51,9.0494995,1.417826,79.52912,0.0,25.62491639688897,3.0977101477668842
2024-10-05 00:00:00+00:00,-35.836944,-71.592777,160.0,open-meteo_ecmwf_ifs,daily,22.387,4.737,24.0,9.961999,1.7417912,82.77396,0.0,25.808063524443565,3.1607065910197685
2024-10-06 00:00:00+00:00,-35.836944,-71.592777,160.0,open-meteo_ecmwf_ifs,daily,23.987,10.337001,18.8,11.859917,2.4885652,79.18702,0.0,25.989950403596584,3.2560935185594753
2024-10-07 00:00:00+00:00,-35.836944,-71.592777,160.0,open-meteo_ecmwf_ifs,daily,22.786999,9.737,19.81,12.599499,1.9220915,85.88589,0.0,26.170523316972158,3.0434478255070867
2024-10-08 00:00:00+00:00,-35.836944,-71.592777,160.0,open-meteo_ecmwf_ifs,daily,17.286999,12.437,8.4,12.057832,2.6385899,84.13337,1.2,26.349729601797833,1.7395612264428728
2024-10-09 00:00:00+00:00,-35.836944,-71.592777,160.0,open-meteo_ecmwf_ifs,daily,22.137,12.037001,18.26,12.409917,1.4861223,81.04053,0.0,26.527517667833077,3.0245811138292944
2024-10-10 00:00:00+00:00,-35.836944,-71.592777,160.0,open-meteo_ecmwf_ifs,daily,21.536999,9.487,17.54,12.251583,2.0403898,85.96084,3.9,26.70383701331636,2.729636619673284
2024-10-11 00:00:00+00:00,-35.836944,-71.592777,160.0,open-meteo_ecmwf_ifs,daily,17.587,9.637,14.5,9.11825,1.7340931,77.69607,0.70000005,26.87863823892507,2.3984783024334457
2024-10-12 00:00:00+00:00,-35.836944,-71.592777,160.0,open-meteo_ecmwf_ifs,daily,19.687,6.437,24.54,7.551583,2.672108,75.57636,0.0,27.05187305974812,3.4497360202895884
2024-10-13 00:00:00+00:00,-35.836944,-71.592777,160.0,open-meteo_ecmwf_ifs,daily,20.737,4.537,24.99,7.0161667,2.2037418,72.22105,0.0,27.22349431527694,3.4275727271330707
2024-10-14 00:00:00+00:00,-35.836944,-71.592777,160.0,open-meteo_ecmwf_ifs,daily,22.187,5.387,25.84,7.957833,2.3118222,72.98409,0.0,27.393455977426083,3.6728258405017566
2024-10-15 00:00:00+00:00,-35.836944,-71.592777,160.0,open-meteo_ecmwf_ifs,daily,23.187,6.087,22.15,9.614083,1.6426779,80.67438,0.0,27.56171315660053,3.2985080639020437
2024-10-16 00:00:00+00:00,-35.836944,-71.592777,160.0,open-meteo_ecmwf_ifs,daily,19.387,7.287,21.95,8.916166,3.5767996,73.17837,0.0,27.728222105832216,3.1866613757753095
2024-10-17 00:00:00+00:00,-35.836944,-71.592777,160.0,open-meteo_ecmwf_ifs,daily,23.737,7.137,26.52,8.864083,3.1628017,73.32129,0.0,27.892940223013973,4.13668436020508
2024-10-18 00:00:00+00:00,-35.836944,-71.592777,160.0,open-meteo_ecmwf_ifs,daily,24.937,8.937,23.44,11.786999,2.088521,81.60227,0.0,28.05582605126422,3.751811541613023
2024-10-19 00:00:00+00:00,-35.836944,-71.592777,160.0,open-meteo_ecmwf_ifs,daily,23.087,8.187,24.15,10.928668,2.6288652,79.26859,0.0,28.216839277461407,3.6742474368153526
2024-10-20 00:00:00+00:00,-35.836944,-71.592777,160.0,open-meteo_ecmwf_ifs,daily,16.387,11.787001,9.42,8.73075,4.6992693,70.93664,1.3000001,28.375940728991957,2.533310272177534
2024-10-21 00:00:00+00:00,-35.836944,-71.592777,160.0,open-meteo_ecmwf_ifs,daily,22.737,7.887,26.68,10.024501,3.0024917,72.21778,0.5,28.533092368760503,3.989684598586849
2024-10-22 00:00:00+00:00,-35.836944,-71.592777,160.0,open-meteo_ecmwf_ifs,daily,25.487,7.187,24.93,10.430749,1.9926062,73.46084,0.0,28.68825728851618,3.9340274940861937
2024-10-23 00:00:00+00:00,-35.836944,-71.592777,160.0,open-meteo_ecmwf_ifs,daily,16.737,12.587001,7.68,12.322417,2.2482665,84.901146,7.5999994,28.841399700552966,1.6043457919360418
2024-10-24 00:00:00+00:00,-35.836944,-71.592777,160.0,open-meteo_ecmwf_ifs,daily,21.687,9.137,25.33,10.714084,2.6419468,80.53807,0.0,28.992484927846448,3.805057689703688
2024-10-25 00:00:00+00:00,-35.836944,-71.592777,160.0,open-meteo_ecmwf_ifs,daily,18.687,6.937,27.89,7.189083,5.0828166,70.60918,2.6,29.141479392693817,3.916414243097987
2024-10-26 00:00:00+00:00,-35.836944,-71.592777,160.0,open-meteo_ecmwf_ifs,daily,24.036999,4.037,27.96,6.45575,2.6828175,68.02778,0.0,29.288350603926748,4.217048501930201
2024-10-27 00:00:00+00:00,-35.836944,-71.592777,160.0,open-meteo_ecmwf_ifs,daily,25.387,8.237,27.5,11.828667,2.2027671,75.260315,0.0,29.43306714277166,4.240414830318197
2024-10-28 00:00:00+00:00,-35.836944,-71.592777,160.0,open-meteo_ecmwf_ifs,daily,29.036999,9.487,27.48,12.178668,2.6640959,74.70086,0.0,29.575598647433523,4.841148580029288
2024-10-29 00:00:00+00:00,-35.836944,-71.592777,160.0,open-meteo_ecmwf_ifs,daily,26.087,10.187,28.0,12.943249,2.725621,74.97459,0.0,29.715915796483646,4.536925343845306
2024-10-30 00:00:00+00:00,-35.836944,-71.592777,160.0,open-meteo_ecmwf_ifs,daily,23.837,12.087001,23.29,11.9036665,1.4439754,75.92167,0.2,29.85399029113328,3.935132004788449
2024-10-31 00:00:00+00:00,-35.836944,-71.592777,160.0,open-meteo_ecmwf_ifs,daily,25.437,10.087001,24.83,11.253666,1.830561,73.613365,0.0,29.989794836477756,4.189670912237622
2024-11-01 00:00:00+00:00,-35.836944,-71.592777,160.0,open-meteo_ecmwf_ifs,daily,18.786999,12.237,12.01,9.18075,3.6516407,69.06192,0.6,30.12330312179743,2.946020801392748
2024-11-02 00:00:00+00:00,-35.836944,-71.592777,160.0,open-meteo_ecmwf_ifs,daily,21.987,8.237,28.99,9.103666,2.5439394,70.787415,0.0,30.254489800003043,4.344731505591042
2024-11-03 00:00:00+00:00,-35.836944,-71.592777,160.0,open-meteo_ecmwf_ifs,daily,18.487,8.637,14.5,6.4078336,2.7750847,64.3826,0.0,30.38333046631457,2.9645088700264495
2024-11-04 00:00:00+00:00,-35.836944,-71.592777,160.0,open-meteo_ecmwf_ifs,daily,19.937,9.287001,28.17,7.8536663,3.3380759,67.68738,8.8,30.50980163626273,4.363039465158582
2024-11-05 00:00:00+00:00,-35.836944,-71.592777,160.0,open-meteo_ecmwf_ifs,daily,23.036999,5.937,30.11,5.6224155,3.720934,61.02713,0.0,30.633880723103214,4.837636783786386
2024-11-06 00:00:00+00:00,-35.836944,-71.592777,160.0,open-meteo_ecmwf_ifs,daily,24.536999,9.437,29.08,9.114083,3.6786022,64.38375,0.0,30.755546014733294,5.0041837037793355
2024-11-07 00:00:00+00:00,-35.836944,-71.592777,160.0,open-meteo_ecmwf_ifs,daily,25.187,8.137,23.83,9.134916,2.5481794,67.79455,0.0,30.874776650199806,4.214873927565547
2024-11-08 00:00:00+00:00,-35.836944,-71.592777,160.0,open-meteo_ecmwf_ifs,daily,26.887,8.937,27.42,8.876584,2.185973,59.81169,0.0,30.99155259588731,4.818618138971456
2024-11-09 00:00:00+00:00,-35.836944,-71.592777,160.0,open-meteo_ecmwf_ifs,daily,23.187,11.787001,20.21,11.220334,3.584603,68.18037,0.3,31.10585462147317,3.9484312967704356
2024-11-10 00:00:00+00:00,-35.836944,-71.592777,160.0,open-meteo_ecmwf_ifs,daily,20.487,11.137,23.85,8.751583,3.3011415,67.193794,5.3999996,31.217664275735075,4.191541990633303
2024-11-11 00:00:00+00:00,-35.836944,-71.592777,160.0,open-meteo_ecmwf_ifs,daily,21.837,7.387,30.56,6.7932487,5.0940957,62.650547,0.0,31.326963862294868,4.9248440594793665
2024-11-12 00:00:00+00:00,-35.836944,-71.592777,160.0,open-meteo_ecmwf_ifs,daily,25.036999,7.237,30.52,7.786999,4.5743637,60.966934,0.0,31.433736415379403,5.224068669247466
2024-11-13 00:00:00+00:00,-35.836944,-71.592777,160.0,open-meteo_ecmwf_ifs,daily,28.036999,8.037001,30.29,10.795333,2.298063,71.15263,0.0,31.53796567567732,5.056388021744931
2024-11-14 00:00:00+00:00,-35.836944,-71.592777,160.0,open-meteo_ecmwf_ifs,daily,26.687,11.787001,27.87,13.134917,1.7221346,70.25328,0.0,31.63963606636697,4.775781082947587
2024-11-15 00:00:00+00:00,-35.836944,-71.592777,160.0,open-meteo_ecmwf_ifs,daily,20.237,12.287001,14.31,10.145332,3.0192144,70.78145,0.0,31.73873266938796,3.126297443892665
2024-11-16 00:00:00+00:00,-35.836944,-71.592777,160.0,open-meteo_ecmwf_ifs,daily,22.237,7.387,31.32,5.1599164,2.9687622,56.803997,0.0,31.835241202024843,5.035831905830914
2024-11-17 00:00:00+00:00,-35.836944,-71.592777,160.0,open-meteo_ecmwf_ifs,daily,23.737,6.737,31.67,6.0140834,2.41903,58.431385,0.0,31.929147993867833,5.003530640122908
2024-11-18 00:00:00+00:00,-35.836944,-71.592777,160.0,open-meteo_ecmwf_ifs,daily,26.587,9.687,30.25,8.734917,1.9244407,62.15051,0.0,32.02043996421136,5.183437055969747
2024-11-19 00:00:00+00:00,-35.836944,-71.592777,160.0,open-meteo_ecmwf_ifs,daily,25.036999,9.437,29.36,8.16825,2.1391587,64.57937,0.0,32.109104599947145,4.996112202821823
2024-11-20 00:00:00+00:00,-35.836944,-71.592777,160.0,open-meteo_ecmwf_ifs,daily,26.837,10.287001,30.0,8.7057495,2.5532622,61.56525,0.0,32.19512993400374,5.423741284023896
2024-11-21 00:00:00+00:00,-35.836944,-71.592777,160.0,open-meteo_ecmwf_ifs,daily,28.387,9.237,31.49,9.203668,2.0608048,61.092464,0.0,32.27850452438036,5.4823969180595284
2024-11-22 00:00:00+00:00,-35.836944,-71.592777,160.0,open-meteo_ecmwf_ifs,daily,26.887,8.987,31.95,7.2411656,2.111334,54.71614,0.0,32.359217433818074,5.491569640878681
2024-11-23 00:00:00+00:00,-35.836944,-71.592777,160.0,open-meteo_ecmwf_ifs,daily,28.587,10.437,31.55,9.8495,3.0928376,61.129776,0.0,32.43725821014636,5.869377230897355
2024-11-24 00:00:00+00:00,-35.836944,-71.592777,160.0,open-meteo_ecmwf_ifs,daily,26.337,11.187,28.21,9.40575,2.359512,58.777893,0.0,32.512616867339005,5.180864323264704
2024-11-25 00:00:00+00:00,-35.836944,-71.592777,160.0,open-meteo_ecmwf_ifs,daily,26.487,10.487,31.09,6.6411667,3.1384351,49.743908,0.0,32.585283867307936,5.895952207587165
2024-11-26 00:00:00+00:00,-35.836944,-71.592777,160.0,open-meteo_ecmwf_ifs,daily,24.137,9.587001,30.78,7.6724167,2.1432335,58.79891,0.0,32.65525010245945,5.139319863297114
2024-11-27 00:00:00+00:00,-35.836944,-71.592777,160.0,open-meteo_ecmwf_ifs,daily,23.637,8.837001,32.19,5.5119996,2.636916,53.618423,0.0,32.72250687903234,5.421800417123366
2024-11-28 00:00:00+00:00,-35.836944,-71.592777,160.0,open-meteo_ecmwf_ifs,daily,24.587,8.487,31.0,4.191167,3.2425117,50.11281,0.0,32.78704590123314,5.652720597217746
2024-11-29 00:00:00+00:00,-35.836944,-71.592777,160.0,open-meteo_ecmwf_ifs,daily,26.987,8.387,32.44,4.6932497,1.830112,48.469524,0.0,32.84885925617958,5.557359790403836
2024-11-30 00:00:00+00:00,-35.836944,-71.592777,160.0,open-meteo_ecmwf_ifs,daily,27.237,9.987,29.14,7.270333,2.0319312,51.91116,0.0,32.90793939965878,5.32606853463517
2024-12-01 00:00:00+00:00,-35.836944,-71.592777,160.0,open-meteo_ecmwf_ifs,daily,23.286999,11.187,28.32,7.064083,2.115797,57.024155,0.7,32.96427914270347,5.00589007227799
2024-12-02 00:00:00+00:00,-35.836944,-71.592777,160.0,open-meteo_ecmwf_ifs,daily,25.887,8.187,33.05,5.282832,3.0955775,52.84084,0.0,33.01787163898522,5.854127751035629
2024-12-03 00:00:00+00:00,-35.836944,-71.592777,160.0,open-meteo_ecmwf_ifs,daily,27.036999,7.987,32.63,6.484916,2.0174472,53.2624,0.0,33.068710373021005,5.539541094922571
2024-12-04 00:00:00+00:00,-35.836944,-71.592777,160.0,open-meteo_ecmwf_ifs,daily,25.286999,10.337001,32.44,6.974499,3.073143,51.582703,0.0,33.116789149185855,5.841480411677584
2024-12-05 00:00:00+00:00,-35.836944,-71.592777,160.0,open-meteo_ecmwf_ifs,daily,21.536999,9.937,18.99,7.036999,2.5297241,61.78923,0.0,33.162102081522,3.8245731296480265
2024-12-06 00:00:00+00:00,-35.836944,-71.592777,160.0,open-meteo_ecmwf_ifs,daily,24.036999,8.787001,32.8,7.0057507,2.961114,61.323765,0.0,33.204643584332416,5.488150986613816
2024-12-07 00:00:00+00:00,-35.836944,-71.592777,160.0,open-meteo_ecmwf_ifs,daily,25.536999,7.187,33.01,3.7307498,2.3171432,48.495556,0.0,33.244408363544906,5.595221763279611
2024-12-08 00:00:00+00:00,-35.836944,-71.592777,160.0,open-meteo_ecmwf_ifs,daily,25.337,9.087001,32.48,5.6078334,2.1536071,51.162502,0.0,33.281391408830864,5.56682412801268
2024-12-09 00:00:00+00:00,-35.836944,-71.592777,160.0,open-meteo_ecmwf_ifs,daily,28.337,9.187,33.42,6.934917,2.0988162,53.53278,0.0,33.315587986462276,5.900570570189224
2024-12-10 00:00:00+00:00,-35.836944,-71.592777,160.0,open-meteo_ecmwf_ifs,daily,28.987,9.337001,33.43,7.728666,2.3644364,53.16801,0.0,33.346993632888996,6.0286249609407525
2024-12-11 00:00:00+00:00,-35.836944,-71.592777,160.0,open-meteo_ecmwf_ifs,daily,29.637,9.787001,33.49,6.4286656,3.0696752,48.845104,0.0,33.37560414901852,6.501805605086931
2024-12-12 00:00:00+00:00,-35.836944,-71.592777,160.0,open-meteo_ecmwf_ifs,daily,27.487,10.987,32.89,7.2557487,2.1910994,49.31241,0.0,33.40141559518009,5.9627151222569115
2024-12-13 00:00:00+00:00,-35.836944,-71.592777,160.0,open-meteo_ecmwf_ifs,daily,29.737,10.587001,33.31,7.645334,3.0581381,50.516495,0.0,33.4244242867552,6.496868307894488
2024-12-14 00:00:00+00:00,-35.836944,-71.592777,160.0,open-meteo_ecmwf_ifs,daily,31.536999,11.187,33.45,8.439083,2.021589,50.00067,0.0,33.44462679045766,6.334667029832796
2024-12-15 00:00:00+00:00,-35.836944,-71.592777,160.0,open-meteo_ecmwf_ifs,daily,29.786999,11.937,32.57,8.409915,2.0507648,47.17516,0.0,33.462019921246785,6.148487381324919
2024-12-16 00:00:00+00:00,-35.836944,-71.592777,160.0,open-meteo_ecmwf_ifs,daily,28.786999,10.687,32.66,10.887,1.6542937,61.568546,0.0,33.4766007398591,5.691779795322825
2024-12-17 00:00:00+00:00,-35.836944,-71.592777,160.0,open-meteo_ecmwf_ifs,daily,27.887,11.087001,31.13,10.609916,1.8839518,63.157227,0.0,33.48836655094511,5.525316598378703
2024-12-18 00:00:00+00:00,-35.836944,-71.592777,160.0,open-meteo_ecmwf_ifs,daily,29.437,11.787001,32.48,10.614084,3.3810818,58.196304,0.0,33.49731490179994,6.328701111653272
2024-12-19 00:00:00+00:00,-35.836944,-71.592777,160.0,open-meteo_ecmwf_ifs,daily,29.237,10.387,33.41,6.7745,4.416698,46.529194,0.0,33.50344358167798,6.93746687511339
2024-12-20 00:00:00+00:00,-35.836944,-71.592777,160.0,open-meteo_ecmwf_ifs,daily,28.036999,13.537001,31.75,7.5432506,4.3336306,44.427708,0.0,33.506750621684745,6.966602143441194
2024-12-21 00:00:00+00:00,-35.836944,-71.592777,160.0,open-meteo_ecmwf_ifs,daily,30.786999,13.037001,32.62,11.203667,3.3976974,59.53838,1.2,33.507234295240764,6.659667246603051
2024-12-22 00:00:00+00:00,-35.836944,-71.592777,160.0,open-meteo_ecmwf_ifs,daily,34.336998,13.437,33.04,10.197417,3.075391,49.71516,0.0,33.504893119115,7.2222997582660104
2024-12-23 00:00:00+00:00,-35.836944,-71.592777,160.0,open-meteo_ecmwf_ifs,daily,30.437,14.337001,33.35,9.432834,4.2236567,46.899323,0.0,33.49972585502786,7.370578754844821
2024-12-24 00:00:00+00:00,-35.836944,-71.592777,160.0,open-meteo_ecmwf_ifs,daily,34.887,11.137,33.58,7.8557496,2.3250422,44.925,0.0,33.491731511826,6.85312445546393
2024-12-25 00:00:00+00:00,-35.836944,-71.592777,160.0,open-meteo_ecmwf_ifs,daily,32.287,13.937,32.91,11.197417,2.7073085,49.63769,0.0,33.480909348233986,6.776519450423178
2024-12-26 00:00:00+00:00,-35.836944,-71.592777,160.0,open-meteo_ecmwf_ifs,daily,26.887,14.387,29.84,12.912002,3.1960523,64.386406,0.0,33.467258876189625,5.702880008454531
2024-12-27 00:00:00+00:00,-35.836944,-71.592777,160.0,open-meteo_ecmwf_ifs,daily,30.587,12.687,32.08,12.420335,1.5151892,61.715397,0.0,33.45077986477263,5.867801402710545
2024-12-28 00:00:00+00:00,-35.836944,-71.592777,160.0,open-meteo_ecmwf_ifs,daily,30.687,14.987,30.77,13.397416,1.4371063,59.83295,0.0,33.43147234473763,5.842553168220645
2024-12-29 00:00:00+00:00,-35.836944,-71.592777,160.0,open-meteo_ecmwf_ifs,daily,32.687,14.637,32.27,12.739083,2.0111146,56.03679,0.0,33.409336613664976,6.4370902835155475
2024-12-30 00:00:00+00:00,-35.836944,-71.592777,160.0,open-meteo_ecmwf_ifs,daily,30.487,14.137,32.45,7.6724167,2.6599581,42.592033,0.0,33.38437324174392,6.754014929625599
2024-12-31 00:00:00+00:00,-35.836944,-71.592777,160.0,open-meteo_ecmwf_ifs,daily,28.786999,14.287001,32.68,9.603665,3.9810905,53.076878,0.0,33.35658307820425,6.918315144360598
2025-01-01 00:00:00+00:00,-35.836944,-71.592777,160.0,open-meteo_ecmwf_ifs,daily,30.587,10.587001,33.48,4.6703334,2.7333372,39.949673,0.0,33.35658307820425,6.686303915680972
2025-01-02 00:00:00+00:00,-35.836944,-71.592777,160.0,open-meteo_ecmwf_ifs,daily,32.137,11.787001,33.38,6.7036667,2.056051,42.869526,0.0,33.325967258413414,6.51779020821787
2025-01-03 00:00:00+00:00,-35.836944,-71.592777,160.0,open-meteo_ecmwf_ifs,daily,33.637,12.837001,32.71,9.836999,1.2022098,47.601955,0.0,33.29252721165685,6.108095679857883
2025-01-04 00:00:00+00:00,-35.836944,-71.592777,160.0,open-meteo_ecmwf_ifs,daily,32.187,13.687,32.09,13.259917,1.747479,58.848248,0.0,33.25626466961939,6.136520365112576
2025-01-05 00:00:00+00:00,-35.836944,-71.592777,160.0,open-meteo_ecmwf_ifs,daily,34.037,15.687,32.03,12.4244995,1.963297,52.46426,0.0,33.21718167558599,6.623320805716473
2025-01-06 00:00:00+00:00,-35.836944,-71.592777,160.0,open-meteo_ecmwf_ifs,daily,33.037,16.087,31.98,11.055751,2.1135743,43.98311,0.0,33.1752805943787,6.6943942136657855
2025-01-07 00:00:00+00:00,-35.836944,-71.592777,160.0,open-meteo_ecmwf_ifs,daily,30.737,14.387,31.93,10.814084,2.0760064,50.475098,0.0,33.130564123047265,6.280230367130682
2025-01-08 00:00:00+00:00,-35.836944,-71.592777,160.0,open-meteo_ecmwf_ifs,daily,31.036999,13.237,32.34,10.126583,2.1749017,51.710938,0.0,33.0830353023281,6.316830355370962
2025-01-09 00:00:00+00:00,-35.836944,-71.592777,160.0,open-meteo_ecmwf_ifs,daily,32.987,14.087001,32.22,11.3745,2.9083369,51.661892,0.0,33.032697528885905,6.834029185166818
2025-01-10 00:00:00+00:00,-35.836944,-71.592777,160.0,open-meteo_ecmwf_ifs,daily,33.987,14.287001,32.53,6.4307494,2.9430807,38.7758,0.0,32.97955456834944,7.367850230056534
2025-01-11 00:00:00+00:00,-35.836944,-71.592777,160.0,open-meteo_ecmwf_ifs,daily,35.586998,14.537001,32.37,4.7057495,2.9788141,30.943167,0.0,32.92361056915107,7.653534685339271
2025-01-12 00:00:00+00:00,-35.836944,-71.592777,160.0,open-meteo_ecmwf_ifs,daily,34.487,16.487,31.35,10.9495,2.2781985,42.703335,0.0,32.864870077176626,6.870362355230546
2025-01-13 00:00:00+00:00,-35.836944,-71.592777,160.0,open-meteo_ecmwf_ifs,daily,32.037,15.037001,31.51,12.134915,1.8413225,51.868977,0.0,32.803338051229204,6.231160532817529
2025-01-14 00:00:00+00:00,-35.836944,-71.592777,160.0,open-meteo_ecmwf_ifs,daily,30.587,14.637,31.33,6.5870004,2.1690283,38.609882,0.0,32.739019879307094,6.429937994516959
2025-01-15 00:00:00+00:00,-35.836944,-71.592777,160.0,open-meteo_ecmwf_ifs,daily,31.737,15.087001,30.24,11.570334,3.376745,50.519608,0.0,32.671921395692294,6.710898946011293
2025-01-16 00:00:00+00:00,-35.836944,-71.592777,160.0,open-meteo_ecmwf_ifs,daily,30.387,16.036999,29.44,14.197417,2.97797,63.2307,0.0,32.60204889884222,6.123502191300503
2025-01-17 00:00:00+00:00,-35.836944,-71.592777,160.0,open-meteo_ecmwf_ifs,daily,29.837,14.187,29.89,7.2140827,2.6495194,42.288517,0.0,32.5294091700727,6.362346409689736
2025-01-18 00:00:00+00:00,-35.836944,-71.592777,160.0,open-meteo_ecmwf_ifs,daily,30.337,13.487,31.24,7.311999,1.9521114,42.144756,0.0,32.45400949301641,6.119600995928869
2025-01-19 00:00:00+00:00,-35.836944,-71.592777,160.0,open-meteo_ecmwf_ifs,daily,34.937,12.387,31.5,6.474499,2.575924,39.405262,0.0,32.37585767383586,6.869505105691289
2025-01-20 00:00:00+00:00,-35.836944,-71.592777,160.0,open-meteo_ecmwf_ifs,daily,33.037,15.437,30.21,6.6536674,2.199332,36.11749,0.0,32.2949620621657,6.577378120397363
2025-01-21 00:00:00+00:00,-35.836944,-71.592777,160.0,open-meteo_ecmwf_ifs,daily,32.037,14.337001,30.8,10.674499,2.1719563,53.257797,0.0,32.21133157275414,6.251690485598908
2025-01-22 00:00:00+00:00,-35.836944,-71.592777,160.0,open-meteo_ecmwf_ifs,daily,31.387,13.787001,30.75,10.597417,2.4159894,50.7579,0.0,32.12497570776827,6.227078750064957
2025-01-23 00:00:00+00:00,-35.836944,-71.592777,160.0,open-meteo_ecmwf_ifs,daily,29.987,11.787001,29.96,8.803667,2.9215705,50.60278,0.0,32.035904579723656,6.075443386407312
2025-01-24 00:00:00+00:00,-35.836944,-71.592777,160.0,open-meteo_ecmwf_ifs,daily,30.937,13.137,31.32,7.332834,4.154779,45.702145,0.0,31.94412893499317,7.164901240607144
2025-01-25 00:00:00+00:00,-35.836944,-71.592777,160.0,open-meteo_ecmwf_ifs,daily,32.137,11.537001,31.1,7.55575,2.7247112,45.475132,0.0,31.849660177845706,6.419557202603512
2025-01-26 00:00:00+00:00,-35.836944,-71.592777,160.0,open-meteo_ecmwf_ifs,daily,32.737,13.787001,30.89,8.524499,2.4359863,44.136868,0.0,31.75251039496029,6.4915081308021705
2025-01-27 00:00:00+00:00,-35.836944,-71.592777,160.0,open-meteo_ecmwf_ifs,daily,30.737,12.637,30.7,9.659915,3.9592454,51.713696,0.0,31.652692380356886,6.630082537512716
2025-01-28 00:00:00+00:00,-35.836944,-71.592777,160.0,open-meteo_ecmwf_ifs,daily,33.487,11.787001,31.06,5.2619996,2.7139244,36.273197,0.0,31.550219660680614,6.688415903240498
2025-01-29 00:00:00+00:00,-35.836944,-71.592777,160.0,open-meteo_ecmwf_ifs,daily,35.137,13.437,31.09,7.476582,1.7471424,40.217613,0.0,31.44510652077186,6.277487991901057
2025-01-30 00:00:00+00:00,-35.836944,-71.592777,160.0,open-meteo_ecmwf_ifs,daily,33.287,12.837001,30.64,9.434917,1.8316449,48.143314,0.0,31.337368029450676,6.02219908912268
2025-01-31 00:00:00+00:00,-35.836944,-71.592777,160.0,open-meteo_ecmwf_ifs,daily,33.437,11.837001,30.59,9.0599165,3.639041,49.954865,0.0,31.227020065440552,6.80768242241396
2025-02-01 00:00:00+00:00,-35.836944,-71.592777,160.0,open-meteo_ecmwf_ifs,daily,33.237,14.787001,30.33,8.7161665,2.5014222,44.121853,0.0,31.114079343352625,6.5582604372007305
2025-02-02 00:00:00+00:00,-35.836944,-71.592777,160.0,open-meteo_ecmwf_ifs,daily,29.087,13.037001,30.35,5.0536666,3.2564886,38.437565,0.0,30.99856343964852,6.53526031213542
2025-02-03 00:00:00+00:00,-35.836944,-71.592777,160.0,open-meteo_ecmwf_ifs,daily,30.187,12.887,29.81,8.916166,3.3068936,52.318436,0.0,30.880490818497396,6.2863478245305835
2025-02-04 00:00:00+00:00,-35.836944,-71.592777,160.0,open-meteo_ecmwf_ifs,daily,32.336998,12.987,27.41,6.0661664,2.5876877,38.58977,0.0,30.75988085743968,6.12971214624561
2025-02-05 00:00:00+00:00,-35.836944,-71.592777,160.0,open-meteo_ecmwf_ifs,daily,31.137,12.987,29.65,7.7057495,2.6519792,42.30024,0.0,30.636753872768534,6.177965819151113
2025-02-06 00:00:00+00:00,-35.836944,-71.592777,160.0,open-meteo_ecmwf_ifs,daily,34.937,12.637,30.02,8.336999,3.9503644,49.21727,0.0,30.511131144537924,7.233771227436973
2025-02-07 00:00:00+00:00,-35.836944,-71.592777,160.0,open-meteo_ecmwf_ifs,daily,35.687,13.937,29.56,7.5328326,2.125202,39.24683,0.0,30.38303494110491,6.357872746345971
2025-02-08 00:00:00+00:00,-35.836944,-71.592777,160.0,open-meteo_ecmwf_ifs,daily,37.387,14.737,29.61,8.389083,4.4162564,40.276676,0.0,30.25248854311276,8.074848863429263
2025-02-09 00:00:00+00:00,-35.836944,-71.592777,160.0,open-meteo_ecmwf_ifs,daily,38.787,15.637,29.07,8.639084,3.4007432,37.202118,0.0,30.119516266821154,7.621485195632912
2025-02-10 00:00:00+00:00,-35.836944,-71.592777,160.0,open-meteo_ecmwf_ifs,daily,31.687,14.287001,25.98,11.46825,2.5878882,57.857487,0.0,29.98414348668913,5.619009434442949
2025-02-11 00:00:00+00:00,-35.836944,-71.592777,160.0,open-meteo_ecmwf_ifs,daily,29.786999,11.337001,29.56,2.9369996,3.03067,36.77982,0.0,29.846396657117253,6.270070899566157
2025-02-12 00:00:00+00:00,-35.836944,-71.592777,160.0,open-meteo_ecmwf_ifs,daily,29.887,10.737,29.37,2.5411665,2.314476,36.618683,0.0,29.70630333325553,5.793789757376156
2025-02-13 00:00:00+00:00,-35.836944,-71.592777,160.0,open-meteo_ecmwf_ifs,daily,31.036999,11.437,28.97,4.01825,2.028906,38.874596,0.0,29.563892190785165,5.672380483414264
2025-02-14 00:00:00+00:00,-35.836944,-71.592777,160.0,open-meteo_ecmwf_ifs,daily,28.737,11.287001,28.51,6.0807495,2.766325,47.25118,0.0,29.419193044583352,5.687152243640223
2025-02-15 00:00:00+00:00,-35.836944,-71.592777,160.0,open-meteo_ecmwf_ifs,daily,28.087,11.937,28.05,7.3265843,1.6469404,49.27762,0.0,29.272236866182233,5.041331859465745
2025-02-16 00:00:00+00:00,-35.836944,-71.592777,160.0,open-meteo_ecmwf_ifs,daily,30.187,10.687,28.22,7.0786667,2.4136794,51.68649,0.0,29.123055799935543,5.495305405640664
2025-02-17 00:00:00+00:00,-35.836944,-71.592777,160.0,open-meteo_ecmwf_ifs,daily,31.286999,10.987,28.44,4.1307497,2.9091396,39.768723,0.0,28.971683177808707,6.076836932103853
2025-02-18 00:00:00+00:00,-35.836944,-71.592777,160.0,open-meteo_ecmwf_ifs,daily,33.737,11.537001,27.74,6.5119996,1.9093753,42.38648,0.0,28.81815353271147,5.54889080544643
2025-02-19 00:00:00+00:00,-35.836944,-71.592777,160.0,open-meteo_ecmwf_ifs,daily,27.837,13.237,26.54,10.243249,3.324215,55.064102,0.0,28.662502610295082,5.401078479121986
2025-02-20 00:00:00+00:00,-35.836944,-71.592777,160.0,open-meteo_ecmwf_ifs,daily,28.937,11.837001,25.58,11.493251,1.868917,64.22873,0.0,28.50476737913997,4.670333860088726
2025-02-21 00:00:00+00:00,-35.836944,-71.592777,160.0,open-meteo_ecmwf_ifs,daily,31.637,11.187,26.92,9.464083,2.2289317,55.04445,0.0,28.34498603926361,5.261304564962465
2025-02-22 00:00:00+00:00,-35.836944,-71.592777,160.0,open-meteo_ecmwf_ifs,daily,32.637,12.637,27.1,7.1453323,3.2804995,45.639194,0.0,28.183198028882487,6.220806198079131
2025-02-23 00:00:00+00:00,-35.836944,-71.592777,160.0,open-meteo_ecmwf_ifs,daily,33.437,13.287001,26.69,10.616166,3.244271,53.48541,0.0,28.019444029366667,6.021103621951437
2025-02-24 00:00:00+00:00,-35.836944,-71.592777,160.0,open-meteo_ecmwf_ifs,daily,32.287,14.987,26.07,12.472415,3.4890804,59.44934,0.0,27.85376596833013,5.924547469117053
2025-02-25 00:00:00+00:00,-35.836944,-71.592777,160.0,open-meteo_ecmwf_ifs,daily,32.037,12.737,26.78,5.536999,2.3519256,38.31281,0.0,27.686207020805107,5.637188571360083
2025-02-26 00:00:00+00:00,-35.836944,-71.592777,160.0,open-meteo_ecmwf_ifs,daily,33.687,12.637,26.62,7.270333,2.3110728,43.666096,0.0,27.516811608453715,5.639679629937141
2025-02-27 00:00:00+00:00,-35.836944,-71.592777,160.0,open-meteo_ecmwf_ifs,daily,31.837,13.987,25.57,7.6682496,1.9960656,40.675655,0.0,27.345625396775777,5.259618183063361
2025-02-28 00:00:00+00:00,-35.836944,-71.592777,160.0,open-meteo_ecmwf_ifs,daily,28.637,16.437,19.77,13.045333,2.2252862,63.658157,0.4,27.1726952902771,4.348316606639916
2025-03-01 00:00:00+00:00,-35.836944,-71.592777,160.0,open-meteo_ecmwf_ifs,daily,29.587,14.637,23.69,13.09325,1.8788413,66.42884,0.0,26.998069425568207,4.566904092101107
2025-03-02 00:00:00+00:00,-35.836944,-71.592777,160.0,open-meteo_ecmwf_ifs,daily,27.737,14.087001,21.02,12.089082,2.368415,65.46419,0.0,26.821797162369545,4.281515250437051
2025-03-03 00:00:00+00:00,-35.836944,-71.592777,160.0,open-meteo_ecmwf_ifs,daily,27.536999,11.837001,25.01,9.628665,2.154207,57.275196,0.0,26.643929072404866,4.564956827015585
2025-03-04 00:00:00+00:00,-35.836944,-71.592777,160.0,open-meteo_ecmwf_ifs,daily,28.387,12.237,24.98,9.086999,3.35987,54.78589,0.0,26.46451692617062,5.179034598577977
2025-03-05 00:00:00+00:00,-35.836944,-71.592777,160.0,open-meteo_ecmwf_ifs,daily,29.337,12.137,24.72,11.187,2.098565,61.830128,0.0,26.283613677575314,4.579278005654908
2025-03-06 00:00:00+00:00,-35.836944,-71.592777,160.0,open-meteo_ecmwf_ifs,daily,27.687,14.337001,23.17,12.836998,2.4047058,64.86761,0.0,26.101273446448793,4.428430261319212
2025-03-07 00:00:00+00:00,-35.836944,-71.592777,160.0,open-meteo_ecmwf_ifs,daily,20.587,13.837001,7.1,13.636998,3.1533968,80.24733,8.799999,25.917551498927626,1.914834402643358
2025-03-08 00:00:00+00:00,-35.836944,-71.592777,160.0,open-meteo_ecmwf_ifs,daily,25.737,8.487,24.97,7.228667,3.6756258,58.005188,0.0,25.73250422572873,4.609704455970565
2025-03-09 00:00:00+00:00,-35.836944,-71.592777,160.0,open-meteo_ecmwf_ifs,daily,29.286999,7.937,24.29,8.637,2.0408154,63.127396,0.0,25.546189118329618,4.227795965970876
2025-03-10 00:00:00+00:00,-35.836944,-71.592777,160.0,open-meteo_ecmwf_ifs,daily,28.087,10.637,23.75,9.459916,2.224362,57.752445,0.0,25.358664743079576,4.315095018673043
2025-03-11 00:00:00+00:00,-35.836944,-71.592777,160.0,open-meteo_ecmwf_ifs,daily,27.987,9.287001,23.6,9.497417,2.6474643,63.135773,0.0,25.16999071327198,4.277100951159689
2025-03-12 00:00:00+00:00,-35.836944,-71.592777,160.0,open-meteo_ecmwf_ifs,daily,32.387,10.087001,23.81,9.297416,1.0412146,56.25642,0.0,24.980227659213973,4.012095313441112
2025-03-13 00:00:00+00:00,-35.836944,-71.592777,160.0,open-meteo_ecmwf_ifs,daily,31.437,12.237,23.29,9.811999,1.1115347,51.617176,0.0,24.789437196335275,4.044052075895738
2025-03-14 00:00:00+00:00,-35.836944,-71.592777,160.0,open-meteo_ecmwf_ifs,daily,26.137,11.737,21.84,11.7994995,2.5834115,68.13633,0.0,24.59768189138357,3.888513144278458
2025-03-15 00:00:00+00:00,-35.836944,-71.592777,160.0,open-meteo_ecmwf_ifs,daily,24.637,12.137,18.92,12.055749,1.1347708,72.58572,0.0,24.40502522675954,3.11245525370642
2025-03-16 00:00:00+00:00,-35.836944,-71.592777,160.0,open-meteo_ecmwf_ifs,daily,27.487,9.587001,22.35,10.8724165,1.8483678,70.7953,0.0,24.211531563049558,3.7211789403791236
2025-03-17 00:00:00+00:00,-35.836944,-71.592777,160.0,open-meteo_ecmwf_ifs,daily,28.987,8.887,22.58,9.051583,2.8406305,62.26056,0.0,24.01726609981943,4.266144785186173
2025-03-18 00:00:00+00:00,-35.836944,-71.592777,160.0,open-meteo_ecmwf_ifs,daily,30.237,9.487,22.61,10.4140835,2.8496277,64.23008,0.0,23.822294834737463,4.3250988633632605
2025-03-19 00:00:00+00:00,-35.836944,-71.592777,160.0,open-meteo_ecmwf_ifs,daily,27.087,9.637,21.8,11.305749,1.3602729,66.832726,0.0,23.62668452109964,3.4355316324143716
2025-03-20 00:00:00+00:00,-35.836944,-71.592777,160.0,open-meteo_ecmwf_ifs,daily,26.937,9.887,21.67,11.764084,1.2054217,72.17215,0.0,23.430502623834272,3.35527654745686
2025-03-21 00:00:00+00:00,-35.836944,-71.592777,160.0,open-meteo_ecmwf_ifs,daily,28.337,13.487,20.57,13.21825,2.5927985,72.082954,0.0,23.233817274067892,3.950622820695023
2025-03-22 00:00:00+00:00,-35.836944,-71.592777,160.0,open-meteo_ecmwf_ifs,daily,26.087,10.587001,21.31,9.939083,2.5483816,62.355366,0.0,23.03669722233758,3.7754688460522687
2025-03-23 00:00:00+00:00,-35.836944,-71.592777,160.0,open-meteo_ecmwf_ifs,daily,23.587,7.187,21.11,7.6057496,1.8475946,63.650482,0.0,22.83921179053946,3.192383799850684
2025-03-24 00:00:00+00:00,-35.836944,-71.592777,160.0,open-meteo_ecmwf_ifs,daily,24.987,7.187,21.05,5.755749,1.4976538,54.794266,0.0,22.641430822705548,3.246622828392481
2025-03-25 00:00:00+00:00,-35.836944,-71.592777,160.0,open-meteo_ecmwf_ifs,daily,24.286999,11.187,16.89,9.582833,2.2021859,67.74282,0.1,22.44342463470526,3.1666404421937715
2025-03-26 00:00:00+00:00,-35.836944,-71.592777,160.0,open-meteo_ecmwf_ifs,daily,24.587,10.787001,20.58,9.782833,1.4605728,65.0678,0.2,22.24526396296994,3.2090594203890164
2025-03-27 00:00:00+00:00,-35.836944,-71.592777,160.0,open-meteo_ecmwf_ifs,daily,22.587,10.387,19.4,8.720334,2.5344963,65.38018,0.0,22.04701991234201,3.2841684416439763
2025-03-28 00:00:00+00:00,-35.836944,-71.592777,160.0,open-meteo_ecmwf_ifs,daily,23.887,8.987,18.23,8.628667,1.0342339,65.535675,0.0,21.848763903152058,2.718020495712972
2025-03-29 00:00:00+00:00,-35.836944,-71.592777,160.0,open-meteo_ecmwf_ifs,daily,23.036999,8.637,15.68,9.197416,2.2194178,70.16328,0.0,21.65056761762963,2.714602392984187
2025-03-30 00:00:00+00:00,-35.836944,-71.592777,160.0,open-meteo_ecmwf_ifs,daily,18.487,12.237,18.52,9.15575,3.7095401,70.742775,37.500004,21.452502945754762,3.106483833181966
2025-03-31 00:00:00+00:00,-35.836944,-71.592777,160.0,open-meteo_ecmwf_ifs,daily,20.786999,5.887,19.84,5.047416,3.6523125,62.152267,0.0,21.254641930658977,3.244306185981656
2025-04-01 00:00:00+00:00,-35.836944,-71.592777,160.0,open-meteo_ecmwf_ifs,daily,19.637,4.537,19.54,6.362,1.6372619,74.052315,0.0,21.057056713685352,2.463287372895293
2025-04-02 00:00:00+00:00,-35.836944,-71.592777,160.0,open-meteo_ecmwf_ifs,daily,19.337,4.187,14.61,6.0349164,1.834178,73.81383,0.0,20.859819479217965,2.1189131885418395
2025-04-03 00:00:00+00:00,-35.836944,-71.592777,160.0,open-meteo_ecmwf_ifs,daily,25.837,6.987,19.14,8.23075,2.396791,68.063835,0.0,20.663002399391605,3.140074141757789
2025-04-04 00:00:00+00:00,-35.836944,-71.592777,160.0,open-meteo_ecmwf_ifs,daily,25.987,7.687,17.75,9.7745,0.86853164,70.436806,0.0,20.466677578792694,2.5126429460242843
2025-04-05 00:00:00+00:00,-35.836944,-71.592777,160.0,open-meteo_ecmwf_ifs,daily,20.587,10.987,12.84,11.662,2.4894192,84.09674,0.3,20.2709169992622,2.165503536527859
2025-04-06 00:00:00+00:00,-35.836944,-71.592777,160.0,open-meteo_ecmwf_ifs,daily,22.137,10.187,16.53,11.189083,1.1630453,78.34753,0.1,20.075792464910734,2.3440532917206927
2025-04-07 00:00:00+00:00,-35.836944,-71.592777,160.0,open-meteo_ecmwf_ifs,daily,24.786999,7.687,17.81,10.280751,1.6696767,80.02567,0.0,19.881375547455516,2.594294970863366
2025-04-08 00:00:00+00:00,-35.836944,-71.592777,160.0,open-meteo_ecmwf_ifs,daily,23.687,9.287001,14.73,11.414083,1.162274,82.94764,0.0,19.68773753198757,2.1895419311228212
2025-04-09 00:00:00+00:00,-35.836944,-71.592777,160.0,open-meteo_ecmwf_ifs,daily,21.786999,9.737,16.07,10.603666,0.89277154,80.69255,0.0,19.4949493632763,2.181923086724779
2025-04-10 00:00:00+00:00,-35.836944,-71.592777,160.0,open-meteo_ecmwf_ifs,daily,15.387,11.387,2.77,11.449501,2.2313378,90.21331,22.3,19.30308159271692,0.9238029490056167
2025-04-11 00:00:00+00:00,-35.836944,-71.592777,160.0,open-meteo_ecmwf_ifs,daily,17.987,6.837,17.23,6.218249,2.2942622,73.78598,0.0,19.112204326024326,2.335355997211653
2025-04-12 00:00:00+00:00,-35.836944,-71.592777,160.0,open-meteo_ecmwf_ifs,daily,20.837,3.837,17.45,4.6619997,2.1494806,67.912125,0.0,18.92238717177483,2.413826753175294
2025-04-13 00:00:00+00:00,-35.836944,-71.592777,160.0,open-meteo_ecmwf_ifs,daily,17.536999,4.437,13.64,6.30575,1.3966371,81.6383,0.0,18.733699190894733,1.725027140286146
2025-04-14 00:00:00+00:00,-35.836944,-71.592777,160.0,open-meteo_ecmwf_ifs,daily,19.937,5.737,13.03,8.4495,1.6427587,84.28196,8.8,18.546208847192162,1.79789665075197
2025-04-15 00:00:00+00:00,-35.836944,-71.592777,160.0,open-meteo_ecmwf_ifs,daily,17.786999,8.687,11.5,10.06825,1.8842082,85.92625,1.3000001,18.359983959025307,1.626735735710328
2025-04-16 00:00:00+00:00,-35.836944,-71.592777,160.0,open-meteo_ecmwf_ifs,daily,20.437,4.937,15.25,7.3140826,1.324175,79.04564,0.0,18.175091652197622,1.9075010155507854
2025-04-17 00:00:00+00:00,-35.836944,-71.592777,160.0,open-meteo_ecmwf_ifs,daily,20.487,10.887,16.1,9.182834,3.3281438,74.891464,0.0,17.991598314166605,2.6972397829151595
2025-04-18 00:00:00+00:00,-35.836944,-71.592777,160.0,open-meteo_ecmwf_ifs,daily,19.137,3.537,16.38,5.605749,2.0869033,75.9455,0.0,17.809569549649623,2.0167429026269224
2025-04-19 00:00:00+00:00,-35.836944,-71.592777,160.0,open-meteo_ecmwf_ifs,daily,18.937,6.387,13.72,7.4724164,1.2350708,84.53914,0.0,17.62907013770609,1.7425175070967804
2025-04-20 00:00:00+00:00,-35.836944,-71.592777,160.0,open-meteo_ecmwf_ifs,daily,21.137,5.787,15.36,7.4703326,0.68763065,74.22124,0.0,17.450163990371692,1.7606175474851982
2025-04-21 00:00:00+00:00,-35.836944,-71.592777,160.0,open-meteo_ecmwf_ifs,daily,16.036999,7.287,4.82,8.68075,1.0931479,86.20523,2.1,17.272914112915746,0.990968522705595
2025-04-22 00:00:00+00:00,-35.836944,-71.592777,160.0,open-meteo_ecmwf_ifs,daily,20.687,10.087001,7.71,11.555751,0.8689773,85.15667,5.2000003,17.097382565788845,1.3078725684147554
2025-04-23 00:00:00+00:00,-35.836944,-71.592777,160.0,open-meteo_ecmwf_ifs,daily,17.587,11.587001,7.76,12.891167,1.2587149,91.83701,3.3,16.923630428323122,1.1731806311788893
2025-04-24 00:00:00+00:00,-35.836944,-71.592777,160.0,open-meteo_ecmwf_ifs,daily,20.387,13.837001,11.19,12.532833,3.685076,82.14143,1.9,16.751717764242905,2.187551645904152
2025-04-25 00:00:00+00:00,-35.836944,-71.592777,160.0,open-meteo_ecmwf_ifs,daily,18.687,11.637,11.93,9.701583,3.3189409,76.91581,23.000004,16.581703589038693,2.166007847475194
2025-04-26 00:00:00+00:00,-35.836944,-71.592777,160.0,open-meteo_ecmwf_ifs,daily,18.187,6.037,14.05,6.4765835,2.5101802,78.2937,0.0,16.413645839252432,1.9078302522335533
2025-04-27 00:00:00+00:00,-35.836944,-71.592777,160.0,open-meteo_ecmwf_ifs,daily,20.487,3.687,14.42,6.1161666,2.2201154,76.64678,0.0,16.24760134371693,1.8793986810534191
2025-04-28 00:00:00+00:00,-35.836944,-71.592777,160.0,open-meteo_ecmwf_ifs,daily,19.087,6.187,13.71,8.0995,1.9076942,85.04928,0.0,16.083625796787086,1.683878367426557
2025-04-29 00:00:00+00:00,-35.836944,-71.592777,160.0,open-meteo_ecmwf_ifs,daily,15.137,4.837,9.89,7.4911666,0.92094845,89.37867,0.0,15.921773733595286,1.1041353881555263
2025-04-30 00:00:00+00:00,-35.836944,-71.592777,160.0,open-meteo_ecmwf_ifs,daily,15.087001,5.737,9.23,7.6390834,1.8098706,88.45159,0.3,15.762098507357825,1.1669757434530081
2025-05-01 00:00:00+00:00,-35.836944,-71.592777,160.0,open-meteo_ecmwf_ifs,daily,17.737,5.787,10.48,8.139084,1.7444372,81.15522,0.0,15.604652268753878,1.3451071393372807
2025-05-02 00:00:00+00:00,-35.836944,-71.592777,160.0,open-meteo_ecmwf_ifs,daily,17.536999,4.737,13.52,7.01825,1.9310727,83.864265,0.0,15.449485947392722,1.4976308059549996
2025-05-03 00:00:00+00:00,-35.836944,-71.592777,160.0,open-meteo_ecmwf_ifs,daily,18.737,3.537,12.68,6.2307496,1.4128128,80.866425,0.0,15.296649235379494,1.4203507363391998
2025-05-04 00:00:00+00:00,-35.836944,-71.592777,160.0,open-meteo_ecmwf_ifs,daily,17.387,10.837001,9.27,10.072417,2.0541682,84.29252,9.299999,15.146190572983917,1.4572240231839833
2025-05-05 00:00:00+00:00,-35.836944,-71.592777,160.0,open-meteo_ecmwf_ifs,daily,16.137,3.387,12.02,5.4411664,1.9893531,81.764465,0.0,14.998157136410683,1.3554295491726076
2025-05-06 00:00:00+00:00,-35.836944,-71.592777,160.0,open-meteo_ecmwf_ifs,daily,17.187,5.537,10.43,5.364084,1.4529394,74.135735,0.0,14.852594827664555,1.3855646500056344
2025-05-07 00:00:00+00:00,-35.836944,-71.592777,160.0,open-meteo_ecmwf_ifs,daily,14.037001,6.687,4.2,8.391168,2.466027,87.64399,18.6,14.709548266497098,0.8559725965786875
2025-05-08 00:00:00+00:00,-35.836944,-71.592777,160.0,open-meteo_ecmwf_ifs,daily,15.687,8.737,4.85,8.962,3.3647034,85.1334,18.6,14.569060784416617,1.223593349239498
2025-05-09 00:00:00+00:00,-35.836944,-71.592777,160.0,open-meteo_ecmwf_ifs,daily,19.087,10.437,11.39,10.332833,2.1358774,82.7749,4.2,14.431174420736506,1.5793436146812005
2025-05-10 00:00:00+00:00,-35.836944,-71.592777,160.0,open-meteo_ecmwf_ifs,daily,21.637,4.387,12.64,7.832833,1.7306232,81.40415,0.0,14.295929920631998,1.494841088679152
2025-05-11 00:00:00+00:00,-35.836944,-71.592777,160.0,open-meteo_ecmwf_ifs,daily,17.937,9.687,8.19,10.647416,1.4767466,91.35296,0.0,14.163366735168976,1.1528585487737173
2025-05-12 00:00:00+00:00,-35.836944,-71.592777,160.0,open-meteo_ecmwf_ifs,daily,16.837,7.487,9.99,9.4036665,1.0758398,90.40331,0.0,14.033523023263257,1.0733078656577342
2025-05-13 00:00:00+00:00,-35.836944,-71.592777,160.0,open-meteo_ecmwf_ifs,daily,16.536999,7.787,9.73,8.676582,0.76182824,89.85257,0.0,13.906435655522706,1.0399280722020583
2025-05-14 00:00:00+00:00,-35.836944,-71.592777,160.0,open-meteo_ecmwf_ifs,daily,19.187,5.087,11.49,8.284917,1.745213,86.43943,0.0,13.78214021991932,1.2610615671350003
2025-05-15 00:00:00+00:00,-35.836944,-71.592777,160.0,open-meteo_ecmwf_ifs,daily,16.286999,6.037,10.5,7.870334,1.3690695,88.43066,0.0,13.660671029232562,1.0826748923302445
2025-05-16 00:00:00+00:00,-35.836944,-71.592777,160.0,open-meteo_ecmwf_ifs,daily,17.487,4.837,10.54,6.3890834,1.2220739,82.19974,0.0,13.542061130200178,1.1311926204461389
2025-05-17 00:00:00+00:00,-35.836944,-71.592777,160.0,open-meteo_ecmwf_ifs,daily,12.637,6.787,1.94,8.603667,4.4684033,87.04533,30.800001,13.42634231430724,0.6355914105981502
2025-05-18 00:00:00+00:00,-35.836944,-71.592777,160.0,open-meteo_ecmwf_ifs,daily,15.187,3.837,9.73,5.61825,1.4871694,82.871,0.0,13.313545130139206,1.0226867187823245
2025-05-19 00:00:00+00:00,-35.836944,-71.592777,160.0,open-meteo_ecmwf_ifs,daily,17.387,3.537,11.02,5.7328324,1.9048452,76.8484,0.0,13.20369889721977,1.2114734589544052
2025-05-20 00:00:00+00:00,-35.836944,-71.592777,160.0,open-meteo_ecmwf_ifs,daily,16.637,5.087,9.58,5.614084,1.2377852,75.12809,0.6,13.096831721249641,1.0814474264371918
2025-05-21 00:00:00+00:00,-35.836944,-71.592777,160.0,open-meteo_ecmwf_ifs,daily,19.937,6.987,10.8,9.362,1.6953133,81.62205,0.8,12.992970510657743,1.2300259533271696
2025-05-22 00:00:00+00:00,-35.836944,-71.592777,160.0,open-meteo_ecmwf_ifs,daily,12.787001,3.737,9.12,5.797416,1.3683677,88.63981,0.0,12.892140994372184,0.8170325551134257
2025-05-23 00:00:00+00:00,-35.836944,-71.592777,160.0,open-meteo_ecmwf_ifs,daily,14.787001,2.687,9.82,4.8078327,0.8905756,85.369576,0.0,12.794367740714254,0.8491454796069065
2025-05-24 00:00:00+00:00,-35.836944,-71.592777,160.0,open-meteo_ecmwf_ifs,daily,14.537001,5.137,9.59,6.6203327,1.1494216,89.92098,0.1,12.6996741773149,0.8821722878516274
2025-05-25 00:00:00+00:00,-35.836944,-71.592777,160.0,open-meteo_ecmwf_ifs,daily,16.637,5.537,3.57,7.759917,2.7485857,88.06741,8.9,12.608082611949897,1.0258244763876392
2025-05-26 00:00:00+00:00,-35.836944,-71.592777,160.0,open-meteo_ecmwf_ifs,daily,14.787001,9.387,5.49,10.362,2.9852388,91.55241,30.800003,12.519614254186571,0.8452643906341956
2025-05-27 00:00:00+00:00,-35.836944,-71.592777,160.0,open-meteo_ecmwf_ifs,daily,11.937,3.287,10.14,3.8619995,2.4053752,84.18745,0.70000005,12.434289237732484,0.9871910870814109
2025-05-28 00:00:00+00:00,-35.836944,-71.592777,160.0,open-meteo_ecmwf_ifs,daily,11.137,-1.763,10.01,1.0640835,1.4281348,84.34664,0.0,12.35212664337376,0.7466391713292847
2025-05-29 00:00:00+00:00,-35.836944,-71.592777,160.0,open-meteo_ecmwf_ifs,daily,12.737,0.33699998,9.6,3.4974172,1.0248435,89.11389,0.0,12.273144522389142,0.710765405190253
2025-05-30 00:00:00+00:00,-35.836944,-71.592777,160.0,open-meteo_ecmwf_ifs,daily,16.637,5.787,10.81,6.966166,3.1408021,82.280815,0.0,12.197359920323983,1.2886879130958548
2025-05-31 00:00:00+00:00,-35.836944,-71.592777,160.0,open-meteo_ecmwf_ifs,daily,12.887,-0.86300004,10.81,2.2161667,2.424702,83.781,0.0,12.124788901007484,0.9054999281177804
2025-06-01 00:00:00+00:00,-35.836944,-71.592777,160.0,open-meteo_ecmwf_ifs,daily,12.687,0.537,10.25,2.2057502,0.99163955,82.056496,0.0,12.055446570695743,0.7424509220911034
2025-06-02 00:00:00+00:00,-35.836944,-71.592777,160.0,open-meteo_ecmwf_ifs,daily,12.837001,3.237,5.44,4.8661666,0.62407744,86.76705,0.0,11.989347102222935,0.6372154220547804
2025-06-03 00:00:00+00:00,-35.836944,-71.592777,160.0,open-meteo_ecmwf_ifs,daily,15.237,6.587,4.43,7.103667,0.8473578,84.87043,0.0,11.92650375904341,0.7533931292378544
2025-06-04 00:00:00+00:00,-35.836944,-71.592777,160.0,open-meteo_ecmwf_ifs,daily,16.087,7.137,7.68,8.345333,0.94139886,86.858574,0.0,11.866928919048165,0.795708451756931
2025-06-05 00:00:00+00:00,-35.836944,-71.592777,160.0,open-meteo_ecmwf_ifs,daily,13.537001,3.487,9.85,5.520334,0.73757225,89.557945,0.0,11.810634098040476,0.6800808479264128
2025-06-06 00:00:00+00:00,-35.836944,-71.592777,160.0,open-meteo_ecmwf_ifs,daily,13.687,3.137,8.72,5.34325,1.1743242,89.10946,0.0,11.75762997275742,0.7247514344319577
2025-06-07 00:00:00+00:00,-35.836944,-71.592777,160.0,open-meteo_ecmwf_ifs,daily,14.287001,3.937,9.94,6.2307496,1.3634378,87.25748,0.0,11.707926403326189,0.7614975709826798
2025-06-08 00:00:00+00:00,-35.836944,-71.592777,160.0,open-meteo_ecmwf_ifs,daily,12.037001,2.337,9.72,4.641166,1.0319872,90.502594,0.0,11.66153245504724,0.6439902642584486
2025-06-09 00:00:00+00:00,-35.836944,-71.592777,160.0,open-meteo_ecmwf_ifs,daily,10.137,1.937,8.46,3.7578332,0.7682113,92.53778,0.0,11.618456419399317,0.5695821443697284
2025-06-10 00:00:00+00:00,-35.836944,-71.592777,160.0,open-meteo_ecmwf_ifs,daily,10.487,-0.213,8.69,2.7474167,0.4701105,91.192635,0.0,11.578705834165879,0.52087004536798
2025-06-11 00:00:00+00:00,-35.836944,-71.592777,160.0,open-meteo_ecmwf_ifs,daily,13.887,4.187,4.84,5.9453335,4.4768248,84.67811,0.0,11.5422875025862,1.0470392925944982
2025-06-12 00:00:00+00:00,-35.836944,-71.592777,160.0,open-meteo_ecmwf_ifs,daily,13.737,7.787,2.1,7.897417,5.7158036,87.57461,33.800003,11.509207511439909,1.1389919416021694
2025-06-13 00:00:00+00:00,-35.836944,-71.592777,160.0,open-meteo_ecmwf_ifs,daily,12.037001,3.087,8.82,4.5140834,2.4173627,82.6842,27.500002,11.479471247978719,0.8119107583801036
2025-06-14 00:00:00+00:00,-35.836944,-71.592777,160.0,open-meteo_ecmwf_ifs,daily,13.737,0.787,5.66,1.2224166,2.575198,72.87519,0.3,11.453083415625091,1.151372472259228
2025-06-15 00:00:00+00:00,-35.836944,-71.592777,160.0,open-meteo_ecmwf_ifs,daily,10.737,8.187,0.51,7.701582,7.347712,91.218056,67.9,11.43004804836379,0.8350610578476433
2025-06-16 00:00:00+00:00,-35.836944,-71.592777,160.0,open-meteo_ecmwf_ifs,daily,9.687,7.337,2.37,6.2495,4.1736073,85.710304,23.099997,11.410368523758924,0.8254424477928823
2025-06-17 00:00:00+00:00,-35.836944,-71.592777,160.0,open-meteo_ecmwf_ifs,daily,13.687,5.787,8.29,5.3869996,1.4815801,77.68879,0.0,11.394047574536021,0.8547847801941162
2025-06-18 00:00:00+00:00,-35.836944,-71.592777,160.0,open-meteo_ecmwf_ifs,daily,13.337001,-0.263,9.78,2.8869998,1.1370982,86.56134,0.0,11.381087298676103,0.6545757533099196
2025-06-19 00:00:00+00:00,-35.836944,-71.592777,160.0,open-meteo_ecmwf_ifs,daily,11.237,-1.613,10.47,1.637,1.6472939,86.51423,0.0,11.37148916797629,0.6463669495615587
2025-06-20 00:00:00+00:00,-35.836944,-71.592777,160.0,open-meteo_ecmwf_ifs,daily,13.837001,-1.813,9.28,1.2661667,1.5893817,84.724915,0.0,11.365254035039278,0.7757831577084455
2025-06-21 00:00:00+00:00,-35.836944,-71.592777,160.0,open-meteo_ecmwf_ifs,daily,8.787001,3.737,2.68,5.8536663,1.2760013,96.59678,0.7,11.3623821386622,0.4302635850598626
2025-06-22 00:00:00+00:00,-35.836944,-71.592777,160.0,open-meteo_ecmwf_ifs,daily,12.937,6.587,7.16,5.045333,3.4410217,78.090355,11.700002,11.362873107603551,1.2392694355436689
2025-06-23 00:00:00+00:00,-35.836944,-71.592777,160.0,open-meteo_ecmwf_ifs,daily,10.487,-3.163,10.37,-1.5067497,2.0380075,74.48179,0.0,11.366725962715122,0.804613733719034
2025-06-24 00:00:00+00:00,-35.836944,-71.592777,160.0,open-meteo_ecmwf_ifs,daily,12.337001,-1.413,10.28,1.2870001,1.8798832,85.008705,0.0,11.373939117434425,0.7663725972339642
2025-06-25 00:00:00+00:00,-35.836944,-71.592777,160.0,open-meteo_ecmwf_ifs,daily,12.237,2.587,10.41,3.4286664,2.836669,81.82375,0.0,11.384510376641348,0.9516534472312482
2025-06-26 00:00:00+00:00,-35.836944,-71.592777,160.0,open-meteo_ecmwf_ifs,daily,10.137,-2.613,10.23,-0.688,1.135144,81.39489,0.0,11.398436933891308,0.6173527685870881
2025-06-27 00:00:00+00:00,-35.836944,-71.592777,160.0,open-meteo_ecmwf_ifs,daily,8.487,1.337,4.25,1.3724166,1.3567928,84.35486,0.0,11.415715367045248,0.6540137743640727
2025-06-28 00:00:00+00:00,-35.836944,-71.592777,160.0,open-meteo_ecmwf_ifs,daily,9.687,-1.463,10.25,-0.14216672,0.9250784,84.03549,0.0,11.43634163232524,0.5870462483680424
2025-06-29 00:00:00+00:00,-35.836944,-71.592777,160.0,open-meteo_ecmwf_ifs,daily,8.887,-5.363,10.45,-3.6380005,1.4107388,82.99317,0.0,11.460311056832214,0.6612535857166809
2025-06-30 00:00:00+00:00,-35.836944,-71.592777,160.0,open-meteo_ecmwf_ifs,daily,6.787,-7.513,9.96,-9.229667,0.9419934,61.023983,0.0,11.48761832957019,0.6099611223502688
2025-07-01 00:00:00+00:00,-35.836944,-71.592777,160.0,open-meteo_ecmwf_ifs,daily,10.637,-1.413,10.02,-1.602583,0.6737912,76.26358,0.0,11.518257491028905,0.5958027123673729
2025-07-02 00:00:00+00:00,-35.836944,-71.592777,160.0,open-meteo_ecmwf_ifs,daily,10.337001,-1.263,9.52,-0.62758344,0.74621683,77.192,0.0,11.5522219213839,0.6006402996030177
2025-07-03 00:00:00+00:00,-35.836944,-71.592777,160.0,open-meteo_ecmwf_ifs,daily,12.187,0.13700001,10.16,1.1495,0.9661836,82.30979,0.0,11.58950432737986,0.6887310330605779
2025-07-04 00:00:00+00:00,-35.836944,-71.592777,160.0,open-meteo_ecmwf_ifs,daily,8.587001,0.087,9.54,2.1703331,0.85171205,93.98844,0.0,11.630096727969724,0.5385634700073391
2025-07-05 00:00:00+00:00,-35.836944,-71.592777,160.0,open-meteo_ecmwf_ifs,daily,14.687,2.337,4.31,6.1495004,4.466692,87.59237,0.0,11.673990438787902,0.8791649031374865
2025-07-06 00:00:00+00:00,-35.836944,-71.592777,160.0,open-meteo_ecmwf_ifs,daily,16.487,10.387,5.25,9.11825,5.489838,80.954704,38.1,11.721176055541726,1.652094340807611
2025-07-07 00:00:00+00:00,-35.836944,-71.592777,160.0,open-meteo_ecmwf_ifs,daily,16.387,4.237,10.9,8.209917,2.0532677,88.22349,14.5,11.771643436410281,0.818259254848586
2025-07-08 00:00:00+00:00,-35.836944,-71.592777,160.0,open-meteo_ecmwf_ifs,daily,13.937,5.687,9.05,7.3140836,2.41275,91.317085,0.0,11.82538168354478,0.8586528029669949
2025-07-09 00:00:00+00:00,-35.836944,-71.592777,160.0,open-meteo_ecmwf_ifs,daily,11.387,3.287,8.15,5.051583,1.0548434,92.123024,0.0,11.882379123768292,0.6495001351829958
2025-07-10 00:00:00+00:00,-35.836944,-71.592777,160.0,open-meteo_ecmwf_ifs,daily,9.587001,0.88699996,9.32,2.1661665,1.394411,90.54251,0.0,11.942623288577053,0.6836682736199275
2025-07-11 00:00:00+00:00,-35.836944,-71.592777,160.0,open-meteo_ecmwf_ifs,daily,8.287001,-1.513,9.96,-0.35050002,0.8392469,86.80836,0.0,12.006100893548108,0.6047409681319368
2025-07-12 00:00:00+00:00,-35.836944,-71.592777,160.0,open-meteo_ecmwf_ifs,daily,8.787001,0.687,9.64,1.4599167,1.1006151,90.9587,0.0,12.072797817261112,0.6622900837175992
2025-07-13 00:00:00+00:00,-35.836944,-71.592777,160.0,open-meteo_ecmwf_ifs,daily,10.837001,-0.41300002,8.91,2.3745,0.9647851,92.27466,0.0,12.14269907984419,0.6413876257801348
2025-07-14 00:00:00+00:00,-35.836944,-71.592777,160.0,open-meteo_ecmwf_ifs,daily,14.137,1.787,9.81,3.99325,2.2488358,81.55161,0.0,12.215788821255272,0.9778401918336473
2025-07-15 00:00:00+00:00,-35.836944,-71.592777,160.0,open-meteo_ecmwf_ifs,daily,10.087001,2.687,2.93,4.247416,1.063114,88.98254,13.0,12.292050279411571,0.5881644677251479
2025-07-16 00:00:00+00:00,-35.836944,-71.592777,160.0,open-meteo_ecmwf_ifs,daily,13.187,-3.463,11.65,0.007833242,1.9270681,81.20048,0.0,12.37146576828051,0.9119747580694144
2025-07-17 00:00:00+00:00,-35.836944,-71.592777,160.0,open-meteo_ecmwf_ifs,daily,16.286999,0.587,11.42,0.5411667,1.7598828,69.51206,0.0,12.454016656045388,1.2162094889624215
2025-07-18 00:00:00+00:00,-35.836944,-71.592777,160.0,open-meteo_ecmwf_ifs,daily,12.837001,0.287,11.55,2.814083,1.51134,85.038124,0.0,12.53968334345895,0.8584509572434186
2025-07-19 00:00:00+00:00,-35.836944,-71.592777,160.0,open-meteo_ecmwf_ifs,daily,14.337001,0.987,8.83,4.53075,1.8109101,92.5205,0.0,12.62844524249709,0.8625161133719971
2025-07-20 00:00:00+00:00,-35.836944,-71.592777,160.0,open-meteo_ecmwf_ifs,daily,13.137,4.087,8.61,6.50575,1.1654748,93.81415,0.0,12.720280755423667,0.7646343675212282
2025-07-21 00:00:00+00:00,-35.836944,-71.592777,160.0,open-meteo_ecmwf_ifs,daily,16.687,4.187,11.6,5.341166,0.6736784,77.91181,0.0,12.815167254375902,0.9174684015807414
2025-07-22 00:00:00+00:00,-35.836944,-71.592777,160.0,open-meteo_ecmwf_ifs,daily,12.887,3.637,8.89,5.2515826,1.2816184,86.915306,0.0,12.913081061577623,0.8416872368848366
2025-07-23 00:00:00+00:00,-35.836944,-71.592777,160.0,open-meteo_ecmwf_ifs,daily,14.187,4.187,10.25,5.587,0.9303023,89.82794,0.0,13.013997430285213,0.8904508110424784
2025-07-24 00:00:00+00:00,-35.836944,-71.592777,160.0,open-meteo_ecmwf_ifs,daily,11.337001,5.437,4.52,6.001583,3.3822625,89.21768,19.900002,13.117890526568441,0.8743415833306681
2025-07-25 00:00:00+00:00,-35.836944,-71.592777,160.0,open-meteo_ecmwf_ifs,daily,15.787001,7.987,9.73,6.9828324,4.247862,77.09082,16.8,13.224733412025104,1.675549864255261
2025-07-26 00:00:00+00:00,-35.836944,-71.592777,160.0,open-meteo_ecmwf_ifs,daily,13.687,5.587,6.53,6.83075,0.66996646,86.786224,0.2,13.33449802752504,0.777402946753333
2025-07-27 00:00:00+00:00,-35.836944,-71.592777,160.0,open-meteo_ecmwf_ifs,daily,15.187,8.487,4.56,8.284917,2.6905816,86.0729,2.7000003,13.447155178075397,1.1307569420081216
2025-07-28 00:00:00+00:00,-35.836944,-71.592777,160.0,open-meteo_ecmwf_ifs,daily,15.637,9.887,5.19,8.159917,1.9655007,78.9455,1.0,13.562674518894978,1.201004257804609
2025-07-29 00:00:00+00:00,-35.836944,-71.592777,160.0,open-meteo_ecmwf_ifs,daily,17.637,7.737,5.97,9.082832,1.1530682,82.21595,1.1,13.681024542781419,0.981248059633595
2025-07-30 00:00:00+00:00,-35.836944,-71.592777,160.0,open-meteo_ecmwf_ifs,daily,16.487,10.187,2.61,9.978667,5.0705576,80.6146,2.1000001,13.80217256885041,1.3763204569864371
2025-07-31 00:00:00+00:00,-35.836944,-71.592777,160.0,open-meteo_ecmwf_ifs,daily,12.737,10.737,1.27,10.137,7.161197,91.12736,51.6,13.926084732721655,0.8726299104392476
2025-08-01 00:00:00+00:00,-35.836944,-71.592777,160.0,open-meteo_ecmwf_ifs,daily,11.637,9.337001,2.06,8.0807495,6.6059546,87.324,27.3,14.052725978221384,1.0854523770857476
2025-08-02 00:00:00+00:00,-35.836944,-71.592777,160.0,open-meteo_ecmwf_ifs,daily,11.437,5.237,6.77,6.19325,4.7255626,88.3107,32.499996,14.182060050666475,0.974222932363164
2025-08-03 00:00:00+00:00,-35.836944,-71.592777,160.0,open-meteo_ecmwf_ifs,daily,11.737,0.43699998,7.38,3.30575,1.2407061,89.2876,0.1,14.314049491790076,0.8172973865565885
2025-08-04 00:00:00+00:00,-35.836944,-71.592777,160.0,open-meteo_ecmwf_ifs,daily,17.137,0.43699998,13.17,4.28075,1.187369,84.80372,0.0,14.448655636363306,1.1768675060389264
2025-08-05 00:00:00+00:00,-35.836944,-71.592777,160.0,open-meteo_ecmwf_ifs,daily,18.286999,2.937,12.09,5.7745,1.194665,80.11051,0.0,14.585838610562854,1.256221939206602
2025-08-06 00:00:00+00:00,-35.836944,-71.592777,160.0,open-meteo_ecmwf_ifs,daily,19.437,8.937,11.9,9.228665,2.5097697,83.3612,1.0,14.725557332128327,1.723497695154084
2025-08-07 00:00:00+00:00,-35.836944,-71.592777,160.0,open-meteo_ecmwf_ifs,daily,16.237,3.437,12.96,5.9765835,1.8359765,84.27769,0.0,14.86776951234833,1.3192739849104835
2025-08-08 00:00:00+00:00,-35.836944,-71.592777,160.0,open-meteo_ecmwf_ifs,daily,16.487,1.137,13.35,3.7536666,0.49297997,78.84163,0.0,15.012431659908554,1.1229886589958211
2025-08-09 00:00:00+00:00,-35.836944,-71.592777,160.0,open-meteo_ecmwf_ifs,daily,13.387,4.737,5.95,5.9599156,2.5161326,83.02587,0.70000005,15.159499086629802,1.055233356616366
2025-08-10 00:00:00+00:00,-35.836944,-71.592777,160.0,open-meteo_ecmwf_ifs,daily,14.987,3.537,11.27,5.872416,0.87076336,84.28059,0.0,15.308925915118435,1.123903551818121
2025-08-11 00:00:00+00:00,-35.836944,-71.592777,160.0,open-meteo_ecmwf_ifs,daily,19.487,3.637,11.46,5.7640834,1.2254131,73.70779,0.0,15.46066508834616,1.4136074726754975
2025-08-12 00:00:00+00:00,-35.836944,-71.592777,160.0,open-meteo_ecmwf_ifs,daily,16.387,8.687,6.0,10.384917,2.2383807,90.23352,0.0,15.614668381170647,1.0438827686854324
2025-08-13 00:00:00+00:00,-35.836944,-71.592777,160.0,open-meteo_ecmwf_ifs,daily,17.987,4.437,13.89,7.832833,2.294843,84.49125,0.0,15.770886413803119,1.513992700766037
2025-08-14 00:00:00+00:00,-35.836944,-71.592777,160.0,open-meteo_ecmwf_ifs,daily,19.687,5.187,13.38,7.520333,0.8466863,85.64493,0.0,15.929268667223642,1.462003024434507
2025-08-15 00:00:00+00:00,-35.836944,-71.592777,160.0,open-meteo_ecmwf_ifs,daily,15.987,8.337001,5.39,9.916165,3.2966416,88.05463,1.8000001,16.08976350053918,1.0969194831705782
2025-08-16 00:00:00+00:00,-35.836944,-71.592777,160.0,open-meteo_ecmwf_ifs,daily,17.987,9.737,14.56,8.632833,2.4399064,76.22952,3.8,16.25231817027478,1.9800513225133864
2025-08-17 00:00:00+00:00,-35.836944,-71.592777,160.0,open-meteo_ecmwf_ifs,daily,18.786999,8.237,12.02,8.457832,1.3791121,79.07925,0.0,16.416878851582346,1.6173922878074722
2025-08-18 00:00:00+00:00,-35.836944,-71.592777,160.0,open-meteo_ecmwf_ifs,daily,15.037001,4.837,8.15,7.6224174,1.3156661,89.58422,4.6,16.583390661346712,1.0661013328711881
2025-08-19 00:00:00+00:00,-35.836944,-71.592777,160.0,open-meteo_ecmwf_ifs,daily,16.487,6.337,8.49,8.222417,2.090601,85.805275,5.2999997,16.751797683163634,1.297265438267936
2025-08-20 00:00:00+00:00,-35.836944,-71.592777,160.0,open-meteo_ecmwf_ifs,daily,17.687,6.987,15.62,7.9390826,1.829987,80.06857,2.9999998,16.922042994158836,1.816781478639958
2025-08-21 00:00:00+00:00,-35.836944,-71.592777,160.0,open-meteo_ecmwf_ifs,daily,11.637,6.887,3.59,8.012,4.455334,90.079445,27.4,17.094068693613192,0.7666211682223387
2025-08-22 00:00:00+00:00,-35.836944,-71.592777,160.0,open-meteo_ecmwf_ifs,daily,8.587001,2.937,9.14,4.4599166,3.5172422,90.99755,17.000002,17.267815933353358,0.8906810475106614
2025-08-23 00:00:00+00:00,-35.836944,-71.592777,160.0,open-meteo_ecmwf_ifs,daily,13.287001,-2.763,16.32,0.3390833,2.0765173,77.62084,1.5,17.443224949863264,1.5218939114935373
2025-08-24 00:00:00+00:00,-35.836944,-71.592777,160.0,open-meteo_ecmwf_ifs,daily,16.187,1.237,14.58,1.5620002,2.8218367,67.2283,0.0,17.620235098066914,2.002143239926128
2025-08-25 00:00:00+00:00,-35.836944,-71.592777,160.0,open-meteo_ecmwf_ifs,daily,20.337,5.137,17.07,6.9307494,3.6664603,76.01185,0.0,17.798784886728537,2.4251018933879904
2025-08-26 00:00:00+00:00,-35.836944,-71.592777,160.0,open-meteo_ecmwf_ifs,daily,18.687,0.237,17.3,5.884917,1.4143271,84.248505,0.0,17.978812015411947,1.716257044620448
2025-08-27 00:00:00+00:00,-35.836944,-71.592777,160.0,open-meteo_ecmwf_ifs,daily,18.737,5.437,15.51,8.047418,1.0426985,87.48884,0.0,18.160253412936882,1.7791674582827026
2025-08-28 00:00:00+00:00,-35.836944,-71.592777,160.0,open-meteo_ecmwf_ifs,daily,14.887,7.087,8.88,8.745334,0.9583381,89.50706,0.4,18.343045277265734,1.2079400615714342
2025-08-29 00:00:00+00:00,-35.836944,-71.592777,160.0,open-meteo_ecmwf_ifs,daily,15.287001,8.487,8.43,8.597416,1.074732,84.76991,0.8,18.527123116750868,1.2942060517785126
2025-08-30 00:00:00+00:00,-35.836944,-71.592777,160.0,open-meteo_ecmwf_ifs,daily,16.887,9.487,10.61,8.839084,1.2706562,79.855484,1.1,18.712421792668362,1.606363777656636
2025-08-31 00:00:00+00:00,-35.836944,-71.592777,160.0,open-meteo_ecmwf_ifs,daily,13.537001,10.387,3.91,10.526583,0.9551837,92.50913,7.2000003,18.89887556296114,0.8484651761042227
2025-09-01 00:00:00+00:00,-35.836944,-71.592777,160.0,open-meteo_ecmwf_ifs,daily,17.387,6.687,13.49,8.518249,1.5450519,86.0354,0.4,19.08641812711091,1.7372483269889998
2025-09-02 00:00:00+00:00,-35.836944,-71.592777,160.0,open-meteo_ecmwf_ifs,daily,11.837001,5.487,3.97,7.589083,1.5512234,93.31423,3.2999997,19.274982672055003,0.7595918816605486
2025-09-03 00:00:00+00:00,-35.836944,-71.592777,160.0,open-meteo_ecmwf_ifs,daily,16.036999,2.037,19.03,2.6495001,3.3920057,72.57365,0.1,19.46450191906196,2.361126770349026
2025-09-04 00:00:00+00:00,-35.836944,-71.592777,160.0,open-meteo_ecmwf_ifs,daily,15.537001,-1.513,19.07,2.35575,1.9042252,77.56455,0.0,19.65490817147627,1.89209615173766
2025-09-05 00:00:00+00:00,-35.836944,-71.592777,160.0,open-meteo_ecmwf_ifs,daily,18.637,1.837,18.58,4.2953334,0.7775564,71.4622,0.0,19.846133363240856,2.0163107075363014
2025-09-06 00:00:00+00:00,-35.836944,-71.592777,160.0,open-meteo_ecmwf_ifs,daily,14.787001,5.837,10.72,7.278666,1.9097338,86.41546,0.3,20.038109108103324,1.4938915646995579
2025-09-07 00:00:00+00:00,-35.836944,-71.592777,160.0,open-meteo_ecmwf_ifs,daily,13.937,8.037001,7.91,6.1515827,2.0309331,76.66441,0.0,20.230766749409973,1.5582478555482706
2025-09-08 00:00:00+00:00,-35.836944,-71.592777,160.0,open-meteo_ecmwf_ifs,daily,16.587,6.487,15.79,6.7745,2.8650427,76.53266,1.1,20.42403741039023,2.1970754626991917
2025-09-09 00:00:00+00:00,-35.836944,-71.592777,160.0,open-meteo_ecmwf_ifs,daily,20.237,6.037,19.0,6.9640827,2.9234812,72.077934,0.2,20.617852044831974,2.7284765031438174
2025-09-10 00:00:00+00:00,-35.836944,-71.592777,160.0,open-meteo_ecmwf_ifs,daily,19.387,9.037001,19.31,9.064084,2.7998018,77.617226,8.3,20.812141488047793,2.7232152461527703
2025-09-11 00:00:00+00:00,-35.836944,-71.592777,160.0,open-meteo_ecmwf_ifs,daily,19.387,1.637,20.1,4.9765835,1.3446752,74.470604,0.0,21.006836508030535,2.316938793267845
2025-09-12 00:00:00+00:00,-35.836944,-71.592777,160.0,open-meteo_ecmwf_ifs,daily,19.036999,3.537,18.41,6.047416,1.0625674,74.459145,0.0,21.201867856696047,2.2206636762499232
2025-09-13 00:00:00+00:00,-35.836944,-71.592777,160.0,open-meteo_ecmwf_ifs,daily,16.536999,6.937,14.98,6.864083,2.7922604,78.21361,14.0,21.397166321110888,2.2217912407517253
2025-09-14 00:00:00+00:00,-35.836944,-71.592777,160.0,open-meteo_ecmwf_ifs,daily,17.587,6.387,16.51,4.9682503,2.4028103,65.94244,0.0,21.592662774601905,2.5314747405272686
2025-09-15 00:00:00+00:00,-35.836944,-71.592777,160.0,open-meteo_ecmwf_ifs,daily,20.187,3.637,20.77,6.301583,2.3908408,76.00607,0.0,21.788288227645342,2.6823694558189013
2025-09-16 00:00:00+00:00,-35.836944,-71.592777,160.0,open-meteo_ecmwf_ifs,daily,21.837,5.987,20.17,7.626583,2.6072645,72.61754,0.0,21.983973878433254,2.9439221032459124
2025-09-17 00:00:00+00:00,-35.836944,-71.592777,160.0,open-meteo_ecmwf_ifs,daily,18.737,7.937,15.1,9.128667,3.1456354,81.28915,0.0,22.179651163015407,2.3338689490326057
2025-09-18 00:00:00+00:00,-35.836944,-71.592777,160.0,open-meteo_ecmwf_ifs,daily,18.337,7.587,18.48,8.13075,0.93172574,80.87374,0.0,22.375251804916545,2.4060510123947676
2025-09-19 00:00:00+00:00,-35.836944,-71.592777,160.0,open-meteo_ecmwf_ifs,daily,19.237,8.487,16.18,9.024499,1.5745955,77.51567,0.0,22.570707864129012,2.3785888211370554
2025-09-20 00:00:00+00:00,-35.836944,-71.592777,160.0,open-meteo_ecmwf_ifs,daily,14.437,9.737,10.65,9.216168,5.171356,85.276115,27.499998,22.765951785383514,1.804182688931224
2025-09-21 00:00:00+00:00,-35.836944,-71.592777,160.0,open-meteo_ecmwf_ifs,daily,12.587001,6.537,10.94,7.532833,3.4311473,88.04215,39.699997,22.96091644560152,1.4662093678906685
2025-09-22 00:00:00+00:00,-35.836944,-71.592777,160.0,open-meteo_ecmwf_ifs,daily,17.887,2.137,21.37,5.5245,2.286831,80.234924,0.1,23.155535200435406,2.526517842604621
2025-09-23 00:00:00+00:00,-35.836944,-71.592777,160.0,open-meteo_ecmwf_ifs,daily,18.987,3.437,21.75,6.0036664,1.35385,76.79949,0.8,23.349741929804907,2.663577235050854
2025-09-24 00:00:00+00:00,-35.836944,-71.592777,160.0,open-meteo_ecmwf_ifs,daily,22.987,4.887,21.86,8.016166,1.0722247,77.26796,0.0,23.54347108234053,2.9181214705346985
2025-09-25 00:00:00+00:00,-35.836944,-71.592777,160.0,open-meteo_ecmwf_ifs,daily,22.036999,9.037001,22.12,8.866167,2.3023634,71.069336,0.0,23.736657718648118,3.3769379299156865
2025-09-26 00:00:00+00:00,-35.836944,-71.592777,160.0,open-meteo_ecmwf_ifs,daily,13.337001,10.087001,7.38,8.041167,2.6227748,81.40704,20.500002,23.9292375533114,1.5834183159209856
2025-09-27 00:00:00+00:00,-35.836944,-71.592777,160.0,open-meteo_ecmwf_ifs,daily,19.286999,3.337,22.95,4.96825,1.9004396,71.81891,0.0,24.12114699555297,2.9508253146506114
2025-09-28 00:00:00+00:00,-35.836944,-71.592777,160.0,open-meteo_ecmwf_ifs,daily,18.536999,5.887,16.32,7.1057506,2.7757652,73.68464,0.0,24.312323188477965,2.5232657538984284
2025-09-29 00:00:00+00:00,-35.836944,-71.592777,160.0,open-meteo_ecmwf_ifs,daily,18.087,9.237,20.84,8.8995,3.246731,78.670296,1.1,24.50270404682809,3.011526003495744
2025-09-30 00:00:00+00:00,-35.836944,-71.592777,160.0,open-meteo_ecmwf_ifs,daily,21.687,3.087,24.09,5.522417,3.669008,68.45346,0.0,24.692228293178324,3.454301379584141
