date,lat,lon,z,source,granularity,Tmax,Tmin,Rs,Tdwp,Wspeed2M,RHmean,Precip_mm,Rso,Eto
2017-01-01 00:00:00+00:00,-35.576666,-71.678888,119.0,open-meteo_ecmwf_ifs,daily,29.3675,14.8175,33.2,9.68625,4.378551,51.314487,0.0,33.309085940341646,7.265807630152266
2017-01-02 00:00:00+00:00,-35.576666,-71.678888,119.0,open-meteo_ecmwf_ifs,daily,29.7175,13.9675,33.56,7.31125,4.1273627,42.801388,0.0,33.27889640191825,7.418541660889005
2017-01-03 00:00:00+00:00,-35.576666,-71.678888,119.0,open-meteo_ecmwf_ifs,daily,27.0175,13.9675,33.25,8.6675,4.739248,51.775528,0.0,33.24591736902198,6.971806765504947
2017-01-04 00:00:00+00:00,-35.576666,-71.678888,119.0,open-meteo_ecmwf_ifs,daily,26.0175,12.7675,33.55,3.81125,6.6617336,39.07197,0.0,33.21015028463107,7.851769142441179
2017-01-05 00:00:00+00:00,-35.576666,-71.678888,119.0,open-meteo_ecmwf_ifs,daily,31.7675,12.1675,34.18,4.246667,5.2177258,38.113518,0.0,33.171596881914056,8.293362821169081
2017-01-06 00:00:00+00:00,-35.576666,-71.678888,119.0,open-meteo_ecmwf_ifs,daily,31.9675,14.3175,33.22,5.5904164,2.6091843,35.01559,0.0,33.13025919454076,7.081713128602763
2017-01-07 00:00:00+00:00,-35.576666,-71.678888,119.0,open-meteo_ecmwf_ifs,daily,31.3675,14.867499,32.77,7.87375,3.0819397,41.256313,0.0,33.08613956776759,7.153802921434526
2017-01-08 00:00:00+00:00,-35.576666,-71.678888,119.0,open-meteo_ecmwf_ifs,daily,30.8675,16.7675,31.36,10.771665,3.5519369,49.761723,0.0,33.03924067031084,7.138127401663104
2017-01-09 00:00:00+00:00,-35.576666,-71.678888,119.0,open-meteo_ecmwf_ifs,daily,26.567501,17.0175,22.44,12.200832,2.5332625,59.827145,3.2000003,32.989565507020814,4.999552070392525
2017-01-10 00:00:00+00:00,-35.576666,-71.678888,119.0,open-meteo_ecmwf_ifs,daily,29.167501,14.367499,33.33,5.4112506,3.9726784,38.33516,0.0,32.937117432366975,7.472059465204699
2017-01-11 00:00:00+00:00,-35.576666,-71.678888,119.0,open-meteo_ecmwf_ifs,daily,32.567497,14.0675,33.38,3.859167,4.2929196,33.983498,0.0,32.88190016474234,8.205695617635408
2017-01-12 00:00:00+00:00,-35.576666,-71.678888,119.0,open-meteo_ecmwf_ifs,daily,34.517498,18.4675,30.84,7.627916,5.8184032,31.886803,0.0,32.82391780159229,9.431277323844858
2017-01-13 00:00:00+00:00,-35.576666,-71.678888,119.0,open-meteo_ecmwf_ifs,daily,32.9175,18.067501,32.54,9.929999,4.9861803,45.76137,0.0,32.763174835370144,8.526296595842393
2017-01-14 00:00:00+00:00,-35.576666,-71.678888,119.0,open-meteo_ecmwf_ifs,daily,30.817501,15.4675,33.08,4.9862494,4.1844254,33.56954,0.0,32.69967617031844,7.964463083155155
2017-01-15 00:00:00+00:00,-35.576666,-71.678888,119.0,open-meteo_ecmwf_ifs,daily,30.4675,15.0175,32.68,8.648749,2.640451,44.171417,0.0,32.633427140070864,6.752745081189848
2017-01-16 00:00:00+00:00,-35.576666,-71.678888,119.0,open-meteo_ecmwf_ifs,daily,32.817497,16.5175,32.7,7.7549996,3.1954086,38.95283,0.0,32.56443352606643,7.555744816743347
2017-01-17 00:00:00+00:00,-35.576666,-71.678888,119.0,open-meteo_ecmwf_ifs,daily,32.1675,18.567501,32.2,11.121667,6.453056,45.5957,0.0,32.492701576762755,8.851477057526393
2017-01-18 00:00:00+00:00,-35.576666,-71.678888,119.0,open-meteo_ecmwf_ifs,daily,33.4675,15.0175,32.83,4.5174994,4.470739,30.250181,0.0,32.418238027631375,8.430521786434472
2017-01-19 00:00:00+00:00,-35.576666,-71.678888,119.0,open-meteo_ecmwf_ifs,daily,34.567497,16.9675,32.71,6.7404175,4.3811216,32.45016,0.0,32.341050121913234,8.618842051550164
2017-01-20 00:00:00+00:00,-35.576666,-71.678888,119.0,open-meteo_ecmwf_ifs,daily,35.9175,18.7675,32.43,9.392501,5.6945286,37.19038,0.0,32.26114563210792,9.568310227344885
2017-01-21 00:00:00+00:00,-35.576666,-71.678888,119.0,open-meteo_ecmwf_ifs,daily,35.267498,18.567501,32.02,7.4300003,6.555281,32.005215,0.0,32.17853288216571,10.086332378132466
2017-01-22 00:00:00+00:00,-35.576666,-71.678888,119.0,open-meteo_ecmwf_ifs,daily,32.267498,16.9675,32.09,9.450831,3.481497,40.752655,0.0,32.093220770346235,7.469705813226666
2017-01-23 00:00:00+00:00,-35.576666,-71.678888,119.0,open-meteo_ecmwf_ifs,daily,32.6675,17.567501,31.86,8.111249,3.7984476,35.60721,0.0,32.00521879270314,7.860115715820867
2017-01-24 00:00:00+00:00,-35.576666,-71.678888,119.0,open-meteo_ecmwf_ifs,daily,32.1675,18.2175,31.44,8.702916,6.40592,36.288307,0.0,31.914537067149286,9.0655074022852
2017-01-25 00:00:00+00:00,-35.576666,-71.678888,119.0,open-meteo_ecmwf_ifs,daily,36.6675,18.2175,31.37,10.3237505,6.774599,39.637703,0.0,31.821186358052138,9.88108016058207
2017-01-26 00:00:00+00:00,-35.576666,-71.678888,119.0,open-meteo_ecmwf_ifs,daily,38.9675,21.667501,31.68,11.757083,5.578234,36.525204,0.0,31.725178101304447,10.150942401987091
2017-01-27 00:00:00+00:00,-35.576666,-71.678888,119.0,open-meteo_ecmwf_ifs,daily,33.517498,17.4675,30.67,15.738334,1.901591,61.234035,0.0,31.626524429810903,6.26965485955767
2017-01-28 00:00:00+00:00,-35.576666,-71.678888,119.0,open-meteo_ecmwf_ifs,daily,33.4675,18.667501,31.18,14.305,1.6221098,52.16713,0.0,31.52523819932702,6.365106946802945
2017-01-29 00:00:00+00:00,-35.576666,-71.678888,119.0,open-meteo_ecmwf_ifs,daily,32.9175,18.417501,30.76,10.682082,1.9856123,41.043495,0.0,31.421333014582206,6.5512434490017935
2017-01-30 00:00:00+00:00,-35.576666,-71.678888,119.0,open-meteo_ecmwf_ifs,daily,31.2175,18.7175,30.6,6.8800006,4.15171,31.975357,0.0,31.314823255615398,7.945855743604736
2017-01-31 00:00:00+00:00,-35.576666,-71.678888,119.0,open-meteo_ecmwf_ifs,daily,30.2675,15.3175,30.86,7.192499,4.4077315,38.479095,0.0,31.20572410424755,7.425876859637235
2017-02-01 00:00:00+00:00,-35.576666,-71.678888,119.0,open-meteo_ecmwf_ifs,daily,31.2175,14.9175,31.05,7.2841663,2.767849,39.52022,0.0,31.094051570612248,6.671797940825823
2017-02-02 00:00:00+00:00,-35.576666,-71.678888,119.0,open-meteo_ecmwf_ifs,daily,29.2675,15.9175,29.14,7.2133336,1.7439746,40.445187,0.0,30.979822519662267,5.760622050981992
2017-02-03 00:00:00+00:00,-35.576666,-71.678888,119.0,open-meteo_ecmwf_ifs,daily,24.917501,12.867499,22.41,8.28,1.7357796,54.210728,0.0,30.863054697567428,4.337683293657593
2017-02-04 00:00:00+00:00,-35.576666,-71.678888,119.0,open-meteo_ecmwf_ifs,daily,24.167501,16.5175,21.37,12.202916,1.8215457,63.532867,9.5,30.7437667579164,4.231508130954628
2017-02-05 00:00:00+00:00,-35.576666,-71.678888,119.0,open-meteo_ecmwf_ifs,daily,30.3675,14.5675,30.48,9.050832,2.9371803,50.549877,0.0,30.621978287633087,6.403722812908833
2017-02-06 00:00:00+00:00,-35.576666,-71.678888,119.0,open-meteo_ecmwf_ifs,daily,30.667501,15.0675,30.45,7.3029156,3.6784065,40.62602,0.0,30.49770983251678,6.994754166594708
2017-02-07 00:00:00+00:00,-35.576666,-71.678888,119.0,open-meteo_ecmwf_ifs,daily,31.2675,14.867499,29.46,9.484166,2.7851982,46.55124,0.0,30.37098292231346,6.30668453154647
2017-02-08 00:00:00+00:00,-35.576666,-71.678888,119.0,open-meteo_ecmwf_ifs,daily,27.1175,13.4675,28.27,8.07375,2.014977,51.592907,0.0,30.24182009522503,5.323898352066475
2017-02-09 00:00:00+00:00,-35.576666,-71.678888,119.0,open-meteo_ecmwf_ifs,daily,28.067501,15.5175,28.71,7.386249,4.1824355,43.704884,0.0,30.11024492176264,6.719777376018308
2017-02-10 00:00:00+00:00,-35.576666,-71.678888,119.0,open-meteo_ecmwf_ifs,daily,31.067501,14.8175,29.1,7.33,3.311404,40.246456,0.0,29.976282027850047,6.643558889784712
2017-02-11 00:00:00+00:00,-35.576666,-71.678888,119.0,open-meteo_ecmwf_ifs,daily,31.4675,16.1175,28.85,8.971665,2.3419032,43.32805,0.0,29.839957117083305,6.140540935478814
2017-02-12 00:00:00+00:00,-35.576666,-71.678888,119.0,open-meteo_ecmwf_ifs,daily,33.067497,16.417501,29.21,8.846666,3.7722104,41.64103,0.0,29.701296992053567,7.215452980255993
2017-02-13 00:00:00+00:00,-35.576666,-71.678888,119.0,open-meteo_ecmwf_ifs,daily,32.2175,16.7675,28.59,9.873749,3.114133,42.994476,0.0,29.56032957464113,6.623230641074187
2017-02-14 00:00:00+00:00,-35.576666,-71.678888,119.0,open-meteo_ecmwf_ifs,daily,30.4675,15.5675,28.01,11.915416,2.2537804,54.92288,0.0,29.417083925189928,5.644620918161338
2017-02-15 00:00:00+00:00,-35.576666,-71.678888,119.0,open-meteo_ecmwf_ifs,daily,29.417501,15.7675,28.11,12.227914,2.442847,57.200974,0.0,29.271590260473825,5.611030879010978
2017-02-16 00:00:00+00:00,-35.576666,-71.678888,119.0,open-meteo_ecmwf_ifs,daily,27.9675,13.1675,25.66,10.750833,2.5707169,59.746372,0.0,29.123879970368154,5.044454357433748
2017-02-17 00:00:00+00:00,-35.576666,-71.678888,119.0,open-meteo_ecmwf_ifs,daily,24.5175,14.9675,18.38,10.546666,3.597287,59.30391,0.3,28.97398563314238,4.4264563731866
2017-02-18 00:00:00+00:00,-35.576666,-71.678888,119.0,open-meteo_ecmwf_ifs,daily,26.567501,11.9175,27.97,6.150833,2.2702043,48.00694,0.0,28.82194102929299,5.203836248894656
2017-02-19 00:00:00+00:00,-35.576666,-71.678888,119.0,open-meteo_ecmwf_ifs,daily,30.2675,14.4675,27.68,10.211249,3.885683,52.797794,0.0,28.667781153838693,6.226909212599202
2017-02-20 00:00:00+00:00,-35.576666,-71.678888,119.0,open-meteo_ecmwf_ifs,daily,33.317497,17.1175,27.34,14.486249,4.758966,57.549953,0.0,28.511542227003805,6.787987660707639
2017-02-21 00:00:00+00:00,-35.576666,-71.678888,119.0,open-meteo_ecmwf_ifs,daily,35.767498,19.317501,27.12,14.946667,5.526983,54.555096,0.0,28.353261703219577,7.836637162318493
2017-02-22 00:00:00+00:00,-35.576666,-71.678888,119.0,open-meteo_ecmwf_ifs,daily,35.317497,20.067501,26.33,15.034165,5.4211063,50.605927,0.0,28.19297827837718,7.734646928227466
2017-02-23 00:00:00+00:00,-35.576666,-71.678888,119.0,open-meteo_ecmwf_ifs,daily,32.6175,20.5175,21.08,17.515417,2.9754875,61.20544,0.0,28.030731895270996,5.281820468779376
2017-02-24 00:00:00+00:00,-35.576666,-71.678888,119.0,open-meteo_ecmwf_ifs,daily,33.567497,21.1175,21.66,17.309166,2.266493,58.871136,0.0,27.866563747175086,5.2287782235217986
2017-02-25 00:00:00+00:00,-35.576666,-71.678888,119.0,open-meteo_ecmwf_ifs,daily,33.767498,21.1175,23.16,15.892501,2.3033562,54.15183,0.0,27.70051627950107,5.567393435778796
2017-02-26 00:00:00+00:00,-35.576666,-71.678888,119.0,open-meteo_ecmwf_ifs,daily,32.1675,21.0175,21.31,16.150831,1.6264261,56.908844,0.1,27.532633189490426,4.768188816819508
2017-02-27 00:00:00+00:00,-35.576666,-71.678888,119.0,open-meteo_ecmwf_ifs,daily,30.667501,20.2175,20.88,15.734168,2.3099778,57.936954,0.0,27.36295942390016,4.869536236124568
2017-02-28 00:00:00+00:00,-35.576666,-71.678888,119.0,open-meteo_ecmwf_ifs,daily,29.917501,17.7675,24.34,14.08833,2.618552,58.435078,0.0,27.19154117464558,5.214837986889853
2017-03-01 00:00:00+00:00,-35.576666,-71.678888,119.0,open-meteo_ecmwf_ifs,daily,28.0175,18.0175,17.26,13.438332,2.2121942,60.548004,1.2,27.018425872370212,4.102888494023955
2017-03-02 00:00:00+00:00,-35.576666,-71.678888,119.0,open-meteo_ecmwf_ifs,daily,26.567501,14.7675,22.91,9.854999,3.4719174,54.97822,0.4,26.843662177918468,5.056984384928777
2017-03-03 00:00:00+00:00,-35.576666,-71.678888,119.0,open-meteo_ecmwf_ifs,daily,26.9675,13.2675,25.9,6.3362503,4.189197,43.35562,0.0,26.667299971692508,5.857209857873002
2017-03-04 00:00:00+00:00,-35.576666,-71.678888,119.0,open-meteo_ecmwf_ifs,daily,26.817501,13.367499,25.71,5.3091674,4.2759686,42.45498,0.0,26.489390340880778,5.97205921830997
2017-03-05 00:00:00+00:00,-35.576666,-71.678888,119.0,open-meteo_ecmwf_ifs,daily,28.567501,12.1675,25.99,3.7112505,5.0248837,39.473034,0.0,26.309985564551923,6.560835506571642
2017-03-06 00:00:00+00:00,-35.576666,-71.678888,119.0,open-meteo_ecmwf_ifs,daily,29.8675,13.1675,25.75,5.042501,4.043655,41.855453,0.0,26.129139096613578,6.24289402606226
2017-03-07 00:00:00+00:00,-35.576666,-71.678888,119.0,open-meteo_ecmwf_ifs,daily,31.317501,13.5175,23.96,4.107084,2.3837335,36.936363,0.0,25.94690554664178,5.302495340082528
2017-03-08 00:00:00+00:00,-35.576666,-71.678888,119.0,open-meteo_ecmwf_ifs,daily,21.7175,12.0675,9.01,2.9799998,1.308663,40.790134,0.2,25.76334065859289,2.5409907982355504
2017-03-09 00:00:00+00:00,-35.576666,-71.678888,119.0,open-meteo_ecmwf_ifs,daily,22.6175,12.3175,15.52,7.8841653,2.0935135,56.197224,0.2,25.578501287415808,3.2893313756668547
2017-03-10 00:00:00+00:00,-35.576666,-71.678888,119.0,open-meteo_ecmwf_ifs,daily,24.4675,11.3175,24.99,5.9383335,4.8383017,50.91382,0.0,25.392445373588373,5.3128663258325854
2017-03-11 00:00:00+00:00,-35.576666,-71.678888,119.0,open-meteo_ecmwf_ifs,daily,23.9675,11.7675,24.09,6.615416,4.84985,52.798084,0.0,25.205231915607783,5.130428846313894
2017-03-12 00:00:00+00:00,-35.576666,-71.678888,119.0,open-meteo_ecmwf_ifs,daily,28.9675,12.117499,25.0,3.4320838,7.0691514,37.5153,0.0,25.016920940470605,7.32000428478049
2017-03-13 00:00:00+00:00,-35.576666,-71.678888,119.0,open-meteo_ecmwf_ifs,daily,28.8675,12.5175,23.72,9.052917,3.1585758,53.39288,0.0,24.827573472183776,4.953956432308881
2017-03-14 00:00:00+00:00,-35.576666,-71.678888,119.0,open-meteo_ecmwf_ifs,daily,25.1175,15.117499,16.08,9.896667,2.5771353,53.38936,0.0,24.6372514983535,3.7937531214232747
2017-03-15 00:00:00+00:00,-35.576666,-71.678888,119.0,open-meteo_ecmwf_ifs,daily,27.6175,14.617499,23.4,9.402915,4.3340697,55.73521,0.0,24.446017934904575,5.432815540579273
2017-03-16 00:00:00+00:00,-35.576666,-71.678888,119.0,open-meteo_ecmwf_ifs,daily,29.667501,12.3175,23.13,7.0175,2.2097855,46.74472,0.0,24.253936588987592,4.591151955856084
2017-03-17 00:00:00+00:00,-35.576666,-71.678888,119.0,open-meteo_ecmwf_ifs,daily,29.4675,12.5175,22.58,6.8862495,1.8666238,47.002853,0.0,24.06107212013698,4.3262222753050885
2017-03-18 00:00:00+00:00,-35.576666,-71.678888,119.0,open-meteo_ecmwf_ifs,daily,29.4675,13.3175,22.68,9.102916,1.7748455,49.59467,0.0,23.867489999747544,4.2375519664368335
2017-03-19 00:00:00+00:00,-35.576666,-71.678888,119.0,open-meteo_ecmwf_ifs,daily,28.6175,14.7675,22.09,10.654999,3.3158925,53.97122,0.0,23.673256468941727,4.852168967612239
2017-03-20 00:00:00+00:00,-35.576666,-71.678888,119.0,open-meteo_ecmwf_ifs,daily,28.7675,13.1675,22.27,8.619581,3.859642,48.8355,0.0,23.47843849490461,5.1309148381267065
2017-03-21 00:00:00+00:00,-35.576666,-71.678888,119.0,open-meteo_ecmwf_ifs,daily,29.3675,14.617499,21.72,9.9175,2.427181,49.812496,0.0,23.283103725767546,4.501035577998983
2017-03-22 00:00:00+00:00,-35.576666,-71.678888,119.0,open-meteo_ecmwf_ifs,daily,29.7675,14.0675,21.43,12.113334,1.3372205,57.348736,0.0,23.087320444125538,3.7841095519395904
2017-03-23 00:00:00+00:00,-35.576666,-71.678888,119.0,open-meteo_ecmwf_ifs,daily,28.917501,13.7175,21.01,13.105,1.9018264,65.271255,0.0,22.891157519277098,3.82738195822886
2017-03-24 00:00:00+00:00,-35.576666,-71.678888,119.0,open-meteo_ecmwf_ifs,daily,26.1175,14.4675,16.52,11.644582,3.3152974,66.69448,0.0,22.69468435827871,3.8239891579193426
2017-03-25 00:00:00+00:00,-35.576666,-71.678888,119.0,open-meteo_ecmwf_ifs,daily,23.1175,15.117499,13.93,10.109167,2.6602988,59.16328,0.0,22.49797085590935,3.2924467108487514
2017-03-26 00:00:00+00:00,-35.576666,-71.678888,119.0,open-meteo_ecmwf_ifs,daily,24.2175,12.8175,16.49,10.490417,1.7271672,63.304447,0.0,22.301087343643164,3.017632465294521
2017-03-27 00:00:00+00:00,-35.576666,-71.678888,119.0,open-meteo_ecmwf_ifs,daily,24.5175,15.2175,14.45,10.715416,1.9716797,60.824173,0.0,22.1041045377313,3.113887565419145
2017-03-28 00:00:00+00:00,-35.576666,-71.678888,119.0,open-meteo_ecmwf_ifs,daily,25.8675,11.7675,20.45,8.019584,1.9887772,52.99736,0.0,21.907093486495786,3.6284441291185536
2017-03-29 00:00:00+00:00,-35.576666,-71.678888,119.0,open-meteo_ecmwf_ifs,daily,24.4675,11.2675,19.2,6.6820836,2.0196297,51.28516,0.2,21.710125516940877,3.4576089506175274
2017-03-30 00:00:00+00:00,-35.576666,-71.678888,119.0,open-meteo_ecmwf_ifs,daily,24.067501,12.0175,20.1,9.240416,2.6259117,61.397655,0.0,21.51327218078823,3.5823052187868227
2017-03-31 00:00:00+00:00,-35.576666,-71.678888,119.0,open-meteo_ecmwf_ifs,daily,24.8675,12.0675,19.98,8.79875,2.0301728,58.290424,0.0,21.316605200044542,3.4514778437743883
2017-04-01 00:00:00+00:00,-35.576666,-71.678888,119.0,open-meteo_ecmwf_ifs,daily,22.667501,11.4675,17.14,7.5175,2.6830256,55.749325,0.0,21.12019641221057,3.3244090341703796
2017-04-02 00:00:00+00:00,-35.576666,-71.678888,119.0,open-meteo_ecmwf_ifs,daily,23.9675,9.617499,19.72,7.677917,2.020889,62.07297,0.0,20.92411771524169,3.1933642448013844
2017-04-03 00:00:00+00:00,-35.576666,-71.678888,119.0,open-meteo_ecmwf_ifs,daily,24.1175,11.5675,17.55,9.675833,3.9901628,64.53476,0.0,20.72844101237038,3.6275240364866606
2017-04-04 00:00:00+00:00,-35.576666,-71.678888,119.0,open-meteo_ecmwf_ifs,daily,23.067501,11.7175,17.6,7.2904167,3.149,55.48849,0.0,20.533238156901373,3.566798919706022
2017-04-05 00:00:00+00:00,-35.576666,-71.678888,119.0,open-meteo_ecmwf_ifs,daily,24.9675,12.0175,18.05,9.146667,3.5517728,62.788967,0.0,20.3385808970898,3.747888089905993
2017-04-06 00:00:00+00:00,-35.576666,-71.678888,119.0,open-meteo_ecmwf_ifs,daily,24.5175,11.5175,16.93,9.792499,2.6787844,64.564224,0.0,20.1445408212124,3.18580173572182
2017-04-07 00:00:00+00:00,-35.576666,-71.678888,119.0,open-meteo_ecmwf_ifs,daily,17.5175,11.9175,13.63,9.954999,2.5011847,75.72877,19.400002,19.95118930294109,2.2164751452226774
2017-04-08 00:00:00+00:00,-35.576666,-71.678888,119.0,open-meteo_ecmwf_ifs,daily,19.417501,8.5675,18.42,8.619584,1.7480001,75.196526,1.2,19.75859744712707,2.4245101174432637
2017-04-09 00:00:00+00:00,-35.576666,-71.678888,119.0,open-meteo_ecmwf_ifs,daily,21.917501,8.9175,18.52,7.344584,2.9947498,64.301994,0.0,19.56683603610241,3.0660198554655396
2017-04-10 00:00:00+00:00,-35.576666,-71.678888,119.0,open-meteo_ecmwf_ifs,daily,24.817501,10.117499,17.12,9.496667,2.612078,70.04254,0.0,19.375975476604328,3.0339467162042446
2017-04-11 00:00:00+00:00,-35.576666,-71.678888,119.0,open-meteo_ecmwf_ifs,daily,25.3675,11.9175,17.97,11.915416,2.6994324,68.923515,0.0,19.186085747425686,3.0781546194346183
2017-04-12 00:00:00+00:00,-35.576666,-71.678888,119.0,open-meteo_ecmwf_ifs,daily,24.1175,11.9675,17.51,10.984165,2.2838938,71.563225,0.0,18.99723634789291,2.8931042039116566
2017-04-13 00:00:00+00:00,-35.576666,-71.678888,119.0,open-meteo_ecmwf_ifs,daily,22.1175,9.6675,16.6,10.49875,1.6493803,77.16213,0.0,18.809496247270182,2.341169759468527
2017-04-14 00:00:00+00:00,-35.576666,-71.678888,119.0,open-meteo_ecmwf_ifs,daily,21.5175,10.3175,14.87,10.044582,1.347252,72.97588,0.2,18.622933835186203,2.162402468138643
2017-04-15 00:00:00+00:00,-35.576666,-71.678888,119.0,open-meteo_ecmwf_ifs,daily,23.2675,10.2175,16.78,10.586249,2.410372,70.861015,0.0,18.43761687317673,2.62138757890157
2017-04-16 00:00:00+00:00,-35.576666,-71.678888,119.0,open-meteo_ecmwf_ifs,daily,24.417501,11.7175,14.31,10.544583,1.7224728,66.5422,0.0,18.2536124474332,2.4569929974602323
2017-04-17 00:00:00+00:00,-35.576666,-71.678888,119.0,open-meteo_ecmwf_ifs,daily,22.817501,10.867499,15.38,10.450831,1.8188142,72.04124,0.0,18.070986922844185,2.3738194876452052
2017-04-18 00:00:00+00:00,-35.576666,-71.678888,119.0,open-meteo_ecmwf_ifs,daily,24.1175,10.5675,14.54,10.757084,1.9201126,68.95553,0.0,17.889805898412995,2.3815275362849793
2017-04-19 00:00:00+00:00,-35.576666,-71.678888,119.0,open-meteo_ecmwf_ifs,daily,18.917501,13.2675,3.36,12.752917,2.1128361,83.76872,3.9999998,17.71013416413094,1.212926186027037
2017-04-20 00:00:00+00:00,-35.576666,-71.678888,119.0,open-meteo_ecmwf_ifs,daily,16.567501,13.7175,3.21,12.419581,2.9173107,84.06858,4.899999,17.532035659381737,1.1708214153709988
2017-04-21 00:00:00+00:00,-35.576666,-71.678888,119.0,open-meteo_ecmwf_ifs,daily,21.567501,10.2675,15.71,9.834167,3.006611,76.71935,0.0,17.35557343294843,2.5126171641151083
2017-04-22 00:00:00+00:00,-35.576666,-71.678888,119.0,open-meteo_ecmwf_ifs,daily,21.167501,9.1675,16.51,6.417501,4.2170234,59.188457,0.0,17.180809604689966,3.131463013170709
2017-04-23 00:00:00+00:00,-35.576666,-71.678888,119.0,open-meteo_ecmwf_ifs,daily,17.2175,10.2175,10.81,8.192499,2.7736428,72.86688,0.2,17.00780532894982,1.9454096148649254
2017-04-24 00:00:00+00:00,-35.576666,-71.678888,119.0,open-meteo_ecmwf_ifs,daily,15.5675,6.0175004,9.43,6.505001,1.8268489,75.44967,4.4,16.836620759754656,1.4011552429570553
2017-04-25 00:00:00+00:00,-35.576666,-71.678888,119.0,open-meteo_ecmwf_ifs,daily,16.7175,6.9675,13.24,7.7779174,1.8966341,74.67288,3.5999997,16.66731501785606,1.621269912262359
2017-04-26 00:00:00+00:00,-35.576666,-71.678888,119.0,open-meteo_ecmwf_ifs,daily,18.7675,7.8175,15.72,4.8695836,4.414799,62.39772,0.0,16.499946159663512,2.8446084724916747
2017-04-27 00:00:00+00:00,-35.576666,-71.678888,119.0,open-meteo_ecmwf_ifs,daily,22.2175,8.867499,15.06,8.330001,4.446029,68.15308,0.0,16.334571148111646,2.8395233995858717
2017-04-28 00:00:00+00:00,-35.576666,-71.678888,119.0,open-meteo_ecmwf_ifs,daily,22.6175,10.6675,15.04,10.115415,4.120862,72.96164,0.0,16.171245825499675,2.7395850249623783
2017-04-29 00:00:00+00:00,-35.576666,-71.678888,119.0,open-meteo_ecmwf_ifs,daily,21.917501,10.9675,14.98,9.979999,3.8564432,71.267,0.0,16.010024888335618,2.635070948070702
2017-04-30 00:00:00+00:00,-35.576666,-71.678888,119.0,open-meteo_ecmwf_ifs,daily,21.667501,9.117499,14.4,9.4675,1.8793255,73.591225,0.0,15.850961864212444,1.9745170788603585
2017-05-01 00:00:00+00:00,-35.576666,-71.678888,119.0,open-meteo_ecmwf_ifs,daily,18.4675,9.867499,8.8,10.521665,2.5878103,86.09855,0.0,15.69410909073796,1.500308639450475
2017-05-02 00:00:00+00:00,-35.576666,-71.678888,119.0,open-meteo_ecmwf_ifs,daily,16.0175,9.3175,4.32,10.119583,1.981544,87.1433,3.6999998,15.539517696534558,0.9951779264753564
2017-05-03 00:00:00+00:00,-35.576666,-71.678888,119.0,open-meteo_ecmwf_ifs,daily,20.167501,9.1675,14.43,9.132083,3.3490984,77.61695,0.0,15.387237584319347,2.155083455093254
2017-05-04 00:00:00+00:00,-35.576666,-71.678888,119.0,open-meteo_ecmwf_ifs,daily,19.317501,6.6675,12.48,7.2841663,1.9318213,73.30219,0.0,15.23731741606957,1.6749748376825497
2017-05-05 00:00:00+00:00,-35.576666,-71.678888,119.0,open-meteo_ecmwf_ifs,daily,19.917501,7.3175,13.33,10.098748,1.8962477,83.89354,0.0,15.089804600272513,1.5340661658872066
2017-05-06 00:00:00+00:00,-35.576666,-71.678888,119.0,open-meteo_ecmwf_ifs,daily,17.067501,9.7675,7.43,9.177916,4.090947,79.97711,0.0,14.944745281253237,1.6655141069796358
2017-05-07 00:00:00+00:00,-35.576666,-71.678888,119.0,open-meteo_ecmwf_ifs,daily,16.817501,12.7675,6.74,10.786248,4.84464,80.68484,32.399998,14.802184330567776,1.7556258480424667
2017-05-08 00:00:00+00:00,-35.576666,-71.678888,119.0,open-meteo_ecmwf_ifs,daily,18.817501,10.617499,12.94,10.973748,1.9083344,82.60809,4.7999997,14.662165340443707,1.5599405465429133
2017-05-09 00:00:00+00:00,-35.576666,-71.678888,119.0,open-meteo_ecmwf_ifs,daily,19.0175,8.1675,11.86,9.771667,1.6969877,79.21497,0.0,14.524730619244101,1.4118840917859667
2017-05-10 00:00:00+00:00,-35.576666,-71.678888,119.0,open-meteo_ecmwf_ifs,daily,17.9675,9.6675,6.79,10.18625,2.8381345,79.83496,0.1,14.389921188925282,1.3557049586287573
2017-05-11 00:00:00+00:00,-35.576666,-71.678888,119.0,open-meteo_ecmwf_ifs,daily,17.167501,11.367499,5.19,10.150833,5.588051,78.01151,8.7,14.25777678445285,1.7665112392241777
2017-05-12 00:00:00+00:00,-35.576666,-71.678888,119.0,open-meteo_ecmwf_ifs,daily,19.6175,11.3175,11.22,9.357082,3.9905288,70.69697,1.8000001,14.128335855135033,2.206447247851977
2017-05-13 00:00:00+00:00,-35.576666,-71.678888,119.0,open-meteo_ecmwf_ifs,daily,19.167501,10.5175,4.4,11.038333,3.2061307,80.43737,0.1,14.001635567826561,1.3764531367492236
2017-05-14 00:00:00+00:00,-35.576666,-71.678888,119.0,open-meteo_ecmwf_ifs,daily,15.6675,12.617499,4.42,11.704998,3.2116773,86.04279,25.7,13.877711811950917,1.083971486410387
2017-05-15 00:00:00+00:00,-35.576666,-71.678888,119.0,open-meteo_ecmwf_ifs,daily,16.5175,7.1675,11.64,7.6654162,2.8034172,78.21917,0.0,13.75659920628324,1.4398596742670122
2017-05-16 00:00:00+00:00,-35.576666,-71.678888,119.0,open-meteo_ecmwf_ifs,daily,16.2675,4.6175003,10.62,6.252917,2.5085447,76.17977,0.0,13.638331107430961,1.2906915013167832
2017-05-17 00:00:00+00:00,-35.576666,-71.678888,119.0,open-meteo_ecmwf_ifs,daily,11.5675,10.0175,1.33,7.9654164,3.1329544,82.34553,43.8,13.52293961994383,0.9455291792312608
2017-05-18 00:00:00+00:00,-35.576666,-71.678888,119.0,open-meteo_ecmwf_ifs,daily,11.6675,8.367499,5.06,7.692501,1.2857385,85.15516,10.7,13.410455607980365,0.7863444271874924
2017-05-19 00:00:00+00:00,-35.576666,-71.678888,119.0,open-meteo_ecmwf_ifs,daily,13.5675,4.9675,9.92,6.013333,2.2711532,86.859184,0.0,13.300908708452313,1.0591849891139702
2017-05-20 00:00:00+00:00,-35.576666,-71.678888,119.0,open-meteo_ecmwf_ifs,daily,13.5675,1.8175,12.09,3.5279167,2.1063292,78.101494,0.0,13.194327345564675,1.0914155079515575
2017-05-21 00:00:00+00:00,-35.576666,-71.678888,119.0,open-meteo_ecmwf_ifs,daily,13.367499,3.8675,4.88,5.1320834,1.7226604,80.62931,3.0,13.090738746663735,0.8800979474630529
2017-05-22 00:00:00+00:00,-35.576666,-71.678888,119.0,open-meteo_ecmwf_ifs,daily,13.7675,7.1675,8.07,6.3695836,3.9863682,79.39228,0.0,12.990168959301942,1.3705707323565786
2017-05-23 00:00:00+00:00,-35.576666,-71.678888,119.0,open-meteo_ecmwf_ifs,daily,12.5675,2.4675,11.4,3.68,1.9916891,76.883064,0.0,12.892642869424003,0.9999153893023529
2017-05-24 00:00:00+00:00,-35.576666,-71.678888,119.0,open-meteo_ecmwf_ifs,daily,9.867499,1.2175,7.81,3.7841666,1.7206025,85.56415,0.0,12.79818422057518,0.6691645611905043
2017-05-25 00:00:00+00:00,-35.576666,-71.678888,119.0,open-meteo_ecmwf_ifs,daily,14.7175,3.7675,9.08,5.1300006,1.5370053,81.9794,0.70000005,12.706815634029265,0.9679320431844264
2017-05-26 00:00:00+00:00,-35.576666,-71.678888,119.0,open-meteo_ecmwf_ifs,daily,14.0675,4.3175,11.57,5.44875,2.750491,82.90054,0.0,12.61855862973075,1.128910195725975
2017-05-27 00:00:00+00:00,-35.576666,-71.678888,119.0,open-meteo_ecmwf_ifs,daily,13.6675,3.3675,9.44,5.3404164,1.6647485,87.16815,0.0,12.533433647942898,0.8794454282036759
2017-05-28 00:00:00+00:00,-35.576666,-71.678888,119.0,open-meteo_ecmwf_ifs,daily,12.6675,3.6175,8.15,5.5883336,1.2814896,87.92158,0.0,12.45146007149115,0.7562419378565174
2017-05-29 00:00:00+00:00,-35.576666,-71.678888,119.0,open-meteo_ecmwf_ifs,daily,12.3175,3.0674999,8.52,5.025833,1.9623214,90.34906,0.0,12.372656248489434,0.8103146737858383
2017-05-30 00:00:00+00:00,-35.576666,-71.678888,119.0,open-meteo_ecmwf_ifs,daily,11.4175,3.4675,7.43,5.0862503,1.1399273,91.86725,0.1,12.297039515435285,0.6894705092017267
2017-05-31 00:00:00+00:00,-35.576666,-71.678888,119.0,open-meteo_ecmwf_ifs,daily,13.0675,3.5175,9.22,5.2091665,1.9012871,90.658195,0.0,12.224626220558676,0.8587187817665568
2017-06-01 00:00:00+00:00,-35.576666,-71.678888,119.0,open-meteo_ecmwf_ifs,daily,15.867499,5.7675004,8.24,7.6175003,2.6914823,85.116325,0.0,12.1554317473089,1.0343338564359832
2017-06-02 00:00:00+00:00,-35.576666,-71.678888,119.0,open-meteo_ecmwf_ifs,daily,9.3175,4.1675,3.24,4.7862506,1.9024715,87.97581,0.0,12.089470537863436,0.6305389384743616
2017-06-03 00:00:00+00:00,-35.576666,-71.678888,119.0,open-meteo_ecmwf_ifs,daily,14.0175,3.8174999,9.25,4.7654166,1.6110086,81.30299,2.1,12.026756116543403,0.9071557924319104
2017-06-04 00:00:00+00:00,-35.576666,-71.678888,119.0,open-meteo_ecmwf_ifs,daily,13.6675,4.5675,8.92,5.794584,2.8419428,81.84986,1.9000001,11.96730111302065,0.9911283534277043
2017-06-05 00:00:00+00:00,-35.576666,-71.678888,119.0,open-meteo_ecmwf_ifs,daily,11.867499,2.2675,11.27,2.902917,3.5322685,78.68067,0.0,11.911117285203076,1.1005150844712077
2017-06-06 00:00:00+00:00,-35.576666,-71.678888,119.0,open-meteo_ecmwf_ifs,daily,13.7675,0.9675,10.93,3.0695832,2.6603434,82.37836,0.0,11.858215541686578,1.0129661205553773
2017-06-07 00:00:00+00:00,-35.576666,-71.678888,119.0,open-meteo_ecmwf_ifs,daily,8.8175,3.3675,1.22,5.332083,3.020294,92.76861,26.599998,11.808605963664144,0.4547301800445767
2017-06-08 00:00:00+00:00,-35.576666,-71.678888,119.0,open-meteo_ecmwf_ifs,daily,10.4175,1.8175,5.3,3.9591665,2.1714547,88.81295,1.9000001,11.762297826185879,0.656588917339734
2017-06-09 00:00:00+00:00,-35.576666,-71.678888,119.0,open-meteo_ecmwf_ifs,daily,15.3175,5.9675,10.68,5.065417,3.6752217,74.319115,0.0,11.719299618666536,1.4833659876414094
2017-06-10 00:00:00+00:00,-35.576666,-71.678888,119.0,open-meteo_ecmwf_ifs,daily,16.667501,6.6175003,10.12,8.257083,5.002954,85.236755,0.0,11.679619064541582,1.3121875028393508
2017-06-11 00:00:00+00:00,-35.576666,-71.678888,119.0,open-meteo_ecmwf_ifs,daily,13.7175,5.6175003,11.04,4.6862493,4.371718,73.9266,0.0,11.643263139976678,1.437129370403289
2017-06-12 00:00:00+00:00,-35.576666,-71.678888,119.0,open-meteo_ecmwf_ifs,daily,10.617499,1.3175,8.23,3.5716667,2.0306876,88.35003,0.0,11.610238091540667,0.671601024092226
2017-06-13 00:00:00+00:00,-35.576666,-71.678888,119.0,open-meteo_ecmwf_ifs,daily,10.0175,3.0674999,4.95,4.8425,1.042186,92.78534,0.0,11.580549452757165,0.5496959204840663
2017-06-14 00:00:00+00:00,-35.576666,-71.678888,119.0,open-meteo_ecmwf_ifs,daily,13.5175,5.0175004,3.11,6.9966664,2.565954,92.42416,0.3,11.554202059455813,0.7547581607923258
2017-06-15 00:00:00+00:00,-35.576666,-71.678888,119.0,open-meteo_ecmwf_ifs,daily,15.867499,4.2175,8.01,6.9133334,3.9183147,84.54939,2.2,11.531200063850246,1.0604833124972295
2017-06-16 00:00:00+00:00,-35.576666,-71.678888,119.0,open-meteo_ecmwf_ifs,daily,14.8175,10.8175,3.23,9.702917,8.28613,82.63412,40.4,11.5115469472764,1.4819255277414443
2017-06-17 00:00:00+00:00,-35.576666,-71.678888,119.0,open-meteo_ecmwf_ifs,daily,12.7175,3.7175,8.72,4.238333,3.542595,75.74781,2.8,11.495245531531806,1.083197612713393
2017-06-18 00:00:00+00:00,-35.576666,-71.678888,119.0,open-meteo_ecmwf_ifs,daily,10.3175,1.3675,10.87,1.2654167,3.8838885,80.192505,0.2,11.482297988763413,1.0974611555489142
2017-06-19 00:00:00+00:00,-35.576666,-71.678888,119.0,open-meteo_ecmwf_ifs,daily,8.7675,-0.4825,5.56,0.45916662,2.230642,79.54595,0.0,11.47270584985941,0.7513447610224533
2017-06-20 00:00:00+00:00,-35.576666,-71.678888,119.0,open-meteo_ecmwf_ifs,daily,7.7175,1.1175,1.87,2.42375,1.2784606,86.17927,0.4,11.4664700113078,0.5260129377427635
2017-06-21 00:00:00+00:00,-35.576666,-71.678888,119.0,open-meteo_ecmwf_ifs,daily,12.2675,4.3675003,2.47,6.0487494,4.0430818,84.90426,10.2,11.463590740492808,0.815436756200629
2017-06-22 00:00:00+00:00,-35.576666,-71.678888,119.0,open-meteo_ecmwf_ifs,daily,11.9175,10.1675,2.16,10.065415,5.0528693,93.26255,43.299995,11.464067679407938,0.6084748290530803
2017-06-23 00:00:00+00:00,-35.576666,-71.678888,119.0,open-meteo_ecmwf_ifs,daily,15.0675,8.367499,6.4,8.877915,1.5753775,88.5965,5.8,11.467899846772983,0.812787480369571
2017-06-24 00:00:00+00:00,-35.576666,-71.678888,119.0,open-meteo_ecmwf_ifs,daily,15.617499,8.4675,3.24,9.807082,3.6063287,90.09788,14.8,11.47508563855033,0.8960653865091335
2017-06-25 00:00:00+00:00,-35.576666,-71.678888,119.0,open-meteo_ecmwf_ifs,daily,13.617499,11.9675,1.9,10.669583,5.03309,87.90646,71.99999,11.485622826864326,0.9660771107222952
2017-06-26 00:00:00+00:00,-35.576666,-71.678888,119.0,open-meteo_ecmwf_ifs,daily,15.9175,11.6675,4.24,9.82375,4.861556,80.83547,11.599999,11.499508557335568,1.4898078255648917
2017-06-27 00:00:00+00:00,-35.576666,-71.678888,119.0,open-meteo_ecmwf_ifs,daily,16.567501,8.8175,7.93,9.3133335,1.8409324,83.63088,5.6,11.516739344850212,0.9513884761374454
2017-06-28 00:00:00+00:00,-35.576666,-71.678888,119.0,open-meteo_ecmwf_ifs,daily,13.7675,6.6675,9.2,7.7529163,2.0235097,89.32372,0.0,11.53731106779247,0.8075047694378046
2017-06-29 00:00:00+00:00,-35.576666,-71.678888,119.0,open-meteo_ecmwf_ifs,daily,14.867499,5.6675,9.74,7.4008336,1.7806338,87.05062,0.0,11.561218960776122,0.8289825011120728
2017-06-30 00:00:00+00:00,-35.576666,-71.678888,119.0,open-meteo_ecmwf_ifs,daily,17.8675,6.3675003,10.28,9.34875,3.4205945,85.918526,0.0,11.588457605918737,1.0636077769197545
2017-07-01 00:00:00+00:00,-35.576666,-71.678888,119.0,open-meteo_ecmwf_ifs,daily,18.2675,8.367499,10.58,9.609167,2.7310886,82.07187,0.0,11.619020922709527,1.1885210348125055
2017-07-02 00:00:00+00:00,-35.576666,-71.678888,119.0,open-meteo_ecmwf_ifs,daily,13.117499,6.8675003,5.04,8.682084,2.2544148,94.3287,0.0,11.652902156528818,0.6411472650079418
2017-07-03 00:00:00+00:00,-35.576666,-71.678888,119.0,open-meteo_ecmwf_ifs,daily,14.2675,8.6675,4.32,9.340415,3.6586196,87.02957,0.0,11.69009386588399,0.880293261186241
2017-07-04 00:00:00+00:00,-35.576666,-71.678888,119.0,open-meteo_ecmwf_ifs,daily,11.5675,8.3175,3.61,7.8320823,2.2485838,86.55924,18.100002,11.730587908432987,0.7365329330901146
2017-07-05 00:00:00+00:00,-35.576666,-71.678888,119.0,open-meteo_ecmwf_ifs,daily,8.9675,2.6175,2.85,4.88,1.3694867,91.12757,0.1,11.774375425872538,0.4786627391172374
2017-07-06 00:00:00+00:00,-35.576666,-71.678888,119.0,open-meteo_ecmwf_ifs,daily,13.8175,2.4675,9.48,5.0862503,1.2439178,89.35267,0.0,11.821446827773741,0.7358859341693917
2017-07-07 00:00:00+00:00,-35.576666,-71.678888,119.0,open-meteo_ecmwf_ifs,daily,15.117499,6.0675,8.28,7.0487494,1.3130915,84.18071,6.099999,11.871791774452815,0.8476630239771497
2017-07-08 00:00:00+00:00,-35.576666,-71.678888,119.0,open-meteo_ecmwf_ifs,daily,15.7675,6.2175,5.89,7.8529153,1.7384595,90.65603,0.2,11.925399158969437,0.8697551600168367
2017-07-09 00:00:00+00:00,-35.576666,-71.678888,119.0,open-meteo_ecmwf_ifs,daily,13.367499,8.7675,6.94,7.8445835,2.9372025,83.40307,0.5,11.98225708834914,1.0466846432472234
2017-07-10 00:00:00+00:00,-35.576666,-71.678888,119.0,open-meteo_ecmwf_ifs,daily,12.617499,2.5674999,11.5,1.1529166,4.0509834,68.00096,0.0,12.042352864130155,1.5236926776392252
2017-07-11 00:00:00+00:00,-35.576666,-71.678888,119.0,open-meteo_ecmwf_ifs,daily,10.9675,0.51750004,10.15,1.9154167,1.7995862,84.16192,0.0,12.105672962337875,0.8176348559341577
2017-07-12 00:00:00+00:00,-35.576666,-71.678888,119.0,open-meteo_ecmwf_ifs,daily,13.4175,1.3175,5.37,4.596667,3.449277,86.31663,0.3,12.172203012993135,0.8821165856780215
2017-07-13 00:00:00+00:00,-35.576666,-71.678888,119.0,open-meteo_ecmwf_ifs,daily,13.617499,8.2675,8.12,7.74875,3.8455753,83.49976,9.300001,12.241927779262314,1.1622715268072357
2017-07-14 00:00:00+00:00,-35.576666,-71.678888,119.0,open-meteo_ecmwf_ifs,daily,13.117499,3.3675,7.92,5.0820837,4.1937494,83.46183,5.0,12.314831136359164,1.0682776917561487
2017-07-15 00:00:00+00:00,-35.576666,-71.678888,119.0,open-meteo_ecmwf_ifs,daily,9.0175,3.3675,7.49,4.132084,3.4802787,88.10067,21.400003,12.390896050309172,0.7628018949471109
2017-07-16 00:00:00+00:00,-35.576666,-71.678888,119.0,open-meteo_ecmwf_ifs,daily,9.0675,-1.9825001,11.93,-0.52416664,2.7822104,76.79842,0.0,12.470104556688108,0.917021666409198
2017-07-17 00:00:00+00:00,-35.576666,-71.678888,119.0,open-meteo_ecmwf_ifs,daily,10.5175,-1.1325,11.76,-1.5408334,3.7891312,70.25816,0.0,12.55243773944638,1.336515718696023
2017-07-18 00:00:00+00:00,-35.576666,-71.678888,119.0,open-meteo_ecmwf_ifs,daily,13.0675,1.1675,10.66,2.0195835,3.0559833,78.22533,0.0,12.637875709930581,1.2257994702907868
2017-07-19 00:00:00+00:00,-35.576666,-71.678888,119.0,open-meteo_ecmwf_ifs,daily,16.067501,0.8175,11.77,2.7091665,3.2610648,76.1847,0.0,12.726397586212975,1.4183930050615465
2017-07-20 00:00:00+00:00,-35.576666,-71.678888,119.0,open-meteo_ecmwf_ifs,daily,16.9675,6.7675004,11.31,8.155,3.922918,84.81861,0.0,12.817981472838119,1.4090985030293792
2017-07-21 00:00:00+00:00,-35.576666,-71.678888,119.0,open-meteo_ecmwf_ifs,daily,18.3675,5.4675,11.68,9.198749,2.4123638,86.72061,0.0,12.912604441094702,1.1269927608894323
2017-07-22 00:00:00+00:00,-35.576666,-71.678888,119.0,open-meteo_ecmwf_ifs,daily,12.7675,8.2175,3.15,9.188332,3.789237,90.29431,1.4000002,13.01024250991817,0.7073151973237586
2017-07-23 00:00:00+00:00,-35.576666,-71.678888,119.0,open-meteo_ecmwf_ifs,daily,11.6675,9.7175,3.12,8.411248,2.4215913,87.19108,11.2,13.110870627527623,0.8288455330400359
2017-07-24 00:00:00+00:00,-35.576666,-71.678888,119.0,open-meteo_ecmwf_ifs,daily,13.5175,3.1675,12.35,3.7425003,3.0262747,79.661835,0.0,13.214462653897755,1.2984110550255494
2017-07-25 00:00:00+00:00,-35.576666,-71.678888,119.0,open-meteo_ecmwf_ifs,daily,13.4675,2.0175,12.54,3.49875,2.8565214,77.66181,0.0,13.320991344163259,1.2174860912663095
2017-07-26 00:00:00+00:00,-35.576666,-71.678888,119.0,open-meteo_ecmwf_ifs,daily,12.8175,1.4175,10.69,3.7299998,2.2450397,85.6412,0.0,13.430428333050116,1.0086649203191118
2017-07-27 00:00:00+00:00,-35.576666,-71.678888,119.0,open-meteo_ecmwf_ifs,daily,13.2175,1.4175,10.2,4.144584,1.6309181,86.33588,0.0,13.542744120424278,0.9363823531754804
2017-07-28 00:00:00+00:00,-35.576666,-71.678888,119.0,open-meteo_ecmwf_ifs,daily,12.2675,2.7675,5.01,5.58,1.8414766,88.24166,0.2,13.657908058044411,0.7318133525693434
2017-07-29 00:00:00+00:00,-35.576666,-71.678888,119.0,open-meteo_ecmwf_ifs,daily,9.9675,4.1175003,5.89,3.1050003,3.9408329,76.73253,0.0,13.775888337601328,1.1754537678313361
2017-07-30 00:00:00+00:00,-35.576666,-71.678888,119.0,open-meteo_ecmwf_ifs,daily,12.5175,-1.4325,11.83,1.8737501,2.0453112,83.032524,0.0,13.896651980122169,1.0121118003504685
2017-07-31 00:00:00+00:00,-35.576666,-71.678888,119.0,open-meteo_ecmwf_ifs,daily,12.2175,0.3675,11.89,2.5820832,2.2033002,82.910286,0.0,14.02016482681309,1.0755402901382602
2017-08-01 00:00:00+00:00,-35.576666,-71.678888,119.0,open-meteo_ecmwf_ifs,daily,11.867499,0.76750004,6.49,3.7925003,1.7551063,87.77932,0.0,14.146391531409344,0.8099030974123037
2017-08-02 00:00:00+00:00,-35.576666,-71.678888,119.0,open-meteo_ecmwf_ifs,daily,13.4175,1.6175,11.36,4.377917,2.6725454,88.68212,0.0,14.27529555409671,1.1176198730916156
2017-08-03 00:00:00+00:00,-35.576666,-71.678888,119.0,open-meteo_ecmwf_ifs,daily,11.117499,2.1175,12.84,3.3862505,2.4792128,82.74627,0.0,14.40683915706352,1.1216798455865198
2017-08-04 00:00:00+00:00,-35.576666,-71.678888,119.0,open-meteo_ecmwf_ifs,daily,11.6675,0.4175,9.77,3.9904165,1.4948002,89.82076,0.0,14.540983401737023,0.8621331385663912
2017-08-05 00:00:00+00:00,-35.576666,-71.678888,119.0,open-meteo_ecmwf_ifs,daily,10.4175,6.0175004,3.02,6.234167,3.5089111,87.68336,10.299999,14.677688147753038,0.8065499031672749
2017-08-06 00:00:00+00:00,-35.576666,-71.678888,119.0,open-meteo_ecmwf_ifs,daily,16.0175,5.2675004,12.24,7.37375,2.021951,83.05787,1.0,14.816912053702223,1.2960323588318032
2017-08-07 00:00:00+00:00,-35.576666,-71.678888,119.0,open-meteo_ecmwf_ifs,daily,12.5675,6.3175,3.77,7.577917,2.5012538,91.85902,5.4,14.958612579691186,0.8066689053305837
2017-08-08 00:00:00+00:00,-35.576666,-71.678888,119.0,open-meteo_ecmwf_ifs,daily,17.067501,4.4675,10.06,7.684166,2.2239063,84.27886,2.1999998,15.102745991751158,1.2411860982877054
2017-08-09 00:00:00+00:00,-35.576666,-71.678888,119.0,open-meteo_ecmwf_ifs,daily,11.7675,9.1675,0.9,8.004998,4.62162,85.3645,47.7,15.24926736812163,0.9732087525979878
2017-08-10 00:00:00+00:00,-35.576666,-71.678888,119.0,open-meteo_ecmwf_ifs,daily,13.4175,7.6675,5.2,6.7529163,5.084939,81.918755,15.8,15.398130607430868,1.4605201259827436
2017-08-11 00:00:00+00:00,-35.576666,-71.678888,119.0,open-meteo_ecmwf_ifs,daily,12.8175,6.8675003,10.03,7.009167,2.7211723,84.971695,21.900003,15.549288438789773,1.2344702466956021
2017-08-12 00:00:00+00:00,-35.576666,-71.678888,119.0,open-meteo_ecmwf_ifs,daily,12.6675,2.8675,10.88,5.1425,1.3134127,84.437675,0.90000004,15.702692433810236,1.076956262934009
2017-08-13 00:00:00+00:00,-35.576666,-71.678888,119.0,open-meteo_ecmwf_ifs,daily,8.4675,6.8675003,1.66,4.777917,5.296276,81.44571,13.7,15.858293020553585,1.0400762427414785
2017-08-14 00:00:00+00:00,-35.576666,-71.678888,119.0,open-meteo_ecmwf_ifs,daily,14.4175,5.9175,12.15,4.709167,2.2416403,73.38966,0.0,16.016039499409555,1.6112559992218527
2017-08-15 00:00:00+00:00,-35.576666,-71.678888,119.0,open-meteo_ecmwf_ifs,daily,15.3175,5.2675004,13.96,5.919584,3.7837594,81.719536,0.0,16.175880060900607,1.7690284627248956
2017-08-16 00:00:00+00:00,-35.576666,-71.678888,119.0,open-meteo_ecmwf_ifs,daily,15.6675,2.2175,15.7,4.2695827,3.582322,75.271996,0.0,16.337761805401495,1.7736266990003924
2017-08-17 00:00:00+00:00,-35.576666,-71.678888,119.0,open-meteo_ecmwf_ifs,daily,16.9675,2.7675,14.33,6.4737506,1.9605092,85.529686,0.0,16.501630764758385,1.491371107802894
2017-08-18 00:00:00+00:00,-35.576666,-71.678888,119.0,open-meteo_ecmwf_ifs,daily,12.4675,8.8175,0.95,8.748749,3.078888,91.17816,10.599999,16.66743192578701,0.7737186520200144
2017-08-19 00:00:00+00:00,-35.576666,-71.678888,119.0,open-meteo_ecmwf_ifs,daily,13.7675,3.3174999,11.43,4.9862494,1.1039953,83.32545,0.2,16.835109255624094,1.2480966607848734
2017-08-20 00:00:00+00:00,-35.576666,-71.678888,119.0,open-meteo_ecmwf_ifs,daily,14.9175,2.6175,15.76,4.575834,3.2361152,80.47187,0.0,17.004605728901293,1.7194383356704612
2017-08-21 00:00:00+00:00,-35.576666,-71.678888,119.0,open-meteo_ecmwf_ifs,daily,16.067501,0.6675,15.96,4.33,1.8584208,78.65217,0.0,17.175863356706206,1.579643387469615
2017-08-22 00:00:00+00:00,-35.576666,-71.678888,119.0,open-meteo_ecmwf_ifs,daily,11.4175,5.7675004,2.65,6.8425007,4.832229,88.19193,20.999998,17.34882321728991,0.8360229704387269
2017-08-23 00:00:00+00:00,-35.576666,-71.678888,119.0,open-meteo_ecmwf_ifs,daily,13.867499,2.1675,11.67,4.7091665,3.311128,80.05362,3.0,17.523425488476214,1.4203122722392927
2017-08-24 00:00:00+00:00,-35.576666,-71.678888,119.0,open-meteo_ecmwf_ifs,daily,13.117499,6.7175,4.53,5.2570834,4.14486,76.659004,3.3,17.699609481722867,1.5377364708686156
2017-08-25 00:00:00+00:00,-35.576666,-71.678888,119.0,open-meteo_ecmwf_ifs,daily,12.617499,8.0675,3.99,7.2862506,2.2797575,84.83549,42.100002,17.877313677780847,1.059698644847354
2017-08-26 00:00:00+00:00,-35.576666,-71.678888,119.0,open-meteo_ecmwf_ifs,daily,14.4175,9.117499,6.34,8.711249,1.8752365,85.488594,1.9000002,18.056475763893488,1.2059502266169349
2017-08-27 00:00:00+00:00,-35.576666,-71.678888,119.0,open-meteo_ecmwf_ifs,daily,14.617499,6.0675,8.48,6.902916,3.5325947,85.70325,8.200001,18.237032672473088,1.4703097076162641
2017-08-28 00:00:00+00:00,-35.576666,-71.678888,119.0,open-meteo_ecmwf_ifs,daily,11.3175,7.9175,5.36,7.2029166,1.8012236,86.65658,11.900001,18.418920621188445,1.0053567229847296
2017-08-29 00:00:00+00:00,-35.576666,-71.678888,119.0,open-meteo_ecmwf_ifs,daily,13.4175,2.3675,17.37,4.069584,2.169058,80.16875,1.1,18.602075154393535,1.7371061044466694
2017-08-30 00:00:00+00:00,-35.576666,-71.678888,119.0,open-meteo_ecmwf_ifs,daily,14.4675,1.2674999,18.09,2.815417,3.027729,71.86145,0.0,18.78643118582318,1.973969968410298
2017-08-31 00:00:00+00:00,-35.576666,-71.678888,119.0,open-meteo_ecmwf_ifs,daily,16.5175,1.4175,17.77,4.03,1.9058799,78.60169,0.0,18.971923042478675,1.9290525644354966
2017-09-01 00:00:00+00:00,-35.576666,-71.678888,119.0,open-meteo_ecmwf_ifs,daily,11.6675,6.3175,2.14,6.6570835,4.042942,84.638916,8.0,19.158484509622827,0.9419050491829365
2017-09-02 00:00:00+00:00,-35.576666,-71.678888,119.0,open-meteo_ecmwf_ifs,daily,14.7175,6.0175004,16.01,6.827917,2.6686776,82.34362,0.1,19.3460488768007,1.883264806669229
2017-09-03 00:00:00+00:00,-35.576666,-71.678888,119.0,open-meteo_ecmwf_ifs,daily,14.9675,1.5174999,18.78,3.8237503,3.004403,75.287605,0.0,19.53454898479983,2.011918232781977
2017-09-04 00:00:00+00:00,-35.576666,-71.678888,119.0,open-meteo_ecmwf_ifs,daily,16.167501,4.5175004,18.84,5.2154174,3.3454218,77.31191,0.0,19.723917273460536,2.319640870869652
2017-09-05 00:00:00+00:00,-35.576666,-71.678888,119.0,open-meteo_ecmwf_ifs,daily,14.367499,4.0675,13.5,3.2425,2.1736298,68.20461,0.0,19.914085830245092,1.904660348067041
2017-09-06 00:00:00+00:00,-35.576666,-71.678888,119.0,open-meteo_ecmwf_ifs,daily,15.9175,4.0675,15.52,5.2550006,2.1780355,75.557594,0.0,20.104986439471787,1.9685215452396183
2017-09-07 00:00:00+00:00,-35.576666,-71.678888,119.0,open-meteo_ecmwf_ifs,daily,14.6675,2.4675,18.78,4.1654167,2.1361113,74.696304,0.0,20.296550632118187,2.0331708101489125
2017-09-08 00:00:00+00:00,-35.576666,-71.678888,119.0,open-meteo_ecmwf_ifs,daily,12.7175,5.1175003,10.85,4.690417,2.3537345,74.07586,0.0,20.488709736096364,1.610887443794762
2017-09-09 00:00:00+00:00,-35.576666,-71.678888,119.0,open-meteo_ecmwf_ifs,daily,11.9175,3.4175,14.86,3.0570834,2.7735567,72.11486,0.70000005,20.681394926900794,1.8442761377480792
2017-09-10 00:00:00+00:00,-35.576666,-71.678888,119.0,open-meteo_ecmwf_ifs,daily,13.7675,3.3174999,13.7,5.3925004,1.8558103,83.90371,3.9,20.874537278529242,1.6318352432605554
2017-09-11 00:00:00+00:00,-35.576666,-71.678888,119.0,open-meteo_ecmwf_ifs,daily,16.067501,4.1675,18.66,4.4675,3.7261078,70.89109,0.0,21.068067814575134,2.487625086871581
2017-09-12 00:00:00+00:00,-35.576666,-71.678888,119.0,open-meteo_ecmwf_ifs,daily,17.2675,2.8174999,19.68,6.1862507,1.955736,75.64898,0.0,21.261917559389712,2.212113299383737
2017-09-13 00:00:00+00:00,-35.576666,-71.678888,119.0,open-meteo_ecmwf_ifs,daily,15.9175,7.1175003,10.96,8.236249,2.2412279,82.81861,0.1,21.456017589211964,1.6800565877257043
2017-09-14 00:00:00+00:00,-35.576666,-71.678888,119.0,open-meteo_ecmwf_ifs,daily,13.9675,7.5175004,7.78,6.18625,2.4722466,80.79072,2.8,21.650299083163496,1.6122531284774182
2017-09-15 00:00:00+00:00,-35.576666,-71.678888,119.0,open-meteo_ecmwf_ifs,daily,17.7175,2.9175,21.51,2.1570835,5.033188,61.727737,0.0,21.84469337400648,3.2297985884115463
2017-09-16 00:00:00+00:00,-35.576666,-71.678888,119.0,open-meteo_ecmwf_ifs,daily,20.9675,4.3175,21.24,7.427917,2.745394,75.74682,0.0,22.03913199856259,2.7953911088608163
2017-09-17 00:00:00+00:00,-35.576666,-71.678888,119.0,open-meteo_ecmwf_ifs,daily,21.917501,6.4175,20.41,10.546666,1.7168617,85.99921,0.0,22.233546747691683,2.652533410167389
2017-09-18 00:00:00+00:00,-35.576666,-71.678888,119.0,open-meteo_ecmwf_ifs,daily,16.2675,9.5175,9.02,10.577916,2.0786462,89.2727,0.2,22.42786971573025,1.5016504067327716
2017-09-19 00:00:00+00:00,-35.576666,-71.678888,119.0,open-meteo_ecmwf_ifs,daily,15.2175,8.9675,8.61,7.6133323,3.649416,77.36289,0.3,22.622033349290277,1.906392557146535
2017-09-20 00:00:00+00:00,-35.576666,-71.678888,119.0,open-meteo_ecmwf_ifs,daily,17.8675,8.4175,21.48,7.5758343,3.7941353,75.24056,0.0,22.815970495321398,3.0686487492468104
2017-09-21 00:00:00+00:00,-35.576666,-71.678888,119.0,open-meteo_ecmwf_ifs,daily,17.817501,6.0175004,21.41,5.7070827,3.9028242,68.07497,0.0,23.009614448340564,3.051192588140669
2017-09-22 00:00:00+00:00,-35.576666,-71.678888,119.0,open-meteo_ecmwf_ifs,daily,20.9675,6.6175003,21.81,7.242501,4.8912773,70.67904,0.0,23.202898996735534,3.472325491076312
2017-09-23 00:00:00+00:00,-35.576666,-71.678888,119.0,open-meteo_ecmwf_ifs,daily,21.817501,6.2175,19.5,8.452916,2.9290001,75.97007,0.0,23.395758468051298,2.955963070590183
2017-09-24 00:00:00+00:00,-35.576666,-71.678888,119.0,open-meteo_ecmwf_ifs,daily,18.6175,6.9175,19.72,7.425833,3.0190856,72.56672,0.0,23.588127773170523,2.8439202481162504
2017-09-25 00:00:00+00:00,-35.576666,-71.678888,119.0,open-meteo_ecmwf_ifs,daily,16.2675,7.1175003,16.19,6.323751,4.183333,71.70661,1.5,23.779942449302617,2.6246542280936853
2017-09-26 00:00:00+00:00,-35.576666,-71.678888,119.0,open-meteo_ecmwf_ifs,daily,18.7675,6.1675,22.28,5.169584,3.8628967,64.28767,0.0,23.97113870169882,3.382603639494946
2017-09-27 00:00:00+00:00,-35.576666,-71.678888,119.0,open-meteo_ecmwf_ifs,daily,20.2675,7.3675003,20.36,7.6216664,2.56693,70.73092,0.0,24.161653444014092,3.0777311936539875
2017-09-28 00:00:00+00:00,-35.576666,-71.678888,119.0,open-meteo_ecmwf_ifs,daily,20.4675,7.5675,15.19,8.984166,1.9578614,76.9806,0.4,24.351424337240626,2.4654501621680214
2017-09-29 00:00:00+00:00,-35.576666,-71.678888,119.0,open-meteo_ecmwf_ifs,daily,15.0675,9.1675,6.92,8.750833,2.524298,80.30704,7.8,24.540389827141148,1.5226068645856683
2017-09-30 00:00:00+00:00,-35.576666,-71.678888,119.0,open-meteo_ecmwf_ifs,daily,15.2175,8.7675,9.3,8.123748,4.6193132,81.74589,43.1,24.72848918011466,1.9608017270413332
2017-10-01 00:00:00+00:00,-35.576666,-71.678888,119.0,open-meteo_ecmwf_ifs,daily,14.7675,6.3175,16.1,7.894584,1.6769425,87.423485,4.0,24.915662517431688,2.070891494604074
2017-10-02 00:00:00+00:00,-35.576666,-71.678888,119.0,open-meteo_ecmwf_ifs,daily,14.9175,4.6675,12.48,6.6258335,1.7429525,79.094696,0.0,25.101850847780003,1.7819914397978145
2017-10-03 00:00:00+00:00,-35.576666,-71.678888,119.0,open-meteo_ecmwf_ifs,daily,19.567501,8.7675,18.24,8.327916,2.1745627,74.794846,6.2000003,25.286996098067448,2.9019446537562192
2017-10-04 00:00:00+00:00,-35.576666,-71.678888,119.0,open-meteo_ecmwf_ifs,daily,12.8175,10.5175,3.18,9.275832,5.1641955,86.63192,14.4,25.471041142432416,1.2102057228479135
2017-10-05 00:00:00+00:00,-35.576666,-71.678888,119.0,open-meteo_ecmwf_ifs,daily,13.8175,8.117499,10.23,7.4550004,4.4637585,82.36598,2.5,25.653929829418374,1.8862071870571928
2017-10-06 00:00:00+00:00,-35.576666,-71.678888,119.0,open-meteo_ecmwf_ifs,daily,20.4675,4.4175,24.93,7.4445834,3.5406296,77.252174,0.0,25.83560700727351,3.311035245855723
2017-10-07 00:00:00+00:00,-35.576666,-71.678888,119.0,open-meteo_ecmwf_ifs,daily,19.7175,5.6175003,21.04,8.319583,2.64894,78.72821,0.0,26.016018547342068,2.9117506559698145
2017-10-08 00:00:00+00:00,-35.576666,-71.678888,119.0,open-meteo_ecmwf_ifs,daily,18.7175,5.8175,22.41,6.8112507,2.476738,71.7652,0.0,26.195111365519512,3.112620386203684
2017-10-09 00:00:00+00:00,-35.576666,-71.678888,119.0,open-meteo_ecmwf_ifs,daily,17.1175,6.4175,25.69,5.3820834,5.0896344,68.50935,0.0,26.372833441748863,3.623619608507032
2017-10-10 00:00:00+00:00,-35.576666,-71.678888,119.0,open-meteo_ecmwf_ifs,daily,15.6675,5.3175,21.01,2.7383337,4.0872626,60.071045,0.1,26.54913383754152,3.2910104182911897
2017-10-11 00:00:00+00:00,-35.576666,-71.678888,119.0,open-meteo_ecmwf_ifs,daily,16.567501,5.0675,23.71,5.0404162,2.8107646,71.15083,0.0,26.72396271151121,3.148320401818543
2017-10-12 00:00:00+00:00,-35.576666,-71.678888,119.0,open-meteo_ecmwf_ifs,daily,18.667501,5.3175,20.45,7.3216662,1.4453135,77.46492,0.6,26.8972713329157,2.8097116008382
2017-10-13 00:00:00+00:00,-35.576666,-71.678888,119.0,open-meteo_ecmwf_ifs,daily,21.2675,8.5675,26.26,8.961249,4.1385016,74.99519,0.0,27.069012093206286,3.9909087318263206
2017-10-14 00:00:00+00:00,-35.576666,-71.678888,119.0,open-meteo_ecmwf_ifs,daily,22.817501,8.5675,26.0,10.242499,4.1079154,72.62386,0.0,27.239138515591172,3.9914169416856966
2017-10-15 00:00:00+00:00,-35.576666,-71.678888,119.0,open-meteo_ecmwf_ifs,daily,22.4675,11.0675,25.46,11.886249,3.1000516,78.69326,0.0,27.40760526262417,3.9396975933597065
2017-10-16 00:00:00+00:00,-35.576666,-71.678888,119.0,open-meteo_ecmwf_ifs,daily,16.0175,9.2175,9.42,9.03,4.049524,79.96821,0.0,27.574368141836025,1.965283528128401
2017-10-17 00:00:00+00:00,-35.576666,-71.678888,119.0,open-meteo_ecmwf_ifs,daily,17.8675,8.2675,13.51,8.790416,2.0717695,80.54954,0.0,27.739384109431114,2.3042770948044873
2017-10-18 00:00:00+00:00,-35.576666,-71.678888,119.0,open-meteo_ecmwf_ifs,daily,18.567501,8.9175,19.8,7.275833,2.4577007,70.110985,0.90000004,27.90261127207793,3.233345182487131
2017-10-19 00:00:00+00:00,-35.576666,-71.678888,119.0,open-meteo_ecmwf_ifs,daily,17.2675,6.7675004,20.3,5.2799997,4.564548,63.72221,0.0,28.064008886826755,3.3841930916981053
2017-10-20 00:00:00+00:00,-35.576666,-71.678888,119.0,open-meteo_ecmwf_ifs,daily,17.667501,8.6675,21.79,4.34875,4.9953694,58.34195,0.0,28.22353735919375,4.056002039851316
2017-10-21 00:00:00+00:00,-35.576666,-71.678888,119.0,open-meteo_ecmwf_ifs,daily,22.3675,6.3175,28.46,5.144583,5.190132,58.643612,0.0,28.381158239455154,4.810276878719517
2017-10-22 00:00:00+00:00,-35.576666,-71.678888,119.0,open-meteo_ecmwf_ifs,daily,23.9675,7.5175004,26.47,9.138333,2.248347,69.232475,0.0,28.53683421720072,4.100035925644957
2017-10-23 00:00:00+00:00,-35.576666,-71.678888,119.0,open-meteo_ecmwf_ifs,daily,22.4675,8.3175,26.53,7.065417,2.4370835,61.473858,0.0,28.69052911419987,4.257762212532772
2017-10-24 00:00:00+00:00,-35.576666,-71.678888,119.0,open-meteo_ecmwf_ifs,daily,21.667501,11.9675,20.18,9.927917,3.009648,70.19491,0.0,28.842207875638806,3.7807302598077777
2017-10-25 00:00:00+00:00,-35.576666,-71.678888,119.0,open-meteo_ecmwf_ifs,daily,22.6175,9.0175,27.98,8.169582,3.8598518,62.82553,0.0,28.99183655979099,4.616085294633565
2017-10-26 00:00:00+00:00,-35.576666,-71.678888,119.0,open-meteo_ecmwf_ifs,daily,22.167501,9.867499,27.59,7.1216664,3.4771507,61.137432,0.0,29.13938232618744,4.72944820488122
2017-10-27 00:00:00+00:00,-35.576666,-71.678888,119.0,open-meteo_ecmwf_ifs,daily,23.4675,9.4675,27.38,8.490417,3.1756008,64.04025,0.0,29.28481342235693,4.615807781076562
2017-10-28 00:00:00+00:00,-35.576666,-71.678888,119.0,open-meteo_ecmwf_ifs,daily,16.417501,10.0175,6.19,7.4445834,3.2660437,70.35027,4.0,29.428099169210135,2.0766129872656127
2017-10-29 00:00:00+00:00,-35.576666,-71.678888,119.0,open-meteo_ecmwf_ifs,daily,17.1175,5.7175,19.04,4.077917,1.5666766,67.644646,0.5,29.569209945143932,2.937386202402964
2017-10-30 00:00:00+00:00,-35.576666,-71.678888,119.0,open-meteo_ecmwf_ifs,daily,19.6175,5.2175,27.89,4.5195837,1.7900249,61.951157,0.0,29.708117168946305,3.930987367979213
2017-10-31 00:00:00+00:00,-35.576666,-71.678888,119.0,open-meteo_ecmwf_ifs,daily,17.6175,7.6675,17.29,5.2675004,2.6819136,62.077087,1.7,29.844793281583353,3.1154654121053054
2017-11-01 00:00:00+00:00,-35.576666,-71.678888,119.0,open-meteo_ecmwf_ifs,daily,14.117499,10.6675,5.78,9.213333,3.241793,83.33193,23.1,29.979211726953288,1.5411621478998299
2017-11-02 00:00:00+00:00,-35.576666,-71.678888,119.0,open-meteo_ecmwf_ifs,daily,16.7675,5.7175,21.58,6.3237495,3.665806,74.54005,0.9,30.11134693169332,3.099919875740674
2017-11-03 00:00:00+00:00,-35.576666,-71.678888,119.0,open-meteo_ecmwf_ifs,daily,20.1175,5.9675,28.47,6.707083,1.9114877,69.00802,0.0,30.241174284127034,4.004250405788321
2017-11-04 00:00:00+00:00,-35.576666,-71.678888,119.0,open-meteo_ecmwf_ifs,daily,17.317501,8.8175,10.45,7.540417,2.509144,70.84314,1.9,30.368670112441286,2.2942203198581277
2017-11-05 00:00:00+00:00,-35.576666,-71.678888,119.0,open-meteo_ecmwf_ifs,daily,24.567501,10.6675,23.05,10.300832,1.843668,68.4433,0.5,30.49381166218147,4.060666392418038
2017-11-06 00:00:00+00:00,-35.576666,-71.678888,119.0,open-meteo_ecmwf_ifs,daily,21.567501,12.4675,12.2,13.607082,2.5212846,80.79115,0.1,30.616577073155423,2.4369258942538647
2017-11-07 00:00:00+00:00,-35.576666,-71.678888,119.0,open-meteo_ecmwf_ifs,daily,21.4675,11.367499,17.14,12.323749,1.617298,77.58166,1.5,30.736945355835214,2.9739545195128922
2017-11-08 00:00:00+00:00,-35.576666,-71.678888,119.0,open-meteo_ecmwf_ifs,daily,23.667501,11.617499,25.29,12.004997,2.169184,74.34043,0.1,30.85489636734607,4.236442018892128
2017-11-09 00:00:00+00:00,-35.576666,-71.678888,119.0,open-meteo_ecmwf_ifs,daily,24.6175,11.8175,27.83,11.236247,2.666187,66.08154,0.0,30.970410787130895,4.804745193910101
2017-11-10 00:00:00+00:00,-35.576666,-71.678888,119.0,open-meteo_ecmwf_ifs,daily,26.1175,11.867499,30.92,10.690415,5.103542,64.48438,0.0,31.083470092377418,5.806482404604231
2017-11-11 00:00:00+00:00,-35.576666,-71.678888,119.0,open-meteo_ecmwf_ifs,daily,28.067501,11.5675,31.19,10.007083,4.9767346,57.619812,0.0,31.194056533293377,6.247204261389904
2017-11-12 00:00:00+00:00,-35.576666,-71.678888,119.0,open-meteo_ecmwf_ifs,daily,27.067501,11.4175,31.29,10.150832,4.054607,58.324615,0.0,31.302153108313586,5.859831990009826
2017-11-13 00:00:00+00:00,-35.576666,-71.678888,119.0,open-meteo_ecmwf_ifs,daily,26.7175,13.9175,25.39,14.121667,2.9227772,72.672356,0.0,31.407743539319977,4.772688228209214
2017-11-14 00:00:00+00:00,-35.576666,-71.678888,119.0,open-meteo_ecmwf_ifs,daily,28.2675,13.1675,27.41,11.363332,3.1724625,63.435513,0.0,31.510812246953364,5.532987142436791
2017-11-15 00:00:00+00:00,-35.576666,-71.678888,119.0,open-meteo_ecmwf_ifs,daily,20.9675,10.7675,31.47,3.8612502,5.63101,47.757755,0.0,31.61134432609269,6.017272953644127
2017-11-16 00:00:00+00:00,-35.576666,-71.678888,119.0,open-meteo_ecmwf_ifs,daily,23.6175,9.8175,30.97,5.5529175,5.431431,50.941967,0.0,31.709325521574243,5.979751217591581
2017-11-17 00:00:00+00:00,-35.576666,-71.678888,119.0,open-meteo_ecmwf_ifs,daily,21.8675,12.3175,28.24,5.0404167,6.1590333,53.167114,0.1,31.80474220421982,6.136685998976355
2017-11-18 00:00:00+00:00,-35.576666,-71.678888,119.0,open-meteo_ecmwf_ifs,daily,23.8675,8.0675,31.93,3.4029167,6.008039,47.934673,0.0,31.897581347239193,6.243611412858528
2017-11-19 00:00:00+00:00,-35.576666,-71.678888,119.0,open-meteo_ecmwf_ifs,daily,25.817501,11.1675,31.19,8.092498,4.5524383,54.583225,0.0,31.987830503067933,6.054455755765989
2017-11-20 00:00:00+00:00,-35.576666,-71.678888,119.0,open-meteo_ecmwf_ifs,daily,23.5175,12.0675,29.63,5.159167,3.5439389,48.16307,0.0,32.07547778069807,5.8090844707098706
2017-11-21 00:00:00+00:00,-35.576666,-71.678888,119.0,open-meteo_ecmwf_ifs,daily,27.417501,10.617499,32.42,3.5841665,5.311417,42.27637,0.0,32.16051182355393,7.179592439635721
2017-11-22 00:00:00+00:00,-35.576666,-71.678888,119.0,open-meteo_ecmwf_ifs,daily,28.5175,10.4675,32.08,7.1300006,4.6597147,50.1544,0.0,32.24292178796179,6.651228302343239
2017-11-23 00:00:00+00:00,-35.576666,-71.678888,119.0,open-meteo_ecmwf_ifs,daily,27.6175,11.4175,32.39,6.211249,4.9737673,46.67596,0.0,32.3226973222571,6.91095027000366
2017-11-24 00:00:00+00:00,-35.576666,-71.678888,119.0,open-meteo_ecmwf_ifs,daily,25.6175,10.617499,32.25,4.2758336,3.2161207,42.79038,0.0,32.39982854656807,6.134729668032856
2017-11-25 00:00:00+00:00,-35.576666,-71.678888,119.0,open-meteo_ecmwf_ifs,daily,29.417501,11.3175,32.61,5.569584,4.9017987,43.160023,0.0,32.47430603331064,7.287466048138035
2017-11-26 00:00:00+00:00,-35.576666,-71.678888,119.0,open-meteo_ecmwf_ifs,daily,28.167501,13.6675,31.28,11.886249,2.5982413,58.787342,0.0,32.54612078842424,5.884361109803777
2017-11-27 00:00:00+00:00,-35.576666,-71.678888,119.0,open-meteo_ecmwf_ifs,daily,31.667501,13.367499,31.47,9.367498,2.741999,48.413082,0.0,32.61526423337381,6.555328670399251
2017-11-28 00:00:00+00:00,-35.576666,-71.678888,119.0,open-meteo_ecmwf_ifs,daily,25.2175,12.9675,31.96,7.769583,3.551173,48.25543,0.0,32.6817281879389,6.158898594847362
2017-11-29 00:00:00+00:00,-35.576666,-71.678888,119.0,open-meteo_ecmwf_ifs,daily,26.9675,10.7175,31.92,8.750833,1.5962516,58.96548,0.0,32.74550485380599,5.460431839384191
2017-11-30 00:00:00+00:00,-35.576666,-71.678888,119.0,open-meteo_ecmwf_ifs,daily,23.8675,13.0675,21.94,8.4675,4.407218,55.66717,0.0,32.80658679897639,5.110664907786678
2017-12-01 00:00:00+00:00,-35.576666,-71.678888,119.0,open-meteo_ecmwf_ifs,daily,27.167501,13.0175,30.28,8.511249,2.6344674,50.521637,0.0,32.86496694299768,5.893526736834414
2017-12-02 00:00:00+00:00,-35.576666,-71.678888,119.0,open-meteo_ecmwf_ifs,daily,26.1175,13.4675,25.82,10.379999,2.8126462,56.769913,0.0,32.920638543022996,5.202453059761368
2017-12-03 00:00:00+00:00,-35.576666,-71.678888,119.0,open-meteo_ecmwf_ifs,daily,26.0175,12.6675,27.78,9.648749,1.8456707,59.984043,0.0,32.97359518069878,5.110092543824863
2017-12-04 00:00:00+00:00,-35.576666,-71.678888,119.0,open-meteo_ecmwf_ifs,daily,29.1175,14.5675,25.68,11.48,2.2653818,57.5678,0.0,33.02383074987841,5.377297275557453
2017-12-05 00:00:00+00:00,-35.576666,-71.678888,119.0,open-meteo_ecmwf_ifs,daily,28.2675,14.0675,31.52,11.407084,2.7872589,58.432465,0.0,33.071339445156184,6.103557769864441
2017-12-06 00:00:00+00:00,-35.576666,-71.678888,119.0,open-meteo_ecmwf_ifs,daily,28.817501,12.7675,30.61,11.419582,1.4598345,60.75058,0.0,33.11611575121311,5.523284835807403
2017-12-07 00:00:00+00:00,-35.576666,-71.678888,119.0,open-meteo_ecmwf_ifs,daily,30.2175,15.117499,32.75,11.813332,2.7512805,54.43491,0.0,33.15815443296406,6.5909094910436545
2017-12-08 00:00:00+00:00,-35.576666,-71.678888,119.0,open-meteo_ecmwf_ifs,daily,28.6175,13.9675,32.0,10.961249,2.2660959,55.58438,0.0,33.19745052649378,6.080996714049224
2017-12-09 00:00:00+00:00,-35.576666,-71.678888,119.0,open-meteo_ecmwf_ifs,daily,30.067501,14.2675,32.94,8.269583,3.6291294,47.193115,0.0,33.23399933076723,7.146810278182258
2017-12-10 00:00:00+00:00,-35.576666,-71.678888,119.0,open-meteo_ecmwf_ifs,daily,32.4675,15.367499,32.15,9.477916,4.860977,42.102226,0.0,33.26779640009914,7.9751880245226445
2017-12-11 00:00:00+00:00,-35.576666,-71.678888,119.0,open-meteo_ecmwf_ifs,daily,27.3675,14.6675,30.93,12.138331,4.6052074,59.424732,0.0,33.29883753736623,6.320527880332109
2017-12-12 00:00:00+00:00,-35.576666,-71.678888,119.0,open-meteo_ecmwf_ifs,daily,21.167501,15.367499,11.77,11.465417,3.8974495,66.82455,0.4,33.32711878794557,3.3720451596106376
2017-12-13 00:00:00+00:00,-35.576666,-71.678888,119.0,open-meteo_ecmwf_ifs,daily,26.4675,15.1675,25.53,10.946666,1.8223349,60.643818,0.1,33.352636434361926,5.046945123522715
2017-12-14 00:00:00+00:00,-35.576666,-71.678888,119.0,open-meteo_ecmwf_ifs,daily,30.167501,14.8175,32.42,10.921668,5.374435,52.994534,0.0,33.37538699162763,7.43598144072185
2017-12-15 00:00:00+00:00,-35.576666,-71.678888,119.0,open-meteo_ecmwf_ifs,daily,31.6175,16.317501,33.37,10.007084,5.6415234,46.477848,0.0,33.395367203258886,8.35146459905606
2017-12-16 00:00:00+00:00,-35.576666,-71.678888,119.0,open-meteo_ecmwf_ifs,daily,26.2675,14.367499,25.87,10.855,3.4296598,58.78963,0.0,33.412574037953206,5.482343164774027
2017-12-17 00:00:00+00:00,-35.576666,-71.678888,119.0,open-meteo_ecmwf_ifs,daily,28.5175,10.5675,33.82,4.1029167,4.8359623,42.0301,0.0,33.427004686914266,7.338009343070012
2017-12-18 00:00:00+00:00,-35.576666,-71.678888,119.0,open-meteo_ecmwf_ifs,daily,28.5175,12.7675,30.94,6.288334,3.3130436,42.347717,0.0,33.43865656181142,6.585084523119203
2017-12-19 00:00:00+00:00,-35.576666,-71.678888,119.0,open-meteo_ecmwf_ifs,daily,31.5175,13.5675,33.66,7.2425003,3.4304628,41.90922,0.0,33.447527293363194,7.346815413125113
2017-12-20 00:00:00+00:00,-35.576666,-71.678888,119.0,open-meteo_ecmwf_ifs,daily,30.1175,15.617499,33.16,8.277917,4.177755,41.90862,0.0,33.45361473053594,7.619431303686056
2017-12-21 00:00:00+00:00,-35.576666,-71.678888,119.0,open-meteo_ecmwf_ifs,daily,29.417501,14.5675,33.98,7.36125,5.0224833,46.486755,0.0,33.45691694035071,7.853562911026762
2017-12-22 00:00:00+00:00,-35.576666,-71.678888,119.0,open-meteo_ecmwf_ifs,daily,27.817501,12.9675,33.46,3.913333,5.4863415,35.742504,0.0,33.45743220829378,7.849214913938248
2017-12-23 00:00:00+00:00,-35.576666,-71.678888,119.0,open-meteo_ecmwf_ifs,daily,27.9675,10.367499,34.24,2.5925004,5.6107635,36.022785,0.0,33.455159039328485,7.684244583001762
2017-12-24 00:00:00+00:00,-35.576666,-71.678888,119.0,open-meteo_ecmwf_ifs,daily,29.6175,11.9175,33.79,3.9925003,4.853505,37.487278,0.0,33.45009615950831,7.756819145148508
2017-12-25 00:00:00+00:00,-35.576666,-71.678888,119.0,open-meteo_ecmwf_ifs,daily,31.9675,15.2175,32.75,10.409165,5.0117764,47.469864,0.0,33.44224251819367,7.858044389399613
2017-12-26 00:00:00+00:00,-35.576666,-71.678888,119.0,open-meteo_ecmwf_ifs,daily,29.3675,16.1175,31.41,11.132083,4.1924233,51.205303,0.0,33.4315972908768,7.033551262414436
2017-12-27 00:00:00+00:00,-35.576666,-71.678888,119.0,open-meteo_ecmwf_ifs,daily,30.317501,14.5675,33.0,8.927916,3.2520692,45.748928,0.0,33.41815988262165,7.024204582292848
2017-12-28 00:00:00+00:00,-35.576666,-71.678888,119.0,open-meteo_ecmwf_ifs,daily,32.517498,14.2675,33.22,9.821666,4.5768185,47.136257,0.0,33.40192993212774,7.75901175042313
2017-12-29 00:00:00+00:00,-35.576666,-71.678888,119.0,open-meteo_ecmwf_ifs,daily,32.267498,16.4675,33.08,11.213333,4.2259593,51.24481,0.0,33.38290731642849,7.750241680166997
2017-12-30 00:00:00+00:00,-35.576666,-71.678888,119.0,open-meteo_ecmwf_ifs,daily,26.317501,14.617499,19.78,13.269582,3.8032682,63.31189,2.1999998,33.361092156236865,4.540091426300894
2017-12-31 00:00:00+00:00,-35.576666,-71.678888,119.0,open-meteo_ecmwf_ifs,daily,29.317501,15.6675,31.2,8.727916,3.4357483,44.224415,0.0,33.33648482195189,6.928377521877175
2018-01-01 00:00:00+00:00,-35.576666,-71.678888,119.0,open-meteo_ecmwf_ifs,daily,30.167501,14.117499,31.82,5.5987496,3.4877627,38.4345,0.0,33.309085940341646,7.196317892606128
2018-01-02 00:00:00+00:00,-35.576666,-71.678888,119.0,open-meteo_ecmwf_ifs,daily,29.0175,13.5675,32.48,5.363333,3.384349,39.24593,0.0,33.27889640191825,7.01198862573444
2018-01-03 00:00:00+00:00,-35.576666,-71.678888,119.0,open-meteo_ecmwf_ifs,daily,30.067501,15.5175,30.4,12.190415,3.6717129,55.710644,0.0,33.24591736902198,6.611001469541332
2018-01-04 00:00:00+00:00,-35.576666,-71.678888,119.0,open-meteo_ecmwf_ifs,daily,26.817501,16.167501,14.82,13.577916,2.3567677,65.111855,0.2,33.21015028463107,3.7705846686970617
2018-01-05 00:00:00+00:00,-35.576666,-71.678888,119.0,open-meteo_ecmwf_ifs,daily,27.0175,12.2175,33.04,7.825834,4.833153,51.851032,0.0,33.171596881914056,6.788516885535867
2018-01-06 00:00:00+00:00,-35.576666,-71.678888,119.0,open-meteo_ecmwf_ifs,daily,31.417501,13.6675,32.82,6.055,6.7882953,38.767197,0.0,33.13025919454076,8.75624951764762
2018-01-07 00:00:00+00:00,-35.576666,-71.678888,119.0,open-meteo_ecmwf_ifs,daily,33.2175,16.667501,32.61,11.96333,4.457659,49.621876,0.0,33.08613956776759,7.860163822997276
2018-01-08 00:00:00+00:00,-35.576666,-71.678888,119.0,open-meteo_ecmwf_ifs,daily,31.567501,15.867499,28.5,12.967498,4.5277114,58.33241,0.0,33.03924067031084,6.83591549894822
2018-01-09 00:00:00+00:00,-35.576666,-71.678888,119.0,open-meteo_ecmwf_ifs,daily,31.8675,16.417501,30.32,13.759166,2.0156205,58.65833,0.0,32.989565507020814,6.1928143104775
2018-01-10 00:00:00+00:00,-35.576666,-71.678888,119.0,open-meteo_ecmwf_ifs,daily,33.4175,18.1175,30.82,12.919583,2.781928,49.239548,0.0,32.937117432366975,7.021256850005798
2018-01-11 00:00:00+00:00,-35.576666,-71.678888,119.0,open-meteo_ecmwf_ifs,daily,33.6175,16.817501,32.09,11.9487505,1.5360931,47.19427,0.0,32.88190016474234,6.453922327019604
2018-01-12 00:00:00+00:00,-35.576666,-71.678888,119.0,open-meteo_ecmwf_ifs,daily,31.8675,16.4675,32.27,10.102916,2.362119,44.19076,0.0,32.82391780159229,6.803532821314046
2018-01-13 00:00:00+00:00,-35.576666,-71.678888,119.0,open-meteo_ecmwf_ifs,daily,29.1175,14.867499,30.03,7.3508334,3.2142231,39.824863,0.0,32.763174835370144,6.6560522770196995
2018-01-14 00:00:00+00:00,-35.576666,-71.678888,119.0,open-meteo_ecmwf_ifs,daily,27.9675,15.8175,26.6,10.579998,2.1970966,49.74146,0.0,32.69967617031844,5.525523643618362
2018-01-15 00:00:00+00:00,-35.576666,-71.678888,119.0,open-meteo_ecmwf_ifs,daily,22.067501,15.5175,11.98,11.982082,3.272228,66.07515,0.3,32.633427140070864,3.2860330038227707
2018-01-16 00:00:00+00:00,-35.576666,-71.678888,119.0,open-meteo_ecmwf_ifs,daily,27.5175,14.0175,28.05,10.686249,1.4459867,56.314655,0.0,32.56443352606643,5.184324842338605
2018-01-17 00:00:00+00:00,-35.576666,-71.678888,119.0,open-meteo_ecmwf_ifs,daily,29.817501,14.867499,32.45,8.415417,4.91898,44.12572,0.0,32.492701576762755,7.581475199368132
2018-01-18 00:00:00+00:00,-35.576666,-71.678888,119.0,open-meteo_ecmwf_ifs,daily,32.4675,15.117499,31.76,10.365417,4.259648,47.590237,0.0,32.418238027631375,7.474393137100464
2018-01-19 00:00:00+00:00,-35.576666,-71.678888,119.0,open-meteo_ecmwf_ifs,daily,31.667501,16.9675,30.82,11.690415,3.7088099,46.157093,0.0,32.341050121913234,7.138832338874004
2018-01-20 00:00:00+00:00,-35.576666,-71.678888,119.0,open-meteo_ecmwf_ifs,daily,29.7175,16.567501,25.02,13.765416,2.6061342,60.817623,0.0,32.26114563210792,5.460559559079846
2018-01-21 00:00:00+00:00,-35.576666,-71.678888,119.0,open-meteo_ecmwf_ifs,daily,27.2175,16.6175,18.87,13.975834,1.8962412,62.761555,0.0,32.17853288216571,4.144116734658474
2018-01-22 00:00:00+00:00,-35.576666,-71.678888,119.0,open-meteo_ecmwf_ifs,daily,28.5175,16.8675,19.73,14.398747,2.2547796,65.19947,0.0,32.093220770346235,4.48701576013224
2018-01-23 00:00:00+00:00,-35.576666,-71.678888,119.0,open-meteo_ecmwf_ifs,daily,28.817501,15.2675,28.87,12.488331,1.7345861,57.997295,0.3,32.00521879270314,5.4992452603248925
2018-01-24 00:00:00+00:00,-35.576666,-71.678888,119.0,open-meteo_ecmwf_ifs,daily,31.0175,15.7675,31.03,10.407083,2.0261083,46.589832,0.0,31.914537067149286,6.240772220731738
2018-01-25 00:00:00+00:00,-35.576666,-71.678888,119.0,open-meteo_ecmwf_ifs,daily,30.2675,15.2675,30.99,9.821666,1.5105333,47.461456,0.0,31.821186358052138,5.875208309040291
2018-01-26 00:00:00+00:00,-35.576666,-71.678888,119.0,open-meteo_ecmwf_ifs,daily,27.667501,13.617499,31.18,8.554999,1.7746254,49.758015,0.0,31.725178101304447,5.698993389421919
2018-01-27 00:00:00+00:00,-35.576666,-71.678888,119.0,open-meteo_ecmwf_ifs,daily,29.667501,14.6675,31.59,5.8195825,5.1120143,38.893177,0.0,31.626524429810903,7.792233264491161
2018-01-28 00:00:00+00:00,-35.576666,-71.678888,119.0,open-meteo_ecmwf_ifs,daily,31.567501,13.9175,31.76,5.73,5.4019923,37.701748,0.0,31.52523819932702,8.129805270284937
2018-01-29 00:00:00+00:00,-35.576666,-71.678888,119.0,open-meteo_ecmwf_ifs,daily,30.7175,13.9175,31.24,7.721667,2.7021182,42.269653,0.0,31.421333014582206,6.491458547169922
2018-01-30 00:00:00+00:00,-35.576666,-71.678888,119.0,open-meteo_ecmwf_ifs,daily,30.567501,14.5175,30.93,8.78,4.126951,48.4396,0.0,31.314823255615398,7.062238065221311
2018-01-31 00:00:00+00:00,-35.576666,-71.678888,119.0,open-meteo_ecmwf_ifs,daily,33.2175,13.9675,30.96,5.9154167,4.419591,36.416004,0.0,31.20572410424755,7.80900416020641
2018-02-01 00:00:00+00:00,-35.576666,-71.678888,119.0,open-meteo_ecmwf_ifs,daily,33.517498,17.0175,30.44,8.642499,1.7693504,36.351322,0.0,31.094051570612248,6.319891594532698
2018-02-02 00:00:00+00:00,-35.576666,-71.678888,119.0,open-meteo_ecmwf_ifs,daily,29.8675,16.3675,29.11,13.059165,2.5276375,55.18341,0.0,30.979822519662267,5.9297263769754665
2018-02-03 00:00:00+00:00,-35.576666,-71.678888,119.0,open-meteo_ecmwf_ifs,daily,31.2675,17.167501,29.31,14.7300005,1.7208966,59.294712,0.0,30.863054697567428,5.769171432985563
2018-02-04 00:00:00+00:00,-35.576666,-71.678888,119.0,open-meteo_ecmwf_ifs,daily,32.267498,18.067501,28.71,13.380001,2.1980717,53.97524,0.0,30.7437667579164,6.146320676856632
2018-02-05 00:00:00+00:00,-35.576666,-71.678888,119.0,open-meteo_ecmwf_ifs,daily,28.2675,17.5175,23.43,12.427915,2.7213078,53.53247,0.0,30.621978287633087,5.306257672086861
2018-02-06 00:00:00+00:00,-35.576666,-71.678888,119.0,open-meteo_ecmwf_ifs,daily,29.917501,17.167501,28.68,12.74875,2.0116596,55.883053,0.0,30.49770983251678,5.754523737686935
2018-02-07 00:00:00+00:00,-35.576666,-71.678888,119.0,open-meteo_ecmwf_ifs,daily,29.6175,15.2675,29.4,10.057082,3.3758214,48.376328,0.0,30.37098292231346,6.362470373694928
2018-02-08 00:00:00+00:00,-35.576666,-71.678888,119.0,open-meteo_ecmwf_ifs,daily,28.8675,15.9175,29.07,9.332083,4.304088,45.832123,0.0,30.24182009522503,6.75899191438199
2018-02-09 00:00:00+00:00,-35.576666,-71.678888,119.0,open-meteo_ecmwf_ifs,daily,26.417501,13.1675,30.11,5.219583,6.513409,41.379475,0.0,30.11024492176264,7.286356187276543
2018-02-10 00:00:00+00:00,-35.576666,-71.678888,119.0,open-meteo_ecmwf_ifs,daily,26.067501,11.9175,24.93,3.3237507,6.383036,39.10227,0.0,29.976282027850047,6.83193778832922
2018-02-11 00:00:00+00:00,-35.576666,-71.678888,119.0,open-meteo_ecmwf_ifs,daily,30.167501,11.9175,30.07,3.4070835,4.1565223,36.422955,0.0,29.839957117083305,6.988814772794986
2018-02-12 00:00:00+00:00,-35.576666,-71.678888,119.0,open-meteo_ecmwf_ifs,daily,33.567497,15.2675,29.4,5.565417,4.058677,34.443108,0.0,29.701296992053567,7.594888524665748
2018-02-13 00:00:00+00:00,-35.576666,-71.678888,119.0,open-meteo_ecmwf_ifs,daily,31.6175,15.4175,28.59,9.854999,2.858096,43.759052,0.0,29.56032957464113,6.260702773540628
2018-02-14 00:00:00+00:00,-35.576666,-71.678888,119.0,open-meteo_ecmwf_ifs,daily,30.1175,14.367499,27.84,12.377915,1.9319404,60.28592,0.0,29.417083925189928,5.312146327271488
2018-02-15 00:00:00+00:00,-35.576666,-71.678888,119.0,open-meteo_ecmwf_ifs,daily,31.067501,16.3675,28.12,12.152917,1.5272561,53.487087,0.0,29.271590260473825,5.419790811631184
2018-02-16 00:00:00+00:00,-35.576666,-71.678888,119.0,open-meteo_ecmwf_ifs,daily,33.3675,15.867499,27.95,11.746665,2.947856,49.653973,0.0,29.123879970368154,6.305341412215332
2018-02-17 00:00:00+00:00,-35.576666,-71.678888,119.0,open-meteo_ecmwf_ifs,daily,33.017498,17.067501,27.97,9.3445835,3.8295224,41.16195,0.0,28.97398563314238,7.095611369397549
2018-02-18 00:00:00+00:00,-35.576666,-71.678888,119.0,open-meteo_ecmwf_ifs,daily,29.6175,17.9675,23.98,12.421668,2.4008424,52.40628,0.0,28.82194102929299,5.3209645327478095
2018-02-19 00:00:00+00:00,-35.576666,-71.678888,119.0,open-meteo_ecmwf_ifs,daily,29.167501,16.2675,23.37,11.602917,1.9994005,54.33758,0.3,28.667781153838693,4.896386216721939
2018-02-20 00:00:00+00:00,-35.576666,-71.678888,119.0,open-meteo_ecmwf_ifs,daily,27.667501,14.9675,24.08,12.248748,1.3945762,63.884705,3.5999997,28.511542227003805,4.444606300369664
2018-02-21 00:00:00+00:00,-35.576666,-71.678888,119.0,open-meteo_ecmwf_ifs,daily,30.2675,16.2675,27.0,12.071666,2.929718,54.25848,0.0,28.353261703219577,5.782872915420132
2018-02-22 00:00:00+00:00,-35.576666,-71.678888,119.0,open-meteo_ecmwf_ifs,daily,31.067501,14.9175,27.14,8.79875,3.0323515,44.94965,0.0,28.19297827837718,6.05081430556628
2018-02-23 00:00:00+00:00,-35.576666,-71.678888,119.0,open-meteo_ecmwf_ifs,daily,27.917501,17.167501,22.22,14.72375,2.405039,66.14348,5.6000004,28.030731895270996,4.587093566897217
2018-02-24 00:00:00+00:00,-35.576666,-71.678888,119.0,open-meteo_ecmwf_ifs,daily,29.5175,15.4675,25.4,11.840416,1.9372846,55.755005,0.0,27.866563747175086,4.991907481023479
2018-02-25 00:00:00+00:00,-35.576666,-71.678888,119.0,open-meteo_ecmwf_ifs,daily,29.567501,13.867499,26.2,13.061249,1.2908796,65.50244,0.0,27.70051627950107,4.635559129292388
2018-02-26 00:00:00+00:00,-35.576666,-71.678888,119.0,open-meteo_ecmwf_ifs,daily,31.067501,15.9675,25.93,11.350833,2.341656,50.498287,0.0,27.532633189490426,5.440808669534582
2018-02-27 00:00:00+00:00,-35.576666,-71.678888,119.0,open-meteo_ecmwf_ifs,daily,28.417501,16.4675,24.28,12.782083,2.0358412,60.309612,0.0,27.36295942390016,4.80251099771551
2018-02-28 00:00:00+00:00,-35.576666,-71.678888,119.0,open-meteo_ecmwf_ifs,daily,29.7675,14.2675,25.26,12.99875,1.5237602,63.203506,0.0,27.19154117464558,4.617175937664597
2018-03-01 00:00:00+00:00,-35.576666,-71.678888,119.0,open-meteo_ecmwf_ifs,daily,31.417501,15.7175,25.83,11.652916,1.947971,53.48735,0.0,27.018425872370212,5.176218848289046
2018-03-02 00:00:00+00:00,-35.576666,-71.678888,119.0,open-meteo_ecmwf_ifs,daily,31.417501,15.2175,25.47,12.402915,1.8388914,55.337368,0.0,26.843662177918468,4.987957927659012
2018-03-03 00:00:00+00:00,-35.576666,-71.678888,119.0,open-meteo_ecmwf_ifs,daily,28.8675,14.7675,25.2,11.617499,1.5518541,58.46187,0.0,26.667299971692508,4.60363766730257
2018-03-04 00:00:00+00:00,-35.576666,-71.678888,119.0,open-meteo_ecmwf_ifs,daily,28.7675,14.2175,25.16,9.819583,3.8757312,52.890156,0.0,26.489390340880778,5.621268260172381
2018-03-05 00:00:00+00:00,-35.576666,-71.678888,119.0,open-meteo_ecmwf_ifs,daily,31.0175,13.4175,25.94,4.0716662,5.2017493,35.40358,0.0,26.309985564551923,7.162925300905262
2018-03-06 00:00:00+00:00,-35.576666,-71.678888,119.0,open-meteo_ecmwf_ifs,daily,30.667501,14.117499,25.22,7.604999,2.5766451,42.917065,0.0,26.129139096613578,5.387986054254047
2018-03-07 00:00:00+00:00,-35.576666,-71.678888,119.0,open-meteo_ecmwf_ifs,daily,26.3675,14.367499,23.67,11.28,2.8313982,60.585094,0.0,25.94690554664178,4.612337763510325
2018-03-08 00:00:00+00:00,-35.576666,-71.678888,119.0,open-meteo_ecmwf_ifs,daily,27.417501,13.5175,24.07,12.429999,2.1670873,66.61964,0.0,25.76334065859289,4.350238563577628
2018-03-09 00:00:00+00:00,-35.576666,-71.678888,119.0,open-meteo_ecmwf_ifs,daily,25.6175,13.0175,23.46,11.463332,2.331541,65.782555,0.0,25.578501287415808,4.168343416137967
2018-03-10 00:00:00+00:00,-35.576666,-71.678888,119.0,open-meteo_ecmwf_ifs,daily,23.7675,14.117499,22.99,8.894582,3.6567094,59.448742,0.4,25.392445373588373,4.695340550083893
2018-03-11 00:00:00+00:00,-35.576666,-71.678888,119.0,open-meteo_ecmwf_ifs,daily,26.667501,11.867499,24.67,3.8466673,5.6652036,40.57643,0.0,25.205231915607783,6.280823389578714
2018-03-12 00:00:00+00:00,-35.576666,-71.678888,119.0,open-meteo_ecmwf_ifs,daily,25.667501,12.7675,23.54,9.788333,4.5853343,60.23819,0.0,25.016920940470605,4.922850562020566
2018-03-13 00:00:00+00:00,-35.576666,-71.678888,119.0,open-meteo_ecmwf_ifs,daily,25.2175,10.2675,24.68,2.884167,5.024402,41.233814,0.0,24.827573472183776,5.663379600996544
2018-03-14 00:00:00+00:00,-35.576666,-71.678888,119.0,open-meteo_ecmwf_ifs,daily,22.5175,10.5675,18.5,7.0674996,2.7699406,56.41383,0.0,24.6372514983535,3.6337384981186016
2018-03-15 00:00:00+00:00,-35.576666,-71.678888,119.0,open-meteo_ecmwf_ifs,daily,26.1175,10.9175,23.08,8.700833,3.2469652,62.588825,0.0,24.446017934904575,4.419211568235681
2018-03-16 00:00:00+00:00,-35.576666,-71.678888,119.0,open-meteo_ecmwf_ifs,daily,25.317501,9.8175,23.67,5.0862503,2.9325206,49.06773,0.0,24.253936588987592,4.471666535064581
2018-03-17 00:00:00+00:00,-35.576666,-71.678888,119.0,open-meteo_ecmwf_ifs,daily,18.3675,13.4675,6.54,11.752917,4.319023,79.42915,23.2,24.06107212013698,2.0368765293554487
2018-03-18 00:00:00+00:00,-35.576666,-71.678888,119.0,open-meteo_ecmwf_ifs,daily,21.417501,8.367499,22.55,8.054999,3.5968087,71.79415,0.0,23.867489999747544,3.5798323627155515
2018-03-19 00:00:00+00:00,-35.576666,-71.678888,119.0,open-meteo_ecmwf_ifs,daily,22.2175,7.7675004,22.74,7.7591662,2.6333811,64.72079,0.0,23.673256468941727,3.477188973524103
2018-03-20 00:00:00+00:00,-35.576666,-71.678888,119.0,open-meteo_ecmwf_ifs,daily,25.7175,10.2675,22.35,9.746665,3.1420372,65.13578,0.0,23.47843849490461,4.004371652871389
2018-03-21 00:00:00+00:00,-35.576666,-71.678888,119.0,open-meteo_ecmwf_ifs,daily,26.417501,11.2675,22.09,10.300832,1.983915,68.0783,0.0,23.283103725767546,3.752955177555954
2018-03-22 00:00:00+00:00,-35.576666,-71.678888,119.0,open-meteo_ecmwf_ifs,daily,24.8675,12.9175,17.98,8.990417,2.4858923,59.930492,0.1,23.087320444125538,3.674154779777651
2018-03-23 00:00:00+00:00,-35.576666,-71.678888,119.0,open-meteo_ecmwf_ifs,daily,24.567501,15.367499,15.59,12.577916,3.0493155,71.25112,1.9000001,22.891157519277098,3.4584056786239246
2018-03-24 00:00:00+00:00,-35.576666,-71.678888,119.0,open-meteo_ecmwf_ifs,daily,21.8675,11.2675,22.38,6.044583,5.8581357,53.11421,0.0,22.69468435827871,4.768060419433486
2018-03-25 00:00:00+00:00,-35.576666,-71.678888,119.0,open-meteo_ecmwf_ifs,daily,25.067501,9.117499,21.77,5.4341674,4.240762,54.791916,0.0,22.49797085590935,4.518838822161941
2018-03-26 00:00:00+00:00,-35.576666,-71.678888,119.0,open-meteo_ecmwf_ifs,daily,24.2175,11.2675,21.2,7.7779164,3.7042027,57.36233,0.0,22.301087343643164,4.166907420182934
2018-03-27 00:00:00+00:00,-35.576666,-71.678888,119.0,open-meteo_ecmwf_ifs,daily,26.5175,11.2675,20.43,9.071667,3.5773695,61.730328,0.0,22.1041045377313,4.178857852096542
2018-03-28 00:00:00+00:00,-35.576666,-71.678888,119.0,open-meteo_ecmwf_ifs,daily,28.417501,12.117499,20.48,8.98,3.8565958,57.166782,0.0,21.907093486495786,4.630569177014515
2018-03-29 00:00:00+00:00,-35.576666,-71.678888,119.0,open-meteo_ecmwf_ifs,daily,28.917501,15.2175,20.14,11.679997,5.047857,60.751804,0.0,21.710125516940877,5.143889192870861
2018-03-30 00:00:00+00:00,-35.576666,-71.678888,119.0,open-meteo_ecmwf_ifs,daily,27.917501,14.2175,20.19,8.021667,6.33147,46.020176,0.0,21.51327218078823,5.908874854584669
2018-03-31 00:00:00+00:00,-35.576666,-71.678888,119.0,open-meteo_ecmwf_ifs,daily,21.3675,14.367499,11.85,11.725833,2.777561,69.314095,0.0,21.316605200044542,2.6231703650804072
2018-04-01 00:00:00+00:00,-35.576666,-71.678888,119.0,open-meteo_ecmwf_ifs,daily,25.417501,11.2675,17.57,10.3425,2.1310728,64.42684,0.0,21.12019641221057,3.1425710984567776
2018-04-02 00:00:00+00:00,-35.576666,-71.678888,119.0,open-meteo_ecmwf_ifs,daily,27.2175,11.8175,19.33,10.738332,1.5928845,62.913513,0.0,20.92411771524169,3.2314804836784288
2018-04-03 00:00:00+00:00,-35.576666,-71.678888,119.0,open-meteo_ecmwf_ifs,daily,25.8675,11.3175,18.8,11.594582,1.3728486,70.08435,0.0,20.72844101237038,2.9258757627804535
2018-04-04 00:00:00+00:00,-35.576666,-71.678888,119.0,open-meteo_ecmwf_ifs,daily,24.817501,12.1675,16.25,12.421666,2.4767458,73.27689,0.2,20.533238156901373,2.908227687093408
2018-04-05 00:00:00+00:00,-35.576666,-71.678888,119.0,open-meteo_ecmwf_ifs,daily,18.067501,11.9175,9.35,6.6924996,5.4475684,60.804165,0.8,20.3385808970898,3.1764725048344156
2018-04-06 00:00:00+00:00,-35.576666,-71.678888,119.0,open-meteo_ecmwf_ifs,daily,18.9675,8.0675,13.35,4.2341666,2.437986,54.60429,1.1,20.1445408212124,2.5887797936968835
2018-04-07 00:00:00+00:00,-35.576666,-71.678888,119.0,open-meteo_ecmwf_ifs,daily,20.917501,6.5675,13.69,6.500833,2.4500506,68.57389,0.0,19.95118930294109,2.420152591813609
2018-04-08 00:00:00+00:00,-35.576666,-71.678888,119.0,open-meteo_ecmwf_ifs,daily,24.4675,8.2675,18.41,6.7425003,1.7859942,61.26271,0.0,19.75859744712707,2.8912965255432206
2018-04-09 00:00:00+00:00,-35.576666,-71.678888,119.0,open-meteo_ecmwf_ifs,daily,21.9675,9.3175,15.16,9.757083,3.3378668,71.169075,1.1,19.56683603610241,2.664821430876284
2018-04-10 00:00:00+00:00,-35.576666,-71.678888,119.0,open-meteo_ecmwf_ifs,daily,19.6175,13.0675,7.83,11.925831,4.9964404,79.21513,19.300001,19.375975476604328,2.197785400801635
2018-04-11 00:00:00+00:00,-35.576666,-71.678888,119.0,open-meteo_ecmwf_ifs,daily,14.9675,10.9675,2.74,12.329999,4.339366,89.00614,24.699999,19.186085747425686,0.6788813683247621
2018-04-12 00:00:00+00:00,-35.576666,-71.678888,119.0,open-meteo_ecmwf_ifs,daily,18.7675,7.2675004,17.95,5.669584,3.940519,70.167984,0.0,18.99723634789291,2.865341429454117
2018-04-13 00:00:00+00:00,-35.576666,-71.678888,119.0,open-meteo_ecmwf_ifs,daily,19.067501,6.3675003,17.51,7.9779162,1.2515625,77.17826,0.0,18.809496247270182,2.0651442952114607
2018-04-14 00:00:00+00:00,-35.576666,-71.678888,119.0,open-meteo_ecmwf_ifs,daily,19.7675,6.0175004,16.26,8.6675005,2.1476705,81.222725,0.0,18.622933835186203,2.059359468163933
2018-04-15 00:00:00+00:00,-35.576666,-71.678888,119.0,open-meteo_ecmwf_ifs,daily,20.9675,9.2675,14.55,10.302917,1.8555263,80.966484,0.0,18.43761687317673,2.105014089799158
2018-04-16 00:00:00+00:00,-35.576666,-71.678888,119.0,open-meteo_ecmwf_ifs,daily,21.2675,9.9675,12.47,11.650832,2.2743883,82.71916,0.0,18.2536124474332,1.9579662976569294
2018-04-17 00:00:00+00:00,-35.576666,-71.678888,119.0,open-meteo_ecmwf_ifs,daily,19.2175,10.617499,16.92,9.359166,4.4010887,70.81583,0.0,18.070986922844185,2.707814142401594
2018-04-18 00:00:00+00:00,-35.576666,-71.678888,119.0,open-meteo_ecmwf_ifs,daily,19.6175,7.6175003,15.71,6.409167,3.7117107,69.04678,0.0,17.889805898412995,2.661081118133046
2018-04-19 00:00:00+00:00,-35.576666,-71.678888,119.0,open-meteo_ecmwf_ifs,daily,18.817501,9.0675,13.2,9.800832,2.4054859,81.496346,0.0,17.71013416413094,1.8999469517088057
2018-04-20 00:00:00+00:00,-35.576666,-71.678888,119.0,open-meteo_ecmwf_ifs,daily,21.8675,10.8175,15.71,11.613334,2.4763076,80.636635,0.0,17.532035659381737,2.292532936114009
2018-04-21 00:00:00+00:00,-35.576666,-71.678888,119.0,open-meteo_ecmwf_ifs,daily,21.7675,8.8175,13.91,11.217499,2.4600952,82.2481,0.0,17.35557343294843,2.004227139184551
2018-04-22 00:00:00+00:00,-35.576666,-71.678888,119.0,open-meteo_ecmwf_ifs,daily,22.7175,9.7175,13.8,11.665416,2.6072824,81.508965,0.0,17.180809604689966,2.131466992843025
2018-04-23 00:00:00+00:00,-35.576666,-71.678888,119.0,open-meteo_ecmwf_ifs,daily,19.0175,8.6675,14.55,7.019583,3.585882,66.45522,0.0,17.00780532894982,2.475342780732658
2018-04-24 00:00:00+00:00,-35.576666,-71.678888,119.0,open-meteo_ecmwf_ifs,daily,16.917501,7.2675004,14.82,6.6529174,2.3377647,73.00691,0.0,16.836620759754656,1.9267147636202948
2018-04-25 00:00:00+00:00,-35.576666,-71.678888,119.0,open-meteo_ecmwf_ifs,daily,20.4675,5.4175,14.88,6.602917,1.828146,74.66583,0.0,16.66731501785606,1.9366761916893431
2018-04-26 00:00:00+00:00,-35.576666,-71.678888,119.0,open-meteo_ecmwf_ifs,daily,20.9675,5.8175,11.49,7.58625,3.4139054,73.6274,0.0,16.499946159663512,2.0824554424624004
2018-04-27 00:00:00+00:00,-35.576666,-71.678888,119.0,open-meteo_ecmwf_ifs,daily,16.9675,10.6675,11.1,9.513332,3.7271173,76.534035,9.5,16.334571148111646,1.8839517686336371
2018-04-28 00:00:00+00:00,-35.576666,-71.678888,119.0,open-meteo_ecmwf_ifs,daily,16.3675,7.7175,10.51,5.805,2.4866924,69.733284,0.0,16.171245825499675,1.7982434485736065
2018-04-29 00:00:00+00:00,-35.576666,-71.678888,119.0,open-meteo_ecmwf_ifs,daily,16.2675,5.3175,12.0,7.359167,1.2081605,83.58759,0.0,16.010024888335618,1.321232100363269
2018-04-30 00:00:00+00:00,-35.576666,-71.678888,119.0,open-meteo_ecmwf_ifs,daily,18.7675,5.2675004,13.65,7.371666,2.1684325,82.2958,0.0,15.850961864212444,1.6728551024137959
2018-05-01 00:00:00+00:00,-35.576666,-71.678888,119.0,open-meteo_ecmwf_ifs,daily,19.5175,7.3175,13.38,9.496667,1.4009117,84.11546,0.0,15.69410909073796,1.5487750667115685
2018-05-02 00:00:00+00:00,-35.576666,-71.678888,119.0,open-meteo_ecmwf_ifs,daily,18.6175,10.0675,11.14,10.094583,1.5206261,82.13545,0.0,15.539517696534558,1.5142226201575002
2018-05-03 00:00:00+00:00,-35.576666,-71.678888,119.0,open-meteo_ecmwf_ifs,daily,18.2175,9.2175,8.44,10.221666,2.7689276,80.636536,0.5,15.387237584319347,1.4440456525286096
2018-05-04 00:00:00+00:00,-35.576666,-71.678888,119.0,open-meteo_ecmwf_ifs,daily,17.7175,10.3175,7.92,8.132083,2.642277,72.28259,1.4,15.23731741606957,1.7446547327539315
2018-05-05 00:00:00+00:00,-35.576666,-71.678888,119.0,open-meteo_ecmwf_ifs,daily,22.0175,8.7175,12.16,10.417499,2.0066476,84.54534,0.0,15.089804600272513,1.7346842946618044
2018-05-06 00:00:00+00:00,-35.576666,-71.678888,119.0,open-meteo_ecmwf_ifs,daily,19.817501,11.1675,10.22,11.467499,2.3030415,83.83798,1.0,14.944745281253237,1.5950074651957868
2018-05-07 00:00:00+00:00,-35.576666,-71.678888,119.0,open-meteo_ecmwf_ifs,daily,16.167501,12.3175,4.05,12.7425,1.3226725,91.99939,13.7,14.802184330567776,0.8260989351954329
2018-05-08 00:00:00+00:00,-35.576666,-71.678888,119.0,open-meteo_ecmwf_ifs,daily,16.067501,10.7675,7.23,10.882081,1.4279982,90.358345,0.0,14.662165340443707,1.0666480502353657
2018-05-09 00:00:00+00:00,-35.576666,-71.678888,119.0,open-meteo_ecmwf_ifs,daily,16.1175,8.5175,7.16,9.548749,1.2712855,88.834785,0.0,14.524730619244101,1.0207679864240966
2018-05-10 00:00:00+00:00,-35.576666,-71.678888,119.0,open-meteo_ecmwf_ifs,daily,17.417501,6.7675004,10.09,8.607083,1.2579434,87.01147,0.0,14.389921188925282,1.1692831785786213
2018-05-11 00:00:00+00:00,-35.576666,-71.678888,119.0,open-meteo_ecmwf_ifs,daily,19.0175,8.0175,12.59,8.038333,3.2543812,78.33468,0.0,14.25777678445285,1.8691908234268266
2018-05-12 00:00:00+00:00,-35.576666,-71.678888,119.0,open-meteo_ecmwf_ifs,daily,16.7675,7.9675,9.65,9.152916,1.5109649,87.374825,0.0,14.128335855135033,1.1576139457784522
2018-05-13 00:00:00+00:00,-35.576666,-71.678888,119.0,open-meteo_ecmwf_ifs,daily,18.6175,7.8675003,9.26,9.2195835,2.6730764,83.89004,1.8,14.001635567826561,1.4245976273338476
2018-05-14 00:00:00+00:00,-35.576666,-71.678888,119.0,open-meteo_ecmwf_ifs,daily,15.8175,8.9675,6.72,9.977916,1.2483077,87.00531,11.2,13.877711811950917,0.9370576650191198
2018-05-15 00:00:00+00:00,-35.576666,-71.678888,119.0,open-meteo_ecmwf_ifs,daily,11.617499,8.1675,3.29,6.471668,2.7355626,79.87363,0.0,13.75659920628324,1.0272483068713039
2018-05-16 00:00:00+00:00,-35.576666,-71.678888,119.0,open-meteo_ecmwf_ifs,daily,13.5175,7.4675,3.78,6.5154166,1.4365754,79.898674,0.5,13.638331107430961,0.9305515734227171
2018-05-17 00:00:00+00:00,-35.576666,-71.678888,119.0,open-meteo_ecmwf_ifs,daily,16.9675,7.8175,8.96,8.552917,1.2421814,81.77655,1.0,13.52293961994383,1.0862956968153226
2018-05-18 00:00:00+00:00,-35.576666,-71.678888,119.0,open-meteo_ecmwf_ifs,daily,16.1175,8.4175,9.54,8.892501,3.448699,87.35142,0.0,13.410455607980365,1.3350833455828428
2018-05-19 00:00:00+00:00,-35.576666,-71.678888,119.0,open-meteo_ecmwf_ifs,daily,17.8675,5.9175,11.49,6.663334,3.2761662,76.62755,0.0,13.300908708452313,1.6115636721559097
2018-05-20 00:00:00+00:00,-35.576666,-71.678888,119.0,open-meteo_ecmwf_ifs,daily,17.7175,5.2675004,7.66,8.142501,2.5827143,85.034424,0.0,13.194327345564675,1.1372225070085658
2018-05-21 00:00:00+00:00,-35.576666,-71.678888,119.0,open-meteo_ecmwf_ifs,daily,13.4175,6.0175004,11.01,5.792501,3.582694,80.232506,0.0,13.090738746663735,1.3123760914267444
2018-05-22 00:00:00+00:00,-35.576666,-71.678888,119.0,open-meteo_ecmwf_ifs,daily,14.2175,3.0674999,11.9,3.8675,2.838743,79.77822,0.0,12.990168959301942,1.2785526533521865
2018-05-23 00:00:00+00:00,-35.576666,-71.678888,119.0,open-meteo_ecmwf_ifs,daily,12.9175,2.5674999,8.99,4.915417,1.8823594,87.690254,0.0,12.892642869424003,0.8692753334023613
2018-05-24 00:00:00+00:00,-35.576666,-71.678888,119.0,open-meteo_ecmwf_ifs,daily,15.7175,3.0175,9.76,6.0779166,1.5466624,87.426,0.0,12.79818422057518,0.9333592872113824
2018-05-25 00:00:00+00:00,-35.576666,-71.678888,119.0,open-meteo_ecmwf_ifs,daily,16.317501,5.3675003,9.85,7.3549995,0.868017,86.35547,0.0,12.706815634029265,0.8902932458541902
2018-05-26 00:00:00+00:00,-35.576666,-71.678888,119.0,open-meteo_ecmwf_ifs,daily,11.7175,4.9675,2.42,7.3945827,2.4728906,91.52448,7.4999995,12.61855862973075,0.5504635674744549
2018-05-27 00:00:00+00:00,-35.576666,-71.678888,119.0,open-meteo_ecmwf_ifs,daily,15.9675,6.5175004,6.87,8.507084,1.398191,87.78555,0.0,12.533433647942898,0.8575457233398611
2018-05-28 00:00:00+00:00,-35.576666,-71.678888,119.0,open-meteo_ecmwf_ifs,daily,13.0175,9.5175,1.92,9.532082,2.5867605,90.30093,8.3,12.45146007149115,0.7234894596386704
2018-05-29 00:00:00+00:00,-35.576666,-71.678888,119.0,open-meteo_ecmwf_ifs,daily,13.6675,10.2675,3.75,9.53,4.3925548,82.64983,20.800001,12.372656248489434,1.0294068829847751
2018-05-30 00:00:00+00:00,-35.576666,-71.678888,119.0,open-meteo_ecmwf_ifs,daily,13.617499,5.9175,10.07,5.3487506,3.4002762,82.91644,0.0,12.297039515435285,1.2820388561073628
2018-05-31 00:00:00+00:00,-35.576666,-71.678888,119.0,open-meteo_ecmwf_ifs,daily,11.5175,3.5175,9.15,3.5508335,2.8687656,80.40869,0.0,12.224626220558676,1.036758287101286
2018-06-01 00:00:00+00:00,-35.576666,-71.678888,119.0,open-meteo_ecmwf_ifs,daily,10.6675,0.51750004,10.98,1.5508333,1.7976557,73.815926,0.0,12.1554317473089,0.8374767540592187
2018-06-02 00:00:00+00:00,-35.576666,-71.678888,119.0,open-meteo_ecmwf_ifs,daily,12.367499,-0.1325,9.97,3.1987503,0.98823327,84.27769,0.0,12.089470537863436,0.6729593628672643
2018-06-03 00:00:00+00:00,-35.576666,-71.678888,119.0,open-meteo_ecmwf_ifs,daily,12.1675,1.3175,8.79,3.6508338,1.8240906,82.0165,0.3,12.026756116543403,0.7783930642401338
2018-06-04 00:00:00+00:00,-35.576666,-71.678888,119.0,open-meteo_ecmwf_ifs,daily,10.617499,0.86749995,6.5,2.5133333,2.3440473,85.49348,0.1,11.96730111302065,0.7956947502564199
2018-06-05 00:00:00+00:00,-35.576666,-71.678888,119.0,open-meteo_ecmwf_ifs,daily,6.3675003,0.51750004,1.42,1.9133334,1.2887002,94.81391,8.5,11.911117285203076,0.4791434419256313
2018-06-06 00:00:00+00:00,-35.576666,-71.678888,119.0,open-meteo_ecmwf_ifs,daily,13.2675,4.4675,10.92,4.41125,3.847338,79.16051,2.1,11.858215541686578,1.2618811897787607
2018-06-07 00:00:00+00:00,-35.576666,-71.678888,119.0,open-meteo_ecmwf_ifs,daily,12.7175,0.51750004,9.91,2.590417,2.3668325,81.3823,0.0,11.808605963664144,0.9088458126002095
2018-06-08 00:00:00+00:00,-35.576666,-71.678888,119.0,open-meteo_ecmwf_ifs,daily,12.4175,5.1175003,3.88,5.084166,1.5221143,80.13888,0.2,11.762297826185879,0.8006472262376589
2018-06-09 00:00:00+00:00,-35.576666,-71.678888,119.0,open-meteo_ecmwf_ifs,daily,13.7175,8.5675,1.85,9.49875,5.16322,91.08802,22.399998,11.719299618666536,0.7974450500409467
2018-06-10 00:00:00+00:00,-35.576666,-71.678888,119.0,open-meteo_ecmwf_ifs,daily,10.9175,7.6175003,2.64,7.457083,4.5597243,89.16932,37.0,11.679619064541582,0.7735764086219792
2018-06-11 00:00:00+00:00,-35.576666,-71.678888,119.0,open-meteo_ecmwf_ifs,daily,8.5175,4.9675,4.31,4.19875,3.4323664,86.51823,5.4999995,11.643263139976678,0.7949699940352339
2018-06-12 00:00:00+00:00,-35.576666,-71.678888,119.0,open-meteo_ecmwf_ifs,daily,11.0675,0.4675,9.97,1.9320832,1.9999515,82.11127,0.8,11.610238091540667,0.7940561676922981
2018-06-13 00:00:00+00:00,-35.576666,-71.678888,119.0,open-meteo_ecmwf_ifs,daily,11.2675,0.61749995,10.62,1.5820833,3.0103614,77.5475,0.0,11.580549452757165,0.9792329554851579
2018-06-14 00:00:00+00:00,-35.576666,-71.678888,119.0,open-meteo_ecmwf_ifs,daily,9.367499,0.2175,9.33,1.4154167,1.8524426,85.5303,0.0,11.554202059455813,0.7042956359250051
2018-06-15 00:00:00+00:00,-35.576666,-71.678888,119.0,open-meteo_ecmwf_ifs,daily,13.617499,1.7175,8.06,2.2299998,2.199803,73.69689,0.0,11.531200063850246,1.0276402490112189
2018-06-16 00:00:00+00:00,-35.576666,-71.678888,119.0,open-meteo_ecmwf_ifs,daily,16.8675,5.2675004,9.91,7.863333,2.5999012,89.41873,0.0,11.5115469472764,0.986180260010121
2018-06-17 00:00:00+00:00,-35.576666,-71.678888,119.0,open-meteo_ecmwf_ifs,daily,17.167501,8.1675,9.12,9.975833,2.273852,91.87668,0.0,11.495245531531806,0.9415532177970874
2018-06-18 00:00:00+00:00,-35.576666,-71.678888,119.0,open-meteo_ecmwf_ifs,daily,15.0675,8.5175,7.59,9.527916,1.871511,93.12919,0.0,11.482297988763413,0.8041185333615601
2018-06-19 00:00:00+00:00,-35.576666,-71.678888,119.0,open-meteo_ecmwf_ifs,daily,13.9675,7.7675004,4.98,8.988334,1.8599607,94.09797,0.1,11.47270584985941,0.7048568450346339
2018-06-20 00:00:00+00:00,-35.576666,-71.678888,119.0,open-meteo_ecmwf_ifs,daily,12.8175,7.3175,6.03,8.013332,2.3245556,92.42208,0.0,11.4664700113078,0.7462031580530207
2018-06-21 00:00:00+00:00,-35.576666,-71.678888,119.0,open-meteo_ecmwf_ifs,daily,13.7675,3.2175,10.23,3.6987498,4.0802975,76.582825,0.0,11.463590740492808,1.2833758764173075
2018-06-22 00:00:00+00:00,-35.576666,-71.678888,119.0,open-meteo_ecmwf_ifs,daily,13.367499,1.7175,10.21,4.1654167,2.883971,82.308266,0.0,11.464067679407938,0.8971198804759718
2018-06-23 00:00:00+00:00,-35.576666,-71.678888,119.0,open-meteo_ecmwf_ifs,daily,14.4675,3.0175,8.45,5.5904164,3.3711536,86.668884,0.0,11.467899846772983,0.9576898753071655
2018-06-24 00:00:00+00:00,-35.576666,-71.678888,119.0,open-meteo_ecmwf_ifs,daily,13.2675,1.5675,8.49,2.8362503,2.315611,79.957886,0.0,11.47508563855033,0.9527276437126715
2018-06-25 00:00:00+00:00,-35.576666,-71.678888,119.0,open-meteo_ecmwf_ifs,daily,13.117499,3.0175,9.88,2.784167,1.9479237,74.3057,0.0,11.485622826864326,0.9668986668782487
2018-06-26 00:00:00+00:00,-35.576666,-71.678888,119.0,open-meteo_ecmwf_ifs,daily,10.367499,7.0675,0.9,7.046667,1.8512663,90.47339,5.9,11.499508557335568,0.5988852480960146
2018-06-27 00:00:00+00:00,-35.576666,-71.678888,119.0,open-meteo_ecmwf_ifs,daily,15.367499,9.1675,5.21,9.8758335,1.9818468,90.965515,4.9,11.516739344850212,0.8178460591240073
2018-06-28 00:00:00+00:00,-35.576666,-71.678888,119.0,open-meteo_ecmwf_ifs,daily,11.0675,8.6675,2.1,9.252915,2.0826745,95.06906,5.0,11.53731106779247,0.49498416641510784
2018-06-29 00:00:00+00:00,-35.576666,-71.678888,119.0,open-meteo_ecmwf_ifs,daily,15.5175,6.3175,6.7,8.709167,1.5946742,91.15286,1.3000001,11.561218960776122,0.7444330781751365
2018-06-30 00:00:00+00:00,-35.576666,-71.678888,119.0,open-meteo_ecmwf_ifs,daily,12.4175,6.4175,3.6,8.494583,1.2444073,93.35081,0.1,11.588457605918737,0.5416149993707072
2018-07-01 00:00:00+00:00,-35.576666,-71.678888,119.0,open-meteo_ecmwf_ifs,daily,13.9675,5.4675,3.16,7.346666,2.5157113,87.27711,4.0,11.619020922709527,0.7796209505940854
2018-07-02 00:00:00+00:00,-35.576666,-71.678888,119.0,open-meteo_ecmwf_ifs,daily,16.8675,9.5675,8.17,8.627916,2.2543828,81.46522,15.8,11.652902156528818,1.1903327352351165
2018-07-03 00:00:00+00:00,-35.576666,-71.678888,119.0,open-meteo_ecmwf_ifs,daily,15.0175,7.8675003,4.77,9.340416,3.486256,88.11324,3.4,11.69009386588399,0.8692199270052552
2018-07-04 00:00:00+00:00,-35.576666,-71.678888,119.0,open-meteo_ecmwf_ifs,daily,12.9675,9.7175,2.13,9.288333,5.7582526,85.81463,17.900002,11.730587908432987,0.944337164905565
2018-07-05 00:00:00+00:00,-35.576666,-71.678888,119.0,open-meteo_ecmwf_ifs,daily,13.0175,8.9675,2.13,8.692501,5.8666153,84.684204,20.0,11.774375425872538,1.0078732667096477
2018-07-06 00:00:00+00:00,-35.576666,-71.678888,119.0,open-meteo_ecmwf_ifs,daily,13.7175,10.117499,4.22,8.765416,5.068102,84.95308,20.300005,11.821446827773741,1.237696322009527
2018-07-07 00:00:00+00:00,-35.576666,-71.678888,119.0,open-meteo_ecmwf_ifs,daily,15.617499,8.4175,7.75,8.28,3.1744387,82.21344,4.0,11.871791774452815,1.1949020604523808
2018-07-08 00:00:00+00:00,-35.576666,-71.678888,119.0,open-meteo_ecmwf_ifs,daily,14.9675,3.8174999,10.98,6.1175003,3.2676442,81.03523,0.0,11.925399158969437,1.050336223877287
2018-07-09 00:00:00+00:00,-35.576666,-71.678888,119.0,open-meteo_ecmwf_ifs,daily,13.1675,3.3174999,9.03,5.7237496,1.0400435,89.27128,0.0,11.98225708834914,0.7014787588935693
2018-07-10 00:00:00+00:00,-35.576666,-71.678888,119.0,open-meteo_ecmwf_ifs,daily,11.1675,1.9675,4.62,5.83625,2.0843503,90.88015,0.0,12.042352864130155,0.5033224580325031
2018-07-11 00:00:00+00:00,-35.576666,-71.678888,119.0,open-meteo_ecmwf_ifs,daily,13.2175,3.8675,9.0,6.417501,1.6604372,89.81652,0.0,12.105672962337875,0.7469689056365801
2018-07-12 00:00:00+00:00,-35.576666,-71.678888,119.0,open-meteo_ecmwf_ifs,daily,13.4175,3.6675,5.34,6.9029164,2.2321217,92.601875,0.0,12.172203012993135,0.6801925351543151
2018-07-13 00:00:00+00:00,-35.576666,-71.678888,119.0,open-meteo_ecmwf_ifs,daily,16.2175,6.7175,6.14,9.902917,1.7899085,93.10754,0.5,12.241927779262314,0.7469648468049119
2018-07-14 00:00:00+00:00,-35.576666,-71.678888,119.0,open-meteo_ecmwf_ifs,daily,15.117499,9.1675,5.02,10.238333,1.6692429,92.570656,2.6000001,12.314831136359164,0.7748227351868796
2018-07-15 00:00:00+00:00,-35.576666,-71.678888,119.0,open-meteo_ecmwf_ifs,daily,13.7175,5.1175003,9.85,6.230001,2.701008,83.04941,0.0,12.390896050309172,1.019173386669867
2018-07-16 00:00:00+00:00,-35.576666,-71.678888,119.0,open-meteo_ecmwf_ifs,daily,12.8175,3.6675,10.3,4.83,3.7986221,81.612816,0.0,12.470104556688108,1.1151049186394202
2018-07-17 00:00:00+00:00,-35.576666,-71.678888,119.0,open-meteo_ecmwf_ifs,daily,10.1675,2.9675,8.04,2.6508334,2.5287485,79.29348,0.0,12.55243773944638,0.9692987501140152
2018-07-18 00:00:00+00:00,-35.576666,-71.678888,119.0,open-meteo_ecmwf_ifs,daily,10.0175,-0.7825,11.64,0.8133333,1.916108,78.85226,0.0,12.637875709930581,0.8558718331505837
2018-07-19 00:00:00+00:00,-35.576666,-71.678888,119.0,open-meteo_ecmwf_ifs,daily,10.117499,-2.3825,11.79,-0.37416673,2.3644683,80.45667,0.0,12.726397586212975,0.9240520537714532
2018-07-20 00:00:00+00:00,-35.576666,-71.678888,119.0,open-meteo_ecmwf_ifs,daily,11.2175,-0.8325,11.87,0.87375,1.6870165,79.01014,0.0,12.817981472838119,0.9031574282422252
2018-07-21 00:00:00+00:00,-35.576666,-71.678888,119.0,open-meteo_ecmwf_ifs,daily,9.4175,1.7674999,5.85,2.5695834,2.131594,81.50982,0.3,12.912604441094702,0.7952684012954785
2018-07-22 00:00:00+00:00,-35.576666,-71.678888,119.0,open-meteo_ecmwf_ifs,daily,11.367499,-0.3325,11.01,3.1320837,3.096864,83.23261,2.9,13.01024250991817,0.8570791530153344
2018-07-23 00:00:00+00:00,-35.576666,-71.678888,119.0,open-meteo_ecmwf_ifs,daily,13.4675,-0.5325,12.64,-0.4116666,4.168742,65.0695,0.0,13.110870627527623,1.635084420560362
2018-07-24 00:00:00+00:00,-35.576666,-71.678888,119.0,open-meteo_ecmwf_ifs,daily,12.4175,0.2175,10.86,3.2445834,1.4681836,86.994286,0.0,13.214462653897755,0.8614964862710851
2018-07-25 00:00:00+00:00,-35.576666,-71.678888,119.0,open-meteo_ecmwf_ifs,daily,10.9675,1.6675,8.53,4.2174993,1.1981063,91.93496,0.0,13.320991344163259,0.7433931694384938
2018-07-26 00:00:00+00:00,-35.576666,-71.678888,119.0,open-meteo_ecmwf_ifs,daily,10.2175,1.1675,7.88,3.871667,1.3907824,94.0618,0.0,13.430428333050116,0.7088479787770267
2018-07-27 00:00:00+00:00,-35.576666,-71.678888,119.0,open-meteo_ecmwf_ifs,daily,9.6675,2.7175,2.47,4.590417,2.4318864,91.9036,1.0000001,13.542744120424278,0.6199479457623711
2018-07-28 00:00:00+00:00,-35.576666,-71.678888,119.0,open-meteo_ecmwf_ifs,daily,12.5175,1.7175,10.62,4.7112503,1.2152959,88.8049,0.0,13.657908058044411,0.863721328856105
2018-07-29 00:00:00+00:00,-35.576666,-71.678888,119.0,open-meteo_ecmwf_ifs,daily,12.8175,2.3675,11.46,4.034167,1.7558008,86.484764,0.0,13.775888337601328,1.0389281415901868
2018-07-30 00:00:00+00:00,-35.576666,-71.678888,119.0,open-meteo_ecmwf_ifs,daily,14.4675,3.8174999,12.97,4.3383327,3.8705747,80.603935,0.0,13.896651980122169,1.5547953906607677
2018-07-31 00:00:00+00:00,-35.576666,-71.678888,119.0,open-meteo_ecmwf_ifs,daily,11.6675,0.4675,13.2,2.0008335,2.8418999,78.232994,0.0,14.02016482681309,1.1910670361675992
2018-08-01 00:00:00+00:00,-35.576666,-71.678888,119.0,open-meteo_ecmwf_ifs,daily,8.7175,1.7175,8.47,2.7883332,1.9776856,89.076546,0.0,14.146391531409344,0.829188375612313
2018-08-02 00:00:00+00:00,-35.576666,-71.678888,119.0,open-meteo_ecmwf_ifs,daily,10.9675,0.3175,6.16,3.1279166,1.9875041,88.399574,0.7,14.27529555409671,0.8008455180430003
2018-08-03 00:00:00+00:00,-35.576666,-71.678888,119.0,open-meteo_ecmwf_ifs,daily,14.1675,6.0175004,11.04,5.571667,2.8635986,80.51242,6.4,14.40683915706352,1.4396435255505673
2018-08-04 00:00:00+00:00,-35.576666,-71.678888,119.0,open-meteo_ecmwf_ifs,daily,12.2175,2.7175,6.67,3.8883333,2.619367,80.92112,0.0,14.540983401737023,1.06146961403174
2018-08-05 00:00:00+00:00,-35.576666,-71.678888,119.0,open-meteo_ecmwf_ifs,daily,12.1675,6.1175003,3.79,6.8716674,0.9649815,89.724464,0.1,14.677688147753038,0.7381902716514395
2018-08-06 00:00:00+00:00,-35.576666,-71.678888,119.0,open-meteo_ecmwf_ifs,daily,13.2175,5.7175,3.34,7.6904163,2.267852,92.01287,2.5,14.816912053702223,0.7648013095153842
2018-08-07 00:00:00+00:00,-35.576666,-71.678888,119.0,open-meteo_ecmwf_ifs,daily,13.117499,5.6675,10.67,6.400833,2.4342656,81.3585,11.200003,14.958612579691186,1.1983897307717462
2018-08-08 00:00:00+00:00,-35.576666,-71.678888,119.0,open-meteo_ecmwf_ifs,daily,17.4675,1.9175,14.36,3.5654166,3.475025,72.79803,0.0,15.102745991751158,1.8594439196687669
2018-08-09 00:00:00+00:00,-35.576666,-71.678888,119.0,open-meteo_ecmwf_ifs,daily,15.6675,2.9175,11.64,5.369583,1.9285933,82.32098,0.0,15.24926736812163,1.2955808636790043
2018-08-10 00:00:00+00:00,-35.576666,-71.678888,119.0,open-meteo_ecmwf_ifs,daily,14.617499,2.3675,11.18,5.5550003,1.9625759,85.34115,0.0,15.398130607430868,1.165224749104695
2018-08-11 00:00:00+00:00,-35.576666,-71.678888,119.0,open-meteo_ecmwf_ifs,daily,15.2675,3.4175,9.51,7.13625,1.1458445,88.06454,0.0,15.549288438789773,1.0328108857201912
2018-08-12 00:00:00+00:00,-35.576666,-71.678888,119.0,open-meteo_ecmwf_ifs,daily,15.117499,4.5675,13.19,6.771666,1.5850526,87.0856,0.0,15.702692433810236,1.3162630344444268
2018-08-13 00:00:00+00:00,-35.576666,-71.678888,119.0,open-meteo_ecmwf_ifs,daily,13.7675,7.1675,10.54,6.9758325,2.6309803,82.35471,3.9999995,15.858293020553585,1.3857374541615515
2018-08-14 00:00:00+00:00,-35.576666,-71.678888,119.0,open-meteo_ecmwf_ifs,daily,16.317501,5.3175,14.32,3.5112498,4.754397,67.52147,0.0,16.016039499409555,2.415544204692245
2018-08-15 00:00:00+00:00,-35.576666,-71.678888,119.0,open-meteo_ecmwf_ifs,daily,17.1175,2.7175,15.07,4.1945834,2.5000956,72.69721,0.0,16.175880060900607,1.7864376249714455
2018-08-16 00:00:00+00:00,-35.576666,-71.678888,119.0,open-meteo_ecmwf_ifs,daily,14.5675,3.1675,12.41,5.434166,2.1450691,83.08437,0.0,16.337761805401495,1.3616597939428292
2018-08-17 00:00:00+00:00,-35.576666,-71.678888,119.0,open-meteo_ecmwf_ifs,daily,13.0675,5.1675,4.22,7.2779164,1.3784151,89.71607,0.3,16.501630764758385,0.799717270036007
2018-08-18 00:00:00+00:00,-35.576666,-71.678888,119.0,open-meteo_ecmwf_ifs,daily,12.9675,4.8675003,16.2,4.1716666,6.0943203,73.224884,0.0,16.66743192578701,2.0285670606481134
2018-08-19 00:00:00+00:00,-35.576666,-71.678888,119.0,open-meteo_ecmwf_ifs,daily,16.5175,2.6675,16.54,0.6445833,4.996659,59.0347,0.0,16.835109255624094,2.7105587728651384
2018-08-20 00:00:00+00:00,-35.576666,-71.678888,119.0,open-meteo_ecmwf_ifs,daily,17.3675,0.4175,16.53,1.8841666,1.8883872,65.34263,0.0,17.004605728901293,1.833490239029907
2018-08-21 00:00:00+00:00,-35.576666,-71.678888,119.0,open-meteo_ecmwf_ifs,daily,14.6675,3.4675,13.18,6.4175,1.5483141,87.15922,0.0,17.175863356706206,1.3584623066184969
2018-08-22 00:00:00+00:00,-35.576666,-71.678888,119.0,open-meteo_ecmwf_ifs,daily,10.9175,5.0675,3.34,6.082084,3.632431,89.99587,3.1,17.34882321728991,0.8445980668201689
2018-08-23 00:00:00+00:00,-35.576666,-71.678888,119.0,open-meteo_ecmwf_ifs,daily,10.4675,5.2675004,6.02,5.900833,4.1463327,89.58863,16.5,17.523425488476214,0.9796266865455737
2018-08-24 00:00:00+00:00,-35.576666,-71.678888,119.0,open-meteo_ecmwf_ifs,daily,12.5675,0.7175,15.06,2.4633334,3.2237356,82.05653,0.0,17.699609481722867,1.5977510281950231
2018-08-25 00:00:00+00:00,-35.576666,-71.678888,119.0,open-meteo_ecmwf_ifs,daily,17.317501,4.5175004,16.52,3.5445833,6.0579305,66.86684,0.0,17.877313677780847,2.8370426655000256
2018-08-26 00:00:00+00:00,-35.576666,-71.678888,119.0,open-meteo_ecmwf_ifs,daily,21.2675,8.8175,15.54,8.584167,5.042408,72.479454,0.0,18.056475763893488,2.9220738193823506
2018-08-27 00:00:00+00:00,-35.576666,-71.678888,119.0,open-meteo_ecmwf_ifs,daily,15.7175,8.3175,11.71,9.454999,1.6599026,88.62856,0.0,18.237032672473088,1.491725564769053
2018-08-28 00:00:00+00:00,-35.576666,-71.678888,119.0,open-meteo_ecmwf_ifs,daily,13.5675,6.4175,8.9,7.44875,2.220446,90.62214,0.0,18.418920621188445,1.2612283115986624
2018-08-29 00:00:00+00:00,-35.576666,-71.678888,119.0,open-meteo_ecmwf_ifs,daily,13.2675,4.9175,6.12,6.9466662,3.161723,86.50416,0.0,18.602075154393535,1.0613960230323631
2018-08-30 00:00:00+00:00,-35.576666,-71.678888,119.0,open-meteo_ecmwf_ifs,daily,14.2675,7.9175,6.96,8.565415,1.5997225,87.571495,0.9000001,18.78643118582318,1.1624134826853478
2018-08-31 00:00:00+00:00,-35.576666,-71.678888,119.0,open-meteo_ecmwf_ifs,daily,15.117499,5.6175003,11.07,7.7883344,1.7302383,87.536896,3.9,18.971923042478675,1.4125927666611755
2018-09-01 00:00:00+00:00,-35.576666,-71.678888,119.0,open-meteo_ecmwf_ifs,daily,15.8175,5.3675003,14.41,7.6945825,1.9067478,88.057274,1.5000001,19.158484509622827,1.681690486584806
2018-09-02 00:00:00+00:00,-35.576666,-71.678888,119.0,open-meteo_ecmwf_ifs,daily,16.567501,5.2675004,15.4,6.8800006,3.0239437,83.28649,0.0,19.3460488768007,1.9767674898523544
2018-09-03 00:00:00+00:00,-35.576666,-71.678888,119.0,open-meteo_ecmwf_ifs,daily,21.7175,8.617499,18.76,9.244584,5.0007014,76.07145,0.0,19.53454898479983,3.0969150826007423
2018-09-04 00:00:00+00:00,-35.576666,-71.678888,119.0,open-meteo_ecmwf_ifs,daily,21.417501,7.2675004,19.09,8.671666,3.0987206,70.80196,0.0,19.723917273460536,2.7391714653827797
2018-09-05 00:00:00+00:00,-35.576666,-71.678888,119.0,open-meteo_ecmwf_ifs,daily,16.2175,8.7175,8.54,9.213332,2.951707,82.319954,0.2,19.914085830245092,1.5635249722109832
2018-09-06 00:00:00+00:00,-35.576666,-71.678888,119.0,open-meteo_ecmwf_ifs,daily,15.9675,7.6675,18.86,7.0175014,4.481293,76.3122,0.0,20.104986439471787,2.5257892873289047
2018-09-07 00:00:00+00:00,-35.576666,-71.678888,119.0,open-meteo_ecmwf_ifs,daily,16.2175,3.0175,19.75,3.3341668,4.0383487,67.04572,0.0,20.296550632118187,2.5687643109482687
2018-09-08 00:00:00+00:00,-35.576666,-71.678888,119.0,open-meteo_ecmwf_ifs,daily,16.667501,3.7675,19.55,4.821667,3.6632357,72.65148,0.0,20.488709736096364,2.464932962826629
2018-09-09 00:00:00+00:00,-35.576666,-71.678888,119.0,open-meteo_ecmwf_ifs,daily,18.7675,4.8675003,19.08,7.340416,1.4074928,80.01255,0.0,20.681394926900794,2.2730429307381006
2018-09-10 00:00:00+00:00,-35.576666,-71.678888,119.0,open-meteo_ecmwf_ifs,daily,21.567501,6.3675003,19.77,8.846667,2.9096422,81.60283,0.0,20.874537278529242,2.7417208375061977
2018-09-11 00:00:00+00:00,-35.576666,-71.678888,119.0,open-meteo_ecmwf_ifs,daily,18.7675,6.4675,17.42,6.711249,3.6241179,70.1661,0.0,21.068067814575134,2.6769549180229872
2018-09-12 00:00:00+00:00,-35.576666,-71.678888,119.0,open-meteo_ecmwf_ifs,daily,17.6175,7.4175,18.4,7.6320834,4.3523073,76.967674,0.0,21.261917559389712,2.6441159744822262
2018-09-13 00:00:00+00:00,-35.576666,-71.678888,119.0,open-meteo_ecmwf_ifs,daily,15.9675,5.9175,17.21,5.7258334,2.4753191,73.3615,0.0,21.456017589211964,2.3101149098051987
2018-09-14 00:00:00+00:00,-35.576666,-71.678888,119.0,open-meteo_ecmwf_ifs,daily,16.2175,5.3175,11.74,8.325833,1.2103392,87.60139,0.0,21.650299083163496,1.5723631947940093
2018-09-15 00:00:00+00:00,-35.576666,-71.678888,119.0,open-meteo_ecmwf_ifs,daily,16.167501,8.6675,9.61,9.515417,1.9845171,85.38729,0.6,21.84469337400648,1.5769326722991432
2018-09-16 00:00:00+00:00,-35.576666,-71.678888,119.0,open-meteo_ecmwf_ifs,daily,16.817501,5.7175,13.32,7.4112506,2.2110717,81.59512,0.2,22.03913199856259,1.9229058471262452
2018-09-17 00:00:00+00:00,-35.576666,-71.678888,119.0,open-meteo_ecmwf_ifs,daily,14.0675,9.367499,4.15,9.12375,1.8301905,87.633484,8.4,22.233546747691683,1.0822018986561242
2018-09-18 00:00:00+00:00,-35.576666,-71.678888,119.0,open-meteo_ecmwf_ifs,daily,14.0675,8.7675,13.32,9.552916,3.9674876,86.20685,28.3,22.42786971573025,1.6754991426263914
2018-09-19 00:00:00+00:00,-35.576666,-71.678888,119.0,open-meteo_ecmwf_ifs,daily,15.4675,5.9175,10.85,8.207083,1.9887227,84.08175,12.400001,22.622033349290277,1.5608548358106753
2018-09-20 00:00:00+00:00,-35.576666,-71.678888,119.0,open-meteo_ecmwf_ifs,daily,14.0675,7.1675,4.86,7.8570843,2.0242946,82.165436,3.0000002,22.815970495321398,1.1464052988142222
2018-09-21 00:00:00+00:00,-35.576666,-71.678888,119.0,open-meteo_ecmwf_ifs,daily,22.8675,9.3175,20.42,11.002917,1.8712527,81.48673,1.7,23.009614448340564,3.019293053604501
2018-09-22 00:00:00+00:00,-35.576666,-71.678888,119.0,open-meteo_ecmwf_ifs,daily,17.0175,11.117499,10.59,9.446666,3.6208525,80.25858,4.7000003,23.202898996735534,2.2174088174765116
2018-09-23 00:00:00+00:00,-35.576666,-71.678888,119.0,open-meteo_ecmwf_ifs,daily,16.817501,6.7675004,16.31,7.444584,1.7702566,79.877495,0.2,23.395758468051298,2.26166108435559
2018-09-24 00:00:00+00:00,-35.576666,-71.678888,119.0,open-meteo_ecmwf_ifs,daily,18.1175,7.4675,18.71,6.244583,4.2947984,68.8637,0.0,23.588127773170523,3.1067240363771997
2018-09-25 00:00:00+00:00,-35.576666,-71.678888,119.0,open-meteo_ecmwf_ifs,daily,16.9675,8.6675,11.26,6.232083,3.5120766,70.18507,0.0,23.779942449302617,2.5036075192536202
2018-09-26 00:00:00+00:00,-35.576666,-71.678888,119.0,open-meteo_ecmwf_ifs,daily,19.7675,9.2175,10.79,7.7570825,2.6340616,70.652954,0.2,23.97113870169882,2.442460970131319
2018-09-27 00:00:00+00:00,-35.576666,-71.678888,119.0,open-meteo_ecmwf_ifs,daily,16.3675,10.367499,6.35,8.8925,3.4577243,77.43357,3.2,24.161653444014092,1.8289401350582863
2018-09-28 00:00:00+00:00,-35.576666,-71.678888,119.0,open-meteo_ecmwf_ifs,daily,13.5675,10.3175,3.92,9.757084,4.2233486,87.64667,18.800003,24.351424337240626,1.1696448423912726
2018-09-29 00:00:00+00:00,-35.576666,-71.678888,119.0,open-meteo_ecmwf_ifs,daily,16.2675,8.9675,16.21,8.692499,3.6627874,81.41035,1.6000003,24.540389827141148,2.4451901081141014
2018-09-30 00:00:00+00:00,-35.576666,-71.678888,119.0,open-meteo_ecmwf_ifs,daily,12.4175,8.4175,12.52,6.4050007,2.6258705,77.72733,1.3000001,24.72848918011466,1.9611382551274212
2018-10-01 00:00:00+00:00,-35.576666,-71.678888,119.0,open-meteo_ecmwf_ifs,daily,14.6675,2.9675,24.83,0.82166666,5.697306,59.90088,0.0,24.915662517431688,3.414647696365149
2018-10-02 00:00:00+00:00,-35.576666,-71.678888,119.0,open-meteo_ecmwf_ifs,daily,16.7675,4.3175,24.4,3.0800002,5.046293,63.20654,0.0,25.101850847780003,3.4935777945249034
2018-10-03 00:00:00+00:00,-35.576666,-71.678888,119.0,open-meteo_ecmwf_ifs,daily,18.7175,4.7675004,24.98,4.7445836,5.5518765,66.34705,0.0,25.286996098067448,3.6635551468175875
2018-10-04 00:00:00+00:00,-35.576666,-71.678888,119.0,open-meteo_ecmwf_ifs,daily,20.817501,5.7175,23.84,7.057083,3.1869137,69.2663,0.0,25.471041142432416,3.4488646516660806
2018-10-05 00:00:00+00:00,-35.576666,-71.678888,119.0,open-meteo_ecmwf_ifs,daily,18.6175,7.1175003,19.91,9.186249,2.4010937,81.62584,0.2,25.653929829418374,2.7276862385131797
2018-10-06 00:00:00+00:00,-35.576666,-71.678888,119.0,open-meteo_ecmwf_ifs,daily,18.3675,7.3675003,15.71,9.850833,1.3160073,87.52633,0.0,25.83560700727351,2.265858678808279
2018-10-07 00:00:00+00:00,-35.576666,-71.678888,119.0,open-meteo_ecmwf_ifs,daily,15.5675,9.4175,8.6,9.404999,2.5533001,84.29029,0.0,26.016018547342068,1.6690372719673188
2018-10-08 00:00:00+00:00,-35.576666,-71.678888,119.0,open-meteo_ecmwf_ifs,daily,16.817501,9.7675,15.97,7.757084,3.417074,75.2909,18.900005,26.195111365519512,2.8011865032121963
2018-10-09 00:00:00+00:00,-35.576666,-71.678888,119.0,open-meteo_ecmwf_ifs,daily,15.6675,4.9175,25.51,4.430001,4.7269044,69.14103,0.0,26.372833441748863,3.3064061852664954
2018-10-10 00:00:00+00:00,-35.576666,-71.678888,119.0,open-meteo_ecmwf_ifs,daily,17.8675,3.0674999,23.29,3.8841667,3.7323258,67.2723,0.0,26.54913383754152,3.2389841161268604
2018-10-11 00:00:00+00:00,-35.576666,-71.678888,119.0,open-meteo_ecmwf_ifs,daily,18.5175,7.7175,16.5,8.234166,2.2484324,75.06601,0.9,26.72396271151121,2.6306957995990055
2018-10-12 00:00:00+00:00,-35.576666,-71.678888,119.0,open-meteo_ecmwf_ifs,daily,16.2675,6.3675003,15.02,6.869583,1.7292546,77.01161,0.0,26.8972713329157,2.2735263390192237
2018-10-13 00:00:00+00:00,-35.576666,-71.678888,119.0,open-meteo_ecmwf_ifs,daily,20.167501,4.8175,25.84,6.0737495,2.3015893,69.0597,0.0,27.069012093206286,3.550787716773044
2018-10-14 00:00:00+00:00,-35.576666,-71.678888,119.0,open-meteo_ecmwf_ifs,daily,19.9675,6.3175,26.05,8.144584,1.9917837,74.469536,0.0,27.239138515591172,3.5108606516478478
2018-10-15 00:00:00+00:00,-35.576666,-71.678888,119.0,open-meteo_ecmwf_ifs,daily,19.067501,7.2675004,18.08,8.13625,2.423603,76.062874,0.0,27.40760526262417,2.836777471757651
2018-10-16 00:00:00+00:00,-35.576666,-71.678888,119.0,open-meteo_ecmwf_ifs,daily,18.317501,8.5675,15.1,9.484166,2.8939831,80.70199,0.1,27.574368141836025,2.4935689530705054
2018-10-17 00:00:00+00:00,-35.576666,-71.678888,119.0,open-meteo_ecmwf_ifs,daily,15.7175,11.3175,9.71,9.307083,5.185886,79.11605,6.399999,27.739384109431114,2.2811595315112334
2018-10-18 00:00:00+00:00,-35.576666,-71.678888,119.0,open-meteo_ecmwf_ifs,daily,21.0175,9.5175,22.8,8.99875,2.4531639,73.41433,4.3999996,27.90261127207793,3.6492375288572587
2018-10-19 00:00:00+00:00,-35.576666,-71.678888,119.0,open-meteo_ecmwf_ifs,daily,20.417501,6.2675004,24.34,7.3862495,2.0273411,70.92402,0.0,28.064008886826755,3.507323764176486
2018-10-20 00:00:00+00:00,-35.576666,-71.678888,119.0,open-meteo_ecmwf_ifs,daily,18.567501,7.3175,26.36,6.552917,3.0426328,66.96868,0.0,28.22353735919375,3.7822216148916348
2018-10-21 00:00:00+00:00,-35.576666,-71.678888,119.0,open-meteo_ecmwf_ifs,daily,19.167501,6.9675,28.14,5.7154174,4.9157004,64.83424,0.0,28.381158239455154,4.24241103881434
2018-10-22 00:00:00+00:00,-35.576666,-71.678888,119.0,open-meteo_ecmwf_ifs,daily,21.0175,8.367499,21.62,5.54875,4.209774,58.02167,0.0,28.53683421720072,4.184698689195225
2018-10-23 00:00:00+00:00,-35.576666,-71.678888,119.0,open-meteo_ecmwf_ifs,daily,19.417501,9.5675,11.28,9.207083,1.6587553,72.045815,1.6,28.69052911419987,2.254696717771697
2018-10-24 00:00:00+00:00,-35.576666,-71.678888,119.0,open-meteo_ecmwf_ifs,daily,19.8675,8.6675,24.95,9.025831,1.7005324,75.232605,2.7,28.842207875638806,3.630722926310887
2018-10-25 00:00:00+00:00,-35.576666,-71.678888,119.0,open-meteo_ecmwf_ifs,daily,21.817501,8.617499,27.34,9.173749,2.6523936,69.623604,0.0,28.99183655979099,4.132537827103558
2018-10-26 00:00:00+00:00,-35.576666,-71.678888,119.0,open-meteo_ecmwf_ifs,daily,22.917501,8.367499,27.45,8.155,2.4726417,62.78265,0.0,29.13938232618744,4.3346530267826004
2018-10-27 00:00:00+00:00,-35.576666,-71.678888,119.0,open-meteo_ecmwf_ifs,daily,22.417501,12.8175,16.13,11.890416,3.033735,75.16042,0.0,29.28481342235693,3.3063311471029113
2018-10-28 00:00:00+00:00,-35.576666,-71.678888,119.0,open-meteo_ecmwf_ifs,daily,22.9675,10.617499,15.64,12.669582,1.708726,78.229675,4.5,29.428099169210135,2.798394427583322
2018-10-29 00:00:00+00:00,-35.576666,-71.678888,119.0,open-meteo_ecmwf_ifs,daily,17.4675,11.7675,8.96,13.305,2.5353992,91.62927,16.0,29.569209945143932,1.5756198574511067
2018-10-30 00:00:00+00:00,-35.576666,-71.678888,119.0,open-meteo_ecmwf_ifs,daily,20.817501,9.5675,21.66,11.000833,1.8311905,79.42378,0.8,29.708117168946305,3.3479478611042484
2018-10-31 00:00:00+00:00,-35.576666,-71.678888,119.0,open-meteo_ecmwf_ifs,daily,21.5175,8.7675,25.88,10.152917,2.5913484,74.755035,0.1,29.844793281583353,3.899439043001776
2018-11-01 00:00:00+00:00,-35.576666,-71.678888,119.0,open-meteo_ecmwf_ifs,daily,15.117499,9.2675,4.72,8.502917,1.0727333,78.31814,0.0,29.979211726953288,1.2563357480900417
2018-11-02 00:00:00+00:00,-35.576666,-71.678888,119.0,open-meteo_ecmwf_ifs,daily,18.2675,9.867499,14.19,9.9070835,5.2916484,80.25345,16.300001,30.11134693169332,2.7177647033706873
2018-11-03 00:00:00+00:00,-35.576666,-71.678888,119.0,open-meteo_ecmwf_ifs,daily,22.1175,7.3175,26.5,9.973751,1.6272455,82.332344,0.0,30.241174284127034,3.8785571888687227
2018-11-04 00:00:00+00:00,-35.576666,-71.678888,119.0,open-meteo_ecmwf_ifs,daily,22.167501,7.8175,29.22,9.225833,1.3400124,73.75997,0.0,30.368670112441286,4.261686437554775
2018-11-05 00:00:00+00:00,-35.576666,-71.678888,119.0,open-meteo_ecmwf_ifs,daily,21.3675,10.3175,28.47,10.194582,4.243343,71.826164,0.0,30.49381166218147,4.444147550016642
2018-11-06 00:00:00+00:00,-35.576666,-71.678888,119.0,open-meteo_ecmwf_ifs,daily,24.567501,8.0675,30.16,6.9154167,4.700011,56.333664,0.0,30.616577073155423,5.366362448266924
2018-11-07 00:00:00+00:00,-35.576666,-71.678888,119.0,open-meteo_ecmwf_ifs,daily,27.817501,10.1675,29.37,11.400833,2.225034,66.82537,0.0,30.736945355835214,5.054905855369147
2018-11-08 00:00:00+00:00,-35.576666,-71.678888,119.0,open-meteo_ecmwf_ifs,daily,26.417501,10.7175,30.08,11.059166,2.2161932,62.572384,0.0,30.85489636734607,5.075663985011391
2018-11-09 00:00:00+00:00,-35.576666,-71.678888,119.0,open-meteo_ecmwf_ifs,daily,25.3675,9.0175,26.61,8.117499,2.1321564,61.27303,0.0,30.970410787130895,4.6236088305761305
2018-11-10 00:00:00+00:00,-35.576666,-71.678888,119.0,open-meteo_ecmwf_ifs,daily,19.2675,11.5175,11.54,11.88625,2.7805119,83.68867,10.500001,31.083470092377418,2.3026365449876245
2018-11-11 00:00:00+00:00,-35.576666,-71.678888,119.0,open-meteo_ecmwf_ifs,daily,20.9675,10.2675,21.77,10.352916,2.2143366,76.05848,0.5,31.194056533293377,3.6001703194639445
2018-11-12 00:00:00+00:00,-35.576666,-71.678888,119.0,open-meteo_ecmwf_ifs,daily,20.667501,12.3175,20.39,10.121666,2.142337,73.038155,2.9,31.302153108313586,3.6566113708269
2018-11-13 00:00:00+00:00,-35.576666,-71.678888,119.0,open-meteo_ecmwf_ifs,daily,19.7675,9.3175,24.24,10.827916,1.2285441,82.226685,3.1999998,31.407743539319977,3.6029995400797503
2018-11-14 00:00:00+00:00,-35.576666,-71.678888,119.0,open-meteo_ecmwf_ifs,daily,22.2675,9.6675,28.53,10.288332,2.6009762,73.60001,0.2,31.510812246953364,4.443524256440809
2018-11-15 00:00:00+00:00,-35.576666,-71.678888,119.0,open-meteo_ecmwf_ifs,daily,23.9675,10.5175,28.03,11.125833,3.2371833,69.49,1.0,31.61134432609269,4.67432838325893
2018-11-16 00:00:00+00:00,-35.576666,-71.678888,119.0,open-meteo_ecmwf_ifs,daily,23.6175,11.3175,26.53,10.457084,2.2238715,68.444855,0.0,31.709325521574243,4.537345891771158
2018-11-17 00:00:00+00:00,-35.576666,-71.678888,119.0,open-meteo_ecmwf_ifs,daily,20.567501,11.7675,18.76,9.627916,1.9886003,70.05579,10.500002,31.80474220421982,3.4548577505641784
2018-11-18 00:00:00+00:00,-35.576666,-71.678888,119.0,open-meteo_ecmwf_ifs,daily,24.2175,9.6675,31.69,8.779998,4.897137,63.40831,0.0,31.897581347239193,5.496861107684424
2018-11-19 00:00:00+00:00,-35.576666,-71.678888,119.0,open-meteo_ecmwf_ifs,daily,26.5175,10.4675,31.51,9.571667,4.2271304,59.342274,0.0,31.987830503067933,5.794256951779366
2018-11-20 00:00:00+00:00,-35.576666,-71.678888,119.0,open-meteo_ecmwf_ifs,daily,25.817501,10.7175,30.14,11.575833,3.1545172,68.54915,0.0,32.07547778069807,5.1456084181766455
2018-11-21 00:00:00+00:00,-35.576666,-71.678888,119.0,open-meteo_ecmwf_ifs,daily,27.317501,11.7675,29.04,12.094584,3.1381578,68.72425,0.0,32.16051182355393,5.322196500121382
2018-11-22 00:00:00+00:00,-35.576666,-71.678888,119.0,open-meteo_ecmwf_ifs,daily,23.9675,12.8175,31.4,10.47375,4.7975373,62.509083,0.0,32.24292178796179,5.692718673091806
2018-11-23 00:00:00+00:00,-35.576666,-71.678888,119.0,open-meteo_ecmwf_ifs,daily,26.167501,10.0675,32.83,6.300833,4.917646,50.103745,0.0,32.3226973222571,6.441919002261899
2018-11-24 00:00:00+00:00,-35.576666,-71.678888,119.0,open-meteo_ecmwf_ifs,daily,26.917501,9.8175,32.94,7.169584,4.676179,53.061733,0.0,32.39982854656807,6.360778401612409
2018-11-25 00:00:00+00:00,-35.576666,-71.678888,119.0,open-meteo_ecmwf_ifs,daily,26.7175,13.2175,30.71,6.757084,4.215221,46.298717,0.0,32.47430603331064,6.602352761383002
2018-11-26 00:00:00+00:00,-35.576666,-71.678888,119.0,open-meteo_ecmwf_ifs,daily,25.7175,10.9175,32.73,6.915418,4.253725,49.703064,0.0,32.54612078842424,6.273521081151386
2018-11-27 00:00:00+00:00,-35.576666,-71.678888,119.0,open-meteo_ecmwf_ifs,daily,27.667501,10.4675,32.89,6.5550003,4.4263406,50.146454,0.0,32.61526423337381,6.622947632803861
2018-11-28 00:00:00+00:00,-35.576666,-71.678888,119.0,open-meteo_ecmwf_ifs,daily,26.7175,11.0675,27.95,9.467499,2.8481534,58.630726,0.0,32.6817281879389,5.308016328197478
2018-11-29 00:00:00+00:00,-35.576666,-71.678888,119.0,open-meteo_ecmwf_ifs,daily,27.8675,12.6675,32.31,9.888333,2.8113587,56.293377,0.0,32.74550485380599,6.093499104681002
2018-11-30 00:00:00+00:00,-35.576666,-71.678888,119.0,open-meteo_ecmwf_ifs,daily,25.2175,14.7675,19.09,11.440414,3.7143192,61.467316,1.0,32.80658679897639,4.604853713506513
2018-12-01 00:00:00+00:00,-35.576666,-71.678888,119.0,open-meteo_ecmwf_ifs,daily,28.2175,12.0175,26.72,6.8925,2.8645716,42.88873,0.0,32.86496694299768,5.731791772975008
2018-12-02 00:00:00+00:00,-35.576666,-71.678888,119.0,open-meteo_ecmwf_ifs,daily,28.8675,14.2175,29.57,8.87375,2.2303658,45.986057,0.0,32.920638543022996,5.947230525262787
2018-12-03 00:00:00+00:00,-35.576666,-71.678888,119.0,open-meteo_ecmwf_ifs,daily,28.1175,13.1675,30.26,10.788334,2.4758368,56.643253,0.0,32.97359518069878,5.7868021280812565
2018-12-04 00:00:00+00:00,-35.576666,-71.678888,119.0,open-meteo_ecmwf_ifs,daily,24.417501,14.5175,16.53,10.750832,2.6656992,59.995396,0.0,33.02383074987841,3.984048422743188
2018-12-05 00:00:00+00:00,-35.576666,-71.678888,119.0,open-meteo_ecmwf_ifs,daily,27.4675,13.7175,24.08,10.975833,3.4432142,59.824966,0.0,33.071339445156184,5.331801812567717
2018-12-06 00:00:00+00:00,-35.576666,-71.678888,119.0,open-meteo_ecmwf_ifs,daily,31.9675,13.1675,32.23,10.890415,2.5975473,54.716568,0.0,33.11611575121311,6.516224545420935
2018-12-07 00:00:00+00:00,-35.576666,-71.678888,119.0,open-meteo_ecmwf_ifs,daily,28.4675,14.4175,32.27,12.561249,2.8715048,61.013977,0.0,33.15815443296406,6.174361675728104
2018-12-08 00:00:00+00:00,-35.576666,-71.678888,119.0,open-meteo_ecmwf_ifs,daily,25.667501,14.5675,29.28,9.059167,3.445316,56.242172,0.0,33.19745052649378,6.0212597005061275
2018-12-09 00:00:00+00:00,-35.576666,-71.678888,119.0,open-meteo_ecmwf_ifs,daily,27.667501,12.2175,32.5,9.873749,1.6715078,57.91917,0.0,33.23399933076723,5.741701833740299
2018-12-10 00:00:00+00:00,-35.576666,-71.678888,119.0,open-meteo_ecmwf_ifs,daily,28.7175,13.367499,32.62,8.7612505,2.7869053,51.454742,0.0,33.26779640009914,6.444118855670053
2018-12-11 00:00:00+00:00,-35.576666,-71.678888,119.0,open-meteo_ecmwf_ifs,daily,24.417501,14.0675,24.8,10.269584,2.2201087,55.866608,1.7,33.29883753736623,4.820532521546124
2018-12-12 00:00:00+00:00,-35.576666,-71.678888,119.0,open-meteo_ecmwf_ifs,daily,27.917501,12.7675,31.11,8.330001,4.008318,51.31407,0.0,33.32711878794557,6.5459650206926
2018-12-13 00:00:00+00:00,-35.576666,-71.678888,119.0,open-meteo_ecmwf_ifs,daily,23.2175,10.9175,23.44,6.2966657,3.314725,53.32054,0.0,33.352636434361926,4.8879303762869935
2018-12-14 00:00:00+00:00,-35.576666,-71.678888,119.0,open-meteo_ecmwf_ifs,daily,23.5175,10.867499,33.51,6.217499,3.9737298,55.53068,0.1,33.37538699162763,6.070309642487721
2018-12-15 00:00:00+00:00,-35.576666,-71.678888,119.0,open-meteo_ecmwf_ifs,daily,26.7675,10.0175,33.84,4.055,4.3519726,42.87761,0.0,33.395367203258886,6.81956863285587
2018-12-16 00:00:00+00:00,-35.576666,-71.678888,119.0,open-meteo_ecmwf_ifs,daily,29.6175,12.4675,33.15,8.979999,3.5776434,50.40921,0.0,33.412574037953206,6.76355521726006
2018-12-17 00:00:00+00:00,-35.576666,-71.678888,119.0,open-meteo_ecmwf_ifs,daily,29.667501,13.5175,32.23,10.032083,3.9426978,51.33847,0.0,33.427004686914266,6.821733911615953
2018-12-18 00:00:00+00:00,-35.576666,-71.678888,119.0,open-meteo_ecmwf_ifs,daily,32.817497,15.867499,33.05,9.490415,3.0363934,43.273594,0.0,33.43865656181142,7.372780818147155
2018-12-19 00:00:00+00:00,-35.576666,-71.678888,119.0,open-meteo_ecmwf_ifs,daily,30.667501,13.9675,32.48,9.402915,2.3952043,46.98006,0.0,33.447527293363194,6.531407263207253
2018-12-20 00:00:00+00:00,-35.576666,-71.678888,119.0,open-meteo_ecmwf_ifs,daily,26.917501,14.1675,29.92,8.455001,3.3262546,51.367794,0.0,33.45361473053594,6.249812759311301
2018-12-21 00:00:00+00:00,-35.576666,-71.678888,119.0,open-meteo_ecmwf_ifs,daily,32.017498,15.3175,33.12,10.440416,3.5635679,48.731617,0.0,33.45691694035071,7.363926804606458
2018-12-22 00:00:00+00:00,-35.576666,-71.678888,119.0,open-meteo_ecmwf_ifs,daily,31.1175,14.2675,31.22,10.975831,2.4118705,49.523945,0.0,33.45743220829378,6.366002887054153
2018-12-23 00:00:00+00:00,-35.576666,-71.678888,119.0,open-meteo_ecmwf_ifs,daily,32.1175,15.2175,33.16,9.888332,2.3943772,47.400238,0.0,33.455159039328485,6.87927255529379
2018-12-24 00:00:00+00:00,-35.576666,-71.678888,119.0,open-meteo_ecmwf_ifs,daily,32.2175,15.4175,33.11,10.115415,2.869586,44.552334,0.0,33.45009615950831,7.123257383529305
2018-12-25 00:00:00+00:00,-35.576666,-71.678888,119.0,open-meteo_ecmwf_ifs,daily,32.9675,17.2175,32.74,12.150833,1.9813608,48.60985,0.0,33.44224251819367,6.798402386127449
2018-12-26 00:00:00+00:00,-35.576666,-71.678888,119.0,open-meteo_ecmwf_ifs,daily,30.7675,15.6675,31.42,11.898749,2.7737687,51.803543,0.0,33.4315972908768,6.584112751299931
2018-12-27 00:00:00+00:00,-35.576666,-71.678888,119.0,open-meteo_ecmwf_ifs,daily,27.7175,12.7175,33.07,7.8862495,3.3100424,52.663116,0.0,33.41815988262165,6.54923471685269
2018-12-28 00:00:00+00:00,-35.576666,-71.678888,119.0,open-meteo_ecmwf_ifs,daily,29.5175,14.3175,33.32,7.909166,3.9049222,43.87682,0.0,33.40192993212774,7.273419248910243
2018-12-29 00:00:00+00:00,-35.576666,-71.678888,119.0,open-meteo_ecmwf_ifs,daily,26.2175,12.4675,33.51,5.5904164,3.6909018,43.222492,0.0,33.38290731642849,6.699838066850894
2018-12-30 00:00:00+00:00,-35.576666,-71.678888,119.0,open-meteo_ecmwf_ifs,daily,28.1175,11.9175,33.67,5.9091663,4.5650687,48.982418,0.0,33.361092156236865,7.174570766759009
2018-12-31 00:00:00+00:00,-35.576666,-71.678888,119.0,open-meteo_ecmwf_ifs,daily,29.2675,12.6675,33.56,5.9612503,3.6730545,42.36224,0.0,33.33648482195189,7.1161155929172715
2019-01-01 00:00:00+00:00,-35.576666,-71.678888,119.0,open-meteo_ecmwf_ifs,daily,29.917501,14.3175,32.82,9.400833,4.525735,49.240276,0.0,33.309085940341646,7.320402161171173
2019-01-02 00:00:00+00:00,-35.576666,-71.678888,119.0,open-meteo_ecmwf_ifs,daily,28.317501,11.2175,34.26,3.2987502,7.1885114,37.241146,0.0,33.27889640191825,8.289566311132791
2019-01-03 00:00:00+00:00,-35.576666,-71.678888,119.0,open-meteo_ecmwf_ifs,daily,29.2675,12.3175,33.54,4.0654163,7.293058,36.25163,0.0,33.24591736902198,8.572913915586238
2019-01-04 00:00:00+00:00,-35.576666,-71.678888,119.0,open-meteo_ecmwf_ifs,daily,32.3675,13.0675,32.85,9.804999,3.2136533,50.86998,0.0,33.21015028463107,6.968229911285596
2019-01-05 00:00:00+00:00,-35.576666,-71.678888,119.0,open-meteo_ecmwf_ifs,daily,27.2175,14.8175,32.16,11.400832,2.8031557,52.79716,0.0,33.171596881914056,6.152229643996268
2019-01-06 00:00:00+00:00,-35.576666,-71.678888,119.0,open-meteo_ecmwf_ifs,daily,27.567501,14.2675,28.6,12.407084,2.2690651,59.37634,0.2,33.13025919454076,5.463621164886321
2019-01-07 00:00:00+00:00,-35.576666,-71.678888,119.0,open-meteo_ecmwf_ifs,daily,25.667501,16.167501,23.06,10.81125,2.9209917,56.209972,0.0,33.08613956776759,5.159892738035682
2019-01-08 00:00:00+00:00,-35.576666,-71.678888,119.0,open-meteo_ecmwf_ifs,daily,20.8675,13.1675,9.55,9.877916,3.1688347,65.68029,0.3,33.03924067031084,2.9170643387280095
2019-01-09 00:00:00+00:00,-35.576666,-71.678888,119.0,open-meteo_ecmwf_ifs,daily,20.4675,14.2675,11.8,10.484166,1.9155172,66.377754,1.4,32.989565507020814,2.82081940456511
2019-01-10 00:00:00+00:00,-35.576666,-71.678888,119.0,open-meteo_ecmwf_ifs,daily,27.3675,9.8175,31.93,6.150833,3.4166687,47.189342,0.0,32.937117432366975,6.158447663462567
2019-01-11 00:00:00+00:00,-35.576666,-71.678888,119.0,open-meteo_ecmwf_ifs,daily,28.2175,14.3175,32.04,7.5174994,2.988569,43.038692,0.0,32.88190016474234,6.588209864581296
2019-01-12 00:00:00+00:00,-35.576666,-71.678888,119.0,open-meteo_ecmwf_ifs,daily,26.067501,12.9175,24.37,5.159167,1.9103438,41.067543,0.0,32.82391780159229,5.011500356479789
2019-01-13 00:00:00+00:00,-35.576666,-71.678888,119.0,open-meteo_ecmwf_ifs,daily,30.1175,16.0175,28.61,7.115417,2.850262,41.221413,0.0,32.763174835370144,6.583390294343555
2019-01-14 00:00:00+00:00,-35.576666,-71.678888,119.0,open-meteo_ecmwf_ifs,daily,29.4675,14.617499,28.6,8.854999,1.9981209,46.532185,0.0,32.69967617031844,5.806000036040435
2019-01-15 00:00:00+00:00,-35.576666,-71.678888,119.0,open-meteo_ecmwf_ifs,daily,31.7675,14.9175,31.68,10.596665,2.3857424,51.09078,0.0,32.633427140070864,6.524460402988715
2019-01-16 00:00:00+00:00,-35.576666,-71.678888,119.0,open-meteo_ecmwf_ifs,daily,27.9675,14.4175,31.74,5.3445835,4.247161,37.302704,0.0,32.56443352606643,7.248931420917495
2019-01-17 00:00:00+00:00,-35.576666,-71.678888,119.0,open-meteo_ecmwf_ifs,daily,31.2175,13.117499,31.52,5.7800007,3.9022532,38.972904,0.0,32.492701576762755,7.301971318360917
2019-01-18 00:00:00+00:00,-35.576666,-71.678888,119.0,open-meteo_ecmwf_ifs,daily,35.4175,17.1175,32.27,8.738334,3.3145351,36.969913,0.0,32.418238027631375,7.890861866975337
2019-01-19 00:00:00+00:00,-35.576666,-71.678888,119.0,open-meteo_ecmwf_ifs,daily,30.7675,14.4675,32.08,10.144583,3.3482597,48.55132,0.0,32.341050121913234,6.819038340676989
2019-01-20 00:00:00+00:00,-35.576666,-71.678888,119.0,open-meteo_ecmwf_ifs,daily,31.417501,13.9175,31.45,11.946666,1.7994623,57.16923,0.0,32.26114563210792,6.009145098631207
2019-01-21 00:00:00+00:00,-35.576666,-71.678888,119.0,open-meteo_ecmwf_ifs,daily,32.517498,15.5175,32.21,8.794581,4.634941,44.489086,0.0,32.17853288216571,7.93442808468124
2019-01-22 00:00:00+00:00,-35.576666,-71.678888,119.0,open-meteo_ecmwf_ifs,daily,30.567501,13.5675,31.76,5.3591666,4.7916436,37.041683,0.0,32.093220770346235,7.720638868488236
2019-01-23 00:00:00+00:00,-35.576666,-71.678888,119.0,open-meteo_ecmwf_ifs,daily,31.317501,13.617499,30.77,7.427917,3.0774164,41.299362,0.0,32.00521879270314,6.725864685847783
2019-01-24 00:00:00+00:00,-35.576666,-71.678888,119.0,open-meteo_ecmwf_ifs,daily,32.6175,15.867499,31.1,9.338332,1.8679858,41.395966,0.0,31.914537067149286,6.3516735981880545
2019-01-25 00:00:00+00:00,-35.576666,-71.678888,119.0,open-meteo_ecmwf_ifs,daily,32.3675,16.917501,31.02,8.663333,3.1326663,40.67288,0.0,31.821186358052138,7.205188090293035
2019-01-26 00:00:00+00:00,-35.576666,-71.678888,119.0,open-meteo_ecmwf_ifs,daily,34.267498,15.117499,31.71,7.7987494,4.6745176,39.32415,0.0,31.725178101304447,8.199077369301898
2019-01-27 00:00:00+00:00,-35.576666,-71.678888,119.0,open-meteo_ecmwf_ifs,daily,33.067497,15.7175,31.77,5.6341662,5.060015,33.614807,0.0,31.626524429810903,8.53610916349929
2019-01-28 00:00:00+00:00,-35.576666,-71.678888,119.0,open-meteo_ecmwf_ifs,daily,33.2175,13.2175,31.76,5.513334,4.5997767,35.153397,0.0,31.52523819932702,7.92908301997898
2019-01-29 00:00:00+00:00,-35.576666,-71.678888,119.0,open-meteo_ecmwf_ifs,daily,33.267498,16.7175,30.27,11.19875,2.5198314,44.82573,0.0,31.421333014582206,6.651774706835758
2019-01-30 00:00:00+00:00,-35.576666,-71.678888,119.0,open-meteo_ecmwf_ifs,daily,32.3675,16.7675,30.11,10.796666,2.732457,45.901108,0.0,31.314823255615398,6.672387182967967
2019-01-31 00:00:00+00:00,-35.576666,-71.678888,119.0,open-meteo_ecmwf_ifs,daily,32.7175,15.6675,31.03,5.7633324,4.6281724,33.52181,0.0,31.20572410424755,8.124175015194998
2019-02-01 00:00:00+00:00,-35.576666,-71.678888,119.0,open-meteo_ecmwf_ifs,daily,32.517498,16.1175,30.7,8.596665,3.2630422,39.41119,0.0,31.094051570612248,7.112526608345208
2019-02-02 00:00:00+00:00,-35.576666,-71.678888,119.0,open-meteo_ecmwf_ifs,daily,35.1675,16.4675,29.62,12.752915,1.5440063,48.47633,0.0,30.979822519662267,6.059211528524867
2019-02-03 00:00:00+00:00,-35.576666,-71.678888,119.0,open-meteo_ecmwf_ifs,daily,32.2175,16.817501,29.38,13.250832,2.7667923,52.147327,0.0,30.863054697567428,6.364271247751256
2019-02-04 00:00:00+00:00,-35.576666,-71.678888,119.0,open-meteo_ecmwf_ifs,daily,34.6175,16.7675,29.27,13.594583,2.1258948,53.699825,0.0,30.7437667579164,6.271217174828541
2019-02-05 00:00:00+00:00,-35.576666,-71.678888,119.0,open-meteo_ecmwf_ifs,daily,35.9175,17.567501,29.55,13.492499,2.741913,49.556915,0.0,30.621978287633087,6.8591512311864475
2019-02-06 00:00:00+00:00,-35.576666,-71.678888,119.0,open-meteo_ecmwf_ifs,daily,33.567497,17.567501,30.12,8.642501,3.7605379,37.788094,0.0,30.49770983251678,7.606741765265559
2019-02-07 00:00:00+00:00,-35.576666,-71.678888,119.0,open-meteo_ecmwf_ifs,daily,29.067501,16.567501,25.51,7.700834,3.6719627,40.481197,0.0,30.37098292231346,6.431748168278114
2019-02-08 00:00:00+00:00,-35.576666,-71.678888,119.0,open-meteo_ecmwf_ifs,daily,29.9675,14.7175,24.96,6.865417,3.2052135,39.707153,0.0,30.24182009522503,6.077369470966676
2019-02-09 00:00:00+00:00,-35.576666,-71.678888,119.0,open-meteo_ecmwf_ifs,daily,31.067501,14.9675,29.63,6.946667,3.0000002,37.300316,0.0,30.11024492176264,6.582599112801588
2019-02-10 00:00:00+00:00,-35.576666,-71.678888,119.0,open-meteo_ecmwf_ifs,daily,29.417501,14.6675,28.18,9.077915,3.604777,46.203075,0.0,29.976282027850047,6.295597946185305
2019-02-11 00:00:00+00:00,-35.576666,-71.678888,119.0,open-meteo_ecmwf_ifs,daily,25.6175,11.7675,26.66,10.523748,3.6822367,60.55432,2.3,29.839957117083305,5.017818641292367
2019-02-12 00:00:00+00:00,-35.576666,-71.678888,119.0,open-meteo_ecmwf_ifs,daily,30.4675,14.2175,27.26,7.7550006,2.954399,40.80727,0.0,29.701296992053567,6.070622727267893
2019-02-13 00:00:00+00:00,-35.576666,-71.678888,119.0,open-meteo_ecmwf_ifs,daily,27.917501,12.867499,26.81,11.050834,2.086395,63.775024,2.8000002,29.56032957464113,4.979470815265311
2019-02-14 00:00:00+00:00,-35.576666,-71.678888,119.0,open-meteo_ecmwf_ifs,daily,32.4675,15.117499,28.49,10.259166,4.5388975,46.985332,0.0,29.417083925189928,7.0562469890258495
2019-02-15 00:00:00+00:00,-35.576666,-71.678888,119.0,open-meteo_ecmwf_ifs,daily,30.317501,17.2675,27.81,13.094583,3.1013787,52.27556,0.0,29.271590260473825,6.038525537884149
2019-02-16 00:00:00+00:00,-35.576666,-71.678888,119.0,open-meteo_ecmwf_ifs,daily,28.8675,16.167501,25.13,13.71125,2.891763,65.87312,0.0,29.123879970368154,5.248422214203232
2019-02-17 00:00:00+00:00,-35.576666,-71.678888,119.0,open-meteo_ecmwf_ifs,daily,29.317501,16.2675,21.16,14.91125,1.9090558,66.82612,0.0,28.97398563314238,4.3830466346276555
2019-02-18 00:00:00+00:00,-35.576666,-71.678888,119.0,open-meteo_ecmwf_ifs,daily,29.817501,15.3175,26.58,15.313332,1.808668,67.04246,0.0,28.82194102929299,4.960943329565352
2019-02-19 00:00:00+00:00,-35.576666,-71.678888,119.0,open-meteo_ecmwf_ifs,daily,30.7175,16.567501,26.91,12.302915,2.8437412,52.57691,0.0,28.667781153838693,5.8271551424181185
2019-02-20 00:00:00+00:00,-35.576666,-71.678888,119.0,open-meteo_ecmwf_ifs,daily,31.067501,16.567501,25.23,15.504998,2.899658,66.3317,0.0,28.511542227003805,5.345046474395059
2019-02-21 00:00:00+00:00,-35.576666,-71.678888,119.0,open-meteo_ecmwf_ifs,daily,24.917501,17.5175,12.02,15.011247,2.6487226,70.00908,0.2,28.353261703219577,3.1238055066689863
2019-02-22 00:00:00+00:00,-35.576666,-71.678888,119.0,open-meteo_ecmwf_ifs,daily,27.3675,17.417501,20.31,13.729999,2.990588,64.93089,0.0,28.19297827837718,4.642934965840714
2019-02-23 00:00:00+00:00,-35.576666,-71.678888,119.0,open-meteo_ecmwf_ifs,daily,28.917501,15.8175,27.05,11.411248,5.3793426,55.178288,0.0,28.030731895270996,6.450601850330085
2019-02-24 00:00:00+00:00,-35.576666,-71.678888,119.0,open-meteo_ecmwf_ifs,daily,26.0175,12.5675,27.27,4.8737497,5.178743,41.165436,0.0,27.866563747175086,6.359506352617896
2019-02-25 00:00:00+00:00,-35.576666,-71.678888,119.0,open-meteo_ecmwf_ifs,daily,27.1175,10.9675,27.25,3.6549997,4.4590616,39.239506,0.0,27.70051627950107,6.14283407800122
2019-02-26 00:00:00+00:00,-35.576666,-71.678888,119.0,open-meteo_ecmwf_ifs,daily,29.7175,11.5675,27.06,5.065417,3.6156604,40.772526,0.0,27.532633189490426,6.0301021508675765
2019-02-27 00:00:00+00:00,-35.576666,-71.678888,119.0,open-meteo_ecmwf_ifs,daily,29.3675,12.7675,26.9,8.357083,2.5288637,47.794903,0.0,27.36295942390016,5.323661483463378
2019-02-28 00:00:00+00:00,-35.576666,-71.678888,119.0,open-meteo_ecmwf_ifs,daily,29.7675,12.9175,25.76,10.965416,1.8251468,57.319218,0.0,27.19154117464558,4.774730423118925
2019-03-01 00:00:00+00:00,-35.576666,-71.678888,119.0,open-meteo_ecmwf_ifs,daily,29.7675,13.0175,25.67,9.790416,2.915021,55.23081,0.0,27.018425872370212,5.302723221446731
2019-03-02 00:00:00+00:00,-35.576666,-71.678888,119.0,open-meteo_ecmwf_ifs,daily,29.4675,13.3175,26.12,7.261251,3.3391685,43.49942,0.0,26.843662177918468,5.750094892322965
2019-03-03 00:00:00+00:00,-35.576666,-71.678888,119.0,open-meteo_ecmwf_ifs,daily,24.6175,14.6675,19.22,9.009166,2.1397202,51.59007,0.2,26.667299971692508,4.015402818110376
2019-03-04 00:00:00+00:00,-35.576666,-71.678888,119.0,open-meteo_ecmwf_ifs,daily,24.167501,11.867499,24.81,7.3904166,3.5116313,53.325092,0.1,26.489390340880778,4.823286430036421
2019-03-05 00:00:00+00:00,-35.576666,-71.678888,119.0,open-meteo_ecmwf_ifs,daily,26.917501,11.7675,25.4,4.5570836,4.720033,43.313,0.0,26.309985564551923,5.986321717535557
2019-03-06 00:00:00+00:00,-35.576666,-71.678888,119.0,open-meteo_ecmwf_ifs,daily,27.667501,12.617499,25.33,6.1154156,3.0146601,45.110367,0.0,26.129139096613578,5.2728961013753795
2019-03-07 00:00:00+00:00,-35.576666,-71.678888,119.0,open-meteo_ecmwf_ifs,daily,24.567501,13.5175,17.2,11.302917,2.3386605,64.37722,1.7,25.94690554664178,3.5220356194722795
2019-03-08 00:00:00+00:00,-35.576666,-71.678888,119.0,open-meteo_ecmwf_ifs,daily,28.417501,12.1675,23.8,8.792499,3.3225842,52.524235,0.0,25.76334065859289,5.0316463574894215
2019-03-09 00:00:00+00:00,-35.576666,-71.678888,119.0,open-meteo_ecmwf_ifs,daily,30.417501,11.617499,24.28,9.227916,1.9572719,54.112682,0.0,25.578501287415808,4.576093783994259
2019-03-10 00:00:00+00:00,-35.576666,-71.678888,119.0,open-meteo_ecmwf_ifs,daily,27.067501,12.7175,23.62,10.5425005,2.4349403,60.569126,0.0,25.392445373588373,4.400818117622621
2019-03-11 00:00:00+00:00,-35.576666,-71.678888,119.0,open-meteo_ecmwf_ifs,daily,29.4675,13.4675,23.0,10.9425,1.9707171,56.032528,0.0,25.205231915607783,4.4083710029043015
2019-03-12 00:00:00+00:00,-35.576666,-71.678888,119.0,open-meteo_ecmwf_ifs,daily,30.9675,15.0175,23.32,11.867501,2.993619,55.242924,0.0,25.016920940470605,5.119222051630406
2019-03-13 00:00:00+00:00,-35.576666,-71.678888,119.0,open-meteo_ecmwf_ifs,daily,29.167501,14.9675,22.72,10.377915,4.071843,53.029522,0.0,24.827573472183776,5.442494981014055
2019-03-14 00:00:00+00:00,-35.576666,-71.678888,119.0,open-meteo_ecmwf_ifs,daily,26.567501,11.867499,24.13,7.159166,4.5190043,49.68658,0.0,24.6372514983535,5.319784798829638
2019-03-15 00:00:00+00:00,-35.576666,-71.678888,119.0,open-meteo_ecmwf_ifs,daily,26.817501,10.367499,23.91,6.988333,2.6469994,50.81631,0.0,24.446017934904575,4.451130652048211
2019-03-16 00:00:00+00:00,-35.576666,-71.678888,119.0,open-meteo_ecmwf_ifs,daily,26.817501,12.367499,23.17,8.619583,2.1464715,54.195084,0.0,24.253936588987592,4.236835149144077
2019-03-17 00:00:00+00:00,-35.576666,-71.678888,119.0,open-meteo_ecmwf_ifs,daily,27.417501,11.0675,22.66,9.87375,1.9082702,61.11347,0.0,24.06107212013698,3.9393015623486627
2019-03-18 00:00:00+00:00,-35.576666,-71.678888,119.0,open-meteo_ecmwf_ifs,daily,23.4675,11.8175,22.82,6.2154164,6.1144423,51.23282,0.0,23.867489999747544,5.281065239187507
2019-03-19 00:00:00+00:00,-35.576666,-71.678888,119.0,open-meteo_ecmwf_ifs,daily,21.5175,9.117499,23.42,1.6154169,6.875585,43.6196,0.0,23.673256468941727,5.447976486900903
2019-03-20 00:00:00+00:00,-35.576666,-71.678888,119.0,open-meteo_ecmwf_ifs,daily,24.2175,8.117499,22.92,2.627917,3.2145917,44.858913,0.0,23.47843849490461,4.369351640425294
2019-03-21 00:00:00+00:00,-35.576666,-71.678888,119.0,open-meteo_ecmwf_ifs,daily,26.167501,11.117499,22.45,4.644583,3.4032733,44.248505,0.0,23.283103725767546,4.771056706733982
2019-03-22 00:00:00+00:00,-35.576666,-71.678888,119.0,open-meteo_ecmwf_ifs,daily,28.1175,12.5175,21.91,9.86125,4.2082353,59.567867,0.0,23.087320444125538,4.859132410670716
2019-03-23 00:00:00+00:00,-35.576666,-71.678888,119.0,open-meteo_ecmwf_ifs,daily,27.567501,12.867499,21.78,8.752916,5.446859,51.434067,0.0,22.891157519277098,5.390604071921432
2019-03-24 00:00:00+00:00,-35.576666,-71.678888,119.0,open-meteo_ecmwf_ifs,daily,26.7175,10.4175,21.54,7.159167,3.7096844,52.606293,0.0,22.69468435827871,4.506864143872183
2019-03-25 00:00:00+00:00,-35.576666,-71.678888,119.0,open-meteo_ecmwf_ifs,daily,25.817501,11.0175,21.05,8.557082,2.005048,54.731815,0.0,22.49797085590935,3.642054736470331
2019-03-26 00:00:00+00:00,-35.576666,-71.678888,119.0,open-meteo_ecmwf_ifs,daily,27.7675,12.3175,20.76,10.490417,1.6968435,59.527905,0.0,22.301087343643164,3.6169061368061066
2019-03-27 00:00:00+00:00,-35.576666,-71.678888,119.0,open-meteo_ecmwf_ifs,daily,25.0175,11.7675,19.68,11.127917,2.3532178,69.9403,0.0,22.1041045377313,3.403203780643534
2019-03-28 00:00:00+00:00,-35.576666,-71.678888,119.0,open-meteo_ecmwf_ifs,daily,23.417501,11.2175,16.16,11.1050005,1.2365907,75.47502,0.0,21.907093486495786,2.604416236253808
2019-03-29 00:00:00+00:00,-35.576666,-71.678888,119.0,open-meteo_ecmwf_ifs,daily,24.317501,10.0175,19.4,11.082082,2.0267189,73.20416,0.0,21.710125516940877,3.0433360608395534
2019-03-30 00:00:00+00:00,-35.576666,-71.678888,119.0,open-meteo_ecmwf_ifs,daily,25.5175,10.1675,17.34,10.182082,2.9678297,66.99851,0.0,21.51327218078823,3.321870648208955
2019-03-31 00:00:00+00:00,-35.576666,-71.678888,119.0,open-meteo_ecmwf_ifs,daily,20.167501,13.6675,8.15,12.07375,2.4597871,73.51443,3.6000001,21.316605200044542,1.9961658980403818
2019-04-01 00:00:00+00:00,-35.576666,-71.678888,119.0,open-meteo_ecmwf_ifs,daily,24.7675,11.117499,17.06,12.067498,2.8478954,75.85888,0.0,21.12019641221057,3.0211293958430327
2019-04-02 00:00:00+00:00,-35.576666,-71.678888,119.0,open-meteo_ecmwf_ifs,daily,27.0175,14.367499,19.44,11.059166,3.6100738,58.255093,0.0,20.92411771524169,4.214864380206436
2019-04-03 00:00:00+00:00,-35.576666,-71.678888,119.0,open-meteo_ecmwf_ifs,daily,23.2175,11.867499,19.33,11.292497,2.7333057,68.07688,0.0,20.72844101237038,3.1604024331750966
2019-04-04 00:00:00+00:00,-35.576666,-71.678888,119.0,open-meteo_ecmwf_ifs,daily,21.067501,10.5175,19.28,9.529999,3.6058705,70.9893,5.0,20.533238156901373,3.1269696974433185
2019-04-05 00:00:00+00:00,-35.576666,-71.678888,119.0,open-meteo_ecmwf_ifs,daily,23.317501,8.117499,19.41,6.7383327,2.7246497,60.80502,0.0,20.3385808970898,3.234994320457697
2019-04-06 00:00:00+00:00,-35.576666,-71.678888,119.0,open-meteo_ecmwf_ifs,daily,24.4675,8.6675,18.92,9.413333,2.2117107,68.668274,0.0,20.1445408212124,2.95305959253166
2019-04-07 00:00:00+00:00,-35.576666,-71.678888,119.0,open-meteo_ecmwf_ifs,daily,25.2675,9.0675,18.92,10.015416,1.5404776,66.64207,0.0,19.95118930294109,2.7985534449601914
2019-04-08 00:00:00+00:00,-35.576666,-71.678888,119.0,open-meteo_ecmwf_ifs,daily,22.317501,10.7175,15.49,11.663333,1.8566977,77.10922,0.0,19.75859744712707,2.3779131431298177
2019-04-09 00:00:00+00:00,-35.576666,-71.678888,119.0,open-meteo_ecmwf_ifs,daily,19.417501,10.4675,10.36,10.813333,1.1803073,78.14376,0.0,19.56683603610241,1.6876846474365585
2019-04-10 00:00:00+00:00,-35.576666,-71.678888,119.0,open-meteo_ecmwf_ifs,daily,23.9675,11.0175,16.36,10.671666,3.3970587,74.74055,0.0,19.375975476604328,3.0539308538674814
2019-04-11 00:00:00+00:00,-35.576666,-71.678888,119.0,open-meteo_ecmwf_ifs,daily,21.417501,11.367499,14.97,10.757084,1.7077194,75.28794,0.0,19.186085747425686,2.3209537157196674
2019-04-12 00:00:00+00:00,-35.576666,-71.678888,119.0,open-meteo_ecmwf_ifs,daily,18.917501,9.9175,9.59,10.7925,1.9867238,83.23593,0.0,18.99723634789291,1.6503316700940118
2019-04-13 00:00:00+00:00,-35.576666,-71.678888,119.0,open-meteo_ecmwf_ifs,daily,19.067501,11.117499,10.06,10.657083,1.506334,77.63273,0.5,18.809496247270182,1.715356867979736
2019-04-14 00:00:00+00:00,-35.576666,-71.678888,119.0,open-meteo_ecmwf_ifs,daily,20.7175,9.117499,16.79,6.898749,4.106626,62.222897,0.0,18.622933835186203,3.107430736874068
2019-04-15 00:00:00+00:00,-35.576666,-71.678888,119.0,open-meteo_ecmwf_ifs,daily,22.7675,7.4175,17.77,6.232084,3.6278365,62.25157,0.0,18.43761687317673,3.153384988760481
2019-04-16 00:00:00+00:00,-35.576666,-71.678888,119.0,open-meteo_ecmwf_ifs,daily,21.317501,5.9675,16.39,7.067499,2.2693396,68.76761,0.0,18.2536124474332,2.336550323226558
2019-04-17 00:00:00+00:00,-35.576666,-71.678888,119.0,open-meteo_ecmwf_ifs,daily,23.3675,7.9175,15.85,7.346666,2.2567194,66.01344,0.0,18.070986922844185,2.5938719089432434
2019-04-18 00:00:00+00:00,-35.576666,-71.678888,119.0,open-meteo_ecmwf_ifs,daily,22.167501,12.617499,12.53,11.888333,1.5494086,72.9812,0.0,17.889805898412995,2.0596366167641804
2019-04-19 00:00:00+00:00,-35.576666,-71.678888,119.0,open-meteo_ecmwf_ifs,daily,19.167501,11.867499,7.15,11.971667,1.429382,84.234055,0.0,17.71013416413094,1.3795120655970718
2019-04-20 00:00:00+00:00,-35.576666,-71.678888,119.0,open-meteo_ecmwf_ifs,daily,18.8675,11.8175,6.29,11.554999,1.1568855,81.925674,0.1,17.532035659381737,1.277211492594952
2019-04-21 00:00:00+00:00,-35.576666,-71.678888,119.0,open-meteo_ecmwf_ifs,daily,19.817501,9.8175,10.06,10.229999,1.5269662,82.94466,0.0,17.35557343294843,1.6350057433683125
2019-04-22 00:00:00+00:00,-35.576666,-71.678888,119.0,open-meteo_ecmwf_ifs,daily,20.067501,7.9175,12.16,9.207082,1.7063131,82.75053,0.0,17.180809604689966,1.7573799939468977
2019-04-23 00:00:00+00:00,-35.576666,-71.678888,119.0,open-meteo_ecmwf_ifs,daily,17.917501,8.0175,10.18,9.440416,1.2516145,82.73705,0.0,17.00780532894982,1.407138374290412
2019-04-24 00:00:00+00:00,-35.576666,-71.678888,119.0,open-meteo_ecmwf_ifs,daily,15.5675,9.367499,5.48,9.88,1.3541344,86.52749,4.9000006,16.836620759754656,1.0362471792981116
2019-04-25 00:00:00+00:00,-35.576666,-71.678888,119.0,open-meteo_ecmwf_ifs,daily,18.7175,9.2175,10.06,9.821666,1.1155556,79.6185,0.0,16.66731501785606,1.4397238925978355
2019-04-26 00:00:00+00:00,-35.576666,-71.678888,119.0,open-meteo_ecmwf_ifs,daily,20.317501,8.0675,14.94,8.9695835,1.3912463,74.62986,0.0,16.499946159663512,1.8314273678011221
2019-04-27 00:00:00+00:00,-35.576666,-71.678888,119.0,open-meteo_ecmwf_ifs,daily,20.5175,7.2675004,13.48,9.494583,1.4603237,79.85962,0.0,16.334571148111646,1.6815060335339642
2019-04-28 00:00:00+00:00,-35.576666,-71.678888,119.0,open-meteo_ecmwf_ifs,daily,22.3675,7.9175,13.02,9.711249,2.4420097,74.59275,0.0,16.171245825499675,2.0042862395052015
2019-04-29 00:00:00+00:00,-35.576666,-71.678888,119.0,open-meteo_ecmwf_ifs,daily,19.7675,10.367499,13.4,5.9737496,6.5162387,59.337887,0.0,16.010024888335618,3.519014081546298
2019-04-30 00:00:00+00:00,-35.576666,-71.678888,119.0,open-meteo_ecmwf_ifs,daily,19.1175,6.2675004,15.13,2.4716666,4.158283,54.90977,0.0,15.850961864212444,2.88141196768832
2019-05-01 00:00:00+00:00,-35.576666,-71.678888,119.0,open-meteo_ecmwf_ifs,daily,21.2675,8.367499,14.15,4.582083,3.650357,57.012966,0.0,15.69410909073796,2.8886006670449333
2019-05-02 00:00:00+00:00,-35.576666,-71.678888,119.0,open-meteo_ecmwf_ifs,daily,17.667501,11.5175,4.71,10.523749,1.3154196,78.21569,0.6,15.539517696534558,1.1356737706514135
2019-05-03 00:00:00+00:00,-35.576666,-71.678888,119.0,open-meteo_ecmwf_ifs,daily,15.4675,13.3175,1.58,13.325831,2.8891408,93.58312,37.399994,15.387237584319347,0.6920998502121714
2019-05-04 00:00:00+00:00,-35.576666,-71.678888,119.0,open-meteo_ecmwf_ifs,daily,16.7675,13.4675,3.14,13.186249,3.331641,91.72019,37.89999,15.23731741606957,0.9944765784286981
2019-05-05 00:00:00+00:00,-35.576666,-71.678888,119.0,open-meteo_ecmwf_ifs,daily,18.667501,11.4675,10.76,11.732082,2.9853451,87.07139,0.0,15.089804600272513,1.6021546184251296
2019-05-06 00:00:00+00:00,-35.576666,-71.678888,119.0,open-meteo_ecmwf_ifs,daily,14.867499,9.4175,7.66,9.029999,2.4622626,85.389366,0.0,14.944745281253237,1.2252374753308917
2019-05-07 00:00:00+00:00,-35.576666,-71.678888,119.0,open-meteo_ecmwf_ifs,daily,14.2175,6.9175,8.41,8.219583,1.4219804,88.24447,0.0,14.802184330567776,1.010263675489217
2019-05-08 00:00:00+00:00,-35.576666,-71.678888,119.0,open-meteo_ecmwf_ifs,daily,12.9175,8.4675,5.97,8.761249,2.034592,89.27106,0.0,14.662165340443707,0.9029321746248691
2019-05-09 00:00:00+00:00,-35.576666,-71.678888,119.0,open-meteo_ecmwf_ifs,daily,14.0175,6.0675,6.46,8.163333,1.887232,90.0218,2.5999997,14.524730619244101,0.8820133058053631
2019-05-10 00:00:00+00:00,-35.576666,-71.678888,119.0,open-meteo_ecmwf_ifs,daily,16.3675,6.6175003,12.82,7.521666,2.9141607,84.59582,0.2,14.389921188925282,1.501583570238161
2019-05-11 00:00:00+00:00,-35.576666,-71.678888,119.0,open-meteo_ecmwf_ifs,daily,16.8675,5.5675,11.88,7.5008335,1.4745847,85.901665,0.0,14.25777678445285,1.2294821274636267
2019-05-12 00:00:00+00:00,-35.576666,-71.678888,119.0,open-meteo_ecmwf_ifs,daily,17.817501,8.117499,8.52,10.269584,3.430763,87.33539,0.0,14.128335855135033,1.2645894401982742
2019-05-13 00:00:00+00:00,-35.576666,-71.678888,119.0,open-meteo_ecmwf_ifs,daily,17.667501,7.2175,12.3,9.415416,3.0712306,81.23547,0.0,14.001635567826561,1.3818518642486055
2019-05-14 00:00:00+00:00,-35.576666,-71.678888,119.0,open-meteo_ecmwf_ifs,daily,16.7175,6.2175,10.32,8.925832,0.9094469,88.707466,0.0,13.877711811950917,1.0155907190839237
2019-05-15 00:00:00+00:00,-35.576666,-71.678888,119.0,open-meteo_ecmwf_ifs,daily,15.117499,8.5175,7.5,9.78,1.5113147,93.57235,0.0,13.75659920628324,0.9296829281812959
2019-05-16 00:00:00+00:00,-35.576666,-71.678888,119.0,open-meteo_ecmwf_ifs,daily,14.6675,9.4175,4.95,9.184167,3.2321165,85.97497,0.0,13.638331107430961,1.1015342599873421
2019-05-17 00:00:00+00:00,-35.576666,-71.678888,119.0,open-meteo_ecmwf_ifs,daily,12.9675,9.2175,1.74,9.525833,2.8728573,92.66215,18.900002,13.52293961994383,0.7162731138839135
2019-05-18 00:00:00+00:00,-35.576666,-71.678888,119.0,open-meteo_ecmwf_ifs,daily,16.167501,7.8175,10.67,7.807083,3.8961105,83.79339,0.3,13.410455607980365,1.5395790993319098
2019-05-19 00:00:00+00:00,-35.576666,-71.678888,119.0,open-meteo_ecmwf_ifs,daily,16.167501,5.9175,11.84,4.915417,4.6496105,71.09275,0.0,13.300908708452313,1.935920462141038
2019-05-20 00:00:00+00:00,-35.576666,-71.678888,119.0,open-meteo_ecmwf_ifs,daily,12.0675,7.1675,6.94,5.671667,2.7035196,80.24948,0.0,13.194327345564675,1.1422676638582987
2019-05-21 00:00:00+00:00,-35.576666,-71.678888,119.0,open-meteo_ecmwf_ifs,daily,16.067501,5.1175003,9.72,5.844583,2.3100293,81.84313,0.8000001,13.090738746663735,1.2599466174591958
2019-05-22 00:00:00+00:00,-35.576666,-71.678888,119.0,open-meteo_ecmwf_ifs,daily,13.2675,1.3675,11.26,4.3820834,1.3259205,83.602806,0.0,12.990168959301942,0.8590286750941556
2019-05-23 00:00:00+00:00,-35.576666,-71.678888,119.0,open-meteo_ecmwf_ifs,daily,13.0175,2.9175,9.74,5.1925,1.0237958,87.88828,0.0,12.892642869424003,0.8047496812027348
2019-05-24 00:00:00+00:00,-35.576666,-71.678888,119.0,open-meteo_ecmwf_ifs,daily,13.0175,3.9675,6.67,6.2904167,1.5669726,91.820915,0.0,12.79818422057518,0.7620028321596983
2019-05-25 00:00:00+00:00,-35.576666,-71.678888,119.0,open-meteo_ecmwf_ifs,daily,13.8175,4.5675,4.46,7.1008334,2.577976,86.69956,0.1,12.706815634029265,0.786857734785089
2019-05-26 00:00:00+00:00,-35.576666,-71.678888,119.0,open-meteo_ecmwf_ifs,daily,15.367499,8.867499,5.62,9.100833,2.9586117,85.26731,5.3,12.61855862973075,1.074507013636218
2019-05-27 00:00:00+00:00,-35.576666,-71.678888,119.0,open-meteo_ecmwf_ifs,daily,15.367499,5.5175004,7.64,8.194583,1.9258556,88.54121,1.8000001,12.533433647942898,0.8518844412724044
2019-05-28 00:00:00+00:00,-35.576666,-71.678888,119.0,open-meteo_ecmwf_ifs,daily,16.667501,8.3175,10.43,8.977917,1.4234599,85.34658,0.5,12.45146007149115,1.0280960538918433
2019-05-29 00:00:00+00:00,-35.576666,-71.678888,119.0,open-meteo_ecmwf_ifs,daily,13.4175,10.4175,1.51,9.371666,3.7032802,86.79957,11.900001,12.372656248489434,0.9618631507449715
2019-05-30 00:00:00+00:00,-35.576666,-71.678888,119.0,open-meteo_ecmwf_ifs,daily,14.8175,10.9675,4.92,9.361249,6.0080147,82.22529,23.4,12.297039515435285,1.4926529343983233
2019-05-31 00:00:00+00:00,-35.576666,-71.678888,119.0,open-meteo_ecmwf_ifs,daily,14.4675,10.117499,3.14,9.436248,5.533083,86.95981,26.900002,12.224626220558676,1.2135939119859425
2019-06-01 00:00:00+00:00,-35.576666,-71.678888,119.0,open-meteo_ecmwf_ifs,daily,14.9675,9.7675,3.64,9.702916,3.7297564,87.85732,15.4,12.1554317473089,1.0343885550972443
2019-06-02 00:00:00+00:00,-35.576666,-71.678888,119.0,open-meteo_ecmwf_ifs,daily,18.417501,8.4175,10.05,8.840417,1.5882243,82.91878,2.2,12.089470537863436,1.1208291860772346
2019-06-03 00:00:00+00:00,-35.576666,-71.678888,119.0,open-meteo_ecmwf_ifs,daily,16.0175,5.0175004,8.18,7.73,1.275079,87.326965,0.0,12.026756116543403,0.8042392450699207
2019-06-04 00:00:00+00:00,-35.576666,-71.678888,119.0,open-meteo_ecmwf_ifs,daily,15.3175,8.2175,5.9,9.632082,2.141618,92.21579,0.0,11.96730111302065,0.8241540760531519
2019-06-05 00:00:00+00:00,-35.576666,-71.678888,119.0,open-meteo_ecmwf_ifs,daily,16.667501,10.117499,5.41,10.148749,4.1362443,86.53924,17.300005,11.911117285203076,1.2524393800181561
2019-06-06 00:00:00+00:00,-35.576666,-71.678888,119.0,open-meteo_ecmwf_ifs,daily,13.7675,9.2175,6.81,10.42375,2.9561555,90.46894,3.6,11.858215541686578,0.6970143539430035
2019-06-07 00:00:00+00:00,-35.576666,-71.678888,119.0,open-meteo_ecmwf_ifs,daily,13.7175,5.5675,9.15,6.42375,3.154066,87.753944,0.0,11.808605963664144,1.0173991902914077
2019-06-08 00:00:00+00:00,-35.576666,-71.678888,119.0,open-meteo_ecmwf_ifs,daily,14.9175,4.4175,10.57,6.0800004,3.1361501,83.98591,0.0,11.762297826185879,1.0732847862669943
2019-06-09 00:00:00+00:00,-35.576666,-71.678888,119.0,open-meteo_ecmwf_ifs,daily,12.1675,4.1175003,6.03,6.1945834,1.9735225,93.12223,0.0,11.719299618666536,0.6758456955350483
2019-06-10 00:00:00+00:00,-35.576666,-71.678888,119.0,open-meteo_ecmwf_ifs,daily,14.617499,6.3675003,7.03,7.879999,2.325826,88.81296,0.0,11.679619064541582,0.8556184991716096
2019-06-11 00:00:00+00:00,-35.576666,-71.678888,119.0,open-meteo_ecmwf_ifs,daily,12.9675,4.9175,4.13,6.955,2.7329624,89.69999,3.3,11.643263139976678,0.7256174134049129
2019-06-12 00:00:00+00:00,-35.576666,-71.678888,119.0,open-meteo_ecmwf_ifs,daily,13.8175,9.6675,3.46,8.400832,6.3719125,83.31834,17.300001,11.610238091540667,1.3711866667859993
2019-06-13 00:00:00+00:00,-35.576666,-71.678888,119.0,open-meteo_ecmwf_ifs,daily,11.9175,7.9175,4.21,8.082083,2.9196813,89.448204,9.5,11.580549452757165,0.7346615721824414
2019-06-14 00:00:00+00:00,-35.576666,-71.678888,119.0,open-meteo_ecmwf_ifs,daily,9.2175,6.4675,2.93,6.5820827,3.520936,88.38873,25.500004,11.554202059455813,0.5913847398720236
2019-06-15 00:00:00+00:00,-35.576666,-71.678888,119.0,open-meteo_ecmwf_ifs,daily,11.0175,1.4175,9.82,3.452917,1.7326669,86.614815,0.2,11.531200063850246,0.6834048812238396
2019-06-16 00:00:00+00:00,-35.576666,-71.678888,119.0,open-meteo_ecmwf_ifs,daily,13.4675,2.6675,10.2,4.107084,1.5265331,85.80148,0.0,11.5115469472764,0.7959111464307236
2019-06-17 00:00:00+00:00,-35.576666,-71.678888,119.0,open-meteo_ecmwf_ifs,daily,12.617499,1.2175,8.59,3.7133334,1.6596217,85.109276,2.1,11.495245531531806,0.72358082507063
2019-06-18 00:00:00+00:00,-35.576666,-71.678888,119.0,open-meteo_ecmwf_ifs,daily,13.8175,5.2675004,10.17,5.732083,1.9233226,81.38773,3.3999999,11.482297988763413,0.896869724597216
2019-06-19 00:00:00+00:00,-35.576666,-71.678888,119.0,open-meteo_ecmwf_ifs,daily,15.117499,3.9175,8.4,3.884167,2.999894,76.64529,0.0,11.47270584985941,1.2809570708912412
2019-06-20 00:00:00+00:00,-35.576666,-71.678888,119.0,open-meteo_ecmwf_ifs,daily,14.117499,3.4675,7.28,5.7549996,1.9540831,90.40518,0.0,11.4664700113078,0.7946123172342102
2019-06-21 00:00:00+00:00,-35.576666,-71.678888,119.0,open-meteo_ecmwf_ifs,daily,14.367499,5.1675,8.09,7.490416,1.314329,90.25934,0.0,11.463590740492808,0.695981499557482
2019-06-22 00:00:00+00:00,-35.576666,-71.678888,119.0,open-meteo_ecmwf_ifs,daily,15.5675,5.0675,8.45,7.127917,2.5214746,88.18918,0.0,11.464067679407938,0.9334839773414224
2019-06-23 00:00:00+00:00,-35.576666,-71.678888,119.0,open-meteo_ecmwf_ifs,daily,13.5175,7.1175003,5.91,8.152917,1.0544255,92.211945,0.0,11.467899846772983,0.6617244411210165
2019-06-24 00:00:00+00:00,-35.576666,-71.678888,119.0,open-meteo_ecmwf_ifs,daily,10.7675,5.0175004,3.16,6.3695836,2.3128502,90.5991,3.8,11.47508563855033,0.6005527511358556
2019-06-25 00:00:00+00:00,-35.576666,-71.678888,119.0,open-meteo_ecmwf_ifs,daily,10.0175,-0.7825,10.21,1.9883333,1.5529852,84.87772,0.0,11.485622826864326,0.60866125994807
2019-06-26 00:00:00+00:00,-35.576666,-71.678888,119.0,open-meteo_ecmwf_ifs,daily,10.0175,4.4175,1.36,2.3466668,3.097256,75.05314,0.0,11.499508557335568,1.120398101711134
2019-06-27 00:00:00+00:00,-35.576666,-71.678888,119.0,open-meteo_ecmwf_ifs,daily,12.8175,8.0675,3.46,6.0424995,5.775135,77.464485,2.0,11.516739344850212,1.518676508051838
2019-06-28 00:00:00+00:00,-35.576666,-71.678888,119.0,open-meteo_ecmwf_ifs,daily,13.7675,8.617499,5.18,7.496666,4.2814255,78.90999,3.4999995,11.53731106779247,1.2451075465116308
2019-06-29 00:00:00+00:00,-35.576666,-71.678888,119.0,open-meteo_ecmwf_ifs,daily,11.4675,8.8175,2.42,7.919583,4.3493824,87.26972,27.600004,11.561218960776122,0.8788968945721308
2019-06-30 00:00:00+00:00,-35.576666,-71.678888,119.0,open-meteo_ecmwf_ifs,daily,12.9175,4.7675004,9.2,4.73,3.06681,84.89432,0.0,11.588457605918737,1.0786644873507056
2019-07-01 00:00:00+00:00,-35.576666,-71.678888,119.0,open-meteo_ecmwf_ifs,daily,11.2675,1.2674999,10.89,2.7237499,3.1029975,82.02154,0.0,11.619020922709527,0.9088872432876514
2019-07-02 00:00:00+00:00,-35.576666,-71.678888,119.0,open-meteo_ecmwf_ifs,daily,12.6675,1.6175,7.26,3.638333,1.5684403,85.71304,0.0,11.652902156528818,0.753107869093785
2019-07-03 00:00:00+00:00,-35.576666,-71.678888,119.0,open-meteo_ecmwf_ifs,daily,13.7175,1.8675,8.79,4.8258333,2.0568411,85.815956,0.0,11.69009386588399,0.7931009372412147
2019-07-04 00:00:00+00:00,-35.576666,-71.678888,119.0,open-meteo_ecmwf_ifs,daily,12.8175,4.4175,10.95,5.5466676,3.6625817,84.12434,0.0,11.730587908432987,1.000850720388983
2019-07-05 00:00:00+00:00,-35.576666,-71.678888,119.0,open-meteo_ecmwf_ifs,daily,14.5675,1.3675,10.99,3.0216665,3.7033708,78.670586,0.0,11.774375425872538,1.2577544852791995
2019-07-06 00:00:00+00:00,-35.576666,-71.678888,119.0,open-meteo_ecmwf_ifs,daily,13.367499,1.6175,6.11,5.2508326,2.8476439,86.266884,0.0,11.821446827773741,0.7532358555747906
2019-07-07 00:00:00+00:00,-35.576666,-71.678888,119.0,open-meteo_ecmwf_ifs,daily,15.8175,8.5175,6.44,9.054999,3.7159054,84.71917,0.0,11.871791774452815,1.1407648697408752
2019-07-08 00:00:00+00:00,-35.576666,-71.678888,119.0,open-meteo_ecmwf_ifs,daily,14.5675,7.9175,5.48,8.47375,2.7544413,87.66813,0.0,11.925399158969437,0.9430317056946844
2019-07-09 00:00:00+00:00,-35.576666,-71.678888,119.0,open-meteo_ecmwf_ifs,daily,14.3175,4.9675,8.24,7.3904166,1.2720505,91.58521,0.0,11.98225708834914,0.7389198953505562
2019-07-10 00:00:00+00:00,-35.576666,-71.678888,119.0,open-meteo_ecmwf_ifs,daily,14.7675,5.9675,5.72,8.490417,2.3250456,91.64428,0.0,12.042352864130155,0.7632965811268798
2019-07-11 00:00:00+00:00,-35.576666,-71.678888,119.0,open-meteo_ecmwf_ifs,daily,13.1675,8.2675,3.7,8.934166,0.97460675,90.14399,0.6,12.105672962337875,0.6447782285053154
2019-07-12 00:00:00+00:00,-35.576666,-71.678888,119.0,open-meteo_ecmwf_ifs,daily,12.867499,5.7675004,8.77,7.290418,0.9021437,91.047615,0.2,12.172203012993135,0.7143291404672513
2019-07-13 00:00:00+00:00,-35.576666,-71.678888,119.0,open-meteo_ecmwf_ifs,daily,14.617499,4.1175003,9.7,6.263333,1.6388613,88.621574,2.6000001,12.241927779262314,0.8746794291170369
2019-07-14 00:00:00+00:00,-35.576666,-71.678888,119.0,open-meteo_ecmwf_ifs,daily,14.7675,5.2175,10.35,6.332084,1.5436641,85.554726,0.0,12.314831136359164,0.942072485876849
2019-07-15 00:00:00+00:00,-35.576666,-71.678888,119.0,open-meteo_ecmwf_ifs,daily,15.1675,4.9175,11.37,5.294584,3.6488202,78.11269,0.0,12.390896050309172,1.3998263596340894
2019-07-16 00:00:00+00:00,-35.576666,-71.678888,119.0,open-meteo_ecmwf_ifs,daily,12.9675,1.7674999,9.19,4.638333,1.9477578,83.02866,0.0,12.470104556688108,0.8205944329339669
2019-07-17 00:00:00+00:00,-35.576666,-71.678888,119.0,open-meteo_ecmwf_ifs,daily,13.7675,5.9675,3.79,7.4695835,2.0026255,88.97938,5.1,12.55243773944638,0.7863208124332937
2019-07-18 00:00:00+00:00,-35.576666,-71.678888,119.0,open-meteo_ecmwf_ifs,daily,13.7175,4.4175,12.0,4.925833,3.7044528,78.42788,3.8000002,12.637875709930581,1.2949705334880248
2019-07-19 00:00:00+00:00,-35.576666,-71.678888,119.0,open-meteo_ecmwf_ifs,daily,10.9175,1.0174999,6.69,2.9945831,2.066912,84.94361,0.0,12.726397586212975,0.7970287435705726
2019-07-20 00:00:00+00:00,-35.576666,-71.678888,119.0,open-meteo_ecmwf_ifs,daily,12.9675,3.5175,5.55,5.692499,2.759119,86.05503,0.0,12.817981472838119,0.8607663753568046
2019-07-21 00:00:00+00:00,-35.576666,-71.678888,119.0,open-meteo_ecmwf_ifs,daily,10.9175,5.5675,8.52,6.28,3.768016,84.0218,25.600002,12.912604441094702,0.8733315058042046
2019-07-22 00:00:00+00:00,-35.576666,-71.678888,119.0,open-meteo_ecmwf_ifs,daily,11.7675,2.0674999,11.64,3.8341672,2.899293,84.12173,1.0,13.01024250991817,1.0013707517888333
2019-07-23 00:00:00+00:00,-35.576666,-71.678888,119.0,open-meteo_ecmwf_ifs,daily,9.4175,-0.98249996,12.52,0.42166665,2.4927132,76.12318,0.0,13.110870627527623,0.9546670340305159
2019-07-24 00:00:00+00:00,-35.576666,-71.678888,119.0,open-meteo_ecmwf_ifs,daily,12.1675,-2.3325,12.34,0.87791663,1.7998327,82.56681,0.0,13.214462653897755,0.9342771246949935
2019-07-25 00:00:00+00:00,-35.576666,-71.678888,119.0,open-meteo_ecmwf_ifs,daily,12.4175,4.1175003,5.97,5.5674996,3.174874,82.78741,0.2,13.320991344163259,0.9441952805857573
2019-07-26 00:00:00+00:00,-35.576666,-71.678888,119.0,open-meteo_ecmwf_ifs,daily,14.617499,4.5175004,10.31,6.0091667,2.2284825,85.352295,0.0,13.430428333050116,1.1191734743015078
2019-07-27 00:00:00+00:00,-35.576666,-71.678888,119.0,open-meteo_ecmwf_ifs,daily,12.367499,3.7675,6.85,5.307083,1.7106863,86.3108,0.0,13.542744120424278,0.8598351735403346
2019-07-28 00:00:00+00:00,-35.576666,-71.678888,119.0,open-meteo_ecmwf_ifs,daily,13.4175,5.8175,3.91,7.390417,2.8736887,91.01751,1.6,13.657908058044411,0.8580189390622174
2019-07-29 00:00:00+00:00,-35.576666,-71.678888,119.0,open-meteo_ecmwf_ifs,daily,17.1175,9.4675,7.06,9.469583,3.3068333,84.37734,5.6,13.775888337601328,1.4027601418563762
2019-07-30 00:00:00+00:00,-35.576666,-71.678888,119.0,open-meteo_ecmwf_ifs,daily,19.067501,8.0175,10.67,10.315416,1.4204184,86.69214,0.0,13.896651980122169,1.2143614198108341
2019-07-31 00:00:00+00:00,-35.576666,-71.678888,119.0,open-meteo_ecmwf_ifs,daily,14.4675,9.2175,10.53,8.496668,2.7501538,81.87883,0.8,14.02016482681309,1.3137333420222463
2019-08-01 00:00:00+00:00,-35.576666,-71.678888,119.0,open-meteo_ecmwf_ifs,daily,12.6675,3.8675,12.79,4.7216673,3.0667496,81.415764,0.2,14.146391531409344,1.2617793209421808
2019-08-02 00:00:00+00:00,-35.576666,-71.678888,119.0,open-meteo_ecmwf_ifs,daily,14.117499,4.3175,13.52,3.002917,5.634308,69.899254,0.0,14.27529555409671,2.058522544702721
2019-08-03 00:00:00+00:00,-35.576666,-71.678888,119.0,open-meteo_ecmwf_ifs,daily,15.5175,2.8675,13.27,4.0049996,2.7970238,78.14958,0.0,14.40683915706352,1.5142341496935885
2019-08-04 00:00:00+00:00,-35.576666,-71.678888,119.0,open-meteo_ecmwf_ifs,daily,16.0175,4.7675004,13.03,6.732083,1.804335,86.90268,0.0,14.540983401737023,1.2964909735535897
2019-08-05 00:00:00+00:00,-35.576666,-71.678888,119.0,open-meteo_ecmwf_ifs,daily,15.1675,3.5175,13.57,5.7862506,1.9841027,85.149345,0.0,14.677688147753038,1.2863761296395944
2019-08-06 00:00:00+00:00,-35.576666,-71.678888,119.0,open-meteo_ecmwf_ifs,daily,12.367499,5.6175003,7.29,5.9237514,2.419255,83.49671,2.3,14.816912053702223,1.0688648029174452
2019-08-07 00:00:00+00:00,-35.576666,-71.678888,119.0,open-meteo_ecmwf_ifs,daily,13.0175,4.2175,14.37,2.7133338,5.5967383,70.31498,0.0,14.958612579691186,2.0175847740911093
2019-08-08 00:00:00+00:00,-35.576666,-71.678888,119.0,open-meteo_ecmwf_ifs,daily,11.9175,0.61749995,13.61,2.6133335,2.0953672,81.01698,0.0,15.102745991751158,1.1953643941573833
2019-08-09 00:00:00+00:00,-35.576666,-71.678888,119.0,open-meteo_ecmwf_ifs,daily,11.0675,1.4675,11.69,3.4883335,1.5787439,87.96786,0.0,15.24926736812163,1.0398059297967013
2019-08-10 00:00:00+00:00,-35.576666,-71.678888,119.0,open-meteo_ecmwf_ifs,daily,10.9675,0.76750004,8.37,2.9779167,2.0930789,84.13658,0.0,15.398130607430868,0.9671702021228872
2019-08-11 00:00:00+00:00,-35.576666,-71.678888,119.0,open-meteo_ecmwf_ifs,daily,12.1675,2.4175,10.12,5.0175004,2.1835039,86.13297,3.2999995,15.549288438789773,1.0295173961211896
2019-08-12 00:00:00+00:00,-35.576666,-71.678888,119.0,open-meteo_ecmwf_ifs,daily,14.9675,1.7175,13.12,4.365417,3.1397607,82.94355,0.4,15.702692433810236,1.462764039326421
2019-08-13 00:00:00+00:00,-35.576666,-71.678888,119.0,open-meteo_ecmwf_ifs,daily,15.5675,0.0675,12.64,2.805,3.0947533,74.33921,0.0,15.858293020553585,1.5546522659458164
2019-08-14 00:00:00+00:00,-35.576666,-71.678888,119.0,open-meteo_ecmwf_ifs,daily,18.067501,2.5175,13.06,6.5154157,2.522895,85.52308,0.0,16.016039499409555,1.5117452163552807
2019-08-15 00:00:00+00:00,-35.576666,-71.678888,119.0,open-meteo_ecmwf_ifs,daily,15.7175,6.3675003,11.42,8.357083,2.2935293,88.16213,0.0,16.175880060900607,1.3445970383582766
2019-08-16 00:00:00+00:00,-35.576666,-71.678888,119.0,open-meteo_ecmwf_ifs,daily,13.8175,8.3175,7.17,7.6258335,2.5878813,82.997856,0.0,16.337761805401495,1.2838305379383181
2019-08-17 00:00:00+00:00,-35.576666,-71.678888,119.0,open-meteo_ecmwf_ifs,daily,14.8175,8.5175,8.36,7.48,4.7231164,81.57409,11.800002,16.501630764758385,1.7272796892559223
2019-08-18 00:00:00+00:00,-35.576666,-71.678888,119.0,open-meteo_ecmwf_ifs,daily,14.2675,7.5675,9.82,7.8904166,1.7497687,88.34994,0.0,16.66743192578701,1.288841227847058
2019-08-19 00:00:00+00:00,-35.576666,-71.678888,119.0,open-meteo_ecmwf_ifs,daily,12.367499,4.9675,4.85,7.0424995,1.8660007,89.12226,0.1,16.835109255624094,0.823421952955919
2019-08-20 00:00:00+00:00,-35.576666,-71.678888,119.0,open-meteo_ecmwf_ifs,daily,18.3675,7.1675,11.82,8.242499,1.2560639,82.99942,0.0,17.004605728901293,1.556136166710849
2019-08-21 00:00:00+00:00,-35.576666,-71.678888,119.0,open-meteo_ecmwf_ifs,daily,16.2175,6.9175,8.13,7.6300006,2.526581,78.59257,0.0,17.175863356706206,1.4484001857857578
2019-08-22 00:00:00+00:00,-35.576666,-71.678888,119.0,open-meteo_ecmwf_ifs,daily,18.9675,4.6175003,15.47,7.844583,2.4194674,82.35926,0.0,17.34882321728991,1.833236742625479
2019-08-23 00:00:00+00:00,-35.576666,-71.678888,119.0,open-meteo_ecmwf_ifs,daily,17.317501,4.9675,12.46,7.5362496,1.4906589,84.97934,0.0,17.523425488476214,1.5185091173963856
2019-08-24 00:00:00+00:00,-35.576666,-71.678888,119.0,open-meteo_ecmwf_ifs,daily,18.667501,6.0675,14.78,8.563333,2.396122,79.001465,0.0,17.699609481722867,1.8445821929618478
2019-08-25 00:00:00+00:00,-35.576666,-71.678888,119.0,open-meteo_ecmwf_ifs,daily,17.6175,7.0675,10.25,7.9841666,2.1016037,78.28256,0.4,17.877313677780847,1.6272646944521891
2019-08-26 00:00:00+00:00,-35.576666,-71.678888,119.0,open-meteo_ecmwf_ifs,daily,13.7675,9.2175,2.82,8.942498,1.4361962,86.94345,2.3000002,18.056475763893488,0.8798888488422417
2019-08-27 00:00:00+00:00,-35.576666,-71.678888,119.0,open-meteo_ecmwf_ifs,daily,19.317501,8.9175,11.47,11.019584,1.5289418,91.34292,0.0,18.237032672473088,1.622754932001378
2019-08-28 00:00:00+00:00,-35.576666,-71.678888,119.0,open-meteo_ecmwf_ifs,daily,17.317501,10.3175,6.25,11.746666,1.3577904,90.2226,0.0,18.418920621188445,1.1329082300838746
2019-08-29 00:00:00+00:00,-35.576666,-71.678888,119.0,open-meteo_ecmwf_ifs,daily,15.0675,6.9675,15.98,6.640417,3.8447664,74.16431,2.3,18.602075154393535,2.0855943242043424
2019-08-30 00:00:00+00:00,-35.576666,-71.678888,119.0,open-meteo_ecmwf_ifs,daily,15.8175,5.3175,18.0,5.1695833,4.67676,73.85407,0.0,18.78643118582318,2.400658499319897
2019-08-31 00:00:00+00:00,-35.576666,-71.678888,119.0,open-meteo_ecmwf_ifs,daily,16.2175,5.2175,18.36,4.0487494,6.0936475,67.73502,0.0,18.971923042478675,2.822686441307115
2019-09-01 00:00:00+00:00,-35.576666,-71.678888,119.0,open-meteo_ecmwf_ifs,daily,16.3675,2.9675,18.62,3.0570834,4.525149,68.23638,0.0,19.158484509622827,2.5486108422121165
2019-09-02 00:00:00+00:00,-35.576666,-71.678888,119.0,open-meteo_ecmwf_ifs,daily,15.2675,2.9675,18.75,2.2466667,4.0572305,66.19592,0.0,19.3460488768007,2.493716459496556
2019-09-03 00:00:00+00:00,-35.576666,-71.678888,119.0,open-meteo_ecmwf_ifs,daily,16.4675,0.61749995,19.09,2.3779168,2.2421834,68.06572,0.0,19.53454898479983,2.1492525628672854
2019-09-04 00:00:00+00:00,-35.576666,-71.678888,119.0,open-meteo_ecmwf_ifs,daily,18.0175,4.7175,12.66,5.9841657,1.9084587,81.852905,0.0,19.723917273460536,1.8844967213594104
2019-09-05 00:00:00+00:00,-35.576666,-71.678888,119.0,open-meteo_ecmwf_ifs,daily,13.5175,8.9175,3.61,7.7737503,4.1721463,80.53536,1.4000001,19.914085830245092,1.3535172340534674
2019-09-06 00:00:00+00:00,-35.576666,-71.678888,119.0,open-meteo_ecmwf_ifs,daily,12.8175,7.5175004,5.14,8.961249,1.651976,93.792694,14.700002,20.104986439471787,0.9040692609106233
2019-09-07 00:00:00+00:00,-35.576666,-71.678888,119.0,open-meteo_ecmwf_ifs,daily,11.2175,8.367499,5.07,8.048749,1.3937126,89.26307,8.400001,20.296550632118187,0.9443826748499099
2019-09-08 00:00:00+00:00,-35.576666,-71.678888,119.0,open-meteo_ecmwf_ifs,daily,14.367499,5.9675,12.35,5.221667,2.3320053,77.85866,0.0,20.488709736096364,1.8520870867334
2019-09-09 00:00:00+00:00,-35.576666,-71.678888,119.0,open-meteo_ecmwf_ifs,daily,11.9175,8.1675,4.28,5.74875,6.317286,77.80055,16.199999,20.681394926900794,1.7142825080892268
2019-09-10 00:00:00+00:00,-35.576666,-71.678888,119.0,open-meteo_ecmwf_ifs,daily,16.067501,3.6175,16.57,5.9070835,1.8776684,76.364265,0.4,20.874537278529242,1.9703633488051175
2019-09-11 00:00:00+00:00,-35.576666,-71.678888,119.0,open-meteo_ecmwf_ifs,daily,16.317501,7.0675,16.55,7.2404175,1.6620241,80.01497,2.7,21.068067814575134,2.1367010115058718
2019-09-12 00:00:00+00:00,-35.576666,-71.678888,119.0,open-meteo_ecmwf_ifs,daily,18.9675,5.3175,20.19,7.1424994,3.5992577,77.29898,0.0,21.261917559389712,2.6729758802938406
2019-09-13 00:00:00+00:00,-35.576666,-71.678888,119.0,open-meteo_ecmwf_ifs,daily,19.167501,5.3175,20.06,8.269583,2.3098967,78.251915,0.0,21.456017589211964,2.463316410576117
2019-09-14 00:00:00+00:00,-35.576666,-71.678888,119.0,open-meteo_ecmwf_ifs,daily,14.117499,8.0675,5.17,9.663333,2.751497,88.968956,2.7,21.650299083163496,0.9992283767914647
2019-09-15 00:00:00+00:00,-35.576666,-71.678888,119.0,open-meteo_ecmwf_ifs,daily,13.9175,7.8675003,9.04,7.654999,2.801658,86.335754,8.500001,21.84469337400648,1.5595606694851691
2019-09-16 00:00:00+00:00,-35.576666,-71.678888,119.0,open-meteo_ecmwf_ifs,daily,16.7175,4.1175003,21.6,3.515417,5.375857,69.3754,0.1,22.03913199856259,3.0914309724807834
2019-09-17 00:00:00+00:00,-35.576666,-71.678888,119.0,open-meteo_ecmwf_ifs,daily,14.9675,3.6175,12.78,5.709166,3.3926594,76.957115,0.0,22.233546747691683,1.8022048563118762
2019-09-18 00:00:00+00:00,-35.576666,-71.678888,119.0,open-meteo_ecmwf_ifs,daily,15.6675,5.7675004,17.73,6.540417,2.6708496,80.519165,0.0,22.42786971573025,2.2791758194242506
2019-09-19 00:00:00+00:00,-35.576666,-71.678888,119.0,open-meteo_ecmwf_ifs,daily,13.7675,5.0175004,22.17,2.252917,6.386969,61.396397,0.0,22.622033349290277,3.153953548716615
2019-09-20 00:00:00+00:00,-35.576666,-71.678888,119.0,open-meteo_ecmwf_ifs,daily,15.5675,4.0675,22.46,3.02375,5.0190296,67.04098,0.0,22.815970495321398,3.0574703301400974
2019-09-21 00:00:00+00:00,-35.576666,-71.678888,119.0,open-meteo_ecmwf_ifs,daily,18.317501,5.2675004,22.37,4.2133336,6.1136403,65.1943,0.0,23.009614448340564,3.562619887346514
2019-09-22 00:00:00+00:00,-35.576666,-71.678888,119.0,open-meteo_ecmwf_ifs,daily,19.0175,3.5674999,21.68,6.9925,2.0206115,77.2818,0.0,23.202898996735534,2.6353762567039474
2019-09-23 00:00:00+00:00,-35.576666,-71.678888,119.0,open-meteo_ecmwf_ifs,daily,17.6175,5.9175,17.55,9.244583,2.1091948,85.737854,0.0,23.395758468051298,2.1887651830993415
2019-09-24 00:00:00+00:00,-35.576666,-71.678888,119.0,open-meteo_ecmwf_ifs,daily,18.7675,8.2675,14.62,10.536249,1.6037631,88.63885,0.1,23.588127773170523,2.1170268837015196
2019-09-25 00:00:00+00:00,-35.576666,-71.678888,119.0,open-meteo_ecmwf_ifs,daily,20.0175,9.0175,15.42,11.909167,1.0319772,90.36209,0.0,23.779942449302617,2.2257297000265357
2019-09-26 00:00:00+00:00,-35.576666,-71.678888,119.0,open-meteo_ecmwf_ifs,daily,18.6175,11.5175,10.35,12.248748,1.6449791,89.08781,0.3,23.97113870169882,1.8115835432036174
2019-09-27 00:00:00+00:00,-35.576666,-71.678888,119.0,open-meteo_ecmwf_ifs,daily,18.567501,10.3175,15.92,8.6987505,4.0505013,74.296165,0.3,24.161653444014092,2.9399179999389444
2019-09-28 00:00:00+00:00,-35.576666,-71.678888,119.0,open-meteo_ecmwf_ifs,daily,19.7675,5.0675,21.57,8.150834,1.7051758,82.30196,0.0,24.351424337240626,2.7880109896852994
2019-09-29 00:00:00+00:00,-35.576666,-71.678888,119.0,open-meteo_ecmwf_ifs,daily,17.567501,6.0675,15.69,8.613334,2.3581924,80.78931,0.5,24.540389827141148,2.178412963526243
2019-09-30 00:00:00+00:00,-35.576666,-71.678888,119.0,open-meteo_ecmwf_ifs,daily,13.2175,8.117499,9.91,7.157083,2.3400772,80.8851,5.3999996,24.72848918011466,1.6926829469338183
2019-10-01 00:00:00+00:00,-35.576666,-71.678888,119.0,open-meteo_ecmwf_ifs,daily,13.2675,4.2675004,16.48,4.215417,1.4134539,75.88166,8.799999,24.915662517431688,2.1130906262815095
2019-10-02 00:00:00+00:00,-35.576666,-71.678888,119.0,open-meteo_ecmwf_ifs,daily,14.367499,2.5175,17.85,4.0425,1.7060581,75.764755,1.4000001,25.101850847780003,2.208181060670676
2019-10-03 00:00:00+00:00,-35.576666,-71.678888,119.0,open-meteo_ecmwf_ifs,daily,14.7675,3.4175,19.54,4.1633334,2.3305302,73.867165,0.4,25.286996098067448,2.4758704172203503
2019-10-04 00:00:00+00:00,-35.576666,-71.678888,119.0,open-meteo_ecmwf_ifs,daily,16.917501,5.1175003,24.69,4.9883337,4.321229,72.61475,0.0,25.471041142432416,3.3047362128026925
2019-10-05 00:00:00+00:00,-35.576666,-71.678888,119.0,open-meteo_ecmwf_ifs,daily,16.6175,3.5175,19.94,4.4300003,2.6519988,70.64806,0.0,25.653929829418374,2.7088250194208365
2019-10-06 00:00:00+00:00,-35.576666,-71.678888,119.0,open-meteo_ecmwf_ifs,daily,20.667501,4.3675003,22.93,6.7675,1.9248189,72.697685,0.0,25.83560700727351,3.1362199012076912
2019-10-07 00:00:00+00:00,-35.576666,-71.678888,119.0,open-meteo_ecmwf_ifs,daily,20.067501,10.367499,23.59,9.484166,3.711835,74.199776,0.0,26.016018547342068,3.6792347110877888
2019-10-08 00:00:00+00:00,-35.576666,-71.678888,119.0,open-meteo_ecmwf_ifs,daily,21.7675,6.5675,22.51,4.6112504,4.4154463,56.06422,0.0,26.195111365519512,4.162666541064952
2019-10-09 00:00:00+00:00,-35.576666,-71.678888,119.0,open-meteo_ecmwf_ifs,daily,24.8675,9.4675,22.94,7.5279164,3.6624498,57.182453,0.0,26.372833441748863,4.458306542996329
2019-10-10 00:00:00+00:00,-35.576666,-71.678888,119.0,open-meteo_ecmwf_ifs,daily,22.167501,12.0675,13.84,11.219583,1.8768839,72.08262,0.0,26.54913383754152,2.732168579504782
2019-10-11 00:00:00+00:00,-35.576666,-71.678888,119.0,open-meteo_ecmwf_ifs,daily,18.3675,10.0675,7.65,11.084167,1.393848,79.56391,0.0,26.72396271151121,1.581564088181781
2019-10-12 00:00:00+00:00,-35.576666,-71.678888,119.0,open-meteo_ecmwf_ifs,daily,21.0175,10.367499,19.97,8.659165,1.9274703,67.8646,0.0,26.8972713329157,3.351227446428537
2019-10-13 00:00:00+00:00,-35.576666,-71.678888,119.0,open-meteo_ecmwf_ifs,daily,20.8675,9.9175,18.62,8.205,3.0898466,64.88102,0.0,27.069012093206286,3.457387019698115
2019-10-14 00:00:00+00:00,-35.576666,-71.678888,119.0,open-meteo_ecmwf_ifs,daily,18.8675,10.9675,14.98,10.327916,4.015492,76.50756,8.0,27.239138515591172,2.7963726361856587
2019-10-15 00:00:00+00:00,-35.576666,-71.678888,119.0,open-meteo_ecmwf_ifs,daily,19.167501,10.617499,15.98,9.646667,2.8963954,73.09914,1.0,27.40760526262417,2.884124152605561
2019-10-16 00:00:00+00:00,-35.576666,-71.678888,119.0,open-meteo_ecmwf_ifs,daily,17.4675,6.6175003,14.97,8.373749,2.3011706,78.00475,2.5,27.574368141836025,2.3006822732350063
2019-10-17 00:00:00+00:00,-35.576666,-71.678888,119.0,open-meteo_ecmwf_ifs,daily,18.417501,10.0175,20.06,7.1300006,2.468883,68.53614,0.3,27.739384109431114,3.3659506311705
2019-10-18 00:00:00+00:00,-35.576666,-71.678888,119.0,open-meteo_ecmwf_ifs,daily,21.8675,7.0675,27.0,7.442499,2.8748705,66.82696,0.0,27.90261127207793,4.070685648361452
2019-10-19 00:00:00+00:00,-35.576666,-71.678888,119.0,open-meteo_ecmwf_ifs,daily,19.0175,8.2175,16.86,9.61125,2.9171984,77.444435,0.0,28.064008886826755,2.6898162295588297
2019-10-20 00:00:00+00:00,-35.576666,-71.678888,119.0,open-meteo_ecmwf_ifs,daily,20.0175,9.9675,18.72,7.0550017,1.8884205,65.36615,0.0,28.22353735919375,3.2932652548992487
2019-10-21 00:00:00+00:00,-35.576666,-71.678888,119.0,open-meteo_ecmwf_ifs,daily,21.2175,8.3175,26.92,5.746666,5.1396875,59.69359,0.0,28.381158239455154,4.732787661757486
2019-10-22 00:00:00+00:00,-35.576666,-71.678888,119.0,open-meteo_ecmwf_ifs,daily,23.2675,6.2175,28.47,3.9633334,4.4242797,52.654663,0.0,28.53683421720072,4.990576261504296
2019-10-23 00:00:00+00:00,-35.576666,-71.678888,119.0,open-meteo_ecmwf_ifs,daily,24.1175,6.0175004,27.95,7.33625,1.6702517,63.06734,0.0,28.69052911419987,4.164491298729349
2019-10-24 00:00:00+00:00,-35.576666,-71.678888,119.0,open-meteo_ecmwf_ifs,daily,23.567501,11.2175,25.3,7.688333,1.4324764,57.240784,0.0,28.842207875638806,4.209888632359678
2019-10-25 00:00:00+00:00,-35.576666,-71.678888,119.0,open-meteo_ecmwf_ifs,daily,24.1175,8.4675,24.1,6.380001,2.9972544,56.61972,0.0,28.99183655979099,4.451136821704837
2019-10-26 00:00:00+00:00,-35.576666,-71.678888,119.0,open-meteo_ecmwf_ifs,daily,22.2675,12.7675,19.3,9.357084,2.243056,61.842625,0.8,29.13938232618744,3.7554203265953716
2019-10-27 00:00:00+00:00,-35.576666,-71.678888,119.0,open-meteo_ecmwf_ifs,daily,19.0175,12.5175,9.82,9.363333,2.3569407,69.86056,0.8,29.28481342235693,2.4772930207953694
2019-10-28 00:00:00+00:00,-35.576666,-71.678888,119.0,open-meteo_ecmwf_ifs,daily,19.567501,7.4175,28.21,6.1029167,3.4672859,64.85232,0.0,29.428099169210135,4.240632206468537
2019-10-29 00:00:00+00:00,-35.576666,-71.678888,119.0,open-meteo_ecmwf_ifs,daily,18.7675,10.5675,22.39,7.5674996,3.4557273,69.26357,5.2,29.569209945143932,3.8647292742701005
2019-10-30 00:00:00+00:00,-35.576666,-71.678888,119.0,open-meteo_ecmwf_ifs,daily,22.4675,7.6675,29.52,6.240417,3.5541,62.746292,0.0,29.708117168946305,4.792458422318755
2019-10-31 00:00:00+00:00,-35.576666,-71.678888,119.0,open-meteo_ecmwf_ifs,daily,22.1175,7.5175004,25.28,4.9800005,2.0308135,54.059284,0.0,29.844793281583353,4.157731498229934
2019-11-01 00:00:00+00:00,-35.576666,-71.678888,119.0,open-meteo_ecmwf_ifs,daily,20.167501,9.8175,19.86,7.6154175,3.3204162,65.46261,0.8000001,29.979211726953288,3.7122168949466006
2019-11-02 00:00:00+00:00,-35.576666,-71.678888,119.0,open-meteo_ecmwf_ifs,daily,22.8675,8.4675,30.38,5.7987494,5.5325866,58.99707,0.0,30.11134693169332,5.446898388451334
2019-11-03 00:00:00+00:00,-35.576666,-71.678888,119.0,open-meteo_ecmwf_ifs,daily,22.2675,9.2675,25.55,7.38625,3.2789574,63.731968,0.0,30.241174284127034,4.468053778874676
2019-11-04 00:00:00+00:00,-35.576666,-71.678888,119.0,open-meteo_ecmwf_ifs,daily,19.2175,9.867499,15.58,8.138333,2.1044502,69.09889,0.0,30.368670112441286,2.935185645082907
2019-11-05 00:00:00+00:00,-35.576666,-71.678888,119.0,open-meteo_ecmwf_ifs,daily,25.067501,8.4675,30.46,5.282083,4.732433,54.81892,0.0,30.49381166218147,5.781816210229576
2019-11-06 00:00:00+00:00,-35.576666,-71.678888,119.0,open-meteo_ecmwf_ifs,daily,27.3675,9.867499,29.44,7.7633343,3.7652051,55.54013,0.0,30.616577073155423,5.702003466074259
2019-11-07 00:00:00+00:00,-35.576666,-71.678888,119.0,open-meteo_ecmwf_ifs,daily,27.917501,9.4675,29.84,7.8612504,4.7382655,52.761997,0.0,30.736945355835214,5.999868867221824
2019-11-08 00:00:00+00:00,-35.576666,-71.678888,119.0,open-meteo_ecmwf_ifs,daily,28.7175,13.2175,25.86,7.5362496,3.676336,47.685104,0.0,30.85489636734607,6.021698610969573
2019-11-09 00:00:00+00:00,-35.576666,-71.678888,119.0,open-meteo_ecmwf_ifs,daily,31.6175,12.6675,30.65,6.823751,4.5527787,43.81844,0.0,30.970410787130895,7.289643626829986
2019-11-10 00:00:00+00:00,-35.576666,-71.678888,119.0,open-meteo_ecmwf_ifs,daily,32.7175,13.867499,30.02,9.740415,3.2239811,47.85098,0.0,31.083470092377418,6.662820231723725
2019-11-11 00:00:00+00:00,-35.576666,-71.678888,119.0,open-meteo_ecmwf_ifs,daily,27.3675,15.367499,26.47,13.186249,2.9121625,58.49861,0.0,31.194056533293377,5.293026287312189
2019-11-12 00:00:00+00:00,-35.576666,-71.678888,119.0,open-meteo_ecmwf_ifs,daily,28.2175,13.4175,28.29,13.01958,1.3650799,64.16216,0.8,31.302153108313586,5.030055880922497
2019-11-13 00:00:00+00:00,-35.576666,-71.678888,119.0,open-meteo_ecmwf_ifs,daily,29.417501,14.4175,30.0,9.844583,3.4550018,52.15062,0.0,31.407743539319977,6.407115528108854
2019-11-14 00:00:00+00:00,-35.576666,-71.678888,119.0,open-meteo_ecmwf_ifs,daily,29.7175,15.367499,28.94,8.173751,4.496522,44.022434,0.0,31.510812246953364,7.100702840166208
2019-11-15 00:00:00+00:00,-35.576666,-71.678888,119.0,open-meteo_ecmwf_ifs,daily,29.667501,14.3175,29.13,12.073749,3.964072,57.93831,0.0,31.61134432609269,6.227087702496977
2019-11-16 00:00:00+00:00,-35.576666,-71.678888,119.0,open-meteo_ecmwf_ifs,daily,29.067501,14.0675,29.95,10.548749,3.471319,56.775265,0.0,31.709325521574243,6.249028286812288
2019-11-17 00:00:00+00:00,-35.576666,-71.678888,119.0,open-meteo_ecmwf_ifs,daily,26.2675,10.117499,31.12,6.5529156,3.5919485,52.494488,0.0,31.80474220421982,5.909453584681756
2019-11-18 00:00:00+00:00,-35.576666,-71.678888,119.0,open-meteo_ecmwf_ifs,daily,31.667501,13.0675,32.01,6.3779163,5.813015,44.876675,0.0,31.897581347239193,8.126308987323096
2019-11-19 00:00:00+00:00,-35.576666,-71.678888,119.0,open-meteo_ecmwf_ifs,daily,33.2175,14.617499,31.78,5.6987495,4.644173,36.396915,0.0,31.987830503067933,8.186265735444731
2019-11-20 00:00:00+00:00,-35.576666,-71.678888,119.0,open-meteo_ecmwf_ifs,daily,31.7675,13.617499,31.58,9.179999,4.416514,48.547016,0.0,32.07547778069807,7.2910867451956065
2019-11-21 00:00:00+00:00,-35.576666,-71.678888,119.0,open-meteo_ecmwf_ifs,daily,31.667501,14.3175,31.76,5.8820834,4.535228,37.275665,0.0,32.16051182355393,7.840809203654687
2019-11-22 00:00:00+00:00,-35.576666,-71.678888,119.0,open-meteo_ecmwf_ifs,daily,27.9675,13.5675,24.05,9.279999,2.705342,49.85971,0.0,32.24292178796179,5.2762663804868115
2019-11-23 00:00:00+00:00,-35.576666,-71.678888,119.0,open-meteo_ecmwf_ifs,daily,21.5175,12.6675,15.53,10.677915,3.010854,67.23652,0.0,32.3226973222571,3.387570648800591
2019-11-24 00:00:00+00:00,-35.576666,-71.678888,119.0,open-meteo_ecmwf_ifs,daily,25.5175,12.4175,26.06,9.177917,2.7154932,59.28319,0.2,32.39982854656807,5.101009548769783
2019-11-25 00:00:00+00:00,-35.576666,-71.678888,119.0,open-meteo_ecmwf_ifs,daily,20.7675,12.617499,20.52,5.8737493,3.444252,52.613964,0.2,32.47430603331064,4.563290766291212
2019-11-26 00:00:00+00:00,-35.576666,-71.678888,119.0,open-meteo_ecmwf_ifs,daily,21.917501,8.4675,32.98,1.1049999,4.8193526,43.54984,0.0,32.54612078842424,6.149864211210701
2019-11-27 00:00:00+00:00,-35.576666,-71.678888,119.0,open-meteo_ecmwf_ifs,daily,26.317501,9.7675,32.73,2.4425,6.147866,39.97208,0.0,32.61526423337381,7.283879047600238
2019-11-28 00:00:00+00:00,-35.576666,-71.678888,119.0,open-meteo_ecmwf_ifs,daily,25.817501,10.9675,27.46,4.7133336,4.0744767,43.03744,0.0,32.6817281879389,6.026754571621708
2019-11-29 00:00:00+00:00,-35.576666,-71.678888,119.0,open-meteo_ecmwf_ifs,daily,24.667501,9.7175,28.47,6.669584,2.5724013,52.810368,0.0,32.74550485380599,5.151305134476751
2019-11-30 00:00:00+00:00,-35.576666,-71.678888,119.0,open-meteo_ecmwf_ifs,daily,28.917501,10.9175,33.0,3.8737507,5.867069,41.39732,0.0,32.80658679897639,7.730297025021064
2019-12-01 00:00:00+00:00,-35.576666,-71.678888,119.0,open-meteo_ecmwf_ifs,daily,30.817501,12.3175,32.19,8.696666,3.0698292,48.16774,0.0,32.86496694299768,6.611213496205462
2019-12-02 00:00:00+00:00,-35.576666,-71.678888,119.0,open-meteo_ecmwf_ifs,daily,28.7675,13.3175,26.14,9.898749,3.3199997,53.653507,0.0,32.920638543022996,5.776473225467297
2019-12-03 00:00:00+00:00,-35.576666,-71.678888,119.0,open-meteo_ecmwf_ifs,daily,26.167501,12.367499,33.3,5.259167,6.4811172,43.736965,0.0,32.97359518069878,7.490374993526296
2019-12-04 00:00:00+00:00,-35.576666,-71.678888,119.0,open-meteo_ecmwf_ifs,daily,30.7175,11.1675,33.21,3.6820838,4.4557385,37.880985,0.0,33.02383074987841,7.5931254630725835
2019-12-05 00:00:00+00:00,-35.576666,-71.678888,119.0,open-meteo_ecmwf_ifs,daily,30.167501,14.1675,32.94,6.7529163,4.8520694,40.389168,0.0,33.071339445156184,7.797726851832365
2019-12-06 00:00:00+00:00,-35.576666,-71.678888,119.0,open-meteo_ecmwf_ifs,daily,28.817501,13.7675,32.82,7.0800004,4.3249054,43.247738,0.0,33.11611575121311,7.2632875087814375
2019-12-07 00:00:00+00:00,-35.576666,-71.678888,119.0,open-meteo_ecmwf_ifs,daily,28.9675,14.2175,32.22,9.890416,1.7588567,52.072666,0.0,33.15815443296406,6.039448706281714
2019-12-08 00:00:00+00:00,-35.576666,-71.678888,119.0,open-meteo_ecmwf_ifs,daily,31.3675,14.867499,32.99,8.482083,2.6503503,45.45364,0.0,33.19745052649378,6.928800590866307
2019-12-09 00:00:00+00:00,-35.576666,-71.678888,119.0,open-meteo_ecmwf_ifs,daily,31.5175,13.8175,32.54,10.419582,2.1422896,50.43321,0.0,33.23399933076723,6.429235906837344
2019-12-10 00:00:00+00:00,-35.576666,-71.678888,119.0,open-meteo_ecmwf_ifs,daily,30.167501,14.7175,31.0,9.49875,2.2993934,47.748325,0.0,33.26779640009914,6.320482998725109
2019-12-11 00:00:00+00:00,-35.576666,-71.678888,119.0,open-meteo_ecmwf_ifs,daily,28.167501,12.5675,32.68,8.040416,4.0007973,51.031647,0.0,33.29883753736623,6.747130441461407
2019-12-12 00:00:00+00:00,-35.576666,-71.678888,119.0,open-meteo_ecmwf_ifs,daily,29.917501,12.0175,33.79,1.9716669,5.8108215,33.935017,0.0,33.32711878794557,8.41997104983254
2019-12-13 00:00:00+00:00,-35.576666,-71.678888,119.0,open-meteo_ecmwf_ifs,daily,25.317501,15.5175,20.61,3.72375,3.7277992,33.91846,0.6,33.352636434361926,5.908225370739011
2019-12-14 00:00:00+00:00,-35.576666,-71.678888,119.0,open-meteo_ecmwf_ifs,daily,27.6175,14.1675,26.75,9.965416,3.8339293,60.09463,2.1999998,33.37538699162763,5.985240015325545
2019-12-15 00:00:00+00:00,-35.576666,-71.678888,119.0,open-meteo_ecmwf_ifs,daily,28.067501,12.7675,33.39,4.969584,5.2823815,42.888668,0.0,33.395367203258886,7.643553552839516
2019-12-16 00:00:00+00:00,-35.576666,-71.678888,119.0,open-meteo_ecmwf_ifs,daily,29.167501,11.9675,33.67,5.771667,5.8188,43.417065,0.0,33.412574037953206,7.7876120137780696
2019-12-17 00:00:00+00:00,-35.576666,-71.678888,119.0,open-meteo_ecmwf_ifs,daily,30.167501,13.1675,33.2,5.58,5.3269515,38.85934,0.0,33.427004686914266,8.004228528461399
2019-12-18 00:00:00+00:00,-35.576666,-71.678888,119.0,open-meteo_ecmwf_ifs,daily,30.7175,16.817501,29.59,10.775833,4.436457,48.02411,0.0,33.43865656181142,7.306725581833477
2019-12-19 00:00:00+00:00,-35.576666,-71.678888,119.0,open-meteo_ecmwf_ifs,daily,25.817501,15.2175,18.47,11.888335,4.0540853,59.918568,0.1,33.447527293363194,4.72747421338818
2019-12-20 00:00:00+00:00,-35.576666,-71.678888,119.0,open-meteo_ecmwf_ifs,daily,28.667501,12.9675,33.57,6.27375,4.74729,45.08852,0.0,33.45361473053594,7.452136237324205
2019-12-21 00:00:00+00:00,-35.576666,-71.678888,119.0,open-meteo_ecmwf_ifs,daily,30.7175,13.117499,33.35,5.050834,5.197534,37.96938,0.0,33.45691694035071,8.120160847252704
2019-12-22 00:00:00+00:00,-35.576666,-71.678888,119.0,open-meteo_ecmwf_ifs,daily,32.4675,14.4175,33.19,7.725834,4.8039403,41.036846,0.0,33.45743220829378,8.135535773727803
2019-12-23 00:00:00+00:00,-35.576666,-71.678888,119.0,open-meteo_ecmwf_ifs,daily,34.267498,17.067501,33.25,9.865417,5.8754973,40.040306,0.0,33.455159039328485,9.121705983600313
2019-12-24 00:00:00+00:00,-35.576666,-71.678888,119.0,open-meteo_ecmwf_ifs,daily,25.917501,16.817501,19.71,12.567497,4.264641,61.967163,1.5,33.45009615950831,5.064873944712658
2019-12-25 00:00:00+00:00,-35.576666,-71.678888,119.0,open-meteo_ecmwf_ifs,daily,27.817501,11.2175,33.56,3.4029171,4.9973073,37.92705,0.0,33.44224251819367,7.443752441907809
2019-12-26 00:00:00+00:00,-35.576666,-71.678888,119.0,open-meteo_ecmwf_ifs,daily,29.9675,12.4675,33.62,4.650833,3.568919,38.4492,0.0,33.4315972908768,7.259706706226162
2019-12-27 00:00:00+00:00,-35.576666,-71.678888,119.0,open-meteo_ecmwf_ifs,daily,31.2175,14.2175,33.04,7.8425007,3.3583107,42.302868,0.0,33.41815988262165,7.240912290194199
2019-12-28 00:00:00+00:00,-35.576666,-71.678888,119.0,open-meteo_ecmwf_ifs,daily,32.9175,15.7675,32.1,11.41125,4.4068556,49.998898,0.0,33.40192993212774,7.67524011525926
2019-12-29 00:00:00+00:00,-35.576666,-71.678888,119.0,open-meteo_ecmwf_ifs,daily,33.4175,17.667501,32.41,11.248749,3.5899765,44.555954,0.0,33.38290731642849,7.741428329048121
2019-12-30 00:00:00+00:00,-35.576666,-71.678888,119.0,open-meteo_ecmwf_ifs,daily,32.517498,15.617499,32.97,6.9216657,4.1805964,37.568607,0.0,33.361092156236865,8.094665763196788
2019-12-31 00:00:00+00:00,-35.576666,-71.678888,119.0,open-meteo_ecmwf_ifs,daily,33.767498,15.4675,33.2,7.973749,3.3285885,38.95374,0.0,33.33648482195189,7.7187073143514215
2020-01-01 00:00:00+00:00,-35.576666,-71.678888,119.0,open-meteo_ecmwf_ifs,daily,31.067501,15.9675,32.82,10.373749,2.9834807,43.847656,0.0,33.309085940341646,7.037484410427031
2020-01-02 00:00:00+00:00,-35.576666,-71.678888,119.0,open-meteo_ecmwf_ifs,daily,33.317497,14.6675,32.75,11.069583,1.3352842,51.29166,0.0,33.27889640191825,6.282663012621423
2020-01-03 00:00:00+00:00,-35.576666,-71.678888,119.0,open-meteo_ecmwf_ifs,daily,34.3675,15.8175,32.54,11.211249,2.5144536,47.00713,0.0,33.24591736902198,7.082827013043836
2020-01-04 00:00:00+00:00,-35.576666,-71.678888,119.0,open-meteo_ecmwf_ifs,daily,33.067497,17.317501,32.04,10.788334,5.4234223,46.436474,0.0,33.21015028463107,8.460468912085345
2020-01-05 00:00:00+00:00,-35.576666,-71.678888,119.0,open-meteo_ecmwf_ifs,daily,27.9675,13.617499,31.99,5.3133335,4.796049,39.389507,0.0,33.171596881914056,7.4097586378277205
2020-01-06 00:00:00+00:00,-35.576666,-71.678888,119.0,open-meteo_ecmwf_ifs,daily,26.817501,12.5175,32.76,7.6570816,3.6075242,51.40556,0.0,33.13025919454076,6.4612394992385855
2020-01-07 00:00:00+00:00,-35.576666,-71.678888,119.0,open-meteo_ecmwf_ifs,daily,28.4675,13.9675,27.26,6.9675007,3.1684759,44.314453,0.0,33.08613956776759,6.195297820617767
2020-01-08 00:00:00+00:00,-35.576666,-71.678888,119.0,open-meteo_ecmwf_ifs,daily,24.5175,13.4675,17.99,9.552917,3.6812956,60.408672,0.1,33.03924067031084,4.504607326018577
2020-01-09 00:00:00+00:00,-35.576666,-71.678888,119.0,open-meteo_ecmwf_ifs,daily,26.667501,13.5675,32.66,8.157083,3.3435497,53.07077,0.0,32.989565507020814,6.436302837841958
2020-01-10 00:00:00+00:00,-35.576666,-71.678888,119.0,open-meteo_ecmwf_ifs,daily,30.567501,13.2175,33.26,6.0862484,5.16377,43.792526,0.0,32.937117432366975,7.929955811882896
2020-01-11 00:00:00+00:00,-35.576666,-71.678888,119.0,open-meteo_ecmwf_ifs,daily,32.7175,13.7675,33.13,7.684166,4.2911887,42.85455,0.0,32.88190016474234,7.803329022060758
2020-01-12 00:00:00+00:00,-35.576666,-71.678888,119.0,open-meteo_ecmwf_ifs,daily,34.317497,15.867499,32.09,10.9800005,2.8757784,46.65878,0.0,32.82391780159229,7.202485842498863
2020-01-13 00:00:00+00:00,-35.576666,-71.678888,119.0,open-meteo_ecmwf_ifs,daily,32.317497,14.5175,32.65,9.93,2.4955046,49.27364,0.0,32.763174835370144,6.758891400173056
2020-01-14 00:00:00+00:00,-35.576666,-71.678888,119.0,open-meteo_ecmwf_ifs,daily,31.6175,16.167501,32.32,10.655,5.098898,48.79256,0.0,32.69967617031844,7.870669917095801
2020-01-15 00:00:00+00:00,-35.576666,-71.678888,119.0,open-meteo_ecmwf_ifs,daily,27.1175,11.7675,33.03,3.894583,8.285338,37.998093,0.0,32.633427140070864,8.205853489671298
2020-01-16 00:00:00+00:00,-35.576666,-71.678888,119.0,open-meteo_ecmwf_ifs,daily,35.7175,12.8175,32.81,3.4237502,5.1112823,32.59474,0.0,32.56443352606643,8.900667314045343
2020-01-17 00:00:00+00:00,-35.576666,-71.678888,119.0,open-meteo_ecmwf_ifs,daily,35.9175,15.7175,32.28,7.0654163,1.6730485,33.26692,0.0,32.492701576762755,6.6894976343616355
2020-01-18 00:00:00+00:00,-35.576666,-71.678888,119.0,open-meteo_ecmwf_ifs,daily,35.9675,18.2675,29.26,11.484166,1.7928324,43.5461,0.0,32.418238027631375,6.519359504916837
2020-01-19 00:00:00+00:00,-35.576666,-71.678888,119.0,open-meteo_ecmwf_ifs,daily,34.7175,18.317501,29.66,13.123753,1.7971708,46.649998,0.0,32.341050121913234,6.424631584509379
2020-01-20 00:00:00+00:00,-35.576666,-71.678888,119.0,open-meteo_ecmwf_ifs,daily,33.817497,15.5175,31.81,10.221665,1.5256501,49.23566,0.0,32.26114563210792,6.304037660818354
2020-01-21 00:00:00+00:00,-35.576666,-71.678888,119.0,open-meteo_ecmwf_ifs,daily,35.3675,16.8675,32.3,8.427916,2.6118762,37.673126,0.0,32.17853288216571,7.387456284134307
2020-01-22 00:00:00+00:00,-35.576666,-71.678888,119.0,open-meteo_ecmwf_ifs,daily,30.3675,18.5175,31.07,13.300834,2.7594671,50.56017,0.0,32.093220770346235,6.633986943361099
2020-01-23 00:00:00+00:00,-35.576666,-71.678888,119.0,open-meteo_ecmwf_ifs,daily,33.6175,16.067501,30.05,13.159164,2.0546944,57.658764,0.0,32.00521879270314,6.282340004743296
2020-01-24 00:00:00+00:00,-35.576666,-71.678888,119.0,open-meteo_ecmwf_ifs,daily,35.8675,18.167501,31.89,8.263333,3.5120656,39.518864,0.0,31.914537067149286,8.154414784967429
2020-01-25 00:00:00+00:00,-35.576666,-71.678888,119.0,open-meteo_ecmwf_ifs,daily,35.4175,16.917501,31.45,6.459167,4.0338163,31.248018,0.0,31.821186358052138,8.358843332542579
2020-01-26 00:00:00+00:00,-35.576666,-71.678888,119.0,open-meteo_ecmwf_ifs,daily,34.7175,18.667501,30.23,12.361248,4.3310533,44.714672,0.0,31.725178101304447,7.9619932890648615
2020-01-27 00:00:00+00:00,-35.576666,-71.678888,119.0,open-meteo_ecmwf_ifs,daily,35.6675,18.5175,30.51,8.634166,4.7761545,34.545208,0.0,31.626524429810903,8.792465333302175
2020-01-28 00:00:00+00:00,-35.576666,-71.678888,119.0,open-meteo_ecmwf_ifs,daily,32.817497,18.7675,28.07,12.271665,5.098173,44.83327,0.0,31.52523819932702,7.772950902551915
2020-01-29 00:00:00+00:00,-35.576666,-71.678888,119.0,open-meteo_ecmwf_ifs,daily,30.567501,15.3175,29.88,6.982084,3.8804302,37.686626,0.0,31.421333014582206,7.156071313405621
2020-01-30 00:00:00+00:00,-35.576666,-71.678888,119.0,open-meteo_ecmwf_ifs,daily,33.7175,15.5175,30.71,3.721667,3.9355075,29.105417,0.0,31.314823255615398,7.963284864988548
2020-01-31 00:00:00+00:00,-35.576666,-71.678888,119.0,open-meteo_ecmwf_ifs,daily,34.067497,16.7675,30.43,8.440416,3.4898071,38.290028,0.0,31.20572410424755,7.509104880137822
2020-02-01 00:00:00+00:00,-35.576666,-71.678888,119.0,open-meteo_ecmwf_ifs,daily,33.817497,18.9675,29.63,12.057083,3.2770402,45.00914,0.0,31.094051570612248,7.235987411234621
2020-02-02 00:00:00+00:00,-35.576666,-71.678888,119.0,open-meteo_ecmwf_ifs,daily,33.517498,17.067501,29.55,10.6675,3.4401443,49.74484,0.0,30.979822519662267,7.146726613084768
2020-02-03 00:00:00+00:00,-35.576666,-71.678888,119.0,open-meteo_ecmwf_ifs,daily,30.4675,14.117499,29.96,5.9320836,2.779504,40.125828,0.0,30.863054697567428,6.454563312551945
2020-02-04 00:00:00+00:00,-35.576666,-71.678888,119.0,open-meteo_ecmwf_ifs,daily,27.2175,15.3175,25.92,9.796666,2.9813478,55.46561,0.7,30.7437667579164,5.579487999746852
2020-02-05 00:00:00+00:00,-35.576666,-71.678888,119.0,open-meteo_ecmwf_ifs,daily,27.317501,12.8175,29.78,5.794583,4.3984604,44.026226,0.0,30.621978287633087,6.606299377426531
2020-02-06 00:00:00+00:00,-35.576666,-71.678888,119.0,open-meteo_ecmwf_ifs,daily,28.167501,12.4675,29.9,5.894583,2.0808866,44.189167,0.0,30.49770983251678,5.654242478657015
2020-02-07 00:00:00+00:00,-35.576666,-71.678888,119.0,open-meteo_ecmwf_ifs,daily,32.1675,13.5675,30.09,4.8425,4.0996623,37.721256,0.0,30.37098292231346,7.3804003446029105
2020-02-08 00:00:00+00:00,-35.576666,-71.678888,119.0,open-meteo_ecmwf_ifs,daily,35.7175,15.2675,29.88,6.021666,2.7174835,34.39025,0.0,30.24182009522503,6.994171342188271
2020-02-09 00:00:00+00:00,-35.576666,-71.678888,119.0,open-meteo_ecmwf_ifs,daily,36.2175,15.9175,29.16,8.392499,1.8910624,35.811428,0.0,30.11024492176264,6.29436556720726
2020-02-10 00:00:00+00:00,-35.576666,-71.678888,119.0,open-meteo_ecmwf_ifs,daily,35.517498,18.317501,28.64,11.113332,1.9257236,40.630238,0.0,29.976282027850047,6.320417148844599
2020-02-11 00:00:00+00:00,-35.576666,-71.678888,119.0,open-meteo_ecmwf_ifs,daily,35.317497,19.4675,28.52,12.100833,2.3005137,44.03949,0.0,29.839957117083305,6.610694795509031
2020-02-12 00:00:00+00:00,-35.576666,-71.678888,119.0,open-meteo_ecmwf_ifs,daily,31.4675,18.2175,26.94,11.296666,4.154065,48.38457,0.0,29.701296992053567,6.934897380709862
2020-02-13 00:00:00+00:00,-35.576666,-71.678888,119.0,open-meteo_ecmwf_ifs,daily,27.4675,13.6675,29.34,4.1883326,5.4588084,38.301098,0.0,29.56032957464113,7.25629497682416
2020-02-14 00:00:00+00:00,-35.576666,-71.678888,119.0,open-meteo_ecmwf_ifs,daily,31.167501,12.7675,29.31,2.53,5.4632382,33.55469,0.0,29.417083925189928,7.8908843363522045
2020-02-15 00:00:00+00:00,-35.576666,-71.678888,119.0,open-meteo_ecmwf_ifs,daily,32.6175,15.9175,28.25,9.123748,3.867447,44.176975,0.0,29.271590260473825,6.9785048273142305
2020-02-16 00:00:00+00:00,-35.576666,-71.678888,119.0,open-meteo_ecmwf_ifs,daily,32.6675,14.8175,27.85,8.946667,2.4533288,43.486256,0.0,29.123879970368154,6.026259790356775
2020-02-17 00:00:00+00:00,-35.576666,-71.678888,119.0,open-meteo_ecmwf_ifs,daily,26.567501,16.2675,25.64,8.617499,3.42412,48.84056,0.0,28.97398563314238,5.78028912795796
2020-02-18 00:00:00+00:00,-35.576666,-71.678888,119.0,open-meteo_ecmwf_ifs,daily,32.7175,13.7175,28.72,4.2050004,5.389732,34.664745,0.0,28.82194102929299,7.985950596883719
2020-02-19 00:00:00+00:00,-35.576666,-71.678888,119.0,open-meteo_ecmwf_ifs,daily,31.667501,15.5675,27.84,7.004999,5.4247193,40.656918,0.0,28.667781153838693,7.7187939662406615
2020-02-20 00:00:00+00:00,-35.576666,-71.678888,119.0,open-meteo_ecmwf_ifs,daily,34.2175,14.2175,27.9,5.3174996,3.5972478,33.82408,0.0,28.511542227003805,7.0232371410460015
2020-02-21 00:00:00+00:00,-35.576666,-71.678888,119.0,open-meteo_ecmwf_ifs,daily,28.6175,14.1675,27.28,9.6925,3.0472176,50.251225,0.0,28.353261703219577,5.630635731257636
2020-02-22 00:00:00+00:00,-35.576666,-71.678888,119.0,open-meteo_ecmwf_ifs,daily,29.7675,14.2675,26.99,10.765416,2.0411823,56.432873,0.0,28.19297827837718,5.21530912491107
2020-02-23 00:00:00+00:00,-35.576666,-71.678888,119.0,open-meteo_ecmwf_ifs,daily,30.4675,14.9675,26.65,12.023749,2.0859988,58.447384,0.0,28.030731895270996,5.2434333415606735
2020-02-24 00:00:00+00:00,-35.576666,-71.678888,119.0,open-meteo_ecmwf_ifs,daily,23.5175,13.5175,17.65,8.527916,3.1516438,55.355526,0.0,27.866563747175086,4.128863858735858
2020-02-25 00:00:00+00:00,-35.576666,-71.678888,119.0,open-meteo_ecmwf_ifs,daily,29.8675,13.0175,27.01,5.4529166,4.4712205,42.698063,0.0,27.70051627950107,6.625909333441605
2020-02-26 00:00:00+00:00,-35.576666,-71.678888,119.0,open-meteo_ecmwf_ifs,daily,32.767498,13.7675,26.97,5.4758334,3.5089693,37.645206,0.0,27.532633189490426,6.561441002772091
2020-02-27 00:00:00+00:00,-35.576666,-71.678888,119.0,open-meteo_ecmwf_ifs,daily,32.267498,15.2675,26.24,9.404999,2.603195,44.129807,0.0,27.36295942390016,5.774288675263673
2020-02-28 00:00:00+00:00,-35.576666,-71.678888,119.0,open-meteo_ecmwf_ifs,daily,33.567497,16.417501,26.42,10.1987505,2.9697282,45.198338,0.0,27.19154117464558,6.20001926475764
2020-02-29 00:00:00+00:00,-35.576666,-71.678888,119.0,open-meteo_ecmwf_ifs,daily,35.6175,17.2675,25.74,10.594583,2.693291,42.967834,0.0,27.018425872370212,6.208915675083897
2020-03-01 00:00:00+00:00,-35.576666,-71.678888,119.0,open-meteo_ecmwf_ifs,daily,29.817501,15.3175,25.62,11.607082,2.9461777,57.666683,0.0,26.843662177918468,5.4040328862636535
2020-03-02 00:00:00+00:00,-35.576666,-71.678888,119.0,open-meteo_ecmwf_ifs,daily,32.6175,14.2175,25.41,11.517501,1.3758574,55.46495,0.0,26.667299971692508,4.765057186867295
2020-03-03 00:00:00+00:00,-35.576666,-71.678888,119.0,open-meteo_ecmwf_ifs,daily,34.267498,15.6675,25.39,11.9175,1.6162753,53.168762,0.0,26.489390340880778,5.0954475722792765
2020-03-04 00:00:00+00:00,-35.576666,-71.678888,119.0,open-meteo_ecmwf_ifs,daily,33.767498,16.6175,25.61,6.2758317,3.5367994,35.040264,0.0,26.309985564551923,6.731611699012549
2020-03-05 00:00:00+00:00,-35.576666,-71.678888,119.0,open-meteo_ecmwf_ifs,daily,33.517498,17.2175,24.72,8.157084,5.2296653,39.557243,0.0,26.129139096613578,7.573730673362664
2020-03-06 00:00:00+00:00,-35.576666,-71.678888,119.0,open-meteo_ecmwf_ifs,daily,34.317497,16.3675,24.47,9.415417,3.8213375,42.25008,0.0,25.94690554664178,6.5626912678192095
2020-03-07 00:00:00+00:00,-35.576666,-71.678888,119.0,open-meteo_ecmwf_ifs,daily,31.167501,16.167501,23.76,11.763331,3.4033883,51.254284,0.0,25.76334065859289,5.584535658592943
2020-03-08 00:00:00+00:00,-35.576666,-71.678888,119.0,open-meteo_ecmwf_ifs,daily,30.9675,15.6675,24.09,5.773751,3.4990168,35.206852,0.0,25.578501287415808,6.119736472013586
2020-03-09 00:00:00+00:00,-35.576666,-71.678888,119.0,open-meteo_ecmwf_ifs,daily,32.4175,15.7675,24.07,5.975834,3.4933083,35.531437,0.0,25.392445373588373,6.254635081761323
2020-03-10 00:00:00+00:00,-35.576666,-71.678888,119.0,open-meteo_ecmwf_ifs,daily,32.8675,16.6175,24.22,6.6841674,3.3505795,34.038246,0.0,25.205231915607783,6.245249608465922
2020-03-11 00:00:00+00:00,-35.576666,-71.678888,119.0,open-meteo_ecmwf_ifs,daily,31.5175,16.417501,20.67,11.146667,3.695055,50.764587,0.0,25.016920940470605,5.5177260691615695
2020-03-12 00:00:00+00:00,-35.576666,-71.678888,119.0,open-meteo_ecmwf_ifs,daily,30.167501,16.317501,23.48,7.82375,1.6482683,40.27263,0.0,24.827573472183776,4.6220209452768914
2020-03-13 00:00:00+00:00,-35.576666,-71.678888,119.0,open-meteo_ecmwf_ifs,daily,27.7175,16.417501,20.93,11.957082,3.0838194,59.554005,0.0,24.6372514983535,4.66775558326325
2020-03-14 00:00:00+00:00,-35.576666,-71.678888,119.0,open-meteo_ecmwf_ifs,daily,28.7175,13.2675,23.31,6.1633325,5.2331123,43.635883,0.0,24.446017934904575,6.1957744207714684
2020-03-15 00:00:00+00:00,-35.576666,-71.678888,119.0,open-meteo_ecmwf_ifs,daily,29.7675,11.867499,23.86,5.67375,3.47945,43.201843,0.0,24.253936588987592,5.403254771639989
2020-03-16 00:00:00+00:00,-35.576666,-71.678888,119.0,open-meteo_ecmwf_ifs,daily,28.3675,12.4675,23.03,7.244583,2.5118444,46.58697,0.0,24.06107212013698,4.616447676416489
2020-03-17 00:00:00+00:00,-35.576666,-71.678888,119.0,open-meteo_ecmwf_ifs,daily,28.417501,13.7675,22.93,8.248752,3.4148018,48.2084,0.0,23.867489999747544,5.093191315119932
2020-03-18 00:00:00+00:00,-35.576666,-71.678888,119.0,open-meteo_ecmwf_ifs,daily,28.6175,13.2175,22.85,8.99875,3.0774548,52.392853,0.0,23.673256468941727,4.802547520435804
2020-03-19 00:00:00+00:00,-35.576666,-71.678888,119.0,open-meteo_ecmwf_ifs,daily,29.5175,12.617499,22.91,6.929999,3.2488215,47.254505,0.0,23.47843849490461,5.088121417806939
2020-03-20 00:00:00+00:00,-35.576666,-71.678888,119.0,open-meteo_ecmwf_ifs,daily,29.817501,11.4675,22.6,7.2174993,2.5309427,47.204727,0.0,23.283103725767546,4.558116481509248
2020-03-21 00:00:00+00:00,-35.576666,-71.678888,119.0,open-meteo_ecmwf_ifs,daily,24.4675,14.117499,19.76,9.319583,4.1182957,60.37598,0.0,23.087320444125538,4.452385564328981
2020-03-22 00:00:00+00:00,-35.576666,-71.678888,119.0,open-meteo_ecmwf_ifs,daily,26.1175,14.5175,19.66,8.34875,2.9902298,52.625336,0.0,22.891157519277098,4.364776586767532
2020-03-23 00:00:00+00:00,-35.576666,-71.678888,119.0,open-meteo_ecmwf_ifs,daily,27.4675,11.5175,21.14,9.002917,2.7569647,61.18368,0.0,22.69468435827871,4.1305593491767505
2020-03-24 00:00:00+00:00,-35.576666,-71.678888,119.0,open-meteo_ecmwf_ifs,daily,23.167501,12.0175,7.6,11.154999,1.4077902,68.07346,0.0,22.49797085590935,1.9206637025771764
2020-03-25 00:00:00+00:00,-35.576666,-71.678888,119.0,open-meteo_ecmwf_ifs,daily,29.4675,13.9175,18.95,12.665417,2.476247,68.81138,0.0,22.301087343643164,3.9019144282289893
2020-03-26 00:00:00+00:00,-35.576666,-71.678888,119.0,open-meteo_ecmwf_ifs,daily,30.167501,14.2175,20.46,13.344583,1.9981357,64.190506,0.0,22.1041045377313,3.875367992631942
2020-03-27 00:00:00+00:00,-35.576666,-71.678888,119.0,open-meteo_ecmwf_ifs,daily,26.4675,13.7675,19.29,12.017499,2.1117475,67.593346,0.0,21.907093486495786,3.525479579383467
2020-03-28 00:00:00+00:00,-35.576666,-71.678888,119.0,open-meteo_ecmwf_ifs,daily,26.8675,12.617499,18.6,11.090416,2.3070784,64.60187,0.0,21.710125516940877,3.5260288694192936
2020-03-29 00:00:00+00:00,-35.576666,-71.678888,119.0,open-meteo_ecmwf_ifs,daily,25.567501,12.0675,20.03,9.252917,4.5921783,59.334827,0.0,21.51327218078823,4.369437551664842
2020-03-30 00:00:00+00:00,-35.576666,-71.678888,119.0,open-meteo_ecmwf_ifs,daily,25.9675,10.0175,20.49,5.544584,4.020767,48.616558,0.0,21.316605200044542,4.479585997210731
2020-03-31 00:00:00+00:00,-35.576666,-71.678888,119.0,open-meteo_ecmwf_ifs,daily,25.917501,10.8175,20.19,7.571668,3.55596,52.940643,0.0,21.12019641221057,4.124493045450001
2020-04-01 00:00:00+00:00,-35.576666,-71.678888,119.0,open-meteo_ecmwf_ifs,daily,25.3675,11.117499,20.51,4.9175,6.0457363,46.642178,0.0,20.92411771524169,5.329519790415214
2020-04-02 00:00:00+00:00,-35.576666,-71.678888,119.0,open-meteo_ecmwf_ifs,daily,31.5175,12.0675,20.4,4.3091664,4.264284,40.808304,0.0,20.72844101237038,5.599636011373757
2020-04-03 00:00:00+00:00,-35.576666,-71.678888,119.0,open-meteo_ecmwf_ifs,daily,27.9675,11.6675,18.9,6.5362496,2.755601,48.528324,0.0,20.533238156901373,4.029450452269463
2020-04-04 00:00:00+00:00,-35.576666,-71.678888,119.0,open-meteo_ecmwf_ifs,daily,26.667501,14.9675,18.9,5.8945827,4.452279,43.992756,0.0,20.3385808970898,5.173214407000698
2020-04-05 00:00:00+00:00,-35.576666,-71.678888,119.0,open-meteo_ecmwf_ifs,daily,23.667501,9.9175,19.7,2.0945835,4.699509,42.75403,0.0,20.1445408212124,4.685470232632664
2020-04-06 00:00:00+00:00,-35.576666,-71.678888,119.0,open-meteo_ecmwf_ifs,daily,25.417501,10.2675,19.5,3.5154173,5.165954,45.59613,0.0,19.95118930294109,4.95581572008084
2020-04-07 00:00:00+00:00,-35.576666,-71.678888,119.0,open-meteo_ecmwf_ifs,daily,27.6175,8.5175,19.25,3.1508334,2.321267,44.699818,0.0,19.75859744712707,3.6362623500983178
2020-04-08 00:00:00+00:00,-35.576666,-71.678888,119.0,open-meteo_ecmwf_ifs,daily,26.6175,8.7175,18.5,5.5070834,2.0319266,52.134872,0.0,19.56683603610241,3.2360749012270484
2020-04-09 00:00:00+00:00,-35.576666,-71.678888,119.0,open-meteo_ecmwf_ifs,daily,23.317501,9.8175,17.61,8.946667,1.3522848,69.986755,0.0,19.375975476604328,2.5586887390384327
2020-04-10 00:00:00+00:00,-35.576666,-71.678888,119.0,open-meteo_ecmwf_ifs,daily,23.9675,10.0175,17.16,9.107082,1.9339699,65.93064,0.0,19.186085747425686,2.7531220720046687
2020-04-11 00:00:00+00:00,-35.576666,-71.678888,119.0,open-meteo_ecmwf_ifs,daily,21.3675,11.9675,11.16,9.502915,3.023114,65.92271,0.0,18.99723634789291,2.5721718810278142
2020-04-12 00:00:00+00:00,-35.576666,-71.678888,119.0,open-meteo_ecmwf_ifs,daily,20.567501,9.367499,17.52,2.93625,3.9632845,46.396152,0.0,18.809496247270182,3.6472180212075527
2020-04-13 00:00:00+00:00,-35.576666,-71.678888,119.0,open-meteo_ecmwf_ifs,daily,22.817501,7.8675003,17.74,1.9674999,3.8851635,46.10489,0.0,18.622933835186203,3.7937059467686054
2020-04-14 00:00:00+00:00,-35.576666,-71.678888,119.0,open-meteo_ecmwf_ifs,daily,25.2175,7.1675,17.1,4.1112504,2.033021,52.968037,0.0,18.43761687317673,2.9020884737685266
2020-04-15 00:00:00+00:00,-35.576666,-71.678888,119.0,open-meteo_ecmwf_ifs,daily,24.567501,11.2175,14.17,4.6091676,1.6548716,44.07028,0.0,18.2536124474332,2.7139402277623392
2020-04-16 00:00:00+00:00,-35.576666,-71.678888,119.0,open-meteo_ecmwf_ifs,daily,25.0175,8.7675,16.47,7.8695846,1.3484238,63.44749,0.0,18.070986922844185,2.4217514877949946
2020-04-17 00:00:00+00:00,-35.576666,-71.678888,119.0,open-meteo_ecmwf_ifs,daily,27.9675,10.2675,15.08,7.8549995,2.48571,59.236523,0.0,17.889805898412995,3.1633860733159382
2020-04-18 00:00:00+00:00,-35.576666,-71.678888,119.0,open-meteo_ecmwf_ifs,daily,27.667501,16.9675,10.46,16.332083,3.036539,78.825424,0.0,17.71013416413094,2.6876671654481834
2020-04-19 00:00:00+00:00,-35.576666,-71.678888,119.0,open-meteo_ecmwf_ifs,daily,24.917501,13.9175,16.22,8.054999,4.776677,52.41011,0.0,17.532035659381737,4.22765359567525
2020-04-20 00:00:00+00:00,-35.576666,-71.678888,119.0,open-meteo_ecmwf_ifs,daily,25.0175,12.4175,15.13,5.605,5.207889,48.2066,0.0,17.35557343294843,4.503673139352885
2020-04-21 00:00:00+00:00,-35.576666,-71.678888,119.0,open-meteo_ecmwf_ifs,daily,25.2675,11.617499,12.44,4.740417,3.3993628,46.711056,0.0,17.180809604689966,3.6015291934732825
2020-04-22 00:00:00+00:00,-35.576666,-71.678888,119.0,open-meteo_ecmwf_ifs,daily,27.9675,11.6675,15.25,4.0779166,1.6130533,40.385223,0.0,17.00780532894982,2.8061585287535338
2020-04-23 00:00:00+00:00,-35.576666,-71.678888,119.0,open-meteo_ecmwf_ifs,daily,22.667501,14.0175,12.22,10.038333,3.814003,65.04806,0.0,16.836620759754656,3.0371204755912196
2020-04-24 00:00:00+00:00,-35.576666,-71.678888,119.0,open-meteo_ecmwf_ifs,daily,17.917501,13.7175,4.29,11.988332,4.5935082,81.06182,19.8,16.66731501785606,1.687651209810386
2020-04-25 00:00:00+00:00,-35.576666,-71.678888,119.0,open-meteo_ecmwf_ifs,daily,20.5175,12.8175,11.16,11.8237505,3.028654,79.81808,7.3999996,16.499946159663512,2.072404463281408
2020-04-26 00:00:00+00:00,-35.576666,-71.678888,119.0,open-meteo_ecmwf_ifs,daily,20.7175,9.2175,12.82,9.954999,2.7146175,79.76332,0.0,16.334571148111646,2.0000537174762147
2020-04-27 00:00:00+00:00,-35.576666,-71.678888,119.0,open-meteo_ecmwf_ifs,daily,18.067501,10.7675,8.71,10.359166,2.1348674,81.99453,12.400003,16.171245825499675,1.52368017253693
2020-04-28 00:00:00+00:00,-35.576666,-71.678888,119.0,open-meteo_ecmwf_ifs,daily,18.917501,9.0675,14.57,10.096666,2.2169597,82.61315,1.2,16.010024888335618,1.78634769305042
2020-04-29 00:00:00+00:00,-35.576666,-71.678888,119.0,open-meteo_ecmwf_ifs,daily,18.7175,7.3675003,14.93,7.740417,3.06509,75.4059,0.0,15.850961864212444,2.016072655017668
2020-04-30 00:00:00+00:00,-35.576666,-71.678888,119.0,open-meteo_ecmwf_ifs,daily,19.917501,5.9175,14.42,7.6320825,2.4745476,78.66279,0.0,15.69410909073796,1.864579616656332
2020-05-01 00:00:00+00:00,-35.576666,-71.678888,119.0,open-meteo_ecmwf_ifs,daily,20.7675,7.1675,13.67,9.58625,2.1724715,82.16041,0.0,15.539517696534558,1.7377453630493853
2020-05-02 00:00:00+00:00,-35.576666,-71.678888,119.0,open-meteo_ecmwf_ifs,daily,17.0175,8.4675,8.73,9.711249,1.1740977,86.658226,0.0,15.387237584319347,1.1702010149649327
2020-05-03 00:00:00+00:00,-35.576666,-71.678888,119.0,open-meteo_ecmwf_ifs,daily,17.7675,12.6675,9.45,9.469583,2.5757887,71.93537,0.2,15.23731741606957,1.8404652755705515
2020-05-04 00:00:00+00:00,-35.576666,-71.678888,119.0,open-meteo_ecmwf_ifs,daily,20.067501,7.9175,11.84,8.682084,2.5044718,73.15304,0.0,15.089804600272513,1.7821198930231847
2020-05-05 00:00:00+00:00,-35.576666,-71.678888,119.0,open-meteo_ecmwf_ifs,daily,20.167501,12.117499,13.12,10.18625,3.8139906,76.03086,0.0,14.944745281253237,2.3362160107047947
2020-05-06 00:00:00+00:00,-35.576666,-71.678888,119.0,open-meteo_ecmwf_ifs,daily,19.917501,7.1675,14.01,5.3508334,3.4067962,62.65642,0.0,14.802184330567776,2.358036433615014
2020-05-07 00:00:00+00:00,-35.576666,-71.678888,119.0,open-meteo_ecmwf_ifs,daily,19.567501,7.1175003,12.3,8.184167,1.7928461,76.246956,0.0,14.662165340443707,1.5545659210678098
2020-05-08 00:00:00+00:00,-35.576666,-71.678888,119.0,open-meteo_ecmwf_ifs,daily,21.817501,8.2675,10.77,9.769582,2.2008333,79.10406,0.0,14.524730619244101,1.6798601668442037
2020-05-09 00:00:00+00:00,-35.576666,-71.678888,119.0,open-meteo_ecmwf_ifs,daily,20.2675,9.4175,10.0,11.01125,1.5115172,83.836105,0.0,14.389921188925282,1.351228260003995
2020-05-10 00:00:00+00:00,-35.576666,-71.678888,119.0,open-meteo_ecmwf_ifs,daily,18.167501,10.1675,8.64,10.659166,2.1348505,84.18104,0.3,14.25777678445285,1.3199055061683562
2020-05-11 00:00:00+00:00,-35.576666,-71.678888,119.0,open-meteo_ecmwf_ifs,daily,17.0175,8.2175,12.55,6.9570827,4.3370657,73.63485,0.0,14.128335855135033,2.0118943181978026
2020-05-12 00:00:00+00:00,-35.576666,-71.678888,119.0,open-meteo_ecmwf_ifs,daily,16.067501,8.2675,10.6,5.67375,3.5715742,71.884895,0.0,14.001635567826561,1.914622390663639
2020-05-13 00:00:00+00:00,-35.576666,-71.678888,119.0,open-meteo_ecmwf_ifs,daily,19.167501,6.4675,12.9,5.0050006,4.086498,67.53477,0.0,13.877711811950917,2.301606589498241
2020-05-14 00:00:00+00:00,-35.576666,-71.678888,119.0,open-meteo_ecmwf_ifs,daily,19.7675,7.2175,11.96,6.4320836,2.7905493,70.265236,0.0,13.75659920628324,1.8890944582099063
2020-05-15 00:00:00+00:00,-35.576666,-71.678888,119.0,open-meteo_ecmwf_ifs,daily,23.317501,12.8175,11.38,12.400832,4.2018104,78.43488,0.0,13.638331107430961,2.328697768689242
2020-05-16 00:00:00+00:00,-35.576666,-71.678888,119.0,open-meteo_ecmwf_ifs,daily,21.917501,12.9675,11.24,12.648749,4.8156176,80.940544,0.0,13.52293961994383,2.1919509750747306
2020-05-17 00:00:00+00:00,-35.576666,-71.678888,119.0,open-meteo_ecmwf_ifs,daily,22.7175,10.2675,12.07,12.250833,2.967178,81.26655,0.0,13.410455607980365,1.7254066778858423
2020-05-18 00:00:00+00:00,-35.576666,-71.678888,119.0,open-meteo_ecmwf_ifs,daily,16.7675,10.5675,5.3,11.354999,1.572044,88.38358,0.0,13.300908708452313,0.9111889340538489
2020-05-19 00:00:00+00:00,-35.576666,-71.678888,119.0,open-meteo_ecmwf_ifs,daily,17.2175,10.4675,4.45,10.6925,2.6976955,86.01791,6.9,13.194327345564675,1.1249464461903123
2020-05-20 00:00:00+00:00,-35.576666,-71.678888,119.0,open-meteo_ecmwf_ifs,daily,15.867499,10.4675,9.31,10.452916,1.9063033,85.35767,18.0,13.090738746663735,1.0892740102861591
2020-05-21 00:00:00+00:00,-35.576666,-71.678888,119.0,open-meteo_ecmwf_ifs,daily,15.367499,6.0675,11.49,6.3404164,2.0292647,81.39048,0.0,12.990168959301942,1.2022323138719142
2020-05-22 00:00:00+00:00,-35.576666,-71.678888,119.0,open-meteo_ecmwf_ifs,daily,15.6675,1.8675,12.03,3.4133337,2.2730973,76.72678,0.0,12.892642869424003,1.23748403149402
2020-05-23 00:00:00+00:00,-35.576666,-71.678888,119.0,open-meteo_ecmwf_ifs,daily,17.8675,3.9175,11.41,3.1154168,2.9499466,66.45002,0.0,12.79818422057518,1.7288766632398456
2020-05-24 00:00:00+00:00,-35.576666,-71.678888,119.0,open-meteo_ecmwf_ifs,daily,22.417501,7.3175,11.05,8.052916,3.5187032,70.53858,0.0,12.706815634029265,2.0111472716798806
2020-05-25 00:00:00+00:00,-35.576666,-71.678888,119.0,open-meteo_ecmwf_ifs,daily,22.2675,11.2175,11.31,11.040416,3.165822,77.39344,0.0,12.61855862973075,1.8841092963237385
2020-05-26 00:00:00+00:00,-35.576666,-71.678888,119.0,open-meteo_ecmwf_ifs,daily,20.4675,7.7175,11.13,9.0175,1.9164006,78.722755,0.0,12.533433647942898,1.33912415454833
2020-05-27 00:00:00+00:00,-35.576666,-71.678888,119.0,open-meteo_ecmwf_ifs,daily,14.5175,9.117499,4.63,10.209167,1.4440655,89.54175,0.0,12.45146007149115,0.7196433163618876
2020-05-28 00:00:00+00:00,-35.576666,-71.678888,119.0,open-meteo_ecmwf_ifs,daily,15.367499,8.1675,5.5,7.87375,1.4242803,78.16603,0.0,12.372656248489434,0.9342302796461123
2020-05-29 00:00:00+00:00,-35.576666,-71.678888,119.0,open-meteo_ecmwf_ifs,daily,11.9675,5.8675003,6.05,4.2779174,3.5302832,74.01798,1.9000002,12.297039515435285,1.2610540615578272
2020-05-30 00:00:00+00:00,-35.576666,-71.678888,119.0,open-meteo_ecmwf_ifs,daily,14.367499,1.6175,11.3,1.34875,3.0451338,71.60399,0.0,12.224626220558676,1.4009453810665073
2020-05-31 00:00:00+00:00,-35.576666,-71.678888,119.0,open-meteo_ecmwf_ifs,daily,15.367499,2.6675,8.95,4.93,1.5378786,82.889465,0.0,12.1554317473089,0.9033590862471099
2020-06-01 00:00:00+00:00,-35.576666,-71.678888,119.0,open-meteo_ecmwf_ifs,daily,15.2675,3.8174999,9.63,6.3508334,1.4722868,84.96278,0.0,12.089470537863436,0.8489624312495522
2020-06-02 00:00:00+00:00,-35.576666,-71.678888,119.0,open-meteo_ecmwf_ifs,daily,13.3175,7.4175,5.37,6.980001,1.6570543,82.82516,0.4,12.026756116543403,0.8646778610883056
2020-06-03 00:00:00+00:00,-35.576666,-71.678888,119.0,open-meteo_ecmwf_ifs,daily,14.6675,7.0175004,10.14,7.2695827,1.4212683,83.740685,2.5,11.96730111302065,0.9056713868977724
2020-06-04 00:00:00+00:00,-35.576666,-71.678888,119.0,open-meteo_ecmwf_ifs,daily,13.867499,2.8174999,9.64,5.8966675,1.1151277,85.88114,0.0,11.911117285203076,0.7063173354566754
2020-06-05 00:00:00+00:00,-35.576666,-71.678888,119.0,open-meteo_ecmwf_ifs,daily,13.8175,3.6175,9.16,5.890417,0.7798179,86.25283,0.0,11.858215541686578,0.685582222583008
2020-06-06 00:00:00+00:00,-35.576666,-71.678888,119.0,open-meteo_ecmwf_ifs,daily,12.5175,3.7175,6.61,5.405,1.4512237,88.970825,0.0,11.808605963664144,0.7151785855595679
2020-06-07 00:00:00+00:00,-35.576666,-71.678888,119.0,open-meteo_ecmwf_ifs,daily,15.617499,3.0674999,8.66,6.0987506,1.6086031,83.527565,0.0,11.762297826185879,0.8209559836829929
2020-06-08 00:00:00+00:00,-35.576666,-71.678888,119.0,open-meteo_ecmwf_ifs,daily,14.6675,6.9175,8.0,7.021667,1.7716422,83.61055,0.0,11.719299618666536,0.9303569524446862
2020-06-09 00:00:00+00:00,-35.576666,-71.678888,119.0,open-meteo_ecmwf_ifs,daily,13.617499,4.4175,8.41,5.4987493,1.8717877,82.74969,0.0,11.679619064541582,0.8608934894939629
2020-06-10 00:00:00+00:00,-35.576666,-71.678888,119.0,open-meteo_ecmwf_ifs,daily,13.867499,0.9175,9.48,3.705,1.2822243,82.68495,0.0,11.643263139976678,0.7334015882982396
2020-06-11 00:00:00+00:00,-35.576666,-71.678888,119.0,open-meteo_ecmwf_ifs,daily,10.7175,5.6675,1.58,5.882084,5.151083,86.074684,18.0,11.610238091540667,0.8748055864495686
2020-06-12 00:00:00+00:00,-35.576666,-71.678888,119.0,open-meteo_ecmwf_ifs,daily,11.4175,7.2175,4.6,7.786249,2.8768895,89.20588,28.999996,11.580549452757165,0.670668740178386
2020-06-13 00:00:00+00:00,-35.576666,-71.678888,119.0,open-meteo_ecmwf_ifs,daily,13.7675,2.8174999,10.0,3.8445833,2.636569,82.64619,0.0,11.554202059455813,1.0302872205823135
2020-06-14 00:00:00+00:00,-35.576666,-71.678888,119.0,open-meteo_ecmwf_ifs,daily,13.8175,0.3175,10.75,2.3529165,1.9760042,80.782486,0.0,11.531200063850246,0.8935617105073177
2020-06-15 00:00:00+00:00,-35.576666,-71.678888,119.0,open-meteo_ecmwf_ifs,daily,15.117499,4.8175,5.51,7.4737496,5.7075176,84.074814,2.0,11.5115469472764,1.028560556789451
2020-06-16 00:00:00+00:00,-35.576666,-71.678888,119.0,open-meteo_ecmwf_ifs,daily,12.867499,10.5675,2.19,9.704999,4.099192,89.04734,26.899998,11.495245531531806,0.8583481771487006
2020-06-17 00:00:00+00:00,-35.576666,-71.678888,119.0,open-meteo_ecmwf_ifs,daily,12.2175,10.5675,1.66,9.609167,4.4289064,90.07105,24.599997,11.482297988763413,0.8056605701637672
2020-06-18 00:00:00+00:00,-35.576666,-71.678888,119.0,open-meteo_ecmwf_ifs,daily,11.1675,9.9175,1.09,7.648749,5.4424095,82.77092,16.400002,11.47270584985941,1.1139705751248234
2020-06-19 00:00:00+00:00,-35.576666,-71.678888,119.0,open-meteo_ecmwf_ifs,daily,14.5675,9.367499,5.73,10.405,3.0481215,91.00186,28.300005,11.4664700113078,0.7595255722286142
2020-06-20 00:00:00+00:00,-35.576666,-71.678888,119.0,open-meteo_ecmwf_ifs,daily,13.1675,9.8175,1.57,9.963331,3.9801273,92.83078,14.400001,11.463590740492808,0.7272455004495876
2020-06-21 00:00:00+00:00,-35.576666,-71.678888,119.0,open-meteo_ecmwf_ifs,daily,13.117499,5.5175004,6.64,8.571666,0.95674914,92.99961,1.5,11.464067679407938,0.556619332135785
2020-06-22 00:00:00+00:00,-35.576666,-71.678888,119.0,open-meteo_ecmwf_ifs,daily,10.367499,8.867499,1.16,7.6320834,3.2268097,87.46165,17.7,11.467899846772983,0.7421660088488128
2020-06-23 00:00:00+00:00,-35.576666,-71.678888,119.0,open-meteo_ecmwf_ifs,daily,11.0175,6.8675003,2.98,7.544584,2.9765472,91.850655,10.2,11.47508563855033,0.6246427330616032
2020-06-24 00:00:00+00:00,-35.576666,-71.678888,119.0,open-meteo_ecmwf_ifs,daily,9.2175,5.5175004,2.78,5.5050006,3.8558874,90.83193,9.5,11.485622826864326,0.7023400029059814
2020-06-25 00:00:00+00:00,-35.576666,-71.678888,119.0,open-meteo_ecmwf_ifs,daily,11.9175,2.6675,7.69,4.29875,2.2840114,83.16424,2.3,11.499508557335568,0.7831534474000464
2020-06-26 00:00:00+00:00,-35.576666,-71.678888,119.0,open-meteo_ecmwf_ifs,daily,10.117499,3.3675,4.25,4.657084,1.9151675,89.01993,2.8,11.516739344850212,0.630775514838161
2020-06-27 00:00:00+00:00,-35.576666,-71.678888,119.0,open-meteo_ecmwf_ifs,daily,13.867499,6.3675003,5.23,7.057083,1.5100665,82.633995,4.0,11.53731106779247,0.7756073711724373
2020-06-28 00:00:00+00:00,-35.576666,-71.678888,119.0,open-meteo_ecmwf_ifs,daily,11.8175,8.7675,1.43,8.773749,3.722576,90.56782,28.000002,11.561218960776122,0.689517659885783
2020-06-29 00:00:00+00:00,-35.576666,-71.678888,119.0,open-meteo_ecmwf_ifs,daily,11.867499,8.8175,3.57,8.700834,4.8584976,88.61816,53.700005,11.588457605918737,0.7794774970662496
2020-06-30 00:00:00+00:00,-35.576666,-71.678888,119.0,open-meteo_ecmwf_ifs,daily,14.0175,7.1675,6.6,7.130001,2.63355,82.49033,4.1,11.619020922709527,0.9972528360302281
2020-07-01 00:00:00+00:00,-35.576666,-71.678888,119.0,open-meteo_ecmwf_ifs,daily,14.3175,9.367499,5.32,7.9279156,2.677721,80.100426,7.799999,11.652902156528818,1.106506173768651
2020-07-02 00:00:00+00:00,-35.576666,-71.678888,119.0,open-meteo_ecmwf_ifs,daily,12.9675,6.9175,8.44,7.6091657,2.6996975,90.45879,0.0,11.69009386588399,0.8450332941095385
2020-07-03 00:00:00+00:00,-35.576666,-71.678888,119.0,open-meteo_ecmwf_ifs,daily,11.9675,6.4675,1.94,8.017499,2.6710358,90.87534,13.800001,11.730587908432987,0.5843127104992188
2020-07-04 00:00:00+00:00,-35.576666,-71.678888,119.0,open-meteo_ecmwf_ifs,daily,11.9175,5.1175003,6.27,7.140417,2.269437,89.79141,8.5,11.774375425872538,0.6359567107151359
2020-07-05 00:00:00+00:00,-35.576666,-71.678888,119.0,open-meteo_ecmwf_ifs,daily,12.117499,7.0675,7.51,6.7466664,3.2345102,85.942024,8.3,11.821446827773741,0.9545557538626984
2020-07-06 00:00:00+00:00,-35.576666,-71.678888,119.0,open-meteo_ecmwf_ifs,daily,11.617499,4.2175,7.97,4.605,2.3435252,79.94279,0.0,11.871791774452815,0.87707907538197
2020-07-07 00:00:00+00:00,-35.576666,-71.678888,119.0,open-meteo_ecmwf_ifs,daily,12.5675,2.0674999,7.23,4.469583,2.8067667,81.66012,0.0,11.925399158969437,0.8432322644264522
2020-07-08 00:00:00+00:00,-35.576666,-71.678888,119.0,open-meteo_ecmwf_ifs,daily,12.2675,5.1675,10.72,5.688333,2.7558925,81.00988,19.100002,11.98225708834914,0.9449051643272232
2020-07-09 00:00:00+00:00,-35.576666,-71.678888,119.0,open-meteo_ecmwf_ifs,daily,13.367499,3.3675,7.21,3.6091669,1.5390812,77.55185,0.0,12.042352864130155,0.9086121604954396
2020-07-10 00:00:00+00:00,-35.576666,-71.678888,119.0,open-meteo_ecmwf_ifs,daily,14.117499,8.7175,3.7,8.734165,3.21222,85.799286,4.9999995,12.105672962337875,0.9613305063274354
2020-07-11 00:00:00+00:00,-35.576666,-71.678888,119.0,open-meteo_ecmwf_ifs,daily,10.367499,3.2675,5.67,5.050833,1.8595213,86.589485,0.0,12.172203012993135,0.6406297150685536
2020-07-12 00:00:00+00:00,-35.576666,-71.678888,119.0,open-meteo_ecmwf_ifs,daily,15.4675,4.6675,8.25,5.834166,1.0731748,82.05398,0.0,12.241927779262314,0.8612835478663944
2020-07-13 00:00:00+00:00,-35.576666,-71.678888,119.0,open-meteo_ecmwf_ifs,daily,15.4175,7.9675,9.81,8.182083,2.6503384,88.24011,0.0,12.314831136359164,1.1449354031060246
2020-07-14 00:00:00+00:00,-35.576666,-71.678888,119.0,open-meteo_ecmwf_ifs,daily,16.6175,3.6175,11.2,6.3737507,2.1614656,86.102295,0.0,12.390896050309172,1.0627231652172637
2020-07-15 00:00:00+00:00,-35.576666,-71.678888,119.0,open-meteo_ecmwf_ifs,daily,15.367499,4.8675003,8.82,7.365416,1.6848917,91.65159,0.0,12.470104556688108,0.8856311369600817
2020-07-16 00:00:00+00:00,-35.576666,-71.678888,119.0,open-meteo_ecmwf_ifs,daily,12.117499,8.117499,3.48,8.6570835,2.4785767,90.99555,0.0,12.55243773944638,0.685295262780672
2020-07-17 00:00:00+00:00,-35.576666,-71.678888,119.0,open-meteo_ecmwf_ifs,daily,13.0675,9.1675,2.71,8.99875,4.8323836,88.78577,11.7,12.637875709930581,0.9372990013330862
2020-07-18 00:00:00+00:00,-35.576666,-71.678888,119.0,open-meteo_ecmwf_ifs,daily,12.9675,10.617499,2.19,10.188332,5.501637,91.24215,18.300001,12.726397586212975,0.8368592653788081
2020-07-19 00:00:00+00:00,-35.576666,-71.678888,119.0,open-meteo_ecmwf_ifs,daily,13.2175,10.3175,2.92,10.554999,3.760089,92.53451,35.100002,12.817981472838119,0.7055733253061541
2020-07-20 00:00:00+00:00,-35.576666,-71.678888,119.0,open-meteo_ecmwf_ifs,daily,13.2675,9.2175,5.28,9.707082,3.1507158,90.74463,13.000001,12.912604441094702,0.8051271659156951
2020-07-21 00:00:00+00:00,-35.576666,-71.678888,119.0,open-meteo_ecmwf_ifs,daily,11.7175,8.5175,5.01,8.227916,3.1052332,89.4892,17.900002,13.01024250991817,0.8322766092828023
2020-07-22 00:00:00+00:00,-35.576666,-71.678888,119.0,open-meteo_ecmwf_ifs,daily,13.0675,2.7175,11.09,4.615417,1.6100402,83.509445,0.0,13.110870627527623,0.9416206093977321
2020-07-23 00:00:00+00:00,-35.576666,-71.678888,119.0,open-meteo_ecmwf_ifs,daily,12.3175,1.9675,10.6,3.7737496,1.3084081,85.65446,0.2,13.214462653897755,0.8868862959516383
2020-07-24 00:00:00+00:00,-35.576666,-71.678888,119.0,open-meteo_ecmwf_ifs,daily,12.367499,2.0175,11.27,4.2633333,1.3594459,85.450836,0.0,13.320991344163259,0.8918752905606162
2020-07-25 00:00:00+00:00,-35.576666,-71.678888,119.0,open-meteo_ecmwf_ifs,daily,10.1675,0.61749995,4.69,2.7216666,1.2330927,84.901146,0.0,13.430428333050116,0.6835123528946279
2020-07-26 00:00:00+00:00,-35.576666,-71.678888,119.0,open-meteo_ecmwf_ifs,daily,14.0175,6.0675,3.88,6.557083,1.886995,86.233955,2.3000002,13.542744120424278,0.9406620511839926
2020-07-27 00:00:00+00:00,-35.576666,-71.678888,119.0,open-meteo_ecmwf_ifs,daily,13.117499,5.2675004,12.91,4.6612506,3.7847376,79.19901,0.0,13.657908058044411,1.4839913138848728
2020-07-28 00:00:00+00:00,-35.576666,-71.678888,119.0,open-meteo_ecmwf_ifs,daily,12.3175,1.1175,13.38,1.0070833,3.9337568,71.77556,0.0,13.775888337601328,1.5352271588214315
2020-07-29 00:00:00+00:00,-35.576666,-71.678888,119.0,open-meteo_ecmwf_ifs,daily,12.2175,1.1175,11.04,3.3008335,1.6276654,88.54736,0.0,13.896651980122169,0.9753319425020287
2020-07-30 00:00:00+00:00,-35.576666,-71.678888,119.0,open-meteo_ecmwf_ifs,daily,11.617499,1.4175,3.58,3.6945837,1.9770342,85.334114,0.1,14.02016482681309,0.785240811580505
2020-07-31 00:00:00+00:00,-35.576666,-71.678888,119.0,open-meteo_ecmwf_ifs,daily,11.9175,1.1675,6.61,4.7591667,1.1007026,90.66131,0.0,14.146391531409344,0.7263514118678763
2020-08-01 00:00:00+00:00,-35.576666,-71.678888,119.0,open-meteo_ecmwf_ifs,daily,13.2675,6.1175003,2.91,7.094583,3.148837,86.66108,8.4,14.27529555409671,0.9290165925247393
2020-08-02 00:00:00+00:00,-35.576666,-71.678888,119.0,open-meteo_ecmwf_ifs,daily,16.917501,5.8675003,11.85,8.627916,1.3781271,85.35819,0.70000005,14.40683915706352,1.1761105334052522
2020-08-03 00:00:00+00:00,-35.576666,-71.678888,119.0,open-meteo_ecmwf_ifs,daily,14.1675,7.6175003,7.29,9.034165,1.2283084,91.844086,0.2,14.540983401737023,0.9086608251655899
2020-08-04 00:00:00+00:00,-35.576666,-71.678888,119.0,open-meteo_ecmwf_ifs,daily,17.567501,4.8675003,11.97,8.32375,1.469787,91.60755,0.8,14.677688147753038,1.2152050127595861
2020-08-05 00:00:00+00:00,-35.576666,-71.678888,119.0,open-meteo_ecmwf_ifs,daily,15.2175,9.2675,10.24,9.586249,2.5319355,84.698845,8.6,14.816912053702223,1.2687132218240336
2020-08-06 00:00:00+00:00,-35.576666,-71.678888,119.0,open-meteo_ecmwf_ifs,daily,14.1675,4.8675003,14.27,3.3675003,5.2282033,69.793434,0.0,14.958612579691186,2.091456020450991
2020-08-07 00:00:00+00:00,-35.576666,-71.678888,119.0,open-meteo_ecmwf_ifs,daily,14.867499,3.9175,13.04,2.909167,3.7644017,67.38902,0.0,15.102745991751158,1.9021424485003884
2020-08-08 00:00:00+00:00,-35.576666,-71.678888,119.0,open-meteo_ecmwf_ifs,daily,17.067501,3.5175,13.28,5.8904166,2.5785506,81.41072,0.0,15.24926736812163,1.5357950106927578
2020-08-09 00:00:00+00:00,-35.576666,-71.678888,119.0,open-meteo_ecmwf_ifs,daily,14.4675,6.2675004,7.32,7.7820835,2.5609334,87.02087,0.4,15.398130607430868,1.0969694535975383
2020-08-10 00:00:00+00:00,-35.576666,-71.678888,119.0,open-meteo_ecmwf_ifs,daily,12.0175,5.6675,12.08,4.740417,4.1246185,77.24331,0.0,15.549288438789773,1.5558462568462559
2020-08-11 00:00:00+00:00,-35.576666,-71.678888,119.0,open-meteo_ecmwf_ifs,daily,12.4675,3.5674999,15.04,0.038333237,6.662376,60.755,0.0,15.702692433810236,2.5220981547639556
2020-08-12 00:00:00+00:00,-35.576666,-71.678888,119.0,open-meteo_ecmwf_ifs,daily,14.0175,1.8175,14.55,2.7195835,3.5300362,75.41858,0.0,15.858293020553585,1.6950453466691493
2020-08-13 00:00:00+00:00,-35.576666,-71.678888,119.0,open-meteo_ecmwf_ifs,daily,13.0175,3.2675,9.76,4.990417,1.5682553,86.432686,0.0,16.016039499409555,1.1236948017610249
2020-08-14 00:00:00+00:00,-35.576666,-71.678888,119.0,open-meteo_ecmwf_ifs,daily,12.8175,6.6675,12.57,5.255,2.2225182,76.10677,2.7,16.175880060900607,1.5187576732150123
2020-08-15 00:00:00+00:00,-35.576666,-71.678888,119.0,open-meteo_ecmwf_ifs,daily,13.2675,2.7175,15.5,1.92375,4.3897,70.15438,0.0,16.337761805401495,1.9884085227984347
2020-08-16 00:00:00+00:00,-35.576666,-71.678888,119.0,open-meteo_ecmwf_ifs,daily,13.367499,4.0675,14.53,0.47791663,5.202065,60.585087,0.0,16.501630764758385,2.476397382511437
2020-08-17 00:00:00+00:00,-35.576666,-71.678888,119.0,open-meteo_ecmwf_ifs,daily,14.117499,2.7175,15.44,4.2925,2.8536112,80.79016,0.0,16.66743192578701,1.61808840138906
2020-08-18 00:00:00+00:00,-35.576666,-71.678888,119.0,open-meteo_ecmwf_ifs,daily,11.5175,2.9675,7.57,5.1612496,1.2853295,85.504845,0.0,16.835109255624094,0.9349306075514722
2020-08-19 00:00:00+00:00,-35.576666,-71.678888,119.0,open-meteo_ecmwf_ifs,daily,14.367499,3.0674999,16.29,3.7133334,3.7735271,75.47048,0.0,17.004605728901293,1.8976118449012855
2020-08-20 00:00:00+00:00,-35.576666,-71.678888,119.0,open-meteo_ecmwf_ifs,daily,17.317501,0.1675,16.42,2.2154167,2.5723956,67.96233,0.0,17.175863356706206,1.9323488105316742
2020-08-21 00:00:00+00:00,-35.576666,-71.678888,119.0,open-meteo_ecmwf_ifs,daily,17.417501,4.3675003,16.08,7.0799994,1.4613261,81.67693,0.0,17.34882321728991,1.7010317752427664
2020-08-22 00:00:00+00:00,-35.576666,-71.678888,119.0,open-meteo_ecmwf_ifs,daily,17.8675,4.7675004,13.24,7.9591656,1.6698031,84.567245,0.0,17.523425488476214,1.5696683894013645
2020-08-23 00:00:00+00:00,-35.576666,-71.678888,119.0,open-meteo_ecmwf_ifs,daily,14.9175,9.1675,7.52,6.7508335,5.1985373,74.94623,0.1,17.699609481722867,2.0558545952068252
2020-08-24 00:00:00+00:00,-35.576666,-71.678888,119.0,open-meteo_ecmwf_ifs,daily,15.617499,7.0175004,8.23,5.2820835,5.347782,69.410614,4.4,17.877313677780847,2.211845007992598
2020-08-25 00:00:00+00:00,-35.576666,-71.678888,119.0,open-meteo_ecmwf_ifs,daily,11.9675,9.617499,4.51,7.8924994,5.076762,83.02137,19.399998,18.056475763893488,1.2951375134011902
2020-08-26 00:00:00+00:00,-35.576666,-71.678888,119.0,open-meteo_ecmwf_ifs,daily,11.9675,8.367499,5.61,7.17375,4.8026032,83.734886,12.399999,18.237032672473088,1.3240574372925162
2020-08-27 00:00:00+00:00,-35.576666,-71.678888,119.0,open-meteo_ecmwf_ifs,daily,13.0675,4.2675004,8.03,5.763334,1.7593561,86.242004,0.1,18.418920621188445,1.1687773089664222
2020-08-28 00:00:00+00:00,-35.576666,-71.678888,119.0,open-meteo_ecmwf_ifs,daily,11.9675,3.6175,4.33,5.43625,2.7068748,84.6372,9.3,18.602075154393535,0.939372138268677
2020-08-29 00:00:00+00:00,-35.576666,-71.678888,119.0,open-meteo_ecmwf_ifs,daily,13.1675,7.2675004,12.96,5.957083,3.232895,78.52994,4.6,18.78643118582318,1.8168210569335386
2020-08-30 00:00:00+00:00,-35.576666,-71.678888,119.0,open-meteo_ecmwf_ifs,daily,14.3175,2.8174999,18.51,1.0216666,5.5752683,63.134808,0.0,18.971923042478675,2.6893639515826084
2020-08-31 00:00:00+00:00,-35.576666,-71.678888,119.0,open-meteo_ecmwf_ifs,daily,15.4675,2.6675,17.28,4.719583,2.0639088,81.930916,0.0,19.158484509622827,1.8928196824037833
2020-09-01 00:00:00+00:00,-35.576666,-71.678888,119.0,open-meteo_ecmwf_ifs,daily,14.2675,4.4675,10.63,6.113334,1.0076818,85.56121,0.1,19.3460488768007,1.359302918665521
2020-09-02 00:00:00+00:00,-35.576666,-71.678888,119.0,open-meteo_ecmwf_ifs,daily,15.5175,6.2675004,17.4,6.6716666,2.5786722,79.11198,0.0,19.53454898479983,2.0909894247190612
2020-09-03 00:00:00+00:00,-35.576666,-71.678888,119.0,open-meteo_ecmwf_ifs,daily,15.5675,4.1675,14.96,6.08,1.6324477,79.78134,0.0,19.723917273460536,1.767901241470108
2020-09-04 00:00:00+00:00,-35.576666,-71.678888,119.0,open-meteo_ecmwf_ifs,daily,16.1175,5.7175,15.07,6.105,2.3484137,77.46777,0.0,19.914085830245092,2.022388794351323
2020-09-05 00:00:00+00:00,-35.576666,-71.678888,119.0,open-meteo_ecmwf_ifs,daily,14.617499,5.4675,10.56,6.7466674,2.4365041,81.8841,3.1,20.104986439471787,1.5358516155338333
2020-09-06 00:00:00+00:00,-35.576666,-71.678888,119.0,open-meteo_ecmwf_ifs,daily,18.7675,5.6175003,19.56,6.927916,2.7193105,79.013275,0.0,20.296550632118187,2.5175544707568283
2020-09-07 00:00:00+00:00,-35.576666,-71.678888,119.0,open-meteo_ecmwf_ifs,daily,15.3175,5.8175,10.19,8.152917,1.0865715,87.74946,0.0,20.488709736096364,1.390418105177938
2020-09-08 00:00:00+00:00,-35.576666,-71.678888,119.0,open-meteo_ecmwf_ifs,daily,11.9175,7.2175,3.83,7.963333,2.3818905,89.85049,3.0000002,20.681394926900794,0.8710887718138038
2020-09-09 00:00:00+00:00,-35.576666,-71.678888,119.0,open-meteo_ecmwf_ifs,daily,19.1175,9.1675,16.56,8.78625,2.4620597,79.84819,3.6999998,20.874537278529242,2.5028805431134815
2020-09-10 00:00:00+00:00,-35.576666,-71.678888,119.0,open-meteo_ecmwf_ifs,daily,16.3675,6.6675,10.64,8.521666,2.0183554,86.09156,0.6,21.068067814575134,1.5931150105954504
2020-09-11 00:00:00+00:00,-35.576666,-71.678888,119.0,open-meteo_ecmwf_ifs,daily,15.0175,4.0175004,20.67,4.4945836,4.557061,72.94119,0.0,21.261917559389712,2.5114975882775012
2020-09-12 00:00:00+00:00,-35.576666,-71.678888,119.0,open-meteo_ecmwf_ifs,daily,16.317501,3.6675,20.64,4.738333,4.193222,74.197754,0.0,21.456017589211964,2.5841633958963377
2020-09-13 00:00:00+00:00,-35.576666,-71.678888,119.0,open-meteo_ecmwf_ifs,daily,17.1175,5.1175003,21.27,4.252917,5.4943466,68.77722,0.0,21.650299083163496,3.1418358920121965
2020-09-14 00:00:00+00:00,-35.576666,-71.678888,119.0,open-meteo_ecmwf_ifs,daily,19.667501,4.4175,21.33,4.5070834,4.0167823,64.03541,0.0,21.84469337400648,3.1902651324382454
2020-09-15 00:00:00+00:00,-35.576666,-71.678888,119.0,open-meteo_ecmwf_ifs,daily,16.3675,5.1675,15.27,7.8195834,2.220069,83.06309,0.0,22.03913199856259,1.9251198480719478
2020-09-16 00:00:00+00:00,-35.576666,-71.678888,119.0,open-meteo_ecmwf_ifs,daily,19.1175,7.3675003,18.17,9.352916,2.4491587,83.177475,0.3,22.233546747691683,2.4591888658725534
2020-09-17 00:00:00+00:00,-35.576666,-71.678888,119.0,open-meteo_ecmwf_ifs,daily,19.7175,6.6175003,20.81,9.159165,3.3771944,79.639984,0.0,22.42786971573025,2.7228735629578544
2020-09-18 00:00:00+00:00,-35.576666,-71.678888,119.0,open-meteo_ecmwf_ifs,daily,18.317501,7.2675004,21.5,6.2070827,5.848,68.13642,0.0,22.622033349290277,3.4015790341661467
2020-09-19 00:00:00+00:00,-35.576666,-71.678888,119.0,open-meteo_ecmwf_ifs,daily,21.6175,5.8675003,22.57,3.5174997,5.811892,54.70844,0.0,22.815970495321398,4.2767256657073025
2020-09-20 00:00:00+00:00,-35.576666,-71.678888,119.0,open-meteo_ecmwf_ifs,daily,20.067501,4.3675003,22.04,6.81125,1.8314058,71.176186,0.0,23.009614448340564,2.809480586752529
2020-09-21 00:00:00+00:00,-35.576666,-71.678888,119.0,open-meteo_ecmwf_ifs,daily,21.317501,7.2675004,18.66,10.03625,1.6260366,83.14125,0.0,23.202898996735534,2.6216396141704457
2020-09-22 00:00:00+00:00,-35.576666,-71.678888,119.0,open-meteo_ecmwf_ifs,daily,18.917501,7.0675,19.49,8.175833,2.9028788,73.36785,0.0,23.395758468051298,2.7567954101684724
2020-09-23 00:00:00+00:00,-35.576666,-71.678888,119.0,open-meteo_ecmwf_ifs,daily,21.817501,5.8175,22.0,8.015416,2.952402,72.367065,0.0,23.588127773170523,3.1713415819181843
2020-09-24 00:00:00+00:00,-35.576666,-71.678888,119.0,open-meteo_ecmwf_ifs,daily,23.167501,6.1675,22.42,9.388332,1.7735119,76.042046,0.0,23.779942449302617,3.1163356039862604
2020-09-25 00:00:00+00:00,-35.576666,-71.678888,119.0,open-meteo_ecmwf_ifs,daily,14.6675,7.9175,7.93,7.911251,3.1543043,80.74114,0.3,23.97113870169882,1.602995651031274
2020-09-26 00:00:00+00:00,-35.576666,-71.678888,119.0,open-meteo_ecmwf_ifs,daily,14.6675,9.367499,10.96,6.0716662,1.2270591,70.80952,0.6,24.161653444014092,1.9054537592429468
2020-09-27 00:00:00+00:00,-35.576666,-71.678888,119.0,open-meteo_ecmwf_ifs,daily,19.0175,6.8175,23.08,6.8008323,3.5696094,73.22375,0.0,24.351424337240626,3.3108323843533842
2020-09-28 00:00:00+00:00,-35.576666,-71.678888,119.0,open-meteo_ecmwf_ifs,daily,19.2175,6.2175,20.37,6.688333,3.0510418,70.18598,0.0,24.540389827141148,3.033282773025623
2020-09-29 00:00:00+00:00,-35.576666,-71.678888,119.0,open-meteo_ecmwf_ifs,daily,13.9675,6.9175,11.61,6.332084,3.7205737,76.006256,0.4,24.72848918011466,1.9921263664486795
2020-09-30 00:00:00+00:00,-35.576666,-71.678888,119.0,open-meteo_ecmwf_ifs,daily,14.2675,8.4175,14.04,5.2591662,2.7684486,70.88196,4.5,24.915662517431688,2.4272858725661304
2020-10-01 00:00:00+00:00,-35.576666,-71.678888,119.0,open-meteo_ecmwf_ifs,daily,15.0675,4.9675,21.84,2.3216665,3.948124,62.919952,0.0,25.101850847780003,3.193362478627138
2020-10-02 00:00:00+00:00,-35.576666,-71.678888,119.0,open-meteo_ecmwf_ifs,daily,16.5175,3.6675,22.9,3.5425003,2.6555803,67.777794,0.0,25.286996098067448,2.999556945154049
2020-10-03 00:00:00+00:00,-35.576666,-71.678888,119.0,open-meteo_ecmwf_ifs,daily,15.4175,4.4675,22.1,3.0216668,1.9194473,63.18367,0.3,25.471041142432416,2.8810431463250334
2020-10-04 00:00:00+00:00,-35.576666,-71.678888,119.0,open-meteo_ecmwf_ifs,daily,16.5175,3.9675,24.08,3.0445836,3.2261837,64.56407,0.0,25.653929829418374,3.248512838318689
2020-10-05 00:00:00+00:00,-35.576666,-71.678888,119.0,open-meteo_ecmwf_ifs,daily,18.167501,4.8675003,24.78,4.06125,3.2103376,60.955555,0.0,25.83560700727351,3.4870858676084278
2020-10-06 00:00:00+00:00,-35.576666,-71.678888,119.0,open-meteo_ecmwf_ifs,daily,18.9675,6.1675,25.2,4.800834,3.774739,63.34554,0.0,26.016018547342068,3.771440886619489
2020-10-07 00:00:00+00:00,-35.576666,-71.678888,119.0,open-meteo_ecmwf_ifs,daily,18.917501,6.1175003,25.88,4.040417,4.7127557,60.428516,0.0,26.195111365519512,4.0454854865611996
2020-10-08 00:00:00+00:00,-35.576666,-71.678888,119.0,open-meteo_ecmwf_ifs,daily,18.567501,6.1675,19.27,4.7549996,3.8828163,61.71786,0.0,26.372833441748863,3.337005969255188
2020-10-09 00:00:00+00:00,-35.576666,-71.678888,119.0,open-meteo_ecmwf_ifs,daily,24.0175,8.2175,25.77,7.7549996,4.5240116,66.35209,0.0,26.54913383754152,4.543254902524093
2020-10-10 00:00:00+00:00,-35.576666,-71.678888,119.0,open-meteo_ecmwf_ifs,daily,19.8675,9.6675,26.07,6.532083,5.60681,61.71213,0.0,26.72396271151121,4.505473194374229
2020-10-11 00:00:00+00:00,-35.576666,-71.678888,119.0,open-meteo_ecmwf_ifs,daily,24.817501,7.7175,26.2,6.317499,4.6942806,59.324707,0.0,26.8972713329157,4.904112757700865
2020-10-12 00:00:00+00:00,-35.576666,-71.678888,119.0,open-meteo_ecmwf_ifs,daily,25.8675,9.2175,25.97,7.563333,3.5522175,55.90685,0.0,27.069012093206286,4.826402593426356
2020-10-13 00:00:00+00:00,-35.576666,-71.678888,119.0,open-meteo_ecmwf_ifs,daily,25.167501,9.7175,24.17,8.494583,3.4687188,61.253178,0.0,27.239138515591172,4.516038374262651
2020-10-14 00:00:00+00:00,-35.576666,-71.678888,119.0,open-meteo_ecmwf_ifs,daily,21.0175,10.4675,17.44,10.07375,3.0837572,70.64962,0.0,27.40760526262417,3.1842560410287497
2020-10-15 00:00:00+00:00,-35.576666,-71.678888,119.0,open-meteo_ecmwf_ifs,daily,26.9675,10.7175,26.0,12.257083,1.726099,72.852806,0.0,27.574368141836025,4.283557270056717
2020-10-16 00:00:00+00:00,-35.576666,-71.678888,119.0,open-meteo_ecmwf_ifs,daily,22.317501,11.0675,21.0,12.107082,3.1938813,74.54055,0.0,27.739384109431114,3.473920257301802
2020-10-17 00:00:00+00:00,-35.576666,-71.678888,119.0,open-meteo_ecmwf_ifs,daily,25.067501,9.3175,24.38,10.538333,1.7258784,75.37734,0.0,27.90261127207793,3.941980225319218
2020-10-18 00:00:00+00:00,-35.576666,-71.678888,119.0,open-meteo_ecmwf_ifs,daily,22.417501,8.4175,26.23,7.6904163,3.24376,65.474205,0.0,28.064008886826755,4.2741610636653435
2020-10-19 00:00:00+00:00,-35.576666,-71.678888,119.0,open-meteo_ecmwf_ifs,daily,21.817501,7.7675004,27.32,4.152917,4.111724,55.24535,0.0,28.22353735919375,4.81116370143543
2020-10-20 00:00:00+00:00,-35.576666,-71.678888,119.0,open-meteo_ecmwf_ifs,daily,24.1175,8.7675,27.82,5.7362504,4.4777675,53.144638,0.2,28.381158239455154,5.2163858247639165
2020-10-21 00:00:00+00:00,-35.576666,-71.678888,119.0,open-meteo_ecmwf_ifs,daily,23.7175,8.1675,27.68,7.294583,2.3240364,59.20547,0.0,28.53683421720072,4.430718986874935
2020-10-22 00:00:00+00:00,-35.576666,-71.678888,119.0,open-meteo_ecmwf_ifs,daily,25.567501,8.3175,27.94,8.117499,1.9163142,61.08452,0.0,28.69052911419987,4.513514350929196
2020-10-23 00:00:00+00:00,-35.576666,-71.678888,119.0,open-meteo_ecmwf_ifs,daily,25.8675,8.117499,27.95,8.221666,1.9749807,61.989475,0.0,28.842207875638806,4.5420548173208575
2020-10-24 00:00:00+00:00,-35.576666,-71.678888,119.0,open-meteo_ecmwf_ifs,daily,22.9675,7.3675003,26.94,7.000833,2.8392966,62.838276,0.0,28.99183655979099,4.341738448624762
2020-10-25 00:00:00+00:00,-35.576666,-71.678888,119.0,open-meteo_ecmwf_ifs,daily,20.417501,9.2175,27.51,5.655,3.892125,62.394913,1.8,29.13938232618744,4.6524409144227645
2020-10-26 00:00:00+00:00,-35.576666,-71.678888,119.0,open-meteo_ecmwf_ifs,daily,21.817501,7.0675,27.35,5.344584,3.3461514,57.668102,0.0,29.28481342235693,4.485978207784629
2020-10-27 00:00:00+00:00,-35.576666,-71.678888,119.0,open-meteo_ecmwf_ifs,daily,16.0175,10.117499,8.75,7.107083,2.8062296,70.638115,7.5,29.428099169210135,2.2339620884864564
2020-10-28 00:00:00+00:00,-35.576666,-71.678888,119.0,open-meteo_ecmwf_ifs,daily,19.9675,6.7675004,28.95,5.519583,3.522549,63.194935,0.0,29.569209945143932,4.355568506118057
2020-10-29 00:00:00+00:00,-35.576666,-71.678888,119.0,open-meteo_ecmwf_ifs,daily,24.1175,6.7675004,28.86,5.7466674,3.9495335,57.78442,0.0,29.708117168946305,4.9711627945540675
2020-10-30 00:00:00+00:00,-35.576666,-71.678888,119.0,open-meteo_ecmwf_ifs,daily,28.567501,9.617499,29.07,10.082083,1.8044049,62.550156,0.0,29.844793281583353,4.975101279106943
2020-10-31 00:00:00+00:00,-35.576666,-71.678888,119.0,open-meteo_ecmwf_ifs,daily,28.4675,12.117499,28.2,12.275833,1.6107731,64.73936,0.0,29.979211726953288,4.938197115137745
2020-11-01 00:00:00+00:00,-35.576666,-71.678888,119.0,open-meteo_ecmwf_ifs,daily,26.0175,10.617499,28.71,10.798749,1.5743436,67.361305,0.0,30.11134693169332,4.721334660770256
2020-11-02 00:00:00+00:00,-35.576666,-71.678888,119.0,open-meteo_ecmwf_ifs,daily,24.8675,10.2675,28.23,11.023749,1.486214,69.7002,0.0,30.241174284127034,4.515480113903323
2020-11-03 00:00:00+00:00,-35.576666,-71.678888,119.0,open-meteo_ecmwf_ifs,daily,26.7675,10.2175,28.4,11.594583,1.9240507,69.34671,0.0,30.368670112441286,4.747767065176903
2020-11-04 00:00:00+00:00,-35.576666,-71.678888,119.0,open-meteo_ecmwf_ifs,daily,24.7175,10.5675,23.84,8.48,3.597809,57.809116,0.0,30.49381166218147,4.748798344860415
2020-11-05 00:00:00+00:00,-35.576666,-71.678888,119.0,open-meteo_ecmwf_ifs,daily,24.8675,9.2175,30.99,3.1383333,6.0717907,44.463055,0.0,30.616577073155423,6.549396837058046
2020-11-06 00:00:00+00:00,-35.576666,-71.678888,119.0,open-meteo_ecmwf_ifs,daily,25.5175,9.2175,29.32,7.711251,3.6256876,57.804447,0.0,30.736945355835214,5.311884873151465
2020-11-07 00:00:00+00:00,-35.576666,-71.678888,119.0,open-meteo_ecmwf_ifs,daily,28.917501,11.867499,30.05,10.082083,3.5411043,57.35544,0.0,30.85489636734607,5.9451924312168565
2020-11-08 00:00:00+00:00,-35.576666,-71.678888,119.0,open-meteo_ecmwf_ifs,daily,27.2675,11.7175,29.86,9.825833,2.598179,55.80664,0.0,30.970410787130895,5.463415269863365
2020-11-09 00:00:00+00:00,-35.576666,-71.678888,119.0,open-meteo_ecmwf_ifs,daily,27.8675,12.0175,29.88,9.290417,3.4223397,57.34294,0.0,31.083470092377418,5.875481162516645
2020-11-10 00:00:00+00:00,-35.576666,-71.678888,119.0,open-meteo_ecmwf_ifs,daily,28.4675,12.367499,30.46,10.619582,2.8500414,58.348007,0.0,31.194056533293377,5.766277137853463
2020-11-11 00:00:00+00:00,-35.576666,-71.678888,119.0,open-meteo_ecmwf_ifs,daily,25.417501,11.3175,26.86,10.37375,2.0682771,67.809296,0.0,31.302153108313586,4.723368327942491
2020-11-12 00:00:00+00:00,-35.576666,-71.678888,119.0,open-meteo_ecmwf_ifs,daily,27.1175,12.4675,27.91,10.434167,2.674121,61.031982,0.0,31.407743539319977,5.311696167399789
2020-11-13 00:00:00+00:00,-35.576666,-71.678888,119.0,open-meteo_ecmwf_ifs,daily,23.6175,12.4675,19.05,8.832083,3.1380842,60.943775,0.0,31.510812246953364,4.256903366389059
2020-11-14 00:00:00+00:00,-35.576666,-71.678888,119.0,open-meteo_ecmwf_ifs,daily,23.417501,11.867499,31.11,6.296667,4.322966,52.787464,0.0,31.61134432609269,5.954687777476154
2020-11-15 00:00:00+00:00,-35.576666,-71.678888,119.0,open-meteo_ecmwf_ifs,daily,25.9675,9.617499,31.55,5.1362505,3.2968712,47.083847,0.0,31.709325521574243,5.890495992714807
2020-11-16 00:00:00+00:00,-35.576666,-71.678888,119.0,open-meteo_ecmwf_ifs,daily,28.2175,12.117499,31.38,7.9841666,2.5162513,53.234425,0.0,31.80474220421982,5.957651909475024
2020-11-17 00:00:00+00:00,-35.576666,-71.678888,119.0,open-meteo_ecmwf_ifs,daily,25.167501,12.0675,30.27,9.825832,3.4830647,57.51118,0.0,31.897581347239193,5.535721889590234
2020-11-18 00:00:00+00:00,-35.576666,-71.678888,119.0,open-meteo_ecmwf_ifs,daily,26.5175,11.117499,30.47,10.509166,2.1720307,66.189064,0.0,31.987830503067933,5.281734803007214
2020-11-19 00:00:00+00:00,-35.576666,-71.678888,119.0,open-meteo_ecmwf_ifs,daily,25.0175,12.7175,27.06,10.213334,2.8996131,58.121155,0.0,32.07547778069807,5.10501917952466
2020-11-20 00:00:00+00:00,-35.576666,-71.678888,119.0,open-meteo_ecmwf_ifs,daily,22.5175,13.0675,23.2,7.690417,2.926262,57.772583,0.0,32.16051182355393,4.723619388245942
2020-11-21 00:00:00+00:00,-35.576666,-71.678888,119.0,open-meteo_ecmwf_ifs,daily,25.167501,9.367499,31.56,7.0404167,1.4799514,56.10266,0.0,32.24292178796179,5.139188581865066
2020-11-22 00:00:00+00:00,-35.576666,-71.678888,119.0,open-meteo_ecmwf_ifs,daily,28.167501,11.1675,31.89,7.334167,3.7068908,50.66943,0.0,32.3226973222571,6.38572500698043
2020-11-23 00:00:00+00:00,-35.576666,-71.678888,119.0,open-meteo_ecmwf_ifs,daily,27.9675,12.7675,31.14,8.382083,3.7547503,50.585983,0.0,32.39982854656807,6.416167548973832
2020-11-24 00:00:00+00:00,-35.576666,-71.678888,119.0,open-meteo_ecmwf_ifs,daily,26.2175,11.117499,31.24,6.777916,3.5461938,50.624817,0.0,32.47430603331064,6.058755950605744
2020-11-25 00:00:00+00:00,-35.576666,-71.678888,119.0,open-meteo_ecmwf_ifs,daily,26.1175,11.3175,31.72,7.857084,4.7661643,55.943844,0.0,32.54612078842424,6.294084021271439
2020-11-26 00:00:00+00:00,-35.576666,-71.678888,119.0,open-meteo_ecmwf_ifs,daily,29.7675,11.117499,33.25,1.4466666,6.687796,33.06397,0.0,32.61526423337381,8.531122076439102
2020-11-27 00:00:00+00:00,-35.576666,-71.678888,119.0,open-meteo_ecmwf_ifs,daily,28.9675,12.0175,32.27,5.007084,3.8849466,39.459137,0.0,32.6817281879389,6.983200928328682
2020-11-28 00:00:00+00:00,-35.576666,-71.678888,119.0,open-meteo_ecmwf_ifs,daily,28.0175,11.2675,32.37,8.294582,2.9518251,54.764145,0.0,32.74550485380599,6.125218512811394
2020-11-29 00:00:00+00:00,-35.576666,-71.678888,119.0,open-meteo_ecmwf_ifs,daily,28.317501,13.2175,32.34,7.0487494,5.380856,51.478634,0.0,32.80658679897639,7.380954254024957
2020-11-30 00:00:00+00:00,-35.576666,-71.678888,119.0,open-meteo_ecmwf_ifs,daily,30.4675,11.2675,32.99,4.607084,4.5169353,39.303432,0.0,32.86496694299768,7.4729835648443
2020-12-01 00:00:00+00:00,-35.576666,-71.678888,119.0,open-meteo_ecmwf_ifs,daily,28.4675,12.7175,28.72,6.323748,3.7271874,43.501053,0.0,32.920638543022996,6.47897773849488
2020-12-02 00:00:00+00:00,-35.576666,-71.678888,119.0,open-meteo_ecmwf_ifs,daily,27.567501,11.4175,32.52,6.225834,3.4181502,46.903225,0.0,32.97359518069878,6.459391025771232
2020-12-03 00:00:00+00:00,-35.576666,-71.678888,119.0,open-meteo_ecmwf_ifs,daily,27.2675,12.0175,32.96,3.5841665,6.12933,40.26251,0.0,33.02383074987841,7.7633573419526885
2020-12-04 00:00:00+00:00,-35.576666,-71.678888,119.0,open-meteo_ecmwf_ifs,daily,30.7675,11.5175,32.97,4.9029174,3.0466862,38.40721,0.0,33.071339445156184,6.878040911411239
2020-12-05 00:00:00+00:00,-35.576666,-71.678888,119.0,open-meteo_ecmwf_ifs,daily,31.7675,12.617499,32.66,9.592499,2.257907,49.76736,0.0,33.11611575121311,6.429639478820813
2020-12-06 00:00:00+00:00,-35.576666,-71.678888,119.0,open-meteo_ecmwf_ifs,daily,32.817497,13.4175,32.87,8.759167,1.8248628,44.627,0.0,33.15815443296406,6.460108945535166
2020-12-07 00:00:00+00:00,-35.576666,-71.678888,119.0,open-meteo_ecmwf_ifs,daily,29.5175,13.1675,32.87,8.802915,2.702195,49.504375,0.0,33.19745052649378,6.504363567585837
2020-12-08 00:00:00+00:00,-35.576666,-71.678888,119.0,open-meteo_ecmwf_ifs,daily,28.7675,11.2675,33.09,7.3758335,3.484277,51.28587,0.0,33.23399933076723,6.5896324296374225
2020-12-09 00:00:00+00:00,-35.576666,-71.678888,119.0,open-meteo_ecmwf_ifs,daily,31.8675,13.7675,33.91,5.955,4.2044325,40.764927,0.0,33.26779640009914,7.916043030893628
2020-12-10 00:00:00+00:00,-35.576666,-71.678888,119.0,open-meteo_ecmwf_ifs,daily,25.667501,12.3175,29.59,5.667501,3.3118203,43.199627,0.0,33.29883753736623,6.065447493530048
2020-12-11 00:00:00+00:00,-35.576666,-71.678888,119.0,open-meteo_ecmwf_ifs,daily,26.567501,11.367499,33.41,5.73,4.3823,49.075306,0.0,33.32711878794557,6.774868758801749
2020-12-12 00:00:00+00:00,-35.576666,-71.678888,119.0,open-meteo_ecmwf_ifs,daily,25.8675,11.6675,22.87,8.065416,3.7342575,56.6094,0.4,33.352636434361926,5.187901637721485
2020-12-13 00:00:00+00:00,-35.576666,-71.678888,119.0,open-meteo_ecmwf_ifs,daily,28.2675,11.9175,34.15,6.2612495,5.1122775,54.022938,0.0,33.37538699162763,7.371931389541779
2020-12-14 00:00:00+00:00,-35.576666,-71.678888,119.0,open-meteo_ecmwf_ifs,daily,26.917501,11.8175,32.91,4.72375,5.637686,39.69579,0.0,33.395367203258886,7.370405660693366
2020-12-15 00:00:00+00:00,-35.576666,-71.678888,119.0,open-meteo_ecmwf_ifs,daily,28.317501,11.8175,34.16,4.969583,5.365005,46.89304,0.0,33.412574037953206,7.617337033036252
2020-12-16 00:00:00+00:00,-35.576666,-71.678888,119.0,open-meteo_ecmwf_ifs,daily,31.5175,11.5675,33.84,4.7112503,3.538409,39.26421,0.0,33.427004686914266,7.346095316484059
2020-12-17 00:00:00+00:00,-35.576666,-71.678888,119.0,open-meteo_ecmwf_ifs,daily,32.1675,14.2175,33.04,7.671667,2.6419442,41.47531,0.0,33.43865656181142,7.010075624183339
2020-12-18 00:00:00+00:00,-35.576666,-71.678888,119.0,open-meteo_ecmwf_ifs,daily,22.1175,12.4175,22.45,8.111249,4.0762744,57.081387,0.5,33.447527293363194,4.7926080686297325
2020-12-19 00:00:00+00:00,-35.576666,-71.678888,119.0,open-meteo_ecmwf_ifs,daily,25.6175,12.0175,27.49,7.802916,3.0044363,57.14909,0.0,33.45361473053594,5.497857097698268
2020-12-20 00:00:00+00:00,-35.576666,-71.678888,119.0,open-meteo_ecmwf_ifs,daily,28.417501,12.367499,33.62,6.01125,4.617701,46.35142,0.0,33.45691694035071,7.30374102590182
2020-12-21 00:00:00+00:00,-35.576666,-71.678888,119.0,open-meteo_ecmwf_ifs,daily,32.4675,12.4675,33.52,6.7904162,3.7190466,42.30932,0.0,33.45743220829378,7.4819599483743415
2020-12-22 00:00:00+00:00,-35.576666,-71.678888,119.0,open-meteo_ecmwf_ifs,daily,32.9175,14.7175,33.62,8.752917,4.4497247,43.90794,0.0,33.455159039328485,8.028154909454852
2020-12-23 00:00:00+00:00,-35.576666,-71.678888,119.0,open-meteo_ecmwf_ifs,daily,30.9675,14.0675,33.55,8.140416,4.7307477,43.18916,0.0,33.45009615950831,7.779960390930504
2020-12-24 00:00:00+00:00,-35.576666,-71.678888,119.0,open-meteo_ecmwf_ifs,daily,31.7175,14.867499,33.78,7.1987495,4.86369,40.674553,0.0,33.44224251819367,8.23477561345453
2020-12-25 00:00:00+00:00,-35.576666,-71.678888,119.0,open-meteo_ecmwf_ifs,daily,33.817497,15.3175,33.77,8.190417,5.129276,41.156734,0.0,33.4315972908768,8.66625697503011
2020-12-26 00:00:00+00:00,-35.576666,-71.678888,119.0,open-meteo_ecmwf_ifs,daily,32.767498,15.7675,33.02,11.66125,3.5146332,49.90463,0.0,33.41815988262165,7.374607932611045
2020-12-27 00:00:00+00:00,-35.576666,-71.678888,119.0,open-meteo_ecmwf_ifs,daily,30.567501,14.4175,32.25,11.93625,3.0867567,56.604187,0.0,33.40192993212774,6.596951957494943
2020-12-28 00:00:00+00:00,-35.576666,-71.678888,119.0,open-meteo_ecmwf_ifs,daily,32.1675,15.5675,32.6,11.798751,2.655531,52.955444,0.0,33.38290731642849,6.846805759829996
2020-12-29 00:00:00+00:00,-35.576666,-71.678888,119.0,open-meteo_ecmwf_ifs,daily,29.567501,15.367499,33.26,9.194581,3.5535734,48.0746,0.0,33.361092156236865,7.154747512120545
2020-12-30 00:00:00+00:00,-35.576666,-71.678888,119.0,open-meteo_ecmwf_ifs,daily,28.567501,13.2175,33.61,4.769583,5.738682,43.427006,0.0,33.33648482195189,8.0142187012773
2020-12-31 00:00:00+00:00,-35.576666,-71.678888,119.0,open-meteo_ecmwf_ifs,daily,32.1675,13.1675,30.97,5.9529166,4.645003,38.0742,0.0,33.309085940341646,7.781652211309425
2021-01-01 00:00:00+00:00,-35.576666,-71.678888,119.0,open-meteo_ecmwf_ifs,daily,32.3675,15.867499,32.54,9.821666,2.8152578,42.747913,0.0,33.309085940341646,7.11176219881437
2021-01-02 00:00:00+00:00,-35.576666,-71.678888,119.0,open-meteo_ecmwf_ifs,daily,29.817501,17.667501,24.82,10.284165,2.7353868,44.024887,0.0,33.27889640191825,6.01835374346732
2021-01-03 00:00:00+00:00,-35.576666,-71.678888,119.0,open-meteo_ecmwf_ifs,daily,32.4675,17.0175,32.28,9.938333,3.847593,42.656227,0.0,33.24591736902198,7.745631280030037
2021-01-04 00:00:00+00:00,-35.576666,-71.678888,119.0,open-meteo_ecmwf_ifs,daily,31.0175,15.617499,33.33,6.282083,5.1592135,37.938023,0.0,33.21015028463107,8.42239168338376
2021-01-05 00:00:00+00:00,-35.576666,-71.678888,119.0,open-meteo_ecmwf_ifs,daily,32.1175,15.5175,31.49,7.7299995,2.5678666,38.42562,0.0,33.171596881914056,6.901349239489278
2021-01-06 00:00:00+00:00,-35.576666,-71.678888,119.0,open-meteo_ecmwf_ifs,daily,32.567497,15.7175,30.42,10.365416,2.0264938,46.184513,0.0,33.13025919454076,6.393743280260494
2021-01-07 00:00:00+00:00,-35.576666,-71.678888,119.0,open-meteo_ecmwf_ifs,daily,31.417501,15.6675,32.36,8.4425,4.282576,41.95073,0.0,33.08613956776759,7.745118937438352
2021-01-08 00:00:00+00:00,-35.576666,-71.678888,119.0,open-meteo_ecmwf_ifs,daily,30.4675,15.117499,30.62,4.73,3.8149612,33.54759,0.0,33.03924067031084,7.466194992588763
2021-01-09 00:00:00+00:00,-35.576666,-71.678888,119.0,open-meteo_ecmwf_ifs,daily,28.6175,12.1675,33.14,3.8195837,2.1735966,37.595715,0.0,32.989565507020814,6.337088219366517
2021-01-10 00:00:00+00:00,-35.576666,-71.678888,119.0,open-meteo_ecmwf_ifs,daily,27.7175,11.9675,32.97,6.1841664,3.0335739,47.57163,0.0,32.937117432366975,6.458226004248415
2021-01-11 00:00:00+00:00,-35.576666,-71.678888,119.0,open-meteo_ecmwf_ifs,daily,25.817501,13.4675,32.09,7.9237494,3.8702643,53.625454,0.0,32.88190016474234,6.417601720067229
2021-01-12 00:00:00+00:00,-35.576666,-71.678888,119.0,open-meteo_ecmwf_ifs,daily,30.0175,11.5175,33.12,0.8924999,3.9188464,30.11527,0.0,32.82391780159229,7.488469771811739
2021-01-13 00:00:00+00:00,-35.576666,-71.678888,119.0,open-meteo_ecmwf_ifs,daily,32.4175,13.2675,32.69,4.19875,2.038118,34.052433,0.0,32.763174835370144,6.61234275672371
2021-01-14 00:00:00+00:00,-35.576666,-71.678888,119.0,open-meteo_ecmwf_ifs,daily,31.1175,13.4175,32.27,5.2925005,2.3786762,36.4529,0.0,32.69967617031844,6.639410822307632
2021-01-15 00:00:00+00:00,-35.576666,-71.678888,119.0,open-meteo_ecmwf_ifs,daily,28.7675,13.617499,31.56,6.8675,4.699016,43.541454,0.0,32.633427140070864,7.2389435669276585
2021-01-16 00:00:00+00:00,-35.576666,-71.678888,119.0,open-meteo_ecmwf_ifs,daily,30.0175,13.0175,33.0,3.8487499,6.0148296,37.73103,0.0,32.56443352606643,8.361171427405115
2021-01-17 00:00:00+00:00,-35.576666,-71.678888,119.0,open-meteo_ecmwf_ifs,daily,32.6175,14.0175,32.34,6.859167,4.52177,40.892643,0.0,32.492701576762755,7.912992058875272
2021-01-18 00:00:00+00:00,-35.576666,-71.678888,119.0,open-meteo_ecmwf_ifs,daily,34.1175,15.2675,31.74,8.19875,2.8117454,39.711773,0.0,32.418238027631375,7.180682550071178
2021-01-19 00:00:00+00:00,-35.576666,-71.678888,119.0,open-meteo_ecmwf_ifs,daily,32.3675,18.917501,30.98,12.896667,2.5443738,47.741848,0.0,32.341050121913234,6.85608221576867
2021-01-20 00:00:00+00:00,-35.576666,-71.678888,119.0,open-meteo_ecmwf_ifs,daily,32.267498,17.3675,30.9,13.325831,2.484454,52.9339,0.0,32.26114563210792,6.593409218410628
2021-01-21 00:00:00+00:00,-35.576666,-71.678888,119.0,open-meteo_ecmwf_ifs,daily,34.817497,16.6175,31.01,12.644582,2.233315,53.81084,0.0,32.17853288216571,6.71245943874831
2021-01-22 00:00:00+00:00,-35.576666,-71.678888,119.0,open-meteo_ecmwf_ifs,daily,34.9175,18.1175,31.07,12.982081,2.549184,50.581875,0.0,32.093220770346235,7.039403702691471
2021-01-23 00:00:00+00:00,-35.576666,-71.678888,119.0,open-meteo_ecmwf_ifs,daily,31.317501,16.817501,30.21,13.267499,2.8403594,54.753098,0.0,32.00521879270314,6.459380376268755
2021-01-24 00:00:00+00:00,-35.576666,-71.678888,119.0,open-meteo_ecmwf_ifs,daily,34.7175,17.667501,30.69,13.000832,1.4215922,49.533337,0.0,31.914537067149286,6.254809153339303
2021-01-25 00:00:00+00:00,-35.576666,-71.678888,119.0,open-meteo_ecmwf_ifs,daily,33.317497,17.3675,31.54,5.0404162,2.9154842,31.377768,0.0,31.821186358052138,7.476321979952672
2021-01-26 00:00:00+00:00,-35.576666,-71.678888,119.0,open-meteo_ecmwf_ifs,daily,30.9675,15.2675,31.32,5.909167,3.7642272,36.83293,0.0,31.725178101304447,7.406080687906559
2021-01-27 00:00:00+00:00,-35.576666,-71.678888,119.0,open-meteo_ecmwf_ifs,daily,30.067501,14.9175,30.82,6.0591664,3.3175385,37.585068,0.0,31.626524429810903,6.9373010665137285
2021-01-28 00:00:00+00:00,-35.576666,-71.678888,119.0,open-meteo_ecmwf_ifs,daily,28.2175,15.367499,22.06,8.794581,3.6731346,47.727642,0.0,31.52523819932702,5.743869610375829
2021-01-29 00:00:00+00:00,-35.576666,-71.678888,119.0,open-meteo_ecmwf_ifs,daily,22.567501,16.9675,12.08,13.788334,3.6115017,70.128,10.1,31.421333014582206,3.275463813614981
2021-01-30 00:00:00+00:00,-35.576666,-71.678888,119.0,open-meteo_ecmwf_ifs,daily,19.2175,16.317501,10.12,15.540414,2.5799437,88.73648,68.6,31.314823255615398,2.05527135004214
2021-01-31 00:00:00+00:00,-35.576666,-71.678888,119.0,open-meteo_ecmwf_ifs,daily,22.817501,15.367499,16.63,15.130001,1.8863215,84.878365,27.600002,31.20572410424755,3.156383945567029
2021-02-01 00:00:00+00:00,-35.576666,-71.678888,119.0,open-meteo_ecmwf_ifs,daily,22.417501,14.617499,17.78,15.1675005,1.7093453,86.33606,1.3000001,31.094051570612248,3.1696595829374963
2021-02-02 00:00:00+00:00,-35.576666,-71.678888,119.0,open-meteo_ecmwf_ifs,daily,25.2675,12.9675,24.24,14.096664,1.4788032,79.18953,0.0,30.979822519662267,4.167252909309998
2021-02-03 00:00:00+00:00,-35.576666,-71.678888,119.0,open-meteo_ecmwf_ifs,daily,27.667501,14.2675,29.34,16.225832,1.283569,80.01942,0.0,30.863054697567428,5.027682965865385
2021-02-04 00:00:00+00:00,-35.576666,-71.678888,119.0,open-meteo_ecmwf_ifs,daily,28.667501,14.7175,29.74,16.559168,2.847802,71.70665,0.0,30.7437667579164,5.303924780659279
2021-02-05 00:00:00+00:00,-35.576666,-71.678888,119.0,open-meteo_ecmwf_ifs,daily,26.0175,14.5175,23.9,14.948752,2.7271588,77.9846,0.0,30.621978287633087,4.405168450355168
2021-02-06 00:00:00+00:00,-35.576666,-71.678888,119.0,open-meteo_ecmwf_ifs,daily,22.8675,15.2175,12.74,15.040417,0.90672034,80.28173,0.0,30.49770983251678,2.514663528425814
2021-02-07 00:00:00+00:00,-35.576666,-71.678888,119.0,open-meteo_ecmwf_ifs,daily,25.317501,15.617499,18.14,14.423748,1.948947,72.723946,0.0,30.37098292231346,3.6754847062560665
2021-02-08 00:00:00+00:00,-35.576666,-71.678888,119.0,open-meteo_ecmwf_ifs,daily,24.0175,13.0675,17.14,13.89875,1.5452528,76.13468,0.0,30.24182009522503,3.17312482739375
2021-02-09 00:00:00+00:00,-35.576666,-71.678888,119.0,open-meteo_ecmwf_ifs,daily,27.317501,14.9175,25.06,15.663331,1.641305,74.46007,0.0,30.11024492176264,4.506819080274666
2021-02-10 00:00:00+00:00,-35.576666,-71.678888,119.0,open-meteo_ecmwf_ifs,daily,29.2175,16.067501,27.49,16.8425,2.5811794,74.08529,0.0,29.976282027850047,5.174141073898824
2021-02-11 00:00:00+00:00,-35.576666,-71.678888,119.0,open-meteo_ecmwf_ifs,daily,24.0175,16.2675,13.56,15.400832,2.4830716,75.85427,0.0,29.839957117083305,3.0047613352510743
2021-02-12 00:00:00+00:00,-35.576666,-71.678888,119.0,open-meteo_ecmwf_ifs,daily,26.7175,18.317501,19.79,15.773749,1.4493089,70.25742,0.0,29.701296992053567,3.985733940217219
2021-02-13 00:00:00+00:00,-35.576666,-71.678888,119.0,open-meteo_ecmwf_ifs,daily,26.8675,16.567501,23.42,15.238334,2.1468403,70.745445,0.0,29.56032957464113,4.5164443633754505
2021-02-14 00:00:00+00:00,-35.576666,-71.678888,119.0,open-meteo_ecmwf_ifs,daily,26.667501,14.2675,24.83,13.750831,1.6394511,68.92532,0.0,29.417083925189928,4.4480244612718485
2021-02-15 00:00:00+00:00,-35.576666,-71.678888,119.0,open-meteo_ecmwf_ifs,daily,26.567501,13.6675,25.8,13.246666,2.5693915,68.73267,0.0,29.271590260473825,4.710425717472411
2021-02-16 00:00:00+00:00,-35.576666,-71.678888,119.0,open-meteo_ecmwf_ifs,daily,24.4675,12.0175,22.96,12.025833,2.9370835,71.8295,0.0,29.123879970368154,4.134773273222441
2021-02-17 00:00:00+00:00,-35.576666,-71.678888,119.0,open-meteo_ecmwf_ifs,daily,24.0175,14.8175,20.06,9.988334,2.1548965,59.889637,0.0,28.97398563314238,4.114237709416644
2021-02-18 00:00:00+00:00,-35.576666,-71.678888,119.0,open-meteo_ecmwf_ifs,daily,24.7175,11.0175,27.68,9.227917,1.637829,62.496536,0.0,28.82194102929299,4.533221015788314
2021-02-19 00:00:00+00:00,-35.576666,-71.678888,119.0,open-meteo_ecmwf_ifs,daily,26.567501,12.117499,27.48,10.138332,4.040048,60.167164,0.0,28.667781153838693,5.35900863031741
2021-02-20 00:00:00+00:00,-35.576666,-71.678888,119.0,open-meteo_ecmwf_ifs,daily,27.6175,12.0675,27.6,6.732084,2.8979704,44.805134,0.0,28.511542227003805,5.503457986794788
2021-02-21 00:00:00+00:00,-35.576666,-71.678888,119.0,open-meteo_ecmwf_ifs,daily,27.6175,12.2175,27.57,7.9862494,1.1440965,49.45975,0.0,28.353261703219577,4.6384604889203045
2021-02-22 00:00:00+00:00,-35.576666,-71.678888,119.0,open-meteo_ecmwf_ifs,daily,27.067501,12.9675,27.16,8.925834,3.213805,53.703022,0.0,28.19297827837718,5.403634632999699
2021-02-23 00:00:00+00:00,-35.576666,-71.678888,119.0,open-meteo_ecmwf_ifs,daily,29.817501,13.117499,27.54,6.744583,4.2546215,43.01335,0.0,28.030731895270996,6.465584352189285
2021-02-24 00:00:00+00:00,-35.576666,-71.678888,119.0,open-meteo_ecmwf_ifs,daily,30.667501,13.8175,26.77,11.200833,2.5431142,53.593998,0.0,27.866563747175086,5.397720591470356
2021-02-25 00:00:00+00:00,-35.576666,-71.678888,119.0,open-meteo_ecmwf_ifs,daily,30.1175,13.617499,26.16,13.615415,2.080445,68.62146,0.0,27.70051627950107,4.886794989344669
2021-02-26 00:00:00+00:00,-35.576666,-71.678888,119.0,open-meteo_ecmwf_ifs,daily,30.4675,13.7175,26.49,12.044582,2.050501,60.937893,0.0,27.532633189490426,5.0509686217763825
2021-02-27 00:00:00+00:00,-35.576666,-71.678888,119.0,open-meteo_ecmwf_ifs,daily,31.567501,15.117499,26.51,11.765415,3.2009566,53.513046,0.0,27.36295942390016,5.817465298628648
2021-02-28 00:00:00+00:00,-35.576666,-71.678888,119.0,open-meteo_ecmwf_ifs,daily,31.817501,15.2175,26.37,10.159167,4.6516213,48.101765,0.0,27.19154117464558,6.66209041371174
2021-03-01 00:00:00+00:00,-35.576666,-71.678888,119.0,open-meteo_ecmwf_ifs,daily,30.9675,15.6675,25.02,12.13,3.0999575,53.95265,0.0,27.018425872370212,5.54697284059295
2021-03-02 00:00:00+00:00,-35.576666,-71.678888,119.0,open-meteo_ecmwf_ifs,daily,30.2175,15.6675,24.85,13.765416,2.3059077,62.318157,0.0,26.843662177918468,4.959654066837958
2021-03-03 00:00:00+00:00,-35.576666,-71.678888,119.0,open-meteo_ecmwf_ifs,daily,31.667501,16.317501,24.49,13.777917,2.1556904,60.91368,0.0,26.667299971692508,5.052916925155345
2021-03-04 00:00:00+00:00,-35.576666,-71.678888,119.0,open-meteo_ecmwf_ifs,daily,33.6675,16.6175,25.42,11.542499,4.0437264,47.680492,0.0,26.489390340880778,6.541588878423326
2021-03-05 00:00:00+00:00,-35.576666,-71.678888,119.0,open-meteo_ecmwf_ifs,daily,27.7175,17.1175,24.39,13.536251,3.4726565,58.29283,0.0,26.309985564551923,5.162191455313009
2021-03-06 00:00:00+00:00,-35.576666,-71.678888,119.0,open-meteo_ecmwf_ifs,daily,28.4675,15.117499,24.13,13.352916,1.3163178,67.15739,0.0,26.129139096613578,4.280126834877457
2021-03-07 00:00:00+00:00,-35.576666,-71.678888,119.0,open-meteo_ecmwf_ifs,daily,30.917501,15.4175,24.28,12.105,3.6813881,56.212223,0.0,25.94690554664178,5.5961131708659435
2021-03-08 00:00:00+00:00,-35.576666,-71.678888,119.0,open-meteo_ecmwf_ifs,daily,32.9175,15.9175,25.14,10.554999,4.6717067,48.25963,0.0,25.76334065859289,6.674049246839484
2021-03-09 00:00:00+00:00,-35.576666,-71.678888,119.0,open-meteo_ecmwf_ifs,daily,31.6175,16.067501,23.91,9.296666,1.5364393,45.283543,0.0,25.578501287415808,4.7038793589349135
2021-03-10 00:00:00+00:00,-35.576666,-71.678888,119.0,open-meteo_ecmwf_ifs,daily,26.8675,15.0675,18.79,8.57375,1.5622627,47.58203,0.0,25.392445373588373,3.8300880016205916
2021-03-11 00:00:00+00:00,-35.576666,-71.678888,119.0,open-meteo_ecmwf_ifs,daily,27.7675,13.9675,23.06,11.054999,4.272343,61.94795,0.0,25.205231915607783,5.1155322781751975
2021-03-12 00:00:00+00:00,-35.576666,-71.678888,119.0,open-meteo_ecmwf_ifs,daily,28.817501,12.7175,23.74,8.47375,2.306513,50.292416,0.0,25.016920940470605,4.648187182992847
2021-03-13 00:00:00+00:00,-35.576666,-71.678888,119.0,open-meteo_ecmwf_ifs,daily,29.317501,13.117499,23.44,10.261249,2.0942285,55.880413,0.0,24.827573472183776,4.473832758410337
2021-03-14 00:00:00+00:00,-35.576666,-71.678888,119.0,open-meteo_ecmwf_ifs,daily,28.167501,12.367499,22.03,11.088332,2.2462342,63.551434,0.0,24.6372514983535,4.149660110806894
2021-03-15 00:00:00+00:00,-35.576666,-71.678888,119.0,open-meteo_ecmwf_ifs,daily,22.317501,14.0175,11.4,11.507084,2.2468765,69.35723,0.0,24.446017934904575,2.6636797543783395
2021-03-16 00:00:00+00:00,-35.576666,-71.678888,119.0,open-meteo_ecmwf_ifs,daily,24.167501,14.2175,14.25,9.384166,1.775445,58.367554,0.2,24.253936588987592,3.1296388726795445
2021-03-17 00:00:00+00:00,-35.576666,-71.678888,119.0,open-meteo_ecmwf_ifs,daily,26.8675,12.867499,21.84,10.767498,2.4686477,59.968597,0.0,24.06107212013698,4.114943136156233
2021-03-18 00:00:00+00:00,-35.576666,-71.678888,119.0,open-meteo_ecmwf_ifs,daily,22.8675,13.8175,12.38,9.765416,1.9991666,63.954662,0.0,23.867489999747544,2.8645384346221476
2021-03-19 00:00:00+00:00,-35.576666,-71.678888,119.0,open-meteo_ecmwf_ifs,daily,21.1175,14.3175,11.28,7.9424996,2.109162,57.54733,0.0,23.673256468941727,2.8675499953830577
2021-03-20 00:00:00+00:00,-35.576666,-71.678888,119.0,open-meteo_ecmwf_ifs,daily,24.7175,10.0675,21.97,6.8091664,1.2710148,58.18826,0.0,23.47843849490461,3.4307225945819635
2021-03-21 00:00:00+00:00,-35.576666,-71.678888,119.0,open-meteo_ecmwf_ifs,daily,26.6175,10.7675,21.77,7.754999,1.7630786,53.59505,0.0,23.283103725767546,3.7559377081447565
2021-03-22 00:00:00+00:00,-35.576666,-71.678888,119.0,open-meteo_ecmwf_ifs,daily,28.2675,12.0175,21.71,9.992498,2.7505064,59.16547,0.0,23.087320444125538,4.254370150082936
2021-03-23 00:00:00+00:00,-35.576666,-71.678888,119.0,open-meteo_ecmwf_ifs,daily,26.9675,12.4175,21.64,9.063331,2.5218878,52.163925,0.0,22.891157519277098,4.129650501533149
2021-03-24 00:00:00+00:00,-35.576666,-71.678888,119.0,open-meteo_ecmwf_ifs,daily,23.9675,12.5675,18.99,9.700833,3.1963904,59.372208,0.0,22.69468435827871,3.7611948880642228
2021-03-25 00:00:00+00:00,-35.576666,-71.678888,119.0,open-meteo_ecmwf_ifs,daily,22.3675,11.867499,18.69,6.0945835,2.5798545,51.657215,0.0,22.49797085590935,3.641398411294081
2021-03-26 00:00:00+00:00,-35.576666,-71.678888,119.0,open-meteo_ecmwf_ifs,daily,26.317501,10.7175,21.36,5.682083,3.695614,50.805622,0.0,22.301087343643164,4.606912199405538
2021-03-27 00:00:00+00:00,-35.576666,-71.678888,119.0,open-meteo_ecmwf_ifs,daily,28.6175,11.3175,21.68,5.2820835,3.6363451,44.872696,0.0,22.1041045377313,4.960749258016796
2021-03-28 00:00:00+00:00,-35.576666,-71.678888,119.0,open-meteo_ecmwf_ifs,daily,28.067501,10.617499,21.06,8.138332,2.2967532,53.71361,0.0,21.907093486495786,3.893814690728367
2021-03-29 00:00:00+00:00,-35.576666,-71.678888,119.0,open-meteo_ecmwf_ifs,daily,25.4675,10.617499,19.65,9.986249,2.548873,66.84113,0.0,21.710125516940877,3.465129906959449
2021-03-30 00:00:00+00:00,-35.576666,-71.678888,119.0,open-meteo_ecmwf_ifs,daily,24.3675,10.617499,17.57,10.784167,1.9310459,73.1639,0.0,21.51327218078823,2.9312957843252696
2021-03-31 00:00:00+00:00,-35.576666,-71.678888,119.0,open-meteo_ecmwf_ifs,daily,23.4675,12.2675,15.72,12.261249,2.350088,76.11801,0.0,21.316605200044542,2.7816180313648493
2021-04-01 00:00:00+00:00,-35.576666,-71.678888,119.0,open-meteo_ecmwf_ifs,daily,23.167501,11.9675,16.31,11.798748,1.4904207,74.789406,0.0,21.12019641221057,2.6207908809620917
2021-04-02 00:00:00+00:00,-35.576666,-71.678888,119.0,open-meteo_ecmwf_ifs,daily,25.0175,11.367499,17.78,10.71125,2.4408839,70.74035,0.0,20.92411771524169,3.1786264322779028
2021-04-03 00:00:00+00:00,-35.576666,-71.678888,119.0,open-meteo_ecmwf_ifs,daily,25.5175,10.4675,18.94,10.021667,2.3043423,66.96627,0.0,20.72844101237038,3.2386382528868403
2021-04-04 00:00:00+00:00,-35.576666,-71.678888,119.0,open-meteo_ecmwf_ifs,daily,21.817501,10.7675,18.59,10.234164,2.9011376,70.41889,0.0,20.533238156901373,2.9753757236412484
2021-04-05 00:00:00+00:00,-35.576666,-71.678888,119.0,open-meteo_ecmwf_ifs,daily,23.7175,10.5175,16.29,10.075833,3.095279,71.84495,0.3,20.3385808970898,3.0437161060559386
2021-04-06 00:00:00+00:00,-35.576666,-71.678888,119.0,open-meteo_ecmwf_ifs,daily,24.067501,13.7175,17.05,10.707082,1.4170356,63.957397,0.0,20.1445408212124,2.8194386909613467
2021-04-07 00:00:00+00:00,-35.576666,-71.678888,119.0,open-meteo_ecmwf_ifs,daily,19.5175,12.5675,6.44,11.709165,2.240657,76.019615,0.4,19.95118930294109,1.6584600865460954
2021-04-08 00:00:00+00:00,-35.576666,-71.678888,119.0,open-meteo_ecmwf_ifs,daily,23.3675,11.9175,17.04,9.069583,1.7968224,66.98923,0.0,19.75859744712707,2.849845027026511
2021-04-09 00:00:00+00:00,-35.576666,-71.678888,119.0,open-meteo_ecmwf_ifs,daily,20.1175,10.5675,11.46,8.744582,3.4957962,70.55258,0.0,19.56683603610241,2.549886806511889
2021-04-10 00:00:00+00:00,-35.576666,-71.678888,119.0,open-meteo_ecmwf_ifs,daily,20.167501,8.2675,17.9,6.6320825,2.9864972,66.50528,0.0,19.375975476604328,2.840794582162085
2021-04-11 00:00:00+00:00,-35.576666,-71.678888,119.0,open-meteo_ecmwf_ifs,daily,25.567501,10.2175,17.94,5.9175,5.5086884,54.27586,0.0,19.186085747425686,4.603148129122572
2021-04-12 00:00:00+00:00,-35.576666,-71.678888,119.0,open-meteo_ecmwf_ifs,daily,27.067501,11.9675,16.86,10.690415,4.027168,65.478836,0.0,18.99723634789291,3.7495602959450207
2021-04-13 00:00:00+00:00,-35.576666,-71.678888,119.0,open-meteo_ecmwf_ifs,daily,26.167501,11.867499,17.14,11.392501,2.4207923,67.63845,0.0,18.809496247270182,3.031116483078902
2021-04-14 00:00:00+00:00,-35.576666,-71.678888,119.0,open-meteo_ecmwf_ifs,daily,24.6175,11.367499,14.39,12.142501,1.6936694,72.155525,0.0,18.622933835186203,2.3582235194053416
2021-04-15 00:00:00+00:00,-35.576666,-71.678888,119.0,open-meteo_ecmwf_ifs,daily,25.917501,11.5175,16.41,9.704999,2.9373758,68.36485,0.0,18.43761687317673,3.241567926594903
2021-04-16 00:00:00+00:00,-35.576666,-71.678888,119.0,open-meteo_ecmwf_ifs,daily,24.917501,11.367499,15.45,11.071666,2.449631,69.97831,0.0,18.2536124474332,2.7393833539984125
2021-04-17 00:00:00+00:00,-35.576666,-71.678888,119.0,open-meteo_ecmwf_ifs,daily,21.8675,10.867499,14.36,11.017501,2.2481966,75.061134,0.0,18.070986922844185,2.2795488454224215
2021-04-18 00:00:00+00:00,-35.576666,-71.678888,119.0,open-meteo_ecmwf_ifs,daily,23.3675,9.9675,16.08,10.759167,1.3488666,73.17265,0.2,17.889805898412995,2.2331971092979575
2021-04-19 00:00:00+00:00,-35.576666,-71.678888,119.0,open-meteo_ecmwf_ifs,daily,23.667501,9.6675,16.44,9.396665,2.3591483,69.6366,0.0,17.71013416413094,2.6197361681927167
2021-04-20 00:00:00+00:00,-35.576666,-71.678888,119.0,open-meteo_ecmwf_ifs,daily,22.5175,9.9675,14.16,9.309167,3.606882,73.725334,1.6,17.532035659381737,2.7282877047375043
2021-04-21 00:00:00+00:00,-35.576666,-71.678888,119.0,open-meteo_ecmwf_ifs,daily,16.7175,12.4175,3.03,12.188333,4.813668,85.17114,14.7,17.35557343294843,1.2142404660918658
2021-04-22 00:00:00+00:00,-35.576666,-71.678888,119.0,open-meteo_ecmwf_ifs,daily,17.4675,10.5175,6.75,11.4175,1.9589647,89.16338,0.0,17.180809604689966,1.2326490830279837
2021-04-23 00:00:00+00:00,-35.576666,-71.678888,119.0,open-meteo_ecmwf_ifs,daily,19.5175,9.4675,13.96,9.196667,1.5636702,77.375984,0.0,17.00780532894982,1.8874435161213887
2021-04-24 00:00:00+00:00,-35.576666,-71.678888,119.0,open-meteo_ecmwf_ifs,daily,20.3675,9.5175,15.53,9.527917,3.5058134,77.8726,0.0,16.836620759754656,2.3728297665609683
2021-04-25 00:00:00+00:00,-35.576666,-71.678888,119.0,open-meteo_ecmwf_ifs,daily,20.067501,9.2175,14.03,8.963332,2.506159,76.76394,0.0,16.66731501785606,2.107651844352149
2021-04-26 00:00:00+00:00,-35.576666,-71.678888,119.0,open-meteo_ecmwf_ifs,daily,20.317501,9.5175,13.53,10.034165,3.0803738,80.571754,0.0,16.499946159663512,2.0913195137897107
2021-04-27 00:00:00+00:00,-35.576666,-71.678888,119.0,open-meteo_ecmwf_ifs,daily,16.7675,7.3675003,11.5,9.000833,2.254759,85.84551,0.0,16.334571148111646,1.4550479417446227
2021-04-28 00:00:00+00:00,-35.576666,-71.678888,119.0,open-meteo_ecmwf_ifs,daily,20.667501,7.1675,13.37,9.896667,2.1521604,83.97817,0.0,16.171245825499675,1.7378335791196657
2021-04-29 00:00:00+00:00,-35.576666,-71.678888,119.0,open-meteo_ecmwf_ifs,daily,19.2175,7.6675,10.76,9.984166,1.6914676,86.67905,0.0,16.010024888335618,1.4462521756102897
2021-04-30 00:00:00+00:00,-35.576666,-71.678888,119.0,open-meteo_ecmwf_ifs,daily,18.417501,9.4175,6.07,10.461251,2.9076855,81.983475,0.3,15.850961864212444,1.3745622279475456
2021-05-01 00:00:00+00:00,-35.576666,-71.678888,119.0,open-meteo_ecmwf_ifs,daily,14.3175,12.1675,1.72,11.375833,2.3717792,89.53202,24.000002,15.69410909073796,0.810368817852607
2021-05-02 00:00:00+00:00,-35.576666,-71.678888,119.0,open-meteo_ecmwf_ifs,daily,13.617499,12.4675,1.32,11.659164,1.7636067,91.29287,56.299995,15.539517696534558,0.6755126767960281
2021-05-03 00:00:00+00:00,-35.576666,-71.678888,119.0,open-meteo_ecmwf_ifs,daily,13.367499,11.0175,2.29,10.723748,1.789094,92.30002,27.100002,15.387237584319347,0.724070403464235
2021-05-04 00:00:00+00:00,-35.576666,-71.678888,119.0,open-meteo_ecmwf_ifs,daily,18.4675,7.4675,12.85,9.494583,1.6210028,86.11402,0.5,15.23731741606957,1.4535003085805296
2021-05-05 00:00:00+00:00,-35.576666,-71.678888,119.0,open-meteo_ecmwf_ifs,daily,19.1175,7.9175,13.52,9.548749,2.1085687,83.88273,0.0,15.089804600272513,1.6087550877250782
2021-05-06 00:00:00+00:00,-35.576666,-71.678888,119.0,open-meteo_ecmwf_ifs,daily,16.917501,6.8175,12.23,8.98,2.21017,87.097115,0.0,14.944745281253237,1.3451517798435018
2021-05-07 00:00:00+00:00,-35.576666,-71.678888,119.0,open-meteo_ecmwf_ifs,daily,17.6175,7.1675,4.69,9.902917,3.3041356,88.41113,0.70000005,14.802184330567776,1.0825233851765088
2021-05-08 00:00:00+00:00,-35.576666,-71.678888,119.0,open-meteo_ecmwf_ifs,daily,17.0175,8.9175,8.91,10.209167,1.3382524,87.59147,0.0,14.662165340443707,1.137003257798239
2021-05-09 00:00:00+00:00,-35.576666,-71.678888,119.0,open-meteo_ecmwf_ifs,daily,17.067501,10.0675,12.34,9.4675,3.9194553,82.54418,0.0,14.524730619244101,1.7684106899631304
2021-05-10 00:00:00+00:00,-35.576666,-71.678888,119.0,open-meteo_ecmwf_ifs,daily,16.0175,5.1675,12.33,6.2695827,2.3343399,77.97347,0.0,14.389921188925282,1.402402798712383
2021-05-11 00:00:00+00:00,-35.576666,-71.678888,119.0,open-meteo_ecmwf_ifs,daily,16.0175,4.2675004,11.08,6.7279162,2.0763884,86.96403,0.0,14.25777678445285,1.2041979346661769
2021-05-12 00:00:00+00:00,-35.576666,-71.678888,119.0,open-meteo_ecmwf_ifs,daily,16.8675,3.2175,12.86,5.7216663,2.6429589,81.21775,0.0,14.128335855135033,1.4037146291647993
2021-05-13 00:00:00+00:00,-35.576666,-71.678888,119.0,open-meteo_ecmwf_ifs,daily,16.0175,4.8175,10.44,6.81125,1.5796412,82.55509,0.0,14.001635567826561,1.1309056882993809
2021-05-14 00:00:00+00:00,-35.576666,-71.678888,119.0,open-meteo_ecmwf_ifs,daily,14.2175,5.8675003,6.24,8.429999,1.926393,91.9512,0.0,13.877711811950917,0.813582384692103
2021-05-15 00:00:00+00:00,-35.576666,-71.678888,119.0,open-meteo_ecmwf_ifs,daily,16.7675,8.2175,10.57,8.965415,2.4164464,87.341705,0.0,13.75659920628324,1.3089373720293338
2021-05-16 00:00:00+00:00,-35.576666,-71.678888,119.0,open-meteo_ecmwf_ifs,daily,15.3175,5.6175003,10.38,7.2654157,2.252917,86.98361,0.0,13.638331107430961,1.1420222891137903
2021-05-17 00:00:00+00:00,-35.576666,-71.678888,119.0,open-meteo_ecmwf_ifs,daily,16.1175,5.2175,9.08,7.7320824,1.1830043,85.95975,0.0,13.52293961994383,0.9621999484372178
2021-05-18 00:00:00+00:00,-35.576666,-71.678888,119.0,open-meteo_ecmwf_ifs,daily,15.7175,7.0675,4.66,8.846667,3.381305,88.6008,0.0,13.410455607980365,1.016368184843833
2021-05-19 00:00:00+00:00,-35.576666,-71.678888,119.0,open-meteo_ecmwf_ifs,daily,15.117499,11.5675,4.03,10.046666,5.2362766,83.9162,8.799999,13.300908708452313,1.401167313465782
2021-05-20 00:00:00+00:00,-35.576666,-71.678888,119.0,open-meteo_ecmwf_ifs,daily,14.6675,10.0675,5.62,9.763333,1.5835975,86.61974,2.2999997,13.194327345564675,0.9103396544273581
2021-05-21 00:00:00+00:00,-35.576666,-71.678888,119.0,open-meteo_ecmwf_ifs,daily,14.367499,5.8675003,9.86,7.427917,1.7902627,88.09287,3.1,13.090738746663735,0.9688183727029266
2021-05-22 00:00:00+00:00,-35.576666,-71.678888,119.0,open-meteo_ecmwf_ifs,daily,14.6675,5.0175004,10.85,6.459167,3.176425,87.032814,0.0,12.990168959301942,1.1823016316112989
2021-05-23 00:00:00+00:00,-35.576666,-71.678888,119.0,open-meteo_ecmwf_ifs,daily,16.417501,5.3175,11.65,5.765417,3.9329484,78.001785,0.0,12.892642869424003,1.5988704045670792
2021-05-24 00:00:00+00:00,-35.576666,-71.678888,119.0,open-meteo_ecmwf_ifs,daily,16.817501,4.9175,11.38,7.6320825,2.9291995,81.82741,0.0,12.79818422057518,1.175683078281269
2021-05-25 00:00:00+00:00,-35.576666,-71.678888,119.0,open-meteo_ecmwf_ifs,daily,15.7675,8.7675,8.15,9.300834,3.485183,89.47335,0.0,12.706815634029265,1.1811017839934617
2021-05-26 00:00:00+00:00,-35.576666,-71.678888,119.0,open-meteo_ecmwf_ifs,daily,17.9675,7.7175,10.85,9.777917,2.7595356,88.702675,0.0,12.61855862973075,1.2004651961631552
2021-05-27 00:00:00+00:00,-35.576666,-71.678888,119.0,open-meteo_ecmwf_ifs,daily,14.867499,7.9675,3.35,10.602916,1.9915915,93.533325,0.0,12.533433647942898,0.6019184334578661
2021-05-28 00:00:00+00:00,-35.576666,-71.678888,119.0,open-meteo_ecmwf_ifs,daily,15.9175,9.6675,8.96,10.215415,2.1458275,84.967865,8.900001,12.45146007149115,1.0144035090217511
2021-05-29 00:00:00+00:00,-35.576666,-71.678888,119.0,open-meteo_ecmwf_ifs,daily,12.617499,7.6175003,4.88,7.625834,3.0202773,88.40934,0.0,12.372656248489434,0.8997780786517208
2021-05-30 00:00:00+00:00,-35.576666,-71.678888,119.0,open-meteo_ecmwf_ifs,daily,14.7675,3.3174999,9.78,4.5320835,2.6426153,76.828125,0.0,12.297039515435285,1.1455965281017486
2021-05-31 00:00:00+00:00,-35.576666,-71.678888,119.0,open-meteo_ecmwf_ifs,daily,17.7675,8.7675,6.48,9.427916,1.2566985,84.134315,0.1,12.224626220558676,0.9492686628764404
2021-06-01 00:00:00+00:00,-35.576666,-71.678888,119.0,open-meteo_ecmwf_ifs,daily,14.5175,12.9675,0.87,12.934166,2.7823904,95.64447,25.800001,12.1554317473089,0.5671984614704492
2021-06-02 00:00:00+00:00,-35.576666,-71.678888,119.0,open-meteo_ecmwf_ifs,daily,17.8675,11.5675,7.62,12.588334,2.3560069,91.73896,0.1,12.089470537863436,0.9836705407635249
2021-06-03 00:00:00+00:00,-35.576666,-71.678888,119.0,open-meteo_ecmwf_ifs,daily,19.2175,9.8175,7.57,11.707084,2.4958546,88.89727,0.0,12.026756116543403,1.0813604517374413
2021-06-04 00:00:00+00:00,-35.576666,-71.678888,119.0,open-meteo_ecmwf_ifs,daily,16.167501,11.2175,4.21,11.111251,2.6632917,87.55283,0.0,11.96730111302065,0.9632462436392354
2021-06-05 00:00:00+00:00,-35.576666,-71.678888,119.0,open-meteo_ecmwf_ifs,daily,13.4175,5.8675003,8.77,6.215416,3.5625565,80.569145,0.0,11.911117285203076,1.097629770563373
2021-06-06 00:00:00+00:00,-35.576666,-71.678888,119.0,open-meteo_ecmwf_ifs,daily,12.0175,4.6175003,8.29,4.5258336,1.6253948,79.64728,0.1,11.858215541686578,0.8413013249492648
2021-06-07 00:00:00+00:00,-35.576666,-71.678888,119.0,open-meteo_ecmwf_ifs,daily,15.867499,4.6675,10.39,6.763333,1.2993208,82.05142,1.7,11.808605963664144,0.8428502583495227
2021-06-08 00:00:00+00:00,-35.576666,-71.678888,119.0,open-meteo_ecmwf_ifs,daily,16.917501,5.4175,10.2,7.3404164,2.1885002,85.15325,0.0,11.762297826185879,1.0362440222909663
2021-06-09 00:00:00+00:00,-35.576666,-71.678888,119.0,open-meteo_ecmwf_ifs,daily,14.367499,9.8175,3.82,10.227916,3.1218941,90.38337,11.8,11.719299618666536,0.8091554192575537
2021-06-10 00:00:00+00:00,-35.576666,-71.678888,119.0,open-meteo_ecmwf_ifs,daily,15.7175,7.4175,8.64,8.675833,2.0617182,90.195015,0.0,11.679619064541582,0.9138105634703622
2021-06-11 00:00:00+00:00,-35.576666,-71.678888,119.0,open-meteo_ecmwf_ifs,daily,18.2175,6.8175,10.31,7.5654163,3.8756297,79.609116,0.0,11.643263139976678,1.5196529324897254
2021-06-12 00:00:00+00:00,-35.576666,-71.678888,119.0,open-meteo_ecmwf_ifs,daily,16.817501,7.1675,10.26,10.407083,2.6269217,89.711464,0.0,11.610238091540667,0.8216839146668746
2021-06-13 00:00:00+00:00,-35.576666,-71.678888,119.0,open-meteo_ecmwf_ifs,daily,14.8175,9.6675,4.61,10.875833,1.8695611,93.0651,0.0,11.580549452757165,0.6771298521843705
2021-06-14 00:00:00+00:00,-35.576666,-71.678888,119.0,open-meteo_ecmwf_ifs,daily,12.867499,6.0175004,8.85,4.0841665,4.0816407,71.233475,0.0,11.554202059455813,1.435675188591186
2021-06-15 00:00:00+00:00,-35.576666,-71.678888,119.0,open-meteo_ecmwf_ifs,daily,13.867499,5.3675003,5.81,6.7049994,2.0608585,88.903404,0.0,11.531200063850246,0.8172787374076362
2021-06-16 00:00:00+00:00,-35.576666,-71.678888,119.0,open-meteo_ecmwf_ifs,daily,16.7175,8.617499,7.99,8.91125,1.7827867,83.14469,0.8,11.5115469472764,0.9764792737176518
2021-06-17 00:00:00+00:00,-35.576666,-71.678888,119.0,open-meteo_ecmwf_ifs,daily,13.6675,6.1675,8.6,7.269584,1.3358679,88.57001,0.0,11.495245531531806,0.7350455371932939
2021-06-18 00:00:00+00:00,-35.576666,-71.678888,119.0,open-meteo_ecmwf_ifs,daily,12.2675,4.9175,6.0,6.8779163,1.0155276,92.04975,0.0,11.482297988763413,0.5933777556991582
2021-06-19 00:00:00+00:00,-35.576666,-71.678888,119.0,open-meteo_ecmwf_ifs,daily,11.7175,4.9175,6.85,6.782083,1.4649833,92.74237,0.0,11.47270584985941,0.6032691857875508
2021-06-20 00:00:00+00:00,-35.576666,-71.678888,119.0,open-meteo_ecmwf_ifs,daily,13.117499,4.3175,6.96,5.596667,2.1592867,88.743706,0.0,11.4664700113078,0.8239992411987499
2021-06-21 00:00:00+00:00,-35.576666,-71.678888,119.0,open-meteo_ecmwf_ifs,daily,14.5675,3.9175,6.16,5.1904163,2.778425,80.04864,0.3,11.463590740492808,1.0329623110601913
2021-06-22 00:00:00+00:00,-35.576666,-71.678888,119.0,open-meteo_ecmwf_ifs,daily,16.0175,5.7675004,6.51,6.990417,2.7626677,80.74855,0.0,11.464067679407938,1.073989603683721
2021-06-23 00:00:00+00:00,-35.576666,-71.678888,119.0,open-meteo_ecmwf_ifs,daily,13.0675,10.367499,2.59,8.563333,6.338852,81.19549,22.700003,11.467899846772983,1.3054555235396512
2021-06-24 00:00:00+00:00,-35.576666,-71.678888,119.0,open-meteo_ecmwf_ifs,daily,12.617499,8.0675,2.17,8.157083,3.018942,88.14563,3.9,11.47508563855033,0.7905795214792892
2021-06-25 00:00:00+00:00,-35.576666,-71.678888,119.0,open-meteo_ecmwf_ifs,daily,12.2175,7.4675,5.13,6.9737506,2.911146,82.39611,19.3,11.485622826864326,0.8998919360210317
2021-06-26 00:00:00+00:00,-35.576666,-71.678888,119.0,open-meteo_ecmwf_ifs,daily,9.8175,2.4175,10.73,2.5841665,3.7414567,80.013954,0.0,11.499508557335568,0.9495212298151605
2021-06-27 00:00:00+00:00,-35.576666,-71.678888,119.0,open-meteo_ecmwf_ifs,daily,8.367499,-0.5825,10.36,0.76124996,2.1497655,84.320114,0.0,11.516739344850212,0.6840264934748358
2021-06-28 00:00:00+00:00,-35.576666,-71.678888,119.0,open-meteo_ecmwf_ifs,daily,11.2675,-2.2325,10.16,0.42583323,1.7645243,84.678505,0.0,11.53731106779247,0.7331275962809305
2021-06-29 00:00:00+00:00,-35.576666,-71.678888,119.0,open-meteo_ecmwf_ifs,daily,12.2175,0.3675,7.61,2.16125,1.0089387,83.24627,0.0,11.561218960776122,0.6702201735481385
2021-06-30 00:00:00+00:00,-35.576666,-71.678888,119.0,open-meteo_ecmwf_ifs,daily,9.5675,1.7674999,3.11,3.8987503,1.3505195,90.22049,0.0,11.588457605918737,0.5435835899162728
2021-07-01 00:00:00+00:00,-35.576666,-71.678888,119.0,open-meteo_ecmwf_ifs,daily,13.4675,3.2175,6.96,5.865417,0.9024059,92.62122,0.6,11.619020922709527,0.6355774169775036
2021-07-02 00:00:00+00:00,-35.576666,-71.678888,119.0,open-meteo_ecmwf_ifs,daily,12.5175,3.6675,10.96,4.0987506,4.1915503,79.53829,0.0,11.652902156528818,1.1678072444116034
2021-07-03 00:00:00+00:00,-35.576666,-71.678888,119.0,open-meteo_ecmwf_ifs,daily,12.617499,3.5175,10.92,3.127917,3.2819116,72.75651,0.0,11.69009386588399,1.1928356374293994
2021-07-04 00:00:00+00:00,-35.576666,-71.678888,119.0,open-meteo_ecmwf_ifs,daily,9.8175,2.6175,6.85,4.5404167,1.3198909,94.313774,0.0,11.730587908432987,0.5776414526363884
2021-07-05 00:00:00+00:00,-35.576666,-71.678888,119.0,open-meteo_ecmwf_ifs,daily,11.0675,4.8175,8.1,5.9133334,0.911709,94.417725,0.0,11.774375425872538,0.6303119722544078
2021-07-06 00:00:00+00:00,-35.576666,-71.678888,119.0,open-meteo_ecmwf_ifs,daily,14.2675,6.0675,7.69,6.4424996,2.9592345,84.014656,0.2,11.821446827773741,1.0814981205251886
2021-07-07 00:00:00+00:00,-35.576666,-71.678888,119.0,open-meteo_ecmwf_ifs,daily,14.3175,1.9675,9.32,4.7966666,1.8352991,85.48296,0.0,11.871791774452815,0.8346010499070048
2021-07-08 00:00:00+00:00,-35.576666,-71.678888,119.0,open-meteo_ecmwf_ifs,daily,13.0675,3.6175,8.17,6.3716664,1.8672761,91.71543,0.0,11.925399158969437,0.7134674007189797
2021-07-09 00:00:00+00:00,-35.576666,-71.678888,119.0,open-meteo_ecmwf_ifs,daily,13.9175,5.7175,5.64,7.3820825,2.52803,89.87399,8.400001,11.98225708834914,0.8340421226576716
2021-07-10 00:00:00+00:00,-35.576666,-71.678888,119.0,open-meteo_ecmwf_ifs,daily,13.5675,4.3675003,11.29,4.532084,4.484388,79.149284,0.2,12.042352864130155,1.3601318141144192
2021-07-11 00:00:00+00:00,-35.576666,-71.678888,119.0,open-meteo_ecmwf_ifs,daily,11.867499,1.6675,10.51,3.019583,2.8047059,82.60185,0.0,12.105672962337875,0.9698229753906926
2021-07-12 00:00:00+00:00,-35.576666,-71.678888,119.0,open-meteo_ecmwf_ifs,daily,9.367499,0.4675,6.05,3.3549998,1.3170601,90.47638,0.0,12.172203012993135,0.5614740579381942
2021-07-13 00:00:00+00:00,-35.576666,-71.678888,119.0,open-meteo_ecmwf_ifs,daily,8.2675,2.0175,5.56,3.6945837,1.7748356,94.78916,0.0,12.241927779262314,0.5690379814733931
2021-07-14 00:00:00+00:00,-35.576666,-71.678888,119.0,open-meteo_ecmwf_ifs,daily,7.6675,1.4175,5.66,2.8654165,1.7779351,93.971565,0.0,12.314831136359164,0.5818580190003487
2021-07-15 00:00:00+00:00,-35.576666,-71.678888,119.0,open-meteo_ecmwf_ifs,daily,13.617499,1.3675,11.51,3.527917,2.9354496,87.53077,0.0,12.390896050309172,1.0753718567210886
2021-07-16 00:00:00+00:00,-35.576666,-71.678888,119.0,open-meteo_ecmwf_ifs,daily,11.9675,2.6175,6.26,4.5258336,2.0214808,88.78661,0.90000004,12.470104556688108,0.7917844252551419
2021-07-17 00:00:00+00:00,-35.576666,-71.678888,119.0,open-meteo_ecmwf_ifs,daily,12.1675,1.8675,12.03,1.22375,5.014704,69.621346,0.0,12.55243773944638,1.5814940610217085
2021-07-18 00:00:00+00:00,-35.576666,-71.678888,119.0,open-meteo_ecmwf_ifs,daily,15.7675,-0.1825,12.1,1.5695834,2.6793416,72.96209,0.0,12.637875709930581,1.3201007058170826
2021-07-19 00:00:00+00:00,-35.576666,-71.678888,119.0,open-meteo_ecmwf_ifs,daily,15.9175,2.2175,11.84,3.6466665,2.6299756,74.181694,0.0,12.726397586212975,1.30508374206651
2021-07-20 00:00:00+00:00,-35.576666,-71.678888,119.0,open-meteo_ecmwf_ifs,daily,18.2175,5.3175,11.51,7.332083,2.8970175,82.245895,0.0,12.817981472838119,1.3828949947588536
2021-07-21 00:00:00+00:00,-35.576666,-71.678888,119.0,open-meteo_ecmwf_ifs,daily,13.4175,7.2675004,7.09,9.163333,1.4493452,93.39984,0.0,12.912604441094702,0.7349721706371842
2021-07-22 00:00:00+00:00,-35.576666,-71.678888,119.0,open-meteo_ecmwf_ifs,daily,12.0175,6.4175,6.22,7.638333,1.3519281,95.07963,0.0,13.01024250991817,0.7195430009703105
2021-07-23 00:00:00+00:00,-35.576666,-71.678888,119.0,open-meteo_ecmwf_ifs,daily,14.5675,6.0175004,7.34,6.5820827,2.1576784,86.83045,0.0,13.110870627527623,1.0681407796596178
2021-07-24 00:00:00+00:00,-35.576666,-71.678888,119.0,open-meteo_ecmwf_ifs,daily,12.5175,5.4175,4.1,6.57375,3.7288516,88.09139,0.8,13.214462653897755,0.9096324375825487
2021-07-25 00:00:00+00:00,-35.576666,-71.678888,119.0,open-meteo_ecmwf_ifs,daily,12.0175,8.5675,4.36,7.5154166,4.6475797,85.222786,16.4,13.320991344163259,1.103508972263038
2021-07-26 00:00:00+00:00,-35.576666,-71.678888,119.0,open-meteo_ecmwf_ifs,daily,12.4175,7.4175,11.67,5.932083,4.005399,80.96449,3.2,13.430428333050116,1.4196011552483863
2021-07-27 00:00:00+00:00,-35.576666,-71.678888,119.0,open-meteo_ecmwf_ifs,daily,13.0675,2.7175,12.82,1.6341667,4.6265693,70.97168,0.0,13.542744120424278,1.7579815514578336
2021-07-28 00:00:00+00:00,-35.576666,-71.678888,119.0,open-meteo_ecmwf_ifs,daily,16.6175,0.9175,13.06,2.2383335,2.9316285,69.38376,0.0,13.657908058044411,1.5765600674967355
2021-07-29 00:00:00+00:00,-35.576666,-71.678888,119.0,open-meteo_ecmwf_ifs,daily,14.7675,3.0175,10.35,5.425833,1.1210614,85.17872,0.0,13.775888337601328,0.9774474963972624
2021-07-30 00:00:00+00:00,-35.576666,-71.678888,119.0,open-meteo_ecmwf_ifs,daily,11.617499,3.9175,7.55,6.3675003,1.127139,91.57423,0.0,13.896651980122169,0.7512572675262291
2021-07-31 00:00:00+00:00,-35.576666,-71.678888,119.0,open-meteo_ecmwf_ifs,daily,15.1675,5.8675003,11.18,6.4362493,3.1362617,86.801506,0.0,14.02016482681309,1.4103661906414466
2021-08-01 00:00:00+00:00,-35.576666,-71.678888,119.0,open-meteo_ecmwf_ifs,daily,15.8175,3.3174999,13.0,5.252917,2.3056958,83.55958,0.0,14.146391531409344,1.3379730450844662
2021-08-02 00:00:00+00:00,-35.576666,-71.678888,119.0,open-meteo_ecmwf_ifs,daily,18.067501,5.2675004,13.25,5.6862493,2.6328506,77.453804,0.0,14.27529555409671,1.7048115336377154
2021-08-03 00:00:00+00:00,-35.576666,-71.678888,119.0,open-meteo_ecmwf_ifs,daily,14.9675,5.4675,9.91,6.96125,2.0509338,85.39547,0.0,14.40683915706352,1.1643182354847845
2021-08-04 00:00:00+00:00,-35.576666,-71.678888,119.0,open-meteo_ecmwf_ifs,daily,13.367499,6.5175004,7.66,7.9091663,2.0748725,93.02658,0.0,14.540983401737023,0.9505110617687731
2021-08-05 00:00:00+00:00,-35.576666,-71.678888,119.0,open-meteo_ecmwf_ifs,daily,13.9675,7.3675003,7.21,7.950833,1.8960875,89.07046,0.0,14.677688147753038,1.0327328539305873
2021-08-06 00:00:00+00:00,-35.576666,-71.678888,119.0,open-meteo_ecmwf_ifs,daily,12.117499,4.6175003,6.87,6.7175,0.950063,93.02719,0.0,14.816912053702223,0.8063960386750971
2021-08-07 00:00:00+00:00,-35.576666,-71.678888,119.0,open-meteo_ecmwf_ifs,daily,13.2175,5.5175004,10.09,6.0070834,3.2122037,80.63308,0.0,14.958612579691186,1.2903113104551562
2021-08-08 00:00:00+00:00,-35.576666,-71.678888,119.0,open-meteo_ecmwf_ifs,daily,12.1675,2.1675,11.41,2.61125,1.9420887,73.06832,0.0,15.102745991751158,1.2333447534183761
2021-08-09 00:00:00+00:00,-35.576666,-71.678888,119.0,open-meteo_ecmwf_ifs,daily,13.7175,3.2675,14.26,4.832083,2.1547322,81.96275,0.0,15.24926736812163,1.346669321649554
2021-08-10 00:00:00+00:00,-35.576666,-71.678888,119.0,open-meteo_ecmwf_ifs,daily,12.6675,3.9175,10.46,4.888334,2.7816887,85.92392,0.0,15.398130607430868,1.2479267377352417
2021-08-11 00:00:00+00:00,-35.576666,-71.678888,119.0,open-meteo_ecmwf_ifs,daily,14.2175,3.3174999,12.01,5.1987505,1.4213766,85.55505,0.0,15.549288438789773,1.2232277590833607
2021-08-12 00:00:00+00:00,-35.576666,-71.678888,119.0,open-meteo_ecmwf_ifs,daily,11.6675,3.4675,8.01,5.238333,1.4343381,88.90353,0.0,15.702692433810236,0.9395533979896242
2021-08-13 00:00:00+00:00,-35.576666,-71.678888,119.0,open-meteo_ecmwf_ifs,daily,12.0175,2.5674999,9.56,5.027917,1.1753012,89.05033,0.0,15.858293020553585,0.9844666608839643
2021-08-14 00:00:00+00:00,-35.576666,-71.678888,119.0,open-meteo_ecmwf_ifs,daily,10.867499,3.3174999,8.23,5.063334,1.6036304,91.39823,0.0,16.016039499409555,0.9298956353600231
2021-08-15 00:00:00+00:00,-35.576666,-71.678888,119.0,open-meteo_ecmwf_ifs,daily,10.4675,3.9175,2.84,5.3362503,2.9150305,87.56841,0.90000004,16.175880060900607,0.750970572051144
2021-08-16 00:00:00+00:00,-35.576666,-71.678888,119.0,open-meteo_ecmwf_ifs,daily,13.0175,9.2675,3.42,8.586251,5.3871956,87.608894,26.400002,16.337761805401495,1.1672984560701627
2021-08-17 00:00:00+00:00,-35.576666,-71.678888,119.0,open-meteo_ecmwf_ifs,daily,15.0675,11.0675,3.18,10.988331,3.706317,92.40744,13.200002,16.501630764758385,1.016828459959956
2021-08-18 00:00:00+00:00,-35.576666,-71.678888,119.0,open-meteo_ecmwf_ifs,daily,13.4675,11.7675,2.11,11.323749,4.5124927,92.31364,16.0,16.66743192578701,0.7910700182127708
2021-08-19 00:00:00+00:00,-35.576666,-71.678888,119.0,open-meteo_ecmwf_ifs,daily,12.7175,8.4675,9.77,8.721666,4.001267,88.76318,22.6,16.835109255624094,1.2089468987658687
2021-08-20 00:00:00+00:00,-35.576666,-71.678888,119.0,open-meteo_ecmwf_ifs,daily,13.0675,6.3175,7.68,6.363333,1.7850815,83.01403,6.1,17.004605728901293,1.179786871719213
2021-08-21 00:00:00+00:00,-35.576666,-71.678888,119.0,open-meteo_ecmwf_ifs,daily,13.8175,8.5175,6.34,7.4341664,6.3765798,80.97934,14.300001,17.175863356706206,1.6700353211608847
2021-08-22 00:00:00+00:00,-35.576666,-71.678888,119.0,open-meteo_ecmwf_ifs,daily,13.4675,6.4175,13.12,6.03,1.8588576,80.70797,0.5,17.34882321728991,1.542387836746446
2021-08-23 00:00:00+00:00,-35.576666,-71.678888,119.0,open-meteo_ecmwf_ifs,daily,13.4175,2.9675,15.52,3.4487503,2.2205906,74.383934,0.0,17.523425488476214,1.676853265420974
2021-08-24 00:00:00+00:00,-35.576666,-71.678888,119.0,open-meteo_ecmwf_ifs,daily,13.5675,2.6175,16.73,3.1674998,2.7492216,75.21276,0.0,17.699609481722867,1.8103554077555006
2021-08-25 00:00:00+00:00,-35.576666,-71.678888,119.0,open-meteo_ecmwf_ifs,daily,12.6675,0.3675,10.0,2.5091665,2.3205364,77.20717,0.0,17.877313677780847,1.3038334285899353
2021-08-26 00:00:00+00:00,-35.576666,-71.678888,119.0,open-meteo_ecmwf_ifs,daily,13.8175,2.5175,12.47,4.5320835,1.6825768,85.70612,0.0,18.056475763893488,1.4198412911040565
2021-08-27 00:00:00+00:00,-35.576666,-71.678888,119.0,open-meteo_ecmwf_ifs,daily,13.367499,4.9175,8.85,5.3695836,1.5111122,82.975876,0.0,18.237032672473088,1.2792380964025933
2021-08-28 00:00:00+00:00,-35.576666,-71.678888,119.0,open-meteo_ecmwf_ifs,daily,18.2175,8.3175,13.88,7.4216666,1.6079451,77.22088,0.8,18.418920621188445,1.9705376881590126
2021-08-29 00:00:00+00:00,-35.576666,-71.678888,119.0,open-meteo_ecmwf_ifs,daily,19.817501,6.4675,16.49,9.025833,2.190591,83.361595,0.0,18.602075154393535,2.0839954912985257
2021-08-30 00:00:00+00:00,-35.576666,-71.678888,119.0,open-meteo_ecmwf_ifs,daily,15.0175,10.367499,7.48,9.925834,1.9985014,85.39094,0.5,18.78643118582318,1.3157487180057235
2021-08-31 00:00:00+00:00,-35.576666,-71.678888,119.0,open-meteo_ecmwf_ifs,daily,16.7175,6.2675004,16.56,8.332084,1.3996085,80.01012,0.1,18.971923042478675,1.861743885828428
2021-09-01 00:00:00+00:00,-35.576666,-71.678888,119.0,open-meteo_ecmwf_ifs,daily,18.317501,6.2675004,18.16,7.7487493,2.500385,81.20774,0.0,19.158484509622827,2.245315513279174
2021-09-02 00:00:00+00:00,-35.576666,-71.678888,119.0,open-meteo_ecmwf_ifs,daily,18.2175,5.4675,16.09,8.415416,1.4987832,83.25404,0.0,19.3460488768007,1.904704085713797
2021-09-03 00:00:00+00:00,-35.576666,-71.678888,119.0,open-meteo_ecmwf_ifs,daily,14.4675,8.2675,7.26,8.298749,2.0545552,84.65159,0.1,19.53454898479983,1.3130858261262748
2021-09-04 00:00:00+00:00,-35.576666,-71.678888,119.0,open-meteo_ecmwf_ifs,daily,17.8675,5.3675003,18.07,6.6425,1.6337056,77.191895,0.6,19.723917273460536,2.1695711420760224
2021-09-05 00:00:00+00:00,-35.576666,-71.678888,119.0,open-meteo_ecmwf_ifs,daily,17.0175,5.9175,13.24,7.2258334,1.4001604,80.401436,0.0,19.914085830245092,1.7725366972582204
2021-09-06 00:00:00+00:00,-35.576666,-71.678888,119.0,open-meteo_ecmwf_ifs,daily,14.7175,8.5175,14.48,6.838333,2.186736,78.35317,0.6,20.104986439471787,2.023594195001293
2021-09-07 00:00:00+00:00,-35.576666,-71.678888,119.0,open-meteo_ecmwf_ifs,daily,14.5175,3.6675,15.7,5.3820834,1.0884984,82.38268,0.2,20.296550632118187,1.7594842880938222
2021-09-08 00:00:00+00:00,-35.576666,-71.678888,119.0,open-meteo_ecmwf_ifs,daily,16.9675,4.5675,19.67,5.4424996,3.0429213,76.23064,0.0,20.488709736096364,2.4536846685461606
2021-09-09 00:00:00+00:00,-35.576666,-71.678888,119.0,open-meteo_ecmwf_ifs,daily,18.067501,6.2175,18.51,7.3737507,2.761159,79.19804,0.0,20.681394926900794,2.421384025505517
2021-09-10 00:00:00+00:00,-35.576666,-71.678888,119.0,open-meteo_ecmwf_ifs,daily,17.067501,7.4175,10.38,9.817497,1.7249123,89.23725,0.0,20.874537278529242,1.524917365488765
2021-09-11 00:00:00+00:00,-35.576666,-71.678888,119.0,open-meteo_ecmwf_ifs,daily,13.5175,10.867499,5.37,9.277917,6.0927544,83.25921,10.599999,21.068067814575134,1.516400258422135
2021-09-12 00:00:00+00:00,-35.576666,-71.678888,119.0,open-meteo_ecmwf_ifs,daily,12.7675,8.2675,9.0,7.763333,6.4827485,83.57695,15.300003,21.261917559389712,1.5819750937544208
2021-09-13 00:00:00+00:00,-35.576666,-71.678888,119.0,open-meteo_ecmwf_ifs,daily,12.7175,6.0675,13.43,6.250833,2.0178506,82.19157,4.2999997,21.456017589211964,1.6985293409321698
2021-09-14 00:00:00+00:00,-35.576666,-71.678888,119.0,open-meteo_ecmwf_ifs,daily,15.9675,4.6675,21.29,4.7175,3.9680288,76.30616,0.0,21.650299083163496,2.7025210232283183
2021-09-15 00:00:00+00:00,-35.576666,-71.678888,119.0,open-meteo_ecmwf_ifs,daily,17.5175,4.7675004,21.02,4.2425,3.4252033,68.50681,0.0,21.84469337400648,2.90495670799982
2021-09-16 00:00:00+00:00,-35.576666,-71.678888,119.0,open-meteo_ecmwf_ifs,daily,19.567501,6.1675,21.2,7.700834,3.4424467,75.46552,0.0,22.03913199856259,2.874942349135536
2021-09-17 00:00:00+00:00,-35.576666,-71.678888,119.0,open-meteo_ecmwf_ifs,daily,16.9675,5.4175,14.64,8.002915,2.366315,84.81863,0.0,22.233546747691683,1.9513539788718193
2021-09-18 00:00:00+00:00,-35.576666,-71.678888,119.0,open-meteo_ecmwf_ifs,daily,16.2175,4.6675,15.13,7.069584,2.3542879,80.92997,0.0,22.42786971573025,1.9655312676975765
2021-09-19 00:00:00+00:00,-35.576666,-71.678888,119.0,open-meteo_ecmwf_ifs,daily,15.5175,6.1175003,16.72,5.405,3.5204966,73.98137,0.0,22.622033349290277,2.4689030680847703
2021-09-20 00:00:00+00:00,-35.576666,-71.678888,119.0,open-meteo_ecmwf_ifs,daily,17.9675,4.7175,20.85,5.2404165,3.737938,71.074684,0.0,22.815970495321398,2.9084239960606366
2021-09-21 00:00:00+00:00,-35.576666,-71.678888,119.0,open-meteo_ecmwf_ifs,daily,18.3675,5.6175003,20.7,8.31125,3.1153443,80.49139,0.0,23.009614448340564,2.5801977939987037
2021-09-22 00:00:00+00:00,-35.576666,-71.678888,119.0,open-meteo_ecmwf_ifs,daily,16.6175,8.1675,14.75,7.6091676,1.2331398,77.55873,0.0,23.202898996735534,2.1365298193483846
2021-09-23 00:00:00+00:00,-35.576666,-71.678888,119.0,open-meteo_ecmwf_ifs,daily,20.917501,6.3675003,22.37,7.740417,3.4725285,74.1679,0.0,23.395758468051298,3.2393073329798248
2021-09-24 00:00:00+00:00,-35.576666,-71.678888,119.0,open-meteo_ecmwf_ifs,daily,23.6175,8.8175,21.85,10.940415,1.9642619,79.459816,0.0,23.588127773170523,3.230500242840248
2021-09-25 00:00:00+00:00,-35.576666,-71.678888,119.0,open-meteo_ecmwf_ifs,daily,16.6175,10.5175,13.53,8.984166,2.7197208,76.88712,0.70000005,23.779942449302617,2.3142692690006705
2021-09-26 00:00:00+00:00,-35.576666,-71.678888,119.0,open-meteo_ecmwf_ifs,daily,17.917501,7.5675,22.32,6.8279166,4.1218686,72.44353,0.0,23.97113870169882,3.2369118203557994
2021-09-27 00:00:00+00:00,-35.576666,-71.678888,119.0,open-meteo_ecmwf_ifs,daily,19.1175,5.1175003,23.93,3.9425008,4.053029,61.93898,0.0,24.161653444014092,3.6054741892150863
2021-09-28 00:00:00+00:00,-35.576666,-71.678888,119.0,open-meteo_ecmwf_ifs,daily,21.2175,4.8675003,23.69,5.98625,1.6064311,68.00174,0.0,24.351424337240626,3.1927663151724084
2021-09-29 00:00:00+00:00,-35.576666,-71.678888,119.0,open-meteo_ecmwf_ifs,daily,19.067501,6.1175003,18.67,6.3279166,2.184324,71.904655,0.0,24.540389827141148,2.7979527361558003
2021-09-30 00:00:00+00:00,-35.576666,-71.678888,119.0,open-meteo_ecmwf_ifs,daily,16.567501,8.5175,15.44,7.109167,1.307885,72.08935,2.1999998,24.72848918011466,2.3305985882923133
2021-10-01 00:00:00+00:00,-35.576666,-71.678888,119.0,open-meteo_ecmwf_ifs,daily,18.7675,5.6675,22.76,5.105,2.721922,66.579765,0.0,24.915662517431688,3.261072531248764
2021-10-02 00:00:00+00:00,-35.576666,-71.678888,119.0,open-meteo_ecmwf_ifs,daily,15.1675,6.3175,23.75,4.215417,4.3035026,65.87762,2.1,25.101850847780003,3.268923465775008
2021-10-03 00:00:00+00:00,-35.576666,-71.678888,119.0,open-meteo_ecmwf_ifs,daily,17.1175,5.0675,24.72,2.78,6.1205564,61.22136,0.0,25.286996098067448,3.847687229974574
2021-10-04 00:00:00+00:00,-35.576666,-71.678888,119.0,open-meteo_ecmwf_ifs,daily,20.0175,4.9675,23.96,5.146667,4.0329833,67.85249,0.0,25.471041142432416,3.6155217862151057
2021-10-05 00:00:00+00:00,-35.576666,-71.678888,119.0,open-meteo_ecmwf_ifs,daily,19.3675,5.4675,19.34,6.240416,3.0626585,69.46527,0.0,25.653929829418374,3.0025435732589556
2021-10-06 00:00:00+00:00,-35.576666,-71.678888,119.0,open-meteo_ecmwf_ifs,daily,21.4675,3.8174999,25.63,3.7675002,2.9646804,56.138397,0.0,25.83560700727351,3.796865485502945
2021-10-07 00:00:00+00:00,-35.576666,-71.678888,119.0,open-meteo_ecmwf_ifs,daily,21.2175,7.1675,24.61,8.121666,2.43982,67.93636,0.0,26.016018547342068,3.557930214339358
2021-10-08 00:00:00+00:00,-35.576666,-71.678888,119.0,open-meteo_ecmwf_ifs,daily,17.7675,9.6675,15.74,6.844583,2.538541,66.51149,0.4,26.195111365519512,2.864871055691755
2021-10-09 00:00:00+00:00,-35.576666,-71.678888,119.0,open-meteo_ecmwf_ifs,daily,21.317501,8.6675,23.37,8.029999,2.3911989,70.60588,0.0,26.372833441748863,3.643946745945727
2021-10-10 00:00:00+00:00,-35.576666,-71.678888,119.0,open-meteo_ecmwf_ifs,daily,20.5175,9.6675,23.32,8.51125,1.7384025,72.89983,0.0,26.54913383754152,3.5217265627915864
2021-10-11 00:00:00+00:00,-35.576666,-71.678888,119.0,open-meteo_ecmwf_ifs,daily,22.917501,8.367499,24.49,9.244583,2.7498112,72.138664,0.0,26.72396271151121,3.834700305958693
2021-10-12 00:00:00+00:00,-35.576666,-71.678888,119.0,open-meteo_ecmwf_ifs,daily,17.7175,10.4675,13.58,8.513331,4.110294,70.79144,0.2,26.8972713329157,2.8007622478379495
2021-10-13 00:00:00+00:00,-35.576666,-71.678888,119.0,open-meteo_ecmwf_ifs,daily,19.917501,10.6675,19.04,7.405,3.037113,67.58161,0.0,27.069012093206286,3.5635129566892263
2021-10-14 00:00:00+00:00,-35.576666,-71.678888,119.0,open-meteo_ecmwf_ifs,daily,15.5675,5.9675,21.2,5.0883336,3.125742,68.37287,4.5999994,27.239138515591172,2.988614261517249
2021-10-15 00:00:00+00:00,-35.576666,-71.678888,119.0,open-meteo_ecmwf_ifs,daily,17.7675,5.3175,26.65,2.4404166,4.652103,58.916996,0.0,27.40760526262417,4.102874747478179
2021-10-16 00:00:00+00:00,-35.576666,-71.678888,119.0,open-meteo_ecmwf_ifs,daily,19.7175,5.9175,26.28,4.252917,4.7132883,59.409153,0.0,27.574368141836025,4.206063503426272
2021-10-17 00:00:00+00:00,-35.576666,-71.678888,119.0,open-meteo_ecmwf_ifs,daily,21.817501,6.8675003,26.41,6.2050004,4.710671,62.435535,0.0,27.739384109431114,4.384848736100878
2021-10-18 00:00:00+00:00,-35.576666,-71.678888,119.0,open-meteo_ecmwf_ifs,daily,25.7175,7.6175003,26.09,8.1925,3.4898252,64.77531,0.0,27.90261127207793,4.560800285285361
2021-10-19 00:00:00+00:00,-35.576666,-71.678888,119.0,open-meteo_ecmwf_ifs,daily,26.9675,10.367499,25.22,10.525833,2.0612705,68.469574,0.0,28.064008886826755,4.393400138966674
2021-10-20 00:00:00+00:00,-35.576666,-71.678888,119.0,open-meteo_ecmwf_ifs,daily,21.2175,11.117499,21.43,9.215415,3.2074254,69.215485,0.2,28.22353735919375,3.839042814486667
2021-10-21 00:00:00+00:00,-35.576666,-71.678888,119.0,open-meteo_ecmwf_ifs,daily,22.6175,9.4675,22.65,8.83,2.6186779,69.82547,0.0,28.381158239455154,3.876803092268467
2021-10-22 00:00:00+00:00,-35.576666,-71.678888,119.0,open-meteo_ecmwf_ifs,daily,18.7675,8.0175,27.15,4.03,4.8972726,54.647266,0.0,28.53683421720072,4.556307671335169
2021-10-23 00:00:00+00:00,-35.576666,-71.678888,119.0,open-meteo_ecmwf_ifs,daily,20.8675,7.0675,27.32,3.2300003,5.1201844,52.845432,0.0,28.69052911419987,4.912789065141514
2021-10-24 00:00:00+00:00,-35.576666,-71.678888,119.0,open-meteo_ecmwf_ifs,daily,24.917501,8.4175,27.41,6.5924993,4.853812,57.83962,0.0,28.842207875638806,5.233938578758825
2021-10-25 00:00:00+00:00,-35.576666,-71.678888,119.0,open-meteo_ecmwf_ifs,daily,27.5175,11.1675,28.14,8.427917,6.1948323,57.168198,0.0,28.99183655979099,6.22596724877514
2021-10-26 00:00:00+00:00,-35.576666,-71.678888,119.0,open-meteo_ecmwf_ifs,daily,26.1175,10.2175,26.92,8.929999,4.1415815,58.497013,0.0,29.13938232618744,5.175810277999238
2021-10-27 00:00:00+00:00,-35.576666,-71.678888,119.0,open-meteo_ecmwf_ifs,daily,26.7675,10.8175,26.34,9.957084,2.214142,62.10655,0.0,29.28481342235693,4.702320843592476
2021-10-28 00:00:00+00:00,-35.576666,-71.678888,119.0,open-meteo_ecmwf_ifs,daily,29.2675,12.2675,28.8,7.857084,3.7839289,51.766113,0.0,29.428099169210135,6.169517780852338
2021-10-29 00:00:00+00:00,-35.576666,-71.678888,119.0,open-meteo_ecmwf_ifs,daily,28.7675,11.4675,28.0,9.1425,4.271338,56.970444,0.0,29.569209945143932,5.910411769466884
2021-10-30 00:00:00+00:00,-35.576666,-71.678888,119.0,open-meteo_ecmwf_ifs,daily,25.8675,11.9175,21.96,8.452917,4.193005,54.74666,0.0,29.708117168946305,5.056193225086054
2021-10-31 00:00:00+00:00,-35.576666,-71.678888,119.0,open-meteo_ecmwf_ifs,daily,26.317501,12.7675,22.76,10.565415,2.3369732,61.372055,0.0,29.844793281583353,4.48740575511951
2021-11-01 00:00:00+00:00,-35.576666,-71.678888,119.0,open-meteo_ecmwf_ifs,daily,24.7175,9.4675,23.86,10.021667,1.4615029,70.064476,0.0,29.979211726953288,3.9698933955234104
2021-11-02 00:00:00+00:00,-35.576666,-71.678888,119.0,open-meteo_ecmwf_ifs,daily,27.917501,9.4675,28.6,7.5987496,1.8366041,54.700897,0.0,30.11134693169332,5.006535661498926
2021-11-03 00:00:00+00:00,-35.576666,-71.678888,119.0,open-meteo_ecmwf_ifs,daily,19.9675,10.3175,17.61,8.644583,2.6138425,65.143684,1.2,30.241174284127034,3.2885548867264607
2021-11-04 00:00:00+00:00,-35.576666,-71.678888,119.0,open-meteo_ecmwf_ifs,daily,21.6175,7.4675,30.14,2.6445835,5.8696027,54.586346,0.0,30.368670112441286,5.613210922706314
2021-11-05 00:00:00+00:00,-35.576666,-71.678888,119.0,open-meteo_ecmwf_ifs,daily,26.1175,7.0675,29.58,4.257084,2.8657827,49.5883,0.0,30.49381166218147,5.266969506461107
2021-11-06 00:00:00+00:00,-35.576666,-71.678888,119.0,open-meteo_ecmwf_ifs,daily,23.167501,9.7175,29.19,7.3425,3.2228317,59.716827,0.0,30.616577073155423,5.0020100068653095
2021-11-07 00:00:00+00:00,-35.576666,-71.678888,119.0,open-meteo_ecmwf_ifs,daily,27.1175,9.6675,26.63,8.136249,3.203509,61.714386,0.0,30.736945355835214,5.175386001393639
2021-11-08 00:00:00+00:00,-35.576666,-71.678888,119.0,open-meteo_ecmwf_ifs,daily,28.567501,12.867499,29.61,8.54875,4.496815,50.27029,0.0,30.85489636734607,6.4903869042842315
2021-11-09 00:00:00+00:00,-35.576666,-71.678888,119.0,open-meteo_ecmwf_ifs,daily,27.6175,12.867499,27.24,11.6675,2.7377336,61.107513,0.0,30.970410787130895,5.211363001955232
2021-11-10 00:00:00+00:00,-35.576666,-71.678888,119.0,open-meteo_ecmwf_ifs,daily,24.167501,11.4175,23.25,9.715416,1.6515146,65.439354,0.0,31.083470092377418,4.140366223067124
2021-11-11 00:00:00+00:00,-35.576666,-71.678888,119.0,open-meteo_ecmwf_ifs,daily,24.917501,12.0175,21.39,8.369584,2.2808244,56.658573,0.0,31.194056533293377,4.362191246860293
2021-11-12 00:00:00+00:00,-35.576666,-71.678888,119.0,open-meteo_ecmwf_ifs,daily,21.7175,12.2675,14.33,9.802917,2.6577842,66.70846,0.0,31.302153108313586,3.259048425357531
2021-11-13 00:00:00+00:00,-35.576666,-71.678888,119.0,open-meteo_ecmwf_ifs,daily,20.8675,9.617499,22.38,5.396667,3.0053508,54.683517,0.0,31.407743539319977,4.271599657102345
2021-11-14 00:00:00+00:00,-35.576666,-71.678888,119.0,open-meteo_ecmwf_ifs,daily,23.667501,8.617499,28.17,4.263333,5.000244,51.20351,0.0,31.510812246953364,5.651081456257081
2021-11-15 00:00:00+00:00,-35.576666,-71.678888,119.0,open-meteo_ecmwf_ifs,daily,21.7675,9.1675,24.96,6.8216667,4.128901,62.230053,0.0,31.61134432609269,4.61917421327744
2021-11-16 00:00:00+00:00,-35.576666,-71.678888,119.0,open-meteo_ecmwf_ifs,daily,28.417501,8.0675,31.55,3.0529168,3.558478,42.843983,0.0,31.709325521574243,6.2753476709856635
2021-11-17 00:00:00+00:00,-35.576666,-71.678888,119.0,open-meteo_ecmwf_ifs,daily,29.2675,11.5675,31.18,5.9154167,3.1334038,43.803192,0.0,31.80474220421982,6.396903228551205
2021-11-18 00:00:00+00:00,-35.576666,-71.678888,119.0,open-meteo_ecmwf_ifs,daily,28.2175,12.4675,30.64,8.577916,5.003862,50.38532,0.0,31.897581347239193,6.669297293643565
2021-11-19 00:00:00+00:00,-35.576666,-71.678888,119.0,open-meteo_ecmwf_ifs,daily,29.3675,12.4675,30.5,9.767499,2.4528165,53.114002,0.0,31.987830503067933,5.888564582031371
2021-11-20 00:00:00+00:00,-35.576666,-71.678888,119.0,open-meteo_ecmwf_ifs,daily,30.1175,11.7675,30.56,10.798751,1.6578602,58.60758,0.0,32.07547778069807,5.563508522601239
2021-11-21 00:00:00+00:00,-35.576666,-71.678888,119.0,open-meteo_ecmwf_ifs,daily,31.417501,14.4675,31.7,8.236248,3.646917,44.582535,0.0,32.16051182355393,7.1661875732014035
2021-11-22 00:00:00+00:00,-35.576666,-71.678888,119.0,open-meteo_ecmwf_ifs,daily,31.1175,13.9675,31.87,8.127916,5.4028106,42.115314,0.0,32.24292178796179,7.794743857531671
2021-11-23 00:00:00+00:00,-35.576666,-71.678888,119.0,open-meteo_ecmwf_ifs,daily,27.6175,12.9675,31.68,8.717499,3.5226564,47.888218,0.0,32.3226973222571,6.335372292637887
2021-11-24 00:00:00+00:00,-35.576666,-71.678888,119.0,open-meteo_ecmwf_ifs,daily,26.2675,14.0175,17.61,10.525834,3.9539292,64.53747,0.0,32.39982854656807,4.698672220184833
2021-11-25 00:00:00+00:00,-35.576666,-71.678888,119.0,open-meteo_ecmwf_ifs,daily,29.9675,12.2675,31.38,10.069583,3.0920517,57.065083,0.0,32.47430603331064,6.258629651115192
2021-11-26 00:00:00+00:00,-35.576666,-71.678888,119.0,open-meteo_ecmwf_ifs,daily,29.5175,14.2175,31.59,9.457082,3.7814782,49.591908,0.0,32.54612078842424,6.800085056819712
2021-11-27 00:00:00+00:00,-35.576666,-71.678888,119.0,open-meteo_ecmwf_ifs,daily,24.417501,11.3175,28.63,7.127916,2.7365491,52.755505,0.2,32.61526423337381,5.325807358412638
2021-11-28 00:00:00+00:00,-35.576666,-71.678888,119.0,open-meteo_ecmwf_ifs,daily,27.9675,11.4675,32.47,3.0362499,5.3800836,39.374283,0.0,32.6817281879389,7.545681139087903
2021-11-29 00:00:00+00:00,-35.576666,-71.678888,119.0,open-meteo_ecmwf_ifs,daily,28.567501,11.3175,32.04,5.615417,4.063964,42.55221,0.0,32.74550485380599,6.814596347478953
2021-11-30 00:00:00+00:00,-35.576666,-71.678888,119.0,open-meteo_ecmwf_ifs,daily,27.567501,11.367499,30.59,9.800834,2.7978268,59.360184,0.0,32.80658679897639,5.704521375218251
2021-12-01 00:00:00+00:00,-35.576666,-71.678888,119.0,open-meteo_ecmwf_ifs,daily,26.417501,11.3175,28.98,9.109168,1.8043324,60.476166,0.0,32.86496694299768,5.172748191508797
2021-12-02 00:00:00+00:00,-35.576666,-71.678888,119.0,open-meteo_ecmwf_ifs,daily,23.8675,13.2675,15.33,8.502915,3.9208434,53.445362,0.0,32.920638543022996,4.348743270400673
2021-12-03 00:00:00+00:00,-35.576666,-71.678888,119.0,open-meteo_ecmwf_ifs,daily,26.2175,13.367499,27.08,8.973749,2.645891,53.78449,0.0,32.97359518069878,5.436617731377028
2021-12-04 00:00:00+00:00,-35.576666,-71.678888,119.0,open-meteo_ecmwf_ifs,daily,31.9675,13.7175,32.74,6.542499,3.2808826,41.635075,0.0,33.02383074987841,7.273774315882669
2021-12-05 00:00:00+00:00,-35.576666,-71.678888,119.0,open-meteo_ecmwf_ifs,daily,35.517498,16.317501,32.77,8.538333,2.7995703,38.454575,0.0,33.071339445156184,7.5955610538092495
2021-12-06 00:00:00+00:00,-35.576666,-71.678888,119.0,open-meteo_ecmwf_ifs,daily,26.8675,13.5675,31.15,11.561252,3.9131794,60.6884,0.0,33.11611575121311,6.024617864809559
2021-12-07 00:00:00+00:00,-35.576666,-71.678888,119.0,open-meteo_ecmwf_ifs,daily,26.2175,12.9175,25.28,9.704999,2.857948,61.85764,0.0,33.15815443296406,5.18411871055306
2021-12-08 00:00:00+00:00,-35.576666,-71.678888,119.0,open-meteo_ecmwf_ifs,daily,31.817501,12.9675,32.43,9.002916,2.6454673,52.579556,0.0,33.19745052649378,6.659913821813816
2021-12-09 00:00:00+00:00,-35.576666,-71.678888,119.0,open-meteo_ecmwf_ifs,daily,31.3675,15.367499,31.38,12.630001,3.0823357,56.294632,0.0,33.23399933076723,6.6465038521709525
2021-12-10 00:00:00+00:00,-35.576666,-71.678888,119.0,open-meteo_ecmwf_ifs,daily,25.667501,14.2175,26.87,12.942497,3.325256,67.06926,0.0,33.26779640009914,5.156163642638238
2021-12-11 00:00:00+00:00,-35.576666,-71.678888,119.0,open-meteo_ecmwf_ifs,daily,18.2175,15.4175,6.51,12.154999,3.209461,75.39878,4.0,33.29883753736623,2.1515082146075053
2021-12-12 00:00:00+00:00,-35.576666,-71.678888,119.0,open-meteo_ecmwf_ifs,daily,22.4675,12.5175,23.6,6.346667,2.6825638,53.056812,0.0,33.32711878794557,4.806218378519461
2021-12-13 00:00:00+00:00,-35.576666,-71.678888,119.0,open-meteo_ecmwf_ifs,daily,26.817501,10.6675,30.48,4.5091662,3.6060512,44.891705,0.0,33.352636434361926,6.3046132454975465
2021-12-14 00:00:00+00:00,-35.576666,-71.678888,119.0,open-meteo_ecmwf_ifs,daily,27.067501,10.5675,32.53,6.68,2.3914108,49.58447,0.0,33.37538699162763,5.930044884306304
2021-12-15 00:00:00+00:00,-35.576666,-71.678888,119.0,open-meteo_ecmwf_ifs,daily,30.817501,12.617499,32.41,7.038334,2.8754551,44.069683,0.0,33.395367203258886,6.753978542531286
2021-12-16 00:00:00+00:00,-35.576666,-71.678888,119.0,open-meteo_ecmwf_ifs,daily,29.2175,13.367499,32.59,8.302917,3.2761374,47.722294,0.0,33.412574037953206,6.736451241715851
2021-12-17 00:00:00+00:00,-35.576666,-71.678888,119.0,open-meteo_ecmwf_ifs,daily,28.417501,11.3175,32.99,8.209167,2.2805984,55.601536,0.0,33.427004686914266,6.081088886283936
2021-12-18 00:00:00+00:00,-35.576666,-71.678888,119.0,open-meteo_ecmwf_ifs,daily,31.9675,12.867499,33.2,7.4675,3.0888698,45.359386,0.0,33.43865656181142,7.08392921057254
2021-12-19 00:00:00+00:00,-35.576666,-71.678888,119.0,open-meteo_ecmwf_ifs,daily,34.7175,15.367499,33.3,7.607084,3.2521431,40.06548,0.0,33.447527293363194,7.823755179619378
2021-12-20 00:00:00+00:00,-35.576666,-71.678888,119.0,open-meteo_ecmwf_ifs,daily,34.317497,16.7175,33.3,8.482083,3.4973545,41.244717,0.0,33.45361473053594,8.03146851667165
2021-12-21 00:00:00+00:00,-35.576666,-71.678888,119.0,open-meteo_ecmwf_ifs,daily,34.067497,16.1175,33.54,5.9966645,4.54728,35.38714,0.0,33.45691694035071,8.752845544986162
2021-12-22 00:00:00+00:00,-35.576666,-71.678888,119.0,open-meteo_ecmwf_ifs,daily,32.1675,15.7675,32.84,8.138333,3.402342,38.51678,0.0,33.45743220829378,7.548636308041215
2021-12-23 00:00:00+00:00,-35.576666,-71.678888,119.0,open-meteo_ecmwf_ifs,daily,29.917501,12.7675,31.68,10.3175,2.9726722,55.4619,0.0,33.455159039328485,6.350384845066956
2021-12-24 00:00:00+00:00,-35.576666,-71.678888,119.0,open-meteo_ecmwf_ifs,daily,33.7175,14.5175,33.35,7.6133327,3.6161156,45.601837,0.0,33.45009615950831,7.797021015680391
2021-12-25 00:00:00+00:00,-35.576666,-71.678888,119.0,open-meteo_ecmwf_ifs,daily,34.1675,16.067501,32.83,8.513332,2.9043767,38.28999,0.0,33.44224251819367,7.5211926928869985
2021-12-26 00:00:00+00:00,-35.576666,-71.678888,119.0,open-meteo_ecmwf_ifs,daily,34.317497,17.9675,30.54,9.527916,2.523924,38.002747,0.0,33.4315972908768,7.168199694192124
2021-12-27 00:00:00+00:00,-35.576666,-71.678888,119.0,open-meteo_ecmwf_ifs,daily,35.3675,18.9675,32.51,10.138333,2.4345434,38.280426,0.0,33.41815988262165,7.532512574961533
2021-12-28 00:00:00+00:00,-35.576666,-71.678888,119.0,open-meteo_ecmwf_ifs,daily,30.417501,15.9175,31.73,12.557083,3.597257,56.171047,0.0,33.40192993212774,6.819920606467496
2021-12-29 00:00:00+00:00,-35.576666,-71.678888,119.0,open-meteo_ecmwf_ifs,daily,26.2175,14.5175,23.6,11.7925,3.7042663,63.317616,0.0,33.38290731642849,5.173367988864594
2021-12-30 00:00:00+00:00,-35.576666,-71.678888,119.0,open-meteo_ecmwf_ifs,daily,30.6175,13.867499,32.87,9.100833,3.9221313,51.651363,0.0,33.361092156236865,7.194260362323666
2021-12-31 00:00:00+00:00,-35.576666,-71.678888,119.0,open-meteo_ecmwf_ifs,daily,28.7675,13.2175,33.38,4.0425,5.1322913,36.24186,0.0,33.33648482195189,7.892672514497913
2022-01-01 00:00:00+00:00,-35.576666,-71.678888,119.0,open-meteo_ecmwf_ifs,daily,28.067501,12.617499,31.99,8.0841675,3.4211032,52.339565,0.0,33.309085940341646,6.478051523869415
2022-01-02 00:00:00+00:00,-35.576666,-71.678888,119.0,open-meteo_ecmwf_ifs,daily,27.7675,12.9175,25.66,10.955001,2.4908116,59.657787,0.1,33.27889640191825,5.178632093190142
2022-01-03 00:00:00+00:00,-35.576666,-71.678888,119.0,open-meteo_ecmwf_ifs,daily,30.4675,15.2675,28.14,12.619583,3.4170496,60.74944,0.0,33.24591736902198,6.228481129757946
2022-01-04 00:00:00+00:00,-35.576666,-71.678888,119.0,open-meteo_ecmwf_ifs,daily,30.417501,15.5675,31.45,12.138332,4.241399,58.02429,0.0,33.21015028463107,6.976066893366665
2022-01-05 00:00:00+00:00,-35.576666,-71.678888,119.0,open-meteo_ecmwf_ifs,daily,32.8675,14.867499,31.96,8.867499,3.4035685,42.41058,0.0,33.171596881914056,7.340930491424798
2022-01-06 00:00:00+00:00,-35.576666,-71.678888,119.0,open-meteo_ecmwf_ifs,daily,33.6175,14.8175,31.51,10.400832,1.9305817,47.19399,0.0,33.13025919454076,6.489412424198218
2022-01-07 00:00:00+00:00,-35.576666,-71.678888,119.0,open-meteo_ecmwf_ifs,daily,36.1175,16.817501,32.13,11.2300005,2.73841,47.13152,0.0,33.08613956776759,7.451661814366647
2022-01-08 00:00:00+00:00,-35.576666,-71.678888,119.0,open-meteo_ecmwf_ifs,daily,29.0175,17.8675,31.24,12.940415,3.4766636,50.95827,0.0,33.03924067031084,6.738229342916015
2022-01-09 00:00:00+00:00,-35.576666,-71.678888,119.0,open-meteo_ecmwf_ifs,daily,30.417501,16.2675,28.57,11.73,3.2709296,57.36798,0.0,32.989565507020814,6.454940741202978
2022-01-10 00:00:00+00:00,-35.576666,-71.678888,119.0,open-meteo_ecmwf_ifs,daily,33.317497,15.367499,30.45,12.413333,1.8870813,54.792942,0.0,32.937117432366975,6.257145694057081
2022-01-11 00:00:00+00:00,-35.576666,-71.678888,119.0,open-meteo_ecmwf_ifs,daily,34.017498,16.2675,31.19,13.044582,2.3371794,52.96665,0.0,32.88190016474234,6.69448506695527
2022-01-12 00:00:00+00:00,-35.576666,-71.678888,119.0,open-meteo_ecmwf_ifs,daily,33.2175,15.9175,31.03,11.98,2.1568906,50.624454,0.0,32.82391780159229,6.52336173212724
2022-01-13 00:00:00+00:00,-35.576666,-71.678888,119.0,open-meteo_ecmwf_ifs,daily,31.1175,15.7175,30.08,11.561249,2.3631642,54.94308,0.0,32.763174835370144,6.280744492260259
2022-01-14 00:00:00+00:00,-35.576666,-71.678888,119.0,open-meteo_ecmwf_ifs,daily,33.4175,15.2175,31.71,9.705,4.0501857,47.74921,0.0,32.69967617031844,7.636834454853021
2022-01-15 00:00:00+00:00,-35.576666,-71.678888,119.0,open-meteo_ecmwf_ifs,daily,33.1175,15.4675,26.57,13.319584,2.8640912,60.31354,0.0,32.633427140070864,6.0992660763082025
2022-01-16 00:00:00+00:00,-35.576666,-71.678888,119.0,open-meteo_ecmwf_ifs,daily,28.3675,14.867499,29.6,8.655,2.5370457,49.560944,0.0,32.56443352606643,6.095713690989739
2022-01-17 00:00:00+00:00,-35.576666,-71.678888,119.0,open-meteo_ecmwf_ifs,daily,23.167501,12.367499,24.74,5.1091666,3.2402165,49.591694,0.0,32.492701576762755,5.259023911876614
2022-01-18 00:00:00+00:00,-35.576666,-71.678888,119.0,open-meteo_ecmwf_ifs,daily,26.067501,10.867499,30.35,-0.107499994,4.6423087,32.617535,0.0,32.418238027631375,6.990384770536167
2022-01-19 00:00:00+00:00,-35.576666,-71.678888,119.0,open-meteo_ecmwf_ifs,daily,28.317501,10.7175,31.6,3.9362504,2.8797948,41.104645,0.0,32.341050121913234,6.290246986127694
2022-01-20 00:00:00+00:00,-35.576666,-71.678888,119.0,open-meteo_ecmwf_ifs,daily,28.817501,11.0175,31.86,4.188334,2.59493,42.503384,0.0,32.26114563210792,6.249885255333933
2022-01-21 00:00:00+00:00,-35.576666,-71.678888,119.0,open-meteo_ecmwf_ifs,daily,30.4675,11.7175,31.79,5.405,3.103793,43.340176,0.0,32.17853288216571,6.673015021157118
2022-01-22 00:00:00+00:00,-35.576666,-71.678888,119.0,open-meteo_ecmwf_ifs,daily,29.567501,12.1675,29.3,8.877915,2.1442192,57.549473,0.0,32.093220770346235,5.685760278475173
2022-01-23 00:00:00+00:00,-35.576666,-71.678888,119.0,open-meteo_ecmwf_ifs,daily,29.917501,12.8175,31.46,6.7550006,4.863548,47.04904,0.0,32.00521879270314,7.320760012397681
2022-01-24 00:00:00+00:00,-35.576666,-71.678888,119.0,open-meteo_ecmwf_ifs,daily,32.8675,14.867499,31.09,9.400834,4.7500534,48.120575,0.0,31.914537067149286,7.722533891327665
2022-01-25 00:00:00+00:00,-35.576666,-71.678888,119.0,open-meteo_ecmwf_ifs,daily,33.3675,14.5175,30.51,10.3133335,2.5923421,47.066772,0.0,31.821186358052138,6.573615534457438
2022-01-26 00:00:00+00:00,-35.576666,-71.678888,119.0,open-meteo_ecmwf_ifs,daily,32.6175,14.117499,30.42,10.53625,1.8733021,50.41808,0.0,31.725178101304447,6.060751592678817
2022-01-27 00:00:00+00:00,-35.576666,-71.678888,119.0,open-meteo_ecmwf_ifs,daily,30.917501,14.3175,30.16,12.1154175,2.5078351,57.147964,0.0,31.626524429810903,6.052140435275102
2022-01-28 00:00:00+00:00,-35.576666,-71.678888,119.0,open-meteo_ecmwf_ifs,daily,30.317501,13.867499,24.8,11.965415,2.0449722,61.043995,0.0,31.52523819932702,5.115361989818791
2022-01-29 00:00:00+00:00,-35.576666,-71.678888,119.0,open-meteo_ecmwf_ifs,daily,30.317501,14.3175,27.25,11.890416,2.1461565,58.8781,0.0,31.421333014582206,5.500813721390213
2022-01-30 00:00:00+00:00,-35.576666,-71.678888,119.0,open-meteo_ecmwf_ifs,daily,30.317501,14.2675,29.3,9.877917,3.269016,53.998158,0.0,31.314823255615398,6.349081150644498
2022-01-31 00:00:00+00:00,-35.576666,-71.678888,119.0,open-meteo_ecmwf_ifs,daily,31.317501,14.2175,29.87,5.911249,3.7592337,38.098457,0.0,31.20572410424755,7.12390657607892
2022-02-01 00:00:00+00:00,-35.576666,-71.678888,119.0,open-meteo_ecmwf_ifs,daily,30.9675,15.4175,29.53,7.769583,2.8150485,41.65918,0.0,31.094051570612248,6.530745365038481
2022-02-02 00:00:00+00:00,-35.576666,-71.678888,119.0,open-meteo_ecmwf_ifs,daily,28.9675,13.367499,29.33,10.7425,2.8224742,58.599247,0.0,30.979822519662267,5.794691972730504
2022-02-03 00:00:00+00:00,-35.576666,-71.678888,119.0,open-meteo_ecmwf_ifs,daily,27.8675,12.9175,28.85,11.307083,2.362191,62.060913,0.0,30.863054697567428,5.359841870392311
2022-02-04 00:00:00+00:00,-35.576666,-71.678888,119.0,open-meteo_ecmwf_ifs,daily,30.4675,13.8175,26.16,12.319583,2.0563495,60.775707,0.4,30.7437667579164,5.225957797346539
2022-02-05 00:00:00+00:00,-35.576666,-71.678888,119.0,open-meteo_ecmwf_ifs,daily,32.4675,15.7675,29.32,7.5049987,3.6965048,41.23573,0.0,30.621978287633087,7.209552913943397
2022-02-06 00:00:00+00:00,-35.576666,-71.678888,119.0,open-meteo_ecmwf_ifs,daily,36.6175,17.3675,29.25,8.057084,2.7402143,34.932713,0.0,30.49770983251678,7.174375219941774
2022-02-07 00:00:00+00:00,-35.576666,-71.678888,119.0,open-meteo_ecmwf_ifs,daily,34.9175,14.2175,28.81,10.69458,2.6287487,50.080063,0.0,30.37098292231346,6.394942976586528
2022-02-08 00:00:00+00:00,-35.576666,-71.678888,119.0,open-meteo_ecmwf_ifs,daily,36.1175,16.067501,29.24,8.454999,3.4212825,42.105965,0.0,30.24182009522503,7.420173156335943
2022-02-09 00:00:00+00:00,-35.576666,-71.678888,119.0,open-meteo_ecmwf_ifs,daily,34.1175,17.8675,28.25,10.002916,3.217839,42.55035,0.0,30.11024492176264,7.035380687165391
2022-02-10 00:00:00+00:00,-35.576666,-71.678888,119.0,open-meteo_ecmwf_ifs,daily,28.417501,14.4675,23.16,9.015416,2.0938976,48.054432,0.0,29.976282027850047,4.9337324174711075
2022-02-11 00:00:00+00:00,-35.576666,-71.678888,119.0,open-meteo_ecmwf_ifs,daily,31.667501,13.0675,28.98,1.3112499,3.2499783,28.405169,0.0,29.839957117083305,6.8259548178394915
2022-02-12 00:00:00+00:00,-35.576666,-71.678888,119.0,open-meteo_ecmwf_ifs,daily,36.8675,16.667501,28.51,3.0112503,2.1920207,25.538033,0.0,29.701296992053567,6.63702027570865
2022-02-13 00:00:00+00:00,-35.576666,-71.678888,119.0,open-meteo_ecmwf_ifs,daily,29.817501,14.0675,27.51,11.957082,3.6166694,59.87706,0.0,29.56032957464113,5.827119890464357
2022-02-14 00:00:00+00:00,-35.576666,-71.678888,119.0,open-meteo_ecmwf_ifs,daily,32.7175,13.9675,27.41,11.538334,1.6862011,60.794834,0.0,29.417083925189928,5.381091515005062
2022-02-15 00:00:00+00:00,-35.576666,-71.678888,119.0,open-meteo_ecmwf_ifs,daily,29.817501,13.7675,27.26,11.084167,2.0444226,57.008755,0.0,29.271590260473825,5.266945758675057
2022-02-16 00:00:00+00:00,-35.576666,-71.678888,119.0,open-meteo_ecmwf_ifs,daily,33.1175,13.2675,27.86,8.965417,3.1984513,51.740574,0.0,29.123879970368154,6.314176150681384
2022-02-17 00:00:00+00:00,-35.576666,-71.678888,119.0,open-meteo_ecmwf_ifs,daily,34.2175,15.8175,28.02,7.180001,3.457856,37.49144,0.0,28.97398563314238,7.046172822975967
2022-02-18 00:00:00+00:00,-35.576666,-71.678888,119.0,open-meteo_ecmwf_ifs,daily,31.917501,14.9175,27.86,3.1445837,3.663476,29.626862,0.0,28.82194102929299,7.047386519685545
2022-02-19 00:00:00+00:00,-35.576666,-71.678888,119.0,open-meteo_ecmwf_ifs,daily,30.4675,15.2675,27.16,7.0258336,3.5541642,41.152878,0.0,28.667781153838693,6.486432258104289
2022-02-20 00:00:00+00:00,-35.576666,-71.678888,119.0,open-meteo_ecmwf_ifs,daily,29.3675,14.4675,23.09,10.21125,3.4938953,55.33865,0.0,28.511542227003805,5.470764167835853
2022-02-21 00:00:00+00:00,-35.576666,-71.678888,119.0,open-meteo_ecmwf_ifs,daily,28.067501,14.7175,23.69,8.140417,2.975394,47.907608,0.0,28.353261703219577,5.378726913806749
2022-02-22 00:00:00+00:00,-35.576666,-71.678888,119.0,open-meteo_ecmwf_ifs,daily,26.6175,13.2675,24.45,9.192499,3.2587748,56.527615,0.0,28.19297827837718,5.106933986643302
2022-02-23 00:00:00+00:00,-35.576666,-71.678888,119.0,open-meteo_ecmwf_ifs,daily,22.7675,13.5675,16.39,11.234165,3.4098585,68.1383,7.1,28.030731895270996,3.60923475136688
2022-02-24 00:00:00+00:00,-35.576666,-71.678888,119.0,open-meteo_ecmwf_ifs,daily,26.2675,13.5675,24.56,11.413333,2.5140026,69.12574,0.90000004,27.866563747175086,4.621130654070059
2022-02-25 00:00:00+00:00,-35.576666,-71.678888,119.0,open-meteo_ecmwf_ifs,daily,28.817501,12.5675,25.74,10.679999,2.4869063,62.712204,0.0,27.70051627950107,4.9607802039840205
2022-02-26 00:00:00+00:00,-35.576666,-71.678888,119.0,open-meteo_ecmwf_ifs,daily,28.817501,12.0675,23.12,10.940417,2.3554938,64.1475,0.0,27.532633189490426,4.5499472969756
2022-02-27 00:00:00+00:00,-35.576666,-71.678888,119.0,open-meteo_ecmwf_ifs,daily,26.3675,13.0175,25.78,9.115417,4.460801,57.870514,0.0,27.36295942390016,5.493777609709779
2022-02-28 00:00:00+00:00,-35.576666,-71.678888,119.0,open-meteo_ecmwf_ifs,daily,27.417501,11.9675,26.51,5.01125,6.8282905,44.17155,0.0,27.19154117464558,6.920171940098923
2022-03-01 00:00:00+00:00,-35.576666,-71.678888,119.0,open-meteo_ecmwf_ifs,daily,29.0175,11.9675,25.2,5.3383336,6.2318177,42.749165,0.0,27.018425872370212,6.861163539014508
2022-03-02 00:00:00+00:00,-35.576666,-71.678888,119.0,open-meteo_ecmwf_ifs,daily,32.267498,15.8175,24.63,10.982082,4.81316,50.628574,0.0,26.843662177918468,6.59183930259186
2022-03-03 00:00:00+00:00,-35.576666,-71.678888,119.0,open-meteo_ecmwf_ifs,daily,29.7175,15.3175,23.37,13.102917,3.317838,60.52696,0.0,26.667299971692508,5.112570204513752
2022-03-04 00:00:00+00:00,-35.576666,-71.678888,119.0,open-meteo_ecmwf_ifs,daily,28.917501,15.3175,24.51,10.623749,3.3535945,55.454544,0.0,26.489390340880778,5.42466704748309
2022-03-05 00:00:00+00:00,-35.576666,-71.678888,119.0,open-meteo_ecmwf_ifs,daily,28.2675,12.4175,25.37,3.475834,4.312169,38.598274,0.0,26.309985564551923,6.200779870333486
2022-03-06 00:00:00+00:00,-35.576666,-71.678888,119.0,open-meteo_ecmwf_ifs,daily,24.7175,13.9175,19.96,6.350834,3.0654414,47.740524,0.2,26.129139096613578,4.631411047623814
2022-03-07 00:00:00+00:00,-35.576666,-71.678888,119.0,open-meteo_ecmwf_ifs,daily,28.0175,12.4175,24.84,8.746666,2.8151853,59.042408,0.0,25.94690554664178,4.926156121738015
2022-03-08 00:00:00+00:00,-35.576666,-71.678888,119.0,open-meteo_ecmwf_ifs,daily,26.317501,11.3175,24.03,8.623749,2.1649785,56.94623,0.0,25.76334065859289,4.307979371342692
2022-03-09 00:00:00+00:00,-35.576666,-71.678888,119.0,open-meteo_ecmwf_ifs,daily,27.317501,14.0675,21.11,7.6654153,4.6623197,54.431454,0.0,25.578501287415808,5.573781584565778
2022-03-10 00:00:00+00:00,-35.576666,-71.678888,119.0,open-meteo_ecmwf_ifs,daily,28.667501,11.5175,23.93,5.534167,5.4053097,44.92348,0.0,25.392445373588373,6.1801040309771444
2022-03-11 00:00:00+00:00,-35.576666,-71.678888,119.0,open-meteo_ecmwf_ifs,daily,31.667501,12.0175,23.57,9.379999,2.480469,52.797318,0.0,25.205231915607783,4.874904944062282
2022-03-12 00:00:00+00:00,-35.576666,-71.678888,119.0,open-meteo_ecmwf_ifs,daily,31.167501,12.2175,23.1,10.623749,2.0337512,56.838867,0.0,25.016920940470605,4.486731650963552
2022-03-13 00:00:00+00:00,-35.576666,-71.678888,119.0,open-meteo_ecmwf_ifs,daily,32.6175,14.367499,22.56,11.100834,2.1548193,54.016834,0.0,24.827573472183776,4.763599699548031
2022-03-14 00:00:00+00:00,-35.576666,-71.678888,119.0,open-meteo_ecmwf_ifs,daily,32.1675,14.2175,22.89,9.163333,2.4135692,45.057423,0.0,24.6372514983535,4.990296842902875
2022-03-15 00:00:00+00:00,-35.576666,-71.678888,119.0,open-meteo_ecmwf_ifs,daily,29.2175,14.7175,22.44,10.182082,2.6141145,48.347446,0.0,24.446017934904575,4.7391757023349745
2022-03-16 00:00:00+00:00,-35.576666,-71.678888,119.0,open-meteo_ecmwf_ifs,daily,27.2675,12.8175,21.45,12.113331,2.1093385,66.332245,0.0,24.253936588987592,3.8928385648529162
2022-03-17 00:00:00+00:00,-35.576666,-71.678888,119.0,open-meteo_ecmwf_ifs,daily,26.2175,13.1675,21.96,9.634166,3.4379807,58.59876,0.0,24.06107212013698,4.540443302507487
2022-03-18 00:00:00+00:00,-35.576666,-71.678888,119.0,open-meteo_ecmwf_ifs,daily,28.0175,10.5675,22.65,2.3674996,3.8947365,38.426064,0.0,23.867489999747544,5.419778319428561
2022-03-19 00:00:00+00:00,-35.576666,-71.678888,119.0,open-meteo_ecmwf_ifs,daily,30.7175,14.5675,20.49,1.8362504,2.643133,32.740032,0.0,23.673256468941727,5.1302633380842995
2022-03-20 00:00:00+00:00,-35.576666,-71.678888,119.0,open-meteo_ecmwf_ifs,daily,26.567501,13.5675,13.49,0.27999985,2.3308835,28.208345,0.0,23.47843849490461,4.056966943534437
2022-03-21 00:00:00+00:00,-35.576666,-71.678888,119.0,open-meteo_ecmwf_ifs,daily,24.6175,12.617499,19.25,6.8320827,2.3031185,51.713196,0.0,23.283103725767546,3.839194420259003
2022-03-22 00:00:00+00:00,-35.576666,-71.678888,119.0,open-meteo_ecmwf_ifs,daily,26.667501,11.1675,21.69,7.4279175,3.8107026,55.152752,0.0,23.087320444125538,4.644731465712086
2022-03-23 00:00:00+00:00,-35.576666,-71.678888,119.0,open-meteo_ecmwf_ifs,daily,18.3675,10.5175,12.32,7.2925,3.0997536,65.672066,2.7,22.891157519277098,2.6788228954750877
2022-03-24 00:00:00+00:00,-35.576666,-71.678888,119.0,open-meteo_ecmwf_ifs,daily,23.7175,8.9175,21.48,2.7966669,6.6342015,46.094326,0.0,22.69468435827871,5.378068217243217
2022-03-25 00:00:00+00:00,-35.576666,-71.678888,119.0,open-meteo_ecmwf_ifs,daily,28.5175,9.5175,19.59,6.273751,2.616006,53.67779,0.0,22.49797085590935,4.059328427330761
2022-03-26 00:00:00+00:00,-35.576666,-71.678888,119.0,open-meteo_ecmwf_ifs,daily,21.7175,10.4175,18.19,8.486249,3.3086348,63.471237,0.0,22.301087343643164,3.335000293939731
2022-03-27 00:00:00+00:00,-35.576666,-71.678888,119.0,open-meteo_ecmwf_ifs,daily,25.417501,10.6675,19.45,8.638333,3.5419767,65.588905,0.0,22.1041045377313,3.9380881478855985
2022-03-28 00:00:00+00:00,-35.576666,-71.678888,119.0,open-meteo_ecmwf_ifs,daily,23.8675,9.5175,20.3,6.6716676,2.955953,56.104603,0.0,21.907093486495786,3.7097596222899067
2022-03-29 00:00:00+00:00,-35.576666,-71.678888,119.0,open-meteo_ecmwf_ifs,daily,20.917501,11.7675,19.65,5.5404162,5.537214,57.363758,0.0,21.710125516940877,4.475439317551971
2022-03-30 00:00:00+00:00,-35.576666,-71.678888,119.0,open-meteo_ecmwf_ifs,daily,23.7175,8.4175,20.25,-0.47416672,6.1098094,38.277813,0.0,21.51327218078823,5.447611859204167
2022-03-31 00:00:00+00:00,-35.576666,-71.678888,119.0,open-meteo_ecmwf_ifs,daily,25.9675,7.7175,19.77,2.984167,3.5108774,49.299545,0.0,21.316605200044542,4.219600273547527
2022-04-01 00:00:00+00:00,-35.576666,-71.678888,119.0,open-meteo_ecmwf_ifs,daily,26.2675,9.2175,18.99,5.475834,3.093378,53.291218,0.0,21.12019641221057,3.9369635335502684
2022-04-02 00:00:00+00:00,-35.576666,-71.678888,119.0,open-meteo_ecmwf_ifs,daily,25.8675,11.4675,17.35,9.459166,3.234907,62.912853,0.0,20.92411771524169,3.640513126303124
2022-04-03 00:00:00+00:00,-35.576666,-71.678888,119.0,open-meteo_ecmwf_ifs,daily,21.6175,10.4175,18.86,4.4591665,5.3416424,52.488617,0.2,20.72844101237038,4.382368801475419
2022-04-04 00:00:00+00:00,-35.576666,-71.678888,119.0,open-meteo_ecmwf_ifs,daily,24.667501,7.5675,19.03,2.2320836,4.3602767,47.01443,0.0,20.533238156901373,4.366218634043439
2022-04-05 00:00:00+00:00,-35.576666,-71.678888,119.0,open-meteo_ecmwf_ifs,daily,26.317501,8.8175,18.53,6.67375,2.834465,58.03734,0.0,20.3385808970898,3.583603349150396
2022-04-06 00:00:00+00:00,-35.576666,-71.678888,119.0,open-meteo_ecmwf_ifs,daily,26.7175,11.6675,16.78,9.93,2.7094986,64.355896,0.0,20.1445408212124,3.406333610590303
2022-04-07 00:00:00+00:00,-35.576666,-71.678888,119.0,open-meteo_ecmwf_ifs,daily,26.417501,11.4175,17.54,9.296666,3.1265182,59.320263,0.0,19.95118930294109,3.611128066043543
2022-04-08 00:00:00+00:00,-35.576666,-71.678888,119.0,open-meteo_ecmwf_ifs,daily,25.317501,11.7175,14.27,11.202916,2.5238516,71.64156,0.0,19.75859744712707,2.854747134951197
2022-04-09 00:00:00+00:00,-35.576666,-71.678888,119.0,open-meteo_ecmwf_ifs,daily,22.6175,9.9675,13.82,8.840415,1.5630981,69.30507,0.0,19.56683603610241,2.343920139943513
2022-04-10 00:00:00+00:00,-35.576666,-71.678888,119.0,open-meteo_ecmwf_ifs,daily,19.817501,11.5175,11.5,8.3425,2.1831849,67.3747,0.5,19.375975476604328,2.3188250032005095
2022-04-11 00:00:00+00:00,-35.576666,-71.678888,119.0,open-meteo_ecmwf_ifs,daily,20.5175,7.1675,16.94,3.8216667,3.607381,59.982334,0.0,19.186085747425686,3.1822547908652825
2022-04-12 00:00:00+00:00,-35.576666,-71.678888,119.0,open-meteo_ecmwf_ifs,daily,21.2675,9.4675,15.2,3.8175,5.0767403,52.80045,0.0,18.99723634789291,3.9117031693946247
2022-04-13 00:00:00+00:00,-35.576666,-71.678888,119.0,open-meteo_ecmwf_ifs,daily,23.2175,7.7175,17.37,2.27375,4.6648507,47.723877,0.0,18.809496247270182,4.08517102186871
2022-04-14 00:00:00+00:00,-35.576666,-71.678888,119.0,open-meteo_ecmwf_ifs,daily,24.2175,7.4675,16.25,6.8299985,2.2300675,64.8031,0.0,18.622933835186203,2.7324375217870602
2022-04-15 00:00:00+00:00,-35.576666,-71.678888,119.0,open-meteo_ecmwf_ifs,daily,19.817501,9.4175,14.16,8.37375,1.8584051,71.39896,0.0,18.43761687317673,2.1670635469167996
2022-04-16 00:00:00+00:00,-35.576666,-71.678888,119.0,open-meteo_ecmwf_ifs,daily,21.7175,8.617499,13.92,8.444583,2.349932,72.4451,0.0,18.2536124474332,2.3448718268409237
2022-04-17 00:00:00+00:00,-35.576666,-71.678888,119.0,open-meteo_ecmwf_ifs,daily,23.167501,6.5675,14.81,7.619583,1.3362039,70.3043,0.0,18.070986922844185,2.1037703123542313
2022-04-18 00:00:00+00:00,-35.576666,-71.678888,119.0,open-meteo_ecmwf_ifs,daily,21.067501,8.4675,11.88,9.507082,2.133659,79.09678,0.0,17.889805898412995,1.9661411984744994
2022-04-19 00:00:00+00:00,-35.576666,-71.678888,119.0,open-meteo_ecmwf_ifs,daily,22.2175,9.3175,11.11,10.115416,1.9302937,77.62235,6.0,17.71013416413094,1.960697809791523
2022-04-20 00:00:00+00:00,-35.576666,-71.678888,119.0,open-meteo_ecmwf_ifs,daily,19.167501,10.2675,14.86,9.909165,2.6274147,76.943,10.400002,17.532035659381737,2.152049063405333
2022-04-21 00:00:00+00:00,-35.576666,-71.678888,119.0,open-meteo_ecmwf_ifs,daily,13.2675,6.9675,2.82,5.46125,2.1995537,72.00286,2.5,17.35557343294843,1.1764382033895606
2022-04-22 00:00:00+00:00,-35.576666,-71.678888,119.0,open-meteo_ecmwf_ifs,daily,16.0175,10.0675,4.52,10.315415,3.7998765,87.12384,15.6,17.180809604689966,1.247208539783773
2022-04-23 00:00:00+00:00,-35.576666,-71.678888,119.0,open-meteo_ecmwf_ifs,daily,14.367499,9.1675,2.57,11.179997,2.7776756,95.11851,12.2,17.00780532894982,0.6258378136858676
2022-04-24 00:00:00+00:00,-35.576666,-71.678888,119.0,open-meteo_ecmwf_ifs,daily,16.1175,13.2675,2.89,12.909165,5.872456,91.46586,33.6,16.836620759754656,1.0771661211672254
2022-04-25 00:00:00+00:00,-35.576666,-71.678888,119.0,open-meteo_ecmwf_ifs,daily,14.4175,11.2675,3.15,11.46125,1.9287748,90.461205,4.5,16.66731501785606,0.7996284997060147
2022-04-26 00:00:00+00:00,-35.576666,-71.678888,119.0,open-meteo_ecmwf_ifs,daily,14.0675,9.867499,1.42,10.8550005,5.073521,89.892006,24.800001,16.499946159663512,0.7029645598474832
2022-04-27 00:00:00+00:00,-35.576666,-71.678888,119.0,open-meteo_ecmwf_ifs,daily,15.5675,6.9175,9.35,7.730001,3.2472336,85.24066,2.6999998,16.334571148111646,1.4641392265951845
2022-04-28 00:00:00+00:00,-35.576666,-71.678888,119.0,open-meteo_ecmwf_ifs,daily,16.3675,7.0175004,14.11,6.225834,3.6412275,77.14573,0.0,16.171245825499675,2.0272850430643756
2022-04-29 00:00:00+00:00,-35.576666,-71.678888,119.0,open-meteo_ecmwf_ifs,daily,17.1175,3.9675,14.01,4.1070833,3.6474636,71.14828,0.0,16.010024888335618,2.0619452025512848
2022-04-30 00:00:00+00:00,-35.576666,-71.678888,119.0,open-meteo_ecmwf_ifs,daily,15.3175,5.0675,11.65,5.5341663,2.772968,78.10886,0.0,15.850961864212444,1.5777045469963136
2022-05-01 00:00:00+00:00,-35.576666,-71.678888,119.0,open-meteo_ecmwf_ifs,daily,15.9675,5.8175,12.92,5.9737496,3.257889,77.09902,0.0,15.69410909073796,1.7553835935951607
2022-05-02 00:00:00+00:00,-35.576666,-71.678888,119.0,open-meteo_ecmwf_ifs,daily,16.9675,7.5675,12.13,7.7175,3.815338,80.39809,0.0,15.539517696534558,1.8223376163682716
2022-05-03 00:00:00+00:00,-35.576666,-71.678888,119.0,open-meteo_ecmwf_ifs,daily,19.7675,7.7175,12.86,7.932083,3.5276,77.002,0.0,15.387237584319347,2.0995956442889794
2022-05-04 00:00:00+00:00,-35.576666,-71.678888,119.0,open-meteo_ecmwf_ifs,daily,18.067501,7.4175,11.69,9.734166,2.4105275,84.082146,0.0,15.23731741606957,1.423397053535495
2022-05-05 00:00:00+00:00,-35.576666,-71.678888,119.0,open-meteo_ecmwf_ifs,daily,15.0175,6.4175,5.46,9.232083,1.8214053,91.80893,0.0,15.089804600272513,0.836326976495603
2022-05-06 00:00:00+00:00,-35.576666,-71.678888,119.0,open-meteo_ecmwf_ifs,daily,19.417501,8.2175,12.74,9.371666,3.0580165,84.87352,0.0,14.944745281253237,1.7781020989779683
2022-05-07 00:00:00+00:00,-35.576666,-71.678888,119.0,open-meteo_ecmwf_ifs,daily,15.8175,7.4175,9.32,8.686249,2.487851,87.6762,0.0,14.802184330567776,1.2363504856189473
2022-05-08 00:00:00+00:00,-35.576666,-71.678888,119.0,open-meteo_ecmwf_ifs,daily,14.2675,6.0675,4.92,7.721666,2.1298358,91.76717,0.0,14.662165340443707,0.9184874253696551
2022-05-09 00:00:00+00:00,-35.576666,-71.678888,119.0,open-meteo_ecmwf_ifs,daily,17.567501,7.7675004,5.9,9.711249,1.7965947,89.03234,0.0,14.524730619244101,1.057860303673846
2022-05-10 00:00:00+00:00,-35.576666,-71.678888,119.0,open-meteo_ecmwf_ifs,daily,16.0175,9.9675,7.53,10.127916,2.2677543,88.63496,0.0,14.389921188925282,1.169555251480855
2022-05-11 00:00:00+00:00,-35.576666,-71.678888,119.0,open-meteo_ecmwf_ifs,daily,17.567501,7.3175,7.75,9.638333,1.6244198,84.93923,0.0,14.25777678445285,1.0744155032022784
2022-05-12 00:00:00+00:00,-35.576666,-71.678888,119.0,open-meteo_ecmwf_ifs,daily,13.7175,9.7675,1.7,9.450833,1.6276922,90.12339,14.1,14.128335855135033,0.7614659541532759
2022-05-13 00:00:00+00:00,-35.576666,-71.678888,119.0,open-meteo_ecmwf_ifs,daily,17.067501,8.0175,10.28,8.629999,3.651642,84.70984,0.1,14.001635567826561,1.5317341674941316
2022-05-14 00:00:00+00:00,-35.576666,-71.678888,119.0,open-meteo_ecmwf_ifs,daily,13.117499,6.1675,6.54,3.7841666,3.0465012,69.83425,0.0,13.877711811950917,1.480886613806147
2022-05-15 00:00:00+00:00,-35.576666,-71.678888,119.0,open-meteo_ecmwf_ifs,daily,17.067501,3.2175,8.76,5.432083,1.1294808,82.03483,0.0,13.75659920628324,1.0433270398010714
2022-05-16 00:00:00+00:00,-35.576666,-71.678888,119.0,open-meteo_ecmwf_ifs,daily,15.4675,3.1675,10.14,5.6195836,1.3636087,81.0386,0.0,13.638331107430961,1.0218664851517387
2022-05-17 00:00:00+00:00,-35.576666,-71.678888,119.0,open-meteo_ecmwf_ifs,daily,13.4675,3.8174999,7.05,6.6383324,0.83695555,88.264305,0.0,13.52293961994383,0.7589420478295443
2022-05-18 00:00:00+00:00,-35.576666,-71.678888,119.0,open-meteo_ecmwf_ifs,daily,13.3175,6.2675004,6.96,7.2341666,1.6963819,90.63555,0.0,13.410455607980365,0.8888923921085989
2022-05-19 00:00:00+00:00,-35.576666,-71.678888,119.0,open-meteo_ecmwf_ifs,daily,15.8175,8.0675,5.07,8.163333,3.7026985,83.52331,0.3,13.300908708452313,1.3086809444626841
2022-05-20 00:00:00+00:00,-35.576666,-71.678888,119.0,open-meteo_ecmwf_ifs,daily,16.167501,10.8175,8.65,9.784165,2.7340515,80.19904,15.800001,13.194327345564675,1.3210385560499005
2022-05-21 00:00:00+00:00,-35.576666,-71.678888,119.0,open-meteo_ecmwf_ifs,daily,16.2175,6.4175,10.5,7.436249,2.630663,84.02427,0.0,13.090738746663735,1.2602536664511979
2022-05-22 00:00:00+00:00,-35.576666,-71.678888,119.0,open-meteo_ecmwf_ifs,daily,11.3175,7.9175,0.76,7.5091662,2.7619603,86.57321,15.800001,12.990168959301942,0.7437096439654634
2022-05-23 00:00:00+00:00,-35.576666,-71.678888,119.0,open-meteo_ecmwf_ifs,daily,12.6675,9.617499,1.38,9.046667,2.8633738,89.14654,26.9,12.892642869424003,0.79483803678375
2022-05-24 00:00:00+00:00,-35.576666,-71.678888,119.0,open-meteo_ecmwf_ifs,daily,14.7675,7.7175,5.25,8.823749,1.3935676,87.82349,6.8,12.79818422057518,0.8103157889941771
2022-05-25 00:00:00+00:00,-35.576666,-71.678888,119.0,open-meteo_ecmwf_ifs,daily,14.3175,6.8175,10.28,7.115416,3.6883278,82.45902,2.6,12.706815634029265,1.243776454451825
2022-05-26 00:00:00+00:00,-35.576666,-71.678888,119.0,open-meteo_ecmwf_ifs,daily,10.7675,3.9175,7.7,4.5258336,2.2185802,87.12671,0.0,12.61855862973075,0.8443774018022036
2022-05-27 00:00:00+00:00,-35.576666,-71.678888,119.0,open-meteo_ecmwf_ifs,daily,9.617499,2.3174999,7.92,3.784167,1.8699366,88.17605,0.0,12.533433647942898,0.7101916124206642
2022-05-28 00:00:00+00:00,-35.576666,-71.678888,119.0,open-meteo_ecmwf_ifs,daily,8.3175,1.8175,6.36,2.5383332,2.6037219,87.72293,0.0,12.45146007149115,0.7418643802083817
2022-05-29 00:00:00+00:00,-35.576666,-71.678888,119.0,open-meteo_ecmwf_ifs,daily,9.3175,0.1675,10.84,0.7966667,2.6339555,83.27819,0.0,12.372656248489434,0.9210595827584429
2022-05-30 00:00:00+00:00,-35.576666,-71.678888,119.0,open-meteo_ecmwf_ifs,daily,7.6175003,-2.1325,9.19,0.42791665,2.0801675,88.59428,0.0,12.297039515435285,0.6378423600665205
2022-05-31 00:00:00+00:00,-35.576666,-71.678888,119.0,open-meteo_ecmwf_ifs,daily,4.6675,-2.0825,7.22,-0.71583337,1.4228169,87.85911,0.0,12.224626220558676,0.5286865793427385
2022-06-01 00:00:00+00:00,-35.576666,-71.678888,119.0,open-meteo_ecmwf_ifs,daily,8.2175,-2.3825,8.27,-1.6574999,0.78064394,83.92367,0.0,12.1554317473089,0.615312989833812
2022-06-02 00:00:00+00:00,-35.576666,-71.678888,119.0,open-meteo_ecmwf_ifs,daily,14.2675,-0.1825,9.27,1.9133334,2.4793956,76.88523,0.1,12.089470537863436,1.0756542451771742
2022-06-03 00:00:00+00:00,-35.576666,-71.678888,119.0,open-meteo_ecmwf_ifs,daily,11.2175,7.3175,1.47,7.1383324,4.03514,87.7945,35.9,12.026756116543403,0.8157605982327027
2022-06-04 00:00:00+00:00,-35.576666,-71.678888,119.0,open-meteo_ecmwf_ifs,daily,12.367499,10.2675,1.27,9.146667,4.0434685,86.67767,22.299997,11.96730111302065,0.8776315182726488
2022-06-05 00:00:00+00:00,-35.576666,-71.678888,119.0,open-meteo_ecmwf_ifs,daily,15.867499,10.2175,3.63,9.509166,3.244931,83.89121,4.5,11.911117285203076,1.1665059043224584
2022-06-06 00:00:00+00:00,-35.576666,-71.678888,119.0,open-meteo_ecmwf_ifs,daily,15.9175,4.4175,7.5,7.9779153,1.8430353,88.84086,0.0,11.858215541686578,0.7743933759055495
2022-06-07 00:00:00+00:00,-35.576666,-71.678888,119.0,open-meteo_ecmwf_ifs,daily,15.0175,5.2675004,9.3,7.9050007,1.2894571,89.095024,0.0,11.808605963664144,0.7507264220563791
2022-06-08 00:00:00+00:00,-35.576666,-71.678888,119.0,open-meteo_ecmwf_ifs,daily,12.867499,7.5175004,3.47,8.840416,1.2216355,93.8059,0.0,11.762297826185879,0.5971914800016469
2022-06-09 00:00:00+00:00,-35.576666,-71.678888,119.0,open-meteo_ecmwf_ifs,daily,14.9675,4.7675004,9.49,7.192501,3.3598404,88.77836,0.0,11.719299618666536,0.954000263613802
2022-06-10 00:00:00+00:00,-35.576666,-71.678888,119.0,open-meteo_ecmwf_ifs,daily,13.4175,1.9675,10.32,3.1841662,2.2022536,76.328354,0.0,11.679619064541582,0.9570312899546272
2022-06-11 00:00:00+00:00,-35.576666,-71.678888,119.0,open-meteo_ecmwf_ifs,daily,13.5675,1.1675,8.32,3.2654169,1.5774494,86.12778,0.0,11.643263139976678,0.8047720510032381
2022-06-12 00:00:00+00:00,-35.576666,-71.678888,119.0,open-meteo_ecmwf_ifs,daily,10.617499,5.0675,5.77,6.3695836,1.5693756,92.82133,0.0,11.610238091540667,0.5920433828892336
2022-06-13 00:00:00+00:00,-35.576666,-71.678888,119.0,open-meteo_ecmwf_ifs,daily,10.9675,6.4175,3.92,6.7279167,1.3680824,93.19158,0.0,11.580549452757165,0.6260541818007318
2022-06-14 00:00:00+00:00,-35.576666,-71.678888,119.0,open-meteo_ecmwf_ifs,daily,14.1675,3.4675,6.06,5.7779174,2.333991,87.69228,5.7,11.554202059455813,0.8401846129045172
2022-06-15 00:00:00+00:00,-35.576666,-71.678888,119.0,open-meteo_ecmwf_ifs,daily,13.8175,5.8175,7.77,6.9862504,1.2720424,86.27646,3.6999993,11.531200063850246,0.7346239454837212
2022-06-16 00:00:00+00:00,-35.576666,-71.678888,119.0,open-meteo_ecmwf_ifs,daily,10.617499,5.1175003,4.65,6.4320836,1.8947392,93.06289,0.0,11.5115469472764,0.5859193412462818
2022-06-17 00:00:00+00:00,-35.576666,-71.678888,119.0,open-meteo_ecmwf_ifs,daily,13.8175,2.3174999,9.08,4.7508335,2.4305146,89.24149,0.0,11.495245531531806,0.861649943533673
2022-06-18 00:00:00+00:00,-35.576666,-71.678888,119.0,open-meteo_ecmwf_ifs,daily,10.7175,3.5674999,6.4,5.9883347,2.2845123,88.18229,0.0,11.482297988763413,0.5565294805010541
2022-06-19 00:00:00+00:00,-35.576666,-71.678888,119.0,open-meteo_ecmwf_ifs,daily,9.8175,4.6675,2.66,5.659167,0.94376,90.48807,0.0,11.47270584985941,0.5309079434890723
2022-06-20 00:00:00+00:00,-35.576666,-71.678888,119.0,open-meteo_ecmwf_ifs,daily,10.7675,4.5675,4.56,6.121666,1.096254,93.55277,0.0,11.4664700113078,0.5560308662377799
2022-06-21 00:00:00+00:00,-35.576666,-71.678888,119.0,open-meteo_ecmwf_ifs,daily,14.9675,4.5175004,7.84,5.921667,1.9634367,84.33895,0.0,11.463590740492808,0.9040581297813121
2022-06-22 00:00:00+00:00,-35.576666,-71.678888,119.0,open-meteo_ecmwf_ifs,daily,11.617499,4.6175003,2.81,6.388334,2.0378656,88.03297,3.6,11.464067679407938,0.6173877289881889
2022-06-23 00:00:00+00:00,-35.576666,-71.678888,119.0,open-meteo_ecmwf_ifs,daily,11.867499,7.8675003,2.21,7.0966663,6.2089176,81.07288,21.199997,11.467899846772983,1.1076381489173048
2022-06-24 00:00:00+00:00,-35.576666,-71.678888,119.0,open-meteo_ecmwf_ifs,daily,15.1675,7.9675,8.25,7.3779163,2.2262256,79.3011,3.0,11.47508563855033,1.0556993347170425
2022-06-25 00:00:00+00:00,-35.576666,-71.678888,119.0,open-meteo_ecmwf_ifs,daily,13.367499,6.4175,7.85,6.494583,1.8071798,85.937294,1.0,11.485622826864326,0.8491323469324549
2022-06-26 00:00:00+00:00,-35.576666,-71.678888,119.0,open-meteo_ecmwf_ifs,daily,14.117499,2.8174999,6.42,6.3195834,1.8856959,87.21763,0.0,11.499508557335568,0.6872567767005922
2022-06-27 00:00:00+00:00,-35.576666,-71.678888,119.0,open-meteo_ecmwf_ifs,daily,12.8175,4.2675004,6.52,6.98625,1.0654129,92.06515,1.5999999,11.516739344850212,0.5922795047052284
2022-06-28 00:00:00+00:00,-35.576666,-71.678888,119.0,open-meteo_ecmwf_ifs,daily,14.117499,5.8175,5.59,7.4216666,2.2384517,85.25591,0.2,11.53731106779247,0.800978906713643
2022-06-29 00:00:00+00:00,-35.576666,-71.678888,119.0,open-meteo_ecmwf_ifs,daily,14.2675,9.2675,2.24,9.06125,2.510904,89.90395,11.599999,11.561218960776122,0.8718507723159038
2022-06-30 00:00:00+00:00,-35.576666,-71.678888,119.0,open-meteo_ecmwf_ifs,daily,10.117499,6.2675004,3.53,6.7508335,2.0946968,92.826416,0.1,11.588457605918737,0.5949861144718376
2022-07-01 00:00:00+00:00,-35.576666,-71.678888,119.0,open-meteo_ecmwf_ifs,daily,11.9675,6.9175,7.32,6.832084,3.9441483,84.04884,40.999992,11.619020922709527,0.9460347066864635
2022-07-02 00:00:00+00:00,-35.576666,-71.678888,119.0,open-meteo_ecmwf_ifs,daily,12.5675,2.7175,8.45,4.257084,2.9751863,84.22227,2.4,11.652902156528818,0.926841134477379
2022-07-03 00:00:00+00:00,-35.576666,-71.678888,119.0,open-meteo_ecmwf_ifs,daily,12.4175,2.8675,7.82,4.802917,1.7222248,80.478874,0.2,11.69009386588399,0.7383148207234291
2022-07-04 00:00:00+00:00,-35.576666,-71.678888,119.0,open-meteo_ecmwf_ifs,daily,13.8175,3.5175,8.68,5.1841674,2.1305625,82.91007,1.7,11.730587908432987,0.8861118269929527
2022-07-05 00:00:00+00:00,-35.576666,-71.678888,119.0,open-meteo_ecmwf_ifs,daily,12.1675,3.8174999,5.2,5.190417,1.9601978,88.78796,0.0,11.774375425872538,0.7598632888457091
2022-07-06 00:00:00+00:00,-35.576666,-71.678888,119.0,open-meteo_ecmwf_ifs,daily,11.9175,6.8675003,6.36,5.638334,4.0219216,79.665886,29.6,11.821446827773741,1.1694900470947935
2022-07-07 00:00:00+00:00,-35.576666,-71.678888,119.0,open-meteo_ecmwf_ifs,daily,12.0175,0.86749995,9.71,3.2779167,2.3933945,88.05125,0.0,11.871791774452815,0.8237057540801
2022-07-08 00:00:00+00:00,-35.576666,-71.678888,119.0,open-meteo_ecmwf_ifs,daily,13.2175,0.7175,8.5,3.6737502,2.560522,86.618996,0.0,11.925399158969437,0.871150579787785
2022-07-09 00:00:00+00:00,-35.576666,-71.678888,119.0,open-meteo_ecmwf_ifs,daily,10.5175,7.9675,0.91,6.6237507,6.104826,83.76679,31.500004,11.98225708834914,1.0350761087337776
2022-07-10 00:00:00+00:00,-35.576666,-71.678888,119.0,open-meteo_ecmwf_ifs,daily,10.6675,7.0675,3.96,6.509167,3.4868371,87.3451,14.099999,12.042352864130155,0.8445776253025563
2022-07-11 00:00:00+00:00,-35.576666,-71.678888,119.0,open-meteo_ecmwf_ifs,daily,11.867499,2.6175,8.21,4.794584,1.8005728,90.34256,1.1,12.105672962337875,0.7373585812506267
2022-07-12 00:00:00+00:00,-35.576666,-71.678888,119.0,open-meteo_ecmwf_ifs,daily,11.2675,4.3675003,3.14,5.4050007,1.7382969,87.239815,0.0,12.172203012993135,0.693306977138875
2022-07-13 00:00:00+00:00,-35.576666,-71.678888,119.0,open-meteo_ecmwf_ifs,daily,11.4175,5.9675,3.6,7.1216674,4.4695067,86.638054,30.1,12.241927779262314,0.7250308765493946
2022-07-14 00:00:00+00:00,-35.576666,-71.678888,119.0,open-meteo_ecmwf_ifs,daily,9.5675,1.9175,6.0,3.1925,2.9967468,89.92509,33.6,12.314831136359164,0.7787370186188666
2022-07-15 00:00:00+00:00,-35.576666,-71.678888,119.0,open-meteo_ecmwf_ifs,daily,6.4675,3.3675,2.55,3.613333,2.108875,89.79606,7.7000003,12.390896050309172,0.5260661417062933
2022-07-16 00:00:00+00:00,-35.576666,-71.678888,119.0,open-meteo_ecmwf_ifs,daily,11.4675,2.6675,9.0,3.9654162,2.0390096,85.85034,3.2,12.470104556688108,0.8526113844831951
2022-07-17 00:00:00+00:00,-35.576666,-71.678888,119.0,open-meteo_ecmwf_ifs,daily,7.8175,6.3675003,0.9,5.1966667,3.2951267,88.469185,11.000001,12.55243773944638,0.6784262038443324
2022-07-18 00:00:00+00:00,-35.576666,-71.678888,119.0,open-meteo_ecmwf_ifs,daily,13.0675,4.8175,9.73,5.857084,2.4219878,87.31069,1.7000002,12.637875709930581,0.9810362408756105
2022-07-19 00:00:00+00:00,-35.576666,-71.678888,119.0,open-meteo_ecmwf_ifs,daily,12.9675,1.7674999,11.49,3.1570835,2.475896,81.508484,0.0,12.726397586212975,1.0750961702390702
2022-07-20 00:00:00+00:00,-35.576666,-71.678888,119.0,open-meteo_ecmwf_ifs,daily,14.3175,0.51750004,8.75,4.3529167,2.503167,87.8986,0.0,12.817981472838119,0.9272377647408858
2022-07-21 00:00:00+00:00,-35.576666,-71.678888,119.0,open-meteo_ecmwf_ifs,daily,13.9675,4.1675,6.94,7.1654167,2.140772,92.99006,0.0,12.912604441094702,0.7938790496254945
2022-07-22 00:00:00+00:00,-35.576666,-71.678888,119.0,open-meteo_ecmwf_ifs,daily,16.6175,4.3675003,10.21,8.075833,1.9647962,90.99351,0.0,13.01024250991817,0.970757492942686
2022-07-23 00:00:00+00:00,-35.576666,-71.678888,119.0,open-meteo_ecmwf_ifs,daily,14.0175,9.2675,3.62,9.571666,1.4397827,91.66967,0.1,13.110870627527623,0.7604885908933534
2022-07-24 00:00:00+00:00,-35.576666,-71.678888,119.0,open-meteo_ecmwf_ifs,daily,13.117499,7.4175,3.1,8.53,2.3360407,92.36396,0.0,13.214462653897755,0.7347676045278692
2022-07-25 00:00:00+00:00,-35.576666,-71.678888,119.0,open-meteo_ecmwf_ifs,daily,15.0175,7.9175,6.25,8.107083,4.2902064,84.5064,1.2,13.320991344163259,1.2929802458899338
2022-07-26 00:00:00+00:00,-35.576666,-71.678888,119.0,open-meteo_ecmwf_ifs,daily,13.9175,9.5675,3.63,9.171666,3.8058312,86.42301,18.699999,13.430428333050116,1.0391091836033013
2022-07-27 00:00:00+00:00,-35.576666,-71.678888,119.0,open-meteo_ecmwf_ifs,daily,14.5675,6.2675004,7.87,8.16125,1.1147772,88.85012,0.3,13.542744120424278,0.8706607638369878
2022-07-28 00:00:00+00:00,-35.576666,-71.678888,119.0,open-meteo_ecmwf_ifs,daily,15.9175,4.1675,12.59,5.4716663,3.2572527,81.746666,0.0,13.657908058044411,1.4659982783770977
2022-07-29 00:00:00+00:00,-35.576666,-71.678888,119.0,open-meteo_ecmwf_ifs,daily,13.4675,2.7675,12.48,5.1820836,2.728242,83.69387,0.0,13.775888337601328,1.1089866760561335
2022-07-30 00:00:00+00:00,-35.576666,-71.678888,119.0,open-meteo_ecmwf_ifs,daily,14.2675,4.4675,6.54,6.3841662,1.5859313,88.32226,0.0,13.896651980122169,0.9200061987303253
2022-07-31 00:00:00+00:00,-35.576666,-71.678888,119.0,open-meteo_ecmwf_ifs,daily,12.867499,4.9675,6.86,7.0966663,1.351276,91.45469,0.0,14.02016482681309,0.8067094577721363
2022-08-01 00:00:00+00:00,-35.576666,-71.678888,119.0,open-meteo_ecmwf_ifs,daily,12.117499,6.0675,5.79,6.4112496,1.7692709,84.56083,0.1,14.146391531409344,0.8913084928253958
2022-08-02 00:00:00+00:00,-35.576666,-71.678888,119.0,open-meteo_ecmwf_ifs,daily,13.5675,2.6175,12.58,4.7008333,2.8099546,81.69323,0.0,14.27529555409671,1.2172129818110091
2022-08-03 00:00:00+00:00,-35.576666,-71.678888,119.0,open-meteo_ecmwf_ifs,daily,10.0175,1.2175,9.45,2.9925,2.4641235,85.21609,0.0,14.40683915706352,0.927979198463699
2022-08-04 00:00:00+00:00,-35.576666,-71.678888,119.0,open-meteo_ecmwf_ifs,daily,13.9175,1.3675,11.44,3.877917,1.9759173,84.55075,0.0,14.540983401737023,1.14779407539431
2022-08-05 00:00:00+00:00,-35.576666,-71.678888,119.0,open-meteo_ecmwf_ifs,daily,11.7175,2.9675,5.64,5.7362504,1.4598876,91.09012,0.3,14.677688147753038,0.7389574447949675
2022-08-06 00:00:00+00:00,-35.576666,-71.678888,119.0,open-meteo_ecmwf_ifs,daily,11.5675,9.6675,2.49,8.721667,4.134493,90.44973,30.0,14.816912053702223,0.8691681738747219
2022-08-07 00:00:00+00:00,-35.576666,-71.678888,119.0,open-meteo_ecmwf_ifs,daily,12.867499,8.0675,9.17,6.5508327,4.3919187,80.96018,21.9,14.958612579691186,1.5220536270041378
2022-08-08 00:00:00+00:00,-35.576666,-71.678888,119.0,open-meteo_ecmwf_ifs,daily,14.1675,4.0675,12.78,5.6008334,3.004145,85.99117,0.2,15.102745991751158,1.3768914513291135
2022-08-09 00:00:00+00:00,-35.576666,-71.678888,119.0,open-meteo_ecmwf_ifs,daily,15.5175,4.0175004,13.77,5.6716666,2.2576635,83.05578,0.0,15.24926736812163,1.4512779446659783
2022-08-10 00:00:00+00:00,-35.576666,-71.678888,119.0,open-meteo_ecmwf_ifs,daily,13.8175,2.8675,11.03,5.905,1.1911436,88.672356,0.0,15.398130607430868,1.0651149294120232
2022-08-11 00:00:00+00:00,-35.576666,-71.678888,119.0,open-meteo_ecmwf_ifs,daily,14.2175,1.9175,12.15,5.188334,1.8792782,89.39327,0.0,15.549288438789773,1.1820206188161366
2022-08-12 00:00:00+00:00,-35.576666,-71.678888,119.0,open-meteo_ecmwf_ifs,daily,14.2175,5.9175,7.67,6.8279166,3.0023606,84.59675,1.7000002,15.702692433810236,1.243508831205138
2022-08-13 00:00:00+00:00,-35.576666,-71.678888,119.0,open-meteo_ecmwf_ifs,daily,16.167501,2.9675,11.58,6.296667,2.80626,85.92605,0.0,15.858293020553585,1.364315864382591
2022-08-14 00:00:00+00:00,-35.576666,-71.678888,119.0,open-meteo_ecmwf_ifs,daily,12.2175,7.4175,4.96,7.982084,3.895609,90.80762,12.599999,16.016039499409555,0.9369181344124915
2022-08-15 00:00:00+00:00,-35.576666,-71.678888,119.0,open-meteo_ecmwf_ifs,daily,13.1675,3.8174999,10.36,4.065417,2.645517,80.24941,0.6,16.175880060900607,1.4139171426359618
2022-08-16 00:00:00+00:00,-35.576666,-71.678888,119.0,open-meteo_ecmwf_ifs,daily,10.4675,7.8675003,1.52,6.1737494,4.667517,82.84232,8.0,16.337761805401495,1.08114080963971
2022-08-17 00:00:00+00:00,-35.576666,-71.678888,119.0,open-meteo_ecmwf_ifs,daily,12.0175,2.5175,12.95,3.9529169,3.195899,82.132256,1.1,16.501630764758385,1.365617320480271
2022-08-18 00:00:00+00:00,-35.576666,-71.678888,119.0,open-meteo_ecmwf_ifs,daily,13.617499,3.0674999,15.47,3.0508335,4.5485206,76.80119,0.0,16.66743192578701,1.9359763014362976
2022-08-19 00:00:00+00:00,-35.576666,-71.678888,119.0,open-meteo_ecmwf_ifs,daily,16.3675,2.7175,13.64,5.0091662,3.5598252,76.17142,0.0,16.835109255624094,1.7543130699270841
2022-08-20 00:00:00+00:00,-35.576666,-71.678888,119.0,open-meteo_ecmwf_ifs,daily,18.6175,7.1675,14.65,8.605,3.8118715,85.01205,0.0,17.004605728901293,2.0349803054184483
2022-08-21 00:00:00+00:00,-35.576666,-71.678888,119.0,open-meteo_ecmwf_ifs,daily,18.9675,6.6175003,12.88,8.89875,1.7193645,83.06364,0.0,17.175863356706206,1.657082321960755
2022-08-22 00:00:00+00:00,-35.576666,-71.678888,119.0,open-meteo_ecmwf_ifs,daily,14.617499,7.1175003,5.89,8.9695835,1.7087373,91.68104,0.3,17.34882321728991,0.9831876551050313
2022-08-23 00:00:00+00:00,-35.576666,-71.678888,119.0,open-meteo_ecmwf_ifs,daily,14.367499,7.8675003,6.96,8.62375,1.9218875,88.13528,0.0,17.523425488476214,1.138952482463746
2022-08-24 00:00:00+00:00,-35.576666,-71.678888,119.0,open-meteo_ecmwf_ifs,daily,16.2675,6.9675,10.27,7.690417,3.3664353,82.438255,0.1,17.699609481722867,1.6753746853649811
2022-08-25 00:00:00+00:00,-35.576666,-71.678888,119.0,open-meteo_ecmwf_ifs,daily,16.567501,4.8175,15.17,6.0716667,3.4370348,81.45496,0.0,17.877313677780847,1.9731175357905335
2022-08-26 00:00:00+00:00,-35.576666,-71.678888,119.0,open-meteo_ecmwf_ifs,daily,13.1675,4.5175004,10.96,4.7862506,2.9765208,78.81113,0.0,18.056475763893488,1.5452609390536605
2022-08-27 00:00:00+00:00,-35.576666,-71.678888,119.0,open-meteo_ecmwf_ifs,daily,15.5675,4.0675,17.42,4.6841674,4.377395,76.339035,0.0,18.237032672473088,2.1971937513830313
2022-08-28 00:00:00+00:00,-35.576666,-71.678888,119.0,open-meteo_ecmwf_ifs,daily,19.817501,1.3675,17.39,4.207083,3.443696,72.07351,0.0,18.418920621188445,2.3465629670897
2022-08-29 00:00:00+00:00,-35.576666,-71.678888,119.0,open-meteo_ecmwf_ifs,daily,19.317501,5.0175004,14.07,8.715416,1.8598557,85.42342,0.0,18.602075154393535,1.768827528745763
2022-08-30 00:00:00+00:00,-35.576666,-71.678888,119.0,open-meteo_ecmwf_ifs,daily,15.117499,9.117499,8.05,8.694584,2.054027,84.51938,0.0,18.78643118582318,1.413277964786081
2022-08-31 00:00:00+00:00,-35.576666,-71.678888,119.0,open-meteo_ecmwf_ifs,daily,14.7675,8.6675,7.7,7.5800004,1.505221,79.31867,0.1,18.971923042478675,1.3799216582158977
2022-09-01 00:00:00+00:00,-35.576666,-71.678888,119.0,open-meteo_ecmwf_ifs,daily,16.167501,7.2675004,17.1,6.8487506,3.614559,76.76795,0.0,19.158484509622827,2.2956144637836338
2022-09-02 00:00:00+00:00,-35.576666,-71.678888,119.0,open-meteo_ecmwf_ifs,daily,20.567501,4.9675,18.48,5.855,4.08386,69.83688,0.0,19.3460488768007,2.851860867610248
2022-09-03 00:00:00+00:00,-35.576666,-71.678888,119.0,open-meteo_ecmwf_ifs,daily,18.1175,6.9675,16.64,7.53,2.2471192,76.79157,0.0,19.53454898479983,2.2197841374900853
2022-09-04 00:00:00+00:00,-35.576666,-71.678888,119.0,open-meteo_ecmwf_ifs,daily,17.7675,7.8175,14.12,8.807084,2.1752257,83.016914,0.0,19.723917273460536,1.969834092065033
2022-09-05 00:00:00+00:00,-35.576666,-71.678888,119.0,open-meteo_ecmwf_ifs,daily,19.317501,6.1175003,15.5,9.659166,1.2963175,85.54889,0.0,19.914085830245092,1.922924128851613
2022-09-06 00:00:00+00:00,-35.576666,-71.678888,119.0,open-meteo_ecmwf_ifs,daily,19.317501,9.7675,14.58,11.454999,1.9066477,89.064026,0.0,20.104986439471787,2.02385379979873
2022-09-07 00:00:00+00:00,-35.576666,-71.678888,119.0,open-meteo_ecmwf_ifs,daily,10.7675,7.4675,2.71,7.4216666,2.785365,87.48943,16.1,20.296550632118187,0.8112358423186813
2022-09-08 00:00:00+00:00,-35.576666,-71.678888,119.0,open-meteo_ecmwf_ifs,daily,12.7175,4.0675,14.88,3.9154165,2.0087306,78.11942,2.6,20.488709736096364,1.8051177638235538
2022-09-09 00:00:00+00:00,-35.576666,-71.678888,119.0,open-meteo_ecmwf_ifs,daily,15.5175,3.5674999,19.75,2.9175003,4.536587,69.08724,0.0,20.681394926900794,2.6908360831077833
2022-09-10 00:00:00+00:00,-35.576666,-71.678888,119.0,open-meteo_ecmwf_ifs,daily,16.5175,3.5175,17.68,5.459167,1.982356,80.00353,0.0,20.874537278529242,2.1163531481077245
2022-09-11 00:00:00+00:00,-35.576666,-71.678888,119.0,open-meteo_ecmwf_ifs,daily,14.4675,8.3175,8.36,7.002917,1.9942979,78.82691,0.2,21.068067814575134,1.5800995695593336
2022-09-12 00:00:00+00:00,-35.576666,-71.678888,119.0,open-meteo_ecmwf_ifs,daily,16.667501,4.1675,17.9,6.815417,1.7233065,81.14968,0.0,21.261917559389712,2.0893958844724434
2022-09-13 00:00:00+00:00,-35.576666,-71.678888,119.0,open-meteo_ecmwf_ifs,daily,16.817501,7.4175,16.68,7.43625,1.2470044,78.64179,0.0,21.456017589211964,2.1678889699281214
2022-09-14 00:00:00+00:00,-35.576666,-71.678888,119.0,open-meteo_ecmwf_ifs,daily,19.7175,4.6175003,20.06,7.650833,2.2445672,78.624466,0.0,21.650299083163496,2.521673191497474
2022-09-15 00:00:00+00:00,-35.576666,-71.678888,119.0,open-meteo_ecmwf_ifs,daily,17.817501,4.6175003,16.71,7.6654167,1.6366124,81.00899,0.0,21.84469337400648,2.088990570360799
2022-09-16 00:00:00+00:00,-35.576666,-71.678888,119.0,open-meteo_ecmwf_ifs,daily,14.9675,7.8675003,8.25,8.7508335,2.6904366,85.32668,0.1,22.03913199856259,1.4417211532715883
2022-09-17 00:00:00+00:00,-35.576666,-71.678888,119.0,open-meteo_ecmwf_ifs,daily,14.617499,8.2175,7.39,8.690417,3.058411,87.07873,4.8,22.233546747691683,1.415478727401002
2022-09-18 00:00:00+00:00,-35.576666,-71.678888,119.0,open-meteo_ecmwf_ifs,daily,13.2175,4.0675,20.42,4.03625,2.7383718,74.27755,1.2,22.42786971573025,2.330953254060412
2022-09-19 00:00:00+00:00,-35.576666,-71.678888,119.0,open-meteo_ecmwf_ifs,daily,14.2175,2.3174999,18.15,2.3987498,3.4656599,71.05059,0.0,22.622033349290277,2.379681002978626
2022-09-20 00:00:00+00:00,-35.576666,-71.678888,119.0,open-meteo_ecmwf_ifs,daily,12.867499,2.6675,17.94,3.621667,2.3080082,74.60868,5.1,22.815970495321398,2.058169454312319
2022-09-21 00:00:00+00:00,-35.576666,-71.678888,119.0,open-meteo_ecmwf_ifs,daily,13.7175,2.2675,18.67,3.8029175,1.2236024,79.68168,0.4,23.009614448340564,2.0892349476975305
2022-09-22 00:00:00+00:00,-35.576666,-71.678888,119.0,open-meteo_ecmwf_ifs,daily,18.5175,4.7175,21.09,5.5404167,4.2563453,74.01716,0.0,23.202898996735534,3.0227222534577556
2022-09-23 00:00:00+00:00,-35.576666,-71.678888,119.0,open-meteo_ecmwf_ifs,daily,18.5175,9.7675,12.4,8.777917,3.5737293,72.30691,0.0,23.395758468051298,2.4903509235467443
2022-09-24 00:00:00+00:00,-35.576666,-71.678888,119.0,open-meteo_ecmwf_ifs,daily,14.367499,9.2175,11.57,9.711249,1.7727507,86.590645,11.8,23.588127773170523,1.6608511904487373
2022-09-25 00:00:00+00:00,-35.576666,-71.678888,119.0,open-meteo_ecmwf_ifs,daily,16.317501,7.2675004,14.73,8.682084,1.9614114,83.19768,0.70000005,23.779942449302617,2.044747295960799
2022-09-26 00:00:00+00:00,-35.576666,-71.678888,119.0,open-meteo_ecmwf_ifs,daily,17.2175,6.3175,18.31,6.1966667,1.6911035,73.4255,0.0,23.97113870169882,2.537702967935667
2022-09-27 00:00:00+00:00,-35.576666,-71.678888,119.0,open-meteo_ecmwf_ifs,daily,20.067501,7.6675,22.6,8.894582,3.2048724,78.967285,0.0,24.161653444014092,3.1742008156887436
2022-09-28 00:00:00+00:00,-35.576666,-71.678888,119.0,open-meteo_ecmwf_ifs,daily,22.567501,7.1675,20.52,10.74875,1.0617665,79.73446,0.0,24.351424337240626,2.864027336104485
2022-09-29 00:00:00+00:00,-35.576666,-71.678888,119.0,open-meteo_ecmwf_ifs,daily,20.917501,9.7675,14.82,11.565415,1.6175879,86.3137,0.0,24.540389827141148,2.376643968199048
2022-09-30 00:00:00+00:00,-35.576666,-71.678888,119.0,open-meteo_ecmwf_ifs,daily,20.567501,10.4675,18.85,11.459167,2.7422783,82.70045,0.0,24.72848918011466,2.8976379015788494
2022-10-01 00:00:00+00:00,-35.576666,-71.678888,119.0,open-meteo_ecmwf_ifs,daily,21.0175,8.6675,19.85,10.53625,1.8981042,78.94187,0.0,24.915662517431688,2.9071605687285618
2022-10-02 00:00:00+00:00,-35.576666,-71.678888,119.0,open-meteo_ecmwf_ifs,daily,21.3675,7.2175,20.71,11.046665,1.3002208,85.312706,0.0,25.101850847780003,2.844202773654025
2022-10-03 00:00:00+00:00,-35.576666,-71.678888,119.0,open-meteo_ecmwf_ifs,daily,14.7675,9.7675,7.39,8.757083,2.8353007,82.14018,0.70000005,25.286996098067448,1.632348227795586
2022-10-04 00:00:00+00:00,-35.576666,-71.678888,119.0,open-meteo_ecmwf_ifs,daily,14.117499,10.1675,6.46,7.582083,1.1116946,76.114136,3.3999996,25.471041142432416,1.4353801754306448
2022-10-05 00:00:00+00:00,-35.576666,-71.678888,119.0,open-meteo_ecmwf_ifs,daily,18.9675,5.6675,16.91,7.3591657,2.0819356,79.37964,0.1,25.653929829418374,2.545314120374092
2022-10-06 00:00:00+00:00,-35.576666,-71.678888,119.0,open-meteo_ecmwf_ifs,daily,16.2175,7.8175,10.59,7.7237506,1.7712845,78.85163,0.0,25.83560700727351,1.8879060333290496
2022-10-07 00:00:00+00:00,-35.576666,-71.678888,119.0,open-meteo_ecmwf_ifs,daily,17.567501,8.367499,13.49,9.711249,2.149614,83.68995,5.1,26.016018547342068,2.125891483994068
2022-10-08 00:00:00+00:00,-35.576666,-71.678888,119.0,open-meteo_ecmwf_ifs,daily,16.167501,4.3675003,25.59,3.8029165,5.184071,64.86134,2.3,26.195111365519512,3.4249795945804378
2022-10-09 00:00:00+00:00,-35.576666,-71.678888,119.0,open-meteo_ecmwf_ifs,daily,20.317501,4.5175004,25.83,3.2612503,5.1324987,58.799454,0.0,26.372833441748863,4.196363460454852
2022-10-10 00:00:00+00:00,-35.576666,-71.678888,119.0,open-meteo_ecmwf_ifs,daily,19.7675,6.0675,24.22,7.5404162,1.8857578,72.21358,0.0,26.54913383754152,3.302922832581882
2022-10-11 00:00:00+00:00,-35.576666,-71.678888,119.0,open-meteo_ecmwf_ifs,daily,19.1175,7.5175004,21.43,8.2675,3.091261,74.03376,0.0,26.72396271151121,3.165130993690315
2022-10-12 00:00:00+00:00,-35.576666,-71.678888,119.0,open-meteo_ecmwf_ifs,daily,18.667501,7.4175,21.07,7.5404162,4.296574,73.740585,0.0,26.8972713329157,3.2720385865889408
2022-10-13 00:00:00+00:00,-35.576666,-71.678888,119.0,open-meteo_ecmwf_ifs,daily,18.8675,5.3175,26.13,2.996667,6.354591,57.05987,0.0,27.069012093206286,4.340068028193193
2022-10-14 00:00:00+00:00,-35.576666,-71.678888,119.0,open-meteo_ecmwf_ifs,daily,21.567501,6.0675,26.2,4.53625,4.839987,57.708633,0.0,27.239138515591172,4.4623816238616
2022-10-15 00:00:00+00:00,-35.576666,-71.678888,119.0,open-meteo_ecmwf_ifs,daily,25.5175,8.9175,26.34,8.338333,2.7722003,63.546284,0.0,27.40760526262417,4.518645227621146
2022-10-16 00:00:00+00:00,-35.576666,-71.678888,119.0,open-meteo_ecmwf_ifs,daily,23.167501,10.6675,22.59,10.059167,3.003289,68.007195,0.0,27.574368141836025,3.9561347242423235
2022-10-17 00:00:00+00:00,-35.576666,-71.678888,119.0,open-meteo_ecmwf_ifs,daily,20.4675,8.7175,19.01,8.784165,2.775071,73.391426,0.0,27.739384109431114,3.2056696514614527
2022-10-18 00:00:00+00:00,-35.576666,-71.678888,119.0,open-meteo_ecmwf_ifs,daily,20.6175,9.0175,21.42,8.757083,1.8955379,73.49743,5.2,27.90261127207793,3.3714938787479025
2022-10-19 00:00:00+00:00,-35.576666,-71.678888,119.0,open-meteo_ecmwf_ifs,daily,20.3675,7.3175,14.93,8.842499,1.7857814,76.8079,0.0,28.064008886826755,2.548393328665652
2022-10-20 00:00:00+00:00,-35.576666,-71.678888,119.0,open-meteo_ecmwf_ifs,daily,22.6175,7.8175,24.65,8.900832,2.5685058,74.35482,0.0,28.22353735919375,3.8540060128472895
2022-10-21 00:00:00+00:00,-35.576666,-71.678888,119.0,open-meteo_ecmwf_ifs,daily,20.8675,10.617499,25.52,8.457082,3.8359842,65.91636,0.0,28.381158239455154,4.3010766235831674
2022-10-22 00:00:00+00:00,-35.576666,-71.678888,119.0,open-meteo_ecmwf_ifs,daily,24.7675,7.8175,26.92,7.5195827,2.1434062,61.554485,0.0,28.53683421720072,4.370387706085214
2022-10-23 00:00:00+00:00,-35.576666,-71.678888,119.0,open-meteo_ecmwf_ifs,daily,21.2675,6.2175,25.46,6.457083,1.8110585,65.03086,0.0,28.69052911419987,3.765142440616564
2022-10-24 00:00:00+00:00,-35.576666,-71.678888,119.0,open-meteo_ecmwf_ifs,daily,23.317501,6.0175004,27.68,5.925833,2.3919065,61.303112,0.0,28.842207875638806,4.3032071948120665
2022-10-25 00:00:00+00:00,-35.576666,-71.678888,119.0,open-meteo_ecmwf_ifs,daily,21.8675,9.1675,25.14,8.790417,3.096391,68.13273,0.3,28.99183655979099,4.093173052813585
2022-10-26 00:00:00+00:00,-35.576666,-71.678888,119.0,open-meteo_ecmwf_ifs,daily,23.567501,11.0175,22.72,9.207083,1.8412017,67.21556,0.1,29.13938232618744,3.975570653710891
2022-10-27 00:00:00+00:00,-35.576666,-71.678888,119.0,open-meteo_ecmwf_ifs,daily,24.317501,9.1675,27.95,8.63,3.263438,63.68599,0.0,29.28481342235693,4.739644095575805
2022-10-28 00:00:00+00:00,-35.576666,-71.678888,119.0,open-meteo_ecmwf_ifs,daily,21.8675,11.2175,16.09,8.421666,2.0108027,66.51072,0.0,29.428099169210135,3.272294304018045
2022-10-29 00:00:00+00:00,-35.576666,-71.678888,119.0,open-meteo_ecmwf_ifs,daily,23.3675,10.4175,25.07,10.3175,2.9657943,69.0872,0.1,29.569209945143932,4.256749136061464
2022-10-30 00:00:00+00:00,-35.576666,-71.678888,119.0,open-meteo_ecmwf_ifs,daily,17.6175,6.2175,29.64,1.6675001,7.570557,51.06567,0.0,29.708117168946305,4.972280504225341
2022-10-31 00:00:00+00:00,-35.576666,-71.678888,119.0,open-meteo_ecmwf_ifs,daily,27.4675,8.117499,30.16,-3.9783335,6.4267025,25.531395,0.0,29.844793281583353,7.643384238026598
2022-11-01 00:00:00+00:00,-35.576666,-71.678888,119.0,open-meteo_ecmwf_ifs,daily,32.3675,8.4175,30.1,1.3112501,2.9958782,30.756737,0.0,29.979211726953288,6.353394846215456
2022-11-02 00:00:00+00:00,-35.576666,-71.678888,119.0,open-meteo_ecmwf_ifs,daily,28.6175,8.4175,29.33,8.28625,2.2650034,57.520634,0.0,30.11134693169332,5.152063765469026
2022-11-03 00:00:00+00:00,-35.576666,-71.678888,119.0,open-meteo_ecmwf_ifs,daily,26.0175,9.117499,28.5,9.367499,2.402282,66.64075,0.0,30.241174284127034,4.818490361608515
2022-11-04 00:00:00+00:00,-35.576666,-71.678888,119.0,open-meteo_ecmwf_ifs,daily,23.2675,8.7175,25.3,8.857082,2.5067093,69.801254,0.0,30.368670112441286,4.20625237269327
2022-11-05 00:00:00+00:00,-35.576666,-71.678888,119.0,open-meteo_ecmwf_ifs,daily,23.6175,8.117499,28.29,7.7174993,1.2450362,62.982635,0.0,30.49381166218147,4.354187658653183
2022-11-06 00:00:00+00:00,-35.576666,-71.678888,119.0,open-meteo_ecmwf_ifs,daily,25.6175,8.2675,28.42,8.317499,2.5499966,61.497486,0.0,30.616577073155423,4.814175274976881
2022-11-07 00:00:00+00:00,-35.576666,-71.678888,119.0,open-meteo_ecmwf_ifs,daily,27.4675,10.0175,28.63,10.011249,2.0196183,60.7003,0.0,30.736945355835214,4.979378574894684
2022-11-08 00:00:00+00:00,-35.576666,-71.678888,119.0,open-meteo_ecmwf_ifs,daily,22.7175,12.4175,23.5,11.121665,3.5054262,64.80742,0.0,30.85489636734607,4.299080301880715
2022-11-09 00:00:00+00:00,-35.576666,-71.678888,119.0,open-meteo_ecmwf_ifs,daily,19.417501,12.7675,9.36,8.99875,3.2957375,71.3636,10.3,30.970410787130895,2.815483071884373
2022-11-10 00:00:00+00:00,-35.576666,-71.678888,119.0,open-meteo_ecmwf_ifs,daily,21.417501,9.617499,20.04,9.709166,1.9180363,73.346146,2.2,31.083470092377418,3.422283405815196
2022-11-11 00:00:00+00:00,-35.576666,-71.678888,119.0,open-meteo_ecmwf_ifs,daily,21.0175,10.4675,20.88,8.461249,3.98052,64.10211,0.4,31.194056533293377,4.03219198678591
2022-11-12 00:00:00+00:00,-35.576666,-71.678888,119.0,open-meteo_ecmwf_ifs,daily,19.6175,12.4175,20.11,10.150833,4.142881,74.56268,14.200001,31.302153108313586,3.764412057484946
2022-11-13 00:00:00+00:00,-35.576666,-71.678888,119.0,open-meteo_ecmwf_ifs,daily,23.567501,8.3175,27.03,8.719583,2.1607914,69.60607,0.0,31.407743539319977,4.388282985515067
2022-11-14 00:00:00+00:00,-35.576666,-71.678888,119.0,open-meteo_ecmwf_ifs,daily,24.0175,9.5175,29.64,9.748748,2.9094956,69.10241,0.0,31.510812246953364,4.853869815327031
2022-11-15 00:00:00+00:00,-35.576666,-71.678888,119.0,open-meteo_ecmwf_ifs,daily,28.2675,12.1675,29.69,11.9591675,4.006215,64.841255,0.0,31.61134432609269,5.739590175547442
2022-11-16 00:00:00+00:00,-35.576666,-71.678888,119.0,open-meteo_ecmwf_ifs,daily,28.4675,11.7175,30.18,12.161248,3.0608854,64.19084,0.0,31.709325521574243,5.55777076518138
2022-11-17 00:00:00+00:00,-35.576666,-71.678888,119.0,open-meteo_ecmwf_ifs,daily,29.317501,12.617499,30.3,12.323749,2.6097279,63.11449,0.0,31.80474220421982,5.6949387672014105
2022-11-18 00:00:00+00:00,-35.576666,-71.678888,119.0,open-meteo_ecmwf_ifs,daily,27.817501,13.367499,28.38,11.492499,4.188839,62.11708,0.0,31.897581347239193,5.854249061790708
2022-11-19 00:00:00+00:00,-35.576666,-71.678888,119.0,open-meteo_ecmwf_ifs,daily,25.817501,13.4175,29.21,9.9675,4.7776847,58.72061,0.0,31.987830503067933,5.995941429696234
2022-11-20 00:00:00+00:00,-35.576666,-71.678888,119.0,open-meteo_ecmwf_ifs,daily,25.917501,11.6675,32.21,5.582083,5.5026965,46.013203,0.0,32.07547778069807,6.862734491737086
2022-11-21 00:00:00+00:00,-35.576666,-71.678888,119.0,open-meteo_ecmwf_ifs,daily,30.5175,12.117499,31.9,4.327916,3.8018467,39.003696,0.0,32.16051182355393,7.158794294562874
2022-11-22 00:00:00+00:00,-35.576666,-71.678888,119.0,open-meteo_ecmwf_ifs,daily,32.3675,13.2175,30.88,8.684166,4.4138036,45.600418,0.0,32.24292178796179,7.322109732573633
2022-11-23 00:00:00+00:00,-35.576666,-71.678888,119.0,open-meteo_ecmwf_ifs,daily,31.7175,15.2175,30.53,10.844583,5.1232476,48.14835,0.0,32.3226973222571,7.481027065229745
2022-11-24 00:00:00+00:00,-35.576666,-71.678888,119.0,open-meteo_ecmwf_ifs,daily,30.317501,15.9175,29.46,12.677917,3.7641551,54.460896,0.0,32.39982854656807,6.5169034684348945
2022-11-25 00:00:00+00:00,-35.576666,-71.678888,119.0,open-meteo_ecmwf_ifs,daily,32.067497,14.867499,31.06,11.325832,2.468963,49.674313,0.0,32.47430603331064,6.4551468539628125
2022-11-26 00:00:00+00:00,-35.576666,-71.678888,119.0,open-meteo_ecmwf_ifs,daily,34.2175,16.7175,30.97,13.109166,1.9002204,52.628357,0.0,32.54612078842424,6.486775783058536
2022-11-27 00:00:00+00:00,-35.576666,-71.678888,119.0,open-meteo_ecmwf_ifs,daily,31.817501,14.4675,30.95,13.538333,3.014692,61.301876,0.0,32.61526423337381,6.373812373206643
2022-11-28 00:00:00+00:00,-35.576666,-71.678888,119.0,open-meteo_ecmwf_ifs,daily,29.9675,14.117499,27.87,13.694584,2.4150524,67.475655,0.0,32.6817281879389,5.5276190434457115
2022-11-29 00:00:00+00:00,-35.576666,-71.678888,119.0,open-meteo_ecmwf_ifs,daily,29.7175,14.367499,30.42,11.702915,2.0551658,58.283817,0.0,32.74550485380599,5.898094676599788
2022-11-30 00:00:00+00:00,-35.576666,-71.678888,119.0,open-meteo_ecmwf_ifs,daily,26.667501,12.9175,29.87,9.394583,2.4537246,55.119125,0.0,32.80658679897639,5.643854886935747
2022-12-01 00:00:00+00:00,-35.576666,-71.678888,119.0,open-meteo_ecmwf_ifs,daily,29.167501,12.8175,32.69,4.655,3.8726656,38.989956,0.0,32.86496694299768,7.204511617391884
2022-12-02 00:00:00+00:00,-35.576666,-71.678888,119.0,open-meteo_ecmwf_ifs,daily,30.8675,13.1675,32.43,4.721667,2.668149,36.27065,0.0,32.920638543022996,6.817274323861254
2022-12-03 00:00:00+00:00,-35.576666,-71.678888,119.0,open-meteo_ecmwf_ifs,daily,30.667501,14.9175,31.46,9.046665,3.3306963,45.54277,0.0,32.97359518069878,6.937277860029175
2022-12-04 00:00:00+00:00,-35.576666,-71.678888,119.0,open-meteo_ecmwf_ifs,daily,31.7175,14.4175,32.71,6.58,4.3737082,41.1412,0.0,33.02383074987841,7.871283302974509
2022-12-05 00:00:00+00:00,-35.576666,-71.678888,119.0,open-meteo_ecmwf_ifs,daily,32.4675,15.3175,32.53,7.3529162,3.3625631,40.000042,0.0,33.071339445156184,7.50511678452333
2022-12-06 00:00:00+00:00,-35.576666,-71.678888,119.0,open-meteo_ecmwf_ifs,daily,32.8675,15.4175,32.45,9.08,4.303354,45.354553,0.0,33.11611575121311,7.880017705373312
2022-12-07 00:00:00+00:00,-35.576666,-71.678888,119.0,open-meteo_ecmwf_ifs,daily,30.167501,15.1675,26.55,6.7549996,3.074914,37.08947,0.0,33.15815443296406,6.440225827368741
2022-12-08 00:00:00+00:00,-35.576666,-71.678888,119.0,open-meteo_ecmwf_ifs,daily,31.417501,14.117499,28.0,13.013332,2.5520935,61.329388,0.0,33.19745052649378,5.850216157732922
2022-12-09 00:00:00+00:00,-35.576666,-71.678888,119.0,open-meteo_ecmwf_ifs,daily,32.8675,16.567501,29.38,13.675834,3.3653543,58.696346,0.0,33.23399933076723,6.760540350544146
2022-12-10 00:00:00+00:00,-35.576666,-71.678888,119.0,open-meteo_ecmwf_ifs,daily,33.1675,15.3175,32.79,8.1987505,5.1156807,45.749363,0.0,33.26779640009914,8.433569661883347
2022-12-11 00:00:00+00:00,-35.576666,-71.678888,119.0,open-meteo_ecmwf_ifs,daily,30.567501,15.7175,33.17,4.680001,6.926655,32.151524,0.0,33.29883753736623,9.306132541659009
2022-12-12 00:00:00+00:00,-35.576666,-71.678888,119.0,open-meteo_ecmwf_ifs,daily,29.3675,12.867499,33.03,4.6383333,6.5953407,37.14581,0.0,33.32711878794557,8.358534950862843
2022-12-13 00:00:00+00:00,-35.576666,-71.678888,119.0,open-meteo_ecmwf_ifs,daily,32.017498,13.7175,32.6,8.402915,4.214636,44.802628,0.0,33.352636434361926,7.55083177930611
2022-12-14 00:00:00+00:00,-35.576666,-71.678888,119.0,open-meteo_ecmwf_ifs,daily,30.667501,16.5175,32.44,9.969584,3.970339,46.23007,0.0,33.37538699162763,7.4811269518632555
2022-12-15 00:00:00+00:00,-35.576666,-71.678888,119.0,open-meteo_ecmwf_ifs,daily,34.6175,17.067501,33.31,8.796665,5.999422,41.829895,0.0,33.395367203258886,9.407814183130315
2022-12-16 00:00:00+00:00,-35.576666,-71.678888,119.0,open-meteo_ecmwf_ifs,daily,33.567497,16.6175,32.03,9.844583,3.3655102,42.507736,0.0,33.412574037953206,7.5869176420293565
2022-12-17 00:00:00+00:00,-35.576666,-71.678888,119.0,open-meteo_ecmwf_ifs,daily,30.5175,13.2675,30.48,11.242497,2.4710212,59.971523,0.0,33.427004686914266,6.09196855053199
2022-12-18 00:00:00+00:00,-35.576666,-71.678888,119.0,open-meteo_ecmwf_ifs,daily,32.317497,15.367499,32.39,9.6425,2.2863824,46.63194,0.0,33.43865656181142,6.777328431541417
2022-12-19 00:00:00+00:00,-35.576666,-71.678888,119.0,open-meteo_ecmwf_ifs,daily,29.417501,14.367499,32.45,7.88625,2.74484,44.355053,0.0,33.447527293363194,6.687834618666257
2022-12-20 00:00:00+00:00,-35.576666,-71.678888,119.0,open-meteo_ecmwf_ifs,daily,29.817501,12.8175,32.31,8.194583,1.5909008,49.63408,0.0,33.45361473053594,6.002064515259816
2022-12-21 00:00:00+00:00,-35.576666,-71.678888,119.0,open-meteo_ecmwf_ifs,daily,31.567501,14.4675,32.29,11.159167,2.6209126,55.853653,0.0,33.45691694035071,6.643475345965698
2022-12-22 00:00:00+00:00,-35.576666,-71.678888,119.0,open-meteo_ecmwf_ifs,daily,31.667501,13.8175,29.22,10.155,2.8731587,53.485386,0.0,33.45743220829378,6.394227633925717
2022-12-23 00:00:00+00:00,-35.576666,-71.678888,119.0,open-meteo_ecmwf_ifs,daily,27.3675,12.8175,33.22,5.5591664,5.9880033,44.397858,0.0,33.455159039328485,7.653319515648218
2022-12-24 00:00:00+00:00,-35.576666,-71.678888,119.0,open-meteo_ecmwf_ifs,daily,34.7175,11.617499,33.25,3.815417,4.489322,34.26253,0.0,33.45009615950831,8.295872367112636
2022-12-25 00:00:00+00:00,-35.576666,-71.678888,119.0,open-meteo_ecmwf_ifs,daily,32.6675,15.2675,32.27,9.484166,3.2296963,42.996304,0.0,33.44224251819367,7.283547847564093
2022-12-26 00:00:00+00:00,-35.576666,-71.678888,119.0,open-meteo_ecmwf_ifs,daily,31.1175,14.7175,26.43,10.729999,3.4594467,57.650772,0.0,33.4315972908768,6.301102213847193
2022-12-27 00:00:00+00:00,-35.576666,-71.678888,119.0,open-meteo_ecmwf_ifs,daily,32.067497,15.617499,30.58,11.246666,3.0927756,51.674755,0.0,33.41815988262165,6.829111533129253
2022-12-28 00:00:00+00:00,-35.576666,-71.678888,119.0,open-meteo_ecmwf_ifs,daily,31.7675,14.367499,33.48,2.6383336,4.720189,30.072378,0.0,33.40192993212774,8.514017476143769
2022-12-29 00:00:00+00:00,-35.576666,-71.678888,119.0,open-meteo_ecmwf_ifs,daily,37.1675,15.1675,32.82,5.455,3.291296,32.273514,0.0,33.38290731642849,8.17752020203592
2022-12-30 00:00:00+00:00,-35.576666,-71.678888,119.0,open-meteo_ecmwf_ifs,daily,30.7175,17.0175,32.14,10.484167,2.9770164,44.766552,0.0,33.361092156236865,7.037237938197934
2022-12-31 00:00:00+00:00,-35.576666,-71.678888,119.0,open-meteo_ecmwf_ifs,daily,24.5175,14.4675,12.1,12.234165,4.1443343,63.31993,0.3,33.33648482195189,3.672882938730719
2023-01-01 00:00:00+00:00,-35.576666,-71.678888,119.0,open-meteo_ecmwf_ifs,daily,29.6175,13.3175,31.5,10.315415,1.9890143,58.482044,0.0,33.309085940341646,6.006136842229277
2023-01-02 00:00:00+00:00,-35.576666,-71.678888,119.0,open-meteo_ecmwf_ifs,daily,29.4675,14.1675,32.49,7.982082,4.153643,47.194584,0.0,33.27889640191825,7.23496742446472
2023-01-03 00:00:00+00:00,-35.576666,-71.678888,119.0,open-meteo_ecmwf_ifs,daily,30.2675,13.7675,32.55,6.6466656,5.552342,41.380157,0.0,33.24591736902198,7.999326639621652
2023-01-04 00:00:00+00:00,-35.576666,-71.678888,119.0,open-meteo_ecmwf_ifs,daily,34.4175,15.617499,32.06,9.64875,3.5013225,43.22841,0.0,33.21015028463107,7.643699365806969
2023-01-05 00:00:00+00:00,-35.576666,-71.678888,119.0,open-meteo_ecmwf_ifs,daily,29.167501,15.617499,29.77,12.213333,3.5504084,56.980038,0.0,33.171596881914056,6.372839319626864
2023-01-06 00:00:00+00:00,-35.576666,-71.678888,119.0,open-meteo_ecmwf_ifs,daily,30.667501,14.867499,31.47,12.742499,2.6473653,59.99429,0.0,33.13025919454076,6.339121921449849
2023-01-07 00:00:00+00:00,-35.576666,-71.678888,119.0,open-meteo_ecmwf_ifs,daily,33.517498,14.8175,31.56,12.163333,1.6731149,55.49269,0.0,33.08613956776759,6.287910987869267
2023-01-08 00:00:00+00:00,-35.576666,-71.678888,119.0,open-meteo_ecmwf_ifs,daily,34.6175,15.8175,31.47,11.061248,1.900752,48.238968,0.0,33.03924067031084,6.617636884558949
2023-01-09 00:00:00+00:00,-35.576666,-71.678888,119.0,open-meteo_ecmwf_ifs,daily,31.8675,15.0175,30.63,11.721664,1.9415551,55.61253,0.0,32.989565507020814,6.171982042561405
2023-01-10 00:00:00+00:00,-35.576666,-71.678888,119.0,open-meteo_ecmwf_ifs,daily,30.2675,18.7675,23.73,11.484166,1.7969903,49.5948,0.0,32.937117432366975,5.405083368738939
2023-01-11 00:00:00+00:00,-35.576666,-71.678888,119.0,open-meteo_ecmwf_ifs,daily,29.7175,13.7175,30.73,1.8050003,4.9076247,30.109787,0.0,32.88190016474234,7.98099267737576
2023-01-12 00:00:00+00:00,-35.576666,-71.678888,119.0,open-meteo_ecmwf_ifs,daily,29.7675,12.6675,32.64,2.9216669,4.467336,34.576935,0.0,32.82391780159229,7.686092525491869
2023-01-13 00:00:00+00:00,-35.576666,-71.678888,119.0,open-meteo_ecmwf_ifs,daily,31.8675,13.4175,32.25,5.075834,3.6786757,36.996784,0.0,32.763174835370144,7.469757231637651
2023-01-14 00:00:00+00:00,-35.576666,-71.678888,119.0,open-meteo_ecmwf_ifs,daily,29.667501,13.9675,31.44,7.629999,1.8663117,43.310516,0.0,32.69967617031844,6.086054458964371
2023-01-15 00:00:00+00:00,-35.576666,-71.678888,119.0,open-meteo_ecmwf_ifs,daily,31.7675,15.117499,31.65,7.686249,3.3783386,40.28957,0.0,32.633427140070864,7.244339738594029
2023-01-16 00:00:00+00:00,-35.576666,-71.678888,119.0,open-meteo_ecmwf_ifs,daily,31.9675,15.0675,31.22,7.11125,2.7129955,37.056667,0.0,32.56443352606643,6.879972906436476
2023-01-17 00:00:00+00:00,-35.576666,-71.678888,119.0,open-meteo_ecmwf_ifs,daily,29.7675,13.5175,29.85,8.488334,2.285638,47.789524,0.0,32.492701576762755,6.019196784861388
2023-01-18 00:00:00+00:00,-35.576666,-71.678888,119.0,open-meteo_ecmwf_ifs,daily,34.1175,13.9675,31.5,8.7404175,2.192029,42.994156,0.0,32.418238027631375,6.616663361823368
2023-01-19 00:00:00+00:00,-35.576666,-71.678888,119.0,open-meteo_ecmwf_ifs,daily,26.3675,13.1675,30.76,10.919582,3.37564,57.66447,0.0,32.341050121913234,5.785959221076763
2023-01-20 00:00:00+00:00,-35.576666,-71.678888,119.0,open-meteo_ecmwf_ifs,daily,28.5175,16.067501,23.79,11.063333,1.8654634,57.42976,0.0,32.26114563210792,5.052120156356652
2023-01-21 00:00:00+00:00,-35.576666,-71.678888,119.0,open-meteo_ecmwf_ifs,daily,32.2175,15.0175,31.32,9.013333,3.5864575,46.33405,0.0,32.17853288216571,7.209784649736264
2023-01-22 00:00:00+00:00,-35.576666,-71.678888,119.0,open-meteo_ecmwf_ifs,daily,34.6175,16.4675,31.14,8.034167,3.6437533,38.933666,0.0,32.093220770346235,7.812765690191409
2023-01-23 00:00:00+00:00,-35.576666,-71.678888,119.0,open-meteo_ecmwf_ifs,daily,34.1675,17.7675,30.85,8.896667,2.8641691,37.767056,0.0,32.00521879270314,7.321790653848746
2023-01-24 00:00:00+00:00,-35.576666,-71.678888,119.0,open-meteo_ecmwf_ifs,daily,29.067501,15.6675,26.23,12.488334,2.7619197,60.018936,0.1,31.914537067149286,5.592315962839463
2023-01-25 00:00:00+00:00,-35.576666,-71.678888,119.0,open-meteo_ecmwf_ifs,daily,29.7175,14.0675,30.8,6.9216666,3.9015417,40.006863,0.0,31.821186358052138,6.998479981875594
2023-01-26 00:00:00+00:00,-35.576666,-71.678888,119.0,open-meteo_ecmwf_ifs,daily,28.9675,13.367499,30.6,7.08625,2.63463,44.93379,0.0,31.725178101304447,6.198982416127838
2023-01-27 00:00:00+00:00,-35.576666,-71.678888,119.0,open-meteo_ecmwf_ifs,daily,31.7175,14.5675,30.91,6.7050004,4.4798207,40.24232,0.0,31.626524429810903,7.6524808505756585
2023-01-28 00:00:00+00:00,-35.576666,-71.678888,119.0,open-meteo_ecmwf_ifs,daily,33.6675,14.117499,30.98,7.3716674,3.9200687,39.49475,0.0,31.52523819932702,7.520311936867266
2023-01-29 00:00:00+00:00,-35.576666,-71.678888,119.0,open-meteo_ecmwf_ifs,daily,34.2175,17.0175,29.69,10.944583,2.5168316,43.08572,0.0,31.421333014582206,6.725812089720767
2023-01-30 00:00:00+00:00,-35.576666,-71.678888,119.0,open-meteo_ecmwf_ifs,daily,33.6675,17.317501,29.79,12.190415,3.0260534,50.18427,0.0,31.314823255615398,6.897303099175198
2023-01-31 00:00:00+00:00,-35.576666,-71.678888,119.0,open-meteo_ecmwf_ifs,daily,32.1675,16.2675,30.27,9.504999,3.380123,42.868587,0.0,31.20572410424755,7.037488897048774
2023-02-01 00:00:00+00:00,-35.576666,-71.678888,119.0,open-meteo_ecmwf_ifs,daily,32.817497,14.9175,30.01,8.232082,2.4172542,41.00398,0.0,31.094051570612248,6.465726766148749
2023-02-02 00:00:00+00:00,-35.576666,-71.678888,119.0,open-meteo_ecmwf_ifs,daily,36.1675,15.1675,30.17,6.6154156,5.3703914,35.418926,0.0,30.979822519662267,8.812503511887588
2023-02-03 00:00:00+00:00,-35.576666,-71.678888,119.0,open-meteo_ecmwf_ifs,daily,36.1675,18.5175,28.94,11.115417,3.118646,40.793507,0.0,30.863054697567428,7.343951346902752
2023-02-04 00:00:00+00:00,-35.576666,-71.678888,119.0,open-meteo_ecmwf_ifs,daily,31.567501,15.8175,29.04,12.788334,2.9560099,56.59708,0.0,30.7437667579164,6.229561729223459
2023-02-05 00:00:00+00:00,-35.576666,-71.678888,119.0,open-meteo_ecmwf_ifs,daily,34.2175,17.4675,28.65,13.415416,1.4886166,54.18996,0.0,30.621978287633087,5.8618854082615215
2023-02-06 00:00:00+00:00,-35.576666,-71.678888,119.0,open-meteo_ecmwf_ifs,daily,33.317497,17.917501,29.41,11.62375,2.8685071,47.273273,0.0,30.49770983251678,6.783359836338009
2023-02-07 00:00:00+00:00,-35.576666,-71.678888,119.0,open-meteo_ecmwf_ifs,daily,34.267498,17.7175,29.0,9.7612505,2.3919477,39.368504,0.0,30.37098292231346,6.614952151528955
2023-02-08 00:00:00+00:00,-35.576666,-71.678888,119.0,open-meteo_ecmwf_ifs,daily,35.067497,17.0175,29.25,7.5945816,2.61992,34.859726,0.0,30.24182009522503,6.89744681588771
2023-02-09 00:00:00+00:00,-35.576666,-71.678888,119.0,open-meteo_ecmwf_ifs,daily,35.9175,17.5175,29.35,8.477916,4.344777,38.993824,0.0,30.11024492176264,8.184474914602347
2023-02-10 00:00:00+00:00,-35.576666,-71.678888,119.0,open-meteo_ecmwf_ifs,daily,34.6675,18.7675,28.64,9.657083,5.2447834,39.665462,0.0,29.976282027850047,8.50659841014572
2023-02-11 00:00:00+00:00,-35.576666,-71.678888,119.0,open-meteo_ecmwf_ifs,daily,33.4675,16.2675,28.84,6.8154163,4.1167274,38.051517,0.0,29.839957117083305,7.60497913646218
2023-02-12 00:00:00+00:00,-35.576666,-71.678888,119.0,open-meteo_ecmwf_ifs,daily,31.667501,16.2175,26.83,10.515416,3.7532387,48.772327,0.0,29.701296992053567,6.565643167120813
2023-02-13 00:00:00+00:00,-35.576666,-71.678888,119.0,open-meteo_ecmwf_ifs,daily,29.667501,14.4675,28.26,10.257085,4.521031,54.57077,0.0,29.56032957464113,6.4785671137156395
2023-02-14 00:00:00+00:00,-35.576666,-71.678888,119.0,open-meteo_ecmwf_ifs,daily,29.417501,14.617499,27.75,6.0695834,5.609877,41.183807,0.0,29.417083925189928,7.423136013417419
2023-02-15 00:00:00+00:00,-35.576666,-71.678888,119.0,open-meteo_ecmwf_ifs,daily,31.6175,15.3175,27.54,8.405,5.702225,41.546192,0.0,29.271590260473825,7.606684867606277
2023-02-16 00:00:00+00:00,-35.576666,-71.678888,119.0,open-meteo_ecmwf_ifs,daily,26.817501,13.5175,27.94,6.1987495,5.2334824,42.892742,0.0,29.123879970368154,6.625485099746331
2023-02-17 00:00:00+00:00,-35.576666,-71.678888,119.0,open-meteo_ecmwf_ifs,daily,31.417501,12.0175,28.0,2.9570835,2.3162434,34.744133,0.0,28.97398563314238,5.828822102279368
2023-02-18 00:00:00+00:00,-35.576666,-71.678888,119.0,open-meteo_ecmwf_ifs,daily,32.6175,16.2675,27.45,1.7425,1.6084286,23.840174,0.0,28.82194102929299,5.597487887799648
2023-02-19 00:00:00+00:00,-35.576666,-71.678888,119.0,open-meteo_ecmwf_ifs,daily,32.1175,14.367499,27.36,7.223749,1.5439743,43.02713,0.0,28.667781153838693,5.321862889793771
2023-02-20 00:00:00+00:00,-35.576666,-71.678888,119.0,open-meteo_ecmwf_ifs,daily,32.6675,16.0175,27.21,7.7800007,3.2897804,38.94008,0.0,28.511542227003805,6.619375169305197
2023-02-21 00:00:00+00:00,-35.576666,-71.678888,119.0,open-meteo_ecmwf_ifs,daily,34.317497,16.0175,27.22,5.4154167,3.0485976,32.519024,0.0,28.353261703219577,6.7638920973409
2023-02-22 00:00:00+00:00,-35.576666,-71.678888,119.0,open-meteo_ecmwf_ifs,daily,31.917501,12.9675,26.84,7.6987495,1.9820942,45.23332,0.0,28.19297827837718,5.3786880318296335
2023-02-23 00:00:00+00:00,-35.576666,-71.678888,119.0,open-meteo_ecmwf_ifs,daily,34.517498,16.0175,26.54,9.0008335,2.9800386,43.23062,0.0,28.030731895270996,6.432645634142739
2023-02-24 00:00:00+00:00,-35.576666,-71.678888,119.0,open-meteo_ecmwf_ifs,daily,31.7675,15.1675,25.32,11.365417,1.9939084,51.475834,0.0,27.866563747175086,5.2064696272244975
2023-02-25 00:00:00+00:00,-35.576666,-71.678888,119.0,open-meteo_ecmwf_ifs,daily,29.2675,16.067501,25.52,11.22375,2.9617405,54.17203,0.0,27.70051627950107,5.525559671748081
2023-02-26 00:00:00+00:00,-35.576666,-71.678888,119.0,open-meteo_ecmwf_ifs,daily,31.667501,13.0175,26.35,3.5758333,5.161816,35.69646,0.0,27.532633189490426,7.364767221060341
2023-02-27 00:00:00+00:00,-35.576666,-71.678888,119.0,open-meteo_ecmwf_ifs,daily,32.3675,14.5675,25.8,6.794583,3.0762894,38.868282,0.0,27.36295942390016,6.123673423586613
2023-02-28 00:00:00+00:00,-35.576666,-71.678888,119.0,open-meteo_ecmwf_ifs,daily,32.567497,15.0175,25.66,8.875833,2.7138274,46.81183,0.0,27.19154117464558,5.803474011684681
2023-03-01 00:00:00+00:00,-35.576666,-71.678888,119.0,open-meteo_ecmwf_ifs,daily,31.567501,15.617499,25.43,8.992499,5.464434,45.107758,0.0,27.018425872370212,7.11341888022785
2023-03-02 00:00:00+00:00,-35.576666,-71.678888,119.0,open-meteo_ecmwf_ifs,daily,34.7175,14.367499,25.04,8.304999,4.7636333,42.23752,0.0,26.843662177918468,7.124318003311144
2023-03-03 00:00:00+00:00,-35.576666,-71.678888,119.0,open-meteo_ecmwf_ifs,daily,31.0175,16.3675,24.53,10.400833,1.9638044,46.48789,0.0,26.667299971692508,5.089799584670161
2023-03-04 00:00:00+00:00,-35.576666,-71.678888,119.0,open-meteo_ecmwf_ifs,daily,33.4175,15.4175,24.98,8.721665,4.2785296,45.01595,0.0,26.489390340880778,6.743742906990854
2023-03-05 00:00:00+00:00,-35.576666,-71.678888,119.0,open-meteo_ecmwf_ifs,daily,32.767498,16.067501,24.79,2.559167,3.029281,25.57978,0.0,26.309985564551923,6.317480883039139
2023-03-06 00:00:00+00:00,-35.576666,-71.678888,119.0,open-meteo_ecmwf_ifs,daily,29.3675,14.117499,24.04,11.6675,2.3732007,58.843616,0.0,26.129139096613578,4.762971732837704
2023-03-07 00:00:00+00:00,-35.576666,-71.678888,119.0,open-meteo_ecmwf_ifs,daily,30.6175,13.4675,22.21,10.263331,2.835542,56.734333,0.0,25.94690554664178,4.946769771752157
2023-03-08 00:00:00+00:00,-35.576666,-71.678888,119.0,open-meteo_ecmwf_ifs,daily,27.7675,13.2675,23.77,10.275833,1.5983497,58.93359,0.0,25.76334065859289,4.249929683912788
2023-03-09 00:00:00+00:00,-35.576666,-71.678888,119.0,open-meteo_ecmwf_ifs,daily,28.2175,14.7675,18.48,13.82375,1.7217313,68.48137,0.0,25.578501287415808,3.662319418847884
2023-03-10 00:00:00+00:00,-35.576666,-71.678888,119.0,open-meteo_ecmwf_ifs,daily,29.8675,15.117499,23.25,12.459165,2.2354062,61.20641,0.0,25.392445373588373,4.654075842333458
2023-03-11 00:00:00+00:00,-35.576666,-71.678888,119.0,open-meteo_ecmwf_ifs,daily,28.667501,12.9175,23.32,9.650833,2.128401,54.381207,0.0,25.205231915607783,4.471603308917299
2023-03-12 00:00:00+00:00,-35.576666,-71.678888,119.0,open-meteo_ecmwf_ifs,daily,30.0175,13.5675,22.17,11.767498,1.6337429,62.441418,0.0,25.016920940470605,4.162143750630753
2023-03-13 00:00:00+00:00,-35.576666,-71.678888,119.0,open-meteo_ecmwf_ifs,daily,29.317501,16.1175,18.17,14.071667,1.8413078,66.450554,0.0,24.827573472183776,3.813653374057263
2023-03-14 00:00:00+00:00,-35.576666,-71.678888,119.0,open-meteo_ecmwf_ifs,daily,29.417501,14.2675,22.69,7.87375,2.4522383,45.088856,0.0,24.6372514983535,4.829821214696171
2023-03-15 00:00:00+00:00,-35.576666,-71.678888,119.0,open-meteo_ecmwf_ifs,daily,28.3675,12.117499,22.85,6.9779162,1.392529,47.81013,0.0,24.446017934904575,3.9986325857389033
2023-03-16 00:00:00+00:00,-35.576666,-71.678888,119.0,open-meteo_ecmwf_ifs,daily,29.9675,13.8175,21.72,11.277915,2.1600318,57.42689,0.0,24.253936588987592,4.341237072188905
2023-03-17 00:00:00+00:00,-35.576666,-71.678888,119.0,open-meteo_ecmwf_ifs,daily,29.3675,15.2175,19.39,14.146667,1.8403999,71.01873,0.0,24.06107212013698,3.8201318717226433
2023-03-18 00:00:00+00:00,-35.576666,-71.678888,119.0,open-meteo_ecmwf_ifs,daily,30.7675,15.2675,21.59,12.715415,3.9954927,58.707977,0.0,23.867489999747544,5.177122313873812
2023-03-19 00:00:00+00:00,-35.576666,-71.678888,119.0,open-meteo_ecmwf_ifs,daily,30.817501,16.1175,21.65,12.169583,3.837396,54.523563,0.0,23.673256468941727,5.308734355997668
2023-03-20 00:00:00+00:00,-35.576666,-71.678888,119.0,open-meteo_ecmwf_ifs,daily,29.7675,13.0175,21.99,7.7904162,3.1156971,47.357662,0.0,23.47843849490461,4.943525824925888
2023-03-21 00:00:00+00:00,-35.576666,-71.678888,119.0,open-meteo_ecmwf_ifs,daily,30.5175,12.6675,21.63,7.2112484,2.1067722,46.708313,0.0,23.283103725767546,4.392582250823897
2023-03-22 00:00:00+00:00,-35.576666,-71.678888,119.0,open-meteo_ecmwf_ifs,daily,31.6175,13.117499,21.37,6.432083,2.5375617,43.046047,0.0,23.087320444125538,4.795565023237738
2023-03-23 00:00:00+00:00,-35.576666,-71.678888,119.0,open-meteo_ecmwf_ifs,daily,31.4675,13.867499,21.43,7.2883334,3.1152627,45.20308,0.0,22.891157519277098,5.151807981948858
2023-03-24 00:00:00+00:00,-35.576666,-71.678888,119.0,open-meteo_ecmwf_ifs,daily,30.8675,13.9675,21.08,4.9154162,3.3131905,39.144634,0.0,22.69468435827871,5.353418555564644
2023-03-25 00:00:00+00:00,-35.576666,-71.678888,119.0,open-meteo_ecmwf_ifs,daily,30.567501,14.2175,20.96,4.8133326,5.236842,36.135895,0.0,22.49797085590935,6.469053166992293
2023-03-26 00:00:00+00:00,-35.576666,-71.678888,119.0,open-meteo_ecmwf_ifs,daily,30.7175,13.0675,20.58,8.121666,2.3644688,48.471973,0.0,22.301087343643164,4.368339105121278
2023-03-27 00:00:00+00:00,-35.576666,-71.678888,119.0,open-meteo_ecmwf_ifs,daily,27.567501,10.4175,19.21,10.038333,1.9481376,64.10583,0.0,22.1041045377313,3.4259747497632147
2023-03-28 00:00:00+00:00,-35.576666,-71.678888,119.0,open-meteo_ecmwf_ifs,daily,27.0175,10.2175,17.59,8.609165,2.2803109,57.956497,0.0,21.907093486495786,3.4511424755340174
2023-03-29 00:00:00+00:00,-35.576666,-71.678888,119.0,open-meteo_ecmwf_ifs,daily,23.7675,10.2175,20.42,5.313333,4.6617017,52.068924,0.1,21.710125516940877,4.497769244940962
2023-03-30 00:00:00+00:00,-35.576666,-71.678888,119.0,open-meteo_ecmwf_ifs,daily,24.7175,8.6675,19.7,1.4758333,4.702066,41.253796,0.0,21.51327218078823,4.847768920728086
2023-03-31 00:00:00+00:00,-35.576666,-71.678888,119.0,open-meteo_ecmwf_ifs,daily,29.2175,9.5175,19.7,4.8300004,3.089537,47.086338,0.0,21.316605200044542,4.378753127775179
2023-04-01 00:00:00+00:00,-35.576666,-71.678888,119.0,open-meteo_ecmwf_ifs,daily,29.2675,13.2675,18.69,3.2904167,3.7325165,33.72286,0.0,21.12019641221057,5.19087596534373
2023-04-02 00:00:00+00:00,-35.576666,-71.678888,119.0,open-meteo_ecmwf_ifs,daily,26.817501,14.867499,15.51,10.998749,3.263921,57.467167,0.0,20.92411771524169,3.824647755192749
2023-04-03 00:00:00+00:00,-35.576666,-71.678888,119.0,open-meteo_ecmwf_ifs,daily,27.0175,12.7175,16.77,8.790416,3.8171842,54.468166,0.0,20.72844101237038,4.178470742762976
2023-04-04 00:00:00+00:00,-35.576666,-71.678888,119.0,open-meteo_ecmwf_ifs,daily,27.417501,10.7175,19.04,6.4529166,2.5766585,48.451733,0.0,20.533238156901373,3.8158206794726883
2023-04-05 00:00:00+00:00,-35.576666,-71.678888,119.0,open-meteo_ecmwf_ifs,daily,23.317501,9.367499,12.93,7.3820834,1.8038293,59.0863,0.0,20.3385808970898,2.5281056824190276
2023-04-06 00:00:00+00:00,-35.576666,-71.678888,119.0,open-meteo_ecmwf_ifs,daily,26.9675,11.9175,18.04,10.598749,2.8716128,63.428837,0.0,20.1445408212124,3.5391539197673887
2023-04-07 00:00:00+00:00,-35.576666,-71.678888,119.0,open-meteo_ecmwf_ifs,daily,26.9675,9.9175,17.64,8.021667,3.6646717,57.21847,0.0,19.95118930294109,3.858363596263015
2023-04-08 00:00:00+00:00,-35.576666,-71.678888,119.0,open-meteo_ecmwf_ifs,daily,27.2175,8.4675,18.15,6.834166,2.3037934,55.278732,0.0,19.75859744712707,3.311613364106974
2023-04-09 00:00:00+00:00,-35.576666,-71.678888,119.0,open-meteo_ecmwf_ifs,daily,27.2675,9.367499,17.72,7.0654163,1.9676847,55.073364,0.0,19.56683603610241,3.1642708678039613
2023-04-10 00:00:00+00:00,-35.576666,-71.678888,119.0,open-meteo_ecmwf_ifs,daily,27.1175,11.867499,14.45,11.527916,2.0858917,66.93277,0.0,19.375975476604328,2.8349063909250267
2023-04-11 00:00:00+00:00,-35.576666,-71.678888,119.0,open-meteo_ecmwf_ifs,daily,25.3675,12.617499,12.4,13.767499,1.8037381,75.296715,0.0,19.186085747425686,2.2810124387073327
2023-04-12 00:00:00+00:00,-35.576666,-71.678888,119.0,open-meteo_ecmwf_ifs,daily,21.917501,13.2675,9.19,12.244582,1.6417793,72.9973,0.0,18.99723634789291,1.896925291849438
2023-04-13 00:00:00+00:00,-35.576666,-71.678888,119.0,open-meteo_ecmwf_ifs,daily,20.8675,12.8175,10.31,11.182082,1.7680141,76.642,0.0,18.809496247270182,1.9953468759275848
2023-04-14 00:00:00+00:00,-35.576666,-71.678888,119.0,open-meteo_ecmwf_ifs,daily,20.6175,12.617499,8.54,11.304999,1.985623,76.53473,0.0,18.622933835186203,1.8637400554984416
2023-04-15 00:00:00+00:00,-35.576666,-71.678888,119.0,open-meteo_ecmwf_ifs,daily,21.817501,10.5675,14.87,9.961249,2.3516772,73.7183,0.0,18.43761687317673,2.446102967626459
2023-04-16 00:00:00+00:00,-35.576666,-71.678888,119.0,open-meteo_ecmwf_ifs,daily,23.3675,9.2675,15.13,7.832083,1.9298235,62.25204,0.1,18.2536124474332,2.522803646472531
2023-04-17 00:00:00+00:00,-35.576666,-71.678888,119.0,open-meteo_ecmwf_ifs,daily,18.6175,7.9175,16.3,3.5716667,4.3505936,54.973362,0.0,18.070986922844185,3.1655969561933306
2023-04-18 00:00:00+00:00,-35.576666,-71.678888,119.0,open-meteo_ecmwf_ifs,daily,19.2175,7.4675,14.77,1.9737501,3.6133,50.410923,0.0,17.889805898412995,3.0819951397711556
2023-04-19 00:00:00+00:00,-35.576666,-71.678888,119.0,open-meteo_ecmwf_ifs,daily,23.4675,9.9675,15.58,6.8091674,4.051664,59.196644,0.0,17.71013416413094,3.423117125486795
2023-04-20 00:00:00+00:00,-35.576666,-71.678888,119.0,open-meteo_ecmwf_ifs,daily,20.667501,8.3175,14.35,10.065416,2.939438,76.641914,0.0,17.532035659381737,2.0986533029611785
2023-04-21 00:00:00+00:00,-35.576666,-71.678888,119.0,open-meteo_ecmwf_ifs,daily,20.6175,14.867499,6.95,11.625833,2.9272878,72.48495,0.1,17.35557343294843,2.1163580064848344
2023-04-22 00:00:00+00:00,-35.576666,-71.678888,119.0,open-meteo_ecmwf_ifs,daily,21.9675,10.4675,13.26,10.78625,2.5809197,77.34728,0.0,17.180809604689966,2.2070483406189885
2023-04-23 00:00:00+00:00,-35.576666,-71.678888,119.0,open-meteo_ecmwf_ifs,daily,21.6175,9.7175,11.41,11.096665,1.7367731,81.236015,0.0,17.00780532894982,1.7817601349998164
2023-04-24 00:00:00+00:00,-35.576666,-71.678888,119.0,open-meteo_ecmwf_ifs,daily,22.067501,10.117499,11.87,11.979999,1.3528627,83.96649,0.0,16.836620759754656,1.713649404237193
2023-04-25 00:00:00+00:00,-35.576666,-71.678888,119.0,open-meteo_ecmwf_ifs,daily,21.8675,8.5175,11.23,10.265416,1.4394174,78.723305,0.0,16.66731501785606,1.6849500943153846
2023-04-26 00:00:00+00:00,-35.576666,-71.678888,119.0,open-meteo_ecmwf_ifs,daily,19.8675,11.2675,7.84,8.709167,2.1631186,66.52682,0.0,16.499946159663512,1.8798749460711173
2023-04-27 00:00:00+00:00,-35.576666,-71.678888,119.0,open-meteo_ecmwf_ifs,daily,20.6175,10.2175,9.57,10.204998,2.3110392,76.680275,0.0,16.334571148111646,1.8034032306054542
2023-04-28 00:00:00+00:00,-35.576666,-71.678888,119.0,open-meteo_ecmwf_ifs,daily,18.9675,12.7675,4.1,11.177917,5.4415345,79.4952,13.299999,16.171245825499675,2.0119281861029963
2023-04-29 00:00:00+00:00,-35.576666,-71.678888,119.0,open-meteo_ecmwf_ifs,daily,17.1175,14.1675,5.21,13.259167,6.286905,88.0653,14.900001,16.010024888335618,1.4308062237404509
2023-04-30 00:00:00+00:00,-35.576666,-71.678888,119.0,open-meteo_ecmwf_ifs,daily,16.667501,9.867499,11.4,9.802917,2.2052567,81.095024,3.4999998,15.850961864212444,1.5216833456396868
2023-05-01 00:00:00+00:00,-35.576666,-71.678888,119.0,open-meteo_ecmwf_ifs,daily,15.5675,6.4175,13.6,5.7175,4.202475,74.623665,0.0,15.69410909073796,1.9663882894663909
2023-05-02 00:00:00+00:00,-35.576666,-71.678888,119.0,open-meteo_ecmwf_ifs,daily,16.4675,5.6675,13.6,5.18625,3.4906485,72.44162,0.0,15.539517696534558,1.9467462119108678
2023-05-03 00:00:00+00:00,-35.576666,-71.678888,119.0,open-meteo_ecmwf_ifs,daily,14.5675,6.8675003,9.73,7.238333,2.3955157,85.78208,0.0,15.387237584319347,1.310328225487527
2023-05-04 00:00:00+00:00,-35.576666,-71.678888,119.0,open-meteo_ecmwf_ifs,daily,13.6675,5.0175004,7.77,7.0154166,1.7597055,88.73776,0.0,15.23731741606957,0.98599280650596
2023-05-05 00:00:00+00:00,-35.576666,-71.678888,119.0,open-meteo_ecmwf_ifs,daily,15.617499,7.1675,8.86,8.755,1.7111139,86.85517,0.0,15.089804600272513,1.126391030524041
2023-05-06 00:00:00+00:00,-35.576666,-71.678888,119.0,open-meteo_ecmwf_ifs,daily,15.4175,7.0675,5.79,8.596667,1.6802119,87.59452,0.0,14.944745281253237,0.9806722279316439
2023-05-07 00:00:00+00:00,-35.576666,-71.678888,119.0,open-meteo_ecmwf_ifs,daily,17.317501,7.2175,9.42,9.677915,1.9555591,87.92805,0.0,14.802184330567776,1.1816396721807985
2023-05-08 00:00:00+00:00,-35.576666,-71.678888,119.0,open-meteo_ecmwf_ifs,daily,17.067501,6.4675,11.07,8.1425,2.2628827,85.22236,0.0,14.662165340443707,1.3601546571262688
2023-05-09 00:00:00+00:00,-35.576666,-71.678888,119.0,open-meteo_ecmwf_ifs,daily,18.667501,6.7175,11.42,7.8487496,2.6288745,80.20783,0.0,14.524730619244101,1.6077274289609054
2023-05-10 00:00:00+00:00,-35.576666,-71.678888,119.0,open-meteo_ecmwf_ifs,daily,16.317501,7.4175,7.32,8.427916,2.7159786,82.09904,0.5,14.389921188925282,1.2452543849165263
2023-05-11 00:00:00+00:00,-35.576666,-71.678888,119.0,open-meteo_ecmwf_ifs,daily,21.667501,9.117499,11.71,9.702914,3.665208,75.45721,0.0,14.25777678445285,2.0864743405192185
2023-05-12 00:00:00+00:00,-35.576666,-71.678888,119.0,open-meteo_ecmwf_ifs,daily,24.417501,12.367499,11.44,12.188334,4.583045,76.119896,0.0,14.128335855135033,2.598618990801663
2023-05-13 00:00:00+00:00,-35.576666,-71.678888,119.0,open-meteo_ecmwf_ifs,daily,21.3675,12.0675,11.9,12.327915,4.2447762,78.90545,0.0,14.001635567826561,2.0263496149182
2023-05-14 00:00:00+00:00,-35.576666,-71.678888,119.0,open-meteo_ecmwf_ifs,daily,18.9675,6.7175,9.6,9.5925,2.748496,85.94605,0.0,13.877711811950917,1.306099972315482
2023-05-15 00:00:00+00:00,-35.576666,-71.678888,119.0,open-meteo_ecmwf_ifs,daily,19.5175,12.117499,4.86,12.019582,3.4066489,82.17402,0.1,13.75659920628324,1.4532862786481966
2023-05-16 00:00:00+00:00,-35.576666,-71.678888,119.0,open-meteo_ecmwf_ifs,daily,19.5175,11.0175,8.51,12.254998,1.2001384,85.98458,0.1,13.638331107430961,1.1302843392894408
2023-05-17 00:00:00+00:00,-35.576666,-71.678888,119.0,open-meteo_ecmwf_ifs,daily,16.667501,11.0175,4.75,11.504998,1.5578251,88.13697,1.4000001,13.52293961994383,0.9069714054783322
2023-05-18 00:00:00+00:00,-35.576666,-71.678888,119.0,open-meteo_ecmwf_ifs,daily,16.2175,9.4175,7.32,9.225833,2.2510524,83.81979,0.0,13.410455607980365,1.185581653961788
2023-05-19 00:00:00+00:00,-35.576666,-71.678888,119.0,open-meteo_ecmwf_ifs,daily,17.8675,7.8175,10.8,7.9466662,3.3858612,78.19259,0.0,13.300908708452313,1.625521580927891
2023-05-20 00:00:00+00:00,-35.576666,-71.678888,119.0,open-meteo_ecmwf_ifs,daily,14.4675,2.9175,11.11,4.5362506,2.1246634,79.18978,0.0,13.194327345564675,1.120396703900103
2023-05-21 00:00:00+00:00,-35.576666,-71.678888,119.0,open-meteo_ecmwf_ifs,daily,12.4675,7.9175,1.71,6.9779162,4.700599,82.27877,18.4,13.090738746663735,1.1471556451355174
2023-05-22 00:00:00+00:00,-35.576666,-71.678888,119.0,open-meteo_ecmwf_ifs,daily,16.7675,9.1675,6.83,8.68625,4.0160546,79.63218,25.200003,12.990168959301942,1.5173333590095806
2023-05-23 00:00:00+00:00,-35.576666,-71.678888,119.0,open-meteo_ecmwf_ifs,daily,14.1675,11.367499,2.5,11.082082,4.297911,86.48397,29.6,12.892642869424003,0.8517779116376059
2023-05-24 00:00:00+00:00,-35.576666,-71.678888,119.0,open-meteo_ecmwf_ifs,daily,17.2175,9.867499,7.69,8.723749,2.923108,78.57003,0.3,12.79818422057518,1.4631913638333538
2023-05-25 00:00:00+00:00,-35.576666,-71.678888,119.0,open-meteo_ecmwf_ifs,daily,15.3175,8.5175,6.8,8.700834,1.467824,83.995964,0.0,12.706815634029265,0.938466441986854
2023-05-26 00:00:00+00:00,-35.576666,-71.678888,119.0,open-meteo_ecmwf_ifs,daily,14.2175,6.9675,3.61,8.4487505,2.689166,89.28961,0.70000005,12.61855862973075,0.8203555738732883
2023-05-27 00:00:00+00:00,-35.576666,-71.678888,119.0,open-meteo_ecmwf_ifs,daily,12.7175,4.0675,10.69,4.8883333,3.5491638,79.81851,0.0,12.533433647942898,1.1241528407761292
2023-05-28 00:00:00+00:00,-35.576666,-71.678888,119.0,open-meteo_ecmwf_ifs,daily,9.4175,2.4175,4.78,4.06125,1.4360718,90.8332,0.0,12.45146007149115,0.6102006040301099
2023-05-29 00:00:00+00:00,-35.576666,-71.678888,119.0,open-meteo_ecmwf_ifs,daily,14.0675,3.2675,9.86,5.6820836,1.9464235,86.561005,0.0,12.372656248489434,0.8889612664365971
2023-05-30 00:00:00+00:00,-35.576666,-71.678888,119.0,open-meteo_ecmwf_ifs,daily,16.2175,5.4675,7.34,7.4112496,1.6101927,90.47165,0.0,12.297039515435285,0.9205550052578952
2023-05-31 00:00:00+00:00,-35.576666,-71.678888,119.0,open-meteo_ecmwf_ifs,daily,17.2175,8.7175,7.35,9.442499,1.5006789,84.72325,2.1999998,12.224626220558676,0.976761465852906
2023-06-01 00:00:00+00:00,-35.576666,-71.678888,119.0,open-meteo_ecmwf_ifs,daily,15.7175,7.4675,6.09,9.734166,3.024968,88.8635,0.0,12.1554317473089,0.8472941176024523
2023-06-02 00:00:00+00:00,-35.576666,-71.678888,119.0,open-meteo_ecmwf_ifs,daily,16.7675,12.2675,5.22,11.271667,3.3367825,86.05779,29.000004,12.089470537863436,1.2136379573522311
2023-06-03 00:00:00+00:00,-35.576666,-71.678888,119.0,open-meteo_ecmwf_ifs,daily,17.1175,9.9175,6.28,10.702916,3.088745,89.47223,3.3999999,12.026756116543403,1.0829973102907597
2023-06-04 00:00:00+00:00,-35.576666,-71.678888,119.0,open-meteo_ecmwf_ifs,daily,15.867499,7.7175,10.34,9.209165,2.7607281,88.01263,1.1,11.96730111302065,1.0060576319111534
2023-06-05 00:00:00+00:00,-35.576666,-71.678888,119.0,open-meteo_ecmwf_ifs,daily,16.567501,5.2675004,9.56,5.6841674,2.1247075,78.64583,0.0,11.911117285203076,1.163640408751449
2023-06-06 00:00:00+00:00,-35.576666,-71.678888,119.0,open-meteo_ecmwf_ifs,daily,16.2675,8.617499,4.85,10.163333,1.8210373,90.20156,0.1,11.858215541686578,0.808669313570186
2023-06-07 00:00:00+00:00,-35.576666,-71.678888,119.0,open-meteo_ecmwf_ifs,daily,16.567501,8.8175,7.79,11.296665,1.8955237,92.06784,0.2,11.808605963664144,0.7704463329814554
2023-06-08 00:00:00+00:00,-35.576666,-71.678888,119.0,open-meteo_ecmwf_ifs,daily,15.0675,11.5175,2.17,11.89875,6.154261,91.641136,18.2,11.762297826185879,0.8142580059573321
2023-06-09 00:00:00+00:00,-35.576666,-71.678888,119.0,open-meteo_ecmwf_ifs,daily,14.0175,7.0675,9.13,7.9966674,2.6274822,82.87536,14.3,11.719299618666536,0.8994422336991719
2023-06-10 00:00:00+00:00,-35.576666,-71.678888,119.0,open-meteo_ecmwf_ifs,daily,12.9675,3.8174999,10.32,3.596667,4.050663,76.225,0.0,11.679619064541582,1.2965651634902813
2023-06-11 00:00:00+00:00,-35.576666,-71.678888,119.0,open-meteo_ecmwf_ifs,daily,9.9175,2.0674999,10.55,0.79458326,4.5743165,71.07926,0.0,11.643263139976678,1.2909906004730018
2023-06-12 00:00:00+00:00,-35.576666,-71.678888,119.0,open-meteo_ecmwf_ifs,daily,11.2175,2.3675,9.52,2.0341668,3.1142864,79.24151,0.0,11.610238091540667,1.080654854507805
2023-06-13 00:00:00+00:00,-35.576666,-71.678888,119.0,open-meteo_ecmwf_ifs,daily,10.2175,1.6675,8.6,2.3195834,1.4313455,84.58462,0.0,11.580549452757165,0.7042254714111896
2023-06-14 00:00:00+00:00,-35.576666,-71.678888,119.0,open-meteo_ecmwf_ifs,daily,14.5675,0.76750004,9.17,0.49874997,1.2694803,70.035324,0.0,11.554202059455813,0.8957343585305092
2023-06-15 00:00:00+00:00,-35.576666,-71.678888,119.0,open-meteo_ecmwf_ifs,daily,16.7175,6.7675004,8.22,8.752915,2.9160368,87.538574,0.0,11.531200063850246,1.0098581406378573
2023-06-16 00:00:00+00:00,-35.576666,-71.678888,119.0,open-meteo_ecmwf_ifs,daily,13.7175,7.0675,8.19,7.8529167,3.4752352,87.30197,0.0,11.5115469472764,0.9330703493010742
2023-06-17 00:00:00+00:00,-35.576666,-71.678888,119.0,open-meteo_ecmwf_ifs,daily,13.6675,4.4675,8.16,6.2112503,1.7688597,90.526215,0.0,11.495245531531806,0.7712404178590042
2023-06-18 00:00:00+00:00,-35.576666,-71.678888,119.0,open-meteo_ecmwf_ifs,daily,12.367499,3.4175,3.53,6.0883336,1.714687,94.03366,0.2,11.482297988763413,0.6091265215753592
2023-06-19 00:00:00+00:00,-35.576666,-71.678888,119.0,open-meteo_ecmwf_ifs,daily,15.7175,6.1175003,5.17,8.371667,1.0414057,92.30981,0.6,11.47270584985941,0.6915815071537572
2023-06-20 00:00:00+00:00,-35.576666,-71.678888,119.0,open-meteo_ecmwf_ifs,daily,13.617499,7.2675004,4.94,9.071666,1.2655405,94.64414,0.0,11.4664700113078,0.6109008843419337
2023-06-21 00:00:00+00:00,-35.576666,-71.678888,119.0,open-meteo_ecmwf_ifs,daily,15.117499,8.2175,4.56,10.002916,2.2276978,91.25058,0.6,11.463590740492808,0.7135860481021304
2023-06-22 00:00:00+00:00,-35.576666,-71.678888,119.0,open-meteo_ecmwf_ifs,daily,15.4675,11.867499,1.62,11.686249,5.297994,89.81213,42.200005,11.464067679407938,0.9621250084977574
2023-06-23 00:00:00+00:00,-35.576666,-71.678888,119.0,open-meteo_ecmwf_ifs,daily,15.8175,13.5675,1.15,13.727917,5.561896,93.670074,38.600002,11.467899846772983,0.6667373549332734
2023-06-24 00:00:00+00:00,-35.576666,-71.678888,119.0,open-meteo_ecmwf_ifs,daily,16.417501,14.7675,1.17,14.196667,5.76672,93.034454,55.500004,11.47508563855033,0.8369552837907994
2023-06-25 00:00:00+00:00,-35.576666,-71.678888,119.0,open-meteo_ecmwf_ifs,daily,15.9175,14.0175,2.08,13.652915,6.2932506,91.661476,26.400002,11.485622826864326,0.8273441167570625
2023-06-26 00:00:00+00:00,-35.576666,-71.678888,119.0,open-meteo_ecmwf_ifs,daily,14.0175,9.4675,4.23,10.813333,1.3315843,92.71686,0.4,11.499508557335568,0.5915936577894161
2023-06-27 00:00:00+00:00,-35.576666,-71.678888,119.0,open-meteo_ecmwf_ifs,daily,14.617499,8.6675,9.11,7.54875,2.337643,80.01196,11.300002,11.516739344850212,1.0758092578544804
2023-06-28 00:00:00+00:00,-35.576666,-71.678888,119.0,open-meteo_ecmwf_ifs,daily,12.5175,5.4675,6.19,4.3529162,3.5649698,76.54701,0.0,11.53731106779247,1.2245511328420235
2023-06-29 00:00:00+00:00,-35.576666,-71.678888,119.0,open-meteo_ecmwf_ifs,daily,13.0175,3.1175,6.75,4.0258336,1.5291382,79.5967,0.0,11.561218960776122,0.8057564918169595
2023-06-30 00:00:00+00:00,-35.576666,-71.678888,119.0,open-meteo_ecmwf_ifs,daily,16.8675,3.4675,9.62,6.563333,1.2214113,84.10787,0.0,11.588457605918737,0.7983848936892334
2023-07-01 00:00:00+00:00,-35.576666,-71.678888,119.0,open-meteo_ecmwf_ifs,daily,14.1675,6.0675,6.95,7.8237495,1.5652906,91.84552,0.0,11.619020922709527,0.7345490464265769
2023-07-02 00:00:00+00:00,-35.576666,-71.678888,119.0,open-meteo_ecmwf_ifs,daily,12.867499,8.8175,1.2,9.76125,4.1233554,90.87368,13.700001,11.652902156528818,0.6094203280786431
2023-07-03 00:00:00+00:00,-35.576666,-71.678888,119.0,open-meteo_ecmwf_ifs,daily,16.8675,8.0675,7.51,9.805,2.581041,86.19629,2.8999996,11.69009386588399,0.9613881225283414
2023-07-04 00:00:00+00:00,-35.576666,-71.678888,119.0,open-meteo_ecmwf_ifs,daily,13.8175,8.9675,4.57,9.463334,3.6442366,91.137276,5.3,11.730587908432987,0.8414879120333997
2023-07-05 00:00:00+00:00,-35.576666,-71.678888,119.0,open-meteo_ecmwf_ifs,daily,13.8175,9.7175,4.9,9.459167,1.3695852,89.07958,12.200001,11.774375425872538,0.7466622653863421
2023-07-06 00:00:00+00:00,-35.576666,-71.678888,119.0,open-meteo_ecmwf_ifs,daily,14.0675,9.5175,6.56,9.190415,1.2864246,88.658905,2.0,11.821446827773741,0.7903927195103744
2023-07-07 00:00:00+00:00,-35.576666,-71.678888,119.0,open-meteo_ecmwf_ifs,daily,11.617499,3.1175,4.68,5.6841664,2.226843,90.1067,0.0,11.871791774452815,0.6343908027954729
2023-07-08 00:00:00+00:00,-35.576666,-71.678888,119.0,open-meteo_ecmwf_ifs,daily,12.367499,9.7175,2.4,8.815417,4.495315,88.137,12.900002,11.925399158969437,0.9234746757744898
2023-07-09 00:00:00+00:00,-35.576666,-71.678888,119.0,open-meteo_ecmwf_ifs,daily,13.0175,4.7175,8.97,6.5195827,2.2045193,88.34446,0.0,11.98225708834914,0.8058595257435425
2023-07-10 00:00:00+00:00,-35.576666,-71.678888,119.0,open-meteo_ecmwf_ifs,daily,12.8175,1.8175,10.83,4.0508337,2.1701007,83.37788,0.0,12.042352864130155,0.8657565757551742
2023-07-11 00:00:00+00:00,-35.576666,-71.678888,119.0,open-meteo_ecmwf_ifs,daily,12.0175,3.9675,2.53,7.88625,2.6107376,89.83512,6.7000003,12.105672962337875,0.39977449008850174
2023-07-12 00:00:00+00:00,-35.576666,-71.678888,119.0,open-meteo_ecmwf_ifs,daily,12.367499,5.4675,7.33,7.396666,1.8541418,86.30411,18.600002,12.172203012993135,0.6920687093100537
2023-07-13 00:00:00+00:00,-35.576666,-71.678888,119.0,open-meteo_ecmwf_ifs,daily,12.617499,1.8675,9.48,4.575833,2.137018,86.78448,0.0,12.241927779262314,0.8091460687990308
2023-07-14 00:00:00+00:00,-35.576666,-71.678888,119.0,open-meteo_ecmwf_ifs,daily,12.367499,2.9675,6.18,4.863333,2.1023872,87.8545,0.0,12.314831136359164,0.804136020449873
2023-07-15 00:00:00+00:00,-35.576666,-71.678888,119.0,open-meteo_ecmwf_ifs,daily,12.5675,3.2675,10.92,3.9904168,3.7744353,80.92909,0.0,12.390896050309172,1.177032354410988
2023-07-16 00:00:00+00:00,-35.576666,-71.678888,119.0,open-meteo_ecmwf_ifs,daily,10.3175,2.2175,6.91,2.44875,2.5541022,81.25538,0.0,12.470104556688108,0.9345829178937898
2023-07-17 00:00:00+00:00,-35.576666,-71.678888,119.0,open-meteo_ecmwf_ifs,daily,13.117499,2.9175,9.45,4.284167,1.2089473,87.843254,0.0,12.55243773944638,0.8401062896530531
2023-07-18 00:00:00+00:00,-35.576666,-71.678888,119.0,open-meteo_ecmwf_ifs,daily,12.8175,3.2675,4.35,6.215416,0.86690193,87.95237,0.0,12.637875709930581,0.6230406639945348
2023-07-19 00:00:00+00:00,-35.576666,-71.678888,119.0,open-meteo_ecmwf_ifs,daily,16.9675,5.5175004,8.22,6.9216666,1.2339983,79.730484,0.0,12.726397586212975,0.9825732714363661
2023-07-20 00:00:00+00:00,-35.576666,-71.678888,119.0,open-meteo_ecmwf_ifs,daily,16.167501,6.7675004,4.86,8.852916,3.130746,87.032074,0.0,12.817981472838119,0.992779051334555
2023-07-21 00:00:00+00:00,-35.576666,-71.678888,119.0,open-meteo_ecmwf_ifs,daily,14.7675,11.867499,5.19,10.838332,5.724199,87.93552,18.7,12.912604441094702,1.2248156995035333
2023-07-22 00:00:00+00:00,-35.576666,-71.678888,119.0,open-meteo_ecmwf_ifs,daily,13.3175,8.7175,7.84,9.027917,2.7723992,87.97668,9.399999,13.01024250991817,0.9292035895561287
2023-07-23 00:00:00+00:00,-35.576666,-71.678888,119.0,open-meteo_ecmwf_ifs,daily,9.9675,4.9175,3.58,5.7800007,2.2917695,90.56308,0.0,13.110870627527623,0.6651907201014177
2023-07-24 00:00:00+00:00,-35.576666,-71.678888,119.0,open-meteo_ecmwf_ifs,daily,14.367499,3.5175,10.26,5.1029162,1.0140517,86.41919,0.0,13.214462653897755,0.9244816574182257
2023-07-25 00:00:00+00:00,-35.576666,-71.678888,119.0,open-meteo_ecmwf_ifs,daily,13.0175,8.4675,3.77,8.211249,1.8827558,87.006134,4.1,13.320991344163259,0.8405520441565999
2023-07-26 00:00:00+00:00,-35.576666,-71.678888,119.0,open-meteo_ecmwf_ifs,daily,12.6675,5.3675003,7.73,6.7820835,2.797084,89.57092,0.0,13.430428333050116,0.9200670668297233
2023-07-27 00:00:00+00:00,-35.576666,-71.678888,119.0,open-meteo_ecmwf_ifs,daily,15.2675,3.6175,11.02,6.644583,1.8314601,88.58021,0.1,13.542744120424278,1.0252874317046945
2023-07-28 00:00:00+00:00,-35.576666,-71.678888,119.0,open-meteo_ecmwf_ifs,daily,17.0175,5.9675,8.81,8.346666,1.8603662,86.76688,0.0,13.657908058044411,1.0923235092984906
2023-07-29 00:00:00+00:00,-35.576666,-71.678888,119.0,open-meteo_ecmwf_ifs,daily,17.2175,5.5675,10.68,9.28,2.2392147,90.605156,0.0,13.775888337601328,1.0737546208066455
2023-07-30 00:00:00+00:00,-35.576666,-71.678888,119.0,open-meteo_ecmwf_ifs,daily,17.417501,8.4175,6.72,10.736251,2.4218848,92.705666,0.0,13.896651980122169,1.0243101644640227
2023-07-31 00:00:00+00:00,-35.576666,-71.678888,119.0,open-meteo_ecmwf_ifs,daily,18.0175,8.9175,7.96,10.894584,1.8994712,92.95425,0.0,14.02016482681309,1.1092356630261762
2023-08-01 00:00:00+00:00,-35.576666,-71.678888,119.0,open-meteo_ecmwf_ifs,daily,18.167501,8.4675,10.43,9.92375,1.922564,89.948814,0.0,14.146391531409344,1.2998172143517868
2023-08-02 00:00:00+00:00,-35.576666,-71.678888,119.0,open-meteo_ecmwf_ifs,daily,15.9175,6.6175003,12.93,6.982083,4.610795,79.26839,0.0,14.27529555409671,1.7197652532216696
2023-08-03 00:00:00+00:00,-35.576666,-71.678888,119.0,open-meteo_ecmwf_ifs,daily,14.1675,2.4675,13.14,2.68625,3.0585907,70.20293,0.0,14.40683915706352,1.5512541144230327
2023-08-04 00:00:00+00:00,-35.576666,-71.678888,119.0,open-meteo_ecmwf_ifs,daily,14.8175,2.4175,13.53,3.2070835,2.3628867,74.23449,0.0,14.540983401737023,1.4532916726642362
2023-08-05 00:00:00+00:00,-35.576666,-71.678888,119.0,open-meteo_ecmwf_ifs,daily,14.367499,4.5675,5.83,6.6445827,1.8748854,89.75332,0.0,14.677688147753038,0.9517258983706992
2023-08-06 00:00:00+00:00,-35.576666,-71.678888,119.0,open-meteo_ecmwf_ifs,daily,16.667501,8.617499,10.92,9.377916,1.1714355,84.49252,0.1,14.816912053702223,1.2406000410221363
2023-08-07 00:00:00+00:00,-35.576666,-71.678888,119.0,open-meteo_ecmwf_ifs,daily,15.617499,4.1175003,10.43,7.275833,1.6271926,86.638664,0.0,14.958612579691186,1.1086048750089348
2023-08-08 00:00:00+00:00,-35.576666,-71.678888,119.0,open-meteo_ecmwf_ifs,daily,16.2175,6.0675,10.15,8.13625,1.0391767,89.64932,0.0,15.102745991751158,1.1364893756169676
2023-08-09 00:00:00+00:00,-35.576666,-71.678888,119.0,open-meteo_ecmwf_ifs,daily,14.9175,7.3175,5.32,8.669583,2.419801,87.091835,0.0,15.24926736812163,1.0067682339565855
2023-08-10 00:00:00+00:00,-35.576666,-71.678888,119.0,open-meteo_ecmwf_ifs,daily,13.7175,9.2675,8.31,7.8945847,4.718338,81.49793,38.299995,15.398130607430868,1.538943688214494
2023-08-11 00:00:00+00:00,-35.576666,-71.678888,119.0,open-meteo_ecmwf_ifs,daily,13.867499,4.3675003,14.16,4.815417,3.448386,80.472496,0.0,15.549288438789773,1.6060983952885477
2023-08-12 00:00:00+00:00,-35.576666,-71.678888,119.0,open-meteo_ecmwf_ifs,daily,17.167501,4.3175,13.96,2.7633333,3.9082139,65.235085,0.0,15.702692433810236,2.307918229412669
2023-08-13 00:00:00+00:00,-35.576666,-71.678888,119.0,open-meteo_ecmwf_ifs,daily,19.4675,4.6175003,13.79,5.1362495,3.1396883,65.826546,0.0,15.858293020553585,2.1155937473395356
2023-08-14 00:00:00+00:00,-35.576666,-71.678888,119.0,open-meteo_ecmwf_ifs,daily,17.8675,5.8175,10.32,9.554998,1.7310995,88.00947,0.0,16.016039499409555,1.240894194491678
2023-08-15 00:00:00+00:00,-35.576666,-71.678888,119.0,open-meteo_ecmwf_ifs,daily,15.1675,9.617499,4.69,10.605,2.1024525,92.37307,0.1,16.175880060900607,0.930200609851637
2023-08-16 00:00:00+00:00,-35.576666,-71.678888,119.0,open-meteo_ecmwf_ifs,daily,16.417501,10.6675,5.82,10.496667,4.0602303,86.063194,9.7,16.337761805401495,1.4023104307133443
2023-08-17 00:00:00+00:00,-35.576666,-71.678888,119.0,open-meteo_ecmwf_ifs,daily,16.067501,10.2675,11.15,9.28625,2.8176363,81.76522,10.9,16.501630764758385,1.6756105321710069
2023-08-18 00:00:00+00:00,-35.576666,-71.678888,119.0,open-meteo_ecmwf_ifs,daily,14.117499,4.7175,11.51,5.788334,1.2103053,86.09759,0.1,16.66743192578701,1.2956861312107326
2023-08-19 00:00:00+00:00,-35.576666,-71.678888,119.0,open-meteo_ecmwf_ifs,daily,13.6675,9.2675,1.2,9.084167,4.248582,88.342125,34.100002,16.835109255624094,0.9815797401577306
2023-08-20 00:00:00+00:00,-35.576666,-71.678888,119.0,open-meteo_ecmwf_ifs,daily,14.3175,11.6675,2.15,12.01125,5.1363893,93.568275,34.699997,17.004605728901293,0.7255157230920972
2023-08-21 00:00:00+00:00,-35.576666,-71.678888,119.0,open-meteo_ecmwf_ifs,daily,14.1675,11.9175,2.64,12.277917,5.476782,91.50003,51.2,17.175863356706206,0.6874647377852918
2023-08-22 00:00:00+00:00,-35.576666,-71.678888,119.0,open-meteo_ecmwf_ifs,daily,13.6675,9.0175,6.44,8.484166,2.3577738,85.795876,36.699993,17.34882321728991,1.1930757612255163
2023-08-23 00:00:00+00:00,-35.576666,-71.678888,119.0,open-meteo_ecmwf_ifs,daily,14.5175,5.6675,13.56,6.484167,2.2768028,82.99781,1.4000001,17.523425488476214,1.5941650801731784
2023-08-24 00:00:00+00:00,-35.576666,-71.678888,119.0,open-meteo_ecmwf_ifs,daily,13.5175,3.8174999,12.27,5.7716675,1.6352463,83.37782,2.8,17.699609481722867,1.35058771802882
2023-08-25 00:00:00+00:00,-35.576666,-71.678888,119.0,open-meteo_ecmwf_ifs,daily,13.7675,3.7175,15.92,5.0091667,1.8040576,82.25724,0.4,17.877313677780847,1.6317728916785117
2023-08-26 00:00:00+00:00,-35.576666,-71.678888,119.0,open-meteo_ecmwf_ifs,daily,15.7675,1.4175,16.83,3.505,2.654147,74.63711,0.0,18.056475763893488,1.8829817124201558
2023-08-27 00:00:00+00:00,-35.576666,-71.678888,119.0,open-meteo_ecmwf_ifs,daily,17.0175,1.6175,17.2,4.1758337,1.8836972,77.4089,0.0,18.237032672473088,1.875750973345712
2023-08-28 00:00:00+00:00,-35.576666,-71.678888,119.0,open-meteo_ecmwf_ifs,daily,14.5675,6.8175,5.54,7.2862506,2.3161051,82.6415,7.8999996,18.418920621188445,1.2197520742695773
2023-08-29 00:00:00+00:00,-35.576666,-71.678888,119.0,open-meteo_ecmwf_ifs,daily,17.167501,4.6175003,12.68,7.0799994,1.8228117,85.44168,0.0,18.602075154393535,1.6395330293480395
2023-08-30 00:00:00+00:00,-35.576666,-71.678888,119.0,open-meteo_ecmwf_ifs,daily,16.7675,7.8175,14.83,5.71125,2.3489301,69.63659,2.6,18.78643118582318,2.2119480895775485
2023-08-31 00:00:00+00:00,-35.576666,-71.678888,119.0,open-meteo_ecmwf_ifs,daily,14.7175,3.3675,14.05,4.5362506,3.5615218,74.91311,0.0,18.971923042478675,1.8629322055406152
2023-09-01 00:00:00+00:00,-35.576666,-71.678888,119.0,open-meteo_ecmwf_ifs,daily,14.867499,4.6675,8.55,6.4029174,2.048928,83.4163,0.0,19.158484509622827,1.3437091720136376
2023-09-02 00:00:00+00:00,-35.576666,-71.678888,119.0,open-meteo_ecmwf_ifs,daily,12.4675,9.367499,2.73,9.632083,1.8116914,93.074615,13.1,19.3460488768007,0.755184450862652
2023-09-03 00:00:00+00:00,-35.576666,-71.678888,119.0,open-meteo_ecmwf_ifs,daily,13.3175,8.8175,5.23,8.902917,1.6266437,91.299995,15.999999,19.53454898479983,1.0304226253178337
2023-09-04 00:00:00+00:00,-35.576666,-71.678888,119.0,open-meteo_ecmwf_ifs,daily,12.7175,9.8175,4.19,9.754999,1.882679,91.562294,16.4,19.723917273460536,0.9007149547991525
2023-09-05 00:00:00+00:00,-35.576666,-71.678888,119.0,open-meteo_ecmwf_ifs,daily,11.7175,6.4675,2.29,8.240417,1.8165784,93.598175,10.4,19.914085830245092,0.6404762887246133
2023-09-06 00:00:00+00:00,-35.576666,-71.678888,119.0,open-meteo_ecmwf_ifs,daily,16.667501,10.0675,14.55,8.769584,3.5474727,79.007256,29.400002,20.104986439471787,2.2933499637086765
2023-09-07 00:00:00+00:00,-35.576666,-71.678888,119.0,open-meteo_ecmwf_ifs,daily,15.2675,3.4175,12.71,5.6966667,1.8203931,81.807106,0.0,20.296550632118187,1.6308735032457533
2023-09-08 00:00:00+00:00,-35.576666,-71.678888,119.0,open-meteo_ecmwf_ifs,daily,16.8675,7.0675,18.48,7.5362506,1.8617867,79.227066,1.4,20.488709736096364,2.2707507542437013
2023-09-09 00:00:00+00:00,-35.576666,-71.678888,119.0,open-meteo_ecmwf_ifs,daily,13.9175,9.867499,4.35,8.315415,3.545334,80.688484,31.099998,20.681394926900794,1.4030048498909515
2023-09-10 00:00:00+00:00,-35.576666,-71.678888,119.0,open-meteo_ecmwf_ifs,daily,14.4675,11.617499,3.6,10.894584,4.990583,89.27483,20.0,20.874537278529242,1.179726489533072
2023-09-11 00:00:00+00:00,-35.576666,-71.678888,119.0,open-meteo_ecmwf_ifs,daily,15.9675,6.3675003,18.82,7.2654166,2.7771082,76.3919,12.000001,21.068067814575134,2.278567931835083
2023-09-12 00:00:00+00:00,-35.576666,-71.678888,119.0,open-meteo_ecmwf_ifs,daily,15.617499,4.3175,20.0,4.53,3.5791218,72.87494,0.0,21.261917559389712,2.5158272486864903
2023-09-13 00:00:00+00:00,-35.576666,-71.678888,119.0,open-meteo_ecmwf_ifs,daily,13.8175,3.2675,9.66,5.552917,1.3921317,82.92373,0.0,21.456017589211964,1.3536698240546123
2023-09-14 00:00:00+00:00,-35.576666,-71.678888,119.0,open-meteo_ecmwf_ifs,daily,18.167501,9.2675,10.29,9.17375,1.9784383,81.345566,9.0,21.650299083163496,1.8792132736842413
2023-09-15 00:00:00+00:00,-35.576666,-71.678888,119.0,open-meteo_ecmwf_ifs,daily,20.1175,7.1175003,15.24,10.321665,2.004509,88.56882,0.0,21.84469337400648,2.1402646274360975
2023-09-16 00:00:00+00:00,-35.576666,-71.678888,119.0,open-meteo_ecmwf_ifs,daily,14.5175,11.2675,4.83,10.336248,3.372317,85.97229,10.3,22.03913199856259,1.28059225806251
2023-09-17 00:00:00+00:00,-35.576666,-71.678888,119.0,open-meteo_ecmwf_ifs,daily,14.2175,5.1175003,20.24,4.596667,3.3024437,72.7194,0.0,22.233546747691683,2.4911207110256774
2023-09-18 00:00:00+00:00,-35.576666,-71.678888,119.0,open-meteo_ecmwf_ifs,daily,15.4175,3.1675,21.19,2.9904163,3.871794,67.29666,0.0,22.42786971573025,2.7312186660014537
2023-09-19 00:00:00+00:00,-35.576666,-71.678888,119.0,open-meteo_ecmwf_ifs,daily,15.867499,4.9675,12.88,3.7799997,3.629556,68.05671,0.0,22.622033349290277,2.3930996480064137
2023-09-20 00:00:00+00:00,-35.576666,-71.678888,119.0,open-meteo_ecmwf_ifs,daily,16.3675,4.8175,9.71,7.3195834,3.4818401,80.30083,0.4,22.815970495321398,1.6619707001875226
2023-09-21 00:00:00+00:00,-35.576666,-71.678888,119.0,open-meteo_ecmwf_ifs,daily,17.6175,9.5175,12.73,8.969583,3.5999193,79.61067,4.0,23.009614448340564,2.3238186051773124
2023-09-22 00:00:00+00:00,-35.576666,-71.678888,119.0,open-meteo_ecmwf_ifs,daily,14.9175,11.1675,6.23,9.4800005,1.5804487,80.06776,0.0,23.202898996735534,1.3966527941956932
2023-09-23 00:00:00+00:00,-35.576666,-71.678888,119.0,open-meteo_ecmwf_ifs,daily,19.1175,7.2175,18.15,7.742499,2.3867655,75.10865,0.0,23.395758468051298,2.6895623812886784
2023-09-24 00:00:00+00:00,-35.576666,-71.678888,119.0,open-meteo_ecmwf_ifs,daily,18.067501,4.2675004,22.02,6.4779167,2.132717,77.87388,0.0,23.588127773170523,2.7166346069176077
2023-09-25 00:00:00+00:00,-35.576666,-71.678888,119.0,open-meteo_ecmwf_ifs,daily,17.167501,5.2175,19.56,6.1091676,2.335323,75.81832,3.4,23.779942449302617,2.60142404446498
2023-09-26 00:00:00+00:00,-35.576666,-71.678888,119.0,open-meteo_ecmwf_ifs,daily,16.567501,4.5675,21.81,6.175833,3.9433353,76.61767,6.8,23.97113870169882,2.7026119600872125
2023-09-27 00:00:00+00:00,-35.576666,-71.678888,119.0,open-meteo_ecmwf_ifs,daily,16.817501,3.9175,23.17,3.73625,4.3738446,65.609375,0.0,24.161653444014092,3.156688899248814
2023-09-28 00:00:00+00:00,-35.576666,-71.678888,119.0,open-meteo_ecmwf_ifs,daily,17.567501,8.367499,22.89,6.9779167,4.5644364,73.9139,0.0,24.351424337240626,3.3756935206510352
2023-09-29 00:00:00+00:00,-35.576666,-71.678888,119.0,open-meteo_ecmwf_ifs,daily,21.567501,3.7675,22.82,7.0466666,2.1893513,72.88853,0.0,24.540389827141148,3.0749192385519972
2023-09-30 00:00:00+00:00,-35.576666,-71.678888,119.0,open-meteo_ecmwf_ifs,daily,23.667501,6.6675,23.32,9.661249,1.6123911,74.04156,0.0,24.72848918011466,3.3134672897415096
2023-10-01 00:00:00+00:00,-35.576666,-71.678888,119.0,open-meteo_ecmwf_ifs,daily,16.817501,8.8175,9.62,9.371666,2.4059172,84.04651,0.2,24.915662517431688,1.7896806067239472
2023-10-02 00:00:00+00:00,-35.576666,-71.678888,119.0,open-meteo_ecmwf_ifs,daily,14.867499,9.367499,11.24,6.784167,1.2552372,71.7255,1.5000001,25.101850847780003,1.9342653527678062
2023-10-03 00:00:00+00:00,-35.576666,-71.678888,119.0,open-meteo_ecmwf_ifs,daily,16.817501,5.8175,18.08,7.473749,1.6209656,79.17455,0.6,25.286996098067448,2.413484558168494
2023-10-04 00:00:00+00:00,-35.576666,-71.678888,119.0,open-meteo_ecmwf_ifs,daily,19.167501,5.2675004,24.08,6.7799993,2.711691,74.58907,0.0,25.471041142432416,3.214036570310844
2023-10-05 00:00:00+00:00,-35.576666,-71.678888,119.0,open-meteo_ecmwf_ifs,daily,19.0175,5.9675,22.02,6.4216666,1.7394806,71.16384,0.0,25.653929829418374,3.0492262784638355
2023-10-06 00:00:00+00:00,-35.576666,-71.678888,119.0,open-meteo_ecmwf_ifs,daily,17.3675,4.9675,19.29,5.6216674,1.5433253,70.59391,0.0,25.83560700727351,2.647873675296405
2023-10-07 00:00:00+00:00,-35.576666,-71.678888,119.0,open-meteo_ecmwf_ifs,daily,19.4675,6.4175,24.61,6.6841664,4.0689244,71.13718,0.0,26.016018547342068,3.588795998131865
2023-10-08 00:00:00+00:00,-35.576666,-71.678888,119.0,open-meteo_ecmwf_ifs,daily,19.817501,4.3175,24.88,5.2987504,3.413723,65.844536,0.0,26.195111365519512,3.521132080376649
2023-10-09 00:00:00+00:00,-35.576666,-71.678888,119.0,open-meteo_ecmwf_ifs,daily,21.4675,6.5175004,22.26,6.4175,3.1399066,64.64666,0.0,26.372833441748863,3.6269847390069567
2023-10-10 00:00:00+00:00,-35.576666,-71.678888,119.0,open-meteo_ecmwf_ifs,daily,18.917501,6.0175004,20.85,7.044583,2.113745,71.95112,0.0,26.54913383754152,2.9854969286251674
2023-10-11 00:00:00+00:00,-35.576666,-71.678888,119.0,open-meteo_ecmwf_ifs,daily,20.567501,6.8175,25.19,5.167501,3.1881745,60.12375,0.0,26.72396271151121,3.962576528486557
2023-10-12 00:00:00+00:00,-35.576666,-71.678888,119.0,open-meteo_ecmwf_ifs,daily,21.9675,6.7175,25.69,6.3216667,3.4712021,61.5849,0.0,26.8972713329157,4.085536813879938
2023-10-13 00:00:00+00:00,-35.576666,-71.678888,119.0,open-meteo_ecmwf_ifs,daily,22.167501,6.7175,24.75,6.7779174,3.6922143,64.33465,0.0,27.069012093206286,4.020223577041573
2023-10-14 00:00:00+00:00,-35.576666,-71.678888,119.0,open-meteo_ecmwf_ifs,daily,22.2175,7.1675,26.05,6.115417,3.168586,60.597824,0.0,27.239138515591172,4.197474584192438
2023-10-15 00:00:00+00:00,-35.576666,-71.678888,119.0,open-meteo_ecmwf_ifs,daily,20.667501,7.4175,25.92,6.1820836,3.8304002,61.428577,0.0,27.40760526262417,4.126037423426191
2023-10-16 00:00:00+00:00,-35.576666,-71.678888,119.0,open-meteo_ecmwf_ifs,daily,21.4675,6.7675004,26.71,4.5695844,4.8557696,57.50897,0.0,27.574368141836025,4.608574257769737
2023-10-17 00:00:00+00:00,-35.576666,-71.678888,119.0,open-meteo_ecmwf_ifs,daily,25.8675,6.3675003,26.55,6.6091666,2.1956086,58.15506,0.0,27.739384109431114,4.321795288857881
2023-10-18 00:00:00+00:00,-35.576666,-71.678888,119.0,open-meteo_ecmwf_ifs,daily,21.6175,10.3175,16.38,8.296666,4.5347166,65.00072,0.3,27.90261127207793,3.7172302890108933
2023-10-19 00:00:00+00:00,-35.576666,-71.678888,119.0,open-meteo_ecmwf_ifs,daily,24.7175,7.9175,21.16,8.0425,2.9423602,66.00744,0.0,28.064008886826755,3.939693927040405
2023-10-20 00:00:00+00:00,-35.576666,-71.678888,119.0,open-meteo_ecmwf_ifs,daily,21.5175,12.117499,11.82,10.43625,1.6806693,69.11143,0.0,28.22353735919375,2.5534236353646773
2023-10-21 00:00:00+00:00,-35.576666,-71.678888,119.0,open-meteo_ecmwf_ifs,daily,23.0175,10.1675,21.01,11.034167,1.5915484,73.0929,0.0,28.381158239455154,3.4460701510973455
2023-10-22 00:00:00+00:00,-35.576666,-71.678888,119.0,open-meteo_ecmwf_ifs,daily,24.5175,10.4675,25.56,10.317498,1.8496736,68.612595,0.0,28.53683421720072,4.202320210304948
2023-10-23 00:00:00+00:00,-35.576666,-71.678888,119.0,open-meteo_ecmwf_ifs,daily,22.317501,8.617499,22.08,9.352918,1.9879904,71.6609,0.0,28.69052911419987,3.5610071491990327
2023-10-24 00:00:00+00:00,-35.576666,-71.678888,119.0,open-meteo_ecmwf_ifs,daily,22.8675,9.4175,25.97,8.1675,3.1573136,66.778885,0.0,28.842207875638806,4.410896251939736
2023-10-25 00:00:00+00:00,-35.576666,-71.678888,119.0,open-meteo_ecmwf_ifs,daily,24.0175,8.1675,26.25,8.4925,3.1426618,64.525986,0.0,28.99183655979099,4.388299203906671
2023-10-26 00:00:00+00:00,-35.576666,-71.678888,119.0,open-meteo_ecmwf_ifs,daily,22.917501,8.4175,27.87,8.177916,2.0822303,64.33257,0.0,29.13938232618744,4.318001923024189
2023-10-27 00:00:00+00:00,-35.576666,-71.678888,119.0,open-meteo_ecmwf_ifs,daily,17.7175,8.9175,13.88,8.111249,3.2160454,73.281296,0.2,29.28481342235693,2.6496202593364946
2023-10-28 00:00:00+00:00,-35.576666,-71.678888,119.0,open-meteo_ecmwf_ifs,daily,13.3175,10.867499,3.0,8.088333,5.801375,76.77612,25.699999,29.428099169210135,1.7114143831798256
2023-10-29 00:00:00+00:00,-35.576666,-71.678888,119.0,open-meteo_ecmwf_ifs,daily,15.6675,10.367499,16.66,8.392499,4.7299104,76.285645,3.3999994,29.569209945143932,2.8764704661981244
2023-10-30 00:00:00+00:00,-35.576666,-71.678888,119.0,open-meteo_ecmwf_ifs,daily,15.7175,5.5175004,20.54,5.638334,2.6151903,73.68404,0.1,29.708117168946305,2.9026790627396983
2023-10-31 00:00:00+00:00,-35.576666,-71.678888,119.0,open-meteo_ecmwf_ifs,daily,18.4675,6.0675,27.42,4.398751,3.0173979,61.981754,0.0,29.844793281583353,4.034812560073157
2023-11-01 00:00:00+00:00,-35.576666,-71.678888,119.0,open-meteo_ecmwf_ifs,daily,19.067501,6.4175,24.97,6.3508334,2.1013083,68.096214,3.8,29.979211726953288,3.6434772679938012
2023-11-02 00:00:00+00:00,-35.576666,-71.678888,119.0,open-meteo_ecmwf_ifs,daily,19.067501,6.3175,25.89,7.7883325,1.5322126,73.6734,0.3,30.11134693169332,3.586962542191962
2023-11-03 00:00:00+00:00,-35.576666,-71.678888,119.0,open-meteo_ecmwf_ifs,daily,23.4675,7.5175004,29.35,7.388333,3.764332,63.34135,0.3,30.241174284127034,4.8089510557128
2023-11-04 00:00:00+00:00,-35.576666,-71.678888,119.0,open-meteo_ecmwf_ifs,daily,24.167501,7.1175003,29.27,7.146666,3.0612571,59.9436,0.0,30.368670112441286,4.776176076664495
2023-11-05 00:00:00+00:00,-35.576666,-71.678888,119.0,open-meteo_ecmwf_ifs,daily,21.1175,9.117499,14.59,8.482082,1.7860972,72.177376,0.0,30.49381166218147,2.840632879818387
2023-11-06 00:00:00+00:00,-35.576666,-71.678888,119.0,open-meteo_ecmwf_ifs,daily,21.5175,9.7675,18.53,9.477917,2.3465173,74.76665,0.0,30.616577073155423,3.358636575768706
2023-11-07 00:00:00+00:00,-35.576666,-71.678888,119.0,open-meteo_ecmwf_ifs,daily,21.4675,11.0175,27.13,8.277916,2.357881,65.226944,1.3000001,30.736945355835214,4.501603732212269
2023-11-08 00:00:00+00:00,-35.576666,-71.678888,119.0,open-meteo_ecmwf_ifs,daily,23.4675,8.367499,30.11,7.696667,4.8304205,62.12356,0.0,30.85489636734607,5.12806419316881
2023-11-09 00:00:00+00:00,-35.576666,-71.678888,119.0,open-meteo_ecmwf_ifs,daily,25.2175,9.2175,29.79,9.227917,2.9034474,63.62862,0.0,30.970410787130895,5.015017499555994
2023-11-10 00:00:00+00:00,-35.576666,-71.678888,119.0,open-meteo_ecmwf_ifs,daily,17.417501,9.5675,11.53,9.100833,2.9374597,77.29883,2.0,31.083470092377418,2.3303434046382527
2023-11-11 00:00:00+00:00,-35.576666,-71.678888,119.0,open-meteo_ecmwf_ifs,daily,14.4675,11.3175,5.33,8.829999,4.216027,79.265976,4.6000004,31.194056533293377,1.8087249015029683
2023-11-12 00:00:00+00:00,-35.576666,-71.678888,119.0,open-meteo_ecmwf_ifs,daily,17.3675,5.5175004,30.2,3.0383337,4.2538834,60.35971,0.0,31.302153108313586,4.392712561607417
2023-11-13 00:00:00+00:00,-35.576666,-71.678888,119.0,open-meteo_ecmwf_ifs,daily,19.4675,5.1175003,30.97,2.9737499,4.378261,55.035645,0.0,31.407743539319977,4.729304449208494
2023-11-14 00:00:00+00:00,-35.576666,-71.678888,119.0,open-meteo_ecmwf_ifs,daily,20.417501,7.6175003,27.15,5.421667,4.1177955,60.275173,0.0,31.510812246953364,4.575018320461839
2023-11-15 00:00:00+00:00,-35.576666,-71.678888,119.0,open-meteo_ecmwf_ifs,daily,19.567501,6.5675,27.13,4.115417,2.7853224,57.634064,0.0,31.61134432609269,4.285831367247172
2023-11-16 00:00:00+00:00,-35.576666,-71.678888,119.0,open-meteo_ecmwf_ifs,daily,23.0175,6.9675,29.37,6.0425,3.2442276,62.321293,0.0,31.709325521574243,4.844129126886853
2023-11-17 00:00:00+00:00,-35.576666,-71.678888,119.0,open-meteo_ecmwf_ifs,daily,15.617499,11.0675,9.84,9.82375,5.3947945,83.1167,26.799997,31.80474220421982,2.17470923039635
2023-11-18 00:00:00+00:00,-35.576666,-71.678888,119.0,open-meteo_ecmwf_ifs,daily,18.567501,10.7675,15.39,9.877916,1.9721569,80.01168,1.3000001,31.897581347239193,2.7783272813549496
2023-11-19 00:00:00+00:00,-35.576666,-71.678888,119.0,open-meteo_ecmwf_ifs,daily,24.417501,6.6675,30.97,8.790417,2.2098157,67.71717,0.0,31.987830503067933,4.743587654077229
2023-11-20 00:00:00+00:00,-35.576666,-71.678888,119.0,open-meteo_ecmwf_ifs,daily,22.5175,8.617499,27.23,9.071666,1.5963758,71.01781,0.0,32.07547778069807,4.271351815491604
2023-11-21 00:00:00+00:00,-35.576666,-71.678888,119.0,open-meteo_ecmwf_ifs,daily,22.5175,10.7675,27.2,7.740416,3.7338712,60.906055,0.0,32.16051182355393,4.9960421257006695
2023-11-22 00:00:00+00:00,-35.576666,-71.678888,119.0,open-meteo_ecmwf_ifs,daily,22.417501,9.0675,29.41,7.43,4.1262364,62.52367,0.0,32.24292178796179,5.036772106545293
2023-11-23 00:00:00+00:00,-35.576666,-71.678888,119.0,open-meteo_ecmwf_ifs,daily,28.3675,8.8175,32.27,6.8175006,4.6498566,51.972775,0.0,32.3226973222571,6.41229651824078
2023-11-24 00:00:00+00:00,-35.576666,-71.678888,119.0,open-meteo_ecmwf_ifs,daily,27.067501,13.2675,30.79,11.800832,2.6975555,59.181934,0.0,32.39982854656807,5.659525281755209
2023-11-25 00:00:00+00:00,-35.576666,-71.678888,119.0,open-meteo_ecmwf_ifs,daily,27.3675,11.3175,29.84,12.950832,1.6893635,71.38054,0.0,32.47430603331064,5.090896940517565
2023-11-26 00:00:00+00:00,-35.576666,-71.678888,119.0,open-meteo_ecmwf_ifs,daily,28.067501,12.367499,30.28,13.275832,2.0318186,68.16122,0.0,32.54612078842424,5.359725835736861
2023-11-27 00:00:00+00:00,-35.576666,-71.678888,119.0,open-meteo_ecmwf_ifs,daily,24.7175,11.5675,26.96,11.288331,3.6322508,67.76216,0.0,32.61526423337381,4.893518089515883
2023-11-28 00:00:00+00:00,-35.576666,-71.678888,119.0,open-meteo_ecmwf_ifs,daily,24.567501,13.1675,26.14,9.025832,2.4418433,59.286335,0.0,32.6817281879389,5.036220512701155
2023-11-29 00:00:00+00:00,-35.576666,-71.678888,119.0,open-meteo_ecmwf_ifs,daily,26.6175,11.2175,32.74,7.0195823,5.3699126,52.842255,0.0,32.74550485380599,6.737517797548259
2023-11-30 00:00:00+00:00,-35.576666,-71.678888,119.0,open-meteo_ecmwf_ifs,daily,27.7175,12.0175,31.69,9.2508335,3.1433468,53.884983,0.0,32.80658679897639,6.0785710082245545
2023-12-01 00:00:00+00:00,-35.576666,-71.678888,119.0,open-meteo_ecmwf_ifs,daily,23.567501,13.5175,17.24,9.617499,1.6490446,64.27825,0.4,32.86496694299768,3.6480526322321016
2023-12-02 00:00:00+00:00,-35.576666,-71.678888,119.0,open-meteo_ecmwf_ifs,daily,22.2175,11.9675,32.22,5.344584,5.4686637,52.709934,0.0,32.920638543022996,6.324715681855799
2023-12-03 00:00:00+00:00,-35.576666,-71.678888,119.0,open-meteo_ecmwf_ifs,daily,25.5175,8.0175,33.1,2.0466664,6.0591073,41.71832,0.0,32.97359518069878,6.893218947208674
2023-12-04 00:00:00+00:00,-35.576666,-71.678888,119.0,open-meteo_ecmwf_ifs,daily,29.0175,10.4175,32.84,6.757084,2.5729706,46.91478,0.0,33.02383074987841,6.2008493798538575
2023-12-05 00:00:00+00:00,-35.576666,-71.678888,119.0,open-meteo_ecmwf_ifs,daily,23.317501,10.7675,28.03,8.504999,3.563434,60.943783,0.0,33.071339445156184,5.100391421181438
2023-12-06 00:00:00+00:00,-35.576666,-71.678888,119.0,open-meteo_ecmwf_ifs,daily,28.4675,9.8175,31.81,9.125834,2.365546,60.294476,0.0,33.11611575121311,5.725827932241377
2023-12-07 00:00:00+00:00,-35.576666,-71.678888,119.0,open-meteo_ecmwf_ifs,daily,31.9675,14.5675,32.85,9.554999,3.5923977,48.48384,0.0,33.15815443296406,7.299937196533027
2023-12-08 00:00:00+00:00,-35.576666,-71.678888,119.0,open-meteo_ecmwf_ifs,daily,28.667501,14.1675,32.21,9.986249,3.516344,50.223354,0.0,33.19745052649378,6.626588145941351
2023-12-09 00:00:00+00:00,-35.576666,-71.678888,119.0,open-meteo_ecmwf_ifs,daily,28.2675,11.2675,33.13,5.8487506,5.7221036,43.99432,0.0,33.23399933076723,7.387307336913782
2023-12-10 00:00:00+00:00,-35.576666,-71.678888,119.0,open-meteo_ecmwf_ifs,daily,35.1175,12.9175,32.62,8.465416,4.0191007,43.356934,0.0,33.26779640009914,7.798105925178496
2023-12-11 00:00:00+00:00,-35.576666,-71.678888,119.0,open-meteo_ecmwf_ifs,daily,25.067501,12.6675,24.58,9.788333,3.7395742,62.95612,0.1,33.29883753736623,5.1457440854824466
2023-12-12 00:00:00+00:00,-35.576666,-71.678888,119.0,open-meteo_ecmwf_ifs,daily,26.2175,12.4675,28.78,8.309165,4.484881,54.48617,0.0,33.32711878794557,6.128281300896101
2023-12-13 00:00:00+00:00,-35.576666,-71.678888,119.0,open-meteo_ecmwf_ifs,daily,29.4675,11.0675,33.08,4.4341674,4.1342297,40.132946,0.0,33.352636434361926,7.19600004707106
2023-12-14 00:00:00+00:00,-35.576666,-71.678888,119.0,open-meteo_ecmwf_ifs,daily,27.917501,13.367499,32.55,6.6800003,3.1315687,43.468937,0.0,33.37538699162763,6.645208170496348
2023-12-15 00:00:00+00:00,-35.576666,-71.678888,119.0,open-meteo_ecmwf_ifs,daily,26.8675,10.3175,31.89,6.68625,2.5727088,52.560165,0.0,33.395367203258886,5.870710643410582
2023-12-16 00:00:00+00:00,-35.576666,-71.678888,119.0,open-meteo_ecmwf_ifs,daily,21.167501,9.5675,24.02,6.56125,3.525458,57.78427,0.0,33.412574037953206,4.51022765959756
2023-12-17 00:00:00+00:00,-35.576666,-71.678888,119.0,open-meteo_ecmwf_ifs,daily,21.6175,13.117499,21.0,8.405,2.9280212,63.29642,4.8000007,33.427004686914266,4.3610549653470825
2023-12-18 00:00:00+00:00,-35.576666,-71.678888,119.0,open-meteo_ecmwf_ifs,daily,26.2675,9.2175,33.57,4.384167,4.9293137,45.609516,0.0,33.43865656181142,6.709434402266638
2023-12-19 00:00:00+00:00,-35.576666,-71.678888,119.0,open-meteo_ecmwf_ifs,daily,23.817501,11.617499,32.34,8.904999,3.1548903,55.289227,0.0,33.447527293363194,5.635174809402748
2023-12-20 00:00:00+00:00,-35.576666,-71.678888,119.0,open-meteo_ecmwf_ifs,daily,27.7675,9.7675,31.86,8.877915,2.314205,63.026566,0.0,33.45361473053594,5.672252353309485
2023-12-21 00:00:00+00:00,-35.576666,-71.678888,119.0,open-meteo_ecmwf_ifs,daily,29.7675,13.2675,33.08,9.01125,2.8850248,50.55705,0.0,33.45691694035071,6.642426199631405
2023-12-22 00:00:00+00:00,-35.576666,-71.678888,119.0,open-meteo_ecmwf_ifs,daily,31.4675,14.4175,33.26,7.640417,4.0881763,43.918736,0.0,33.45743220829378,7.680978145770122
2023-12-23 00:00:00+00:00,-35.576666,-71.678888,119.0,open-meteo_ecmwf_ifs,daily,30.5175,14.117499,28.14,9.090416,3.4434202,46.953552,0.0,33.455159039328485,6.51071296796919
2023-12-24 00:00:00+00:00,-35.576666,-71.678888,119.0,open-meteo_ecmwf_ifs,daily,31.1175,14.117499,32.79,9.877915,2.3722658,51.434704,0.0,33.45009615950831,6.595646643460714
2023-12-25 00:00:00+00:00,-35.576666,-71.678888,119.0,open-meteo_ecmwf_ifs,daily,33.9675,15.0675,33.28,8.23,3.6816328,39.59523,0.0,33.44224251819367,7.8815536000520785
2023-12-26 00:00:00+00:00,-35.576666,-71.678888,119.0,open-meteo_ecmwf_ifs,daily,28.917501,15.9675,32.34,12.832084,2.709096,55.88817,0.0,33.4315972908768,6.395684305397828
2023-12-27 00:00:00+00:00,-35.576666,-71.678888,119.0,open-meteo_ecmwf_ifs,daily,26.1175,14.117499,22.44,12.3654175,2.3262274,63.486668,0.4,33.41815988262165,4.557819635796603
2023-12-28 00:00:00+00:00,-35.576666,-71.678888,119.0,open-meteo_ecmwf_ifs,daily,24.2175,16.6175,10.79,13.496667,2.2986357,69.13385,0.0,33.40192993212774,3.0356802079641203
2023-12-29 00:00:00+00:00,-35.576666,-71.678888,119.0,open-meteo_ecmwf_ifs,daily,30.5175,13.0175,32.08,12.507084,1.5457745,64.32815,0.0,33.38290731642849,5.888019413922668
2023-12-30 00:00:00+00:00,-35.576666,-71.678888,119.0,open-meteo_ecmwf_ifs,daily,25.1175,14.4175,18.19,12.8966675,3.9153852,68.0099,0.0,33.361092156236865,4.2382168364648365
2023-12-31 00:00:00+00:00,-35.576666,-71.678888,119.0,open-meteo_ecmwf_ifs,daily,26.2675,11.7675,29.47,11.03,2.2254238,67.07262,0.0,33.33648482195189,5.255824498557876
2024-01-01 00:00:00+00:00,-35.576666,-71.678888,119.0,open-meteo_ecmwf_ifs,daily,29.917501,13.0175,32.07,12.188334,1.0900677,63.422634,0.0,33.309085940341646,5.700014395530398
2024-01-02 00:00:00+00:00,-35.576666,-71.678888,119.0,open-meteo_ecmwf_ifs,daily,32.317497,14.1675,32.78,10.748749,2.935073,53.419575,0.0,33.27889640191825,6.906137759711571
2024-01-03 00:00:00+00:00,-35.576666,-71.678888,119.0,open-meteo_ecmwf_ifs,daily,32.567497,15.867499,32.38,10.077916,3.30832,44.648968,0.0,33.24591736902198,7.336291536348135
2024-01-04 00:00:00+00:00,-35.576666,-71.678888,119.0,open-meteo_ecmwf_ifs,daily,32.7175,16.167501,31.79,12.684166,2.303909,52.03534,0.0,33.21015028463107,6.650720041261805
2024-01-05 00:00:00+00:00,-35.576666,-71.678888,119.0,open-meteo_ecmwf_ifs,daily,29.3675,15.0675,26.83,14.625834,2.0993807,66.52573,0.1,33.171596881914056,5.2927506185376
2024-01-06 00:00:00+00:00,-35.576666,-71.678888,119.0,open-meteo_ecmwf_ifs,daily,28.917501,14.7675,30.09,11.875832,2.7442122,57.87299,0.0,33.13025919454076,6.05044322772136
2024-01-07 00:00:00+00:00,-35.576666,-71.678888,119.0,open-meteo_ecmwf_ifs,daily,28.7175,13.3175,31.3,11.163333,3.5331838,59.431057,0.0,33.08613956776759,6.261726827898938
2024-01-08 00:00:00+00:00,-35.576666,-71.678888,119.0,open-meteo_ecmwf_ifs,daily,29.067501,13.9175,32.64,7.5674987,4.3986416,46.751507,0.0,33.03924067031084,7.272815025846844
2024-01-09 00:00:00+00:00,-35.576666,-71.678888,119.0,open-meteo_ecmwf_ifs,daily,29.1175,12.9675,32.29,7.0925007,3.4368417,45.047775,0.0,32.989565507020814,6.783037657704001
2024-01-10 00:00:00+00:00,-35.576666,-71.678888,119.0,open-meteo_ecmwf_ifs,daily,29.6175,12.9675,32.75,5.18,3.819863,38.317753,0.0,32.937117432366975,7.229387963573028
2024-01-11 00:00:00+00:00,-35.576666,-71.678888,119.0,open-meteo_ecmwf_ifs,daily,31.2175,13.6675,32.09,7.0904174,2.3797836,41.854866,0.0,32.88190016474234,6.5889891469192285
2024-01-12 00:00:00+00:00,-35.576666,-71.678888,119.0,open-meteo_ecmwf_ifs,daily,30.8675,14.5675,29.84,7.625833,1.6630977,42.157932,0.0,32.82391780159229,5.939403290190832
2024-01-13 00:00:00+00:00,-35.576666,-71.678888,119.0,open-meteo_ecmwf_ifs,daily,29.7175,12.7675,30.28,9.884167,1.9812752,55.4555,0.0,32.763174835370144,5.796957162160151
2024-01-14 00:00:00+00:00,-35.576666,-71.678888,119.0,open-meteo_ecmwf_ifs,daily,31.067501,13.7675,32.63,4.4695835,4.464111,36.369343,0.0,32.69967617031844,7.892688512918638
2024-01-15 00:00:00+00:00,-35.576666,-71.678888,119.0,open-meteo_ecmwf_ifs,daily,29.8675,13.7175,32.04,7.0987496,3.975483,41.794907,0.0,32.633427140070864,7.164277997976655
2024-01-16 00:00:00+00:00,-35.576666,-71.678888,119.0,open-meteo_ecmwf_ifs,daily,31.5175,15.4175,32.07,8.784166,5.126824,45.356647,0.0,32.56443352606643,7.968964572344163
2024-01-17 00:00:00+00:00,-35.576666,-71.678888,119.0,open-meteo_ecmwf_ifs,daily,31.5175,16.167501,28.61,9.523749,3.1242096,42.621334,0.0,32.492701576762755,6.710202254062353
2024-01-18 00:00:00+00:00,-35.576666,-71.678888,119.0,open-meteo_ecmwf_ifs,daily,31.2175,15.4675,32.14,6.7612495,5.8158374,39.733692,0.0,32.418238027631375,8.485267684939698
2024-01-19 00:00:00+00:00,-35.576666,-71.678888,119.0,open-meteo_ecmwf_ifs,daily,32.6675,13.4675,32.06,5.542501,4.8359146,36.870075,0.0,32.341050121913234,8.084769030789355
2024-01-20 00:00:00+00:00,-35.576666,-71.678888,119.0,open-meteo_ecmwf_ifs,daily,31.667501,14.4175,31.6,8.8175,3.0001085,42.018303,0.0,32.26114563210792,6.833096085504329
2024-01-21 00:00:00+00:00,-35.576666,-71.678888,119.0,open-meteo_ecmwf_ifs,daily,34.067497,15.867499,31.43,9.834166,2.034409,41.33394,0.0,32.17853288216571,6.625976599123956
2024-01-22 00:00:00+00:00,-35.576666,-71.678888,119.0,open-meteo_ecmwf_ifs,daily,36.4675,18.317501,30.5,13.075832,1.8889798,47.40156,0.0,32.093220770346235,6.728810523932245
2024-01-23 00:00:00+00:00,-35.576666,-71.678888,119.0,open-meteo_ecmwf_ifs,daily,31.667501,14.9675,30.36,12.402917,2.8977616,54.45935,0.0,32.00521879270314,6.388949702398767
2024-01-24 00:00:00+00:00,-35.576666,-71.678888,119.0,open-meteo_ecmwf_ifs,daily,36.9675,17.1175,31.38,8.721666,2.5595136,40.895443,0.0,31.914537067149286,7.387953404784011
2024-01-25 00:00:00+00:00,-35.576666,-71.678888,119.0,open-meteo_ecmwf_ifs,daily,33.567497,17.9675,30.35,9.948749,2.7059038,38.87937,0.0,31.821186358052138,7.043077409276957
2024-01-26 00:00:00+00:00,-35.576666,-71.678888,119.0,open-meteo_ecmwf_ifs,daily,30.4675,14.617499,28.89,12.844583,2.506069,60.72081,0.0,31.725178101304447,5.824370096230511
2024-01-27 00:00:00+00:00,-35.576666,-71.678888,119.0,open-meteo_ecmwf_ifs,daily,34.567497,16.1175,27.48,12.68625,2.3537023,53.541683,0.0,31.626524429810903,6.205214133544348
2024-01-28 00:00:00+00:00,-35.576666,-71.678888,119.0,open-meteo_ecmwf_ifs,daily,31.667501,17.5175,29.78,13.032083,2.621088,51.571293,0.0,31.52523819932702,6.432719968940737
2024-01-29 00:00:00+00:00,-35.576666,-71.678888,119.0,open-meteo_ecmwf_ifs,daily,35.017498,15.117499,29.96,11.242497,1.8698155,51.401196,0.0,31.421333014582206,6.250348603238801
2024-01-30 00:00:00+00:00,-35.576666,-71.678888,119.0,open-meteo_ecmwf_ifs,daily,35.6175,16.317501,30.37,5.1425,3.2050693,28.660027,0.0,31.314823255615398,7.6470978058811205
2024-01-31 00:00:00+00:00,-35.576666,-71.678888,119.0,open-meteo_ecmwf_ifs,daily,36.017498,18.1175,30.43,7.575834,4.781282,32.652447,0.0,31.20572410424755,8.852918306864488
2024-02-01 00:00:00+00:00,-35.576666,-71.678888,119.0,open-meteo_ecmwf_ifs,daily,36.4175,18.7675,30.24,9.127916,4.3919644,36.260654,0.0,31.094051570612248,8.580907317907302
2024-02-02 00:00:00+00:00,-35.576666,-71.678888,119.0,open-meteo_ecmwf_ifs,daily,35.4175,19.317501,29.72,11.075833,5.5330834,42.998142,0.0,30.979822519662267,8.880065988023635
2024-02-03 00:00:00+00:00,-35.576666,-71.678888,119.0,open-meteo_ecmwf_ifs,daily,33.7175,17.817501,29.98,9.3237505,6.585869,41.037075,0.0,30.863054697567428,9.064996653831026
2024-02-04 00:00:00+00:00,-35.576666,-71.678888,119.0,open-meteo_ecmwf_ifs,daily,31.5175,17.817501,29.44,9.161249,3.804759,39.368614,0.0,30.7437667579164,7.289771026921699
2024-02-05 00:00:00+00:00,-35.576666,-71.678888,119.0,open-meteo_ecmwf_ifs,daily,32.317497,14.117499,28.94,10.82375,2.03016,56.369858,0.0,30.621978287633087,5.838247247989098
2024-02-06 00:00:00+00:00,-35.576666,-71.678888,119.0,open-meteo_ecmwf_ifs,daily,34.317497,15.9175,28.8,11.404999,2.9066982,48.633236,0.0,30.49770983251678,6.629509500530876
2024-02-07 00:00:00+00:00,-35.576666,-71.678888,119.0,open-meteo_ecmwf_ifs,daily,34.2175,18.8675,27.82,14.186249,5.150821,52.414425,0.0,30.37098292231346,7.645141156834923
2024-02-08 00:00:00+00:00,-35.576666,-71.678888,119.0,open-meteo_ecmwf_ifs,daily,32.267498,16.317501,28.25,7.2862506,3.4468212,35.344234,0.0,30.24182009522503,6.986452372175807
2024-02-09 00:00:00+00:00,-35.576666,-71.678888,119.0,open-meteo_ecmwf_ifs,daily,31.6175,15.367499,28.32,10.017499,2.8650935,47.339935,0.0,30.11024492176264,6.257365738743149
2024-02-10 00:00:00+00:00,-35.576666,-71.678888,119.0,open-meteo_ecmwf_ifs,daily,32.3675,14.1675,28.36,10.042499,1.7568598,50.615524,0.0,29.976282027850047,5.616552409694959
2024-02-11 00:00:00+00:00,-35.576666,-71.678888,119.0,open-meteo_ecmwf_ifs,daily,31.7175,16.067501,27.99,11.609165,2.4075904,51.755474,0.0,29.839957117083305,5.944776617305219
2024-02-12 00:00:00+00:00,-35.576666,-71.678888,119.0,open-meteo_ecmwf_ifs,daily,33.6175,14.8175,28.92,7.71125,5.6184387,42.968613,0.0,29.701296992053567,8.093914621447858
2024-02-13 00:00:00+00:00,-35.576666,-71.678888,119.0,open-meteo_ecmwf_ifs,daily,34.7175,17.067501,28.08,9.419583,3.256298,39.605106,0.0,29.56032957464113,7.016016970412095
2024-02-14 00:00:00+00:00,-35.576666,-71.678888,119.0,open-meteo_ecmwf_ifs,daily,31.067501,14.3175,26.91,13.227916,2.85862,65.18162,0.0,29.417083925189928,5.558392805864263
2024-02-15 00:00:00+00:00,-35.576666,-71.678888,119.0,open-meteo_ecmwf_ifs,daily,33.1675,14.617499,27.44,13.236249,1.920009,58.705547,0.0,29.271590260473825,5.507240554807829
2024-02-16 00:00:00+00:00,-35.576666,-71.678888,119.0,open-meteo_ecmwf_ifs,daily,32.767498,15.4175,27.49,11.002915,1.9687452,49.95314,0.0,29.123879970368154,5.669125017575131
2024-02-17 00:00:00+00:00,-35.576666,-71.678888,119.0,open-meteo_ecmwf_ifs,daily,32.567497,16.2675,28.09,9.665415,5.5682635,51.464474,0.0,28.97398563314238,7.729915346637473
2024-02-18 00:00:00+00:00,-35.576666,-71.678888,119.0,open-meteo_ecmwf_ifs,daily,36.1675,16.1175,27.59,7.36125,3.1123152,36.18883,0.0,28.82194102929299,6.9880002183226715
2024-02-19 00:00:00+00:00,-35.576666,-71.678888,119.0,open-meteo_ecmwf_ifs,daily,29.067501,15.367499,25.99,12.248749,3.657919,56.09857,0.0,28.667781153838693,5.663342659810485
2024-02-20 00:00:00+00:00,-35.576666,-71.678888,119.0,open-meteo_ecmwf_ifs,daily,27.567501,15.7675,22.03,12.988332,3.3851223,64.22643,0.0,28.511542227003805,4.885167726100979
2024-02-21 00:00:00+00:00,-35.576666,-71.678888,119.0,open-meteo_ecmwf_ifs,daily,26.317501,14.5175,22.5,12.9591675,2.7554529,65.08253,0.0,28.353261703219577,4.436833274656445
2024-02-22 00:00:00+00:00,-35.576666,-71.678888,119.0,open-meteo_ecmwf_ifs,daily,27.167501,15.2175,20.28,9.890416,2.1216822,57.20165,0.8,28.19297827837718,4.419893336699472
2024-02-23 00:00:00+00:00,-35.576666,-71.678888,119.0,open-meteo_ecmwf_ifs,daily,30.417501,14.4175,26.47,7.7674994,3.162863,43.63741,0.0,28.030731895270996,5.989150002973142
2024-02-24 00:00:00+00:00,-35.576666,-71.678888,119.0,open-meteo_ecmwf_ifs,daily,32.4175,15.5675,25.52,8.171666,2.0344906,38.836483,0.0,27.866563747175086,5.480885543863605
2024-02-25 00:00:00+00:00,-35.576666,-71.678888,119.0,open-meteo_ecmwf_ifs,daily,32.4175,16.9675,26.1,7.3549995,2.656804,36.11766,0.0,27.70051627950107,6.1207490984437785
2024-02-26 00:00:00+00:00,-35.576666,-71.678888,119.0,open-meteo_ecmwf_ifs,daily,31.167501,15.2175,26.11,5.7549996,2.9060163,35.312954,0.0,27.532633189490426,6.067847608474686
2024-02-27 00:00:00+00:00,-35.576666,-71.678888,119.0,open-meteo_ecmwf_ifs,daily,31.567501,14.617499,25.75,7.8716664,3.093832,42.415554,0.0,27.36295942390016,5.971483485340558
2024-02-28 00:00:00+00:00,-35.576666,-71.678888,119.0,open-meteo_ecmwf_ifs,daily,32.2175,15.2175,25.25,10.94875,3.9996405,51.56763,0.0,27.19154117464558,6.222122754574788
2024-02-29 00:00:00+00:00,-35.576666,-71.678888,119.0,open-meteo_ecmwf_ifs,daily,32.6675,15.3175,25.89,7.6800003,3.38362,39.243267,0.0,27.018425872370212,6.345812542899492
2024-03-01 00:00:00+00:00,-35.576666,-71.678888,119.0,open-meteo_ecmwf_ifs,daily,31.3675,15.4175,25.0,7.19875,2.705989,42.24892,0.0,26.843662177918468,5.727526146001314
2024-03-02 00:00:00+00:00,-35.576666,-71.678888,119.0,open-meteo_ecmwf_ifs,daily,29.317501,15.617499,25.82,5.42375,6.1907578,36.318504,0.0,26.667299971692508,7.568247655660104
2024-03-03 00:00:00+00:00,-35.576666,-71.678888,119.0,open-meteo_ecmwf_ifs,daily,29.417501,12.367499,25.59,4.1675,3.7600994,35.97761,0.0,26.489390340880778,6.031087655814313
2024-03-04 00:00:00+00:00,-35.576666,-71.678888,119.0,open-meteo_ecmwf_ifs,daily,30.8675,12.8175,25.42,5.2466674,2.6394408,37.47869,0.0,26.309985564551923,5.485753857352351
2024-03-05 00:00:00+00:00,-35.576666,-71.678888,119.0,open-meteo_ecmwf_ifs,daily,31.7675,14.3175,24.8,8.211249,1.8983445,44.948994,0.0,26.129139096613578,5.0085582402397755
2024-03-06 00:00:00+00:00,-35.576666,-71.678888,119.0,open-meteo_ecmwf_ifs,daily,29.7175,14.4175,24.3,9.473749,2.8109798,47.459675,0.0,25.94690554664178,5.214876767158485
2024-03-07 00:00:00+00:00,-35.576666,-71.678888,119.0,open-meteo_ecmwf_ifs,daily,27.4675,11.9675,23.61,8.429999,2.58272,54.02168,0.0,25.76334065859289,4.622067588066894
2024-03-08 00:00:00+00:00,-35.576666,-71.678888,119.0,open-meteo_ecmwf_ifs,daily,26.4675,11.117499,21.5,8.369583,1.7823868,56.591,0.0,25.578501287415808,3.9109910271014896
2024-03-09 00:00:00+00:00,-35.576666,-71.678888,119.0,open-meteo_ecmwf_ifs,daily,28.1175,12.367499,24.13,8.392499,4.273077,56.4953,0.0,25.392445373588373,5.423869053022561
2024-03-10 00:00:00+00:00,-35.576666,-71.678888,119.0,open-meteo_ecmwf_ifs,daily,27.4675,11.617499,20.84,6.7758336,2.4527872,47.10765,0.0,25.205231915607783,4.360771476479716
2024-03-11 00:00:00+00:00,-35.576666,-71.678888,119.0,open-meteo_ecmwf_ifs,daily,27.3675,11.1675,23.57,8.263333,2.2502458,54.239685,0.0,25.016920940470605,4.345068401319416
2024-03-12 00:00:00+00:00,-35.576666,-71.678888,119.0,open-meteo_ecmwf_ifs,daily,27.417501,11.7175,18.52,10.565415,1.6991768,65.21064,0.0,24.827573472183776,3.523368490607778
2024-03-13 00:00:00+00:00,-35.576666,-71.678888,119.0,open-meteo_ecmwf_ifs,daily,25.667501,12.7175,23.2,9.26125,3.4760506,58.751755,0.0,24.6372514983535,4.620199847388504
2024-03-14 00:00:00+00:00,-35.576666,-71.678888,119.0,open-meteo_ecmwf_ifs,daily,26.567501,12.0675,23.36,7.107083,5.0538397,53.711536,0.0,24.446017934904575,5.4658024056270405
2024-03-15 00:00:00+00:00,-35.576666,-71.678888,119.0,open-meteo_ecmwf_ifs,daily,26.567501,9.9175,23.56,3.8216667,4.7230916,43.932663,0.0,24.253936588987592,5.464256287164776
2024-03-16 00:00:00+00:00,-35.576666,-71.678888,119.0,open-meteo_ecmwf_ifs,daily,26.7675,11.4175,22.71,5.769583,4.888931,46.969555,0.0,24.06107212013698,5.4552940290353416
2024-03-17 00:00:00+00:00,-35.576666,-71.678888,119.0,open-meteo_ecmwf_ifs,daily,26.167501,10.4675,21.61,3.6550007,4.245177,41.722305,0.0,23.867489999747544,5.150826677768973
2024-03-18 00:00:00+00:00,-35.576666,-71.678888,119.0,open-meteo_ecmwf_ifs,daily,27.3675,11.117499,20.78,3.109167,4.304788,39.276867,0.0,23.673256468941727,5.4031306165876245
2024-03-19 00:00:00+00:00,-35.576666,-71.678888,119.0,open-meteo_ecmwf_ifs,daily,28.6175,12.4675,21.63,3.6383336,2.8475993,37.025158,0.0,23.47843849490461,4.889958780052095
2024-03-20 00:00:00+00:00,-35.576666,-71.678888,119.0,open-meteo_ecmwf_ifs,daily,17.317501,11.5175,3.24,10.394584,2.860994,78.758965,7.5999994,23.283103725767546,1.453012505315036
2024-03-21 00:00:00+00:00,-35.576666,-71.678888,119.0,open-meteo_ecmwf_ifs,daily,26.2675,11.2675,20.1,12.425834,1.7189766,77.57629,0.0,23.087320444125538,3.3152047224219867
2024-03-22 00:00:00+00:00,-35.576666,-71.678888,119.0,open-meteo_ecmwf_ifs,daily,29.1175,12.3175,20.2,12.165417,1.8910365,64.32607,0.0,22.891157519277098,3.7027715855130365
2024-03-23 00:00:00+00:00,-35.576666,-71.678888,119.0,open-meteo_ecmwf_ifs,daily,27.1175,14.9675,18.59,13.069581,2.0415308,64.28179,0.0,22.69468435827871,3.5768923592399533
2024-03-24 00:00:00+00:00,-35.576666,-71.678888,119.0,open-meteo_ecmwf_ifs,daily,28.2175,13.867499,20.5,13.37375,4.057878,69.28893,0.0,22.49797085590935,4.304702491809646
2024-03-25 00:00:00+00:00,-35.576666,-71.678888,119.0,open-meteo_ecmwf_ifs,daily,26.9675,13.4175,18.54,12.634167,2.6391182,66.42588,0.0,22.301087343643164,3.6116789616866924
2024-03-26 00:00:00+00:00,-35.576666,-71.678888,119.0,open-meteo_ecmwf_ifs,daily,30.2175,15.3175,18.63,13.052915,3.7603543,60.402256,0.0,22.1041045377313,4.566745590483851
2024-03-27 00:00:00+00:00,-35.576666,-71.678888,119.0,open-meteo_ecmwf_ifs,daily,28.8675,14.4175,19.54,13.355,3.7154293,64.62062,0.0,21.907093486495786,4.258893324096521
2024-03-28 00:00:00+00:00,-35.576666,-71.678888,119.0,open-meteo_ecmwf_ifs,daily,28.817501,12.2175,19.65,11.869582,2.2046804,62.052765,0.0,21.710125516940877,3.6564012059670103
2024-03-29 00:00:00+00:00,-35.576666,-71.678888,119.0,open-meteo_ecmwf_ifs,daily,28.4675,14.9175,19.3,11.634166,3.2929456,56.555813,0.0,21.51327218078823,4.308340680325846
2024-03-30 00:00:00+00:00,-35.576666,-71.678888,119.0,open-meteo_ecmwf_ifs,daily,25.7675,11.3175,19.64,4.959167,5.369715,44.37085,0.0,21.316605200044542,5.169587322033855
2024-03-31 00:00:00+00:00,-35.576666,-71.678888,119.0,open-meteo_ecmwf_ifs,daily,20.4675,11.7675,11.94,4.244583,4.522895,46.524536,0.0,21.12019641221057,3.8392745175674685
2024-04-01 00:00:00+00:00,-35.576666,-71.678888,119.0,open-meteo_ecmwf_ifs,daily,23.7175,9.867499,19.19,3.4675,3.3629143,46.152954,0.0,20.92411771524169,4.035618427707171
2024-04-02 00:00:00+00:00,-35.576666,-71.678888,119.0,open-meteo_ecmwf_ifs,daily,21.5175,10.9175,7.96,8.288333,2.6205833,64.79986,10.8,20.72844101237038,2.382714320291117
2024-04-03 00:00:00+00:00,-35.576666,-71.678888,119.0,open-meteo_ecmwf_ifs,daily,21.067501,10.367499,18.56,10.400832,2.7193775,75.38415,1.5000001,20.533238156901373,2.795038784301177
2024-04-04 00:00:00+00:00,-35.576666,-71.678888,119.0,open-meteo_ecmwf_ifs,daily,22.067501,8.2175,18.73,7.2029166,3.7413504,65.0983,0.0,20.3385808970898,3.2790836171792916
2024-04-05 00:00:00+00:00,-35.576666,-71.678888,119.0,open-meteo_ecmwf_ifs,daily,23.2675,9.1675,18.32,9.396667,2.8785913,68.71195,0.0,20.1445408212124,3.0062499752698213
2024-04-06 00:00:00+00:00,-35.576666,-71.678888,119.0,open-meteo_ecmwf_ifs,daily,21.817501,8.4175,17.72,9.319581,2.6709435,72.06925,0.0,19.95118930294109,2.685078317331013
2024-04-07 00:00:00+00:00,-35.576666,-71.678888,119.0,open-meteo_ecmwf_ifs,daily,23.7675,10.2175,17.17,8.650832,3.4296284,63.76909,0.0,19.75859744712707,3.3095099777819605
2024-04-08 00:00:00+00:00,-35.576666,-71.678888,119.0,open-meteo_ecmwf_ifs,daily,24.167501,9.8175,16.99,11.034165,2.637222,74.05697,0.0,19.56683603610241,2.7813327072943324
2024-04-09 00:00:00+00:00,-35.576666,-71.678888,119.0,open-meteo_ecmwf_ifs,daily,21.817501,12.5675,16.24,10.0425005,3.9055119,67.533806,0.0,19.375975476604328,3.1871217934335587
2024-04-10 00:00:00+00:00,-35.576666,-71.678888,119.0,open-meteo_ecmwf_ifs,daily,21.567501,6.7175,15.96,6.7591667,2.1605134,64.82956,0.0,19.186085747425686,2.4736021746926364
2024-04-11 00:00:00+00:00,-35.576666,-71.678888,119.0,open-meteo_ecmwf_ifs,daily,20.1175,7.6175003,14.99,8.996666,1.954896,77.64614,0.0,18.99723634789291,2.112187389180425
2024-04-12 00:00:00+00:00,-35.576666,-71.678888,119.0,open-meteo_ecmwf_ifs,daily,19.2675,8.2175,11.33,9.409165,1.0005561,83.60871,0.0,18.809496247270182,1.6391129389491381
2024-04-13 00:00:00+00:00,-35.576666,-71.678888,119.0,open-meteo_ecmwf_ifs,daily,20.4675,9.867499,11.56,10.971665,1.6096905,82.78551,0.0,18.622933835186203,1.8152292709116205
2024-04-14 00:00:00+00:00,-35.576666,-71.678888,119.0,open-meteo_ecmwf_ifs,daily,22.7675,9.6675,14.73,11.06125,1.5531546,77.82754,0.0,18.43761687317673,2.160516116180142
2024-04-15 00:00:00+00:00,-35.576666,-71.678888,119.0,open-meteo_ecmwf_ifs,daily,21.5175,9.8175,13.67,10.286249,1.4184524,76.673965,0.6,18.2536124474332,2.019779477891696
2024-04-16 00:00:00+00:00,-35.576666,-71.678888,119.0,open-meteo_ecmwf_ifs,daily,21.667501,9.617499,15.11,9.861249,1.4744545,72.751076,0.0,18.070986922844185,2.1389657184476003
2024-04-17 00:00:00+00:00,-35.576666,-71.678888,119.0,open-meteo_ecmwf_ifs,daily,25.667501,9.9675,15.71,9.398749,2.8472764,68.29104,0.0,17.889805898412995,2.964853299670362
2024-04-18 00:00:00+00:00,-35.576666,-71.678888,119.0,open-meteo_ecmwf_ifs,daily,25.9675,9.2675,14.55,9.929999,2.4065754,68.445915,0.0,17.71013416413094,2.6375144109409256
2024-04-19 00:00:00+00:00,-35.576666,-71.678888,119.0,open-meteo_ecmwf_ifs,daily,19.667501,14.1675,10.85,9.877915,3.6406186,67.14895,0.0,17.532035659381737,2.634939491891648
2024-04-20 00:00:00+00:00,-35.576666,-71.678888,119.0,open-meteo_ecmwf_ifs,daily,16.9675,10.867499,7.25,6.990417,2.9574482,64.17162,0.0,17.35557343294843,2.033135009421575
2024-04-21 00:00:00+00:00,-35.576666,-71.678888,119.0,open-meteo_ecmwf_ifs,daily,18.917501,10.4675,7.46,7.888333,2.9065425,69.277664,0.0,17.180809604689966,2.052948963309595
2024-04-22 00:00:00+00:00,-35.576666,-71.678888,119.0,open-meteo_ecmwf_ifs,daily,17.167501,12.0175,9.59,10.054999,4.106519,74.86818,19.799997,17.00780532894982,1.9959007659948604
2024-04-23 00:00:00+00:00,-35.576666,-71.678888,119.0,open-meteo_ecmwf_ifs,daily,18.9675,6.7175,15.06,6.31125,2.9463518,72.27066,0.0,16.836620759754656,2.2280724862388634
2024-04-24 00:00:00+00:00,-35.576666,-71.678888,119.0,open-meteo_ecmwf_ifs,daily,18.2175,4.1675,14.38,5.3091664,1.4632181,74.454506,0.0,16.66731501785606,1.691427488355159
2024-04-25 00:00:00+00:00,-35.576666,-71.678888,119.0,open-meteo_ecmwf_ifs,daily,20.167501,8.9175,12.9,8.47375,1.6350511,73.763435,4.7,16.499946159663512,1.8561740979592172
2024-04-26 00:00:00+00:00,-35.576666,-71.678888,119.0,open-meteo_ecmwf_ifs,daily,17.4675,8.5175,10.68,9.715416,1.7183787,83.2854,0.70000005,16.334571148111646,1.4300008540164524
2024-04-27 00:00:00+00:00,-35.576666,-71.678888,119.0,open-meteo_ecmwf_ifs,daily,16.417501,4.7675004,14.31,4.6966667,3.262386,69.04543,0.0,16.171245825499675,1.9534652288786085
2024-04-28 00:00:00+00:00,-35.576666,-71.678888,119.0,open-meteo_ecmwf_ifs,daily,15.3175,4.6675,11.71,4.6529164,2.3216598,73.40252,0.0,16.010024888335618,1.586328176909047
2024-04-29 00:00:00+00:00,-35.576666,-71.678888,119.0,open-meteo_ecmwf_ifs,daily,15.4675,5.0175004,5.12,6.7133336,5.563853,81.70102,15.599999,15.850961864212444,1.4309940047249154
2024-04-30 00:00:00+00:00,-35.576666,-71.678888,119.0,open-meteo_ecmwf_ifs,daily,14.9675,9.5175,7.64,8.986251,2.6504364,82.45278,3.0999994,15.69410909073796,1.3071906287096038
2024-05-01 00:00:00+00:00,-35.576666,-71.678888,119.0,open-meteo_ecmwf_ifs,daily,13.7175,8.3175,11.5,6.82375,2.6604283,78.971855,2.3,15.539517696534558,1.5244137124233899
2024-05-02 00:00:00+00:00,-35.576666,-71.678888,119.0,open-meteo_ecmwf_ifs,daily,14.617499,2.8675,11.52,2.0154166,3.152891,69.7199,0.0,15.387237584319347,1.7616032223781488
2024-05-03 00:00:00+00:00,-35.576666,-71.678888,119.0,open-meteo_ecmwf_ifs,daily,11.1675,2.0175,7.01,3.7341664,1.748089,81.89098,0.0,15.23731741606957,0.9138264894470011
2024-05-04 00:00:00+00:00,-35.576666,-71.678888,119.0,open-meteo_ecmwf_ifs,daily,13.9675,9.4175,3.54,8.129999,3.637502,81.79989,32.0,15.089804600272513,1.260281244184743
2024-05-05 00:00:00+00:00,-35.576666,-71.678888,119.0,open-meteo_ecmwf_ifs,daily,15.7175,7.4675,9.32,8.669584,1.1471556,84.9325,0.8,14.944745281253237,1.1131194198788374
2024-05-06 00:00:00+00:00,-35.576666,-71.678888,119.0,open-meteo_ecmwf_ifs,daily,15.7675,4.2675004,12.03,5.800833,2.8128436,80.3263,0.0,14.802184330567776,1.4500082019164657
2024-05-07 00:00:00+00:00,-35.576666,-71.678888,119.0,open-meteo_ecmwf_ifs,daily,11.4675,5.5175004,2.75,5.7425003,4.213695,80.59627,31.099998,14.662165340443707,0.9938776782358071
2024-05-08 00:00:00+00:00,-35.576666,-71.678888,119.0,open-meteo_ecmwf_ifs,daily,13.867499,2.2175,12.17,4.3070836,3.0033395,82.32114,0.9,14.524730619244101,1.2849797455300975
2024-05-09 00:00:00+00:00,-35.576666,-71.678888,119.0,open-meteo_ecmwf_ifs,daily,13.9175,3.4175,8.65,3.2612503,2.849165,74.992905,0.0,14.389921188925282,1.4109100917611856
2024-05-10 00:00:00+00:00,-35.576666,-71.678888,119.0,open-meteo_ecmwf_ifs,daily,14.4675,5.0175004,8.4,6.5008335,1.5922233,86.91733,0.0,14.25777678445285,1.034175272896291
2024-05-11 00:00:00+00:00,-35.576666,-71.678888,119.0,open-meteo_ecmwf_ifs,daily,14.0675,4.1675,11.15,6.0279164,1.4455498,81.491936,0.0,14.128335855135033,1.0575094359011505
2024-05-12 00:00:00+00:00,-35.576666,-71.678888,119.0,open-meteo_ecmwf_ifs,daily,12.867499,3.0175,10.77,4.9508333,2.351892,86.08335,0.0,14.001635567826561,1.0591529739416998
2024-05-13 00:00:00+00:00,-35.576666,-71.678888,119.0,open-meteo_ecmwf_ifs,daily,12.6675,1.2175,11.29,3.819584,2.096678,83.913765,0.0,13.877711811950917,1.012716548576755
2024-05-14 00:00:00+00:00,-35.576666,-71.678888,119.0,open-meteo_ecmwf_ifs,daily,11.4175,0.0675,11.69,2.1904168,1.504876,85.51516,0.0,13.75659920628324,0.9416776840973129
2024-05-15 00:00:00+00:00,-35.576666,-71.678888,119.0,open-meteo_ecmwf_ifs,daily,13.1675,0.6675,8.57,3.2133331,2.05856,86.73002,0.7,13.638331107430961,0.9868976320728151
2024-05-16 00:00:00+00:00,-35.576666,-71.678888,119.0,open-meteo_ecmwf_ifs,daily,14.6675,2.0674999,10.89,4.0779166,1.8502284,79.13513,0.1,13.52293961994383,1.1046513202383834
2024-05-17 00:00:00+00:00,-35.576666,-71.678888,119.0,open-meteo_ecmwf_ifs,daily,12.7175,1.7674999,9.62,4.0820837,1.7086362,86.708374,0.0,13.410455607980365,0.9176691120823589
2024-05-18 00:00:00+00:00,-35.576666,-71.678888,119.0,open-meteo_ecmwf_ifs,daily,13.117499,1.6175,10.32,4.3966665,1.4196992,85.562614,0.0,13.300908708452313,0.8844549815322706
2024-05-19 00:00:00+00:00,-35.576666,-71.678888,119.0,open-meteo_ecmwf_ifs,daily,12.8175,2.3174999,8.33,4.127917,1.0082899,84.654495,0.0,13.194327345564675,0.8205512837890809
2024-05-20 00:00:00+00:00,-35.576666,-71.678888,119.0,open-meteo_ecmwf_ifs,daily,10.8175,8.8175,2.05,8.005,1.90238,89.864075,20.199999,13.090738746663735,0.6818858438990344
2024-05-21 00:00:00+00:00,-35.576666,-71.678888,119.0,open-meteo_ecmwf_ifs,daily,14.4175,5.5175004,10.87,6.5237503,2.5897634,87.321556,0.0,12.990168959301942,1.1361288087521988
2024-05-22 00:00:00+00:00,-35.576666,-71.678888,119.0,open-meteo_ecmwf_ifs,daily,8.8175,4.7175,2.25,4.8758335,1.6987008,88.23145,1.6,12.892642869424003,0.6189104001423706
2024-05-23 00:00:00+00:00,-35.576666,-71.678888,119.0,open-meteo_ecmwf_ifs,daily,12.0175,3.0674999,10.38,4.77375,1.4456087,88.04681,0.6,12.79818422057518,0.833975947568214
2024-05-24 00:00:00+00:00,-35.576666,-71.678888,119.0,open-meteo_ecmwf_ifs,daily,12.0675,1.3675,8.34,3.715417,2.0903316,89.0137,0.0,12.706815634029265,0.8460039500196288
2024-05-25 00:00:00+00:00,-35.576666,-71.678888,119.0,open-meteo_ecmwf_ifs,daily,14.2175,5.9175,5.0,6.0424995,2.2157917,84.49033,0.0,12.61855862973075,1.0350444645557648
2024-05-26 00:00:00+00:00,-35.576666,-71.678888,119.0,open-meteo_ecmwf_ifs,daily,14.5175,6.3675003,7.7,7.5674996,2.4397583,86.03119,1.4000001,12.533433647942898,0.972592941738409
2024-05-27 00:00:00+00:00,-35.576666,-71.678888,119.0,open-meteo_ecmwf_ifs,daily,12.7675,4.4675,6.06,7.2258334,1.2238661,92.00745,0.0,12.45146007149115,0.6480221311627742
2024-05-28 00:00:00+00:00,-35.576666,-71.678888,119.0,open-meteo_ecmwf_ifs,daily,14.0675,5.0675,5.36,7.7570825,1.3590627,93.87924,0.0,12.372656248489434,0.6920206021960734
2024-05-29 00:00:00+00:00,-35.576666,-71.678888,119.0,open-meteo_ecmwf_ifs,daily,15.6675,6.5675,6.26,8.8862505,1.5424013,88.529305,2.2,12.297039515435285,0.7957304199975336
2024-05-30 00:00:00+00:00,-35.576666,-71.678888,119.0,open-meteo_ecmwf_ifs,daily,15.617499,7.8675003,6.18,10.0175,0.8248398,89.55753,0.0,12.224626220558676,0.7138568011599394
2024-05-31 00:00:00+00:00,-35.576666,-71.678888,119.0,open-meteo_ecmwf_ifs,daily,14.4175,7.5175004,4.13,9.819582,1.3705133,95.789085,7.2,12.1554317473089,0.6277966160003197
2024-06-01 00:00:00+00:00,-35.576666,-71.678888,119.0,open-meteo_ecmwf_ifs,daily,15.6675,9.867499,7.23,10.298751,2.449911,89.12423,11.400001,12.089470537863436,0.9604614783388192
2024-06-02 00:00:00+00:00,-35.576666,-71.678888,119.0,open-meteo_ecmwf_ifs,daily,11.367499,4.1675,4.43,3.7195833,2.9445999,76.10198,0.0,12.026756116543403,1.025803449604705
2024-06-03 00:00:00+00:00,-35.576666,-71.678888,119.0,open-meteo_ecmwf_ifs,daily,12.2675,4.4675,3.36,5.3029165,1.605381,87.56168,1.0,11.96730111302065,0.7518446083721055
2024-06-04 00:00:00+00:00,-35.576666,-71.678888,119.0,open-meteo_ecmwf_ifs,daily,12.8175,4.2175,4.83,6.171667,1.6798247,87.89481,1.9000001,11.911117285203076,0.705809478043658
2024-06-05 00:00:00+00:00,-35.576666,-71.678888,119.0,open-meteo_ecmwf_ifs,daily,12.4175,8.5675,1.28,7.7570825,3.2974129,83.11736,16.299997,11.858215541686578,0.9152459629861669
2024-06-06 00:00:00+00:00,-35.576666,-71.678888,119.0,open-meteo_ecmwf_ifs,daily,17.2175,11.7675,3.62,12.40083,3.3847115,89.8928,18.800003,11.808605963664144,0.938003555567825
2024-06-07 00:00:00+00:00,-35.576666,-71.678888,119.0,open-meteo_ecmwf_ifs,daily,16.567501,9.8175,5.02,11.76125,1.1636125,92.97925,0.0,11.762297826185879,0.6915601267916123
2024-06-08 00:00:00+00:00,-35.576666,-71.678888,119.0,open-meteo_ecmwf_ifs,daily,15.4175,9.4675,2.09,10.977917,4.54129,93.203064,3.1999998,11.719299618666536,0.7641511397302944
2024-06-09 00:00:00+00:00,-35.576666,-71.678888,119.0,open-meteo_ecmwf_ifs,daily,15.0675,10.6675,4.74,9.686249,5.246552,84.28577,14.599999,11.679619064541582,1.3022520004672662
2024-06-10 00:00:00+00:00,-35.576666,-71.678888,119.0,open-meteo_ecmwf_ifs,daily,15.2175,6.8675003,2.02,7.513334,3.17953,78.66944,0.3,11.643263139976678,1.0651571287135115
2024-06-11 00:00:00+00:00,-35.576666,-71.678888,119.0,open-meteo_ecmwf_ifs,daily,14.5175,11.8175,1.77,9.052917,4.74509,77.713104,6.6,11.610238091540667,1.465866593867788
2024-06-12 00:00:00+00:00,-35.576666,-71.678888,119.0,open-meteo_ecmwf_ifs,daily,16.4675,10.7675,5.77,9.03,6.416596,76.69939,18.5,11.580549452757165,1.8429233673012806
2024-06-13 00:00:00+00:00,-35.576666,-71.678888,119.0,open-meteo_ecmwf_ifs,daily,13.5175,11.4175,2.39,10.884166,7.2317224,89.89142,46.899998,11.554202059455813,0.8825978082224073
2024-06-14 00:00:00+00:00,-35.576666,-71.678888,119.0,open-meteo_ecmwf_ifs,daily,14.5675,9.5675,4.27,9.113331,5.301177,86.681854,11.799999,11.531200063850246,1.2021755282022497
2024-06-15 00:00:00+00:00,-35.576666,-71.678888,119.0,open-meteo_ecmwf_ifs,daily,14.867499,8.1675,7.52,9.023749,2.0773933,87.556694,10.0,11.5115469472764,0.8417655015723814
2024-06-16 00:00:00+00:00,-35.576666,-71.678888,119.0,open-meteo_ecmwf_ifs,daily,12.4175,7.5675,5.63,8.440417,0.9551523,93.76322,0.0,11.495245531531806,0.6091467148059043
2024-06-17 00:00:00+00:00,-35.576666,-71.678888,119.0,open-meteo_ecmwf_ifs,daily,11.3175,5.0675,1.52,6.9570827,3.7966402,93.919365,15.5,11.482297988763413,0.5878446314995643
2024-06-18 00:00:00+00:00,-35.576666,-71.678888,119.0,open-meteo_ecmwf_ifs,daily,11.0175,9.0175,1.84,9.057082,2.6281245,91.925446,26.200003,11.47270584985941,0.550632775732818
2024-06-19 00:00:00+00:00,-35.576666,-71.678888,119.0,open-meteo_ecmwf_ifs,daily,14.3175,5.0175004,6.92,6.5550003,1.7494568,88.809235,0.90000004,11.4664700113078,0.8022839748244139
2024-06-20 00:00:00+00:00,-35.576666,-71.678888,119.0,open-meteo_ecmwf_ifs,daily,12.117499,10.2675,1.15,8.869582,5.4779243,87.11798,35.1,11.463590740492808,0.9880697063682098
2024-06-21 00:00:00+00:00,-35.576666,-71.678888,119.0,open-meteo_ecmwf_ifs,daily,12.617499,8.617499,4.2,7.6508327,6.631779,86.48745,38.100002,11.464067679407938,1.2277777106435384
2024-06-22 00:00:00+00:00,-35.576666,-71.678888,119.0,open-meteo_ecmwf_ifs,daily,11.9675,7.0175004,7.41,6.6529174,3.4002,85.609924,26.200003,11.467899846772983,0.9365211312864421
2024-06-23 00:00:00+00:00,-35.576666,-71.678888,119.0,open-meteo_ecmwf_ifs,daily,10.5675,2.5674999,7.76,4.3966665,1.6125606,89.88398,4.9,11.47508563855033,0.6251288786638801
2024-06-24 00:00:00+00:00,-35.576666,-71.678888,119.0,open-meteo_ecmwf_ifs,daily,10.2675,0.11750001,10.22,2.1529167,2.5703797,85.00298,0.0,11.485622826864326,0.7488652789911158
2024-06-25 00:00:00+00:00,-35.576666,-71.678888,119.0,open-meteo_ecmwf_ifs,daily,9.5675,-1.0825,9.9,1.4195833,1.6574773,87.19604,0.0,11.499508557335568,0.6225210854304779
2024-06-26 00:00:00+00:00,-35.576666,-71.678888,119.0,open-meteo_ecmwf_ifs,daily,12.8175,3.5674999,7.77,3.7466667,1.3221384,80.91069,0.0,11.516739344850212,0.7939680886929239
2024-06-27 00:00:00+00:00,-35.576666,-71.678888,119.0,open-meteo_ecmwf_ifs,daily,11.6675,5.1175003,1.86,6.33,1.5037721,87.80762,2.0,11.53731106779247,0.6221626077365485
2024-06-28 00:00:00+00:00,-35.576666,-71.678888,119.0,open-meteo_ecmwf_ifs,daily,12.367499,3.2175,10.66,3.4904168,4.244992,78.09445,0.0,11.561218960776122,1.1993486281542625
2024-06-29 00:00:00+00:00,-35.576666,-71.678888,119.0,open-meteo_ecmwf_ifs,daily,14.2175,3.5175,9.66,1.1862501,2.7570913,65.9333,0.1,11.588457605918737,1.4173773105293799
2024-06-30 00:00:00+00:00,-35.576666,-71.678888,119.0,open-meteo_ecmwf_ifs,daily,12.0175,-0.2825,10.0,2.3258333,2.3635201,82.85306,0.0,11.619020922709527,0.8151085106929685
2024-07-01 00:00:00+00:00,-35.576666,-71.678888,119.0,open-meteo_ecmwf_ifs,daily,12.117499,3.0175,6.48,5.0091667,1.5626922,93.11252,0.0,11.652902156528818,0.6869971865468957
2024-07-02 00:00:00+00:00,-35.576666,-71.678888,119.0,open-meteo_ecmwf_ifs,daily,13.2675,4.3175,7.1,6.667499,1.450648,92.45413,0.0,11.69009386588399,0.6818014218319381
2024-07-03 00:00:00+00:00,-35.576666,-71.678888,119.0,open-meteo_ecmwf_ifs,daily,12.7175,4.3175,9.71,4.4675,3.3379605,81.51391,0.0,11.730587908432987,1.1054913882862438
2024-07-04 00:00:00+00:00,-35.576666,-71.678888,119.0,open-meteo_ecmwf_ifs,daily,11.6675,3.4175,11.01,1.1279167,5.34774,69.915474,0.0,11.774375425872538,1.6894583135373613
2024-07-05 00:00:00+00:00,-35.576666,-71.678888,119.0,open-meteo_ecmwf_ifs,daily,10.867499,-0.3325,11.06,-1.08875,4.299355,68.51212,0.0,11.821446827773741,1.3905274582906937
2024-07-06 00:00:00+00:00,-35.576666,-71.678888,119.0,open-meteo_ecmwf_ifs,daily,10.867499,0.4675,10.54,0.91541666,2.7371294,77.72629,0.0,11.871791774452815,1.0036512314659898
2024-07-07 00:00:00+00:00,-35.576666,-71.678888,119.0,open-meteo_ecmwf_ifs,daily,10.9175,0.8175,10.95,2.2091668,2.695534,82.88698,0.0,11.925399158969437,0.89714001816798
2024-07-08 00:00:00+00:00,-35.576666,-71.678888,119.0,open-meteo_ecmwf_ifs,daily,10.0675,0.9675,10.52,1.3466667,2.5874379,84.48665,0.0,11.98225708834914,0.9299499896091932
2024-07-09 00:00:00+00:00,-35.576666,-71.678888,119.0,open-meteo_ecmwf_ifs,daily,6.6175003,1.2175,4.94,1.6654166,1.7791752,88.53008,0.0,12.042352864130155,0.6003035903583974
2024-07-10 00:00:00+00:00,-35.576666,-71.678888,119.0,open-meteo_ecmwf_ifs,daily,8.4675,-1.2825,10.05,0.30916667,1.5698366,85.266975,0.0,12.105672962337875,0.6872314385736027
2024-07-11 00:00:00+00:00,-35.576666,-71.678888,119.0,open-meteo_ecmwf_ifs,daily,7.6675,-1.9825001,8.4,0.53625,1.338061,91.796394,0.0,12.172203012993135,0.5835592664960091
2024-07-12 00:00:00+00:00,-35.576666,-71.678888,119.0,open-meteo_ecmwf_ifs,daily,9.5675,-1.0325,8.68,0.5029165,1.0852811,86.75864,0.0,12.241927779262314,0.6780638718518308
2024-07-13 00:00:00+00:00,-35.576666,-71.678888,119.0,open-meteo_ecmwf_ifs,daily,9.367499,-2.8825,8.11,-0.31791657,1.6682631,86.60656,0.0,12.314831136359164,0.7118616883231043
2024-07-14 00:00:00+00:00,-35.576666,-71.678888,119.0,open-meteo_ecmwf_ifs,daily,8.867499,0.5675,5.64,2.0175,0.9853463,91.14089,0.0,12.390896050309172,0.6129474624111159
2024-07-15 00:00:00+00:00,-35.576666,-71.678888,119.0,open-meteo_ecmwf_ifs,daily,7.7175,1.8675,5.12,3.069583,1.6199598,94.25531,0.0,12.470104556688108,0.5870240861934857
2024-07-16 00:00:00+00:00,-35.576666,-71.678888,119.0,open-meteo_ecmwf_ifs,daily,15.9175,1.0174999,11.31,4.302917,1.8818148,87.12788,0.0,12.55243773944638,1.0092313160722617
2024-07-17 00:00:00+00:00,-35.576666,-71.678888,119.0,open-meteo_ecmwf_ifs,daily,11.2675,3.5175,6.07,5.157084,1.5481547,92.22934,0.0,12.637875709930581,0.7133943287158551
2024-07-18 00:00:00+00:00,-35.576666,-71.678888,119.0,open-meteo_ecmwf_ifs,daily,14.0175,7.2175,8.41,7.1112494,3.4377353,81.94251,0.0,12.726397586212975,1.2017173261995695
2024-07-19 00:00:00+00:00,-35.576666,-71.678888,119.0,open-meteo_ecmwf_ifs,daily,10.9175,2.1175,7.8,1.1800002,3.0003693,68.78387,0.0,12.817981472838119,1.2090618671047024
2024-07-20 00:00:00+00:00,-35.576666,-71.678888,119.0,open-meteo_ecmwf_ifs,daily,11.0175,1.0675,10.09,2.9675,0.81742674,87.54587,0.0,12.912604441094702,0.7436261906182299
2024-07-21 00:00:00+00:00,-35.576666,-71.678888,119.0,open-meteo_ecmwf_ifs,daily,14.2175,0.2675,10.59,4.221666,1.2740793,87.699425,0.0,13.01024250991817,0.8452649454950582
2024-07-22 00:00:00+00:00,-35.576666,-71.678888,119.0,open-meteo_ecmwf_ifs,daily,12.9175,3.4675,9.58,5.4966674,1.1809629,92.17066,0.0,13.110870627527623,0.8405922462539048
2024-07-23 00:00:00+00:00,-35.576666,-71.678888,119.0,open-meteo_ecmwf_ifs,daily,13.3175,4.7675004,4.1,6.732084,2.8162577,90.00149,0.1,13.214462653897755,0.8415988920541626
2024-07-24 00:00:00+00:00,-35.576666,-71.678888,119.0,open-meteo_ecmwf_ifs,daily,15.4675,3.6675,10.62,6.8862495,1.0579509,88.5589,0.0,13.320991344163259,0.9194813269061098
2024-07-25 00:00:00+00:00,-35.576666,-71.678888,119.0,open-meteo_ecmwf_ifs,daily,12.867499,3.3174999,5.46,6.6404166,1.5534081,89.95779,1.1,13.430428333050116,0.6882084235017892
2024-07-26 00:00:00+00:00,-35.576666,-71.678888,119.0,open-meteo_ecmwf_ifs,daily,12.2675,4.7175,11.94,5.134167,3.3432024,85.1645,0.0,13.542744120424278,1.1986898315721393
2024-07-27 00:00:00+00:00,-35.576666,-71.678888,119.0,open-meteo_ecmwf_ifs,daily,14.0175,2.8174999,12.66,0.9529167,5.3266363,65.79063,0.0,13.657908058044411,2.097266616680289
2024-07-28 00:00:00+00:00,-35.576666,-71.678888,119.0,open-meteo_ecmwf_ifs,daily,12.117499,1.0174999,13.04,0.050833363,4.7021008,65.30897,0.0,13.775888337601328,1.7333585358508818
2024-07-29 00:00:00+00:00,-35.576666,-71.678888,119.0,open-meteo_ecmwf_ifs,daily,14.117499,-0.8325,12.63,1.4029168,2.0886672,74.22023,0.0,13.896651980122169,1.2087670842984621
2024-07-30 00:00:00+00:00,-35.576666,-71.678888,119.0,open-meteo_ecmwf_ifs,daily,13.5175,3.5175,5.3,5.7570825,1.6548438,89.37272,0.0,14.02016482681309,0.8512253884048626
2024-07-31 00:00:00+00:00,-35.576666,-71.678888,119.0,open-meteo_ecmwf_ifs,daily,12.6675,7.1175003,2.0,7.852917,4.047075,89.99411,0.2,14.146391531409344,0.852313038138815
2024-08-01 00:00:00+00:00,-35.576666,-71.678888,119.0,open-meteo_ecmwf_ifs,daily,12.9675,10.5175,1.63,8.394583,8.58609,81.256294,33.899998,14.27529555409671,1.5385671358562398
2024-08-02 00:00:00+00:00,-35.576666,-71.678888,119.0,open-meteo_ecmwf_ifs,daily,13.117499,10.3175,5.28,9.377916,6.4848137,87.726105,47.1,14.40683915706352,1.2020633123414095
2024-08-03 00:00:00+00:00,-35.576666,-71.678888,119.0,open-meteo_ecmwf_ifs,daily,15.3175,7.6175003,11.5,7.1883335,3.7009676,80.37324,4.2,14.540983401737023,1.614687607568428
2024-08-04 00:00:00+00:00,-35.576666,-71.678888,119.0,open-meteo_ecmwf_ifs,daily,12.6675,5.3175,4.42,6.3279166,2.5357773,85.71176,3.6,14.677688147753038,0.9268363165907261
2024-08-05 00:00:00+00:00,-35.576666,-71.678888,119.0,open-meteo_ecmwf_ifs,daily,10.7175,7.2675004,4.74,6.194584,4.5246806,82.634056,33.100002,14.816912053702223,1.0995496120249841
2024-08-06 00:00:00+00:00,-35.576666,-71.678888,119.0,open-meteo_ecmwf_ifs,daily,11.5675,3.6675,11.16,5.155,1.4121099,87.41935,4.7999997,14.958612579691186,1.02226444098937
2024-08-07 00:00:00+00:00,-35.576666,-71.678888,119.0,open-meteo_ecmwf_ifs,daily,11.2175,1.5675,13.89,2.8549998,2.4900086,83.52914,0.0,15.102745991751158,1.230376270506207
2024-08-08 00:00:00+00:00,-35.576666,-71.678888,119.0,open-meteo_ecmwf_ifs,daily,12.617499,0.4175,14.31,2.4695833,2.0705433,81.22181,0.0,15.24926736812163,1.2718513161628784
2024-08-09 00:00:00+00:00,-35.576666,-71.678888,119.0,open-meteo_ecmwf_ifs,daily,13.6675,0.51750004,11.66,3.2966669,2.198298,83.879944,0.0,15.398130607430868,1.2203182059720603
2024-08-10 00:00:00+00:00,-35.576666,-71.678888,119.0,open-meteo_ecmwf_ifs,daily,16.817501,3.3675,12.31,6.409167,2.9013336,83.23887,0.0,15.549288438789773,1.4615132674827593
2024-08-11 00:00:00+00:00,-35.576666,-71.678888,119.0,open-meteo_ecmwf_ifs,daily,17.6175,4.8175,14.25,5.23,3.9979408,74.039314,0.0,15.702692433810236,2.089168423200204
2024-08-12 00:00:00+00:00,-35.576666,-71.678888,119.0,open-meteo_ecmwf_ifs,daily,17.2675,3.3675,14.09,6.5008335,2.5732172,79.862686,0.0,15.858293020553585,1.551783125048857
2024-08-13 00:00:00+00:00,-35.576666,-71.678888,119.0,open-meteo_ecmwf_ifs,daily,16.7675,4.8175,12.55,6.8904166,1.6342516,80.17876,0.0,16.016039499409555,1.4301674323749365
2024-08-14 00:00:00+00:00,-35.576666,-71.678888,119.0,open-meteo_ecmwf_ifs,daily,14.5675,6.3175,5.57,8.296666,1.9359659,89.52134,0.1,16.175880060900607,0.9556375895052721
2024-08-15 00:00:00+00:00,-35.576666,-71.678888,119.0,open-meteo_ecmwf_ifs,daily,14.9175,4.2675004,15.06,5.8216667,2.7802343,77.5535,0.0,16.337761805401495,1.6013376220632618
2024-08-16 00:00:00+00:00,-35.576666,-71.678888,119.0,open-meteo_ecmwf_ifs,daily,13.5675,3.1175,11.8,3.9237497,3.2968643,78.71464,0.0,16.501630764758385,1.5470367587259009
2024-08-17 00:00:00+00:00,-35.576666,-71.678888,119.0,open-meteo_ecmwf_ifs,daily,13.7675,4.4175,14.76,2.9716666,4.404215,69.423,0.0,16.66743192578701,2.089322590883895
2024-08-18 00:00:00+00:00,-35.576666,-71.678888,119.0,open-meteo_ecmwf_ifs,daily,11.0675,3.7675,8.6,2.29875,3.0636866,71.26038,0.0,16.835109255624094,1.4641735077551399
2024-08-19 00:00:00+00:00,-35.576666,-71.678888,119.0,open-meteo_ecmwf_ifs,daily,10.867499,3.2175,8.55,3.0466664,1.245728,78.43066,0.0,17.004605728901293,1.10507718350848
2024-08-20 00:00:00+00:00,-35.576666,-71.678888,119.0,open-meteo_ecmwf_ifs,daily,11.4675,1.0174999,14.91,1.8112501,1.6057812,78.5498,0.0,17.175863356706206,1.4192049894453764
2024-08-21 00:00:00+00:00,-35.576666,-71.678888,119.0,open-meteo_ecmwf_ifs,daily,9.617499,0.6675,8.05,2.2716668,3.2634,84.96554,15.900001,17.34882321728991,1.0653857056194358
2024-08-22 00:00:00+00:00,-35.576666,-71.678888,119.0,open-meteo_ecmwf_ifs,daily,11.9675,3.6675,11.2,4.2799997,3.936188,85.33352,20.900002,17.523425488476214,1.462842094652332
2024-08-23 00:00:00+00:00,-35.576666,-71.678888,119.0,open-meteo_ecmwf_ifs,daily,10.2675,4.6175003,7.08,4.634167,3.4856348,85.5015,13.3,17.699609481722867,1.1400073102696933
2024-08-24 00:00:00+00:00,-35.576666,-71.678888,119.0,open-meteo_ecmwf_ifs,daily,15.867499,0.76750004,16.91,3.1070833,2.4764402,79.9229,0.0,17.877313677780847,1.8445064606383275
2024-08-25 00:00:00+00:00,-35.576666,-71.678888,119.0,open-meteo_ecmwf_ifs,daily,16.667501,1.2175,14.74,4.232084,1.393267,79.22596,0.0,18.056475763893488,1.6178697005574925
2024-08-26 00:00:00+00:00,-35.576666,-71.678888,119.0,open-meteo_ecmwf_ifs,daily,15.0675,5.0175004,11.28,6.8820834,1.7592152,81.78651,1.2,18.237032672473088,1.4274314671993225
2024-08-27 00:00:00+00:00,-35.576666,-71.678888,119.0,open-meteo_ecmwf_ifs,daily,15.2175,4.0175004,16.32,5.834167,3.032525,80.70238,0.0,18.418920621188445,1.8369308700590499
2024-08-28 00:00:00+00:00,-35.576666,-71.678888,119.0,open-meteo_ecmwf_ifs,daily,14.2175,3.9675,11.36,5.8862495,1.5861263,84.88467,0.0,18.602075154393535,1.395657065896714
2024-08-29 00:00:00+00:00,-35.576666,-71.678888,119.0,open-meteo_ecmwf_ifs,daily,14.5675,4.2175,9.08,7.304999,1.3918227,90.46366,0.0,18.78643118582318,1.180676497898
2024-08-30 00:00:00+00:00,-35.576666,-71.678888,119.0,open-meteo_ecmwf_ifs,daily,14.5675,6.3175,7.88,7.069584,1.670632,82.40894,0.0,18.971923042478675,1.290346506019405
2024-08-31 00:00:00+00:00,-35.576666,-71.678888,119.0,open-meteo_ecmwf_ifs,daily,18.5175,3.3675,17.37,6.982084,2.2046978,82.98473,0.0,19.158484509622827,2.0051961122107707
2024-09-01 00:00:00+00:00,-35.576666,-71.678888,119.0,open-meteo_ecmwf_ifs,daily,19.167501,5.0175004,15.11,8.009167,1.5090084,86.03355,0.0,19.3460488768007,1.9013235418238028
2024-09-02 00:00:00+00:00,-35.576666,-71.678888,119.0,open-meteo_ecmwf_ifs,daily,13.867499,6.7175,7.53,6.607083,2.1623905,80.701256,3.0000002,19.53454898479983,1.3682448163156047
2024-09-03 00:00:00+00:00,-35.576666,-71.678888,119.0,open-meteo_ecmwf_ifs,daily,14.2175,3.3675,17.24,4.790417,3.7271702,79.559685,0.0,19.723917273460536,1.974251284780009
2024-09-04 00:00:00+00:00,-35.576666,-71.678888,119.0,open-meteo_ecmwf_ifs,daily,16.9675,4.3175,18.87,5.338333,4.017762,77.779915,0.0,19.914085830245092,2.448781722190375
2024-09-05 00:00:00+00:00,-35.576666,-71.678888,119.0,open-meteo_ecmwf_ifs,daily,15.4675,2.3675,13.98,5.37375,2.5081964,81.36906,0.0,20.104986439471787,1.7053188691496977
2024-09-06 00:00:00+00:00,-35.576666,-71.678888,119.0,open-meteo_ecmwf_ifs,daily,15.9675,4.9675,11.04,6.867499,1.2884014,83.76142,0.0,20.296550632118187,1.5309381824499668
2024-09-07 00:00:00+00:00,-35.576666,-71.678888,119.0,open-meteo_ecmwf_ifs,daily,15.3175,4.6175003,17.4,5.844584,2.918045,78.32842,0.0,20.488709736096364,2.094129755109016
2024-09-08 00:00:00+00:00,-35.576666,-71.678888,119.0,open-meteo_ecmwf_ifs,daily,15.5675,4.2675004,16.07,4.8175,3.0221136,74.61842,0.0,20.681394926900794,2.1593319764170884
2024-09-09 00:00:00+00:00,-35.576666,-71.678888,119.0,open-meteo_ecmwf_ifs,daily,17.567501,6.4175,17.13,6.07375,1.438201,72.44937,0.2,20.874537278529242,2.2494156314563445
2024-09-10 00:00:00+00:00,-35.576666,-71.678888,119.0,open-meteo_ecmwf_ifs,daily,16.067501,9.617499,12.72,6.488334,2.5933878,69.40598,0.70000005,21.068067814575134,2.289299354911999
2024-09-11 00:00:00+00:00,-35.576666,-71.678888,119.0,open-meteo_ecmwf_ifs,daily,16.6175,4.5175004,20.16,4.5925,3.8986654,70.55567,0.0,21.261917559389712,2.689540515905607
2024-09-12 00:00:00+00:00,-35.576666,-71.678888,119.0,open-meteo_ecmwf_ifs,daily,15.8175,1.9175,19.92,3.5341666,2.9230354,71.840355,0.0,21.456017589211964,2.353712600391419
2024-09-13 00:00:00+00:00,-35.576666,-71.678888,119.0,open-meteo_ecmwf_ifs,daily,16.917501,2.7175,20.05,4.8945837,3.4860032,74.44193,0.0,21.650299083163496,2.4486199479833903
2024-09-14 00:00:00+00:00,-35.576666,-71.678888,119.0,open-meteo_ecmwf_ifs,daily,20.7675,4.9175,20.84,5.127917,4.190118,65.3075,0.0,21.84469337400648,3.3075000994588004
2024-09-15 00:00:00+00:00,-35.576666,-71.678888,119.0,open-meteo_ecmwf_ifs,daily,20.3675,5.3175,21.16,5.2925,4.4804215,62.73566,0.0,22.03913199856259,3.360095440552794
2024-09-16 00:00:00+00:00,-35.576666,-71.678888,119.0,open-meteo_ecmwf_ifs,daily,20.2175,5.1675,15.96,6.1612496,3.368161,66.945305,0.0,22.233546747691683,2.70988834959402
2024-09-17 00:00:00+00:00,-35.576666,-71.678888,119.0,open-meteo_ecmwf_ifs,daily,19.7675,7.1175003,17.52,8.888331,2.2162921,78.547585,0.0,22.42786971573025,2.493791465800216
2024-09-18 00:00:00+00:00,-35.576666,-71.678888,119.0,open-meteo_ecmwf_ifs,daily,15.4175,6.2675004,11.08,7.8799996,3.039965,81.821144,0.0,22.622033349290277,1.6886559794342373
2024-09-19 00:00:00+00:00,-35.576666,-71.678888,119.0,open-meteo_ecmwf_ifs,daily,15.4675,10.2675,15.8,9.0675,6.6446495,81.42196,16.8,22.815970495321398,2.474500522770896
2024-09-20 00:00:00+00:00,-35.576666,-71.678888,119.0,open-meteo_ecmwf_ifs,daily,18.167501,7.1675,12.14,8.450833,1.7836989,82.205315,0.1,23.009614448340564,1.9571114432739884
2024-09-21 00:00:00+00:00,-35.576666,-71.678888,119.0,open-meteo_ecmwf_ifs,daily,15.867499,6.0675,9.38,6.7987504,3.0662844,80.20965,0.9,23.202898996735534,1.7888945882627738
2024-09-22 00:00:00+00:00,-35.576666,-71.678888,119.0,open-meteo_ecmwf_ifs,daily,14.2675,8.4175,12.59,8.377915,2.902058,82.18989,17.7,23.395758468051298,1.8474105705513433
2024-09-23 00:00:00+00:00,-35.576666,-71.678888,119.0,open-meteo_ecmwf_ifs,daily,16.8675,4.4675,20.89,5.6300006,1.6940149,78.1739,0.0,23.588127773170523,2.58383863614966
2024-09-24 00:00:00+00:00,-35.576666,-71.678888,119.0,open-meteo_ecmwf_ifs,daily,16.6175,4.7675004,17.03,5.7758336,2.5001645,77.442894,0.0,23.779942449302617,2.3716030075502488
2024-09-25 00:00:00+00:00,-35.576666,-71.678888,119.0,open-meteo_ecmwf_ifs,daily,16.6175,5.0175004,22.93,4.8862505,4.719439,71.74319,0.0,23.97113870169882,3.09862002962263
2024-09-26 00:00:00+00:00,-35.576666,-71.678888,119.0,open-meteo_ecmwf_ifs,daily,18.8675,2.1175,20.13,5.569584,2.3431177,74.7399,0.0,24.161653444014092,2.5836450777155964
2024-09-27 00:00:00+00:00,-35.576666,-71.678888,119.0,open-meteo_ecmwf_ifs,daily,18.9675,4.6175003,23.13,5.4466667,1.8304147,67.2373,0.0,24.351424337240626,3.0164472578587063
2024-09-28 00:00:00+00:00,-35.576666,-71.678888,119.0,open-meteo_ecmwf_ifs,daily,20.6175,8.3175,15.79,7.796667,2.2540019,69.75174,0.0,24.540389827141148,2.7794139279631582
2024-09-29 00:00:00+00:00,-35.576666,-71.678888,119.0,open-meteo_ecmwf_ifs,daily,19.917501,9.1675,12.51,10.629998,2.6733344,85.204765,0.0,24.72848918011466,2.230486366097258
2024-09-30 00:00:00+00:00,-35.576666,-71.678888,119.0,open-meteo_ecmwf_ifs,daily,12.867499,10.617499,3.72,9.190416,5.037665,84.44538,26.399998,24.915662517431688,1.2820119356925728
2024-10-01 00:00:00+00:00,-35.576666,-71.678888,119.0,open-meteo_ecmwf_ifs,daily,16.167501,8.8175,20.33,8.763333,2.6393254,82.69339,1.7000002,25.101850847780003,2.7126415697179938
2024-10-02 00:00:00+00:00,-35.576666,-71.678888,119.0,open-meteo_ecmwf_ifs,daily,17.4675,3.3174999,24.61,3.055,4.5137033,62.75732,0.0,25.286996098067448,3.4269393220215427
2024-10-03 00:00:00+00:00,-35.576666,-71.678888,119.0,open-meteo_ecmwf_ifs,daily,19.3675,4.8175,22.17,7.1404166,2.298857,77.78565,0.0,25.471041142432416,2.968493404079781
2024-10-04 00:00:00+00:00,-35.576666,-71.678888,119.0,open-meteo_ecmwf_ifs,daily,21.9675,7.1675,21.82,9.86125,1.492886,78.1303,0.0,25.653929829418374,3.1114475327867885
2024-10-05 00:00:00+00:00,-35.576666,-71.678888,119.0,open-meteo_ecmwf_ifs,daily,23.3675,6.0675,24.06,9.53,2.0046854,74.009094,0.0,25.83560700727351,3.427649016045422
2024-10-06 00:00:00+00:00,-35.576666,-71.678888,119.0,open-meteo_ecmwf_ifs,daily,24.7675,11.5675,19.04,10.909165,2.7874317,70.06818,0.1,26.016018547342068,3.6822243596769595
2024-10-07 00:00:00+00:00,-35.576666,-71.678888,119.0,open-meteo_ecmwf_ifs,daily,24.2675,10.0675,20.46,11.984165,1.9237884,76.66957,0.4,26.195111365519512,3.3419664750752784
2024-10-08 00:00:00+00:00,-35.576666,-71.678888,119.0,open-meteo_ecmwf_ifs,daily,18.4675,12.6675,8.7,12.071666,2.0860703,81.98372,2.1999998,26.372833441748863,1.859704315021361
2024-10-09 00:00:00+00:00,-35.576666,-71.678888,119.0,open-meteo_ecmwf_ifs,daily,23.4675,11.367499,19.64,12.436249,1.5276508,78.808205,0.2,26.54913383754152,3.2288931937340357
2024-10-10 00:00:00+00:00,-35.576666,-71.678888,119.0,open-meteo_ecmwf_ifs,daily,22.3675,10.117499,18.31,11.965416,2.0232074,81.312675,0.6,26.72396271151121,2.9816511792804263
2024-10-11 00:00:00+00:00,-35.576666,-71.678888,119.0,open-meteo_ecmwf_ifs,daily,18.3675,9.9675,15.07,8.442499,1.8488232,72.33007,0.1,26.8972713329157,2.6225611697769633
2024-10-12 00:00:00+00:00,-35.576666,-71.678888,119.0,open-meteo_ecmwf_ifs,daily,20.317501,7.8175,24.49,6.977917,3.5059965,68.786766,0.0,27.069012093206286,3.8468830302256505
2024-10-13 00:00:00+00:00,-35.576666,-71.678888,119.0,open-meteo_ecmwf_ifs,daily,21.5175,5.7675004,24.85,5.4216657,2.7582772,60.324535,0.0,27.239138515591172,3.849988861840747
2024-10-14 00:00:00+00:00,-35.576666,-71.678888,119.0,open-meteo_ecmwf_ifs,daily,22.7175,7.4675,25.58,7.627917,2.6992588,67.21618,0.0,27.40760526262417,4.016848897400196
2024-10-15 00:00:00+00:00,-35.576666,-71.678888,119.0,open-meteo_ecmwf_ifs,daily,24.7175,7.1175003,22.85,9.015416,1.6944426,68.29134,0.0,27.574368141836025,3.634951292863573
2024-10-16 00:00:00+00:00,-35.576666,-71.678888,119.0,open-meteo_ecmwf_ifs,daily,19.3675,7.9675,18.23,8.436248,3.396528,71.65306,0.0,27.739384109431114,3.0285615636971985
2024-10-17 00:00:00+00:00,-35.576666,-71.678888,119.0,open-meteo_ecmwf_ifs,daily,24.8675,7.4675,26.32,8.57375,3.1483526,70.03826,0.0,27.90261127207793,4.339925439145412
2024-10-18 00:00:00+00:00,-35.576666,-71.678888,119.0,open-meteo_ecmwf_ifs,daily,26.167501,8.5175,25.48,10.809165,2.5494957,69.934814,0.0,28.064008886826755,4.205484605080444
2024-10-19 00:00:00+00:00,-35.576666,-71.678888,119.0,open-meteo_ecmwf_ifs,daily,22.9675,9.7675,26.11,11.017499,2.7668715,76.50544,0.0,28.22353735919375,4.042100406233547
2024-10-20 00:00:00+00:00,-35.576666,-71.678888,119.0,open-meteo_ecmwf_ifs,daily,17.5175,11.2675,8.15,8.634166,4.4506245,70.85647,1.7,28.381158239455154,2.5074017250044207
2024-10-21 00:00:00+00:00,-35.576666,-71.678888,119.0,open-meteo_ecmwf_ifs,daily,23.5175,8.7675,26.55,9.334167,3.142949,69.16336,0.0,28.53683421720072,4.2969458754200796
2024-10-22 00:00:00+00:00,-35.576666,-71.678888,119.0,open-meteo_ecmwf_ifs,daily,26.067501,9.7175,24.1,9.390415,2.7108612,63.947235,0.0,28.69052911419987,4.417356678357623
2024-10-23 00:00:00+00:00,-35.576666,-71.678888,119.0,open-meteo_ecmwf_ifs,daily,18.167501,13.1675,10.44,11.709165,2.37131,79.13282,7.7999997,28.842207875638806,2.193507872351612
2024-10-24 00:00:00+00:00,-35.576666,-71.678888,119.0,open-meteo_ecmwf_ifs,daily,24.2175,10.117499,24.13,11.125832,2.3482168,77.676704,0.0,28.99183655979099,4.0189658815999545
2024-10-25 00:00:00+00:00,-35.576666,-71.678888,119.0,open-meteo_ecmwf_ifs,daily,19.667501,8.2175,28.29,5.7550006,6.155788,61.00624,0.0,29.13938232618744,4.697966381772915
2024-10-26 00:00:00+00:00,-35.576666,-71.678888,119.0,open-meteo_ecmwf_ifs,daily,25.667501,8.0175,27.9,5.8175006,3.701646,53.150883,0.0,29.28481342235693,5.194082838659622
2024-10-27 00:00:00+00:00,-35.576666,-71.678888,119.0,open-meteo_ecmwf_ifs,daily,26.5175,9.5675,27.41,11.83625,2.0904396,70.26145,0.0,29.428099169210135,4.48771462634886
2024-10-28 00:00:00+00:00,-35.576666,-71.678888,119.0,open-meteo_ecmwf_ifs,daily,30.7675,10.867499,28.23,9.369583,3.4943056,53.810806,0.0,29.569209945143932,5.8597539698082
2024-10-29 00:00:00+00:00,-35.576666,-71.678888,119.0,open-meteo_ecmwf_ifs,daily,26.0175,10.9675,28.2,11.523749,2.8992307,63.955067,0.0,29.708117168946305,4.842312088108945
2024-10-30 00:00:00+00:00,-35.576666,-71.678888,119.0,open-meteo_ecmwf_ifs,daily,25.567501,12.0675,21.29,11.47375,1.6591426,71.654015,0.0,29.844793281583353,3.913634911540716
2024-10-31 00:00:00+00:00,-35.576666,-71.678888,119.0,open-meteo_ecmwf_ifs,daily,26.8675,11.867499,25.15,11.696667,2.1682458,68.420586,0.0,29.979211726953288,4.5763880527582375
2024-11-01 00:00:00+00:00,-35.576666,-71.678888,119.0,open-meteo_ecmwf_ifs,daily,19.567501,12.5175,14.43,8.696668,3.8271713,66.6039,0.1,30.11134693169332,3.4286400559146877
2024-11-02 00:00:00+00:00,-35.576666,-71.678888,119.0,open-meteo_ecmwf_ifs,daily,23.417501,9.7675,28.44,9.067498,2.3712804,67.295204,0.2,30.241174284127034,4.6150605700271345
2024-11-03 00:00:00+00:00,-35.576666,-71.678888,119.0,open-meteo_ecmwf_ifs,daily,19.567501,10.617499,14.25,5.8716674,3.0129833,57.02534,0.0,30.368670112441286,3.399884513294921
2024-11-04 00:00:00+00:00,-35.576666,-71.678888,119.0,open-meteo_ecmwf_ifs,daily,21.167501,9.7675,27.63,8.138333,3.4523733,66.18795,2.9,30.49381166218147,4.519373600140356
2024-11-05 00:00:00+00:00,-35.576666,-71.678888,119.0,open-meteo_ecmwf_ifs,daily,24.167501,7.7675004,29.79,5.419583,4.1891627,55.427334,0.0,30.616577073155423,5.347803854868197
2024-11-06 00:00:00+00:00,-35.576666,-71.678888,119.0,open-meteo_ecmwf_ifs,daily,25.8675,11.367499,28.98,7.9362507,4.537597,55.219563,0.0,30.736945355835214,5.840516545337944
2024-11-07 00:00:00+00:00,-35.576666,-71.678888,119.0,open-meteo_ecmwf_ifs,daily,26.2175,10.7175,22.95,7.727918,3.1807263,54.86446,0.2,30.85489636734607,4.874812728364758
2024-11-08 00:00:00+00:00,-35.576666,-71.678888,119.0,open-meteo_ecmwf_ifs,daily,28.1175,11.5175,27.23,8.015416,2.5672548,50.272945,0.0,30.970410787130895,5.393397439517348
2024-11-09 00:00:00+00:00,-35.576666,-71.678888,119.0,open-meteo_ecmwf_ifs,daily,24.417501,13.5175,20.4,10.646667,3.6939437,60.864105,0.5,31.083470092377418,4.509057065075103
2024-11-10 00:00:00+00:00,-35.576666,-71.678888,119.0,open-meteo_ecmwf_ifs,daily,21.2675,12.367499,21.35,8.394582,3.0890057,61.871204,3.6,31.194056533293377,4.2147952939281135
2024-11-11 00:00:00+00:00,-35.576666,-71.678888,119.0,open-meteo_ecmwf_ifs,daily,22.7175,9.117499,30.33,6.459167,5.9151306,57.726498,0.0,31.302153108313586,5.530758573604924
2024-11-12 00:00:00+00:00,-35.576666,-71.678888,119.0,open-meteo_ecmwf_ifs,daily,25.917501,10.0675,30.53,5.700833,6.0290513,47.173187,0.0,31.407743539319977,6.4954963633791465
2024-11-13 00:00:00+00:00,-35.576666,-71.678888,119.0,open-meteo_ecmwf_ifs,daily,28.7675,10.8175,30.45,9.142499,3.9227736,54.76476,0.0,31.510812246953364,6.071114940963971
2024-11-14 00:00:00+00:00,-35.576666,-71.678888,119.0,open-meteo_ecmwf_ifs,daily,27.917501,11.7175,27.72,12.923751,1.8353008,68.884636,0.0,31.61134432609269,4.897915804831011
2024-11-15 00:00:00+00:00,-35.576666,-71.678888,119.0,open-meteo_ecmwf_ifs,daily,21.667501,12.0175,17.4,10.509167,2.4645777,68.780205,0.1,31.709325521574243,3.4333138637772747
2024-11-16 00:00:00+00:00,-35.576666,-71.678888,119.0,open-meteo_ecmwf_ifs,daily,22.567501,9.0175,31.15,5.113333,3.702288,52.91539,0.0,31.80474220421982,5.423392292574887
2024-11-17 00:00:00+00:00,-35.576666,-71.678888,119.0,open-meteo_ecmwf_ifs,daily,24.317501,9.0675,31.43,5.9654164,3.024184,53.078663,0.0,31.897581347239193,5.456753353490753
2024-11-18 00:00:00+00:00,-35.576666,-71.678888,119.0,open-meteo_ecmwf_ifs,daily,26.9675,11.4175,31.02,8.817498,2.1602688,58.683613,0.0,31.987830503067933,5.541700436736104
2024-11-19 00:00:00+00:00,-35.576666,-71.678888,119.0,open-meteo_ecmwf_ifs,daily,25.3675,9.617499,28.46,9.484166,2.2889001,68.14866,0.0,32.07547778069807,4.872633054624455
2024-11-20 00:00:00+00:00,-35.576666,-71.678888,119.0,open-meteo_ecmwf_ifs,daily,26.7675,12.1675,30.24,8.711251,2.325835,56.495365,0.0,32.16051182355393,5.584217653035189
2024-11-21 00:00:00+00:00,-35.576666,-71.678888,119.0,open-meteo_ecmwf_ifs,daily,28.817501,11.0175,31.19,9.321666,2.0635383,56.866375,0.0,32.24292178796179,5.665187607345928
2024-11-22 00:00:00+00:00,-35.576666,-71.678888,119.0,open-meteo_ecmwf_ifs,daily,27.3675,10.3175,31.59,8.559166,1.6735126,58.096874,0.0,32.3226973222571,5.423939293257688
2024-11-23 00:00:00+00:00,-35.576666,-71.678888,119.0,open-meteo_ecmwf_ifs,daily,28.8675,12.0675,31.17,10.440416,3.1744888,59.56232,0.0,32.39982854656807,6.0404743718188785
2024-11-24 00:00:00+00:00,-35.576666,-71.678888,119.0,open-meteo_ecmwf_ifs,daily,26.167501,12.2175,27.0,10.117499,2.2120097,58.595974,0.0,32.47430603331064,5.0337846735072915
2024-11-25 00:00:00+00:00,-35.576666,-71.678888,119.0,open-meteo_ecmwf_ifs,daily,26.567501,11.867499,31.35,6.844583,3.1964424,47.495667,0.0,32.54612078842424,6.107689613678708
2024-11-26 00:00:00+00:00,-35.576666,-71.678888,119.0,open-meteo_ecmwf_ifs,daily,25.3675,10.367499,29.24,8.096667,2.075118,59.427418,0.0,32.61526423337381,5.129113056416239
2024-11-27 00:00:00+00:00,-35.576666,-71.678888,119.0,open-meteo_ecmwf_ifs,daily,23.9675,9.9675,31.73,6.3070827,2.8586538,53.969162,0.0,32.6817281879389,5.532980650274409
2024-11-28 00:00:00+00:00,-35.576666,-71.678888,119.0,open-meteo_ecmwf_ifs,daily,24.417501,9.6675,31.6,4.542501,3.4575999,49.460155,0.0,32.74550485380599,5.8659540566492145
2024-11-29 00:00:00+00:00,-35.576666,-71.678888,119.0,open-meteo_ecmwf_ifs,daily,27.817501,10.4675,32.17,5.194583,2.426427,44.29867,0.0,32.80658679897639,6.025638005369923
2024-11-30 00:00:00+00:00,-35.576666,-71.678888,119.0,open-meteo_ecmwf_ifs,daily,28.067501,11.617499,30.79,7.2987494,1.7292442,50.037613,0.0,32.86496694299768,5.6186086783969404
2024-12-01 00:00:00+00:00,-35.576666,-71.678888,119.0,open-meteo_ecmwf_ifs,daily,24.2175,10.367499,26.95,7.43,1.777269,59.632763,0.0,32.920638543022996,4.737802764997201
2024-12-02 00:00:00+00:00,-35.576666,-71.678888,119.0,open-meteo_ecmwf_ifs,daily,26.067501,10.8175,32.73,5.1175003,4.1049438,48.29535,0.0,32.97359518069878,6.51501057650065
2024-12-03 00:00:00+00:00,-35.576666,-71.678888,119.0,open-meteo_ecmwf_ifs,daily,28.567501,10.4175,32.22,5.81125,2.4291682,44.8907,0.0,33.02383074987841,6.085965281137115
2024-12-04 00:00:00+00:00,-35.576666,-71.678888,119.0,open-meteo_ecmwf_ifs,daily,25.067501,10.5175,32.07,7.627916,2.7791965,54.79964,0.0,33.071339445156184,5.659470110152655
2024-12-05 00:00:00+00:00,-35.576666,-71.678888,119.0,open-meteo_ecmwf_ifs,daily,21.567501,10.617499,18.21,7.2237496,2.0357354,61.0757,0.2,33.11611575121311,3.657231137878162
2024-12-06 00:00:00+00:00,-35.576666,-71.678888,119.0,open-meteo_ecmwf_ifs,daily,24.3675,10.0175,32.52,7.2841663,3.0162058,59.093433,0.0,33.15815443296406,5.6415931590792985
2024-12-07 00:00:00+00:00,-35.576666,-71.678888,119.0,open-meteo_ecmwf_ifs,daily,26.6175,9.2675,32.25,4.1487503,2.8535578,44.25726,0.0,33.19745052649378,6.022318417403563
2024-12-08 00:00:00+00:00,-35.576666,-71.678888,119.0,open-meteo_ecmwf_ifs,daily,26.1175,9.6675,31.1,7.363333,2.147544,58.997448,0.0,33.23399933076723,5.443933227891036
2024-12-09 00:00:00+00:00,-35.576666,-71.678888,119.0,open-meteo_ecmwf_ifs,daily,28.2175,10.2675,33.02,7.488333,2.0301428,53.720234,0.0,33.26779640009914,5.89541573408521
2024-12-10 00:00:00+00:00,-35.576666,-71.678888,119.0,open-meteo_ecmwf_ifs,daily,29.167501,11.2675,32.98,7.869583,2.5110197,48.376495,0.0,33.29883753736623,6.252662620931538
2024-12-11 00:00:00+00:00,-35.576666,-71.678888,119.0,open-meteo_ecmwf_ifs,daily,29.567501,11.867499,33.14,5.9612503,3.0594404,44.222855,0.0,33.32711878794557,6.745924955203071
2024-12-12 00:00:00+00:00,-35.576666,-71.678888,119.0,open-meteo_ecmwf_ifs,daily,27.817501,12.5675,32.47,7.9487495,2.5034375,47.97456,0.0,33.352636434361926,6.187433896003405
2024-12-13 00:00:00+00:00,-35.576666,-71.678888,119.0,open-meteo_ecmwf_ifs,daily,29.917501,13.4175,32.94,8.052917,3.6050704,47.617382,0.0,33.37538699162763,7.025421437239715
2024-12-14 00:00:00+00:00,-35.576666,-71.678888,119.0,open-meteo_ecmwf_ifs,daily,32.267498,13.5675,33.13,8.409167,2.7575548,44.920456,0.0,33.395367203258886,6.969144040231993
2024-12-15 00:00:00+00:00,-35.576666,-71.678888,119.0,open-meteo_ecmwf_ifs,daily,30.067501,12.617499,32.47,8.807082,2.268319,49.147602,0.0,33.412574037953206,6.297584544812809
2024-12-16 00:00:00+00:00,-35.576666,-71.678888,119.0,open-meteo_ecmwf_ifs,daily,29.917501,11.2675,32.49,10.852916,1.9597191,62.312485,0.0,33.427004686914266,5.91473055801488
2024-12-17 00:00:00+00:00,-35.576666,-71.678888,119.0,open-meteo_ecmwf_ifs,daily,28.7175,12.0175,31.45,10.559165,1.5772735,60.939754,0.0,33.43865656181142,5.644456644278692
2024-12-18 00:00:00+00:00,-35.576666,-71.678888,119.0,open-meteo_ecmwf_ifs,daily,29.8675,13.5175,32.2,10.22375,3.8752449,53.48366,0.0,33.447527293363194,6.805396391899991
2024-12-19 00:00:00+00:00,-35.576666,-71.678888,119.0,open-meteo_ecmwf_ifs,daily,29.167501,12.5675,33.25,5.971667,5.0887976,39.864086,0.0,33.45361473053594,7.594247438335593
2024-12-20 00:00:00+00:00,-35.576666,-71.678888,119.0,open-meteo_ecmwf_ifs,daily,28.317501,14.9175,31.52,8.33625,4.780161,44.692154,0.0,33.45691694035071,7.259951423625099
2024-12-21 00:00:00+00:00,-35.576666,-71.678888,119.0,open-meteo_ecmwf_ifs,daily,31.067501,14.9175,32.26,10.594583,3.893973,51.563812,0.2,33.45743220829378,7.176096993595999
2024-12-22 00:00:00+00:00,-35.576666,-71.678888,119.0,open-meteo_ecmwf_ifs,daily,34.6675,16.0175,32.81,8.615417,3.9400628,38.92722,0.0,33.455159039328485,8.167396791603503
2024-12-23 00:00:00+00:00,-35.576666,-71.678888,119.0,open-meteo_ecmwf_ifs,daily,30.917501,16.5175,32.95,9.138332,4.7931066,42.256767,0.0,33.45009615950831,8.023072467423745
2024-12-24 00:00:00+00:00,-35.576666,-71.678888,119.0,open-meteo_ecmwf_ifs,daily,35.267498,14.5675,33.46,7.62375,3.5428288,38.069107,0.0,33.44224251819367,7.978607843383463
2024-12-25 00:00:00+00:00,-35.576666,-71.678888,119.0,open-meteo_ecmwf_ifs,daily,31.817501,13.9675,32.63,11.588332,3.0335147,53.458965,0.0,33.4315972908768,6.768797906224037
2024-12-26 00:00:00+00:00,-35.576666,-71.678888,119.0,open-meteo_ecmwf_ifs,daily,26.167501,14.9175,28.48,12.363332,3.3279467,66.00024,0.0,33.41815988262165,5.611427407666974
2024-12-27 00:00:00+00:00,-35.576666,-71.678888,119.0,open-meteo_ecmwf_ifs,daily,30.3675,13.2175,31.76,12.038331,2.0480897,61.248684,0.0,33.40192993212774,6.030853228154553
2024-12-28 00:00:00+00:00,-35.576666,-71.678888,119.0,open-meteo_ecmwf_ifs,daily,32.317497,15.3175,30.21,13.157082,1.4854671,58.442993,0.0,33.38290731642849,5.948843771645595
2024-12-29 00:00:00+00:00,-35.576666,-71.678888,119.0,open-meteo_ecmwf_ifs,daily,33.767498,14.617499,31.85,12.900834,1.9498802,56.579884,0.0,33.361092156236865,6.446841610044845
2024-12-30 00:00:00+00:00,-35.576666,-71.678888,119.0,open-meteo_ecmwf_ifs,daily,31.317501,15.3175,32.1,7.4029164,2.3571494,39.214993,0.0,33.33648482195189,6.775276876977147
2024-12-31 00:00:00+00:00,-35.576666,-71.678888,119.0,open-meteo_ecmwf_ifs,daily,29.3675,15.9675,32.35,8.869582,4.2274194,47.95285,0.0,33.309085940341646,7.413028176051958
2025-01-01 00:00:00+00:00,-35.576666,-71.678888,119.0,open-meteo_ecmwf_ifs,daily,31.417501,12.9675,33.25,4.421667,3.290928,35.829437,0.0,33.309085940341646,7.336899041936743
2025-01-02 00:00:00+00:00,-35.576666,-71.678888,119.0,open-meteo_ecmwf_ifs,daily,32.817497,14.5175,33.11,6.402918,2.8066776,37.077408,0.0,33.27889640191825,7.27271620997053
2025-01-03 00:00:00+00:00,-35.576666,-71.678888,119.0,open-meteo_ecmwf_ifs,daily,34.6175,15.9175,32.31,11.392499,1.7323574,47.293552,0.0,33.24591736902198,6.642928793644024
2025-01-04 00:00:00+00:00,-35.576666,-71.678888,119.0,open-meteo_ecmwf_ifs,daily,32.6675,14.5175,31.58,13.169583,2.2343123,60.38118,0.0,33.21015028463107,6.374866651616247
2025-01-05 00:00:00+00:00,-35.576666,-71.678888,119.0,open-meteo_ecmwf_ifs,daily,35.317497,17.3675,31.65,12.330001,1.5212613,49.714237,0.0,33.171596881914056,6.574733766151407
2025-01-06 00:00:00+00:00,-35.576666,-71.678888,119.0,open-meteo_ecmwf_ifs,daily,32.1675,16.5175,31.69,12.023749,2.2868924,49.15483,0.0,33.13025919454076,6.644270995329297
2025-01-07 00:00:00+00:00,-35.576666,-71.678888,119.0,open-meteo_ecmwf_ifs,daily,30.417501,14.0175,31.63,11.848748,2.4653666,55.9417,0.0,33.08613956776759,6.238636940231935
2025-01-08 00:00:00+00:00,-35.576666,-71.678888,119.0,open-meteo_ecmwf_ifs,daily,31.7675,14.1675,32.11,9.72375,1.8928204,48.65327,0.0,33.03924067031084,6.335637931732962
2025-01-09 00:00:00+00:00,-35.576666,-71.678888,119.0,open-meteo_ecmwf_ifs,daily,33.567497,16.2675,31.77,11.240415,3.26536,47.82102,0.0,32.989565507020814,7.3068692414989105
2025-01-10 00:00:00+00:00,-35.576666,-71.678888,119.0,open-meteo_ecmwf_ifs,daily,34.267498,16.1175,32.26,5.321667,3.4432566,32.499584,0.0,32.937117432366975,7.969577455053922
2025-01-11 00:00:00+00:00,-35.576666,-71.678888,119.0,open-meteo_ecmwf_ifs,daily,35.8675,17.167501,32.29,2.13,4.1670766,22.600096,0.0,32.88190016474234,8.995050538136395
2025-01-12 00:00:00+00:00,-35.576666,-71.678888,119.0,open-meteo_ecmwf_ifs,daily,34.9175,18.7675,31.06,11.392499,2.1769264,42.012165,0.0,32.82391780159229,7.010753564712694
2025-01-13 00:00:00+00:00,-35.576666,-71.678888,119.0,open-meteo_ecmwf_ifs,daily,33.3675,15.3175,31.12,12.542499,1.8447137,54.638195,0.0,32.763174835370144,6.307882984810082
2025-01-14 00:00:00+00:00,-35.576666,-71.678888,119.0,open-meteo_ecmwf_ifs,daily,31.5175,15.2675,31.22,6.2924995,1.9424106,38.18966,0.0,32.69967617031844,6.418409755293362
2025-01-15 00:00:00+00:00,-35.576666,-71.678888,119.0,open-meteo_ecmwf_ifs,daily,32.817497,16.6175,29.81,12.023751,3.6312273,49.50606,0.0,32.633427140070864,7.082424220897044
2025-01-16 00:00:00+00:00,-35.576666,-71.678888,119.0,open-meteo_ecmwf_ifs,daily,32.4175,17.167501,28.93,14.286248,3.0303373,59.91974,0.0,32.56443352606643,6.488526755969226
2025-01-17 00:00:00+00:00,-35.576666,-71.678888,119.0,open-meteo_ecmwf_ifs,daily,30.417501,15.3175,29.36,6.7175,2.7827206,38.789707,0.0,32.492701576762755,6.590938695097517
2025-01-18 00:00:00+00:00,-35.576666,-71.678888,119.0,open-meteo_ecmwf_ifs,daily,30.917501,14.6675,30.94,7.117499,2.127413,40.025616,0.0,32.418238027631375,6.347159328225907
2025-01-19 00:00:00+00:00,-35.576666,-71.678888,119.0,open-meteo_ecmwf_ifs,daily,35.4675,15.367499,31.63,6.3904166,2.9859464,36.946922,0.0,32.341050121913234,7.529892199519933
2025-01-20 00:00:00+00:00,-35.576666,-71.678888,119.0,open-meteo_ecmwf_ifs,daily,33.4675,16.567501,29.67,6.8091664,2.3374228,35.386917,0.0,32.26114563210792,6.7460644080554095
2025-01-21 00:00:00+00:00,-35.576666,-71.678888,119.0,open-meteo_ecmwf_ifs,daily,33.017498,15.867499,29.99,11.844583,2.3531802,53.89825,0.0,32.17853288216571,6.426356375946627
2025-01-22 00:00:00+00:00,-35.576666,-71.678888,119.0,open-meteo_ecmwf_ifs,daily,30.5175,14.9175,30.44,11.225831,1.9859948,53.8799,0.0,32.093220770346235,5.992624343415939
2025-01-23 00:00:00+00:00,-35.576666,-71.678888,119.0,open-meteo_ecmwf_ifs,daily,30.7175,12.867499,29.06,9.496667,2.789382,52.50389,0.0,32.00521879270314,6.07861703226347
2025-01-24 00:00:00+00:00,-35.576666,-71.678888,119.0,open-meteo_ecmwf_ifs,daily,30.7175,14.4675,31.14,6.909168,4.7900643,43.018646,0.0,31.914537067149286,7.640014590851872
2025-01-25 00:00:00+00:00,-35.576666,-71.678888,119.0,open-meteo_ecmwf_ifs,daily,32.6675,13.867499,30.79,7.2550006,3.3736904,40.26656,0.0,31.821186358052138,7.077079403551061
2025-01-26 00:00:00+00:00,-35.576666,-71.678888,119.0,open-meteo_ecmwf_ifs,daily,33.817497,15.7175,30.56,8.507083,2.8565495,40.305454,0.0,31.725178101304447,7.018191991054277
2025-01-27 00:00:00+00:00,-35.576666,-71.678888,119.0,open-meteo_ecmwf_ifs,daily,30.8675,14.1675,30.27,10.08,4.244557,50.928967,0.0,31.626524429810903,6.888410860250047
2025-01-28 00:00:00+00:00,-35.576666,-71.678888,119.0,open-meteo_ecmwf_ifs,daily,34.2175,13.7175,31.0,4.8008337,3.2473087,33.2476,0.0,31.52523819932702,7.331743959559873
2025-01-29 00:00:00+00:00,-35.576666,-71.678888,119.0,open-meteo_ecmwf_ifs,daily,35.1675,15.5175,30.68,8.205,2.3975017,37.944298,0.0,31.421333014582206,6.8411149445653665
2025-01-30 00:00:00+00:00,-35.576666,-71.678888,119.0,open-meteo_ecmwf_ifs,daily,34.1175,13.0175,30.29,9.759167,2.1162853,50.442677,0.0,31.314823255615398,6.209152855106504
2025-01-31 00:00:00+00:00,-35.576666,-71.678888,119.0,open-meteo_ecmwf_ifs,daily,33.267498,14.1675,30.21,9.477917,4.0275235,47.18491,0.0,31.20572410424755,7.206084507003715
2025-02-01 00:00:00+00:00,-35.576666,-71.678888,119.0,open-meteo_ecmwf_ifs,daily,33.767498,16.6175,29.92,8.663333,2.9336097,40.533092,0.0,31.094051570612248,7.029756989520171
2025-02-02 00:00:00+00:00,-35.576666,-71.678888,119.0,open-meteo_ecmwf_ifs,daily,29.317501,14.3175,29.93,5.6654167,3.2275803,38.176777,0.0,30.979822519662267,6.615494739846937
2025-02-03 00:00:00+00:00,-35.576666,-71.678888,119.0,open-meteo_ecmwf_ifs,daily,30.3675,14.9175,29.39,8.996667,3.7901316,49.358837,0.0,30.863054697567428,6.735587797661982
2025-02-04 00:00:00+00:00,-35.576666,-71.678888,119.0,open-meteo_ecmwf_ifs,daily,33.4675,14.867499,26.34,6.3195844,3.0080986,36.98874,0.0,30.7437667579164,6.582908512901385
2025-02-05 00:00:00+00:00,-35.576666,-71.678888,119.0,open-meteo_ecmwf_ifs,daily,31.3675,14.2675,29.07,8.859165,2.5402396,43.334106,0.0,30.621978287633087,6.144574330729637
2025-02-06 00:00:00+00:00,-35.576666,-71.678888,119.0,open-meteo_ecmwf_ifs,daily,35.2175,15.0675,29.68,8.400832,4.615855,46.05,0.0,30.49770983251678,7.943645247971119
2025-02-07 00:00:00+00:00,-35.576666,-71.678888,119.0,open-meteo_ecmwf_ifs,daily,36.517498,16.2175,29.15,7.675833,2.6679077,35.46798,0.0,30.37098292231346,6.990068441129409
2025-02-08 00:00:00+00:00,-35.576666,-71.678888,119.0,open-meteo_ecmwf_ifs,daily,36.9175,17.067501,29.22,8.317499,4.9548287,36.896297,0.0,30.24182009522503,8.660797117250997
2025-02-09 00:00:00+00:00,-35.576666,-71.678888,119.0,open-meteo_ecmwf_ifs,daily,38.7175,19.2175,28.82,8.352916,4.5427794,33.392593,0.0,30.11024492176264,8.916554406782266
2025-02-10 00:00:00+00:00,-35.576666,-71.678888,119.0,open-meteo_ecmwf_ifs,daily,31.417501,15.2675,25.66,12.377914,2.5535166,61.400288,0.0,29.976282027850047,5.567472458201567
2025-02-11 00:00:00+00:00,-35.576666,-71.678888,119.0,open-meteo_ecmwf_ifs,daily,29.417501,13.117499,29.25,3.3445837,3.9141266,35.081642,0.0,29.839957117083305,6.860311407711721
2025-02-12 00:00:00+00:00,-35.576666,-71.678888,119.0,open-meteo_ecmwf_ifs,daily,30.0175,12.9175,28.99,3.3175008,3.3274834,35.01949,0.0,29.701296992053567,6.554332918923492
2025-02-13 00:00:00+00:00,-35.576666,-71.678888,119.0,open-meteo_ecmwf_ifs,daily,31.317501,14.0175,28.54,5.7904167,2.7878551,39.310772,0.0,29.56032957464113,6.294022364928005
2025-02-14 00:00:00+00:00,-35.576666,-71.678888,119.0,open-meteo_ecmwf_ifs,daily,29.6175,12.617499,28.14,6.5383325,2.4279952,45.12968,0.0,29.417083925189928,5.684145306764271
2025-02-15 00:00:00+00:00,-35.576666,-71.678888,119.0,open-meteo_ecmwf_ifs,daily,29.1175,12.8175,27.61,8.200833,1.2176547,49.8995,0.0,29.271590260473825,4.8859376143280775
2025-02-16 00:00:00+00:00,-35.576666,-71.678888,119.0,open-meteo_ecmwf_ifs,daily,29.7675,12.5175,27.87,7.7237496,2.3097944,51.106655,0.0,29.123879970368154,5.5117452970131335
2025-02-17 00:00:00+00:00,-35.576666,-71.678888,119.0,open-meteo_ecmwf_ifs,daily,30.817501,13.117499,28.09,5.790417,3.8799531,41.00843,0.0,28.97398563314238,6.6443956108335245
2025-02-18 00:00:00+00:00,-35.576666,-71.678888,119.0,open-meteo_ecmwf_ifs,daily,34.267498,14.2675,27.46,7.375833,2.697031,40.22498,0.0,28.82194102929299,6.297982475092171
2025-02-19 00:00:00+00:00,-35.576666,-71.678888,119.0,open-meteo_ecmwf_ifs,daily,27.0175,13.2175,25.75,10.800834,3.1053905,60.12833,0.0,28.667781153838693,5.078157560624982
2025-02-20 00:00:00+00:00,-35.576666,-71.678888,119.0,open-meteo_ecmwf_ifs,daily,29.667501,13.0675,24.67,11.844583,1.8619914,65.25518,0.0,28.511542227003805,4.717882414676434
2025-02-21 00:00:00+00:00,-35.576666,-71.678888,119.0,open-meteo_ecmwf_ifs,daily,32.1675,13.0675,26.48,9.98,1.7843636,53.052357,0.0,28.353261703219577,5.180743080904196
2025-02-22 00:00:00+00:00,-35.576666,-71.678888,119.0,open-meteo_ecmwf_ifs,daily,32.067497,14.617499,26.69,7.717499,3.4680693,43.957336,0.0,28.19297827837718,6.41194691388732
2025-02-23 00:00:00+00:00,-35.576666,-71.678888,119.0,open-meteo_ecmwf_ifs,daily,33.067497,15.5175,26.27,11.152916,3.7655723,51.18289,0.0,28.030731895270996,6.416656403434733
2025-02-24 00:00:00+00:00,-35.576666,-71.678888,119.0,open-meteo_ecmwf_ifs,daily,31.8675,16.7675,25.79,12.096667,4.1269937,55.16499,0.0,27.866563747175086,6.409203387740569
2025-02-25 00:00:00+00:00,-35.576666,-71.678888,119.0,open-meteo_ecmwf_ifs,daily,32.2175,14.9175,26.55,6.719583,3.3140383,38.558098,0.0,27.70051627950107,6.399301606309416
2025-02-26 00:00:00+00:00,-35.576666,-71.678888,119.0,open-meteo_ecmwf_ifs,daily,33.9175,15.117499,26.29,7.8487506,3.0133994,41.07011,0.0,27.532633189490426,6.29998749840623
2025-02-27 00:00:00+00:00,-35.576666,-71.678888,119.0,open-meteo_ecmwf_ifs,daily,32.2175,15.367499,25.31,8.096667,1.633762,40.850254,0.0,27.36295942390016,5.104175242209564
2025-02-28 00:00:00+00:00,-35.576666,-71.678888,119.0,open-meteo_ecmwf_ifs,daily,28.9675,16.7175,18.59,13.41125,1.8234668,64.333664,0.1,27.19154117464558,4.063321296311627
2025-03-01 00:00:00+00:00,-35.576666,-71.678888,119.0,open-meteo_ecmwf_ifs,daily,29.667501,15.4675,22.23,13.44875,1.6591702,65.53597,0.0,27.018425872370212,4.36571357148093
2025-03-02 00:00:00+00:00,-35.576666,-71.678888,119.0,open-meteo_ecmwf_ifs,daily,27.5175,14.867499,20.33,12.423749,1.82586,64.55283,0.0,26.843662177918468,4.0351455881544664
2025-03-03 00:00:00+00:00,-35.576666,-71.678888,119.0,open-meteo_ecmwf_ifs,daily,28.1175,12.6675,24.57,10.396666,2.1404564,58.49716,0.0,26.667299971692508,4.596308544390427
2025-03-04 00:00:00+00:00,-35.576666,-71.678888,119.0,open-meteo_ecmwf_ifs,daily,28.567501,13.7675,24.7,9.0925,3.5874445,51.76085,0.0,26.489390340880778,5.463866857058847
2025-03-05 00:00:00+00:00,-35.576666,-71.678888,119.0,open-meteo_ecmwf_ifs,daily,30.817501,13.9175,24.34,11.590416,2.4614265,59.171368,0.0,26.309985564551923,4.978284239266879
2025-03-06 00:00:00+00:00,-35.576666,-71.678888,119.0,open-meteo_ecmwf_ifs,daily,27.8675,14.2175,22.56,13.071666,2.3803523,66.22361,0.0,26.129139096613578,4.339311390590087
2025-03-07 00:00:00+00:00,-35.576666,-71.678888,119.0,open-meteo_ecmwf_ifs,daily,20.9675,14.8175,10.06,14.029999,2.941822,79.200325,5.3999996,25.94690554664178,2.276936389283761
2025-03-08 00:00:00+00:00,-35.576666,-71.678888,119.0,open-meteo_ecmwf_ifs,daily,26.167501,11.1675,24.93,5.432083,5.1591563,46.80337,0.0,25.76334065859289,5.7493523843447125
2025-03-09 00:00:00+00:00,-35.576666,-71.678888,119.0,open-meteo_ecmwf_ifs,daily,30.4675,11.367499,24.31,6.7133336,3.364768,47.15038,0.0,25.578501287415808,5.430841473308741
2025-03-10 00:00:00+00:00,-35.576666,-71.678888,119.0,open-meteo_ecmwf_ifs,daily,28.5175,15.4675,23.58,7.7591653,4.3272605,42.495506,0.0,25.392445373588373,5.987081754696557
2025-03-11 00:00:00+00:00,-35.576666,-71.678888,119.0,open-meteo_ecmwf_ifs,daily,28.167501,12.2175,23.82,6.813334,4.016287,46.208286,0.0,25.205231915607783,5.466708606840746
2025-03-12 00:00:00+00:00,-35.576666,-71.678888,119.0,open-meteo_ecmwf_ifs,daily,33.4675,12.5675,23.53,7.7716656,1.9092687,45.646168,0.0,25.016920940470605,4.792348898145143
2025-03-13 00:00:00+00:00,-35.576666,-71.678888,119.0,open-meteo_ecmwf_ifs,daily,32.517498,14.5675,23.01,10.044583,1.0879883,49.374302,0.0,24.827573472183776,4.177306026959732
2025-03-14 00:00:00+00:00,-35.576666,-71.678888,119.0,open-meteo_ecmwf_ifs,daily,26.417501,11.4675,21.83,11.842502,2.5104206,69.995895,0.0,24.6372514983535,3.8673396265817406
2025-03-15 00:00:00+00:00,-35.576666,-71.678888,119.0,open-meteo_ecmwf_ifs,daily,24.817501,12.617499,16.15,12.282083,1.0889734,73.07624,0.0,24.446017934904575,2.833844965687415
2025-03-16 00:00:00+00:00,-35.576666,-71.678888,119.0,open-meteo_ecmwf_ifs,daily,28.167501,10.9675,22.4,10.213332,2.2435863,64.36036,0.0,24.253936588987592,4.087770326851986
2025-03-17 00:00:00+00:00,-35.576666,-71.678888,119.0,open-meteo_ecmwf_ifs,daily,29.9675,11.6675,22.51,7.9070835,3.6216536,51.053326,0.0,24.06107212013698,5.135038841947749
2025-03-18 00:00:00+00:00,-35.576666,-71.678888,119.0,open-meteo_ecmwf_ifs,daily,31.417501,13.0175,22.49,8.815415,3.9012887,49.362045,0.0,23.867489999747544,5.503433320414299
2025-03-19 00:00:00+00:00,-35.576666,-71.678888,119.0,open-meteo_ecmwf_ifs,daily,28.317501,12.7175,21.99,9.586249,1.4854121,52.41318,0.0,23.673256468941727,3.8621609792526694
2025-03-20 00:00:00+00:00,-35.576666,-71.678888,119.0,open-meteo_ecmwf_ifs,daily,28.7675,13.117499,20.72,11.157082,2.116726,60.484463,0.0,23.47843849490461,4.000077897820958
2025-03-21 00:00:00+00:00,-35.576666,-71.678888,119.0,open-meteo_ecmwf_ifs,daily,29.1175,15.4675,20.75,13.013335,3.5879889,61.94044,0.0,23.283103725767546,4.660370672826557
2025-03-22 00:00:00+00:00,-35.576666,-71.678888,119.0,open-meteo_ecmwf_ifs,daily,27.067501,13.2175,21.19,8.865416,3.537614,52.607555,0.0,23.087320444125538,4.641800193699195
2025-03-23 00:00:00+00:00,-35.576666,-71.678888,119.0,open-meteo_ecmwf_ifs,daily,25.3675,10.0675,21.3,5.794584,1.9444071,50.193394,0.0,22.891157519277098,3.7146994062165177
2025-03-24 00:00:00+00:00,-35.576666,-71.678888,119.0,open-meteo_ecmwf_ifs,daily,26.317501,9.3175,20.84,7.3591666,1.5911621,58.339138,0.0,22.69468435827871,3.438894841229232
2025-03-25 00:00:00+00:00,-35.576666,-71.678888,119.0,open-meteo_ecmwf_ifs,daily,24.917501,11.5175,16.59,10.377916,2.4318616,70.2658,0.0,22.49797085590935,3.229194277492505
2025-03-26 00:00:00+00:00,-35.576666,-71.678888,119.0,open-meteo_ecmwf_ifs,daily,25.9675,11.0175,20.17,9.72375,1.5323586,65.5239,0.5,22.301087343643164,3.3129386455564895
2025-03-27 00:00:00+00:00,-35.576666,-71.678888,119.0,open-meteo_ecmwf_ifs,daily,23.667501,11.2675,18.46,8.852916,2.5034409,61.79837,0.0,22.1041045377313,3.384793641807615
2025-03-28 00:00:00+00:00,-35.576666,-71.678888,119.0,open-meteo_ecmwf_ifs,daily,24.667501,10.0175,16.99,8.971666,1.3152828,68.50828,0.0,21.907093486495786,2.805493118885731
2025-03-29 00:00:00+00:00,-35.576666,-71.678888,119.0,open-meteo_ecmwf_ifs,daily,22.8675,9.867499,15.26,9.332084,2.406716,68.88332,0.0,21.710125516940877,2.8163291082359296
2025-03-30 00:00:00+00:00,-35.576666,-71.678888,119.0,open-meteo_ecmwf_ifs,daily,19.2175,12.4175,18.26,8.97375,3.6538956,69.395065,30.9,21.51327218078823,3.228897450533391
2025-03-31 00:00:00+00:00,-35.576666,-71.678888,119.0,open-meteo_ecmwf_ifs,daily,21.4675,9.1675,19.67,4.944584,5.1525736,55.68072,0.0,21.316605200044542,4.131515364068377
2025-04-01 00:00:00+00:00,-35.576666,-71.678888,119.0,open-meteo_ecmwf_ifs,daily,21.167501,6.4675,19.32,5.752917,2.2997627,62.185028,0.0,21.12019641221057,2.910944264600523
2025-04-02 00:00:00+00:00,-35.576666,-71.678888,119.0,open-meteo_ecmwf_ifs,daily,21.0175,7.8675003,16.01,6.450834,2.2695878,66.09098,0.0,20.92411771524169,2.7151624458345944
2025-04-03 00:00:00+00:00,-35.576666,-71.678888,119.0,open-meteo_ecmwf_ifs,daily,26.917501,10.617499,18.82,7.5404162,3.3600972,59.001408,0.0,20.72844101237038,4.01832085353291
2025-04-04 00:00:00+00:00,-35.576666,-71.678888,119.0,open-meteo_ecmwf_ifs,daily,26.667501,9.5175,18.21,9.321667,1.1780753,63.440617,0.0,20.533238156901373,2.8066253292649006
2025-04-05 00:00:00+00:00,-35.576666,-71.678888,119.0,open-meteo_ecmwf_ifs,daily,22.0175,11.5175,12.41,11.307083,2.5631206,79.93548,0.0,20.3385808970898,2.395253919303865
2025-04-06 00:00:00+00:00,-35.576666,-71.678888,119.0,open-meteo_ecmwf_ifs,daily,23.1175,10.8175,15.71,10.811249,1.0811234,75.42933,0.1,20.1445408212124,2.3646418237592153
2025-04-07 00:00:00+00:00,-35.576666,-71.678888,119.0,open-meteo_ecmwf_ifs,daily,26.317501,10.1675,17.67,10.179998,2.3685296,71.14532,0.0,19.95118930294109,3.12576165337183
2025-04-08 00:00:00+00:00,-35.576666,-71.678888,119.0,open-meteo_ecmwf_ifs,daily,25.067501,9.9175,16.07,11.100833,1.2995976,72.729225,0.0,19.75859744712707,2.4716012577069613
2025-04-09 00:00:00+00:00,-35.576666,-71.678888,119.0,open-meteo_ecmwf_ifs,daily,23.0175,10.9675,15.67,10.915417,0.9760631,75.904335,0.0,19.56683603610241,2.283353213512522
2025-04-10 00:00:00+00:00,-35.576666,-71.678888,119.0,open-meteo_ecmwf_ifs,daily,15.9175,11.7675,3.63,11.834165,2.179872,87.7972,8.8,19.375975476604328,1.005755954061687
2025-04-11 00:00:00+00:00,-35.576666,-71.678888,119.0,open-meteo_ecmwf_ifs,daily,18.567501,6.8675003,17.23,5.6800003,2.544128,68.58726,0.0,19.186085747425686,2.495384286210025
2025-04-12 00:00:00+00:00,-35.576666,-71.678888,119.0,open-meteo_ecmwf_ifs,daily,21.7675,7.8675003,17.08,6.2445836,3.3358593,66.92362,0.0,18.99723634789291,3.0245225985508477
2025-04-13 00:00:00+00:00,-35.576666,-71.678888,119.0,open-meteo_ecmwf_ifs,daily,20.0175,5.7675004,14.11,6.494583,1.8647461,70.075745,0.0,18.809496247270182,2.087564852269802
2025-04-14 00:00:00+00:00,-35.576666,-71.678888,119.0,open-meteo_ecmwf_ifs,daily,21.6175,7.1175003,12.84,9.029999,1.5671288,83.35693,3.3999999,18.622933835186203,1.9398011707202396
2025-04-15 00:00:00+00:00,-35.576666,-71.678888,119.0,open-meteo_ecmwf_ifs,daily,19.167501,10.5175,10.8,10.6466675,2.2688065,81.945564,0.4,18.43761687317673,1.8369576670436336
2025-04-16 00:00:00+00:00,-35.576666,-71.678888,119.0,open-meteo_ecmwf_ifs,daily,22.067501,5.9675,15.29,7.763333,1.2647489,75.75268,0.0,18.2536124474332,2.028489141892899
2025-04-17 00:00:00+00:00,-35.576666,-71.678888,119.0,open-meteo_ecmwf_ifs,daily,21.067501,11.8175,15.78,8.211251,3.7565072,67.17589,0.0,18.070986922844185,3.110551698121933
2025-04-18 00:00:00+00:00,-35.576666,-71.678888,119.0,open-meteo_ecmwf_ifs,daily,21.067501,6.9675,16.19,5.838333,3.0688632,64.11614,0.0,17.889805898412995,2.6895710923696403
2025-04-19 00:00:00+00:00,-35.576666,-71.678888,119.0,open-meteo_ecmwf_ifs,daily,21.917501,6.7175,14.77,7.7904167,1.1925586,75.743126,0.0,17.71013416413094,1.9578048330804176
2025-04-20 00:00:00+00:00,-35.576666,-71.678888,119.0,open-meteo_ecmwf_ifs,daily,21.4675,6.6675,14.53,8.588332,0.60881394,77.731995,0.0,17.532035659381737,1.7225663929668622
2025-04-21 00:00:00+00:00,-35.576666,-71.678888,119.0,open-meteo_ecmwf_ifs,daily,18.667501,9.6675,6.9,9.102916,1.1769156,79.36092,1.0,17.35557343294843,1.3648028540045263
2025-04-22 00:00:00+00:00,-35.576666,-71.678888,119.0,open-meteo_ecmwf_ifs,daily,21.817501,11.117499,7.78,11.9425,1.0694599,82.43425,3.2,17.180809604689966,1.4399807800603328
2025-04-23 00:00:00+00:00,-35.576666,-71.678888,119.0,open-meteo_ecmwf_ifs,daily,18.6175,13.4675,6.41,13.963334,0.8923481,93.04697,7.5999994,17.00780532894982,1.130375797666602
2025-04-24 00:00:00+00:00,-35.576666,-71.678888,119.0,open-meteo_ecmwf_ifs,daily,20.167501,12.7675,10.25,12.600833,3.148679,82.69309,0.6,16.836620759754656,1.8837420767488142
2025-04-25 00:00:00+00:00,-35.576666,-71.678888,119.0,open-meteo_ecmwf_ifs,daily,18.817501,11.7675,12.07,9.819582,2.6182094,75.80821,13.200001,16.66731501785606,2.050781166351704
2025-04-26 00:00:00+00:00,-35.576666,-71.678888,119.0,open-meteo_ecmwf_ifs,daily,18.2175,7.8175,13.79,6.525833,3.385396,72.60207,0.0,16.499946159663512,2.245749836619327
2025-04-27 00:00:00+00:00,-35.576666,-71.678888,119.0,open-meteo_ecmwf_ifs,daily,21.2675,7.5675,14.17,6.325834,3.4824045,66.09498,0.0,16.334571148111646,2.5979874121629214
2025-04-28 00:00:00+00:00,-35.576666,-71.678888,119.0,open-meteo_ecmwf_ifs,daily,20.3675,7.5175004,13.27,8.382083,2.3376884,76.96168,0.0,16.171245825499675,1.9295964350354982
2025-04-29 00:00:00+00:00,-35.576666,-71.678888,119.0,open-meteo_ecmwf_ifs,daily,17.5175,5.9675,10.45,7.707083,0.91840076,81.03447,0.0,16.010024888335618,1.2754530961623167
2025-04-30 00:00:00+00:00,-35.576666,-71.678888,119.0,open-meteo_ecmwf_ifs,daily,16.2175,5.3675003,6.98,7.0424995,1.7726941,84.65622,0.0,15.850961864212444,1.178500198446765
2025-05-01 00:00:00+00:00,-35.576666,-71.678888,119.0,open-meteo_ecmwf_ifs,daily,18.1175,6.0675,9.29,7.888334,1.3381623,81.32311,0.0,15.69410909073796,1.2946573427923074
2025-05-02 00:00:00+00:00,-35.576666,-71.678888,119.0,open-meteo_ecmwf_ifs,daily,18.2175,6.4175,13.02,7.6424994,2.329931,79.52375,0.0,15.539517696534558,1.665841857926437
2025-05-03 00:00:00+00:00,-35.576666,-71.678888,119.0,open-meteo_ecmwf_ifs,daily,20.067501,4.9175,12.52,6.502917,1.2782518,75.27569,0.0,15.387237584319347,1.5167633517993708
2025-05-04 00:00:00+00:00,-35.576666,-71.678888,119.0,open-meteo_ecmwf_ifs,daily,18.0175,11.2175,9.04,9.679999,2.3415186,79.34372,0.0,15.23731741606957,1.6362206760887874
2025-05-05 00:00:00+00:00,-35.576666,-71.678888,119.0,open-meteo_ecmwf_ifs,daily,17.2175,4.6175003,12.72,4.5841665,2.1004016,69.55044,0.0,15.089804600272513,1.6414901145656169
2025-05-06 00:00:00+00:00,-35.576666,-71.678888,119.0,open-meteo_ecmwf_ifs,daily,17.5175,6.1675,9.79,5.7279167,1.3347206,73.389694,0.0,14.944745281253237,1.3677410421072447
2025-05-07 00:00:00+00:00,-35.576666,-71.678888,119.0,open-meteo_ecmwf_ifs,daily,14.4675,7.7675004,4.38,9.41125,2.0604427,91.30657,8.700001,14.802184330567776,0.8274908049907739
2025-05-08 00:00:00+00:00,-35.576666,-71.678888,119.0,open-meteo_ecmwf_ifs,daily,15.2675,8.2675,5.5,9.650832,2.8296244,89.21824,17.0,14.662165340443707,0.9890709044619073
2025-05-09 00:00:00+00:00,-35.576666,-71.678888,119.0,open-meteo_ecmwf_ifs,daily,19.317501,9.617499,10.65,10.898749,1.7683874,84.57964,2.7,14.524730619244101,1.3933200367702818
2025-05-10 00:00:00+00:00,-35.576666,-71.678888,119.0,open-meteo_ecmwf_ifs,daily,23.167501,8.8175,12.32,9.013333,3.027518,74.045944,0.0,14.389921188925282,2.195639253250537
2025-05-11 00:00:00+00:00,-35.576666,-71.678888,119.0,open-meteo_ecmwf_ifs,daily,18.4675,9.617499,7.9,11.105,1.4451979,86.53742,0.0,14.25777678445285,1.1310968144908453
2025-05-12 00:00:00+00:00,-35.576666,-71.678888,119.0,open-meteo_ecmwf_ifs,daily,17.817501,9.0175,8.59,10.502915,1.141875,88.91503,0.0,14.128335855135033,1.0881365667299725
2025-05-13 00:00:00+00:00,-35.576666,-71.678888,119.0,open-meteo_ecmwf_ifs,daily,17.6175,8.1675,9.18,9.175834,0.5282411,87.284454,0.0,14.001635567826561,1.016191644830613
2025-05-14 00:00:00+00:00,-35.576666,-71.678888,119.0,open-meteo_ecmwf_ifs,daily,19.3675,6.6675,8.61,9.269583,2.0142322,87.25234,0.0,13.877711811950917,1.2488627373357932
2025-05-15 00:00:00+00:00,-35.576666,-71.678888,119.0,open-meteo_ecmwf_ifs,daily,16.9675,5.3175,11.24,7.2654166,1.4432968,82.48352,0.0,13.75659920628324,1.160862294127644
2025-05-16 00:00:00+00:00,-35.576666,-71.678888,119.0,open-meteo_ecmwf_ifs,daily,17.7675,4.3175,10.36,6.93625,1.1062523,84.24984,0.0,13.638331107430961,1.0739957334338601
2025-05-17 00:00:00+00:00,-35.576666,-71.678888,119.0,open-meteo_ecmwf_ifs,daily,12.3175,8.2675,2.39,9.6258335,3.9257872,89.61936,32.500004,13.52293961994383,0.5509942174412022
2025-05-18 00:00:00+00:00,-35.576666,-71.678888,119.0,open-meteo_ecmwf_ifs,daily,15.617499,5.3175,9.46,6.6049995,1.7809151,83.62059,0.0,13.410455607980365,1.1047578530442055
2025-05-19 00:00:00+00:00,-35.576666,-71.678888,119.0,open-meteo_ecmwf_ifs,daily,17.2675,4.5675,10.57,5.1945834,2.1696978,71.19803,0.0,13.300908708452313,1.376600389587662
2025-05-20 00:00:00+00:00,-35.576666,-71.678888,119.0,open-meteo_ecmwf_ifs,daily,17.667501,6.9175,9.55,5.565417,0.99648243,67.768394,0.0,13.194327345564675,1.136732198932495
2025-05-21 00:00:00+00:00,-35.576666,-71.678888,119.0,open-meteo_ecmwf_ifs,daily,19.7675,6.6675,10.64,8.715417,1.8980085,79.50222,0.6,13.090738746663735,1.2980371907176957
2025-05-22 00:00:00+00:00,-35.576666,-71.678888,119.0,open-meteo_ecmwf_ifs,daily,15.617499,4.1175003,9.08,5.721667,1.6937789,77.686905,0.0,12.990168959301942,1.0456900796885944
2025-05-23 00:00:00+00:00,-35.576666,-71.678888,119.0,open-meteo_ecmwf_ifs,daily,15.3175,3.6175,10.12,4.975834,0.8021253,78.12418,0.0,12.892642869424003,0.8876824407128857
2025-05-24 00:00:00+00:00,-35.576666,-71.678888,119.0,open-meteo_ecmwf_ifs,daily,15.867499,4.6675,10.04,6.546667,1.3228196,84.898125,0.5,12.79818422057518,0.9687696096067785
2025-05-25 00:00:00+00:00,-35.576666,-71.678888,119.0,open-meteo_ecmwf_ifs,daily,16.167501,5.1175003,4.86,8.082084,2.6095886,90.65005,6.5,12.706815634029265,0.9084981264298887
2025-05-26 00:00:00+00:00,-35.576666,-71.678888,119.0,open-meteo_ecmwf_ifs,daily,14.7675,10.367499,5.49,10.646666,2.578831,90.07456,33.2,12.61855862973075,0.8760156904939371
2025-05-27 00:00:00+00:00,-35.576666,-71.678888,119.0,open-meteo_ecmwf_ifs,daily,12.3175,4.1675,10.22,3.8237505,3.2306013,79.86566,0.0,12.533433647942898,1.2077100113734445
2025-05-28 00:00:00+00:00,-35.576666,-71.678888,119.0,open-meteo_ecmwf_ifs,daily,13.8175,1.9175,9.9,2.16125,2.942604,73.24468,0.0,12.45146007149115,1.2917058590090824
2025-05-29 00:00:00+00:00,-35.576666,-71.678888,119.0,open-meteo_ecmwf_ifs,daily,15.9675,3.4175,10.31,4.119583,2.150664,72.062294,0.0,12.372656248489434,1.2010912336505162
2025-05-30 00:00:00+00:00,-35.576666,-71.678888,119.0,open-meteo_ecmwf_ifs,daily,16.9675,9.2675,10.53,7.7591662,4.475027,73.57141,0.0,12.297039515435285,1.8036160798488101
2025-05-31 00:00:00+00:00,-35.576666,-71.678888,119.0,open-meteo_ecmwf_ifs,daily,15.0675,3.3174999,10.64,2.1091669,3.6902063,66.49499,0.0,12.224626220558676,1.6571488872027376
2025-06-01 00:00:00+00:00,-35.576666,-71.678888,119.0,open-meteo_ecmwf_ifs,daily,15.617499,3.3174999,10.14,2.2904165,1.963699,65.34348,0.0,12.1554317473089,1.244390341148337
2025-06-02 00:00:00+00:00,-35.576666,-71.678888,119.0,open-meteo_ecmwf_ifs,daily,14.367499,5.3675003,5.29,5.7758336,0.600136,80.20046,0.0,12.089470537863436,0.7069022803350443
2025-06-03 00:00:00+00:00,-35.576666,-71.678888,119.0,open-meteo_ecmwf_ifs,daily,14.367499,7.1675,3.98,8.044583,0.9894853,89.03376,0.0,12.026756116543403,0.7107809799847772
2025-06-04 00:00:00+00:00,-35.576666,-71.678888,119.0,open-meteo_ecmwf_ifs,daily,16.917501,7.2175,7.57,8.698749,0.69058466,88.27014,0.6,11.96730111302065,0.7763477656313609
2025-06-05 00:00:00+00:00,-35.576666,-71.678888,119.0,open-meteo_ecmwf_ifs,daily,15.7175,4.5675,9.4,6.5175,1.2357098,85.887794,0.0,11.911117285203076,0.8388151212807852
2025-06-06 00:00:00+00:00,-35.576666,-71.678888,119.0,open-meteo_ecmwf_ifs,daily,14.117499,4.3675003,7.77,5.6883335,1.4166093,89.54828,0.0,11.858215541686578,0.8170527454730457
2025-06-07 00:00:00+00:00,-35.576666,-71.678888,119.0,open-meteo_ecmwf_ifs,daily,14.9175,4.3675003,9.45,6.9112506,1.1506127,85.97794,0.0,11.808605963664144,0.7512507911056188
2025-06-08 00:00:00+00:00,-35.576666,-71.678888,119.0,open-meteo_ecmwf_ifs,daily,14.1675,3.5674999,9.99,5.5362506,1.6832805,84.41718,0.0,11.762297826185879,0.8310681625799446
2025-06-09 00:00:00+00:00,-35.576666,-71.678888,119.0,open-meteo_ecmwf_ifs,daily,13.4175,3.2675,8.3,4.813334,1.1255006,86.917305,0.0,11.719299618666536,0.7332589444054144
2025-06-10 00:00:00+00:00,-35.576666,-71.678888,119.0,open-meteo_ecmwf_ifs,daily,13.5175,2.1675,7.49,4.0070834,0.4980532,86.66332,0.0,11.679619064541582,0.6126783321028424
2025-06-11 00:00:00+00:00,-35.576666,-71.678888,119.0,open-meteo_ecmwf_ifs,daily,13.8175,4.2675004,2.72,7.223749,4.0587726,89.57276,0.2,11.643263139976678,0.7495954814705454
2025-06-12 00:00:00+00:00,-35.576666,-71.678888,119.0,open-meteo_ecmwf_ifs,daily,13.7175,8.617499,3.65,8.405,4.8164454,87.00055,25.6,11.610238091540667,1.0800000904433256
2025-06-13 00:00:00+00:00,-35.576666,-71.678888,119.0,open-meteo_ecmwf_ifs,daily,12.5675,5.1675,8.89,5.18625,2.2733495,82.112015,9.7,11.580549452757165,0.9193543110225386
2025-06-14 00:00:00+00:00,-35.576666,-71.678888,119.0,open-meteo_ecmwf_ifs,daily,13.5175,1.6675,5.14,3.3320835,2.396404,80.01433,0.4,11.554202059455813,0.9487051780432026
2025-06-15 00:00:00+00:00,-35.576666,-71.678888,119.0,open-meteo_ecmwf_ifs,daily,10.867499,8.2175,0.57,8.461249,5.921325,91.95407,64.5,11.531200063850246,0.6036027263667174
2025-06-16 00:00:00+00:00,-35.576666,-71.678888,119.0,open-meteo_ecmwf_ifs,daily,11.617499,7.2175,3.71,6.4133344,3.534191,84.29841,7.199999,11.5115469472764,0.9605277992273833
2025-06-17 00:00:00+00:00,-35.576666,-71.678888,119.0,open-meteo_ecmwf_ifs,daily,14.6675,6.5675,8.56,6.4175,1.4460548,82.31716,1.0,11.495245531531806,0.8775632484526646
2025-06-18 00:00:00+00:00,-35.576666,-71.678888,119.0,open-meteo_ecmwf_ifs,daily,14.617499,3.1175,9.95,4.7966666,2.1711,83.77236,0.0,11.482297988763413,0.9330862564958022
2025-06-19 00:00:00+00:00,-35.576666,-71.678888,119.0,open-meteo_ecmwf_ifs,daily,13.2175,1.6675,10.35,2.7779162,2.8398314,77.18922,0.0,11.47270584985941,1.0406008431323954
2025-06-20 00:00:00+00:00,-35.576666,-71.678888,119.0,open-meteo_ecmwf_ifs,daily,16.2175,4.5175004,9.07,5.544584,2.4623425,84.538635,0.0,11.4664700113078,1.118307123660097
2025-06-21 00:00:00+00:00,-35.576666,-71.678888,119.0,open-meteo_ecmwf_ifs,daily,12.2675,5.5175004,3.48,7.5404167,1.2765299,90.61382,0.1,11.463590740492808,0.5634202941742578
2025-06-22 00:00:00+00:00,-35.576666,-71.678888,119.0,open-meteo_ecmwf_ifs,daily,13.5175,7.9675,7.68,5.573751,3.6588573,77.96933,13.900001,11.464067679407938,1.4004074908887807
2025-06-23 00:00:00+00:00,-35.576666,-71.678888,119.0,open-meteo_ecmwf_ifs,daily,11.617499,1.7175,10.29,-0.16791664,3.8204575,64.5622,0.0,11.467899846772983,1.4240545351091445
2025-06-24 00:00:00+00:00,-35.576666,-71.678888,119.0,open-meteo_ecmwf_ifs,daily,13.3175,1.9175,10.13,2.6633334,2.5493991,77.69971,0.0,11.47508563855033,1.0324653207586392
2025-06-25 00:00:00+00:00,-35.576666,-71.678888,119.0,open-meteo_ecmwf_ifs,daily,12.4175,3.7175,10.49,3.1716669,3.4185598,75.29664,0.0,11.485622826864326,1.18599085231832
2025-06-26 00:00:00+00:00,-35.576666,-71.678888,119.0,open-meteo_ecmwf_ifs,daily,11.4675,-0.98249996,10.28,0.029999921,1.7127281,76.12848,0.0,11.499508557335568,0.8157133950325461
2025-06-27 00:00:00+00:00,-35.576666,-71.678888,119.0,open-meteo_ecmwf_ifs,daily,11.3175,3.6175,4.07,3.7654164,1.5437595,86.41686,0.0,11.516739344850212,0.7608027905289272
2025-06-28 00:00:00+00:00,-35.576666,-71.678888,119.0,open-meteo_ecmwf_ifs,daily,11.5175,0.61749995,9.94,2.3091667,1.262871,83.7289,0.0,11.53731106779247,0.6853051994465011
2025-06-29 00:00:00+00:00,-35.576666,-71.678888,119.0,open-meteo_ecmwf_ifs,daily,10.7175,-0.4825,9.68,0.21749996,2.222791,80.631226,0.0,11.561218960776122,0.888379403634119
2025-06-30 00:00:00+00:00,-35.576666,-71.678888,119.0,open-meteo_ecmwf_ifs,daily,9.367499,-4.2825,9.63,-6.31375,1.943685,60.997192,0.0,11.588457605918737,0.9942399202562535
2025-07-01 00:00:00+00:00,-35.576666,-71.678888,119.0,open-meteo_ecmwf_ifs,daily,13.0175,0.11750001,9.78,0.42375,0.5673525,72.12476,0.0,11.619020922709527,0.6208013774868397
2025-07-02 00:00:00+00:00,-35.576666,-71.678888,119.0,open-meteo_ecmwf_ifs,daily,13.2175,-0.082499996,9.27,1.9904169,0.89730245,84.0982,0.0,11.652902156528818,0.6790652451197076
2025-07-03 00:00:00+00:00,-35.576666,-71.678888,119.0,open-meteo_ecmwf_ifs,daily,14.7675,1.0174999,9.86,2.2966669,1.4431657,78.03566,0.0,11.69009386588399,0.8894973160638604
2025-07-04 00:00:00+00:00,-35.576666,-71.678888,119.0,open-meteo_ecmwf_ifs,daily,14.5675,2.0175,9.9,4.396667,1.29447,84.85485,0.0,11.730587908432987,0.7852919674110707
2025-07-05 00:00:00+00:00,-35.576666,-71.678888,119.0,open-meteo_ecmwf_ifs,daily,15.1675,3.9675,3.72,7.207083,3.9048164,87.66274,0.0,11.774375425872538,0.8807412525929639
2025-07-06 00:00:00+00:00,-35.576666,-71.678888,119.0,open-meteo_ecmwf_ifs,daily,17.1175,9.4175,6.28,9.61125,4.6505704,83.31591,24.400002,11.821446827773741,1.4006857152836742
2025-07-07 00:00:00+00:00,-35.576666,-71.678888,119.0,open-meteo_ecmwf_ifs,daily,17.6175,6.0675,9.72,9.346665,2.067239,87.20634,7.8,11.871791774452815,0.9146967474337293
2025-07-08 00:00:00+00:00,-35.576666,-71.678888,119.0,open-meteo_ecmwf_ifs,daily,15.0675,8.6675,8.19,8.407083,3.0846426,87.47937,0.0,11.925399158969437,1.1425010766952988
2025-07-09 00:00:00+00:00,-35.576666,-71.678888,119.0,open-meteo_ecmwf_ifs,daily,12.5175,4.6175003,6.94,5.557083,1.4562715,85.73792,0.0,11.98225708834914,0.7670304436310881
2025-07-10 00:00:00+00:00,-35.576666,-71.678888,119.0,open-meteo_ecmwf_ifs,daily,11.7675,2.5175,9.84,2.732083,2.0881505,81.583115,0.0,12.042352864130155,0.947827332219245
2025-07-11 00:00:00+00:00,-35.576666,-71.678888,119.0,open-meteo_ecmwf_ifs,daily,13.2175,0.86749995,9.82,2.6258333,1.4534425,82.08138,0.0,12.105672962337875,0.8443957745677182
2025-07-12 00:00:00+00:00,-35.576666,-71.678888,119.0,open-meteo_ecmwf_ifs,daily,12.7175,4.6675,9.26,4.688333,2.0332274,85.1495,0.0,12.172203012993135,0.9704336745417459
2025-07-13 00:00:00+00:00,-35.576666,-71.678888,119.0,open-meteo_ecmwf_ifs,daily,10.6675,3.0175,7.69,4.28,1.2526747,89.73034,0.0,12.241927779262314,0.6948054120982867
2025-07-14 00:00:00+00:00,-35.576666,-71.678888,119.0,open-meteo_ecmwf_ifs,daily,13.2675,5.6675,8.19,5.6029167,1.6079063,83.57658,0.0,12.314831136359164,0.9228038897620588
2025-07-15 00:00:00+00:00,-35.576666,-71.678888,119.0,open-meteo_ecmwf_ifs,daily,10.7675,3.4675,3.88,5.32375,1.1083559,92.3385,10.599999,12.390896050309172,0.5979581495749776
2025-07-16 00:00:00+00:00,-35.576666,-71.678888,119.0,open-meteo_ecmwf_ifs,daily,14.5675,1.9675,11.57,2.169583,3.6907694,77.18048,0.0,12.470104556688108,1.5014853838053008
2025-07-17 00:00:00+00:00,-35.576666,-71.678888,119.0,open-meteo_ecmwf_ifs,daily,18.6175,6.0175004,11.39,1.3383332,3.8489637,53.41422,0.0,12.55243773944638,2.4277825684302963
2025-07-18 00:00:00+00:00,-35.576666,-71.678888,119.0,open-meteo_ecmwf_ifs,daily,15.117499,3.4175,11.52,2.965417,2.1198442,68.91309,0.0,12.637875709930581,1.2739205454965672
2025-07-19 00:00:00+00:00,-35.576666,-71.678888,119.0,open-meteo_ecmwf_ifs,daily,16.317501,3.0674999,8.81,5.9633336,2.275781,84.31161,0.0,12.726397586212975,1.0589722624242452
2025-07-20 00:00:00+00:00,-35.576666,-71.678888,119.0,open-meteo_ecmwf_ifs,daily,16.067501,6.8675003,9.31,7.6758327,1.8312612,81.372574,0.0,12.817981472838119,1.0898319259626716
2025-07-21 00:00:00+00:00,-35.576666,-71.678888,119.0,open-meteo_ecmwf_ifs,daily,18.2175,4.3675003,11.37,7.3424993,0.97123295,84.60447,0.0,12.912604441094702,0.9958713539379783
2025-07-22 00:00:00+00:00,-35.576666,-71.678888,119.0,open-meteo_ecmwf_ifs,daily,15.7675,9.3175,9.32,8.975832,2.229493,87.8791,0.0,13.01024250991817,1.1897880761658475
2025-07-23 00:00:00+00:00,-35.576666,-71.678888,119.0,open-meteo_ecmwf_ifs,daily,14.5175,4.8675003,9.21,6.36125,0.91729665,89.20138,0.0,13.110870627527623,0.8810992314960395
2025-07-24 00:00:00+00:00,-35.576666,-71.678888,119.0,open-meteo_ecmwf_ifs,daily,13.0675,6.1175003,4.1,6.915417,3.0652921,90.56848,3.7000003,13.214462653897755,0.9353525196983782
2025-07-25 00:00:00+00:00,-35.576666,-71.678888,119.0,open-meteo_ecmwf_ifs,daily,15.9175,8.1675,8.87,7.9341664,3.5926678,80.78171,6.9000006,13.320991344163259,1.4440346850730166
2025-07-26 00:00:00+00:00,-35.576666,-71.678888,119.0,open-meteo_ecmwf_ifs,daily,13.2675,7.2175,5.62,8.302917,0.8112709,92.13696,0.6,13.430428333050116,0.7465372338910451
2025-07-27 00:00:00+00:00,-35.576666,-71.678888,119.0,open-meteo_ecmwf_ifs,daily,15.9175,8.5675,7.08,8.802916,2.025288,86.960815,5.6999993,13.542744120424278,1.1147546173958174
2025-07-28 00:00:00+00:00,-35.576666,-71.678888,119.0,open-meteo_ecmwf_ifs,daily,17.5175,8.867499,6.34,9.196666,1.8799144,84.32543,1.2,13.657908058044411,1.1727758577413725
2025-07-29 00:00:00+00:00,-35.576666,-71.678888,119.0,open-meteo_ecmwf_ifs,daily,17.567501,9.2175,6.49,10.209166,1.138507,86.498924,0.4,13.775888337601328,0.9952017230209715
2025-07-30 00:00:00+00:00,-35.576666,-71.678888,119.0,open-meteo_ecmwf_ifs,daily,15.5175,11.3175,2.78,10.896667,4.88087,85.43279,6.3,13.896651980122169,1.1497796562700726
2025-07-31 00:00:00+00:00,-35.576666,-71.678888,119.0,open-meteo_ecmwf_ifs,daily,12.7175,11.2675,1.72,10.829998,6.282255,92.55667,34.4,14.02016482681309,0.7285906418841778
2025-08-01 00:00:00+00:00,-35.576666,-71.678888,119.0,open-meteo_ecmwf_ifs,daily,12.117499,9.617499,2.46,9.188333,5.6054955,91.5741,23.699999,14.146391531409344,0.8628101041287306
2025-08-02 00:00:00+00:00,-35.576666,-71.678888,119.0,open-meteo_ecmwf_ifs,daily,13.1675,6.0675,8.51,7.019583,4.0447507,86.92096,15.999999,14.27529555409671,1.1403928814543896
2025-08-03 00:00:00+00:00,-35.576666,-71.678888,119.0,open-meteo_ecmwf_ifs,daily,12.7675,3.3174999,7.16,4.7966666,1.2945575,87.67801,0.0,14.40683915706352,0.9119480127386476
2025-08-04 00:00:00+00:00,-35.576666,-71.678888,119.0,open-meteo_ecmwf_ifs,daily,18.8675,2.2175,12.93,4.3008337,1.8062568,77.17653,0.0,14.540983401737023,1.491487749967681
2025-08-05 00:00:00+00:00,-35.576666,-71.678888,119.0,open-meteo_ecmwf_ifs,daily,18.8675,4.5675,11.77,6.2612495,1.6843128,76.287926,0.0,14.677688147753038,1.4496287271054185
2025-08-06 00:00:00+00:00,-35.576666,-71.678888,119.0,open-meteo_ecmwf_ifs,daily,19.567501,10.367499,10.93,10.125833,3.227225,82.22814,0.70000005,14.816912053702223,1.8588055593381314
2025-08-07 00:00:00+00:00,-35.576666,-71.678888,119.0,open-meteo_ecmwf_ifs,daily,17.3675,7.4675,12.31,7.1487503,2.8652608,77.96768,0.0,14.958612579691186,1.7551128206339381
2025-08-08 00:00:00+00:00,-35.576666,-71.678888,119.0,open-meteo_ecmwf_ifs,daily,18.067501,4.7175,13.16,6.125833,0.5559594,80.153854,0.0,15.102745991751158,1.249929625723142
2025-08-09 00:00:00+00:00,-35.576666,-71.678888,119.0,open-meteo_ecmwf_ifs,daily,13.4675,6.1175003,4.75,7.1758313,2.2606962,87.251335,0.3,15.24926736812163,0.9524613825548678
2025-08-10 00:00:00+00:00,-35.576666,-71.678888,119.0,open-meteo_ecmwf_ifs,daily,16.5175,4.7675004,10.54,6.8779163,0.80126166,84.99729,0.0,15.398130607430868,1.157254506772484
2025-08-11 00:00:00+00:00,-35.576666,-71.678888,119.0,open-meteo_ecmwf_ifs,daily,21.167501,5.3175,11.99,7.68625,1.0075687,79.81187,0.0,15.549288438789773,1.4552912234756794
2025-08-12 00:00:00+00:00,-35.576666,-71.678888,119.0,open-meteo_ecmwf_ifs,daily,17.567501,9.5175,6.07,10.71125,2.1623137,86.68286,0.0,15.702692433810236,1.1726519646207676
2025-08-13 00:00:00+00:00,-35.576666,-71.678888,119.0,open-meteo_ecmwf_ifs,daily,18.567501,6.4175,13.86,7.3404164,2.8746395,74.143234,0.0,15.858293020553585,1.8836571240075324
2025-08-14 00:00:00+00:00,-35.576666,-71.678888,119.0,open-meteo_ecmwf_ifs,daily,19.317501,5.5175004,13.68,7.8987503,1.1450838,82.299,0.0,16.016039499409555,1.5293297197514975
2025-08-15 00:00:00+00:00,-35.576666,-71.678888,119.0,open-meteo_ecmwf_ifs,daily,16.9675,9.9675,10.31,10.31125,3.207278,86.59326,3.4,16.175880060900607,1.5554203022120157
2025-08-16 00:00:00+00:00,-35.576666,-71.678888,119.0,open-meteo_ecmwf_ifs,daily,18.417501,8.867499,14.07,9.23625,2.287894,79.26819,5.7000003,16.337761805401495,1.8333405479625535
2025-08-17 00:00:00+00:00,-35.576666,-71.678888,119.0,open-meteo_ecmwf_ifs,daily,17.7175,8.617499,10.88,9.144582,1.2618827,82.40961,0.0,16.501630764758385,1.4568171114180586
2025-08-18 00:00:00+00:00,-35.576666,-71.678888,119.0,open-meteo_ecmwf_ifs,daily,16.567501,7.4175,8.6,9.127915,1.6639138,87.56821,0.1,16.66743192578701,1.2464555271969109
2025-08-19 00:00:00+00:00,-35.576666,-71.678888,119.0,open-meteo_ecmwf_ifs,daily,16.6175,7.7175,8.97,8.613334,1.7551574,86.1914,0.7,16.835109255624094,1.3604186739518411
2025-08-20 00:00:00+00:00,-35.576666,-71.678888,119.0,open-meteo_ecmwf_ifs,daily,17.9675,5.9675,14.99,8.459166,1.4839963,82.55411,2.1,17.004605728901293,1.6580934368435936
2025-08-21 00:00:00+00:00,-35.576666,-71.678888,119.0,open-meteo_ecmwf_ifs,daily,12.6675,8.0675,5.01,8.271667,4.133776,87.96171,20.400002,17.175863356706206,1.0494720020998616
2025-08-22 00:00:00+00:00,-35.576666,-71.678888,119.0,open-meteo_ecmwf_ifs,daily,11.3175,4.3675003,11.43,4.27375,3.1756897,84.94792,4.6,17.34882321728991,1.4223619812312067
2025-08-23 00:00:00+00:00,-35.576666,-71.678888,119.0,open-meteo_ecmwf_ifs,daily,13.4675,-0.1325,15.62,1.4425001,1.5719236,78.341965,0.1,17.523425488476214,1.5423823855015781
2025-08-24 00:00:00+00:00,-35.576666,-71.678888,119.0,open-meteo_ecmwf_ifs,daily,16.5175,3.9175,15.22,4.646667,3.55878,74.96252,0.0,17.699609481722867,2.0775682093877976
2025-08-25 00:00:00+00:00,-35.576666,-71.678888,119.0,open-meteo_ecmwf_ifs,daily,20.7675,7.8175,16.86,7.863333,5.7039857,74.512115,0.0,17.877313677780847,2.9840423496219866
2025-08-26 00:00:00+00:00,-35.576666,-71.678888,119.0,open-meteo_ecmwf_ifs,daily,20.817501,5.8175,17.11,7.917499,3.148628,75.71412,0.0,18.056475763893488,2.363784911845295
2025-08-27 00:00:00+00:00,-35.576666,-71.678888,119.0,open-meteo_ecmwf_ifs,daily,19.5175,5.7175,15.45,8.550833,1.2678087,81.34974,0.0,18.237032672473088,1.8414558842805828
2025-08-28 00:00:00+00:00,-35.576666,-71.678888,119.0,open-meteo_ecmwf_ifs,daily,15.0675,8.5175,6.8,9.63625,1.159041,90.79711,0.3,18.418920621188445,1.1019434969182822
2025-08-29 00:00:00+00:00,-35.576666,-71.678888,119.0,open-meteo_ecmwf_ifs,daily,14.7675,9.5675,7.95,8.861249,1.0709474,84.032196,0.70000005,18.602075154393535,1.274666279266973
2025-08-30 00:00:00+00:00,-35.576666,-71.678888,119.0,open-meteo_ecmwf_ifs,daily,17.417501,8.5675,11.35,8.642501,1.1886493,82.04316,0.3,18.78643118582318,1.6356267326085565
2025-08-31 00:00:00+00:00,-35.576666,-71.678888,119.0,open-meteo_ecmwf_ifs,daily,14.0175,10.5175,4.15,10.848748,0.8856952,92.76229,6.2999997,18.971923042478675,0.8699619158942623
2025-09-01 00:00:00+00:00,-35.576666,-71.678888,119.0,open-meteo_ecmwf_ifs,daily,17.2175,7.8175,11.68,9.03,1.4790102,85.82383,0.0,19.158484509622827,1.6342312783321993
2025-09-02 00:00:00+00:00,-35.576666,-71.678888,119.0,open-meteo_ecmwf_ifs,daily,12.0175,6.0675,4.76,7.419584,1.4443167,90.54897,1.7,19.3460488768007,0.8737094432973672
2025-09-03 00:00:00+00:00,-35.576666,-71.678888,119.0,open-meteo_ecmwf_ifs,daily,15.9675,3.6675,18.85,3.4070835,4.223666,72.657974,0.0,19.53454898479983,2.5341355169019475
2025-09-04 00:00:00+00:00,-35.576666,-71.678888,119.0,open-meteo_ecmwf_ifs,daily,16.417501,2.5175,18.96,3.050833,3.3758886,68.11155,0.0,19.723917273460536,2.4152704331438137
2025-09-05 00:00:00+00:00,-35.576666,-71.678888,119.0,open-meteo_ecmwf_ifs,daily,18.7675,3.4175,17.94,6.5716667,0.7882395,80.96376,0.0,19.914085830245092,2.008381167690612
2025-09-06 00:00:00+00:00,-35.576666,-71.678888,119.0,open-meteo_ecmwf_ifs,daily,16.667501,5.5175004,10.02,7.0945835,1.7508982,85.516014,0.0,20.104986439471787,1.569267239801819
2025-09-07 00:00:00+00:00,-35.576666,-71.678888,119.0,open-meteo_ecmwf_ifs,daily,14.117499,7.9675,7.66,6.138333,1.7473216,75.3796,0.1,20.296550632118187,1.5033955320492371
2025-09-08 00:00:00+00:00,-35.576666,-71.678888,119.0,open-meteo_ecmwf_ifs,daily,17.3675,7.2175,16.38,6.4175,2.9570453,73.874695,0.0,20.488709736096364,2.4503442657927397
2025-09-09 00:00:00+00:00,-35.576666,-71.678888,119.0,open-meteo_ecmwf_ifs,daily,20.167501,5.3675003,18.87,7.475834,2.5536282,75.9164,0.0,20.681394926900794,2.535192308150924
2025-09-10 00:00:00+00:00,-35.576666,-71.678888,119.0,open-meteo_ecmwf_ifs,daily,19.417501,9.117499,19.26,9.157083,2.3368642,76.8997,8.900002,20.874537278529242,2.664220845984807
2025-09-11 00:00:00+00:00,-35.576666,-71.678888,119.0,open-meteo_ecmwf_ifs,daily,20.5175,4.6675,19.86,6.6425,2.4316792,69.3489,0.0,21.068067814575134,2.665544602809857
2025-09-12 00:00:00+00:00,-35.576666,-71.678888,119.0,open-meteo_ecmwf_ifs,daily,20.067501,4.1175003,17.39,7.388333,0.8971453,77.35341,0.0,21.261917559389712,2.159681879891598
2025-09-13 00:00:00+00:00,-35.576666,-71.678888,119.0,open-meteo_ecmwf_ifs,daily,15.7175,6.9175,13.69,7.404999,2.6070483,80.898834,11.7,21.456017589211964,1.964399381546669
2025-09-14 00:00:00+00:00,-35.576666,-71.678888,119.0,open-meteo_ecmwf_ifs,daily,18.417501,8.1675,17.09,5.063334,3.1618893,62.196365,0.0,21.650299083163496,2.9849561412696564
2025-09-15 00:00:00+00:00,-35.576666,-71.678888,119.0,open-meteo_ecmwf_ifs,daily,20.417501,5.8675003,20.64,6.277918,2.8868122,71.46447,0.0,21.84469337400648,2.99882248490123
2025-09-16 00:00:00+00:00,-35.576666,-71.678888,119.0,open-meteo_ecmwf_ifs,daily,22.067501,8.9175,20.12,7.9508324,3.5606415,66.536064,0.0,22.03913199856259,3.4408406379571606
2025-09-17 00:00:00+00:00,-35.576666,-71.678888,119.0,open-meteo_ecmwf_ifs,daily,19.067501,8.617499,12.05,9.288333,3.0476744,78.69529,0.0,22.233546747691683,2.1937188944501775
2025-09-18 00:00:00+00:00,-35.576666,-71.678888,119.0,open-meteo_ecmwf_ifs,daily,18.817501,6.6675,17.19,8.754999,0.95448714,84.428604,0.0,22.42786971573025,2.2515297820468225
2025-09-19 00:00:00+00:00,-35.576666,-71.678888,119.0,open-meteo_ecmwf_ifs,daily,19.9675,8.0175,16.06,9.523749,1.6816144,81.306145,0.0,22.622033349290277,2.3626157729962665
2025-09-20 00:00:00+00:00,-35.576666,-71.678888,119.0,open-meteo_ecmwf_ifs,daily,15.367499,9.9675,11.41,9.569583,4.564694,84.10618,29.600004,22.815970495321398,1.9241965068670066
2025-09-21 00:00:00+00:00,-35.576666,-71.678888,119.0,open-meteo_ecmwf_ifs,daily,15.2175,8.0175,12.9,7.992501,3.1804068,86.01154,20.400002,23.009614448340564,1.9924542975529589
2025-09-22 00:00:00+00:00,-35.576666,-71.678888,119.0,open-meteo_ecmwf_ifs,daily,18.1175,4.5675,21.18,5.990417,2.5492532,77.80487,0.1,23.202898996735534,2.743673131818742
2025-09-23 00:00:00+00:00,-35.576666,-71.678888,119.0,open-meteo_ecmwf_ifs,daily,20.2675,5.2675004,21.67,6.52375,1.3038079,70.736015,0.0,23.395758468051298,2.836036442714183
2025-09-24 00:00:00+00:00,-35.576666,-71.678888,119.0,open-meteo_ecmwf_ifs,daily,23.5175,6.4175,21.53,8.400832,1.696709,72.38547,0.0,23.588127773170523,3.129411385625808
2025-09-25 00:00:00+00:00,-35.576666,-71.678888,119.0,open-meteo_ecmwf_ifs,daily,21.5175,7.4675,21.85,9.405,2.1093745,77.75048,0.0,23.779942449302617,3.0721835437557443
2025-09-26 00:00:00+00:00,-35.576666,-71.678888,119.0,open-meteo_ecmwf_ifs,daily,13.617499,9.3175,6.94,8.509167,2.2009969,84.61567,11.299999,23.97113870169882,1.3994964324620667
2025-09-27 00:00:00+00:00,-35.576666,-71.678888,119.0,open-meteo_ecmwf_ifs,daily,19.417501,4.3175,22.46,6.1112494,1.7997233,75.68332,0.0,24.161653444014092,2.912887324359681
2025-09-28 00:00:00+00:00,-35.576666,-71.678888,119.0,open-meteo_ecmwf_ifs,daily,19.167501,6.9175,17.1,7.500833,2.6327717,71.35541,0.0,24.351424337240626,2.6920670303670002
2025-09-29 00:00:00+00:00,-35.576666,-71.678888,119.0,open-meteo_ecmwf_ifs,daily,18.2175,9.7675,21.06,8.47375,3.3010216,72.91611,0.5,24.540389827141148,3.1789652295401853
2025-09-30 00:00:00+00:00,-35.576666,-71.678888,119.0,open-meteo_ecmwf_ifs,daily,22.167501,6.9675,23.95,5.3591666,5.1964955,59.810284,0.0,24.72848918011466,4.324755804282643
