date,lat,lon,z,source,granularity,Tmax,Tmin,Rs,Tdwp,Wspeed2M,RHmean,Precip_mm,Rso,Eto
2017-01-01 00:00:00+00:00,-34.925,-71.28305,212.0,open-meteo_ecmwf_ifs,daily,29.5635,14.613501,32.75,11.505168,3.6255054,56.664246,0.0,33.361193935749114,6.754023124797232
2017-01-02 00:00:00+00:00,-34.925,-71.28305,212.0,open-meteo_ecmwf_ifs,daily,30.0635,14.0635,33.84,7.915584,3.1425707,42.50215,0.0,33.33191210092631,7.054636115945261
2017-01-03 00:00:00+00:00,-34.925,-71.28305,212.0,open-meteo_ecmwf_ifs,daily,27.0635,13.7635,33.49,8.503084,4.083809,49.05597,0.0,33.29991307025934,6.8190512563701535
2017-01-04 00:00:00+00:00,-34.925,-71.28305,212.0,open-meteo_ecmwf_ifs,daily,27.0635,12.7635,33.88,4.198917,5.300837,39.42283,0.0,33.265197581190414,7.606622416266196
2017-01-05 00:00:00+00:00,-34.925,-71.28305,212.0,open-meteo_ecmwf_ifs,daily,30.7635,10.6635,34.17,5.4447503,3.5627806,42.90005,0.0,33.22776660987516,7.098711941594933
2017-01-06 00:00:00+00:00,-34.925,-71.28305,212.0,open-meteo_ecmwf_ifs,daily,31.5635,16.1135,33.19,8.071834,1.7786528,38.988064,0.0,33.187621382455305,6.6257544548949285
2017-01-07 00:00:00+00:00,-34.925,-71.28305,212.0,open-meteo_ecmwf_ifs,daily,31.213501,14.9635,32.99,7.365584,2.3218172,38.787846,0.0,33.14476338716048,6.80376550910992
2017-01-08 00:00:00+00:00,-34.925,-71.28305,212.0,open-meteo_ecmwf_ifs,daily,30.5135,16.4635,31.77,11.498918,2.7939413,50.848858,0.0,33.09919438725014,6.720911236344885
2017-01-09 00:00:00+00:00,-34.925,-71.28305,212.0,open-meteo_ecmwf_ifs,daily,27.463501,17.6135,24.18,12.642666,1.9522241,58.755825,0.9,33.05091643480504,5.125584923942103
2017-01-10 00:00:00+00:00,-34.925,-71.28305,212.0,open-meteo_ecmwf_ifs,daily,30.213501,15.5135,32.3,7.540583,3.3945315,40.222946,0.0,32.999931885375155,7.212938500594032
2017-01-11 00:00:00+00:00,-34.925,-71.28305,212.0,open-meteo_ecmwf_ifs,daily,32.2635,15.0635,33.18,5.5385,3.1275156,35.29508,0.0,32.94624341348939,7.492284821842408
2017-01-12 00:00:00+00:00,-34.925,-71.28305,212.0,open-meteo_ecmwf_ifs,daily,34.6135,16.6635,31.61,8.167666,3.8885558,35.2121,0.0,32.88985402902867,8.079597062491565
2017-01-13 00:00:00+00:00,-34.925,-71.28305,212.0,open-meteo_ecmwf_ifs,daily,33.2135,17.8635,32.42,11.503083,4.1289563,47.332043,0.0,32.830767094461805,7.931615570338881
2017-01-14 00:00:00+00:00,-34.925,-71.28305,212.0,open-meteo_ecmwf_ifs,daily,31.3635,16.2635,33.07,7.215584,3.194582,37.364185,0.0,32.76898634293975,7.440233715807576
2017-01-15 00:00:00+00:00,-34.925,-71.28305,212.0,open-meteo_ecmwf_ifs,daily,31.5135,14.6635,32.85,9.061417,1.555384,45.92354,0.0,32.70451589724026,6.271943018120106
2017-01-16 00:00:00+00:00,-34.925,-71.28305,212.0,open-meteo_ecmwf_ifs,daily,32.2635,15.4635,32.63,8.978084,2.013275,43.71922,0.0,32.63736028955149,6.631465611073398
2017-01-17 00:00:00+00:00,-34.925,-71.28305,212.0,open-meteo_ecmwf_ifs,daily,33.1635,17.5635,32.64,11.242667,5.267714,46.525158,0.0,32.567524482078234,8.408019612447905
2017-01-18 00:00:00+00:00,-34.925,-71.28305,212.0,open-meteo_ecmwf_ifs,daily,32.8135,16.4635,32.82,4.2239175,3.6604712,28.269423,0.0,32.49501388845132,8.060680734019043
2017-01-19 00:00:00+00:00,-34.925,-71.28305,212.0,open-meteo_ecmwf_ifs,daily,34.1635,16.3135,32.89,8.351001,2.8818066,37.877636,0.0,32.41983439591511,7.469403998245175
2017-01-20 00:00:00+00:00,-34.925,-71.28305,212.0,open-meteo_ecmwf_ifs,daily,35.8635,18.3135,32.62,9.359335,4.223282,36.659744,0.0,32.34199238826457,8.656345162155663
2017-01-21 00:00:00+00:00,-34.925,-71.28305,212.0,open-meteo_ecmwf_ifs,daily,34.4635,18.713501,31.88,9.973917,3.6384637,37.592228,0.0,32.26149476949805,8.02162965686963
2017-01-22 00:00:00+00:00,-34.925,-71.28305,212.0,open-meteo_ecmwf_ifs,daily,31.8135,17.1135,32.13,9.459334,2.2479775,40.24078,0.0,32.17834898814751,6.766895902228717
2017-01-23 00:00:00+00:00,-34.925,-71.28305,212.0,open-meteo_ecmwf_ifs,daily,31.3635,17.4135,32.14,9.826001,2.0149379,43.106632,0.0,32.09256306224339,6.598736582335323
2017-01-24 00:00:00+00:00,-34.925,-71.28305,212.0,open-meteo_ecmwf_ifs,daily,32.3135,18.1135,31.63,9.801,4.64105,40.013073,0.0,32.00414560486646,8.127456105061327
2017-01-25 00:00:00+00:00,-34.925,-71.28305,212.0,open-meteo_ecmwf_ifs,daily,36.7135,17.3635,31.3,11.542666,3.8098729,43.96391,0.0,31.913105850234494,8.006868050137031
2017-01-26 00:00:00+00:00,-34.925,-71.28305,212.0,open-meteo_ecmwf_ifs,daily,33.7135,19.5135,31.53,12.746833,2.69158,43.277084,0.0,31.819453680267156,7.196946655908862
2017-01-27 00:00:00+00:00,-34.925,-71.28305,212.0,open-meteo_ecmwf_ifs,daily,33.1135,18.1635,30.74,16.44475,1.7800393,61.420425,0.0,31.72319965156801,6.24309576975052
2017-01-28 00:00:00+00:00,-34.925,-71.28305,212.0,open-meteo_ecmwf_ifs,daily,33.4635,18.4135,30.55,16.342667,1.5263897,60.43661,0.0,31.62435502275848,6.169374410309347
2017-01-29 00:00:00+00:00,-34.925,-71.28305,212.0,open-meteo_ecmwf_ifs,daily,33.4635,19.1635,30.41,13.655168,1.5718699,50.112896,0.0,31.52293178209454,6.292111628951001
2017-01-30 00:00:00+00:00,-34.925,-71.28305,212.0,open-meteo_ecmwf_ifs,daily,31.2635,19.213501,30.86,8.590584,2.549699,36.77368,0.0,31.418942675292925,6.933403337689434
2017-01-31 00:00:00+00:00,-34.925,-71.28305,212.0,open-meteo_ecmwf_ifs,daily,30.3135,16.2635,30.83,9.53225,3.0009139,43.106907,0.0,31.312401233490444,6.686306654514483
2017-02-01 00:00:00+00:00,-34.925,-71.28305,212.0,open-meteo_ecmwf_ifs,daily,31.4135,15.8135,30.95,8.53225,2.0482132,41.59853,0.0,31.20332180125639,6.306131981420364
2017-02-02 00:00:00+00:00,-34.925,-71.28305,212.0,open-meteo_ecmwf_ifs,daily,28.5135,14.3135,29.92,7.9593334,2.5712504,44.32108,0.0,31.091719564575072,6.051722216659558
2017-02-03 00:00:00+00:00,-34.925,-71.28305,212.0,open-meteo_ecmwf_ifs,daily,24.6135,13.113501,22.93,8.290584,1.6265429,53.648956,0.0,30.977610578713154,4.359703268472751
2017-02-04 00:00:00+00:00,-34.925,-71.28305,212.0,open-meteo_ecmwf_ifs,daily,24.213501,16.1135,20.64,12.45725,1.400444,65.02576,2.5,30.861011795883552,3.976606538175491
2017-02-05 00:00:00+00:00,-34.925,-71.28305,212.0,open-meteo_ecmwf_ifs,daily,30.4135,13.3135,30.56,10.659334,2.470637,57.899796,0.0,30.7419410926161,5.969048199450007
2017-02-06 00:00:00+00:00,-34.925,-71.28305,212.0,open-meteo_ecmwf_ifs,daily,30.7635,14.8135,30.47,8.048917,2.5474157,43.210922,0.0,30.62041729674349,6.348116277596832
2017-02-07 00:00:00+00:00,-34.925,-71.28305,212.0,open-meteo_ecmwf_ifs,daily,30.6135,15.7135,29.7,10.636417,2.1582415,50.257523,0.0,30.4964602139095,5.989172628057523
2017-02-08 00:00:00+00:00,-34.925,-71.28305,212.0,open-meteo_ecmwf_ifs,daily,27.1635,13.7135,29.5,9.615584,1.9026686,56.638973,0.0,30.370090653505773,5.382040354198111
2017-02-09 00:00:00+00:00,-34.925,-71.28305,212.0,open-meteo_ecmwf_ifs,daily,28.4135,15.3135,25.42,8.617667,2.4241364,49.134624,0.0,30.241330453942968,5.477185142375227
2017-02-10 00:00:00+00:00,-34.925,-71.28305,212.0,open-meteo_ecmwf_ifs,daily,31.213501,15.363501,29.26,7.5780835,2.8113172,39.07105,0.0,30.110202507161933,6.45441812689146
2017-02-11 00:00:00+00:00,-34.925,-71.28305,212.0,open-meteo_ecmwf_ifs,daily,31.5635,13.9135,29.24,10.505167,1.5459756,50.725567,0.0,29.976730782290748,5.51841484967482
2017-02-12 00:00:00+00:00,-34.925,-71.28305,212.0,open-meteo_ecmwf_ifs,daily,33.1635,16.3635,29.28,9.613502,2.3186357,44.20206,0.0,29.840940348354273,6.328857365101027
2017-02-13 00:00:00+00:00,-34.925,-71.28305,212.0,open-meteo_ecmwf_ifs,daily,31.8635,16.0135,28.74,10.976001,2.0300553,46.421253,0.0,29.702857395943816,5.875603990757289
2017-02-14 00:00:00+00:00,-34.925,-71.28305,212.0,open-meteo_ecmwf_ifs,daily,30.9135,15.6635,27.46,13.886417,1.8987671,62.52603,0.0,29.56250925775616,5.38232167687234
2017-02-15 00:00:00+00:00,-34.925,-71.28305,212.0,open-meteo_ecmwf_ifs,daily,29.9135,16.6635,28.33,13.126,1.950714,58.529186,0.0,29.419924427912676,5.544729684830108
2017-02-16 00:00:00+00:00,-34.925,-71.28305,212.0,open-meteo_ecmwf_ifs,daily,28.213501,15.363501,26.77,11.442666,2.3044822,57.60303,0.0,29.275132579971785,5.296408687237168
2017-02-17 00:00:00+00:00,-34.925,-71.28305,212.0,open-meteo_ecmwf_ifs,daily,27.3135,15.5635,25.74,12.626002,2.8916292,65.4084,0.5,29.128164583550497,5.175547146134057
2017-02-18 00:00:00+00:00,-34.925,-71.28305,212.0,open-meteo_ecmwf_ifs,daily,27.963501,12.5635,27.9,6.7530837,2.100433,46.20873,0.0,28.979052519473395,5.29156173665496
2017-02-19 00:00:00+00:00,-34.925,-71.28305,212.0,open-meteo_ecmwf_ifs,daily,30.9135,14.3135,27.91,9.53225,3.0596068,49.474518,0.0,28.827829693371207,6.044145236107844
2017-02-20 00:00:00+00:00,-34.925,-71.28305,212.0,open-meteo_ecmwf_ifs,daily,32.8135,16.2635,26.73,13.213501,3.3920333,56.691822,0.0,28.674530647654038,6.173097751184598
2017-02-21 00:00:00+00:00,-34.925,-71.28305,212.0,open-meteo_ecmwf_ifs,daily,34.0135,19.1635,26.29,15.996835,3.2364266,59.87356,0.0,28.51919117178891,6.274769326885902
2017-02-22 00:00:00+00:00,-34.925,-71.28305,212.0,open-meteo_ecmwf_ifs,daily,34.3135,19.8135,25.65,15.634334,2.8563993,54.105816,0.0,28.36184831081458,6.163755092675865
2017-02-23 00:00:00+00:00,-34.925,-71.28305,212.0,open-meteo_ecmwf_ifs,daily,32.5135,21.0635,25.76,16.171835,2.1419709,56.526173,0.0,28.20254037203193,5.710103729726905
2017-02-24 00:00:00+00:00,-34.925,-71.28305,212.0,open-meteo_ecmwf_ifs,daily,33.1135,20.3135,23.99,16.703085,2.3258562,59.31749,0.0,28.0413069298122,5.499553851804021
2017-02-25 00:00:00+00:00,-34.925,-71.28305,212.0,open-meteo_ecmwf_ifs,daily,33.4635,20.963501,19.77,16.880165,1.7783672,59.843884,0.1,27.87818882847063,4.72357669764463
2017-02-26 00:00:00+00:00,-34.925,-71.28305,212.0,open-meteo_ecmwf_ifs,daily,30.1635,20.963501,19.22,16.640587,1.848401,62.273197,0.2,27.71322818315797,4.413410277403694
2017-02-27 00:00:00+00:00,-34.925,-71.28305,212.0,open-meteo_ecmwf_ifs,daily,30.3635,20.0135,16.23,18.267668,1.7260742,73.37345,0.2,27.54646837872801,3.7513794840655126
2017-02-28 00:00:00+00:00,-34.925,-71.28305,212.0,open-meteo_ecmwf_ifs,daily,31.0135,18.0135,25.53,15.159335,2.069846,61.80304,0.0,27.377954066544238,5.209083051533653
2017-03-01 00:00:00+00:00,-34.925,-71.28305,212.0,open-meteo_ecmwf_ifs,daily,29.9135,18.1635,22.58,14.705166,2.108017,63.517834,0.3,27.20773115919487,4.789567717138481
2017-03-02 00:00:00+00:00,-34.925,-71.28305,212.0,open-meteo_ecmwf_ifs,daily,25.1635,15.863501,14.84,12.407252,2.8775606,63.745594,4.9,27.035846823090893,3.680825895218745
2017-03-03 00:00:00+00:00,-34.925,-71.28305,212.0,open-meteo_ecmwf_ifs,daily,26.8635,14.0635,20.79,6.907251,3.16695,44.07675,0.0,26.86234946892798,4.998173242429193
2017-03-04 00:00:00+00:00,-34.925,-71.28305,212.0,open-meteo_ecmwf_ifs,daily,27.0135,14.3135,25.33,7.9155846,2.3286889,48.79149,0.0,26.68728873999868,4.971404983594479
2017-03-05 00:00:00+00:00,-34.925,-71.28305,212.0,open-meteo_ecmwf_ifs,daily,28.4135,11.863501,24.65,4.890583,3.6118128,42.644024,0.0,26.510715498347672,5.630956618111652
2017-03-06 00:00:00+00:00,-34.925,-71.28305,212.0,open-meteo_ecmwf_ifs,daily,30.4135,12.4635,26.15,3.590583,3.3146536,37.795254,0.0,26.33268180876873,5.9733576377352655
2017-03-07 00:00:00+00:00,-34.925,-71.28305,212.0,open-meteo_ecmwf_ifs,daily,31.3135,13.9135,22.82,2.9218338,1.9395747,31.045576,0.0,26.153240920648088,4.942951633839109
2017-03-08 00:00:00+00:00,-34.925,-71.28305,212.0,open-meteo_ecmwf_ifs,daily,26.3135,12.5635,17.14,5.0280833,1.8674941,46.421352,2.0,25.972447247665215,3.8488073422072318
2017-03-09 00:00:00+00:00,-34.925,-71.28305,212.0,open-meteo_ecmwf_ifs,daily,24.0135,11.613501,23.49,7.973917,1.7972974,56.64201,1.0,25.790356345367517,3.99574878567435
2017-03-10 00:00:00+00:00,-34.925,-71.28305,212.0,open-meteo_ecmwf_ifs,daily,25.5635,10.863501,25.36,4.801,4.0258827,47.745483,0.0,25.607024886642158,5.316401035122653
2017-03-11 00:00:00+00:00,-34.925,-71.28305,212.0,open-meteo_ecmwf_ifs,daily,24.8635,11.0635,24.59,6.682249,4.524522,52.79593,0.0,25.422510635113486,5.107612596698649
2017-03-12 00:00:00+00:00,-34.925,-71.28305,212.0,open-meteo_ecmwf_ifs,daily,30.4135,10.6635,25.38,2.6655838,5.3548903,37.624683,0.0,25.236872416500873,6.731142211484598
2017-03-13 00:00:00+00:00,-34.925,-71.28305,212.0,open-meteo_ecmwf_ifs,daily,29.6135,11.9135,22.54,10.084333,2.7562103,58.924038,0.0,25.050170087977033,4.614342633335162
2017-03-14 00:00:00+00:00,-34.925,-71.28305,212.0,open-meteo_ecmwf_ifs,daily,27.463501,14.4135,19.72,11.773919,2.2625225,62.342922,0.0,24.862464505572927,4.016806056442054
2017-03-15 00:00:00+00:00,-34.925,-71.28305,212.0,open-meteo_ecmwf_ifs,daily,28.0135,13.6635,23.31,11.613502,2.612571,64.70833,0.0,24.673817489680562,4.482889376383056
2017-03-16 00:00:00+00:00,-34.925,-71.28305,212.0,open-meteo_ecmwf_ifs,daily,28.963501,12.3135,20.31,7.321834,1.8868517,45.768322,0.0,24.484291788710195,4.102682742289288
2017-03-17 00:00:00+00:00,-34.925,-71.28305,212.0,open-meteo_ecmwf_ifs,daily,29.1135,12.7635,22.55,10.865584,1.6046634,59.266354,0.0,24.293951040963922,4.044349068647869
2017-03-18 00:00:00+00:00,-34.925,-71.28305,212.0,open-meteo_ecmwf_ifs,daily,30.0635,13.363501,22.76,11.330166,1.4906386,58.97371,0.0,24.102859734792137,4.087931148018928
2017-03-19 00:00:00+00:00,-34.925,-71.28305,212.0,open-meteo_ecmwf_ifs,daily,28.713501,15.2635,22.34,11.663502,2.0443943,56.009586,0.0,23.911083167104355,4.316674173141966
2017-03-20 00:00:00+00:00,-34.925,-71.28305,212.0,open-meteo_ecmwf_ifs,daily,28.213501,14.0135,21.98,9.586418,2.4905872,51.512928,0.0,23.718687400310245,4.452363312946924
2017-03-21 00:00:00+00:00,-34.925,-71.28305,212.0,open-meteo_ecmwf_ifs,daily,29.963501,14.6635,22.01,10.878085,1.8767481,52.770386,0.0,23.525739217770997,4.260629061666133
2017-03-22 00:00:00+00:00,-34.925,-71.28305,212.0,open-meteo_ecmwf_ifs,daily,28.963501,13.4635,21.83,12.084332,1.5497123,61.52077,0.0,23.332306077845146,3.853491493148087
2017-03-23 00:00:00+00:00,-34.925,-71.28305,212.0,open-meteo_ecmwf_ifs,daily,28.8635,13.9135,21.49,13.648917,1.4372371,69.10552,0.0,23.13845606661681,3.7200325012646798
2017-03-24 00:00:00+00:00,-34.925,-71.28305,212.0,open-meteo_ecmwf_ifs,daily,24.0635,15.6635,12.57,12.3635,2.3219275,68.45797,0.0,22.944257849397633,2.9589761495409856
2017-03-25 00:00:00+00:00,-34.925,-71.28305,212.0,open-meteo_ecmwf_ifs,daily,25.1635,14.9635,16.51,11.146834,2.191425,62.532932,0.0,22.749780621097024,3.429505181989167
2017-03-26 00:00:00+00:00,-34.925,-71.28305,212.0,open-meteo_ecmwf_ifs,daily,24.5135,13.3135,17.49,10.534334,1.2951385,62.213253,0.0,22.5550940555583,3.021987057807043
2017-03-27 00:00:00+00:00,-34.925,-71.28305,212.0,open-meteo_ecmwf_ifs,daily,26.4135,13.2135,20.54,10.867667,1.9681033,61.847855,0.0,22.36026825396073,3.6588001065451645
2017-03-28 00:00:00+00:00,-34.925,-71.28305,212.0,open-meteo_ecmwf_ifs,daily,26.9135,12.5135,20.79,8.209334,1.856606,49.446644,0.0,22.165373692390077,3.7446429098048006
2017-03-29 00:00:00+00:00,-34.925,-71.28305,212.0,open-meteo_ecmwf_ifs,daily,24.963501,12.863501,17.62,8.0385,1.7960935,53.412018,1.8000001,21.970481168682117,3.330094911003419
2017-03-30 00:00:00+00:00,-34.925,-71.28305,212.0,open-meteo_ecmwf_ifs,daily,24.6135,12.0635,20.43,9.14475,2.6830184,60.313538,0.0,21.775661748645387,3.719679407778065
2017-03-31 00:00:00+00:00,-34.925,-71.28305,212.0,open-meteo_ecmwf_ifs,daily,25.5135,12.1635,20.37,8.478085,1.800447,55.769012,0.0,21.580986711770898,3.487051760796201
2017-04-01 00:00:00+00:00,-34.925,-71.28305,212.0,open-meteo_ecmwf_ifs,daily,22.6135,11.9635,18.12,8.33225,2.1453207,58.176105,0.0,21.38652749653765,3.1966755723939446
2017-04-02 00:00:00+00:00,-34.925,-71.28305,212.0,open-meteo_ecmwf_ifs,daily,24.463501,9.3135,20.26,7.028085,2.282873,60.488316,0.0,21.192355645423493,3.414786982139816
2017-04-03 00:00:00+00:00,-34.925,-71.28305,212.0,open-meteo_ecmwf_ifs,daily,23.963501,11.4635,17.72,8.046834,3.3758829,59.80071,0.0,20.998542749731588,3.672441967990061
2017-04-04 00:00:00+00:00,-34.925,-71.28305,212.0,open-meteo_ecmwf_ifs,daily,23.713501,11.9635,16.71,9.859334,2.219593,65.17223,0.0,20.80516039434282,3.0344452120070957
2017-04-05 00:00:00+00:00,-34.925,-71.28305,212.0,open-meteo_ecmwf_ifs,daily,25.6135,10.9635,19.16,7.8635006,3.2088318,55.795258,0.0,20.61228010250435,3.8285133634419055
2017-04-06 00:00:00+00:00,-34.925,-71.28305,212.0,open-meteo_ecmwf_ifs,daily,22.0135,11.8135,12.23,9.265584,2.472599,61.35582,0.0,20.419973280764243,2.6419200060883514
2017-04-07 00:00:00+00:00,-34.925,-71.28305,212.0,open-meteo_ecmwf_ifs,daily,18.3635,11.5135,12.53,9.473917,2.1879258,72.70865,15.400001,20.228311164161315,2.1993311630840324
2017-04-08 00:00:00+00:00,-34.925,-71.28305,212.0,open-meteo_ecmwf_ifs,daily,19.463501,8.1635,17.55,7.7051673,1.7795373,70.29549,1.7000002,20.03736476177837,2.4360422641944997
2017-04-09 00:00:00+00:00,-34.925,-71.28305,212.0,open-meteo_ecmwf_ifs,daily,21.6135,8.613501,18.89,7.5530834,2.2511592,66.07625,0.0,19.84720480276574,2.8413573050400496
2017-04-10 00:00:00+00:00,-34.925,-71.28305,212.0,open-meteo_ecmwf_ifs,daily,25.713501,9.113501,18.81,8.5635,2.182655,65.08944,0.0,19.65790168294052,3.1044198550389552
2017-04-11 00:00:00+00:00,-34.925,-71.28305,212.0,open-meteo_ecmwf_ifs,daily,27.0635,9.5135,17.56,9.926002,1.5465156,68.01026,0.0,19.469525412064915,2.8042284447623826
2017-04-12 00:00:00+00:00,-34.925,-71.28305,212.0,open-meteo_ecmwf_ifs,daily,24.8135,10.7135,17.66,10.430166,2.0288794,69.37939,0.0,19.2821455619053,2.854797664362025
2017-04-13 00:00:00+00:00,-34.925,-71.28305,212.0,open-meteo_ecmwf_ifs,daily,23.4135,11.5135,16.43,11.259335,1.399223,77.06481,0.0,19.09583121517087,2.4652570288397104
2017-04-14 00:00:00+00:00,-34.925,-71.28305,212.0,open-meteo_ecmwf_ifs,daily,22.1635,10.2135,13.47,10.301002,1.3236599,71.66367,0.0,18.91065091542852,2.0985733861963336
2017-04-15 00:00:00+00:00,-34.925,-71.28305,212.0,open-meteo_ecmwf_ifs,daily,24.2635,11.2135,16.13,10.107251,1.9346215,69.316444,0.0,18.726672618087445,2.683842840184344
2017-04-16 00:00:00+00:00,-34.925,-71.28305,212.0,open-meteo_ecmwf_ifs,daily,24.0135,12.7635,13.26,10.948917,1.9957188,68.7678,0.0,18.54396364254405,2.521710908460498
2017-04-17 00:00:00+00:00,-34.925,-71.28305,212.0,open-meteo_ecmwf_ifs,daily,23.0135,11.363501,15.42,11.196835,1.5195731,76.548676,0.0,18.36259062557438,2.3228050010109076
2017-04-18 00:00:00+00:00,-34.925,-71.28305,212.0,open-meteo_ecmwf_ifs,daily,24.1135,12.5135,14.31,10.423918,1.7558303,65.1838,0.0,18.18261947605774,2.507104998539573
2017-04-19 00:00:00+00:00,-34.925,-71.28305,212.0,open-meteo_ecmwf_ifs,daily,21.5635,12.7135,7.0,12.528083,1.5821134,79.92417,5.3,18.004115331111496,1.5777728525853123
2017-04-20 00:00:00+00:00,-34.925,-71.28305,212.0,open-meteo_ecmwf_ifs,daily,16.2135,13.7635,1.69,13.059335,2.4236202,88.800804,20.4,17.82714251371304,0.8773247834252621
2017-04-21 00:00:00+00:00,-34.925,-71.28305,212.0,open-meteo_ecmwf_ifs,daily,21.963501,10.1635,16.38,10.99475,2.7667267,77.93032,0.1,17.651764491880872,2.4154727437970704
2017-04-22 00:00:00+00:00,-34.925,-71.28305,212.0,open-meteo_ecmwf_ifs,daily,21.2635,9.7135,16.62,7.161417,3.421406,61.71524,0.0,17.47804383948234,2.9224931820791555
2017-04-23 00:00:00+00:00,-34.925,-71.28305,212.0,open-meteo_ecmwf_ifs,daily,16.6635,8.9135,9.93,8.065585,2.5734756,75.14773,1.9000001,17.306042198731312,1.7225445969137447
2017-04-24 00:00:00+00:00,-34.925,-71.28305,212.0,open-meteo_ecmwf_ifs,daily,15.0635,6.1135,9.17,6.1635003,2.2085063,72.584984,0.4,17.135820244434118,1.4675148338611745
2017-04-25 00:00:00+00:00,-34.925,-71.28305,212.0,open-meteo_ecmwf_ifs,daily,17.0635,7.5635004,14.5,7.550999,2.015418,76.89741,6.1999993,16.967437650037677,1.8219877955532688
2017-04-26 00:00:00+00:00,-34.925,-71.28305,212.0,open-meteo_ecmwf_ifs,daily,18.5135,5.8135004,16.19,4.4093337,3.2875602,65.48064,0.0,16.800953055528662,2.433797742986256
2017-04-27 00:00:00+00:00,-34.925,-71.28305,212.0,open-meteo_ecmwf_ifs,daily,20.713501,7.0135,15.19,7.290584,2.7987223,74.28604,0.0,16.63642403722731,2.2668547218940116
2017-04-28 00:00:00+00:00,-34.925,-71.28305,212.0,open-meteo_ecmwf_ifs,daily,21.8635,10.0635,14.25,10.484334,3.3126867,78.728775,0.0,16.47390707951492,2.3353529381170124
2017-04-29 00:00:00+00:00,-34.925,-71.28305,212.0,open-meteo_ecmwf_ifs,daily,21.3635,10.9135,14.47,10.06975,2.7463648,75.672874,0.0,16.31345754852805,2.3071945419695368
2017-04-30 00:00:00+00:00,-34.925,-71.28305,212.0,open-meteo_ecmwf_ifs,daily,23.8635,9.5135,13.9,10.401,1.4990455,77.06405,0.0,16.155129667847792,1.9838663119678774
2017-05-01 00:00:00+00:00,-34.925,-71.28305,212.0,open-meteo_ecmwf_ifs,daily,20.6635,10.363501,10.94,10.998918,2.141505,82.42158,0.0,15.998976496206643,1.7445801470733266
2017-05-02 00:00:00+00:00,-34.925,-71.28305,212.0,open-meteo_ecmwf_ifs,daily,19.5635,8.9635,11.25,9.923917,1.7263428,81.41631,0.6,15.845049907230024,1.5875141223323725
2017-05-03 00:00:00+00:00,-34.925,-71.28305,212.0,open-meteo_ecmwf_ifs,daily,19.963501,10.113501,13.62,9.571834,2.9710188,79.82316,0.0,15.69340057122418,2.0968669859349602
2017-05-04 00:00:00+00:00,-34.925,-71.28305,212.0,open-meteo_ecmwf_ifs,daily,20.5135,8.5135,12.05,8.1885,1.5293761,74.28404,0.0,15.544077939016184,1.7125235421151241
2017-05-05 00:00:00+00:00,-34.925,-71.28305,212.0,open-meteo_ecmwf_ifs,daily,20.9135,8.9135,13.55,9.259334,1.260801,74.10589,0.0,15.397130227846512,1.6765298810459728
2017-05-06 00:00:00+00:00,-34.925,-71.28305,212.0,open-meteo_ecmwf_ifs,daily,17.8635,9.9635,9.0,9.655168,3.4028876,80.60172,0.0,15.25260440930863,1.6799004793184094
2017-05-07 00:00:00+00:00,-34.925,-71.28305,212.0,open-meteo_ecmwf_ifs,daily,15.3135,12.113501,3.09,10.582252,3.085757,81.822495,28.399998,15.110546199324459,1.1711617722588668
2017-05-08 00:00:00+00:00,-34.925,-71.28305,212.0,open-meteo_ecmwf_ifs,daily,19.9135,9.1635,13.19,10.567667,1.60709,81.80253,3.7999997,14.971000050138988,1.5679889947372618
2017-05-09 00:00:00+00:00,-34.925,-71.28305,212.0,open-meteo_ecmwf_ifs,daily,19.8635,9.6635,11.78,10.619751,1.4732698,80.05337,0.0,14.834009144311347,1.4886932799856452
2017-05-10 00:00:00+00:00,-34.925,-71.28305,212.0,open-meteo_ecmwf_ifs,daily,18.0635,11.1635,7.73,10.640584,2.6349578,81.352684,0.0,14.699615390674177,1.4698135796643548
2017-05-11 00:00:00+00:00,-34.925,-71.28305,212.0,open-meteo_ecmwf_ifs,daily,16.1635,12.7635,4.92,10.105167,3.8272028,79.04926,12.1,14.567859422227428,1.6005615361785006
2017-05-12 00:00:00+00:00,-34.925,-71.28305,212.0,open-meteo_ecmwf_ifs,daily,19.1635,10.1635,9.47,9.617667,2.2678897,76.093094,4.7,14.438780595927073,1.5941202899505649
2017-05-13 00:00:00+00:00,-34.925,-71.28305,212.0,open-meteo_ecmwf_ifs,daily,20.4135,11.4135,7.47,11.642669,2.6599922,80.86819,0.7,14.312416994323748,1.5451211023199736
2017-05-14 00:00:00+00:00,-34.925,-71.28305,212.0,open-meteo_ecmwf_ifs,daily,18.0135,12.613501,7.38,11.676,2.608683,84.79516,11.200001,14.188805429000956,1.4026930717943151
2017-05-15 00:00:00+00:00,-34.925,-71.28305,212.0,open-meteo_ecmwf_ifs,daily,15.9135,8.2635,10.31,9.159334,2.2004206,88.98923,0.0,14.067981445756963,1.215021719061098
2017-05-16 00:00:00+00:00,-34.925,-71.28305,212.0,open-meteo_ecmwf_ifs,daily,15.7135,7.1135,7.57,8.496833,2.1931252,82.990654,0.0,13.949979331469393,1.083801341912336
2017-05-17 00:00:00+00:00,-34.925,-71.28305,212.0,open-meteo_ecmwf_ifs,daily,15.1635,9.7135,4.82,7.5635,2.654582,74.22979,15.3,13.834832122576508,1.3623773491415152
2017-05-18 00:00:00+00:00,-34.925,-71.28305,212.0,open-meteo_ecmwf_ifs,daily,11.863501,7.3635,6.36,7.123917,1.7927284,84.27409,21.400003,13.722571615104043,0.8880520835637431
2017-05-19 00:00:00+00:00,-34.925,-71.28305,212.0,open-meteo_ecmwf_ifs,daily,12.863501,4.2635,11.76,5.8676667,2.0139236,86.96646,0.1,13.613228376161947,1.0229189449209708
2017-05-20 00:00:00+00:00,-34.925,-71.28305,212.0,open-meteo_ecmwf_ifs,daily,14.1635,4.0135,11.45,5.042667,1.824027,85.647606,0.0,13.506831756830527,1.1245367035624005
2017-05-21 00:00:00+00:00,-34.925,-71.28305,212.0,open-meteo_ecmwf_ifs,daily,16.3635,4.7135,8.81,5.7155833,1.2484075,77.89969,0.0,13.4034099063514,1.0630844686972656
2017-05-22 00:00:00+00:00,-34.925,-71.28305,212.0,open-meteo_ecmwf_ifs,daily,11.9135,7.7635,6.08,6.5468335,2.8829215,81.33991,1.6,13.302989787534452,1.0701228748077194
2017-05-23 00:00:00+00:00,-34.925,-71.28305,212.0,open-meteo_ecmwf_ifs,daily,13.2135,4.6635003,9.15,5.98225,1.3823196,83.38173,0.0,13.205597193288085,0.9034894639529294
2017-05-24 00:00:00+00:00,-34.925,-71.28305,212.0,open-meteo_ecmwf_ifs,daily,13.1635,4.4135003,7.3,6.3697495,1.3137442,89.4346,0.0,13.111256764176558,0.8048356293939332
2017-05-25 00:00:00+00:00,-34.925,-71.28305,212.0,open-meteo_ecmwf_ifs,daily,15.613501,6.6635003,10.29,7.3947506,1.6504722,83.02549,0.6,13.019992006904898,1.086290569902268
2017-05-26 00:00:00+00:00,-34.925,-71.28305,212.0,open-meteo_ecmwf_ifs,daily,14.613501,5.3135004,11.12,6.076,2.169546,85.679344,0.0,12.931825313628998,1.1320878440566116
2017-05-27 00:00:00+00:00,-34.925,-71.28305,212.0,open-meteo_ecmwf_ifs,daily,16.8135,4.7135,11.47,6.101,1.2799762,83.3274,0.0,12.846777981985674,1.0636244997520954
2017-05-28 00:00:00+00:00,-34.925,-71.28305,212.0,open-meteo_ecmwf_ifs,daily,15.4635,4.3635,9.63,6.5468335,1.2006732,84.59045,0.0,12.764870235735605,0.90799264033401
2017-05-29 00:00:00+00:00,-34.925,-71.28305,212.0,open-meteo_ecmwf_ifs,daily,15.0635,5.0635004,9.66,6.0530834,1.5939006,87.196526,0.0,12.686121245909836,1.008701564508361
2017-05-30 00:00:00+00:00,-34.925,-71.28305,212.0,open-meteo_ecmwf_ifs,daily,14.6635,3.3135,10.52,5.701,1.4089689,88.2618,0.2,12.610549152349344,0.8980182306169415
2017-05-31 00:00:00+00:00,-34.925,-71.28305,212.0,open-meteo_ecmwf_ifs,daily,13.6635,4.8635,10.12,5.573917,1.9661942,87.149956,0.0,12.538171085525972,1.000178310751267
2017-06-01 00:00:00+00:00,-34.925,-71.28305,212.0,open-meteo_ecmwf_ifs,daily,14.9135,3.7635,6.34,7.4343333,2.3468814,90.79124,0.0,12.469003188532643,0.775562814773625
2017-06-02 00:00:00+00:00,-34.925,-71.28305,212.0,open-meteo_ecmwf_ifs,daily,10.0135,6.8135004,2.44,6.1593337,2.010637,86.785706,0.0,12.403060639130372,0.7090367775047437
2017-06-03 00:00:00+00:00,-34.925,-71.28305,212.0,open-meteo_ecmwf_ifs,daily,15.1635,3.1635,9.08,4.8905845,1.1108022,78.97895,1.0,12.340357671740199,0.8618571262386034
2017-06-04 00:00:00+00:00,-34.925,-71.28305,212.0,open-meteo_ecmwf_ifs,daily,13.9635,3.5635,9.31,5.41975,2.5184324,80.42811,0.0,12.280907599268806,0.9771538942208043
2017-06-05 00:00:00+00:00,-34.925,-71.28305,212.0,open-meteo_ecmwf_ifs,daily,10.4635,2.8634999,10.61,2.8218334,2.7858362,80.97308,0.0,12.224722834657896,0.9877695735215494
2017-06-06 00:00:00+00:00,-34.925,-71.28305,212.0,open-meteo_ecmwf_ifs,daily,11.7635,1.8134999,10.01,2.0030832,2.0784936,83.91358,0.0,12.17181491204934,0.978681509791935
2017-06-07 00:00:00+00:00,-34.925,-71.28305,212.0,open-meteo_ecmwf_ifs,daily,9.4635,2.7635,2.88,4.6968336,2.671464,91.266975,20.9,12.12219450746018,0.5772131013979245
2017-06-08 00:00:00+00:00,-34.925,-71.28305,212.0,open-meteo_ecmwf_ifs,daily,9.863501,2.1135,5.6,3.930167,1.9837967,82.72719,2.8,12.075871458864572,0.6522074184500195
2017-06-09 00:00:00+00:00,-34.925,-71.28305,212.0,open-meteo_ecmwf_ifs,daily,14.5635,2.0635,11.1,4.380167,2.553527,81.90452,0.0,12.032854785582751,1.0186906604762462
2017-06-10 00:00:00+00:00,-34.925,-71.28305,212.0,open-meteo_ecmwf_ifs,daily,16.0135,6.3135004,10.09,7.6447506,3.5691807,87.961784,0.0,11.993152706881254,1.2014261417384116
2017-06-11 00:00:00+00:00,-34.925,-71.28305,212.0,open-meteo_ecmwf_ifs,daily,12.863501,5.8635,10.28,6.4364166,3.3015316,84.22189,0.0,11.956772659692389,0.9993287333767603
2017-06-12 00:00:00+00:00,-34.925,-71.28305,212.0,open-meteo_ecmwf_ifs,daily,12.113501,3.8135,8.0,4.6155834,1.7208971,85.60601,0.0,11.92372131536599,0.8133608179463827
2017-06-13 00:00:00+00:00,-34.925,-71.28305,212.0,open-meteo_ecmwf_ifs,daily,12.7135,3.9135,5.06,6.2551665,1.2576098,91.21804,0.0,11.894004595371545,0.6460449403981763
2017-06-14 00:00:00+00:00,-34.925,-71.28305,212.0,open-meteo_ecmwf_ifs,daily,13.5135,5.9135003,4.16,7.8010006,1.7932354,91.658714,0.0,11.867627685874169,0.6893231980909086
2017-06-15 00:00:00+00:00,-34.925,-71.28305,212.0,open-meteo_ecmwf_ifs,daily,17.0135,5.4635,9.79,7.109333,3.4045227,83.88629,0.0,11.844595051114016,1.2636206986128975
2017-06-16 00:00:00+00:00,-34.925,-71.28305,212.0,open-meteo_ecmwf_ifs,daily,16.713501,10.3135,4.54,9.240584,5.8146787,80.29175,45.899998,11.82491044552508,1.6812499831541874
2017-06-17 00:00:00+00:00,-34.925,-71.28305,212.0,open-meteo_ecmwf_ifs,daily,11.9635,3.7635,8.78,5.584335,2.2806375,82.21018,4.7,11.808576924535723,0.7547732456135918
2017-06-18 00:00:00+00:00,-34.925,-71.28305,212.0,open-meteo_ecmwf_ifs,daily,9.863501,1.2135,11.31,1.5051666,3.1362665,79.94895,0.0,11.79559685400055,0.9623509674321941
2017-06-19 00:00:00+00:00,-34.925,-71.28305,212.0,open-meteo_ecmwf_ifs,daily,8.863501,0.46350002,5.38,1.2968334,1.8540931,84.21226,0.1,11.785971918220302,0.7138555461194297
2017-06-20 00:00:00+00:00,-34.925,-71.28305,212.0,open-meteo_ecmwf_ifs,daily,9.0135,4.2635,2.04,2.8760002,1.4537774,80.20535,0.0,11.779703126513855,0.7381207963704344
2017-06-21 00:00:00+00:00,-34.925,-71.28305,212.0,open-meteo_ecmwf_ifs,daily,13.1635,5.2635,3.69,5.9676666,3.6797087,83.21944,4.0,11.776790818314288,1.0194244690815173
2017-06-22 00:00:00+00:00,-34.925,-71.28305,212.0,open-meteo_ecmwf_ifs,daily,11.9635,10.2635,1.05,9.880168,4.157744,90.95993,57.7,11.777234666768438,0.6524171723683495
2017-06-23 00:00:00+00:00,-34.925,-71.28305,212.0,open-meteo_ecmwf_ifs,daily,15.9135,9.7635,5.18,9.667666,1.1295183,87.7584,19.800001,11.78103368082765,0.8148451445680274
2017-06-24 00:00:00+00:00,-34.925,-71.28305,212.0,open-meteo_ecmwf_ifs,daily,15.0635,9.2635,4.46,9.630168,3.2653449,87.73556,1.0,11.788186205825019,0.9595861527123443
2017-06-25 00:00:00+00:00,-34.925,-71.28305,212.0,open-meteo_ecmwf_ifs,daily,13.2135,11.0635,0.84,9.934335,2.6244004,87.39337,64.6,11.798689922542676,0.7949917680983064
2017-06-26 00:00:00+00:00,-34.925,-71.28305,212.0,open-meteo_ecmwf_ifs,daily,15.0135,11.0135,4.28,9.711417,2.9250975,84.60992,35.299995,11.812541844780425,1.0864617313451783
2017-06-27 00:00:00+00:00,-34.925,-71.28305,212.0,open-meteo_ecmwf_ifs,daily,16.963501,8.5635,8.97,8.876,1.3468682,82.962845,8.999999,11.829738315444953,0.9537778991037806
2017-06-28 00:00:00+00:00,-34.925,-71.28305,212.0,open-meteo_ecmwf_ifs,daily,14.2135,5.4635,8.96,7.676,1.6540917,90.30857,0.0,11.850275001186684,0.7670254709483912
2017-06-29 00:00:00+00:00,-34.925,-71.28305,212.0,open-meteo_ecmwf_ifs,daily,14.3135,4.7135,8.34,7.1135006,1.777192,91.046936,0.0,11.874146885618686,0.7827742745374001
2017-06-30 00:00:00+00:00,-34.925,-71.28305,212.0,open-meteo_ecmwf_ifs,daily,17.8635,6.6635003,10.64,8.703084,2.5956259,85.63525,0.0,11.901348261159628,1.134758715577659
2017-07-01 00:00:00+00:00,-34.925,-71.28305,212.0,open-meteo_ecmwf_ifs,daily,17.6635,6.8635,9.66,9.28225,1.515962,85.997375,0.0,11.931872719549794,0.9211197932587759
2017-07-02 00:00:00+00:00,-34.925,-71.28305,212.0,open-meteo_ecmwf_ifs,daily,16.2635,7.0635004,9.36,8.5885,1.7991115,88.604805,0.0,11.965713141095994,0.9431721431617023
2017-07-03 00:00:00+00:00,-34.925,-71.28305,212.0,open-meteo_ecmwf_ifs,daily,13.7135,7.3135004,3.86,9.126,2.2665489,91.357704,0.1,12.00286168270778,0.6649866052897526
2017-07-04 00:00:00+00:00,-34.925,-71.28305,212.0,open-meteo_ecmwf_ifs,daily,11.4135,7.9635,3.28,8.217667,2.9984424,91.762024,17.7,12.043309764793491,0.6769251263510923
2017-07-05 00:00:00+00:00,-34.925,-71.28305,212.0,open-meteo_ecmwf_ifs,daily,9.0635,1.8134999,3.21,4.698917,1.2100164,91.41561,0.1,12.087048057090469,0.4742491649662975
2017-07-06 00:00:00+00:00,-34.925,-71.28305,212.0,open-meteo_ecmwf_ifs,daily,15.5135,2.2135,10.98,5.017667,1.2703112,83.20788,0.1,12.13406646350914,0.8540050985022298
2017-07-07 00:00:00+00:00,-34.925,-71.28305,212.0,open-meteo_ecmwf_ifs,daily,16.963501,6.0635004,9.86,7.609333,1.1619117,83.32398,4.9,12.184354106075586,0.9260298016688956
2017-07-08 00:00:00+00:00,-34.925,-71.28305,212.0,open-meteo_ecmwf_ifs,daily,14.9135,5.8635,6.0,7.590584,1.2175533,84.97242,1.3,12.237899308061886,0.7809546015127004
2017-07-09 00:00:00+00:00,-34.925,-71.28305,212.0,open-meteo_ecmwf_ifs,daily,13.613501,7.4635,4.84,8.688501,2.0720472,92.91973,0.0,12.294689576397184,0.7501369214059974
2017-07-10 00:00:00+00:00,-34.925,-71.28305,212.0,open-meteo_ecmwf_ifs,daily,11.5635,2.3635,10.8,2.3176668,3.4517365,75.696175,0.0,12.354711583456544,1.1916715323454181
2017-07-11 00:00:00+00:00,-34.925,-71.28305,212.0,open-meteo_ecmwf_ifs,daily,14.863501,2.1135,10.16,4.1593337,1.588494,85.19926,0.0,12.417951148327166,0.9491251799761481
2017-07-12 00:00:00+00:00,-34.925,-71.28305,212.0,open-meteo_ecmwf_ifs,daily,14.5135,4.7135,7.3,5.955168,3.0701034,86.780754,0.0,12.484393217654542,1.107713777880471
2017-07-13 00:00:00+00:00,-34.925,-71.28305,212.0,open-meteo_ecmwf_ifs,daily,12.3135,8.4635,3.95,8.871835,3.4957263,90.358574,15.8,12.554021846173084,0.7469183616502021
2017-07-14 00:00:00+00:00,-34.925,-71.28305,212.0,open-meteo_ecmwf_ifs,daily,12.7635,3.1635,10.48,5.092667,2.518181,81.30253,0.0,12.626820177027291,0.9374391676469753
2017-07-15 00:00:00+00:00,-34.925,-71.28305,212.0,open-meteo_ecmwf_ifs,daily,9.113501,2.1635,7.46,3.2843335,3.3049374,87.928215,23.999996,12.702770421990811,0.8012287238949805
2017-07-16 00:00:00+00:00,-34.925,-71.28305,212.0,open-meteo_ecmwf_ifs,daily,7.0135,0.8635,10.88,1.0655831,2.3602457,88.042725,0.7,12.781853841691369,0.7999061824761665
2017-07-17 00:00:00+00:00,-34.925,-71.28305,212.0,open-meteo_ecmwf_ifs,daily,8.4635,-4.8865,11.79,-1.9802498,2.0773485,82.88196,0.0,12.864050725949522,0.7953636049856044
2017-07-18 00:00:00+00:00,-34.925,-71.28305,212.0,open-meteo_ecmwf_ifs,daily,11.0135,0.56350005,9.55,2.0155833,2.203512,88.326,0.0,12.949340374339327,0.9348051618774971
2017-07-19 00:00:00+00:00,-34.925,-71.28305,212.0,open-meteo_ecmwf_ifs,daily,12.113501,1.6635001,10.65,3.2072506,2.351308,86.86094,0.0,13.037701077077958,1.0069822863027567
2017-07-20 00:00:00+00:00,-34.925,-71.28305,212.0,open-meteo_ecmwf_ifs,daily,16.1635,5.9635,11.17,7.682251,3.0812197,86.65096,0.0,13.129110096350264,1.2518317484349315
2017-07-21 00:00:00+00:00,-34.925,-71.28305,212.0,open-meteo_ecmwf_ifs,daily,17.463501,7.0135,11.36,9.284334,1.7509271,88.37973,0.0,13.223543648172917,1.1304331722640941
2017-07-22 00:00:00+00:00,-34.925,-71.28305,212.0,open-meteo_ecmwf_ifs,daily,13.0635,9.4135,3.96,9.386418,2.8289888,89.79007,0.4,13.32097688490064,0.8302477761797927
2017-07-23 00:00:00+00:00,-34.925,-71.28305,212.0,open-meteo_ecmwf_ifs,daily,12.7635,8.9635,2.84,8.744752,2.243932,89.090294,7.6,13.421383878474778,0.7977920385268348
2017-07-24 00:00:00+00:00,-34.925,-71.28305,212.0,open-meteo_ecmwf_ifs,daily,13.1635,4.1635003,11.68,6.848917,3.018542,87.08746,1.5,13.524737604512032,0.9557308894379624
2017-07-25 00:00:00+00:00,-34.925,-71.28305,212.0,open-meteo_ecmwf_ifs,daily,12.363501,2.0135,12.42,3.5155833,2.474024,80.47848,0.0,13.631009927327966,1.1165733388131796
2017-07-26 00:00:00+00:00,-34.925,-71.28305,212.0,open-meteo_ecmwf_ifs,daily,13.2135,1.4135001,11.81,3.265583,2.2697303,83.2791,0.0,13.740171585986767,1.1348466759536255
2017-07-27 00:00:00+00:00,-34.925,-71.28305,212.0,open-meteo_ecmwf_ifs,daily,13.7635,4.2635,8.95,5.0593333,1.7151235,81.63026,0.0,13.852192181465297,1.0705241336632076
2017-07-28 00:00:00+00:00,-34.925,-71.28305,212.0,open-meteo_ecmwf_ifs,daily,15.2135,3.3135,10.21,5.4239173,2.0050447,80.63596,0.0,13.967040165015499,1.1509737131432953
2017-07-29 00:00:00+00:00,-34.925,-71.28305,212.0,open-meteo_ecmwf_ifs,daily,9.5635,4.5135,7.87,3.9426672,3.5471535,80.17947,0.0,14.084682827805308,1.0615062654156215
2017-07-30 00:00:00+00:00,-34.925,-71.28305,212.0,open-meteo_ecmwf_ifs,daily,13.0635,0.41350004,11.98,3.117667,1.7885543,83.44158,0.0,14.205086291914002,1.0650198700159372
2017-07-31 00:00:00+00:00,-34.925,-71.28305,212.0,open-meteo_ecmwf_ifs,daily,13.9635,4.3635,9.05,5.115584,1.5294056,86.08401,0.0,14.328215502753443,1.0940131865777303
2017-08-01 00:00:00+00:00,-34.925,-71.28305,212.0,open-meteo_ecmwf_ifs,daily,12.0635,4.6135,5.54,5.709333,1.7503351,87.32986,0.4,14.454034222982079,0.869062502243473
2017-08-02 00:00:00+00:00,-34.925,-71.28305,212.0,open-meteo_ecmwf_ifs,daily,12.0135,3.0635,9.78,5.16975,1.8531343,90.59305,0.0,14.582505027973776,0.9647004471575563
2017-08-03 00:00:00+00:00,-34.925,-71.28305,212.0,open-meteo_ecmwf_ifs,daily,14.4635,4.2135,10.43,6.1635,1.9213251,86.52285,0.0,14.713589302898866,1.1482245512833789
2017-08-04 00:00:00+00:00,-34.925,-71.28305,212.0,open-meteo_ecmwf_ifs,daily,14.9135,5.7135,10.14,6.8926663,1.3856956,88.53393,0.0,14.847247241469365,1.1515419038762573
2017-08-05 00:00:00+00:00,-34.925,-71.28305,212.0,open-meteo_ecmwf_ifs,daily,11.4135,6.9635,5.19,6.8468347,2.5134099,88.01188,3.6999998,14.983437846395793,0.9233142616843385
2017-08-06 00:00:00+00:00,-34.925,-71.28305,212.0,open-meteo_ecmwf_ifs,daily,16.7635,5.7135,11.0,7.803084,1.2616913,84.07187,1.0,15.1221189315974,1.2327119385845766
2017-08-07 00:00:00+00:00,-34.925,-71.28305,212.0,open-meteo_ecmwf_ifs,daily,12.6635,8.1135,3.48,8.269752,2.154661,89.35781,3.3,15.263247126202419,0.8462738033052569
2017-08-08 00:00:00+00:00,-34.925,-71.28305,212.0,open-meteo_ecmwf_ifs,daily,18.2635,4.8135004,11.98,7.603084,1.1747946,80.949684,1.5999999,15.406777880370004,1.3286888967755852
2017-08-09 00:00:00+00:00,-34.925,-71.28305,212.0,open-meteo_ecmwf_ifs,daily,12.4135,9.7635,2.81,7.9635005,3.038719,82.79609,23.1,15.552665472959733,1.0754184350707683
2017-08-10 00:00:00+00:00,-34.925,-71.28305,212.0,open-meteo_ecmwf_ifs,daily,13.7135,7.8635,7.26,6.4572506,3.9525955,77.758965,17.7,15.700863021069486,1.5469324991705866
2017-08-11 00:00:00+00:00,-34.925,-71.28305,212.0,open-meteo_ecmwf_ifs,daily,10.5635,6.3635,5.16,7.209334,1.8119426,88.880974,15.400002,15.851322491457173,0.7643700436149323
2017-08-12 00:00:00+00:00,-34.925,-71.28305,212.0,open-meteo_ecmwf_ifs,daily,13.0635,3.2135,12.46,5.807251,1.1323308,86.40444,3.7999997,16.00399471385618,1.1605869239564586
2017-08-13 00:00:00+00:00,-34.925,-71.28305,212.0,open-meteo_ecmwf_ifs,daily,9.5635,6.8635,1.88,4.8489165,3.1194942,82.7096,11.9,16.158829396189304,1.0000567766694402
2017-08-14 00:00:00+00:00,-34.925,-71.28305,212.0,open-meteo_ecmwf_ifs,daily,14.4135,6.1135,10.03,5.6739163,2.0213363,76.30027,0.1,16.315775141680714,1.4334643056493324
2017-08-15 00:00:00+00:00,-34.925,-71.28305,212.0,open-meteo_ecmwf_ifs,daily,14.9635,5.1135,13.1,6.0114174,3.4086149,83.68001,0.0,16.474779467859655,1.6543318199348456
2017-08-16 00:00:00+00:00,-34.925,-71.28305,212.0,open-meteo_ecmwf_ifs,daily,14.5135,3.3135,14.56,4.509334,2.6375499,81.115364,0.0,16.635788827445218,1.627371278828766
2017-08-17 00:00:00+00:00,-34.925,-71.28305,212.0,open-meteo_ecmwf_ifs,daily,17.1635,5.5635004,13.68,6.261417,1.8415369,81.64672,0.0,16.798748631095584,1.707725063258161
2017-08-18 00:00:00+00:00,-34.925,-71.28305,212.0,open-meteo_ecmwf_ifs,daily,10.5135,7.7135,1.18,8.376,1.9317098,94.486885,16.800001,16.963603272000416,0.5398893428059047
2017-08-19 00:00:00+00:00,-34.925,-71.28305,212.0,open-meteo_ecmwf_ifs,daily,14.363501,7.1635003,10.53,6.7759995,1.759916,82.215385,2.2,17.130296152290143,1.4381903672336303
2017-08-20 00:00:00+00:00,-34.925,-71.28305,212.0,open-meteo_ecmwf_ifs,daily,14.7635,2.8135,15.47,4.811416,2.8166227,81.91842,0.0,17.29876971123042,1.674627742101745
2017-08-21 00:00:00+00:00,-34.925,-71.28305,212.0,open-meteo_ecmwf_ifs,daily,19.3135,3.7135,15.45,5.83225,1.6937275,78.51519,0.0,17.46896545516595,1.8755858152046816
2017-08-22 00:00:00+00:00,-34.925,-71.28305,212.0,open-meteo_ecmwf_ifs,daily,12.0135,5.8135004,5.05,6.7885,3.9310763,86.94727,4.3999996,17.64082398917243,1.007939283549837
2017-08-23 00:00:00+00:00,-34.925,-71.28305,212.0,open-meteo_ecmwf_ifs,daily,12.613501,5.2135,5.79,5.9635005,1.9876385,84.87957,17.499998,17.81428505037114,1.0655504938082185
2017-08-24 00:00:00+00:00,-34.925,-71.28305,212.0,open-meteo_ecmwf_ifs,daily,13.613501,7.1635003,9.65,6.4447503,2.3379943,80.1368,0.0,17.989287542856157,1.4853556179526959
2017-08-25 00:00:00+00:00,-34.925,-71.28305,212.0,open-meteo_ecmwf_ifs,daily,13.0135,6.6635003,6.57,5.8676667,1.9772805,79.524864,7.4,18.165769574179475,1.2628474889858547
2017-08-26 00:00:00+00:00,-34.925,-71.28305,212.0,open-meteo_ecmwf_ifs,daily,13.0635,5.7135,4.4,7.4905834,1.4421526,88.116264,0.1,18.343668493335556,0.8696049174510172
2017-08-27 00:00:00+00:00,-34.925,-71.28305,212.0,open-meteo_ecmwf_ifs,daily,14.113501,6.8135004,8.97,6.890585,2.7475529,82.61295,0.5,18.522920930182455,1.4696711980641401
2017-08-28 00:00:00+00:00,-34.925,-71.28305,212.0,open-meteo_ecmwf_ifs,daily,10.5635,8.3135,2.33,7.1114173,1.3554202,86.98385,26.800001,18.703462836232504,0.7846633919322513
2017-08-29 00:00:00+00:00,-34.925,-71.28305,212.0,open-meteo_ecmwf_ifs,daily,13.863501,3.9635,17.82,4.4926677,2.1190293,79.65514,3.0000002,18.885229526742453,1.9082557114044492
2017-08-30 00:00:00+00:00,-34.925,-71.28305,212.0,open-meteo_ecmwf_ifs,daily,15.7635,0.46350002,18.33,2.8551667,2.3451872,72.37465,0.0,19.068155724028465,1.9834479478140912
2017-08-31 00:00:00+00:00,-34.925,-71.28305,212.0,open-meteo_ecmwf_ifs,daily,18.1135,3.0135,16.95,5.738499,1.5152787,79.72791,0.0,19.252175601928748,1.9656518331552055
2017-09-01 00:00:00+00:00,-34.925,-71.28305,212.0,open-meteo_ecmwf_ifs,daily,12.7135,6.6135,4.83,7.505167,3.0867975,86.83488,6.7,19.437222831332917,1.0320030045052944
2017-09-02 00:00:00+00:00,-34.925,-71.28305,212.0,open-meteo_ecmwf_ifs,daily,14.7635,8.2135,12.83,7.782251,2.3091938,80.749535,9.2,19.623230626694067,1.7826864015638841
2017-09-03 00:00:00+00:00,-34.925,-71.28305,212.0,open-meteo_ecmwf_ifs,daily,14.0635,3.7635,17.74,4.3364167,2.745409,72.29209,0.0,19.81013179343722,2.037002701698079
2017-09-04 00:00:00+00:00,-34.925,-71.28305,212.0,open-meteo_ecmwf_ifs,daily,15.7635,4.1135,18.3,4.9905834,2.773987,79.140144,0.0,19.99785877617456,2.2052861554217937
2017-09-05 00:00:00+00:00,-34.925,-71.28305,212.0,open-meteo_ecmwf_ifs,daily,13.2635,4.6635003,11.93,4.6176662,2.1332102,75.19953,0.0,20.18634370763596,1.6575422642341557
2017-09-06 00:00:00+00:00,-34.925,-71.28305,212.0,open-meteo_ecmwf_ifs,daily,16.4135,2.1635,18.82,4.6239166,2.329331,74.809364,0.0,20.375518458220917,2.140405808799171
2017-09-07 00:00:00+00:00,-34.925,-71.28305,212.0,open-meteo_ecmwf_ifs,daily,16.5135,2.9135,17.49,5.563501,1.8785444,80.19421,0.0,20.56531468607597,2.024812575544459
2017-09-08 00:00:00+00:00,-34.925,-71.28305,212.0,open-meteo_ecmwf_ifs,daily,12.6635,6.5135,8.33,5.2989173,1.9848833,76.371284,0.5,20.75566388760044,1.471026151486475
2017-09-09 00:00:00+00:00,-34.925,-71.28305,212.0,open-meteo_ecmwf_ifs,daily,12.613501,4.5135,8.38,4.7447505,2.216868,76.687355,0.2,20.946497448281242,1.405160129173516
2017-09-10 00:00:00+00:00,-34.925,-71.28305,212.0,open-meteo_ecmwf_ifs,daily,12.9135,5.1635003,9.93,6.6322503,1.8184484,87.112976,13.099999,21.137746693756917,1.3553506757840703
2017-09-11 00:00:00+00:00,-34.925,-71.28305,212.0,open-meteo_ecmwf_ifs,daily,14.113501,4.5635004,8.97,6.165583,2.5709498,86.17081,0.6,21.329342941009887,1.4391582661615767
2017-09-12 00:00:00+00:00,-34.925,-71.28305,212.0,open-meteo_ecmwf_ifs,daily,18.4135,3.9635,19.13,7.053084,1.5709896,79.4221,0.0,21.521217549585,2.291203275774543
2017-09-13 00:00:00+00:00,-34.925,-71.28305,212.0,open-meteo_ecmwf_ifs,daily,15.4635,8.5135,7.68,8.723918,1.5790638,84.94085,0.5,21.71330197273277,1.4115225660766022
2017-09-14 00:00:00+00:00,-34.925,-71.28305,212.0,open-meteo_ecmwf_ifs,daily,13.8135,7.6135,11.41,7.0822506,2.1696136,80.84914,0.1,21.905527808374632,1.7246140461218322
2017-09-15 00:00:00+00:00,-34.925,-71.28305,212.0,open-meteo_ecmwf_ifs,daily,16.4135,1.1135001,20.38,2.9718332,3.4354305,72.0859,0.0,22.097826849788717,2.5125614810431642
2017-09-16 00:00:00+00:00,-34.925,-71.28305,212.0,open-meteo_ecmwf_ifs,daily,22.5135,6.1635003,20.29,8.663502,2.2242587,79.49491,0.0,22.290131135914283,2.898306655230462
2017-09-17 00:00:00+00:00,-34.925,-71.28305,212.0,open-meteo_ecmwf_ifs,daily,22.3635,5.5135,20.7,10.161418,1.3800354,80.36401,0.0,22.482373001174018,2.6794165045029392
2017-09-18 00:00:00+00:00,-34.925,-71.28305,212.0,open-meteo_ecmwf_ifs,daily,17.463501,10.9135,13.67,11.49475,1.7996196,88.308044,0.0,22.674485124714643,2.0204530767675073
2017-09-19 00:00:00+00:00,-34.925,-71.28305,212.0,open-meteo_ecmwf_ifs,daily,16.2635,10.4135,12.27,7.686418,3.6024568,74.55201,0.3,22.86640057896695,2.452202732664394
2017-09-20 00:00:00+00:00,-34.925,-71.28305,212.0,open-meteo_ecmwf_ifs,daily,18.0135,9.4635,21.15,8.271834,2.965644,74.50802,0.0,23.058052877428622,3.0329414297950534
2017-09-21 00:00:00+00:00,-34.925,-71.28305,212.0,open-meteo_ecmwf_ifs,daily,17.2635,6.8635,17.7,6.817667,2.8290358,74.94712,0.0,23.249376021574676,2.587705273971844
2017-09-22 00:00:00+00:00,-34.925,-71.28305,212.0,open-meteo_ecmwf_ifs,daily,20.4135,7.5635004,19.83,8.373918,3.753412,77.24464,0.0,23.44030454680238,3.08925366299238
2017-09-23 00:00:00+00:00,-34.925,-71.28305,212.0,open-meteo_ecmwf_ifs,daily,22.1635,9.5635,19.07,10.061418,2.242555,77.27942,0.0,23.630773567320414,3.0483172448933615
2017-09-24 00:00:00+00:00,-34.925,-71.28305,212.0,open-meteo_ecmwf_ifs,daily,18.6635,8.6635,17.25,8.534335,2.794307,72.94772,0.0,23.820718819894083,2.706150610086534
2017-09-25 00:00:00+00:00,-34.925,-71.28305,212.0,open-meteo_ecmwf_ifs,daily,17.3135,7.4635,16.53,7.0051675,3.6248276,74.44925,0.0,24.01007670636181,2.673971892539732
2017-09-26 00:00:00+00:00,-34.925,-71.28305,212.0,open-meteo_ecmwf_ifs,daily,18.713501,6.5635004,20.2,6.3760014,3.2398975,70.95571,0.0,24.198784334841143,3.05328098824591
2017-09-27 00:00:00+00:00,-34.925,-71.28305,212.0,open-meteo_ecmwf_ifs,daily,22.0635,9.0135,16.46,9.355167,1.8428653,75.02353,0.0,24.38677955954571,2.7907124394558522
2017-09-28 00:00:00+00:00,-34.925,-71.28305,212.0,open-meteo_ecmwf_ifs,daily,22.213501,10.1635,12.79,10.515584,1.6385465,76.10836,0.4,24.57400101913897,2.4150553748003762
2017-09-29 00:00:00+00:00,-34.925,-71.28305,212.0,open-meteo_ecmwf_ifs,daily,18.0135,9.9135,8.85,10.33225,2.1594813,81.787895,4.7999997,24.7603881735534,1.785261432043776
2017-09-30 00:00:00+00:00,-34.925,-71.28305,212.0,open-meteo_ecmwf_ifs,daily,13.9635,8.4135,6.18,8.526,3.3544006,83.830986,28.800001,24.94588133920904,1.3727651904769065
2017-10-01 00:00:00+00:00,-34.925,-71.28305,212.0,open-meteo_ecmwf_ifs,daily,14.7635,7.3135004,14.82,8.723916,1.1790453,87.700874,8.200001,25.130421722568915,1.9920759831774317
2017-10-02 00:00:00+00:00,-34.925,-71.28305,212.0,open-meteo_ecmwf_ifs,daily,14.9635,6.0135,12.36,7.403084,1.6787256,82.89582,0.0,25.313951451973566,1.8166322141859044
2017-10-03 00:00:00+00:00,-34.925,-71.28305,212.0,open-meteo_ecmwf_ifs,daily,21.5135,8.3635,19.5,9.573917,1.4334306,77.95901,1.2,25.496413607701818,2.9557026951816967
2017-10-04 00:00:00+00:00,-34.925,-71.28305,212.0,open-meteo_ecmwf_ifs,daily,13.363501,10.1635,1.9,9.328084,4.3810062,88.505104,26.699999,25.677752250209647,1.0951194356490919
2017-10-05 00:00:00+00:00,-34.925,-71.28305,212.0,open-meteo_ecmwf_ifs,daily,15.9635,9.0135,14.9,7.426001,3.849972,78.34879,7.2999997,25.857912446504038,2.6051295084852684
2017-10-06 00:00:00+00:00,-34.925,-71.28305,212.0,open-meteo_ecmwf_ifs,daily,20.8135,6.3135004,25.07,7.521834,2.8478706,72.87002,0.0,26.036840294614162,3.5719836431874628
2017-10-07 00:00:00+00:00,-34.925,-71.28305,212.0,open-meteo_ecmwf_ifs,daily,17.3635,9.8135,14.58,9.878083,2.4910686,80.99673,0.1,26.21448294612702,2.3590219705012725
2017-10-08 00:00:00+00:00,-34.925,-71.28305,212.0,open-meteo_ecmwf_ifs,daily,18.713501,8.1135,22.4,7.667667,2.029998,72.19468,0.1,26.390788626760877,3.237535409459807
2017-10-09 00:00:00+00:00,-34.925,-71.28305,212.0,open-meteo_ecmwf_ifs,daily,17.5135,6.7635,23.38,6.6801677,4.3478327,73.2736,0.0,26.565706654954436,3.322140488787153
2017-10-10 00:00:00+00:00,-34.925,-71.28305,212.0,open-meteo_ecmwf_ifs,daily,14.9635,4.4135003,25.03,3.23225,3.4983282,64.240425,0.0,26.739187458456104,3.2504828038050975
2017-10-11 00:00:00+00:00,-34.925,-71.28305,212.0,open-meteo_ecmwf_ifs,daily,15.363501,5.3635,18.31,5.1885004,2.7587578,75.198875,0.0,26.9111825889028,2.6332170912532042
2017-10-12 00:00:00+00:00,-34.925,-71.28305,212.0,open-meteo_ecmwf_ifs,daily,17.6135,4.6635003,19.84,7.361418,1.4188837,80.866264,3.6,27.08164473438362,2.638700352682375
2017-10-13 00:00:00+00:00,-34.925,-71.28305,212.0,open-meteo_ecmwf_ifs,daily,20.7635,6.9635,24.35,8.803084,2.476323,79.01943,0.0,27.250527729989393,3.478206057382994
2017-10-14 00:00:00+00:00,-34.925,-71.28305,212.0,open-meteo_ecmwf_ifs,daily,22.5635,9.5635,23.37,10.148917,2.6758108,76.85165,0.0,27.417786566354792,3.7633859952226065
2017-10-15 00:00:00+00:00,-34.925,-71.28305,212.0,open-meteo_ecmwf_ifs,daily,21.8135,9.6635,25.96,10.930167,2.5165343,76.206375,0.0,27.58337739620524,3.8435951300371096
2017-10-16 00:00:00+00:00,-34.925,-71.28305,212.0,open-meteo_ecmwf_ifs,daily,16.9135,8.9135,13.9,9.386416,3.294468,80.40334,0.0,27.74725753892668,2.3090864651361684
2017-10-17 00:00:00+00:00,-34.925,-71.28305,212.0,open-meteo_ecmwf_ifs,daily,18.9135,8.5635,14.7,9.321834,1.5998793,76.981155,0.0,27.909385483181456,2.4450587639136754
2017-10-18 00:00:00+00:00,-34.925,-71.28305,212.0,open-meteo_ecmwf_ifs,daily,18.9135,9.4135,19.84,8.559335,2.7245054,72.912544,0.5,28.069720887599473,3.227450997590515
2017-10-19 00:00:00+00:00,-34.925,-71.28305,212.0,open-meteo_ecmwf_ifs,daily,19.8635,6.7135,23.98,6.653084,3.7712107,66.66863,0.0,28.22822457957856,3.738326915858564
2017-10-20 00:00:00+00:00,-34.925,-71.28305,212.0,open-meteo_ecmwf_ifs,daily,17.3135,8.1135,14.79,5.386417,4.0785003,64.38598,0.0,28.38485855223376,3.107857798150811
2017-10-21 00:00:00+00:00,-34.925,-71.28305,212.0,open-meteo_ecmwf_ifs,daily,22.2635,6.0135,27.14,6.2155843,3.9915888,65.40347,0.0,28.539585959539874,4.335859692704567
2017-10-22 00:00:00+00:00,-34.925,-71.28305,212.0,open-meteo_ecmwf_ifs,daily,25.0635,10.2135,24.76,10.036417,1.7354041,69.482834,0.1,28.692371109716632,4.1560225253691625
2017-10-23 00:00:00+00:00,-34.925,-71.28305,212.0,open-meteo_ecmwf_ifs,daily,23.0135,9.9135,25.81,9.990584,2.0196464,69.617165,0.0,28.843179456910605,4.1101901447316385
2017-10-24 00:00:00+00:00,-34.925,-71.28305,212.0,open-meteo_ecmwf_ifs,daily,22.0135,11.4135,25.95,10.573916,2.730503,72.43232,0.0,28.99197759123235,4.21884083663977
2017-10-25 00:00:00+00:00,-34.925,-71.28305,212.0,open-meteo_ecmwf_ifs,daily,23.213501,9.4135,27.29,9.142667,2.8238976,66.360756,0.0,29.1387332272115,4.4373935086452425
2017-10-26 00:00:00+00:00,-34.925,-71.28305,212.0,open-meteo_ecmwf_ifs,daily,22.9135,10.2135,24.22,8.5385,2.456656,63.6705,0.0,29.283415190736715,4.200497484616461
2017-10-27 00:00:00+00:00,-34.925,-71.28305,212.0,open-meteo_ecmwf_ifs,daily,24.1635,9.3135,26.91,9.267667,2.6232274,66.25015,0.0,29.425993404550663,4.474937041297826
2017-10-28 00:00:00+00:00,-34.925,-71.28305,212.0,open-meteo_ecmwf_ifs,daily,18.213501,11.1635,11.72,8.405168,2.5751603,70.33785,2.0,29.566438872374448,2.6285210430736323
2017-10-29 00:00:00+00:00,-34.925,-71.28305,212.0,open-meteo_ecmwf_ifs,daily,19.1635,8.4135,23.5,4.7655835,1.9649433,64.08542,0.1,29.704723661737848,3.800888387210052
2017-10-30 00:00:00+00:00,-34.925,-71.28305,212.0,open-meteo_ecmwf_ifs,daily,21.1635,6.4135003,27.97,5.498916,1.9382505,61.244953,0.0,29.840820885596074,4.175687524310437
2017-10-31 00:00:00+00:00,-34.925,-71.28305,212.0,open-meteo_ecmwf_ifs,daily,19.5635,8.0135,21.08,5.4093328,2.1551735,60.829136,0.0,29.974704682814647,3.5811826454520337
2017-11-01 00:00:00+00:00,-34.925,-71.28305,212.0,open-meteo_ecmwf_ifs,daily,14.3135,9.6635,7.2,8.551,2.4170399,78.22425,23.5,30.106350197607522,1.6290310816932432
2017-11-02 00:00:00+00:00,-34.925,-71.28305,212.0,open-meteo_ecmwf_ifs,daily,17.6135,11.3135,15.49,8.715585,2.3178022,77.16955,4.6,30.23573355801447,2.885677949104889
2017-11-03 00:00:00+00:00,-34.925,-71.28305,212.0,open-meteo_ecmwf_ifs,daily,21.3135,7.3635,25.93,7.3635006,1.8824846,70.06456,0.0,30.36283185350571,3.975135562247339
2017-11-04 00:00:00+00:00,-34.925,-71.28305,212.0,open-meteo_ecmwf_ifs,daily,17.0635,9.8135,10.7,7.4718337,1.9007574,67.88955,0.3,30.487623111802552,2.289499230049493
2017-11-05 00:00:00+00:00,-34.925,-71.28305,212.0,open-meteo_ecmwf_ifs,daily,23.963501,9.9635,26.58,10.561418,1.1993371,68.98667,2.1,30.61008627500373,4.239203257591929
2017-11-06 00:00:00+00:00,-34.925,-71.28305,212.0,open-meteo_ecmwf_ifs,daily,21.713501,14.5635,12.69,13.969749,2.3069317,80.863,0.3,30.730201175107446,2.6721817161468966
2017-11-07 00:00:00+00:00,-34.925,-71.28305,212.0,open-meteo_ecmwf_ifs,daily,21.5135,13.4135,15.54,13.969749,1.5240921,84.3331,3.8999999,30.847948509018817,2.813242344232355
2017-11-08 00:00:00+00:00,-34.925,-71.28305,212.0,open-meteo_ecmwf_ifs,daily,24.2635,10.863501,26.1,12.751002,1.3231305,77.20508,1.9000001,30.963309813132412,4.209894496819285
2017-11-09 00:00:00+00:00,-34.925,-71.28305,212.0,open-meteo_ecmwf_ifs,daily,25.0135,13.1635,26.51,12.669751,1.80009,71.67457,0.1,31.076267437578636,4.601149204395715
2017-11-10 00:00:00+00:00,-34.925,-71.28305,212.0,open-meteo_ecmwf_ifs,daily,26.713501,12.5635,30.59,11.221833,4.220048,65.01429,0.0,31.186804520221344,5.783420739025406
2017-11-11 00:00:00+00:00,-34.925,-71.28305,212.0,open-meteo_ecmwf_ifs,daily,28.1135,12.9135,29.46,11.688499,3.5613728,64.68943,0.0,31.29490496049282,5.748069571798431
2017-11-12 00:00:00+00:00,-34.925,-71.28305,212.0,open-meteo_ecmwf_ifs,daily,27.6635,14.5135,28.68,11.853085,2.6516502,61.063526,0.0,31.4005533931505,5.576607049963444
2017-11-13 00:00:00+00:00,-34.925,-71.28305,212.0,open-meteo_ecmwf_ifs,daily,27.6635,15.5635,24.43,14.478085,2.161739,71.281265,0.0,31.503735162037177,4.804138675480422
2017-11-14 00:00:00+00:00,-34.925,-71.28305,212.0,open-meteo_ecmwf_ifs,daily,28.213501,14.9135,27.1,13.446834,2.417239,68.20902,0.0,31.604436293924373,5.294295030793964
2017-11-15 00:00:00+00:00,-34.925,-71.28305,212.0,open-meteo_ecmwf_ifs,daily,22.1135,11.3135,30.76,5.9572506,4.2997165,51.780304,0.0,31.70264347251547,5.683480567827379
2017-11-16 00:00:00+00:00,-34.925,-71.28305,212.0,open-meteo_ecmwf_ifs,daily,24.7635,8.7635,31.49,4.990584,4.6114583,49.857693,0.0,31.798344012682115,5.961551375649156
2017-11-17 00:00:00+00:00,-34.925,-71.28305,212.0,open-meteo_ecmwf_ifs,daily,23.0135,12.4135,25.5,7.144751,5.3573594,58.238758,0.1,31.89152583500424,5.59986241919976
2017-11-18 00:00:00+00:00,-34.925,-71.28305,212.0,open-meteo_ecmwf_ifs,daily,24.8135,7.4135003,31.08,4.58225,4.01962,52.571583,0.0,31.982177440680097,5.654381740190412
2017-11-19 00:00:00+00:00,-34.925,-71.28305,212.0,open-meteo_ecmwf_ifs,daily,26.8635,10.363501,30.79,9.105166,3.2501993,60.180054,0.0,32.07028788686898,5.645244276384961
2017-11-20 00:00:00+00:00,-34.925,-71.28305,212.0,open-meteo_ecmwf_ifs,daily,22.963501,12.863501,24.63,9.146834,1.2698483,58.200314,0.4,32.155846762525684,4.309964178907601
2017-11-21 00:00:00+00:00,-34.925,-71.28305,212.0,open-meteo_ecmwf_ifs,daily,28.2635,10.7135,32.3,4.59475,3.944022,43.913834,0.0,32.238844164780694,6.734398888752987
2017-11-22 00:00:00+00:00,-34.925,-71.28305,212.0,open-meteo_ecmwf_ifs,daily,29.5635,10.4635,31.46,7.2468343,3.3172102,50.298477,0.0,32.319270675916854,6.318297015731409
2017-11-23 00:00:00+00:00,-34.925,-71.28305,212.0,open-meteo_ecmwf_ifs,daily,29.6135,12.1635,31.51,8.292668,3.2593937,51.2807,0.0,32.39711734098792,6.44250650879367
2017-11-24 00:00:00+00:00,-34.925,-71.28305,212.0,open-meteo_ecmwf_ifs,daily,27.1635,13.0135,30.02,8.063499,1.6614122,48.44034,0.0,32.47237564612044,5.497962312215444
2017-11-25 00:00:00+00:00,-34.925,-71.28305,212.0,open-meteo_ecmwf_ifs,daily,30.213501,12.0635,32.37,6.909334,3.5527084,47.026993,0.0,32.545037497536015,6.851200002825071
2017-11-26 00:00:00+00:00,-34.925,-71.28305,212.0,open-meteo_ecmwf_ifs,daily,29.7635,13.9635,31.33,12.153084,1.8491645,57.992176,0.0,32.61509520132582,5.882040883757831
2017-11-27 00:00:00+00:00,-34.925,-71.28305,212.0,open-meteo_ecmwf_ifs,daily,31.213501,14.7135,31.18,12.005168,1.9609245,54.81482,0.0,32.68254144400576,6.130663567495344
2017-11-28 00:00:00+00:00,-34.925,-71.28305,212.0,open-meteo_ecmwf_ifs,daily,26.6135,13.4635,31.95,8.898917,2.7833211,52.05365,0.0,32.74736927387548,6.084333771774434
2017-11-29 00:00:00+00:00,-34.925,-71.28305,212.0,open-meteo_ecmwf_ifs,daily,26.8135,11.863501,30.59,10.394751,1.4598354,62.471386,0.0,32.80957208320045,5.302380655130496
2017-11-30 00:00:00+00:00,-34.925,-71.28305,212.0,open-meteo_ecmwf_ifs,daily,25.963501,12.9135,28.34,10.109334,3.3122327,60.581177,0.0,32.86914359123249,5.553121043012945
2017-12-01 00:00:00+00:00,-34.925,-71.28305,212.0,open-meteo_ecmwf_ifs,daily,27.8635,14.613501,29.26,10.903084,2.0893834,55.5078,0.0,32.92607782807963,5.672137429557687
2017-12-02 00:00:00+00:00,-34.925,-71.28305,212.0,open-meteo_ecmwf_ifs,daily,24.1135,13.1635,20.04,10.59475,2.651904,61.83403,0.0,32.980369119432844,4.211259434781753
2017-12-03 00:00:00+00:00,-34.925,-71.28305,212.0,open-meteo_ecmwf_ifs,daily,26.8135,12.863501,30.07,10.332252,1.6160115,62.08292,0.0,33.032012072153634,5.387005628096303
2017-12-04 00:00:00+00:00,-34.925,-71.28305,212.0,open-meteo_ecmwf_ifs,daily,28.9135,13.1635,30.03,11.646834,1.5312371,62.41565,0.0,33.081001560722996,5.514096794864443
2017-12-05 00:00:00+00:00,-34.925,-71.28305,212.0,open-meteo_ecmwf_ifs,daily,28.3135,13.863501,31.14,12.665582,2.1460965,63.94661,0.0,33.12733271454955,5.777758009165114
2017-12-06 00:00:00+00:00,-34.925,-71.28305,212.0,open-meteo_ecmwf_ifs,daily,28.463501,13.1635,30.22,12.528085,1.3134742,65.9331,0.0,33.171000906131844,5.411972989246045
2017-12-07 00:00:00+00:00,-34.925,-71.28305,212.0,open-meteo_ecmwf_ifs,daily,30.1635,14.5635,32.16,13.4385,1.9190432,63.244175,0.0,33.21200174006751,6.079771237012557
2017-12-08 00:00:00+00:00,-34.925,-71.28305,212.0,open-meteo_ecmwf_ifs,daily,27.6635,13.5635,32.44,10.623918,2.3052819,56.30009,0.0,33.2503310429,6.030109806119644
2017-12-09 00:00:00+00:00,-34.925,-71.28305,212.0,open-meteo_ecmwf_ifs,daily,30.0635,13.4135,32.59,9.6655855,2.502732,53.207928,0.0,33.28598485379195,6.437898577408556
2017-12-10 00:00:00+00:00,-34.925,-71.28305,212.0,open-meteo_ecmwf_ifs,daily,32.2635,14.613501,32.25,9.40725,2.6558168,43.524063,0.0,33.31895941601278,6.86965293039995
2017-12-11 00:00:00+00:00,-34.925,-71.28305,212.0,open-meteo_ecmwf_ifs,daily,26.2635,14.7635,30.72,12.615584,3.8789895,63.42479,0.0,33.34925116922749,5.923269723253023
2017-12-12 00:00:00+00:00,-34.925,-71.28305,212.0,open-meteo_ecmwf_ifs,daily,23.5135,15.7635,15.57,11.386417,3.375251,64.84743,0.0,33.376856742572684,4.051961851991975
2017-12-13 00:00:00+00:00,-34.925,-71.28305,212.0,open-meteo_ecmwf_ifs,daily,26.963501,15.363501,29.09,11.911418,1.7237488,62.124603,0.1,33.4017729485057,5.48462961064744
2017-12-14 00:00:00+00:00,-34.925,-71.28305,212.0,open-meteo_ecmwf_ifs,daily,30.8135,14.5135,32.76,11.559335,4.268042,55.75728,0.0,33.4239967774132,7.120486368644488
2017-12-15 00:00:00+00:00,-34.925,-71.28305,212.0,open-meteo_ecmwf_ifs,daily,32.1135,15.9635,33.07,10.369751,4.4922957,48.28536,0.0,33.44352539296492,7.8576723374175215
2017-12-16 00:00:00+00:00,-34.925,-71.28305,212.0,open-meteo_ecmwf_ifs,daily,26.0135,15.2635,25.24,10.6030855,2.800141,54.44806,0.0,33.46035612820049,5.348214445833524
2017-12-17 00:00:00+00:00,-34.925,-71.28305,212.0,open-meteo_ecmwf_ifs,daily,28.8635,11.2635,32.37,8.192668,3.9280374,52.861103,0.0,33.47448648233668,6.594557024387604
2017-12-18 00:00:00+00:00,-34.925,-71.28305,212.0,open-meteo_ecmwf_ifs,daily,28.7635,13.1635,28.08,8.1885,2.5716822,45.6554,0.0,33.48591411828487,5.884951835213667
2017-12-19 00:00:00+00:00,-34.925,-71.28305,212.0,open-meteo_ecmwf_ifs,daily,31.463501,14.7135,33.29,8.521834,2.524842,44.758106,0.0,33.494636860869136,6.917074135001575
2017-12-20 00:00:00+00:00,-34.925,-71.28305,212.0,open-meteo_ecmwf_ifs,daily,30.5635,15.7635,33.07,9.263501,2.875641,44.962032,0.0,33.50065269573753,7.032768614930918
2017-12-21 00:00:00+00:00,-34.925,-71.28305,212.0,open-meteo_ecmwf_ifs,daily,29.8135,15.613501,31.94,10.942666,3.952837,55.11929,0.0,33.50395976896067,7.0362678355515245
2017-12-22 00:00:00+00:00,-34.925,-71.28305,212.0,open-meteo_ecmwf_ifs,daily,28.3635,12.863501,33.54,4.4030833,3.9542873,36.516758,0.0,33.504556387313635,7.283918000613354
2017-12-23 00:00:00+00:00,-34.925,-71.28305,212.0,open-meteo_ecmwf_ifs,daily,27.9135,10.9635,32.85,4.759333,4.0530095,40.121914,0.0,33.50244101923944,6.879068450124747
2017-12-24 00:00:00+00:00,-34.925,-71.28305,212.0,open-meteo_ecmwf_ifs,daily,29.3635,12.2635,33.69,5.011417,3.3182209,39.26177,0.0,33.49761229649393,7.026766330312552
2017-12-25 00:00:00+00:00,-34.925,-71.28305,212.0,open-meteo_ecmwf_ifs,daily,31.2635,14.9635,32.82,10.486417,2.8762064,48.961304,0.0,33.49006901647439,6.895881227230933
2017-12-26 00:00:00+00:00,-34.925,-71.28305,212.0,open-meteo_ecmwf_ifs,daily,30.1135,15.613501,32.26,11.707252,3.0859005,51.245544,0.0,33.47981014523612,6.7341825783016995
2017-12-27 00:00:00+00:00,-34.925,-71.28305,212.0,open-meteo_ecmwf_ifs,daily,30.5135,15.113501,32.61,10.828084,3.0925274,49.328415,0.0,33.46683482120256,6.848490750000492
2017-12-28 00:00:00+00:00,-34.925,-71.28305,212.0,open-meteo_ecmwf_ifs,daily,32.2135,14.4135,33.04,9.267667,3.3524158,45.630215,0.0,33.45114235957737,7.2772711733868025
2017-12-29 00:00:00+00:00,-34.925,-71.28305,212.0,open-meteo_ecmwf_ifs,daily,32.2135,16.6135,32.08,12.859333,3.4861324,54.600536,0.0,33.432732257467485,7.163895579083034
2017-12-30 00:00:00+00:00,-34.925,-71.28305,212.0,open-meteo_ecmwf_ifs,daily,29.3135,15.4135,29.74,11.66975,3.5188224,53.08008,0.0,33.41160419972831,6.437952188860363
2017-12-31 00:00:00+00:00,-34.925,-71.28305,212.0,open-meteo_ecmwf_ifs,daily,27.7635,17.0635,22.59,13.08225,2.399649,58.6465,4.9999995,33.38775806554299,5.039471419412439
2018-01-01 00:00:00+00:00,-34.925,-71.28305,212.0,open-meteo_ecmwf_ifs,daily,30.0635,15.0635,32.22,10.840585,2.117946,54.221725,0.1,33.361193935749114,6.3537265892126005
2018-01-02 00:00:00+00:00,-34.925,-71.28305,212.0,open-meteo_ecmwf_ifs,daily,29.9135,14.113501,31.22,7.321835,2.1742628,42.598507,0.0,33.33191210092631,6.321134058519972
2018-01-03 00:00:00+00:00,-34.925,-71.28305,212.0,open-meteo_ecmwf_ifs,daily,30.963501,14.7635,31.9,11.29475,3.0999107,53.117725,0.0,33.29991307025934,6.723994933823244
2018-01-04 00:00:00+00:00,-34.925,-71.28305,212.0,open-meteo_ecmwf_ifs,daily,28.713501,16.3135,24.33,13.182252,2.409458,59.71579,0.0,33.265197581190414,5.271760868082075
2018-01-05 00:00:00+00:00,-34.925,-71.28305,212.0,open-meteo_ecmwf_ifs,daily,27.9135,12.863501,32.34,9.236417,4.1568165,55.08919,5.5,33.22776660987516,6.610206482807779
2018-01-06 00:00:00+00:00,-34.925,-71.28305,212.0,open-meteo_ecmwf_ifs,daily,31.5635,12.613501,32.92,6.3135,4.626822,41.107956,0.0,33.187621382455305,7.732034322323928
2018-01-07 00:00:00+00:00,-34.925,-71.28305,212.0,open-meteo_ecmwf_ifs,daily,31.8635,15.6635,31.47,14.196835,2.96027,58.16463,0.0,33.14476338716048,6.559374762084423
2018-01-08 00:00:00+00:00,-34.925,-71.28305,212.0,open-meteo_ecmwf_ifs,daily,29.8135,15.613501,29.83,13.934334,3.4780033,63.695484,0.0,33.09919438725014,6.2234926091496305
2018-01-09 00:00:00+00:00,-34.925,-71.28305,212.0,open-meteo_ecmwf_ifs,daily,32.2135,15.9135,30.64,14.1760025,1.9053111,61.462757,0.0,33.05091643480504,6.165115038242357
2018-01-10 00:00:00+00:00,-34.925,-71.28305,212.0,open-meteo_ecmwf_ifs,daily,31.6635,17.713501,29.94,14.4364195,1.937451,57.46291,0.0,32.999931885375155,6.189920830065644
2018-01-11 00:00:00+00:00,-34.925,-71.28305,212.0,open-meteo_ecmwf_ifs,daily,31.1135,16.3635,31.92,13.826,1.9900409,57.641186,0.0,32.94624341348939,6.316701846850917
2018-01-12 00:00:00+00:00,-34.925,-71.28305,212.0,open-meteo_ecmwf_ifs,daily,31.1635,16.0635,31.58,12.434334,2.0731049,53.847057,0.0,32.88985402902867,6.350558888346894
2018-01-13 00:00:00+00:00,-34.925,-71.28305,212.0,open-meteo_ecmwf_ifs,daily,28.713501,16.963501,28.13,12.6135,1.6198939,55.033978,0.0,32.830767094461805,5.556465790694735
2018-01-14 00:00:00+00:00,-34.925,-71.28305,212.0,open-meteo_ecmwf_ifs,daily,28.4135,16.3635,22.44,14.661418,2.1814141,66.21265,0.6,32.76898634293975,4.758192022031619
2018-01-15 00:00:00+00:00,-34.925,-71.28305,212.0,open-meteo_ecmwf_ifs,daily,24.9135,16.8135,12.42,13.051002,3.163803,67.82413,0.2,32.70451589724026,3.657530238495985
2018-01-16 00:00:00+00:00,-34.925,-71.28305,212.0,open-meteo_ecmwf_ifs,daily,28.6135,15.0135,27.4,12.219752,1.5600265,62.45082,0.0,32.63736028955149,5.266686117127228
2018-01-17 00:00:00+00:00,-34.925,-71.28305,212.0,open-meteo_ecmwf_ifs,daily,29.713501,15.1635,32.21,9.678084,3.0425217,50.656372,0.0,32.567524482078234,6.72830115749063
2018-01-18 00:00:00+00:00,-34.925,-71.28305,212.0,open-meteo_ecmwf_ifs,daily,30.963501,14.4135,31.24,10.853084,2.874717,49.881805,0.0,32.49501388845132,6.504167797871034
2018-01-19 00:00:00+00:00,-34.925,-71.28305,212.0,open-meteo_ecmwf_ifs,daily,30.7635,16.3135,30.57,13.184334,2.713581,52.298935,0.0,32.41983439591511,6.363968810497598
2018-01-20 00:00:00+00:00,-34.925,-71.28305,212.0,open-meteo_ecmwf_ifs,daily,29.963501,17.0135,24.96,15.059333,1.6370579,65.487526,0.0,32.34199238826457,5.092611255262643
2018-01-21 00:00:00+00:00,-34.925,-71.28305,212.0,open-meteo_ecmwf_ifs,daily,26.8135,16.2135,17.8,14.813502,1.383041,67.5667,0.4,32.26149476949805,3.7132759299298814
2018-01-22 00:00:00+00:00,-34.925,-71.28305,212.0,open-meteo_ecmwf_ifs,daily,27.963501,17.3635,20.33,15.080166,1.8516244,68.873924,0.2,32.17834898814751,4.370276693691629
2018-01-23 00:00:00+00:00,-34.925,-71.28305,212.0,open-meteo_ecmwf_ifs,daily,29.5135,15.2135,27.79,14.280168,1.919827,65.256584,0.0,32.09256306224339,5.383739210323782
2018-01-24 00:00:00+00:00,-34.925,-71.28305,212.0,open-meteo_ecmwf_ifs,daily,31.213501,16.4635,30.82,14.269748,1.6328402,62.13335,0.0,32.00414560486646,5.976556739259763
2018-01-25 00:00:00+00:00,-34.925,-71.28305,212.0,open-meteo_ecmwf_ifs,daily,29.5135,15.4635,30.84,12.732251,2.0222967,57.865726,0.0,31.913105850234494,5.924661430289518
2018-01-26 00:00:00+00:00,-34.925,-71.28305,212.0,open-meteo_ecmwf_ifs,daily,27.8135,14.1635,30.79,10.994751,1.7476214,56.563217,0.0,31.819453680267156,5.618972341907456
2018-01-27 00:00:00+00:00,-34.925,-71.28305,212.0,open-meteo_ecmwf_ifs,daily,29.9135,13.9635,31.69,7.1093335,3.7155142,43.08517,0.0,31.72319965156801,6.994100167111783
2018-01-28 00:00:00+00:00,-34.925,-71.28305,212.0,open-meteo_ecmwf_ifs,daily,30.963501,13.5635,31.69,6.3655834,3.673579,39.299774,0.0,31.62435502275848,7.120007391550441
2018-01-29 00:00:00+00:00,-34.925,-71.28305,212.0,open-meteo_ecmwf_ifs,daily,31.1135,14.613501,31.13,7.776001,2.4524453,40.56567,0.0,31.52293178209454,6.471284181272042
2018-01-30 00:00:00+00:00,-34.925,-71.28305,212.0,open-meteo_ecmwf_ifs,daily,30.2635,13.9635,30.76,9.655168,2.531061,53.425472,0.0,31.418942675292925,6.1908380515593695
2018-01-31 00:00:00+00:00,-34.925,-71.28305,212.0,open-meteo_ecmwf_ifs,daily,31.4135,14.2135,30.64,7.6010003,3.0559368,39.125744,0.0,31.312401233490444,6.720218992870053
2018-02-01 00:00:00+00:00,-34.925,-71.28305,212.0,open-meteo_ecmwf_ifs,daily,33.0635,16.0635,30.23,12.4385,1.7306701,50.43005,0.0,31.20332180125639,6.073342083879322
2018-02-02 00:00:00+00:00,-34.925,-71.28305,212.0,open-meteo_ecmwf_ifs,daily,30.4135,15.9635,29.16,14.367668,2.0380983,62.496048,0.0,31.091719564575072,5.700933237030065
2018-02-03 00:00:00+00:00,-34.925,-71.28305,212.0,open-meteo_ecmwf_ifs,daily,30.213501,16.1135,29.11,15.098918,2.0615342,64.09045,0.0,30.977610578713154,5.63810673730816
2018-02-04 00:00:00+00:00,-34.925,-71.28305,212.0,open-meteo_ecmwf_ifs,daily,31.8135,17.713501,26.73,14.463501,1.800259,60.38679,0.0,30.861011795883552,5.573833864010096
2018-02-05 00:00:00+00:00,-34.925,-71.28305,212.0,open-meteo_ecmwf_ifs,daily,30.463501,17.0635,26.7,13.732251,2.6077783,58.207172,0.0,30.7419410926161,5.742060304618355
2018-02-06 00:00:00+00:00,-34.925,-71.28305,212.0,open-meteo_ecmwf_ifs,daily,30.0635,17.6135,24.91,14.4989195,1.8663096,60.7087,0.0,30.62041729674349,5.174756319592064
2018-02-07 00:00:00+00:00,-34.925,-71.28305,212.0,open-meteo_ecmwf_ifs,daily,29.9135,15.9635,29.22,12.286418,2.5921516,54.05396,0.0,30.4964602139095,5.962245257514746
2018-02-08 00:00:00+00:00,-34.925,-71.28305,212.0,open-meteo_ecmwf_ifs,daily,29.213501,15.8135,29.01,11.001,2.394397,51.905025,0.0,30.370090653505773,5.852321910187547
2018-02-09 00:00:00+00:00,-34.925,-71.28305,212.0,open-meteo_ecmwf_ifs,daily,27.8135,13.2135,30.11,6.925999,5.000529,45.4778,0.0,30.241330453942968,6.8203743317713075
2018-02-10 00:00:00+00:00,-34.925,-71.28305,212.0,open-meteo_ecmwf_ifs,daily,25.4135,11.4635,26.07,3.6739166,4.706553,40.181934,0.0,30.110202507161933,6.11842125234564
2018-02-11 00:00:00+00:00,-34.925,-71.28305,212.0,open-meteo_ecmwf_ifs,daily,29.1635,10.9135,30.09,3.996833,3.0877302,39.857964,0.0,29.976730782290748,6.179564420115346
2018-02-12 00:00:00+00:00,-34.925,-71.28305,212.0,open-meteo_ecmwf_ifs,daily,32.3135,13.7635,29.6,6.8010006,2.6954174,39.768497,0.0,29.840940348354273,6.389664993365506
2018-02-13 00:00:00+00:00,-34.925,-71.28305,212.0,open-meteo_ecmwf_ifs,daily,31.463501,15.8135,28.59,10.46975,2.2215643,45.18939,0.0,29.702857395943816,5.928514033939865
2018-02-14 00:00:00+00:00,-34.925,-71.28305,212.0,open-meteo_ecmwf_ifs,daily,30.1635,14.9135,27.04,13.907252,1.6178843,65.83857,0.0,29.56250925775616,5.09342632714919
2018-02-15 00:00:00+00:00,-34.925,-71.28305,212.0,open-meteo_ecmwf_ifs,daily,29.9135,14.9135,27.89,13.496834,1.6936747,61.750202,0.0,29.419924427912676,5.214421409405032
2018-02-16 00:00:00+00:00,-34.925,-71.28305,212.0,open-meteo_ecmwf_ifs,daily,32.3135,16.5635,27.96,13.153084,2.034062,56.079815,0.0,29.275132579971785,5.73787107239684
2018-02-17 00:00:00+00:00,-34.925,-71.28305,212.0,open-meteo_ecmwf_ifs,daily,31.8135,16.6635,27.82,12.103084,2.5594878,52.33829,0.0,29.128164583550497,5.98747352793857
2018-02-18 00:00:00+00:00,-34.925,-71.28305,212.0,open-meteo_ecmwf_ifs,daily,29.963501,15.0635,26.31,13.713501,1.724884,62.270283,0.0,28.979052519473395,5.00338172853987
2018-02-19 00:00:00+00:00,-34.925,-71.28305,212.0,open-meteo_ecmwf_ifs,daily,29.5135,16.2135,26.02,13.642669,1.9480867,61.62015,0.1,28.827829693371207,5.105809688890759
2018-02-20 00:00:00+00:00,-34.925,-71.28305,212.0,open-meteo_ecmwf_ifs,daily,28.2635,14.7135,23.63,12.605167,1.3647876,63.348293,11.500001,28.674530647654038,4.4071626759499
2018-02-21 00:00:00+00:00,-34.925,-71.28305,212.0,open-meteo_ecmwf_ifs,daily,30.2635,15.3135,27.02,13.557251,2.3532119,60.898224,0.0,28.51919117178891,5.338657669934726
2018-02-22 00:00:00+00:00,-34.925,-71.28305,212.0,open-meteo_ecmwf_ifs,daily,30.2635,14.863501,26.78,9.961417,2.3892207,48.463596,0.0,28.36184831081458,5.5244124596866095
2018-02-23 00:00:00+00:00,-34.925,-71.28305,212.0,open-meteo_ecmwf_ifs,daily,27.1635,16.3635,19.8,14.690583,1.3229433,70.321724,4.8999996,28.20254037203193,3.8307129941353
2018-02-24 00:00:00+00:00,-34.925,-71.28305,212.0,open-meteo_ecmwf_ifs,daily,29.4135,14.9635,25.12,14.248918,1.484058,67.207306,0.8,28.0413069298122,4.630350293031259
2018-02-25 00:00:00+00:00,-34.925,-71.28305,212.0,open-meteo_ecmwf_ifs,daily,28.7635,13.6635,25.75,13.171833,1.5426875,67.75708,0.0,27.87818882847063,4.6038847613583895
2018-02-26 00:00:00+00:00,-34.925,-71.28305,212.0,open-meteo_ecmwf_ifs,daily,29.963501,15.2135,26.19,13.173919,1.8126596,60.64815,0.0,27.71322818315797,4.971593378344587
2018-02-27 00:00:00+00:00,-34.925,-71.28305,212.0,open-meteo_ecmwf_ifs,daily,28.0635,15.8135,24.02,13.223919,2.1007173,65.615524,0.0,27.54646837872801,4.684922553245802
2018-02-28 00:00:00+00:00,-34.925,-71.28305,212.0,open-meteo_ecmwf_ifs,daily,28.6635,13.8135,25.79,12.771832,1.639082,64.48067,0.0,27.377954066544238,4.625430819108443
2018-03-01 00:00:00+00:00,-34.925,-71.28305,212.0,open-meteo_ecmwf_ifs,daily,30.5135,14.4635,25.95,12.948916,1.7173891,62.074757,0.0,27.20773115919487,4.859870429835279
2018-03-02 00:00:00+00:00,-34.925,-71.28305,212.0,open-meteo_ecmwf_ifs,daily,30.5635,16.713501,25.52,13.155168,1.7571093,58.596493,0.0,27.035846823090893,4.996354516191139
2018-03-03 00:00:00+00:00,-34.925,-71.28305,212.0,open-meteo_ecmwf_ifs,daily,28.8635,15.4135,25.21,12.930169,1.4832006,62.00066,0.0,26.86234946892798,4.599862684944316
2018-03-04 00:00:00+00:00,-34.925,-71.28305,212.0,open-meteo_ecmwf_ifs,daily,28.7635,14.5135,25.27,10.434334,2.6933653,55.955734,0.0,26.68728873999868,5.146230080469999
2018-03-05 00:00:00+00:00,-34.925,-71.28305,212.0,open-meteo_ecmwf_ifs,daily,30.0135,13.0135,25.75,7.4030843,3.4998932,43.573074,0.0,26.510715498347672,5.778968110401661
2018-03-06 00:00:00+00:00,-34.925,-71.28305,212.0,open-meteo_ecmwf_ifs,daily,30.713501,13.3135,25.39,6.8926663,1.9864565,40.811604,0.0,26.33268180876873,5.030596839175902
2018-03-07 00:00:00+00:00,-34.925,-71.28305,212.0,open-meteo_ecmwf_ifs,daily,25.6635,14.7635,21.09,13.217667,2.196107,70.27065,0.0,26.153240920648088,3.949963557783243
2018-03-08 00:00:00+00:00,-34.925,-71.28305,212.0,open-meteo_ecmwf_ifs,daily,27.463501,13.4635,23.82,13.128083,1.7487985,68.625374,0.0,25.972447247665215,4.177062435195705
2018-03-09 00:00:00+00:00,-34.925,-71.28305,212.0,open-meteo_ecmwf_ifs,daily,26.5135,13.8135,23.57,12.523918,2.0155475,66.74972,0.0,25.790356345367517,4.196073844095244
2018-03-10 00:00:00+00:00,-34.925,-71.28305,212.0,open-meteo_ecmwf_ifs,daily,24.6135,14.4135,20.77,11.303085,2.5695837,66.274895,0.0,25.607024886642158,4.030647875962187
2018-03-11 00:00:00+00:00,-34.925,-71.28305,212.0,open-meteo_ecmwf_ifs,daily,27.213501,10.9135,25.03,3.0218334,4.6701026,38.181843,0.0,25.422510635113486,5.953847745108665
2018-03-12 00:00:00+00:00,-34.925,-71.28305,212.0,open-meteo_ecmwf_ifs,daily,25.3135,12.2635,22.52,8.630167,4.0756125,56.611256,0.0,25.236872416500873,4.763252618386069
2018-03-13 00:00:00+00:00,-34.925,-71.28305,212.0,open-meteo_ecmwf_ifs,daily,25.2635,10.2635,24.65,5.478083,3.8505957,49.75562,0.0,25.050170087977033,4.964307506088885
2018-03-14 00:00:00+00:00,-34.925,-71.28305,212.0,open-meteo_ecmwf_ifs,daily,22.963501,10.2635,23.72,4.940583,2.8871489,49.34787,0.0,24.862464505572927,4.323082231542163
2018-03-15 00:00:00+00:00,-34.925,-71.28305,212.0,open-meteo_ecmwf_ifs,daily,26.6135,11.5635,23.25,8.923918,2.7044134,61.768482,0.0,24.673817489680562,4.379707165566616
2018-03-16 00:00:00+00:00,-34.925,-71.28305,212.0,open-meteo_ecmwf_ifs,daily,25.8635,10.613501,23.85,5.615583,2.457426,48.040104,0.0,24.484291788710195,4.39859118406936
2018-03-17 00:00:00+00:00,-34.925,-71.28305,212.0,open-meteo_ecmwf_ifs,daily,16.6135,12.0135,5.6,12.059334,2.9405458,86.18078,29.400002,24.293951040963922,1.345602588745829
2018-03-18 00:00:00+00:00,-34.925,-71.28305,212.0,open-meteo_ecmwf_ifs,daily,21.3635,9.113501,22.49,9.378083,2.797778,75.78284,0.2,24.102859734792137,3.3963808024407456
2018-03-19 00:00:00+00:00,-34.925,-71.28305,212.0,open-meteo_ecmwf_ifs,daily,22.463501,8.8135,21.38,8.876002,2.1203582,68.7746,0.0,23.911083167104355,3.313257731600088
2018-03-20 00:00:00+00:00,-34.925,-71.28305,212.0,open-meteo_ecmwf_ifs,daily,24.713501,10.363501,21.11,11.186418,2.2409422,72.98135,0.0,23.718687400310245,3.45586986368017
2018-03-21 00:00:00+00:00,-34.925,-71.28305,212.0,open-meteo_ecmwf_ifs,daily,25.3635,10.4635,22.26,11.71975,1.5710273,69.15996,0.0,23.525739217770997,3.442725950911811
2018-03-22 00:00:00+00:00,-34.925,-71.28305,212.0,open-meteo_ecmwf_ifs,daily,24.4135,10.5635,21.32,9.503083,1.3029169,64.97366,0.0,23.332306077845146,3.307394551012937
2018-03-23 00:00:00+00:00,-34.925,-71.28305,212.0,open-meteo_ecmwf_ifs,daily,24.713501,14.613501,18.01,12.836417,1.8700489,72.83808,0.70000005,23.13845606661681,3.277982920811507
2018-03-24 00:00:00+00:00,-34.925,-71.28305,212.0,open-meteo_ecmwf_ifs,daily,23.1135,11.363501,22.2,8.180166,4.517892,61.256805,0.0,22.944257849397633,4.311170447605142
2018-03-25 00:00:00+00:00,-34.925,-71.28305,212.0,open-meteo_ecmwf_ifs,daily,24.713501,9.2135,21.07,6.940584,3.0198104,62.110622,0.0,22.749780621097024,3.8865571952054863
2018-03-26 00:00:00+00:00,-34.925,-71.28305,212.0,open-meteo_ecmwf_ifs,daily,24.1135,11.4635,20.24,9.184335,2.6562364,63.392338,0.0,22.5550940555583,3.6438039927887536
2018-03-27 00:00:00+00:00,-34.925,-71.28305,212.0,open-meteo_ecmwf_ifs,daily,25.1635,11.8135,18.94,10.634333,2.3050063,69.375534,0.0,22.36026825396073,3.412966823066985
2018-03-28 00:00:00+00:00,-34.925,-71.28305,212.0,open-meteo_ecmwf_ifs,daily,27.1135,11.9635,18.86,9.819751,2.382646,63.014698,0.0,22.165373692390077,3.685454599063608
2018-03-29 00:00:00+00:00,-34.925,-71.28305,212.0,open-meteo_ecmwf_ifs,daily,29.3635,15.5135,18.78,12.698917,3.5689456,65.58326,0.0,21.970481168682117,4.455148470470941
2018-03-30 00:00:00+00:00,-34.925,-71.28305,212.0,open-meteo_ecmwf_ifs,daily,28.5635,13.0635,19.32,9.434334,3.7594998,53.659725,0.0,21.775661748645387,4.57243042790799
2018-03-31 00:00:00+00:00,-34.925,-71.28305,212.0,open-meteo_ecmwf_ifs,daily,25.8135,14.7135,16.94,12.969752,1.9711205,68.2107,0.0,21.580986711770898,3.186245907939788
2018-04-01 00:00:00+00:00,-34.925,-71.28305,212.0,open-meteo_ecmwf_ifs,daily,26.463501,12.4635,18.05,12.403084,1.4338514,69.4512,0.0,21.38652749653765,3.0159184340780825
2018-04-02 00:00:00+00:00,-34.925,-71.28305,212.0,open-meteo_ecmwf_ifs,daily,26.1635,12.363501,19.51,12.29475,1.4138175,69.76418,0.0,21.192355645423493,3.107928579077334
2018-04-03 00:00:00+00:00,-34.925,-71.28305,212.0,open-meteo_ecmwf_ifs,daily,25.713501,11.613501,18.12,12.234333,1.1700168,73.991104,0.0,20.998542749731588,2.8159593296448038
2018-04-04 00:00:00+00:00,-34.925,-71.28305,212.0,open-meteo_ecmwf_ifs,daily,25.713501,13.113501,16.74,13.073918,1.6072693,74.13743,0.0,20.80516039434282,2.8540540361684537
2018-04-05 00:00:00+00:00,-34.925,-71.28305,212.0,open-meteo_ecmwf_ifs,daily,20.8135,11.9635,16.78,9.890584,4.2319627,70.21395,0.2,20.61228010250435,3.1779169517540344
2018-04-06 00:00:00+00:00,-34.925,-71.28305,212.0,open-meteo_ecmwf_ifs,daily,22.1635,9.9135,14.54,7.7051673,2.708758,61.777164,3.1,20.419973280764243,2.8822222489552143
2018-04-07 00:00:00+00:00,-34.925,-71.28305,212.0,open-meteo_ecmwf_ifs,daily,21.213501,10.363501,9.56,8.271833,1.599388,67.453964,0.7,20.228311164161315,2.060702227701433
2018-04-08 00:00:00+00:00,-34.925,-71.28305,212.0,open-meteo_ecmwf_ifs,daily,24.713501,8.9635,18.45,9.765582,1.5487362,70.40603,0.0,20.03736476177837,2.7456495832417835
2018-04-09 00:00:00+00:00,-34.925,-71.28305,212.0,open-meteo_ecmwf_ifs,daily,21.4135,10.2635,17.57,9.6385,2.825936,69.03786,0.0,19.84720480276574,2.812859581426143
2018-04-10 00:00:00+00:00,-34.925,-71.28305,212.0,open-meteo_ecmwf_ifs,daily,20.0635,12.613501,7.66,11.463501,3.960872,80.45581,6.8999996,19.65790168294052,2.150866921739187
2018-04-11 00:00:00+00:00,-34.925,-71.28305,212.0,open-meteo_ecmwf_ifs,daily,17.9135,12.7135,4.04,13.103084,4.5683804,88.85773,14.3,19.469525412064915,1.27166015374057
2018-04-12 00:00:00+00:00,-34.925,-71.28305,212.0,open-meteo_ecmwf_ifs,daily,18.0635,6.8635,17.83,7.215584,3.4254396,73.62086,1.2,19.2821455619053,2.4478904806911506
2018-04-13 00:00:00+00:00,-34.925,-71.28305,212.0,open-meteo_ecmwf_ifs,daily,20.963501,8.6635,16.69,9.6385,1.3672485,74.97634,0.0,19.09583121517087,2.2291815159567148
2018-04-14 00:00:00+00:00,-34.925,-71.28305,212.0,open-meteo_ecmwf_ifs,daily,20.4135,9.363501,14.93,9.90725,2.2021606,79.148865,0.1,18.91065091542852,2.2301013100473526
2018-04-15 00:00:00+00:00,-34.925,-71.28305,212.0,open-meteo_ecmwf_ifs,daily,20.1635,11.0635,11.93,11.659333,1.9061666,82.99934,0.0,18.726672618087445,1.9002957169571322
2018-04-16 00:00:00+00:00,-34.925,-71.28305,212.0,open-meteo_ecmwf_ifs,daily,19.6635,10.8135,9.68,12.217668,1.8385943,83.58732,0.0,18.54396364254405,1.593154851347081
2018-04-17 00:00:00+00:00,-34.925,-71.28305,212.0,open-meteo_ecmwf_ifs,daily,19.0635,12.2635,13.71,12.153083,3.5085669,82.49498,0.0,18.36259062557438,2.1183081781857234
2018-04-18 00:00:00+00:00,-34.925,-71.28305,212.0,open-meteo_ecmwf_ifs,daily,17.6135,8.1635,13.95,8.011416,3.1179016,74.33503,0.0,18.18261947605774,2.0980789635000168
2018-04-19 00:00:00+00:00,-34.925,-71.28305,212.0,open-meteo_ecmwf_ifs,daily,20.6135,7.9635,15.26,10.134334,1.8585529,79.64913,0.0,18.004115331111496,2.0067147947640525
2018-04-20 00:00:00+00:00,-34.925,-71.28305,212.0,open-meteo_ecmwf_ifs,daily,21.1135,12.7135,13.55,12.567666,2.5265183,83.69416,0.0,17.82714251371304,2.178747828852757
2018-04-21 00:00:00+00:00,-34.925,-71.28305,212.0,open-meteo_ecmwf_ifs,daily,21.0135,11.863501,14.22,11.686417,2.404563,81.622536,0.0,17.651764491880872,2.207014709114941
2018-04-22 00:00:00+00:00,-34.925,-71.28305,212.0,open-meteo_ecmwf_ifs,daily,21.2635,10.613501,13.7,12.088501,2.3545368,83.236275,0.0,17.47804383948234,2.006794372295714
2018-04-23 00:00:00+00:00,-34.925,-71.28305,212.0,open-meteo_ecmwf_ifs,daily,19.1635,9.4635,13.57,9.905166,3.056249,77.83924,0.0,17.306042198731312,2.0410161748395086
2018-04-24 00:00:00+00:00,-34.925,-71.28305,212.0,open-meteo_ecmwf_ifs,daily,19.4135,8.613501,13.79,8.680165,1.9141124,77.54468,0.0,17.135820244434118,1.9383876429153135
2018-04-25 00:00:00+00:00,-34.925,-71.28305,212.0,open-meteo_ecmwf_ifs,daily,20.7635,8.7135,14.52,9.038501,1.7532678,78.11448,0.0,16.967437650037677,2.0048427633199912
2018-04-26 00:00:00+00:00,-34.925,-71.28305,212.0,open-meteo_ecmwf_ifs,daily,21.213501,6.8135004,15.82,6.8635006,1.7518686,66.76719,0.0,16.800953055528662,2.1030981271360725
2018-04-27 00:00:00+00:00,-34.925,-71.28305,212.0,open-meteo_ecmwf_ifs,daily,17.9135,11.2135,8.52,10.53225,2.98933,80.53309,0.0,16.63642403722731,1.67271189251641
2018-04-28 00:00:00+00:00,-34.925,-71.28305,212.0,open-meteo_ecmwf_ifs,daily,20.1635,8.0135,10.62,7.459333,2.1107633,72.744095,0.0,16.47390707951492,1.890875344566171
2018-04-29 00:00:00+00:00,-34.925,-71.28305,212.0,open-meteo_ecmwf_ifs,daily,18.713501,7.6635003,12.1,9.415584,1.376125,82.38122,0.0,16.31345754852805,1.5153807585449395
2018-04-30 00:00:00+00:00,-34.925,-71.28305,212.0,open-meteo_ecmwf_ifs,daily,19.4135,8.613501,14.13,8.6885,1.8418618,77.73559,0.0,16.155129667847792,1.8505292524875074
2018-05-01 00:00:00+00:00,-34.925,-71.28305,212.0,open-meteo_ecmwf_ifs,daily,20.1635,7.2135,14.13,8.961416,1.4005299,79.868225,0.0,15.998976496206643,1.683999842969714
2018-05-02 00:00:00+00:00,-34.925,-71.28305,212.0,open-meteo_ecmwf_ifs,daily,19.4135,9.363501,11.19,10.496834,1.4553839,83.30714,0.0,15.845049907230024,1.5089531062884785
2018-05-03 00:00:00+00:00,-34.925,-71.28305,212.0,open-meteo_ecmwf_ifs,daily,19.6635,8.863501,11.96,9.634334,2.6411765,77.33058,0.0,15.69340057122418,1.7990338026113148
2018-05-04 00:00:00+00:00,-34.925,-71.28305,212.0,open-meteo_ecmwf_ifs,daily,22.3635,9.7135,11.79,10.236419,2.1780903,77.574776,0.0,15.544077939016184,1.9254269183235913
2018-05-05 00:00:00+00:00,-34.925,-71.28305,212.0,open-meteo_ecmwf_ifs,daily,22.5635,10.9635,13.46,11.009334,1.9847652,79.66737,0.0,15.397130227846512,1.9854130951770599
2018-05-06 00:00:00+00:00,-34.925,-71.28305,212.0,open-meteo_ecmwf_ifs,daily,21.4135,11.8135,11.26,11.607249,1.4839602,82.29582,0.0,15.25260440930863,1.6627811904048855
2018-05-07 00:00:00+00:00,-34.925,-71.28305,212.0,open-meteo_ecmwf_ifs,daily,17.463501,12.5635,6.0,12.582252,1.1830428,87.42629,1.1,15.110546199324459,1.0452535321138785
2018-05-08 00:00:00+00:00,-34.925,-71.28305,212.0,open-meteo_ecmwf_ifs,daily,20.7635,11.363501,10.68,11.046834,1.4957795,82.89658,0.0,14.971000050138988,1.5819258535376837
2018-05-09 00:00:00+00:00,-34.925,-71.28305,212.0,open-meteo_ecmwf_ifs,daily,18.8135,10.7635,8.95,9.882249,1.1481334,80.08685,0.0,14.834009144311347,1.3352607632697286
2018-05-10 00:00:00+00:00,-34.925,-71.28305,212.0,open-meteo_ecmwf_ifs,daily,18.0635,8.7635,10.98,9.315584,1.489278,83.617134,0.0,14.699615390674177,1.3727833778929128
2018-05-11 00:00:00+00:00,-34.925,-71.28305,212.0,open-meteo_ecmwf_ifs,daily,18.463501,8.0635,12.12,8.396832,2.6836894,79.06909,0.0,14.567859422227428,1.6823866968982593
2018-05-12 00:00:00+00:00,-34.925,-71.28305,212.0,open-meteo_ecmwf_ifs,daily,21.9135,9.8135,11.28,9.986418,1.3746738,80.1623,0.0,14.438780595927073,1.5661688372181781
2018-05-13 00:00:00+00:00,-34.925,-71.28305,212.0,open-meteo_ecmwf_ifs,daily,19.4135,8.7635,11.6,9.478083,1.3559698,81.904,0.0,14.312416994323748,1.399322988760796
2018-05-14 00:00:00+00:00,-34.925,-71.28305,212.0,open-meteo_ecmwf_ifs,daily,15.5635,10.7635,4.28,10.236418,1.2087473,83.78391,11.5,14.188805429000956,0.9131487430804696
2018-05-15 00:00:00+00:00,-34.925,-71.28305,212.0,open-meteo_ecmwf_ifs,daily,12.4635,8.9135,3.99,7.303084,2.3123686,80.210495,0.3,14.067981445756963,1.0257128817974963
2018-05-16 00:00:00+00:00,-34.925,-71.28305,212.0,open-meteo_ecmwf_ifs,daily,15.1635,8.5135,5.22,7.223917,1.4129254,78.26827,0.8,13.949979331469393,1.0731581708486686
2018-05-17 00:00:00+00:00,-34.925,-71.28305,212.0,open-meteo_ecmwf_ifs,daily,16.5135,9.7135,8.1,8.580167,1.6138119,78.801025,3.8,13.834832122576508,1.2379613680935635
2018-05-18 00:00:00+00:00,-34.925,-71.28305,212.0,open-meteo_ecmwf_ifs,daily,16.3635,7.7135,11.23,8.753084,3.1198347,85.7459,0.0,13.722571615104043,1.3481955589386028
2018-05-19 00:00:00+00:00,-34.925,-71.28305,212.0,open-meteo_ecmwf_ifs,daily,17.1635,6.0135,10.75,6.7447505,2.5825305,80.37639,0.0,13.613228376161947,1.437542697890701
2018-05-20 00:00:00+00:00,-34.925,-71.28305,212.0,open-meteo_ecmwf_ifs,daily,16.3135,7.5135,8.96,8.067668,2.2293942,83.9537,0.0,13.506831756830527,1.2278155977440752
2018-05-21 00:00:00+00:00,-34.925,-71.28305,212.0,open-meteo_ecmwf_ifs,daily,13.613501,6.8135004,8.99,8.121834,3.0312788,87.90014,0.0,13.4034099063514,0.9854610076673247
2018-05-22 00:00:00+00:00,-34.925,-71.28305,212.0,open-meteo_ecmwf_ifs,daily,14.613501,4.3635,11.06,4.6051664,2.4282155,80.53192,0.0,13.302989787534452,1.2863328108782306
2018-05-23 00:00:00+00:00,-34.925,-71.28305,212.0,open-meteo_ecmwf_ifs,daily,16.7635,4.9635,10.57,5.10725,1.5958352,80.190544,0.0,13.205597193288085,1.229923297848426
2018-05-24 00:00:00+00:00,-34.925,-71.28305,212.0,open-meteo_ecmwf_ifs,daily,17.6135,4.6635003,9.84,6.509333,1.7438933,85.33282,0.0,13.111256764176558,1.170585698669605
2018-05-25 00:00:00+00:00,-34.925,-71.28305,212.0,open-meteo_ecmwf_ifs,daily,19.963501,5.7135,10.98,7.688501,0.984986,80.20358,0.0,13.019992006904898,1.1079603518540722
2018-05-26 00:00:00+00:00,-34.925,-71.28305,212.0,open-meteo_ecmwf_ifs,daily,14.7135,8.0135,7.79,8.011416,1.8085302,85.13734,0.90000004,12.931825313628998,1.020249041457958
2018-05-27 00:00:00+00:00,-34.925,-71.28305,212.0,open-meteo_ecmwf_ifs,daily,17.6135,6.6635003,7.61,8.140583,0.95518106,82.3278,0.0,12.846777981985674,0.9372838136484818
2018-05-28 00:00:00+00:00,-34.925,-71.28305,212.0,open-meteo_ecmwf_ifs,daily,13.6635,10.6635,1.87,10.734334,1.6300654,91.42386,3.3,12.764870235735605,0.6512453387853537
2018-05-29 00:00:00+00:00,-34.925,-71.28305,212.0,open-meteo_ecmwf_ifs,daily,13.4135,9.613501,1.52,10.09475,3.8361118,87.44413,47.299995,12.686121245909836,0.714301037978662
2018-05-30 00:00:00+00:00,-34.925,-71.28305,212.0,open-meteo_ecmwf_ifs,daily,12.1635,6.8635,6.01,6.580168,3.4140117,83.748146,5.6999993,12.610549152349344,1.0135208281628183
2018-05-31 00:00:00+00:00,-34.925,-71.28305,212.0,open-meteo_ecmwf_ifs,daily,9.7635,3.6635,8.33,3.6364167,2.7019784,84.059456,0.0,12.538171085525972,0.8973776454427069
2018-06-01 00:00:00+00:00,-34.925,-71.28305,212.0,open-meteo_ecmwf_ifs,daily,12.613501,2.1635,9.95,3.5947504,1.4388733,84.496635,0.0,12.469003188532643,0.8565292486482394
2018-06-02 00:00:00+00:00,-34.925,-71.28305,212.0,open-meteo_ecmwf_ifs,daily,13.4135,1.0135,11.46,2.7843335,1.0420669,76.3514,0.0,12.403060639130372,0.8215134690115855
2018-06-03 00:00:00+00:00,-34.925,-71.28305,212.0,open-meteo_ecmwf_ifs,daily,12.4135,2.9635,8.42,4.1322503,1.4811357,82.38407,0.4,12.340357671740199,0.8286879548376166
2018-06-04 00:00:00+00:00,-34.925,-71.28305,212.0,open-meteo_ecmwf_ifs,daily,8.2635,0.8635,5.68,1.9739169,2.101084,83.12642,0.1,12.280907599268806,0.687858770283189
2018-06-05 00:00:00+00:00,-34.925,-71.28305,212.0,open-meteo_ecmwf_ifs,daily,5.0135,-0.18649995,2.14,1.0884999,1.3104228,89.82999,0.8,12.224722834657896,0.4596514845004605
2018-06-06 00:00:00+00:00,-34.925,-71.28305,212.0,open-meteo_ecmwf_ifs,daily,12.8135,3.0135,9.82,3.6843328,3.3305473,81.600716,0.0,12.17181491204934,1.1431729770619639
2018-06-07 00:00:00+00:00,-34.925,-71.28305,212.0,open-meteo_ecmwf_ifs,daily,13.2635,1.7135,9.62,3.0010002,2.0517485,82.43007,0.0,12.12219450746018,0.9682729028998316
2018-06-08 00:00:00+00:00,-34.925,-71.28305,212.0,open-meteo_ecmwf_ifs,daily,16.3635,5.5635004,7.17,2.1280835,1.0566298,60.915512,0.0,12.075871458864572,1.0590269465226405
2018-06-09 00:00:00+00:00,-34.925,-71.28305,212.0,open-meteo_ecmwf_ifs,daily,13.6635,8.3135,1.45,9.048918,4.341244,89.371025,26.8,12.032854785582751,0.8349794102879277
2018-06-10 00:00:00+00:00,-34.925,-71.28305,212.0,open-meteo_ecmwf_ifs,daily,11.4635,6.6135,3.88,6.9322505,4.6324563,86.79816,27.199999,11.993152706881254,0.8575288525756429
2018-06-11 00:00:00+00:00,-34.925,-71.28305,212.0,open-meteo_ecmwf_ifs,daily,8.863501,2.0635,3.64,4.765583,3.0561848,91.63144,37.399994,11.956772659692389,0.46102763420040216
2018-06-12 00:00:00+00:00,-34.925,-71.28305,212.0,open-meteo_ecmwf_ifs,daily,11.7135,0.9635,10.95,1.6176667,1.4876179,80.31448,0.5,11.92372131536599,0.8295577766128489
2018-06-13 00:00:00+00:00,-34.925,-71.28305,212.0,open-meteo_ecmwf_ifs,daily,10.2635,1.1135001,10.21,1.9072503,2.1571624,84.88377,0.0,11.894004595371545,0.8374018819020475
2018-06-14 00:00:00+00:00,-34.925,-71.28305,212.0,open-meteo_ecmwf_ifs,daily,9.9635,0.31350005,9.77,1.5593337,1.6626865,85.862236,0.0,11.867627685874169,0.7395664111269171
2018-06-15 00:00:00+00:00,-34.925,-71.28305,212.0,open-meteo_ecmwf_ifs,daily,12.7135,3.5135,7.82,2.0926669,2.0441504,73.1594,0.0,11.844595051114016,1.0904246285928436
2018-06-16 00:00:00+00:00,-34.925,-71.28305,212.0,open-meteo_ecmwf_ifs,daily,15.0135,5.0635004,9.62,6.119751,1.8734298,85.83691,0.0,11.82491044552508,0.954417702738114
2018-06-17 00:00:00+00:00,-34.925,-71.28305,212.0,open-meteo_ecmwf_ifs,daily,16.3135,7.6135,9.01,9.117667,1.5535966,90.44394,0.0,11.808576924535723,0.8817701672554362
2018-06-18 00:00:00+00:00,-34.925,-71.28305,212.0,open-meteo_ecmwf_ifs,daily,16.8135,8.0135,8.49,9.094751,1.2687361,90.639656,0.0,11.79559685400055,0.8817843674874308
2018-06-19 00:00:00+00:00,-34.925,-71.28305,212.0,open-meteo_ecmwf_ifs,daily,13.613501,7.8135004,6.9,8.490583,1.6808447,90.679474,0.0,11.785971918220302,0.7699026841232182
2018-06-20 00:00:00+00:00,-34.925,-71.28305,212.0,open-meteo_ecmwf_ifs,daily,12.363501,8.5635,7.89,9.23225,2.378739,92.70044,0.0,11.779703126513855,0.6962431241716931
2018-06-21 00:00:00+00:00,-34.925,-71.28305,212.0,open-meteo_ecmwf_ifs,daily,12.6635,3.3135,10.43,4.1135,3.6532652,80.52009,0.0,11.776790818314288,1.0983790576674948
2018-06-22 00:00:00+00:00,-34.925,-71.28305,212.0,open-meteo_ecmwf_ifs,daily,11.0135,3.9135,8.46,4.738499,2.8156443,87.057106,0.0,11.777234666768438,0.8302654808458173
2018-06-23 00:00:00+00:00,-34.925,-71.28305,212.0,open-meteo_ecmwf_ifs,daily,12.6635,4.1635003,8.52,5.415583,2.511711,89.98934,0.0,11.78103368082765,0.8714166809393155
2018-06-24 00:00:00+00:00,-34.925,-71.28305,212.0,open-meteo_ecmwf_ifs,daily,14.113501,4.5135,8.98,6.186417,1.9305979,88.567314,0.0,11.788186205825019,0.857373635547914
2018-06-25 00:00:00+00:00,-34.925,-71.28305,212.0,open-meteo_ecmwf_ifs,daily,13.2635,4.8135004,9.69,6.186417,1.9851718,86.95856,0.0,11.798689922542676,0.8347869096976986
2018-06-26 00:00:00+00:00,-34.925,-71.28305,212.0,open-meteo_ecmwf_ifs,daily,9.8135,6.2135,1.29,5.5655837,1.1864148,83.14274,1.8,11.812541844780425,0.6239026903052479
2018-06-27 00:00:00+00:00,-34.925,-71.28305,212.0,open-meteo_ecmwf_ifs,daily,16.5135,7.2135,8.29,8.742667,1.8060131,88.69067,0.0,11.829738315444953,0.9274127063787881
2018-06-28 00:00:00+00:00,-34.925,-71.28305,212.0,open-meteo_ecmwf_ifs,daily,13.4135,8.7135,2.68,9.134334,1.9556261,93.11343,3.3,11.850275001186684,0.7101112811294338
2018-06-29 00:00:00+00:00,-34.925,-71.28305,212.0,open-meteo_ecmwf_ifs,daily,15.3135,8.0135,7.95,9.319751,1.2898225,92.49006,3.3999999,11.874146885618686,0.7958982566434399
2018-06-30 00:00:00+00:00,-34.925,-71.28305,212.0,open-meteo_ecmwf_ifs,daily,13.113501,8.613501,5.12,8.965584,1.4817446,91.93329,0.0,11.901348261159628,0.7097860284628581
2018-07-01 00:00:00+00:00,-34.925,-71.28305,212.0,open-meteo_ecmwf_ifs,daily,12.863501,5.8635,4.15,7.3343334,1.7506719,90.55709,2.7,11.931872719549794,0.693974500543796
2018-07-02 00:00:00+00:00,-34.925,-71.28305,212.0,open-meteo_ecmwf_ifs,daily,17.713501,8.4635,8.91,8.3135,1.7814084,79.093956,2.8999999,11.965713141095994,1.1385791488997785
2018-07-03 00:00:00+00:00,-34.925,-71.28305,212.0,open-meteo_ecmwf_ifs,daily,15.6635,7.7135,6.14,9.482251,2.6300511,87.897896,1.7,12.00286168270778,0.8755547904001671
2018-07-04 00:00:00+00:00,-34.925,-71.28305,212.0,open-meteo_ecmwf_ifs,daily,13.9135,8.7635,2.8,8.961417,2.8695858,89.34704,24.3,12.043309764793491,0.8608441245278289
2018-07-05 00:00:00+00:00,-34.925,-71.28305,212.0,open-meteo_ecmwf_ifs,daily,13.2135,8.4135,2.34,8.776001,3.3757505,86.9263,16.699999,12.087048057090469,0.8140438774645032
2018-07-06 00:00:00+00:00,-34.925,-71.28305,212.0,open-meteo_ecmwf_ifs,daily,13.0635,9.8135,4.41,8.826001,3.1382897,86.72106,22.599997,12.13406646350914,0.9548888522217718
2018-07-07 00:00:00+00:00,-34.925,-71.28305,212.0,open-meteo_ecmwf_ifs,daily,16.3635,7.0635004,9.65,8.21975,1.6534859,83.30277,7.1000004,12.184354106075586,0.9885406466751824
2018-07-08 00:00:00+00:00,-34.925,-71.28305,212.0,open-meteo_ecmwf_ifs,daily,14.4635,4.7635,10.24,6.4405837,2.320412,86.3158,0.0,12.237899308061886,0.9758910524537857
2018-07-09 00:00:00+00:00,-34.925,-71.28305,212.0,open-meteo_ecmwf_ifs,daily,17.5135,0.61350006,11.12,5.40725,0.7156257,83.80799,0.0,12.294689576397184,0.7795005276889716
2018-07-10 00:00:00+00:00,-34.925,-71.28305,212.0,open-meteo_ecmwf_ifs,daily,12.8135,6.4635,5.08,8.192668,1.5482779,90.47214,0.0,12.354711583456544,0.6654471581751378
2018-07-11 00:00:00+00:00,-34.925,-71.28305,212.0,open-meteo_ecmwf_ifs,daily,13.113501,6.9135003,8.57,7.509334,1.8833904,89.06345,0.0,12.417951148327166,0.8711921047027384
2018-07-12 00:00:00+00:00,-34.925,-71.28305,212.0,open-meteo_ecmwf_ifs,daily,14.2135,6.0635004,8.31,7.228084,2.2977018,89.11797,0.0,12.484393217654542,0.9593732043001009
2018-07-13 00:00:00+00:00,-34.925,-71.28305,212.0,open-meteo_ecmwf_ifs,daily,16.3635,8.3135,7.81,9.934334,1.7715858,92.917076,0.0,12.554021846173084,0.9263751963757632
2018-07-14 00:00:00+00:00,-34.925,-71.28305,212.0,open-meteo_ecmwf_ifs,daily,15.6635,10.6635,5.84,10.678084,1.3898754,89.31373,0.0,12.626820177027291,0.875564510962744
2018-07-15 00:00:00+00:00,-34.925,-71.28305,212.0,open-meteo_ecmwf_ifs,daily,12.9635,8.1635,8.3,7.4260006,3.0804863,80.91869,0.90000004,12.702770421990811,1.1012781812813477
2018-07-16 00:00:00+00:00,-34.925,-71.28305,212.0,open-meteo_ecmwf_ifs,daily,11.4135,5.0635004,8.72,4.971833,3.336319,82.35043,0.0,12.781853841691369,1.0589613398699038
2018-07-17 00:00:00+00:00,-34.925,-71.28305,212.0,open-meteo_ecmwf_ifs,daily,9.5135,4.1635003,6.3,3.992667,2.329584,83.79371,0.0,12.864050725949522,0.8370711436044136
2018-07-18 00:00:00+00:00,-34.925,-71.28305,212.0,open-meteo_ecmwf_ifs,daily,9.4635,0.81350005,10.33,1.7530837,1.8101462,81.68047,0.0,12.949340374339327,0.8477611026701511
2018-07-19 00:00:00+00:00,-34.925,-71.28305,212.0,open-meteo_ecmwf_ifs,daily,9.3135,-2.2865,12.17,-0.48858336,1.8122989,77.880974,0.0,13.037701077077958,0.8654531345213717
2018-07-20 00:00:00+00:00,-34.925,-71.28305,212.0,open-meteo_ecmwf_ifs,daily,12.4135,-1.1865001,12.41,-0.76983327,1.5140947,72.074165,0.0,13.129110096350264,1.0418284972857366
2018-07-21 00:00:00+00:00,-34.925,-71.28305,212.0,open-meteo_ecmwf_ifs,daily,9.113501,1.3635001,7.07,1.3843333,2.1601853,78.82586,0.0,13.223543648172917,0.9034279675307602
2018-07-22 00:00:00+00:00,-34.925,-71.28305,212.0,open-meteo_ecmwf_ifs,daily,11.0135,2.2635,11.63,2.9259996,3.3465621,81.605064,2.7,13.32097688490064,1.1358892850175328
2018-07-23 00:00:00+00:00,-34.925,-71.28305,212.0,open-meteo_ecmwf_ifs,daily,11.8135,-3.1365001,12.34,-0.32191658,2.2832112,78.38836,0.0,13.421383878474778,1.0394217299201167
2018-07-24 00:00:00+00:00,-34.925,-71.28305,212.0,open-meteo_ecmwf_ifs,daily,13.9635,-1.6365001,12.58,2.1947503,1.4171839,80.90135,0.0,13.524737604512032,0.9663587327265013
2018-07-25 00:00:00+00:00,-34.925,-71.28305,212.0,open-meteo_ecmwf_ifs,daily,13.2635,0.36350003,11.92,3.1572502,1.3586392,83.69565,0.0,13.631009927327966,0.9659483442606212
2018-07-26 00:00:00+00:00,-34.925,-71.28305,212.0,open-meteo_ecmwf_ifs,daily,11.9635,4.1135,8.73,5.478084,1.1765167,89.57853,0.0,13.740171585986767,0.8613355558218262
2018-07-27 00:00:00+00:00,-34.925,-71.28305,212.0,open-meteo_ecmwf_ifs,daily,9.863501,3.6635,3.72,5.3697495,2.277166,91.05044,0.90000004,13.852192181465297,0.6394089127964954
2018-07-28 00:00:00+00:00,-34.925,-71.28305,212.0,open-meteo_ecmwf_ifs,daily,13.2135,1.8635001,11.91,4.9322505,1.1803126,88.7345,0.0,13.967040165015499,0.9536540613952813
2018-07-29 00:00:00+00:00,-34.925,-71.28305,212.0,open-meteo_ecmwf_ifs,daily,12.863501,3.1635,10.86,4.6968336,1.4908062,85.81973,0.0,14.084682827805308,1.0244834481353902
2018-07-30 00:00:00+00:00,-34.925,-71.28305,212.0,open-meteo_ecmwf_ifs,daily,13.7135,1.8134999,12.73,4.2218337,2.536526,84.51398,0.0,14.205086291914002,1.1947003505161686
2018-07-31 00:00:00+00:00,-34.925,-71.28305,212.0,open-meteo_ecmwf_ifs,daily,11.6635,2.1635,11.76,3.44475,2.3978915,83.894615,0.0,14.328215502753443,1.1227600699525913
2018-08-01 00:00:00+00:00,-34.925,-71.28305,212.0,open-meteo_ecmwf_ifs,daily,12.7635,1.5135,11.11,3.1176665,1.7324429,87.42258,0.0,14.454034222982079,1.1051093935645753
2018-08-02 00:00:00+00:00,-34.925,-71.28305,212.0,open-meteo_ecmwf_ifs,daily,9.613501,-0.28649998,5.34,3.430167,1.9473839,90.13114,0.5,14.582505027973776,0.6319949714744804
2018-08-03 00:00:00+00:00,-34.925,-71.28305,212.0,open-meteo_ecmwf_ifs,daily,14.5635,5.2635,12.47,5.659334,1.8844672,81.77271,3.0,14.713589302898866,1.333917557097822
2018-08-04 00:00:00+00:00,-34.925,-71.28305,212.0,open-meteo_ecmwf_ifs,daily,11.2135,1.3135,8.2,3.5530832,2.5091352,84.14376,0.0,14.847247241469365,0.9581426031429536
2018-08-05 00:00:00+00:00,-34.925,-71.28305,212.0,open-meteo_ecmwf_ifs,daily,12.0135,4.8135004,3.69,6.480166,1.0043968,92.01649,0.0,14.983437846395793,0.7099861144672787
2018-08-06 00:00:00+00:00,-34.925,-71.28305,212.0,open-meteo_ecmwf_ifs,daily,14.3135,5.2135,5.16,6.903084,1.3851036,87.35049,0.6,15.1221189315974,0.9099441889211638
2018-08-07 00:00:00+00:00,-34.925,-71.28305,212.0,open-meteo_ecmwf_ifs,daily,12.9635,5.4135003,10.77,7.376001,2.2250698,85.050316,18.6,15.263247126202419,1.0656799930401202
2018-08-08 00:00:00+00:00,-34.925,-71.28305,212.0,open-meteo_ecmwf_ifs,daily,16.5635,-0.08649999,14.69,3.2530835,2.5120726,77.23361,0.0,15.406777880370004,1.5287180819459354
2018-08-09 00:00:00+00:00,-34.925,-71.28305,212.0,open-meteo_ecmwf_ifs,daily,17.213501,3.4135,10.91,6.6135,1.5302047,84.60535,0.0,15.552665472959733,1.2732541845546457
2018-08-10 00:00:00+00:00,-34.925,-71.28305,212.0,open-meteo_ecmwf_ifs,daily,15.9135,2.1635,10.26,5.557251,1.6490002,82.79835,0.0,15.700863021069486,1.1979981844765466
2018-08-11 00:00:00+00:00,-34.925,-71.28305,212.0,open-meteo_ecmwf_ifs,daily,16.9135,4.8135004,11.2,6.9426665,1.3722118,80.41057,0.0,15.851322491457173,1.3286569634935625
2018-08-12 00:00:00+00:00,-34.925,-71.28305,212.0,open-meteo_ecmwf_ifs,daily,16.5635,5.8135004,11.67,7.5197506,1.3043269,87.57812,0.0,16.00399471385618,1.3530652291697656
2018-08-13 00:00:00+00:00,-34.925,-71.28305,212.0,open-meteo_ecmwf_ifs,daily,14.2135,6.7135,10.2,6.8614163,1.9391413,84.2097,1.4000001,16.158829396189304,1.3335651614632182
2018-08-14 00:00:00+00:00,-34.925,-71.28305,212.0,open-meteo_ecmwf_ifs,daily,15.0135,2.6134999,15.27,3.8384998,3.1814778,75.59193,0.0,16.315775141680714,1.7485457394311887
2018-08-15 00:00:00+00:00,-34.925,-71.28305,212.0,open-meteo_ecmwf_ifs,daily,17.0635,2.9135,14.01,4.946833,1.905755,77.829735,0.0,16.474779467859655,1.6192736340926885
2018-08-16 00:00:00+00:00,-34.925,-71.28305,212.0,open-meteo_ecmwf_ifs,daily,16.4135,5.6635003,12.26,6.973917,1.9084035,80.16218,0.0,16.635788827445218,1.5305516244302424
2018-08-17 00:00:00+00:00,-34.925,-71.28305,212.0,open-meteo_ecmwf_ifs,daily,14.6635,6.3135004,7.33,7.2989163,1.7313699,85.60566,0.1,16.798748631095584,1.1677725624008424
2018-08-18 00:00:00+00:00,-34.925,-71.28305,212.0,open-meteo_ecmwf_ifs,daily,12.8135,6.4635,14.91,5.9447513,4.861006,78.456406,5.6999993,16.963603272000416,1.7743257940643935
2018-08-19 00:00:00+00:00,-34.925,-71.28305,212.0,open-meteo_ecmwf_ifs,daily,16.3635,-0.28649998,16.22,1.6635,3.657244,71.87036,0.0,17.130296152290143,2.021919268995299
2018-08-20 00:00:00+00:00,-34.925,-71.28305,212.0,open-meteo_ecmwf_ifs,daily,19.3635,0.61350006,16.78,2.7572498,1.8161888,64.39512,0.0,17.29876971123042,1.943735385875696
2018-08-21 00:00:00+00:00,-34.925,-71.28305,212.0,open-meteo_ecmwf_ifs,daily,16.8635,4.7635,13.29,8.528084,0.75872755,87.93281,0.0,17.46896545516595,1.4301446522378973
2018-08-22 00:00:00+00:00,-34.925,-71.28305,212.0,open-meteo_ecmwf_ifs,daily,11.113501,7.1135,5.23,7.3822503,2.5927174,89.025246,1.5,17.64082398917243,0.9118912135581185
2018-08-23 00:00:00+00:00,-34.925,-71.28305,212.0,open-meteo_ecmwf_ifs,daily,12.2135,4.1135,6.7,5.792666,3.3747323,90.455376,27.6,17.81428505037114,1.0813530918584175
2018-08-24 00:00:00+00:00,-34.925,-71.28305,212.0,open-meteo_ecmwf_ifs,daily,12.2135,0.11350003,16.85,2.2426667,2.6807556,84.48863,0.0,17.989287542856157,1.5988021622340618
2018-08-25 00:00:00+00:00,-34.925,-71.28305,212.0,open-meteo_ecmwf_ifs,daily,16.963501,2.1635,16.92,3.4801667,4.669879,73.97731,0.0,18.165769574179475,2.3361540146548196
2018-08-26 00:00:00+00:00,-34.925,-71.28305,212.0,open-meteo_ecmwf_ifs,daily,20.4135,6.1135,15.99,8.51975,3.6948967,81.68887,0.0,18.343668493335556,2.297282657514873
2018-08-27 00:00:00+00:00,-34.925,-71.28305,212.0,open-meteo_ecmwf_ifs,daily,16.6635,10.113501,10.02,10.884334,1.1989917,88.67864,0.2,18.522920930182455,1.430356121378964
2018-08-28 00:00:00+00:00,-34.925,-71.28305,212.0,open-meteo_ecmwf_ifs,daily,13.9635,6.9135003,14.61,7.7676673,2.2263176,89.45466,0.0,18.703462836232504,1.648752323237783
2018-08-29 00:00:00+00:00,-34.925,-71.28305,212.0,open-meteo_ecmwf_ifs,daily,14.3135,5.5635004,8.33,6.976,2.5041797,88.88619,0.0,18.885229526742453,1.3186957985181282
2018-08-30 00:00:00+00:00,-34.925,-71.28305,212.0,open-meteo_ecmwf_ifs,daily,16.963501,7.9635,13.33,8.8135,1.8869406,84.99575,1.8000001,19.068155724028465,1.7974518163071578
2018-08-31 00:00:00+00:00,-34.925,-71.28305,212.0,open-meteo_ecmwf_ifs,daily,14.0135,6.3635,8.45,8.259335,1.3243176,88.25097,4.6000004,19.252175601928748,1.1797515076168206
2018-09-01 00:00:00+00:00,-34.925,-71.28305,212.0,open-meteo_ecmwf_ifs,daily,15.4635,6.3135004,16.47,8.028084,1.7428007,86.92193,1.5000001,19.437222831332917,1.8487681265408744
2018-09-02 00:00:00+00:00,-34.925,-71.28305,212.0,open-meteo_ecmwf_ifs,daily,15.6635,6.7135,16.19,7.432251,2.793567,85.82886,0.0,19.623230626694067,2.0109258036014803
2018-09-03 00:00:00+00:00,-34.925,-71.28305,212.0,open-meteo_ecmwf_ifs,daily,21.9135,7.8135004,18.79,8.976,3.6502447,77.10697,0.0,19.81013179343722,2.8944547305177637
2018-09-04 00:00:00+00:00,-34.925,-71.28305,212.0,open-meteo_ecmwf_ifs,daily,21.3635,9.3135,18.08,10.411419,2.312092,78.096146,0.0,19.99785877617456,2.583973276401485
2018-09-05 00:00:00+00:00,-34.925,-71.28305,212.0,open-meteo_ecmwf_ifs,daily,16.8135,9.863501,10.88,9.24475,2.3163364,81.38111,0.0,20.18634370763596,1.8387101275098023
2018-09-06 00:00:00+00:00,-34.925,-71.28305,212.0,open-meteo_ecmwf_ifs,daily,16.6635,8.1135,17.69,8.132251,3.7435417,82.71879,0.0,20.375518458220917,2.3837047433352962
2018-09-07 00:00:00+00:00,-34.925,-71.28305,212.0,open-meteo_ecmwf_ifs,daily,15.1635,4.1635003,17.53,4.155167,3.2871983,72.63654,0.0,20.56531468607597,2.296635863547774
2018-09-08 00:00:00+00:00,-34.925,-71.28305,212.0,open-meteo_ecmwf_ifs,daily,15.863501,5.2135,17.4,5.634334,3.09423,78.184296,0.0,20.75566388760044,2.277113046141606
2018-09-09 00:00:00+00:00,-34.925,-71.28305,212.0,open-meteo_ecmwf_ifs,daily,20.5635,7.0635004,17.46,8.246833,1.2511102,80.79066,0.0,20.946497448281242,2.363670274716853
2018-09-10 00:00:00+00:00,-34.925,-71.28305,212.0,open-meteo_ecmwf_ifs,daily,20.6635,5.9635,18.49,8.569751,2.3707385,81.410164,0.0,21.137746693756917,2.5136865623047098
2018-09-11 00:00:00+00:00,-34.925,-71.28305,212.0,open-meteo_ecmwf_ifs,daily,16.8635,8.3635,15.55,8.609333,2.8865154,78.89802,0.0,21.329342941009887,2.217842323130558
2018-09-12 00:00:00+00:00,-34.925,-71.28305,212.0,open-meteo_ecmwf_ifs,daily,15.9635,8.6635,15.84,8.803083,3.104906,82.309525,0.0,21.521217549585,2.165479317613115
2018-09-13 00:00:00+00:00,-34.925,-71.28305,212.0,open-meteo_ecmwf_ifs,daily,17.963501,6.9135003,15.06,8.115584,1.5210423,81.65801,0.0,21.71330197273277,2.0967444719453843
2018-09-14 00:00:00+00:00,-34.925,-71.28305,212.0,open-meteo_ecmwf_ifs,daily,18.4135,6.6635003,11.43,9.159333,1.2034296,84.361916,0.0,21.905527808374632,1.7197847819806853
2018-09-15 00:00:00+00:00,-34.925,-71.28305,212.0,open-meteo_ecmwf_ifs,daily,15.613501,9.9635,7.42,9.759334,1.5232455,84.25449,1.2,22.097826849788717,1.4051628190740633
2018-09-16 00:00:00+00:00,-34.925,-71.28305,212.0,open-meteo_ecmwf_ifs,daily,18.3135,6.7635,15.96,7.826,1.6278572,82.00631,0.0,22.290131135914283,2.249017179194898
2018-09-17 00:00:00+00:00,-34.925,-71.28305,212.0,open-meteo_ecmwf_ifs,daily,13.5635,9.5135,3.72,9.336417,1.21821,88.87207,6.5,22.482373001174018,0.9577891918343501
2018-09-18 00:00:00+00:00,-34.925,-71.28305,212.0,open-meteo_ecmwf_ifs,daily,14.6635,10.113501,13.73,9.701001,4.0803647,86.35674,18.300005,22.674485124714643,1.957028998747057
2018-09-19 00:00:00+00:00,-34.925,-71.28305,212.0,open-meteo_ecmwf_ifs,daily,14.7135,6.0635004,9.91,7.71975,1.454158,84.88741,0.70000005,22.86640057896695,1.486501272426384
2018-09-20 00:00:00+00:00,-34.925,-71.28305,212.0,open-meteo_ecmwf_ifs,daily,14.5135,8.0135,4.92,8.659334,1.2759769,84.91149,0.0,23.058052877428622,1.1001240714127352
2018-09-21 00:00:00+00:00,-34.925,-71.28305,212.0,open-meteo_ecmwf_ifs,daily,23.8135,9.0135,21.14,10.226,1.296058,75.30772,0.8,23.249376021574676,3.1115464567498603
2018-09-22 00:00:00+00:00,-34.925,-71.28305,212.0,open-meteo_ecmwf_ifs,daily,15.863501,9.113501,7.76,10.217668,2.1604679,86.22222,7.3999996,23.44030454680238,1.4069096326366182
2018-09-23 00:00:00+00:00,-34.925,-71.28305,212.0,open-meteo_ecmwf_ifs,daily,17.3635,9.3135,19.2,8.832251,2.316527,78.63712,0.70000005,23.630773567320414,2.702554162906105
2018-09-24 00:00:00+00:00,-34.925,-71.28305,212.0,open-meteo_ecmwf_ifs,daily,16.6135,7.5635004,13.78,6.505167,3.6472065,72.40441,0.0,23.820718819894083,2.48315015017152
2018-09-25 00:00:00+00:00,-34.925,-71.28305,212.0,open-meteo_ecmwf_ifs,daily,13.2635,8.2135,6.38,6.8718333,2.9691305,78.50684,0.0,24.01007670636181,1.5291336015786519
2018-09-26 00:00:00+00:00,-34.925,-71.28305,212.0,open-meteo_ecmwf_ifs,daily,21.713501,8.7635,8.53,9.461417,1.808166,77.77583,0.2,24.198784334841143,1.9961074909976297
2018-09-27 00:00:00+00:00,-34.925,-71.28305,212.0,open-meteo_ecmwf_ifs,daily,17.1135,10.113501,5.45,9.628085,2.4813907,80.88624,3.1999998,24.38677955954571,1.5551479365207912
2018-09-28 00:00:00+00:00,-34.925,-71.28305,212.0,open-meteo_ecmwf_ifs,daily,14.0635,10.2135,3.23,9.221834,2.8880603,84.84396,22.4,24.57400101913897,1.1916258538301006
2018-09-29 00:00:00+00:00,-34.925,-71.28305,212.0,open-meteo_ecmwf_ifs,daily,16.2135,9.4635,11.69,9.211418,2.300432,83.72292,5.7999997,24.7603881735534,1.9824198717581778
2018-09-30 00:00:00+00:00,-34.925,-71.28305,212.0,open-meteo_ecmwf_ifs,daily,12.363501,9.5135,8.59,7.8030834,2.040128,82.978355,0.70000005,24.94588133920904,1.5433732336394796
2018-10-01 00:00:00+00:00,-34.925,-71.28305,212.0,open-meteo_ecmwf_ifs,daily,15.4135,3.4135,24.44,2.1530833,4.7284904,62.552414,0.0,25.130421722568915,3.2968032064685837
2018-10-02 00:00:00+00:00,-34.925,-71.28305,212.0,open-meteo_ecmwf_ifs,daily,16.8135,3.3135,24.19,3.3739173,3.9374259,68.77761,0.0,25.313951451973566,3.2253822158530174
2018-10-03 00:00:00+00:00,-34.925,-71.28305,212.0,open-meteo_ecmwf_ifs,daily,18.6135,3.7135,24.75,5.1885,4.0845885,71.50919,0.0,25.496413607701818,3.311268042717343
2018-10-04 00:00:00+00:00,-34.925,-71.28305,212.0,open-meteo_ecmwf_ifs,daily,23.8135,6.4135003,22.99,8.646833,2.8198497,76.07276,0.0,25.677752250209647,3.5988034757913594
2018-10-05 00:00:00+00:00,-34.925,-71.28305,212.0,open-meteo_ecmwf_ifs,daily,20.3135,9.6635,17.83,10.430167,2.1132529,80.96891,0.2,25.857912446504038,2.831165191366281
2018-10-06 00:00:00+00:00,-34.925,-71.28305,212.0,open-meteo_ecmwf_ifs,daily,20.6635,8.8135,20.21,10.973916,1.4458028,86.0407,0.0,26.036840294614162,2.9351867606599176
2018-10-07 00:00:00+00:00,-34.925,-71.28305,212.0,open-meteo_ecmwf_ifs,daily,15.5635,10.113501,10.05,10.073918,1.9868835,84.5931,0.3,26.21448294612702,1.7477667315835066
2018-10-08 00:00:00+00:00,-34.925,-71.28305,212.0,open-meteo_ecmwf_ifs,daily,14.4135,8.9135,8.1,8.559334,2.36089,81.80999,19.000002,26.390788626760877,1.5850499152823965
2018-10-09 00:00:00+00:00,-34.925,-71.28305,212.0,open-meteo_ecmwf_ifs,daily,16.2135,7.1635003,22.74,5.6384997,4.441252,69.80491,0.1,26.565706654954436,3.3308281159148567
2018-10-10 00:00:00+00:00,-34.925,-71.28305,212.0,open-meteo_ecmwf_ifs,daily,16.3135,2.8135,16.34,4.605167,3.0528462,73.6684,0.0,26.739187458456104,2.401669529883639
2018-10-11 00:00:00+00:00,-34.925,-71.28305,212.0,open-meteo_ecmwf_ifs,daily,18.2635,7.8635,16.4,8.93225,2.5139441,77.83901,0.70000005,26.9111825889028,2.562467886324188
2018-10-12 00:00:00+00:00,-34.925,-71.28305,212.0,open-meteo_ecmwf_ifs,daily,17.5135,7.9635,14.26,8.484334,2.3812492,81.116585,0.0,27.08164473438362,2.359345624793033
2018-10-13 00:00:00+00:00,-34.925,-71.28305,212.0,open-meteo_ecmwf_ifs,daily,18.9135,7.6635003,24.13,7.35725,1.8435664,73.751625,0.1,27.250527729989393,3.4270692564155056
2018-10-14 00:00:00+00:00,-34.925,-71.28305,212.0,open-meteo_ecmwf_ifs,daily,20.1135,8.6635,24.9,8.98225,1.6254392,75.12305,0.0,27.417786566354792,3.57298025280636
2018-10-15 00:00:00+00:00,-34.925,-71.28305,212.0,open-meteo_ecmwf_ifs,daily,19.963501,7.7635,17.84,9.036417,2.0561469,81.0876,0.0,27.58337739620524,2.8335921225782696
2018-10-16 00:00:00+00:00,-34.925,-71.28305,212.0,open-meteo_ecmwf_ifs,daily,18.6135,10.863501,13.5,9.721835,2.2366016,77.00865,0.2,27.74725753892668,2.5364755862669894
2018-10-17 00:00:00+00:00,-34.925,-71.28305,212.0,open-meteo_ecmwf_ifs,daily,17.5135,10.3135,15.99,8.676002,4.416231,74.939186,1.0000001,27.909385483181456,2.9754299892149674
2018-10-18 00:00:00+00:00,-34.925,-71.28305,212.0,open-meteo_ecmwf_ifs,daily,20.963501,6.3635,26.0,8.390584,1.7951111,73.29641,0.0,28.069720887599473,3.640261522593475
2018-10-19 00:00:00+00:00,-34.925,-71.28305,212.0,open-meteo_ecmwf_ifs,daily,21.4135,7.3135004,24.9,8.569751,2.1871276,70.84128,0.0,28.22822457957856,3.6953994098049368
2018-10-20 00:00:00+00:00,-34.925,-71.28305,212.0,open-meteo_ecmwf_ifs,daily,19.463501,8.3635,19.6,7.853083,2.727595,70.68147,0.0,28.38485855223376,3.2505764152711136
2018-10-21 00:00:00+00:00,-34.925,-71.28305,212.0,open-meteo_ecmwf_ifs,daily,19.9135,7.4635,25.81,6.6593328,4.4216695,67.99795,0.0,28.539585959539874,4.076540217660382
2018-10-22 00:00:00+00:00,-34.925,-71.28305,212.0,open-meteo_ecmwf_ifs,daily,20.1635,8.0135,24.21,5.7489166,3.2169867,59.944347,0.0,28.692371109716632,4.037028505925465
2018-10-23 00:00:00+00:00,-34.925,-71.28305,212.0,open-meteo_ecmwf_ifs,daily,20.8135,10.1635,11.53,9.382252,1.7044948,71.427505,0.3,28.843179456910605,2.43805284729475
2018-10-24 00:00:00+00:00,-34.925,-71.28305,212.0,open-meteo_ecmwf_ifs,daily,20.5635,8.9135,21.82,9.609333,1.6422505,75.88582,2.0,28.99197759123235,3.3645394385376344
2018-10-25 00:00:00+00:00,-34.925,-71.28305,212.0,open-meteo_ecmwf_ifs,daily,22.3135,10.1635,26.96,10.373917,2.2930503,70.29557,0.3,29.1387332272115,4.1963276379258545
2018-10-26 00:00:00+00:00,-34.925,-71.28305,212.0,open-meteo_ecmwf_ifs,daily,23.7635,8.9635,27.5,10.136416,2.2968228,68.12033,0.0,29.283415190736715,4.310419566843581
2018-10-27 00:00:00+00:00,-34.925,-71.28305,212.0,open-meteo_ecmwf_ifs,daily,21.963501,12.9635,19.04,11.946835,2.8550618,71.98675,0.0,29.425993404550663,3.546297777760589
2018-10-28 00:00:00+00:00,-34.925,-71.28305,212.0,open-meteo_ecmwf_ifs,daily,23.713501,11.7135,15.87,12.994752,1.7749119,78.25632,1.4,29.566438872374448,2.9763820716294904
2018-10-29 00:00:00+00:00,-34.925,-71.28305,212.0,open-meteo_ecmwf_ifs,daily,17.963501,13.4135,7.29,13.800999,1.9155298,91.129555,27.700003,29.704723661737848,1.5398953662902573
2018-10-30 00:00:00+00:00,-34.925,-71.28305,212.0,open-meteo_ecmwf_ifs,daily,21.5635,10.7635,20.99,11.809334,1.71337,78.980446,2.5,29.840820885596074,3.396104877936997
2018-10-31 00:00:00+00:00,-34.925,-71.28305,212.0,open-meteo_ecmwf_ifs,daily,22.1635,11.7635,22.61,11.817666,2.1708796,77.15784,0.2,29.974704682814647,3.776751481032918
2018-11-01 00:00:00+00:00,-34.925,-71.28305,212.0,open-meteo_ecmwf_ifs,daily,15.7135,9.5635,6.32,9.31975,1.2921262,78.95954,8.1,30.106350197607522,1.4435641032656208
2018-11-02 00:00:00+00:00,-34.925,-71.28305,212.0,open-meteo_ecmwf_ifs,daily,18.1635,9.9135,16.41,10.026,3.7484996,77.694786,13.3,30.23573355801447,2.802199260594637
2018-11-03 00:00:00+00:00,-34.925,-71.28305,212.0,open-meteo_ecmwf_ifs,daily,23.2635,8.8135,26.6,10.780168,1.510961,77.757904,0.0,30.36283185350571,4.094007521681223
2018-11-04 00:00:00+00:00,-34.925,-71.28305,212.0,open-meteo_ecmwf_ifs,daily,22.0135,8.0135,28.94,9.34475,1.5279166,72.83066,0.0,30.487623111802552,4.261174385730219
2018-11-05 00:00:00+00:00,-34.925,-71.28305,212.0,open-meteo_ecmwf_ifs,daily,22.3135,11.6635,25.83,11.478085,3.8562992,76.779785,0.0,30.61008627500373,4.327027843315147
2018-11-06 00:00:00+00:00,-34.925,-71.28305,212.0,open-meteo_ecmwf_ifs,daily,23.963501,8.613501,28.09,9.057252,3.5880563,66.157814,0.0,30.730201175107446,4.703590105006643
2018-11-07 00:00:00+00:00,-34.925,-71.28305,212.0,open-meteo_ecmwf_ifs,daily,28.2635,11.6635,29.48,12.417666,1.8441626,69.56624,0.0,30.847948509018817,5.143957527228888
2018-11-08 00:00:00+00:00,-34.925,-71.28305,212.0,open-meteo_ecmwf_ifs,daily,27.7635,13.8135,29.51,13.773918,1.8869108,70.44719,0.0,30.963309813132412,5.2434079190514415
2018-11-09 00:00:00+00:00,-34.925,-71.28305,212.0,open-meteo_ecmwf_ifs,daily,26.0635,11.4135,25.64,7.361418,1.514445,52.317257,0.0,31.076267437578636,4.647160620082734
2018-11-10 00:00:00+00:00,-34.925,-71.28305,212.0,open-meteo_ecmwf_ifs,daily,20.213501,9.863501,17.8,10.986416,1.8438835,78.259384,5.6,31.186804520221344,2.9679612800372945
2018-11-11 00:00:00+00:00,-34.925,-71.28305,212.0,open-meteo_ecmwf_ifs,daily,22.3635,11.613501,22.14,10.786416,1.7069187,73.91001,0.70000005,31.29490496049282,3.8260944102084253
2018-11-12 00:00:00+00:00,-34.925,-71.28305,212.0,open-meteo_ecmwf_ifs,daily,18.7635,12.7135,18.84,10.538501,1.7731265,75.2458,14.5,31.4005533931505,3.2588985485499986
2018-11-13 00:00:00+00:00,-34.925,-71.28305,212.0,open-meteo_ecmwf_ifs,daily,18.463501,8.5135,21.58,10.45725,1.0060341,82.34345,6.2999997,31.503735162037177,3.1843173922185173
2018-11-14 00:00:00+00:00,-34.925,-71.28305,212.0,open-meteo_ecmwf_ifs,daily,23.3135,8.8135,28.97,10.826,2.0968955,75.929436,0.0,31.604436293924373,4.453809188227466
2018-11-15 00:00:00+00:00,-34.925,-71.28305,212.0,open-meteo_ecmwf_ifs,daily,24.3135,10.6635,29.17,11.105167,2.779375,67.5004,0.9,31.70264347251547,4.841741527804056
2018-11-16 00:00:00+00:00,-34.925,-71.28305,212.0,open-meteo_ecmwf_ifs,daily,24.5135,12.363501,30.21,10.378084,2.0397458,64.03304,0.1,31.798344012682115,5.155247785259179
2018-11-17 00:00:00+00:00,-34.925,-71.28305,212.0,open-meteo_ecmwf_ifs,daily,21.9135,12.363501,21.44,10.823917,1.3900414,72.034966,6.4000006,31.89152583500424,3.740449482834932
2018-11-18 00:00:00+00:00,-34.925,-71.28305,212.0,open-meteo_ecmwf_ifs,daily,24.713501,9.5635,31.86,9.261417,4.19629,64.14745,0.0,31.982177440680097,5.432988566844248
2018-11-19 00:00:00+00:00,-34.925,-71.28305,212.0,open-meteo_ecmwf_ifs,daily,26.8135,11.7135,30.18,10.394752,3.401903,62.948757,0.0,32.07028788686898,5.641067631892037
2018-11-20 00:00:00+00:00,-34.925,-71.28305,212.0,open-meteo_ecmwf_ifs,daily,26.9135,12.9135,29.85,12.573917,2.7861052,67.82559,0.0,32.155846762525684,5.411474840951801
2018-11-21 00:00:00+00:00,-34.925,-71.28305,212.0,open-meteo_ecmwf_ifs,daily,27.4135,13.5135,29.29,12.805167,2.876398,68.38437,0.0,32.238844164780694,5.485666635495935
2018-11-22 00:00:00+00:00,-34.925,-71.28305,212.0,open-meteo_ecmwf_ifs,daily,25.1135,15.2135,27.16,13.223919,3.9155328,70.33569,0.0,32.319270675916854,5.264191627677309
2018-11-23 00:00:00+00:00,-34.925,-71.28305,212.0,open-meteo_ecmwf_ifs,daily,26.8635,10.5635,31.58,8.171834,3.886571,54.542572,0.0,32.39711734098792,6.031843900115026
2018-11-24 00:00:00+00:00,-34.925,-71.28305,212.0,open-meteo_ecmwf_ifs,daily,27.5635,10.863501,31.98,7.994751,3.6130693,55.755905,0.0,32.47237564612044,6.1773207724403445
2018-11-25 00:00:00+00:00,-34.925,-71.28305,212.0,open-meteo_ecmwf_ifs,daily,27.6135,13.113501,29.6,8.442668,3.0943768,51.13754,0.0,32.545037497536015,6.038119826651627
2018-11-26 00:00:00+00:00,-34.925,-71.28305,212.0,open-meteo_ecmwf_ifs,daily,27.3135,11.4635,31.94,8.009334,3.3144646,51.64099,0.0,32.61509520132582,6.146833823730964
2018-11-27 00:00:00+00:00,-34.925,-71.28305,212.0,open-meteo_ecmwf_ifs,daily,28.2635,11.0635,31.76,8.605166,3.573529,55.00056,0.0,32.68254144400576,6.216322972582592
2018-11-28 00:00:00+00:00,-34.925,-71.28305,212.0,open-meteo_ecmwf_ifs,daily,29.1635,12.4135,31.42,8.788501,2.286276,50.962753,0.0,32.74736927387548,6.028262573938987
2018-11-29 00:00:00+00:00,-34.925,-71.28305,212.0,open-meteo_ecmwf_ifs,daily,28.6635,12.1635,31.91,8.988501,1.8876911,52.107044,0.0,32.80957208320045,5.8530290798665225
2018-11-30 00:00:00+00:00,-34.925,-71.28305,212.0,open-meteo_ecmwf_ifs,daily,23.8135,14.2135,20.48,11.532252,3.1163998,61.66969,0.3,32.86914359123249,4.333778781923808
2018-12-01 00:00:00+00:00,-34.925,-71.28305,212.0,open-meteo_ecmwf_ifs,daily,28.713501,12.863501,25.82,10.223917,2.1099696,53.212784,0.1,32.92607782807963,5.214541187115863
2018-12-02 00:00:00+00:00,-34.925,-71.28305,212.0,open-meteo_ecmwf_ifs,daily,28.6135,13.6635,30.01,9.303083,1.9627854,49.374683,0.0,32.980369119432844,5.7907546775658725
2018-12-03 00:00:00+00:00,-34.925,-71.28305,212.0,open-meteo_ecmwf_ifs,daily,29.1635,12.7635,31.0,10.782252,2.1384785,58.152756,0.0,33.032012072153634,5.856011762733172
2018-12-04 00:00:00+00:00,-34.925,-71.28305,212.0,open-meteo_ecmwf_ifs,daily,22.963501,15.363501,12.28,11.559333,1.89666,66.11218,0.0,33.081001560722996,3.079411473460078
2018-12-05 00:00:00+00:00,-34.925,-71.28305,212.0,open-meteo_ecmwf_ifs,daily,27.3135,14.863501,23.28,11.071834,2.017822,59.49647,0.0,33.12733271454955,4.877163883740772
2018-12-06 00:00:00+00:00,-34.925,-71.28305,212.0,open-meteo_ecmwf_ifs,daily,31.463501,12.363501,31.33,12.265583,2.142498,60.69304,0.0,33.171000906131844,6.009983921535582
2018-12-07 00:00:00+00:00,-34.925,-71.28305,212.0,open-meteo_ecmwf_ifs,daily,29.1635,13.9635,30.88,13.419751,1.9489254,66.24222,0.0,33.21200174006751,5.752872670648428
2018-12-08 00:00:00+00:00,-34.925,-71.28305,212.0,open-meteo_ecmwf_ifs,daily,26.2635,15.3135,28.23,10.4635,2.4952438,59.560802,0.2,33.2503310429,5.639796110200476
2018-12-09 00:00:00+00:00,-34.925,-71.28305,212.0,open-meteo_ecmwf_ifs,daily,28.5135,12.2635,32.67,9.99475,1.3784751,58.641438,0.0,33.28598485379195,5.75803461798652
2018-12-10 00:00:00+00:00,-34.925,-71.28305,212.0,open-meteo_ecmwf_ifs,daily,28.4135,13.6635,31.99,9.705167,2.219437,53.40196,0.0,33.31895941601278,6.1072332701992895
2018-12-11 00:00:00+00:00,-34.925,-71.28305,212.0,open-meteo_ecmwf_ifs,daily,27.9135,14.5135,31.26,9.367667,2.5247543,51.1311,0.0,33.34925116922749,6.197127627122158
2018-12-12 00:00:00+00:00,-34.925,-71.28305,212.0,open-meteo_ecmwf_ifs,daily,28.963501,12.7635,32.18,9.530168,3.580616,52.704712,0.0,33.376856742572684,6.54827417532167
2018-12-13 00:00:00+00:00,-34.925,-71.28305,212.0,open-meteo_ecmwf_ifs,daily,24.1635,11.8135,28.13,6.0760007,2.948615,50.525738,0.0,33.4017729485057,5.51248077580249
2018-12-14 00:00:00+00:00,-34.925,-71.28305,212.0,open-meteo_ecmwf_ifs,daily,25.0635,12.2135,32.72,6.9739165,3.1059263,54.88589,0.0,33.4239967774132,6.121168749384765
2018-12-15 00:00:00+00:00,-34.925,-71.28305,212.0,open-meteo_ecmwf_ifs,daily,27.3635,10.5635,33.22,5.126,3.564134,44.3154,0.0,33.44352539296492,6.571645839971674
2018-12-16 00:00:00+00:00,-34.925,-71.28305,212.0,open-meteo_ecmwf_ifs,daily,29.9135,12.7635,33.13,8.113501,2.7904327,46.633114,0.0,33.46035612820049,6.641240901404815
2018-12-17 00:00:00+00:00,-34.925,-71.28305,212.0,open-meteo_ecmwf_ifs,daily,30.1135,15.3135,27.74,12.257252,2.6725342,58.279766,0.0,33.47448648233668,5.94086954009203
2018-12-18 00:00:00+00:00,-34.925,-71.28305,212.0,open-meteo_ecmwf_ifs,daily,32.5635,15.7135,32.53,11.757251,1.969122,50.913677,0.0,33.48591411828487,6.6051165127544245
2018-12-19 00:00:00+00:00,-34.925,-71.28305,212.0,open-meteo_ecmwf_ifs,daily,29.713501,14.6635,32.15,10.809334,2.4728196,51.598816,0.0,33.494636860869136,6.411525190361358
2018-12-20 00:00:00+00:00,-34.925,-71.28305,212.0,open-meteo_ecmwf_ifs,daily,27.6135,13.5135,30.12,9.717667,2.0823236,55.227554,0.0,33.50065269573753,5.745262716147953
2018-12-21 00:00:00+00:00,-34.925,-71.28305,212.0,open-meteo_ecmwf_ifs,daily,32.3135,15.3135,32.97,10.648917,2.6638396,49.042645,0.0,33.50395976896067,6.978642809997956
2018-12-22 00:00:00+00:00,-34.925,-71.28305,212.0,open-meteo_ecmwf_ifs,daily,30.2635,14.4635,31.51,12.046832,2.6814308,57.632504,0.0,33.504556387313635,6.346722967120932
2018-12-23 00:00:00+00:00,-34.925,-71.28305,212.0,open-meteo_ecmwf_ifs,daily,31.5135,13.6635,32.86,11.757251,1.7955303,56.750698,0.0,33.50244101923944,6.276689272110181
2018-12-24 00:00:00+00:00,-34.925,-71.28305,212.0,open-meteo_ecmwf_ifs,daily,32.0635,16.1635,32.55,12.121833,1.9125789,49.933445,0.0,33.49761229649393,6.56290864716319
2018-12-25 00:00:00+00:00,-34.925,-71.28305,212.0,open-meteo_ecmwf_ifs,daily,32.3635,15.113501,32.58,12.726001,1.9100676,54.553562,0.0,33.49006901647439,6.464576702227978
2018-12-26 00:00:00+00:00,-34.925,-71.28305,212.0,open-meteo_ecmwf_ifs,daily,29.3135,15.113501,31.74,13.109336,2.5877721,58.611694,0.0,33.47981014523612,6.213551135199873
2018-12-27 00:00:00+00:00,-34.925,-71.28305,212.0,open-meteo_ecmwf_ifs,daily,28.713501,12.4635,32.91,9.476,3.3077486,52.485394,0.0,33.46683482120256,6.481173620535143
2018-12-28 00:00:00+00:00,-34.925,-71.28305,212.0,open-meteo_ecmwf_ifs,daily,29.5635,14.6635,32.98,9.769751,2.191234,50.319546,0.0,33.45114235957737,6.448597660290243
2018-12-29 00:00:00+00:00,-34.925,-71.28305,212.0,open-meteo_ecmwf_ifs,daily,27.1635,13.5635,33.28,5.778084,2.7895157,41.015846,0.0,33.432732257467485,6.587800112676055
2018-12-30 00:00:00+00:00,-34.925,-71.28305,212.0,open-meteo_ecmwf_ifs,daily,28.463501,12.0635,33.22,7.1114173,3.817031,49.4821,0.0,33.41160419972831,6.828210123154824
2018-12-31 00:00:00+00:00,-34.925,-71.28305,212.0,open-meteo_ecmwf_ifs,daily,30.3635,12.363501,33.66,5.1364164,2.849983,38.562817,0.0,33.38775806554299,6.918678253518214
2019-01-01 00:00:00+00:00,-34.925,-71.28305,212.0,open-meteo_ecmwf_ifs,daily,31.0635,13.6635,32.9,10.019749,3.3451538,49.842136,0.0,33.361193935749114,6.92337997694222
2019-01-02 00:00:00+00:00,-34.925,-71.28305,212.0,open-meteo_ecmwf_ifs,daily,28.9135,12.3135,33.62,4.840583,5.5890484,38.492897,0.0,33.33191210092631,7.848389552312786
2019-01-03 00:00:00+00:00,-34.925,-71.28305,212.0,open-meteo_ecmwf_ifs,daily,29.713501,11.0635,33.97,4.6072507,4.642386,39.215847,0.0,33.29991307025934,7.492416578976917
2019-01-04 00:00:00+00:00,-34.925,-71.28305,212.0,open-meteo_ecmwf_ifs,daily,32.4635,13.113501,32.87,10.457252,2.882081,49.613567,0.0,33.265197581190414,6.807301559839376
2019-01-05 00:00:00+00:00,-34.925,-71.28305,212.0,open-meteo_ecmwf_ifs,daily,29.0135,14.5635,32.17,12.830166,2.1537042,60.704502,0.0,33.22776660987516,6.061037670810114
2019-01-06 00:00:00+00:00,-34.925,-71.28305,212.0,open-meteo_ecmwf_ifs,daily,27.6635,14.5135,24.76,12.5635,1.9957627,62.38594,0.0,33.187621382455305,4.941685630872486
2019-01-07 00:00:00+00:00,-34.925,-71.28305,212.0,open-meteo_ecmwf_ifs,daily,25.8635,15.7135,23.93,11.336417,2.3241072,58.963467,0.0,33.14476338716048,4.983764381421268
2019-01-08 00:00:00+00:00,-34.925,-71.28305,212.0,open-meteo_ecmwf_ifs,daily,23.1135,14.5635,9.69,10.126,1.9748116,63.817947,1.4000001,33.09919438725014,2.8885292722238813
2019-01-09 00:00:00+00:00,-34.925,-71.28305,212.0,open-meteo_ecmwf_ifs,daily,21.3135,14.1635,13.52,10.757251,1.9033056,65.517,0.6,33.05091643480504,3.0612330863805175
2019-01-10 00:00:00+00:00,-34.925,-71.28305,212.0,open-meteo_ecmwf_ifs,daily,27.3635,11.6635,31.78,8.084334,3.1045716,51.53124,0.0,32.999931885375155,6.117997127302542
2019-01-11 00:00:00+00:00,-34.925,-71.28305,212.0,open-meteo_ecmwf_ifs,daily,28.463501,11.9135,32.19,7.734333,2.6126964,47.59061,0.0,32.94624341348939,6.189362195119615
2019-01-12 00:00:00+00:00,-34.925,-71.28305,212.0,open-meteo_ecmwf_ifs,daily,27.463501,12.613501,28.64,9.696835,1.943823,55.77505,0.0,32.88985402902867,5.379184361005382
2019-01-13 00:00:00+00:00,-34.925,-71.28305,212.0,open-meteo_ecmwf_ifs,daily,28.4135,16.3135,29.24,9.088501,2.1733387,46.263584,0.0,32.830767094461805,6.034352794607061
2019-01-14 00:00:00+00:00,-34.925,-71.28305,212.0,open-meteo_ecmwf_ifs,daily,27.2635,14.0635,24.81,10.573918,1.9863259,55.924923,0.5,32.76898634293975,4.99012400891201
2019-01-15 00:00:00+00:00,-34.925,-71.28305,212.0,open-meteo_ecmwf_ifs,daily,32.163498,14.0635,31.79,11.186418,2.0654833,55.650803,0.0,32.70451589724026,6.32299823469842
2019-01-16 00:00:00+00:00,-34.925,-71.28305,212.0,open-meteo_ecmwf_ifs,daily,29.1135,15.363501,30.35,4.361417,2.9997838,32.582214,0.0,32.63736028955149,6.837178460647215
2019-01-17 00:00:00+00:00,-34.925,-71.28305,212.0,open-meteo_ecmwf_ifs,daily,30.1635,14.2135,29.66,7.1676674,2.6391864,40.705257,0.2,32.567524482078234,6.375765693096974
2019-01-18 00:00:00+00:00,-34.925,-71.28305,212.0,open-meteo_ecmwf_ifs,daily,34.3135,15.7135,32.17,9.521834,2.405197,42.1785,0.0,32.49501388845132,6.9916519326605835
2019-01-19 00:00:00+00:00,-34.925,-71.28305,212.0,open-meteo_ecmwf_ifs,daily,31.7635,14.7635,31.58,11.423919,2.3442671,53.84441,0.0,32.41983439591511,6.415686221056703
2019-01-20 00:00:00+00:00,-34.925,-71.28305,212.0,open-meteo_ecmwf_ifs,daily,30.6635,14.2135,31.42,12.832249,1.7920579,59.693146,0.0,32.34199238826457,5.9343700482524735
2019-01-21 00:00:00+00:00,-34.925,-71.28305,212.0,open-meteo_ecmwf_ifs,daily,32.5135,14.7635,32.24,9.990583,3.1988456,47.880127,0.0,32.26149476949805,7.055388500387909
2019-01-22 00:00:00+00:00,-34.925,-71.28305,212.0,open-meteo_ecmwf_ifs,daily,31.3135,15.363501,30.55,7.928084,3.2145827,42.83861,0.0,32.17834898814751,6.959517649030735
2019-01-23 00:00:00+00:00,-34.925,-71.28305,212.0,open-meteo_ecmwf_ifs,daily,31.963501,14.113501,28.74,8.33225,2.374777,43.463852,0.0,32.09256306224339,6.201084029931844
2019-01-24 00:00:00+00:00,-34.925,-71.28305,212.0,open-meteo_ecmwf_ifs,daily,32.4635,14.3135,31.1,9.73225,1.9307607,45.40562,0.0,32.00414560486646,6.235473876141272
2019-01-25 00:00:00+00:00,-34.925,-71.28305,212.0,open-meteo_ecmwf_ifs,daily,32.413498,16.9135,30.33,12.159333,1.9890637,51.87886,0.0,31.913105850234494,6.300595943775713
2019-01-26 00:00:00+00:00,-34.925,-71.28305,212.0,open-meteo_ecmwf_ifs,daily,34.8135,15.5635,31.78,7.5697503,3.6220295,37.576508,0.0,31.819453680267156,7.784368603036933
2019-01-27 00:00:00+00:00,-34.925,-71.28305,212.0,open-meteo_ecmwf_ifs,daily,34.3135,16.4135,31.5,7.2530837,3.6907222,35.831257,0.0,31.72319965156801,7.858049465905272
2019-01-28 00:00:00+00:00,-34.925,-71.28305,212.0,open-meteo_ecmwf_ifs,daily,33.1135,14.363501,31.78,5.6405835,3.2484653,34.68899,0.0,31.62435502275848,7.3178071401901725
2019-01-29 00:00:00+00:00,-34.925,-71.28305,212.0,open-meteo_ecmwf_ifs,daily,31.8635,15.613501,30.28,11.703083,1.938612,51.112415,0.0,31.52293178209454,6.088032445737933
2019-01-30 00:00:00+00:00,-34.925,-71.28305,212.0,open-meteo_ecmwf_ifs,daily,33.1635,16.2135,30.14,13.21975,1.9428668,54.946987,0.0,31.418942675292925,6.173429179039451
2019-01-31 00:00:00+00:00,-34.925,-71.28305,212.0,open-meteo_ecmwf_ifs,daily,33.4635,16.9135,30.64,7.463501,3.3440144,35.299553,0.0,31.312401233490444,7.458500273736025
2019-02-01 00:00:00+00:00,-34.925,-71.28305,212.0,open-meteo_ecmwf_ifs,daily,33.7635,15.6635,30.52,9.0385,2.4637642,39.162605,0.0,31.20332180125639,6.690341387969782
2019-02-02 00:00:00+00:00,-34.925,-71.28305,212.0,open-meteo_ecmwf_ifs,daily,33.5635,15.4635,29.58,12.007252,1.7624822,50.058857,0.0,31.091719564575072,6.002199013721054
2019-02-03 00:00:00+00:00,-34.925,-71.28305,212.0,open-meteo_ecmwf_ifs,daily,32.413498,17.3135,29.24,13.609333,1.7118955,52.464504,0.0,30.977610578713154,5.930207074809805
2019-02-04 00:00:00+00:00,-34.925,-71.28305,212.0,open-meteo_ecmwf_ifs,daily,33.4635,16.8135,29.32,14.505168,1.8212961,57.68994,0.0,30.861011795883552,5.995366559964796
2019-02-05 00:00:00+00:00,-34.925,-71.28305,212.0,open-meteo_ecmwf_ifs,daily,34.9635,17.6635,29.74,14.273917,2.1986377,54.704853,0.0,30.7419410926161,6.4612015529914695
2019-02-06 00:00:00+00:00,-34.925,-71.28305,212.0,open-meteo_ecmwf_ifs,daily,33.8635,17.3635,29.98,10.942668,2.625726,43.0253,0.0,30.62041729674349,6.76313882231409
2019-02-07 00:00:00+00:00,-34.925,-71.28305,212.0,open-meteo_ecmwf_ifs,daily,30.3635,17.1135,24.63,11.092667,2.2802186,50.674976,0.0,30.4964602139095,5.530832436574949
2019-02-08 00:00:00+00:00,-34.925,-71.28305,212.0,open-meteo_ecmwf_ifs,daily,30.5635,15.2135,28.47,7.590584,2.2450464,40.69086,0.0,30.370090653505773,5.979186436577046
2019-02-09 00:00:00+00:00,-34.925,-71.28305,212.0,open-meteo_ecmwf_ifs,daily,32.3135,15.0635,29.32,8.288501,2.1568873,39.581684,0.0,30.241330453942968,6.124700630973823
2019-02-10 00:00:00+00:00,-34.925,-71.28305,212.0,open-meteo_ecmwf_ifs,daily,30.3635,15.7635,27.84,10.211417,1.650859,47.957138,0.0,30.110202507161933,5.476120505111133
2019-02-11 00:00:00+00:00,-34.925,-71.28305,212.0,open-meteo_ecmwf_ifs,daily,25.4135,14.3135,20.96,12.8739195,2.952709,67.82329,8.6,29.976730782290748,4.267081996148353
2019-02-12 00:00:00+00:00,-34.925,-71.28305,212.0,open-meteo_ecmwf_ifs,daily,29.713501,14.1635,26.69,10.546834,2.690829,50.48303,0.0,29.840940348354273,5.580364154194716
2019-02-13 00:00:00+00:00,-34.925,-71.28305,212.0,open-meteo_ecmwf_ifs,daily,28.5135,12.363501,28.56,9.857251,2.2985952,55.06473,0.2,29.702857395943816,5.3557322114140735
2019-02-14 00:00:00+00:00,-34.925,-71.28305,212.0,open-meteo_ecmwf_ifs,daily,32.9635,14.4135,28.66,10.523917,2.9884193,48.08459,0.0,29.56250925775616,6.318214149251351
2019-02-15 00:00:00+00:00,-34.925,-71.28305,212.0,open-meteo_ecmwf_ifs,daily,29.8635,15.113501,27.69,13.157249,3.0248225,55.15067,0.0,29.419924427912676,5.662853303641568
2019-02-16 00:00:00+00:00,-34.925,-71.28305,212.0,open-meteo_ecmwf_ifs,daily,27.5135,16.8635,21.74,13.961418,2.4934285,65.29954,0.0,29.275132579971785,4.629998591893108
2019-02-17 00:00:00+00:00,-34.925,-71.28305,212.0,open-meteo_ecmwf_ifs,daily,30.3635,15.363501,25.89,14.898915,1.5436658,67.84259,0.0,29.128164583550497,4.901218591832709
2019-02-18 00:00:00+00:00,-34.925,-71.28305,212.0,open-meteo_ecmwf_ifs,daily,30.6135,16.963501,26.85,15.834332,1.8074299,68.420586,0.0,28.979052519473395,5.215793859882607
2019-02-19 00:00:00+00:00,-34.925,-71.28305,212.0,open-meteo_ecmwf_ifs,daily,31.1135,16.1635,27.08,13.790585,1.8690523,59.115414,0.0,28.827829693371207,5.341408918079151
2019-02-20 00:00:00+00:00,-34.925,-71.28305,212.0,open-meteo_ecmwf_ifs,daily,31.3635,17.3135,23.25,16.280167,1.9729341,67.999275,0.3,28.674530647654038,4.850467128633604
2019-02-21 00:00:00+00:00,-34.925,-71.28305,212.0,open-meteo_ecmwf_ifs,daily,29.4135,17.6135,21.55,14.880168,2.8994553,66.41816,0.0,28.51919117178891,4.905838405944242
2019-02-22 00:00:00+00:00,-34.925,-71.28305,212.0,open-meteo_ecmwf_ifs,daily,26.8635,18.0635,16.06,14.598919,2.4974399,65.73058,0.1,28.36184831081458,3.8947597211928366
2019-02-23 00:00:00+00:00,-34.925,-71.28305,212.0,open-meteo_ecmwf_ifs,daily,29.3135,15.8135,26.62,11.234333,4.032509,55.04307,0.0,28.20254037203193,6.067981323977179
2019-02-24 00:00:00+00:00,-34.925,-71.28305,212.0,open-meteo_ecmwf_ifs,daily,26.8635,12.2635,27.33,5.907251,3.8349476,42.39516,0.0,28.0413069298122,5.833850213954111
2019-02-25 00:00:00+00:00,-34.925,-71.28305,212.0,open-meteo_ecmwf_ifs,daily,28.0135,11.0635,27.09,4.8885,3.2695825,41.072147,0.0,27.87818882847063,5.646469689929447
2019-02-26 00:00:00+00:00,-34.925,-71.28305,212.0,open-meteo_ecmwf_ifs,daily,29.713501,11.7135,27.06,6.4135003,2.5139475,43.900345,0.0,27.71322818315797,5.4108060259716275
2019-02-27 00:00:00+00:00,-34.925,-71.28305,212.0,open-meteo_ecmwf_ifs,daily,30.9135,13.1635,26.76,9.357251,1.9099345,51.538986,0.0,27.54646837872801,5.1462630905130125
2019-02-28 00:00:00+00:00,-34.925,-71.28305,212.0,open-meteo_ecmwf_ifs,daily,29.5135,13.4135,26.02,10.182251,1.7633151,53.767975,0.0,27.377954066544238,4.852527005838924
2019-03-01 00:00:00+00:00,-34.925,-71.28305,212.0,open-meteo_ecmwf_ifs,daily,30.1135,12.3135,25.73,10.528084,2.357008,58.683872,0.0,27.20773115919487,4.997133189982052
2019-03-02 00:00:00+00:00,-34.925,-71.28305,212.0,open-meteo_ecmwf_ifs,daily,30.5135,14.363501,25.98,7.5822506,2.6264572,41.407467,0.0,27.035846823090893,5.579151368392465
2019-03-03 00:00:00+00:00,-34.925,-71.28305,212.0,open-meteo_ecmwf_ifs,daily,27.5135,14.0635,21.92,9.182251,1.6619283,51.027893,0.1,26.86234946892798,4.261299854131044
2019-03-04 00:00:00+00:00,-34.925,-71.28305,212.0,open-meteo_ecmwf_ifs,daily,25.0635,12.8135,24.79,8.651,2.7497227,54.872604,0.0,26.68728873999868,4.684377798725525
2019-03-05 00:00:00+00:00,-34.925,-71.28305,212.0,open-meteo_ecmwf_ifs,daily,27.7635,11.363501,25.72,4.7572503,3.7410343,43.863132,0.0,26.510715498347672,5.650396151973409
2019-03-06 00:00:00+00:00,-34.925,-71.28305,212.0,open-meteo_ecmwf_ifs,daily,28.5135,12.6635,25.51,5.5572495,2.655849,41.155743,0.0,26.33268180876873,5.2499026262653645
2019-03-07 00:00:00+00:00,-34.925,-71.28305,212.0,open-meteo_ecmwf_ifs,daily,28.1135,12.1635,23.43,9.03225,1.9890734,54.034946,0.2,26.153240920648088,4.421065440217633
2019-03-08 00:00:00+00:00,-34.925,-71.28305,212.0,open-meteo_ecmwf_ifs,daily,27.963501,12.4135,23.58,10.788502,2.980507,57.015324,0.0,25.972447247665215,4.66390493478884
2019-03-09 00:00:00+00:00,-34.925,-71.28305,212.0,open-meteo_ecmwf_ifs,daily,29.5635,12.0635,24.12,10.626,1.9499875,60.611004,0.0,25.790356345367517,4.470301954683104
2019-03-10 00:00:00+00:00,-34.925,-71.28305,212.0,open-meteo_ecmwf_ifs,daily,27.0635,12.5635,22.62,10.96975,1.7780341,63.03447,0.0,25.607024886642158,4.047553679135777
2019-03-11 00:00:00+00:00,-34.925,-71.28305,212.0,open-meteo_ecmwf_ifs,daily,28.1135,13.613501,23.44,10.898918,2.0279536,55.633453,0.0,25.422510635113486,4.397181682386052
2019-03-12 00:00:00+00:00,-34.925,-71.28305,212.0,open-meteo_ecmwf_ifs,daily,30.9135,14.4135,23.57,12.028084,2.1640208,57.846264,0.0,25.236872416500873,4.706306938298189
2019-03-13 00:00:00+00:00,-34.925,-71.28305,212.0,open-meteo_ecmwf_ifs,daily,29.213501,15.9635,21.56,12.511417,2.0904262,59.15823,0.0,25.050170087977033,4.400276059863609
2019-03-14 00:00:00+00:00,-34.925,-71.28305,212.0,open-meteo_ecmwf_ifs,daily,27.5135,11.9135,23.54,8.6030855,2.9555597,51.762737,0.0,24.862464505572927,4.678932559387088
2019-03-15 00:00:00+00:00,-34.925,-71.28305,212.0,open-meteo_ecmwf_ifs,daily,27.7635,10.4635,24.21,5.70725,2.1392632,46.228367,0.0,24.673817489680562,4.439538758963619
2019-03-16 00:00:00+00:00,-34.925,-71.28305,212.0,open-meteo_ecmwf_ifs,daily,27.1135,11.5135,23.41,8.671834,1.6658059,57.002045,0.0,24.484291788710195,4.024811962008882
2019-03-17 00:00:00+00:00,-34.925,-71.28305,212.0,open-meteo_ecmwf_ifs,daily,27.3635,11.1635,22.84,10.653084,1.7171978,65.87759,0.0,24.293951040963922,3.8728203150022935
2019-03-18 00:00:00+00:00,-34.925,-71.28305,212.0,open-meteo_ecmwf_ifs,daily,24.8135,12.2635,21.82,7.7968345,4.3594117,56.910427,0.0,24.102859734792137,4.763513523858879
2019-03-19 00:00:00+00:00,-34.925,-71.28305,212.0,open-meteo_ecmwf_ifs,daily,22.7635,7.5635004,23.79,1.1551667,5.5052447,43.438217,0.0,23.911083167104355,5.1327180320648855
2019-03-20 00:00:00+00:00,-34.925,-71.28305,212.0,open-meteo_ecmwf_ifs,daily,24.9135,7.2135,22.92,3.3239167,2.1990964,46.237003,0.0,23.718687400310245,3.896066122754486
2019-03-21 00:00:00+00:00,-34.925,-71.28305,212.0,open-meteo_ecmwf_ifs,daily,26.213501,10.4635,22.67,5.2655835,2.6619635,46.56914,0.0,23.525739217770997,4.352985595742814
2019-03-22 00:00:00+00:00,-34.925,-71.28305,212.0,open-meteo_ecmwf_ifs,daily,28.1135,11.5135,21.77,8.757251,2.9699905,58.34599,0.0,23.332306077845146,4.412686486778312
2019-03-23 00:00:00+00:00,-34.925,-71.28305,212.0,open-meteo_ecmwf_ifs,daily,28.213501,11.863501,21.08,9.271834,3.514405,55.434296,0.0,23.13845606661681,4.549957378985935
2019-03-24 00:00:00+00:00,-34.925,-71.28305,212.0,open-meteo_ecmwf_ifs,daily,26.3635,10.7635,20.87,7.8301663,2.780473,53.758236,0.0,22.944257849397633,4.054128451052226
2019-03-25 00:00:00+00:00,-34.925,-71.28305,212.0,open-meteo_ecmwf_ifs,daily,26.9135,10.5635,21.51,9.309335,1.7043461,59.0584,0.0,22.749780621097024,3.5961969036052945
2019-03-26 00:00:00+00:00,-34.925,-71.28305,212.0,open-meteo_ecmwf_ifs,daily,27.9135,10.7135,21.21,10.778084,1.4297367,63.58055,0.0,22.5550940555583,3.4624383903207985
2019-03-27 00:00:00+00:00,-34.925,-71.28305,212.0,open-meteo_ecmwf_ifs,daily,26.213501,11.2635,19.14,11.771832,1.4444624,71.778015,0.0,22.36026825396073,3.1334621216702567
2019-03-28 00:00:00+00:00,-34.925,-71.28305,212.0,open-meteo_ecmwf_ifs,daily,25.6635,12.9635,17.21,11.567668,1.1291916,70.31548,0.0,22.165373692390077,2.9085517844242568
2019-03-29 00:00:00+00:00,-34.925,-71.28305,212.0,open-meteo_ecmwf_ifs,daily,25.8135,12.113501,17.95,11.959334,1.7885295,71.36015,0.0,21.970481168682117,3.114877697339894
2019-03-30 00:00:00+00:00,-34.925,-71.28305,212.0,open-meteo_ecmwf_ifs,daily,25.7635,12.0135,14.1,11.848916,2.2610037,72.39331,1.0,21.775661748645387,2.890276680177676
2019-03-31 00:00:00+00:00,-34.925,-71.28305,212.0,open-meteo_ecmwf_ifs,daily,22.3635,14.2135,11.46,13.417666,2.2549503,77.10937,5.3,21.580986711770898,2.342555712549419
2019-04-01 00:00:00+00:00,-34.925,-71.28305,212.0,open-meteo_ecmwf_ifs,daily,23.713501,13.7135,16.65,13.134335,2.2520099,78.870605,0.0,21.38652749653765,2.920621336716755
2019-04-02 00:00:00+00:00,-34.925,-71.28305,212.0,open-meteo_ecmwf_ifs,daily,26.5135,12.4635,18.52,12.41975,2.0803895,70.37017,0.0,21.192355645423493,3.2435040688265446
2019-04-03 00:00:00+00:00,-34.925,-71.28305,212.0,open-meteo_ecmwf_ifs,daily,22.9135,13.2135,13.0,14.211415,1.6940473,79.532875,0.0,20.998542749731588,2.232410549322259
2019-04-04 00:00:00+00:00,-34.925,-71.28305,212.0,open-meteo_ecmwf_ifs,daily,21.6635,12.9635,13.93,11.55725,2.6584024,74.15463,1.6,20.80516039434282,2.643233081600624
2019-04-05 00:00:00+00:00,-34.925,-71.28305,212.0,open-meteo_ecmwf_ifs,daily,27.0635,7.8635,19.48,7.515583,2.235003,57.693848,0.0,20.61228010250435,3.3452582812759255
2019-04-06 00:00:00+00:00,-34.925,-71.28305,212.0,open-meteo_ecmwf_ifs,daily,27.3135,9.5635,19.26,9.809334,2.001318,63.85641,0.0,20.419973280764243,3.2262382284708364
2019-04-07 00:00:00+00:00,-34.925,-71.28305,212.0,open-meteo_ecmwf_ifs,daily,29.9135,9.2135,19.44,8.769752,1.6388565,58.218357,0.0,20.228311164161315,3.277077775102879
2019-04-08 00:00:00+00:00,-34.925,-71.28305,212.0,open-meteo_ecmwf_ifs,daily,25.0635,11.4635,18.32,10.069751,1.3938113,66.02848,0.0,20.03736476177837,2.8543811146504123
2019-04-09 00:00:00+00:00,-34.925,-71.28305,212.0,open-meteo_ecmwf_ifs,daily,20.0135,12.113501,9.4,11.038501,1.5084977,76.650505,0.0,19.84720480276574,1.8172731197602765
2019-04-10 00:00:00+00:00,-34.925,-71.28305,212.0,open-meteo_ecmwf_ifs,daily,23.3635,10.363501,15.5,10.536416,2.4941466,77.26118,0.0,19.65790168294052,2.6831363630366396
2019-04-11 00:00:00+00:00,-34.925,-71.28305,212.0,open-meteo_ecmwf_ifs,daily,24.5635,9.6635,17.59,10.409335,1.460368,70.96498,0.0,19.469525412064915,2.603991318259298
2019-04-12 00:00:00+00:00,-34.925,-71.28305,212.0,open-meteo_ecmwf_ifs,daily,20.463501,12.1635,10.82,11.659333,1.3373871,79.85968,0.0,19.2821455619053,1.849148452511399
2019-04-13 00:00:00+00:00,-34.925,-71.28305,212.0,open-meteo_ecmwf_ifs,daily,21.713501,12.9135,12.42,10.636417,1.3627023,74.727455,0.0,19.09583121517087,2.16032713073595
2019-04-14 00:00:00+00:00,-34.925,-71.28305,212.0,open-meteo_ecmwf_ifs,daily,20.8635,9.9135,15.26,8.380167,3.3118248,67.24212,0.0,18.91065091542852,2.7619161861279946
2019-04-15 00:00:00+00:00,-34.925,-71.28305,212.0,open-meteo_ecmwf_ifs,daily,22.8635,7.6635003,17.31,6.0968328,2.7711601,62.33852,0.0,18.726672618087445,2.950411358841225
2019-04-16 00:00:00+00:00,-34.925,-71.28305,212.0,open-meteo_ecmwf_ifs,daily,24.6635,8.0635,17.55,6.6697497,1.9813713,60.36107,0.0,18.54396364254405,2.79571883832387
2019-04-17 00:00:00+00:00,-34.925,-71.28305,212.0,open-meteo_ecmwf_ifs,daily,24.6135,7.7635,17.04,6.4176674,2.0713174,61.70863,0.0,18.36259062557438,2.7736629458186055
2019-04-18 00:00:00+00:00,-34.925,-71.28305,212.0,open-meteo_ecmwf_ifs,daily,22.5635,10.9135,13.06,9.936417,1.7240205,67.81955,0.0,18.18261947605774,2.225281770008191
2019-04-19 00:00:00+00:00,-34.925,-71.28305,212.0,open-meteo_ecmwf_ifs,daily,22.1135,12.8135,12.51,11.717668,1.1770551,76.73968,0.0,18.004115331111496,1.9869101273090206
2019-04-20 00:00:00+00:00,-34.925,-71.28305,212.0,open-meteo_ecmwf_ifs,daily,21.4135,10.9635,9.94,10.76975,1.3347139,77.84768,0.0,17.82714251371304,1.7441186833381521
2019-04-21 00:00:00+00:00,-34.925,-71.28305,212.0,open-meteo_ecmwf_ifs,daily,19.0635,10.113501,8.16,10.073917,1.3966371,80.1278,0.0,17.651764491880872,1.488104854763107
2019-04-22 00:00:00+00:00,-34.925,-71.28305,212.0,open-meteo_ecmwf_ifs,daily,19.5635,9.613501,11.25,9.936418,1.3516773,82.34743,0.0,17.47804383948234,1.6798725858970163
2019-04-23 00:00:00+00:00,-34.925,-71.28305,212.0,open-meteo_ecmwf_ifs,daily,20.4135,9.363501,11.98,10.001001,1.1519257,79.33115,0.0,17.306042198731312,1.7016337956989154
2019-04-24 00:00:00+00:00,-34.925,-71.28305,212.0,open-meteo_ecmwf_ifs,daily,15.5135,10.9635,5.17,10.471833,1.3104836,85.43766,6.1000004,17.135820244434118,1.0633361535037236
2019-04-25 00:00:00+00:00,-34.925,-71.28305,212.0,open-meteo_ecmwf_ifs,daily,20.3635,7.9635,11.31,9.528083,1.2720733,79.19698,0.0,16.967437650037677,1.607266358864165
2019-04-26 00:00:00+00:00,-34.925,-71.28305,212.0,open-meteo_ecmwf_ifs,daily,21.4135,7.8135004,14.63,9.390584,1.4949602,78.39454,0.0,16.800953055528662,1.8961338779695986
2019-04-27 00:00:00+00:00,-34.925,-71.28305,212.0,open-meteo_ecmwf_ifs,daily,22.5135,8.4135,14.37,9.763501,1.5730013,76.39091,0.0,16.63642403722731,1.9667336025402418
2019-04-28 00:00:00+00:00,-34.925,-71.28305,212.0,open-meteo_ecmwf_ifs,daily,21.5135,8.0635,13.31,9.386417,2.3830314,72.908806,0.0,16.47390707951492,2.0078549248407227
2019-04-29 00:00:00+00:00,-34.925,-71.28305,212.0,open-meteo_ecmwf_ifs,daily,19.8635,9.8135,12.14,7.4989166,4.4268413,65.58527,0.0,16.31345754852805,2.671929607853154
2019-04-30 00:00:00+00:00,-34.925,-71.28305,212.0,open-meteo_ecmwf_ifs,daily,20.1635,6.3135004,15.29,3.3030834,2.8256254,56.099827,0.0,16.155129667847792,2.5135194967113477
2019-05-01 00:00:00+00:00,-34.925,-71.28305,212.0,open-meteo_ecmwf_ifs,daily,21.8135,6.3635,14.49,3.2468336,2.8364544,56.765682,0.0,15.998976496206643,2.622854562505744
2019-05-02 00:00:00+00:00,-34.925,-71.28305,212.0,open-meteo_ecmwf_ifs,daily,19.3135,11.4635,4.39,9.134334,1.4682199,69.83219,0.1,15.845049907230024,1.3856157149808221
2019-05-03 00:00:00+00:00,-34.925,-71.28305,212.0,open-meteo_ecmwf_ifs,daily,15.613501,13.113501,1.5,12.573918,1.36031,91.14993,6.7,15.69340057122418,0.7324912232634303
2019-05-04 00:00:00+00:00,-34.925,-71.28305,212.0,open-meteo_ecmwf_ifs,daily,15.363501,12.863501,1.85,12.778085,2.1106265,92.6954,38.6,15.544077939016184,0.7307904190910541
2019-05-05 00:00:00+00:00,-34.925,-71.28305,212.0,open-meteo_ecmwf_ifs,daily,17.9135,13.0135,9.16,12.686418,2.5290241,89.47776,0.1,15.397130227846512,1.4308584647227522
2019-05-06 00:00:00+00:00,-34.925,-71.28305,212.0,open-meteo_ecmwf_ifs,daily,17.463501,10.4635,8.7,10.394751,2.1590736,84.74596,0.0,15.25260440930863,1.392701709896837
2019-05-07 00:00:00+00:00,-34.925,-71.28305,212.0,open-meteo_ecmwf_ifs,daily,16.5135,9.4635,6.62,10.667668,1.3887129,89.11382,0.0,15.110546199324459,1.0263256610796683
2019-05-08 00:00:00+00:00,-34.925,-71.28305,212.0,open-meteo_ecmwf_ifs,daily,16.5135,11.0135,7.38,10.184334,1.8644552,86.365974,0.0,14.971000050138988,1.264671696599051
2019-05-09 00:00:00+00:00,-34.925,-71.28305,212.0,open-meteo_ecmwf_ifs,daily,15.9135,10.2135,7.37,8.923917,1.8113765,83.29093,3.3,14.834009144311347,1.278152485334103
2019-05-10 00:00:00+00:00,-34.925,-71.28305,212.0,open-meteo_ecmwf_ifs,daily,15.5635,7.1135,12.09,7.46975,2.434776,86.409645,0.2,14.699615390674177,1.428868398781081
2019-05-11 00:00:00+00:00,-34.925,-71.28305,212.0,open-meteo_ecmwf_ifs,daily,16.5635,6.0135,11.37,7.0405846,1.5655671,83.95038,0.0,14.567859422227428,1.2988137490720837
2019-05-12 00:00:00+00:00,-34.925,-71.28305,212.0,open-meteo_ecmwf_ifs,daily,16.2135,7.4135003,6.55,9.461416,2.4477646,86.80383,0.0,14.438780595927073,1.0357106624111951
2019-05-13 00:00:00+00:00,-34.925,-71.28305,212.0,open-meteo_ecmwf_ifs,daily,19.6635,10.7135,10.14,11.2135,1.9782948,85.39179,0.0,14.312416994323748,1.4638511211696263
2019-05-14 00:00:00+00:00,-34.925,-71.28305,212.0,open-meteo_ecmwf_ifs,daily,21.1635,8.4135,12.04,10.321835,1.1410881,86.58378,0.0,14.188805429000956,1.3829238781243005
2019-05-15 00:00:00+00:00,-34.925,-71.28305,212.0,open-meteo_ecmwf_ifs,daily,19.2635,9.1635,10.3,10.938499,1.2806423,87.12408,0.0,14.067981445756963,1.232352882614901
2019-05-16 00:00:00+00:00,-34.925,-71.28305,212.0,open-meteo_ecmwf_ifs,daily,17.0135,10.4635,7.59,9.630166,2.1555827,83.63428,0.0,13.949979331469393,1.316346171095303
2019-05-17 00:00:00+00:00,-34.925,-71.28305,212.0,open-meteo_ecmwf_ifs,daily,13.5635,7.0635004,3.72,9.178084,1.6881937,89.70944,12.9,13.834832122576508,0.6726280805316198
2019-05-18 00:00:00+00:00,-34.925,-71.28305,212.0,open-meteo_ecmwf_ifs,daily,15.0635,8.2135,10.47,8.184334,3.3244832,86.62232,0.9000001,13.722571615104043,1.3536461865085123
2019-05-19 00:00:00+00:00,-34.925,-71.28305,212.0,open-meteo_ecmwf_ifs,daily,13.7635,4.5635004,8.67,4.2843337,2.9371922,77.72451,0.0,13.613228376161947,1.3349825241884228
2019-05-20 00:00:00+00:00,-34.925,-71.28305,212.0,open-meteo_ecmwf_ifs,daily,10.7635,6.1135,5.59,5.759334,2.1163132,85.81402,0.1,13.506831756830527,0.8684508193843891
2019-05-21 00:00:00+00:00,-34.925,-71.28305,212.0,open-meteo_ecmwf_ifs,daily,13.2135,3.4635,10.13,5.290583,1.3348151,85.646324,0.0,13.4034099063514,0.9231899608551379
2019-05-22 00:00:00+00:00,-34.925,-71.28305,212.0,open-meteo_ecmwf_ifs,daily,15.113501,0.9135001,12.45,1.95725,1.4375814,71.125916,0.0,13.302989787534452,1.124915811432675
2019-05-23 00:00:00+00:00,-34.925,-71.28305,212.0,open-meteo_ecmwf_ifs,daily,16.6135,1.7135,12.27,3.4655836,1.0832572,70.81742,0.0,13.205597193288085,1.0527543771881058
2019-05-24 00:00:00+00:00,-34.925,-71.28305,212.0,open-meteo_ecmwf_ifs,daily,13.363501,5.0135,6.08,5.998917,1.3712949,86.67002,0.0,13.111256764176558,0.8521905112621766
2019-05-25 00:00:00+00:00,-34.925,-71.28305,212.0,open-meteo_ecmwf_ifs,daily,14.9635,7.0135,5.37,7.1197495,2.5599873,81.91934,1.1,13.019992006904898,1.126491667597351
2019-05-26 00:00:00+00:00,-34.925,-71.28305,212.0,open-meteo_ecmwf_ifs,daily,16.5635,8.8135,8.99,7.9093337,2.2661295,78.29102,1.5000001,12.931825313628998,1.3243731645706525
2019-05-27 00:00:00+00:00,-34.925,-71.28305,212.0,open-meteo_ecmwf_ifs,daily,15.363501,4.9635,8.11,7.228084,1.1090044,81.464806,1.1,12.846777981985674,0.856570478510153
2019-05-28 00:00:00+00:00,-34.925,-71.28305,212.0,open-meteo_ecmwf_ifs,daily,18.0135,7.1135,10.67,8.311416,1.239114,82.41156,0.6,12.764870235735605,1.0831033802000511
2019-05-29 00:00:00+00:00,-34.925,-71.28305,212.0,open-meteo_ecmwf_ifs,daily,13.8135,10.0135,0.96,9.234334,2.5476878,84.522026,20.599997,12.686121245909836,0.8732949140997669
2019-05-30 00:00:00+00:00,-34.925,-71.28305,212.0,open-meteo_ecmwf_ifs,daily,14.113501,10.2135,4.9,8.942667,3.2265222,82.2572,14.599999,12.610549152349344,1.1258578137725177
2019-05-31 00:00:00+00:00,-34.925,-71.28305,212.0,open-meteo_ecmwf_ifs,daily,14.7635,8.5135,4.0,8.917666,3.5134614,87.546776,9.7,12.538171085525972,1.0226448571156384
2019-06-01 00:00:00+00:00,-34.925,-71.28305,212.0,open-meteo_ecmwf_ifs,daily,14.113501,7.6635003,4.04,8.515584,1.5871458,86.29474,18.699999,12.469003188532643,0.7740872954364062
2019-06-02 00:00:00+00:00,-34.925,-71.28305,212.0,open-meteo_ecmwf_ifs,daily,19.213501,7.6635003,10.32,8.13225,1.2581348,81.95594,0.3,12.403060639130372,1.1250004998318823
2019-06-03 00:00:00+00:00,-34.925,-71.28305,212.0,open-meteo_ecmwf_ifs,daily,18.0635,7.9135003,9.13,5.9739175,0.9544042,70.71734,0.0,12.340357671740199,1.0537017732108052
2019-06-04 00:00:00+00:00,-34.925,-71.28305,212.0,open-meteo_ecmwf_ifs,daily,16.1635,7.2135,7.41,8.278084,1.5183825,84.63541,0.0,12.280907599268806,0.9340983138249626
2019-06-05 00:00:00+00:00,-34.925,-71.28305,212.0,open-meteo_ecmwf_ifs,daily,14.1635,8.2635,2.57,9.705168,2.0163443,92.54081,9.900001,12.224722834657896,0.6690960137281318
2019-06-06 00:00:00+00:00,-34.925,-71.28305,212.0,open-meteo_ecmwf_ifs,daily,14.7635,9.4135,6.04,11.132251,2.4905567,92.95343,6.1,12.17181491204934,0.6955455697924939
2019-06-07 00:00:00+00:00,-34.925,-71.28305,212.0,open-meteo_ecmwf_ifs,daily,12.6635,4.9635,9.98,6.109333,2.6673982,88.13854,0.2,12.12219450746018,0.9077108815247739
2019-06-08 00:00:00+00:00,-34.925,-71.28305,212.0,open-meteo_ecmwf_ifs,daily,14.2135,4.0135,10.55,5.3385005,2.4953399,84.007256,0.0,12.075871458864572,1.0287871075963548
2019-06-09 00:00:00+00:00,-34.925,-71.28305,212.0,open-meteo_ecmwf_ifs,daily,12.5635,5.1135,8.9,6.534334,2.0224507,91.50897,0.0,12.032854785582751,0.7926240622215605
2019-06-10 00:00:00+00:00,-34.925,-71.28305,212.0,open-meteo_ecmwf_ifs,daily,13.613501,6.6635003,7.77,7.790584,1.7858996,90.14374,1.0,11.993152706881254,0.8022124817087372
2019-06-11 00:00:00+00:00,-34.925,-71.28305,212.0,open-meteo_ecmwf_ifs,daily,12.113501,6.1135,2.41,7.796833,2.416304,91.56898,2.5,11.956772659692389,0.6066459862413541
2019-06-12 00:00:00+00:00,-34.925,-71.28305,212.0,open-meteo_ecmwf_ifs,daily,13.5135,8.0635,3.95,8.267667,3.7583196,86.70938,19.6,11.92372131536599,0.9506483739981267
2019-06-13 00:00:00+00:00,-34.925,-71.28305,212.0,open-meteo_ecmwf_ifs,daily,12.2135,7.2635,5.61,7.9780846,2.3647716,87.8556,21.300001,11.894004595371545,0.723750184621005
2019-06-14 00:00:00+00:00,-34.925,-71.28305,212.0,open-meteo_ecmwf_ifs,daily,9.3135,6.8135004,1.53,6.6093345,2.009178,89.81238,28.500004,11.867627685874169,0.5799720692479238
2019-06-15 00:00:00+00:00,-34.925,-71.28305,212.0,open-meteo_ecmwf_ifs,daily,12.3135,1.1635001,10.54,3.7280834,1.3678713,84.62559,0.0,11.844595051114016,0.7165800839793309
2019-06-16 00:00:00+00:00,-34.925,-71.28305,212.0,open-meteo_ecmwf_ifs,daily,13.4135,2.3635,9.87,4.192667,1.3177239,82.50642,0.1,11.82491044552508,0.7782334535627435
2019-06-17 00:00:00+00:00,-34.925,-71.28305,212.0,open-meteo_ecmwf_ifs,daily,12.5635,1.5634999,7.0,3.8114173,1.509648,84.335,2.2,11.808576924535723,0.7371590527651257
2019-06-18 00:00:00+00:00,-34.925,-71.28305,212.0,open-meteo_ecmwf_ifs,daily,14.5135,2.7135,10.69,5.7385006,1.6103529,83.82483,0.5,11.79559685400055,0.7889064834675599
2019-06-19 00:00:00+00:00,-34.925,-71.28305,212.0,open-meteo_ecmwf_ifs,daily,12.6635,1.3135,7.83,2.9280834,2.269941,79.843185,0.0,11.785971918220302,0.9066766000664378
2019-06-20 00:00:00+00:00,-34.925,-71.28305,212.0,open-meteo_ecmwf_ifs,daily,15.113501,6.0635004,8.43,6.240584,1.9964595,83.502,0.0,11.779703126513855,1.0233201321952248
2019-06-21 00:00:00+00:00,-34.925,-71.28305,212.0,open-meteo_ecmwf_ifs,daily,14.7135,6.5635004,7.8,7.8134995,1.0346273,90.29389,0.0,11.776790818314288,0.7533066481888526
2019-06-22 00:00:00+00:00,-34.925,-71.28305,212.0,open-meteo_ecmwf_ifs,daily,14.4635,5.9135003,8.43,6.640583,2.0579422,87.51728,0.0,11.777234666768438,0.9406823041471475
2019-06-23 00:00:00+00:00,-34.925,-71.28305,212.0,open-meteo_ecmwf_ifs,daily,13.363501,6.8635,4.71,8.3135,1.41226,91.56927,0.0,11.78103368082765,0.6656491912454466
2019-06-24 00:00:00+00:00,-34.925,-71.28305,212.0,open-meteo_ecmwf_ifs,daily,9.5635,4.6635003,1.92,7.142668,1.9632068,91.473694,6.7,11.788186205825019,0.377394064591284
2019-06-25 00:00:00+00:00,-34.925,-71.28305,212.0,open-meteo_ecmwf_ifs,daily,8.5635,-0.9365,9.67,1.7759999,1.8843752,87.413994,0.0,11.798689922542676,0.5966141912569461
2019-06-26 00:00:00+00:00,-34.925,-71.28305,212.0,open-meteo_ecmwf_ifs,daily,10.863501,3.0135,4.85,1.7072498,1.5066389,74.628395,0.0,11.812541844780425,0.8708324932205362
2019-06-27 00:00:00+00:00,-34.925,-71.28305,212.0,open-meteo_ecmwf_ifs,daily,12.5635,5.0135,4.99,4.6635003,2.791014,80.09374,0.0,11.829738315444953,1.0468310985988938
2019-06-28 00:00:00+00:00,-34.925,-71.28305,212.0,open-meteo_ecmwf_ifs,daily,14.863501,6.6635003,7.96,6.323918,2.720955,80.061134,0.2,11.850275001186684,1.171296626999001
2019-06-29 00:00:00+00:00,-34.925,-71.28305,212.0,open-meteo_ecmwf_ifs,daily,11.1635,8.0635,3.39,7.4905834,3.9336529,87.83207,32.0,11.874146885618686,0.8364376540843014
2019-06-30 00:00:00+00:00,-34.925,-71.28305,212.0,open-meteo_ecmwf_ifs,daily,11.2135,5.6135,8.1,6.3676677,2.7036068,91.56396,0.2,11.901348261159628,0.7702772256173948
2019-07-01 00:00:00+00:00,-34.925,-71.28305,212.0,open-meteo_ecmwf_ifs,daily,11.2635,2.4635,10.59,3.24475,2.408154,85.40915,0.0,11.931872719549794,0.8988015547702559
2019-07-02 00:00:00+00:00,-34.925,-71.28305,212.0,open-meteo_ecmwf_ifs,daily,13.1635,2.1635,9.88,3.4489167,1.9862407,83.15386,0.0,11.965713141095994,0.9265122157737455
2019-07-03 00:00:00+00:00,-34.925,-71.28305,212.0,open-meteo_ecmwf_ifs,daily,13.0635,4.4135003,9.93,5.5135007,2.4184086,89.341774,0.0,12.00286168270778,0.9313474381781699
2019-07-04 00:00:00+00:00,-34.925,-71.28305,212.0,open-meteo_ecmwf_ifs,daily,11.613501,6.1635003,10.04,5.907251,3.3961852,87.234856,0.1,12.043309764793491,1.002081731104133
2019-07-05 00:00:00+00:00,-34.925,-71.28305,212.0,open-meteo_ecmwf_ifs,daily,11.7635,2.4135,9.91,3.8176668,2.8248901,86.19309,0.0,12.087048057090469,0.9226841308602723
2019-07-06 00:00:00+00:00,-34.925,-71.28305,212.0,open-meteo_ecmwf_ifs,daily,13.9135,4.3635,7.39,6.678084,2.256491,91.63816,0.0,12.13406646350914,0.8270054820885728
2019-07-07 00:00:00+00:00,-34.925,-71.28305,212.0,open-meteo_ecmwf_ifs,daily,16.5135,8.6635,7.92,9.673917,1.8553239,87.949524,0.5,12.184354106075586,0.9671071185841135
2019-07-08 00:00:00+00:00,-34.925,-71.28305,212.0,open-meteo_ecmwf_ifs,daily,14.2135,9.4635,5.69,9.651,2.1560504,90.59795,0.0,12.237899308061886,0.8485419776530407
2019-07-09 00:00:00+00:00,-34.925,-71.28305,212.0,open-meteo_ecmwf_ifs,daily,16.7635,6.4135003,8.9,8.5635,1.0568393,89.17249,0.0,12.294689576397184,0.8645580983582666
2019-07-10 00:00:00+00:00,-34.925,-71.28305,212.0,open-meteo_ecmwf_ifs,daily,14.1635,7.2135,5.1,8.68225,1.3336617,91.85259,0.0,12.354711583456544,0.7298880048572136
2019-07-11 00:00:00+00:00,-34.925,-71.28305,212.0,open-meteo_ecmwf_ifs,daily,13.2635,6.2135,4.43,8.311418,1.162336,92.134346,0.9,12.417951148327166,0.6407677815947174
2019-07-12 00:00:00+00:00,-34.925,-71.28305,212.0,open-meteo_ecmwf_ifs,daily,14.8135,7.2635,8.34,8.015584,0.93414444,89.10847,0.1,12.484393217654542,0.8382383045417526
2019-07-13 00:00:00+00:00,-34.925,-71.28305,212.0,open-meteo_ecmwf_ifs,daily,15.113501,3.9135,9.85,5.9301677,1.4863149,87.51908,0.0,12.554021846173084,0.9304961450066622
2019-07-14 00:00:00+00:00,-34.925,-71.28305,212.0,open-meteo_ecmwf_ifs,daily,14.5635,4.4135003,10.27,6.255167,1.9605311,84.3554,0.0,12.626820177027291,0.9772251581583139
2019-07-15 00:00:00+00:00,-34.925,-71.28305,212.0,open-meteo_ecmwf_ifs,daily,14.2635,5.3635,10.78,5.405167,2.8504012,81.86177,0.0,12.702770421990811,1.2516722099260318
2019-07-16 00:00:00+00:00,-34.925,-71.28305,212.0,open-meteo_ecmwf_ifs,daily,14.0135,6.1635003,8.54,6.130167,1.6118942,84.25778,0.0,12.781853841691369,0.9997092875586867
2019-07-17 00:00:00+00:00,-34.925,-71.28305,212.0,open-meteo_ecmwf_ifs,daily,15.5135,5.8635,7.66,6.8280835,1.1489636,82.62186,0.0,12.864050725949522,0.9240423484052973
2019-07-18 00:00:00+00:00,-34.925,-71.28305,212.0,open-meteo_ecmwf_ifs,daily,13.1635,6.3135004,10.61,6.9010005,3.0029361,84.39288,11.0,12.949340374339327,1.076864671219742
2019-07-19 00:00:00+00:00,-34.925,-71.28305,212.0,open-meteo_ecmwf_ifs,daily,10.7135,2.1135,7.01,2.6030836,2.3305154,82.66953,0.0,13.037701077077958,0.9487624766421325
2019-07-20 00:00:00+00:00,-34.925,-71.28305,212.0,open-meteo_ecmwf_ifs,daily,13.0135,2.9635,6.17,3.7135,1.869147,79.58798,0.0,13.129110096350264,0.9796662314053054
2019-07-21 00:00:00+00:00,-34.925,-71.28305,212.0,open-meteo_ecmwf_ifs,daily,10.7635,5.8135004,7.08,6.2760005,3.3135126,83.18665,17.100002,13.223543648172917,0.8596977878324629
2019-07-22 00:00:00+00:00,-34.925,-71.28305,212.0,open-meteo_ecmwf_ifs,daily,11.0635,1.7635,12.0,4.0114164,2.3249714,87.0516,0.6,13.32097688490064,0.9034471322837084
2019-07-23 00:00:00+00:00,-34.925,-71.28305,212.0,open-meteo_ecmwf_ifs,daily,10.613501,0.9635,11.48,2.0989168,1.7789803,85.39138,0.0,13.421383878474778,0.9506334089301155
2019-07-24 00:00:00+00:00,-34.925,-71.28305,212.0,open-meteo_ecmwf_ifs,daily,14.363501,-1.8364999,12.02,1.1072501,1.6077361,82.171135,0.0,13.524737604512032,1.0575072036746345
2019-07-25 00:00:00+00:00,-34.925,-71.28305,212.0,open-meteo_ecmwf_ifs,daily,12.3135,4.9135003,8.28,5.6426673,2.0747948,83.30124,0.0,13.631009927327966,0.9739359053940859
2019-07-26 00:00:00+00:00,-34.925,-71.28305,212.0,open-meteo_ecmwf_ifs,daily,13.363501,4.7135,11.36,5.801,2.0786731,87.24561,0.0,13.740171585986767,1.1026530853899281
2019-07-27 00:00:00+00:00,-34.925,-71.28305,212.0,open-meteo_ecmwf_ifs,daily,14.113501,5.6635003,6.8,6.4530835,1.1947901,88.50124,0.1,13.852192181465297,0.9289549699513215
2019-07-28 00:00:00+00:00,-34.925,-71.28305,212.0,open-meteo_ecmwf_ifs,daily,13.863501,4.7135,6.93,6.9822507,2.1106327,89.79929,2.4,13.967040165015499,0.9097743228702567
2019-07-29 00:00:00+00:00,-34.925,-71.28305,212.0,open-meteo_ecmwf_ifs,daily,17.4135,9.0135,9.77,9.586416,1.9238831,84.88039,6.0,14.084682827805308,1.2909539463196797
2019-07-30 00:00:00+00:00,-34.925,-71.28305,212.0,open-meteo_ecmwf_ifs,daily,20.3635,9.1635,10.49,11.08225,1.5349879,86.7147,0.0,14.205086291914002,1.3463638813417655
2019-07-31 00:00:00+00:00,-34.925,-71.28305,212.0,open-meteo_ecmwf_ifs,daily,13.4635,10.363501,7.11,9.167666,2.7499905,84.84382,0.1,14.328215502753443,1.137252494881088
2019-08-01 00:00:00+00:00,-34.925,-71.28305,212.0,open-meteo_ecmwf_ifs,daily,12.863501,3.0635,13.5,4.3155837,3.4254663,79.9782,0.0,14.454034222982079,1.334487559792579
2019-08-02 00:00:00+00:00,-34.925,-71.28305,212.0,open-meteo_ecmwf_ifs,daily,12.613501,2.1635,12.54,2.7697504,3.7113693,78.232185,0.0,14.582505027973776,1.4533695683736676
2019-08-03 00:00:00+00:00,-34.925,-71.28305,212.0,open-meteo_ecmwf_ifs,daily,15.5135,4.3635,11.66,5.5176663,2.2068307,84.42724,0.0,14.713589302898866,1.3707297058939931
2019-08-04 00:00:00+00:00,-34.925,-71.28305,212.0,open-meteo_ecmwf_ifs,daily,18.5635,5.8135004,12.47,7.5655828,1.464296,85.421974,0.0,14.847247241469365,1.4160712503882071
2019-08-05 00:00:00+00:00,-34.925,-71.28305,212.0,open-meteo_ecmwf_ifs,daily,16.2135,4.2635,13.15,7.2301674,1.8066181,84.41542,0.0,14.983437846395793,1.2850087691517746
2019-08-06 00:00:00+00:00,-34.925,-71.28305,212.0,open-meteo_ecmwf_ifs,daily,11.2135,7.8635,3.86,7.346834,1.7597114,87.08596,2.3999999,15.1221189315974,0.8192391161080893
2019-08-07 00:00:00+00:00,-34.925,-71.28305,212.0,open-meteo_ecmwf_ifs,daily,12.2135,2.5135,14.35,3.1989167,4.1574435,76.80185,0.0,15.263247126202419,1.519938943038215
2019-08-08 00:00:00+00:00,-34.925,-71.28305,212.0,open-meteo_ecmwf_ifs,daily,13.4635,1.5634999,13.89,2.8905838,1.3856896,79.14131,0.0,15.406777880370004,1.280565498219673
2019-08-09 00:00:00+00:00,-34.925,-71.28305,212.0,open-meteo_ecmwf_ifs,daily,13.0635,0.51350003,13.9,4.1718345,1.4774017,87.30425,0.0,15.552665472959733,1.1511826403332894
2019-08-10 00:00:00+00:00,-34.925,-71.28305,212.0,open-meteo_ecmwf_ifs,daily,10.863501,3.3634999,8.28,3.9530838,2.0781233,86.156624,0.0,15.700863021069486,1.0561691963620952
2019-08-11 00:00:00+00:00,-34.925,-71.28305,212.0,open-meteo_ecmwf_ifs,daily,12.863501,1.4635,9.9,4.903084,1.2040752,85.06958,1.8000001,15.851322491457173,0.9980785519919183
2019-08-12 00:00:00+00:00,-34.925,-71.28305,212.0,open-meteo_ecmwf_ifs,daily,14.4135,2.8135,14.36,4.771834,2.8075733,85.00721,0.0,16.00399471385618,1.5019284907845771
2019-08-13 00:00:00+00:00,-34.925,-71.28305,212.0,open-meteo_ecmwf_ifs,daily,14.8135,-0.036499977,11.84,3.1718333,2.1243591,81.07659,0.0,16.158829396189304,1.3280030783781298
2019-08-14 00:00:00+00:00,-34.925,-71.28305,212.0,open-meteo_ecmwf_ifs,daily,19.5635,4.2135,14.13,7.103084,2.3284292,81.49775,0.0,16.315775141680714,1.7679636949881268
2019-08-15 00:00:00+00:00,-34.925,-71.28305,212.0,open-meteo_ecmwf_ifs,daily,16.2135,8.3135,10.08,8.946833,1.8004961,88.69665,0.0,16.474779467859655,1.388432310213134
2019-08-16 00:00:00+00:00,-34.925,-71.28305,212.0,open-meteo_ecmwf_ifs,daily,13.5135,8.4135,8.78,8.069751,2.4583507,86.23483,0.0,16.635788827445218,1.2831120865619157
2019-08-17 00:00:00+00:00,-34.925,-71.28305,212.0,open-meteo_ecmwf_ifs,daily,15.3135,8.3135,9.76,7.415584,3.0217438,81.31068,7.6000004,16.798748631095584,1.6519990633848276
2019-08-18 00:00:00+00:00,-34.925,-71.28305,212.0,open-meteo_ecmwf_ifs,daily,14.4135,8.5635,8.92,8.613502,2.1660087,88.21167,0.0,16.963603272000416,1.3046588064979447
2019-08-19 00:00:00+00:00,-34.925,-71.28305,212.0,open-meteo_ecmwf_ifs,daily,12.113501,6.4135003,4.67,8.201,1.5410334,91.14551,0.5,17.130296152290143,0.7733383259867876
2019-08-20 00:00:00+00:00,-34.925,-71.28305,212.0,open-meteo_ecmwf_ifs,daily,21.8135,7.5135,14.17,9.115583,1.2269734,81.692116,0.0,17.29876971123042,1.8747240850086395
2019-08-21 00:00:00+00:00,-34.925,-71.28305,212.0,open-meteo_ecmwf_ifs,daily,13.363501,8.5135,4.95,7.7739177,2.177804,80.19384,0.3,17.46896545516595,1.1273734782018492
2019-08-22 00:00:00+00:00,-34.925,-71.28305,212.0,open-meteo_ecmwf_ifs,daily,20.4135,5.9635,15.66,8.203084,2.1524491,81.557175,0.0,17.64082398917243,2.041560810714578
2019-08-23 00:00:00+00:00,-34.925,-71.28305,212.0,open-meteo_ecmwf_ifs,daily,19.8135,8.5635,13.81,9.367667,1.6223669,82.25817,0.0,17.81428505037114,1.909126912169486
2019-08-24 00:00:00+00:00,-34.925,-71.28305,212.0,open-meteo_ecmwf_ifs,daily,18.7635,6.9135003,16.13,8.823917,2.2392266,77.37205,0.6,17.989287542856157,1.9899163330029288
2019-08-25 00:00:00+00:00,-34.925,-71.28305,212.0,open-meteo_ecmwf_ifs,daily,19.3635,7.1135,11.24,8.673918,1.970287,78.42257,0.2,18.165769574179475,1.7545311784449673
2019-08-26 00:00:00+00:00,-34.925,-71.28305,212.0,open-meteo_ecmwf_ifs,daily,15.9635,9.863501,5.02,9.367667,1.3202443,82.17735,1.3,18.343668493335556,1.1485262188206027
2019-08-27 00:00:00+00:00,-34.925,-71.28305,212.0,open-meteo_ecmwf_ifs,daily,22.1135,8.0635,14.18,10.11975,1.6409993,83.98231,0.0,18.522920930182455,2.060317441936544
2019-08-28 00:00:00+00:00,-34.925,-71.28305,212.0,open-meteo_ecmwf_ifs,daily,19.1635,10.0635,9.78,12.428084,1.3098398,87.01772,0.0,18.703462836232504,1.4574518220539414
2019-08-29 00:00:00+00:00,-34.925,-71.28305,212.0,open-meteo_ecmwf_ifs,daily,14.9135,8.8135,12.81,9.248917,2.7385166,84.33708,0.1,18.885229526742453,1.6456150914855558
2019-08-30 00:00:00+00:00,-34.925,-71.28305,212.0,open-meteo_ecmwf_ifs,daily,15.5135,4.5135,17.42,4.9780836,3.6952035,73.29677,0.0,19.068155724028465,2.198042159203641
2019-08-31 00:00:00+00:00,-34.925,-71.28305,212.0,open-meteo_ecmwf_ifs,daily,16.4135,4.0635,17.16,4.751,4.009895,75.48629,0.0,19.252175601928748,2.315506059809122
2019-09-01 00:00:00+00:00,-34.925,-71.28305,212.0,open-meteo_ecmwf_ifs,daily,15.0635,4.9135003,16.65,4.3510003,3.3236008,72.32284,0.0,19.437222831332917,2.227514382822974
2019-09-02 00:00:00+00:00,-34.925,-71.28305,212.0,open-meteo_ecmwf_ifs,daily,14.4135,3.3135,17.24,3.0322502,3.253987,72.79876,0.0,19.623230626694067,2.19194624234542
2019-09-03 00:00:00+00:00,-34.925,-71.28305,212.0,open-meteo_ecmwf_ifs,daily,17.963501,1.7135,18.77,4.576,1.8240871,75.59911,0.0,19.81013179343722,2.134898733748781
2019-09-04 00:00:00+00:00,-34.925,-71.28305,212.0,open-meteo_ecmwf_ifs,daily,20.1135,6.7635,13.38,6.244751,2.3042762,72.00944,0.0,19.99785877617456,2.341140234900549
2019-09-05 00:00:00+00:00,-34.925,-71.28305,212.0,open-meteo_ecmwf_ifs,daily,16.6135,8.5135,13.06,6.9864173,3.9025776,71.93451,0.90000004,20.18634370763596,2.355112487082173
2019-09-06 00:00:00+00:00,-34.925,-71.28305,212.0,open-meteo_ecmwf_ifs,daily,13.7635,9.1635,6.09,9.467668,1.2992059,90.35824,9.499999,20.375518458220917,1.0945464218752081
2019-09-07 00:00:00+00:00,-34.925,-71.28305,212.0,open-meteo_ecmwf_ifs,daily,11.2135,9.863501,3.83,9.221834,1.2465284,92.55002,14.3,20.56531468607597,0.8374826136962298
2019-09-08 00:00:00+00:00,-34.925,-71.28305,212.0,open-meteo_ecmwf_ifs,daily,14.7635,7.3135004,9.87,6.8843346,1.8735892,82.644936,0.2,20.75566388760044,1.61708579611935
2019-09-09 00:00:00+00:00,-34.925,-71.28305,212.0,open-meteo_ecmwf_ifs,daily,12.113501,8.2135,6.7,4.9822497,3.8285177,73.14966,3.7,20.946497448281242,1.7764002093757951
2019-09-10 00:00:00+00:00,-34.925,-71.28305,212.0,open-meteo_ecmwf_ifs,daily,16.6135,5.5135,18.58,6.9885006,1.304967,80.141136,4.1,21.137746693756917,2.1929716954478025
2019-09-11 00:00:00+00:00,-34.925,-71.28305,212.0,open-meteo_ecmwf_ifs,daily,17.3635,7.1135,17.17,7.3968334,1.5540056,80.46641,2.1,21.329342941009887,2.26050535547539
2019-09-12 00:00:00+00:00,-34.925,-71.28305,212.0,open-meteo_ecmwf_ifs,daily,18.1635,5.0135,19.52,7.0510006,2.6552286,79.88734,0.0,21.521217549585,2.4661978393818633
2019-09-13 00:00:00+00:00,-34.925,-71.28305,212.0,open-meteo_ecmwf_ifs,daily,20.0135,7.4135003,18.64,8.909334,1.5554632,80.19199,0.0,21.71330197273277,2.5119792803122323
2019-09-14 00:00:00+00:00,-34.925,-71.28305,212.0,open-meteo_ecmwf_ifs,daily,15.9635,9.8135,9.07,8.813501,2.8225937,82.09469,0.3,21.905527808374632,1.8055719006153748
2019-09-15 00:00:00+00:00,-34.925,-71.28305,212.0,open-meteo_ecmwf_ifs,daily,14.5635,8.0135,14.26,8.40725,2.1947768,85.508606,5.7,22.097826849788717,1.8882144964324854
2019-09-16 00:00:00+00:00,-34.925,-71.28305,212.0,open-meteo_ecmwf_ifs,daily,16.2135,3.2635,21.11,4.4322505,4.2894626,74.21868,0.0,22.290131135914283,2.653927787339158
2019-09-17 00:00:00+00:00,-34.925,-71.28305,212.0,open-meteo_ecmwf_ifs,daily,16.8135,7.6635003,18.49,7.526001,2.501659,78.32073,0.1,22.482373001174018,2.521311031571775
2019-09-18 00:00:00+00:00,-34.925,-71.28305,212.0,open-meteo_ecmwf_ifs,daily,15.2135,5.4635,17.42,7.011416,2.260584,82.891075,0.0,22.674485124714643,2.132136402839056
2019-09-19 00:00:00+00:00,-34.925,-71.28305,212.0,open-meteo_ecmwf_ifs,daily,14.2635,4.8635,21.68,2.7926674,4.6136866,64.27141,0.0,22.86640057896695,2.9554084312043916
2019-09-20 00:00:00+00:00,-34.925,-71.28305,212.0,open-meteo_ecmwf_ifs,daily,15.863501,2.5635,22.1,2.8280838,3.9502037,68.4856,0.0,23.058052877428622,2.834150118036415
2019-09-21 00:00:00+00:00,-34.925,-71.28305,212.0,open-meteo_ecmwf_ifs,daily,18.9135,3.0135,22.78,4.2780833,4.297237,69.24615,0.0,23.249376021574676,3.156108526088373
2019-09-22 00:00:00+00:00,-34.925,-71.28305,212.0,open-meteo_ecmwf_ifs,daily,23.1135,7.8135004,20.66,9.044751,1.4625674,77.09028,0.0,23.44030454680238,3.0408272750672656
2019-09-23 00:00:00+00:00,-34.925,-71.28305,212.0,open-meteo_ecmwf_ifs,daily,18.7635,10.2635,16.32,10.701,1.4942917,83.786095,0.0,23.630773567320414,2.415868475111347
2019-09-24 00:00:00+00:00,-34.925,-71.28305,212.0,open-meteo_ecmwf_ifs,daily,21.4135,9.863501,18.46,11.217667,1.4336163,84.91711,0.0,23.820718819894083,2.7548485928767232
2019-09-25 00:00:00+00:00,-34.925,-71.28305,212.0,open-meteo_ecmwf_ifs,daily,22.8635,11.8135,18.08,13.490585,1.2711147,88.0911,0.1,24.01007670636181,2.8151744026373
2019-09-26 00:00:00+00:00,-34.925,-71.28305,212.0,open-meteo_ecmwf_ifs,daily,21.4135,13.4635,14.89,12.71975,1.3076152,81.21502,0.0,24.198784334841143,2.5560443636766306
2019-09-27 00:00:00+00:00,-34.925,-71.28305,212.0,open-meteo_ecmwf_ifs,daily,19.3135,10.3135,15.54,8.926001,3.1446664,73.779495,0.2,24.38677955954571,2.8525572421613545
2019-09-28 00:00:00+00:00,-34.925,-71.28305,212.0,open-meteo_ecmwf_ifs,daily,20.2635,6.8135004,22.03,8.869751,2.0008264,78.90742,0.0,24.57400101913897,3.0084703583738617
2019-09-29 00:00:00+00:00,-34.925,-71.28305,212.0,open-meteo_ecmwf_ifs,daily,21.5135,8.7135,19.88,9.428083,2.3564594,77.68744,0.0,24.7603881735534,3.121924938450586
2019-09-30 00:00:00+00:00,-34.925,-71.28305,212.0,open-meteo_ecmwf_ifs,daily,12.9135,9.5635,4.28,8.15725,1.8569225,81.83686,4.6000004,24.94588133920904,1.1751016965757304
2019-10-01 00:00:00+00:00,-34.925,-71.28305,212.0,open-meteo_ecmwf_ifs,daily,14.363501,3.6635,18.55,3.934333,1.9646988,75.87992,2.4,25.130421722568915,2.3868627456597147
2019-10-02 00:00:00+00:00,-34.925,-71.28305,212.0,open-meteo_ecmwf_ifs,daily,14.363501,3.0635,17.45,4.3051667,1.6287737,78.33985,0.5,25.313951451973566,2.2133153847545617
2019-10-03 00:00:00+00:00,-34.925,-71.28305,212.0,open-meteo_ecmwf_ifs,daily,15.2135,2.6635,21.68,3.5010004,1.8421679,70.74673,0.5,25.496413607701818,2.650832222597523
2019-10-04 00:00:00+00:00,-34.925,-71.28305,212.0,open-meteo_ecmwf_ifs,daily,17.1635,4.3135,24.25,4.5593333,3.836159,71.9438,0.0,25.677752250209647,3.251328784122013
2019-10-05 00:00:00+00:00,-34.925,-71.28305,212.0,open-meteo_ecmwf_ifs,daily,17.3135,4.1135,22.05,4.648917,2.571533,69.75837,0.0,25.857912446504038,2.9852429953671797
2019-10-06 00:00:00+00:00,-34.925,-71.28305,212.0,open-meteo_ecmwf_ifs,daily,21.0635,3.9135,23.26,6.4510007,2.2893527,71.35901,0.0,26.036840294614162,3.244152689444104
2019-10-07 00:00:00+00:00,-34.925,-71.28305,212.0,open-meteo_ecmwf_ifs,daily,21.4135,10.113501,23.32,10.419753,3.6763747,76.122856,0.0,26.21448294612702,3.6736540359223127
2019-10-08 00:00:00+00:00,-34.925,-71.28305,212.0,open-meteo_ecmwf_ifs,daily,22.4135,6.6135,23.0,5.6239166,3.9173944,59.01326,0.0,26.390788626760877,4.067521202288531
2019-10-09 00:00:00+00:00,-34.925,-71.28305,212.0,open-meteo_ecmwf_ifs,daily,25.0635,9.7135,22.84,8.507251,2.7300775,60.78629,0.0,26.565706654954436,4.155942611664115
2019-10-10 00:00:00+00:00,-34.925,-71.28305,212.0,open-meteo_ecmwf_ifs,daily,23.4135,11.9635,12.59,12.140583,1.5475475,74.10648,0.0,26.739187458456104,2.542353176944648
2019-10-11 00:00:00+00:00,-34.925,-71.28305,212.0,open-meteo_ecmwf_ifs,daily,20.1135,12.7135,7.07,10.811418,1.4748836,70.7239,0.0,26.9111825889028,1.8697905166949855
2019-10-12 00:00:00+00:00,-34.925,-71.28305,212.0,open-meteo_ecmwf_ifs,daily,19.8635,10.6635,7.01,10.276,1.3189312,78.90644,0.6,27.08164473438362,1.7242341248710809
2019-10-13 00:00:00+00:00,-34.925,-71.28305,212.0,open-meteo_ecmwf_ifs,daily,23.1135,9.8135,19.04,10.330167,2.488168,69.93897,0.0,27.250527729989393,3.377110746930022
2019-10-14 00:00:00+00:00,-34.925,-71.28305,212.0,open-meteo_ecmwf_ifs,daily,18.0635,11.2635,13.45,10.207252,3.400408,75.182434,11.6,27.417786566354792,2.569899990568621
2019-10-15 00:00:00+00:00,-34.925,-71.28305,212.0,open-meteo_ecmwf_ifs,daily,20.3635,9.0135,15.81,10.226001,1.9288505,77.29568,1.1,27.58337739620524,2.6536547832246113
2019-10-16 00:00:00+00:00,-34.925,-71.28305,212.0,open-meteo_ecmwf_ifs,daily,17.4135,9.1635,14.49,9.036417,1.8935972,79.09261,6.4,27.74725753892668,2.4001876896830248
2019-10-17 00:00:00+00:00,-34.925,-71.28305,212.0,open-meteo_ecmwf_ifs,daily,17.3135,9.6635,13.23,7.8843346,2.284671,72.18172,0.2,27.909385483181456,2.499625883315858
2019-10-18 00:00:00+00:00,-34.925,-71.28305,212.0,open-meteo_ecmwf_ifs,daily,22.5635,7.3135004,26.42,8.080167,2.5079904,70.40172,0.0,28.069720887599473,4.034853492144538
2019-10-19 00:00:00+00:00,-34.925,-71.28305,212.0,open-meteo_ecmwf_ifs,daily,20.5135,7.9135003,18.89,8.338501,2.6421103,71.05265,0.0,28.22822457957856,3.1754859833581497
2019-10-20 00:00:00+00:00,-34.925,-71.28305,212.0,open-meteo_ecmwf_ifs,daily,21.1135,10.5635,20.17,7.3989177,1.6963342,64.40803,0.2,28.38485855223376,3.5153296706499537
2019-10-21 00:00:00+00:00,-34.925,-71.28305,212.0,open-meteo_ecmwf_ifs,daily,22.1635,7.6635003,27.44,6.5072503,4.3997817,60.482944,0.0,28.539585959539874,4.603373348330025
2019-10-22 00:00:00+00:00,-34.925,-71.28305,212.0,open-meteo_ecmwf_ifs,daily,23.3135,6.2135,26.72,5.3968334,3.4351003,59.31195,0.0,28.692371109716632,4.497666251089653
2019-10-23 00:00:00+00:00,-34.925,-71.28305,212.0,open-meteo_ecmwf_ifs,daily,25.8135,7.4635,27.63,8.45725,2.0467834,65.140495,0.0,28.843179456910605,4.449996973504964
2019-10-24 00:00:00+00:00,-34.925,-71.28305,212.0,open-meteo_ecmwf_ifs,daily,25.1635,11.5635,25.68,8.526,1.594324,57.987072,0.0,28.99197759123235,4.439800096383473
2019-10-25 00:00:00+00:00,-34.925,-71.28305,212.0,open-meteo_ecmwf_ifs,daily,25.0135,8.5135,24.72,7.457252,2.2327905,58.121536,0.0,29.1387332272115,4.321275731499914
2019-10-26 00:00:00+00:00,-34.925,-71.28305,212.0,open-meteo_ecmwf_ifs,daily,25.213501,13.7135,21.86,8.863502,1.959041,56.2925,0.1,29.283415190736715,4.348107429251989
2019-10-27 00:00:00+00:00,-34.925,-71.28305,212.0,open-meteo_ecmwf_ifs,daily,18.8635,12.5135,7.11,10.007251,1.8133048,72.14815,0.1,29.425993404550663,1.9787077467025136
2019-10-28 00:00:00+00:00,-34.925,-71.28305,212.0,open-meteo_ecmwf_ifs,daily,21.8635,8.4635,28.7,5.3093333,2.9812508,58.739895,0.8000001,29.566438872374448,4.741122932607157
2019-10-29 00:00:00+00:00,-34.925,-71.28305,212.0,open-meteo_ecmwf_ifs,daily,18.963501,9.7135,19.26,5.9989166,2.5541775,59.295822,1.3000001,29.704723661737848,3.544919750564062
2019-10-30 00:00:00+00:00,-34.925,-71.28305,212.0,open-meteo_ecmwf_ifs,daily,23.963501,7.2135,29.0,5.3718333,3.4464037,57.992218,0.0,29.840820885596074,4.983040762421576
2019-10-31 00:00:00+00:00,-34.925,-71.28305,212.0,open-meteo_ecmwf_ifs,daily,24.0135,9.4635,25.12,5.9822497,2.8584216,54.27927,0.0,29.974704682814647,4.710737458633073
2019-11-01 00:00:00+00:00,-34.925,-71.28305,212.0,open-meteo_ecmwf_ifs,daily,23.3635,9.7635,22.02,6.1114173,2.262193,60.211105,0.3,30.106350197607522,4.18280399950317
2019-11-02 00:00:00+00:00,-34.925,-71.28305,212.0,open-meteo_ecmwf_ifs,daily,24.6635,8.8135,29.74,6.323918,4.6717505,60.935944,0.0,30.23573355801447,5.539498192501701
2019-11-03 00:00:00+00:00,-34.925,-71.28305,212.0,open-meteo_ecmwf_ifs,daily,25.4135,10.613501,26.62,8.144752,2.6491668,58.41376,0.0,30.36283185350571,4.911623210350732
2019-11-04 00:00:00+00:00,-34.925,-71.28305,212.0,open-meteo_ecmwf_ifs,daily,19.0635,11.7135,13.41,8.082252,2.082318,64.28144,0.0,30.487623111802552,2.880461982688562
2019-11-05 00:00:00+00:00,-34.925,-71.28305,212.0,open-meteo_ecmwf_ifs,daily,26.0635,9.0635,29.27,6.5385,3.7639704,58.41461,0.0,30.61008627500373,5.536429727812185
2019-11-06 00:00:00+00:00,-34.925,-71.28305,212.0,open-meteo_ecmwf_ifs,daily,28.6635,10.1635,29.73,7.7635007,2.8480873,52.204075,0.0,30.730201175107446,5.673972128535024
2019-11-07 00:00:00+00:00,-34.925,-71.28305,212.0,open-meteo_ecmwf_ifs,daily,29.963501,10.863501,30.11,6.896834,3.9385166,50.81596,0.0,30.847948509018817,6.455657918768893
2019-11-08 00:00:00+00:00,-34.925,-71.28305,212.0,open-meteo_ecmwf_ifs,daily,27.8135,13.5135,19.06,9.586417,2.232218,52.946247,0.0,30.963309813132412,4.402192577924228
2019-11-09 00:00:00+00:00,-34.925,-71.28305,212.0,open-meteo_ecmwf_ifs,daily,32.7135,12.5635,30.06,8.388501,3.3105996,50.4514,0.0,31.076267437578636,6.657967290195212
2019-11-10 00:00:00+00:00,-34.925,-71.28305,212.0,open-meteo_ecmwf_ifs,daily,33.9635,13.4635,30.39,9.803084,2.7041795,47.672573,0.0,31.186804520221344,6.552599784492343
2019-11-11 00:00:00+00:00,-34.925,-71.28305,212.0,open-meteo_ecmwf_ifs,daily,28.6635,15.0135,26.24,12.419749,2.1432009,59.862003,0.0,31.29490496049282,5.2387652649333765
2019-11-12 00:00:00+00:00,-34.925,-71.28305,212.0,open-meteo_ecmwf_ifs,daily,29.6635,13.4635,29.11,12.678085,1.8075534,63.970413,0.0,31.4005533931505,5.421992581260338
2019-11-13 00:00:00+00:00,-34.925,-71.28305,212.0,open-meteo_ecmwf_ifs,daily,30.1135,14.5135,29.97,10.99475,2.2348125,54.4236,0.0,31.503735162037177,5.936597236511531
2019-11-14 00:00:00+00:00,-34.925,-71.28305,212.0,open-meteo_ecmwf_ifs,daily,31.1635,15.9635,29.1,7.1676674,3.7869482,40.378654,0.0,31.604436293924373,7.1872318877962265
2019-11-15 00:00:00+00:00,-34.925,-71.28305,212.0,open-meteo_ecmwf_ifs,daily,31.8135,14.2135,30.27,10.18225,3.776409,48.064846,0.0,31.70264347251547,6.852335569520046
2019-11-16 00:00:00+00:00,-34.925,-71.28305,212.0,open-meteo_ecmwf_ifs,daily,30.7635,14.8135,30.42,10.576001,3.4796114,50.7691,0.0,31.798344012682115,6.652194704282628
2019-11-17 00:00:00+00:00,-34.925,-71.28305,212.0,open-meteo_ecmwf_ifs,daily,28.1635,10.863501,30.55,5.323916,3.204234,45.998287,0.0,31.89152583500424,6.196080873933626
2019-11-18 00:00:00+00:00,-34.925,-71.28305,212.0,open-meteo_ecmwf_ifs,daily,32.4635,12.3135,31.73,5.4135,4.5753436,41.927387,0.0,31.982177440680097,7.698349394711627
2019-11-19 00:00:00+00:00,-34.925,-71.28305,212.0,open-meteo_ecmwf_ifs,daily,33.6135,14.363501,31.67,6.6801667,3.4793396,38.369015,0.0,32.07028788686898,7.469193301541393
2019-11-20 00:00:00+00:00,-34.925,-71.28305,212.0,open-meteo_ecmwf_ifs,daily,33.5135,13.4135,30.82,6.1530833,4.312344,38.17466,0.0,32.155846762525684,7.74062377446745
2019-11-21 00:00:00+00:00,-34.925,-71.28305,212.0,open-meteo_ecmwf_ifs,daily,31.9135,14.7135,28.55,8.069751,3.3962476,41.207317,0.0,32.238844164780694,6.81857246002654
2019-11-22 00:00:00+00:00,-34.925,-71.28305,212.0,open-meteo_ecmwf_ifs,daily,31.463501,12.9635,27.86,10.64475,1.8480701,54.67674,0.0,32.319270675916854,5.565046442447406
2019-11-23 00:00:00+00:00,-34.925,-71.28305,212.0,open-meteo_ecmwf_ifs,daily,25.3135,13.4135,23.75,10.503084,2.730355,59.490932,0.0,32.39711734098792,4.809003702481659
2019-11-24 00:00:00+00:00,-34.925,-71.28305,212.0,open-meteo_ecmwf_ifs,daily,24.3135,13.2635,19.53,9.409333,2.4685667,58.959156,0.0,32.47237564612044,4.2478450852250935
2019-11-25 00:00:00+00:00,-34.925,-71.28305,212.0,open-meteo_ecmwf_ifs,daily,21.1635,13.7635,16.46,7.636417,3.0133698,57.647076,0.3,32.545037497536015,4.003580012239423
2019-11-26 00:00:00+00:00,-34.925,-71.28305,212.0,open-meteo_ecmwf_ifs,daily,23.4135,8.613501,32.67,1.2655834,4.572972,41.62931,0.0,32.61509520132582,6.3063599021905885
2019-11-27 00:00:00+00:00,-34.925,-71.28305,212.0,open-meteo_ecmwf_ifs,daily,28.1635,9.5135,33.03,1.3843336,5.077491,36.978203,0.0,32.68254144400576,7.369284641494053
2019-11-28 00:00:00+00:00,-34.925,-71.28305,212.0,open-meteo_ecmwf_ifs,daily,28.6135,11.5635,31.15,4.6030836,3.3782825,39.363113,0.0,32.74736927387548,6.588553588083138
2019-11-29 00:00:00+00:00,-34.925,-71.28305,212.0,open-meteo_ecmwf_ifs,daily,26.963501,10.613501,32.18,5.9447503,2.6682835,45.143154,0.0,32.80957208320045,6.002447306995786
2019-11-30 00:00:00+00:00,-34.925,-71.28305,212.0,open-meteo_ecmwf_ifs,daily,30.5135,11.113501,33.03,3.6280832,4.6555448,39.21184,0.0,32.86914359123249,7.6142327785277
2019-12-01 00:00:00+00:00,-34.925,-71.28305,212.0,open-meteo_ecmwf_ifs,daily,31.963501,13.0135,31.15,7.686418,2.5622847,41.300007,0.0,32.92607782807963,6.560335624164042
2019-12-02 00:00:00+00:00,-34.925,-71.28305,212.0,open-meteo_ecmwf_ifs,daily,29.6635,13.5635,26.74,9.171834,2.404824,48.357727,0.0,32.980369119432844,5.694253350039155
2019-12-03 00:00:00+00:00,-34.925,-71.28305,212.0,open-meteo_ecmwf_ifs,daily,27.5135,11.9135,33.0,5.2989173,4.812839,42.024883,0.0,33.032012072153634,7.147386847784303
2019-12-04 00:00:00+00:00,-34.925,-71.28305,212.0,open-meteo_ecmwf_ifs,daily,31.1135,11.0135,33.27,3.5885,3.2661638,37.48949,0.0,33.081001560722996,7.083989027966718
2019-12-05 00:00:00+00:00,-34.925,-71.28305,212.0,open-meteo_ecmwf_ifs,daily,31.4135,14.5635,32.91,6.023918,3.5643637,37.40635,0.0,33.12733271454955,7.523333925512664
2019-12-06 00:00:00+00:00,-34.925,-71.28305,212.0,open-meteo_ecmwf_ifs,daily,30.5135,14.3135,32.21,7.9864173,3.447862,42.920975,0.0,33.171000906131844,7.081275995631438
2019-12-07 00:00:00+00:00,-34.925,-71.28305,212.0,open-meteo_ecmwf_ifs,daily,29.8135,12.363501,31.85,9.688502,2.230267,54.698673,0.0,33.21200174006751,6.0967161682670685
2019-12-08 00:00:00+00:00,-34.925,-71.28305,212.0,open-meteo_ecmwf_ifs,daily,31.6635,13.5135,32.45,9.821834,2.0096457,50.354202,0.0,33.2503310429,6.379767058197292
2019-12-09 00:00:00+00:00,-34.925,-71.28305,212.0,open-meteo_ecmwf_ifs,daily,31.1635,13.5135,32.37,10.73225,2.0464056,53.28146,0.0,33.28598485379195,6.295846787607287
2019-12-10 00:00:00+00:00,-34.925,-71.28305,212.0,open-meteo_ecmwf_ifs,daily,29.713501,13.9635,31.62,11.311418,1.837109,54.91424,0.0,33.31895941601278,5.997961154074327
2019-12-11 00:00:00+00:00,-34.925,-71.28305,212.0,open-meteo_ecmwf_ifs,daily,28.9135,13.9135,32.54,7.961416,2.8704197,46.487507,0.0,33.34925116922749,6.630910087001278
2019-12-12 00:00:00+00:00,-34.925,-71.28305,212.0,open-meteo_ecmwf_ifs,daily,31.2635,13.2635,33.71,4.2593336,4.7436056,38.271122,0.0,33.376856742572684,8.14499913508772
2019-12-13 00:00:00+00:00,-34.925,-71.28305,212.0,open-meteo_ecmwf_ifs,daily,30.1635,15.2635,28.0,2.1676667,3.233906,27.236391,0.0,33.4017729485057,7.021967112664396
2019-12-14 00:00:00+00:00,-34.925,-71.28305,212.0,open-meteo_ecmwf_ifs,daily,26.1635,14.6635,19.5,12.54475,2.765908,68.20173,12.099999,33.4239967774132,4.368857773052685
2019-12-15 00:00:00+00:00,-34.925,-71.28305,212.0,open-meteo_ecmwf_ifs,daily,27.8635,11.863501,32.79,8.142668,3.309385,54.29862,0.1,33.44352539296492,6.4034119498694295
2019-12-16 00:00:00+00:00,-34.925,-71.28305,212.0,open-meteo_ecmwf_ifs,daily,29.6135,12.0635,33.52,6.167667,4.506386,44.315426,0.0,33.46035612820049,7.380813629958129
2019-12-17 00:00:00+00:00,-34.925,-71.28305,212.0,open-meteo_ecmwf_ifs,daily,31.1135,13.363501,33.23,5.040584,3.7179222,38.170147,0.0,33.47448648233668,7.536444466193452
2019-12-18 00:00:00+00:00,-34.925,-71.28305,212.0,open-meteo_ecmwf_ifs,daily,32.0635,15.7135,30.47,9.721833,3.4315624,44.465748,0.0,33.48591411828487,7.13270127878725
2019-12-19 00:00:00+00:00,-34.925,-71.28305,212.0,open-meteo_ecmwf_ifs,daily,27.3135,15.7135,19.48,11.236417,2.6982172,53.718037,0.0,33.494636860869136,4.765980102144033
2019-12-20 00:00:00+00:00,-34.925,-71.28305,212.0,open-meteo_ecmwf_ifs,daily,30.0635,13.3135,33.04,8.176002,4.076704,47.929276,0.0,33.50065269573753,7.2160430482675695
2019-12-21 00:00:00+00:00,-34.925,-71.28305,212.0,open-meteo_ecmwf_ifs,daily,31.4135,14.4635,33.61,4.728083,3.9079878,34.252644,0.0,33.50395976896067,7.890438393464388
2019-12-22 00:00:00+00:00,-34.925,-71.28305,212.0,open-meteo_ecmwf_ifs,daily,32.9635,14.8135,33.18,6.7405834,3.5963252,37.72274,0.0,33.504556387313635,7.777676362925262
2019-12-23 00:00:00+00:00,-34.925,-71.28305,212.0,open-meteo_ecmwf_ifs,daily,35.5135,16.6135,33.25,8.923917,4.1410866,37.225643,0.0,33.50244101923944,8.506530281590331
2019-12-24 00:00:00+00:00,-34.925,-71.28305,212.0,open-meteo_ecmwf_ifs,daily,28.9135,16.6135,25.35,12.66975,3.6010287,57.652843,0.9,33.49761229649393,5.934795833883218
2019-12-25 00:00:00+00:00,-34.925,-71.28305,212.0,open-meteo_ecmwf_ifs,daily,28.713501,12.4135,32.58,5.876001,3.8342884,41.034176,0.0,33.49006901647439,6.986436228428455
2019-12-26 00:00:00+00:00,-34.925,-71.28305,212.0,open-meteo_ecmwf_ifs,daily,31.8135,14.4135,33.08,4.3801675,2.992632,32.723843,0.0,33.47981014523612,7.378549304040528
2019-12-27 00:00:00+00:00,-34.925,-71.28305,212.0,open-meteo_ecmwf_ifs,daily,33.5635,15.2135,33.18,6.0155835,2.772599,35.369255,0.0,33.46683482120256,7.448583700241481
2019-12-28 00:00:00+00:00,-34.925,-71.28305,212.0,open-meteo_ecmwf_ifs,daily,34.7135,14.9635,33.08,9.417667,3.6910212,44.270557,0.0,33.45114235957737,7.845010353460515
2019-12-29 00:00:00+00:00,-34.925,-71.28305,212.0,open-meteo_ecmwf_ifs,daily,35.2135,18.1635,32.43,12.298916,2.5424986,44.72803,0.0,33.432732257467485,7.38846283509761
2019-12-30 00:00:00+00:00,-34.925,-71.28305,212.0,open-meteo_ecmwf_ifs,daily,33.5135,17.0635,32.75,8.3385,2.929168,37.205563,0.0,33.41160419972831,7.573947792396633
2019-12-31 00:00:00+00:00,-34.925,-71.28305,212.0,open-meteo_ecmwf_ifs,daily,35.4635,16.8635,33.13,7.7051682,2.8158455,34.47441,0.0,33.38775806554299,7.765743378595062
2020-01-01 00:00:00+00:00,-34.925,-71.28305,212.0,open-meteo_ecmwf_ifs,daily,32.2135,15.8135,32.65,9.686418,2.6689494,43.54866,0.0,33.361193935749114,7.041281729036945
2020-01-02 00:00:00+00:00,-34.925,-71.28305,212.0,open-meteo_ecmwf_ifs,daily,33.1635,14.5635,32.57,11.769752,1.8744045,55.132725,0.0,33.33191210092631,6.500539437625661
2020-01-03 00:00:00+00:00,-34.925,-71.28305,212.0,open-meteo_ecmwf_ifs,daily,33.2635,15.3135,32.29,11.642667,2.16703,50.77168,0.0,33.29991307025934,6.689241474779937
2020-01-04 00:00:00+00:00,-34.925,-71.28305,212.0,open-meteo_ecmwf_ifs,daily,33.2635,17.7635,32.14,12.476001,3.107129,48.874252,0.0,33.265197581190414,7.3434730371047126
2020-01-05 00:00:00+00:00,-34.925,-71.28305,212.0,open-meteo_ecmwf_ifs,daily,28.0135,15.3135,27.63,7.0551662,2.5640438,40.632084,0.4,33.22776660987516,6.048152249309459
2020-01-06 00:00:00+00:00,-34.925,-71.28305,212.0,open-meteo_ecmwf_ifs,daily,28.8135,12.7635,32.39,7.6760006,2.70706,48.05631,0.0,33.187621382455305,6.4079392273378994
2020-01-07 00:00:00+00:00,-34.925,-71.28305,212.0,open-meteo_ecmwf_ifs,daily,30.463501,15.2635,28.08,7.7801666,2.620814,42.08105,0.0,33.14476338716048,6.329774574746741
2020-01-08 00:00:00+00:00,-34.925,-71.28305,212.0,open-meteo_ecmwf_ifs,daily,25.3635,14.9635,17.74,7.7947507,2.6370509,48.964676,0.0,33.09919438725014,4.589958016679232
2020-01-09 00:00:00+00:00,-34.925,-71.28305,212.0,open-meteo_ecmwf_ifs,daily,28.463501,14.2135,32.05,9.601002,2.730758,55.183697,0.0,33.05091643480504,6.356558145477975
2020-01-10 00:00:00+00:00,-34.925,-71.28305,212.0,open-meteo_ecmwf_ifs,daily,31.8635,13.0635,32.76,5.5843334,4.1176615,41.20019,0.0,32.999931885375155,7.664804067034078
2020-01-11 00:00:00+00:00,-34.925,-71.28305,212.0,open-meteo_ecmwf_ifs,daily,33.9635,14.7135,32.53,6.3635,3.3407278,37.584175,0.0,32.94624341348939,7.657196491785637
2020-01-12 00:00:00+00:00,-34.925,-71.28305,212.0,open-meteo_ecmwf_ifs,daily,34.3135,17.5135,32.11,10.2135,2.1956453,41.580894,0.0,32.88985402902867,7.033617061988965
2020-01-13 00:00:00+00:00,-34.925,-71.28305,212.0,open-meteo_ecmwf_ifs,daily,33.7635,15.863501,32.4,9.834334,2.0463436,45.09448,0.0,32.830767094461805,6.78103750881943
2020-01-14 00:00:00+00:00,-34.925,-71.28305,212.0,open-meteo_ecmwf_ifs,daily,32.7635,16.3135,32.27,10.946834,3.8732712,48.981228,0.0,32.76898634293975,7.553149920052874
2020-01-15 00:00:00+00:00,-34.925,-71.28305,212.0,open-meteo_ecmwf_ifs,daily,29.713501,12.2135,33.04,4.851,5.87198,38.010155,0.0,32.70451589724026,7.979706670735629
2020-01-16 00:00:00+00:00,-34.925,-71.28305,212.0,open-meteo_ecmwf_ifs,daily,34.9135,10.8135,32.4,5.1176667,3.176648,38.46266,0.0,32.63736028955149,7.241570061403293
2020-01-17 00:00:00+00:00,-34.925,-71.28305,212.0,open-meteo_ecmwf_ifs,daily,36.0135,15.863501,31.91,7.8155837,1.9576355,35.07192,0.0,32.567524482078234,6.882195135007403
2020-01-18 00:00:00+00:00,-34.925,-71.28305,212.0,open-meteo_ecmwf_ifs,daily,36.5135,17.3635,28.71,11.051,1.4537741,43.549885,0.0,32.49501388845132,6.182339048362397
2020-01-19 00:00:00+00:00,-34.925,-71.28305,212.0,open-meteo_ecmwf_ifs,daily,32.9635,17.5135,25.86,13.08017,2.0131314,49.9419,0.0,32.41983439591511,5.8193696287052195
2020-01-20 00:00:00+00:00,-34.925,-71.28305,212.0,open-meteo_ecmwf_ifs,daily,34.7135,16.1635,31.42,12.301,1.7466954,52.454346,0.0,32.34199238826457,6.475645079605259
2020-01-21 00:00:00+00:00,-34.925,-71.28305,212.0,open-meteo_ecmwf_ifs,daily,34.1635,17.713501,31.73,9.630167,2.0004766,38.915493,0.0,32.26149476949805,6.828596177612157
2020-01-22 00:00:00+00:00,-34.925,-71.28305,212.0,open-meteo_ecmwf_ifs,daily,32.2635,16.3135,31.03,12.548917,2.3423378,52.990948,0.0,32.17834898814751,6.480743346319239
2020-01-23 00:00:00+00:00,-34.925,-71.28305,212.0,open-meteo_ecmwf_ifs,daily,33.3135,16.963501,29.6,13.607251,1.720977,54.813915,0.0,32.09256306224339,6.107468818011747
2020-01-24 00:00:00+00:00,-34.925,-71.28305,212.0,open-meteo_ecmwf_ifs,daily,35.5635,18.463501,31.1,10.644751,2.2618654,45.990696,0.0,32.00414560486646,7.068476309403898
2020-01-25 00:00:00+00:00,-34.925,-71.28305,212.0,open-meteo_ecmwf_ifs,daily,35.2135,17.3635,31.59,7.4364185,2.274772,34.356796,0.0,31.913105850234494,7.0985024056576345
2020-01-26 00:00:00+00:00,-34.925,-71.28305,212.0,open-meteo_ecmwf_ifs,daily,35.0135,19.3635,30.43,12.001002,2.5984473,42.255558,0.0,31.819453680267156,7.168846397253453
2020-01-27 00:00:00+00:00,-34.925,-71.28305,212.0,open-meteo_ecmwf_ifs,daily,35.6135,19.9135,30.23,10.148917,3.0745718,35.394497,0.0,31.72319965156801,7.6903245808204375
2020-01-28 00:00:00+00:00,-34.925,-71.28305,212.0,open-meteo_ecmwf_ifs,daily,33.8635,20.213501,28.84,11.661416,2.4916286,40.939198,0.1,31.62435502275848,6.871898782401667
2020-01-29 00:00:00+00:00,-34.925,-71.28305,212.0,open-meteo_ecmwf_ifs,daily,32.0135,16.5635,28.8,12.542667,1.9524149,49.589672,4.7999997,31.52293178209454,5.969502573669217
2020-01-30 00:00:00+00:00,-34.925,-71.28305,212.0,open-meteo_ecmwf_ifs,daily,33.4635,17.2635,30.32,6.9655833,2.4077415,33.274746,0.0,31.418942675292925,6.858804630520943
2020-01-31 00:00:00+00:00,-34.925,-71.28305,212.0,open-meteo_ecmwf_ifs,daily,33.7635,17.5135,30.34,7.4030833,2.342629,33.48663,0.0,31.312401233490444,6.839064418495259
2020-02-01 00:00:00+00:00,-34.925,-71.28305,212.0,open-meteo_ecmwf_ifs,daily,33.2635,16.6135,29.75,12.938499,2.2332418,51.79814,0.0,31.20332180125639,6.310156555651621
2020-02-02 00:00:00+00:00,-34.925,-71.28305,212.0,open-meteo_ecmwf_ifs,daily,33.1135,17.2635,29.7,12.596836,3.2680433,51.573696,0.0,31.091719564575072,6.8734321884872625
2020-02-03 00:00:00+00:00,-34.925,-71.28305,212.0,open-meteo_ecmwf_ifs,daily,30.463501,14.2135,30.3,3.9843338,2.6668835,32.80423,0.0,30.977610578713154,6.538194557002503
2020-02-04 00:00:00+00:00,-34.925,-71.28305,212.0,open-meteo_ecmwf_ifs,daily,27.8635,14.2135,29.61,9.830167,2.6712048,53.91302,0.0,30.861011795883552,5.82241047662759
2020-02-05 00:00:00+00:00,-34.925,-71.28305,212.0,open-meteo_ecmwf_ifs,daily,28.0635,13.4135,29.71,6.3135,3.2718647,42.528316,0.0,30.7419410926161,6.28486694073218
2020-02-06 00:00:00+00:00,-34.925,-71.28305,212.0,open-meteo_ecmwf_ifs,daily,29.6135,11.9135,29.94,6.334334,1.453405,44.647205,0.0,30.62041729674349,5.396978553249979
2020-02-07 00:00:00+00:00,-34.925,-71.28305,212.0,open-meteo_ecmwf_ifs,daily,31.5635,13.6635,30.02,6.4364166,2.6755712,40.21117,0.0,30.4964602139095,6.409632809761991
2020-02-08 00:00:00+00:00,-34.925,-71.28305,212.0,open-meteo_ecmwf_ifs,daily,34.5635,14.9135,30.02,5.9447503,2.2891583,33.008846,0.0,30.370090653505773,6.563349326158343
2020-02-09 00:00:00+00:00,-34.925,-71.28305,212.0,open-meteo_ecmwf_ifs,daily,33.3135,14.0635,29.52,9.176002,1.9864874,42.691204,0.0,30.241330453942968,6.009645319509674
2020-02-10 00:00:00+00:00,-34.925,-71.28305,212.0,open-meteo_ecmwf_ifs,daily,32.7635,15.7135,28.8,13.109333,1.9800401,54.182404,0.0,30.110202507161933,5.843728126211435
2020-02-11 00:00:00+00:00,-34.925,-71.28305,212.0,open-meteo_ecmwf_ifs,daily,32.5135,18.0135,28.59,13.430165,1.8469682,53.30367,0.0,29.976730782290748,5.915602979680894
2020-02-12 00:00:00+00:00,-34.925,-71.28305,212.0,open-meteo_ecmwf_ifs,daily,30.713501,16.7635,27.72,11.640583,2.441069,50.77571,0.0,29.840940348354273,5.898256381066598
2020-02-13 00:00:00+00:00,-34.925,-71.28305,212.0,open-meteo_ecmwf_ifs,daily,28.0635,14.3135,29.12,4.9822497,4.348611,36.441372,0.0,29.702857395943816,6.878793960196727
2020-02-14 00:00:00+00:00,-34.925,-71.28305,212.0,open-meteo_ecmwf_ifs,daily,31.7635,12.9635,29.37,1.9030834,3.8481333,31.266119,0.0,29.56250925775616,7.179198416409875
2020-02-15 00:00:00+00:00,-34.925,-71.28305,212.0,open-meteo_ecmwf_ifs,daily,32.8635,15.1635,28.78,7.8926663,2.8902519,41.41482,0.0,29.419924427912676,6.527315092215259
2020-02-16 00:00:00+00:00,-34.925,-71.28305,212.0,open-meteo_ecmwf_ifs,daily,32.3635,15.9635,28.04,10.380168,1.8575939,46.583157,0.0,29.275132579971785,5.7209426177467675
2020-02-17 00:00:00+00:00,-34.925,-71.28305,212.0,open-meteo_ecmwf_ifs,daily,28.0135,15.3135,24.62,10.440583,2.2681592,55.427795,0.0,29.128164583550497,5.075034523116691
2020-02-18 00:00:00+00:00,-34.925,-71.28305,212.0,open-meteo_ecmwf_ifs,daily,32.9635,13.6635,28.65,3.8530834,3.6515038,33.668037,0.0,28.979052519473395,7.0442751496394695
2020-02-19 00:00:00+00:00,-34.925,-71.28305,212.0,open-meteo_ecmwf_ifs,daily,33.3135,14.7135,28.15,8.132251,3.183851,42.30889,0.0,28.827829693371207,6.56907118709922
2020-02-20 00:00:00+00:00,-34.925,-71.28305,212.0,open-meteo_ecmwf_ifs,daily,34.7635,13.6635,27.84,6.2947507,2.701496,34.203342,0.0,28.674530647654038,6.364302794981946
2020-02-21 00:00:00+00:00,-34.925,-71.28305,212.0,open-meteo_ecmwf_ifs,daily,29.7635,14.363501,26.5,12.069752,2.302773,58.75349,0.0,28.51919117178891,5.220821531056875
2020-02-22 00:00:00+00:00,-34.925,-71.28305,212.0,open-meteo_ecmwf_ifs,daily,30.6135,14.2635,27.19,10.823916,1.6242079,55.41844,0.0,28.36184831081458,5.129507861505448
2020-02-23 00:00:00+00:00,-34.925,-71.28305,212.0,open-meteo_ecmwf_ifs,daily,29.2635,14.8135,26.92,12.240586,1.9628668,60.5206,0.0,28.20254037203193,5.102991610377273
2020-02-24 00:00:00+00:00,-34.925,-71.28305,212.0,open-meteo_ecmwf_ifs,daily,25.3135,13.613501,15.58,11.019752,2.151062,63.747387,0.0,28.0413069298122,3.500114274123683
2020-02-25 00:00:00+00:00,-34.925,-71.28305,212.0,open-meteo_ecmwf_ifs,daily,30.463501,13.0135,26.78,5.421833,3.2207127,39.14806,0.0,27.87818882847063,6.055474733437977
2020-02-26 00:00:00+00:00,-34.925,-71.28305,212.0,open-meteo_ecmwf_ifs,daily,33.5135,14.0135,26.81,5.4551673,2.5331137,34.5321,0.0,27.71322818315797,6.010026489407897
2020-02-27 00:00:00+00:00,-34.925,-71.28305,212.0,open-meteo_ecmwf_ifs,daily,32.163498,14.8135,26.25,9.530168,2.0492883,44.790833,0.0,27.54646837872801,5.404738979981092
2020-02-28 00:00:00+00:00,-34.925,-71.28305,212.0,open-meteo_ecmwf_ifs,daily,33.4135,16.6135,26.22,11.28225,1.9350061,48.864975,0.0,27.377954066544238,5.500873106985675
2020-02-29 00:00:00+00:00,-34.925,-71.28305,212.0,open-meteo_ecmwf_ifs,daily,34.2635,17.213501,25.87,12.607251,1.6423799,51.848385,0.0,27.20773115919487,5.330158433396192
2020-03-01 00:00:00+00:00,-34.925,-71.28305,212.0,open-meteo_ecmwf_ifs,daily,30.8135,16.1135,24.89,12.730167,1.9141239,59.658768,0.0,27.035846823090893,4.985663932999065
2020-03-02 00:00:00+00:00,-34.925,-71.28305,212.0,open-meteo_ecmwf_ifs,daily,31.463501,14.1635,25.48,12.080166,1.6406574,57.709213,0.0,26.86234946892798,4.830747010118671
2020-03-03 00:00:00+00:00,-34.925,-71.28305,212.0,open-meteo_ecmwf_ifs,daily,31.8635,14.613501,25.09,12.823916,1.5832657,61.10193,0.0,26.68728873999868,4.782454028182892
2020-03-04 00:00:00+00:00,-34.925,-71.28305,212.0,open-meteo_ecmwf_ifs,daily,32.6135,14.863501,25.5,9.617668,2.07083,49.157333,0.0,26.510715498347672,5.283050963914474
2020-03-05 00:00:00+00:00,-34.925,-71.28305,212.0,open-meteo_ecmwf_ifs,daily,33.5135,16.0135,24.94,9.517668,3.1630476,43.81154,0.0,26.33268180876873,6.085323868594222
2020-03-06 00:00:00+00:00,-34.925,-71.28305,212.0,open-meteo_ecmwf_ifs,daily,33.0635,16.1135,24.85,9.217666,2.3128424,40.909298,0.0,26.153240920648088,5.500348084649868
2020-03-07 00:00:00+00:00,-34.925,-71.28305,212.0,open-meteo_ecmwf_ifs,daily,31.6635,16.1135,24.09,11.517669,2.561754,51.092392,0.0,25.972447247665215,5.290441581967726
2020-03-08 00:00:00+00:00,-34.925,-71.28305,212.0,open-meteo_ecmwf_ifs,daily,31.463501,17.3135,24.09,9.596833,1.959002,42.50835,0.0,25.790356345367517,5.10346995304022
2020-03-09 00:00:00+00:00,-34.925,-71.28305,212.0,open-meteo_ecmwf_ifs,daily,33.7135,16.6635,24.17,4.936417,2.8024728,30.704664,0.0,25.607024886642158,6.037548907338225
2020-03-10 00:00:00+00:00,-34.925,-71.28305,212.0,open-meteo_ecmwf_ifs,daily,33.1135,17.1135,24.16,6.75725,2.4651859,32.59209,0.0,25.422510635113486,5.6645658023277
2020-03-11 00:00:00+00:00,-34.925,-71.28305,212.0,open-meteo_ecmwf_ifs,daily,31.963501,16.4135,21.75,10.7635,2.9011652,49.162807,0.0,25.236872416500873,5.297894381133065
2020-03-12 00:00:00+00:00,-34.925,-71.28305,212.0,open-meteo_ecmwf_ifs,daily,30.2635,16.2135,23.56,10.632251,1.8836194,49.024277,0.0,25.050170087977033,4.716273215573041
2020-03-13 00:00:00+00:00,-34.925,-71.28305,212.0,open-meteo_ecmwf_ifs,daily,28.7635,15.1635,23.09,11.68225,2.2955801,59.364376,0.0,24.862464505572927,4.577959138721374
2020-03-14 00:00:00+00:00,-34.925,-71.28305,212.0,open-meteo_ecmwf_ifs,daily,29.1635,14.6635,23.55,8.03225,3.901356,46.700016,0.0,24.673817489680562,5.664786290975758
2020-03-15 00:00:00+00:00,-34.925,-71.28305,212.0,open-meteo_ecmwf_ifs,daily,30.3635,12.2135,24.08,4.6218333,2.5797193,38.83823,0.0,24.484291788710195,5.083644013341539
2020-03-16 00:00:00+00:00,-34.925,-71.28305,212.0,open-meteo_ecmwf_ifs,daily,28.6635,13.7635,23.02,9.065583,1.6032776,51.15514,0.0,24.293951040963922,4.195029633520001
2020-03-17 00:00:00+00:00,-34.925,-71.28305,212.0,open-meteo_ecmwf_ifs,daily,28.5135,12.9635,23.01,8.951,1.8554324,54.448746,0.0,24.102859734792137,4.244111313526107
2020-03-18 00:00:00+00:00,-34.925,-71.28305,212.0,open-meteo_ecmwf_ifs,daily,28.8135,13.4135,22.99,9.426002,2.1363266,53.521774,0.0,23.911083167104355,4.401666543109525
2020-03-19 00:00:00+00:00,-34.925,-71.28305,212.0,open-meteo_ecmwf_ifs,daily,29.4135,12.2135,22.98,7.9135,1.9993824,50.064274,0.0,23.718687400310245,4.336717951960981
2020-03-20 00:00:00+00:00,-34.925,-71.28305,212.0,open-meteo_ecmwf_ifs,daily,30.1635,12.2635,22.75,7.5510006,2.0086246,46.271606,0.0,23.525739217770997,4.37895223865824
2020-03-21 00:00:00+00:00,-34.925,-71.28305,212.0,open-meteo_ecmwf_ifs,daily,24.6135,13.1635,19.26,10.215584,2.9808044,63.377975,0.0,23.332306077845146,3.8457759833413383
2020-03-22 00:00:00+00:00,-34.925,-71.28305,212.0,open-meteo_ecmwf_ifs,daily,27.1135,12.7635,21.18,8.961417,2.2703116,54.181168,0.0,23.13845606661681,4.057303203018215
2020-03-23 00:00:00+00:00,-34.925,-71.28305,212.0,open-meteo_ecmwf_ifs,daily,28.713501,11.8135,21.8,9.186417,2.0111952,58.608353,0.0,22.944257849397633,4.014159454863797
2020-03-24 00:00:00+00:00,-34.925,-71.28305,212.0,open-meteo_ecmwf_ifs,daily,27.963501,12.1635,19.16,9.848918,2.0068202,58.550842,0.0,22.749780621097024,3.6890965244900897
2020-03-25 00:00:00+00:00,-34.925,-71.28305,212.0,open-meteo_ecmwf_ifs,daily,28.6635,15.5135,19.58,12.85725,2.3914862,67.462395,0.1,22.5550940555583,4.010392901479275
2020-03-26 00:00:00+00:00,-34.925,-71.28305,212.0,open-meteo_ecmwf_ifs,daily,29.1635,13.5135,20.44,13.394752,1.667622,69.57039,0.0,22.36026825396073,3.6293782740485674
2020-03-27 00:00:00+00:00,-34.925,-71.28305,212.0,open-meteo_ecmwf_ifs,daily,25.963501,15.2135,18.82,12.855166,1.8971766,68.53031,0.0,22.165373692390077,3.4498757485642506
2020-03-28 00:00:00+00:00,-34.925,-71.28305,212.0,open-meteo_ecmwf_ifs,daily,27.5635,12.4135,19.65,11.590585,1.612463,68.103615,0.0,21.970481168682117,3.3918351335580974
2020-03-29 00:00:00+00:00,-34.925,-71.28305,212.0,open-meteo_ecmwf_ifs,daily,27.0135,13.4135,19.89,9.584334,3.167307,57.508045,0.0,21.775661748645387,4.214052308677888
2020-03-30 00:00:00+00:00,-34.925,-71.28305,212.0,open-meteo_ecmwf_ifs,daily,28.2635,10.5135,20.29,6.4010005,3.29084,48.103977,0.0,21.580986711770898,4.411709013887285
2020-03-31 00:00:00+00:00,-34.925,-71.28305,212.0,open-meteo_ecmwf_ifs,daily,27.3135,11.7635,20.4,7.092668,2.7148464,49.33933,0.0,21.38652749653765,4.100696299379146
2020-04-01 00:00:00+00:00,-34.925,-71.28305,212.0,open-meteo_ecmwf_ifs,daily,25.6635,10.3135,20.11,5.7947497,4.162999,51.293194,0.0,21.192355645423493,4.464166965235487
2020-04-02 00:00:00+00:00,-34.925,-71.28305,212.0,open-meteo_ecmwf_ifs,daily,31.1635,9.0135,20.4,5.365583,2.548321,49.04381,0.0,20.998542749731588,4.17415490766179
2020-04-03 00:00:00+00:00,-34.925,-71.28305,212.0,open-meteo_ecmwf_ifs,daily,27.963501,11.113501,19.62,7.9822507,1.6661004,52.997265,0.0,20.80516039434282,3.39783480754257
2020-04-04 00:00:00+00:00,-34.925,-71.28305,212.0,open-meteo_ecmwf_ifs,daily,27.5135,12.4635,19.03,8.384334,2.3008788,51.539444,0.0,20.61228010250435,3.7081634982570173
2020-04-05 00:00:00+00:00,-34.925,-71.28305,212.0,open-meteo_ecmwf_ifs,daily,24.1135,10.8135,19.58,4.66975,2.8467588,47.6627,0.0,20.419973280764243,3.8095472887199135
2020-04-06 00:00:00+00:00,-34.925,-71.28305,212.0,open-meteo_ecmwf_ifs,daily,26.5635,8.5635,19.79,2.4426668,3.6977625,45.745438,0.0,20.228311164161315,4.399275351647271
2020-04-07 00:00:00+00:00,-34.925,-71.28305,212.0,open-meteo_ecmwf_ifs,daily,30.7635,8.0635,19.37,3.5509999,1.7415915,43.843082,0.0,20.03736476177837,3.4567220126398257
2020-04-08 00:00:00+00:00,-34.925,-71.28305,212.0,open-meteo_ecmwf_ifs,daily,26.963501,10.613501,18.59,6.623917,1.8245634,50.74591,0.0,19.84720480276574,3.263946900432575
2020-04-09 00:00:00+00:00,-34.925,-71.28305,212.0,open-meteo_ecmwf_ifs,daily,25.1135,10.4635,17.68,9.365584,1.2700527,66.308846,0.0,19.65790168294052,2.688264009460227
2020-04-10 00:00:00+00:00,-34.925,-71.28305,212.0,open-meteo_ecmwf_ifs,daily,24.8135,10.0635,17.56,8.803082,1.7137111,62.852463,0.0,19.469525412064915,2.815222063523558
2020-04-11 00:00:00+00:00,-34.925,-71.28305,212.0,open-meteo_ecmwf_ifs,daily,20.8135,12.2635,11.32,9.509335,2.0909445,64.97525,0.0,19.2821455619053,2.301785158468167
2020-04-12 00:00:00+00:00,-34.925,-71.28305,212.0,open-meteo_ecmwf_ifs,daily,20.9135,9.8135,15.78,5.917667,2.4650376,55.274044,0.2,19.09583121517087,2.8300822272282526
2020-04-13 00:00:00+00:00,-34.925,-71.28305,212.0,open-meteo_ecmwf_ifs,daily,23.5135,8.1635,17.94,3.3676665,2.6417856,47.10941,0.0,18.91065091542852,3.276525657347989
2020-04-14 00:00:00+00:00,-34.925,-71.28305,212.0,open-meteo_ecmwf_ifs,daily,26.0635,7.7135,16.88,3.6530828,1.7785801,48.47479,0.0,18.726672618087445,2.8950460654127115
2020-04-15 00:00:00+00:00,-34.925,-71.28305,212.0,open-meteo_ecmwf_ifs,daily,24.1135,9.4635,14.18,5.7030835,1.8633227,52.93689,0.0,18.54396364254405,2.6661440945209907
2020-04-16 00:00:00+00:00,-34.925,-71.28305,212.0,open-meteo_ecmwf_ifs,daily,25.963501,9.613501,16.38,8.871834,1.4124117,67.770515,0.0,18.36259062557438,2.538162648414222
2020-04-17 00:00:00+00:00,-34.925,-71.28305,212.0,open-meteo_ecmwf_ifs,daily,27.0635,9.613501,16.4,7.9530845,2.1869597,60.388657,0.0,18.18261947605774,2.989654066930172
2020-04-18 00:00:00+00:00,-34.925,-71.28305,212.0,open-meteo_ecmwf_ifs,daily,27.463501,16.1135,13.09,14.486417,2.5923853,73.53515,0.0,18.004115331111496,2.9222242197994084
2020-04-19 00:00:00+00:00,-34.925,-71.28305,212.0,open-meteo_ecmwf_ifs,daily,26.6135,14.0635,15.52,10.765584,3.839836,59.71406,0.0,17.82714251371304,3.6983317889837393
2020-04-20 00:00:00+00:00,-34.925,-71.28305,212.0,open-meteo_ecmwf_ifs,daily,25.963501,9.9135,15.46,5.5780835,4.129387,49.296665,0.0,17.651764491880872,3.8929459292105033
2020-04-21 00:00:00+00:00,-34.925,-71.28305,212.0,open-meteo_ecmwf_ifs,daily,24.8135,9.9635,12.47,6.4280834,2.425205,52.598392,0.0,17.47804383948234,2.789277005773074
2020-04-22 00:00:00+00:00,-34.925,-71.28305,212.0,open-meteo_ecmwf_ifs,daily,27.9135,12.5635,14.83,7.71975,1.0273913,48.459366,0.0,17.306042198731312,2.3615587459581917
2020-04-23 00:00:00+00:00,-34.925,-71.28305,212.0,open-meteo_ecmwf_ifs,daily,21.3635,14.4135,8.92,11.167667,2.9701746,69.62418,0.0,17.135820244434118,2.336262818790539
2020-04-24 00:00:00+00:00,-34.925,-71.28305,212.0,open-meteo_ecmwf_ifs,daily,16.2135,13.3135,4.55,12.305167,3.6532128,86.568756,23.2,16.967437650037677,1.2391784611233991
2020-04-25 00:00:00+00:00,-34.925,-71.28305,212.0,open-meteo_ecmwf_ifs,daily,22.2635,10.7635,13.93,11.221835,2.0448618,79.75109,2.1000001,16.800953055528662,2.106688285828114
2020-04-26 00:00:00+00:00,-34.925,-71.28305,212.0,open-meteo_ecmwf_ifs,daily,20.8635,9.9635,11.98,9.878085,2.0944972,78.23128,0.0,16.63642403722731,1.9427165503728892
2020-04-27 00:00:00+00:00,-34.925,-71.28305,212.0,open-meteo_ecmwf_ifs,daily,18.3135,8.9635,9.66,9.173919,1.4292722,77.53144,8.7,16.47390707951492,1.472403394422796
2020-04-28 00:00:00+00:00,-34.925,-71.28305,212.0,open-meteo_ecmwf_ifs,daily,19.6135,8.5135,14.66,10.0635,2.2831523,83.06719,0.90000004,16.31345754852805,1.8468149428235263
2020-04-29 00:00:00+00:00,-34.925,-71.28305,212.0,open-meteo_ecmwf_ifs,daily,18.6635,7.6135,14.32,7.1968346,2.7161932,76.41872,0.0,16.155129667847792,2.041760949158244
2020-04-30 00:00:00+00:00,-34.925,-71.28305,212.0,open-meteo_ecmwf_ifs,daily,19.0635,7.5635004,13.51,7.2718334,2.3673556,77.23969,0.0,15.998976496206643,1.940641137394872
2020-05-01 00:00:00+00:00,-34.925,-71.28305,212.0,open-meteo_ecmwf_ifs,daily,20.5135,8.0135,13.26,8.515584,2.0576863,78.40441,0.0,15.845049907230024,1.8770780855627276
2020-05-02 00:00:00+00:00,-34.925,-71.28305,212.0,open-meteo_ecmwf_ifs,daily,17.9135,10.2135,7.8,10.501,1.2357339,85.4287,0.0,15.69340057122418,1.238919470305263
2020-05-03 00:00:00+00:00,-34.925,-71.28305,212.0,open-meteo_ecmwf_ifs,daily,18.3635,9.4635,7.36,10.373918,2.3766005,79.943886,0.4,15.544077939016184,1.3683605424389016
2020-05-04 00:00:00+00:00,-34.925,-71.28305,212.0,open-meteo_ecmwf_ifs,daily,20.5135,9.1635,13.13,7.359333,2.8374732,65.4302,0.0,15.397130227846512,2.247181820286101
2020-05-05 00:00:00+00:00,-34.925,-71.28305,212.0,open-meteo_ecmwf_ifs,daily,20.4135,11.0135,12.1,9.696834,3.4861822,75.21389,0.1,15.25260440930863,2.2287122820325753
2020-05-06 00:00:00+00:00,-34.925,-71.28305,212.0,open-meteo_ecmwf_ifs,daily,20.0135,8.7135,13.09,8.071835,2.3785841,75.445175,0.0,15.110546199324459,1.9331282229641598
2020-05-07 00:00:00+00:00,-34.925,-71.28305,212.0,open-meteo_ecmwf_ifs,daily,23.6635,8.863501,12.34,8.890584,1.3935105,75.57212,0.0,14.971000050138988,1.772816735830496
2020-05-08 00:00:00+00:00,-34.925,-71.28305,212.0,open-meteo_ecmwf_ifs,daily,24.0135,9.5635,12.11,10.450999,1.542214,79.13952,0.0,14.834009144311347,1.773457338657157
2020-05-09 00:00:00+00:00,-34.925,-71.28305,212.0,open-meteo_ecmwf_ifs,daily,20.2635,9.8135,11.46,10.630166,1.4261135,82.47845,0.0,14.699615390674177,1.48314983563941
2020-05-10 00:00:00+00:00,-34.925,-71.28305,212.0,open-meteo_ecmwf_ifs,daily,19.4135,9.7635,11.77,10.007252,1.5168587,80.5842,0.0,14.567859422227428,1.4910598656973053
2020-05-11 00:00:00+00:00,-34.925,-71.28305,212.0,open-meteo_ecmwf_ifs,daily,17.0135,8.5135,12.33,7.0468335,3.5602932,73.61328,0.0,14.438780595927073,1.919425715869684
2020-05-12 00:00:00+00:00,-34.925,-71.28305,212.0,open-meteo_ecmwf_ifs,daily,14.2635,7.5135,6.97,5.8947506,2.6118355,76.75538,0.0,14.312416994323748,1.3826555850043223
2020-05-13 00:00:00+00:00,-34.925,-71.28305,212.0,open-meteo_ecmwf_ifs,daily,17.6635,5.5135,11.72,4.8947496,2.5212033,76.052315,0.0,14.188805429000956,1.7006148017618266
2020-05-14 00:00:00+00:00,-34.925,-71.28305,212.0,open-meteo_ecmwf_ifs,daily,19.463501,5.3635,11.26,5.5385003,2.3163953,72.68204,0.0,14.067981445756963,1.6887842995684288
2020-05-15 00:00:00+00:00,-34.925,-71.28305,212.0,open-meteo_ecmwf_ifs,daily,23.6635,9.6635,10.95,10.686417,3.2432384,76.1762,0.0,13.949979331469393,2.0701367571723224
2020-05-16 00:00:00+00:00,-34.925,-71.28305,212.0,open-meteo_ecmwf_ifs,daily,21.213501,12.9635,10.1,12.451,3.7084656,82.224,0.1,13.834832122576508,1.931685197381739
2020-05-17 00:00:00+00:00,-34.925,-71.28305,212.0,open-meteo_ecmwf_ifs,daily,22.713501,11.3135,11.13,11.661418,1.9961444,80.15355,0.0,13.722571615104043,1.682684788116356
2020-05-18 00:00:00+00:00,-34.925,-71.28305,212.0,open-meteo_ecmwf_ifs,daily,18.3135,10.9135,8.72,11.136417,1.1314296,84.01412,0.1,13.613228376161947,1.1320000555560734
2020-05-19 00:00:00+00:00,-34.925,-71.28305,212.0,open-meteo_ecmwf_ifs,daily,17.2635,9.5135,5.09,9.992667,1.9407605,84.39818,0.0,13.506831756830527,1.0744589656622054
2020-05-20 00:00:00+00:00,-34.925,-71.28305,212.0,open-meteo_ecmwf_ifs,daily,14.4135,10.9135,3.87,10.426001,1.3340172,88.97384,18.300001,13.4034099063514,0.8102253224712938
2020-05-21 00:00:00+00:00,-34.925,-71.28305,212.0,open-meteo_ecmwf_ifs,daily,15.0135,6.5135,10.83,7.0780835,1.7014227,84.84669,0.1,13.302989787534452,1.1153511289416032
2020-05-22 00:00:00+00:00,-34.925,-71.28305,212.0,open-meteo_ecmwf_ifs,daily,15.9635,1.3635001,12.37,2.8072503,1.9164033,72.36795,0.0,13.205597193288085,1.23927582289281
2020-05-23 00:00:00+00:00,-34.925,-71.28305,212.0,open-meteo_ecmwf_ifs,daily,16.1635,4.5135,11.29,3.6447504,2.032026,74.18063,0.0,13.111256764176558,1.3853211698006647
2020-05-24 00:00:00+00:00,-34.925,-71.28305,212.0,open-meteo_ecmwf_ifs,daily,20.4135,5.5635004,11.12,7.621834,2.6009982,79.914665,0.0,13.019992006904898,1.5218261223802212
2020-05-25 00:00:00+00:00,-34.925,-71.28305,212.0,open-meteo_ecmwf_ifs,daily,21.963501,11.6635,10.27,12.230167,2.4642234,83.858696,0.0,12.931825313628998,1.583498922098652
2020-05-26 00:00:00+00:00,-34.925,-71.28305,212.0,open-meteo_ecmwf_ifs,daily,21.0135,10.0135,9.52,10.809334,1.2510556,82.845215,0.0,12.846777981985674,1.2154080648824737
2020-05-27 00:00:00+00:00,-34.925,-71.28305,212.0,open-meteo_ecmwf_ifs,daily,16.0635,10.9135,5.85,10.759334,1.1306313,89.039345,0.0,12.764870235735605,0.8816486996801626
2020-05-28 00:00:00+00:00,-34.925,-71.28305,212.0,open-meteo_ecmwf_ifs,daily,16.1635,10.3135,4.6,10.834334,1.2775354,89.16791,1.9000001,12.686121245909836,0.8255794562276498
2020-05-29 00:00:00+00:00,-34.925,-71.28305,212.0,open-meteo_ecmwf_ifs,daily,12.8135,7.3135004,2.98,7.1114163,2.8744361,87.86038,6.6,12.610549152349344,0.9389496830566157
2020-05-30 00:00:00+00:00,-34.925,-71.28305,212.0,open-meteo_ecmwf_ifs,daily,13.2135,2.3135,10.89,2.3947504,2.7229364,71.88894,0.1,12.538171085525972,1.225738986355333
2020-05-31 00:00:00+00:00,-34.925,-71.28305,212.0,open-meteo_ecmwf_ifs,daily,19.0135,4.9135003,10.28,6.08225,1.1134337,77.529976,0.0,12.469003188532643,1.0560795106150396
2020-06-01 00:00:00+00:00,-34.925,-71.28305,212.0,open-meteo_ecmwf_ifs,daily,17.7635,7.6635003,8.42,9.540585,1.3614925,89.28405,0.0,12.403060639130372,0.9574541908289911
2020-06-02 00:00:00+00:00,-34.925,-71.28305,212.0,open-meteo_ecmwf_ifs,daily,13.5635,8.9635,2.82,9.123918,1.3621755,90.951866,3.0,12.340357671740199,0.7080683827323857
2020-06-03 00:00:00+00:00,-34.925,-71.28305,212.0,open-meteo_ecmwf_ifs,daily,14.4135,7.3635,6.86,8.359334,1.0068291,88.105125,2.4999998,12.280907599268806,0.7715155513220898
2020-06-04 00:00:00+00:00,-34.925,-71.28305,212.0,open-meteo_ecmwf_ifs,daily,14.4635,4.7135,9.12,6.3385005,1.3297195,83.830574,0.0,12.224722834657896,0.8454691064050819
2020-06-05 00:00:00+00:00,-34.925,-71.28305,212.0,open-meteo_ecmwf_ifs,daily,15.4635,2.3635,11.13,5.4364166,1.1847215,80.80404,0.0,12.17181491204934,0.8306337485491534
2020-06-06 00:00:00+00:00,-34.925,-71.28305,212.0,open-meteo_ecmwf_ifs,daily,14.9135,3.6134999,8.59,6.1635003,1.1570175,85.71406,0.0,12.12219450746018,0.7857618942765144
2020-06-07 00:00:00+00:00,-34.925,-71.28305,212.0,open-meteo_ecmwf_ifs,daily,15.7135,2.4135,10.27,5.392668,0.9810779,81.53684,0.0,12.075871458864572,0.7909482575313481
2020-06-08 00:00:00+00:00,-34.925,-71.28305,212.0,open-meteo_ecmwf_ifs,daily,14.363501,5.4635,6.08,6.780166,1.1653514,86.82357,0.3,12.032854785582751,0.770628896321156
2020-06-09 00:00:00+00:00,-34.925,-71.28305,212.0,open-meteo_ecmwf_ifs,daily,14.2635,3.8135,10.81,5.176,2.232285,81.75727,0.0,11.993152706881254,0.9917586544381672
2020-06-10 00:00:00+00:00,-34.925,-71.28305,212.0,open-meteo_ecmwf_ifs,daily,14.4135,3.5135,10.58,3.690583,1.2624627,76.47274,0.0,11.956772659692389,0.9005638123686338
2020-06-11 00:00:00+00:00,-34.925,-71.28305,212.0,open-meteo_ecmwf_ifs,daily,10.9635,3.5135,2.15,3.880167,3.1886723,78.532425,5.3,11.92372131536599,0.919293257404289
2020-06-12 00:00:00+00:00,-34.925,-71.28305,212.0,open-meteo_ecmwf_ifs,daily,11.7135,7.2135,6.15,7.063501,2.906758,85.92007,38.799995,11.894004595371545,0.8477974013660158
2020-06-13 00:00:00+00:00,-34.925,-71.28305,212.0,open-meteo_ecmwf_ifs,daily,13.2135,3.4635,10.14,4.907251,2.0655572,87.550804,0.0,11.867627685874169,0.8839430653390185
2020-06-14 00:00:00+00:00,-34.925,-71.28305,212.0,open-meteo_ecmwf_ifs,daily,17.0135,2.4135,10.29,4.623917,1.8643144,84.10758,0.0,11.844595051114016,1.0377618341819994
2020-06-15 00:00:00+00:00,-34.925,-71.28305,212.0,open-meteo_ecmwf_ifs,daily,14.5135,7.6135,4.49,8.401,4.5095305,86.429436,0.70000005,11.82491044552508,1.0461248678570878
2020-06-16 00:00:00+00:00,-34.925,-71.28305,212.0,open-meteo_ecmwf_ifs,daily,13.863501,9.1635,3.61,9.336416,2.4278002,88.48758,11.8,11.808576924535723,0.8022052302036008
2020-06-17 00:00:00+00:00,-34.925,-71.28305,212.0,open-meteo_ecmwf_ifs,daily,11.6635,9.9135,1.73,9.255166,3.2906659,90.86935,29.900002,11.79559685400055,0.6950958095125874
2020-06-18 00:00:00+00:00,-34.925,-71.28305,212.0,open-meteo_ecmwf_ifs,daily,11.363501,8.5635,1.31,6.39475,2.9909954,79.068596,2.6000001,11.785971918220302,1.0112006100788011
2020-06-19 00:00:00+00:00,-34.925,-71.28305,212.0,open-meteo_ecmwf_ifs,daily,12.9135,9.8135,2.19,9.240582,3.099046,89.72196,43.400005,11.779703126513855,0.8175773275314892
2020-06-20 00:00:00+00:00,-34.925,-71.28305,212.0,open-meteo_ecmwf_ifs,daily,12.1635,10.863501,0.98,10.398917,3.0546768,93.245674,2.6,11.776790818314288,0.605165344938085
2020-06-21 00:00:00+00:00,-34.925,-71.28305,212.0,open-meteo_ecmwf_ifs,daily,17.0135,9.4635,8.45,9.86975,1.416533,86.00394,14.999999,11.777234666768438,0.9360100495866965
2020-06-22 00:00:00+00:00,-34.925,-71.28305,212.0,open-meteo_ecmwf_ifs,daily,11.613501,9.4135,0.75,8.915584,2.005023,91.62136,31.200003,11.78103368082765,0.6286260923948672
2020-06-23 00:00:00+00:00,-34.925,-71.28305,212.0,open-meteo_ecmwf_ifs,daily,12.5135,6.7635,5.81,7.8635006,2.6312397,90.9784,10.6,11.788186205825019,0.732086721629239
2020-06-24 00:00:00+00:00,-34.925,-71.28305,212.0,open-meteo_ecmwf_ifs,daily,9.2135,5.1635003,2.37,6.2614174,3.1858501,93.01511,12.099999,11.798689922542676,0.5152771072348167
2020-06-25 00:00:00+00:00,-34.925,-71.28305,212.0,open-meteo_ecmwf_ifs,daily,12.363501,2.0635,7.78,4.2968335,1.4393392,84.71089,1.5999999,11.812541844780425,0.7135924217399405
2020-06-26 00:00:00+00:00,-34.925,-71.28305,212.0,open-meteo_ecmwf_ifs,daily,13.1635,4.5135,5.25,5.598917,1.206123,85.7411,1.5000001,11.829738315444953,0.7342009628236038
2020-06-27 00:00:00+00:00,-34.925,-71.28305,212.0,open-meteo_ecmwf_ifs,daily,15.8135,6.6635003,6.02,6.9280834,1.175755,82.203575,3.3999996,11.850275001186684,0.8685097659761495
2020-06-28 00:00:00+00:00,-34.925,-71.28305,212.0,open-meteo_ecmwf_ifs,daily,12.113501,7.9635,1.58,8.351,1.9799742,90.46372,14.500001,11.874146885618686,0.6447246152453948
2020-06-29 00:00:00+00:00,-34.925,-71.28305,212.0,open-meteo_ecmwf_ifs,daily,11.2135,7.9635,2.52,8.376,3.7908983,89.87631,80.80001,11.901348261159628,0.6307310368047303
2020-06-30 00:00:00+00:00,-34.925,-71.28305,212.0,open-meteo_ecmwf_ifs,daily,14.6635,5.8135004,7.83,6.584334,1.5831857,82.19243,3.0,11.931872719549794,0.890522506133048
2020-07-01 00:00:00+00:00,-34.925,-71.28305,212.0,open-meteo_ecmwf_ifs,daily,16.1635,9.3135,7.63,8.051001,1.9479989,81.04547,7.6,11.965713141095994,1.141230084495183
2020-07-02 00:00:00+00:00,-34.925,-71.28305,212.0,open-meteo_ecmwf_ifs,daily,13.3135,7.0635004,9.77,8.198917,2.3287258,90.35499,1.2,12.00286168270778,0.8315837649078563
2020-07-03 00:00:00+00:00,-34.925,-71.28305,212.0,open-meteo_ecmwf_ifs,daily,12.4135,6.9135003,1.99,8.186417,1.9106802,92.3526,8.9,12.043309764793491,0.6168453169879234
2020-07-04 00:00:00+00:00,-34.925,-71.28305,212.0,open-meteo_ecmwf_ifs,daily,11.7635,8.3135,3.72,8.3885,2.0722036,91.16256,23.300001,12.087048057090469,0.6834771594350932
2020-07-05 00:00:00+00:00,-34.925,-71.28305,212.0,open-meteo_ecmwf_ifs,daily,12.3135,7.2135,7.71,6.8822513,2.6519423,86.74453,21.200003,12.13406646350914,0.9403532376247841
2020-07-06 00:00:00+00:00,-34.925,-71.28305,212.0,open-meteo_ecmwf_ifs,daily,9.9635,5.4635,4.68,5.2801666,2.1677191,85.98508,0.0,12.184354106075586,0.7467265915704598
2020-07-07 00:00:00+00:00,-34.925,-71.28305,212.0,open-meteo_ecmwf_ifs,daily,13.2635,3.0635,8.59,4.615583,2.0886188,84.04129,0.0,12.237899308061886,0.9159163523641295
2020-07-08 00:00:00+00:00,-34.925,-71.28305,212.0,open-meteo_ecmwf_ifs,daily,12.6635,7.2135,7.56,5.9384995,3.4046814,78.239586,24.4,12.294689576397184,1.2040265153756196
2020-07-09 00:00:00+00:00,-34.925,-71.28305,212.0,open-meteo_ecmwf_ifs,daily,13.8135,4.4635,8.31,4.9739165,1.3334184,80.92973,0.0,12.354711583456544,0.8912746161676854
2020-07-10 00:00:00+00:00,-34.925,-71.28305,212.0,open-meteo_ecmwf_ifs,daily,14.8135,5.7135,4.42,7.259334,1.97097,85.66454,2.5,12.417951148327166,0.8715896483253015
2020-07-11 00:00:00+00:00,-34.925,-71.28305,212.0,open-meteo_ecmwf_ifs,daily,10.6635,6.0135,3.34,7.682251,2.029211,94.425835,0.0,12.484393217654542,0.5252153077480483
2020-07-12 00:00:00+00:00,-34.925,-71.28305,212.0,open-meteo_ecmwf_ifs,daily,15.5135,4.0135,9.45,4.923917,1.6210846,78.95098,0.0,12.554021846173084,1.0450442218096905
2020-07-13 00:00:00+00:00,-34.925,-71.28305,212.0,open-meteo_ecmwf_ifs,daily,15.5635,6.6135,9.81,7.7780833,2.3004253,89.35674,0.0,12.626820177027291,1.08205261012836
2020-07-14 00:00:00+00:00,-34.925,-71.28305,212.0,open-meteo_ecmwf_ifs,daily,17.9135,5.3135004,11.2,7.386417,2.062876,86.88007,0.0,12.702770421990811,1.197077762108161
2020-07-15 00:00:00+00:00,-34.925,-71.28305,212.0,open-meteo_ecmwf_ifs,daily,19.2635,4.8635,10.56,7.85725,1.032424,86.77084,0.0,12.781853841691369,1.0161105799355536
2020-07-16 00:00:00+00:00,-34.925,-71.28305,212.0,open-meteo_ecmwf_ifs,daily,12.5135,8.2135,3.01,8.448917,1.614469,89.09536,0.0,12.864050725949522,0.7071614505003043
2020-07-17 00:00:00+00:00,-34.925,-71.28305,212.0,open-meteo_ecmwf_ifs,daily,14.2135,8.5635,4.49,8.548919,3.9545784,87.50419,7.9,12.949340374339327,1.098888920799236
2020-07-18 00:00:00+00:00,-34.925,-71.28305,212.0,open-meteo_ecmwf_ifs,daily,13.2635,10.1635,2.2,9.761416,3.712198,89.74171,12.100001,13.037701077077958,0.8546210590883455
2020-07-19 00:00:00+00:00,-34.925,-71.28305,212.0,open-meteo_ecmwf_ifs,daily,15.4635,10.5135,7.31,10.451,3.461456,87.68102,7.4,13.129110096350264,1.139067253637826
2020-07-20 00:00:00+00:00,-34.925,-71.28305,212.0,open-meteo_ecmwf_ifs,daily,14.7135,7.6635003,6.5,9.261417,2.5072448,89.370735,4.1,13.223543648172917,0.8914132448878147
2020-07-21 00:00:00+00:00,-34.925,-71.28305,212.0,open-meteo_ecmwf_ifs,daily,10.4135,8.2635,2.35,8.171833,1.8288168,92.51302,22.3,13.32097688490064,0.6035575209722771
2020-07-22 00:00:00+00:00,-34.925,-71.28305,212.0,open-meteo_ecmwf_ifs,daily,12.7135,3.2135,10.79,4.7572503,1.0001801,84.78994,0.1,13.421383878474778,0.8977784056856968
2020-07-23 00:00:00+00:00,-34.925,-71.28305,212.0,open-meteo_ecmwf_ifs,daily,12.863501,0.8635,10.23,3.6072495,1.2561448,81.705894,0.6,13.524737604512032,0.8879660847965298
2020-07-24 00:00:00+00:00,-34.925,-71.28305,212.0,open-meteo_ecmwf_ifs,daily,13.2135,1.9135001,12.08,4.0905833,0.8838139,84.148125,1.7,13.631009927327966,0.9304144034514034
2020-07-25 00:00:00+00:00,-34.925,-71.28305,212.0,open-meteo_ecmwf_ifs,daily,11.863501,0.81350005,5.72,2.8489168,1.2372819,80.51797,0.0,13.740171585986767,0.7995902691558745
2020-07-26 00:00:00+00:00,-34.925,-71.28305,212.0,open-meteo_ecmwf_ifs,daily,12.863501,5.5635004,3.87,4.4468336,1.1299847,77.814804,0.0,13.852192181465297,0.9035136929757891
2020-07-27 00:00:00+00:00,-34.925,-71.28305,212.0,open-meteo_ecmwf_ifs,daily,13.0635,5.3135004,12.83,5.2843337,3.5100965,80.51581,0.0,13.967040165015499,1.388397514092168
2020-07-28 00:00:00+00:00,-34.925,-71.28305,212.0,open-meteo_ecmwf_ifs,daily,11.8135,-0.9365,13.39,1.1051667,2.8927908,79.172844,0.0,14.084682827805308,1.2046515941855795
2020-07-29 00:00:00+00:00,-34.925,-71.28305,212.0,open-meteo_ecmwf_ifs,daily,15.9635,1.8134999,12.48,3.8343334,1.4386816,83.01351,0.0,14.205086291914002,1.212715474117691
2020-07-30 00:00:00+00:00,-34.925,-71.28305,212.0,open-meteo_ecmwf_ifs,daily,11.8135,3.5135,6.34,5.3343334,1.5302871,84.824974,0.0,14.328215502753443,0.8245055993676202
2020-07-31 00:00:00+00:00,-34.925,-71.28305,212.0,open-meteo_ecmwf_ifs,daily,15.3135,3.1635,7.58,5.4385,0.8692177,84.12798,0.0,14.454034222982079,0.9395185874239347
2020-08-01 00:00:00+00:00,-34.925,-71.28305,212.0,open-meteo_ecmwf_ifs,daily,14.4635,7.2135,5.97,6.5655847,2.6162977,75.13216,1.6,14.582505027973776,1.271679754377037
2020-08-02 00:00:00+00:00,-34.925,-71.28305,212.0,open-meteo_ecmwf_ifs,daily,17.963501,6.6135,13.6,7.5030837,1.1971651,79.20248,1.7,14.713589302898866,1.4059230309933275
2020-08-03 00:00:00+00:00,-34.925,-71.28305,212.0,open-meteo_ecmwf_ifs,daily,15.863501,6.9635,9.27,9.030169,1.2108296,91.63263,0.0,14.847247241469365,1.07151516000575
2020-08-04 00:00:00+00:00,-34.925,-71.28305,212.0,open-meteo_ecmwf_ifs,daily,18.2635,7.5635004,11.52,9.061418,1.4463047,86.52482,0.0,14.983437846395793,1.3733080034334195
2020-08-05 00:00:00+00:00,-34.925,-71.28305,212.0,open-meteo_ecmwf_ifs,daily,15.5135,10.363501,7.48,9.794751,1.8936797,84.943596,10.500002,15.1221189315974,1.2014783647996938
2020-08-06 00:00:00+00:00,-34.925,-71.28305,212.0,open-meteo_ecmwf_ifs,daily,12.9635,3.6635,14.55,3.6510003,3.951969,72.819176,0.0,15.263247126202419,1.6457002092200648
2020-08-07 00:00:00+00:00,-34.925,-71.28305,212.0,open-meteo_ecmwf_ifs,daily,13.5135,4.3635,12.15,4.223917,2.8375523,77.41481,0.0,15.406777880370004,1.5076975131416228
2020-08-08 00:00:00+00:00,-34.925,-71.28305,212.0,open-meteo_ecmwf_ifs,daily,16.5635,5.6135,12.45,6.2760005,2.1021419,83.22437,0.0,15.552665472959733,1.5526034498948225
2020-08-09 00:00:00+00:00,-34.925,-71.28305,212.0,open-meteo_ecmwf_ifs,daily,15.363501,6.8135004,10.16,7.636416,1.3784472,83.586845,0.0,15.700863021069486,1.2500597320876354
2020-08-10 00:00:00+00:00,-34.925,-71.28305,212.0,open-meteo_ecmwf_ifs,daily,13.2135,6.6135,13.98,5.4051666,4.214897,78.82523,0.0,15.851322491457173,1.7857790984363973
2020-08-11 00:00:00+00:00,-34.925,-71.28305,212.0,open-meteo_ecmwf_ifs,daily,11.8135,1.8635001,15.34,0.032250077,4.7268567,65.41086,0.0,16.00399471385618,2.0138299863428215
2020-08-12 00:00:00+00:00,-34.925,-71.28305,212.0,open-meteo_ecmwf_ifs,daily,11.863501,2.8634999,11.18,3.1385002,2.3493714,82.40842,0.0,16.158829396189304,1.3304433203372896
2020-08-13 00:00:00+00:00,-34.925,-71.28305,212.0,open-meteo_ecmwf_ifs,daily,12.5635,3.1134999,11.6,4.448917,1.9367142,86.720085,0.0,16.315775141680714,1.2591150565955582
2020-08-14 00:00:00+00:00,-34.925,-71.28305,212.0,open-meteo_ecmwf_ifs,daily,12.5635,4.2135,7.64,5.4135003,1.636556,86.01846,4.0,16.474779467859655,1.060586873855937
2020-08-15 00:00:00+00:00,-34.925,-71.28305,212.0,open-meteo_ecmwf_ifs,daily,13.3135,1.9635,16.05,1.4905833,4.0354037,67.55455,0.0,16.635788827445218,1.9687088266220483
2020-08-16 00:00:00+00:00,-34.925,-71.28305,212.0,open-meteo_ecmwf_ifs,daily,13.363501,0.76350003,15.38,0.8843334,3.4606688,70.03792,0.0,16.798748631095584,1.8476071087054884
2020-08-17 00:00:00+00:00,-34.925,-71.28305,212.0,open-meteo_ecmwf_ifs,daily,13.113501,3.3634999,14.33,4.1572504,2.2361424,83.05605,0.0,16.963603272000416,1.5298907837875075
2020-08-18 00:00:00+00:00,-34.925,-71.28305,212.0,open-meteo_ecmwf_ifs,daily,12.7135,3.0635,8.71,4.9093337,1.3924512,84.12314,0.0,17.130296152290143,1.101594659691666
2020-08-19 00:00:00+00:00,-34.925,-71.28305,212.0,open-meteo_ecmwf_ifs,daily,13.0635,4.2135,15.36,4.990584,2.8940666,82.228745,0.0,17.29876971123042,1.6261850044446227
2020-08-20 00:00:00+00:00,-34.925,-71.28305,212.0,open-meteo_ecmwf_ifs,daily,17.463501,0.8635,16.44,3.6010005,1.768819,76.81125,0.0,17.46896545516595,1.7780119398658463
2020-08-21 00:00:00+00:00,-34.925,-71.28305,212.0,open-meteo_ecmwf_ifs,daily,20.2635,2.5135,17.0,5.936417,1.1832128,74.928566,0.0,17.64082398917243,1.853128015463987
2020-08-22 00:00:00+00:00,-34.925,-71.28305,212.0,open-meteo_ecmwf_ifs,daily,20.7635,5.1635003,17.18,8.209334,1.6178266,81.71617,0.0,17.81428505037114,2.0270783411962174
2020-08-23 00:00:00+00:00,-34.925,-71.28305,212.0,open-meteo_ecmwf_ifs,daily,16.0135,8.2135,13.06,6.817667,3.8548355,76.237045,0.1,17.989287542856157,2.1466636248668816
2020-08-24 00:00:00+00:00,-34.925,-71.28305,212.0,open-meteo_ecmwf_ifs,daily,15.7135,7.3635,12.15,5.41975,4.35964,69.30395,0.4,18.165769574179475,2.2797090141468193
2020-08-25 00:00:00+00:00,-34.925,-71.28305,212.0,open-meteo_ecmwf_ifs,daily,12.7635,8.7135,5.92,7.6593328,3.3255208,83.970245,10.7,18.343668493335556,1.2857370673015538
2020-08-26 00:00:00+00:00,-34.925,-71.28305,212.0,open-meteo_ecmwf_ifs,daily,13.5135,7.3135004,10.42,6.355168,2.8443012,79.37348,6.799999,18.522920930182455,1.6212466329088295
2020-08-27 00:00:00+00:00,-34.925,-71.28305,212.0,open-meteo_ecmwf_ifs,daily,13.4635,2.4635,10.52,5.242667,1.5099345,83.55458,0.0,18.703462836232504,1.2611695122805
2020-08-28 00:00:00+00:00,-34.925,-71.28305,212.0,open-meteo_ecmwf_ifs,daily,12.9635,5.4635,6.91,5.348917,1.8483907,77.9736,1.4000001,18.885229526742453,1.2510267817731295
2020-08-29 00:00:00+00:00,-34.925,-71.28305,212.0,open-meteo_ecmwf_ifs,daily,14.363501,6.3635,13.9,6.3385005,2.1464727,79.5815,9.100001,19.068155724028465,1.7660869875107086
2020-08-30 00:00:00+00:00,-34.925,-71.28305,212.0,open-meteo_ecmwf_ifs,daily,13.9135,0.9635,18.51,2.1301668,4.0065637,71.58936,0.0,19.252175601928748,2.106692221762078
2020-08-31 00:00:00+00:00,-34.925,-71.28305,212.0,open-meteo_ecmwf_ifs,daily,15.613501,4.8635,15.82,6.146834,1.8179493,84.47241,0.0,19.437222831332917,1.8714704893474903
2020-09-01 00:00:00+00:00,-34.925,-71.28305,212.0,open-meteo_ecmwf_ifs,daily,13.8135,6.8135004,8.91,7.255167,0.81764036,84.94802,0.3,19.623230626694067,1.274172899405531
2020-09-02 00:00:00+00:00,-34.925,-71.28305,212.0,open-meteo_ecmwf_ifs,daily,15.5135,7.0135,16.63,7.340584,2.0603466,81.80766,0.0,19.81013179343722,2.024258835582727
2020-09-03 00:00:00+00:00,-34.925,-71.28305,212.0,open-meteo_ecmwf_ifs,daily,15.613501,5.8635,16.34,6.46975,2.0881138,79.75509,0.0,19.99785877617456,2.016287797738087
2020-09-04 00:00:00+00:00,-34.925,-71.28305,212.0,open-meteo_ecmwf_ifs,daily,17.3135,6.2635,14.13,6.8801675,1.875929,79.09658,0.0,20.18634370763596,1.9903023252625025
2020-09-05 00:00:00+00:00,-34.925,-71.28305,212.0,open-meteo_ecmwf_ifs,daily,14.863501,6.7635,12.58,7.0760007,1.9938308,83.7423,4.8999996,20.375518458220917,1.7406310135452365
2020-09-06 00:00:00+00:00,-34.925,-71.28305,212.0,open-meteo_ecmwf_ifs,daily,18.213501,2.8634999,19.02,6.4343343,2.1394267,79.99431,0.0,20.56531468607597,2.197150417787771
2020-09-07 00:00:00+00:00,-34.925,-71.28305,212.0,open-meteo_ecmwf_ifs,daily,18.1635,6.2635,16.29,8.8135,1.4617625,85.25615,0.0,20.75566388760044,2.0454841834033566
2020-09-08 00:00:00+00:00,-34.925,-71.28305,212.0,open-meteo_ecmwf_ifs,daily,11.7635,9.113501,3.39,8.248917,1.8282604,87.86735,5.6000004,20.946497448281242,0.9255651954566743
2020-09-09 00:00:00+00:00,-34.925,-71.28305,212.0,open-meteo_ecmwf_ifs,daily,19.5135,7.6635003,18.32,8.923917,1.222028,81.05926,10.6,21.137746693756917,2.3835214788583623
2020-09-10 00:00:00+00:00,-34.925,-71.28305,212.0,open-meteo_ecmwf_ifs,daily,17.9135,7.4135003,15.03,9.126,1.6867098,85.61634,0.0,21.329342941009887,2.040149574873727
2020-09-11 00:00:00+00:00,-34.925,-71.28305,212.0,open-meteo_ecmwf_ifs,daily,15.5135,5.5635004,19.5,6.5260005,4.3388047,79.20866,0.0,21.521217549585,2.3793778243290755
2020-09-12 00:00:00+00:00,-34.925,-71.28305,212.0,open-meteo_ecmwf_ifs,daily,16.2635,4.4635,20.56,4.7030835,4.037175,73.323494,0.0,21.71330197273277,2.690447088642613
2020-09-13 00:00:00+00:00,-34.925,-71.28305,212.0,open-meteo_ecmwf_ifs,daily,17.3635,5.2635,20.45,5.442667,4.5427504,74.069176,0.0,21.905527808374632,2.872984088329752
2020-09-14 00:00:00+00:00,-34.925,-71.28305,212.0,open-meteo_ecmwf_ifs,daily,19.7635,2.7135,20.21,5.486418,3.0702658,75.33921,0.0,22.097826849788717,2.699026012244089
2020-09-15 00:00:00+00:00,-34.925,-71.28305,212.0,open-meteo_ecmwf_ifs,daily,16.1135,4.9635,14.82,7.765583,2.1297677,82.399925,0.0,22.290131135914283,1.8745966447366842
2020-09-16 00:00:00+00:00,-34.925,-71.28305,212.0,open-meteo_ecmwf_ifs,daily,19.2635,8.7635,18.77,9.853084,2.5826213,83.62983,1.2,22.482373001174018,2.6372638396792785
2020-09-17 00:00:00+00:00,-34.925,-71.28305,212.0,open-meteo_ecmwf_ifs,daily,20.3635,8.613501,20.3,10.278084,3.208603,81.40521,0.0,22.674485124714643,2.860983439664674
2020-09-18 00:00:00+00:00,-34.925,-71.28305,212.0,open-meteo_ecmwf_ifs,daily,19.2635,7.7635,21.16,7.744751,4.620646,73.08451,0.0,22.86640057896695,3.208786791432494
2020-09-19 00:00:00+00:00,-34.925,-71.28305,212.0,open-meteo_ecmwf_ifs,daily,21.5635,3.8135,21.84,5.384333,3.386463,66.99152,0.0,23.058052877428622,3.252881552025872
2020-09-20 00:00:00+00:00,-34.925,-71.28305,212.0,open-meteo_ecmwf_ifs,daily,22.9135,7.3635,21.75,10.038501,0.75935096,75.84298,0.0,23.249376021574676,2.931524875241802
2020-09-21 00:00:00+00:00,-34.925,-71.28305,212.0,open-meteo_ecmwf_ifs,daily,21.3135,8.3135,18.3,10.665584,1.6303821,83.73779,0.0,23.44030454680238,2.6472926919226185
2020-09-22 00:00:00+00:00,-34.925,-71.28305,212.0,open-meteo_ecmwf_ifs,daily,19.963501,10.1635,17.95,10.611417,2.4482217,80.1005,0.0,23.630773567320414,2.7545433143019067
2020-09-23 00:00:00+00:00,-34.925,-71.28305,212.0,open-meteo_ecmwf_ifs,daily,22.0635,8.1635,20.33,8.809334,2.3974068,72.63378,0.0,23.820718819894083,3.17293732934171
2020-09-24 00:00:00+00:00,-34.925,-71.28305,212.0,open-meteo_ecmwf_ifs,daily,24.1135,9.113501,21.66,11.023918,1.7376567,74.308334,0.0,24.01007670636181,3.2828102837623607
2020-09-25 00:00:00+00:00,-34.925,-71.28305,212.0,open-meteo_ecmwf_ifs,daily,15.2635,10.7135,8.88,8.886417,2.627202,79.309235,0.5,24.198784334841143,1.8405374519729576
2020-09-26 00:00:00+00:00,-34.925,-71.28305,212.0,open-meteo_ecmwf_ifs,daily,16.1135,9.0635,11.71,6.3364177,1.3509432,71.0265,0.70000005,24.38677955954571,2.062520538730604
2020-09-27 00:00:00+00:00,-34.925,-71.28305,212.0,open-meteo_ecmwf_ifs,daily,19.1135,6.0135,22.27,6.8364167,2.6760368,75.72605,0.0,24.57400101913897,3.093579452394898
2020-09-28 00:00:00+00:00,-34.925,-71.28305,212.0,open-meteo_ecmwf_ifs,daily,19.6135,6.2135,19.68,7.3489165,2.2911255,73.388374,0.0,24.7603881735534,2.8743771292130416
2020-09-29 00:00:00+00:00,-34.925,-71.28305,212.0,open-meteo_ecmwf_ifs,daily,15.7135,7.6135,14.85,6.73225,3.0486348,75.90828,0.1,24.94588133920904,2.4012631380528067
2020-09-30 00:00:00+00:00,-34.925,-71.28305,212.0,open-meteo_ecmwf_ifs,daily,11.4135,7.4635,5.47,5.998917,2.071611,78.92873,0.2,25.130421722568915,1.2713383232399456
2020-10-01 00:00:00+00:00,-34.925,-71.28305,212.0,open-meteo_ecmwf_ifs,daily,13.8135,5.6135,15.08,3.411417,2.941823,67.64363,0.0,25.313951451973566,2.4347948053524675
2020-10-02 00:00:00+00:00,-34.925,-71.28305,212.0,open-meteo_ecmwf_ifs,daily,17.463501,3.6635,22.93,3.359333,2.407945,66.29403,0.0,25.496413607701818,3.102646626073259
2020-10-03 00:00:00+00:00,-34.925,-71.28305,212.0,open-meteo_ecmwf_ifs,daily,17.213501,5.0135,21.24,3.6051664,1.9869622,64.9572,0.70000005,25.677752250209647,3.0012501175885027
2020-10-04 00:00:00+00:00,-34.925,-71.28305,212.0,open-meteo_ecmwf_ifs,daily,16.9135,4.6135,24.82,2.0822504,3.4159734,58.842667,0.0,25.857912446504038,3.569719652164552
2020-10-05 00:00:00+00:00,-34.925,-71.28305,212.0,open-meteo_ecmwf_ifs,daily,19.1635,4.4635,25.14,4.3405833,2.234752,61.99881,0.0,26.036840294614162,3.439234989695507
2020-10-06 00:00:00+00:00,-34.925,-71.28305,212.0,open-meteo_ecmwf_ifs,daily,19.213501,7.4135003,22.87,6.59475,2.570281,68.08517,0.0,26.21448294612702,3.4152031535841516
2020-10-07 00:00:00+00:00,-34.925,-71.28305,212.0,open-meteo_ecmwf_ifs,daily,19.713501,6.7135,25.43,5.532251,3.8852556,66.77431,0.0,26.390788626760877,3.9056167842006424
2020-10-08 00:00:00+00:00,-34.925,-71.28305,212.0,open-meteo_ecmwf_ifs,daily,20.1135,5.6135,23.78,4.815584,3.362469,61.85579,0.0,26.565706654954436,3.719149512236854
2020-10-09 00:00:00+00:00,-34.925,-71.28305,212.0,open-meteo_ecmwf_ifs,daily,24.2635,8.1135,25.32,7.4364166,3.75057,64.42121,0.0,26.739187458456104,4.44997092210542
2020-10-10 00:00:00+00:00,-34.925,-71.28305,212.0,open-meteo_ecmwf_ifs,daily,21.1635,10.1635,24.59,6.553083,4.648121,59.552322,0.0,26.9111825889028,4.554775111557082
2020-10-11 00:00:00+00:00,-34.925,-71.28305,212.0,open-meteo_ecmwf_ifs,daily,24.5135,6.9635,24.93,6.490585,3.347319,63.20204,0.0,27.08164473438362,4.3525801763640075
2020-10-12 00:00:00+00:00,-34.925,-71.28305,212.0,open-meteo_ecmwf_ifs,daily,25.713501,8.3135,25.64,9.176,2.4451094,64.186745,0.0,27.250527729989393,4.2488775465234285
2020-10-13 00:00:00+00:00,-34.925,-71.28305,212.0,open-meteo_ecmwf_ifs,daily,24.963501,9.613501,25.84,10.11975,2.2953978,63.161987,0.0,27.417786566354792,4.225923661761191
2020-10-14 00:00:00+00:00,-34.925,-71.28305,212.0,open-meteo_ecmwf_ifs,daily,21.1635,11.613501,17.78,10.942668,2.0580175,72.515175,0.0,27.58337739620524,3.1147664409245635
2020-10-15 00:00:00+00:00,-34.925,-71.28305,212.0,open-meteo_ecmwf_ifs,daily,27.213501,11.2135,24.08,12.74475,1.6395394,76.95089,0.0,27.74725753892668,4.105744673916818
2020-10-16 00:00:00+00:00,-34.925,-71.28305,212.0,open-meteo_ecmwf_ifs,daily,23.0135,12.0135,18.2,11.980165,2.4639134,75.58387,0.0,27.909385483181456,3.34730907791232
2020-10-17 00:00:00+00:00,-34.925,-71.28305,212.0,open-meteo_ecmwf_ifs,daily,25.3135,10.363501,24.21,11.778085,1.7845465,78.49642,0.0,28.069720887599473,3.984122838961392
2020-10-18 00:00:00+00:00,-34.925,-71.28305,212.0,open-meteo_ecmwf_ifs,daily,23.1635,8.9135,25.57,8.540584,2.5816505,66.749886,0.0,28.22822457957856,4.177871159287963
2020-10-19 00:00:00+00:00,-34.925,-71.28305,212.0,open-meteo_ecmwf_ifs,daily,22.713501,8.3135,26.43,5.380167,3.2676325,54.86205,0.0,28.38485855223376,4.611740108944529
2020-10-20 00:00:00+00:00,-34.925,-71.28305,212.0,open-meteo_ecmwf_ifs,daily,25.1135,8.9635,27.78,6.0697513,3.7506123,52.224483,0.0,28.539585959539874,5.17864936944984
2020-10-21 00:00:00+00:00,-34.925,-71.28305,212.0,open-meteo_ecmwf_ifs,daily,25.463501,9.4635,26.37,8.086416,2.1570246,57.26424,0.0,28.692371109716632,4.530075207321363
2020-10-22 00:00:00+00:00,-34.925,-71.28305,212.0,open-meteo_ecmwf_ifs,daily,25.963501,8.5135,27.39,9.040584,1.8382429,65.612526,0.0,28.843179456910605,4.457522765185321
2020-10-23 00:00:00+00:00,-34.925,-71.28305,212.0,open-meteo_ecmwf_ifs,daily,25.8635,10.113501,27.73,9.6885,1.7615069,64.12793,0.0,28.99197759123235,4.587493065780131
2020-10-24 00:00:00+00:00,-34.925,-71.28305,212.0,open-meteo_ecmwf_ifs,daily,23.9135,8.6635,27.67,6.859333,2.2559683,57.553776,0.0,29.1387332272115,4.5681042241915275
2020-10-25 00:00:00+00:00,-34.925,-71.28305,212.0,open-meteo_ecmwf_ifs,daily,21.6635,9.6635,22.26,7.076,3.2220612,63.38197,2.6999998,29.283415190736715,4.127283264543523
2020-10-26 00:00:00+00:00,-34.925,-71.28305,212.0,open-meteo_ecmwf_ifs,daily,23.5635,6.8635,27.75,5.626001,2.8677275,55.207386,0.0,29.425993404550663,4.602108073764395
2020-10-27 00:00:00+00:00,-34.925,-71.28305,212.0,open-meteo_ecmwf_ifs,daily,18.8135,10.4135,12.73,6.7260003,1.8343263,64.98928,1.1,29.566438872374448,2.7128620532842325
2020-10-28 00:00:00+00:00,-34.925,-71.28305,212.0,open-meteo_ecmwf_ifs,daily,21.213501,6.1135,29.24,5.2635,3.873339,62.235474,3.2,29.704723661737848,4.551307609940744
2020-10-29 00:00:00+00:00,-34.925,-71.28305,212.0,open-meteo_ecmwf_ifs,daily,24.3635,6.1135,28.65,5.9634995,3.1533515,57.78383,0.0,29.840820885596074,4.7370820254759565
2020-10-30 00:00:00+00:00,-34.925,-71.28305,212.0,open-meteo_ecmwf_ifs,daily,28.963501,8.9135,29.22,9.503084,1.577558,59.16045,0.0,29.974704682814647,4.944205363546782
2020-10-31 00:00:00+00:00,-34.925,-71.28305,212.0,open-meteo_ecmwf_ifs,daily,28.1635,10.9635,28.88,12.257251,1.7628223,69.16233,0.0,30.106350197607522,4.938572377623861
2020-11-01 00:00:00+00:00,-34.925,-71.28305,212.0,open-meteo_ecmwf_ifs,daily,26.2635,12.0135,28.33,11.309333,1.580626,66.94819,0.0,30.23573355801447,4.8189225864684095
2020-11-02 00:00:00+00:00,-34.925,-71.28305,212.0,open-meteo_ecmwf_ifs,daily,26.3635,9.8135,29.08,10.973918,1.6829013,68.80248,0.0,30.36283185350571,4.759760921357504
2020-11-03 00:00:00+00:00,-34.925,-71.28305,212.0,open-meteo_ecmwf_ifs,daily,28.4135,12.0635,26.5,12.290584,1.6469091,69.34265,0.0,30.487623111802552,4.772321431358673
2020-11-04 00:00:00+00:00,-34.925,-71.28305,212.0,open-meteo_ecmwf_ifs,daily,25.463501,11.5635,27.84,9.840585,2.3279364,61.13304,0.0,30.61008627500373,4.935739626370327
2020-11-05 00:00:00+00:00,-34.925,-71.28305,212.0,open-meteo_ecmwf_ifs,daily,25.3635,9.613501,30.54,3.6635,4.583372,44.125137,0.0,30.730201175107446,6.201548198059059
2020-11-06 00:00:00+00:00,-34.925,-71.28305,212.0,open-meteo_ecmwf_ifs,daily,26.3635,9.363501,29.39,7.29475,2.8070183,53.51981,0.0,30.847948509018817,5.30712760043062
2020-11-07 00:00:00+00:00,-34.925,-71.28305,212.0,open-meteo_ecmwf_ifs,daily,29.2635,11.9635,29.69,10.688499,2.69304,59.09183,0.0,30.963309813132412,5.668081621241606
2020-11-08 00:00:00+00:00,-34.925,-71.28305,212.0,open-meteo_ecmwf_ifs,daily,27.0135,13.3135,28.9,12.763501,1.9263319,65.89934,0.0,31.076267437578636,5.123534200976615
2020-11-09 00:00:00+00:00,-34.925,-71.28305,212.0,open-meteo_ecmwf_ifs,daily,27.9135,11.363501,30.17,10.165585,2.4030051,60.335384,0.0,31.186804520221344,5.471890989051115
2020-11-10 00:00:00+00:00,-34.925,-71.28305,212.0,open-meteo_ecmwf_ifs,daily,28.3635,13.363501,30.21,11.736417,2.2439616,60.09628,0.0,31.29490496049282,5.593891224787306
2020-11-11 00:00:00+00:00,-34.925,-71.28305,212.0,open-meteo_ecmwf_ifs,daily,25.6635,12.5635,27.18,10.878083,1.4561237,65.71356,0.0,31.4005533931505,4.740243833877768
2020-11-12 00:00:00+00:00,-34.925,-71.28305,212.0,open-meteo_ecmwf_ifs,daily,27.2635,12.4635,25.97,11.840584,2.0711324,68.89666,0.0,31.503735162037177,4.8331505383407585
2020-11-13 00:00:00+00:00,-34.925,-71.28305,212.0,open-meteo_ecmwf_ifs,daily,20.1135,13.4635,13.69,10.140584,2.468862,67.15211,0.2,31.604436293924373,3.0705135729762927
2020-11-14 00:00:00+00:00,-34.925,-71.28305,212.0,open-meteo_ecmwf_ifs,daily,23.7635,11.863501,28.18,8.017667,2.9973953,58.899612,0.0,31.70264347251547,5.2060893547419065
2020-11-15 00:00:00+00:00,-34.925,-71.28305,212.0,open-meteo_ecmwf_ifs,daily,25.9135,9.9635,30.91,6.015583,2.9159203,47.362392,0.0,31.798344012682115,5.68188840422106
2020-11-16 00:00:00+00:00,-34.925,-71.28305,212.0,open-meteo_ecmwf_ifs,daily,27.7635,9.9635,31.23,9.138501,1.9180503,59.370884,0.0,31.89152583500424,5.410839092038579
2020-11-17 00:00:00+00:00,-34.925,-71.28305,212.0,open-meteo_ecmwf_ifs,daily,25.8135,11.113501,27.08,9.513501,2.4989645,62.681217,0.0,31.982177440680097,4.989151108410582
2020-11-18 00:00:00+00:00,-34.925,-71.28305,212.0,open-meteo_ecmwf_ifs,daily,26.713501,10.613501,29.8,10.79892,2.215852,69.05709,0.0,32.07028788686898,5.171271844245271
2020-11-19 00:00:00+00:00,-34.925,-71.28305,212.0,open-meteo_ecmwf_ifs,daily,24.1635,12.5635,23.6,11.375999,2.437003,67.70165,0.0,32.155846762525684,4.382620325134677
2020-11-20 00:00:00+00:00,-34.925,-71.28305,212.0,open-meteo_ecmwf_ifs,daily,22.9135,12.863501,22.69,8.553084,2.634308,63.568363,0.2,32.238844164780694,4.525282672074671
2020-11-21 00:00:00+00:00,-34.925,-71.28305,212.0,open-meteo_ecmwf_ifs,daily,25.8635,8.9135,31.69,8.011417,1.9422468,61.501545,0.0,32.319270675916854,5.2665265594274615
2020-11-22 00:00:00+00:00,-34.925,-71.28305,212.0,open-meteo_ecmwf_ifs,daily,28.713501,11.1635,31.71,8.278084,2.8814027,53.632877,0.0,32.39711734098792,6.091123084194321
2020-11-23 00:00:00+00:00,-34.925,-71.28305,212.0,open-meteo_ecmwf_ifs,daily,28.0135,13.113501,30.93,9.063499,2.7856352,51.547794,0.0,32.47237564612044,6.066641824437354
2020-11-24 00:00:00+00:00,-34.925,-71.28305,212.0,open-meteo_ecmwf_ifs,daily,26.1635,11.9635,31.94,6.896834,3.3310995,47.32706,0.0,32.545037497536015,6.171659280493636
2020-11-25 00:00:00+00:00,-34.925,-71.28305,212.0,open-meteo_ecmwf_ifs,daily,26.8635,11.5135,31.78,7.392668,4.287716,52.89089,0.0,32.61509520132582,6.414512516329519
2020-11-26 00:00:00+00:00,-34.925,-71.28305,212.0,open-meteo_ecmwf_ifs,daily,30.463501,11.363501,33.17,2.6301668,5.1037383,35.66625,0.0,32.68254144400576,7.934712459590954
2020-11-27 00:00:00+00:00,-34.925,-71.28305,212.0,open-meteo_ecmwf_ifs,daily,29.3135,12.9135,32.52,4.328083,2.9725046,36.537792,0.0,32.74736927387548,6.803437033454644
2020-11-28 00:00:00+00:00,-34.925,-71.28305,212.0,open-meteo_ecmwf_ifs,daily,28.5635,12.5135,32.01,8.83225,2.4638624,52.007725,0.0,32.80957208320045,6.109487607402844
2020-11-29 00:00:00+00:00,-34.925,-71.28305,212.0,open-meteo_ecmwf_ifs,daily,29.463501,12.4135,31.83,8.390582,4.0582175,51.918278,0.0,32.86914359123249,6.786941156151139
2020-11-30 00:00:00+00:00,-34.925,-71.28305,212.0,open-meteo_ecmwf_ifs,daily,31.0135,12.113501,32.76,4.780167,3.3975697,36.614315,0.0,32.92607782807963,7.1314988327455975
2020-12-01 00:00:00+00:00,-34.925,-71.28305,212.0,open-meteo_ecmwf_ifs,daily,29.963501,13.6635,29.36,8.098917,2.8366835,44.828083,0.0,32.980369119432844,6.316837470011954
2020-12-02 00:00:00+00:00,-34.925,-71.28305,212.0,open-meteo_ecmwf_ifs,daily,27.963501,10.863501,32.66,6.811418,2.2875776,50.758865,0.0,33.032012072153634,6.0135186613711795
2020-12-03 00:00:00+00:00,-34.925,-71.28305,212.0,open-meteo_ecmwf_ifs,daily,28.0635,13.4635,32.63,4.751,4.5609226,41.320683,0.0,33.081001560722996,7.426027477039296
2020-12-04 00:00:00+00:00,-34.925,-71.28305,212.0,open-meteo_ecmwf_ifs,daily,30.5635,12.0135,32.77,4.8822503,2.771305,37.889465,0.0,33.12733271454955,6.760394370419145
2020-12-05 00:00:00+00:00,-34.925,-71.28305,212.0,open-meteo_ecmwf_ifs,daily,30.6135,12.113501,32.66,8.501,1.8538036,48.241226,0.0,33.171000906131844,6.151051785676554
2020-12-06 00:00:00+00:00,-34.925,-71.28305,212.0,open-meteo_ecmwf_ifs,daily,31.9135,13.5635,32.77,10.573916,1.8912495,54.744385,0.0,33.21200174006751,6.3607310249534805
2020-12-07 00:00:00+00:00,-34.925,-71.28305,212.0,open-meteo_ecmwf_ifs,daily,29.7635,12.863501,32.88,9.51975,2.0533946,53.287327,0.0,33.2503310429,6.213800475270455
2020-12-08 00:00:00+00:00,-34.925,-71.28305,212.0,open-meteo_ecmwf_ifs,daily,29.8635,11.3135,32.92,7.701,2.794174,54.34502,0.0,33.28598485379195,6.4558711979181105
2020-12-09 00:00:00+00:00,-34.925,-71.28305,212.0,open-meteo_ecmwf_ifs,daily,32.3635,14.0635,33.61,6.81975,3.2548687,40.89741,0.0,33.31895941601278,7.450132000653013
2020-12-10 00:00:00+00:00,-34.925,-71.28305,212.0,open-meteo_ecmwf_ifs,daily,25.713501,12.9135,29.76,8.417667,2.2932827,51.512394,0.0,33.34925116922749,5.58892004625894
2020-12-11 00:00:00+00:00,-34.925,-71.28305,212.0,open-meteo_ecmwf_ifs,daily,28.1135,11.8135,33.37,5.2364163,3.9765131,44.900806,0.0,33.376856742572684,7.001337079629631
2020-12-12 00:00:00+00:00,-34.925,-71.28305,212.0,open-meteo_ecmwf_ifs,daily,27.5135,11.5635,29.13,6.730167,3.6763687,47.411854,0.0,33.4017729485057,6.1937098106923445
2020-12-13 00:00:00+00:00,-34.925,-71.28305,212.0,open-meteo_ecmwf_ifs,daily,30.0135,12.7635,33.45,6.5572495,5.1806455,52.583935,0.3,33.4239967774132,7.746512625272872
2020-12-14 00:00:00+00:00,-34.925,-71.28305,212.0,open-meteo_ecmwf_ifs,daily,29.2635,12.4635,32.63,3.5489168,4.6805573,36.013515,0.0,33.44352539296492,7.651919202416888
2020-12-15 00:00:00+00:00,-34.925,-71.28305,212.0,open-meteo_ecmwf_ifs,daily,29.6635,12.9635,32.36,6.728083,4.217272,49.926197,0.0,33.46035612820049,7.243182156294279
2020-12-16 00:00:00+00:00,-34.925,-71.28305,212.0,open-meteo_ecmwf_ifs,daily,31.713501,12.2135,33.45,5.3759995,2.8970623,38.31119,0.0,33.47448648233668,7.048063640934648
2020-12-17 00:00:00+00:00,-34.925,-71.28305,212.0,open-meteo_ecmwf_ifs,daily,31.4135,13.4135,32.84,8.984334,2.13105,46.08507,0.0,33.48591411828487,6.504447938442675
2020-12-18 00:00:00+00:00,-34.925,-71.28305,212.0,open-meteo_ecmwf_ifs,daily,23.9135,12.5135,27.37,7.6364174,2.998668,56.338802,0.0,33.494636860869136,5.357352481843584
2020-12-19 00:00:00+00:00,-34.925,-71.28305,212.0,open-meteo_ecmwf_ifs,daily,26.3135,11.8135,29.85,8.923919,2.6842842,60.32176,0.0,33.50065269573753,5.624093977066527
2020-12-20 00:00:00+00:00,-34.925,-71.28305,212.0,open-meteo_ecmwf_ifs,daily,29.5135,12.7135,33.25,6.8364177,3.1641161,46.696457,0.0,33.50395976896067,6.852026784367671
2020-12-21 00:00:00+00:00,-34.925,-71.28305,212.0,open-meteo_ecmwf_ifs,daily,32.8135,13.7135,33.2,7.2510014,3.1195211,39.699657,0.0,33.504556387313635,7.329203018978018
2020-12-22 00:00:00+00:00,-34.925,-71.28305,212.0,open-meteo_ecmwf_ifs,daily,32.7135,16.0635,33.27,9.765582,2.4507763,45.195877,0.0,33.50244101923944,7.090622049092185
2020-12-23 00:00:00+00:00,-34.925,-71.28305,212.0,open-meteo_ecmwf_ifs,daily,30.963501,14.8135,33.29,9.694751,3.3213289,45.784077,0.0,33.49761229649393,7.144340168293406
2020-12-24 00:00:00+00:00,-34.925,-71.28305,212.0,open-meteo_ecmwf_ifs,daily,32.2135,16.0135,33.6,8.101001,3.027724,43.332943,0.0,33.49006901647439,7.477305852810823
2020-12-25 00:00:00+00:00,-34.925,-71.28305,212.0,open-meteo_ecmwf_ifs,daily,33.2635,15.8135,33.56,7.0843334,3.538613,36.620987,0.0,33.47981014523612,7.9310511053863255
2020-12-26 00:00:00+00:00,-34.925,-71.28305,212.0,open-meteo_ecmwf_ifs,daily,32.3635,17.0635,33.09,12.328086,2.6070602,50.792965,0.0,33.46683482120256,7.062237854425865
2020-12-27 00:00:00+00:00,-34.925,-71.28305,212.0,open-meteo_ecmwf_ifs,daily,29.7635,15.3135,30.54,12.632252,2.495402,61.071655,0.0,33.45114235957737,6.155153515065176
2020-12-28 00:00:00+00:00,-34.925,-71.28305,212.0,open-meteo_ecmwf_ifs,daily,31.4135,16.1135,32.51,12.859333,2.2619755,56.220566,0.0,33.432732257467485,6.589294645080884
2020-12-29 00:00:00+00:00,-34.925,-71.28305,212.0,open-meteo_ecmwf_ifs,daily,29.5135,15.8135,32.91,10.040584,2.7087953,50.1127,0.0,33.41160419972831,6.75886209739796
2020-12-30 00:00:00+00:00,-34.925,-71.28305,212.0,open-meteo_ecmwf_ifs,daily,30.0635,13.0635,33.61,5.4530845,4.8944387,42.801624,0.0,33.38775806554299,7.849645599887911
2020-12-31 00:00:00+00:00,-34.925,-71.28305,212.0,open-meteo_ecmwf_ifs,daily,32.3635,12.863501,31.37,5.817667,3.4791152,38.190666,0.0,33.361193935749114,7.247281482517621
2021-01-01 00:00:00+00:00,-34.925,-71.28305,212.0,open-meteo_ecmwf_ifs,daily,31.9135,18.213501,32.35,11.065585,1.7510327,44.910786,0.0,33.361193935749114,6.652061335392264
2021-01-02 00:00:00+00:00,-34.925,-71.28305,212.0,open-meteo_ecmwf_ifs,daily,30.6635,15.0135,31.11,11.655167,2.3529627,52.161465,0.0,33.33191210092631,6.313471518987259
2021-01-03 00:00:00+00:00,-34.925,-71.28305,212.0,open-meteo_ecmwf_ifs,daily,33.0135,17.713501,32.16,10.426,2.861825,45.047184,0.1,33.29991307025934,7.343708595526433
2021-01-04 00:00:00+00:00,-34.925,-71.28305,212.0,open-meteo_ecmwf_ifs,daily,31.6135,17.2635,32.57,9.765584,3.5912125,43.00709,0.0,33.265197581190414,7.585678173853732
2021-01-05 00:00:00+00:00,-34.925,-71.28305,212.0,open-meteo_ecmwf_ifs,daily,29.7635,14.863501,32.58,9.5635,2.1313057,46.94652,0.0,33.22776660987516,6.409937407036161
2021-01-06 00:00:00+00:00,-34.925,-71.28305,212.0,open-meteo_ecmwf_ifs,daily,30.8135,13.4635,30.97,10.65725,2.1035616,52.275665,0.0,33.187621382455305,6.1013148861741655
2021-01-07 00:00:00+00:00,-34.925,-71.28305,212.0,open-meteo_ecmwf_ifs,daily,31.5135,16.2635,32.11,10.148916,2.583841,46.650562,0.0,33.14476338716048,6.861323505610363
2021-01-08 00:00:00+00:00,-34.925,-71.28305,212.0,open-meteo_ecmwf_ifs,daily,29.6635,16.5635,28.48,8.265585,2.0095456,42.365215,0.0,33.09919438725014,6.05161088092137
2021-01-09 00:00:00+00:00,-34.925,-71.28305,212.0,open-meteo_ecmwf_ifs,daily,28.8135,13.5635,32.68,6.1447506,1.906268,42.582996,0.0,33.05091643480504,6.222823803466182
2021-01-10 00:00:00+00:00,-34.925,-71.28305,212.0,open-meteo_ecmwf_ifs,daily,28.2635,12.0635,32.88,6.0322495,2.573362,45.549423,0.0,32.999931885375155,6.3580059103262885
2021-01-11 00:00:00+00:00,-34.925,-71.28305,212.0,open-meteo_ecmwf_ifs,daily,26.963501,13.6635,32.32,9.534334,3.1364126,57.80093,0.0,32.94624341348939,6.254843452683764
2021-01-12 00:00:00+00:00,-34.925,-71.28305,212.0,open-meteo_ecmwf_ifs,daily,30.6635,12.2635,33.02,2.1989167,3.4491813,30.50389,0.0,32.88985402902867,7.3247676639883315
2021-01-13 00:00:00+00:00,-34.925,-71.28305,212.0,open-meteo_ecmwf_ifs,daily,32.1135,14.6635,32.59,5.1614165,1.7870994,35.101467,0.0,32.830767094461805,6.5080545824876745
2021-01-14 00:00:00+00:00,-34.925,-71.28305,212.0,open-meteo_ecmwf_ifs,daily,30.7635,13.7635,32.3,6.2843337,2.1401932,39.306652,0.0,32.76898634293975,6.474493064712608
2021-01-15 00:00:00+00:00,-34.925,-71.28305,212.0,open-meteo_ecmwf_ifs,daily,29.9135,13.7635,32.13,6.532251,3.607229,39.352726,0.0,32.70451589724026,7.08561168947112
2021-01-16 00:00:00+00:00,-34.925,-71.28305,212.0,open-meteo_ecmwf_ifs,daily,30.0135,13.5635,32.93,4.390583,4.67532,36.9231,0.0,32.63736028955149,7.827242116265185
2021-01-17 00:00:00+00:00,-34.925,-71.28305,212.0,open-meteo_ecmwf_ifs,daily,32.4635,14.0135,32.63,5.4676666,3.0785258,36.807228,0.0,32.567524482078234,7.278127878162339
2021-01-18 00:00:00+00:00,-34.925,-71.28305,212.0,open-meteo_ecmwf_ifs,daily,33.9635,15.9635,31.87,9.153084,2.3484294,39.705193,0.0,32.49501388845132,6.92745684414028
2021-01-19 00:00:00+00:00,-34.925,-71.28305,212.0,open-meteo_ecmwf_ifs,daily,31.7635,16.5635,31.04,12.086418,1.9048635,50.126537,0.0,32.41983439591511,6.297096477260049
2021-01-20 00:00:00+00:00,-34.925,-71.28305,212.0,open-meteo_ecmwf_ifs,daily,32.0135,16.6135,30.88,13.065585,2.0482461,55.46188,0.0,32.34199238826457,6.31878960597446
2021-01-21 00:00:00+00:00,-34.925,-71.28305,212.0,open-meteo_ecmwf_ifs,daily,31.713501,16.1135,30.91,13.555168,1.6603732,57.729816,0.0,32.26149476949805,6.0564202224018535
2021-01-22 00:00:00+00:00,-34.925,-71.28305,212.0,open-meteo_ecmwf_ifs,daily,33.0635,16.2635,30.77,13.440582,1.5792524,54.353878,0.0,32.17834898814751,6.128519983072461
2021-01-23 00:00:00+00:00,-34.925,-71.28305,212.0,open-meteo_ecmwf_ifs,daily,31.3135,17.713501,30.43,14.09475,1.7496586,56.92348,0.0,32.09256306224339,6.105143855822428
2021-01-24 00:00:00+00:00,-34.925,-71.28305,212.0,open-meteo_ecmwf_ifs,daily,32.6135,18.5135,29.63,14.348919,1.9251603,55.383774,0.0,32.00414560486646,6.251924729645587
2021-01-25 00:00:00+00:00,-34.925,-71.28305,212.0,open-meteo_ecmwf_ifs,daily,32.7135,17.3635,30.59,12.211418,2.1007383,50.815887,0.0,31.913105850234494,6.461173310325332
2021-01-26 00:00:00+00:00,-34.925,-71.28305,212.0,open-meteo_ecmwf_ifs,daily,31.463501,16.4135,31.0,7.2572503,2.2578413,36.93697,0.0,31.819453680267156,6.596867543958391
2021-01-27 00:00:00+00:00,-34.925,-71.28305,212.0,open-meteo_ecmwf_ifs,daily,31.213501,13.7135,30.92,7.317667,2.1720324,41.561234,0.0,31.72319965156801,6.250020169937949
2021-01-28 00:00:00+00:00,-34.925,-71.28305,212.0,open-meteo_ecmwf_ifs,daily,29.0135,15.113501,24.47,8.705169,3.7537727,46.14436,0.0,31.62435502275848,6.119455182252186
2021-01-29 00:00:00+00:00,-34.925,-71.28305,212.0,open-meteo_ecmwf_ifs,daily,22.1635,17.4135,9.48,13.846835,2.1203969,70.26354,13.2,31.52293178209454,2.616641858180102
2021-01-30 00:00:00+00:00,-34.925,-71.28305,212.0,open-meteo_ecmwf_ifs,daily,22.8635,15.113501,15.99,15.661419,2.3287327,87.43264,30.2,31.418942675292925,3.0290264322320426
2021-01-31 00:00:00+00:00,-34.925,-71.28305,212.0,open-meteo_ecmwf_ifs,daily,22.963501,14.8135,20.31,15.309335,2.235649,85.60726,33.8,31.312401233490444,3.5817263778840074
2021-02-01 00:00:00+00:00,-34.925,-71.28305,212.0,open-meteo_ecmwf_ifs,daily,22.2635,14.113501,20.64,14.917668,1.5482727,86.23532,11.7,31.20332180125639,3.5046004767600216
2021-02-02 00:00:00+00:00,-34.925,-71.28305,212.0,open-meteo_ecmwf_ifs,daily,24.3135,13.5135,24.22,14.340584,1.4424586,81.55227,0.4,31.091719564575072,4.127092901055104
2021-02-03 00:00:00+00:00,-34.925,-71.28305,212.0,open-meteo_ecmwf_ifs,daily,27.6635,13.2135,27.33,15.205167,1.2713217,79.64422,0.0,30.977610578713154,4.727550045286712
2021-02-04 00:00:00+00:00,-34.925,-71.28305,212.0,open-meteo_ecmwf_ifs,daily,29.0135,15.2135,28.92,17.48225,2.1084025,76.985115,0.0,30.861011795883552,5.174684539234165
2021-02-05 00:00:00+00:00,-34.925,-71.28305,212.0,open-meteo_ecmwf_ifs,daily,27.5135,16.713501,18.3,15.659333,1.5569077,76.33141,0.2,30.7419410926161,3.807021733901447
2021-02-06 00:00:00+00:00,-34.925,-71.28305,212.0,open-meteo_ecmwf_ifs,daily,23.0635,16.1635,12.83,15.251,1.2236333,79.217674,0.0,30.62041729674349,2.645899330065819
2021-02-07 00:00:00+00:00,-34.925,-71.28305,212.0,open-meteo_ecmwf_ifs,daily,24.9135,16.3135,18.76,14.553084,1.7874769,74.08875,0.0,30.4964602139095,3.7448094941878516
2021-02-08 00:00:00+00:00,-34.925,-71.28305,212.0,open-meteo_ecmwf_ifs,daily,25.0135,14.5135,20.04,14.501,1.7915316,76.15486,0.0,30.370090653505773,3.7469196701580008
2021-02-09 00:00:00+00:00,-34.925,-71.28305,212.0,open-meteo_ecmwf_ifs,daily,28.4135,16.6135,24.82,15.871834,1.734619,72.77649,0.0,30.241330453942968,4.759469611817357
2021-02-10 00:00:00+00:00,-34.925,-71.28305,212.0,open-meteo_ecmwf_ifs,daily,30.1635,15.7635,25.45,16.898916,1.7751164,75.03821,0.0,30.110202507161933,4.8573309837066585
2021-02-11 00:00:00+00:00,-34.925,-71.28305,212.0,open-meteo_ecmwf_ifs,daily,22.8135,18.0135,9.78,15.548916,1.5790914,75.30552,0.0,29.976730782290748,2.3932460828530613
2021-02-12 00:00:00+00:00,-34.925,-71.28305,212.0,open-meteo_ecmwf_ifs,daily,26.2635,16.713501,15.27,16.109335,1.7699572,75.65692,0.0,29.840940348354273,3.273454775544579
2021-02-13 00:00:00+00:00,-34.925,-71.28305,212.0,open-meteo_ecmwf_ifs,daily,26.9135,17.713501,20.65,15.978084,1.8633767,74.1527,0.1,29.702857395943816,4.163672108554835
2021-02-14 00:00:00+00:00,-34.925,-71.28305,212.0,open-meteo_ecmwf_ifs,daily,27.3635,14.863501,22.77,14.228085,1.102019,71.6433,0.0,29.56250925775616,4.153426775533846
2021-02-15 00:00:00+00:00,-34.925,-71.28305,212.0,open-meteo_ecmwf_ifs,daily,25.6635,13.9135,20.92,13.350999,2.0029383,72.553604,0.0,29.419924427912676,3.963207280431933
2021-02-16 00:00:00+00:00,-34.925,-71.28305,212.0,open-meteo_ecmwf_ifs,daily,23.8635,13.1635,16.31,12.823917,2.1382453,75.54959,0.0,29.275132579971785,3.2480942263437345
2021-02-17 00:00:00+00:00,-34.925,-71.28305,212.0,open-meteo_ecmwf_ifs,daily,24.7635,13.363501,24.38,10.955167,1.8617071,65.78809,0.0,29.128164583550497,4.371075603695393
2021-02-18 00:00:00+00:00,-34.925,-71.28305,212.0,open-meteo_ecmwf_ifs,daily,25.8635,11.6635,27.08,10.721833,1.7862797,66.44693,0.0,28.979052519473395,4.603975602806661
2021-02-19 00:00:00+00:00,-34.925,-71.28305,212.0,open-meteo_ecmwf_ifs,daily,27.2635,13.0635,26.87,11.596835,2.8298395,65.51374,0.0,28.827829693371207,5.058992959520998
2021-02-20 00:00:00+00:00,-34.925,-71.28305,212.0,open-meteo_ecmwf_ifs,daily,28.5135,12.7635,27.55,9.715585,2.0961003,52.0882,0.0,28.674530647654038,5.142734042417961
2021-02-21 00:00:00+00:00,-34.925,-71.28305,212.0,open-meteo_ecmwf_ifs,daily,27.963501,13.2135,27.49,10.178084,1.5969769,54.8568,0.0,28.51919117178891,4.896127259558143
2021-02-22 00:00:00+00:00,-34.925,-71.28305,212.0,open-meteo_ecmwf_ifs,daily,27.3135,12.0635,27.34,10.03225,2.2429924,58.96233,0.0,28.36184831081458,4.941888294680778
2021-02-23 00:00:00+00:00,-34.925,-71.28305,212.0,open-meteo_ecmwf_ifs,daily,29.0635,12.5135,27.7,8.453085,3.1142628,48.731487,0.0,28.20254037203193,5.656259163473358
2021-02-24 00:00:00+00:00,-34.925,-71.28305,212.0,open-meteo_ecmwf_ifs,daily,30.2635,13.8135,26.98,11.551,1.7975997,55.881382,0.0,28.0413069298122,5.065135834406417
2021-02-25 00:00:00+00:00,-34.925,-71.28305,212.0,open-meteo_ecmwf_ifs,daily,29.3635,14.0635,24.17,14.494751,1.4036398,72.41056,0.0,27.87818882847063,4.389640846774778
2021-02-26 00:00:00+00:00,-34.925,-71.28305,212.0,open-meteo_ecmwf_ifs,daily,29.7635,13.363501,25.24,13.544751,1.9538633,68.74878,0.0,27.71322818315797,4.693833366430427
2021-02-27 00:00:00+00:00,-34.925,-71.28305,212.0,open-meteo_ecmwf_ifs,daily,30.8135,14.6635,26.6,12.790585,2.3053234,60.81056,0.0,27.54646837872801,5.247799068060429
2021-02-28 00:00:00+00:00,-34.925,-71.28305,212.0,open-meteo_ecmwf_ifs,daily,30.5635,15.2135,26.57,11.715584,2.998543,55.016804,0.0,27.377954066544238,5.633644798479434
2021-03-01 00:00:00+00:00,-34.925,-71.28305,212.0,open-meteo_ecmwf_ifs,daily,30.4135,15.363501,25.56,12.378083,2.2117999,54.601,0.0,27.20773115919487,5.124696573561318
2021-03-02 00:00:00+00:00,-34.925,-71.28305,212.0,open-meteo_ecmwf_ifs,daily,29.463501,15.2135,24.93,14.415582,1.2061754,65.95634,0.0,27.035846823090893,4.461206566311582
2021-03-03 00:00:00+00:00,-34.925,-71.28305,212.0,open-meteo_ecmwf_ifs,daily,31.4135,15.363501,24.79,14.590584,1.8711524,65.18826,0.0,26.86234946892798,4.825261746024556
2021-03-04 00:00:00+00:00,-34.925,-71.28305,212.0,open-meteo_ecmwf_ifs,daily,32.1135,17.6635,25.14,13.430167,2.2643309,53.120625,0.0,26.68728873999868,5.380042867734616
2021-03-05 00:00:00+00:00,-34.925,-71.28305,212.0,open-meteo_ecmwf_ifs,daily,27.8135,15.9135,23.72,13.751,2.9198132,62.299618,0.0,26.510715498347672,4.768396693461289
2021-03-06 00:00:00+00:00,-34.925,-71.28305,212.0,open-meteo_ecmwf_ifs,daily,29.8135,15.2635,22.8,14.228082,1.3588738,67.772194,0.0,26.33268180876873,4.233912591317377
2021-03-07 00:00:00+00:00,-34.925,-71.28305,212.0,open-meteo_ecmwf_ifs,daily,30.6635,15.9135,24.53,12.798917,2.7915733,59.65098,0.0,26.153240920648088,5.225834497713062
2021-03-08 00:00:00+00:00,-34.925,-71.28305,212.0,open-meteo_ecmwf_ifs,daily,31.963501,15.6635,24.82,12.017669,3.1725647,52.791214,0.0,25.972447247665215,5.607923126530965
2021-03-09 00:00:00+00:00,-34.925,-71.28305,212.0,open-meteo_ecmwf_ifs,daily,30.9135,13.9635,24.44,12.023918,1.7269249,57.4286,0.0,25.790356345367517,4.6078566731448865
2021-03-10 00:00:00+00:00,-34.925,-71.28305,212.0,open-meteo_ecmwf_ifs,daily,26.6135,14.4635,21.7,12.211417,1.5904441,63.25499,0.0,25.607024886642158,3.932145965524893
2021-03-11 00:00:00+00:00,-34.925,-71.28305,212.0,open-meteo_ecmwf_ifs,daily,28.3635,15.2135,22.78,12.573917,3.48654,65.144196,0.0,25.422510635113486,4.899328206550275
2021-03-12 00:00:00+00:00,-34.925,-71.28305,212.0,open-meteo_ecmwf_ifs,daily,29.463501,14.2635,23.87,9.0885,2.3539512,47.722946,0.0,25.236872416500873,4.867866053171247
2021-03-13 00:00:00+00:00,-34.925,-71.28305,212.0,open-meteo_ecmwf_ifs,daily,28.963501,13.613501,23.53,10.651,1.9768429,56.408764,0.0,25.050170087977033,4.441767525334739
2021-03-14 00:00:00+00:00,-34.925,-71.28305,212.0,open-meteo_ecmwf_ifs,daily,28.463501,13.5635,22.62,12.153084,1.4539152,66.05474,0.0,24.862464505572927,3.997360547316826
2021-03-15 00:00:00+00:00,-34.925,-71.28305,212.0,open-meteo_ecmwf_ifs,daily,22.8635,14.613501,11.51,12.109333,1.8567952,70.42187,0.0,24.673817489680562,2.605336079087063
2021-03-16 00:00:00+00:00,-34.925,-71.28305,212.0,open-meteo_ecmwf_ifs,daily,23.9135,14.4635,13.53,10.365584,1.6578717,63.348297,0.6,24.484291788710195,2.949539702455996
2021-03-17 00:00:00+00:00,-34.925,-71.28305,212.0,open-meteo_ecmwf_ifs,daily,26.9135,13.5135,22.65,10.694749,2.122409,60.623753,0.0,24.293951040963922,4.161036672300312
2021-03-18 00:00:00+00:00,-34.925,-71.28305,212.0,open-meteo_ecmwf_ifs,daily,22.463501,14.5135,11.84,10.803082,2.246875,68.260185,0.2,24.102859734792137,2.834248250756548
2021-03-19 00:00:00+00:00,-34.925,-71.28305,212.0,open-meteo_ecmwf_ifs,daily,19.7635,13.4635,10.05,9.492667,1.695278,65.48038,2.6999998,23.911083167104355,2.299365454861823
2021-03-20 00:00:00+00:00,-34.925,-71.28305,212.0,open-meteo_ecmwf_ifs,daily,25.7635,9.0635,22.54,6.9426675,1.0426481,56.671097,0.0,23.718687400310245,3.4049630429828874
2021-03-21 00:00:00+00:00,-34.925,-71.28305,212.0,open-meteo_ecmwf_ifs,daily,26.8635,10.9135,21.87,9.761417,1.7963305,62.330967,0.0,23.525739217770997,3.7320472012844674
2021-03-22 00:00:00+00:00,-34.925,-71.28305,212.0,open-meteo_ecmwf_ifs,daily,28.7635,12.0135,22.06,11.367668,2.1804106,67.41027,2.9999998,23.332306077845146,4.026658436429519
2021-03-23 00:00:00+00:00,-34.925,-71.28305,212.0,open-meteo_ecmwf_ifs,daily,27.963501,12.863501,21.76,9.9385,2.087812,53.74089,0.0,23.13845606661681,4.046224414358194
2021-03-24 00:00:00+00:00,-34.925,-71.28305,212.0,open-meteo_ecmwf_ifs,daily,26.9135,12.2635,20.87,9.734334,2.0139449,57.648224,0.0,22.944257849397633,3.791654027414821
2021-03-25 00:00:00+00:00,-34.925,-71.28305,212.0,open-meteo_ecmwf_ifs,daily,22.5635,11.7635,17.11,7.936418,1.3942868,57.244083,0.0,22.749780621097024,2.939416018307639
2021-03-26 00:00:00+00:00,-34.925,-71.28305,212.0,open-meteo_ecmwf_ifs,daily,25.8635,9.4635,21.68,5.844751,2.465826,55.1158,0.0,22.5550940555583,3.9365842061750476
2021-03-27 00:00:00+00:00,-34.925,-71.28305,212.0,open-meteo_ecmwf_ifs,daily,29.5635,8.8135,21.87,5.25725,1.9821068,49.036716,0.0,22.36026825396073,3.9629743450663732
2021-03-28 00:00:00+00:00,-34.925,-71.28305,212.0,open-meteo_ecmwf_ifs,daily,28.7635,11.4635,21.21,6.96975,1.5933129,47.947292,0.0,22.165373692390077,3.7320180498194517
2021-03-29 00:00:00+00:00,-34.925,-71.28305,212.0,open-meteo_ecmwf_ifs,daily,26.0635,12.3135,19.44,11.573916,1.6270338,70.61787,0.0,21.970481168682117,3.2624130999460674
2021-03-30 00:00:00+00:00,-34.925,-71.28305,212.0,open-meteo_ecmwf_ifs,daily,25.463501,11.5135,19.53,11.053084,1.6579567,70.03478,0.0,21.775661748645387,3.1893545991990035
2021-03-31 00:00:00+00:00,-34.925,-71.28305,212.0,open-meteo_ecmwf_ifs,daily,24.7635,13.1635,16.12,12.394752,1.991116,75.48594,0.0,21.580986711770898,2.9419612834657007
2021-04-01 00:00:00+00:00,-34.925,-71.28305,212.0,open-meteo_ecmwf_ifs,daily,24.3635,12.0135,16.89,11.99475,1.2537216,77.02355,0.0,21.38652749653765,2.7093043102141583
2021-04-02 00:00:00+00:00,-34.925,-71.28305,212.0,open-meteo_ecmwf_ifs,daily,24.713501,11.0135,17.82,11.059334,1.8223313,74.58718,0.0,21.192355645423493,2.9422921493273924
2021-04-03 00:00:00+00:00,-34.925,-71.28305,212.0,open-meteo_ecmwf_ifs,daily,26.6135,10.2135,19.76,9.8135,1.9799628,63.014286,0.0,20.998542749731588,3.3099896559113913
2021-04-04 00:00:00+00:00,-34.925,-71.28305,212.0,open-meteo_ecmwf_ifs,daily,21.3135,11.5135,16.09,10.703083,2.2189925,71.53703,0.0,20.80516039434282,2.6477494749616968
2021-04-05 00:00:00+00:00,-34.925,-71.28305,212.0,open-meteo_ecmwf_ifs,daily,24.213501,10.4135,17.5,10.730167,2.356457,71.19636,0.0,20.61228010250435,2.9401280748225216
2021-04-06 00:00:00+00:00,-34.925,-71.28305,212.0,open-meteo_ecmwf_ifs,daily,25.463501,11.9135,18.62,11.436418,1.3681026,68.65269,0.0,20.419973280764243,2.904424096123276
2021-04-07 00:00:00+00:00,-34.925,-71.28305,212.0,open-meteo_ecmwf_ifs,daily,24.5135,12.113501,18.46,11.0926695,2.4101202,67.63796,0.0,20.228311164161315,3.1541212121882602
2021-04-08 00:00:00+00:00,-34.925,-71.28305,212.0,open-meteo_ecmwf_ifs,daily,23.1635,12.1635,16.6,8.992669,2.2814858,61.104874,0.1,20.03736476177837,3.030672206735607
2021-04-09 00:00:00+00:00,-34.925,-71.28305,212.0,open-meteo_ecmwf_ifs,daily,20.1135,11.4635,14.91,9.209334,3.314236,70.79817,0.0,19.84720480276574,2.7814711037617332
2021-04-10 00:00:00+00:00,-34.925,-71.28305,212.0,open-meteo_ecmwf_ifs,daily,19.9135,8.9135,18.31,7.117668,2.4654202,63.798294,0.0,19.65790168294052,2.756138327808694
2021-04-11 00:00:00+00:00,-34.925,-71.28305,212.0,open-meteo_ecmwf_ifs,daily,24.7635,8.6635,18.47,5.1510005,3.9212923,53.757893,0.0,19.469525412064915,3.886934844820212
2021-04-12 00:00:00+00:00,-34.925,-71.28305,212.0,open-meteo_ecmwf_ifs,daily,24.713501,11.0635,15.24,10.85725,2.376932,71.59998,0.0,19.2821455619053,2.7649602460241907
2021-04-13 00:00:00+00:00,-34.925,-71.28305,212.0,open-meteo_ecmwf_ifs,daily,28.0635,10.613501,15.94,12.017669,1.4990344,71.724754,0.0,19.09583121517087,2.6552393268207695
2021-04-14 00:00:00+00:00,-34.925,-71.28305,212.0,open-meteo_ecmwf_ifs,daily,25.3635,11.3135,15.85,12.534333,1.382968,76.97921,0.0,18.91065091542852,2.440912718865321
2021-04-15 00:00:00+00:00,-34.925,-71.28305,212.0,open-meteo_ecmwf_ifs,daily,24.6635,12.113501,15.31,11.146835,2.2383497,74.335396,0.0,18.726672618087445,2.7447905755709634
2021-04-16 00:00:00+00:00,-34.925,-71.28305,212.0,open-meteo_ecmwf_ifs,daily,24.463501,10.4135,15.8,10.715584,2.0550623,71.15894,0.0,18.54396364254405,2.5849434874615524
2021-04-17 00:00:00+00:00,-34.925,-71.28305,212.0,open-meteo_ecmwf_ifs,daily,22.963501,11.1635,14.9,11.592667,1.5861764,76.366005,0.0,18.36259062557438,2.258633764440607
2021-04-18 00:00:00+00:00,-34.925,-71.28305,212.0,open-meteo_ecmwf_ifs,daily,24.7635,11.5135,15.32,11.51975,1.2381891,73.28071,0.4,18.18261947605774,2.31329067842066
2021-04-19 00:00:00+00:00,-34.925,-71.28305,212.0,open-meteo_ecmwf_ifs,daily,23.9135,9.6635,16.64,10.176,1.9228395,71.21398,0.0,18.004115331111496,2.4932401733238945
2021-04-20 00:00:00+00:00,-34.925,-71.28305,212.0,open-meteo_ecmwf_ifs,daily,22.213501,10.1635,15.51,8.61975,3.5161827,68.529015,0.0,17.82714251371304,2.8895115222390046
2021-04-21 00:00:00+00:00,-34.925,-71.28305,212.0,open-meteo_ecmwf_ifs,daily,17.713501,12.113501,7.1,11.853085,3.8313115,81.96209,8.7,17.651764491880872,1.562588887534429
2021-04-22 00:00:00+00:00,-34.925,-71.28305,212.0,open-meteo_ecmwf_ifs,daily,18.1135,10.2135,10.51,11.426002,1.9620796,88.12708,0.0,17.47804383948234,1.5200329881018788
2021-04-23 00:00:00+00:00,-34.925,-71.28305,212.0,open-meteo_ecmwf_ifs,daily,19.713501,11.2135,9.77,10.613502,1.5301852,81.219,0.0,17.306042198731312,1.670183785032199
2021-04-24 00:00:00+00:00,-34.925,-71.28305,212.0,open-meteo_ecmwf_ifs,daily,20.0135,10.1635,14.05,9.421832,2.749877,78.250206,0.0,17.135820244434118,2.2316300426031552
2021-04-25 00:00:00+00:00,-34.925,-71.28305,212.0,open-meteo_ecmwf_ifs,daily,19.5135,7.4135003,12.71,8.926002,1.9857122,78.9418,0.0,16.967437650037677,1.7712707729036847
2021-04-26 00:00:00+00:00,-34.925,-71.28305,212.0,open-meteo_ecmwf_ifs,daily,19.7635,9.363501,12.23,9.351,2.3384345,81.56287,0.0,16.800953055528662,1.9342592780895906
2021-04-27 00:00:00+00:00,-34.925,-71.28305,212.0,open-meteo_ecmwf_ifs,daily,20.713501,8.5135,12.82,10.001001,1.5500151,81.19297,0.0,16.63642403722731,1.7476731054170003
2021-04-28 00:00:00+00:00,-34.925,-71.28305,212.0,open-meteo_ecmwf_ifs,daily,20.9135,9.7135,12.75,9.694751,1.725572,81.52334,0.0,16.47390707951492,1.8845767573715502
2021-04-29 00:00:00+00:00,-34.925,-71.28305,212.0,open-meteo_ecmwf_ifs,daily,21.0635,8.0635,13.33,9.723917,1.6937056,78.65226,0.0,16.31345754852805,1.7889990179944568
2021-04-30 00:00:00+00:00,-34.925,-71.28305,212.0,open-meteo_ecmwf_ifs,daily,19.963501,11.9135,12.3,10.365583,2.233816,77.20883,0.0,16.155129667847792,1.9904865866467618
2021-05-01 00:00:00+00:00,-34.925,-71.28305,212.0,open-meteo_ecmwf_ifs,daily,16.7635,10.9635,5.08,10.598916,1.38876,83.46717,8.0,15.998976496206643,1.0940480188936124
2021-05-02 00:00:00+00:00,-34.925,-71.28305,212.0,open-meteo_ecmwf_ifs,daily,13.863501,12.1635,1.73,12.128083,0.9163832,94.85078,13.3,15.845049907230024,0.622788329435442
2021-05-03 00:00:00+00:00,-34.925,-71.28305,212.0,open-meteo_ecmwf_ifs,daily,18.4135,11.0635,9.41,11.044753,1.179052,84.69025,0.5,15.69340057122418,1.3556860353416396
2021-05-04 00:00:00+00:00,-34.925,-71.28305,212.0,open-meteo_ecmwf_ifs,daily,19.8135,9.4635,12.78,10.594752,1.3410658,85.58904,2.6,15.544077939016184,1.5722190674381369
2021-05-05 00:00:00+00:00,-34.925,-71.28305,212.0,open-meteo_ecmwf_ifs,daily,18.8135,7.9635,13.55,9.946834,1.7217703,84.06515,0.0,15.397130227846512,1.5386287180052989
2021-05-06 00:00:00+00:00,-34.925,-71.28305,212.0,open-meteo_ecmwf_ifs,daily,19.6635,7.6635003,13.6,9.253084,1.5837446,82.48141,0.0,15.25260440930863,1.5936164816218832
2021-05-07 00:00:00+00:00,-34.925,-71.28305,212.0,open-meteo_ecmwf_ifs,daily,17.9135,7.8635,5.4,10.080167,3.1705434,85.15532,0.0,15.110546199324459,1.1896308350787257
2021-05-08 00:00:00+00:00,-34.925,-71.28305,212.0,open-meteo_ecmwf_ifs,daily,17.6135,10.5635,8.25,10.534334,1.2168742,81.56325,0.2,14.971000050138988,1.2145240490667673
2021-05-09 00:00:00+00:00,-34.925,-71.28305,212.0,open-meteo_ecmwf_ifs,daily,16.0635,9.5135,10.82,9.273918,2.891486,84.45097,0.0,14.834009144311347,1.4781997172594463
2021-05-10 00:00:00+00:00,-34.925,-71.28305,212.0,open-meteo_ecmwf_ifs,daily,17.963501,6.3135004,11.38,8.069751,1.4822688,86.02294,0.0,14.699615390674177,1.3244759600783154
2021-05-11 00:00:00+00:00,-34.925,-71.28305,212.0,open-meteo_ecmwf_ifs,daily,18.1135,5.3135004,12.54,7.109333,1.7822475,84.74836,0.0,14.567859422227428,1.4231401015156542
2021-05-12 00:00:00+00:00,-34.925,-71.28305,212.0,open-meteo_ecmwf_ifs,daily,16.6135,6.2635,11.38,6.9426665,1.9140598,83.42813,0.0,14.438780595927073,1.3730593705321397
2021-05-13 00:00:00+00:00,-34.925,-71.28305,212.0,open-meteo_ecmwf_ifs,daily,18.3635,5.6635003,8.29,7.626001,1.3473672,81.47764,0.0,14.312416994323748,1.1699438426358768
2021-05-14 00:00:00+00:00,-34.925,-71.28305,212.0,open-meteo_ecmwf_ifs,daily,15.5135,7.7135,8.73,9.082251,1.9970032,88.22186,0.0,14.188805429000956,1.0845092699662984
2021-05-15 00:00:00+00:00,-34.925,-71.28305,212.0,open-meteo_ecmwf_ifs,daily,15.6635,9.8135,7.37,9.392667,2.3549156,87.81076,0.0,14.067981445756963,1.2092806679793735
2021-05-16 00:00:00+00:00,-34.925,-71.28305,212.0,open-meteo_ecmwf_ifs,daily,17.1635,6.7135,10.83,7.2134995,2.1130319,82.15058,0.0,13.949979331469393,1.3918915634029527
2021-05-17 00:00:00+00:00,-34.925,-71.28305,212.0,open-meteo_ecmwf_ifs,daily,21.0135,6.7635,9.22,8.490584,1.3533392,82.20449,0.0,13.834832122576508,1.303896902955385
2021-05-18 00:00:00+00:00,-34.925,-71.28305,212.0,open-meteo_ecmwf_ifs,daily,16.6635,10.7135,6.33,10.401001,2.588092,86.60439,0.0,13.722571615104043,1.2125978393313803
2021-05-19 00:00:00+00:00,-34.925,-71.28305,212.0,open-meteo_ecmwf_ifs,daily,14.4635,10.4135,3.16,10.453083,2.6149256,87.97031,9.7,13.613228376161947,0.8552372613977014
2021-05-20 00:00:00+00:00,-34.925,-71.28305,212.0,open-meteo_ecmwf_ifs,daily,13.863501,10.0635,4.01,10.490584,1.0888723,92.64374,20.100002,13.506831756830527,0.7206628900646579
2021-05-21 00:00:00+00:00,-34.925,-71.28305,212.0,open-meteo_ecmwf_ifs,daily,14.7635,6.9635,10.57,7.559334,1.4979137,84.977745,2.6000004,13.4034099063514,1.0668174555710224
2021-05-22 00:00:00+00:00,-34.925,-71.28305,212.0,open-meteo_ecmwf_ifs,daily,14.4135,4.3135,11.94,5.790584,2.609718,84.25443,0.5,13.302989787534452,1.1783708840478482
2021-05-23 00:00:00+00:00,-34.925,-71.28305,212.0,open-meteo_ecmwf_ifs,daily,15.7135,4.4635,11.67,5.532251,2.8091593,82.818756,0.0,13.205597193288085,1.341012041777939
2021-05-24 00:00:00+00:00,-34.925,-71.28305,212.0,open-meteo_ecmwf_ifs,daily,15.9135,6.8135004,10.75,7.7968345,2.2838223,86.57348,0.0,13.111256764176558,1.1879443255654316
2021-05-25 00:00:00+00:00,-34.925,-71.28305,212.0,open-meteo_ecmwf_ifs,daily,16.4135,8.1135,9.35,8.86975,2.732026,88.12158,0.0,13.019992006904898,1.222238744300544
2021-05-26 00:00:00+00:00,-34.925,-71.28305,212.0,open-meteo_ecmwf_ifs,daily,17.1635,8.613501,10.54,9.605166,2.5824683,87.94473,0.0,12.931825313628998,1.2392367311387986
2021-05-27 00:00:00+00:00,-34.925,-71.28305,212.0,open-meteo_ecmwf_ifs,daily,15.0635,10.2135,4.11,11.201001,1.6478671,93.89154,0.0,12.846777981985674,0.7343444110590921
2021-05-28 00:00:00+00:00,-34.925,-71.28305,212.0,open-meteo_ecmwf_ifs,daily,15.9635,9.613501,4.34,10.540583,1.3896486,91.57272,2.7,12.764870235735605,0.8084344336862622
2021-05-29 00:00:00+00:00,-34.925,-71.28305,212.0,open-meteo_ecmwf_ifs,daily,12.0635,7.0135,5.6,7.571834,2.7657392,86.688934,0.0,12.686121245909836,0.8104502265426586
2021-05-30 00:00:00+00:00,-34.925,-71.28305,212.0,open-meteo_ecmwf_ifs,daily,15.2635,4.3635,10.27,5.38225,2.2757144,80.96629,0.0,12.610549152349344,1.148800551970733
2021-05-31 00:00:00+00:00,-34.925,-71.28305,212.0,open-meteo_ecmwf_ifs,daily,17.8635,7.7135,5.79,7.9926667,1.3030673,77.41852,0.0,12.538171085525972,1.023303674658655
2021-06-01 00:00:00+00:00,-34.925,-71.28305,212.0,open-meteo_ecmwf_ifs,daily,13.863501,11.7135,1.24,12.517667,1.3700789,96.338135,14.500001,12.469003188532643,0.49125987622008993
2021-06-02 00:00:00+00:00,-34.925,-71.28305,212.0,open-meteo_ecmwf_ifs,daily,18.3635,10.5635,8.96,12.207252,2.0113366,92.061104,0.4,12.403060639130372,1.0282035594320176
2021-06-03 00:00:00+00:00,-34.925,-71.28305,212.0,open-meteo_ecmwf_ifs,daily,18.3135,10.7635,7.68,12.242665,2.2313752,91.8131,0.0,12.340357671740199,1.0132323395091414
2021-06-04 00:00:00+00:00,-34.925,-71.28305,212.0,open-meteo_ecmwf_ifs,daily,16.0135,12.0635,5.18,11.586417,3.175537,88.34788,0.0,12.280907599268806,1.0360804496573053
2021-06-05 00:00:00+00:00,-34.925,-71.28305,212.0,open-meteo_ecmwf_ifs,daily,13.5135,7.2635,7.65,7.7905846,3.3188941,84.13483,0.0,12.224722834657896,0.9821129504635212
2021-06-06 00:00:00+00:00,-34.925,-71.28305,212.0,open-meteo_ecmwf_ifs,daily,12.863501,6.1635003,8.7,4.559334,1.7497405,75.060265,0.0,12.17181491204934,1.027084578114081
2021-06-07 00:00:00+00:00,-34.925,-71.28305,212.0,open-meteo_ecmwf_ifs,daily,19.0635,6.8135004,10.43,7.31975,1.2204992,76.39486,2.1999998,12.12219450746018,1.07232960741974
2021-06-08 00:00:00+00:00,-34.925,-71.28305,212.0,open-meteo_ecmwf_ifs,daily,19.0635,6.6635003,10.78,8.084334,1.4698161,79.78187,0.0,12.075871458864572,1.0895726537828687
2021-06-09 00:00:00+00:00,-34.925,-71.28305,212.0,open-meteo_ecmwf_ifs,daily,13.8135,7.9635,2.53,8.984334,1.827384,90.28354,17.5,12.032854785582751,0.6973521990463976
2021-06-10 00:00:00+00:00,-34.925,-71.28305,212.0,open-meteo_ecmwf_ifs,daily,15.5635,7.1635003,9.89,8.880166,2.1895432,87.32777,0.4,11.993152706881254,0.9239532216682607
2021-06-11 00:00:00+00:00,-34.925,-71.28305,212.0,open-meteo_ecmwf_ifs,daily,17.6135,5.5135,10.11,7.5364175,2.8780763,83.807175,0.0,11.956772659692389,1.203367022971058
2021-06-12 00:00:00+00:00,-34.925,-71.28305,212.0,open-meteo_ecmwf_ifs,daily,16.4135,8.3135,8.51,10.180168,1.7366682,90.34324,0.0,11.92372131536599,0.8604614516665511
2021-06-13 00:00:00+00:00,-34.925,-71.28305,212.0,open-meteo_ecmwf_ifs,daily,14.8135,7.5635004,6.09,9.740583,1.480825,92.50953,0.0,11.894004595371545,0.6919569927927522
2021-06-14 00:00:00+00:00,-34.925,-71.28305,212.0,open-meteo_ecmwf_ifs,daily,13.613501,6.3135004,7.89,7.401001,3.0068557,86.35761,0.0,11.867627685874169,0.9127122532173257
2021-06-15 00:00:00+00:00,-34.925,-71.28305,212.0,open-meteo_ecmwf_ifs,daily,15.113501,5.8135004,5.25,7.803085,1.8749309,90.323944,0.3,11.844595051114016,0.809498623542922
2021-06-16 00:00:00+00:00,-34.925,-71.28305,212.0,open-meteo_ecmwf_ifs,daily,17.463501,8.0635,9.48,8.7135,1.2068475,83.260895,2.0,11.82491044552508,0.9398393179440969
2021-06-17 00:00:00+00:00,-34.925,-71.28305,212.0,open-meteo_ecmwf_ifs,daily,16.0135,4.5135,10.29,6.9801674,1.37214,84.03119,0.0,11.808576924535723,0.8412759495134188
2021-06-18 00:00:00+00:00,-34.925,-71.28305,212.0,open-meteo_ecmwf_ifs,daily,14.863501,5.6135,7.98,8.003083,1.4023052,90.1182,0.0,11.79559685400055,0.7474947888292973
2021-06-19 00:00:00+00:00,-34.925,-71.28305,212.0,open-meteo_ecmwf_ifs,daily,13.8135,6.0635004,7.4,7.776001,1.4021487,90.69285,0.0,11.785971918220302,0.7255450784583646
2021-06-20 00:00:00+00:00,-34.925,-71.28305,212.0,open-meteo_ecmwf_ifs,daily,14.0135,7.4635,7.44,7.1801677,2.313213,85.8724,0.0,11.779703126513855,0.9905759361783101
2021-06-21 00:00:00+00:00,-34.925,-71.28305,212.0,open-meteo_ecmwf_ifs,daily,14.613501,3.6134999,5.94,5.2572503,1.5326385,81.192184,0.6,11.776790818314288,0.8374650297987153
2021-06-22 00:00:00+00:00,-34.925,-71.28305,212.0,open-meteo_ecmwf_ifs,daily,16.6635,5.9135003,8.16,6.446834,2.296654,73.85554,0.0,11.777234666768438,1.1562598714135812
2021-06-23 00:00:00+00:00,-34.925,-71.28305,212.0,open-meteo_ecmwf_ifs,daily,11.7135,9.4635,1.99,8.013499,3.9755774,83.46363,15.3,11.78103368082765,0.9464856068408954
2021-06-24 00:00:00+00:00,-34.925,-71.28305,212.0,open-meteo_ecmwf_ifs,daily,12.4635,6.5135,3.11,7.7843337,1.3854712,87.84809,4.4,11.788186205825019,0.6214559061302355
2021-06-25 00:00:00+00:00,-34.925,-71.28305,212.0,open-meteo_ecmwf_ifs,daily,10.613501,5.8635,2.03,7.515583,2.287391,89.16799,28.400002,11.798689922542676,0.49277276252519203
2021-06-26 00:00:00+00:00,-34.925,-71.28305,212.0,open-meteo_ecmwf_ifs,daily,9.2135,3.0635,9.36,3.078083,2.8429232,87.67167,0.0,11.812541844780425,0.8367752898101847
2021-06-27 00:00:00+00:00,-34.925,-71.28305,212.0,open-meteo_ecmwf_ifs,daily,9.863501,-0.28649998,10.51,0.8135,1.755047,84.207115,0.0,11.829738315444953,0.7654667591309575
2021-06-28 00:00:00+00:00,-34.925,-71.28305,212.0,open-meteo_ecmwf_ifs,daily,12.8135,-1.9365001,10.91,0.36558327,1.4432269,82.89971,0.0,11.850275001186684,0.8001095805866957
2021-06-29 00:00:00+00:00,-34.925,-71.28305,212.0,open-meteo_ecmwf_ifs,daily,17.0135,0.013500035,9.05,2.6030834,0.8935297,81.01848,0.0,11.874146885618686,0.7973207878694707
2021-06-30 00:00:00+00:00,-34.925,-71.28305,212.0,open-meteo_ecmwf_ifs,daily,11.6635,4.5135,4.45,5.34475,1.4596539,85.3228,0.0,11.901348261159628,0.707824531522411
2021-07-01 00:00:00+00:00,-34.925,-71.28305,212.0,open-meteo_ecmwf_ifs,daily,13.9635,3.6635,8.58,5.7968335,1.0602982,88.26019,0.0,11.931872719549794,0.7365450082875266
2021-07-02 00:00:00+00:00,-34.925,-71.28305,212.0,open-meteo_ecmwf_ifs,daily,12.0635,5.1135,10.44,5.676,3.6484568,85.89468,0.0,11.965713141095994,0.9940308556022001
2021-07-03 00:00:00+00:00,-34.925,-71.28305,212.0,open-meteo_ecmwf_ifs,daily,13.1635,1.0635,9.92,2.9968336,1.5838159,81.85204,0.0,12.00286168270778,0.8405120595741734
2021-07-04 00:00:00+00:00,-34.925,-71.28305,212.0,open-meteo_ecmwf_ifs,daily,15.0135,4.0135,11.22,4.6551666,1.2275034,81.30331,0.0,12.043309764793491,0.9070901088022454
2021-07-05 00:00:00+00:00,-34.925,-71.28305,212.0,open-meteo_ecmwf_ifs,daily,16.0135,2.5135,10.52,5.730167,0.78570884,88.03778,0.0,12.087048057090469,0.7637112413713761
2021-07-06 00:00:00+00:00,-34.925,-71.28305,212.0,open-meteo_ecmwf_ifs,daily,14.0135,6.1635003,8.56,6.690584,2.457841,84.17412,0.1,12.13406646350914,1.007122349926204
2021-07-07 00:00:00+00:00,-34.925,-71.28305,212.0,open-meteo_ecmwf_ifs,daily,14.4635,1.7635,9.8,4.5301666,1.5256228,81.31045,0.0,12.184354106075586,0.8476987233865491
2021-07-08 00:00:00+00:00,-34.925,-71.28305,212.0,open-meteo_ecmwf_ifs,daily,15.363501,4.2635,9.75,6.261417,1.4923874,87.50754,0.0,12.237899308061886,0.9050400470483153
2021-07-09 00:00:00+00:00,-34.925,-71.28305,212.0,open-meteo_ecmwf_ifs,daily,12.613501,3.7135,3.64,6.596834,1.5102285,92.67855,3.7,12.294689576397184,0.6149309056847869
2021-07-10 00:00:00+00:00,-34.925,-71.28305,212.0,open-meteo_ecmwf_ifs,daily,12.8135,3.9135,11.53,4.6218333,3.5966415,83.80648,0.0,12.354711583456544,1.1547214652650382
2021-07-11 00:00:00+00:00,-34.925,-71.28305,212.0,open-meteo_ecmwf_ifs,daily,11.0635,3.1134999,7.3,3.9905834,2.5012486,87.202934,0.0,12.417951148327166,0.8756487293637777
2021-07-12 00:00:00+00:00,-34.925,-71.28305,212.0,open-meteo_ecmwf_ifs,daily,12.1635,1.4635,6.17,4.3635,1.2187694,85.64982,0.0,12.484393217654542,0.6832971329704073
2021-07-13 00:00:00+00:00,-34.925,-71.28305,212.0,open-meteo_ecmwf_ifs,daily,11.4635,3.1134999,9.42,4.5655837,1.598626,90.752846,0.0,12.554021846173084,0.800457699641538
2021-07-14 00:00:00+00:00,-34.925,-71.28305,212.0,open-meteo_ecmwf_ifs,daily,8.1135,2.0135,8.24,3.3364162,1.8294239,93.62402,0.0,12.626820177027291,0.654480363801803
2021-07-15 00:00:00+00:00,-34.925,-71.28305,212.0,open-meteo_ecmwf_ifs,daily,12.113501,2.0635,10.58,3.3468332,2.6528647,87.94394,0.0,12.702770421990811,1.0232076240672336
2021-07-16 00:00:00+00:00,-34.925,-71.28305,212.0,open-meteo_ecmwf_ifs,daily,11.3135,2.9635,8.85,4.786417,2.2968066,89.84054,0.0,12.781853841691369,0.8219393701811828
2021-07-17 00:00:00+00:00,-34.925,-71.28305,212.0,open-meteo_ecmwf_ifs,daily,11.113501,0.013500035,12.4,0.7864167,3.5813007,74.087585,0.0,12.864050725949522,1.2126961288333136
2021-07-18 00:00:00+00:00,-34.925,-71.28305,212.0,open-meteo_ecmwf_ifs,daily,14.5635,0.21350002,12.03,2.4697497,2.3548448,81.85031,0.0,12.949340374339327,1.155086731359557
2021-07-19 00:00:00+00:00,-34.925,-71.28305,212.0,open-meteo_ecmwf_ifs,daily,14.113501,3.8634999,10.02,4.4239173,1.9624629,84.73139,0.0,13.037701077077958,1.112422410812816
2021-07-20 00:00:00+00:00,-34.925,-71.28305,212.0,open-meteo_ecmwf_ifs,daily,16.5635,3.9635,9.96,5.873917,2.087856,85.51483,0.0,13.129110096350264,1.1786635074017502
2021-07-21 00:00:00+00:00,-34.925,-71.28305,212.0,open-meteo_ecmwf_ifs,daily,15.9135,8.1635,8.02,9.426001,1.3227965,91.6157,0.0,13.223543648172917,0.950196852856686
2021-07-22 00:00:00+00:00,-34.925,-71.28305,212.0,open-meteo_ecmwf_ifs,daily,14.7635,6.7635,8.05,8.280168,1.1939776,91.81864,0.0,13.32097688490064,0.8946294000668867
2021-07-23 00:00:00+00:00,-34.925,-71.28305,212.0,open-meteo_ecmwf_ifs,daily,15.4135,7.6135,8.82,7.9843335,1.7307116,88.67362,0.0,13.421383878474778,1.0963710801850415
2021-07-24 00:00:00+00:00,-34.925,-71.28305,212.0,open-meteo_ecmwf_ifs,daily,11.7635,6.6135,4.01,7.309334,2.8956172,89.38022,1.0,13.524737604512032,0.7902123170054859
2021-07-25 00:00:00+00:00,-34.925,-71.28305,212.0,open-meteo_ecmwf_ifs,daily,10.2635,7.0635004,3.27,7.4760003,3.1740515,90.36576,18.9,13.631009927327966,0.6494065263651877
2021-07-26 00:00:00+00:00,-34.925,-71.28305,212.0,open-meteo_ecmwf_ifs,daily,13.2635,6.2135,12.19,6.959334,2.869008,85.13487,6.5000005,13.740171585986767,1.16714553379333
2021-07-27 00:00:00+00:00,-34.925,-71.28305,212.0,open-meteo_ecmwf_ifs,daily,10.3135,1.6135001,11.52,2.0697498,3.2797396,80.61839,0.0,13.852192181465297,1.1627574133207643
2021-07-28 00:00:00+00:00,-34.925,-71.28305,212.0,open-meteo_ecmwf_ifs,daily,16.7635,1.2635,12.93,3.5010002,1.6935161,80.68673,0.0,13.967040165015499,1.280920616568186
2021-07-29 00:00:00+00:00,-34.925,-71.28305,212.0,open-meteo_ecmwf_ifs,daily,18.213501,3.5635,13.71,4.7447505,1.0833644,74.34117,0.0,14.084682827805308,1.2831234040876347
2021-07-30 00:00:00+00:00,-34.925,-71.28305,212.0,open-meteo_ecmwf_ifs,daily,13.7135,3.6134999,11.5,7.028084,1.3408257,91.13726,0.0,14.205086291914002,0.9562564910935827
2021-07-31 00:00:00+00:00,-34.925,-71.28305,212.0,open-meteo_ecmwf_ifs,daily,14.2635,6.1635003,11.12,6.8822503,2.7469046,87.76324,0.0,14.328215502753443,1.2755141217059458
2021-08-01 00:00:00+00:00,-34.925,-71.28305,212.0,open-meteo_ecmwf_ifs,daily,16.713501,4.9635,12.38,6.698918,1.9989141,86.26114,0.0,14.454034222982079,1.3580684734195132
2021-08-02 00:00:00+00:00,-34.925,-71.28305,212.0,open-meteo_ecmwf_ifs,daily,16.6635,5.3135004,11.31,6.8968334,1.9923697,86.54059,0.0,14.582505027973776,1.337153974843049
2021-08-03 00:00:00+00:00,-34.925,-71.28305,212.0,open-meteo_ecmwf_ifs,daily,18.1635,6.3135004,11.39,7.723917,1.2861882,84.513275,0.0,14.713589302898866,1.3231079195871538
2021-08-04 00:00:00+00:00,-34.925,-71.28305,212.0,open-meteo_ecmwf_ifs,daily,15.4135,5.3135004,10.6,8.076001,1.6272968,89.850044,0.0,14.847247241469365,1.1050976989683317
2021-08-05 00:00:00+00:00,-34.925,-71.28305,212.0,open-meteo_ecmwf_ifs,daily,15.8135,7.0135,9.47,8.553084,1.2960585,87.95286,0.0,14.983437846395793,1.1301623137480157
2021-08-06 00:00:00+00:00,-34.925,-71.28305,212.0,open-meteo_ecmwf_ifs,daily,13.4635,6.3135004,8.01,8.103084,1.2706547,91.55537,0.0,15.1221189315974,0.9403179901039167
2021-08-07 00:00:00+00:00,-34.925,-71.28305,212.0,open-meteo_ecmwf_ifs,daily,14.363501,7.5635004,7.84,7.665584,2.4865606,87.06402,0.0,15.263247126202419,1.2288771869892627
2021-08-08 00:00:00+00:00,-34.925,-71.28305,212.0,open-meteo_ecmwf_ifs,daily,13.1635,4.9135003,7.55,4.8280835,2.0663826,76.09301,0.70000005,15.406777880370004,1.199444699501249
2021-08-09 00:00:00+00:00,-34.925,-71.28305,212.0,open-meteo_ecmwf_ifs,daily,13.9135,3.9635,12.63,5.594751,1.6852264,85.13016,0.0,15.552665472959733,1.269954387977042
2021-08-10 00:00:00+00:00,-34.925,-71.28305,212.0,open-meteo_ecmwf_ifs,daily,13.9635,3.3634999,12.86,5.5572505,1.8411132,84.61889,0.0,15.700863021069486,1.2709864715120243
2021-08-11 00:00:00+00:00,-34.925,-71.28305,212.0,open-meteo_ecmwf_ifs,daily,17.0135,3.6635,13.28,5.803085,1.1969526,83.66512,0.0,15.851322491457173,1.401968983522712
2021-08-12 00:00:00+00:00,-34.925,-71.28305,212.0,open-meteo_ecmwf_ifs,daily,13.4635,4.5135,8.83,6.3155837,1.3262223,88.43293,0.0,16.00399471385618,1.0635862540765009
2021-08-13 00:00:00+00:00,-34.925,-71.28305,212.0,open-meteo_ecmwf_ifs,daily,13.9135,4.9635,11.96,5.8822503,1.5397941,87.01886,0.0,16.158829396189304,1.316049613832918
2021-08-14 00:00:00+00:00,-34.925,-71.28305,212.0,open-meteo_ecmwf_ifs,daily,14.6635,4.3135,12.09,5.286417,1.6105565,84.64912,0.0,16.315775141680714,1.391104621663317
2021-08-15 00:00:00+00:00,-34.925,-71.28305,212.0,open-meteo_ecmwf_ifs,daily,11.7135,6.0635004,3.58,6.621834,2.3107917,86.018135,0.2,16.474779467859655,0.8657018922890635
2021-08-16 00:00:00+00:00,-34.925,-71.28305,212.0,open-meteo_ecmwf_ifs,daily,12.0635,9.0635,3.66,8.080167,4.5427504,86.69062,25.8,16.635788827445218,1.0957960617071734
2021-08-17 00:00:00+00:00,-34.925,-71.28305,212.0,open-meteo_ecmwf_ifs,daily,14.6635,10.613501,3.92,11.038501,2.9404907,92.381935,30.199999,16.798748631095584,0.915449703045319
2021-08-18 00:00:00+00:00,-34.925,-71.28305,212.0,open-meteo_ecmwf_ifs,daily,13.4635,11.8135,1.66,11.642667,3.7021244,93.66416,36.799995,16.963603272000416,0.6819299730410467
2021-08-19 00:00:00+00:00,-34.925,-71.28305,212.0,open-meteo_ecmwf_ifs,daily,12.863501,7.8635,8.94,8.734335,3.5411417,90.41211,21.100002,17.130296152290143,1.1224162538292672
2021-08-20 00:00:00+00:00,-34.925,-71.28305,212.0,open-meteo_ecmwf_ifs,daily,13.113501,5.4135003,6.88,6.1259995,1.402007,82.796684,2.2,17.29876971123042,1.0809196915600676
2021-08-21 00:00:00+00:00,-34.925,-71.28305,212.0,open-meteo_ecmwf_ifs,daily,13.5135,8.0635,7.54,6.676,5.1339912,79.08007,7.5,17.46896545516595,1.6969104891340172
2021-08-22 00:00:00+00:00,-34.925,-71.28305,212.0,open-meteo_ecmwf_ifs,daily,14.1635,7.3635,13.13,6.880167,1.8314971,81.58457,1.7000003,17.64082398917243,1.608014453909082
2021-08-23 00:00:00+00:00,-34.925,-71.28305,212.0,open-meteo_ecmwf_ifs,daily,13.9635,4.9635,12.25,3.9114168,2.1477873,74.17812,0.1,17.81428505037114,1.6940239119437726
2021-08-24 00:00:00+00:00,-34.925,-71.28305,212.0,open-meteo_ecmwf_ifs,daily,14.1635,3.9135,16.45,4.7447495,1.8787875,78.53923,0.0,17.989287542856157,1.7416228391250155
2021-08-25 00:00:00+00:00,-34.925,-71.28305,212.0,open-meteo_ecmwf_ifs,daily,13.4635,2.6635,14.79,2.8218334,1.7949052,73.184845,0.2,18.165769574179475,1.6737701884000962
2021-08-26 00:00:00+00:00,-34.925,-71.28305,212.0,open-meteo_ecmwf_ifs,daily,14.2135,3.6635,16.59,5.1218333,1.9647613,81.19375,0.0,18.343668493335556,1.7386005489701364
2021-08-27 00:00:00+00:00,-34.925,-71.28305,212.0,open-meteo_ecmwf_ifs,daily,14.363501,5.1635003,9.15,5.163501,1.4898282,78.66093,0.0,18.522920930182455,1.4001661276024797
2021-08-28 00:00:00+00:00,-34.925,-71.28305,212.0,open-meteo_ecmwf_ifs,daily,18.8135,8.4135,12.97,8.278084,1.6613954,80.44344,0.7,18.703462836232504,1.932604699082665
2021-08-29 00:00:00+00:00,-34.925,-71.28305,212.0,open-meteo_ecmwf_ifs,daily,20.213501,5.4635,17.14,8.346835,1.8769788,79.5094,0.0,18.885229526742453,2.129695668609458
2021-08-30 00:00:00+00:00,-34.925,-71.28305,212.0,open-meteo_ecmwf_ifs,daily,15.863501,10.863501,7.74,10.026,1.8577732,84.60946,0.4,19.068155724028465,1.4280791106422162
2021-08-31 00:00:00+00:00,-34.925,-71.28305,212.0,open-meteo_ecmwf_ifs,daily,16.8635,8.8135,15.29,8.915585,1.267258,81.03353,0.3,19.252175601928748,1.9253004532264015
2021-09-01 00:00:00+00:00,-34.925,-71.28305,212.0,open-meteo_ecmwf_ifs,daily,17.713501,5.8635,16.74,7.792668,2.1537125,83.26107,0.0,19.437222831332917,2.0557140084456624
2021-09-02 00:00:00+00:00,-34.925,-71.28305,212.0,open-meteo_ecmwf_ifs,daily,18.8635,7.5635004,16.68,9.455168,1.593048,80.808945,0.0,19.623230626694067,2.0990824363202427
2021-09-03 00:00:00+00:00,-34.925,-71.28305,212.0,open-meteo_ecmwf_ifs,daily,14.7135,10.5635,7.51,9.598918,1.6945802,83.80599,0.3,19.81013179343722,1.3570059276619844
2021-09-04 00:00:00+00:00,-34.925,-71.28305,212.0,open-meteo_ecmwf_ifs,daily,18.8135,7.9135003,17.98,8.1635,1.2561218,77.48986,0.3,19.99785877617456,2.2783547223732135
2021-09-05 00:00:00+00:00,-34.925,-71.28305,212.0,open-meteo_ecmwf_ifs,daily,18.463501,6.2635,17.09,7.426001,1.5273194,77.18861,0.0,20.18634370763596,2.18369395260113
2021-09-06 00:00:00+00:00,-34.925,-71.28305,212.0,open-meteo_ecmwf_ifs,daily,14.6635,7.9635,13.54,6.8905835,1.7501327,75.05759,0.6,20.375518458220917,1.8738852631605853
2021-09-07 00:00:00+00:00,-34.925,-71.28305,212.0,open-meteo_ecmwf_ifs,daily,14.4135,4.5635004,15.31,5.261417,1.1401418,79.67989,2.3999999,20.56531468607597,1.8107966642943436
2021-09-08 00:00:00+00:00,-34.925,-71.28305,212.0,open-meteo_ecmwf_ifs,daily,16.2635,3.9135,18.98,5.228083,2.3848307,79.778534,0.0,20.75566388760044,2.265504518184526
2021-09-09 00:00:00+00:00,-34.925,-71.28305,212.0,open-meteo_ecmwf_ifs,daily,17.8635,5.4635,17.76,6.8093333,2.3459694,79.27463,0.0,20.946497448281242,2.3238724686811887
2021-09-10 00:00:00+00:00,-34.925,-71.28305,212.0,open-meteo_ecmwf_ifs,daily,19.6135,8.0635,15.1,8.79475,1.199344,77.11349,0.0,21.137746693756917,2.156788271407077
2021-09-11 00:00:00+00:00,-34.925,-71.28305,212.0,open-meteo_ecmwf_ifs,daily,13.863501,9.6635,6.12,8.688501,4.79501,81.55346,8.0,21.329342941009887,1.5101215542772821
2021-09-12 00:00:00+00:00,-34.925,-71.28305,212.0,open-meteo_ecmwf_ifs,daily,12.5635,8.7135,7.38,8.04475,5.5284,85.88203,28.800001,21.521217549585,1.4405627736030033
2021-09-13 00:00:00+00:00,-34.925,-71.28305,212.0,open-meteo_ecmwf_ifs,daily,12.113501,7.7635,14.0,7.2947516,2.8682451,85.292114,16.9,21.71330197273277,1.7466881590557788
2021-09-14 00:00:00+00:00,-34.925,-71.28305,212.0,open-meteo_ecmwf_ifs,daily,16.3135,2.3135,21.61,4.3260007,2.990633,76.29389,0.0,21.905527808374632,2.493302921778664
2021-09-15 00:00:00+00:00,-34.925,-71.28305,212.0,open-meteo_ecmwf_ifs,daily,16.9135,2.2135,20.77,4.5551667,2.6177347,74.78692,0.0,22.097826849788717,2.4552909824924924
2021-09-16 00:00:00+00:00,-34.925,-71.28305,212.0,open-meteo_ecmwf_ifs,daily,18.7635,4.9635,20.7,7.359333,2.4229157,79.580605,0.0,22.290131135914283,2.604876220319185
2021-09-17 00:00:00+00:00,-34.925,-71.28305,212.0,open-meteo_ecmwf_ifs,daily,16.963501,8.5135,14.9,9.465584,2.2670352,86.6012,0.0,22.482373001174018,2.1024946530269624
2021-09-18 00:00:00+00:00,-34.925,-71.28305,212.0,open-meteo_ecmwf_ifs,daily,16.5635,8.0635,14.8,8.513501,2.2971613,83.94856,0.0,22.674485124714643,2.138991850488073
2021-09-19 00:00:00+00:00,-34.925,-71.28305,212.0,open-meteo_ecmwf_ifs,daily,14.613501,6.0635004,14.4,6.459335,2.9239056,80.35029,0.0,22.86640057896695,2.027609988346151
2021-09-20 00:00:00+00:00,-34.925,-71.28305,212.0,open-meteo_ecmwf_ifs,daily,17.4135,4.7635,20.78,5.7843337,3.1941595,71.16105,0.0,23.058052877428622,2.7389556249603446
2021-09-21 00:00:00+00:00,-34.925,-71.28305,212.0,open-meteo_ecmwf_ifs,daily,17.5635,4.2135,20.54,8.021832,2.8633833,84.00211,0.0,23.249376021574676,2.373960346034023
2021-09-22 00:00:00+00:00,-34.925,-71.28305,212.0,open-meteo_ecmwf_ifs,daily,17.1635,9.5135,12.4,8.259335,1.169439,76.39267,0.6,23.44030454680238,2.0170142015537733
2021-09-23 00:00:00+00:00,-34.925,-71.28305,212.0,open-meteo_ecmwf_ifs,daily,20.1635,5.9635,21.18,7.998918,2.8840654,76.91511,0.0,23.630773567320414,2.942062527226127
2021-09-24 00:00:00+00:00,-34.925,-71.28305,212.0,open-meteo_ecmwf_ifs,daily,26.213501,9.363501,21.52,11.278084,1.5291361,78.52195,0.0,23.820718819894083,3.3875434980826404
2021-09-25 00:00:00+00:00,-34.925,-71.28305,212.0,open-meteo_ecmwf_ifs,daily,16.8135,11.7635,12.39,9.886418,2.8523483,78.45652,0.70000005,24.01007670636181,2.275566642411028
2021-09-26 00:00:00+00:00,-34.925,-71.28305,212.0,open-meteo_ecmwf_ifs,daily,18.213501,8.1635,19.96,8.088501,3.530815,77.53231,0.0,24.198784334841143,2.955598590408435
2021-09-27 00:00:00+00:00,-34.925,-71.28305,212.0,open-meteo_ecmwf_ifs,daily,18.713501,5.3135004,23.07,5.9405837,3.2020366,69.263374,0.0,24.38677955954571,3.1743814211388397
2021-09-28 00:00:00+00:00,-34.925,-71.28305,212.0,open-meteo_ecmwf_ifs,daily,23.6635,5.4635,23.66,7.5614166,1.509594,68.83943,0.0,24.57400101913897,3.3465270401727305
2021-09-29 00:00:00+00:00,-34.925,-71.28305,212.0,open-meteo_ecmwf_ifs,daily,19.213501,6.8635,18.75,6.4864173,1.9241906,67.59094,0.0,24.7603881735534,2.844420162954261
2021-09-30 00:00:00+00:00,-34.925,-71.28305,212.0,open-meteo_ecmwf_ifs,daily,17.213501,7.4635,16.12,7.311417,1.450828,75.41985,0.70000005,24.94588133920904,2.3871320002321137
2021-10-01 00:00:00+00:00,-34.925,-71.28305,212.0,open-meteo_ecmwf_ifs,daily,18.7635,5.5135,23.82,6.03225,2.6078997,68.92278,0.0,25.130421722568915,3.236755945959235
2021-10-02 00:00:00+00:00,-34.925,-71.28305,212.0,open-meteo_ecmwf_ifs,daily,15.7635,6.8135004,20.74,5.0301666,3.8582275,69.81199,4.6000004,25.313951451973566,3.072772015403022
2021-10-03 00:00:00+00:00,-34.925,-71.28305,212.0,open-meteo_ecmwf_ifs,daily,17.1635,2.8634999,23.62,3.1239169,4.0486016,66.73609,0.0,25.496413607701818,3.229650405765719
2021-10-04 00:00:00+00:00,-34.925,-71.28305,212.0,open-meteo_ecmwf_ifs,daily,18.713501,5.6635003,22.48,6.4176674,2.8780015,75.44526,0.0,25.677752250209647,3.1589971260901133
2021-10-05 00:00:00+00:00,-34.925,-71.28305,212.0,open-meteo_ecmwf_ifs,daily,19.0635,4.7135,24.36,7.209334,2.3583257,74.763756,0.0,25.857912446504038,3.13466196064245
2021-10-06 00:00:00+00:00,-34.925,-71.28305,212.0,open-meteo_ecmwf_ifs,daily,21.9135,5.1135,24.73,6.5030828,2.5701878,67.5537,0.0,26.036840294614162,3.6073163561223764
2021-10-07 00:00:00+00:00,-34.925,-71.28305,212.0,open-meteo_ecmwf_ifs,daily,20.5135,8.1135,24.88,8.201,2.2622,67.45452,0.0,26.21448294612702,3.6030022313114483
2021-10-08 00:00:00+00:00,-34.925,-71.28305,212.0,open-meteo_ecmwf_ifs,daily,18.213501,9.5135,16.82,7.376,1.614191,71.719406,1.5,26.390788626760877,2.7653595750914457
2021-10-09 00:00:00+00:00,-34.925,-71.28305,212.0,open-meteo_ecmwf_ifs,daily,21.8135,8.0135,24.35,7.9135,1.9794487,69.85276,0.0,26.565706654954436,3.6783520936929683
2021-10-10 00:00:00+00:00,-34.925,-71.28305,212.0,open-meteo_ecmwf_ifs,daily,20.713501,10.7635,21.99,9.448916,2.1583273,73.37219,1.5,26.739187458456104,3.5270009329430283
2021-10-11 00:00:00+00:00,-34.925,-71.28305,212.0,open-meteo_ecmwf_ifs,daily,24.3635,8.7135,23.35,9.69475,2.2558255,73.70957,0.0,26.9111825889028,3.821232974424865
2021-10-12 00:00:00+00:00,-34.925,-71.28305,212.0,open-meteo_ecmwf_ifs,daily,19.3635,10.863501,16.26,8.623917,3.5627453,71.310646,0.1,27.08164473438362,3.210278755550115
2021-10-13 00:00:00+00:00,-34.925,-71.28305,212.0,open-meteo_ecmwf_ifs,daily,20.6635,8.9635,19.75,8.35725,2.1083605,72.14295,0.0,27.250527729989393,3.253876639377181
2021-10-14 00:00:00+00:00,-34.925,-71.28305,212.0,open-meteo_ecmwf_ifs,daily,16.5635,7.2635,24.32,4.9447494,3.2331765,65.55922,3.3999999,27.417786566354792,3.5451488075047286
2021-10-15 00:00:00+00:00,-34.925,-71.28305,212.0,open-meteo_ecmwf_ifs,daily,18.0135,4.5135,25.81,3.2614167,3.7243643,63.073086,0.0,27.58337739620524,3.7618556028308503
2021-10-16 00:00:00+00:00,-34.925,-71.28305,212.0,open-meteo_ecmwf_ifs,daily,19.8635,5.1635003,26.5,4.2468333,3.5090158,60.61064,0.0,27.74725753892668,3.9952373645244434
2021-10-17 00:00:00+00:00,-34.925,-71.28305,212.0,open-meteo_ecmwf_ifs,daily,22.1135,6.5635004,25.1,6.7280846,3.4312334,65.56233,0.0,27.909385483181456,4.044058085660257
2021-10-18 00:00:00+00:00,-34.925,-71.28305,212.0,open-meteo_ecmwf_ifs,daily,25.4135,8.3635,25.61,8.723918,2.6402683,67.3243,0.0,28.069720887599473,4.355817262494756
2021-10-19 00:00:00+00:00,-34.925,-71.28305,212.0,open-meteo_ecmwf_ifs,daily,27.7635,9.2135,25.94,11.205167,1.8852309,69.345634,0.0,28.22822457957856,4.3637363052657205
2021-10-20 00:00:00+00:00,-34.925,-71.28305,212.0,open-meteo_ecmwf_ifs,daily,22.4135,12.4135,17.99,10.019751,2.5515935,70.06092,0.0,28.38485855223376,3.5795506454338866
2021-10-21 00:00:00+00:00,-34.925,-71.28305,212.0,open-meteo_ecmwf_ifs,daily,21.7635,9.7135,21.09,9.55725,2.232467,74.26403,0.0,28.539585959539874,3.5332765622241973
2021-10-22 00:00:00+00:00,-34.925,-71.28305,212.0,open-meteo_ecmwf_ifs,daily,19.6135,9.113501,26.22,6.619751,3.4998257,63.17374,0.0,28.692371109716632,4.214370475482907
2021-10-23 00:00:00+00:00,-34.925,-71.28305,212.0,open-meteo_ecmwf_ifs,daily,21.213501,6.9135003,26.8,3.7489166,3.7596633,55.227215,0.0,28.843179456910605,4.5870447356126345
2021-10-24 00:00:00+00:00,-34.925,-71.28305,212.0,open-meteo_ecmwf_ifs,daily,25.2635,7.7635,27.57,6.071834,4.1147833,55.159683,0.0,28.99197759123235,5.128765508497473
2021-10-25 00:00:00+00:00,-34.925,-71.28305,212.0,open-meteo_ecmwf_ifs,daily,28.1135,11.0135,28.3,8.576,4.7864923,56.98856,0.0,29.1387332272115,5.960792259857247
2021-10-26 00:00:00+00:00,-34.925,-71.28305,212.0,open-meteo_ecmwf_ifs,daily,25.6635,11.0135,26.42,10.180167,2.609277,62.52127,0.0,29.283415190736715,4.696061039279439
2021-10-27 00:00:00+00:00,-34.925,-71.28305,212.0,open-meteo_ecmwf_ifs,daily,26.6135,9.9635,26.84,11.7385,1.3589207,70.83635,0.0,29.425993404550663,4.380857937889436
2021-10-28 00:00:00+00:00,-34.925,-71.28305,212.0,open-meteo_ecmwf_ifs,daily,29.7635,12.6635,28.3,8.459333,2.990757,52.85196,0.0,29.566438872374448,5.867943950450809
2021-10-29 00:00:00+00:00,-34.925,-71.28305,212.0,open-meteo_ecmwf_ifs,daily,28.3635,12.3135,27.77,9.232251,3.0175858,53.438507,0.0,29.704723661737848,5.552581259702613
2021-10-30 00:00:00+00:00,-34.925,-71.28305,212.0,open-meteo_ecmwf_ifs,daily,27.5135,11.7135,25.96,9.078084,3.3825285,54.57555,0.0,29.840820885596074,5.326628841558665
2021-10-31 00:00:00+00:00,-34.925,-71.28305,212.0,open-meteo_ecmwf_ifs,daily,25.8135,12.4135,23.17,11.305167,2.0507996,64.51021,0.0,29.974704682814647,4.312322110956045
2021-11-01 00:00:00+00:00,-34.925,-71.28305,212.0,open-meteo_ecmwf_ifs,daily,24.5635,11.113501,17.65,11.246834,1.893777,74.120415,0.0,30.106350197607522,3.4147107211323404
2021-11-02 00:00:00+00:00,-34.925,-71.28305,212.0,open-meteo_ecmwf_ifs,daily,27.1135,9.5635,28.61,9.936417,1.8418144,63.966488,0.0,30.23573355801447,4.836951872912663
2021-11-03 00:00:00+00:00,-34.925,-71.28305,212.0,open-meteo_ecmwf_ifs,daily,22.0635,10.8135,18.22,9.003084,2.0981326,66.58651,0.1,30.36283185350571,3.484702075405333
2021-11-04 00:00:00+00:00,-34.925,-71.28305,212.0,open-meteo_ecmwf_ifs,daily,22.463501,8.7135,29.52,2.6280835,5.4080243,49.74705,0.0,30.487623111802552,5.8454456083662905
2021-11-05 00:00:00+00:00,-34.925,-71.28305,212.0,open-meteo_ecmwf_ifs,daily,26.8635,7.0135,29.52,4.3364167,2.5383494,47.26179,0.0,30.61008627500373,5.236988952343848
2021-11-06 00:00:00+00:00,-34.925,-71.28305,212.0,open-meteo_ecmwf_ifs,daily,25.0635,8.4635,29.16,6.896835,2.355534,58.44853,0.0,30.730201175107446,4.940244454753783
2021-11-07 00:00:00+00:00,-34.925,-71.28305,212.0,open-meteo_ecmwf_ifs,daily,26.7635,9.113501,27.2,8.630167,2.5050862,65.773315,0.0,30.847948509018817,4.899007647589042
2021-11-08 00:00:00+00:00,-34.925,-71.28305,212.0,open-meteo_ecmwf_ifs,daily,28.713501,12.363501,29.74,8.830167,3.4156313,52.203888,0.0,30.963309813132412,6.069594955537021
2021-11-09 00:00:00+00:00,-34.925,-71.28305,212.0,open-meteo_ecmwf_ifs,daily,27.0635,13.4135,28.07,12.073916,2.2199278,62.060852,0.0,31.076267437578636,5.156484061645622
2021-11-10 00:00:00+00:00,-34.925,-71.28305,212.0,open-meteo_ecmwf_ifs,daily,24.6135,12.863501,22.98,10.676,1.4579662,67.421715,0.0,31.186804520221344,4.171629439789995
2021-11-11 00:00:00+00:00,-34.925,-71.28305,212.0,open-meteo_ecmwf_ifs,daily,26.463501,12.3135,24.84,9.521833,2.0082333,60.21135,0.0,31.29490496049282,4.751733775025538
2021-11-12 00:00:00+00:00,-34.925,-71.28305,212.0,open-meteo_ecmwf_ifs,daily,25.1135,11.1635,24.34,9.661418,2.8037755,67.6728,0.0,31.4005533931505,4.643286976298203
2021-11-13 00:00:00+00:00,-34.925,-71.28305,212.0,open-meteo_ecmwf_ifs,daily,23.4135,11.3135,25.51,5.8885007,3.1180122,53.156475,1.0,31.503735162037177,5.068846512013535
2021-11-14 00:00:00+00:00,-34.925,-71.28305,212.0,open-meteo_ecmwf_ifs,daily,25.5635,8.2635,29.68,3.280166,4.1124406,46.080276,0.0,31.604436293924373,5.91204813993292
2021-11-15 00:00:00+00:00,-34.925,-71.28305,212.0,open-meteo_ecmwf_ifs,daily,23.1635,9.363501,29.23,5.9614167,4.377745,55.237442,0.0,31.70264347251547,5.420818936974328
2021-11-16 00:00:00+00:00,-34.925,-71.28305,212.0,open-meteo_ecmwf_ifs,daily,28.1635,8.2635,31.17,3.8947506,2.914007,43.012775,0.0,31.798344012682115,5.9292276684156615
2021-11-17 00:00:00+00:00,-34.925,-71.28305,212.0,open-meteo_ecmwf_ifs,daily,29.1135,13.113501,31.14,6.8864174,2.0389988,45.45195,0.0,31.89152583500424,5.986171637597418
2021-11-18 00:00:00+00:00,-34.925,-71.28305,212.0,open-meteo_ecmwf_ifs,daily,28.6635,13.0135,30.01,9.523917,3.368515,52.80731,0.0,31.982177440680097,6.154957143082296
2021-11-19 00:00:00+00:00,-34.925,-71.28305,212.0,open-meteo_ecmwf_ifs,daily,29.213501,13.5635,30.26,10.398917,1.8360804,52.843334,0.0,32.07028788686898,5.703000739409584
2021-11-20 00:00:00+00:00,-34.925,-71.28305,212.0,open-meteo_ecmwf_ifs,daily,29.6135,12.4135,30.5,11.667667,1.857842,61.36165,0.0,32.155846762525684,5.608300122700641
2021-11-21 00:00:00+00:00,-34.925,-71.28305,212.0,open-meteo_ecmwf_ifs,daily,31.5135,13.9135,31.31,10.146833,2.0960248,52.788837,0.0,32.238844164780694,6.2168923558932825
2021-11-22 00:00:00+00:00,-34.925,-71.28305,212.0,open-meteo_ecmwf_ifs,daily,32.7135,15.0635,31.91,8.18225,3.536,42.031002,0.0,32.319270675916854,7.404299086126525
2021-11-23 00:00:00+00:00,-34.925,-71.28305,212.0,open-meteo_ecmwf_ifs,daily,28.8635,15.4635,31.08,8.865584,2.647187,44.117252,0.0,32.39711734098792,6.41507150952275
2021-11-24 00:00:00+00:00,-34.925,-71.28305,212.0,open-meteo_ecmwf_ifs,daily,24.963501,13.9635,16.55,10.580168,2.6956913,64.98856,0.0,32.47237564612044,4.001000378385297
2021-11-25 00:00:00+00:00,-34.925,-71.28305,212.0,open-meteo_ecmwf_ifs,daily,30.8635,11.8135,31.01,9.792667,2.6080303,58.1525,0.0,32.545037497536015,6.139122732817305
2021-11-26 00:00:00+00:00,-34.925,-71.28305,212.0,open-meteo_ecmwf_ifs,daily,28.8635,14.8135,31.38,9.851001,3.0680683,48.391163,0.0,32.61509520132582,6.4777207871688764
2021-11-27 00:00:00+00:00,-34.925,-71.28305,212.0,open-meteo_ecmwf_ifs,daily,24.5635,12.863501,25.37,8.265584,1.7149781,53.991535,0.2,32.68254144400576,4.741601342804752
2021-11-28 00:00:00+00:00,-34.925,-71.28305,212.0,open-meteo_ecmwf_ifs,daily,28.713501,11.9135,32.25,4.376,3.799057,44.526783,0.0,32.74736927387548,6.957072689215639
2021-11-29 00:00:00+00:00,-34.925,-71.28305,212.0,open-meteo_ecmwf_ifs,daily,28.963501,12.2135,31.83,5.1280837,2.9619808,40.029938,0.0,32.80957208320045,6.558917400533758
2021-11-30 00:00:00+00:00,-34.925,-71.28305,212.0,open-meteo_ecmwf_ifs,daily,27.2635,11.1635,30.52,8.8530855,2.6034744,58.915707,0.0,32.86914359123249,5.681268868739149
2021-12-01 00:00:00+00:00,-34.925,-71.28305,212.0,open-meteo_ecmwf_ifs,daily,26.4135,11.7135,30.22,9.6385,1.6588398,61.854496,0.0,32.92607782807963,5.301978135423642
2021-12-02 00:00:00+00:00,-34.925,-71.28305,212.0,open-meteo_ecmwf_ifs,daily,25.8135,12.1635,24.7,8.848917,2.4130523,55.95412,0.0,32.980369119432844,4.92841798823433
2021-12-03 00:00:00+00:00,-34.925,-71.28305,212.0,open-meteo_ecmwf_ifs,daily,28.8135,12.9635,29.51,9.203083,2.5582173,54.038136,0.0,33.032012072153634,5.922623674020678
2021-12-04 00:00:00+00:00,-34.925,-71.28305,212.0,open-meteo_ecmwf_ifs,daily,31.1135,13.6635,32.18,7.9301667,2.2044456,45.187744,0.0,33.081001560722996,6.475875513168674
2021-12-05 00:00:00+00:00,-34.925,-71.28305,212.0,open-meteo_ecmwf_ifs,daily,34.3135,15.363501,32.41,10.55725,1.9206165,45.87178,0.0,33.12733271454955,6.710701926416368
2021-12-06 00:00:00+00:00,-34.925,-71.28305,212.0,open-meteo_ecmwf_ifs,daily,28.3635,13.5635,30.48,11.913501,2.5257225,61.40066,0.0,33.171000906131844,5.824566631980578
2021-12-07 00:00:00+00:00,-34.925,-71.28305,212.0,open-meteo_ecmwf_ifs,daily,28.5135,13.5635,25.45,10.584334,1.9207215,61.27271,0.0,33.21200174006751,5.136552059575825
2021-12-08 00:00:00+00:00,-34.925,-71.28305,212.0,open-meteo_ecmwf_ifs,daily,30.0635,12.863501,32.16,10.09475,2.5037618,55.94203,0.0,33.2503310429,6.2907345387014315
2021-12-09 00:00:00+00:00,-34.925,-71.28305,212.0,open-meteo_ecmwf_ifs,daily,30.2635,13.2635,31.71,11.867667,2.3030727,58.07025,0.0,33.28598485379195,6.110635260787797
2021-12-10 00:00:00+00:00,-34.925,-71.28305,212.0,open-meteo_ecmwf_ifs,daily,26.963501,14.6635,21.55,12.788501,2.1234682,64.7734,0.0,33.31895941601278,4.5016435152029715
2021-12-11 00:00:00+00:00,-34.925,-71.28305,212.0,open-meteo_ecmwf_ifs,daily,20.5135,15.7635,7.79,11.700999,2.991666,69.85018,0.5,33.34925116922749,2.648645360591649
2021-12-12 00:00:00+00:00,-34.925,-71.28305,212.0,open-meteo_ecmwf_ifs,daily,22.213501,11.863501,16.95,9.090585,2.3542933,67.53455,5.2,33.376856742572684,3.624231144568364
2021-12-13 00:00:00+00:00,-34.925,-71.28305,212.0,open-meteo_ecmwf_ifs,daily,27.463501,10.1635,31.76,5.44475,2.6086395,47.598743,0.0,33.4017729485057,6.013677839058305
2021-12-14 00:00:00+00:00,-34.925,-71.28305,212.0,open-meteo_ecmwf_ifs,daily,28.3635,11.8135,32.12,7.41975,1.3437518,48.30511,0.0,33.4239967774132,5.693883350954742
2021-12-15 00:00:00+00:00,-34.925,-71.28305,212.0,open-meteo_ecmwf_ifs,daily,31.4135,12.3135,32.21,7.955168,2.151477,44.54611,0.0,33.44352539296492,6.372663918743828
2021-12-16 00:00:00+00:00,-34.925,-71.28305,212.0,open-meteo_ecmwf_ifs,daily,29.3635,12.8135,32.21,9.355166,2.3274834,52.157745,0.0,33.46035612820049,6.213365291668342
2021-12-17 00:00:00+00:00,-34.925,-71.28305,212.0,open-meteo_ecmwf_ifs,daily,29.2635,11.7135,32.49,9.609334,2.432986,58.889973,0.0,33.47448648233668,6.130404371908866
2021-12-18 00:00:00+00:00,-34.925,-71.28305,212.0,open-meteo_ecmwf_ifs,daily,32.5635,13.4635,32.65,9.076,2.2188375,49.531967,0.0,33.48591411828487,6.638849476775311
2021-12-19 00:00:00+00:00,-34.925,-71.28305,212.0,open-meteo_ecmwf_ifs,daily,34.6635,14.5635,33.0,8.559334,2.5506961,42.970932,0.0,33.494636860869136,7.217587651303133
2021-12-20 00:00:00+00:00,-34.925,-71.28305,212.0,open-meteo_ecmwf_ifs,daily,34.5635,16.1635,32.99,9.43225,2.6342957,42.586575,0.0,33.50065269573753,7.384960119794565
2021-12-21 00:00:00+00:00,-34.925,-71.28305,212.0,open-meteo_ecmwf_ifs,daily,34.2135,15.613501,33.24,8.117667,2.5370913,41.825058,0.0,33.50395976896067,7.323912448625047
2021-12-22 00:00:00+00:00,-34.925,-71.28305,212.0,open-meteo_ecmwf_ifs,daily,31.963501,15.4635,32.58,9.513499,2.3686874,42.039684,0.0,33.504556387313635,6.832931323844403
2021-12-23 00:00:00+00:00,-34.925,-71.28305,212.0,open-meteo_ecmwf_ifs,daily,29.3135,14.6635,30.45,11.109333,2.27186,56.72626,0.0,33.50244101923944,6.0628510892839955
2021-12-24 00:00:00+00:00,-34.925,-71.28305,212.0,open-meteo_ecmwf_ifs,daily,32.9635,13.7635,32.87,8.567668,2.6870677,49.986027,0.0,33.49761229649393,7.00548469653449
2021-12-25 00:00:00+00:00,-34.925,-71.28305,212.0,open-meteo_ecmwf_ifs,daily,33.9635,16.2635,32.56,7.926,2.201814,35.917637,0.0,33.49006901647439,7.070092742891708
2021-12-26 00:00:00+00:00,-34.925,-71.28305,212.0,open-meteo_ecmwf_ifs,daily,34.2635,15.863501,31.06,11.196834,1.884545,46.999435,0.0,33.47981014523612,6.558813407434582
2021-12-27 00:00:00+00:00,-34.925,-71.28305,212.0,open-meteo_ecmwf_ifs,daily,31.7635,15.863501,32.22,13.071835,1.9110631,55.6671,0.0,33.46683482120256,6.415011395182274
2021-12-28 00:00:00+00:00,-34.925,-71.28305,212.0,open-meteo_ecmwf_ifs,daily,31.4135,16.2135,30.54,13.342667,2.2928298,57.42456,0.0,33.45114235957737,6.32179778051699
2021-12-29 00:00:00+00:00,-34.925,-71.28305,212.0,open-meteo_ecmwf_ifs,daily,27.1635,15.0635,23.62,12.605167,2.6623442,63.61398,0.0,33.432732257467485,5.003485446312232
2021-12-30 00:00:00+00:00,-34.925,-71.28305,212.0,open-meteo_ecmwf_ifs,daily,31.5635,14.113501,32.43,9.903085,3.4365513,53.30545,0.0,33.41160419972831,7.051048976862941
2021-12-31 00:00:00+00:00,-34.925,-71.28305,212.0,open-meteo_ecmwf_ifs,daily,29.9135,13.7635,33.02,5.85725,3.632016,38.968616,0.0,33.38775806554299,7.295275966080087
2022-01-01 00:00:00+00:00,-34.925,-71.28305,212.0,open-meteo_ecmwf_ifs,daily,28.6635,12.9135,32.16,7.503084,3.2875175,47.610516,0.0,33.361193935749114,6.633656570533207
2022-01-02 00:00:00+00:00,-34.925,-71.28305,212.0,open-meteo_ecmwf_ifs,daily,29.713501,13.2635,31.79,9.778085,2.20694,54.866398,0.0,33.33191210092631,6.169058564046168
2022-01-03 00:00:00+00:00,-34.925,-71.28305,212.0,open-meteo_ecmwf_ifs,daily,31.9135,15.613501,31.08,12.703083,3.3235695,57.33087,0.0,33.29991307025934,6.804178962955698
2022-01-04 00:00:00+00:00,-34.925,-71.28305,212.0,open-meteo_ecmwf_ifs,daily,31.5135,15.4635,30.11,12.26975,3.4954166,58.275105,0.0,33.265197581190414,6.717867568622193
2022-01-05 00:00:00+00:00,-34.925,-71.28305,212.0,open-meteo_ecmwf_ifs,daily,33.1635,16.5635,31.6,10.817666,2.1672082,46.740005,0.0,33.22776660987516,6.751006889411338
2022-01-06 00:00:00+00:00,-34.925,-71.28305,212.0,open-meteo_ecmwf_ifs,daily,31.6135,15.0135,31.77,10.540584,1.9114145,48.46504,0.0,33.187621382455305,6.352572259998135
2022-01-07 00:00:00+00:00,-34.925,-71.28305,212.0,open-meteo_ecmwf_ifs,daily,34.9135,14.613501,32.0,11.461418,2.1518865,51.28966,0.0,33.14476338716048,6.735027712179674
2022-01-08 00:00:00+00:00,-34.925,-71.28305,212.0,open-meteo_ecmwf_ifs,daily,29.0635,16.1135,29.95,12.71975,3.300784,57.240284,0.0,33.09919438725014,6.314032386180341
2022-01-09 00:00:00+00:00,-34.925,-71.28305,212.0,open-meteo_ecmwf_ifs,daily,30.6635,16.7635,25.87,12.761418,2.4828098,60.348644,0.0,33.05091643480504,5.793769796689945
2022-01-10 00:00:00+00:00,-34.925,-71.28305,212.0,open-meteo_ecmwf_ifs,daily,31.6135,16.2635,27.42,12.905168,1.9063126,57.220486,0.0,32.999931885375155,5.775712747346858
2022-01-11 00:00:00+00:00,-34.925,-71.28305,212.0,open-meteo_ecmwf_ifs,daily,31.8635,15.9635,30.69,13.373918,1.9259707,56.73181,0.0,32.94624341348939,6.186565576302239
2022-01-12 00:00:00+00:00,-34.925,-71.28305,212.0,open-meteo_ecmwf_ifs,daily,30.8635,16.2135,30.61,13.023914,2.052354,57.294674,0.0,32.88985402902867,6.167099555130616
2022-01-13 00:00:00+00:00,-34.925,-71.28305,212.0,open-meteo_ecmwf_ifs,daily,31.8135,15.4135,26.18,12.788499,1.8415579,60.789867,0.0,32.830767094461805,5.518031606281503
2022-01-14 00:00:00+00:00,-34.925,-71.28305,212.0,open-meteo_ecmwf_ifs,daily,32.8135,15.4135,31.5,10.005168,3.1748188,48.77251,0.0,32.76898634293975,7.1145870511490505
2022-01-15 00:00:00+00:00,-34.925,-71.28305,212.0,open-meteo_ecmwf_ifs,daily,32.1135,15.9635,27.63,13.3530855,2.3962781,57.975574,0.0,32.70451589724026,5.9863520624149436
2022-01-16 00:00:00+00:00,-34.925,-71.28305,212.0,open-meteo_ecmwf_ifs,daily,27.8135,14.6635,17.97,10.994751,3.145584,61.65135,0.0,32.63736028955149,4.694528515045979
2022-01-17 00:00:00+00:00,-34.925,-71.28305,212.0,open-meteo_ecmwf_ifs,daily,22.5635,13.0635,18.49,8.163501,2.4585154,58.781353,1.4000001,32.567524482078234,4.055846810290809
2022-01-18 00:00:00+00:00,-34.925,-71.28305,212.0,open-meteo_ecmwf_ifs,daily,27.3135,11.113501,31.67,0.8530834,3.7156537,32.023525,0.0,32.49501388845132,6.830053846926019
2022-01-19 00:00:00+00:00,-34.925,-71.28305,212.0,open-meteo_ecmwf_ifs,daily,29.463501,11.1635,31.54,2.9822502,2.2286336,35.21154,0.0,32.41983439591511,6.170692662914869
2022-01-20 00:00:00+00:00,-34.925,-71.28305,212.0,open-meteo_ecmwf_ifs,daily,28.963501,11.9135,31.52,3.692667,2.5606701,38.382805,0.0,32.34199238826457,6.341230911426416
2022-01-21 00:00:00+00:00,-34.925,-71.28305,212.0,open-meteo_ecmwf_ifs,daily,30.4135,12.113501,31.36,5.2385,2.387081,41.422146,0.0,32.26149476949805,6.317460367379683
2022-01-22 00:00:00+00:00,-34.925,-71.28305,212.0,open-meteo_ecmwf_ifs,daily,28.6635,11.4635,31.04,8.480166,1.941516,56.407436,0.0,32.17834898814751,5.683956540375902
2022-01-23 00:00:00+00:00,-34.925,-71.28305,212.0,open-meteo_ecmwf_ifs,daily,30.6635,13.1635,30.3,8.505166,4.0162845,51.798386,0.0,32.09256306224339,6.845172773809292
2022-01-24 00:00:00+00:00,-34.925,-71.28305,212.0,open-meteo_ecmwf_ifs,daily,33.1635,14.3135,31.34,8.43225,3.7590415,45.678104,0.0,32.00414560486646,7.367440371100618
2022-01-25 00:00:00+00:00,-34.925,-71.28305,212.0,open-meteo_ecmwf_ifs,daily,31.6135,14.4635,30.56,10.584334,2.0427508,49.51367,0.0,31.913105850234494,6.119078134041707
2022-01-26 00:00:00+00:00,-34.925,-71.28305,212.0,open-meteo_ecmwf_ifs,daily,30.463501,13.8135,30.28,11.615584,1.8089849,57.656887,0.0,31.819453680267156,5.759701790529793
2022-01-27 00:00:00+00:00,-34.925,-71.28305,212.0,open-meteo_ecmwf_ifs,daily,29.3635,14.0135,29.82,12.521834,2.0991359,62.545925,0.0,31.72319965156801,5.654009382797795
2022-01-28 00:00:00+00:00,-34.925,-71.28305,212.0,open-meteo_ecmwf_ifs,daily,29.5635,13.5135,27.6,12.053084,1.8857399,62.748547,0.0,31.62435502275848,5.303343898123384
2022-01-29 00:00:00+00:00,-34.925,-71.28305,212.0,open-meteo_ecmwf_ifs,daily,29.213501,13.6635,28.32,11.99475,2.129536,60.474377,0.0,31.52293178209454,5.450223277067186
2022-01-30 00:00:00+00:00,-34.925,-71.28305,212.0,open-meteo_ecmwf_ifs,daily,30.3635,14.2635,28.98,11.221833,2.324845,58.156708,0.0,31.418942675292925,5.832408862460869
2022-01-31 00:00:00+00:00,-34.925,-71.28305,212.0,open-meteo_ecmwf_ifs,daily,31.8635,15.5135,29.73,8.590583,2.9650393,42.852707,0.0,31.312401233490444,6.706468724253317
2022-02-01 00:00:00+00:00,-34.925,-71.28305,212.0,open-meteo_ecmwf_ifs,daily,30.6135,13.9135,28.56,8.30725,2.62914,44.518677,0.0,31.20332180125639,6.094961132087041
2022-02-02 00:00:00+00:00,-34.925,-71.28305,212.0,open-meteo_ecmwf_ifs,daily,29.5135,14.2135,29.23,11.776,1.8857684,59.286957,0.0,31.091719564575072,5.54957377770126
2022-02-03 00:00:00+00:00,-34.925,-71.28305,212.0,open-meteo_ecmwf_ifs,daily,28.3135,13.363501,28.71,11.540585,2.2053888,61.469666,0.0,30.977610578713154,5.393234363672684
2022-02-04 00:00:00+00:00,-34.925,-71.28305,212.0,open-meteo_ecmwf_ifs,daily,30.3635,13.7635,27.28,12.478085,1.8453063,63.10758,0.2,30.861011795883552,5.275615821969506
2022-02-05 00:00:00+00:00,-34.925,-71.28305,212.0,open-meteo_ecmwf_ifs,daily,32.5635,16.5135,28.85,9.959334,2.7266104,45.794994,0.0,30.7419410926161,6.528569091849946
2022-02-06 00:00:00+00:00,-34.925,-71.28305,212.0,open-meteo_ecmwf_ifs,daily,35.2135,17.963501,29.17,8.765584,2.172993,37.18763,0.0,30.62041729674349,6.6358315383034485
2022-02-07 00:00:00+00:00,-34.925,-71.28305,212.0,open-meteo_ecmwf_ifs,daily,32.7135,15.113501,28.6,11.04475,1.9720165,50.65687,0.0,30.4964602139095,5.879707697203864
2022-02-08 00:00:00+00:00,-34.925,-71.28305,212.0,open-meteo_ecmwf_ifs,daily,35.3635,14.0635,29.11,10.009334,2.181238,51.86317,0.0,30.370090653505773,6.236273997593206
2022-02-09 00:00:00+00:00,-34.925,-71.28305,212.0,open-meteo_ecmwf_ifs,daily,32.3635,14.863501,28.18,12.253083,1.8506454,54.37758,0.0,30.241330453942968,5.64117301354461
2022-02-10 00:00:00+00:00,-34.925,-71.28305,212.0,open-meteo_ecmwf_ifs,daily,29.0135,14.7635,24.97,11.194751,2.1574008,55.02196,0.0,30.110202507161933,5.120159097561669
2022-02-11 00:00:00+00:00,-34.925,-71.28305,212.0,open-meteo_ecmwf_ifs,daily,30.7635,15.0135,28.41,6.6635003,1.9801221,43.68626,0.0,29.976730782290748,5.811202525346261
2022-02-12 00:00:00+00:00,-34.925,-71.28305,212.0,open-meteo_ecmwf_ifs,daily,34.5135,15.9635,28.52,6.036417,2.0911472,33.91451,0.0,29.840940348354273,6.279341390322314
2022-02-13 00:00:00+00:00,-34.925,-71.28305,212.0,open-meteo_ecmwf_ifs,daily,30.463501,14.7135,27.59,11.903084,2.6034925,57.730892,0.0,29.702857395943816,5.670649510029294
2022-02-14 00:00:00+00:00,-34.925,-71.28305,212.0,open-meteo_ecmwf_ifs,daily,31.1635,14.9635,27.02,12.805165,2.131265,62.589245,0.0,29.56250925775616,5.439655330861051
2022-02-15 00:00:00+00:00,-34.925,-71.28305,212.0,open-meteo_ecmwf_ifs,daily,29.1635,14.0135,27.13,12.244751,1.9457473,63.008587,0.0,29.419924427912676,5.123019443471533
2022-02-16 00:00:00+00:00,-34.925,-71.28305,212.0,open-meteo_ecmwf_ifs,daily,32.5635,13.4135,27.95,10.026,2.6075838,55.806026,0.0,29.275132579971785,5.910993445440431
2022-02-17 00:00:00+00:00,-34.925,-71.28305,212.0,open-meteo_ecmwf_ifs,daily,33.4635,15.8135,28.03,8.644752,2.3759573,42.144657,0.0,29.128164583550497,6.182187930564874
2022-02-18 00:00:00+00:00,-34.925,-71.28305,212.0,open-meteo_ecmwf_ifs,daily,32.163498,15.1635,27.94,5.5135,2.5990446,34.43916,0.0,28.979052519473395,6.267248843459943
2022-02-19 00:00:00+00:00,-34.925,-71.28305,212.0,open-meteo_ecmwf_ifs,daily,30.963501,12.2135,27.36,7.811418,2.4399178,49.77376,0.0,28.827829693371207,5.583324119177499
2022-02-20 00:00:00+00:00,-34.925,-71.28305,212.0,open-meteo_ecmwf_ifs,daily,28.463501,14.5635,23.71,10.523916,3.0468094,54.09059,0.0,28.674530647654038,5.227571065052863
2022-02-21 00:00:00+00:00,-34.925,-71.28305,212.0,open-meteo_ecmwf_ifs,daily,28.6635,14.3135,25.36,9.869751,2.2196016,54.41182,0.0,28.51919117178891,5.097772687911974
2022-02-22 00:00:00+00:00,-34.925,-71.28305,212.0,open-meteo_ecmwf_ifs,daily,27.5135,13.3135,24.85,9.265584,2.5702767,55.92505,0.0,28.36184831081458,5.007766186639235
2022-02-23 00:00:00+00:00,-34.925,-71.28305,212.0,open-meteo_ecmwf_ifs,daily,23.6635,13.2635,17.11,11.009334,2.9807756,68.892525,19.699999,28.20254037203193,3.7005209535110937
2022-02-24 00:00:00+00:00,-34.925,-71.28305,212.0,open-meteo_ecmwf_ifs,daily,26.963501,11.9635,25.66,11.492668,1.6670766,69.42055,0.90000004,28.0413069298122,4.429822599764511
2022-02-25 00:00:00+00:00,-34.925,-71.28305,212.0,open-meteo_ecmwf_ifs,daily,29.5135,12.5135,26.03,11.319751,2.0519698,62.51621,0.0,27.87818882847063,4.871204946029812
2022-02-26 00:00:00+00:00,-34.925,-71.28305,212.0,open-meteo_ecmwf_ifs,daily,28.1135,12.4635,25.8,10.40725,2.5274293,60.65765,0.0,27.71322818315797,4.9225252913765924
2022-02-27 00:00:00+00:00,-34.925,-71.28305,212.0,open-meteo_ecmwf_ifs,daily,27.213501,13.4135,25.88,8.353085,4.1009903,53.831394,0.0,27.54646837872801,5.694765377209927
2022-02-28 00:00:00+00:00,-34.925,-71.28305,212.0,open-meteo_ecmwf_ifs,daily,28.6135,11.2635,26.58,4.698916,5.1948624,43.64555,0.0,27.377954066544238,6.498739728529372
2022-03-01 00:00:00+00:00,-34.925,-71.28305,212.0,open-meteo_ecmwf_ifs,daily,29.9135,11.113501,25.5,5.0885005,4.3842463,42.448246,0.0,27.20773115919487,6.1891517454991
2022-03-02 00:00:00+00:00,-34.925,-71.28305,212.0,open-meteo_ecmwf_ifs,daily,32.3135,14.7635,24.7,10.680167,3.3356295,50.49283,0.0,27.035846823090893,5.82217170008013
2022-03-03 00:00:00+00:00,-34.925,-71.28305,212.0,open-meteo_ecmwf_ifs,daily,30.1635,14.9135,24.43,12.426,3.0732176,58.76408,0.0,26.86234946892798,5.237843214149164
2022-03-04 00:00:00+00:00,-34.925,-71.28305,212.0,open-meteo_ecmwf_ifs,daily,29.4135,15.2635,23.8,12.696835,2.258423,60.956562,0.0,26.68728873999868,4.77614848798119
2022-03-05 00:00:00+00:00,-34.925,-71.28305,212.0,open-meteo_ecmwf_ifs,daily,29.1635,13.5135,24.84,5.9614167,2.9715166,40.447834,0.0,26.510715498347672,5.503122814869996
2022-03-06 00:00:00+00:00,-34.925,-71.28305,212.0,open-meteo_ecmwf_ifs,daily,23.2635,13.8135,13.19,6.2968345,2.1681352,47.530518,0.0,26.33268180876873,3.4534321715157668
2022-03-07 00:00:00+00:00,-34.925,-71.28305,212.0,open-meteo_ecmwf_ifs,daily,29.963501,11.863501,25.14,7.9260006,2.599664,58.574326,0.0,26.153240920648088,5.082684988665045
2022-03-08 00:00:00+00:00,-34.925,-71.28305,212.0,open-meteo_ecmwf_ifs,daily,27.0135,11.613501,24.2,8.967668,1.923021,54.340866,0.0,25.972447247665215,4.31960475730694
2022-03-09 00:00:00+00:00,-34.925,-71.28305,212.0,open-meteo_ecmwf_ifs,daily,27.4135,12.613501,22.96,9.51975,3.457694,59.768356,0.0,25.790356345367517,4.855096111633646
2022-03-10 00:00:00+00:00,-34.925,-71.28305,212.0,open-meteo_ecmwf_ifs,daily,29.0135,10.4635,24.11,5.519749,3.7835772,45.19341,0.0,25.607024886642158,5.435230251419557
2022-03-11 00:00:00+00:00,-34.925,-71.28305,212.0,open-meteo_ecmwf_ifs,daily,31.8135,11.363501,23.73,9.15725,2.167345,52.33077,0.0,25.422510635113486,4.715114361640629
2022-03-12 00:00:00+00:00,-34.925,-71.28305,212.0,open-meteo_ecmwf_ifs,daily,30.0635,12.863501,23.14,11.230167,1.8329712,59.747143,0.0,25.236872416500873,4.349758927052652
2022-03-13 00:00:00+00:00,-34.925,-71.28305,212.0,open-meteo_ecmwf_ifs,daily,32.3135,12.9135,23.1,12.055167,1.5839701,61.07428,0.0,25.050170087977033,4.352420503239664
2022-03-14 00:00:00+00:00,-34.925,-71.28305,212.0,open-meteo_ecmwf_ifs,daily,31.4135,14.5635,23.05,12.142667,1.6626047,58.50436,0.0,24.862464505572927,4.424279509930785
2022-03-15 00:00:00+00:00,-34.925,-71.28305,212.0,open-meteo_ecmwf_ifs,daily,30.0635,13.4135,22.63,12.123918,2.0038102,60.332226,0.0,24.673817489680562,4.318918297919945
2022-03-16 00:00:00+00:00,-34.925,-71.28305,212.0,open-meteo_ecmwf_ifs,daily,27.1135,14.1635,19.8,13.282249,1.5956855,69.93185,0.0,24.484291788710195,3.601783112555364
2022-03-17 00:00:00+00:00,-34.925,-71.28305,212.0,open-meteo_ecmwf_ifs,daily,26.963501,13.2635,19.08,10.165584,2.2721517,61.680683,0.0,24.293951040963922,3.8989190391956674
2022-03-18 00:00:00+00:00,-34.925,-71.28305,212.0,open-meteo_ecmwf_ifs,daily,28.6635,11.5135,22.7,4.9780836,3.0143058,41.556812,0.0,24.102859734792137,4.9457245725511205
2022-03-19 00:00:00+00:00,-34.925,-71.28305,212.0,open-meteo_ecmwf_ifs,daily,31.6135,15.113501,20.16,0.26975,2.2534797,26.518755,0.0,23.911083167104355,4.941113903951585
2022-03-20 00:00:00+00:00,-34.925,-71.28305,212.0,open-meteo_ecmwf_ifs,daily,27.8135,15.5135,16.41,2.7155836,1.9214149,31.394638,0.0,23.718687400310245,4.067382407296292
2022-03-21 00:00:00+00:00,-34.925,-71.28305,212.0,open-meteo_ecmwf_ifs,daily,25.4135,9.2635,21.39,7.1801667,2.2266562,55.487812,0.0,23.525739217770997,3.751936546622763
2022-03-22 00:00:00+00:00,-34.925,-71.28305,212.0,open-meteo_ecmwf_ifs,daily,27.213501,10.8135,21.62,7.1030846,3.1030054,52.84897,0.0,23.332306077845146,4.437107656295331
2022-03-23 00:00:00+00:00,-34.925,-71.28305,212.0,open-meteo_ecmwf_ifs,daily,20.0135,10.2135,12.96,7.2572503,2.2355647,62.417194,0.6,23.13845606661681,2.650955417773513
2022-03-24 00:00:00+00:00,-34.925,-71.28305,212.0,open-meteo_ecmwf_ifs,daily,25.0635,7.4135003,21.86,1.2635001,4.8295326,41.518944,0.0,22.944257849397633,5.0243090606549945
2022-03-25 00:00:00+00:00,-34.925,-71.28305,212.0,open-meteo_ecmwf_ifs,daily,31.2635,8.5635,19.97,7.2905846,2.1538668,58.50002,0.0,22.749780621097024,3.95644450175855
2022-03-26 00:00:00+00:00,-34.925,-71.28305,212.0,open-meteo_ecmwf_ifs,daily,24.1635,10.9635,19.37,9.426,2.6034498,66.17301,0.0,22.5550940555583,3.486299650120107
2022-03-27 00:00:00+00:00,-34.925,-71.28305,212.0,open-meteo_ecmwf_ifs,daily,25.963501,10.5135,18.53,8.378084,2.9667962,65.50955,0.0,22.36026825396073,3.771817536813397
2022-03-28 00:00:00+00:00,-34.925,-71.28305,212.0,open-meteo_ecmwf_ifs,daily,25.1635,9.613501,20.44,6.9135003,2.5721807,55.13976,0.0,22.165373692390077,3.7222645144828457
2022-03-29 00:00:00+00:00,-34.925,-71.28305,212.0,open-meteo_ecmwf_ifs,daily,22.463501,10.6635,19.49,6.053083,4.9177003,57.8428,0.0,21.970481168682117,4.300210809489455
2022-03-30 00:00:00+00:00,-34.925,-71.28305,212.0,open-meteo_ecmwf_ifs,daily,24.1135,5.9635,20.75,-1.1656667,4.140449,39.975677,0.0,21.775661748645387,4.537282419167369
2022-03-31 00:00:00+00:00,-34.925,-71.28305,212.0,open-meteo_ecmwf_ifs,daily,26.5135,7.3135004,20.42,2.4176667,2.7176049,46.202732,0.0,21.580986711770898,3.9649160180942085
2022-04-01 00:00:00+00:00,-34.925,-71.28305,212.0,open-meteo_ecmwf_ifs,daily,26.1635,8.2635,19.18,4.834334,2.3317955,51.491352,0.0,21.38652749653765,3.5778603025258047
2022-04-02 00:00:00+00:00,-34.925,-71.28305,212.0,open-meteo_ecmwf_ifs,daily,26.1635,10.0635,18.27,8.205168,2.2286036,59.83716,0.0,21.192355645423493,3.369379990122666
2022-04-03 00:00:00+00:00,-34.925,-71.28305,212.0,open-meteo_ecmwf_ifs,daily,22.8635,12.613501,19.13,6.5072517,3.729889,56.41438,0.1,20.998542749731588,4.081514655550925
2022-04-04 00:00:00+00:00,-34.925,-71.28305,212.0,open-meteo_ecmwf_ifs,daily,25.0135,6.7135,19.22,2.7614167,3.2739832,47.84152,0.0,20.80516039434282,3.852154525184986
2022-04-05 00:00:00+00:00,-34.925,-71.28305,212.0,open-meteo_ecmwf_ifs,daily,28.3135,7.7635,18.17,5.7468333,2.1251998,54.53095,0.0,20.61228010250435,3.4074164955172876
2022-04-06 00:00:00+00:00,-34.925,-71.28305,212.0,open-meteo_ecmwf_ifs,daily,26.6135,10.863501,18.17,8.821834,2.205968,60.864735,0.0,20.419973280764243,3.3433821575024405
2022-04-07 00:00:00+00:00,-34.925,-71.28305,212.0,open-meteo_ecmwf_ifs,daily,27.1635,10.5135,18.29,8.240584,2.4942772,56.897354,0.0,20.228311164161315,3.5181106705414984
2022-04-08 00:00:00+00:00,-34.925,-71.28305,212.0,open-meteo_ecmwf_ifs,daily,26.0135,11.5135,16.79,10.43225,2.442833,65.63002,0.0,20.03736476177837,3.167492989881896
2022-04-09 00:00:00+00:00,-34.925,-71.28305,212.0,open-meteo_ecmwf_ifs,daily,22.9135,10.4635,15.93,9.209334,1.5415486,68.420235,0.0,19.84720480276574,2.5465788513097776
2022-04-10 00:00:00+00:00,-34.925,-71.28305,212.0,open-meteo_ecmwf_ifs,daily,20.3135,9.863501,11.07,9.165584,1.8394727,74.01539,0.2,19.65790168294052,2.039577193844644
2022-04-11 00:00:00+00:00,-34.925,-71.28305,212.0,open-meteo_ecmwf_ifs,daily,21.3635,7.2135,16.69,4.7676663,2.9938552,61.698883,0.0,19.469525412064915,2.99609848075445
2022-04-12 00:00:00+00:00,-34.925,-71.28305,212.0,open-meteo_ecmwf_ifs,daily,22.0135,8.5635,13.38,2.0155833,4.0407205,46.699833,0.0,19.2821455619053,3.7003652916757033
2022-04-13 00:00:00+00:00,-34.925,-71.28305,212.0,open-meteo_ecmwf_ifs,daily,24.2635,5.4635,17.3,3.0968325,3.1341183,54.730305,0.0,19.09583121517087,3.311765423903905
2022-04-14 00:00:00+00:00,-34.925,-71.28305,212.0,open-meteo_ecmwf_ifs,daily,24.1635,8.9135,17.27,5.5676675,2.0313838,53.59709,0.0,18.91065091542852,2.930582679413736
2022-04-15 00:00:00+00:00,-34.925,-71.28305,212.0,open-meteo_ecmwf_ifs,daily,20.963501,11.5635,14.52,8.728084,1.4902201,69.48075,0.0,18.726672618087445,2.308335188112482
2022-04-16 00:00:00+00:00,-34.925,-71.28305,212.0,open-meteo_ecmwf_ifs,daily,23.0635,9.4135,13.86,8.21975,1.8892145,71.818985,0.0,18.54396364254405,2.416639291999939
2022-04-17 00:00:00+00:00,-34.925,-71.28305,212.0,open-meteo_ecmwf_ifs,daily,22.963501,7.6635003,15.9,8.190583,1.4315767,69.51848,0.0,18.36259062557438,2.2575377364837266
2022-04-18 00:00:00+00:00,-34.925,-71.28305,212.0,open-meteo_ecmwf_ifs,daily,21.8635,8.3135,14.27,8.915584,1.9057946,76.239174,0.0,18.18261947605774,2.193098826360394
2022-04-19 00:00:00+00:00,-34.925,-71.28305,212.0,open-meteo_ecmwf_ifs,daily,21.7635,10.2135,12.22,9.859334,2.0238552,74.77294,0.0,18.004115331111496,2.136518106538964
2022-04-20 00:00:00+00:00,-34.925,-71.28305,212.0,open-meteo_ecmwf_ifs,daily,20.6135,12.0135,14.88,10.601002,2.809574,75.10038,1.5,17.82714251371304,2.450011620049442
2022-04-21 00:00:00+00:00,-34.925,-71.28305,212.0,open-meteo_ecmwf_ifs,daily,14.5635,8.1135,4.53,5.2239175,2.2991326,67.40702,0.4,17.651764491880872,1.5057199486023805
2022-04-22 00:00:00+00:00,-34.925,-71.28305,212.0,open-meteo_ecmwf_ifs,daily,15.0135,10.3135,2.49,10.103085,1.903234,88.60297,19.3,17.47804383948234,0.9289584460262686
2022-04-23 00:00:00+00:00,-34.925,-71.28305,212.0,open-meteo_ecmwf_ifs,daily,16.4635,8.6635,5.13,10.555168,1.1350014,90.10046,0.1,17.306042198731312,0.9664834001956017
2022-04-24 00:00:00+00:00,-34.925,-71.28305,212.0,open-meteo_ecmwf_ifs,daily,17.213501,11.9135,7.29,12.263501,4.1542144,87.99558,4.6,17.135820244434118,1.3866805982527037
2022-04-25 00:00:00+00:00,-34.925,-71.28305,212.0,open-meteo_ecmwf_ifs,daily,15.363501,12.613501,3.64,12.78225,3.2864769,92.89175,43.100002,16.967437650037677,0.8659212645812628
2022-04-26 00:00:00+00:00,-34.925,-71.28305,212.0,open-meteo_ecmwf_ifs,daily,14.613501,10.4635,3.15,11.640584,5.228057,90.73756,28.399998,16.800953055528662,0.7394196582402037
2022-04-27 00:00:00+00:00,-34.925,-71.28305,212.0,open-meteo_ecmwf_ifs,daily,16.6635,6.2135,12.24,6.8260007,1.7339064,81.001144,0.5,16.63642403722731,1.572860579737696
2022-04-28 00:00:00+00:00,-34.925,-71.28305,212.0,open-meteo_ecmwf_ifs,daily,16.5635,6.5135,14.2,6.8780847,3.2886894,80.47764,0.0,16.47390707951492,1.878973011546998
2022-04-29 00:00:00+00:00,-34.925,-71.28305,212.0,open-meteo_ecmwf_ifs,daily,16.1135,4.8635,12.26,5.059334,3.1011674,76.40312,0.0,16.31345754852805,1.7980422595245458
2022-04-30 00:00:00+00:00,-34.925,-71.28305,212.0,open-meteo_ecmwf_ifs,daily,15.5635,6.5135,10.85,6.667667,2.3191469,83.052246,0.0,16.155129667847792,1.519219128790616
2022-05-01 00:00:00+00:00,-34.925,-71.28305,212.0,open-meteo_ecmwf_ifs,daily,14.363501,6.9635,10.32,7.2364173,2.6469223,85.80776,0.0,15.998976496206643,1.390596131198018
2022-05-02 00:00:00+00:00,-34.925,-71.28305,212.0,open-meteo_ecmwf_ifs,daily,15.4635,7.4135003,10.4,7.9405837,2.6774938,87.45591,0.0,15.845049907230024,1.4361480727336156
2022-05-03 00:00:00+00:00,-34.925,-71.28305,212.0,open-meteo_ecmwf_ifs,daily,17.3635,8.5635,9.92,8.703084,2.3273127,85.14993,0.0,15.69340057122418,1.536744999244001
2022-05-04 00:00:00+00:00,-34.925,-71.28305,212.0,open-meteo_ecmwf_ifs,daily,20.3635,9.7635,9.9,11.05725,1.6487255,87.28202,0.0,15.544077939016184,1.4906913750815574
2022-05-05 00:00:00+00:00,-34.925,-71.28305,212.0,open-meteo_ecmwf_ifs,daily,17.5635,10.7635,7.04,11.373917,1.3218558,88.98602,0.0,15.397130227846512,1.1362123563338662
2022-05-06 00:00:00+00:00,-34.925,-71.28305,212.0,open-meteo_ecmwf_ifs,daily,18.3635,10.3135,11.02,10.873917,2.7709274,86.89282,0.0,15.25260440930863,1.5830773480033393
2022-05-07 00:00:00+00:00,-34.925,-71.28305,212.0,open-meteo_ecmwf_ifs,daily,15.2635,9.5135,7.88,9.996833,2.0209608,87.559,0.0,15.110546199324459,1.122922933175737
2022-05-08 00:00:00+00:00,-34.925,-71.28305,212.0,open-meteo_ecmwf_ifs,daily,16.2635,6.9635,7.88,8.878084,1.4040328,86.402435,0.0,14.971000050138988,1.0681620783758186
2022-05-09 00:00:00+00:00,-34.925,-71.28305,212.0,open-meteo_ecmwf_ifs,daily,16.5635,7.5135,8.66,9.696834,2.0852263,89.4605,0.0,14.834009144311347,1.1253853470183512
2022-05-10 00:00:00+00:00,-34.925,-71.28305,212.0,open-meteo_ecmwf_ifs,daily,17.3135,10.9635,8.67,11.255166,2.2106078,88.997925,0.0,14.699615390674177,1.2837282488188995
2022-05-11 00:00:00+00:00,-34.925,-71.28305,212.0,open-meteo_ecmwf_ifs,daily,17.8135,10.4635,6.88,10.859334,1.322043,87.07242,0.0,14.567859422227428,1.1211655866597663
2022-05-12 00:00:00+00:00,-34.925,-71.28305,212.0,open-meteo_ecmwf_ifs,daily,15.0635,10.0135,3.12,10.373918,1.0879054,86.060394,7.2,14.438780595927073,0.7796171706148489
2022-05-13 00:00:00+00:00,-34.925,-71.28305,212.0,open-meteo_ecmwf_ifs,daily,15.9635,8.2135,9.59,9.24475,2.6655095,88.71836,0.0,14.312416994323748,1.2390731027953343
2022-05-14 00:00:00+00:00,-34.925,-71.28305,212.0,open-meteo_ecmwf_ifs,daily,13.2635,7.3135004,4.49,7.1093335,2.4325683,83.1939,0.0,14.188805429000956,1.0182416812535557
2022-05-15 00:00:00+00:00,-34.925,-71.28305,212.0,open-meteo_ecmwf_ifs,daily,19.8135,4.0635,11.58,6.296833,1.3054224,81.512184,0.0,14.067981445756963,1.311371170602473
2022-05-16 00:00:00+00:00,-34.925,-71.28305,212.0,open-meteo_ecmwf_ifs,daily,17.6135,5.2135,10.36,8.192668,1.2493236,86.315636,0.0,13.949979331469393,1.0966063659645093
2022-05-17 00:00:00+00:00,-34.925,-71.28305,212.0,open-meteo_ecmwf_ifs,daily,16.4135,6.6135,9.81,7.821834,0.8714737,87.39511,0.0,13.834832122576508,1.0387037707220197
2022-05-18 00:00:00+00:00,-34.925,-71.28305,212.0,open-meteo_ecmwf_ifs,daily,16.0135,6.9135003,8.29,7.8280835,1.140412,85.18598,0.0,13.722571615104043,1.0207819655368382
2022-05-19 00:00:00+00:00,-34.925,-71.28305,212.0,open-meteo_ecmwf_ifs,daily,16.4135,7.5635004,8.01,8.138501,2.4287965,82.73554,0.0,13.613228376161947,1.2428568682637056
2022-05-20 00:00:00+00:00,-34.925,-71.28305,212.0,open-meteo_ecmwf_ifs,daily,14.613501,10.5135,3.75,9.428084,2.3583913,82.301186,21.400002,13.506831756830527,1.0298936696895422
2022-05-21 00:00:00+00:00,-34.925,-71.28305,212.0,open-meteo_ecmwf_ifs,daily,16.2135,5.5635004,10.76,7.769751,2.2439535,86.55817,0.0,13.4034099063514,1.1405069561586192
2022-05-22 00:00:00+00:00,-34.925,-71.28305,212.0,open-meteo_ecmwf_ifs,daily,11.6635,8.0135,1.81,7.2635,1.4167684,84.55831,0.5,13.302989787534452,0.7256977579168052
2022-05-23 00:00:00+00:00,-34.925,-71.28305,212.0,open-meteo_ecmwf_ifs,daily,11.9135,9.3135,1.41,8.592668,1.6492071,88.96908,30.6,13.205597193288085,0.6906986687804009
2022-05-24 00:00:00+00:00,-34.925,-71.28305,212.0,open-meteo_ecmwf_ifs,daily,18.463501,8.5635,7.77,10.246835,1.5989857,86.15317,17.900002,13.111256764176558,1.0739728034459048
2022-05-25 00:00:00+00:00,-34.925,-71.28305,212.0,open-meteo_ecmwf_ifs,daily,14.2135,8.5135,7.37,9.428084,2.7370312,89.42875,0.3,13.019992006904898,0.9215949829277279
2022-05-26 00:00:00+00:00,-34.925,-71.28305,212.0,open-meteo_ecmwf_ifs,daily,12.5635,5.6635003,6.88,6.380167,2.1071754,88.2948,0.0,12.931825313628998,0.8920768910764435
2022-05-27 00:00:00+00:00,-34.925,-71.28305,212.0,open-meteo_ecmwf_ifs,daily,11.1635,4.8135004,4.64,5.3197503,1.6555248,88.667885,0.0,12.846777981985674,0.7645890329222597
2022-05-28 00:00:00+00:00,-34.925,-71.28305,212.0,open-meteo_ecmwf_ifs,daily,9.0635,3.8634999,7.95,4.826,2.1580307,91.85125,4.0,12.764870235735605,0.6994747584130361
2022-05-29 00:00:00+00:00,-34.925,-71.28305,212.0,open-meteo_ecmwf_ifs,daily,8.863501,0.9135001,8.62,2.1301668,2.4866743,89.8388,0.0,12.686121245909836,0.7948926259913441
2022-05-30 00:00:00+00:00,-34.925,-71.28305,212.0,open-meteo_ecmwf_ifs,daily,8.613501,0.11350003,8.29,1.5280834,1.9026588,90.73777,0.0,12.610549152349344,0.7352801272056193
2022-05-31 00:00:00+00:00,-34.925,-71.28305,212.0,open-meteo_ecmwf_ifs,daily,8.2635,1.0135,7.95,1.21975,1.3019149,87.98416,0.0,12.538171085525972,0.718791597210746
2022-06-01 00:00:00+00:00,-34.925,-71.28305,212.0,open-meteo_ecmwf_ifs,daily,11.4635,-0.88649994,9.94,0.33850002,1.1797775,81.12493,0.0,12.469003188532643,0.8047084812204375
2022-06-02 00:00:00+00:00,-34.925,-71.28305,212.0,open-meteo_ecmwf_ifs,daily,14.363501,2.4135,8.47,3.55725,2.1005034,76.58118,0.2,12.403060639130372,1.060060698696653
2022-06-03 00:00:00+00:00,-34.925,-71.28305,212.0,open-meteo_ecmwf_ifs,daily,11.0135,7.4635,1.17,7.230168,2.0714872,88.63441,16.6,12.340357671740199,0.6783610275105442
2022-06-04 00:00:00+00:00,-34.925,-71.28305,212.0,open-meteo_ecmwf_ifs,daily,12.4135,10.4635,2.15,8.88225,2.4517503,83.88949,8.8,12.280907599268806,0.8508665352636918
2022-06-05 00:00:00+00:00,-34.925,-71.28305,212.0,open-meteo_ecmwf_ifs,daily,15.0135,9.4635,3.48,9.382251,1.3921951,87.777626,3.3,12.224722834657896,0.8085032358478582
2022-06-06 00:00:00+00:00,-34.925,-71.28305,212.0,open-meteo_ecmwf_ifs,daily,16.1135,4.8635,10.08,7.5114174,1.3268341,85.84357,0.0,12.17181491204934,0.8657087694691094
2022-06-07 00:00:00+00:00,-34.925,-71.28305,212.0,open-meteo_ecmwf_ifs,daily,15.113501,8.0135,8.6,9.123918,1.7747006,91.81954,0.0,12.12219450746018,0.881840303473112
2022-06-08 00:00:00+00:00,-34.925,-71.28305,212.0,open-meteo_ecmwf_ifs,daily,14.113501,5.7135,5.81,8.084333,1.0882534,91.44425,0.0,12.075871458864572,0.6769210718602533
2022-06-09 00:00:00+00:00,-34.925,-71.28305,212.0,open-meteo_ecmwf_ifs,daily,14.5635,7.3635,9.32,8.561418,2.8427067,90.2707,0.0,12.032854785582751,0.9456523705215162
2022-06-10 00:00:00+00:00,-34.925,-71.28305,212.0,open-meteo_ecmwf_ifs,daily,13.363501,4.2635,7.9,6.134334,2.122229,86.84204,0.0,11.993152706881254,0.8249030456938654
2022-06-11 00:00:00+00:00,-34.925,-71.28305,212.0,open-meteo_ecmwf_ifs,daily,17.8135,2.2635,10.58,5.8864174,1.1153919,82.183174,0.0,11.956772659692389,0.85304069938614
2022-06-12 00:00:00+00:00,-34.925,-71.28305,212.0,open-meteo_ecmwf_ifs,daily,14.2635,6.7635,6.24,8.215584,0.9946739,90.93891,0.0,11.92372131536599,0.7090075261041031
2022-06-13 00:00:00+00:00,-34.925,-71.28305,212.0,open-meteo_ecmwf_ifs,daily,12.8135,7.6635003,5.12,7.190584,1.0878962,86.92486,0.0,11.894004595371545,0.7423101871407722
2022-06-14 00:00:00+00:00,-34.925,-71.28305,212.0,open-meteo_ecmwf_ifs,daily,14.6635,3.9135,6.3,5.8385005,1.7577718,88.28882,0.2,11.867627685874169,0.8511608807351929
2022-06-15 00:00:00+00:00,-34.925,-71.28305,212.0,open-meteo_ecmwf_ifs,daily,14.3135,4.0135,9.14,6.6593337,1.2453741,90.0527,0.0,11.844595051114016,0.7366263993944326
2022-06-16 00:00:00+00:00,-34.925,-71.28305,212.0,open-meteo_ecmwf_ifs,daily,12.7635,5.2135,7.93,6.8926673,1.5994276,91.85671,0.3,11.82491044552508,0.7174728024604092
2022-06-17 00:00:00+00:00,-34.925,-71.28305,212.0,open-meteo_ecmwf_ifs,daily,12.4635,3.7135,9.47,5.1885004,2.1193187,89.8988,0.0,11.808576924535723,0.8198586643436501
2022-06-18 00:00:00+00:00,-34.925,-71.28305,212.0,open-meteo_ecmwf_ifs,daily,11.113501,6.6135,6.33,6.426,2.4343872,90.109276,0.0,11.79559685400055,0.7950243650770051
2022-06-19 00:00:00+00:00,-34.925,-71.28305,212.0,open-meteo_ecmwf_ifs,daily,11.0635,5.6635003,4.01,6.3697495,1.4557885,91.871605,0.0,11.785971918220302,0.6396502916784389
2022-06-20 00:00:00+00:00,-34.925,-71.28305,212.0,open-meteo_ecmwf_ifs,daily,12.9635,5.3635,5.92,6.219751,1.1980039,90.44015,0.0,11.779703126513855,0.723703240930083
2022-06-21 00:00:00+00:00,-34.925,-71.28305,212.0,open-meteo_ecmwf_ifs,daily,14.7135,5.5635004,6.61,6.071834,1.5364819,83.66774,0.1,11.776790818314288,0.8891734135429247
2022-06-22 00:00:00+00:00,-34.925,-71.28305,212.0,open-meteo_ecmwf_ifs,daily,12.863501,5.7135,4.17,6.5989175,1.4621679,88.1933,3.4999998,11.777234666768438,0.7234996084347916
2022-06-23 00:00:00+00:00,-34.925,-71.28305,212.0,open-meteo_ecmwf_ifs,daily,13.113501,8.2135,3.65,7.1030827,3.6644192,82.36234,23.0,11.78103368082765,1.1291037017903383
2022-06-24 00:00:00+00:00,-34.925,-71.28305,212.0,open-meteo_ecmwf_ifs,daily,13.3135,6.0135,5.19,6.7447505,1.0575112,81.10908,5.799999,11.788186205825019,0.7101631807217383
2022-06-25 00:00:00+00:00,-34.925,-71.28305,212.0,open-meteo_ecmwf_ifs,daily,15.4135,6.8135004,9.64,7.7551656,1.3888507,88.35098,0.0,11.798689922542676,0.8719548839272788
2022-06-26 00:00:00+00:00,-34.925,-71.28305,212.0,open-meteo_ecmwf_ifs,daily,15.0635,5.1635003,9.6,7.6239166,1.4754558,87.202,0.0,11.812541844780425,0.7899128433819594
2022-06-27 00:00:00+00:00,-34.925,-71.28305,212.0,open-meteo_ecmwf_ifs,daily,14.7635,2.8135,8.57,6.476,1.2647439,89.181915,0.2,11.829738315444953,0.7076449147051683
2022-06-28 00:00:00+00:00,-34.925,-71.28305,212.0,open-meteo_ecmwf_ifs,daily,14.8135,3.7635,8.22,6.9926662,1.3096651,87.007835,0.0,11.850275001186684,0.7234707896741766
2022-06-29 00:00:00+00:00,-34.925,-71.28305,212.0,open-meteo_ecmwf_ifs,daily,12.4135,6.5135,2.6,7.842667,1.4507805,89.029724,6.2000003,11.874146885618686,0.612599608092083
2022-06-30 00:00:00+00:00,-34.925,-71.28305,212.0,open-meteo_ecmwf_ifs,daily,13.5635,5.7635,6.31,7.884334,1.6265749,92.60201,0.0,11.901348261159628,0.6950882627538579
2022-07-01 00:00:00+00:00,-34.925,-71.28305,212.0,open-meteo_ecmwf_ifs,daily,10.5135,7.0135,5.31,7.105167,4.0077844,89.02616,51.59999,11.931872719549794,0.742037856822208
2022-07-02 00:00:00+00:00,-34.925,-71.28305,212.0,open-meteo_ecmwf_ifs,daily,12.4135,1.9635,10.0,4.7760005,1.6738967,87.28986,0.6,11.965713141095994,0.728071393189755
2022-07-03 00:00:00+00:00,-34.925,-71.28305,212.0,open-meteo_ecmwf_ifs,daily,12.7135,2.5135,7.65,4.7489166,0.98714954,81.95073,0.7,12.00286168270778,0.6854514500301876
2022-07-04 00:00:00+00:00,-34.925,-71.28305,212.0,open-meteo_ecmwf_ifs,daily,14.4635,2.1635,10.26,4.051,1.3613571,84.14773,0.0,12.043309764793491,0.8574210762336005
2022-07-05 00:00:00+00:00,-34.925,-71.28305,212.0,open-meteo_ecmwf_ifs,daily,13.3135,3.7635,9.37,5.3801665,0.89868945,84.91091,0.0,12.087048057090469,0.7372334133166566
2022-07-06 00:00:00+00:00,-34.925,-71.28305,212.0,open-meteo_ecmwf_ifs,daily,8.9135,5.1135,2.79,5.19475,3.2337315,86.44338,23.9,12.13406646350914,0.6781915737102869
2022-07-07 00:00:00+00:00,-34.925,-71.28305,212.0,open-meteo_ecmwf_ifs,daily,11.9135,1.5135,10.87,3.6364164,2.2532713,86.37479,0.0,12.184354106075586,0.8507618064481803
2022-07-08 00:00:00+00:00,-34.925,-71.28305,212.0,open-meteo_ecmwf_ifs,daily,13.4635,5.4135003,8.53,6.105167,2.270554,86.554985,0.0,12.237899308061886,0.961501988428115
2022-07-09 00:00:00+00:00,-34.925,-71.28305,212.0,open-meteo_ecmwf_ifs,daily,10.8135,7.2135,1.68,6.557249,4.7715993,86.81631,22.9,12.294689576397184,0.9261145942808756
2022-07-10 00:00:00+00:00,-34.925,-71.28305,212.0,open-meteo_ecmwf_ifs,daily,9.363501,6.2635,2.94,6.280168,2.4419982,89.17661,32.499996,12.354711583456544,0.6304170718575411
2022-07-11 00:00:00+00:00,-34.925,-71.28305,212.0,open-meteo_ecmwf_ifs,daily,12.0635,1.6635001,9.64,4.5635,1.6225911,86.82285,1.8000001,12.417951148327166,0.7463019438063733
2022-07-12 00:00:00+00:00,-34.925,-71.28305,212.0,open-meteo_ecmwf_ifs,daily,12.7135,4.9135003,8.97,5.2468343,1.1027931,83.70444,0.0,12.484393217654542,0.829825796077512
2022-07-13 00:00:00+00:00,-34.925,-71.28305,212.0,open-meteo_ecmwf_ifs,daily,10.6635,3.3634999,4.41,5.559334,2.1942723,91.776634,6.5999994,12.554021846173084,0.6236673745217479
2022-07-14 00:00:00+00:00,-34.925,-71.28305,212.0,open-meteo_ecmwf_ifs,daily,9.2135,2.2135,6.27,4.526,3.1706924,90.3408,46.800003,12.626820177027291,0.6022384238536737
2022-07-15 00:00:00+00:00,-34.925,-71.28305,212.0,open-meteo_ecmwf_ifs,daily,7.2135,4.0635,3.91,3.9593332,1.3377477,89.23935,5.3,12.702770421990811,0.5846156206945247
2022-07-16 00:00:00+00:00,-34.925,-71.28305,212.0,open-meteo_ecmwf_ifs,daily,11.5135,1.9635,9.85,3.4489167,1.8953565,83.94642,4.6,12.781853841691369,0.8826006861955012
2022-07-17 00:00:00+00:00,-34.925,-71.28305,212.0,open-meteo_ecmwf_ifs,daily,8.3635,4.0135,1.43,4.040584,1.2522422,85.05076,4.3,12.864050725949522,0.5892640258024456
2022-07-18 00:00:00+00:00,-34.925,-71.28305,212.0,open-meteo_ecmwf_ifs,daily,12.8135,4.3635,9.67,5.8926663,2.016846,88.92686,1.9,12.949340374339327,0.9173477186664234
2022-07-19 00:00:00+00:00,-34.925,-71.28305,212.0,open-meteo_ecmwf_ifs,daily,12.9635,5.1635003,9.85,6.3989167,2.3907025,89.93244,0.0,13.037701077077958,0.972402914917864
2022-07-20 00:00:00+00:00,-34.925,-71.28305,212.0,open-meteo_ecmwf_ifs,daily,12.7635,4.0135,9.81,5.540583,2.533769,88.378914,0.0,13.129110096350264,0.9856493224298871
2022-07-21 00:00:00+00:00,-34.925,-71.28305,212.0,open-meteo_ecmwf_ifs,daily,13.8135,5.2635,9.26,7.1072507,1.877376,92.04275,0.0,13.223543648172917,0.9292271400418465
2022-07-22 00:00:00+00:00,-34.925,-71.28305,212.0,open-meteo_ecmwf_ifs,daily,15.9135,6.4635,9.82,8.365584,1.732963,90.6628,0.0,13.32097688490064,1.0390066028263665
2022-07-23 00:00:00+00:00,-34.925,-71.28305,212.0,open-meteo_ecmwf_ifs,daily,13.5135,8.9635,4.31,9.792667,1.1304052,93.15835,0.0,13.421383878474778,0.7129074298538085
2022-07-24 00:00:00+00:00,-34.925,-71.28305,212.0,open-meteo_ecmwf_ifs,daily,13.613501,7.5135,5.3,8.848916,2.039886,92.85898,0.0,13.524737604512032,0.8010522527386633
2022-07-25 00:00:00+00:00,-34.925,-71.28305,212.0,open-meteo_ecmwf_ifs,daily,15.5135,7.2135,8.56,8.446835,3.1096573,85.7168,0.0,13.631009927327966,1.1749502481189507
2022-07-26 00:00:00+00:00,-34.925,-71.28305,212.0,open-meteo_ecmwf_ifs,daily,15.3135,6.2135,8.2,7.5405846,2.7303622,83.033104,0.1,13.740171585986767,1.1574811659543949
2022-07-27 00:00:00+00:00,-34.925,-71.28305,212.0,open-meteo_ecmwf_ifs,daily,15.113501,8.4635,8.82,8.70725,1.3627725,87.94407,0.70000005,13.852192181465297,1.0565191559255074
2022-07-28 00:00:00+00:00,-34.925,-71.28305,212.0,open-meteo_ecmwf_ifs,daily,14.363501,3.7135,12.07,6.1239166,2.517951,85.52908,0.0,13.967040165015499,1.1437065610488435
2022-07-29 00:00:00+00:00,-34.925,-71.28305,212.0,open-meteo_ecmwf_ifs,daily,14.363501,4.3135,9.56,6.2635,2.2185392,89.446144,0.0,14.084682827805308,1.0915853933352109
2022-07-30 00:00:00+00:00,-34.925,-71.28305,212.0,open-meteo_ecmwf_ifs,daily,14.2135,4.9135003,6.71,7.6426673,1.9654965,91.76636,2.6000001,14.205086291914002,0.8711737970098441
2022-07-31 00:00:00+00:00,-34.925,-71.28305,212.0,open-meteo_ecmwf_ifs,daily,14.9135,4.8635,9.5,7.8593335,1.0914706,90.387215,0.0,14.328215502753443,0.956380463006754
2022-08-01 00:00:00+00:00,-34.925,-71.28305,212.0,open-meteo_ecmwf_ifs,daily,11.8135,6.1635003,4.31,7.561417,1.7957429,91.968475,0.1,14.454034222982079,0.7194183214669212
2022-08-02 00:00:00+00:00,-34.925,-71.28305,212.0,open-meteo_ecmwf_ifs,daily,12.9635,5.9135003,10.75,6.6197505,2.4395645,87.60766,0.0,14.582505027973776,1.1578305505507815
2022-08-03 00:00:00+00:00,-34.925,-71.28305,212.0,open-meteo_ecmwf_ifs,daily,10.5635,5.1135,6.48,5.161417,1.7503864,88.64332,0.0,14.713589302898866,0.8998547311845374
2022-08-04 00:00:00+00:00,-34.925,-71.28305,212.0,open-meteo_ecmwf_ifs,daily,13.2635,2.6635,12.64,4.3051667,2.1673777,81.349464,0.0,14.847247241469365,1.2363712170828907
2022-08-05 00:00:00+00:00,-34.925,-71.28305,212.0,open-meteo_ecmwf_ifs,daily,14.4635,3.0135,10.54,6.061417,1.7722982,88.67129,0.0,14.983437846395793,1.0886320477525604
2022-08-06 00:00:00+00:00,-34.925,-71.28305,212.0,open-meteo_ecmwf_ifs,daily,11.4135,9.2135,2.26,8.596834,2.6656048,91.69924,33.399998,15.1221189315974,0.7588908537623298
2022-08-07 00:00:00+00:00,-34.925,-71.28305,212.0,open-meteo_ecmwf_ifs,daily,13.2135,7.5135,12.63,5.951,2.8802044,78.88552,6.2000003,15.263247126202419,1.563272634654634
2022-08-08 00:00:00+00:00,-34.925,-71.28305,212.0,open-meteo_ecmwf_ifs,daily,13.363501,4.3135,12.27,5.8697505,2.6307027,89.609215,0.0,15.406777880370004,1.2735678930260408
2022-08-09 00:00:00+00:00,-34.925,-71.28305,212.0,open-meteo_ecmwf_ifs,daily,16.5135,3.3634999,12.91,5.715584,1.7312142,85.309555,0.0,15.552665472959733,1.4019575634393404
2022-08-10 00:00:00+00:00,-34.925,-71.28305,212.0,open-meteo_ecmwf_ifs,daily,15.9135,7.1635003,12.76,7.8989177,1.0159668,83.82629,0.0,15.700863021069486,1.3573597867968243
2022-08-11 00:00:00+00:00,-34.925,-71.28305,212.0,open-meteo_ecmwf_ifs,daily,14.7635,5.2635,12.26,6.946834,1.7758461,88.88908,0.0,15.851322491457173,1.3157687168684715
2022-08-12 00:00:00+00:00,-34.925,-71.28305,212.0,open-meteo_ecmwf_ifs,daily,14.9135,6.2135,10.5,6.844751,2.1435516,80.53128,0.0,16.00399471385618,1.3764520593355511
2022-08-13 00:00:00+00:00,-34.925,-71.28305,212.0,open-meteo_ecmwf_ifs,daily,16.963501,4.1635003,13.55,6.942667,1.4482912,86.91724,0.0,16.158829396189304,1.4378838564915886
2022-08-14 00:00:00+00:00,-34.925,-71.28305,212.0,open-meteo_ecmwf_ifs,daily,11.0635,6.9135003,2.56,7.8926673,2.512646,94.94723,10.800001,16.315775141680714,0.6549019564599572
2022-08-15 00:00:00+00:00,-34.925,-71.28305,212.0,open-meteo_ecmwf_ifs,daily,13.4135,4.3135,11.72,5.438501,1.9957523,82.453156,3.7,16.474779467859655,1.3324438292006844
2022-08-16 00:00:00+00:00,-34.925,-71.28305,212.0,open-meteo_ecmwf_ifs,daily,9.0635,7.1135,1.34,6.1885,2.258731,87.697365,12.9,16.635788827445218,0.6951853675834113
2022-08-17 00:00:00+00:00,-34.925,-71.28305,212.0,open-meteo_ecmwf_ifs,daily,12.2135,5.3135004,14.77,5.171833,3.6892478,82.06456,5.1,16.798748631095584,1.6147798449853816
2022-08-18 00:00:00+00:00,-34.925,-71.28305,212.0,open-meteo_ecmwf_ifs,daily,13.7135,2.1135,15.63,2.8343334,3.6421967,76.47687,0.0,16.963603272000416,1.8119704680926838
2022-08-19 00:00:00+00:00,-34.925,-71.28305,212.0,open-meteo_ecmwf_ifs,daily,16.713501,3.1134999,13.05,5.559334,2.366678,83.2579,0.0,17.130296152290143,1.6236816423002012
2022-08-20 00:00:00+00:00,-34.925,-71.28305,212.0,open-meteo_ecmwf_ifs,daily,16.713501,7.7635,11.5,8.555167,2.5082948,87.26519,0.0,17.29876971123042,1.6310374301083175
2022-08-21 00:00:00+00:00,-34.925,-71.28305,212.0,open-meteo_ecmwf_ifs,daily,18.9135,7.9135003,12.88,10.484333,1.3985363,86.2351,0.0,17.46896545516595,1.6088243503616615
2022-08-22 00:00:00+00:00,-34.925,-71.28305,212.0,open-meteo_ecmwf_ifs,daily,16.0635,9.0635,7.95,10.259335,1.3847038,89.77093,0.0,17.64082398917243,1.2059373017045638
2022-08-23 00:00:00+00:00,-34.925,-71.28305,212.0,open-meteo_ecmwf_ifs,daily,15.9635,7.7635,9.55,9.386418,1.6004933,89.51867,0.0,17.81428505037114,1.3172094775529877
2022-08-24 00:00:00+00:00,-34.925,-71.28305,212.0,open-meteo_ecmwf_ifs,daily,15.1635,7.4635,9.18,8.542666,2.9947507,86.92454,0.5,17.989287542856157,1.398744433645535
2022-08-25 00:00:00+00:00,-34.925,-71.28305,212.0,open-meteo_ecmwf_ifs,daily,15.5635,6.5635004,13.26,7.7343345,2.7891293,87.34719,0.0,18.165769574179475,1.6858131705325408
2022-08-26 00:00:00+00:00,-34.925,-71.28305,212.0,open-meteo_ecmwf_ifs,daily,12.0635,6.8635,7.97,6.5343337,2.5574079,84.148,0.0,18.343668493335556,1.2581169040750895
2022-08-27 00:00:00+00:00,-34.925,-71.28305,212.0,open-meteo_ecmwf_ifs,daily,15.863501,5.1135,16.43,5.9947505,3.6186574,79.86441,0.0,18.522920930182455,2.0633386651725525
2022-08-28 00:00:00+00:00,-34.925,-71.28305,212.0,open-meteo_ecmwf_ifs,daily,19.3635,2.6635,15.66,5.5635,2.9601154,80.362404,0.0,18.703462836232504,2.1355137217847995
2022-08-29 00:00:00+00:00,-34.925,-71.28305,212.0,open-meteo_ecmwf_ifs,daily,20.5135,4.2135,15.38,9.461419,1.4508709,88.280876,0.0,18.885229526742453,1.8200120214018563
2022-08-30 00:00:00+00:00,-34.925,-71.28305,212.0,open-meteo_ecmwf_ifs,daily,16.3135,10.4635,11.14,9.871833,1.494644,84.475075,0.0,19.068155724028465,1.6459519309933626
2022-08-31 00:00:00+00:00,-34.925,-71.28305,212.0,open-meteo_ecmwf_ifs,daily,13.7135,9.4635,4.71,8.338501,1.4191235,83.78997,1.1,19.252175601928748,1.0965740914974367
2022-09-01 00:00:00+00:00,-34.925,-71.28305,212.0,open-meteo_ecmwf_ifs,daily,14.9635,7.9635,13.02,8.009334,2.4352913,84.65955,0.0,19.437222831332917,1.7623849822365525
2022-09-02 00:00:00+00:00,-34.925,-71.28305,212.0,open-meteo_ecmwf_ifs,daily,18.6635,4.2135,16.97,6.2697506,2.3254242,79.71777,0.0,19.623230626694067,2.191771681659719
2022-09-03 00:00:00+00:00,-34.925,-71.28305,212.0,open-meteo_ecmwf_ifs,daily,18.8135,4.1635003,16.51,7.8697495,1.6076812,80.39987,0.0,19.81013179343722,1.9703796446976873
2022-09-04 00:00:00+00:00,-34.925,-71.28305,212.0,open-meteo_ecmwf_ifs,daily,19.8635,6.1135,16.03,9.282251,1.6148114,83.89463,0.0,19.99785877617456,2.060290150652686
2022-09-05 00:00:00+00:00,-34.925,-71.28305,212.0,open-meteo_ecmwf_ifs,daily,21.8135,6.0135,17.56,9.805167,1.2093498,83.96346,0.0,20.18634370763596,2.24164706910729
2022-09-06 00:00:00+00:00,-34.925,-71.28305,212.0,open-meteo_ecmwf_ifs,daily,20.1635,8.6635,16.66,10.965585,1.3364124,86.56159,0.0,20.375518458220917,2.197278588753324
2022-09-07 00:00:00+00:00,-34.925,-71.28305,212.0,open-meteo_ecmwf_ifs,daily,14.4635,8.863501,8.73,7.4218345,2.8751032,80.0257,10.2,20.56531468607597,1.702779258292783
2022-09-08 00:00:00+00:00,-34.925,-71.28305,212.0,open-meteo_ecmwf_ifs,daily,11.613501,6.3135004,13.16,5.7697506,1.8223058,84.15959,15.7,20.75566388760044,1.625583512586887
2022-09-09 00:00:00+00:00,-34.925,-71.28305,212.0,open-meteo_ecmwf_ifs,daily,15.5135,1.1135001,19.92,3.3114166,3.0283935,75.33898,0.0,20.946497448281242,2.248121701230962
2022-09-10 00:00:00+00:00,-34.925,-71.28305,212.0,open-meteo_ecmwf_ifs,daily,18.2635,4.7635,17.81,7.1405845,1.7425991,83.88797,0.0,21.137746693756917,2.2250566866575596
2022-09-11 00:00:00+00:00,-34.925,-71.28305,212.0,open-meteo_ecmwf_ifs,daily,14.7635,8.7635,9.19,7.9801674,1.5022153,82.81345,0.1,21.329342941009887,1.5447518864482297
2022-09-12 00:00:00+00:00,-34.925,-71.28305,212.0,open-meteo_ecmwf_ifs,daily,16.6135,4.2635,16.45,6.94475,1.4139048,85.33738,0.0,21.521217549585,1.9888389248417193
2022-09-13 00:00:00+00:00,-34.925,-71.28305,212.0,open-meteo_ecmwf_ifs,daily,16.5635,9.4135,11.98,8.171834,0.9689598,78.532196,0.0,21.71330197273277,1.831721915856126
2022-09-14 00:00:00+00:00,-34.925,-71.28305,212.0,open-meteo_ecmwf_ifs,daily,18.6135,5.7135,19.26,8.330167,1.921775,84.344864,0.0,21.905527808374632,2.4036532582050256
2022-09-15 00:00:00+00:00,-34.925,-71.28305,212.0,open-meteo_ecmwf_ifs,daily,18.5635,6.0635004,16.0,8.817667,1.89195,83.21088,0.0,22.097826849788717,2.1431164498745945
2022-09-16 00:00:00+00:00,-34.925,-71.28305,212.0,open-meteo_ecmwf_ifs,daily,16.4635,8.0635,10.48,8.634334,2.0548122,83.893524,0.0,22.290131135914283,1.7469932178751861
2022-09-17 00:00:00+00:00,-34.925,-71.28305,212.0,open-meteo_ecmwf_ifs,daily,15.7635,7.6135,9.91,8.546834,2.7618914,84.83029,1.7,22.482373001174018,1.668450595386896
2022-09-18 00:00:00+00:00,-34.925,-71.28305,212.0,open-meteo_ecmwf_ifs,daily,13.0635,6.0135,10.84,5.7926674,2.6077945,81.45652,4.1,22.674485124714643,1.6909886349430046
2022-09-19 00:00:00+00:00,-34.925,-71.28305,212.0,open-meteo_ecmwf_ifs,daily,13.613501,1.9135001,16.14,2.8885002,2.9226372,74.091415,0.0,22.86640057896695,2.0717127035255873
2022-09-20 00:00:00+00:00,-34.925,-71.28305,212.0,open-meteo_ecmwf_ifs,daily,12.5635,4.3135,17.56,3.640583,2.0027716,72.53338,0.3,23.058052877428622,2.147922395230492
2022-09-21 00:00:00+00:00,-34.925,-71.28305,212.0,open-meteo_ecmwf_ifs,daily,14.2135,2.0135,19.74,3.6155827,1.185239,80.37281,0.4,23.249376021574676,2.2111029299950284
2022-09-22 00:00:00+00:00,-34.925,-71.28305,212.0,open-meteo_ecmwf_ifs,daily,17.8635,3.5635,21.3,4.688501,3.3516731,71.683556,0.0,23.44030454680238,2.864807475979617
2022-09-23 00:00:00+00:00,-34.925,-71.28305,212.0,open-meteo_ecmwf_ifs,daily,17.5635,9.613501,13.67,9.251,2.8850834,78.07191,0.70000005,23.630773567320414,2.307449146709831
2022-09-24 00:00:00+00:00,-34.925,-71.28305,212.0,open-meteo_ecmwf_ifs,daily,15.5135,9.2135,8.97,10.132251,1.7475618,89.13687,21.8,23.820718819894083,1.494703200018354
2022-09-25 00:00:00+00:00,-34.925,-71.28305,212.0,open-meteo_ecmwf_ifs,daily,16.9135,8.2135,13.09,8.901,1.2187827,83.47104,1.9000001,24.01007670636181,1.9744264923574322
2022-09-26 00:00:00+00:00,-34.925,-71.28305,212.0,open-meteo_ecmwf_ifs,daily,17.3135,6.7635,18.51,7.490585,1.8175138,79.66968,0.0,24.198784334841143,2.5301963193939248
2022-09-27 00:00:00+00:00,-34.925,-71.28305,212.0,open-meteo_ecmwf_ifs,daily,19.5135,7.8635,20.56,8.673917,2.3361568,79.815315,0.0,24.38677955954571,2.947536986086107
2022-09-28 00:00:00+00:00,-34.925,-71.28305,212.0,open-meteo_ecmwf_ifs,daily,21.963501,7.0135,20.76,11.259335,1.0360359,84.59622,0.0,24.57400101913897,2.8422876571608557
2022-09-29 00:00:00+00:00,-34.925,-71.28305,212.0,open-meteo_ecmwf_ifs,daily,21.3635,11.5135,15.96,12.273917,1.3224162,85.735374,0.0,24.7603881735534,2.588263312023311
2022-09-30 00:00:00+00:00,-34.925,-71.28305,212.0,open-meteo_ecmwf_ifs,daily,20.7635,9.6635,19.64,11.76975,2.2396505,85.349815,0.1,24.94588133920904,2.8580983196153045
2022-10-01 00:00:00+00:00,-34.925,-71.28305,212.0,open-meteo_ecmwf_ifs,daily,22.7635,10.7635,17.17,12.423916,1.4765434,85.88204,0.0,25.130421722568915,2.788386028224661
2022-10-02 00:00:00+00:00,-34.925,-71.28305,212.0,open-meteo_ecmwf_ifs,daily,21.963501,10.5135,20.93,12.319751,1.3495353,85.38624,0.0,25.313951451973566,3.1101520727970704
2022-10-03 00:00:00+00:00,-34.925,-71.28305,212.0,open-meteo_ecmwf_ifs,daily,15.4135,10.863501,8.1,9.373919,2.4496458,81.4664,0.1,25.496413607701818,1.7433294028278286
2022-10-04 00:00:00+00:00,-34.925,-71.28305,212.0,open-meteo_ecmwf_ifs,daily,14.0135,10.4135,9.15,7.2572503,1.5379816,75.08373,4.6,25.677752250209647,1.7988420388129591
2022-10-05 00:00:00+00:00,-34.925,-71.28305,212.0,open-meteo_ecmwf_ifs,daily,18.0635,6.5135,19.86,8.105166,1.9443861,80.533806,0.5,25.857912446504038,2.72932528212467
2022-10-06 00:00:00+00:00,-34.925,-71.28305,212.0,open-meteo_ecmwf_ifs,daily,18.0635,8.2135,16.13,8.196835,2.376707,78.119835,0.0,26.036840294614162,2.599644537101545
2022-10-07 00:00:00+00:00,-34.925,-71.28305,212.0,open-meteo_ecmwf_ifs,daily,18.3635,7.8635,15.11,9.269751,2.2363644,79.10037,2.7,26.21448294612702,2.3717486646971295
2022-10-08 00:00:00+00:00,-34.925,-71.28305,212.0,open-meteo_ecmwf_ifs,daily,15.9135,5.7635,23.42,5.803083,3.6576316,71.66062,4.3,26.390788626760877,3.0664880406738213
2022-10-09 00:00:00+00:00,-34.925,-71.28305,212.0,open-meteo_ecmwf_ifs,daily,19.8635,3.5635,24.54,4.717667,3.4938004,69.34195,0.0,26.565706654954436,3.5183091353370264
2022-10-10 00:00:00+00:00,-34.925,-71.28305,212.0,open-meteo_ecmwf_ifs,daily,20.8135,5.8135004,24.39,8.130168,1.8325315,72.28139,0.0,26.739187458456104,3.3635682444204424
2022-10-11 00:00:00+00:00,-34.925,-71.28305,212.0,open-meteo_ecmwf_ifs,daily,19.8135,7.0635004,19.41,8.834332,2.0330997,79.32101,0.0,26.9111825889028,2.8889189834001914
2022-10-12 00:00:00+00:00,-34.925,-71.28305,212.0,open-meteo_ecmwf_ifs,daily,19.5635,8.4135,22.19,8.742668,3.8777914,76.662254,0.0,27.08164473438362,3.410597043970182
2022-10-13 00:00:00+00:00,-34.925,-71.28305,212.0,open-meteo_ecmwf_ifs,daily,18.9135,5.1635003,25.07,4.6655836,4.679787,64.49873,0.0,27.250527729989393,3.8076697775318062
2022-10-14 00:00:00+00:00,-34.925,-71.28305,212.0,open-meteo_ecmwf_ifs,daily,20.6635,5.6635003,24.73,5.6280837,3.8022397,64.81365,0.0,27.417786566354792,3.872253619876305
2022-10-15 00:00:00+00:00,-34.925,-71.28305,212.0,open-meteo_ecmwf_ifs,daily,25.3135,7.7635,24.87,9.11975,1.9987717,70.38904,0.0,27.58337739620524,4.012043384050375
2022-10-16 00:00:00+00:00,-34.925,-71.28305,212.0,open-meteo_ecmwf_ifs,daily,23.9135,8.7135,25.4,10.986417,2.1477273,73.67412,0.0,27.74725753892668,3.895826360471936
2022-10-17 00:00:00+00:00,-34.925,-71.28305,212.0,open-meteo_ecmwf_ifs,daily,21.1635,9.5135,21.21,8.946834,2.2145264,74.31397,0.0,27.909385483181456,3.4907522055732314
2022-10-18 00:00:00+00:00,-34.925,-71.28305,212.0,open-meteo_ecmwf_ifs,daily,21.9135,11.113501,22.77,7.411417,1.8891602,64.13579,0.4,28.069720887599473,3.9256408404662073
2022-10-19 00:00:00+00:00,-34.925,-71.28305,212.0,open-meteo_ecmwf_ifs,daily,19.5135,9.0635,15.34,8.984334,1.7247692,74.00477,0.0,28.22822457957856,2.6549527380684212
2022-10-20 00:00:00+00:00,-34.925,-71.28305,212.0,open-meteo_ecmwf_ifs,daily,23.1635,8.863501,25.14,9.103084,2.3374956,73.504776,0.0,28.38485855223376,4.045073529601006
2022-10-21 00:00:00+00:00,-34.925,-71.28305,212.0,open-meteo_ecmwf_ifs,daily,22.9135,9.7635,22.31,9.828084,3.2047255,70.14261,0.3,28.539585959539874,3.899253971904353
2022-10-22 00:00:00+00:00,-34.925,-71.28305,212.0,open-meteo_ecmwf_ifs,daily,25.6635,8.613501,26.74,8.646832,2.0983992,60.883118,0.0,28.692371109716632,4.447322576206664
2022-10-23 00:00:00+00:00,-34.925,-71.28305,212.0,open-meteo_ecmwf_ifs,daily,23.0135,7.8635,26.29,6.880167,1.6744391,60.06946,0.0,28.843179456910605,4.111757135534049
2022-10-24 00:00:00+00:00,-34.925,-71.28305,212.0,open-meteo_ecmwf_ifs,daily,23.963501,6.6135,26.93,5.855166,2.2465045,60.24623,0.0,28.99197759123235,4.354146694454348
2022-10-25 00:00:00+00:00,-34.925,-71.28305,212.0,open-meteo_ecmwf_ifs,daily,22.963501,9.9135,25.15,9.073916,2.610213,68.60634,0.0,29.1387332272115,4.231924644006904
2022-10-26 00:00:00+00:00,-34.925,-71.28305,212.0,open-meteo_ecmwf_ifs,daily,23.6135,9.863501,27.69,8.809335,2.1990416,64.338646,0.0,29.283415190736715,4.512973005816959
2022-10-27 00:00:00+00:00,-34.925,-71.28305,212.0,open-meteo_ecmwf_ifs,daily,25.2635,9.1635,27.69,8.736418,2.547907,62.959087,0.0,29.425993404550663,4.700553042456177
2022-10-28 00:00:00+00:00,-34.925,-71.28305,212.0,open-meteo_ecmwf_ifs,daily,22.463501,11.2135,17.57,8.311416,1.5071836,63.288376,0.0,29.566438872374448,3.3391917286220463
2022-10-29 00:00:00+00:00,-34.925,-71.28305,212.0,open-meteo_ecmwf_ifs,daily,25.713501,10.7635,27.0,10.486417,2.4159572,67.9242,1.1,29.704723661737848,4.689749319409239
2022-10-30 00:00:00+00:00,-34.925,-71.28305,212.0,open-meteo_ecmwf_ifs,daily,18.5635,6.5635004,28.76,2.3051665,5.380317,52.438416,0.5,29.840820885596074,4.804313847299137
2022-10-31 00:00:00+00:00,-34.925,-71.28305,212.0,open-meteo_ecmwf_ifs,daily,28.2635,7.8635,30.48,-4.9240003,5.0308003,26.17588,0.0,29.974704682814647,7.239089611423615
2022-11-01 00:00:00+00:00,-34.925,-71.28305,212.0,open-meteo_ecmwf_ifs,daily,33.4135,9.4135,30.28,-2.8927498,2.2637928,21.089365,0.0,30.106350197607522,6.186857197664464
2022-11-02 00:00:00+00:00,-34.925,-71.28305,212.0,open-meteo_ecmwf_ifs,daily,29.1135,8.7635,29.28,7.40725,1.8432431,53.790527,0.0,30.23573355801447,5.150092531417608
2022-11-03 00:00:00+00:00,-34.925,-71.28305,212.0,open-meteo_ecmwf_ifs,daily,26.463501,9.6635,28.85,9.150999,1.6618012,61.086376,0.0,30.36283185350571,4.8203611561673805
2022-11-04 00:00:00+00:00,-34.925,-71.28305,212.0,open-meteo_ecmwf_ifs,daily,25.6135,9.8135,24.49,9.121833,1.5676012,66.163246,0.0,30.487623111802552,4.2552937307715055
2022-11-05 00:00:00+00:00,-34.925,-71.28305,212.0,open-meteo_ecmwf_ifs,daily,24.5635,8.5635,27.85,8.146834,1.7204647,63.26491,0.0,30.61008627500373,4.524413671767339
2022-11-06 00:00:00+00:00,-34.925,-71.28305,212.0,open-meteo_ecmwf_ifs,daily,26.0135,9.0135,27.5,9.059333,2.1971042,63.302425,0.0,30.730201175107446,4.722403259241368
2022-11-07 00:00:00+00:00,-34.925,-71.28305,212.0,open-meteo_ecmwf_ifs,daily,28.1635,11.0135,27.49,10.701,1.7418791,63.89519,0.0,30.847948509018817,4.910624609234367
2022-11-08 00:00:00+00:00,-34.925,-71.28305,212.0,open-meteo_ecmwf_ifs,daily,22.8135,13.0135,22.28,11.219749,2.560218,64.446205,0.0,30.963309813132412,4.117947151309049
2022-11-09 00:00:00+00:00,-34.925,-71.28305,212.0,open-meteo_ecmwf_ifs,daily,19.7635,14.0135,13.01,9.359334,3.6863887,66.71785,2.0,31.076267437578636,3.4067113387436105
2022-11-10 00:00:00+00:00,-34.925,-71.28305,212.0,open-meteo_ecmwf_ifs,daily,23.963501,8.613501,18.95,9.9385,1.644827,74.26219,0.5,31.186804520221344,3.389461053807264
2022-11-11 00:00:00+00:00,-34.925,-71.28305,212.0,open-meteo_ecmwf_ifs,daily,21.0635,12.4135,17.2,8.415583,3.7855995,62.960262,0.4,31.29490496049282,3.952778985706748
2022-11-12 00:00:00+00:00,-34.925,-71.28305,212.0,open-meteo_ecmwf_ifs,daily,18.0135,12.8135,12.33,9.836417,3.4451106,73.75571,4.5999994,31.4005533931505,2.8291732167720007
2022-11-13 00:00:00+00:00,-34.925,-71.28305,212.0,open-meteo_ecmwf_ifs,daily,24.1135,8.9135,29.17,8.509334,1.5005716,69.914635,0.2,31.503735162037177,4.653156217995256
2022-11-14 00:00:00+00:00,-34.925,-71.28305,212.0,open-meteo_ecmwf_ifs,daily,25.8635,10.0135,29.26,9.628084,2.7014256,66.623276,0.0,31.604436293924373,5.1116508412720245
2022-11-15 00:00:00+00:00,-34.925,-71.28305,212.0,open-meteo_ecmwf_ifs,daily,29.6635,11.7135,28.97,11.426,3.5070403,61.755604,0.0,31.70264347251547,5.790277794596883
2022-11-16 00:00:00+00:00,-34.925,-71.28305,212.0,open-meteo_ecmwf_ifs,daily,29.3135,12.8135,29.83,12.634334,2.4922311,60.32165,0.0,31.798344012682115,5.6133671848291105
2022-11-17 00:00:00+00:00,-34.925,-71.28305,212.0,open-meteo_ecmwf_ifs,daily,30.7635,13.5135,30.3,12.713502,2.578107,61.332745,0.0,31.89152583500424,5.950815853873472
2022-11-18 00:00:00+00:00,-34.925,-71.28305,212.0,open-meteo_ecmwf_ifs,daily,28.9135,13.8135,27.89,11.371834,3.4620535,60.439762,0.0,31.982177440680097,5.878269177181216
2022-11-19 00:00:00+00:00,-34.925,-71.28305,212.0,open-meteo_ecmwf_ifs,daily,27.1635,13.613501,28.95,10.548917,3.932626,57.82062,0.0,32.07028788686898,5.948083146441861
2022-11-20 00:00:00+00:00,-34.925,-71.28305,212.0,open-meteo_ecmwf_ifs,daily,27.213501,10.613501,31.97,5.407251,4.571664,44.658497,0.0,32.155846762525684,6.64898887883581
2022-11-21 00:00:00+00:00,-34.925,-71.28305,212.0,open-meteo_ecmwf_ifs,daily,31.0135,11.613501,31.65,5.917668,2.870654,42.74902,0.0,32.238844164780694,6.568286185915458
2022-11-22 00:00:00+00:00,-34.925,-71.28305,212.0,open-meteo_ecmwf_ifs,daily,31.9135,13.3135,31.11,9.096833,3.2239878,46.468616,0.0,32.319270675916854,6.754620384355489
2022-11-23 00:00:00+00:00,-34.925,-71.28305,212.0,open-meteo_ecmwf_ifs,daily,32.9635,15.613501,30.69,10.909333,3.986658,47.087803,0.0,32.39711734098792,7.3253043362352095
2022-11-24 00:00:00+00:00,-34.925,-71.28305,212.0,open-meteo_ecmwf_ifs,daily,31.213501,16.8135,29.85,12.644749,2.7826884,51.70685,0.0,32.47237564612044,6.468824656070225
2022-11-25 00:00:00+00:00,-34.925,-71.28305,212.0,open-meteo_ecmwf_ifs,daily,33.2135,17.3635,30.38,13.0135,2.165448,51.582256,0.0,32.545037497536015,6.519628087339349
2022-11-26 00:00:00+00:00,-34.925,-71.28305,212.0,open-meteo_ecmwf_ifs,daily,34.3635,16.7635,30.81,12.582252,1.778062,51.071304,0.0,32.61509520132582,6.445520184152498
2022-11-27 00:00:00+00:00,-34.925,-71.28305,212.0,open-meteo_ecmwf_ifs,daily,31.3135,14.8135,30.95,13.023918,1.6450907,58.468502,0.0,32.68254144400576,5.951552631019364
2022-11-28 00:00:00+00:00,-34.925,-71.28305,212.0,open-meteo_ecmwf_ifs,daily,30.2635,15.363501,24.93,13.942666,1.8307301,65.507866,0.0,32.74736927387548,5.1226928329583945
2022-11-29 00:00:00+00:00,-34.925,-71.28305,212.0,open-meteo_ecmwf_ifs,daily,28.9135,14.3135,26.22,13.250999,2.014643,64.95333,0.0,32.80957208320045,5.167068202770072
2022-11-30 00:00:00+00:00,-34.925,-71.28305,212.0,open-meteo_ecmwf_ifs,daily,28.0635,14.4635,27.07,9.717666,2.024591,54.20724,0.0,32.86914359123249,5.45620969244451
2022-12-01 00:00:00+00:00,-34.925,-71.28305,212.0,open-meteo_ecmwf_ifs,daily,28.9135,13.3135,32.19,7.3385005,2.5931313,46.9613,0.0,32.92607782807963,6.416887108196246
2022-12-02 00:00:00+00:00,-34.925,-71.28305,212.0,open-meteo_ecmwf_ifs,daily,31.213501,14.5135,32.02,6.3301673,2.0752335,38.69767,0.0,32.980369119432844,6.528401320638672
2022-12-03 00:00:00+00:00,-34.925,-71.28305,212.0,open-meteo_ecmwf_ifs,daily,30.8135,12.8135,31.6,7.978084,2.2813404,43.841846,0.0,33.032012072153634,6.324273867145758
2022-12-04 00:00:00+00:00,-34.925,-71.28305,212.0,open-meteo_ecmwf_ifs,daily,32.4635,14.2135,32.1,8.35725,3.4807425,43.63576,0.0,33.081001560722996,7.290773647104108
2022-12-05 00:00:00+00:00,-34.925,-71.28305,212.0,open-meteo_ecmwf_ifs,daily,32.7635,15.5135,32.14,7.33225,2.6402266,38.224567,0.0,33.12733271454955,7.104982520698375
2022-12-06 00:00:00+00:00,-34.925,-71.28305,212.0,open-meteo_ecmwf_ifs,daily,33.0635,14.6635,32.52,7.721834,3.296069,41.223362,0.0,33.171000906131844,7.437605090133501
2022-12-07 00:00:00+00:00,-34.925,-71.28305,212.0,open-meteo_ecmwf_ifs,daily,31.5135,15.9635,31.28,6.6530833,2.946172,35.192196,0.0,33.21200174006751,7.148101861022392
2022-12-08 00:00:00+00:00,-34.925,-71.28305,212.0,open-meteo_ecmwf_ifs,daily,32.3635,14.613501,32.05,11.684334,2.9732525,55.794537,0.0,33.2503310429,6.817308299258778
2022-12-09 00:00:00+00:00,-34.925,-71.28305,212.0,open-meteo_ecmwf_ifs,daily,32.5635,17.1635,31.15,13.96975,3.4042118,57.507526,0.0,33.28598485379195,7.010664229507191
2022-12-10 00:00:00+00:00,-34.925,-71.28305,212.0,open-meteo_ecmwf_ifs,daily,33.9635,15.863501,32.22,9.273917,4.2099156,45.149994,0.0,33.31895941601278,8.035838236591028
2022-12-11 00:00:00+00:00,-34.925,-71.28305,212.0,open-meteo_ecmwf_ifs,daily,32.9135,16.4135,32.44,4.4176664,5.8847632,31.014832,0.0,33.34925116922749,9.369171993340611
2022-12-12 00:00:00+00:00,-34.925,-71.28305,212.0,open-meteo_ecmwf_ifs,daily,31.0635,13.2635,33.21,3.8551667,5.1867476,34.672752,0.0,33.376856742572684,8.307509622351391
2022-12-13 00:00:00+00:00,-34.925,-71.28305,212.0,open-meteo_ecmwf_ifs,daily,32.9635,13.6635,32.49,8.546834,3.33588,43.262115,0.0,33.4017729485057,7.263803460837584
2022-12-14 00:00:00+00:00,-34.925,-71.28305,212.0,open-meteo_ecmwf_ifs,daily,31.213501,16.713501,31.78,11.196835,2.4332268,48.07965,0.0,33.4239967774132,6.718238812745828
2022-12-15 00:00:00+00:00,-34.925,-71.28305,212.0,open-meteo_ecmwf_ifs,daily,35.7635,16.8635,33.27,7.6343346,4.426294,37.997345,0.0,33.44352539296492,8.862158737916568
2022-12-16 00:00:00+00:00,-34.925,-71.28305,212.0,open-meteo_ecmwf_ifs,daily,33.1135,16.8135,31.53,10.092668,2.8920364,42.108105,0.0,33.46035612820049,7.222475339999634
2022-12-17 00:00:00+00:00,-34.925,-71.28305,212.0,open-meteo_ecmwf_ifs,daily,29.713501,13.5135,31.41,10.93225,2.2126603,57.30307,0.0,33.47448648233668,6.088448266541995
2022-12-18 00:00:00+00:00,-34.925,-71.28305,212.0,open-meteo_ecmwf_ifs,daily,32.3135,14.6635,32.31,10.501001,2.0108774,51.841084,0.0,33.48591411828487,6.524385156032381
2022-12-19 00:00:00+00:00,-34.925,-71.28305,212.0,open-meteo_ecmwf_ifs,daily,29.6135,14.4635,32.22,9.190584,2.0847814,47.18315,0.0,33.494636860869136,6.3266904946282425
2022-12-20 00:00:00+00:00,-34.925,-71.28305,212.0,open-meteo_ecmwf_ifs,daily,31.2635,12.9135,32.37,8.555167,1.6402439,50.992416,0.0,33.50065269573753,6.163964308116875
2022-12-21 00:00:00+00:00,-34.925,-71.28305,212.0,open-meteo_ecmwf_ifs,daily,31.9135,15.2635,32.3,11.084334,2.6420295,53.554455,0.0,33.50395976896067,6.803091956393945
2022-12-22 00:00:00+00:00,-34.925,-71.28305,212.0,open-meteo_ecmwf_ifs,daily,30.2635,14.113501,32.59,9.028084,2.3919075,49.60364,0.0,33.504556387313635,6.547744618934645
2022-12-23 00:00:00+00:00,-34.925,-71.28305,212.0,open-meteo_ecmwf_ifs,daily,28.6135,13.613501,32.42,7.2510014,4.5484905,47.268764,0.0,33.50244101923944,7.249448997220706
2022-12-24 00:00:00+00:00,-34.925,-71.28305,212.0,open-meteo_ecmwf_ifs,daily,33.5135,11.4135,32.79,5.0801663,3.3361876,37.569477,0.0,33.49761229649393,7.344921568836538
2022-12-25 00:00:00+00:00,-34.925,-71.28305,212.0,open-meteo_ecmwf_ifs,daily,30.2635,13.8135,31.67,9.701001,2.616587,47.46168,0.0,33.49006901647439,6.45372761221226
2022-12-26 00:00:00+00:00,-34.925,-71.28305,212.0,open-meteo_ecmwf_ifs,daily,27.7635,14.363501,26.86,10.859334,2.6661437,56.8409,0.0,33.47981014523612,5.571881805242268
2022-12-27 00:00:00+00:00,-34.925,-71.28305,212.0,open-meteo_ecmwf_ifs,daily,31.7635,15.4635,31.46,11.517669,2.7445421,53.393574,0.0,33.46683482120256,6.713182048471137
2022-12-28 00:00:00+00:00,-34.925,-71.28305,212.0,open-meteo_ecmwf_ifs,daily,32.2135,16.1635,32.38,7.1072507,2.751338,38.89619,0.0,33.45114235957737,7.24846287707835
2022-12-29 00:00:00+00:00,-34.925,-71.28305,212.0,open-meteo_ecmwf_ifs,daily,36.1635,15.7635,32.75,5.4426665,2.9668887,30.519396,0.0,33.432732257467485,7.887232533375128
2022-12-30 00:00:00+00:00,-34.925,-71.28305,212.0,open-meteo_ecmwf_ifs,daily,30.463501,14.7635,31.99,11.401,2.2973015,52.824997,0.0,33.41160419972831,6.37522968059749
2022-12-31 00:00:00+00:00,-34.925,-71.28305,212.0,open-meteo_ecmwf_ifs,daily,22.8135,15.613501,10.68,12.93225,3.1852787,70.556404,4.6,33.38775806554299,3.074162485158799
2023-01-01 00:00:00+00:00,-34.925,-71.28305,212.0,open-meteo_ecmwf_ifs,daily,28.5135,13.5635,30.88,12.913502,1.7207031,70.1471,0.8000001,33.361193935749114,5.632903926048699
2023-01-02 00:00:00+00:00,-34.925,-71.28305,212.0,open-meteo_ecmwf_ifs,daily,29.5635,13.1635,32.19,10.103083,2.8022606,54.058193,0.0,33.33191210092631,6.378279883495976
2023-01-03 00:00:00+00:00,-34.925,-71.28305,212.0,open-meteo_ecmwf_ifs,daily,30.9135,13.1635,32.59,7.0843334,3.859953,42.737072,0.0,33.29991307025934,7.288598426653388
2023-01-04 00:00:00+00:00,-34.925,-71.28305,212.0,open-meteo_ecmwf_ifs,daily,33.5135,14.9635,32.0,9.832252,2.73761,43.058155,0.0,33.265197581190414,7.0307926005344
2023-01-05 00:00:00+00:00,-34.925,-71.28305,212.0,open-meteo_ecmwf_ifs,daily,29.8135,15.6635,29.44,13.017667,2.7441635,60.485336,0.0,33.22776660987516,6.096000247344433
2023-01-06 00:00:00+00:00,-34.925,-71.28305,212.0,open-meteo_ecmwf_ifs,daily,30.5135,14.9135,30.24,13.559333,1.9821129,62.76434,0.0,33.187621382455305,5.908231916837086
2023-01-07 00:00:00+00:00,-34.925,-71.28305,212.0,open-meteo_ecmwf_ifs,daily,31.4135,16.3135,31.31,13.086417,2.1246727,58.032764,0.0,33.14476338716048,6.3672164749049855
2023-01-08 00:00:00+00:00,-34.925,-71.28305,212.0,open-meteo_ecmwf_ifs,daily,32.1135,16.2135,31.17,12.673917,2.0907702,54.5668,0.0,33.09919438725014,6.41668659182583
2023-01-09 00:00:00+00:00,-34.925,-71.28305,212.0,open-meteo_ecmwf_ifs,daily,29.8135,14.6635,31.18,12.151002,1.809535,58.776722,0.0,33.05091643480504,5.951160847195662
2023-01-10 00:00:00+00:00,-34.925,-71.28305,212.0,open-meteo_ecmwf_ifs,daily,30.3635,16.4135,25.33,12.54475,1.3848306,57.7408,0.0,32.999931885375155,5.176903490486766
2023-01-11 00:00:00+00:00,-34.925,-71.28305,212.0,open-meteo_ecmwf_ifs,daily,29.963501,15.0135,28.76,6.0822506,3.5148513,36.504543,0.0,32.94624341348939,6.911786577311271
2023-01-12 00:00:00+00:00,-34.925,-71.28305,212.0,open-meteo_ecmwf_ifs,daily,29.6635,13.2635,31.64,5.042667,2.961192,37.01175,0.0,32.88985402902867,6.752529106961449
2023-01-13 00:00:00+00:00,-34.925,-71.28305,212.0,open-meteo_ecmwf_ifs,daily,31.213501,13.3135,32.11,7.748918,2.1530778,46.017273,0.0,32.830767094461805,6.405709655551842
2023-01-14 00:00:00+00:00,-34.925,-71.28305,212.0,open-meteo_ecmwf_ifs,daily,29.963501,12.4635,31.54,8.415584,2.2027903,48.46329,0.0,32.76898634293975,6.118522410895831
2023-01-15 00:00:00+00:00,-34.925,-71.28305,212.0,open-meteo_ecmwf_ifs,daily,31.8135,13.7635,31.42,9.421834,1.8461612,48.66103,0.0,32.70451589724026,6.186999360036143
2023-01-16 00:00:00+00:00,-34.925,-71.28305,212.0,open-meteo_ecmwf_ifs,daily,30.8635,14.7135,30.99,8.834332,2.2917097,43.482624,0.0,32.63736028955149,6.384549432768321
2023-01-17 00:00:00+00:00,-34.925,-71.28305,212.0,open-meteo_ecmwf_ifs,daily,28.5135,13.2635,29.42,10.315585,2.0539482,54.78114,0.0,32.567524482078234,5.622017899651246
2023-01-18 00:00:00+00:00,-34.925,-71.28305,212.0,open-meteo_ecmwf_ifs,daily,32.163498,13.9635,31.35,10.636416,1.6882497,51.927563,0.0,32.49501388845132,6.0916704880923875
2023-01-19 00:00:00+00:00,-34.925,-71.28305,212.0,open-meteo_ecmwf_ifs,daily,26.713501,13.9635,27.69,11.903084,2.6485589,60.97742,0.0,32.41983439591511,5.328565259537176
2023-01-20 00:00:00+00:00,-34.925,-71.28305,212.0,open-meteo_ecmwf_ifs,daily,29.4135,13.8135,28.82,12.094749,2.2012498,62.104916,0.0,32.34199238826457,5.613715126212343
2023-01-21 00:00:00+00:00,-34.925,-71.28305,212.0,open-meteo_ecmwf_ifs,daily,31.8635,14.613501,31.09,10.373916,2.4541285,50.649075,0.0,32.26149476949805,6.453817765100997
2023-01-22 00:00:00+00:00,-34.925,-71.28305,212.0,open-meteo_ecmwf_ifs,daily,34.5135,15.2135,31.18,8.876,2.250107,43.339382,0.0,32.17834898814751,6.747835475617314
2023-01-23 00:00:00+00:00,-34.925,-71.28305,212.0,open-meteo_ecmwf_ifs,daily,32.5135,15.113501,30.64,11.636416,2.276233,49.420395,0.0,32.09256306224339,6.34934445530515
2023-01-24 00:00:00+00:00,-34.925,-71.28305,212.0,open-meteo_ecmwf_ifs,daily,30.6135,14.2635,30.22,12.05725,2.2801168,58.279697,0.0,32.00414560486646,5.97338324893739
2023-01-25 00:00:00+00:00,-34.925,-71.28305,212.0,open-meteo_ecmwf_ifs,daily,31.9135,16.1635,30.38,9.405166,2.7618306,43.610504,0.0,31.913105850234494,6.7393443288914305
2023-01-26 00:00:00+00:00,-34.925,-71.28305,212.0,open-meteo_ecmwf_ifs,daily,30.213501,14.2635,30.43,7.909334,1.8739094,43.187836,0.0,31.819453680267156,5.974811235977918
2023-01-27 00:00:00+00:00,-34.925,-71.28305,212.0,open-meteo_ecmwf_ifs,daily,32.1135,15.3135,30.57,7.365585,2.6367157,41.580227,0.0,31.72319965156801,6.724571193493871
2023-01-28 00:00:00+00:00,-34.925,-71.28305,212.0,open-meteo_ecmwf_ifs,daily,34.8135,15.2635,30.94,6.7343345,2.8358555,37.518353,0.0,31.62435502275848,7.18916838425229
2023-01-29 00:00:00+00:00,-34.925,-71.28305,212.0,open-meteo_ecmwf_ifs,daily,32.8635,17.1135,29.79,10.255168,2.1526787,41.703545,0.0,31.52293178209454,6.437891385889255
2023-01-30 00:00:00+00:00,-34.925,-71.28305,212.0,open-meteo_ecmwf_ifs,daily,33.3635,14.7635,29.65,12.626,2.1348326,54.962864,0.0,31.418942675292925,6.1056584029208665
2023-01-31 00:00:00+00:00,-34.925,-71.28305,212.0,open-meteo_ecmwf_ifs,daily,32.3635,17.0635,29.97,12.130166,2.6696494,49.429836,0.0,31.312401233490444,6.562632826257508
2023-02-01 00:00:00+00:00,-34.925,-71.28305,212.0,open-meteo_ecmwf_ifs,daily,33.5635,14.2135,29.94,8.207251,2.107189,43.475254,0.0,31.20332180125639,6.280023573893302
2023-02-02 00:00:00+00:00,-34.925,-71.28305,212.0,open-meteo_ecmwf_ifs,daily,34.8135,15.8135,30.33,8.146834,3.3584487,39.25186,0.0,31.091719564575072,7.39638064256513
2023-02-03 00:00:00+00:00,-34.925,-71.28305,212.0,open-meteo_ecmwf_ifs,daily,34.3635,17.9135,29.08,9.694751,2.392462,37.1107,0.0,30.977610578713154,6.702569791649188
2023-02-04 00:00:00+00:00,-34.925,-71.28305,212.0,open-meteo_ecmwf_ifs,daily,32.6635,16.0635,28.82,12.184333,2.3060977,51.547764,0.0,30.861011795883552,6.131549359551016
2023-02-05 00:00:00+00:00,-34.925,-71.28305,212.0,open-meteo_ecmwf_ifs,daily,32.413498,16.7635,27.93,14.607251,1.9445246,60.335384,0.0,30.7419410926161,5.746945976052548
2023-02-06 00:00:00+00:00,-34.925,-71.28305,212.0,open-meteo_ecmwf_ifs,daily,33.4135,16.6635,29.04,12.240584,2.0237453,52.023956,0.0,30.62041729674349,6.123689564606366
2023-02-07 00:00:00+00:00,-34.925,-71.28305,212.0,open-meteo_ecmwf_ifs,daily,32.9635,17.3135,28.95,11.676,1.959825,47.403637,0.0,30.4964602139095,6.109173529257853
2023-02-08 00:00:00+00:00,-34.925,-71.28305,212.0,open-meteo_ecmwf_ifs,daily,35.1635,18.6635,29.24,10.046832,1.9808451,40.56934,0.0,30.370090653505773,6.495510527002378
2023-02-09 00:00:00+00:00,-34.925,-71.28305,212.0,open-meteo_ecmwf_ifs,daily,35.9635,16.4635,29.48,8.309334,3.1229124,39.296207,0.0,30.241330453942968,7.275089896030354
2023-02-10 00:00:00+00:00,-34.925,-71.28305,212.0,open-meteo_ecmwf_ifs,daily,35.4635,17.5635,28.87,9.298917,3.9004745,38.67024,0.0,30.110202507161933,7.711153691207988
2023-02-11 00:00:00+00:00,-34.925,-71.28305,212.0,open-meteo_ecmwf_ifs,daily,34.2635,16.9135,28.84,7.9655843,3.2533865,37.316612,0.0,29.976730782290748,7.154661531075138
2023-02-12 00:00:00+00:00,-34.925,-71.28305,212.0,open-meteo_ecmwf_ifs,daily,31.463501,16.2135,28.16,10.11975,3.2824993,45.19655,0.0,29.840940348354273,6.502359796795824
2023-02-13 00:00:00+00:00,-34.925,-71.28305,212.0,open-meteo_ecmwf_ifs,daily,31.0635,14.3135,28.42,9.659333,3.5407333,53.04474,0.0,29.702857395943816,6.385036443614841
2023-02-14 00:00:00+00:00,-34.925,-71.28305,212.0,open-meteo_ecmwf_ifs,daily,30.8635,14.2135,27.93,6.280168,4.4936366,40.23466,0.0,29.56250925775616,7.082962654232933
2023-02-15 00:00:00+00:00,-34.925,-71.28305,212.0,open-meteo_ecmwf_ifs,daily,32.7135,15.5135,27.72,8.261416,3.6909225,40.034466,0.0,29.419924427912676,6.875539753458934
2023-02-16 00:00:00+00:00,-34.925,-71.28305,212.0,open-meteo_ecmwf_ifs,daily,29.463501,14.4135,27.51,8.769751,3.0533564,46.2263,0.0,29.275132579971785,5.939072143058086
2023-02-17 00:00:00+00:00,-34.925,-71.28305,212.0,open-meteo_ecmwf_ifs,daily,32.2635,12.7635,27.58,4.1947503,1.9639344,34.25861,0.0,29.128164583550497,5.644246657368837
2023-02-18 00:00:00+00:00,-34.925,-71.28305,212.0,open-meteo_ecmwf_ifs,daily,33.0635,14.8135,27.15,5.2635,2.3085501,33.040764,0.0,28.979052519473395,6.035907434713594
2023-02-19 00:00:00+00:00,-34.925,-71.28305,212.0,open-meteo_ecmwf_ifs,daily,33.5135,15.1635,27.15,7.2260003,1.5468742,40.134094,0.0,28.827829693371207,5.460089945792173
2023-02-20 00:00:00+00:00,-34.925,-71.28305,212.0,open-meteo_ecmwf_ifs,daily,33.3635,16.713501,27.15,6.8197503,2.2527401,35.712505,0.0,28.674530647654038,6.099129464311699
2023-02-21 00:00:00+00:00,-34.925,-71.28305,212.0,open-meteo_ecmwf_ifs,daily,34.6135,16.2135,27.01,6.4426675,2.2784204,33.201168,0.0,28.51919117178891,6.160754062253664
2023-02-22 00:00:00+00:00,-34.925,-71.28305,212.0,open-meteo_ecmwf_ifs,daily,32.163498,14.113501,26.42,10.076001,2.1158483,50.92255,0.0,28.36184831081458,5.442750157873635
2023-02-23 00:00:00+00:00,-34.925,-71.28305,212.0,open-meteo_ecmwf_ifs,daily,33.6635,13.9635,26.61,11.234333,1.7996073,54.340885,0.0,28.20254037203193,5.340826620414983
2023-02-24 00:00:00+00:00,-34.925,-71.28305,212.0,open-meteo_ecmwf_ifs,daily,30.1635,14.4635,25.49,12.865584,2.4153163,60.890514,0.0,28.0413069298122,5.101834449054802
2023-02-25 00:00:00+00:00,-34.925,-71.28305,212.0,open-meteo_ecmwf_ifs,daily,29.7635,15.363501,25.37,11.826001,2.0665905,58.694263,0.0,27.87818882847063,5.0641319494559065
2023-02-26 00:00:00+00:00,-34.925,-71.28305,212.0,open-meteo_ecmwf_ifs,daily,31.7635,13.0635,26.43,6.378084,3.6958437,40.596935,0.0,27.71322818315797,6.351479514320398
2023-02-27 00:00:00+00:00,-34.925,-71.28305,212.0,open-meteo_ecmwf_ifs,daily,33.0635,13.8135,26.32,5.9593334,2.4491274,36.442715,0.0,27.54646837872801,5.809971691905524
2023-02-28 00:00:00+00:00,-34.925,-71.28305,212.0,open-meteo_ecmwf_ifs,daily,31.463501,13.1635,25.86,9.634333,2.1197536,49.888443,0.0,27.377954066544238,5.178553025383568
2023-03-01 00:00:00+00:00,-34.925,-71.28305,212.0,open-meteo_ecmwf_ifs,daily,31.213501,14.7135,25.95,9.742667,3.3760319,46.458786,0.0,27.20773115919487,5.932127641556243
2023-03-02 00:00:00+00:00,-34.925,-71.28305,212.0,open-meteo_ecmwf_ifs,daily,32.2135,14.3135,25.29,9.242667,2.7850153,44.96063,0.0,27.035846823090893,5.6567136307386106
2023-03-03 00:00:00+00:00,-34.925,-71.28305,212.0,open-meteo_ecmwf_ifs,daily,29.9135,14.613501,24.29,11.834334,1.8942648,56.807476,0.0,26.86234946892798,4.734204583220596
2023-03-04 00:00:00+00:00,-34.925,-71.28305,212.0,open-meteo_ecmwf_ifs,daily,32.4635,15.7135,25.17,11.013501,2.4332707,51.20061,0.0,26.68728873999868,5.468390215942855
2023-03-05 00:00:00+00:00,-34.925,-71.28305,212.0,open-meteo_ecmwf_ifs,daily,32.6635,15.5135,25.3,3.1218336,2.4473197,26.728174,0.0,26.510715498347672,5.821523760872628
2023-03-06 00:00:00+00:00,-34.925,-71.28305,212.0,open-meteo_ecmwf_ifs,daily,28.4135,14.363501,23.54,11.417667,2.1862695,58.50946,0.0,26.33268180876873,4.603429140151097
2023-03-07 00:00:00+00:00,-34.925,-71.28305,212.0,open-meteo_ecmwf_ifs,daily,30.963501,13.613501,22.75,11.586417,2.0709503,57.434383,0.0,26.153240920648088,4.607748632988571
2023-03-08 00:00:00+00:00,-34.925,-71.28305,212.0,open-meteo_ecmwf_ifs,daily,29.0635,13.9135,23.53,11.076,1.52555,60.95807,0.0,25.972447247665215,4.325143273773622
2023-03-09 00:00:00+00:00,-34.925,-71.28305,212.0,open-meteo_ecmwf_ifs,daily,30.5135,14.5635,22.92,13.640583,1.7893616,67.13309,0.0,25.790356345367517,4.399545807243164
2023-03-10 00:00:00+00:00,-34.925,-71.28305,212.0,open-meteo_ecmwf_ifs,daily,30.4135,14.9635,23.49,12.496833,1.7493464,60.042297,0.0,25.607024886642158,4.517218088445427
2023-03-11 00:00:00+00:00,-34.925,-71.28305,212.0,open-meteo_ecmwf_ifs,daily,29.5135,13.2635,23.45,11.09475,1.8787867,57.852856,0.0,25.422510635113486,4.413160142169691
2023-03-12 00:00:00+00:00,-34.925,-71.28305,212.0,open-meteo_ecmwf_ifs,daily,29.0635,13.3135,23.05,12.073917,1.72334,64.82136,0.0,25.236872416500873,4.207894024960299
2023-03-13 00:00:00+00:00,-34.925,-71.28305,212.0,open-meteo_ecmwf_ifs,daily,27.4135,16.713501,17.02,14.809337,2.1485898,69.96983,0.0,25.050170087977033,3.6301148645897565
2023-03-14 00:00:00+00:00,-34.925,-71.28305,212.0,open-meteo_ecmwf_ifs,daily,29.8135,14.3135,22.91,10.586417,1.8877444,53.927917,0.0,24.862464505572927,4.450760712479781
2023-03-15 00:00:00+00:00,-34.925,-71.28305,212.0,open-meteo_ecmwf_ifs,daily,30.0135,12.8135,22.95,5.4260006,1.6029352,39.639545,0.0,24.673817489680562,4.343269175979248
2023-03-16 00:00:00+00:00,-34.925,-71.28305,212.0,open-meteo_ecmwf_ifs,daily,30.9135,14.3135,22.32,10.801002,1.856397,54.095898,0.0,24.484291788710195,4.416406742489363
2023-03-17 00:00:00+00:00,-34.925,-71.28305,212.0,open-meteo_ecmwf_ifs,daily,29.3135,14.7135,20.98,14.203084,1.8460526,69.87357,0.0,24.293951040963922,3.9658250093937437
2023-03-18 00:00:00+00:00,-34.925,-71.28305,212.0,open-meteo_ecmwf_ifs,daily,31.3635,14.363501,22.02,12.407249,2.592614,61.00319,0.0,24.102859734792137,4.655667800801619
2023-03-19 00:00:00+00:00,-34.925,-71.28305,212.0,open-meteo_ecmwf_ifs,daily,31.5135,16.5135,21.8,13.290584,2.7550907,56.066494,0.0,23.911083167104355,4.857846966225863
2023-03-20 00:00:00+00:00,-34.925,-71.28305,212.0,open-meteo_ecmwf_ifs,daily,30.3135,14.363501,21.92,10.586417,2.082073,52.068874,0.0,23.718687400310245,4.3962025537707765
2023-03-21 00:00:00+00:00,-34.925,-71.28305,212.0,open-meteo_ecmwf_ifs,daily,31.1135,13.3135,21.95,9.021835,1.406392,50.22417,0.0,23.525739217770997,4.025042535545345
2023-03-22 00:00:00+00:00,-34.925,-71.28305,212.0,open-meteo_ecmwf_ifs,daily,32.0635,12.613501,21.91,6.348917,2.081707,42.168674,0.0,23.332306077845146,4.5470096874433334
2023-03-23 00:00:00+00:00,-34.925,-71.28305,212.0,open-meteo_ecmwf_ifs,daily,31.7635,13.613501,21.57,7.2947507,2.221081,42.303295,0.0,23.13845606661681,4.610102625909461
2023-03-24 00:00:00+00:00,-34.925,-71.28305,212.0,open-meteo_ecmwf_ifs,daily,31.463501,13.1635,21.39,4.8884997,2.4560783,34.62324,0.0,22.944257849397633,4.78635741616998
2023-03-25 00:00:00+00:00,-34.925,-71.28305,212.0,open-meteo_ecmwf_ifs,daily,31.3635,13.0635,21.3,4.7634997,3.4357395,36.035713,0.0,22.749780621097024,5.410691785360081
2023-03-26 00:00:00+00:00,-34.925,-71.28305,212.0,open-meteo_ecmwf_ifs,daily,30.713501,13.363501,21.0,6.6739173,1.9990646,41.02891,0.0,22.5550940555583,4.280830267495935
2023-03-27 00:00:00+00:00,-34.925,-71.28305,212.0,open-meteo_ecmwf_ifs,daily,28.0635,12.0135,19.49,11.553084,1.5719057,66.20798,0.0,22.36026825396073,3.403139044814389
2023-03-28 00:00:00+00:00,-34.925,-71.28305,212.0,open-meteo_ecmwf_ifs,daily,27.7635,11.2135,19.95,9.182251,1.8093885,60.353165,0.0,22.165373692390077,3.568200928859155
2023-03-29 00:00:00+00:00,-34.925,-71.28305,212.0,open-meteo_ecmwf_ifs,daily,25.0135,11.9135,18.2,8.771834,3.8904257,59.432552,0.0,21.970481168682117,4.034893168924972
2023-03-30 00:00:00+00:00,-34.925,-71.28305,212.0,open-meteo_ecmwf_ifs,daily,25.5635,9.2635,20.17,2.6385,3.480398,41.34848,0.0,21.775661748645387,4.420488320704834
2023-03-31 00:00:00+00:00,-34.925,-71.28305,212.0,open-meteo_ecmwf_ifs,daily,30.3635,8.5635,20.3,3.6468327,2.5291789,44.297855,0.0,21.580986711770898,4.210291002602479
2023-04-01 00:00:00+00:00,-34.925,-71.28305,212.0,open-meteo_ecmwf_ifs,daily,29.0635,12.4635,17.91,4.196833,2.5638063,37.091434,0.0,21.38652749653765,4.24325149285774
2023-04-02 00:00:00+00:00,-34.925,-71.28305,212.0,open-meteo_ecmwf_ifs,daily,27.0635,13.0135,16.35,10.878082,2.5558808,58.671783,0.0,21.192355645423493,3.46693619814025
2023-04-03 00:00:00+00:00,-34.925,-71.28305,212.0,open-meteo_ecmwf_ifs,daily,26.713501,12.113501,17.39,10.3135,2.7651253,58.985474,0.0,20.998542749731588,3.5470697575988703
2023-04-04 00:00:00+00:00,-34.925,-71.28305,212.0,open-meteo_ecmwf_ifs,daily,29.3135,10.7635,19.33,7.415584,2.158285,49.160446,0.0,20.80516039434282,3.7381085745218536
2023-04-05 00:00:00+00:00,-34.925,-71.28305,212.0,open-meteo_ecmwf_ifs,daily,26.5635,10.613501,13.87,4.871834,1.5827972,44.804035,0.0,20.61228010250435,2.926902440427078
2023-04-06 00:00:00+00:00,-34.925,-71.28305,212.0,open-meteo_ecmwf_ifs,daily,27.5135,10.0635,18.93,8.14475,2.299115,55.505642,0.0,20.419973280764243,3.494176745032039
2023-04-07 00:00:00+00:00,-34.925,-71.28305,212.0,open-meteo_ecmwf_ifs,daily,27.0135,11.2135,16.97,9.792667,2.773979,64.23006,0.0,20.228311164161315,3.448027548949574
2023-04-08 00:00:00+00:00,-34.925,-71.28305,212.0,open-meteo_ecmwf_ifs,daily,28.0135,8.6635,18.8,5.2947497,2.0857894,47.888447,0.0,20.03736476177837,3.437908708610804
2023-04-09 00:00:00+00:00,-34.925,-71.28305,212.0,open-meteo_ecmwf_ifs,daily,27.8135,11.2135,18.23,6.061417,1.4974318,48.074535,0.0,19.84720480276574,3.1521312087362285
2023-04-10 00:00:00+00:00,-34.925,-71.28305,212.0,open-meteo_ecmwf_ifs,daily,27.713501,11.0135,15.76,9.244751,2.073843,57.22307,0.0,19.65790168294052,3.109424086756931
2023-04-11 00:00:00+00:00,-34.925,-71.28305,212.0,open-meteo_ecmwf_ifs,daily,26.213501,14.7135,14.1,14.148918,1.8564276,77.27285,0.0,19.469525412064915,2.6676592496456815
2023-04-12 00:00:00+00:00,-34.925,-71.28305,212.0,open-meteo_ecmwf_ifs,daily,21.963501,12.5135,8.45,12.3135,1.411788,73.898926,0.0,19.2821455619053,1.738739630374578
2023-04-13 00:00:00+00:00,-34.925,-71.28305,212.0,open-meteo_ecmwf_ifs,daily,22.5135,12.363501,14.29,11.138501,1.5707417,74.39979,0.0,19.09583121517087,2.3516889747016405
2023-04-14 00:00:00+00:00,-34.925,-71.28305,212.0,open-meteo_ecmwf_ifs,daily,21.6635,12.2135,9.51,11.069752,1.21689,75.11306,0.0,18.91065091542852,1.8076421136090715
2023-04-15 00:00:00+00:00,-34.925,-71.28305,212.0,open-meteo_ecmwf_ifs,daily,23.0135,10.9635,13.19,10.442668,1.7759418,74.655525,0.0,18.726672618087445,2.2882210166180634
2023-04-16 00:00:00+00:00,-34.925,-71.28305,212.0,open-meteo_ecmwf_ifs,daily,22.963501,8.6635,15.61,8.698916,1.7651526,66.889435,0.0,18.54396364254405,2.393198374679515
2023-04-17 00:00:00+00:00,-34.925,-71.28305,212.0,open-meteo_ecmwf_ifs,daily,18.9135,7.8135004,16.02,5.676,2.9173872,65.8511,0.0,18.36259062557438,2.5732216895026534
2023-04-18 00:00:00+00:00,-34.925,-71.28305,212.0,open-meteo_ecmwf_ifs,daily,19.713501,6.7135,14.66,1.4322499,3.0631735,49.116962,0.0,18.18261947605774,2.9291091720324305
2023-04-19 00:00:00+00:00,-34.925,-71.28305,212.0,open-meteo_ecmwf_ifs,daily,23.2635,7.6135,16.21,5.761417,2.7334201,60.67219,0.0,18.004115331111496,2.8739071594340846
2023-04-20 00:00:00+00:00,-34.925,-71.28305,212.0,open-meteo_ecmwf_ifs,daily,22.713501,8.9135,15.58,8.611417,2.2644498,61.88426,0.0,17.82714251371304,2.4789171694454497
2023-04-21 00:00:00+00:00,-34.925,-71.28305,212.0,open-meteo_ecmwf_ifs,daily,23.5635,12.5135,12.1,11.130166,1.5757307,71.110146,0.0,17.651764491880872,2.1602334280067352
2023-04-22 00:00:00+00:00,-34.925,-71.28305,212.0,open-meteo_ecmwf_ifs,daily,22.9135,12.0135,12.91,11.769752,2.328762,79.93957,0.0,17.47804383948234,2.272800336380301
2023-04-23 00:00:00+00:00,-34.925,-71.28305,212.0,open-meteo_ecmwf_ifs,daily,24.1635,9.3135,14.34,11.444749,1.682391,76.71226,0.0,17.306042198731312,2.1114216173924922
2023-04-24 00:00:00+00:00,-34.925,-71.28305,212.0,open-meteo_ecmwf_ifs,daily,22.5135,11.363501,13.63,12.001002,1.6421283,82.167015,0.0,17.135820244434118,2.027983943406756
2023-04-25 00:00:00+00:00,-34.925,-71.28305,212.0,open-meteo_ecmwf_ifs,daily,22.0635,10.2135,10.58,11.582252,1.4899725,83.14004,0.0,16.967437650037677,1.7022567783412792
2023-04-26 00:00:00+00:00,-34.925,-71.28305,212.0,open-meteo_ecmwf_ifs,daily,19.6135,12.7635,6.52,11.148918,1.9134253,76.92559,0.0,16.800953055528662,1.579992798630068
2023-04-27 00:00:00+00:00,-34.925,-71.28305,212.0,open-meteo_ecmwf_ifs,daily,21.1635,10.4135,12.28,10.655168,2.0276175,78.47788,0.0,16.63642403722731,1.928252149451109
2023-04-28 00:00:00+00:00,-34.925,-71.28305,212.0,open-meteo_ecmwf_ifs,daily,21.3635,11.8135,8.2,10.430166,4.0675445,75.06296,13.4,16.47390707951492,2.3539545598510996
2023-04-29 00:00:00+00:00,-34.925,-71.28305,212.0,open-meteo_ecmwf_ifs,daily,17.1135,14.0135,4.71,13.315583,5.2131023,89.40319,21.3,16.31345754852805,1.3090527834896035
2023-04-30 00:00:00+00:00,-34.925,-71.28305,212.0,open-meteo_ecmwf_ifs,daily,17.1635,11.6635,12.26,10.109333,2.1101716,79.756424,10.8,16.155129667847792,1.7370424497948176
2023-05-01 00:00:00+00:00,-34.925,-71.28305,212.0,open-meteo_ecmwf_ifs,daily,15.2135,6.9135003,13.14,6.4572506,3.6221492,78.36829,0.0,15.998976496206643,1.7999038087402808
2023-05-02 00:00:00+00:00,-34.925,-71.28305,212.0,open-meteo_ecmwf_ifs,daily,15.363501,5.5635004,12.72,5.4760003,2.5359638,78.501175,0.0,15.845049907230024,1.6388119572417537
2023-05-03 00:00:00+00:00,-34.925,-71.28305,212.0,open-meteo_ecmwf_ifs,daily,16.3135,6.5635004,12.15,7.769751,1.750053,84.0357,0.0,15.69340057122418,1.418227396421508
2023-05-04 00:00:00+00:00,-34.925,-71.28305,212.0,open-meteo_ecmwf_ifs,daily,16.7635,7.5135,12.16,8.321834,1.2990428,85.042435,0.0,15.544077939016184,1.3917658836319453
2023-05-05 00:00:00+00:00,-34.925,-71.28305,212.0,open-meteo_ecmwf_ifs,daily,18.5635,8.5135,11.08,9.4135,1.4562634,86.8989,0.0,15.397130227846512,1.4408246649777217
2023-05-06 00:00:00+00:00,-34.925,-71.28305,212.0,open-meteo_ecmwf_ifs,daily,14.7635,8.0135,6.35,9.55725,1.533628,90.22672,0.0,15.25260440930863,0.9332459029527435
2023-05-07 00:00:00+00:00,-34.925,-71.28305,212.0,open-meteo_ecmwf_ifs,daily,16.7635,6.9635,9.32,9.423917,1.7260394,91.58871,0.0,15.110546199324459,1.151590688357643
2023-05-08 00:00:00+00:00,-34.925,-71.28305,212.0,open-meteo_ecmwf_ifs,daily,18.3135,8.3635,10.33,9.307252,1.9231099,87.50076,0.0,14.971000050138988,1.4316210674049685
2023-05-09 00:00:00+00:00,-34.925,-71.28305,212.0,open-meteo_ecmwf_ifs,daily,17.9135,8.3135,9.34,8.642669,2.0521476,82.52514,0.0,14.834009144311347,1.4363087612974568
2023-05-10 00:00:00+00:00,-34.925,-71.28305,212.0,open-meteo_ecmwf_ifs,daily,18.463501,10.1635,8.37,10.132251,1.9482503,85.76089,0.0,14.699615390674177,1.3931896535808972
2023-05-11 00:00:00+00:00,-34.925,-71.28305,212.0,open-meteo_ecmwf_ifs,daily,19.7635,9.113501,10.7,9.382252,2.488013,81.10607,0.0,14.567859422227428,1.6860323755971667
2023-05-12 00:00:00+00:00,-34.925,-71.28305,212.0,open-meteo_ecmwf_ifs,daily,22.6635,10.613501,12.05,11.592667,3.5767405,79.467285,0.0,14.438780595927073,2.078686705722865
2023-05-13 00:00:00+00:00,-34.925,-71.28305,212.0,open-meteo_ecmwf_ifs,daily,20.3635,10.6635,10.34,11.73225,2.2858331,83.05059,0.0,14.312416994323748,1.5173637421393342
2023-05-14 00:00:00+00:00,-34.925,-71.28305,212.0,open-meteo_ecmwf_ifs,daily,19.5135,10.7135,11.07,12.142667,2.1303456,87.32914,0.0,14.188805429000956,1.400507892192793
2023-05-15 00:00:00+00:00,-34.925,-71.28305,212.0,open-meteo_ecmwf_ifs,daily,21.1635,12.113501,9.19,12.307252,1.9151479,83.13437,0.0,14.067981445756963,1.4982425610987993
2023-05-16 00:00:00+00:00,-34.925,-71.28305,212.0,open-meteo_ecmwf_ifs,daily,20.8635,11.9135,9.4,12.265583,1.2290812,85.75659,0.0,13.949979331469393,1.3220684480921794
2023-05-17 00:00:00+00:00,-34.925,-71.28305,212.0,open-meteo_ecmwf_ifs,daily,18.0135,13.2635,7.36,12.236417,1.4507395,83.790474,2.4999998,13.834832122576508,1.180680438643197
2023-05-18 00:00:00+00:00,-34.925,-71.28305,212.0,open-meteo_ecmwf_ifs,daily,17.213501,10.0135,8.77,10.58225,2.183554,90.33298,0.0,13.722571615104043,1.2106597262222492
2023-05-19 00:00:00+00:00,-34.925,-71.28305,212.0,open-meteo_ecmwf_ifs,daily,16.8135,8.9635,10.0,8.646834,3.0219338,81.26689,0.0,13.613228376161947,1.48109769303341
2023-05-20 00:00:00+00:00,-34.925,-71.28305,212.0,open-meteo_ecmwf_ifs,daily,17.963501,6.3635,9.62,7.673918,1.774808,85.08849,0.0,13.506831756830527,1.242257771125681
2023-05-21 00:00:00+00:00,-34.925,-71.28305,212.0,open-meteo_ecmwf_ifs,daily,12.5135,8.1635,1.98,7.69475,3.1667573,87.273224,25.000002,13.4034099063514,0.917592166374557
2023-05-22 00:00:00+00:00,-34.925,-71.28305,212.0,open-meteo_ecmwf_ifs,daily,16.7635,9.1635,5.23,8.740585,2.8005393,79.10044,22.8,13.302989787534452,1.3023868279219284
2023-05-23 00:00:00+00:00,-34.925,-71.28305,212.0,open-meteo_ecmwf_ifs,daily,14.613501,12.2635,1.93,12.048919,3.3157513,90.92319,13.5,13.205597193288085,0.7475071230253334
2023-05-24 00:00:00+00:00,-34.925,-71.28305,212.0,open-meteo_ecmwf_ifs,daily,17.1135,10.4135,7.32,10.03225,1.0646433,85.34033,14.099999,13.111256764176558,1.0128940457067144
2023-05-25 00:00:00+00:00,-34.925,-71.28305,212.0,open-meteo_ecmwf_ifs,daily,13.863501,9.113501,2.74,9.480168,1.2856596,88.8017,1.0,13.019992006904898,0.7111954755543171
2023-05-26 00:00:00+00:00,-34.925,-71.28305,212.0,open-meteo_ecmwf_ifs,daily,15.6635,6.8635,6.61,8.565584,1.7485462,89.7909,0.0,12.931825313628998,0.9166544638338476
2023-05-27 00:00:00+00:00,-34.925,-71.28305,212.0,open-meteo_ecmwf_ifs,daily,13.3135,5.3635,8.87,6.959335,3.0501554,87.44401,0.0,12.846777981985674,0.9541176618079369
2023-05-28 00:00:00+00:00,-34.925,-71.28305,212.0,open-meteo_ecmwf_ifs,daily,13.363501,5.8135004,5.41,6.3572507,1.2576504,88.13427,0.0,12.764870235735605,0.8178673911196663
2023-05-29 00:00:00+00:00,-34.925,-71.28305,212.0,open-meteo_ecmwf_ifs,daily,15.363501,6.3635,8.77,6.9905834,1.7834829,86.30785,0.0,12.686121245909836,1.0444830850834679
2023-05-30 00:00:00+00:00,-34.925,-71.28305,212.0,open-meteo_ecmwf_ifs,daily,18.8135,8.2635,8.06,9.386416,1.5441098,87.06213,0.0,12.610549152349344,1.1051600908213464
2023-05-31 00:00:00+00:00,-34.925,-71.28305,212.0,open-meteo_ecmwf_ifs,daily,19.0135,8.5635,9.06,9.46975,1.3396283,84.20266,0.0,12.538171085525972,1.0978440599375403
2023-06-01 00:00:00+00:00,-34.925,-71.28305,212.0,open-meteo_ecmwf_ifs,daily,16.2135,10.0635,8.37,10.5405855,2.150346,89.7479,0.0,12.469003188532643,1.0199366121973006
2023-06-02 00:00:00+00:00,-34.925,-71.28305,212.0,open-meteo_ecmwf_ifs,daily,15.9635,11.5135,4.52,11.521834,2.9808648,89.67989,54.899994,12.403060639130372,0.9561058874862787
2023-06-03 00:00:00+00:00,-34.925,-71.28305,212.0,open-meteo_ecmwf_ifs,daily,17.5135,10.613501,8.47,10.934334,2.0983493,87.28916,0.6,12.340357671740199,1.104319760959741
2023-06-04 00:00:00+00:00,-34.925,-71.28305,212.0,open-meteo_ecmwf_ifs,daily,15.863501,8.613501,9.24,9.161417,2.3538866,87.41393,0.0,12.280907599268806,1.0649825803082655
2023-06-05 00:00:00+00:00,-34.925,-71.28305,212.0,open-meteo_ecmwf_ifs,daily,16.6135,7.7135,9.09,7.242666,1.6830276,80.07203,0.0,12.224722834657896,1.120540128288169
2023-06-06 00:00:00+00:00,-34.925,-71.28305,212.0,open-meteo_ecmwf_ifs,daily,15.1635,8.613501,3.87,8.359334,1.768397,82.00559,0.0,12.17181491204934,0.9274315735353363
2023-06-07 00:00:00+00:00,-34.925,-71.28305,212.0,open-meteo_ecmwf_ifs,daily,18.6635,10.3135,7.48,11.507251,1.425343,91.03625,0.0,12.12219450746018,0.9674397228042835
2023-06-08 00:00:00+00:00,-34.925,-71.28305,212.0,open-meteo_ecmwf_ifs,daily,15.9635,10.9135,4.24,11.61975,4.28427,91.17096,25.8,12.075871458864572,0.9208856400206693
2023-06-09 00:00:00+00:00,-34.925,-71.28305,212.0,open-meteo_ecmwf_ifs,daily,13.363501,9.7135,5.56,9.711418,3.4679735,87.244896,21.499998,12.032854785582751,0.8469859752797559
2023-06-10 00:00:00+00:00,-34.925,-71.28305,212.0,open-meteo_ecmwf_ifs,daily,12.613501,4.2135,10.61,3.6197507,3.523887,74.61444,0.0,11.993152706881254,1.2567942656037374
2023-06-11 00:00:00+00:00,-34.925,-71.28305,212.0,open-meteo_ecmwf_ifs,daily,8.7135,1.3635001,9.92,1.3322501,3.230548,80.07571,0.0,11.956772659692389,0.9246068180649505
2023-06-12 00:00:00+00:00,-34.925,-71.28305,212.0,open-meteo_ecmwf_ifs,daily,8.9635,2.3635,7.3,2.7635002,2.2375176,89.059074,0.0,11.92372131536599,0.7513728917641828
2023-06-13 00:00:00+00:00,-34.925,-71.28305,212.0,open-meteo_ecmwf_ifs,daily,13.363501,-1.0864999,10.8,1.9947501,1.2595973,87.06507,0.0,11.894004595371545,0.7479861095658574
2023-06-14 00:00:00+00:00,-34.925,-71.28305,212.0,open-meteo_ecmwf_ifs,daily,13.4135,-0.13649994,9.48,0.26558325,1.4349484,73.418205,0.0,11.867627685874169,0.907575369710389
2023-06-15 00:00:00+00:00,-34.925,-71.28305,212.0,open-meteo_ecmwf_ifs,daily,11.5135,2.7635,6.05,4.771834,1.9442681,83.92072,0.0,11.844595051114016,0.701430849414056
2023-06-16 00:00:00+00:00,-34.925,-71.28305,212.0,open-meteo_ecmwf_ifs,daily,12.363501,7.0135,5.72,8.348918,2.547722,95.01017,0.0,11.82491044552508,0.6665954088515794
2023-06-17 00:00:00+00:00,-34.925,-71.28305,212.0,open-meteo_ecmwf_ifs,daily,17.7635,7.4135003,8.13,9.319751,0.93654853,92.65696,0.0,11.808576924535723,0.8254343679061094
2023-06-18 00:00:00+00:00,-34.925,-71.28305,212.0,open-meteo_ecmwf_ifs,daily,12.4635,7.1135,4.05,8.430167,1.8012209,93.37024,0.0,11.79559685400055,0.6237595805993871
2023-06-19 00:00:00+00:00,-34.925,-71.28305,212.0,open-meteo_ecmwf_ifs,daily,16.3135,6.6635003,6.07,8.394752,1.4636451,90.52375,2.9999998,11.785971918220302,0.835162831910645
2023-06-20 00:00:00+00:00,-34.925,-71.28305,212.0,open-meteo_ecmwf_ifs,daily,15.3135,8.4635,5.57,9.605167,1.2407516,92.68372,0.0,11.779703126513855,0.7467805475950223
2023-06-21 00:00:00+00:00,-34.925,-71.28305,212.0,open-meteo_ecmwf_ifs,daily,14.7635,8.9135,4.83,10.4635,1.5533708,93.08805,0.90000004,11.776790818314288,0.6725405216034644
2023-06-22 00:00:00+00:00,-34.925,-71.28305,212.0,open-meteo_ecmwf_ifs,daily,13.7635,11.9635,1.35,11.3135,4.085962,89.62522,72.9,11.777234666768438,0.7680263691915075
2023-06-23 00:00:00+00:00,-34.925,-71.28305,212.0,open-meteo_ecmwf_ifs,daily,15.2635,13.1635,0.89,13.730167,4.843283,95.62864,37.999996,11.78103368082765,0.4973688720182376
2023-06-24 00:00:00+00:00,-34.925,-71.28305,212.0,open-meteo_ecmwf_ifs,daily,16.2135,14.5635,1.7,14.165585,4.5072503,93.87229,54.500004,11.788186205825019,0.753305089982638
2023-06-25 00:00:00+00:00,-34.925,-71.28305,212.0,open-meteo_ecmwf_ifs,daily,15.4135,12.613501,2.09,13.163502,3.975701,94.82479,15.599999,11.798689922542676,0.6238854740014859
2023-06-26 00:00:00+00:00,-34.925,-71.28305,212.0,open-meteo_ecmwf_ifs,daily,14.2635,11.0635,2.81,11.70725,1.301124,93.66647,3.1,11.812541844780425,0.5957605182820346
2023-06-27 00:00:00+00:00,-34.925,-71.28305,212.0,open-meteo_ecmwf_ifs,daily,14.9635,8.5135,9.9,8.226001,1.7138147,84.951744,1.4000001,11.829738315444953,0.9634660686907688
2023-06-28 00:00:00+00:00,-34.925,-71.28305,212.0,open-meteo_ecmwf_ifs,daily,13.113501,3.4635,7.13,3.2010002,2.441423,76.40017,0.0,11.850275001186684,1.0924304525215482
2023-06-29 00:00:00+00:00,-34.925,-71.28305,212.0,open-meteo_ecmwf_ifs,daily,13.4635,3.1134999,7.97,2.79475,1.5466584,74.31175,0.0,11.874146885618686,0.9445860067048247
2023-06-30 00:00:00+00:00,-34.925,-71.28305,212.0,open-meteo_ecmwf_ifs,daily,18.0135,4.5635004,9.95,6.7426677,1.4460903,85.098015,0.0,11.901348261159628,0.9764522518851341
2023-07-01 00:00:00+00:00,-34.925,-71.28305,212.0,open-meteo_ecmwf_ifs,daily,17.5135,6.1135,7.77,8.648917,1.1714469,89.693275,0.0,11.931872719549794,0.840873271587115
2023-07-02 00:00:00+00:00,-34.925,-71.28305,212.0,open-meteo_ecmwf_ifs,daily,13.613501,9.9635,3.4,9.5385,3.094725,88.245415,8.7,11.965713141095994,0.8745454145084411
2023-07-03 00:00:00+00:00,-34.925,-71.28305,212.0,open-meteo_ecmwf_ifs,daily,17.3135,7.2635,9.17,10.080169,0.93752027,87.060814,7.1,12.00286168270778,0.8094190592730294
2023-07-04 00:00:00+00:00,-34.925,-71.28305,212.0,open-meteo_ecmwf_ifs,daily,12.9635,8.4635,3.65,9.25725,1.9442029,92.555595,4.2999997,12.043309764793491,0.6643632765983201
2023-07-05 00:00:00+00:00,-34.925,-71.28305,212.0,open-meteo_ecmwf_ifs,daily,14.0135,6.2635,5.62,7.9030843,1.246771,90.664215,0.0,12.087048057090469,0.7209844121505449
2023-07-06 00:00:00+00:00,-34.925,-71.28305,212.0,open-meteo_ecmwf_ifs,daily,15.2135,8.6635,7.86,8.617667,1.0529197,86.48316,0.2,12.13406646350914,0.8567592448854345
2023-07-07 00:00:00+00:00,-34.925,-71.28305,212.0,open-meteo_ecmwf_ifs,daily,11.613501,5.4135003,3.17,7.317667,2.0894237,94.73507,0.4,12.184354106075586,0.5872832631095951
2023-07-08 00:00:00+00:00,-34.925,-71.28305,212.0,open-meteo_ecmwf_ifs,daily,12.2635,9.4635,3.08,8.315585,3.0963268,86.646095,23.400002,12.237899308061886,0.9058498514369681
2023-07-09 00:00:00+00:00,-34.925,-71.28305,212.0,open-meteo_ecmwf_ifs,daily,14.4635,9.113501,8.42,9.205167,1.8486222,89.706665,1.0000001,12.294689576397184,0.9240637052140129
2023-07-10 00:00:00+00:00,-34.925,-71.28305,212.0,open-meteo_ecmwf_ifs,daily,14.2635,4.1635003,9.69,5.5905833,1.8422903,87.35946,0.0,12.354711583456544,0.950928196676619
2023-07-11 00:00:00+00:00,-34.925,-71.28305,212.0,open-meteo_ecmwf_ifs,daily,13.4635,7.1135,4.1,8.555167,1.9130348,90.023796,7.9,12.417951148327166,0.7117251077745648
2023-07-12 00:00:00+00:00,-34.925,-71.28305,212.0,open-meteo_ecmwf_ifs,daily,13.5135,9.5635,7.21,8.39475,3.2963822,84.48047,19.9,12.484393217654542,1.1299964982540023
2023-07-13 00:00:00+00:00,-34.925,-71.28305,212.0,open-meteo_ecmwf_ifs,daily,12.7135,3.6635,9.38,5.340584,1.7738996,88.82321,0.0,12.554021846173084,0.855585023116775
2023-07-14 00:00:00+00:00,-34.925,-71.28305,212.0,open-meteo_ecmwf_ifs,daily,10.9135,5.1135,5.07,5.126001,2.2487404,87.64857,0.0,12.626820177027291,0.8411149403924698
2023-07-15 00:00:00+00:00,-34.925,-71.28305,212.0,open-meteo_ecmwf_ifs,daily,11.113501,3.8634999,8.34,4.6114163,2.9529107,85.673065,0.0,12.702770421990811,0.9312478357070132
2023-07-16 00:00:00+00:00,-34.925,-71.28305,212.0,open-meteo_ecmwf_ifs,daily,10.113501,2.7635,6.72,2.93225,2.2534945,85.04606,0.0,12.781853841691369,0.8904519099851195
2023-07-17 00:00:00+00:00,-34.925,-71.28305,212.0,open-meteo_ecmwf_ifs,daily,16.3635,3.0135,10.16,4.9739165,1.0637635,86.82596,0.0,12.864050725949522,0.9585840467939846
2023-07-18 00:00:00+00:00,-34.925,-71.28305,212.0,open-meteo_ecmwf_ifs,daily,15.2135,7.3135004,4.51,7.855166,1.2250262,84.62377,0.0,12.949340374339327,0.8604253763345563
2023-07-19 00:00:00+00:00,-34.925,-71.28305,212.0,open-meteo_ecmwf_ifs,daily,18.0135,7.7135,7.45,7.130167,1.1693429,70.5525,0.0,13.037701077077958,1.1165171920234926
2023-07-20 00:00:00+00:00,-34.925,-71.28305,212.0,open-meteo_ecmwf_ifs,daily,16.713501,5.4635,8.36,8.630167,2.1128032,82.574326,0.0,13.129110096350264,0.9757352048794661
2023-07-21 00:00:00+00:00,-34.925,-71.28305,212.0,open-meteo_ecmwf_ifs,daily,13.0635,9.613501,2.03,9.80725,4.6720147,87.87917,27.6,13.223543648172917,0.78379035350829
2023-07-22 00:00:00+00:00,-34.925,-71.28305,212.0,open-meteo_ecmwf_ifs,daily,12.8135,10.0635,6.34,9.803083,2.4510214,89.625496,16.600002,13.32097688490064,0.8544184017465656
2023-07-23 00:00:00+00:00,-34.925,-71.28305,212.0,open-meteo_ecmwf_ifs,daily,10.0635,5.3635,4.57,5.6093335,1.9442824,88.012085,0.1,13.421383878474778,0.7430200260455103
2023-07-24 00:00:00+00:00,-34.925,-71.28305,212.0,open-meteo_ecmwf_ifs,daily,16.0135,2.9135,10.63,5.0051665,0.9877255,86.31717,0.0,13.524737604512032,1.0041614820196538
2023-07-25 00:00:00+00:00,-34.925,-71.28305,212.0,open-meteo_ecmwf_ifs,daily,12.3135,6.9135003,3.06,7.548918,1.1324668,87.3056,15.2,13.631009927327966,0.6939273637204215
2023-07-26 00:00:00+00:00,-34.925,-71.28305,212.0,open-meteo_ecmwf_ifs,daily,11.4135,5.6135,6.49,6.8364167,2.2320821,91.92028,0.4,13.740171585986767,0.790436657133943
2023-07-27 00:00:00+00:00,-34.925,-71.28305,212.0,open-meteo_ecmwf_ifs,daily,14.9635,6.3635,9.66,7.215584,1.7217411,87.9513,0.0,13.852192181465297,1.1136675976665047
2023-07-28 00:00:00+00:00,-34.925,-71.28305,212.0,open-meteo_ecmwf_ifs,daily,16.9135,6.4135003,8.74,8.071834,1.4709358,86.882355,0.0,13.967040165015499,1.1102315940807992
2023-07-29 00:00:00+00:00,-34.925,-71.28305,212.0,open-meteo_ecmwf_ifs,daily,17.1635,7.7635,10.32,9.367668,1.823624,86.37915,0.0,14.084682827805308,1.2120113079487536
2023-07-30 00:00:00+00:00,-34.925,-71.28305,212.0,open-meteo_ecmwf_ifs,daily,17.3135,11.0135,7.86,11.248917,1.9213227,89.56838,0.0,14.205086291914002,1.1881646403001425
2023-07-31 00:00:00+00:00,-34.925,-71.28305,212.0,open-meteo_ecmwf_ifs,daily,19.713501,10.5135,11.35,11.955167,1.4196783,92.02622,0.0,14.328215502753443,1.3592771199395661
2023-08-01 00:00:00+00:00,-34.925,-71.28305,212.0,open-meteo_ecmwf_ifs,daily,17.4135,10.0635,11.11,11.223916,2.2141762,89.28342,0.0,14.454034222982079,1.3096007069336297
2023-08-02 00:00:00+00:00,-34.925,-71.28305,212.0,open-meteo_ecmwf_ifs,daily,15.613501,7.7635,11.72,8.748918,3.9023237,85.008995,0.0,14.582505027973776,1.4196015087585454
2023-08-03 00:00:00+00:00,-34.925,-71.28305,212.0,open-meteo_ecmwf_ifs,daily,14.5135,4.4135003,11.42,5.536417,2.7605999,81.26273,0.0,14.713589302898866,1.3547848232846542
2023-08-04 00:00:00+00:00,-34.925,-71.28305,212.0,open-meteo_ecmwf_ifs,daily,15.2635,5.0635004,10.39,6.0405827,2.2650404,84.72787,0.0,14.847247241469365,1.3298402519662713
2023-08-05 00:00:00+00:00,-34.925,-71.28305,212.0,open-meteo_ecmwf_ifs,daily,15.4635,5.6135,9.04,7.901001,1.7967796,88.37542,0.0,14.983437846395793,1.102745011643687
2023-08-06 00:00:00+00:00,-34.925,-71.28305,212.0,open-meteo_ecmwf_ifs,daily,17.713501,8.863501,11.02,9.690583,1.2401217,83.11652,0.0,15.1221189315974,1.3333946307486517
2023-08-07 00:00:00+00:00,-34.925,-71.28305,212.0,open-meteo_ecmwf_ifs,daily,16.1635,5.3635,9.39,8.138499,1.121511,88.72772,0.0,15.263247126202419,1.0894986479570097
2023-08-08 00:00:00+00:00,-34.925,-71.28305,212.0,open-meteo_ecmwf_ifs,daily,18.5135,5.6635003,12.78,8.534333,1.0656147,85.36782,0.0,15.406777880370004,1.3582435377462305
2023-08-09 00:00:00+00:00,-34.925,-71.28305,212.0,open-meteo_ecmwf_ifs,daily,15.4135,9.113501,4.44,9.821834,2.1086686,89.21276,0.0,15.552665472959733,0.9887723264863943
2023-08-10 00:00:00+00:00,-34.925,-71.28305,212.0,open-meteo_ecmwf_ifs,daily,13.613501,8.6635,7.43,8.11975,3.7037096,83.496925,21.000004,15.700863021069486,1.3036659294319697
2023-08-11 00:00:00+00:00,-34.925,-71.28305,212.0,open-meteo_ecmwf_ifs,daily,13.9635,5.0635004,13.93,5.9864173,3.3293211,85.272865,0.0,15.851322491457173,1.526899788292772
2023-08-12 00:00:00+00:00,-34.925,-71.28305,212.0,open-meteo_ecmwf_ifs,daily,16.6135,2.1135,14.14,2.9468336,2.8613122,72.27935,0.0,16.00399471385618,1.8385908792924126
2023-08-13 00:00:00+00:00,-34.925,-71.28305,212.0,open-meteo_ecmwf_ifs,daily,19.463501,4.3635,13.41,6.85725,2.1080792,80.13671,0.0,16.158829396189304,1.7142850065535744
2023-08-14 00:00:00+00:00,-34.925,-71.28305,212.0,open-meteo_ecmwf_ifs,daily,19.713501,8.2635,10.96,10.053084,1.5109773,86.73946,0.0,16.315775141680714,1.5244518641350084
2023-08-15 00:00:00+00:00,-34.925,-71.28305,212.0,open-meteo_ecmwf_ifs,daily,16.1635,11.0135,5.34,11.269752,2.0764024,89.465645,0.1,16.474779467859655,1.0860373718128398
2023-08-16 00:00:00+00:00,-34.925,-71.28305,212.0,open-meteo_ecmwf_ifs,daily,15.8135,8.7135,8.96,10.080168,2.6324875,88.14459,12.199999,16.635788827445218,1.257945689552778
2023-08-17 00:00:00+00:00,-34.925,-71.28305,212.0,open-meteo_ecmwf_ifs,daily,14.7635,10.4635,8.79,10.4885,2.2062838,88.161125,18.900002,16.798748631095584,1.2448159849089582
2023-08-18 00:00:00+00:00,-34.925,-71.28305,212.0,open-meteo_ecmwf_ifs,daily,15.1635,4.7135,11.71,6.8030834,1.1598061,86.45394,0.1,16.963603272000416,1.321401359598341
2023-08-19 00:00:00+00:00,-34.925,-71.28305,212.0,open-meteo_ecmwf_ifs,daily,11.863501,9.2135,1.49,8.56975,3.8550255,88.38934,36.199997,17.130296152290143,0.8550637055076137
2023-08-20 00:00:00+00:00,-34.925,-71.28305,212.0,open-meteo_ecmwf_ifs,daily,14.1635,11.363501,2.02,11.55725,5.1350265,93.724815,40.300003,17.29876971123042,0.7847521269166118
2023-08-21 00:00:00+00:00,-34.925,-71.28305,212.0,open-meteo_ecmwf_ifs,daily,13.8135,12.4635,1.79,11.940582,6.6333976,93.53348,66.9,17.46896545516595,0.805590787742547
2023-08-22 00:00:00+00:00,-34.925,-71.28305,212.0,open-meteo_ecmwf_ifs,daily,13.6635,7.3635,2.06,9.909333,3.5622768,92.088264,150.69998,17.64082398917243,0.5810703476231096
2023-08-23 00:00:00+00:00,-34.925,-71.28305,212.0,open-meteo_ecmwf_ifs,daily,14.7635,5.4635,13.17,6.9635005,1.3820642,84.8933,0.6,17.81428505037114,1.488954662585909
2023-08-24 00:00:00+00:00,-34.925,-71.28305,212.0,open-meteo_ecmwf_ifs,daily,14.613501,4.8135004,14.44,5.2697506,1.3064836,78.413155,0.8,17.989287542856157,1.6214640415275834
2023-08-25 00:00:00+00:00,-34.925,-71.28305,212.0,open-meteo_ecmwf_ifs,daily,14.5135,3.3135,16.2,5.1280837,2.5037997,83.92788,0.0,18.165769574179475,1.7367599577377169
2023-08-26 00:00:00+00:00,-34.925,-71.28305,212.0,open-meteo_ecmwf_ifs,daily,15.5635,0.9135001,17.0,3.5426667,2.3967984,77.014946,0.0,18.343668493335556,1.8262842137334703
2023-08-27 00:00:00+00:00,-34.925,-71.28305,212.0,open-meteo_ecmwf_ifs,daily,18.213501,2.2135,17.14,5.178084,1.5874404,80.90041,0.0,18.522920930182455,1.9145585613587974
2023-08-28 00:00:00+00:00,-34.925,-71.28305,212.0,open-meteo_ecmwf_ifs,daily,14.0635,7.2135,4.84,7.553085,1.5312362,82.72238,1.2,18.703462836232504,1.061389286601173
2023-08-29 00:00:00+00:00,-34.925,-71.28305,212.0,open-meteo_ecmwf_ifs,daily,17.9135,4.6135,15.94,7.2530837,1.7605548,81.51124,0.0,18.885229526742453,1.89347722078394
2023-08-30 00:00:00+00:00,-34.925,-71.28305,212.0,open-meteo_ecmwf_ifs,daily,16.1635,5.9635,13.97,6.66975,2.1343281,75.43572,0.1,19.068155724028465,1.849775216825366
2023-08-31 00:00:00+00:00,-34.925,-71.28305,212.0,open-meteo_ecmwf_ifs,daily,15.0135,4.0635,15.72,5.21975,2.7839603,78.02946,0.0,19.252175601928748,1.9116406188473982
2023-09-01 00:00:00+00:00,-34.925,-71.28305,212.0,open-meteo_ecmwf_ifs,daily,13.8135,5.7135,7.05,6.0030837,2.1867447,79.732315,0.0,19.437222831332917,1.3275199552061112
2023-09-02 00:00:00+00:00,-34.925,-71.28305,212.0,open-meteo_ecmwf_ifs,daily,14.863501,9.1635,4.8,9.559333,1.6322513,89.75547,12.700001,19.623230626694067,1.0656136334727029
2023-09-03 00:00:00+00:00,-34.925,-71.28305,212.0,open-meteo_ecmwf_ifs,daily,13.0135,8.863501,5.11,9.78225,0.96232,92.85697,11.299999,19.81013179343722,0.9157256448754776
2023-09-04 00:00:00+00:00,-34.925,-71.28305,212.0,open-meteo_ecmwf_ifs,daily,12.3135,9.9635,2.62,10.09475,1.1486408,93.40145,21.600004,19.99785877617456,0.7232270294594573
2023-09-05 00:00:00+00:00,-34.925,-71.28305,212.0,open-meteo_ecmwf_ifs,daily,12.1635,6.7635,2.57,8.559335,1.177403,93.47164,6.8,20.18634370763596,0.679297766624095
2023-09-06 00:00:00+00:00,-34.925,-71.28305,212.0,open-meteo_ecmwf_ifs,daily,13.9135,10.1635,4.52,9.5885,2.1928194,88.631966,30.999998,20.375518458220917,1.103447516181434
2023-09-07 00:00:00+00:00,-34.925,-71.28305,212.0,open-meteo_ecmwf_ifs,daily,15.113501,6.1135,12.88,6.75725,1.1881827,83.10493,1.5,20.56531468607597,1.692927371971702
2023-09-08 00:00:00+00:00,-34.925,-71.28305,212.0,open-meteo_ecmwf_ifs,daily,17.4135,7.0635004,18.21,7.6135,1.9188018,78.157974,0.0,20.75566388760044,2.321207887594053
2023-09-09 00:00:00+00:00,-34.925,-71.28305,212.0,open-meteo_ecmwf_ifs,daily,14.0635,8.9135,5.0,8.986417,1.6127135,83.53549,30.1,20.946497448281242,1.0942575110579396
2023-09-10 00:00:00+00:00,-34.925,-71.28305,212.0,open-meteo_ecmwf_ifs,daily,14.863501,11.0135,3.83,10.623916,2.6720407,89.313965,41.6,21.137746693756917,1.105529077276924
2023-09-11 00:00:00+00:00,-34.925,-71.28305,212.0,open-meteo_ecmwf_ifs,daily,16.3135,6.8635,19.56,7.969749,2.8307455,77.83486,26.6,21.329342941009887,2.352403947730991
2023-09-12 00:00:00+00:00,-34.925,-71.28305,212.0,open-meteo_ecmwf_ifs,daily,14.9635,3.7135,20.25,4.678084,3.3686228,75.09817,0.0,21.521217549585,2.3726310136252806
2023-09-13 00:00:00+00:00,-34.925,-71.28305,212.0,open-meteo_ecmwf_ifs,daily,13.9135,2.6134999,10.37,5.171834,1.4411954,80.43468,0.0,21.71330197273277,1.413816197399463
2023-09-14 00:00:00+00:00,-34.925,-71.28305,212.0,open-meteo_ecmwf_ifs,daily,19.963501,9.113501,15.94,9.16975,1.4799775,79.20585,0.0,21.905527808374632,2.393125109039011
2023-09-15 00:00:00+00:00,-34.925,-71.28305,212.0,open-meteo_ecmwf_ifs,daily,21.1635,8.4635,18.71,11.255168,1.763615,87.68449,0.0,22.097826849788717,2.558700377844877
2023-09-16 00:00:00+00:00,-34.925,-71.28305,212.0,open-meteo_ecmwf_ifs,daily,16.2135,9.0135,5.8,10.488502,2.3502786,88.76166,0.8000001,22.290131135914283,1.2152397114514422
2023-09-17 00:00:00+00:00,-34.925,-71.28305,212.0,open-meteo_ecmwf_ifs,daily,14.7635,7.6635003,16.52,6.0280833,3.1373703,73.96795,0.0,22.482373001174018,2.4180381160671893
2023-09-18 00:00:00+00:00,-34.925,-71.28305,212.0,open-meteo_ecmwf_ifs,daily,15.4135,3.4135,16.51,3.7968338,3.1980088,69.694176,0.0,22.674485124714643,2.335446593723303
2023-09-19 00:00:00+00:00,-34.925,-71.28305,212.0,open-meteo_ecmwf_ifs,daily,14.4635,5.0635004,12.09,4.603083,3.0315914,71.94107,0.0,22.86640057896695,2.0203024090137807
2023-09-20 00:00:00+00:00,-34.925,-71.28305,212.0,open-meteo_ecmwf_ifs,daily,16.1135,6.2635,9.74,8.232251,3.2495728,82.59778,0.0,23.058052877428622,1.6408555167855443
2023-09-21 00:00:00+00:00,-34.925,-71.28305,212.0,open-meteo_ecmwf_ifs,daily,17.963501,8.4635,15.31,8.559334,2.9341958,78.46488,0.0,23.249376021574676,2.4400469293182385
2023-09-22 00:00:00+00:00,-34.925,-71.28305,212.0,open-meteo_ecmwf_ifs,daily,15.9135,9.4135,6.56,9.736418,1.3301103,84.818565,0.0,23.44030454680238,1.3294604922958584
2023-09-23 00:00:00+00:00,-34.925,-71.28305,212.0,open-meteo_ecmwf_ifs,daily,20.0635,9.0135,16.71,9.351001,2.0792603,80.43273,0.0,23.630773567320414,2.640935207583349
2023-09-24 00:00:00+00:00,-34.925,-71.28305,212.0,open-meteo_ecmwf_ifs,daily,18.213501,6.4635,21.26,7.8968353,2.1488998,81.242966,0.0,23.820718819894083,2.770220655436799
2023-09-25 00:00:00+00:00,-34.925,-71.28305,212.0,open-meteo_ecmwf_ifs,daily,17.8635,5.3135004,18.68,6.592667,2.3095798,75.52906,0.0,24.01007670636181,2.5788841612982965
2023-09-26 00:00:00+00:00,-34.925,-71.28305,212.0,open-meteo_ecmwf_ifs,daily,16.713501,4.5135,22.55,6.7155833,3.439298,78.84379,8.8,24.198784334841143,2.689929014654409
2023-09-27 00:00:00+00:00,-34.925,-71.28305,212.0,open-meteo_ecmwf_ifs,daily,16.5635,4.8135004,21.78,4.9614167,3.2627647,72.91747,0.0,24.38677955954571,2.903634018747847
2023-09-28 00:00:00+00:00,-34.925,-71.28305,212.0,open-meteo_ecmwf_ifs,daily,17.9135,7.1635003,20.63,7.2176666,3.8437672,76.18855,0.0,24.57400101913897,3.015869841380725
2023-09-29 00:00:00+00:00,-34.925,-71.28305,212.0,open-meteo_ecmwf_ifs,daily,22.0635,6.1635003,21.74,8.10725,1.7269715,76.2523,0.0,24.7603881735534,3.125535499089332
2023-09-30 00:00:00+00:00,-34.925,-71.28305,212.0,open-meteo_ecmwf_ifs,daily,23.9135,8.0635,22.37,11.232251,1.7789525,79.661446,0.0,24.94588133920904,3.2962608922642302
2023-10-01 00:00:00+00:00,-34.925,-71.28305,212.0,open-meteo_ecmwf_ifs,daily,17.6635,10.8135,10.67,10.773919,1.8445283,84.068535,0.3,25.130421722568915,1.9255959086424173
2023-10-02 00:00:00+00:00,-34.925,-71.28305,212.0,open-meteo_ecmwf_ifs,daily,14.113501,9.8135,6.72,7.9864163,1.5642885,77.86584,2.7999995,25.313951451973566,1.478973552924867
2023-10-03 00:00:00+00:00,-34.925,-71.28305,212.0,open-meteo_ecmwf_ifs,daily,15.9135,7.5635004,13.12,7.7114162,1.3835498,80.49728,0.9000001,25.496413607701818,2.0246916651163933
2023-10-04 00:00:00+00:00,-34.925,-71.28305,212.0,open-meteo_ecmwf_ifs,daily,19.1635,5.0135,23.07,7.0155835,2.215111,77.101555,0.0,25.677752250209647,3.0705147078081763
2023-10-05 00:00:00+00:00,-34.925,-71.28305,212.0,open-meteo_ecmwf_ifs,daily,19.0635,6.8135004,21.3,7.3155828,1.6112894,73.92968,0.3,25.857912446504038,3.004295935325348
2023-10-06 00:00:00+00:00,-34.925,-71.28305,212.0,open-meteo_ecmwf_ifs,daily,17.213501,7.3635,15.95,7.1635003,1.4274601,73.95391,0.3,26.036840294614162,2.421149536436511
2023-10-07 00:00:00+00:00,-34.925,-71.28305,212.0,open-meteo_ecmwf_ifs,daily,20.1635,5.6635003,24.5,6.8301673,3.0625143,72.6137,0.0,26.21448294612702,3.4841329459930463
2023-10-08 00:00:00+00:00,-34.925,-71.28305,212.0,open-meteo_ecmwf_ifs,daily,20.1635,5.4135003,23.32,6.6822505,2.9840562,69.5652,0.0,26.390788626760877,3.380922070383744
2023-10-09 00:00:00+00:00,-34.925,-71.28305,212.0,open-meteo_ecmwf_ifs,daily,21.7635,6.5135,22.14,6.6405835,2.3220084,68.277306,0.0,26.565706654954436,3.4964780518735084
2023-10-10 00:00:00+00:00,-34.925,-71.28305,212.0,open-meteo_ecmwf_ifs,daily,20.963501,7.7635,19.58,7.7176666,1.5747733,71.5414,0.0,26.739187458456104,3.086704670825953
2023-10-11 00:00:00+00:00,-34.925,-71.28305,212.0,open-meteo_ecmwf_ifs,daily,20.213501,5.6635003,23.77,7.3843346,1.8836969,72.75259,0.0,26.9111825889028,3.310201694049435
2023-10-12 00:00:00+00:00,-34.925,-71.28305,212.0,open-meteo_ecmwf_ifs,daily,22.4135,6.5635004,25.73,7.4218335,2.5365741,66.38371,0.0,27.08164473438362,3.8783214658907945
2023-10-13 00:00:00+00:00,-34.925,-71.28305,212.0,open-meteo_ecmwf_ifs,daily,22.6135,6.6635003,23.75,7.4843345,2.5158925,66.58877,0.0,27.250527729989393,3.7355587498747114
2023-10-14 00:00:00+00:00,-34.925,-71.28305,212.0,open-meteo_ecmwf_ifs,daily,23.0635,6.9635,25.74,6.615584,2.3011591,60.527073,0.0,27.417786566354792,4.041631044432173
2023-10-15 00:00:00+00:00,-34.925,-71.28305,212.0,open-meteo_ecmwf_ifs,daily,21.3635,7.8635,25.88,6.894751,2.752677,62.590744,0.0,27.58337739620524,4.038210441045292
2023-10-16 00:00:00+00:00,-34.925,-71.28305,212.0,open-meteo_ecmwf_ifs,daily,22.1635,6.3135004,26.35,4.3884997,3.6910133,55.997265,0.0,27.74725753892668,4.443707522400032
2023-10-17 00:00:00+00:00,-34.925,-71.28305,212.0,open-meteo_ecmwf_ifs,daily,27.6135,7.1635003,26.5,6.8385005,2.0125523,56.022552,0.0,27.909385483181456,4.504745238545997
2023-10-18 00:00:00+00:00,-34.925,-71.28305,212.0,open-meteo_ecmwf_ifs,daily,21.213501,10.363501,17.32,8.361417,3.317382,64.54722,3.6999998,28.069720887599473,3.5083196839177373
2023-10-19 00:00:00+00:00,-34.925,-71.28305,212.0,open-meteo_ecmwf_ifs,daily,24.713501,7.6135,21.22,7.234333,2.4331563,65.0594,0.0,28.22822457957856,3.882639551137098
2023-10-20 00:00:00+00:00,-34.925,-71.28305,212.0,open-meteo_ecmwf_ifs,daily,24.6635,12.5635,15.2,10.828083,1.427641,64.85598,0.0,28.38485855223376,3.096924277197453
2023-10-21 00:00:00+00:00,-34.925,-71.28305,212.0,open-meteo_ecmwf_ifs,daily,20.6635,13.5135,11.11,12.213501,1.4425646,76.93841,0.0,28.539585959539874,2.313064203976069
2023-10-22 00:00:00+00:00,-34.925,-71.28305,212.0,open-meteo_ecmwf_ifs,daily,22.3635,11.9635,17.34,11.753085,1.8692237,76.540596,0.0,28.692371109716632,3.1487059331150373
2023-10-23 00:00:00+00:00,-34.925,-71.28305,212.0,open-meteo_ecmwf_ifs,daily,22.0635,10.5135,19.87,9.942667,1.789021,72.45068,0.0,28.843179456910605,3.418758470684811
2023-10-24 00:00:00+00:00,-34.925,-71.28305,212.0,open-meteo_ecmwf_ifs,daily,22.7635,9.9135,25.4,8.600999,2.827379,67.95356,0.0,28.99197759123235,4.313696443269982
2023-10-25 00:00:00+00:00,-34.925,-71.28305,212.0,open-meteo_ecmwf_ifs,daily,23.6135,9.1635,25.21,9.130168,2.3456066,66.04587,0.0,29.1387332272115,4.175347078803561
2023-10-26 00:00:00+00:00,-34.925,-71.28305,212.0,open-meteo_ecmwf_ifs,daily,23.5135,8.5135,24.97,9.761418,1.4225769,70.97288,0.0,29.283415190736715,3.8961560446890102
2023-10-27 00:00:00+00:00,-34.925,-71.28305,212.0,open-meteo_ecmwf_ifs,daily,19.0135,9.4635,12.54,8.123918,2.775668,71.28611,0.3,29.425993404550663,2.6827830504413592
2023-10-28 00:00:00+00:00,-34.925,-71.28305,212.0,open-meteo_ecmwf_ifs,daily,14.8135,10.5135,4.41,7.353084,4.0648003,72.74648,7.6,29.566438872374448,1.94605681035021
2023-10-29 00:00:00+00:00,-34.925,-71.28305,212.0,open-meteo_ecmwf_ifs,daily,14.2635,10.613501,7.65,9.523917,4.620503,85.1936,56.79999,29.704723661737848,1.7268419918258149
2023-10-30 00:00:00+00:00,-34.925,-71.28305,212.0,open-meteo_ecmwf_ifs,daily,16.2135,8.1135,18.63,7.8780847,2.3050787,78.544754,0.3,29.840820885596074,2.80114159289451
2023-10-31 00:00:00+00:00,-34.925,-71.28305,212.0,open-meteo_ecmwf_ifs,daily,18.713501,7.1135,26.03,6.157251,2.5789752,67.191925,0.4,29.974704682814647,3.8523496118803213
2023-11-01 00:00:00+00:00,-34.925,-71.28305,212.0,open-meteo_ecmwf_ifs,daily,17.0135,7.2135,20.34,7.755167,1.9719334,76.20249,0.0,30.106350197607522,2.962871570483907
2023-11-02 00:00:00+00:00,-34.925,-71.28305,212.0,open-meteo_ecmwf_ifs,daily,18.1635,5.9135003,23.4,7.792666,1.3506438,76.99213,0.8000001,30.23573355801447,3.2429254900853226
2023-11-03 00:00:00+00:00,-34.925,-71.28305,212.0,open-meteo_ecmwf_ifs,daily,23.5635,5.9135003,29.16,8.786417,3.2083893,72.7684,0.0,30.36283185350571,4.349525290115745
2023-11-04 00:00:00+00:00,-34.925,-71.28305,212.0,open-meteo_ecmwf_ifs,daily,22.8135,8.5635,28.84,10.007252,2.7185614,70.26989,0.0,30.487623111802552,4.401141910664027
2023-11-05 00:00:00+00:00,-34.925,-71.28305,212.0,open-meteo_ecmwf_ifs,daily,21.3135,8.8135,19.42,10.132251,1.5089344,79.28271,0.0,30.61008627500373,3.1804798715106
2023-11-06 00:00:00+00:00,-34.925,-71.28305,212.0,open-meteo_ecmwf_ifs,daily,21.7635,9.0635,21.74,10.459333,2.263885,77.109665,0.0,30.730201175107446,3.535120234204547
2023-11-07 00:00:00+00:00,-34.925,-71.28305,212.0,open-meteo_ecmwf_ifs,daily,21.1635,10.4135,24.42,9.059334,2.1456354,67.5662,0.0,30.847948509018817,4.0333798720820955
2023-11-08 00:00:00+00:00,-34.925,-71.28305,212.0,open-meteo_ecmwf_ifs,daily,23.1135,7.6635003,28.83,7.688501,3.8045425,63.938496,0.0,30.963309813132412,4.742165541762439
2023-11-09 00:00:00+00:00,-34.925,-71.28305,212.0,open-meteo_ecmwf_ifs,daily,25.9135,10.1635,28.02,11.0635,2.2985709,70.098015,0.0,31.076267437578636,4.761319062089934
2023-11-10 00:00:00+00:00,-34.925,-71.28305,212.0,open-meteo_ecmwf_ifs,daily,17.0635,11.363501,6.45,10.421833,2.2375968,83.27116,23.5,31.186804520221344,1.7039405967638286
2023-11-11 00:00:00+00:00,-34.925,-71.28305,212.0,open-meteo_ecmwf_ifs,daily,14.113501,11.613501,4.73,10.248918,2.7797983,85.58369,6.8,31.29490496049282,1.341006391887587
2023-11-12 00:00:00+00:00,-34.925,-71.28305,212.0,open-meteo_ecmwf_ifs,daily,17.5635,6.5135,25.29,6.634334,2.9617004,73.327034,2.6,31.4005533931505,3.6119091880875245
2023-11-13 00:00:00+00:00,-34.925,-71.28305,212.0,open-meteo_ecmwf_ifs,daily,19.6135,5.4635,30.51,4.8614173,3.6344888,60.615223,0.0,31.503735162037177,4.461416868125163
2023-11-14 00:00:00+00:00,-34.925,-71.28305,212.0,open-meteo_ecmwf_ifs,daily,19.7635,6.4135003,24.82,6.7093334,3.14863,67.467415,0.0,31.604436293924373,3.8444198686985964
2023-11-15 00:00:00+00:00,-34.925,-71.28305,212.0,open-meteo_ecmwf_ifs,daily,20.8635,6.0135,26.87,6.5364175,1.7134074,69.92448,0.0,31.70264347251547,4.007061568231198
2023-11-16 00:00:00+00:00,-34.925,-71.28305,212.0,open-meteo_ecmwf_ifs,daily,22.0635,5.7135,30.22,6.932251,2.3553948,68.58292,0.0,31.798344012682115,4.468276388258834
2023-11-17 00:00:00+00:00,-34.925,-71.28305,212.0,open-meteo_ecmwf_ifs,daily,13.4635,10.3135,6.66,9.330167,4.108391,84.88714,32.800003,31.89152583500424,1.534154580450662
2023-11-18 00:00:00+00:00,-34.925,-71.28305,212.0,open-meteo_ecmwf_ifs,daily,18.8635,8.5635,12.88,10.821835,1.4404656,86.46341,0.2,31.982177440680097,2.215027016383104
2023-11-19 00:00:00+00:00,-34.925,-71.28305,212.0,open-meteo_ecmwf_ifs,daily,24.8635,7.8635,29.52,10.976001,1.8802103,76.3902,0.0,32.07028788686898,4.584569341833628
2023-11-20 00:00:00+00:00,-34.925,-71.28305,212.0,open-meteo_ecmwf_ifs,daily,21.713501,8.3135,27.72,10.155167,1.57309,73.55038,0.0,32.155846762525684,4.169206840006771
2023-11-21 00:00:00+00:00,-34.925,-71.28305,212.0,open-meteo_ecmwf_ifs,daily,22.1635,11.0135,26.71,9.58225,2.8432157,69.333534,0.0,32.238844164780694,4.564505360817179
2023-11-22 00:00:00+00:00,-34.925,-71.28305,212.0,open-meteo_ecmwf_ifs,daily,22.3135,8.0635,28.99,9.353084,3.237529,71.6166,0.0,32.319270675916854,4.482946614041249
2023-11-23 00:00:00+00:00,-34.925,-71.28305,212.0,open-meteo_ecmwf_ifs,daily,27.0635,8.1135,30.99,8.830167,3.0766566,60.897198,0.0,32.39711734098792,5.400157661165754
2023-11-24 00:00:00+00:00,-34.925,-71.28305,212.0,open-meteo_ecmwf_ifs,daily,27.463501,11.2635,30.12,13.190585,2.2950132,70.841225,0.0,32.47237564612044,5.1903672243245875
2023-11-25 00:00:00+00:00,-34.925,-71.28305,212.0,open-meteo_ecmwf_ifs,daily,26.1635,11.363501,25.48,13.361416,1.8367815,75.41254,0.0,32.545037497536015,4.430363055047233
2023-11-26 00:00:00+00:00,-34.925,-71.28305,212.0,open-meteo_ecmwf_ifs,daily,27.713501,13.613501,25.93,14.380168,1.7844085,74.06406,0.0,32.61509520132582,4.786859894794901
2023-11-27 00:00:00+00:00,-34.925,-71.28305,212.0,open-meteo_ecmwf_ifs,daily,25.3135,12.4135,22.91,12.265583,2.283133,71.81283,0.0,32.68254144400576,4.313027536658404
2023-11-28 00:00:00+00:00,-34.925,-71.28305,212.0,open-meteo_ecmwf_ifs,daily,22.6635,11.2635,18.95,10.484334,2.2605054,70.408325,0.0,32.74736927387548,3.6364437248173505
2023-11-29 00:00:00+00:00,-34.925,-71.28305,212.0,open-meteo_ecmwf_ifs,daily,26.0635,10.5635,32.36,9.561417,3.8117735,63.913418,0.0,32.80957208320045,5.809698793756818
2023-11-30 00:00:00+00:00,-34.925,-71.28305,212.0,open-meteo_ecmwf_ifs,daily,27.2635,10.7135,31.28,9.85725,2.033703,57.850315,0.0,32.86914359123249,5.492428354175068
2023-12-01 00:00:00+00:00,-34.925,-71.28305,212.0,open-meteo_ecmwf_ifs,daily,23.1635,11.4635,24.58,10.278084,1.944603,68.00147,0.0,32.92607782807963,4.322572441099681
2023-12-02 00:00:00+00:00,-34.925,-71.28305,212.0,open-meteo_ecmwf_ifs,daily,22.5135,11.613501,29.86,8.203084,4.182328,62.060154,0.0,32.980369119432844,5.434235564777093
2023-12-03 00:00:00+00:00,-34.925,-71.28305,212.0,open-meteo_ecmwf_ifs,daily,24.963501,7.1635003,32.67,2.851,4.5366006,44.803223,0.0,33.032012072153634,6.159080534818831
2023-12-04 00:00:00+00:00,-34.925,-71.28305,212.0,open-meteo_ecmwf_ifs,daily,28.8635,10.363501,32.34,8.373916,1.9699506,53.256977,0.0,33.081001560722996,5.822991362376531
2023-12-05 00:00:00+00:00,-34.925,-71.28305,212.0,open-meteo_ecmwf_ifs,daily,24.0635,10.9635,31.01,8.298917,2.3954637,60.484753,0.0,33.12733271454955,5.3497992357475574
2023-12-06 00:00:00+00:00,-34.925,-71.28305,212.0,open-meteo_ecmwf_ifs,daily,27.5635,9.4635,31.66,8.628084,2.2099495,61.938965,0.0,33.171000906131844,5.577653543934362
2023-12-07 00:00:00+00:00,-34.925,-71.28305,212.0,open-meteo_ecmwf_ifs,daily,31.1135,12.363501,32.85,10.528084,2.2587705,58.03803,0.0,33.21200174006751,6.31505681784408
2023-12-08 00:00:00+00:00,-34.925,-71.28305,212.0,open-meteo_ecmwf_ifs,daily,28.7635,14.7135,31.87,12.155167,2.1648436,59.763126,0.0,33.2503310429,6.063494574444413
2023-12-09 00:00:00+00:00,-34.925,-71.28305,212.0,open-meteo_ecmwf_ifs,daily,29.0135,12.4135,32.95,7.809334,4.35204,48.72815,0.0,33.28598485379195,7.023607500189669
2023-12-10 00:00:00+00:00,-34.925,-71.28305,212.0,open-meteo_ecmwf_ifs,daily,34.1635,11.4135,32.63,9.140584,3.1685255,47.733273,0.0,33.31895941601278,7.007365178796847
2023-12-11 00:00:00+00:00,-34.925,-71.28305,212.0,open-meteo_ecmwf_ifs,daily,25.3135,13.113501,29.61,10.155168,2.505723,59.9976,0.0,33.34925116922749,5.468115568826286
2023-12-12 00:00:00+00:00,-34.925,-71.28305,212.0,open-meteo_ecmwf_ifs,daily,28.213501,11.7635,31.8,9.805167,3.522666,57.82517,0.0,33.376856742572684,6.201328169455015
2023-12-13 00:00:00+00:00,-34.925,-71.28305,212.0,open-meteo_ecmwf_ifs,daily,29.713501,11.9635,32.85,6.5822506,3.1176808,42.934086,0.0,33.4017729485057,6.731849351304536
2023-12-14 00:00:00+00:00,-34.925,-71.28305,212.0,open-meteo_ecmwf_ifs,daily,27.3635,15.363501,32.05,7.3593335,2.6489806,41.639664,0.0,33.4239967774132,6.517811292765859
2023-12-15 00:00:00+00:00,-34.925,-71.28305,212.0,open-meteo_ecmwf_ifs,daily,27.463501,10.613501,32.3,8.394751,2.0648606,56.15922,0.0,33.44352539296492,5.755842396302585
2023-12-16 00:00:00+00:00,-34.925,-71.28305,212.0,open-meteo_ecmwf_ifs,daily,22.6135,10.613501,26.17,6.8280835,2.84849,56.46983,0.0,33.46035612820049,4.878846292705467
2023-12-17 00:00:00+00:00,-34.925,-71.28305,212.0,open-meteo_ecmwf_ifs,daily,23.4135,12.1635,24.12,8.45725,2.2478802,59.413815,0.2,33.47448648233668,4.616022717409672
2023-12-18 00:00:00+00:00,-34.925,-71.28305,212.0,open-meteo_ecmwf_ifs,daily,27.0135,10.363501,32.81,4.9135,3.7551842,44.45424,0.0,33.48591411828487,6.54102883476085
2023-12-19 00:00:00+00:00,-34.925,-71.28305,212.0,open-meteo_ecmwf_ifs,daily,24.7635,11.5135,32.36,7.89475,2.8999555,53.139465,0.0,33.494636860869136,5.817557991302029
2023-12-20 00:00:00+00:00,-34.925,-71.28305,212.0,open-meteo_ecmwf_ifs,daily,28.4135,10.363501,31.91,9.146833,2.5301845,61.326443,0.0,33.50065269573753,5.871045867142847
2023-12-21 00:00:00+00:00,-34.925,-71.28305,212.0,open-meteo_ecmwf_ifs,daily,30.5135,13.0635,32.57,10.28225,2.3684118,53.59817,0.0,33.50395976896067,6.368391842395956
2023-12-22 00:00:00+00:00,-34.925,-71.28305,212.0,open-meteo_ecmwf_ifs,daily,31.713501,13.5635,32.28,8.673918,2.5334346,48.38621,0.0,33.504556387313635,6.69333744522273
2023-12-23 00:00:00+00:00,-34.925,-71.28305,212.0,open-meteo_ecmwf_ifs,daily,31.1635,14.6635,28.07,9.209333,2.8451843,45.59135,0.0,33.50244101923944,6.372234101668007
2023-12-24 00:00:00+00:00,-34.925,-71.28305,212.0,open-meteo_ecmwf_ifs,daily,30.9135,12.5635,32.14,9.901,2.0169706,50.291126,0.0,33.49761229649393,6.19063449597032
2023-12-25 00:00:00+00:00,-34.925,-71.28305,212.0,open-meteo_ecmwf_ifs,daily,34.6635,13.9635,33.03,9.426001,2.326285,44.404892,0.0,33.49006901647439,6.987911531876113
2023-12-26 00:00:00+00:00,-34.925,-71.28305,212.0,open-meteo_ecmwf_ifs,daily,29.213501,14.363501,31.44,11.480167,2.4663403,52.391357,0.0,33.47981014523612,6.177358345169467
2023-12-27 00:00:00+00:00,-34.925,-71.28305,212.0,open-meteo_ecmwf_ifs,daily,27.4135,14.7135,19.44,13.038499,1.5657715,65.06504,1.4,33.46683482120256,4.087111327480983
2023-12-28 00:00:00+00:00,-34.925,-71.28305,212.0,open-meteo_ecmwf_ifs,daily,26.463501,16.5635,18.43,13.255168,2.7845862,67.08445,0.0,33.45114235957737,4.417112627325963
2023-12-29 00:00:00+00:00,-34.925,-71.28305,212.0,open-meteo_ecmwf_ifs,daily,30.1635,13.5635,30.17,12.415584,2.0130067,63.285275,0.0,33.432732257467485,5.819642839576463
2023-12-30 00:00:00+00:00,-34.925,-71.28305,212.0,open-meteo_ecmwf_ifs,daily,27.5135,15.0635,25.65,12.567668,3.1598628,64.44252,0.0,33.41160419972831,5.4312397939934245
2023-12-31 00:00:00+00:00,-34.925,-71.28305,212.0,open-meteo_ecmwf_ifs,daily,27.5635,12.4135,31.4,11.051002,1.983675,63.757248,0.0,33.38775806554299,5.660540214984098
2024-01-01 00:00:00+00:00,-34.925,-71.28305,212.0,open-meteo_ecmwf_ifs,daily,29.3635,12.7135,32.0,12.178084,2.0896897,62.855423,0.0,33.361193935749114,5.908945175602907
2024-01-02 00:00:00+00:00,-34.925,-71.28305,212.0,open-meteo_ecmwf_ifs,daily,32.3135,14.0135,32.36,11.398917,2.1527646,57.025936,0.0,33.33191210092631,6.474592630661848
2024-01-03 00:00:00+00:00,-34.925,-71.28305,212.0,open-meteo_ecmwf_ifs,daily,32.3135,15.8135,32.25,12.2635,2.218448,53.109882,0.0,33.29991307025934,6.628734657488289
2024-01-04 00:00:00+00:00,-34.925,-71.28305,212.0,open-meteo_ecmwf_ifs,daily,31.5635,15.4135,31.6,13.546833,1.872426,58.210835,0.0,33.265197581190414,6.215935914530296
2024-01-05 00:00:00+00:00,-34.925,-71.28305,212.0,open-meteo_ecmwf_ifs,daily,30.2635,15.4635,27.77,14.228084,2.113991,65.06751,0.0,33.22776660987516,5.6066905305962464
2024-01-06 00:00:00+00:00,-34.925,-71.28305,212.0,open-meteo_ecmwf_ifs,daily,30.4135,15.613501,29.14,12.6885,2.5297165,61.17143,0.0,33.187621382455305,6.0815660562786915
2024-01-07 00:00:00+00:00,-34.925,-71.28305,212.0,open-meteo_ecmwf_ifs,daily,29.1635,14.0135,31.69,10.428084,3.22073,54.386677,0.0,33.14476338716048,6.475032514047726
2024-01-08 00:00:00+00:00,-34.925,-71.28305,212.0,open-meteo_ecmwf_ifs,daily,29.713501,13.863501,32.43,8.330168,3.919691,47.444057,0.0,33.09919438725014,7.081522301963898
2024-01-09 00:00:00+00:00,-34.925,-71.28305,212.0,open-meteo_ecmwf_ifs,daily,29.6135,13.363501,31.85,8.892667,2.862283,47.818172,0.0,33.05091643480504,6.474562401475177
2024-01-10 00:00:00+00:00,-34.925,-71.28305,212.0,open-meteo_ecmwf_ifs,daily,29.9135,14.3135,32.16,7.5760007,2.480458,43.81381,0.0,32.999931885375155,6.570014169744906
2024-01-11 00:00:00+00:00,-34.925,-71.28305,212.0,open-meteo_ecmwf_ifs,daily,30.9135,14.863501,31.0,7.7760005,2.3137724,42.94811,0.0,32.94624341348939,6.4926572194863255
2024-01-12 00:00:00+00:00,-34.925,-71.28305,212.0,open-meteo_ecmwf_ifs,daily,30.713501,14.113501,29.78,9.026,1.711647,46.354267,0.0,32.88985402902867,5.878327290933185
2024-01-13 00:00:00+00:00,-34.925,-71.28305,212.0,open-meteo_ecmwf_ifs,daily,28.3635,13.5135,31.31,10.551001,2.0693712,55.279896,0.0,32.830767094461805,5.869109746270783
2024-01-14 00:00:00+00:00,-34.925,-71.28305,212.0,open-meteo_ecmwf_ifs,daily,31.7635,13.8135,32.35,6.459334,3.008669,42.152737,0.0,32.76898634293975,7.061256459163406
2024-01-15 00:00:00+00:00,-34.925,-71.28305,212.0,open-meteo_ecmwf_ifs,daily,30.2635,14.0135,31.93,6.459334,3.0669441,38.58659,0.0,32.70451589724026,6.889355174509576
2024-01-16 00:00:00+00:00,-34.925,-71.28305,212.0,open-meteo_ecmwf_ifs,daily,31.6135,13.363501,32.09,9.201001,2.7763865,51.484924,0.0,32.63736028955149,6.652932165644442
2024-01-17 00:00:00+00:00,-34.925,-71.28305,212.0,open-meteo_ecmwf_ifs,daily,31.5635,16.1135,28.24,9.823917,2.4465644,42.24751,0.0,32.567524482078234,6.289548141259078
2024-01-18 00:00:00+00:00,-34.925,-71.28305,212.0,open-meteo_ecmwf_ifs,daily,31.9135,15.4135,31.79,8.446834,3.1709702,44.94165,0.0,32.49501388845132,7.138350455379324
2024-01-19 00:00:00+00:00,-34.925,-71.28305,212.0,open-meteo_ecmwf_ifs,daily,32.0135,13.6635,31.81,5.598917,3.34714,34.503986,0.0,32.41983439591511,7.228760177659449
2024-01-20 00:00:00+00:00,-34.925,-71.28305,212.0,open-meteo_ecmwf_ifs,daily,32.4635,15.0635,31.42,10.165584,2.242713,43.44777,0.0,32.34199238826457,6.517074081634184
2024-01-21 00:00:00+00:00,-34.925,-71.28305,212.0,open-meteo_ecmwf_ifs,daily,33.5135,17.3135,31.27,11.586417,1.7183715,47.677395,0.0,32.26149476949805,6.450223962595478
2024-01-22 00:00:00+00:00,-34.925,-71.28305,212.0,open-meteo_ecmwf_ifs,daily,35.0135,16.2635,30.52,13.573918,1.7711197,52.43245,0.0,32.17834898814751,6.350306034970595
2024-01-23 00:00:00+00:00,-34.925,-71.28305,212.0,open-meteo_ecmwf_ifs,daily,30.8135,16.9135,30.03,13.753085,2.035313,57.208668,0.0,32.09256306224339,6.056674189675119
2024-01-24 00:00:00+00:00,-34.925,-71.28305,212.0,open-meteo_ecmwf_ifs,daily,35.8635,15.2135,30.78,11.746833,2.2352526,51.6439,0.0,32.00414560486646,6.6797743867018955
2024-01-25 00:00:00+00:00,-34.925,-71.28305,212.0,open-meteo_ecmwf_ifs,daily,33.4635,15.8135,30.25,12.355167,1.9668463,49.768326,0.0,31.913105850234494,6.263615339362263
2024-01-26 00:00:00+00:00,-34.925,-71.28305,212.0,open-meteo_ecmwf_ifs,daily,31.4135,16.0135,27.25,13.617667,1.6384119,60.858093,0.0,31.819453680267156,5.488949299243132
2024-01-27 00:00:00+00:00,-34.925,-71.28305,212.0,open-meteo_ecmwf_ifs,daily,33.8635,16.3635,29.62,14.165585,2.3881724,58.43047,0.0,31.72319965156801,6.357205160619534
2024-01-28 00:00:00+00:00,-34.925,-71.28305,212.0,open-meteo_ecmwf_ifs,daily,32.2135,17.0135,29.43,14.392666,2.2868178,57.087162,0.0,31.62435502275848,6.159714884341677
2024-01-29 00:00:00+00:00,-34.925,-71.28305,212.0,open-meteo_ecmwf_ifs,daily,34.4635,15.3135,29.67,13.455169,2.040609,56.84193,0.0,31.52293178209454,6.189591323586846
2024-01-30 00:00:00+00:00,-34.925,-71.28305,212.0,open-meteo_ecmwf_ifs,daily,35.7635,16.713501,30.06,8.651,2.552248,39.167686,0.0,31.418942675292925,7.0285569750365005
2024-01-31 00:00:00+00:00,-34.925,-71.28305,212.0,open-meteo_ecmwf_ifs,daily,36.0135,17.7635,30.47,7.6780834,3.1272414,32.89185,0.0,31.312401233490444,7.664710789503204
2024-02-01 00:00:00+00:00,-34.925,-71.28305,212.0,open-meteo_ecmwf_ifs,daily,35.8635,17.963501,30.16,8.851001,2.9998772,35.116154,0.0,31.20332180125639,7.471196282475978
2024-02-02 00:00:00+00:00,-34.925,-71.28305,212.0,open-meteo_ecmwf_ifs,daily,36.3135,17.713501,29.9,10.690583,3.9386883,43.70607,0.0,31.091719564575072,7.933017327500029
2024-02-03 00:00:00+00:00,-34.925,-71.28305,212.0,open-meteo_ecmwf_ifs,daily,34.4635,18.1635,30.2,9.873917,5.1936727,40.37002,0.0,30.977610578713154,8.53374794876367
2024-02-04 00:00:00+00:00,-34.925,-71.28305,212.0,open-meteo_ecmwf_ifs,daily,32.1135,16.6635,29.46,9.096833,2.9499924,38.244213,0.0,30.861011795883552,6.7593627581715126
2024-02-05 00:00:00+00:00,-34.925,-71.28305,212.0,open-meteo_ecmwf_ifs,daily,32.7635,14.6635,28.72,12.096832,1.9185127,57.899517,0.0,30.7419410926161,5.801445601700438
2024-02-06 00:00:00+00:00,-34.925,-71.28305,212.0,open-meteo_ecmwf_ifs,daily,33.8635,16.713501,29.08,10.426,2.7815711,42.33359,0.0,30.62041729674349,6.70967910184002
2024-02-07 00:00:00+00:00,-34.925,-71.28305,212.0,open-meteo_ecmwf_ifs,daily,34.9135,18.1635,28.18,14.880169,3.3185709,55.6382,0.0,30.4964602139095,6.791854819938215
2024-02-08 00:00:00+00:00,-34.925,-71.28305,212.0,open-meteo_ecmwf_ifs,daily,33.2635,18.4135,28.22,9.009334,3.0319016,35.079414,0.0,30.370090653505773,6.963045569575106
2024-02-09 00:00:00+00:00,-34.925,-71.28305,212.0,open-meteo_ecmwf_ifs,daily,31.6635,15.7635,28.25,9.682251,2.419989,46.165604,0.0,30.241330453942968,6.095378880698027
2024-02-10 00:00:00+00:00,-34.925,-71.28305,212.0,open-meteo_ecmwf_ifs,daily,32.413498,13.9135,28.52,11.05725,1.9146434,54.870167,0.0,30.110202507161933,5.676221670817434
2024-02-11 00:00:00+00:00,-34.925,-71.28305,212.0,open-meteo_ecmwf_ifs,daily,31.713501,15.2135,28.1,11.711417,1.9930161,52.311676,0.0,29.976730782290748,5.678995436705745
2024-02-12 00:00:00+00:00,-34.925,-71.28305,212.0,open-meteo_ecmwf_ifs,daily,33.8135,15.363501,28.87,9.257251,3.7677567,45.40941,0.0,29.840940348354273,7.10074816065904
2024-02-13 00:00:00+00:00,-34.925,-71.28305,212.0,open-meteo_ecmwf_ifs,daily,33.5135,17.463501,28.11,8.248918,2.698984,35.74708,0.0,29.702857395943816,6.640875890283648
2024-02-14 00:00:00+00:00,-34.925,-71.28305,212.0,open-meteo_ecmwf_ifs,daily,32.1135,15.4635,27.22,13.444752,1.953982,61.370377,0.0,29.56250925775616,5.491751172644746
2024-02-15 00:00:00+00:00,-34.925,-71.28305,212.0,open-meteo_ecmwf_ifs,daily,31.3635,15.2635,27.5,14.013501,1.7435222,60.76595,0.0,29.419924427912676,5.317073198739313
2024-02-16 00:00:00+00:00,-34.925,-71.28305,212.0,open-meteo_ecmwf_ifs,daily,31.963501,15.2135,27.48,13.159332,2.0703099,58.13109,0.0,29.275132579971785,5.531177574515693
2024-02-17 00:00:00+00:00,-34.925,-71.28305,212.0,open-meteo_ecmwf_ifs,daily,33.6635,15.5635,27.6,10.030168,3.7882922,50.2087,0.0,29.128164583550497,6.853825110799423
2024-02-18 00:00:00+00:00,-34.925,-71.28305,212.0,open-meteo_ecmwf_ifs,daily,36.2635,14.6635,27.65,8.467668,2.29996,37.99368,0.0,28.979052519473395,6.224506464574785
2024-02-19 00:00:00+00:00,-34.925,-71.28305,212.0,open-meteo_ecmwf_ifs,daily,28.1635,15.363501,23.5,12.113502,2.8065932,56.299927,0.0,28.827829693371207,5.014493076193571
2024-02-20 00:00:00+00:00,-34.925,-71.28305,212.0,open-meteo_ecmwf_ifs,daily,30.2635,16.4135,24.62,13.446834,2.514806,61.271137,0.0,28.674530647654038,5.253593374524967
2024-02-21 00:00:00+00:00,-34.925,-71.28305,212.0,open-meteo_ecmwf_ifs,daily,29.2635,14.9135,25.23,13.513499,2.4605315,65.02944,0.0,28.51919117178891,5.011686590955124
2024-02-22 00:00:00+00:00,-34.925,-71.28305,212.0,open-meteo_ecmwf_ifs,daily,24.8135,16.0635,16.58,12.467668,2.5757163,66.589966,2.1000001,28.36184831081458,3.801875737988076
2024-02-23 00:00:00+00:00,-34.925,-71.28305,212.0,open-meteo_ecmwf_ifs,daily,31.213501,13.9635,25.99,11.276,2.1541855,58.448353,0.0,28.20254037203193,5.234154307973868
2024-02-24 00:00:00+00:00,-34.925,-71.28305,212.0,open-meteo_ecmwf_ifs,daily,31.4135,15.5635,25.62,11.788499,1.5409445,52.42937,0.0,28.0413069298122,5.0048394241774785
2024-02-25 00:00:00+00:00,-34.925,-71.28305,212.0,open-meteo_ecmwf_ifs,daily,31.6135,17.9135,25.98,11.230167,1.7772821,47.74474,0.0,27.87818882847063,5.382292090412902
2024-02-26 00:00:00+00:00,-34.925,-71.28305,212.0,open-meteo_ecmwf_ifs,daily,30.8635,15.2135,26.09,10.580167,1.9278733,51.418488,0.0,27.71322818315797,5.213407391072043
2024-02-27 00:00:00+00:00,-34.925,-71.28305,212.0,open-meteo_ecmwf_ifs,daily,30.8635,13.9635,25.5,8.5635,2.5123203,43.826107,0.0,27.54646837872801,5.444708210711458
2024-02-28 00:00:00+00:00,-34.925,-71.28305,212.0,open-meteo_ecmwf_ifs,daily,31.5135,13.7635,26.05,10.603084,2.5521362,51.295883,0.0,27.377954066544238,5.416210447669303
2024-02-29 00:00:00+00:00,-34.925,-71.28305,212.0,open-meteo_ecmwf_ifs,daily,31.3635,15.8135,25.62,10.405168,2.5382946,46.02228,0.0,27.20773115919487,5.5592830668114805
2024-03-01 00:00:00+00:00,-34.925,-71.28305,212.0,open-meteo_ecmwf_ifs,daily,30.0635,15.0635,23.52,10.296834,1.9240447,51.348892,0.0,27.035846823090893,4.807304058192731
2024-03-02 00:00:00+00:00,-34.925,-71.28305,212.0,open-meteo_ecmwf_ifs,daily,28.9135,14.7135,25.39,7.790584,3.58696,44.24649,0.0,26.86234946892798,5.856181896204688
2024-03-03 00:00:00+00:00,-34.925,-71.28305,212.0,open-meteo_ecmwf_ifs,daily,29.1135,11.8135,25.55,6.84475,2.4063737,43.16728,0.0,26.68728873999868,5.05275988971735
2024-03-04 00:00:00+00:00,-34.925,-71.28305,212.0,open-meteo_ecmwf_ifs,daily,29.8135,11.7135,25.42,9.08225,1.8878125,51.164104,0.0,26.510715498347672,4.70645499929631
2024-03-05 00:00:00+00:00,-34.925,-71.28305,212.0,open-meteo_ecmwf_ifs,daily,29.9135,14.3135,24.9,11.046833,1.4762982,55.865314,0.0,26.33268180876873,4.572436885724421
2024-03-06 00:00:00+00:00,-34.925,-71.28305,212.0,open-meteo_ecmwf_ifs,daily,28.963501,13.2135,24.76,11.178084,1.7235804,58.413116,0.0,26.153240920648088,4.494104240129087
2024-03-07 00:00:00+00:00,-34.925,-71.28305,212.0,open-meteo_ecmwf_ifs,daily,26.963501,10.9135,23.71,8.978084,2.0727518,58.086292,0.0,25.972447247665215,4.261462977957832
2024-03-08 00:00:00+00:00,-34.925,-71.28305,212.0,open-meteo_ecmwf_ifs,daily,25.1635,11.4635,24.19,8.453084,1.6146115,58.790745,0.0,25.790356345367517,4.0513971166689045
2024-03-09 00:00:00+00:00,-34.925,-71.28305,212.0,open-meteo_ecmwf_ifs,daily,27.8135,12.9135,23.16,11.286418,3.2231061,66.72585,0.0,25.607024886642158,4.65876296028851
2024-03-10 00:00:00+00:00,-34.925,-71.28305,212.0,open-meteo_ecmwf_ifs,daily,27.9135,11.5135,22.24,8.019752,1.9065922,49.791348,0.0,25.422510635113486,4.193363796209882
2024-03-11 00:00:00+00:00,-34.925,-71.28305,212.0,open-meteo_ecmwf_ifs,daily,27.213501,11.0135,23.71,9.761418,1.8590131,60.476185,0.0,25.236872416500873,4.109408469900684
2024-03-12 00:00:00+00:00,-34.925,-71.28305,212.0,open-meteo_ecmwf_ifs,daily,26.3635,10.6635,23.45,10.538501,1.6548053,66.22767,0.0,25.050170087977033,3.8620346755658534
2024-03-13 00:00:00+00:00,-34.925,-71.28305,212.0,open-meteo_ecmwf_ifs,daily,25.713501,12.4635,21.13,11.503085,2.5979848,67.674934,0.0,24.862464505572927,3.9102181630922797
2024-03-14 00:00:00+00:00,-34.925,-71.28305,212.0,open-meteo_ecmwf_ifs,daily,26.6135,11.113501,23.5,7.880167,3.9407694,54.86017,0.0,24.673817489680562,4.881683144456816
2024-03-15 00:00:00+00:00,-34.925,-71.28305,212.0,open-meteo_ecmwf_ifs,daily,25.6635,9.613501,23.31,5.3093333,3.1437347,47.954914,0.0,24.484291788710195,4.542984350361662
2024-03-16 00:00:00+00:00,-34.925,-71.28305,212.0,open-meteo_ecmwf_ifs,daily,26.3635,9.5135,23.29,5.7864175,3.1493998,49.12354,0.0,24.293951040963922,4.550835194281728
2024-03-17 00:00:00+00:00,-34.925,-71.28305,212.0,open-meteo_ecmwf_ifs,daily,26.4135,10.1635,22.5,5.690584,2.8863137,47.141506,0.0,24.102859734792137,4.448540551892948
2024-03-18 00:00:00+00:00,-34.925,-71.28305,212.0,open-meteo_ecmwf_ifs,daily,27.3135,10.113501,20.91,4.2114167,2.8581421,41.29688,0.0,23.911083167104355,4.492840150671943
2024-03-19 00:00:00+00:00,-34.925,-71.28305,212.0,open-meteo_ecmwf_ifs,daily,27.7635,13.7135,22.15,5.8093333,2.2234228,41.67871,0.0,23.718687400310245,4.482982552489907
2024-03-20 00:00:00+00:00,-34.925,-71.28305,212.0,open-meteo_ecmwf_ifs,daily,18.4135,11.0135,5.05,10.517668,1.9157705,76.78757,0.0,23.525739217770997,1.4889472464924054
2024-03-21 00:00:00+00:00,-34.925,-71.28305,212.0,open-meteo_ecmwf_ifs,daily,27.0635,10.8135,20.19,11.6885,1.7791328,73.280045,0.0,23.332306077845146,3.441323232363625
2024-03-22 00:00:00+00:00,-34.925,-71.28305,212.0,open-meteo_ecmwf_ifs,daily,29.4135,13.0135,20.73,13.213501,1.842105,64.70777,0.0,23.13845606661681,3.7762740428421067
2024-03-23 00:00:00+00:00,-34.925,-71.28305,212.0,open-meteo_ecmwf_ifs,daily,27.8635,13.863501,19.57,11.482251,2.1445954,57.134445,0.0,22.944257849397633,3.8239375333838646
2024-03-24 00:00:00+00:00,-34.925,-71.28305,212.0,open-meteo_ecmwf_ifs,daily,28.2635,15.4635,18.6,14.221835,3.293889,71.177635,0.0,22.749780621097024,4.034880163717346
2024-03-25 00:00:00+00:00,-34.925,-71.28305,212.0,open-meteo_ecmwf_ifs,daily,27.4135,13.363501,17.61,13.667668,1.716514,67.90039,0.0,22.5550940555583,3.2078399248852416
2024-03-26 00:00:00+00:00,-34.925,-71.28305,212.0,open-meteo_ecmwf_ifs,daily,28.213501,13.1635,18.95,13.526002,2.161053,68.98118,0.0,22.36026825396073,3.5229414074035614
2024-03-27 00:00:00+00:00,-34.925,-71.28305,212.0,open-meteo_ecmwf_ifs,daily,27.8135,16.0635,17.95,14.471833,2.6707785,68.86734,0.0,22.165373692390077,3.7263667514312444
2024-03-28 00:00:00+00:00,-34.925,-71.28305,212.0,open-meteo_ecmwf_ifs,daily,29.213501,12.363501,18.47,13.6551695,1.6353801,68.52302,0.0,21.970481168682117,3.2876472976904387
2024-03-29 00:00:00+00:00,-34.925,-71.28305,212.0,open-meteo_ecmwf_ifs,daily,27.7635,13.1635,19.64,12.951001,2.042322,66.26412,0.0,21.775661748645387,3.5133781575018546
2024-03-30 00:00:00+00:00,-34.925,-71.28305,212.0,open-meteo_ecmwf_ifs,daily,25.463501,11.6635,19.13,8.811419,3.64684,55.721912,0.0,21.580986711770898,4.014391024586081
2024-03-31 00:00:00+00:00,-34.925,-71.28305,212.0,open-meteo_ecmwf_ifs,daily,21.713501,11.7635,14.69,5.355167,3.5579536,49.461018,0.0,21.38652749653765,3.6669087041804147
2024-04-01 00:00:00+00:00,-34.925,-71.28305,212.0,open-meteo_ecmwf_ifs,daily,23.1135,9.9135,18.9,3.9968336,2.7591355,47.27995,0.0,21.192355645423493,3.677160763696999
2024-04-02 00:00:00+00:00,-34.925,-71.28305,212.0,open-meteo_ecmwf_ifs,daily,23.5635,12.9635,12.24,7.53225,2.1309881,56.032787,6.2,20.998542749731588,2.9403474863238834
2024-04-03 00:00:00+00:00,-34.925,-71.28305,212.0,open-meteo_ecmwf_ifs,daily,20.6135,14.0635,14.63,13.6864195,2.1473281,81.9325,7.8,20.80516039434282,2.355916238862759
2024-04-04 00:00:00+00:00,-34.925,-71.28305,212.0,open-meteo_ecmwf_ifs,daily,21.0635,8.5635,18.27,8.607249,3.0278537,69.15092,0.0,20.61228010250435,2.8621126213463097
2024-04-05 00:00:00+00:00,-34.925,-71.28305,212.0,open-meteo_ecmwf_ifs,daily,22.6635,9.7135,17.27,9.998916,2.0982482,73.41006,0.0,20.419973280764243,2.7125814205947734
2024-04-06 00:00:00+00:00,-34.925,-71.28305,212.0,open-meteo_ecmwf_ifs,daily,20.8635,9.3135,15.86,10.794751,2.1868713,79.80306,0.0,20.228311164161315,2.3298918976434466
2024-04-07 00:00:00+00:00,-34.925,-71.28305,212.0,open-meteo_ecmwf_ifs,daily,22.0635,9.2135,16.49,9.357251,2.386958,72.40592,0.0,20.03736476177837,2.6518712287780675
2024-04-08 00:00:00+00:00,-34.925,-71.28305,212.0,open-meteo_ecmwf_ifs,daily,22.2635,8.7135,15.7,11.342668,2.2573879,79.037224,0.0,19.84720480276574,2.312811743463435
2024-04-09 00:00:00+00:00,-34.925,-71.28305,212.0,open-meteo_ecmwf_ifs,daily,22.3135,11.9635,14.82,12.284335,2.3990343,79.53884,0.0,19.65790168294052,2.4629616027082823
2024-04-10 00:00:00+00:00,-34.925,-71.28305,212.0,open-meteo_ecmwf_ifs,daily,22.463501,8.2135,14.88,9.819751,1.6569971,74.2004,0.1,19.469525412064915,2.243493899191902
2024-04-11 00:00:00+00:00,-34.925,-71.28305,212.0,open-meteo_ecmwf_ifs,daily,20.3635,7.6135,15.76,8.930167,1.3167752,76.608376,0.0,19.2821455619053,2.104553137872403
2024-04-12 00:00:00+00:00,-34.925,-71.28305,212.0,open-meteo_ecmwf_ifs,daily,20.2635,9.4135,12.11,10.278085,1.0178537,82.13723,0.3,19.09583121517087,1.7905559974801846
2024-04-13 00:00:00+00:00,-34.925,-71.28305,212.0,open-meteo_ecmwf_ifs,daily,19.713501,9.363501,10.31,11.359333,1.3206029,84.5804,0.0,18.91065091542852,1.58609508923098
2024-04-14 00:00:00+00:00,-34.925,-71.28305,212.0,open-meteo_ecmwf_ifs,daily,21.5635,10.2635,14.55,11.448916,1.8155934,80.11402,0.0,18.726672618087445,2.148236234363864
2024-04-15 00:00:00+00:00,-34.925,-71.28305,212.0,open-meteo_ecmwf_ifs,daily,20.463501,9.863501,13.85,11.011416,1.4270471,82.76704,6.2000003,18.54396364254405,1.9487552499649268
2024-04-16 00:00:00+00:00,-34.925,-71.28305,212.0,open-meteo_ecmwf_ifs,daily,22.1135,9.4635,15.34,11.192668,1.2906299,80.84694,0.2,18.36259062557438,2.0883856516585646
2024-04-17 00:00:00+00:00,-34.925,-71.28305,212.0,open-meteo_ecmwf_ifs,daily,23.963501,7.9635,16.4,9.073917,2.3554413,71.23202,0.0,18.18261947605774,2.5679184595714935
2024-04-18 00:00:00+00:00,-34.925,-71.28305,212.0,open-meteo_ecmwf_ifs,daily,24.3635,11.1635,15.0,10.217668,1.9772593,68.144356,0.0,18.004115331111496,2.549881073898591
2024-04-19 00:00:00+00:00,-34.925,-71.28305,212.0,open-meteo_ecmwf_ifs,daily,19.4135,12.3135,8.82,11.580167,2.6807578,78.07078,0.0,17.82714251371304,1.8113249401175338
2024-04-20 00:00:00+00:00,-34.925,-71.28305,212.0,open-meteo_ecmwf_ifs,daily,17.213501,10.113501,8.01,8.330167,2.0867088,71.10987,0.0,17.651764491880872,1.6624804637169641
2024-04-21 00:00:00+00:00,-34.925,-71.28305,212.0,open-meteo_ecmwf_ifs,daily,18.463501,10.6635,7.73,10.176001,2.936822,80.42889,0.3,17.47804383948234,1.7170154086086309
2024-04-22 00:00:00+00:00,-34.925,-71.28305,212.0,open-meteo_ecmwf_ifs,daily,16.1135,11.4635,5.76,11.865582,3.4037364,84.53175,6.9999995,17.306042198731312,1.151907321956389
2024-04-23 00:00:00+00:00,-34.925,-71.28305,212.0,open-meteo_ecmwf_ifs,daily,18.8635,6.5135,15.08,7.9655833,2.3692853,80.931274,0.0,17.135820244434118,1.9392888803018626
2024-04-24 00:00:00+00:00,-34.925,-71.28305,212.0,open-meteo_ecmwf_ifs,daily,19.463501,6.2635,15.06,6.6010003,1.6511456,72.541336,0.0,16.967437650037677,1.9246902760968405
2024-04-25 00:00:00+00:00,-34.925,-71.28305,212.0,open-meteo_ecmwf_ifs,daily,19.963501,7.0135,13.7,6.6135006,1.2929938,68.31827,0.0,16.800953055528662,1.8123479559421476
2024-04-26 00:00:00+00:00,-34.925,-71.28305,212.0,open-meteo_ecmwf_ifs,daily,18.5135,9.6635,12.02,9.928083,1.6341887,83.18252,0.0,16.63642403722731,1.6530199465143842
2024-04-27 00:00:00+00:00,-34.925,-71.28305,212.0,open-meteo_ecmwf_ifs,daily,16.5135,5.3635,14.7,5.209333,3.2429821,70.34802,0.0,16.47390707951492,1.9950798403125667
2024-04-28 00:00:00+00:00,-34.925,-71.28305,212.0,open-meteo_ecmwf_ifs,daily,15.0635,5.0635004,13.31,4.2114162,2.4890456,72.04738,0.0,16.31345754852805,1.7569141620366426
2024-04-29 00:00:00+00:00,-34.925,-71.28305,212.0,open-meteo_ecmwf_ifs,daily,16.4635,4.0635,7.48,6.136417,4.0129375,80.11785,5.5,16.155129667847792,1.5130661445447995
2024-04-30 00:00:00+00:00,-34.925,-71.28305,212.0,open-meteo_ecmwf_ifs,daily,13.5635,10.613501,4.83,9.605167,3.0963132,87.49261,33.999996,15.998976496206643,1.0981294685340448
2024-05-01 00:00:00+00:00,-34.925,-71.28305,212.0,open-meteo_ecmwf_ifs,daily,12.4635,8.7135,6.03,8.459334,2.1015737,89.495056,3.8,15.845049907230024,0.980400818686077
2024-05-02 00:00:00+00:00,-34.925,-71.28305,212.0,open-meteo_ecmwf_ifs,daily,13.2635,2.6134999,12.42,4.280167,2.1637733,83.281746,0.0,15.69340057122418,1.295663792714976
2024-05-03 00:00:00+00:00,-34.925,-71.28305,212.0,open-meteo_ecmwf_ifs,daily,14.4135,2.3635,10.29,3.8405836,1.4754008,79.50598,0.0,15.544077939016184,1.2158645214783206
2024-05-04 00:00:00+00:00,-34.925,-71.28305,212.0,open-meteo_ecmwf_ifs,daily,15.9635,8.7135,4.32,7.1385,2.8793287,77.014946,3.0,15.397130227846512,1.4870306504360726
2024-05-05 00:00:00+00:00,-34.925,-71.28305,212.0,open-meteo_ecmwf_ifs,daily,15.2135,9.9635,6.92,9.361418,1.1534384,85.97585,10.2,15.25260440930863,1.0807042801875968
2024-05-06 00:00:00+00:00,-34.925,-71.28305,212.0,open-meteo_ecmwf_ifs,daily,15.113501,4.8135004,12.68,6.2280846,1.968511,82.106445,0.0,15.110546199324459,1.3457216362690143
2024-05-07 00:00:00+00:00,-34.925,-71.28305,212.0,open-meteo_ecmwf_ifs,daily,9.613501,6.6135,1.29,4.7051673,2.9629793,79.18874,23.300003,14.971000050138988,0.9575773676715615
2024-05-08 00:00:00+00:00,-34.925,-71.28305,212.0,open-meteo_ecmwf_ifs,daily,13.4635,2.1635,12.55,4.503083,2.1682336,85.63511,0.1,14.834009144311347,1.1917316754858749
2024-05-09 00:00:00+00:00,-34.925,-71.28305,212.0,open-meteo_ecmwf_ifs,daily,11.863501,2.2135,9.91,2.48225,2.0938323,77.92239,0.0,14.699615390674177,1.1801192836002397
2024-05-10 00:00:00+00:00,-34.925,-71.28305,212.0,open-meteo_ecmwf_ifs,daily,13.7635,4.3135,8.97,6.3135,1.1702534,85.969154,0.0,14.567859422227428,0.9714809748077371
2024-05-11 00:00:00+00:00,-34.925,-71.28305,212.0,open-meteo_ecmwf_ifs,daily,13.9135,4.1135,10.61,5.9135013,1.5537596,88.271576,0.0,14.438780595927073,1.0775829683015439
2024-05-12 00:00:00+00:00,-34.925,-71.28305,212.0,open-meteo_ecmwf_ifs,daily,12.4135,3.3634999,11.13,5.1114173,2.1664002,87.75543,0.0,14.312416994323748,1.0575837993220187
2024-05-13 00:00:00+00:00,-34.925,-71.28305,212.0,open-meteo_ecmwf_ifs,daily,13.1635,3.2635,10.88,4.7885003,1.7208816,88.62421,0.0,14.188805429000956,1.074512610138552
2024-05-14 00:00:00+00:00,-34.925,-71.28305,212.0,open-meteo_ecmwf_ifs,daily,13.7135,1.8635001,11.52,3.9989166,1.2245284,88.81051,0.0,14.067981445756963,1.0271491112992877
2024-05-15 00:00:00+00:00,-34.925,-71.28305,212.0,open-meteo_ecmwf_ifs,daily,12.1635,2.3135,8.12,4.396834,1.9653273,84.72103,0.0,13.949979331469393,0.9186978117644976
2024-05-16 00:00:00+00:00,-34.925,-71.28305,212.0,open-meteo_ecmwf_ifs,daily,14.7635,2.6635,11.23,4.2968335,1.2913948,83.73667,0.0,13.834832122576508,1.0760432551039103
2024-05-17 00:00:00+00:00,-34.925,-71.28305,212.0,open-meteo_ecmwf_ifs,daily,13.9135,3.3135,10.73,4.261417,1.395125,81.39837,0.3,13.722571615104043,1.0641577220262022
2024-05-18 00:00:00+00:00,-34.925,-71.28305,212.0,open-meteo_ecmwf_ifs,daily,14.7135,2.4135,11.43,4.5093336,1.3168987,82.70531,0.0,13.613228376161947,1.037139061104474
2024-05-19 00:00:00+00:00,-34.925,-71.28305,212.0,open-meteo_ecmwf_ifs,daily,14.8135,2.4635,9.89,4.5530834,0.72893214,80.03698,0.0,13.506831756830527,0.8957653931721797
2024-05-20 00:00:00+00:00,-34.925,-71.28305,212.0,open-meteo_ecmwf_ifs,daily,10.5635,8.7135,1.35,7.540584,1.5655347,87.481445,34.200005,13.4034099063514,0.6762322754271842
2024-05-21 00:00:00+00:00,-34.925,-71.28305,212.0,open-meteo_ecmwf_ifs,daily,13.3135,6.5135,10.88,6.436417,2.3588173,87.007805,0.0,13.302989787534452,1.143796332000007
2024-05-22 00:00:00+00:00,-34.925,-71.28305,212.0,open-meteo_ecmwf_ifs,daily,8.7635,5.5135,1.42,5.9301677,1.3144034,93.02316,7.3,13.205597193288085,0.5328840172032693
2024-05-23 00:00:00+00:00,-34.925,-71.28305,212.0,open-meteo_ecmwf_ifs,daily,13.363501,3.9135,9.92,5.8989167,1.1060224,86.63589,2.6,13.111256764176558,0.8606313043527014
2024-05-24 00:00:00+00:00,-34.925,-71.28305,212.0,open-meteo_ecmwf_ifs,daily,11.613501,1.2635,5.92,3.8197498,1.6511995,88.7172,0.0,13.019992006904898,0.7484861778612819
2024-05-25 00:00:00+00:00,-34.925,-71.28305,212.0,open-meteo_ecmwf_ifs,daily,14.4635,3.8634999,6.12,6.09475,2.047778,85.934105,0.3,12.931825313628998,0.910083667506635
2024-05-26 00:00:00+00:00,-34.925,-71.28305,212.0,open-meteo_ecmwf_ifs,daily,13.863501,7.0635004,5.74,7.930168,1.6524287,85.33438,12.8,12.846777981985674,0.840999796510556
2024-05-27 00:00:00+00:00,-34.925,-71.28305,212.0,open-meteo_ecmwf_ifs,daily,14.0135,2.4135,6.86,5.8989167,1.2455809,87.39487,0.0,12.764870235735605,0.7423334795447196
2024-05-28 00:00:00+00:00,-34.925,-71.28305,212.0,open-meteo_ecmwf_ifs,daily,16.6135,5.9635,6.91,7.9093337,1.2609904,89.98105,0.0,12.686121245909836,0.9018145043808108
2024-05-29 00:00:00+00:00,-34.925,-71.28305,212.0,open-meteo_ecmwf_ifs,daily,17.6135,6.5635004,7.09,8.84475,1.1994257,89.458275,1.5,12.610549152349344,0.9058823793763796
2024-05-30 00:00:00+00:00,-34.925,-71.28305,212.0,open-meteo_ecmwf_ifs,daily,17.3135,6.9635,8.64,9.882251,0.76479644,86.296135,0.0,12.538171085525972,0.833886702218354
2024-05-31 00:00:00+00:00,-34.925,-71.28305,212.0,open-meteo_ecmwf_ifs,daily,14.5135,8.0635,4.81,9.6635,0.95250773,93.7109,0.3,12.469003188532643,0.6891964074098891
2024-06-01 00:00:00+00:00,-34.925,-71.28305,212.0,open-meteo_ecmwf_ifs,daily,16.7635,7.9135003,8.83,10.371835,1.7650794,92.68018,0.5,12.403060639130372,0.8931601628395971
2024-06-02 00:00:00+00:00,-34.925,-71.28305,212.0,open-meteo_ecmwf_ifs,daily,11.2635,5.1635003,3.85,6.201,2.7777755,88.133766,0.0,12.340357671740199,0.7378158037092347
2024-06-03 00:00:00+00:00,-34.925,-71.28305,212.0,open-meteo_ecmwf_ifs,daily,14.7135,4.5135,3.77,7.1093335,1.3281032,89.24176,0.0,12.280907599268806,0.7183098584654958
2024-06-04 00:00:00+00:00,-34.925,-71.28305,212.0,open-meteo_ecmwf_ifs,daily,12.2135,6.4135003,2.35,7.286417,1.3673557,90.31782,1.6000001,12.224722834657896,0.6489023610757136
2024-06-05 00:00:00+00:00,-34.925,-71.28305,212.0,open-meteo_ecmwf_ifs,daily,13.113501,7.4635,2.83,7.98225,1.9472566,88.56022,6.8999996,12.17181491204934,0.7523647189106466
2024-06-06 00:00:00+00:00,-34.925,-71.28305,212.0,open-meteo_ecmwf_ifs,daily,18.5635,9.3135,6.28,10.851001,1.6619387,87.31605,31.800001,12.12219450746018,0.966160365885212
2024-06-07 00:00:00+00:00,-34.925,-71.28305,212.0,open-meteo_ecmwf_ifs,daily,18.9135,10.7135,7.01,12.151001,0.79272914,92.32465,0.0,12.075871458864572,0.8499051553605732
2024-06-08 00:00:00+00:00,-34.925,-71.28305,212.0,open-meteo_ecmwf_ifs,daily,16.0635,10.3135,4.34,11.159333,3.7351043,91.063385,1.4,12.032854785582751,0.9328247862500865
2024-06-09 00:00:00+00:00,-34.925,-71.28305,212.0,open-meteo_ecmwf_ifs,daily,15.5635,9.9635,5.68,9.353083,3.4237537,83.09,28.099998,11.993152706881254,1.1865227742564475
2024-06-10 00:00:00+00:00,-34.925,-71.28305,212.0,open-meteo_ecmwf_ifs,daily,14.9635,8.3135,2.92,8.005166,2.024878,80.6669,0.0,11.956772659692389,0.9523357726114469
2024-06-11 00:00:00+00:00,-34.925,-71.28305,212.0,open-meteo_ecmwf_ifs,daily,13.4135,9.1635,2.12,9.21975,1.5150136,87.23798,6.5999994,11.92372131536599,0.6897886146033069
2024-06-12 00:00:00+00:00,-34.925,-71.28305,212.0,open-meteo_ecmwf_ifs,daily,15.9635,9.613501,5.75,9.111417,4.270034,82.74878,0.9,11.894004595371545,1.3357086754139826
2024-06-13 00:00:00+00:00,-34.925,-71.28305,212.0,open-meteo_ecmwf_ifs,daily,13.4635,11.113501,1.54,10.442667,6.615294,90.11578,54.4,11.867627685874169,0.940418256519395
2024-06-14 00:00:00+00:00,-34.925,-71.28305,212.0,open-meteo_ecmwf_ifs,daily,14.863501,9.4635,6.66,8.64475,3.3924644,84.1632,18.800001,11.844595051114016,1.1792992838892993
2024-06-15 00:00:00+00:00,-34.925,-71.28305,212.0,open-meteo_ecmwf_ifs,daily,15.863501,6.3635,9.45,8.517667,0.9420981,88.79837,10.000001,11.82491044552508,0.7713484819958986
2024-06-16 00:00:00+00:00,-34.925,-71.28305,212.0,open-meteo_ecmwf_ifs,daily,14.6635,6.6635003,6.03,8.267667,0.80795765,91.2929,0.0,11.808576924535723,0.6862590604540673
2024-06-17 00:00:00+00:00,-34.925,-71.28305,212.0,open-meteo_ecmwf_ifs,daily,11.0135,5.5135,2.69,7.2739167,2.7834194,93.70538,18.699999,11.79559685400055,0.5456573551440365
2024-06-18 00:00:00+00:00,-34.925,-71.28305,212.0,open-meteo_ecmwf_ifs,daily,10.113501,6.9135003,0.67,7.8364167,2.8849614,91.00158,98.19999,11.785971918220302,0.47177664326097657
2024-06-19 00:00:00+00:00,-34.925,-71.28305,212.0,open-meteo_ecmwf_ifs,daily,14.8135,6.8135004,8.62,7.465584,1.5100956,85.6462,2.2999997,11.779703126513855,0.8673142651562471
2024-06-20 00:00:00+00:00,-34.925,-71.28305,212.0,open-meteo_ecmwf_ifs,daily,11.113501,9.5635,0.79,9.236417,3.882407,91.49442,46.500004,11.776790818314288,0.5978207270738911
2024-06-21 00:00:00+00:00,-34.925,-71.28305,212.0,open-meteo_ecmwf_ifs,daily,10.7135,7.7635,3.42,7.0343337,3.8983514,86.59016,55.899998,11.777234666768438,0.8370555285125865
2024-06-22 00:00:00+00:00,-34.925,-71.28305,212.0,open-meteo_ecmwf_ifs,daily,9.2135,7.7635,1.72,6.9760003,2.6809704,89.80344,21.600002,11.78103368082765,0.6214838012635698
2024-06-23 00:00:00+00:00,-34.925,-71.28305,212.0,open-meteo_ecmwf_ifs,daily,10.9635,3.0635,9.59,4.81975,1.4079844,90.11283,2.9999998,11.788186205825019,0.6662224436313315
2024-06-24 00:00:00+00:00,-34.925,-71.28305,212.0,open-meteo_ecmwf_ifs,daily,10.3135,2.3135,9.66,3.5134995,2.498491,85.17448,0.0,11.798689922542676,0.7838445693606496
2024-06-25 00:00:00+00:00,-34.925,-71.28305,212.0,open-meteo_ecmwf_ifs,daily,11.3135,0.36350003,8.79,2.8843334,1.2525197,88.94759,0.0,11.812541844780425,0.6631714793265049
2024-06-26 00:00:00+00:00,-34.925,-71.28305,212.0,open-meteo_ecmwf_ifs,daily,12.613501,2.2635,8.59,2.9343336,2.0609343,80.4566,0.0,11.829738315444953,0.9381099423175989
2024-06-27 00:00:00+00:00,-34.925,-71.28305,212.0,open-meteo_ecmwf_ifs,daily,12.863501,4.2635,3.96,4.605167,1.2327884,80.51391,0.0,11.850275001186684,0.7733663452124468
2024-06-28 00:00:00+00:00,-34.925,-71.28305,212.0,open-meteo_ecmwf_ifs,daily,11.2135,3.3135,10.53,4.5385003,3.0809777,80.80942,0.4,11.874146885618686,0.8636717336395815
2024-06-29 00:00:00+00:00,-34.925,-71.28305,212.0,open-meteo_ecmwf_ifs,daily,13.5635,2.4135,9.29,3.0280836,2.1173837,82.04177,0.3,11.901348261159628,1.0163775691424366
2024-06-30 00:00:00+00:00,-34.925,-71.28305,212.0,open-meteo_ecmwf_ifs,daily,12.0635,1.7635,8.69,3.451,1.7967458,83.5257,0.0,11.931872719549794,0.8036303809485078
2024-07-01 00:00:00+00:00,-34.925,-71.28305,212.0,open-meteo_ecmwf_ifs,daily,13.9135,2.3135,8.97,4.4614167,1.5520464,90.27701,0.0,11.965713141095994,0.8277809063555036
2024-07-02 00:00:00+00:00,-34.925,-71.28305,212.0,open-meteo_ecmwf_ifs,daily,14.8135,3.9635,9.11,6.7676673,1.8534924,92.835,0.0,12.00286168270778,0.8267198381095109
2024-07-03 00:00:00+00:00,-34.925,-71.28305,212.0,open-meteo_ecmwf_ifs,daily,11.3135,5.6135,7.57,6.4885,2.7857275,90.189735,0.0,12.043309764793491,0.7710952724766361
2024-07-04 00:00:00+00:00,-34.925,-71.28305,212.0,open-meteo_ecmwf_ifs,daily,11.0635,1.2635,11.06,1.44475,3.8334713,75.705574,0.0,12.087048057090469,1.1840743770691102
2024-07-05 00:00:00+00:00,-34.925,-71.28305,212.0,open-meteo_ecmwf_ifs,daily,9.113501,-1.9365001,10.74,-0.80108327,3.113621,79.16058,0.0,12.13406646350914,0.951759632983621
2024-07-06 00:00:00+00:00,-34.925,-71.28305,212.0,open-meteo_ecmwf_ifs,daily,8.1135,1.2135,7.88,1.4551668,2.377479,87.594055,0.0,12.184354106075586,0.7858035351496911
2024-07-07 00:00:00+00:00,-34.925,-71.28305,212.0,open-meteo_ecmwf_ifs,daily,8.4635,0.56350005,8.01,0.9593335,2.172079,89.2002,0.0,12.237899308061886,0.7994358071775648
2024-07-08 00:00:00+00:00,-34.925,-71.28305,212.0,open-meteo_ecmwf_ifs,daily,7.9135003,-0.9365,6.9,0.5093335,1.9917178,88.378395,0.0,12.294689576397184,0.6964848975564728
2024-07-09 00:00:00+00:00,-34.925,-71.28305,212.0,open-meteo_ecmwf_ifs,daily,6.3635,-1.7365,5.67,-0.09275001,1.3008002,91.16018,0.0,12.354711583456544,0.5669615997161153
2024-07-10 00:00:00+00:00,-34.925,-71.28305,212.0,open-meteo_ecmwf_ifs,daily,8.5635,-1.4865,10.7,0.43433332,1.3749528,87.91007,0.0,12.417951148327166,0.6918669635734903
2024-07-11 00:00:00+00:00,-34.925,-71.28305,212.0,open-meteo_ecmwf_ifs,daily,10.5135,-2.4365,9.98,-0.34066656,1.3187076,86.78757,0.0,12.484393217654542,0.7659208577642808
2024-07-12 00:00:00+00:00,-34.925,-71.28305,212.0,open-meteo_ecmwf_ifs,daily,14.8135,-3.9364998,11.28,-3.4739993,1.3850518,74.61698,0.0,12.554021846173084,1.0298098056809937
2024-07-13 00:00:00+00:00,-34.925,-71.28305,212.0,open-meteo_ecmwf_ifs,daily,10.7135,0.06350005,8.61,0.89058334,1.561365,82.445,0.0,12.626820177027291,0.8556849533785831
2024-07-14 00:00:00+00:00,-34.925,-71.28305,212.0,open-meteo_ecmwf_ifs,daily,8.7135,-1.8865001,9.13,-0.00941661,1.6565355,86.87561,0.0,12.702770421990811,0.7452029246842338
2024-07-15 00:00:00+00:00,-34.925,-71.28305,212.0,open-meteo_ecmwf_ifs,daily,6.1135,-0.8365,5.09,0.8822501,1.6904693,93.35554,0.0,12.781853841691369,0.5584679663536314
2024-07-16 00:00:00+00:00,-34.925,-71.28305,212.0,open-meteo_ecmwf_ifs,daily,11.7135,-0.73649997,9.39,1.4572501,1.6561184,89.29492,0.0,12.864050725949522,0.8686221991637864
2024-07-17 00:00:00+00:00,-34.925,-71.28305,212.0,open-meteo_ecmwf_ifs,daily,11.4635,1.2635,6.72,2.7509997,1.746658,86.64959,0.0,12.949340374339327,0.8491892868393298
2024-07-18 00:00:00+00:00,-34.925,-71.28305,212.0,open-meteo_ecmwf_ifs,daily,11.6635,3.7635,3.62,5.559334,2.6711752,90.10873,1.5000001,13.037701077077958,0.7582847377472602
2024-07-19 00:00:00+00:00,-34.925,-71.28305,212.0,open-meteo_ecmwf_ifs,daily,12.3135,0.41350004,8.95,2.6239169,2.3268845,80.10739,0.0,13.129110096350264,0.9720012276682168
2024-07-20 00:00:00+00:00,-34.925,-71.28305,212.0,open-meteo_ecmwf_ifs,daily,11.2135,1.9135001,9.35,3.5593336,1.0334171,90.708626,0.0,13.223543648172917,0.7980090480792252
2024-07-21 00:00:00+00:00,-34.925,-71.28305,212.0,open-meteo_ecmwf_ifs,daily,15.7135,2.4635,11.37,5.301,1.4752098,85.57824,0.0,13.32097688490064,1.0335717082725167
2024-07-22 00:00:00+00:00,-34.925,-71.28305,212.0,open-meteo_ecmwf_ifs,daily,15.9135,4.2135,11.09,5.8926673,1.1971518,87.5223,0.0,13.421383878474778,1.0543559207734265
2024-07-23 00:00:00+00:00,-34.925,-71.28305,212.0,open-meteo_ecmwf_ifs,daily,13.2635,3.7135,5.81,7.1322513,2.2765503,88.971466,0.1,13.524737604512032,0.7202409092851734
2024-07-24 00:00:00+00:00,-34.925,-71.28305,212.0,open-meteo_ecmwf_ifs,daily,16.0635,4.5135,10.89,7.0864177,1.0212637,88.72522,0.0,13.631009927327966,1.0081296205758281
2024-07-25 00:00:00+00:00,-34.925,-71.28305,212.0,open-meteo_ecmwf_ifs,daily,11.9635,4.0135,6.11,6.3551674,1.5697918,85.18397,0.5,13.740171585986767,0.738362156992828
2024-07-26 00:00:00+00:00,-34.925,-71.28305,212.0,open-meteo_ecmwf_ifs,daily,11.363501,5.8635,7.96,6.3989177,2.5699022,92.131744,0.1,13.852192181465297,0.9240046962134634
2024-07-27 00:00:00+00:00,-34.925,-71.28305,212.0,open-meteo_ecmwf_ifs,daily,12.6635,0.21350002,12.89,1.5989169,3.5898616,75.516685,0.0,13.967040165015499,1.3720645193002072
2024-07-28 00:00:00+00:00,-34.925,-71.28305,212.0,open-meteo_ecmwf_ifs,daily,10.9135,0.46350002,12.19,0.7926667,3.072706,75.913055,0.0,14.084682827805308,1.277996859660687
2024-07-29 00:00:00+00:00,-34.925,-71.28305,212.0,open-meteo_ecmwf_ifs,daily,14.3135,1.0135,9.94,3.3905838,1.6548501,87.40696,0.0,14.205086291914002,1.0839726493294417
2024-07-30 00:00:00+00:00,-34.925,-71.28305,212.0,open-meteo_ecmwf_ifs,daily,14.8135,5.8635,5.28,6.084335,1.5029702,79.3992,0.0,14.328215502753443,1.0330866972655586
2024-07-31 00:00:00+00:00,-34.925,-71.28305,212.0,open-meteo_ecmwf_ifs,daily,12.2635,7.1135,3.01,8.390584,3.0228598,93.10092,0.4,14.454034222982079,0.6998900375161525
2024-08-01 00:00:00+00:00,-34.925,-71.28305,212.0,open-meteo_ecmwf_ifs,daily,13.0635,10.2635,2.25,8.096834,6.7305083,80.92525,1.4000001,14.582505027973776,1.4961913633642443
2024-08-02 00:00:00+00:00,-34.925,-71.28305,212.0,open-meteo_ecmwf_ifs,daily,11.9635,9.613501,3.61,9.126001,6.0756283,89.24206,74.69999,14.713589302898866,0.9115012923537441
2024-08-03 00:00:00+00:00,-34.925,-71.28305,212.0,open-meteo_ecmwf_ifs,daily,15.4635,5.2635,13.17,6.3093333,2.404449,78.8237,10.8,14.847247241469365,1.4425989145952522
2024-08-04 00:00:00+00:00,-34.925,-71.28305,212.0,open-meteo_ecmwf_ifs,daily,12.613501,6.2135,4.52,6.476,1.7132969,83.32706,0.8,14.983437846395793,0.9122851667731093
2024-08-05 00:00:00+00:00,-34.925,-71.28305,212.0,open-meteo_ecmwf_ifs,daily,10.4135,6.9135003,4.2,5.234334,3.1608932,78.3289,19.6,15.1221189315974,1.0909395811658034
2024-08-06 00:00:00+00:00,-34.925,-71.28305,212.0,open-meteo_ecmwf_ifs,daily,11.8135,3.8634999,11.51,4.676,1.4171249,83.23849,15.100001,15.263247126202419,1.118618907330828
2024-08-07 00:00:00+00:00,-34.925,-71.28305,212.0,open-meteo_ecmwf_ifs,daily,10.5135,1.5634999,12.81,2.8614168,2.2514646,86.41343,0.0,15.406777880370004,1.1561773652743337
2024-08-08 00:00:00+00:00,-34.925,-71.28305,212.0,open-meteo_ecmwf_ifs,daily,12.1635,-1.6365001,13.49,1.44475,1.6818237,84.12545,0.0,15.552665472959733,1.1610000828875449
2024-08-09 00:00:00+00:00,-34.925,-71.28305,212.0,open-meteo_ecmwf_ifs,daily,12.5135,0.6635001,10.66,2.56975,1.6978091,83.802055,0.0,15.700863021069486,1.154975693918501
2024-08-10 00:00:00+00:00,-34.925,-71.28305,212.0,open-meteo_ecmwf_ifs,daily,16.0635,3.0635,12.34,6.2718334,2.115133,85.37989,0.0,15.851322491457173,1.3444462263521078
2024-08-11 00:00:00+00:00,-34.925,-71.28305,212.0,open-meteo_ecmwf_ifs,daily,16.4635,4.4135003,14.12,5.671833,2.6163647,79.92632,0.0,16.00399471385618,1.6902189701006676
2024-08-12 00:00:00+00:00,-34.925,-71.28305,212.0,open-meteo_ecmwf_ifs,daily,17.3635,5.6635003,12.15,7.7051673,1.9406586,86.53137,0.0,16.158829396189304,1.494444039719054
2024-08-13 00:00:00+00:00,-34.925,-71.28305,212.0,open-meteo_ecmwf_ifs,daily,17.8135,7.7635,11.18,9.248918,1.2736515,86.37345,0.0,16.315775141680714,1.4160302090454602
2024-08-14 00:00:00+00:00,-34.925,-71.28305,212.0,open-meteo_ecmwf_ifs,daily,13.5135,8.3635,6.52,8.890584,1.7923623,90.521,0.0,16.474779467859655,1.013789666370915
2024-08-15 00:00:00+00:00,-34.925,-71.28305,212.0,open-meteo_ecmwf_ifs,daily,14.9635,7.5635004,12.2,7.678083,2.16068,85.65485,0.0,16.635788827445218,1.521907962717784
2024-08-16 00:00:00+00:00,-34.925,-71.28305,212.0,open-meteo_ecmwf_ifs,daily,12.2135,3.9135,9.01,4.767667,2.9011223,82.06137,0.0,16.798748631095584,1.2551040559614128
2024-08-17 00:00:00+00:00,-34.925,-71.28305,212.0,open-meteo_ecmwf_ifs,daily,12.363501,4.3135,13.15,3.7322502,3.2752516,74.42889,0.0,16.963603272000416,1.651112111057117
2024-08-18 00:00:00+00:00,-34.925,-71.28305,212.0,open-meteo_ecmwf_ifs,daily,9.2635,4.3135,4.91,2.6010003,2.5711792,74.809784,0.1,17.130296152290143,1.132209080637698
2024-08-19 00:00:00+00:00,-34.925,-71.28305,212.0,open-meteo_ecmwf_ifs,daily,11.113501,3.8135,10.95,3.1447504,1.829658,77.58598,0.2,17.29876971123042,1.3438549606013228
2024-08-20 00:00:00+00:00,-34.925,-71.28305,212.0,open-meteo_ecmwf_ifs,daily,11.863501,1.9635,12.35,3.1885006,1.6366234,79.71791,0.0,17.46896545516595,1.3227965483445436
2024-08-21 00:00:00+00:00,-34.925,-71.28305,212.0,open-meteo_ecmwf_ifs,daily,9.1635,-0.036499977,7.36,2.4259999,2.9216013,87.07797,11.7,17.64082398917243,0.9151108057787372
2024-08-22 00:00:00+00:00,-34.925,-71.28305,212.0,open-meteo_ecmwf_ifs,daily,12.6635,2.7135,12.78,3.9634998,2.758832,80.44326,6.3999996,17.81428505037114,1.4904985779626532
2024-08-23 00:00:00+00:00,-34.925,-71.28305,212.0,open-meteo_ecmwf_ifs,daily,10.6635,4.0635,8.22,4.426,2.2689404,86.674095,10.700002,17.989287542856157,1.1498931496166465
2024-08-24 00:00:00+00:00,-34.925,-71.28305,212.0,open-meteo_ecmwf_ifs,daily,15.3135,-1.0864999,16.73,3.1155834,1.9452349,85.09131,0.0,18.165769574179475,1.6266984392655852
2024-08-25 00:00:00+00:00,-34.925,-71.28305,212.0,open-meteo_ecmwf_ifs,daily,18.5135,1.4135001,14.83,4.755167,1.2173072,81.66798,0.0,18.343668493335556,1.706444721005018
2024-08-26 00:00:00+00:00,-34.925,-71.28305,212.0,open-meteo_ecmwf_ifs,daily,16.4135,3.1134999,16.44,5.7718334,1.7602028,80.897415,1.0,18.522920930182455,1.7949464278748344
2024-08-27 00:00:00+00:00,-34.925,-71.28305,212.0,open-meteo_ecmwf_ifs,daily,15.4135,5.5135,14.41,7.026001,2.4587405,85.336845,0.0,18.703462836232504,1.7377812770585677
2024-08-28 00:00:00+00:00,-34.925,-71.28305,212.0,open-meteo_ecmwf_ifs,daily,17.4135,6.0635004,13.91,7.6218343,1.3692784,84.53591,0.0,18.885229526742453,1.7602092444893815
2024-08-29 00:00:00+00:00,-34.925,-71.28305,212.0,open-meteo_ecmwf_ifs,daily,15.1635,7.0635004,9.2,8.509333,1.4963773,88.117096,0.1,19.068155724028465,1.3253530129126585
2024-08-30 00:00:00+00:00,-34.925,-71.28305,212.0,open-meteo_ecmwf_ifs,daily,14.113501,8.9635,7.45,7.6530833,1.3263093,82.51254,0.5,19.252175601928748,1.3212614673637384
2024-08-31 00:00:00+00:00,-34.925,-71.28305,212.0,open-meteo_ecmwf_ifs,daily,18.213501,2.6134999,17.35,7.103083,1.980011,85.188194,0.0,19.437222831332917,1.9174369196313827
2024-09-01 00:00:00+00:00,-34.925,-71.28305,212.0,open-meteo_ecmwf_ifs,daily,21.1635,4.4135003,16.86,9.198916,1.3794883,83.34754,0.0,19.623230626694067,2.0504367442653053
2024-09-02 00:00:00+00:00,-34.925,-71.28305,212.0,open-meteo_ecmwf_ifs,daily,11.4135,4.2635,3.54,7.0468335,1.7639184,88.86898,3.7999997,19.81013179343722,0.6901035819204429
2024-09-03 00:00:00+00:00,-34.925,-71.28305,212.0,open-meteo_ecmwf_ifs,daily,14.7135,3.8634999,15.61,5.38225,3.2862394,83.8884,0.0,19.99785877617456,1.9115000440760992
2024-09-04 00:00:00+00:00,-34.925,-71.28305,212.0,open-meteo_ecmwf_ifs,daily,16.713501,3.0135,18.95,5.0801673,3.1034937,79.45299,0.0,20.18634370763596,2.255467826658786
2024-09-05 00:00:00+00:00,-34.925,-71.28305,212.0,open-meteo_ecmwf_ifs,daily,16.0135,5.6635003,14.12,6.7655826,2.1290014,82.89101,0.0,20.375518458220917,1.8888042765444333
2024-09-06 00:00:00+00:00,-34.925,-71.28305,212.0,open-meteo_ecmwf_ifs,daily,16.0135,3.6635,13.77,6.5135,1.9824085,83.42162,0.0,20.56531468607597,1.7263865478354994
2024-09-07 00:00:00+00:00,-34.925,-71.28305,212.0,open-meteo_ecmwf_ifs,daily,15.113501,6.3135004,15.53,6.907251,2.8124363,83.2998,0.0,20.75566388760044,2.0112132450206923
2024-09-08 00:00:00+00:00,-34.925,-71.28305,212.0,open-meteo_ecmwf_ifs,daily,15.7135,4.6635003,16.03,5.4280834,2.7929077,75.30749,0.0,20.946497448281242,2.13295560423247
2024-09-09 00:00:00+00:00,-34.925,-71.28305,212.0,open-meteo_ecmwf_ifs,daily,19.3135,5.8135004,17.14,6.8468328,1.4770869,74.42051,0.0,21.137746693756917,2.311200373956875
2024-09-10 00:00:00+00:00,-34.925,-71.28305,212.0,open-meteo_ecmwf_ifs,daily,15.2635,6.5135,12.43,6.51975,2.389357,74.43673,0.5,21.329342941009887,1.887110548104191
2024-09-11 00:00:00+00:00,-34.925,-71.28305,212.0,open-meteo_ecmwf_ifs,daily,16.8135,3.5635,19.27,5.3364167,3.0240993,75.94173,0.0,21.521217549585,2.3930132297656277
2024-09-12 00:00:00+00:00,-34.925,-71.28305,212.0,open-meteo_ecmwf_ifs,daily,14.4135,5.0135,14.71,4.89475,2.43969,77.182846,0.0,21.71330197273277,2.029261332260894
2024-09-13 00:00:00+00:00,-34.925,-71.28305,212.0,open-meteo_ecmwf_ifs,daily,17.0135,4.4635,19.98,5.9239163,2.6184938,77.00773,0.0,21.905527808374632,2.476790198317784
2024-09-14 00:00:00+00:00,-34.925,-71.28305,212.0,open-meteo_ecmwf_ifs,daily,20.0635,4.7635,19.8,6.0385003,2.6470842,73.37936,0.0,22.097826849788717,2.8016203936094084
2024-09-15 00:00:00+00:00,-34.925,-71.28305,212.0,open-meteo_ecmwf_ifs,daily,20.5635,6.3635,19.96,5.8051662,3.3045638,66.49205,0.0,22.290131135914283,3.19220944110176
2024-09-16 00:00:00+00:00,-34.925,-71.28305,212.0,open-meteo_ecmwf_ifs,daily,19.5135,5.0635004,14.25,6.8614173,2.3824348,75.5187,0.0,22.482373001174018,2.2815724089094034
2024-09-17 00:00:00+00:00,-34.925,-71.28305,212.0,open-meteo_ecmwf_ifs,daily,20.9135,7.1635003,19.88,8.296834,2.0845816,73.33613,0.0,22.674485124714643,2.852807889644416
2024-09-18 00:00:00+00:00,-34.925,-71.28305,212.0,open-meteo_ecmwf_ifs,daily,16.6635,7.5635004,11.0,9.192666,2.5715442,84.20056,0.0,22.86640057896695,1.7421981981342085
2024-09-19 00:00:00+00:00,-34.925,-71.28305,212.0,open-meteo_ecmwf_ifs,daily,13.5135,9.4135,6.39,8.628084,5.2539973,84.81797,35.9,23.058052877428622,1.5045298235911349
2024-09-20 00:00:00+00:00,-34.925,-71.28305,212.0,open-meteo_ecmwf_ifs,daily,16.3135,6.1135,11.31,8.707252,1.1089696,88.62162,0.1,23.249376021574676,1.6306711366356443
2024-09-21 00:00:00+00:00,-34.925,-71.28305,212.0,open-meteo_ecmwf_ifs,daily,16.713501,6.2135,17.47,7.051,1.6424699,79.88794,0.0,23.44030454680238,2.3331041537583066
2024-09-22 00:00:00+00:00,-34.925,-71.28305,212.0,open-meteo_ecmwf_ifs,daily,13.9635,10.1635,7.9,8.673918,2.3142126,85.044556,24.300001,23.630773567320414,1.5668980130284023
2024-09-23 00:00:00+00:00,-34.925,-71.28305,212.0,open-meteo_ecmwf_ifs,daily,17.1635,7.5135,19.06,8.296833,1.8700565,82.113365,6.4,23.820718819894083,2.539401004064866
2024-09-24 00:00:00+00:00,-34.925,-71.28305,212.0,open-meteo_ecmwf_ifs,daily,16.6635,4.3135,20.64,6.5801673,2.3481207,81.39139,0.0,24.01007670636181,2.517430001529964
2024-09-25 00:00:00+00:00,-34.925,-71.28305,212.0,open-meteo_ecmwf_ifs,daily,16.3635,4.3135,22.33,5.24475,3.6377733,74.841225,0.0,24.198784334841143,2.8298656794295196
2024-09-26 00:00:00+00:00,-34.925,-71.28305,212.0,open-meteo_ecmwf_ifs,daily,20.1135,4.0635,19.32,6.9322505,1.7299255,79.35606,0.0,24.38677955954571,2.6497434840438343
2024-09-27 00:00:00+00:00,-34.925,-71.28305,212.0,open-meteo_ecmwf_ifs,daily,20.6635,6.3135004,21.69,8.257251,1.4673971,73.85862,0.0,24.57400101913897,2.9680543077454207
2024-09-28 00:00:00+00:00,-34.925,-71.28305,212.0,open-meteo_ecmwf_ifs,daily,20.3135,8.0135,17.69,7.261417,2.0257397,66.84287,0.0,24.7603881735534,2.903366799164321
2024-09-29 00:00:00+00:00,-34.925,-71.28305,212.0,open-meteo_ecmwf_ifs,daily,18.1635,7.7135,16.99,9.367667,2.209101,78.813225,0.0,24.94588133920904,2.438089248542892
2024-09-30 00:00:00+00:00,-34.925,-71.28305,212.0,open-meteo_ecmwf_ifs,daily,13.5635,10.1635,7.02,8.867668,4.3553996,81.900764,26.1,25.130421722568915,1.5922970649455457
2024-10-01 00:00:00+00:00,-34.925,-71.28305,212.0,open-meteo_ecmwf_ifs,daily,16.6135,7.4135003,18.57,8.490583,2.409718,80.84838,3.1,25.313951451973566,2.513077721790861
2024-10-02 00:00:00+00:00,-34.925,-71.28305,212.0,open-meteo_ecmwf_ifs,daily,17.1635,2.9135,23.95,4.6905837,3.483474,70.40183,0.0,25.496413607701818,3.003994803882279
2024-10-03 00:00:00+00:00,-34.925,-71.28305,212.0,open-meteo_ecmwf_ifs,daily,20.4135,6.4135003,20.52,8.346833,1.9888868,79.7422,0.0,25.677752250209647,2.9640842543173433
2024-10-04 00:00:00+00:00,-34.925,-71.28305,212.0,open-meteo_ecmwf_ifs,daily,22.9135,8.1635,20.83,11.292667,1.4065081,78.84542,0.0,25.857912446504038,3.089768072821553
2024-10-05 00:00:00+00:00,-34.925,-71.28305,212.0,open-meteo_ecmwf_ifs,daily,23.213501,8.1635,23.27,10.711417,1.7601748,78.476494,0.0,26.036840294614162,3.441595827788304
2024-10-06 00:00:00+00:00,-34.925,-71.28305,212.0,open-meteo_ecmwf_ifs,daily,22.1135,13.2635,11.1,11.884334,1.748782,73.02329,0.2,26.21448294612702,2.43670922017619
2024-10-07 00:00:00+00:00,-34.925,-71.28305,212.0,open-meteo_ecmwf_ifs,daily,24.213501,10.4135,17.85,13.09475,1.1757092,82.29972,12.700001,26.390788626760877,2.9277853614485454
2024-10-08 00:00:00+00:00,-34.925,-71.28305,212.0,open-meteo_ecmwf_ifs,daily,17.3135,12.4135,8.18,12.232249,1.7232585,84.91781,2.6,26.565706654954436,1.6387994843356284
2024-10-09 00:00:00+00:00,-34.925,-71.28305,212.0,open-meteo_ecmwf_ifs,daily,22.5135,11.0135,18.49,12.721835,1.1565429,82.12421,0.0,26.739187458456104,2.9617049134892452
2024-10-10 00:00:00+00:00,-34.925,-71.28305,212.0,open-meteo_ecmwf_ifs,daily,19.2635,11.3135,10.11,12.913501,1.6911783,87.96458,1.7000002,26.9111825889028,1.8370817920191467
2024-10-11 00:00:00+00:00,-34.925,-71.28305,212.0,open-meteo_ecmwf_ifs,daily,17.5635,10.4135,12.69,9.421834,1.7852726,77.09243,0.6,27.08164473438362,2.2734837861884696
2024-10-12 00:00:00+00:00,-34.925,-71.28305,212.0,open-meteo_ecmwf_ifs,daily,19.6635,9.1635,18.78,8.809333,2.7145483,76.713554,0.0,27.250527729989393,3.119257041626084
2024-10-13 00:00:00+00:00,-34.925,-71.28305,212.0,open-meteo_ecmwf_ifs,daily,21.2635,6.2635,24.31,7.992668,2.2110376,69.39805,0.0,27.417786566354792,3.5252426077694614
2024-10-14 00:00:00+00:00,-34.925,-71.28305,212.0,open-meteo_ecmwf_ifs,daily,22.1135,7.2135,22.91,9.826001,1.8187634,76.97617,0.0,27.58337739620524,3.3843771871323653
2024-10-15 00:00:00+00:00,-34.925,-71.28305,212.0,open-meteo_ecmwf_ifs,daily,26.2635,7.0135,21.94,10.578083,1.3680776,73.65023,0.0,27.74725753892668,3.5206024966897465
2024-10-16 00:00:00+00:00,-34.925,-71.28305,212.0,open-meteo_ecmwf_ifs,daily,20.2635,7.8635,23.13,9.090583,2.2326167,72.776924,0.0,27.909385483181456,3.399988708206662
2024-10-17 00:00:00+00:00,-34.925,-71.28305,212.0,open-meteo_ecmwf_ifs,daily,24.1635,7.1635003,26.51,9.386417,2.546901,75.76441,0.0,28.069720887599473,4.0786186670580715
2024-10-18 00:00:00+00:00,-34.925,-71.28305,212.0,open-meteo_ecmwf_ifs,daily,25.963501,10.613501,24.2,12.10725,1.9901849,74.55781,0.0,28.22822457957856,4.084771100544665
2024-10-19 00:00:00+00:00,-34.925,-71.28305,212.0,open-meteo_ecmwf_ifs,daily,22.9135,11.0635,21.43,12.134334,2.4903266,79.8242,0.0,28.38485855223376,3.5720063266347055
2024-10-20 00:00:00+00:00,-34.925,-71.28305,212.0,open-meteo_ecmwf_ifs,daily,19.463501,11.7135,17.4,8.609334,4.1277814,67.25289,0.2,28.539585959539874,3.586149231682201
2024-10-21 00:00:00+00:00,-34.925,-71.28305,212.0,open-meteo_ecmwf_ifs,daily,23.3635,10.7635,25.49,10.640584,2.663426,71.626144,0.0,28.692371109716632,4.223930634217023
2024-10-22 00:00:00+00:00,-34.925,-71.28305,212.0,open-meteo_ecmwf_ifs,daily,25.0135,11.0635,24.33,11.648915,2.3081076,71.002075,1.0,28.843179456910605,4.175039944300242
2024-10-23 00:00:00+00:00,-34.925,-71.28305,212.0,open-meteo_ecmwf_ifs,daily,19.3135,11.4635,15.34,11.5885,2.211397,79.73748,2.8999999,28.99197759123235,2.6560626638299984
2024-10-24 00:00:00+00:00,-34.925,-71.28305,212.0,open-meteo_ecmwf_ifs,daily,23.5635,9.3135,25.04,11.226001,2.0597596,78.623436,0.0,29.1387332272115,3.935626355400521
2024-10-25 00:00:00+00:00,-34.925,-71.28305,212.0,open-meteo_ecmwf_ifs,daily,20.713501,9.5135,27.48,7.178085,4.8992043,63.972183,0.0,29.283415190736715,4.665432235603486
2024-10-26 00:00:00+00:00,-34.925,-71.28305,212.0,open-meteo_ecmwf_ifs,daily,26.963501,6.8135004,26.67,7.1989174,2.6904867,61.06712,0.0,29.425993404550663,4.697100989492983
2024-10-27 00:00:00+00:00,-34.925,-71.28305,212.0,open-meteo_ecmwf_ifs,daily,26.6135,9.0135,27.89,11.119752,1.7829534,68.17896,0.0,29.566438872374448,4.526572544326053
2024-10-28 00:00:00+00:00,-34.925,-71.28305,212.0,open-meteo_ecmwf_ifs,daily,29.9135,12.2635,26.45,12.328083,2.312253,66.30691,0.0,29.704723661737848,5.067803505657275
2024-10-29 00:00:00+00:00,-34.925,-71.28305,212.0,open-meteo_ecmwf_ifs,daily,24.8635,11.863501,26.87,12.134335,2.3561914,69.29272,0.0,29.840820885596074,4.542265428565583
2024-10-30 00:00:00+00:00,-34.925,-71.28305,212.0,open-meteo_ecmwf_ifs,daily,25.0635,12.2635,23.23,12.461419,1.3890567,73.025826,0.0,29.974704682814647,4.012606811233305
2024-10-31 00:00:00+00:00,-34.925,-71.28305,212.0,open-meteo_ecmwf_ifs,daily,26.6135,11.7135,23.21,12.955169,1.4663674,76.25268,0.0,30.106350197607522,4.083316315087646
2024-11-01 00:00:00+00:00,-34.925,-71.28305,212.0,open-meteo_ecmwf_ifs,daily,21.3135,13.2135,16.18,9.763501,2.416125,69.048706,0.1,30.23573355801447,3.427899975607892
2024-11-02 00:00:00+00:00,-34.925,-71.28305,212.0,open-meteo_ecmwf_ifs,daily,23.463501,8.613501,28.71,9.317667,2.1888914,69.96963,0.0,30.36283185350571,4.490924169001256
2024-11-03 00:00:00+00:00,-34.925,-71.28305,212.0,open-meteo_ecmwf_ifs,daily,20.9135,11.7135,15.36,7.9322505,2.2333941,62.34677,0.0,30.487623111802552,3.308449141816626
2024-11-04 00:00:00+00:00,-34.925,-71.28305,212.0,open-meteo_ecmwf_ifs,daily,22.6135,6.6635003,29.57,7.094751,2.6831217,66.43785,0.0,30.61008627500373,4.5317606582953545
2024-11-05 00:00:00+00:00,-34.925,-71.28305,212.0,open-meteo_ecmwf_ifs,daily,24.713501,7.3135004,29.81,5.5634995,3.5633514,55.91307,0.0,30.730201175107446,5.22622861395559
2024-11-06 00:00:00+00:00,-34.925,-71.28305,212.0,open-meteo_ecmwf_ifs,daily,25.6135,11.4635,28.39,8.626,3.4798486,58.472973,0.0,30.847948509018817,5.41953677544071
2024-11-07 00:00:00+00:00,-34.925,-71.28305,212.0,open-meteo_ecmwf_ifs,daily,25.213501,10.7635,22.74,9.463501,2.4567883,61.27499,0.0,30.963309813132412,4.352593054265948
2024-11-08 00:00:00+00:00,-34.925,-71.28305,212.0,open-meteo_ecmwf_ifs,daily,28.1635,11.4135,27.53,9.646834,2.246771,56.669178,0.0,31.076267437578636,5.193108457061806
2024-11-09 00:00:00+00:00,-34.925,-71.28305,212.0,open-meteo_ecmwf_ifs,daily,25.5135,12.363501,26.81,11.232249,2.9763272,61.46239,0.0,31.186804520221344,4.9517236848657324
2024-11-10 00:00:00+00:00,-34.925,-71.28305,212.0,open-meteo_ecmwf_ifs,daily,21.8635,13.0135,18.5,9.861417,2.4024856,66.97201,2.3999996,31.29490496049282,3.7362010967940917
2024-11-11 00:00:00+00:00,-34.925,-71.28305,212.0,open-meteo_ecmwf_ifs,daily,23.6135,8.3635,30.42,6.7739167,5.014943,58.714565,0.0,31.4005533931505,5.3958532121233596
2024-11-12 00:00:00+00:00,-34.925,-71.28305,212.0,open-meteo_ecmwf_ifs,daily,26.0635,9.2635,30.18,7.2114162,4.2127147,53.527664,0.0,31.503735162037177,5.722943414734773
2024-11-13 00:00:00+00:00,-34.925,-71.28305,212.0,open-meteo_ecmwf_ifs,daily,27.9135,11.2635,28.43,10.871834,2.3438797,62.99463,0.0,31.604436293924373,5.214759552582883
2024-11-14 00:00:00+00:00,-34.925,-71.28305,212.0,open-meteo_ecmwf_ifs,daily,27.3635,10.7635,28.26,12.611419,1.562797,71.32672,0.0,31.70264347251547,4.8122762417353355
2024-11-15 00:00:00+00:00,-34.925,-71.28305,212.0,open-meteo_ecmwf_ifs,daily,20.8135,13.4635,15.39,11.757252,2.1221473,74.51032,0.0,31.798344012682115,3.069833761732135
2024-11-16 00:00:00+00:00,-34.925,-71.28305,212.0,open-meteo_ecmwf_ifs,daily,21.713501,10.8135,24.07,7.934334,2.8648412,61.978077,0.0,31.89152583500424,4.393429948859727
2024-11-17 00:00:00+00:00,-34.925,-71.28305,212.0,open-meteo_ecmwf_ifs,daily,23.963501,8.9135,31.13,7.6593337,2.3407905,61.395466,0.0,31.982177440680097,5.088875848736387
2024-11-18 00:00:00+00:00,-34.925,-71.28305,212.0,open-meteo_ecmwf_ifs,daily,26.713501,10.7635,30.82,9.423917,1.5963796,59.90051,0.0,32.07028788686898,5.25197822354598
2024-11-19 00:00:00+00:00,-34.925,-71.28305,212.0,open-meteo_ecmwf_ifs,daily,24.6635,9.8135,30.34,10.003083,1.6285081,68.07977,0.0,32.155846762525684,4.904233064030956
2024-11-20 00:00:00+00:00,-34.925,-71.28305,212.0,open-meteo_ecmwf_ifs,daily,26.463501,12.0635,25.82,9.880168,1.8637105,62.06978,0.0,32.238844164780694,4.822072269388971
2024-11-21 00:00:00+00:00,-34.925,-71.28305,212.0,open-meteo_ecmwf_ifs,daily,27.9135,10.613501,31.06,10.163501,1.9331064,60.261242,0.0,32.319270675916854,5.444579403132315
2024-11-22 00:00:00+00:00,-34.925,-71.28305,212.0,open-meteo_ecmwf_ifs,daily,27.0135,10.2135,31.22,8.398917,1.9792725,57.341507,0.0,32.39711734098792,5.452762511203877
2024-11-23 00:00:00+00:00,-34.925,-71.28305,212.0,open-meteo_ecmwf_ifs,daily,28.5135,11.5635,31.31,10.6135,3.0613477,60.347538,0.0,32.47237564612044,5.903022561369888
2024-11-24 00:00:00+00:00,-34.925,-71.28305,212.0,open-meteo_ecmwf_ifs,daily,27.3635,12.7135,30.96,9.944751,2.285495,56.079376,0.0,32.545037497536015,5.724105173603546
2024-11-25 00:00:00+00:00,-34.925,-71.28305,212.0,open-meteo_ecmwf_ifs,daily,26.5135,12.1635,31.49,7.3843327,3.0798676,48.169235,0.0,32.61509520132582,6.076379461866256
2024-11-26 00:00:00+00:00,-34.925,-71.28305,212.0,open-meteo_ecmwf_ifs,daily,24.963501,10.9135,31.65,8.278084,2.4459784,56.586086,0.0,32.68254144400576,5.503794153764826
2024-11-27 00:00:00+00:00,-34.925,-71.28305,212.0,open-meteo_ecmwf_ifs,daily,24.8635,10.2635,31.5,6.96975,2.4301474,54.67126,0.0,32.74736927387548,5.50153588855482
2024-11-28 00:00:00+00:00,-34.925,-71.28305,212.0,open-meteo_ecmwf_ifs,daily,24.963501,9.7135,31.6,6.2135005,2.615267,52.628887,0.0,32.80957208320045,5.570499364999141
2024-11-29 00:00:00+00:00,-34.925,-71.28305,212.0,open-meteo_ecmwf_ifs,daily,28.4135,10.7635,32.22,4.380167,2.458485,40.45812,0.0,32.86914359123249,6.192780044455452
2024-11-30 00:00:00+00:00,-34.925,-71.28305,212.0,open-meteo_ecmwf_ifs,daily,26.8135,12.2135,31.76,6.63225,1.5614387,45.74499,0.0,32.92607782807963,5.640122263383501
2024-12-01 00:00:00+00:00,-34.925,-71.28305,212.0,open-meteo_ecmwf_ifs,daily,23.963501,12.5135,30.81,7.3655834,2.2434967,56.01776,0.0,32.980369119432844,5.511282226119654
2024-12-02 00:00:00+00:00,-34.925,-71.28305,212.0,open-meteo_ecmwf_ifs,daily,25.9135,10.113501,32.47,5.792667,3.4398859,49.986973,0.0,33.032012072153634,6.109716480591662
2024-12-03 00:00:00+00:00,-34.925,-71.28305,212.0,open-meteo_ecmwf_ifs,daily,27.8635,11.0635,31.91,8.005168,1.5360867,51.747456,0.0,33.081001560722996,5.607572440388799
2024-12-04 00:00:00+00:00,-34.925,-71.28305,212.0,open-meteo_ecmwf_ifs,daily,24.8635,12.2135,31.48,9.051001,2.3134148,58.568256,0.0,33.12733271454955,5.559247246361029
2024-12-05 00:00:00+00:00,-34.925,-71.28305,212.0,open-meteo_ecmwf_ifs,daily,22.3135,10.0135,23.04,8.003085,2.026358,63.80572,0.1,33.171000906131844,4.135657204981923
2024-12-06 00:00:00+00:00,-34.925,-71.28305,212.0,open-meteo_ecmwf_ifs,daily,25.0135,10.0635,30.3,7.9489174,2.8259115,60.226624,0.0,33.21200174006751,5.40643498348784
2024-12-07 00:00:00+00:00,-34.925,-71.28305,212.0,open-meteo_ecmwf_ifs,daily,26.6135,10.4635,27.98,3.898917,2.5724802,40.890163,0.0,33.2503310429,5.634593673604511
2024-12-08 00:00:00+00:00,-34.925,-71.28305,212.0,open-meteo_ecmwf_ifs,daily,25.8135,8.9635,32.14,7.0489163,1.9664292,56.968105,0.0,33.28598485379195,5.438371917950035
2024-12-09 00:00:00+00:00,-34.925,-71.28305,212.0,open-meteo_ecmwf_ifs,daily,28.8635,9.8135,32.66,8.082251,1.6990186,55.624744,0.0,33.31895941601278,5.744115755260703
2024-12-10 00:00:00+00:00,-34.925,-71.28305,212.0,open-meteo_ecmwf_ifs,daily,29.6635,11.863501,32.58,8.90725,2.2032557,50.84342,0.0,33.34925116922749,6.159746829468871
2024-12-11 00:00:00+00:00,-34.925,-71.28305,212.0,open-meteo_ecmwf_ifs,daily,30.1635,11.7135,32.83,7.498918,2.2544904,47.76359,0.0,33.376856742572684,6.323853953878385
2024-12-12 00:00:00+00:00,-34.925,-71.28305,212.0,open-meteo_ecmwf_ifs,daily,27.8135,11.8135,32.02,9.930166,2.0224512,55.591297,0.0,33.4017729485057,5.779307436730236
2024-12-13 00:00:00+00:00,-34.925,-71.28305,212.0,open-meteo_ecmwf_ifs,daily,30.1135,12.613501,32.88,7.7655845,3.0331395,46.953094,0.0,33.4239967774132,6.741246331829745
2024-12-14 00:00:00+00:00,-34.925,-71.28305,212.0,open-meteo_ecmwf_ifs,daily,31.963501,13.863501,32.68,9.386416,2.3144262,50.019672,0.0,33.44352539296492,6.65121597484146
2024-12-15 00:00:00+00:00,-34.925,-71.28305,212.0,open-meteo_ecmwf_ifs,daily,29.0135,12.2635,31.89,8.667667,1.7069281,49.904995,0.0,33.46035612820049,5.8794643961080215
2024-12-16 00:00:00+00:00,-34.925,-71.28305,212.0,open-meteo_ecmwf_ifs,daily,28.3635,12.2135,32.33,10.055167,1.4672112,57.822617,0.0,33.47448648233668,5.738861270340745
2024-12-17 00:00:00+00:00,-34.925,-71.28305,212.0,open-meteo_ecmwf_ifs,daily,27.5135,11.4135,27.63,10.711417,1.7385812,63.977787,0.0,33.48591411828487,5.05549363306825
2024-12-18 00:00:00+00:00,-34.925,-71.28305,212.0,open-meteo_ecmwf_ifs,daily,29.463501,13.1635,32.41,10.111417,2.2691467,55.68584,0.0,33.494636860869136,6.2196843522796605
2024-12-19 00:00:00+00:00,-34.925,-71.28305,212.0,open-meteo_ecmwf_ifs,daily,30.213501,14.0135,33.04,7.3385005,3.9461536,42.482372,0.0,33.50065269573753,7.383858753620391
2024-12-20 00:00:00+00:00,-34.925,-71.28305,212.0,open-meteo_ecmwf_ifs,daily,29.3135,15.0135,31.26,7.39475,4.114171,41.115063,0.0,33.50395976896067,7.276538169570852
2024-12-21 00:00:00+00:00,-34.925,-71.28305,212.0,open-meteo_ecmwf_ifs,daily,31.963501,15.3135,32.03,10.646834,3.58055,49.72131,0.0,33.504556387313635,7.218723649373502
2024-12-22 00:00:00+00:00,-34.925,-71.28305,212.0,open-meteo_ecmwf_ifs,daily,34.5135,16.3135,32.57,9.44475,2.8440254,40.33597,0.0,33.50244101923944,7.469307565029345
2024-12-23 00:00:00+00:00,-34.925,-71.28305,212.0,open-meteo_ecmwf_ifs,daily,31.5135,17.0635,32.52,9.046834,3.3403265,39.89683,0.0,33.49761229649393,7.493838416205347
2024-12-24 00:00:00+00:00,-34.925,-71.28305,212.0,open-meteo_ecmwf_ifs,daily,33.8135,13.7135,32.86,8.034334,2.626566,40.062862,0.0,33.49006901647439,7.089181708533335
2024-12-25 00:00:00+00:00,-34.925,-71.28305,212.0,open-meteo_ecmwf_ifs,daily,30.6635,13.863501,32.21,10.961417,1.9116411,50.636417,0.0,33.47981014523612,6.209876083040782
2024-12-26 00:00:00+00:00,-34.925,-71.28305,212.0,open-meteo_ecmwf_ifs,daily,27.963501,15.8135,27.9,12.701001,2.2113414,63.086926,0.0,33.46683482120256,5.578655011192098
2024-12-27 00:00:00+00:00,-34.925,-71.28305,212.0,open-meteo_ecmwf_ifs,daily,30.0135,13.9135,31.5,12.721835,1.5905007,62.772892,0.0,33.45114235957737,5.869019771175263
2024-12-28 00:00:00+00:00,-34.925,-71.28305,212.0,open-meteo_ecmwf_ifs,daily,30.2635,15.1635,31.25,12.473918,1.7856449,57.43565,0.0,33.432732257467485,6.051666516272549
2024-12-29 00:00:00+00:00,-34.925,-71.28305,212.0,open-meteo_ecmwf_ifs,daily,32.2135,14.9135,28.88,12.996835,1.8615416,59.05402,0.0,33.41160419972831,5.898101688872557
2024-12-30 00:00:00+00:00,-34.925,-71.28305,212.0,open-meteo_ecmwf_ifs,daily,32.2135,14.5135,32.17,10.06975,1.9677635,50.173183,0.0,33.38775806554299,6.472487661848273
2024-12-31 00:00:00+00:00,-34.925,-71.28305,212.0,open-meteo_ecmwf_ifs,daily,30.8635,16.2635,31.27,11.763501,3.4668076,51.34856,0.8,33.361193935749114,6.933465605930713
2025-01-01 00:00:00+00:00,-34.925,-71.28305,212.0,open-meteo_ecmwf_ifs,daily,31.6635,14.0635,32.75,5.0468335,2.908147,33.576626,0.0,33.361193935749114,7.192631714131216
2025-01-02 00:00:00+00:00,-34.925,-71.28305,212.0,open-meteo_ecmwf_ifs,daily,32.5135,14.5135,32.62,8.742667,1.6854461,45.879593,0.0,33.33191210092631,6.439190200202038
2025-01-03 00:00:00+00:00,-34.925,-71.28305,212.0,open-meteo_ecmwf_ifs,daily,32.3135,14.3135,32.16,9.792668,1.4819256,46.4541,0.0,33.29991307025934,6.21046272283004
2025-01-04 00:00:00+00:00,-34.925,-71.28305,212.0,open-meteo_ecmwf_ifs,daily,30.963501,14.6635,30.91,12.73225,1.5241084,59.059498,0.0,33.265197581190414,5.906062636035953
2025-01-05 00:00:00+00:00,-34.925,-71.28305,212.0,open-meteo_ecmwf_ifs,daily,34.0135,17.713501,29.88,13.788502,1.4952526,54.12988,0.0,33.22776660987516,6.220134332222952
2025-01-06 00:00:00+00:00,-34.925,-71.28305,212.0,open-meteo_ecmwf_ifs,daily,30.8635,16.3135,30.75,14.478084,2.0380244,58.929523,0.0,33.187621382455305,6.118963651510369
2025-01-07 00:00:00+00:00,-34.925,-71.28305,212.0,open-meteo_ecmwf_ifs,daily,28.9135,15.2135,30.29,12.401001,2.3097954,58.3538,0.0,33.14476338716048,5.956245585947536
2025-01-08 00:00:00+00:00,-34.925,-71.28305,212.0,open-meteo_ecmwf_ifs,daily,30.7635,14.8135,31.62,11.501,1.870937,56.204544,0.0,33.09919438725014,6.169683794272594
2025-01-09 00:00:00+00:00,-34.925,-71.28305,212.0,open-meteo_ecmwf_ifs,daily,33.1135,14.6635,31.9,11.28225,2.076234,51.819286,0.0,33.05091643480504,6.514916309118636
2025-01-10 00:00:00+00:00,-34.925,-71.28305,212.0,open-meteo_ecmwf_ifs,daily,33.8635,16.2135,31.77,8.463501,2.6144845,38.36086,0.0,32.999931885375155,7.167716774221428
2025-01-11 00:00:00+00:00,-34.925,-71.28305,212.0,open-meteo_ecmwf_ifs,daily,34.7635,16.3135,32.02,5.228083,2.5121667,30.090555,0.0,32.94624341348939,7.347842821206185
2025-01-12 00:00:00+00:00,-34.925,-71.28305,212.0,open-meteo_ecmwf_ifs,daily,31.2635,16.1635,30.25,12.648918,1.94986,51.65683,0.0,32.88985402902867,6.133654478269554
2025-01-13 00:00:00+00:00,-34.925,-71.28305,212.0,open-meteo_ecmwf_ifs,daily,31.6635,16.0135,30.88,13.190585,1.6079583,56.627483,0.0,32.830767094461805,6.068989462176503
2025-01-14 00:00:00+00:00,-34.925,-71.28305,212.0,open-meteo_ecmwf_ifs,daily,31.713501,14.6635,30.8,10.823917,1.5538187,51.028835,0.0,32.76898634293975,5.991357135015748
2025-01-15 00:00:00+00:00,-34.925,-71.28305,212.0,open-meteo_ecmwf_ifs,daily,33.0635,15.9135,30.84,11.617667,2.9380054,48.48749,0.0,32.70451589724026,6.877489372814832
2025-01-16 00:00:00+00:00,-34.925,-71.28305,212.0,open-meteo_ecmwf_ifs,daily,32.163498,17.5635,28.64,15.007252,2.7821467,61.074436,0.0,32.63736028955149,6.308814818246871
2025-01-17 00:00:00+00:00,-34.925,-71.28305,212.0,open-meteo_ecmwf_ifs,daily,30.7635,15.4135,30.79,8.880166,2.0079768,43.99914,0.0,32.567524482078234,6.262369684478706
2025-01-18 00:00:00+00:00,-34.925,-71.28305,212.0,open-meteo_ecmwf_ifs,daily,30.6635,14.7635,30.87,8.961417,1.3290209,45.176098,0.0,32.49501388845132,5.826374068514789
2025-01-19 00:00:00+00:00,-34.925,-71.28305,212.0,open-meteo_ecmwf_ifs,daily,34.5635,14.4635,31.74,7.6489177,2.272146,40.951427,0.0,32.41983439591511,6.827772662226961
2025-01-20 00:00:00+00:00,-34.925,-71.28305,212.0,open-meteo_ecmwf_ifs,daily,31.9135,13.4635,30.36,9.692666,1.74713,47.501514,0.0,32.34199238826457,5.95199934744693
2025-01-21 00:00:00+00:00,-34.925,-71.28305,212.0,open-meteo_ecmwf_ifs,daily,30.6635,15.3135,30.51,11.305167,1.6631883,51.42,0.0,32.26149476949805,5.923823205317504
2025-01-22 00:00:00+00:00,-34.925,-71.28305,212.0,open-meteo_ecmwf_ifs,daily,29.0635,14.5135,30.37,12.221835,1.8842202,59.45236,0.0,32.17834898814751,5.725384164597785
2025-01-23 00:00:00+00:00,-34.925,-71.28305,212.0,open-meteo_ecmwf_ifs,daily,30.213501,12.5135,30.58,8.59475,2.405042,51.903072,0.0,32.09256306224339,6.068540396437252
2025-01-24 00:00:00+00:00,-34.925,-71.28305,212.0,open-meteo_ecmwf_ifs,daily,31.8135,14.5635,30.61,8.794751,3.821365,46.662365,0.0,32.00414560486646,7.12981446467261
2025-01-25 00:00:00+00:00,-34.925,-71.28305,212.0,open-meteo_ecmwf_ifs,daily,33.1635,15.1635,30.56,8.021833,2.804992,39.306572,0.0,31.913105850234494,6.896294183719495
2025-01-26 00:00:00+00:00,-34.925,-71.28305,212.0,open-meteo_ecmwf_ifs,daily,32.3135,16.3135,30.32,10.515584,1.8207732,46.228786,0.0,31.819453680267156,6.200433587761437
2025-01-27 00:00:00+00:00,-34.925,-71.28305,212.0,open-meteo_ecmwf_ifs,daily,31.8635,14.4635,30.4,9.646834,3.2718804,46.770035,0.0,31.72319965156801,6.74917658985988
2025-01-28 00:00:00+00:00,-34.925,-71.28305,212.0,open-meteo_ecmwf_ifs,daily,33.7135,15.2135,30.66,6.5885005,2.710679,34.51359,0.0,31.62435502275848,6.9639840809584355
2025-01-29 00:00:00+00:00,-34.925,-71.28305,212.0,open-meteo_ecmwf_ifs,daily,33.6135,15.0135,30.42,9.848918,1.4423949,44.300472,0.0,31.52293178209454,5.9738260511297705
2025-01-30 00:00:00+00:00,-34.925,-71.28305,212.0,open-meteo_ecmwf_ifs,daily,31.4135,13.6635,30.16,11.561417,1.7047071,55.415737,0.0,31.418942675292925,5.748349490998619
2025-01-31 00:00:00+00:00,-34.925,-71.28305,212.0,open-meteo_ecmwf_ifs,daily,33.3635,13.863501,30.57,8.273918,2.5879874,45.69685,0.0,31.312401233490444,6.591749466267229
2025-02-01 00:00:00+00:00,-34.925,-71.28305,212.0,open-meteo_ecmwf_ifs,daily,33.2635,16.5135,29.7,11.471832,2.5462115,46.25456,0.0,31.20332180125639,6.541906918837214
2025-02-02 00:00:00+00:00,-34.925,-71.28305,212.0,open-meteo_ecmwf_ifs,daily,29.8635,14.9135,29.11,7.3051662,2.1799772,41.696194,0.0,31.091719564575072,5.9899544999636
2025-02-03 00:00:00+00:00,-34.925,-71.28305,212.0,open-meteo_ecmwf_ifs,daily,31.3135,14.4635,29.08,9.298917,3.3085468,48.71864,0.0,30.977610578713154,6.529741863547841
2025-02-04 00:00:00+00:00,-34.925,-71.28305,212.0,open-meteo_ecmwf_ifs,daily,32.4635,15.0135,26.68,6.221834,2.7352426,34.893185,0.0,30.861011795883552,6.3597461967524005
2025-02-05 00:00:00+00:00,-34.925,-71.28305,212.0,open-meteo_ecmwf_ifs,daily,32.1135,14.9635,29.53,7.3010006,2.5615911,38.8651,0.0,30.7419410926161,6.452926996187041
2025-02-06 00:00:00+00:00,-34.925,-71.28305,212.0,open-meteo_ecmwf_ifs,daily,35.0135,14.7635,29.55,9.353084,3.1472042,46.280987,0.0,30.62041729674349,6.9565137372476045
2025-02-07 00:00:00+00:00,-34.925,-71.28305,212.0,open-meteo_ecmwf_ifs,daily,34.0635,15.9635,29.14,9.565583,1.8903114,39.85333,0.0,30.4964602139095,6.13539291648023
2025-02-08 00:00:00+00:00,-34.925,-71.28305,212.0,open-meteo_ecmwf_ifs,daily,37.9135,16.9135,29.13,9.509334,3.0651815,43.041687,0.0,30.370090653505773,7.397241292579298
2025-02-09 00:00:00+00:00,-34.925,-71.28305,212.0,open-meteo_ecmwf_ifs,daily,32.6635,17.5135,28.54,9.292666,3.724038,36.533436,0.0,30.241330453942968,7.205319409986897
2025-02-10 00:00:00+00:00,-34.925,-71.28305,212.0,open-meteo_ecmwf_ifs,daily,32.5135,15.113501,27.78,14.205169,1.9500313,62.934464,0.0,30.110202507161933,5.559942907161359
2025-02-11 00:00:00+00:00,-34.925,-71.28305,212.0,open-meteo_ecmwf_ifs,daily,30.6135,14.113501,28.98,6.309334,2.3890495,41.009686,0.0,29.976730782290748,6.047614641372995
2025-02-12 00:00:00+00:00,-34.925,-71.28305,212.0,open-meteo_ecmwf_ifs,daily,30.7635,13.613501,28.9,3.7489166,2.4848807,33.825493,0.0,29.840940348354273,6.162533944541479
2025-02-13 00:00:00+00:00,-34.925,-71.28305,212.0,open-meteo_ecmwf_ifs,daily,32.1135,14.0135,28.55,5.1322503,2.1454287,36.649044,0.0,29.702857395943816,5.987383264065808
2025-02-14 00:00:00+00:00,-34.925,-71.28305,212.0,open-meteo_ecmwf_ifs,daily,30.3635,13.4135,27.97,6.54475,2.0578678,41.51713,0.0,29.56250925775616,5.613944638706099
2025-02-15 00:00:00+00:00,-34.925,-71.28305,212.0,open-meteo_ecmwf_ifs,daily,28.5635,12.0135,27.84,8.394751,1.5394439,52.861385,0.0,29.419924427912676,4.991904532357631
2025-02-16 00:00:00+00:00,-34.925,-71.28305,212.0,open-meteo_ecmwf_ifs,daily,30.5135,12.2135,27.75,8.136418,1.7345792,51.114563,0.0,29.275132579971785,5.240548124550894
2025-02-17 00:00:00+00:00,-34.925,-71.28305,212.0,open-meteo_ecmwf_ifs,daily,31.0135,13.7135,28.21,5.9593334,2.6043894,40.650845,0.0,29.128164583550497,6.041697201709075
2025-02-18 00:00:00+00:00,-34.925,-71.28305,212.0,open-meteo_ecmwf_ifs,daily,33.7135,13.7635,27.67,8.180167,1.8236426,42.5025,0.0,28.979052519473395,5.62617425215305
2025-02-19 00:00:00+00:00,-34.925,-71.28305,212.0,open-meteo_ecmwf_ifs,daily,26.5135,13.7135,25.32,11.005168,2.7593288,60.20465,0.0,28.827829693371207,4.924450090117706
2025-02-20 00:00:00+00:00,-34.925,-71.28305,212.0,open-meteo_ecmwf_ifs,daily,30.6135,12.7635,25.8,11.757248,1.5524436,63.076065,0.0,28.674530647654038,4.804491880834313
2025-02-21 00:00:00+00:00,-34.925,-71.28305,212.0,open-meteo_ecmwf_ifs,daily,32.2135,13.5135,26.76,11.048917,1.7807761,56.160645,0.0,28.51919117178891,5.227140577839285
2025-02-22 00:00:00+00:00,-34.925,-71.28305,212.0,open-meteo_ecmwf_ifs,daily,32.5635,14.9635,25.77,8.173918,2.5315366,43.26858,0.0,28.36184831081458,5.833460522946484
2025-02-23 00:00:00+00:00,-34.925,-71.28305,212.0,open-meteo_ecmwf_ifs,daily,33.6135,14.7635,26.64,10.036417,3.0360336,47.091003,0.0,28.20254037203193,6.172008921920306
2025-02-24 00:00:00+00:00,-34.925,-71.28305,212.0,open-meteo_ecmwf_ifs,daily,33.0135,16.4135,25.47,12.85725,3.2385292,56.08289,0.0,28.0413069298122,6.002772520816229
2025-02-25 00:00:00+00:00,-34.925,-71.28305,212.0,open-meteo_ecmwf_ifs,daily,32.6635,16.4635,26.46,6.3676677,2.656517,34.21884,0.0,27.87818882847063,6.189332599393914
2025-02-26 00:00:00+00:00,-34.925,-71.28305,212.0,open-meteo_ecmwf_ifs,daily,33.8635,15.0635,26.59,7.6218333,2.2419422,40.150402,0.0,27.71322818315797,5.818356804084149
2025-02-27 00:00:00+00:00,-34.925,-71.28305,212.0,open-meteo_ecmwf_ifs,daily,30.8635,14.113501,25.5,10.373917,1.7798265,49.843845,0.0,27.54646837872801,4.9730658813770265
2025-02-28 00:00:00+00:00,-34.925,-71.28305,212.0,open-meteo_ecmwf_ifs,daily,28.4135,15.613501,23.95,12.392667,1.738912,61.645954,0.0,27.377954066544238,4.5967929325147185
2025-03-01 00:00:00+00:00,-34.925,-71.28305,212.0,open-meteo_ecmwf_ifs,daily,28.8135,15.5635,23.39,14.298917,1.9298469,69.09651,0.0,27.20773115919487,4.50001919170972
2025-03-02 00:00:00+00:00,-34.925,-71.28305,212.0,open-meteo_ecmwf_ifs,daily,27.1635,14.7635,21.69,13.146832,1.986887,66.506386,0.0,27.035846823090893,4.165422932329449
2025-03-03 00:00:00+00:00,-34.925,-71.28305,212.0,open-meteo_ecmwf_ifs,daily,28.7635,13.113501,25.0,9.690583,2.3635578,56.59021,0.0,26.86234946892798,4.903719202062432
2025-03-04 00:00:00+00:00,-34.925,-71.28305,212.0,open-meteo_ecmwf_ifs,daily,29.5135,13.8135,24.83,9.234333,3.0470247,52.691074,0.0,26.68728873999868,5.36538152547397
2025-03-05 00:00:00+00:00,-34.925,-71.28305,212.0,open-meteo_ecmwf_ifs,daily,30.4135,13.4635,24.5,11.078084,2.4872046,55.84965,0.0,26.510715498347672,4.975033158715205
2025-03-06 00:00:00+00:00,-34.925,-71.28305,212.0,open-meteo_ecmwf_ifs,daily,28.5135,14.7635,23.06,13.026002,1.9841828,64.899994,0.0,26.33268180876873,4.408019645627391
2025-03-07 00:00:00+00:00,-34.925,-71.28305,212.0,open-meteo_ecmwf_ifs,daily,26.0135,13.363501,19.99,13.578084,2.0529566,72.007,2.5000002,26.153240920648088,3.6560389454014754
2025-03-08 00:00:00+00:00,-34.925,-71.28305,212.0,open-meteo_ecmwf_ifs,daily,27.4135,11.3135,24.57,5.967667,4.1440578,47.707546,0.0,25.972447247665215,5.506172515959817
2025-03-09 00:00:00+00:00,-34.925,-71.28305,212.0,open-meteo_ecmwf_ifs,daily,29.8135,10.4135,23.41,7.8739166,2.3503726,52.961502,0.0,25.790356345367517,4.618748682067037
2025-03-10 00:00:00+00:00,-34.925,-71.28305,212.0,open-meteo_ecmwf_ifs,daily,29.2635,13.0135,23.65,8.990584,2.1468627,50.794674,0.0,25.607024886642158,4.647686521120957
2025-03-11 00:00:00+00:00,-34.925,-71.28305,212.0,open-meteo_ecmwf_ifs,daily,29.5135,13.0135,22.2,9.590584,3.0071135,55.69574,0.0,25.422510635113486,4.874275247429229
2025-03-12 00:00:00+00:00,-34.925,-71.28305,212.0,open-meteo_ecmwf_ifs,daily,32.8135,12.7135,23.52,9.742667,1.4120313,50.248657,0.0,25.236872416500873,4.4011956335023585
2025-03-13 00:00:00+00:00,-34.925,-71.28305,212.0,open-meteo_ecmwf_ifs,daily,31.6135,14.1635,23.2,10.876,1.2036221,53.311367,0.0,25.050170087977033,4.222235173534288
2025-03-14 00:00:00+00:00,-34.925,-71.28305,212.0,open-meteo_ecmwf_ifs,daily,26.213501,13.863501,19.68,12.725999,1.658206,68.71072,0.0,24.862464505572927,3.573948789892819
2025-03-15 00:00:00+00:00,-34.925,-71.28305,212.0,open-meteo_ecmwf_ifs,daily,26.2635,14.6635,17.53,12.4885,0.9939232,68.64077,0.0,24.673817489680562,3.1627169714985537
2025-03-16 00:00:00+00:00,-34.925,-71.28305,212.0,open-meteo_ecmwf_ifs,daily,27.9135,12.0635,21.26,11.380168,2.063722,66.98688,0.0,24.484291788710195,3.9262769214996207
2025-03-17 00:00:00+00:00,-34.925,-71.28305,212.0,open-meteo_ecmwf_ifs,daily,29.213501,12.113501,22.48,8.986417,2.7330086,53.0907,0.0,24.293951040963922,4.6133642832967
2025-03-18 00:00:00+00:00,-34.925,-71.28305,212.0,open-meteo_ecmwf_ifs,daily,30.963501,11.7635,21.74,9.286418,2.7157152,52.856888,0.0,24.102859734792137,4.639230823018944
2025-03-19 00:00:00+00:00,-34.925,-71.28305,212.0,open-meteo_ecmwf_ifs,daily,27.4135,13.9635,21.91,11.440585,1.1271842,57.62788,0.0,23.911083167104355,3.6861851659651657
2025-03-20 00:00:00+00:00,-34.925,-71.28305,212.0,open-meteo_ecmwf_ifs,daily,28.3635,12.9135,21.66,11.723916,1.0747937,65.684074,0.0,23.718687400310245,3.608215909198339
2025-03-21 00:00:00+00:00,-34.925,-71.28305,212.0,open-meteo_ecmwf_ifs,daily,28.213501,14.3135,19.2,13.255168,2.3432586,69.30237,0.0,23.525739217770997,3.8283971110025687
2025-03-22 00:00:00+00:00,-34.925,-71.28305,212.0,open-meteo_ecmwf_ifs,daily,27.5635,13.5635,21.33,10.909335,2.5100815,58.526875,0.0,23.332306077845146,4.1544051665216015
2025-03-23 00:00:00+00:00,-34.925,-71.28305,212.0,open-meteo_ecmwf_ifs,daily,25.963501,10.3135,21.58,7.2551675,2.3610094,52.1586,0.0,23.13845606661681,3.9251940405546444
2025-03-24 00:00:00+00:00,-34.925,-71.28305,212.0,open-meteo_ecmwf_ifs,daily,25.5635,8.7135,20.83,7.7260003,1.3740587,63.423336,0.0,22.944257849397633,3.271561982857418
2025-03-25 00:00:00+00:00,-34.925,-71.28305,212.0,open-meteo_ecmwf_ifs,daily,23.4135,11.7135,18.15,10.278083,1.8283571,69.83706,0.1,22.749780621097024,3.09961916802633
2025-03-26 00:00:00+00:00,-34.925,-71.28305,212.0,open-meteo_ecmwf_ifs,daily,26.213501,11.2635,20.26,9.53225,1.2966818,63.65228,0.5,22.5550940555583,3.2936161279771263
2025-03-27 00:00:00+00:00,-34.925,-71.28305,212.0,open-meteo_ecmwf_ifs,daily,23.3135,12.5135,19.32,9.586417,2.3321693,64.41455,0.0,22.36026825396073,3.4408225588789954
2025-03-28 00:00:00+00:00,-34.925,-71.28305,212.0,open-meteo_ecmwf_ifs,daily,24.2635,9.9635,17.06,10.084334,1.3869091,69.66277,0.0,22.165373692390077,2.7771498656005065
2025-03-29 00:00:00+00:00,-34.925,-71.28305,212.0,open-meteo_ecmwf_ifs,daily,24.2635,10.8135,16.25,10.419751,1.6293854,67.67869,0.0,21.970481168682117,2.803003650400642
2025-03-30 00:00:00+00:00,-34.925,-71.28305,212.0,open-meteo_ecmwf_ifs,daily,18.5135,13.2635,16.12,10.061419,2.8121014,73.51916,17.800001,21.775661748645387,2.7954927689411515
2025-03-31 00:00:00+00:00,-34.925,-71.28305,212.0,open-meteo_ecmwf_ifs,daily,21.213501,7.6635003,20.23,4.9551673,4.1952596,57.899216,0.0,21.580986711770898,3.7011266195404544
2025-04-01 00:00:00+00:00,-34.925,-71.28305,212.0,open-meteo_ecmwf_ifs,daily,21.3635,7.3135004,17.6,6.7551675,2.121621,65.97478,0.0,21.38652749653765,2.7777306755503
2025-04-02 00:00:00+00:00,-34.925,-71.28305,212.0,open-meteo_ecmwf_ifs,daily,21.3635,7.0635004,17.5,6.417667,1.8839852,65.711845,0.0,21.192355645423493,2.6977112222098967
2025-04-03 00:00:00+00:00,-34.925,-71.28305,212.0,open-meteo_ecmwf_ifs,daily,25.0135,7.4635,19.34,8.240584,2.16134,66.536804,0.0,20.998542749731588,3.0856542201996486
2025-04-04 00:00:00+00:00,-34.925,-71.28305,212.0,open-meteo_ecmwf_ifs,daily,27.213501,9.8135,18.74,10.411417,0.8108961,64.26748,0.0,20.80516039434282,2.751684119341886
2025-04-05 00:00:00+00:00,-34.925,-71.28305,212.0,open-meteo_ecmwf_ifs,daily,21.4135,13.1635,13.68,11.896835,1.7729193,77.91679,0.0,20.61228010250435,2.377615181120681
2025-04-06 00:00:00+00:00,-34.925,-71.28305,212.0,open-meteo_ecmwf_ifs,daily,22.963501,9.9635,15.77,10.636416,1.0436852,74.883934,0.0,20.419973280764243,2.338993363801157
2025-04-07 00:00:00+00:00,-34.925,-71.28305,212.0,open-meteo_ecmwf_ifs,daily,24.5135,9.8135,16.93,10.517667,1.9020013,75.24437,0.0,20.228311164161315,2.741685739013835
2025-04-08 00:00:00+00:00,-34.925,-71.28305,212.0,open-meteo_ecmwf_ifs,daily,25.4135,10.4635,18.06,11.590584,0.8835167,71.98185,0.0,20.03736476177837,2.5803691105282867
2025-04-09 00:00:00+00:00,-34.925,-71.28305,212.0,open-meteo_ecmwf_ifs,daily,23.3635,10.9635,14.27,11.9635,0.8851986,79.229256,0.0,19.84720480276574,2.151317675509799
2025-04-10 00:00:00+00:00,-34.925,-71.28305,212.0,open-meteo_ecmwf_ifs,daily,17.1135,11.7135,6.07,11.478085,1.8028544,84.095764,1.4,19.65790168294052,1.3113467832055699
2025-04-11 00:00:00+00:00,-34.925,-71.28305,212.0,open-meteo_ecmwf_ifs,daily,18.5135,9.613501,15.08,6.4405837,2.942853,67.205345,0.0,19.469525412064915,2.666633531778933
2025-04-12 00:00:00+00:00,-34.925,-71.28305,212.0,open-meteo_ecmwf_ifs,daily,20.463501,6.0635004,17.45,5.7885,2.3685098,68.82868,0.0,19.2821455619053,2.5629085217908867
2025-04-13 00:00:00+00:00,-34.925,-71.28305,212.0,open-meteo_ecmwf_ifs,daily,20.1635,5.9635,14.32,6.853083,1.6458019,72.54897,0.0,19.09583121517087,2.0709305072040576
2025-04-14 00:00:00+00:00,-34.925,-71.28305,212.0,open-meteo_ecmwf_ifs,daily,21.213501,6.9135003,15.26,8.109334,1.0673853,74.531624,0.0,18.91065091542852,2.0292980966233323
2025-04-15 00:00:00+00:00,-34.925,-71.28305,212.0,open-meteo_ecmwf_ifs,daily,19.1635,10.5135,11.66,10.853085,1.9593478,85.73167,0.0,18.726672618087445,1.8461293244572747
2025-04-16 00:00:00+00:00,-34.925,-71.28305,212.0,open-meteo_ecmwf_ifs,daily,21.463501,6.8135004,16.21,7.961418,1.6003817,74.70904,0.0,18.54396364254405,2.2058007470839494
2025-04-17 00:00:00+00:00,-34.925,-71.28305,212.0,open-meteo_ecmwf_ifs,daily,20.963501,12.0635,12.41,10.053084,3.01067,75.261116,0.0,18.36259062557438,2.4978247881430953
2025-04-18 00:00:00+00:00,-34.925,-71.28305,212.0,open-meteo_ecmwf_ifs,daily,20.4135,6.8135004,14.53,6.155167,2.356284,68.57215,0.0,18.18261947605774,2.332003266963292
2025-04-19 00:00:00+00:00,-34.925,-71.28305,212.0,open-meteo_ecmwf_ifs,daily,23.3135,6.9135003,15.34,7.9739175,1.096917,73.5415,0.0,18.004115331111496,2.06617086043924
2025-04-20 00:00:00+00:00,-34.925,-71.28305,212.0,open-meteo_ecmwf_ifs,daily,22.1635,8.4635,15.32,9.269752,0.95605016,72.54602,0.0,17.82714251371304,1.986260154655649
2025-04-21 00:00:00+00:00,-34.925,-71.28305,212.0,open-meteo_ecmwf_ifs,daily,19.9135,8.7635,7.46,9.509334,1.173345,81.436295,0.0,17.651764491880872,1.4053339188667295
2025-04-22 00:00:00+00:00,-34.925,-71.28305,212.0,open-meteo_ecmwf_ifs,daily,23.9135,9.863501,11.2,10.667667,1.0813583,75.41073,0.0,17.47804383948234,1.8124595113785036
2025-04-23 00:00:00+00:00,-34.925,-71.28305,212.0,open-meteo_ecmwf_ifs,daily,21.9135,12.2135,8.4,13.648917,1.4840765,86.25458,1.7,17.306042198731312,1.5141467102570207
2025-04-24 00:00:00+00:00,-34.925,-71.28305,212.0,open-meteo_ecmwf_ifs,daily,20.713501,13.863501,12.09,12.546834,2.626425,80.306404,0.0,17.135820244434118,2.126788058845503
2025-04-25 00:00:00+00:00,-34.925,-71.28305,212.0,open-meteo_ecmwf_ifs,daily,18.713501,12.2135,10.27,9.915585,2.3618348,74.95983,14.800001,16.967437650037677,1.9376458638479117
2025-04-26 00:00:00+00:00,-34.925,-71.28305,212.0,open-meteo_ecmwf_ifs,daily,17.5635,8.2135,13.09,7.623917,2.9851038,76.486084,0.0,16.800953055528662,1.9899184973416968
2025-04-27 00:00:00+00:00,-34.925,-71.28305,212.0,open-meteo_ecmwf_ifs,daily,19.6135,5.5635004,13.91,6.5343337,2.2752943,74.18258,0.0,16.63642403722731,1.9477633455746934
2025-04-28 00:00:00+00:00,-34.925,-71.28305,212.0,open-meteo_ecmwf_ifs,daily,19.9135,7.9135003,12.24,8.853083,1.5408057,81.33889,0.0,16.47390707951492,1.691889105002579
2025-04-29 00:00:00+00:00,-34.925,-71.28305,212.0,open-meteo_ecmwf_ifs,daily,18.5635,7.3135004,11.87,9.009334,0.6458452,83.09777,0.0,16.31345754852805,1.3829338151909234
2025-04-30 00:00:00+00:00,-34.925,-71.28305,212.0,open-meteo_ecmwf_ifs,daily,17.3635,7.6135,6.69,9.017667,1.7602147,85.65797,0.0,16.155129667847792,1.2145975951449228
2025-05-01 00:00:00+00:00,-34.925,-71.28305,212.0,open-meteo_ecmwf_ifs,daily,19.213501,7.6635003,13.52,8.646834,1.0676409,77.88497,0.0,15.998976496206643,1.5752683409561379
2025-05-02 00:00:00+00:00,-34.925,-71.28305,212.0,open-meteo_ecmwf_ifs,daily,18.2635,7.5135,12.34,8.748918,2.2104175,83.701515,0.0,15.845049907230024,1.6230798420616417
2025-05-03 00:00:00+00:00,-34.925,-71.28305,212.0,open-meteo_ecmwf_ifs,daily,18.713501,5.0635004,12.7,6.448917,1.5739594,77.715614,0.0,15.69340057122418,1.5663175108596583
2025-05-04 00:00:00+00:00,-34.925,-71.28305,212.0,open-meteo_ecmwf_ifs,daily,17.6635,8.2135,9.78,9.409334,1.6193281,82.0187,0.0,15.544077939016184,1.3393871794179932
2025-05-05 00:00:00+00:00,-34.925,-71.28305,212.0,open-meteo_ecmwf_ifs,daily,17.213501,7.4135003,11.33,7.6385007,1.8214092,77.88565,0.0,15.397130227846512,1.498989589545727
2025-05-06 00:00:00+00:00,-34.925,-71.28305,212.0,open-meteo_ecmwf_ifs,daily,17.5635,7.1135,10.0,7.0030837,0.9364443,75.08826,0.2,15.25260440930863,1.2791003671675203
2025-05-07 00:00:00+00:00,-34.925,-71.28305,212.0,open-meteo_ecmwf_ifs,daily,14.7135,9.8135,4.39,9.592667,1.7311196,85.39089,16.2,15.110546199324459,0.9653691228891268
2025-05-08 00:00:00+00:00,-34.925,-71.28305,212.0,open-meteo_ecmwf_ifs,daily,16.1135,8.3635,5.93,9.182252,2.1222284,86.24598,28.3,14.971000050138988,1.1160324733483504
2025-05-09 00:00:00+00:00,-34.925,-71.28305,212.0,open-meteo_ecmwf_ifs,daily,19.7635,9.0635,11.92,10.615584,1.3823757,85.09104,10.2,14.834009144311347,1.4383263565250768
2025-05-10 00:00:00+00:00,-34.925,-71.28305,212.0,open-meteo_ecmwf_ifs,daily,21.5635,7.4135003,12.07,8.555167,1.8986006,79.84441,0.0,14.699615390674177,1.7014113246436056
2025-05-11 00:00:00+00:00,-34.925,-71.28305,212.0,open-meteo_ecmwf_ifs,daily,19.963501,9.4135,9.06,10.865584,0.9174029,86.5301,0.0,14.567859422227428,1.2081577739635818
2025-05-12 00:00:00+00:00,-34.925,-71.28305,212.0,open-meteo_ecmwf_ifs,daily,17.7635,10.5135,9.41,11.323917,1.3410448,88.99271,0.0,14.438780595927073,1.1980064980339524
2025-05-13 00:00:00+00:00,-34.925,-71.28305,212.0,open-meteo_ecmwf_ifs,daily,17.3135,8.6635,8.99,10.078084,0.86822265,89.72882,0.0,14.312416994323748,1.0720053611004128
2025-05-14 00:00:00+00:00,-34.925,-71.28305,212.0,open-meteo_ecmwf_ifs,daily,17.7635,6.3135004,10.94,8.898917,1.6369113,87.559715,0.0,14.188805429000956,1.2072694964817126
2025-05-15 00:00:00+00:00,-34.925,-71.28305,212.0,open-meteo_ecmwf_ifs,daily,16.0635,8.9135,8.4,9.184333,1.5617458,89.02659,0.0,14.067981445756963,1.1280987335126007
2025-05-16 00:00:00+00:00,-34.925,-71.28305,212.0,open-meteo_ecmwf_ifs,daily,17.713501,5.9635,11.02,6.9218345,0.82282406,81.001335,0.0,13.949979331469393,1.129650831892913
2025-05-17 00:00:00+00:00,-34.925,-71.28305,212.0,open-meteo_ecmwf_ifs,daily,11.9635,8.7135,0.98,9.276,2.717266,92.704994,34.2,13.834832122576508,0.5873054450678564
2025-05-18 00:00:00+00:00,-34.925,-71.28305,212.0,open-meteo_ecmwf_ifs,daily,16.1635,7.6135,6.68,8.540585,1.2580563,85.401794,0.3,13.722571615104043,0.9832087715220992
2025-05-19 00:00:00+00:00,-34.925,-71.28305,212.0,open-meteo_ecmwf_ifs,daily,17.213501,7.4135003,10.64,8.921834,1.4487767,82.975426,1.9,13.613228376161947,1.1494837163833123
2025-05-20 00:00:00+00:00,-34.925,-71.28305,212.0,open-meteo_ecmwf_ifs,daily,21.4135,7.6635003,9.84,8.161417,1.1288967,71.99938,0.0,13.506831756830527,1.299009557471422
2025-05-21 00:00:00+00:00,-34.925,-71.28305,212.0,open-meteo_ecmwf_ifs,daily,19.8135,9.8135,11.02,11.042667,1.8711848,82.366264,3.5,13.4034099063514,1.3520199964009438
2025-05-22 00:00:00+00:00,-34.925,-71.28305,212.0,open-meteo_ecmwf_ifs,daily,17.0635,7.6635003,8.38,8.596834,1.7033209,84.78261,0.0,13.302989787534452,1.1245447043129089
2025-05-23 00:00:00+00:00,-34.925,-71.28305,212.0,open-meteo_ecmwf_ifs,daily,17.0635,6.2135,8.64,6.8760014,0.5899004,80.06403,0.0,13.205597193288085,0.9186011702579318
2025-05-24 00:00:00+00:00,-34.925,-71.28305,212.0,open-meteo_ecmwf_ifs,daily,17.6635,5.6635003,10.03,7.090584,1.240487,83.19758,7.2,13.111256764176558,1.0887944017788451
2025-05-25 00:00:00+00:00,-34.925,-71.28305,212.0,open-meteo_ecmwf_ifs,daily,17.3135,6.3635,6.09,7.9426665,2.1734636,83.72674,0.0,13.019992006904898,1.1174442762857077
2025-05-26 00:00:00+00:00,-34.925,-71.28305,212.0,open-meteo_ecmwf_ifs,daily,15.6635,11.1635,5.41,10.605168,3.0255406,87.35519,27.599998,12.931825313628998,1.1044404308874953
2025-05-27 00:00:00+00:00,-34.925,-71.28305,212.0,open-meteo_ecmwf_ifs,daily,11.6635,5.6135,9.58,5.417667,3.1229312,84.26707,0.3,12.846777981985674,1.068083456507669
2025-05-28 00:00:00+00:00,-34.925,-71.28305,212.0,open-meteo_ecmwf_ifs,daily,12.6635,2.0135,9.24,2.461417,2.334808,80.07368,0.0,12.764870235735605,1.099929221093121
2025-05-29 00:00:00+00:00,-34.925,-71.28305,212.0,open-meteo_ecmwf_ifs,daily,13.9135,3.5135,9.42,4.3905835,1.4766945,84.42797,0.0,12.686121245909836,0.9569665307868835
2025-05-30 00:00:00+00:00,-34.925,-71.28305,212.0,open-meteo_ecmwf_ifs,daily,16.5635,6.2135,10.4,7.161417,2.4885862,82.56379,0.0,12.610549152349344,1.2345359990098637
2025-05-31 00:00:00+00:00,-34.925,-71.28305,212.0,open-meteo_ecmwf_ifs,daily,13.8135,2.6134999,9.88,3.1134999,2.902091,77.23727,0.0,12.538171085525972,1.2399574730030052
2025-06-01 00:00:00+00:00,-34.925,-71.28305,212.0,open-meteo_ecmwf_ifs,daily,15.0635,2.0135,9.89,3.0905836,1.3205842,80.29038,0.0,12.469003188532643,0.9644487740054639
2025-06-02 00:00:00+00:00,-34.925,-71.28305,212.0,open-meteo_ecmwf_ifs,daily,14.363501,4.5135,4.83,4.5551667,0.42120335,78.17205,0.0,12.403060639130372,0.6907710194784754
2025-06-03 00:00:00+00:00,-34.925,-71.28305,212.0,open-meteo_ecmwf_ifs,daily,14.5635,7.8635,4.01,7.4989166,0.755568,83.719315,0.0,12.340357671740199,0.7541419417379203
2025-06-04 00:00:00+00:00,-34.925,-71.28305,212.0,open-meteo_ecmwf_ifs,daily,17.7635,7.0635004,9.89,8.471833,0.8544739,85.6079,0.5,12.280907599268806,0.9107658039028105
2025-06-05 00:00:00+00:00,-34.925,-71.28305,212.0,open-meteo_ecmwf_ifs,daily,16.2635,4.1635003,9.72,6.3926663,0.7555325,86.718376,0.0,12.224722834657896,0.8039127822782204
2025-06-06 00:00:00+00:00,-34.925,-71.28305,212.0,open-meteo_ecmwf_ifs,daily,12.2635,4.0635,6.48,6.2614174,1.3314468,91.95538,0.0,12.17181491204934,0.671189007105356
2025-06-07 00:00:00+00:00,-34.925,-71.28305,212.0,open-meteo_ecmwf_ifs,daily,15.0135,5.0635004,8.56,6.7655835,0.8395872,90.00301,0.0,12.12219450746018,0.7709037692451296
2025-06-08 00:00:00+00:00,-34.925,-71.28305,212.0,open-meteo_ecmwf_ifs,daily,14.3135,5.1135,8.66,5.978084,1.4503746,88.942474,0.0,12.075871458864572,0.8793803953378745
2025-06-09 00:00:00+00:00,-34.925,-71.28305,212.0,open-meteo_ecmwf_ifs,daily,14.4635,3.5635,8.93,4.8364167,0.9412921,86.437645,0.0,12.032854785582751,0.7860938814100905
2025-06-10 00:00:00+00:00,-34.925,-71.28305,212.0,open-meteo_ecmwf_ifs,daily,17.1635,2.6134999,10.06,4.7468333,0.40672716,85.63836,0.0,11.993152706881254,0.6994751394958011
2025-06-11 00:00:00+00:00,-34.925,-71.28305,212.0,open-meteo_ecmwf_ifs,daily,13.8135,6.8635,3.84,8.221833,3.2602472,89.369354,0.0,11.956772659692389,0.8263142289392289
2025-06-12 00:00:00+00:00,-34.925,-71.28305,212.0,open-meteo_ecmwf_ifs,daily,12.4635,7.8635,4.44,7.865585,4.683563,85.15422,32.0,11.92372131536599,0.9445713490550239
2025-06-13 00:00:00+00:00,-34.925,-71.28305,212.0,open-meteo_ecmwf_ifs,daily,13.5135,3.3634999,9.55,4.2635007,1.1870905,81.30186,1.4,11.894004595371545,0.8046066548723534
2025-06-14 00:00:00+00:00,-34.925,-71.28305,212.0,open-meteo_ecmwf_ifs,daily,13.613501,0.61350006,6.48,3.3968334,1.7292994,83.937096,0.0,11.867627685874169,0.8057493248819767
2025-06-15 00:00:00+00:00,-34.925,-71.28305,212.0,open-meteo_ecmwf_ifs,daily,13.3135,9.7135,1.76,7.1197505,5.202556,78.12879,18.9,11.844595051114016,1.510707769711974
2025-06-16 00:00:00+00:00,-34.925,-71.28305,212.0,open-meteo_ecmwf_ifs,daily,10.863501,6.5635004,4.56,6.196834,3.516942,84.91452,49.2,11.82491044552508,0.8673812663699824
2025-06-17 00:00:00+00:00,-34.925,-71.28305,212.0,open-meteo_ecmwf_ifs,daily,14.8135,5.3635,8.56,6.278084,0.95661926,85.36274,7.7,11.808576924535723,0.7800051108655003
2025-06-18 00:00:00+00:00,-34.925,-71.28305,212.0,open-meteo_ecmwf_ifs,daily,13.363501,3.9135,9.61,4.9551663,1.483932,87.03988,0.1,11.79559685400055,0.8230220417716995
2025-06-19 00:00:00+00:00,-34.925,-71.28305,212.0,open-meteo_ecmwf_ifs,daily,11.3135,3.1635,8.34,3.378083,1.9176583,85.35798,0.0,11.785971918220302,0.8492231185008098
2025-06-20 00:00:00+00:00,-34.925,-71.28305,212.0,open-meteo_ecmwf_ifs,daily,11.8135,1.5634999,8.12,2.8947504,1.4723878,87.229614,0.0,11.779703126513855,0.7609558455930611
2025-06-21 00:00:00+00:00,-34.925,-71.28305,212.0,open-meteo_ecmwf_ifs,daily,10.5635,3.6635,3.74,5.4218335,0.8235388,93.32541,0.0,11.776790818314288,0.550616967704174
2025-06-22 00:00:00+00:00,-34.925,-71.28305,212.0,open-meteo_ecmwf_ifs,daily,11.4635,6.8635,3.65,6.9405837,2.3175542,89.76894,15.100001,11.777234666768438,0.7408876551188871
2025-06-23 00:00:00+00:00,-34.925,-71.28305,212.0,open-meteo_ecmwf_ifs,daily,10.5635,-0.6865,10.16,0.019750042,2.4470775,75.67898,0.0,11.78103368082765,0.9392825715899902
2025-06-24 00:00:00+00:00,-34.925,-71.28305,212.0,open-meteo_ecmwf_ifs,daily,11.2135,0.41350004,9.54,1.4843334,1.8820395,83.910545,0.0,11.788186205825019,0.8364788516030724
2025-06-25 00:00:00+00:00,-34.925,-71.28305,212.0,open-meteo_ecmwf_ifs,daily,11.0135,4.6135,8.26,4.2176666,2.1858046,85.70835,0.0,11.798689922542676,0.8808736620435478
2025-06-26 00:00:00+00:00,-34.925,-71.28305,212.0,open-meteo_ecmwf_ifs,daily,11.4635,-0.5364999,9.98,1.0385001,1.4874343,80.69692,0.0,11.812541844780425,0.7711017688603324
2025-06-27 00:00:00+00:00,-34.925,-71.28305,212.0,open-meteo_ecmwf_ifs,daily,8.1135,2.3635,3.87,2.1468334,1.5162216,84.598274,0.0,11.829738315444953,0.6669009754551711
2025-06-28 00:00:00+00:00,-34.925,-71.28305,212.0,open-meteo_ecmwf_ifs,daily,9.363501,0.76350003,7.56,2.3989167,0.7817009,90.26954,0.4,11.850275001186684,0.5793692528153884
2025-06-29 00:00:00+00:00,-34.925,-71.28305,212.0,open-meteo_ecmwf_ifs,daily,9.113501,-2.5865,9.95,-1.2364999,1.4204394,82.505615,0.0,11.874146885618686,0.7065698060578718
2025-06-30 00:00:00+00:00,-34.925,-71.28305,212.0,open-meteo_ecmwf_ifs,daily,9.9635,-4.5864997,9.55,-4.8510833,1.3835591,72.70762,0.0,11.901348261159628,0.8220031530474886
2025-07-01 00:00:00+00:00,-34.925,-71.28305,212.0,open-meteo_ecmwf_ifs,daily,14.5635,0.41350004,10.15,-3.0323343,0.6101238,58.035107,0.0,11.931872719549794,0.735662400620338
2025-07-02 00:00:00+00:00,-34.925,-71.28305,212.0,open-meteo_ecmwf_ifs,daily,16.3135,1.0635,10.0,0.20933338,0.7889729,70.99683,0.0,11.965713141095994,0.8322637721063277
2025-07-03 00:00:00+00:00,-34.925,-71.28305,212.0,open-meteo_ecmwf_ifs,daily,15.0635,0.41350004,9.86,0.8051667,0.974371,75.70244,0.0,12.00286168270778,0.844424037045401
2025-07-04 00:00:00+00:00,-34.925,-71.28305,212.0,open-meteo_ecmwf_ifs,daily,13.113501,1.1135001,7.74,2.3030834,0.69290084,84.67911,0.0,12.043309764793491,0.6951317781258711
2025-07-05 00:00:00+00:00,-34.925,-71.28305,212.0,open-meteo_ecmwf_ifs,daily,15.363501,3.0135,5.9,7.0926666,2.9644356,89.366,0.3,12.087048057090469,0.803165864435068
2025-07-06 00:00:00+00:00,-34.925,-71.28305,212.0,open-meteo_ecmwf_ifs,daily,17.5635,7.2635,9.65,8.78225,3.4661875,84.04713,1.2,12.13406646350914,1.2781172006235735
2025-07-07 00:00:00+00:00,-34.925,-71.28305,212.0,open-meteo_ecmwf_ifs,daily,16.8135,4.6135,10.22,7.59475,1.2264434,90.21049,0.0,12.184354106075586,0.8718743185055868
2025-07-08 00:00:00+00:00,-34.925,-71.28305,212.0,open-meteo_ecmwf_ifs,daily,13.4135,7.8635,7.68,8.109334,2.0976245,89.17515,0.0,12.237899308061886,0.8836776109841746
2025-07-09 00:00:00+00:00,-34.925,-71.28305,212.0,open-meteo_ecmwf_ifs,daily,12.2635,4.5135,6.12,6.1676674,0.67731285,90.11209,0.0,12.294689576397184,0.6492562132208781
2025-07-10 00:00:00+00:00,-34.925,-71.28305,212.0,open-meteo_ecmwf_ifs,daily,11.3135,3.6134999,8.04,4.0551667,1.7448363,87.92391,0.0,12.354711583456544,0.8421517761905034
2025-07-11 00:00:00+00:00,-34.925,-71.28305,212.0,open-meteo_ecmwf_ifs,daily,10.863501,1.0135,9.04,2.1239166,1.2028071,87.78477,0.0,12.417951148327166,0.7641971123939563
2025-07-12 00:00:00+00:00,-34.925,-71.28305,212.0,open-meteo_ecmwf_ifs,daily,8.863501,1.6635001,6.02,2.340583,0.9507852,88.160484,0.0,12.484393217654542,0.6448273043023002
2025-07-13 00:00:00+00:00,-34.925,-71.28305,212.0,open-meteo_ecmwf_ifs,daily,10.7135,0.7135,6.14,2.6864169,0.89913243,92.55462,0.0,12.554021846173084,0.6599116082719949
2025-07-14 00:00:00+00:00,-34.925,-71.28305,212.0,open-meteo_ecmwf_ifs,daily,13.3135,2.4135,8.47,4.7572503,0.9713106,89.32855,0.0,12.626820177027291,0.7662655113137868
2025-07-15 00:00:00+00:00,-34.925,-71.28305,212.0,open-meteo_ecmwf_ifs,daily,9.2135,2.0635,2.93,4.89475,0.8460019,94.61361,6.3,12.702770421990811,0.49362315473959434
2025-07-16 00:00:00+00:00,-34.925,-71.28305,212.0,open-meteo_ecmwf_ifs,daily,12.363501,1.3635001,10.92,2.5260003,1.9221398,84.16495,0.0,12.781853841691369,0.9890149191475381
2025-07-17 00:00:00+00:00,-34.925,-71.28305,212.0,open-meteo_ecmwf_ifs,daily,16.4635,-0.9365,11.16,0.54475,1.293802,75.98836,0.0,12.864050725949522,1.0598746341252445
2025-07-18 00:00:00+00:00,-34.925,-71.28305,212.0,open-meteo_ecmwf_ifs,daily,13.5135,0.8635,10.96,2.1093333,1.1722727,77.05021,0.0,12.949340374339327,0.930243124971902
2025-07-19 00:00:00+00:00,-34.925,-71.28305,212.0,open-meteo_ecmwf_ifs,daily,12.613501,1.6135001,7.4,2.701,1.3596183,87.02963,0.0,13.037701077077958,0.8894766663143462
2025-07-20 00:00:00+00:00,-34.925,-71.28305,212.0,open-meteo_ecmwf_ifs,daily,12.0135,4.3135,6.65,5.126001,0.78315955,91.817635,0.0,13.129110096350264,0.7530853539674135
2025-07-21 00:00:00+00:00,-34.925,-71.28305,212.0,open-meteo_ecmwf_ifs,daily,17.3135,3.7135,11.73,4.6426673,0.65906394,81.1731,0.0,13.223543648172917,0.982512917087709
2025-07-22 00:00:00+00:00,-34.925,-71.28305,212.0,open-meteo_ecmwf_ifs,daily,14.2635,3.6134999,9.16,5.521833,1.1187298,89.98756,0.0,13.32097688490064,0.9086639729303213
2025-07-23 00:00:00+00:00,-34.925,-71.28305,212.0,open-meteo_ecmwf_ifs,daily,14.5135,3.8135,9.62,5.671833,0.81984895,91.09002,0.0,13.421383878474778,0.8964364644072894
2025-07-24 00:00:00+00:00,-34.925,-71.28305,212.0,open-meteo_ecmwf_ifs,daily,14.4135,5.2135,8.59,6.4551673,2.0496647,88.575905,12.8,13.524737604512032,1.0566429307015748
2025-07-25 00:00:00+00:00,-34.925,-71.28305,212.0,open-meteo_ecmwf_ifs,daily,16.0635,6.9135003,8.38,7.215584,1.8148791,84.60474,15.100001,13.631009927327966,1.1805988179671916
2025-07-26 00:00:00+00:00,-34.925,-71.28305,212.0,open-meteo_ecmwf_ifs,daily,14.9635,4.8635,7.0,7.5989175,0.51905435,89.45205,0.0,13.740171585986767,0.7955684418021618
2025-07-27 00:00:00+00:00,-34.925,-71.28305,212.0,open-meteo_ecmwf_ifs,daily,14.6635,6.9635,5.37,8.113502,1.1658622,90.166016,0.8,13.852192181465297,0.8563558922536174
2025-07-28 00:00:00+00:00,-34.925,-71.28305,212.0,open-meteo_ecmwf_ifs,daily,19.6135,7.0635004,9.53,8.567667,0.9829321,82.51771,0.0,13.967040165015499,1.176148407515737
2025-07-29 00:00:00+00:00,-34.925,-71.28305,212.0,open-meteo_ecmwf_ifs,daily,18.6635,8.0635,6.3,9.911418,0.9007683,84.81728,0.0,14.084682827805308,0.9843560229339307
2025-07-30 00:00:00+00:00,-34.925,-71.28305,212.0,open-meteo_ecmwf_ifs,daily,15.613501,11.0635,3.11,10.750999,3.2027693,87.437256,1.9,14.205086291914002,1.048101004426831
2025-07-31 00:00:00+00:00,-34.925,-71.28305,212.0,open-meteo_ecmwf_ifs,daily,12.2135,10.2635,1.14,10.155168,3.3548193,92.925896,64.5,14.328215502753443,0.627256828478512
2025-08-01 00:00:00+00:00,-34.925,-71.28305,212.0,open-meteo_ecmwf_ifs,daily,11.2635,9.4135,3.19,8.813499,4.2726197,92.282166,30.1,14.454034222982079,0.7987316468319818
2025-08-02 00:00:00+00:00,-34.925,-71.28305,212.0,open-meteo_ecmwf_ifs,daily,12.363501,4.0135,9.7,6.378084,2.7672386,86.48709,20.600002,14.582505027973776,0.9538128996440715
2025-08-03 00:00:00+00:00,-34.925,-71.28305,212.0,open-meteo_ecmwf_ifs,daily,12.2135,2.3635,7.39,4.205167,1.0671867,88.1435,0.0,14.713589302898866,0.8796575324173792
2025-08-04 00:00:00+00:00,-34.925,-71.28305,212.0,open-meteo_ecmwf_ifs,daily,16.6135,2.8634999,11.07,4.9447503,1.4057142,84.617325,0.0,14.847247241469365,1.2497544738156658
2025-08-05 00:00:00+00:00,-34.925,-71.28305,212.0,open-meteo_ecmwf_ifs,daily,17.6135,4.4135003,12.12,6.311417,0.99065214,80.20548,0.0,14.983437846395793,1.2708326508489158
2025-08-06 00:00:00+00:00,-34.925,-71.28305,212.0,open-meteo_ecmwf_ifs,daily,17.8135,7.8635,8.97,9.294749,2.0542963,87.420235,0.0,15.1221189315974,1.328136147702961
2025-08-07 00:00:00+00:00,-34.925,-71.28305,212.0,open-meteo_ecmwf_ifs,daily,17.1135,6.2635,11.79,7.4197507,1.9564203,83.88677,0.0,15.263247126202419,1.4603632661957044
2025-08-08 00:00:00+00:00,-34.925,-71.28305,212.0,open-meteo_ecmwf_ifs,daily,18.9135,2.9635,13.72,5.1947513,0.5562996,78.54995,0.0,15.406777880370004,1.2922990791017945
2025-08-09 00:00:00+00:00,-34.925,-71.28305,212.0,open-meteo_ecmwf_ifs,daily,13.8135,5.7135,5.08,7.234333,1.5298275,85.809975,0.0,15.552665472959733,0.9063659259171138
2025-08-10 00:00:00+00:00,-34.925,-71.28305,212.0,open-meteo_ecmwf_ifs,daily,16.5135,5.0635004,11.35,6.8697505,1.1431317,86.54394,0.0,15.700863021069486,1.2867306166181955
2025-08-11 00:00:00+00:00,-34.925,-71.28305,212.0,open-meteo_ecmwf_ifs,daily,21.2635,4.2135,12.12,7.1384997,0.88016754,81.007034,0.0,15.851322491457173,1.435860969288943
2025-08-12 00:00:00+00:00,-34.925,-71.28305,212.0,open-meteo_ecmwf_ifs,daily,15.9135,9.0635,6.68,10.21975,1.6700068,87.066246,0.0,16.00399471385618,1.071415961422204
2025-08-13 00:00:00+00:00,-34.925,-71.28305,212.0,open-meteo_ecmwf_ifs,daily,18.2635,8.0135,11.52,9.505168,2.4593782,84.86129,0.0,16.158829396189304,1.594533142834989
2025-08-14 00:00:00+00:00,-34.925,-71.28305,212.0,open-meteo_ecmwf_ifs,daily,19.8635,5.9635,14.0,8.78225,1.1303903,85.72942,0.0,16.315775141680714,1.5866048203654084
2025-08-15 00:00:00+00:00,-34.925,-71.28305,212.0,open-meteo_ecmwf_ifs,daily,15.0135,10.4635,6.09,10.355167,2.6432076,87.14465,3.0,16.474779467859655,1.1500601658253835
2025-08-16 00:00:00+00:00,-34.925,-71.28305,212.0,open-meteo_ecmwf_ifs,daily,18.6135,6.6135,14.23,8.79475,1.4636575,80.80139,0.6,16.635788827445218,1.643486655924563
2025-08-17 00:00:00+00:00,-34.925,-71.28305,212.0,open-meteo_ecmwf_ifs,daily,16.3135,7.2135,13.26,8.95725,1.5604304,83.78679,0.0,16.798748631095584,1.493263159971531
2025-08-18 00:00:00+00:00,-34.925,-71.28305,212.0,open-meteo_ecmwf_ifs,daily,15.113501,5.9135003,5.84,8.267667,1.078874,87.991875,0.3,16.963603272000416,0.9561849186945323
2025-08-19 00:00:00+00:00,-34.925,-71.28305,212.0,open-meteo_ecmwf_ifs,daily,16.9135,7.3135004,12.95,8.630168,1.4711757,83.62583,2.1000001,17.130296152290143,1.5636562170021056
2025-08-20 00:00:00+00:00,-34.925,-71.28305,212.0,open-meteo_ecmwf_ifs,daily,18.1135,6.6135,15.53,8.405167,1.3628856,81.84127,3.7,17.29876971123042,1.7598059095032081
2025-08-21 00:00:00+00:00,-34.925,-71.28305,212.0,open-meteo_ecmwf_ifs,daily,12.0135,7.6635003,1.82,8.348917,3.6146,91.18573,19.6,17.46896545516595,0.7447260025437153
2025-08-22 00:00:00+00:00,-34.925,-71.28305,212.0,open-meteo_ecmwf_ifs,daily,8.4635,2.7135,8.54,4.5384994,3.0028584,90.9103,22.1,17.64082398917243,0.8436712474639723
2025-08-23 00:00:00+00:00,-34.925,-71.28305,212.0,open-meteo_ecmwf_ifs,daily,13.2635,-2.3865001,16.2,-0.6469168,1.342789,72.72994,8.400001,17.81428505037114,1.5324040162728823
2025-08-24 00:00:00+00:00,-34.925,-71.28305,212.0,open-meteo_ecmwf_ifs,daily,16.1135,0.46350002,15.84,2.81975,2.5453231,74.35378,0.0,17.989287542856157,1.8416934203248236
2025-08-25 00:00:00+00:00,-34.925,-71.28305,212.0,open-meteo_ecmwf_ifs,daily,19.2635,4.7635,16.52,7.648918,2.6172678,81.363754,0.0,18.165769574179475,2.043956488103799
2025-08-26 00:00:00+00:00,-34.925,-71.28305,212.0,open-meteo_ecmwf_ifs,daily,19.3635,6.2635,15.0,8.076001,1.884468,83.2387,0.0,18.343668493335556,1.9724369915086577
2025-08-27 00:00:00+00:00,-34.925,-71.28305,212.0,open-meteo_ecmwf_ifs,daily,21.0135,4.7635,16.06,9.303084,0.68480986,85.69104,0.0,18.522920930182455,1.845045466463707
2025-08-28 00:00:00+00:00,-34.925,-71.28305,212.0,open-meteo_ecmwf_ifs,daily,16.3635,9.2635,6.7,10.217668,0.9306163,88.00236,0.0,18.703462836232504,1.154954126819232
2025-08-29 00:00:00+00:00,-34.925,-71.28305,212.0,open-meteo_ecmwf_ifs,daily,14.7635,9.9635,6.31,9.459333,1.1920376,86.717995,1.0,18.885229526742453,1.1663247376238237
2025-08-30 00:00:00+00:00,-34.925,-71.28305,212.0,open-meteo_ecmwf_ifs,daily,15.4635,8.2135,8.9,8.851,0.97933125,83.68998,0.70000005,19.068155724028465,1.3223900325149658
2025-08-31 00:00:00+00:00,-34.925,-71.28305,212.0,open-meteo_ecmwf_ifs,daily,15.0135,9.7635,5.74,10.082251,1.0306915,91.48083,3.1999998,19.252175601928748,1.0758549432507674
2025-09-01 00:00:00+00:00,-34.925,-71.28305,212.0,open-meteo_ecmwf_ifs,daily,17.0635,6.9635,13.1,9.261416,1.4697013,88.35266,0.0,19.437222831332917,1.6682426704295539
2025-09-02 00:00:00+00:00,-34.925,-71.28305,212.0,open-meteo_ecmwf_ifs,daily,13.5635,7.2635,7.16,8.065583,1.3101743,85.752594,1.3000001,19.623230626694067,1.1467553156962549
2025-09-03 00:00:00+00:00,-34.925,-71.28305,212.0,open-meteo_ecmwf_ifs,daily,16.3635,4.2635,18.45,4.5197506,3.7637136,73.97413,0.0,19.81013179343722,2.4422520088655233
2025-09-04 00:00:00+00:00,-34.925,-71.28305,212.0,open-meteo_ecmwf_ifs,daily,16.2135,1.5634999,17.46,2.9676669,2.4237719,72.95991,0.0,19.99785877617456,2.135218168792713
2025-09-05 00:00:00+00:00,-34.925,-71.28305,212.0,open-meteo_ecmwf_ifs,daily,18.8135,2.9135,17.68,6.8176675,0.9894536,83.424736,0.0,20.18634370763596,2.0119550626992186
2025-09-06 00:00:00+00:00,-34.925,-71.28305,212.0,open-meteo_ecmwf_ifs,daily,15.6635,7.1135,10.52,8.39475,1.4965444,86.345024,0.0,20.375518458220917,1.519687986009724
2025-09-07 00:00:00+00:00,-34.925,-71.28305,212.0,open-meteo_ecmwf_ifs,daily,14.4135,7.1635003,7.65,6.436417,1.8158408,77.71671,0.0,20.56531468607597,1.4602948937464326
2025-09-08 00:00:00+00:00,-34.925,-71.28305,212.0,open-meteo_ecmwf_ifs,daily,17.0635,8.6635,16.96,7.2989173,1.9908165,75.70397,0.1,20.75566388760044,2.3725509321323996
2025-09-09 00:00:00+00:00,-34.925,-71.28305,212.0,open-meteo_ecmwf_ifs,daily,21.1635,5.3635,18.97,7.436418,1.3596019,77.88248,0.0,20.946497448281242,2.4687942692030957
2025-09-10 00:00:00+00:00,-34.925,-71.28305,212.0,open-meteo_ecmwf_ifs,daily,20.2635,9.863501,19.15,9.184334,2.31901,75.720924,7.8999996,21.137746693756917,2.828530052013859
2025-09-11 00:00:00+00:00,-34.925,-71.28305,212.0,open-meteo_ecmwf_ifs,daily,20.713501,3.8135,19.46,6.5218334,1.7096678,72.797615,0.0,21.329342941009887,2.5083512682246782
2025-09-12 00:00:00+00:00,-34.925,-71.28305,212.0,open-meteo_ecmwf_ifs,daily,21.2635,6.5635004,19.29,8.148917,1.0515066,73.99987,0.0,21.521217549585,2.532605057832127
2025-09-13 00:00:00+00:00,-34.925,-71.28305,212.0,open-meteo_ecmwf_ifs,daily,16.1635,5.4135003,10.44,7.5739174,1.5480851,86.135124,6.2,21.71330197273277,1.5601786086691842
2025-09-14 00:00:00+00:00,-34.925,-71.28305,212.0,open-meteo_ecmwf_ifs,daily,16.5135,7.7635,13.17,6.334335,2.7113101,71.206184,0.0,21.905527808374632,2.264776836070798
2025-09-15 00:00:00+00:00,-34.925,-71.28305,212.0,open-meteo_ecmwf_ifs,daily,19.6135,5.2135,20.03,7.0989165,2.2196233,76.44915,0.0,22.097826849788717,2.655241711365199
2025-09-16 00:00:00+00:00,-34.925,-71.28305,212.0,open-meteo_ecmwf_ifs,daily,21.5635,6.5135,20.68,7.5780835,2.23667,69.26495,0.0,22.290131135914283,2.974450927720891
2025-09-17 00:00:00+00:00,-34.925,-71.28305,212.0,open-meteo_ecmwf_ifs,daily,18.8635,9.363501,14.3,9.936418,2.7220364,80.20262,0.0,22.482373001174018,2.3070252951160706
2025-09-18 00:00:00+00:00,-34.925,-71.28305,212.0,open-meteo_ecmwf_ifs,daily,19.7635,8.0635,16.92,9.655168,0.944539,82.93046,0.0,22.674485124714643,2.3438247821281903
2025-09-19 00:00:00+00:00,-34.925,-71.28305,212.0,open-meteo_ecmwf_ifs,daily,20.3135,8.1135,17.92,8.984335,1.537876,79.87389,0.0,22.86640057896695,2.5971613849790454
2025-09-20 00:00:00+00:00,-34.925,-71.28305,212.0,open-meteo_ecmwf_ifs,daily,14.4635,9.6635,9.18,8.963499,3.7292736,84.71313,33.8,23.058052877428622,1.7033104563131625
2025-09-21 00:00:00+00:00,-34.925,-71.28305,212.0,open-meteo_ecmwf_ifs,daily,13.0135,7.6635003,9.41,7.998917,2.614485,89.09284,22.900002,23.249376021574676,1.455655510645607
2025-09-22 00:00:00+00:00,-34.925,-71.28305,212.0,open-meteo_ecmwf_ifs,daily,18.713501,5.5135,20.07,6.876,2.0404093,81.8322,0.0,23.44030454680238,2.6953623842742975
2025-09-23 00:00:00+00:00,-34.925,-71.28305,212.0,open-meteo_ecmwf_ifs,daily,20.7635,5.0635004,21.51,6.865584,1.1290187,71.74644,0.0,23.630773567320414,2.8248982230310613
2025-09-24 00:00:00+00:00,-34.925,-71.28305,212.0,open-meteo_ecmwf_ifs,daily,23.7635,5.7135,21.86,8.517668,1.3268912,72.45071,0.0,23.820718819894083,3.073047896599887
2025-09-25 00:00:00+00:00,-34.925,-71.28305,212.0,open-meteo_ecmwf_ifs,daily,22.3635,8.4135,21.78,10.336418,1.5309626,75.27193,0.0,24.01007670636181,3.112359472622373
2025-09-26 00:00:00+00:00,-34.925,-71.28305,212.0,open-meteo_ecmwf_ifs,daily,13.5635,8.9635,5.47,9.155168,1.681317,88.739296,14.400001,24.198784334841143,1.1407332018328031
2025-09-27 00:00:00+00:00,-34.925,-71.28305,212.0,open-meteo_ecmwf_ifs,daily,19.6135,4.2635,22.57,5.7030835,1.6320368,76.46989,0.0,24.38677955954571,2.96315787743987
2025-09-28 00:00:00+00:00,-34.925,-71.28305,212.0,open-meteo_ecmwf_ifs,daily,19.7635,6.3635,19.23,7.0593333,2.4274921,70.979385,0.0,24.57400101913897,2.9043158483334244
2025-09-29 00:00:00+00:00,-34.925,-71.28305,212.0,open-meteo_ecmwf_ifs,daily,19.0135,11.3135,16.53,10.392667,2.3883278,79.65702,0.0,24.7603881735534,2.7285075527450244
2025-09-30 00:00:00+00:00,-34.925,-71.28305,212.0,open-meteo_ecmwf_ifs,daily,22.2635,5.5135,23.36,6.0530834,3.718813,64.415276,0.0,24.94588133920904,3.74753551178767
