date,lat,lon,z,source,granularity,Tmax,Tmin,Rs,Tdwp,Wspeed2M,RHmean,Precip_mm,Rso,Eto
2017-01-01 00:00:00+00:00,-36.07555,-71.75805,162.0,open-meteo_ecmwf_ifs,daily,28.201,13.651,33.59,9.151002,4.505714,53.68671,0.0,33.36818556051461,7.030496652662252
2017-01-02 00:00:00+00:00,-36.07555,-71.75805,162.0,open-meteo_ecmwf_ifs,daily,28.251,12.101,33.83,7.148918,4.431412,46.95817,0.0,33.33720667128032,7.0471565264222615
2017-01-03 00:00:00+00:00,-36.07555,-71.75805,162.0,open-meteo_ecmwf_ifs,daily,25.501,12.751,33.2,8.523917,4.5991883,55.379726,0.0,33.30337429641626,6.485256468339618
2017-01-04 00:00:00+00:00,-36.07555,-71.75805,162.0,open-meteo_ecmwf_ifs,daily,24.751,11.351,33.75,3.4322493,7.222462,40.48703,0.0,33.266690433138336,7.521964832545617
2017-01-05 00:00:00+00:00,-36.07555,-71.75805,162.0,open-meteo_ecmwf_ifs,daily,30.551,10.701,34.26,4.0447497,6.015056,40.706886,0.0,33.22715740975771,8.151183688834122
2017-01-06 00:00:00+00:00,-36.07555,-71.75805,162.0,open-meteo_ecmwf_ifs,daily,30.851,13.101,33.24,5.923918,2.8846743,40.016575,0.0,33.18477789525925,6.968860906090119
2017-01-07 00:00:00+00:00,-36.07555,-71.75805,162.0,open-meteo_ecmwf_ifs,daily,30.201,14.151,33.01,8.030167,3.5406675,45.523647,0.0,33.13955490961335,7.137348217199477
2017-01-08 00:00:00+00:00,-36.07555,-71.75805,162.0,open-meteo_ecmwf_ifs,daily,29.201,15.501,31.18,11.380166,3.8868034,56.320133,0.6,33.091491834837164,6.7322880480229585
2017-01-09 00:00:00+00:00,-36.07555,-71.75805,162.0,open-meteo_ecmwf_ifs,daily,25.401001,15.651,28.58,11.136417,2.803385,60.79307,8.900002,33.04059242682097,5.630392057547637
2017-01-10 00:00:00+00:00,-36.07555,-71.75805,162.0,open-meteo_ecmwf_ifs,daily,27.151001,12.051001,33.49,5.4093337,4.389853,43.50426,0.0,32.98686082793224,7.003138113871058
2017-01-11 00:00:00+00:00,-36.07555,-71.75805,162.0,open-meteo_ecmwf_ifs,daily,31.051,11.501,33.49,4.7384996,4.2128234,41.353508,0.0,32.93030158040827,7.507329971869669
2017-01-12 00:00:00+00:00,-36.07555,-71.75805,162.0,open-meteo_ecmwf_ifs,daily,33.051,17.401001,31.37,8.734334,6.3085084,37.410324,0.0,32.870919640545424,9.079492344394179
2017-01-13 00:00:00+00:00,-36.07555,-71.75805,162.0,open-meteo_ecmwf_ifs,daily,31.651001,16.251,32.81,10.384335,4.9148293,49.68912,0.0,32.80872039368956,7.921778138330727
2017-01-14 00:00:00+00:00,-36.07555,-71.75805,162.0,open-meteo_ecmwf_ifs,daily,29.251,13.701,33.11,6.192667,4.4873333,40.588722,0.0,32.743709670029254,7.4878793471191045
2017-01-15 00:00:00+00:00,-36.07555,-71.75805,162.0,open-meteo_ecmwf_ifs,daily,29.851,12.451,32.77,8.740582,2.8271687,50.00971,0.0,32.675893761189535,6.465317337559328
2017-01-16 00:00:00+00:00,-36.07555,-71.75805,162.0,open-meteo_ecmwf_ifs,daily,31.401001,14.601,32.85,7.896833,3.8052788,43.86217,0.0,32.60527943761953,7.441974951089125
2017-01-17 00:00:00+00:00,-36.07555,-71.75805,162.0,open-meteo_ecmwf_ifs,daily,30.901001,16.851,32.14,10.76975,6.4159794,48.835773,0.0,32.531873966763854,8.261418519336281
2017-01-18 00:00:00+00:00,-36.07555,-71.75805,162.0,open-meteo_ecmwf_ifs,daily,32.651,13.251,33.2,4.765583,5.0065093,33.868748,0.0,32.45568513200241,8.323821094795514
2017-01-19 00:00:00+00:00,-36.07555,-71.75805,162.0,open-meteo_ecmwf_ifs,daily,33.701,14.851,32.66,7.8010006,4.8120637,38.03564,0.0,32.37672125233902,8.274197405888222
2017-01-20 00:00:00+00:00,-36.07555,-71.75805,162.0,open-meteo_ecmwf_ifs,daily,34.951,16.851,32.48,9.286417,6.1010003,39.89379,0.0,32.2949912028147,9.239846982027144
2017-01-21 00:00:00+00:00,-36.07555,-71.75805,162.0,open-meteo_ecmwf_ifs,daily,34.451,17.301,32.1,7.803083,7.427874,35.308514,0.0,32.21050443561601,10.019558969454367
2017-01-22 00:00:00+00:00,-36.07555,-71.75805,162.0,open-meteo_ecmwf_ifs,daily,32.451,15.351,32.18,8.955169,3.9826095,42.502125,0.0,32.12327100184453,7.572460629899367
2017-01-23 00:00:00+00:00,-36.07555,-71.75805,162.0,open-meteo_ecmwf_ifs,daily,32.101,16.051,31.79,7.6176677,4.151261,36.38091,0.0,32.033301573908254,7.79327166749578
2017-01-24 00:00:00+00:00,-36.07555,-71.75805,162.0,open-meteo_ecmwf_ifs,daily,31.101,17.051,31.44,9.011416,7.33935,39.7654,0.0,31.940607468490896,8.894119160310957
2017-01-25 00:00:00+00:00,-36.07555,-71.75805,162.0,open-meteo_ecmwf_ifs,daily,36.001,16.851,31.32,10.055167,7.8570404,40.91213,0.0,31.84520067005027,9.942834461005116
2017-01-26 00:00:00+00:00,-36.07555,-71.75805,162.0,open-meteo_ecmwf_ifs,daily,40.701,20.751,31.8,10.40725,6.7837296,32.9211,0.0,31.747093854791974,11.258900665082368
2017-01-27 00:00:00+00:00,-36.07555,-71.75805,162.0,open-meteo_ecmwf_ifs,daily,32.901,17.051,30.69,15.088501,1.9856477,56.98758,0.0,31.646300415060228,6.240830528728989
2017-01-28 00:00:00+00:00,-36.07555,-71.75805,162.0,open-meteo_ecmwf_ifs,daily,32.751,16.651001,31.19,14.038501,1.8296732,55.398464,0.0,31.542834484083013,6.234466910521451
2017-01-29 00:00:00+00:00,-36.07555,-71.75805,162.0,open-meteo_ecmwf_ifs,daily,32.201,16.551,30.88,9.755168,2.4869282,42.65869,0.0,31.436710961004536,6.662084304392285
2017-01-30 00:00:00+00:00,-36.07555,-71.75805,162.0,open-meteo_ecmwf_ifs,daily,29.901001,17.351,30.55,7.015583,4.3766856,34.61581,0.0,31.327945536133807,7.659098427625157
2017-01-31 00:00:00+00:00,-36.07555,-71.75805,162.0,open-meteo_ecmwf_ifs,daily,29.101,13.901,31.04,6.2322507,4.6183176,39.067097,0.0,31.216554716334677,7.240238514472539
2017-02-01 00:00:00+00:00,-36.07555,-71.75805,162.0,open-meteo_ecmwf_ifs,daily,30.451,13.101,31.05,6.7655835,2.952835,42.0603,0.0,31.102555850478698,6.511510718649512
2017-02-02 00:00:00+00:00,-36.07555,-71.75805,162.0,open-meteo_ecmwf_ifs,daily,27.701,14.051001,27.72,7.70725,2.2225962,45.525208,0.0,30.98596715487948,5.543152811797421
2017-02-03 00:00:00+00:00,-36.07555,-71.75805,162.0,open-meteo_ecmwf_ifs,daily,23.301,12.001,20.93,8.076,1.8693448,57.15521,0.0,30.866807738623887,4.02718844908569
2017-02-04 00:00:00+00:00,-36.07555,-71.75805,162.0,open-meteo_ecmwf_ifs,daily,22.751,14.201,21.13,11.998917,2.2550502,68.636795,5.8999996,30.74509762871319,3.9595451060092284
2017-02-05 00:00:00+00:00,-36.07555,-71.75805,162.0,open-meteo_ecmwf_ifs,daily,29.451,12.551001,30.59,8.938501,3.1444695,57.04678,0.0,30.620857794925048,6.14830292781706
2017-02-06 00:00:00+00:00,-36.07555,-71.75805,162.0,open-meteo_ecmwf_ifs,daily,29.701,12.901,30.45,7.557251,3.8504124,45.649647,0.0,30.494110174305437,6.614735466780478
2017-02-07 00:00:00+00:00,-36.07555,-71.75805,162.0,open-meteo_ecmwf_ifs,daily,29.551,13.551001,29.47,9.217668,2.9240177,49.470135,0.0,30.364877695198107,6.037618273800827
2017-02-08 00:00:00+00:00,-36.07555,-71.75805,162.0,open-meteo_ecmwf_ifs,daily,25.951,13.101,28.76,7.9489174,2.16424,52.3448,0.0,30.233184300718452,5.3019669952514645
2017-02-09 00:00:00+00:00,-36.07555,-71.75805,162.0,open-meteo_ecmwf_ifs,daily,26.851,14.101,27.45,6.769751,4.519927,44.525208,0.0,30.099054971577804,6.410861975794273
2017-02-10 00:00:00+00:00,-36.07555,-71.75805,162.0,open-meteo_ecmwf_ifs,daily,31.001,12.851,29.29,6.553084,3.7667544,42.160885,0.0,29.962515748164094,6.694860053061906
2017-02-11 00:00:00+00:00,-36.07555,-71.75805,162.0,open-meteo_ecmwf_ifs,daily,30.801,13.951,28.96,8.311418,2.8887405,45.3988,0.0,29.82359375178519,6.1902452505325725
2017-02-12 00:00:00+00:00,-36.07555,-71.75805,162.0,open-meteo_ecmwf_ifs,daily,32.401,14.151,29.26,8.198916,4.038717,44.57774,0.0,29.682317204981594,7.011631917334801
2017-02-13 00:00:00+00:00,-36.07555,-71.75805,162.0,open-meteo_ecmwf_ifs,daily,32.501,14.701,28.41,9.996834,2.8398292,47.410007,0.0,29.538715450816458,6.236533267965118
2017-02-14 00:00:00+00:00,-36.07555,-71.75805,162.0,open-meteo_ecmwf_ifs,daily,30.501,16.051,27.9,10.70725,2.0598333,48.77335,0.0,29.392818971052204,5.659029347546311
2017-02-15 00:00:00+00:00,-36.07555,-71.75805,162.0,open-meteo_ecmwf_ifs,daily,30.201,15.101,27.22,10.944752,1.9701241,53.02637,0.0,29.244659403124988,5.397773542259276
2017-02-16 00:00:00+00:00,-36.07555,-71.75805,162.0,open-meteo_ecmwf_ifs,daily,27.101,13.351,23.48,10.942668,2.9331398,59.83547,0.1,29.09426955583026,4.82692816590705
2017-02-17 00:00:00+00:00,-36.07555,-71.75805,162.0,open-meteo_ecmwf_ifs,daily,22.601,13.901,17.11,10.011417,3.2953885,63.80125,2.0,28.941683423635514,3.899321564165639
2017-02-18 00:00:00+00:00,-36.07555,-71.75805,162.0,open-meteo_ecmwf_ifs,daily,25.001,9.951,27.83,7.1760006,2.3228934,55.845318,0.0,28.786936199539177,4.79448943283105
2017-02-19 00:00:00+00:00,-36.07555,-71.75805,162.0,open-meteo_ecmwf_ifs,daily,28.601,13.201,27.62,10.705167,4.1800885,58.81021,0.0,28.63006428639772,5.807786995308483
2017-02-20 00:00:00+00:00,-36.07555,-71.75805,162.0,open-meteo_ecmwf_ifs,daily,32.151,15.901001,27.27,14.761418,5.4092984,62.05486,0.0,28.47110530664709,6.47208093949225
2017-02-21 00:00:00+00:00,-36.07555,-71.75805,162.0,open-meteo_ecmwf_ifs,daily,34.801,17.801,27.12,15.088501,6.410231,57.764973,0.0,28.310098110348147,7.623269251359364
2017-02-22 00:00:00+00:00,-36.07555,-71.75805,162.0,open-meteo_ecmwf_ifs,daily,34.151,18.651001,26.33,15.419749,6.3406005,55.00247,0.0,28.14708278149008,7.475136111691907
2017-02-23 00:00:00+00:00,-36.07555,-71.75805,162.0,open-meteo_ecmwf_ifs,daily,31.201,19.201,20.17,17.601,3.280138,66.76545,0.0,27.98210064249061,4.890084764147514
2017-02-24 00:00:00+00:00,-36.07555,-71.75805,162.0,open-meteo_ecmwf_ifs,daily,31.401001,19.251,19.77,17.142668,2.115751,64.661575,0.0,27.815194256836083,4.515229052411624
2017-02-25 00:00:00+00:00,-36.07555,-71.75805,162.0,open-meteo_ecmwf_ifs,daily,32.351,20.051,23.54,15.771835,2.484757,58.36699,0.0,27.64640742980992,5.459680564891934
2017-02-26 00:00:00+00:00,-36.07555,-71.75805,162.0,open-meteo_ecmwf_ifs,daily,31.251,19.801,20.94,15.255166,1.9077348,55.976055,0.2,27.475785207262938,4.742162721002268
2017-02-27 00:00:00+00:00,-36.07555,-71.75805,162.0,open-meteo_ecmwf_ifs,daily,30.451,17.951,21.2,15.228085,2.488184,61.038223,0.0,27.30337387238463,4.766081655509323
2017-02-28 00:00:00+00:00,-36.07555,-71.75805,162.0,open-meteo_ecmwf_ifs,daily,30.701,16.451,22.69,13.330167,3.054839,58.57494,0.0,27.129220940439794,5.215344760725796
2017-03-01 00:00:00+00:00,-36.07555,-71.75805,162.0,open-meteo_ecmwf_ifs,daily,23.301,15.951,12.69,13.284333,2.2150643,68.397995,15.700001,26.953375151440913,2.9427114653977475
2017-03-02 00:00:00+00:00,-36.07555,-71.75805,162.0,open-meteo_ecmwf_ifs,daily,24.051,13.101,23.41,9.276001,3.1188905,58.525394,0.2,26.775886460732384,4.5246461419631165
2017-03-03 00:00:00+00:00,-36.07555,-71.75805,162.0,open-meteo_ecmwf_ifs,daily,24.951,11.451,26.15,6.955168,4.5010667,49.825893,0.0,26.59680602746883,5.339422657828301
2017-03-04 00:00:00+00:00,-36.07555,-71.75805,162.0,open-meteo_ecmwf_ifs,daily,25.051,11.251,25.89,6.1343346,4.2144446,50.39741,0.0,26.4161862009753,5.313712118355348
2017-03-05 00:00:00+00:00,-36.07555,-71.75805,162.0,open-meteo_ecmwf_ifs,daily,27.351,10.151,25.99,4.7530837,5.231599,47.052795,0.0,26.23408050498401,6.001735157889378
2017-03-06 00:00:00+00:00,-36.07555,-71.75805,162.0,open-meteo_ecmwf_ifs,daily,28.501,11.201,25.78,5.9405847,3.9266703,49.615643,0.0,26.050543619747593,5.656965536889872
2017-03-07 00:00:00+00:00,-36.07555,-71.75805,162.0,open-meteo_ecmwf_ifs,daily,29.151001,11.201,24.67,5.251,2.476734,45.076717,0.0,25.865631362035565,4.974310388184378
2017-03-08 00:00:00+00:00,-36.07555,-71.75805,162.0,open-meteo_ecmwf_ifs,daily,19.901001,9.851,5.4,5.7155833,1.7186795,59.54807,4.2000003,25.679400663026495,2.0159909849631266
2017-03-09 00:00:00+00:00,-36.07555,-71.75805,162.0,open-meteo_ecmwf_ifs,daily,18.851,11.151,14.89,9.521833,2.079614,73.26833,5.9,25.491909544114634,2.6318696706266804
2017-03-10 00:00:00+00:00,-36.07555,-71.75805,162.0,open-meteo_ecmwf_ifs,daily,22.501,9.201,24.94,6.2655835,4.7065315,57.98447,0.0,25.303217090655632,4.593401124140904
2017-03-11 00:00:00+00:00,-36.07555,-71.75805,162.0,open-meteo_ecmwf_ifs,daily,21.701,11.151,24.1,6.592668,5.1753163,58.26482,0.0,25.113383423682034,4.749525804943642
2017-03-12 00:00:00+00:00,-36.07555,-71.75805,162.0,open-meteo_ecmwf_ifs,daily,26.651001,9.851,24.8,4.390584,7.2579994,44.057255,0.0,24.922469669625215,6.3236385223444564
2017-03-13 00:00:00+00:00,-36.07555,-71.75805,162.0,open-meteo_ecmwf_ifs,daily,26.851,10.501,22.99,9.792667,2.9601479,62.935596,0.0,24.730537928085806,4.26236420197504
2017-03-14 00:00:00+00:00,-36.07555,-71.75805,162.0,open-meteo_ecmwf_ifs,daily,25.001,14.301001,19.59,10.921834,1.9982048,58.83839,0.0,24.537651237700626,3.716609631837751
2017-03-15 00:00:00+00:00,-36.07555,-71.75805,162.0,open-meteo_ecmwf_ifs,daily,26.651001,12.101,23.14,9.794751,4.385732,62.98518,0.0,24.343873540159517,4.837272943921908
2017-03-16 00:00:00+00:00,-36.07555,-71.75805,162.0,open-meteo_ecmwf_ifs,daily,28.951,9.651,23.03,8.3385,2.0931873,58.26164,0.0,24.149269642430585,4.1550736846436696
2017-03-17 00:00:00+00:00,-36.07555,-71.75805,162.0,open-meteo_ecmwf_ifs,daily,27.951,12.251,22.7,7.7239175,1.6970949,49.100037,0.0,23.95390517725754,4.073172915864664
2017-03-18 00:00:00+00:00,-36.07555,-71.75805,162.0,open-meteo_ecmwf_ifs,daily,27.751,11.251,22.46,9.43225,2.653495,57.454983,0.0,23.75784656199807,4.255796373992091
2017-03-19 00:00:00+00:00,-36.07555,-71.75805,162.0,open-meteo_ecmwf_ifs,daily,27.351,13.201,21.27,10.79475,3.6311932,60.930054,0.0,23.561160955876115,4.508206535613818
2017-03-20 00:00:00+00:00,-36.07555,-71.75805,162.0,open-meteo_ecmwf_ifs,daily,27.501,11.651,21.91,8.838501,4.0720515,54.65871,0.0,23.36391621572624,4.768469780870995
2017-03-21 00:00:00+00:00,-36.07555,-71.75805,162.0,open-meteo_ecmwf_ifs,daily,27.951,12.201,21.59,10.230166,2.652066,57.18485,0.0,23.166180850311783,4.1774908708761815
2017-03-22 00:00:00+00:00,-36.07555,-71.75805,162.0,open-meteo_ecmwf_ifs,daily,28.901001,13.401,21.38,12.084334,1.638328,61.036114,0.0,22.968023973302923,3.8012150311231245
2017-03-23 00:00:00+00:00,-36.07555,-71.75805,162.0,open-meteo_ecmwf_ifs,daily,28.451,12.851,20.94,12.478085,1.9273831,63.896954,0.0,22.769515255004226,3.748308969069678
2017-03-24 00:00:00+00:00,-36.07555,-71.75805,162.0,open-meteo_ecmwf_ifs,daily,25.601,14.301001,11.17,11.492668,2.4975407,66.5374,0.0,22.57072487292476,2.9953249480084203
2017-03-25 00:00:00+00:00,-36.07555,-71.75805,162.0,open-meteo_ecmwf_ifs,daily,22.601,15.301001,11.93,9.915582,2.770374,58.696896,0.0,22.37172346128701,3.1485460626049298
2017-03-26 00:00:00+00:00,-36.07555,-71.75805,162.0,open-meteo_ecmwf_ifs,daily,23.851,13.551001,16.95,9.815583,1.9809008,61.160023,0.0,22.172582059573642,3.2220462256871953
2017-03-27 00:00:00+00:00,-36.07555,-71.75805,162.0,open-meteo_ecmwf_ifs,daily,23.651001,13.501,13.31,10.046834,2.2187831,62.869053,0.0,21.97337206021381,2.9479077006200938
2017-03-28 00:00:00+00:00,-36.07555,-71.75805,162.0,open-meteo_ecmwf_ifs,daily,25.301,10.751,20.25,7.7655835,2.2686992,56.1149,0.0,21.774165155512794,3.605770180718564
2017-03-29 00:00:00+00:00,-36.07555,-71.75805,162.0,open-meteo_ecmwf_ifs,daily,23.851,10.551001,18.91,6.8843346,2.3815472,56.986446,0.0,21.575033283931017,3.454469054718202
2017-03-30 00:00:00+00:00,-36.07555,-71.75805,162.0,open-meteo_ecmwf_ifs,daily,23.351,11.151,19.98,8.867666,3.092191,63.75978,0.2,21.3760485758197,3.5723400672095815
2017-03-31 00:00:00+00:00,-36.07555,-71.75805,162.0,open-meteo_ecmwf_ifs,daily,24.301,10.251,19.79,8.765585,2.281187,64.58392,0.0,21.177283298722234,3.3134229133222393
2017-04-01 00:00:00+00:00,-36.07555,-71.75805,162.0,open-meteo_ecmwf_ifs,daily,23.701,10.601,15.45,7.386416,3.0196302,59.07425,0.0,20.978809802351034,3.3464832416050454
2017-04-02 00:00:00+00:00,-36.07555,-71.75805,162.0,open-meteo_ecmwf_ifs,daily,22.651001,8.551001,19.45,7.140583,1.8883668,62.733837,0.0,20.78070046335055,2.9658448561316515
2017-04-03 00:00:00+00:00,-36.07555,-71.75805,162.0,open-meteo_ecmwf_ifs,daily,23.301,10.701,14.8,9.521832,4.5525937,67.86883,0.0,20.5830276299574,3.3564442946738633
2017-04-04 00:00:00+00:00,-36.07555,-71.75805,162.0,open-meteo_ecmwf_ifs,daily,21.551,10.551001,16.69,6.7739167,3.3392525,58.4315,0.0,20.385863566668853,3.3239274751173453
2017-04-05 00:00:00+00:00,-36.07555,-71.75805,162.0,open-meteo_ecmwf_ifs,daily,24.601,10.851,17.93,9.067666,3.733783,66.82086,0.0,20.189280399030558,3.601751692262069
2017-04-06 00:00:00+00:00,-36.07555,-71.75805,162.0,open-meteo_ecmwf_ifs,daily,23.551,10.601,18.05,9.544751,3.2004814,69.28977,1.5,19.993350058653956,3.2272048065292775
2017-04-07 00:00:00+00:00,-36.07555,-71.75805,162.0,open-meteo_ecmwf_ifs,daily,16.901001,10.851,12.89,9.792666,2.8769455,80.34277,25.300001,19.798144228573072,2.0541384613148814
2017-04-08 00:00:00+00:00,-36.07555,-71.75805,162.0,open-meteo_ecmwf_ifs,daily,18.301,7.401,17.94,7.423918,2.180868,72.557106,3.3,19.603734289049314,2.3642519654794616
2017-04-09 00:00:00+00:00,-36.07555,-71.75805,162.0,open-meteo_ecmwf_ifs,daily,20.951,7.201,18.33,6.9301667,3.100848,67.767685,0.0,19.410191263931335,2.8293535225572097
2017-04-10 00:00:00+00:00,-36.07555,-71.75805,162.0,open-meteo_ecmwf_ifs,daily,24.401001,8.901,17.78,8.984336,2.7634447,72.08901,0.0,19.217585767675708,2.999237270967622
2017-04-11 00:00:00+00:00,-36.07555,-71.75805,162.0,open-meteo_ecmwf_ifs,daily,24.501,11.751,17.52,11.090584,3.3560963,68.011116,0.0,19.02598795313194,3.1875107957213844
2017-04-12 00:00:00+00:00,-36.07555,-71.75805,162.0,open-meteo_ecmwf_ifs,daily,23.401001,11.801001,17.18,11.167667,2.4067802,74.17112,0.0,18.83546746019329,2.788748005753721
2017-04-13 00:00:00+00:00,-36.07555,-71.75805,162.0,open-meteo_ecmwf_ifs,daily,20.801,8.451,16.03,10.021833,1.6199688,79.90464,0.0,18.646093365412458,2.1354015883356845
2017-04-14 00:00:00+00:00,-36.07555,-71.75805,162.0,open-meteo_ecmwf_ifs,daily,19.601,9.301001,12.41,9.996834,1.6164364,76.929535,0.0,18.457934132678428,1.8483457059199093
2017-04-15 00:00:00+00:00,-36.07555,-71.75805,162.0,open-meteo_ecmwf_ifs,daily,22.151001,9.801001,16.5,9.898917,2.304278,74.07134,0.0,18.271057565047805,2.493605501883329
2017-04-16 00:00:00+00:00,-36.07555,-71.75805,162.0,open-meteo_ecmwf_ifs,daily,23.351,10.551001,15.34,10.673917,1.8631474,73.6063,0.0,18.085530757820937,2.3845026195890484
2017-04-17 00:00:00+00:00,-36.07555,-71.75805,162.0,open-meteo_ecmwf_ifs,daily,21.401001,10.851,14.59,11.046833,2.0624256,79.61186,0.0,17.901420052949565,2.1999860758528733
2017-04-18 00:00:00+00:00,-36.07555,-71.75805,162.0,open-meteo_ecmwf_ifs,daily,21.101,10.901,10.68,11.569751,1.9568042,79.64144,0.0,17.71879099485927,1.8294847753869643
2017-04-19 00:00:00+00:00,-36.07555,-71.75805,162.0,open-meteo_ecmwf_ifs,daily,17.701,12.051001,2.2,12.451,2.086698,88.623985,8.7,17.537708287766065,0.9590734791706035
2017-04-20 00:00:00+00:00,-36.07555,-71.75805,162.0,open-meteo_ecmwf_ifs,daily,16.851,13.101,6.62,11.5635,3.189491,83.02088,8.8,17.358235754562568,1.5328638033403157
2017-04-21 00:00:00+00:00,-36.07555,-71.75805,162.0,open-meteo_ecmwf_ifs,daily,20.651001,9.401,15.74,9.109335,3.1233714,76.284134,0.0,17.180436297344887,2.4257596268673782
2017-04-22 00:00:00+00:00,-36.07555,-71.75805,162.0,open-meteo_ecmwf_ifs,daily,20.601,7.6010003,16.29,6.4822507,4.6412444,64.27105,0.0,17.0043718596471,2.9135760695249533
2017-04-23 00:00:00+00:00,-36.07555,-71.75805,162.0,open-meteo_ecmwf_ifs,daily,16.601,9.251,11.47,7.46975,3.229535,74.22144,0.0,16.830103390445597,1.9879757144712904
2017-04-24 00:00:00+00:00,-36.07555,-71.75805,162.0,open-meteo_ecmwf_ifs,daily,15.101,5.551,10.47,5.880167,1.9961566,77.20003,3.2000003,16.65769080999082,1.4579522698836647
2017-04-25 00:00:00+00:00,-36.07555,-71.75805,162.0,open-meteo_ecmwf_ifs,daily,15.551001,5.901,12.45,7.9197507,1.7510151,81.8005,4.1,16.48719297751918,1.381773114105419
2017-04-26 00:00:00+00:00,-36.07555,-71.75805,162.0,open-meteo_ecmwf_ifs,daily,17.751,6.551,15.47,3.7989175,4.8876863,60.75096,0.0,16.318667660892945,2.794089995077626
2017-04-27 00:00:00+00:00,-36.07555,-71.75805,162.0,open-meteo_ecmwf_ifs,daily,21.051,7.6010003,14.66,7.8905845,4.939877,70.259315,0.0,16.152171508210685,2.6420246943222967
2017-04-28 00:00:00+00:00,-36.07555,-71.75805,162.0,open-meteo_ecmwf_ifs,daily,21.851,9.301001,14.88,9.711417,4.3734345,75.47697,0.0,15.987760021425702,2.5459377184903724
2017-04-29 00:00:00+00:00,-36.07555,-71.75805,162.0,open-meteo_ecmwf_ifs,daily,21.651001,9.851,14.87,9.696834,4.1816244,74.0405,0.0,15.825487532004558,2.54596470304636
2017-04-30 00:00:00+00:00,-36.07555,-71.75805,162.0,open-meteo_ecmwf_ifs,daily,20.601,7.5010004,14.16,9.18225,1.7850941,78.97829,0.0,15.665407178652305,1.7550819066283667
2017-05-01 00:00:00+00:00,-36.07555,-71.75805,162.0,open-meteo_ecmwf_ifs,daily,17.651001,8.501,7.63,10.401,2.7055547,87.744965,0.0,15.507570887125565,1.2501113140511149
2017-05-02 00:00:00+00:00,-36.07555,-71.75805,162.0,open-meteo_ecmwf_ifs,daily,14.901,9.351,2.54,9.7926655,2.6246836,88.04197,6.2,15.352029352148971,0.9178630433886293
2017-05-03 00:00:00+00:00,-36.07555,-71.75805,162.0,open-meteo_ecmwf_ifs,daily,19.551,7.051,14.21,8.305167,3.601578,78.75732,0.0,15.198832021444753,1.985161209140465
2017-05-04 00:00:00+00:00,-36.07555,-71.75805,162.0,open-meteo_ecmwf_ifs,daily,18.901001,6.401,11.94,7.8385005,2.042063,77.31682,0.0,15.048027081879638,1.561932609690003
2017-05-05 00:00:00+00:00,-36.07555,-71.75805,162.0,open-meteo_ecmwf_ifs,daily,18.701,8.401,11.13,10.442668,1.9800463,88.85153,0.0,14.89966144772741,1.3836577981357812
2017-05-06 00:00:00+00:00,-36.07555,-71.75805,162.0,open-meteo_ecmwf_ifs,daily,15.951,10.201,5.71,9.180167,4.625071,81.63711,3.4,14.753780751039573,1.569622518144955
2017-05-07 00:00:00+00:00,-36.07555,-71.75805,162.0,open-meteo_ecmwf_ifs,daily,16.851,11.301001,7.5,10.123918,5.3149576,81.516235,39.699993,14.610429334110822,1.7687057061496756
2017-05-08 00:00:00+00:00,-36.07555,-71.75805,162.0,open-meteo_ecmwf_ifs,daily,18.051,8.901,12.3,10.163501,2.0353892,84.18162,9.499999,14.469650244020226,1.418859563535115
2017-05-09 00:00:00+00:00,-36.07555,-71.75805,162.0,open-meteo_ecmwf_ifs,daily,18.751,7.8010006,12.38,9.490582,1.4592432,84.807106,0.0,14.331485229222977,1.3583525429501404
2017-05-10 00:00:00+00:00,-36.07555,-71.75805,162.0,open-meteo_ecmwf_ifs,daily,16.551,8.901,6.65,9.467667,3.1301231,83.126274,0.2,14.195974738161995,1.2673820802292595
2017-05-11 00:00:00+00:00,-36.07555,-71.75805,162.0,open-meteo_ecmwf_ifs,daily,16.701,10.251,5.54,9.4635,5.9607043,77.002815,7.8999996,14.06315791986258,1.7327804092156796
2017-05-12 00:00:00+00:00,-36.07555,-71.75805,162.0,open-meteo_ecmwf_ifs,daily,18.901001,11.101,10.66,8.251002,5.167714,65.529625,2.3,13.9330726264679,2.502266331658099
2017-05-13 00:00:00+00:00,-36.07555,-71.75805,162.0,open-meteo_ecmwf_ifs,daily,18.251,9.401,4.09,10.709332,3.441385,84.950615,5.5,13.805755417666933,1.2168625354982472
2017-05-14 00:00:00+00:00,-36.07555,-71.75805,162.0,open-meteo_ecmwf_ifs,daily,15.301001,12.401,3.43,11.017667,3.885168,84.47241,21.000002,13.681241566961397,1.1773771829837705
2017-05-15 00:00:00+00:00,-36.07555,-71.75805,162.0,open-meteo_ecmwf_ifs,daily,16.101,5.551,11.9,7.0364175,3.2274168,80.253075,0.0,13.559565069712148,1.3716389213759903
2017-05-16 00:00:00+00:00,-36.07555,-71.75805,162.0,open-meteo_ecmwf_ifs,daily,15.901001,4.201,10.82,5.50725,2.7991436,76.98577,0.0,13.440758652900527,1.3427145016612243
2017-05-17 00:00:00+00:00,-36.07555,-71.75805,162.0,open-meteo_ecmwf_ifs,daily,11.451,9.751,1.95,7.348917,4.7758074,80.56484,38.200005,13.324853786534561,1.1854912675666207
2017-05-18 00:00:00+00:00,-36.07555,-71.75805,162.0,open-meteo_ecmwf_ifs,daily,10.951,7.5010004,4.76,7.1447506,1.1738945,87.26385,6.1000004,13.211880696624863,0.7227788764479341
2017-05-19 00:00:00+00:00,-36.07555,-71.75805,162.0,open-meteo_ecmwf_ifs,daily,13.651,3.151,10.82,4.8093333,2.2932613,85.38767,0.0,13.101868379650254,1.061316125364197
2017-05-20 00:00:00+00:00,-36.07555,-71.75805,162.0,open-meteo_ecmwf_ifs,daily,13.551001,-0.048999995,11.95,2.6030836,2.2141483,80.42846,0.0,12.994844618428031,1.0412556627695595
2017-05-21 00:00:00+00:00,-36.07555,-71.75805,162.0,open-meteo_ecmwf_ifs,daily,11.151,3.3009999,2.11,4.8468337,1.9526645,87.5415,14.700001,12.890835999299556,0.6967167531832714
2017-05-22 00:00:00+00:00,-36.07555,-71.75805,162.0,open-meteo_ecmwf_ifs,daily,13.451,6.451,10.16,5.501001,4.680922,80.25765,0.0,12.789867930537339,1.4995043553066554
2017-05-23 00:00:00+00:00,-36.07555,-71.75805,162.0,open-meteo_ecmwf_ifs,daily,13.001,0.701,11.5,2.9072497,2.0720086,81.20359,0.0,12.69196466187576,0.9730517073352188
2017-05-24 00:00:00+00:00,-36.07555,-71.75805,162.0,open-meteo_ecmwf_ifs,daily,10.051001,0.901,7.77,3.31975,1.5518667,89.170204,0.1,12.597149305063722,0.6793092682604499
2017-05-25 00:00:00+00:00,-36.07555,-71.75805,162.0,open-meteo_ecmwf_ifs,daily,12.801001,1.601,9.05,4.1385,1.4150556,86.92834,0.0,12.50544385533427,0.7924816568708815
2017-05-26 00:00:00+00:00,-36.07555,-71.75805,162.0,open-meteo_ecmwf_ifs,daily,13.751,2.401,11.51,4.1530833,2.790651,82.30905,0.0,12.416869213682778,1.0824563932211149
2017-05-27 00:00:00+00:00,-36.07555,-71.75805,162.0,open-meteo_ecmwf_ifs,daily,13.101,2.501,10.36,4.823917,1.4323543,89.47049,0.0,12.331445209842643,0.8071747250182251
2017-05-28 00:00:00+00:00,-36.07555,-71.75805,162.0,open-meteo_ecmwf_ifs,daily,11.701,2.3009999,9.12,4.728083,1.5417153,89.422325,0.0,12.249190625845157,0.719974823583309
2017-05-29 00:00:00+00:00,-36.07555,-71.75805,162.0,open-meteo_ecmwf_ifs,daily,10.151,2.451,8.58,4.2447495,1.9459187,91.258026,0.0,12.170123220047914,0.6929209386089433
2017-05-30 00:00:00+00:00,-36.07555,-71.75805,162.0,open-meteo_ecmwf_ifs,daily,9.701,2.101,6.95,3.953084,1.3425455,94.54183,0.0,12.094259751514848,0.6182845954012188
2017-05-31 00:00:00+00:00,-36.07555,-71.75805,162.0,open-meteo_ecmwf_ifs,daily,13.451,1.2509999,10.05,4.0176673,1.9563688,91.74036,0.0,12.021616004629552,0.8418293268879922
2017-06-01 00:00:00+00:00,-36.07555,-71.75805,162.0,open-meteo_ecmwf_ifs,daily,15.201,5.6010003,10.0,7.582249,3.3996735,87.46634,0.0,11.95220681382314,1.0302617876413516
2017-06-02 00:00:00+00:00,-36.07555,-71.75805,162.0,open-meteo_ecmwf_ifs,daily,8.351,2.901,2.26,3.8634999,1.9547286,91.08071,0.3,11.88604608829744,0.5746030219750244
2017-06-03 00:00:00+00:00,-36.07555,-71.75805,162.0,open-meteo_ecmwf_ifs,daily,12.451,3.451,7.91,4.3593335,2.132027,80.93915,3.5,11.823146836624794,0.8780070778454533
2017-06-04 00:00:00+00:00,-36.07555,-71.75805,162.0,open-meteo_ecmwf_ifs,daily,13.101,4.2510004,10.48,5.5468335,3.188303,82.03866,4.2000003,11.763521191106538,0.9718166473383238
2017-06-05 00:00:00+00:00,-36.07555,-71.75805,162.0,open-meteo_ecmwf_ifs,daily,11.451,0.151,11.13,1.3364166,3.8127177,75.356636,0.0,11.707180431773345,1.0929633340219462
2017-06-06 00:00:00+00:00,-36.07555,-71.75805,162.0,open-meteo_ecmwf_ifs,daily,13.101,-1.399,10.61,2.3405833,2.8004777,84.076866,0.0,11.654135009912755,0.8608250020911132
2017-06-07 00:00:00+00:00,-36.07555,-71.75805,162.0,open-meteo_ecmwf_ifs,daily,7.901,3.8009999,1.32,4.8572497,3.6306095,90.10986,24.000002,11.604394571011357,0.49409073153860367
2017-06-08 00:00:00+00:00,-36.07555,-71.75805,162.0,open-meteo_ecmwf_ifs,daily,11.001,2.401,6.83,3.6697502,2.4139442,84.38958,1.7,11.557967977002177,0.7848145134577181
2017-06-09 00:00:00+00:00,-36.07555,-71.75805,162.0,open-meteo_ecmwf_ifs,daily,14.451,5.951,10.46,4.2260003,3.7624292,71.92947,0.0,11.514863327711032,1.5071468168946385
2017-06-10 00:00:00+00:00,-36.07555,-71.75805,162.0,open-meteo_ecmwf_ifs,daily,15.851,5.801,10.23,7.659334,5.3886757,87.514435,0.0,11.475087981399868,1.231614220170568
2017-06-11 00:00:00+00:00,-36.07555,-71.75805,162.0,open-meteo_ecmwf_ifs,daily,12.901,4.3510003,10.96,3.742667,4.9380403,73.27365,0.0,11.438648574309193,1.409912127513432
2017-06-12 00:00:00+00:00,-36.07555,-71.75805,162.0,open-meteo_ecmwf_ifs,daily,10.801001,1.451,8.82,3.0884998,1.7082024,89.67182,0.0,11.405551039107118,0.6860673993712475
2017-06-13 00:00:00+00:00,-36.07555,-71.75805,162.0,open-meteo_ecmwf_ifs,daily,9.451,2.101,5.15,3.5780833,1.3795768,92.566444,0.0,11.375800622157493,0.5787459311581832
2017-06-14 00:00:00+00:00,-36.07555,-71.75805,162.0,open-meteo_ecmwf_ifs,daily,12.901,4.301,3.48,6.478083,3.1883612,92.53803,1.3,11.349401899525892,0.7495304437093537
2017-06-15 00:00:00+00:00,-36.07555,-71.75805,162.0,open-meteo_ecmwf_ifs,daily,14.551001,6.801,6.41,7.6114173,5.2937217,85.44744,7.2999997,11.32635879164836,1.167318203947635
2017-06-16 00:00:00+00:00,-36.07555,-71.75805,162.0,open-meteo_ecmwf_ifs,daily,14.051001,10.951,3.03,9.334332,9.827468,83.199394,38.0,11.306674576594556,1.560538215633894
2017-06-17 00:00:00+00:00,-36.07555,-71.75805,162.0,open-meteo_ecmwf_ifs,daily,11.701,2.951,7.7,3.3926668,4.793223,79.37325,12.400002,11.290351901864103,1.1481166768841986
2017-06-18 00:00:00+00:00,-36.07555,-71.75805,162.0,open-meteo_ecmwf_ifs,daily,9.401,-0.14899999,10.75,0.09266666,3.682264,80.222984,0.1,11.277392794662271,0.9942754402907704
2017-06-19 00:00:00+00:00,-36.07555,-71.75805,162.0,open-meteo_ecmwf_ifs,daily,6.7510004,-1.699,4.94,-0.7031667,2.1699128,84.23705,0.0,11.267798670609043,0.648217673289201
2017-06-20 00:00:00+00:00,-36.07555,-71.75805,162.0,open-meteo_ecmwf_ifs,daily,6.051,0.25100002,1.43,2.20725,1.3728765,92.66543,4.6000004,11.261570340843303,0.42136709023628915
2017-06-21 00:00:00+00:00,-36.07555,-71.75805,162.0,open-meteo_ecmwf_ifs,daily,10.901,4.901,2.34,5.3114166,5.2734103,83.48792,12.9,11.258708017492333,0.9320006789007548
2017-06-22 00:00:00+00:00,-36.07555,-71.75805,162.0,open-meteo_ecmwf_ifs,daily,11.401,9.151,2.55,9.542666,6.529507,94.645966,29.000004,11.259211317484986,0.5299135134192554
2017-06-23 00:00:00+00:00,-36.07555,-71.75805,162.0,open-meteo_ecmwf_ifs,daily,14.651,6.8510003,7.68,8.353085,2.2532487,86.739845,2.9,11.263079264695396,0.8004606073780065
2017-06-24 00:00:00+00:00,-36.07555,-71.75805,162.0,open-meteo_ecmwf_ifs,daily,13.601,7.701,2.04,9.1885,3.8175592,90.16043,22.699999,11.270310290412631,0.6892276244094145
2017-06-25 00:00:00+00:00,-36.07555,-71.75805,162.0,open-meteo_ecmwf_ifs,daily,13.951,11.051001,2.77,9.750999,5.9307804,85.98389,51.599995,11.280902232140207,1.1910593536687368
2017-06-26 00:00:00+00:00,-36.07555,-71.75805,162.0,open-meteo_ecmwf_ifs,daily,14.901,11.201,4.55,8.617667,5.577851,76.89979,8.7,11.294852330737816,1.6448954969568803
2017-06-27 00:00:00+00:00,-36.07555,-71.75805,162.0,open-meteo_ecmwf_ifs,daily,16.301,9.451,8.16,8.851001,1.9146184,82.08466,4.0000005,11.312157225926171,1.013889321166204
2017-06-28 00:00:00+00:00,-36.07555,-71.75805,162.0,open-meteo_ecmwf_ifs,daily,13.801001,3.001,10.11,6.7426667,1.9667977,89.67416,0.0,11.332812950183955,0.6461196101526571
2017-06-29 00:00:00+00:00,-36.07555,-71.75805,162.0,open-meteo_ecmwf_ifs,daily,14.601,5.1010003,8.19,7.1489167,1.9211698,88.70349,0.0,11.356814921074179,0.7845757228570683
2017-06-30 00:00:00+00:00,-36.07555,-71.75805,162.0,open-meteo_ecmwf_ifs,daily,17.751,7.051,9.89,9.200999,3.6778297,85.42501,0.1,11.384157932044886,1.1517839218285164
2017-07-01 00:00:00+00:00,-36.07555,-71.75805,162.0,open-meteo_ecmwf_ifs,daily,18.401001,7.301,10.38,8.223916,3.31351,76.962555,0.0,11.414836141756966,1.3621651327696525
2017-07-02 00:00:00+00:00,-36.07555,-71.75805,162.0,open-meteo_ecmwf_ifs,daily,12.801001,6.1010003,5.71,7.8405833,2.4257553,93.88099,0.0,11.448843061998936,0.6714528828923815
2017-07-03 00:00:00+00:00,-36.07555,-71.75805,162.0,open-meteo_ecmwf_ifs,daily,14.001,8.251,4.78,8.778085,4.0699363,88.63087,0.1,11.486171544255617,0.9367967324649553
2017-07-04 00:00:00+00:00,-36.07555,-71.75805,162.0,open-meteo_ecmwf_ifs,daily,10.901,7.3510003,2.68,7.1635,3.009763,88.46491,25.400002,11.526813765004155,0.7268776447281292
2017-07-05 00:00:00+00:00,-36.07555,-71.75805,162.0,open-meteo_ecmwf_ifs,daily,8.901,0.151,3.08,3.7905836,1.3573365,91.24384,0.2,11.570761209816999,0.4394200554186037
2017-07-06 00:00:00+00:00,-36.07555,-71.75805,162.0,open-meteo_ecmwf_ifs,daily,13.651,1.8009999,9.39,4.507251,1.2744871,89.30368,0.2,11.618004656357021,0.7141529681699145
2017-07-07 00:00:00+00:00,-36.07555,-71.75805,162.0,open-meteo_ecmwf_ifs,daily,15.351,4.401,9.76,6.0593343,1.3951279,83.0217,2.7,11.668534156355456,0.8427660020610107
2017-07-08 00:00:00+00:00,-36.07555,-71.75805,162.0,open-meteo_ecmwf_ifs,daily,12.351,5.651,5.04,6.346834,1.9093693,87.96952,3.9000003,11.722339016667867,0.7630470278178032
2017-07-09 00:00:00+00:00,-36.07555,-71.75805,162.0,open-meteo_ecmwf_ifs,daily,12.101,7.8010006,8.45,6.878084,3.4706542,83.071495,4.2,11.77940777950765,1.0306435716641942
2017-07-10 00:00:00+00:00,-36.07555,-71.75805,162.0,open-meteo_ecmwf_ifs,daily,11.701,0.701,11.46,0.2218333,4.212918,69.06659,0.0,11.839728201960423,1.3827213315472953
2017-07-11 00:00:00+00:00,-36.07555,-71.75805,162.0,open-meteo_ecmwf_ifs,daily,10.301001,-0.14899999,9.96,1.7489166,1.682506,87.424446,0.0,11.903287234885772,0.7257275799115586
2017-07-12 00:00:00+00:00,-36.07555,-71.75805,162.0,open-meteo_ecmwf_ifs,daily,12.251,1.201,5.88,3.9572499,4.0095263,88.50721,0.8,11.970071001315455,0.890504674909806
2017-07-13 00:00:00+00:00,-36.07555,-71.75805,162.0,open-meteo_ecmwf_ifs,daily,12.601,7.651,7.19,7.1322503,4.296878,84.57987,21.800001,12.04006477445958,1.101523272448287
2017-07-14 00:00:00+00:00,-36.07555,-71.75805,162.0,open-meteo_ecmwf_ifs,daily,11.151,5.151,4.82,5.321833,5.332271,85.07712,8.0,12.113252955433603,1.035097192678977
2017-07-15 00:00:00+00:00,-36.07555,-71.75805,162.0,open-meteo_ecmwf_ifs,daily,7.7510004,2.501,6.42,3.3072503,3.7451103,89.755745,21.500002,12.189619050820331,0.6793610311695902
2017-07-16 00:00:00+00:00,-36.07555,-71.75805,162.0,open-meteo_ecmwf_ifs,daily,8.951,-4.4989996,11.8,-2.3240001,3.3678105,75.12039,0.2,12.26914565018171,0.9523342394333876
2017-07-17 00:00:00+00:00,-36.07555,-71.75805,162.0,open-meteo_ecmwf_ifs,daily,10.951,-3.499,11.57,-2.5135841,3.6824162,72.945564,0.0,12.351814403635155,1.2497484786564386
2017-07-18 00:00:00+00:00,-36.07555,-71.75805,162.0,open-meteo_ecmwf_ifs,daily,13.301001,-2.199,10.58,1.2343334,2.7801228,84.710396,0.0,12.437605999609026,1.010827030555372
2017-07-19 00:00:00+00:00,-36.07555,-71.75805,162.0,open-meteo_ecmwf_ifs,daily,16.301,-1.949,11.58,2.3760002,3.2566442,80.468124,0.0,12.526500142890944,1.2139069869728931
2017-07-20 00:00:00+00:00,-36.07555,-71.75805,162.0,open-meteo_ecmwf_ifs,daily,16.451,5.151,11.1,7.5885005,4.154254,87.851555,0.0,12.61847553308122,1.2584352356251676
2017-07-21 00:00:00+00:00,-36.07555,-71.75805,162.0,open-meteo_ecmwf_ifs,daily,18.001,4.301,11.6,8.298917,2.6127875,87.91424,0.0,12.713509843562333,1.1025379612775892
2017-07-22 00:00:00+00:00,-36.07555,-71.75805,162.0,open-meteo_ecmwf_ifs,daily,12.701,7.051,2.73,8.678083,4.4696174,92.50167,3.3,12.81157970109291,0.6684277789487387
2017-07-23 00:00:00+00:00,-36.07555,-71.75805,162.0,open-meteo_ecmwf_ifs,daily,11.501,8.551001,4.67,7.5260005,2.4968107,86.50391,8.2,12.912660666132476,0.8774792740735803
2017-07-24 00:00:00+00:00,-36.07555,-71.75805,162.0,open-meteo_ecmwf_ifs,daily,12.801001,2.751,12.29,3.4468336,3.097227,78.863686,0.0,13.016727214000207,1.2252251752223084
2017-07-25 00:00:00+00:00,-36.07555,-71.75805,162.0,open-meteo_ecmwf_ifs,daily,12.651,1.101,12.47,1.9239168,3.316942,73.767746,0.0,13.123752716967932,1.2953649435914274
2017-07-26 00:00:00+00:00,-36.07555,-71.75805,162.0,open-meteo_ecmwf_ifs,daily,12.551001,0.7509999,10.98,2.859333,2.4314425,86.394104,0.0,13.233709427383982,1.0382410769990602
2017-07-27 00:00:00+00:00,-36.07555,-71.75805,162.0,open-meteo_ecmwf_ifs,daily,12.301001,-0.09899999,9.88,3.398917,1.7645699,86.7645,0.0,13.346568461920898,0.8459590659118079
2017-07-28 00:00:00+00:00,-36.07555,-71.75805,162.0,open-meteo_ecmwf_ifs,daily,11.651,3.851,4.11,5.4280834,1.8854669,91.1612,0.4,13.462299787035775,0.7538712556380736
2017-07-29 00:00:00+00:00,-36.07555,-71.75805,162.0,open-meteo_ecmwf_ifs,daily,10.651,3.151,7.41,2.5364172,4.4694405,77.76618,0.0,13.580872205728074,1.305091859289692
2017-07-30 00:00:00+00:00,-36.07555,-71.75805,162.0,open-meteo_ecmwf_ifs,daily,13.951,-0.549,12.76,1.9239168,1.6786715,84.8706,0.0,13.702253345674864,1.0954718251726479
2017-07-31 00:00:00+00:00,-36.07555,-71.75805,162.0,open-meteo_ecmwf_ifs,daily,12.601,-1.799,12.21,2.1843336,1.9087366,84.301796,0.0,13.826409648819219,0.95931395105968
2017-08-01 00:00:00+00:00,-36.07555,-71.75805,162.0,open-meteo_ecmwf_ifs,daily,10.351,1.5009999,8.17,3.4155834,2.1255877,90.06408,0.0,13.953306362482394,0.8516809662061142
2017-08-02 00:00:00+00:00,-36.07555,-71.75805,162.0,open-meteo_ecmwf_ifs,daily,13.251,1.5009999,12.36,4.196833,2.8427603,87.47211,0.0,14.082907532065407,1.1379180989200925
2017-08-03 00:00:00+00:00,-36.07555,-71.75805,162.0,open-meteo_ecmwf_ifs,daily,11.151,-0.199,11.94,2.8030834,2.2611372,86.39083,0.0,14.215175995400918,0.9645465881055998
2017-08-04 00:00:00+00:00,-36.07555,-71.75805,162.0,open-meteo_ecmwf_ifs,daily,10.501,0.201,7.91,3.56975,1.6874794,92.47126,0.0,14.350073378810446,0.7603919063574771
2017-08-05 00:00:00+00:00,-36.07555,-71.75805,162.0,open-meteo_ecmwf_ifs,daily,9.601,6.1010003,3.02,5.844751,4.5381985,88.42266,5.2,14.487560094917503,0.8370793465012231
2017-08-06 00:00:00+00:00,-36.07555,-71.75805,162.0,open-meteo_ecmwf_ifs,daily,14.851,6.5010004,9.97,7.1530833,3.2290764,82.44714,0.0,14.627595342261005,1.3577959195821467
2017-08-07 00:00:00+00:00,-36.07555,-71.75805,162.0,open-meteo_ecmwf_ifs,daily,10.651,6.2510004,2.71,7.5551677,2.9112587,94.19004,12.4,14.77013710674848,0.5949242501903541
2017-08-08 00:00:00+00:00,-36.07555,-71.75805,162.0,open-meteo_ecmwf_ifs,daily,16.101,4.6010003,9.83,7.201,3.0488727,82.56512,1.0,14.91514216498304,1.2820411348831766
2017-08-09 00:00:00+00:00,-36.07555,-71.75805,162.0,open-meteo_ecmwf_ifs,daily,11.901,8.351,0.74,7.167667,6.5275216,83.51314,43.5,15.062566089492254,1.1994661577030534
2017-08-10 00:00:00+00:00,-36.07555,-71.75805,162.0,open-meteo_ecmwf_ifs,daily,11.501,7.201,3.68,5.905166,6.0465426,81.47352,16.7,15.212363255882018,1.341932290475114
2017-08-11 00:00:00+00:00,-36.07555,-71.75805,162.0,open-meteo_ecmwf_ifs,daily,12.351,5.551,10.89,5.719751,2.9191875,82.87245,15.900001,15.364486851932718,1.2813017140643428
2017-08-12 00:00:00+00:00,-36.07555,-71.75805,162.0,open-meteo_ecmwf_ifs,daily,11.851,2.751,11.45,4.280167,1.4697056,84.49282,1.2,15.518888888649574,1.105780054229128
2017-08-13 00:00:00+00:00,-36.07555,-71.75805,162.0,open-meteo_ecmwf_ifs,daily,8.051001,6.551,1.4,4.2697496,6.8542,81.691345,23.300001,15.675520213273591,1.1301801369164624
2017-08-14 00:00:00+00:00,-36.07555,-71.75805,162.0,open-meteo_ecmwf_ifs,daily,13.251,4.651,11.04,4.28225,2.4160058,73.86593,2.6,15.834330524254199,1.4394849567843484
2017-08-15 00:00:00+00:00,-36.07555,-71.75805,162.0,open-meteo_ecmwf_ifs,daily,14.851,4.8510003,14.73,5.59475,3.8240602,81.81165,0.0,15.995268388179062,1.7383026590019766
2017-08-16 00:00:00+00:00,-36.07555,-71.75805,162.0,open-meteo_ecmwf_ifs,daily,15.251,1.401,15.48,3.180167,3.7590106,74.8541,0.0,16.158281258651435,1.7938581753303577
2017-08-17 00:00:00+00:00,-36.07555,-71.75805,162.0,open-meteo_ecmwf_ifs,daily,16.201,2.251,14.92,6.276001,2.3584635,86.16449,0.0,16.323315497100086,1.4490136518231616
2017-08-18 00:00:00+00:00,-36.07555,-71.75805,162.0,open-meteo_ecmwf_ifs,daily,10.051001,7.6010003,1.35,8.036416,3.7204487,92.80344,14.900001,16.490316395501566,0.5483465851166491
2017-08-19 00:00:00+00:00,-36.07555,-71.75805,162.0,open-meteo_ecmwf_ifs,daily,12.151,3.501,10.22,4.8843336,1.3144404,87.14669,0.1,16.65922820098957,1.1349070011354803
2017-08-20 00:00:00+00:00,-36.07555,-71.75805,162.0,open-meteo_ecmwf_ifs,daily,14.451,1.451,15.39,4.0593333,3.4022863,81.449425,0.0,16.829994142321056,1.6105957235292767
2017-08-21 00:00:00+00:00,-36.07555,-71.75805,162.0,open-meteo_ecmwf_ifs,daily,15.601,0.0010000169,15.68,3.6447504,1.9671081,81.347145,0.0,17.00255645816395,1.5409562964498087
2017-08-22 00:00:00+00:00,-36.07555,-71.75805,162.0,open-meteo_ecmwf_ifs,daily,10.151,4.951,1.64,6.253084,5.3766646,89.73255,22.300001,17.176856427166303,0.6682918184759025
2017-08-23 00:00:00+00:00,-36.07555,-71.75805,162.0,open-meteo_ecmwf_ifs,daily,13.501,3.101,13.53,4.1239166,4.16476,79.50726,1.7000002,17.352834399762216,1.6955424351418034
2017-08-24 00:00:00+00:00,-36.07555,-71.75805,162.0,open-meteo_ecmwf_ifs,daily,9.051001,7.301,1.0,5.0239167,4.962437,81.23925,16.1,17.530429831665227,1.0855238961643938
2017-08-25 00:00:00+00:00,-36.07555,-71.75805,162.0,open-meteo_ecmwf_ifs,daily,12.051001,7.151,5.08,6.686417,2.9001691,87.498985,46.899998,17.709581318995312,1.120470464230007
2017-08-26 00:00:00+00:00,-36.07555,-71.75805,162.0,open-meteo_ecmwf_ifs,daily,13.751,8.201,7.8,7.688501,2.3476737,85.16474,3.5,17.890226634981417,1.328528448411303
2017-08-27 00:00:00+00:00,-36.07555,-71.75805,162.0,open-meteo_ecmwf_ifs,daily,13.201,6.901,6.91,6.811417,4.136194,86.59989,10.0,18.072302768177465,1.3835531011654876
2017-08-28 00:00:00+00:00,-36.07555,-71.75805,162.0,open-meteo_ecmwf_ifs,daily,11.501,6.051,7.53,6.532251,1.815277,88.4072,8.999999,18.255745962125253,1.0779320213766712
2017-08-29 00:00:00+00:00,-36.07555,-71.75805,162.0,open-meteo_ecmwf_ifs,daily,12.701,1.351,16.38,3.242667,1.481927,81.58753,0.5,18.44049175639456,1.5783424100305288
2017-08-30 00:00:00+00:00,-36.07555,-71.75805,162.0,open-meteo_ecmwf_ifs,daily,13.751,0.50100005,17.93,1.5155834,3.1769514,70.000626,0.0,18.626475028926293,1.9781206142645449
2017-08-31 00:00:00+00:00,-36.07555,-71.75805,162.0,open-meteo_ecmwf_ifs,daily,15.101,-0.199,16.71,2.680167,2.1853204,74.96978,0.0,18.813630039601797,1.7772396069304608
2017-09-01 00:00:00+00:00,-36.07555,-71.75805,162.0,open-meteo_ecmwf_ifs,daily,10.201,6.551,1.21,6.511417,4.700055,87.508934,9.400001,19.00189047495753,0.80301263401153
2017-09-02 00:00:00+00:00,-36.07555,-71.75805,162.0,open-meteo_ecmwf_ifs,daily,13.751,2.0509999,15.91,4.415583,2.6029718,81.57957,0.0,19.191189493961588,1.6930745600578394
2017-09-03 00:00:00+00:00,-36.07555,-71.75805,162.0,open-meteo_ecmwf_ifs,daily,14.351,0.401,18.76,2.8176668,2.9457767,76.99302,0.0,19.381459774765457,1.9482459827130487
2017-09-04 00:00:00+00:00,-36.07555,-71.75805,162.0,open-meteo_ecmwf_ifs,daily,15.451,2.451,18.86,4.3843336,3.3051205,79.26304,0.0,19.57263356234178,2.1159558582677476
2017-09-05 00:00:00+00:00,-36.07555,-71.75805,162.0,open-meteo_ecmwf_ifs,daily,13.101,3.0509999,11.66,3.055167,2.560465,74.651924,0.0,19.764642716916505,1.687735866473011
2017-09-06 00:00:00+00:00,-36.07555,-71.75805,162.0,open-meteo_ecmwf_ifs,daily,15.551001,5.0010004,17.2,4.3260007,2.4016998,73.4069,0.1,19.957418763101316,2.2252535309795887
2017-09-07 00:00:00+00:00,-36.07555,-71.75805,162.0,open-meteo_ecmwf_ifs,daily,13.751,1.101,18.66,3.2760003,2.4569051,76.253204,0.0,20.150892939630538,1.9286034832076695
2017-09-08 00:00:00+00:00,-36.07555,-71.75805,162.0,open-meteo_ecmwf_ifs,daily,9.951,5.6010003,6.69,4.0135007,2.1117332,77.14889,0.4,20.344996249604733,1.2356804074918903
2017-09-09 00:00:00+00:00,-36.07555,-71.75805,162.0,open-meteo_ecmwf_ifs,daily,10.901,2.001,14.23,2.0885003,2.8585918,73.53163,1.3000001,20.539659511141743,1.701544194146003
2017-09-10 00:00:00+00:00,-36.07555,-71.75805,162.0,open-meteo_ecmwf_ifs,daily,13.001,1.8009999,14.28,4.386417,1.7192626,85.16008,3.6,20.73481340833476,1.5803311834871474
2017-09-11 00:00:00+00:00,-36.07555,-71.75805,162.0,open-meteo_ecmwf_ifs,daily,15.601,3.601,19.29,4.2718334,4.0674415,72.41692,0.0,20.93038854241589,2.44808852120362
2017-09-12 00:00:00+00:00,-36.07555,-71.75805,162.0,open-meteo_ecmwf_ifs,daily,15.951,3.001,19.35,5.7010007,2.3825963,80.36782,0.0,21.12631548302286,2.149023579090051
2017-09-13 00:00:00+00:00,-36.07555,-71.75805,162.0,open-meteo_ecmwf_ifs,daily,15.401,4.451,12.99,6.855167,2.1365247,83.65388,0.4,21.322524819466494,1.6942749781681854
2017-09-14 00:00:00+00:00,-36.07555,-71.75805,162.0,open-meteo_ecmwf_ifs,daily,13.201,7.201,12.09,5.084334,3.1292255,77.58646,5.6,21.518947211895632,2.0057158423905594
2017-09-15 00:00:00+00:00,-36.07555,-71.75805,162.0,open-meteo_ecmwf_ifs,daily,17.801,0.951,21.41,1.84475,5.5712953,64.05103,0.0,21.715513442257098,3.062776338676339
2017-09-16 00:00:00+00:00,-36.07555,-71.75805,162.0,open-meteo_ecmwf_ifs,daily,21.801,2.3009999,21.33,6.636417,2.6902134,77.71563,0.0,21.912154464948085,2.7532008140086868
2017-09-17 00:00:00+00:00,-36.07555,-71.75805,162.0,open-meteo_ecmwf_ifs,daily,21.151001,7.401,18.01,11.2135,1.2573096,88.76765,0.0,22.108801457059048,2.391821459267114
2017-09-18 00:00:00+00:00,-36.07555,-71.75805,162.0,open-meteo_ecmwf_ifs,daily,16.401001,9.651,8.96,10.834334,2.264126,91.330635,0.3,22.305385868106683,1.4910388345287833
2017-09-19 00:00:00+00:00,-36.07555,-71.75805,162.0,open-meteo_ecmwf_ifs,daily,14.501,9.201,10.27,7.376001,4.2145405,76.64521,2.2,22.501839469156753,2.0536826772872416
2017-09-20 00:00:00+00:00,-36.07555,-71.75805,162.0,open-meteo_ecmwf_ifs,daily,17.001,7.201,21.32,7.0135007,3.8528092,77.13917,0.4,22.698094401239178,2.870456439555004
2017-09-21 00:00:00+00:00,-36.07555,-71.75805,162.0,open-meteo_ecmwf_ifs,daily,17.601,5.1010003,20.21,5.3155828,3.994321,70.262215,0.0,22.894083222958763,2.8932022899192704
2017-09-22 00:00:00+00:00,-36.07555,-71.75805,162.0,open-meteo_ecmwf_ifs,daily,20.001,5.701,21.76,6.9447494,5.0433917,73.60973,0.0,23.089738957207196,3.2418485721376293
2017-09-23 00:00:00+00:00,-36.07555,-71.75805,162.0,open-meteo_ecmwf_ifs,daily,20.501,6.401,19.08,8.140583,2.927637,79.6149,0.0,23.284995136884657,2.8327514270007397
2017-09-24 00:00:00+00:00,-36.07555,-71.75805,162.0,open-meteo_ecmwf_ifs,daily,17.551,6.201,18.71,7.0260005,2.9082391,75.87977,0.0,23.479785849541383,2.608937530569806
2017-09-25 00:00:00+00:00,-36.07555,-71.75805,162.0,open-meteo_ecmwf_ifs,daily,15.901001,6.051,14.52,5.7739167,4.3133073,73.26771,0.0,23.674045780852957,2.4328484701614244
2017-09-26 00:00:00+00:00,-36.07555,-71.75805,162.0,open-meteo_ecmwf_ifs,daily,18.051,4.801,21.41,4.7405834,3.9186776,67.192726,0.0,23.867710256845903,3.1206865692205783
2017-09-27 00:00:00+00:00,-36.07555,-71.75805,162.0,open-meteo_ecmwf_ifs,daily,19.501,6.451,19.73,7.346834,2.5487587,75.21354,0.0,24.06071528479366,2.8781482007510863
2017-09-28 00:00:00+00:00,-36.07555,-71.75805,162.0,open-meteo_ecmwf_ifs,daily,19.801,7.901,14.89,8.880167,1.859059,79.09632,0.0,24.252997592706706,2.4052839630526877
2017-09-29 00:00:00+00:00,-36.07555,-71.75805,162.0,open-meteo_ecmwf_ifs,daily,13.601,8.501,5.57,8.371834,3.1230514,82.86982,6.1,24.444494667344415,1.3032768900027565
2017-09-30 00:00:00+00:00,-36.07555,-71.75805,162.0,open-meteo_ecmwf_ifs,daily,13.751,8.051001,8.51,7.60725,4.929315,84.35641,64.6,24.63514479068026,1.7252326980830455
2017-10-01 00:00:00+00:00,-36.07555,-71.75805,162.0,open-meteo_ecmwf_ifs,daily,13.001,6.7510004,12.93,7.363501,1.8571862,87.22351,11.900002,24.824887074756717,1.7546279077110907
2017-10-02 00:00:00+00:00,-36.07555,-71.75805,162.0,open-meteo_ecmwf_ifs,daily,13.801001,5.0010004,10.11,6.434334,2.0426042,81.96175,0.4,25.013661494869872,1.5654334368616978
2017-10-03 00:00:00+00:00,-36.07555,-71.75805,162.0,open-meteo_ecmwf_ifs,daily,18.401001,8.201,14.86,7.990584,2.2365148,79.62305,4.7,25.20140892102965,2.491044859758311
2017-10-04 00:00:00+00:00,-36.07555,-71.75805,162.0,open-meteo_ecmwf_ifs,daily,12.951,9.501,4.41,8.519751,5.984331,86.79424,36.69999,25.38807114764536,1.393377837662873
2017-10-05 00:00:00+00:00,-36.07555,-71.75805,162.0,open-meteo_ecmwf_ifs,daily,12.251,7.051,6.57,7.0385,5.2213807,85.89924,7.3999996,25.57359092139206,1.3960280441976438
2017-10-06 00:00:00+00:00,-36.07555,-71.75805,162.0,open-meteo_ecmwf_ifs,daily,19.601,3.201,25.03,7.015583,3.9821684,75.09426,0.0,25.757911967218206,3.108270434470804
2017-10-07 00:00:00+00:00,-36.07555,-71.75805,162.0,open-meteo_ecmwf_ifs,daily,18.501,6.701,17.35,7.7468333,2.274627,81.415565,0.1,25.94097901246006,2.6307672817632146
2017-10-08 00:00:00+00:00,-36.07555,-71.75805,162.0,open-meteo_ecmwf_ifs,daily,17.351,5.5010004,22.62,6.7364173,2.3732877,74.995255,0.8000001,26.122737809034707,2.9567674226585647
2017-10-09 00:00:00+00:00,-36.07555,-71.75805,162.0,open-meteo_ecmwf_ifs,daily,15.801001,5.5010004,25.72,4.821834,5.187762,70.75035,0.0,26.303135153687794,3.37898919080025
2017-10-10 00:00:00+00:00,-36.07555,-71.75805,162.0,open-meteo_ecmwf_ifs,daily,14.451,4.6010003,20.52,2.5218337,4.6083207,63.34342,0.0,26.482118906279098,3.0888580891367226
2017-10-11 00:00:00+00:00,-36.07555,-71.75805,162.0,open-meteo_ecmwf_ifs,daily,15.351,4.0010004,24.08,5.14475,2.9928553,78.25446,0.7,26.659638006093488,2.910577512090832
2017-10-12 00:00:00+00:00,-36.07555,-71.75805,162.0,open-meteo_ecmwf_ifs,daily,17.801,3.151,22.49,6.4551663,1.4243561,79.953865,0.0,26.83564248617153,2.8141358593433874
2017-10-13 00:00:00+00:00,-36.07555,-71.75805,162.0,open-meteo_ecmwf_ifs,daily,20.351,7.151,26.36,8.828084,4.569748,79.0383,0.0,27.010083485659194,3.6740341519278275
2017-10-14 00:00:00+00:00,-36.07555,-71.75805,162.0,open-meteo_ecmwf_ifs,daily,23.001,7.651,26.19,10.236417,5.1227965,75.863434,0.0,27.18291326018198,3.93475433686958
2017-10-15 00:00:00+00:00,-36.07555,-71.75805,162.0,open-meteo_ecmwf_ifs,daily,22.751,10.951,24.22,12.405168,3.0769327,81.25751,0.4,27.35408519025467,3.7635232405688903
2017-10-16 00:00:00+00:00,-36.07555,-71.75805,162.0,open-meteo_ecmwf_ifs,daily,15.551001,9.001,10.62,8.588501,4.0002093,79.212105,1.1,27.523553787743452,2.054644845683276
2017-10-17 00:00:00+00:00,-36.07555,-71.75805,162.0,open-meteo_ecmwf_ifs,daily,16.651001,9.551001,10.45,8.459334,2.2805157,78.82049,0.2,27.69127470040259,2.0937586269293966
2017-10-18 00:00:00+00:00,-36.07555,-71.75805,162.0,open-meteo_ecmwf_ifs,daily,17.701,9.401,24.2,6.8801684,2.5954306,69.97879,2.7,27.85720471451394,3.644006966898699
2017-10-19 00:00:00+00:00,-36.07555,-71.75805,162.0,open-meteo_ecmwf_ifs,daily,15.501,5.801,18.59,5.0885,4.9271655,67.92536,0.0,28.021301755662282,2.9245199445650205
2017-10-20 00:00:00+00:00,-36.07555,-71.75805,162.0,open-meteo_ecmwf_ifs,daily,16.801,7.2510004,24.21,4.4114165,5.576403,62.91704,0.0,28.183524887685333,3.9141685707935476
2017-10-21 00:00:00+00:00,-36.07555,-71.75805,162.0,open-meteo_ecmwf_ifs,daily,21.051,4.7510004,28.53,5.280167,5.323463,64.08371,0.0,28.34383430984206,4.323900659311721
2017-10-22 00:00:00+00:00,-36.07555,-71.75805,162.0,open-meteo_ecmwf_ifs,daily,22.651001,7.7510004,25.63,9.278083,2.2763436,75.212585,0.0,28.502191352248172,3.894372410122012
2017-10-23 00:00:00+00:00,-36.07555,-71.75805,162.0,open-meteo_ecmwf_ifs,daily,20.701,7.401,25.63,6.965584,2.4198475,66.375984,0.0,28.658558469632105,3.8932998087234134
2017-10-24 00:00:00+00:00,-36.07555,-71.75805,162.0,open-meteo_ecmwf_ifs,daily,19.551,11.001,20.15,9.65725,2.9496987,73.628365,0.0,28.812899233469736,3.4263099953675535
2017-10-25 00:00:00+00:00,-36.07555,-71.75805,162.0,open-meteo_ecmwf_ifs,daily,20.701,7.5010004,28.14,8.044751,3.967991,69.19549,0.0,28.965178322560085,4.146051479895975
2017-10-26 00:00:00+00:00,-36.07555,-71.75805,162.0,open-meteo_ecmwf_ifs,daily,19.501,8.851,26.16,7.1197495,3.5271513,66.11291,0.0,29.115361512108564,4.112307208528267
2017-10-27 00:00:00+00:00,-36.07555,-71.75805,162.0,open-meteo_ecmwf_ifs,daily,21.651001,7.3510003,27.79,8.469751,3.295346,71.457275,0.0,29.2634156613878,4.143462381189993
2017-10-28 00:00:00+00:00,-36.07555,-71.75805,162.0,open-meteo_ecmwf_ifs,daily,14.351,8.901,5.13,7.3030834,3.3580923,77.742676,10.0,29.409308700050094,1.66287561730723
2017-10-29 00:00:00+00:00,-36.07555,-71.75805,162.0,open-meteo_ecmwf_ifs,daily,15.651,5.0010004,19.71,4.28225,1.7803935,72.33319,0.70000005,29.553009613168058,2.8423019606148174
2017-10-30 00:00:00+00:00,-36.07555,-71.75805,162.0,open-meteo_ecmwf_ifs,daily,17.851,4.1010003,26.96,4.996834,1.8832965,69.23825,0.0,29.694488425083584,3.5614550772073503
2017-10-31 00:00:00+00:00,-36.07555,-71.75805,162.0,open-meteo_ecmwf_ifs,daily,15.801001,6.6010003,12.59,5.5655837,2.8018992,69.62373,4.3,29.83371618214728,2.393452374970209
2017-11-01 00:00:00+00:00,-36.07555,-71.75805,162.0,open-meteo_ecmwf_ifs,daily,12.851,9.801001,6.65,8.503084,4.278724,85.25646,33.0,29.970664934432882,1.5510626048030878
2017-11-02 00:00:00+00:00,-36.07555,-71.75805,162.0,open-meteo_ecmwf_ifs,daily,14.751,5.801,19.26,6.8572497,3.2359493,81.108475,3.1999998,30.10530771651308,2.5776320359607316
2017-11-03 00:00:00+00:00,-36.07555,-71.75805,162.0,open-meteo_ecmwf_ifs,daily,18.501,4.651,27.44,6.4718328,1.7887014,73.34869,0.0,30.23761852738439,3.638437312953157
2017-11-04 00:00:00+00:00,-36.07555,-71.75805,162.0,open-meteo_ecmwf_ifs,daily,15.901001,8.101,10.27,8.057252,2.862737,79.42221,4.8999996,30.367572309630113,2.024871162081576
2017-11-05 00:00:00+00:00,-36.07555,-71.75805,162.0,open-meteo_ecmwf_ifs,daily,21.801,11.301001,21.3,10.490584,2.7509165,74.08267,4.5,30.49514492791063,3.7842096004244787
2017-11-06 00:00:00+00:00,-36.07555,-71.75805,162.0,open-meteo_ecmwf_ifs,daily,20.801,11.951,14.23,13.159335,2.7060165,84.43994,0.0,30.620313146871066,2.5966029530725385
2017-11-07 00:00:00+00:00,-36.07555,-71.75805,162.0,open-meteo_ecmwf_ifs,daily,19.851,9.901,19.81,11.461418,2.5965192,81.27835,0.1,30.74305460855596,3.088951928186599
2017-11-08 00:00:00+00:00,-36.07555,-71.75805,162.0,open-meteo_ecmwf_ifs,daily,22.501,10.351,27.03,11.563499,2.4921577,78.51559,0.0,30.863347809420024,4.217863084749472
2017-11-09 00:00:00+00:00,-36.07555,-71.75805,162.0,open-meteo_ecmwf_ifs,daily,22.201,10.801001,26.91,11.348918,2.7481892,73.42726,0.0,30.981172077023515,4.266626969630719
2017-11-10 00:00:00+00:00,-36.07555,-71.75805,162.0,open-meteo_ecmwf_ifs,daily,23.801,10.051001,31.02,11.388501,5.195514,73.496086,0.0,31.09650754649913,4.889015347485617
2017-11-11 00:00:00+00:00,-36.07555,-71.75805,162.0,open-meteo_ecmwf_ifs,daily,25.451,9.501,31.17,11.23225,5.1227026,69.323326,0.0,31.209335136875673,5.151687473493513
2017-11-12 00:00:00+00:00,-36.07555,-71.75805,162.0,open-meteo_ecmwf_ifs,daily,24.851,10.451,30.26,11.334332,3.9485867,69.27356,0.0,31.31963652734229,5.039719861525154
2017-11-13 00:00:00+00:00,-36.07555,-71.75805,162.0,open-meteo_ecmwf_ifs,daily,24.601,13.701,24.73,14.230167,2.9143753,80.78151,0.0,31.427394133533827,4.363212165763555
2017-11-14 00:00:00+00:00,-36.07555,-71.75805,162.0,open-meteo_ecmwf_ifs,daily,24.401001,12.101,25.11,12.317668,2.6697829,77.89134,0.1,31.532591083915815,4.415671451559873
2017-11-15 00:00:00+00:00,-36.07555,-71.75805,162.0,open-meteo_ecmwf_ifs,daily,18.601,9.401,31.42,4.655167,5.5281377,55.033108,0.0,31.635211196344294,5.210661055721941
2017-11-16 00:00:00+00:00,-36.07555,-71.75805,162.0,open-meteo_ecmwf_ifs,daily,21.201,8.301001,30.74,6.101,5.366998,58.34116,0.0,31.735238954872404,5.158969923696987
2017-11-17 00:00:00+00:00,-36.07555,-71.75805,162.0,open-meteo_ecmwf_ifs,daily,18.601,11.001,28.59,5.5989156,6.404615,59.170002,0.0,31.832659486872018,5.2260932620575495
2017-11-18 00:00:00+00:00,-36.07555,-71.75805,162.0,open-meteo_ecmwf_ifs,daily,21.251,6.5010004,31.89,4.5343337,6.157992,56.60306,0.0,31.927458540534776,5.296047423055866
2017-11-19 00:00:00+00:00,-36.07555,-71.75805,162.0,open-meteo_ecmwf_ifs,daily,23.001,9.901,31.33,8.340583,4.8257565,62.14296,0.0,32.01962246281294,5.371256149974657
2017-11-20 00:00:00+00:00,-36.07555,-71.75805,162.0,open-meteo_ecmwf_ifs,daily,21.051,10.201,31.24,5.6739173,3.7371628,55.350468,0.0,32.10913817785605,5.346605066310332
2017-11-21 00:00:00+00:00,-36.07555,-71.75805,162.0,open-meteo_ecmwf_ifs,daily,24.951,8.301001,32.49,5.2510004,5.2782445,52.6216,0.0,32.195993165994935,6.1179664270607645
2017-11-22 00:00:00+00:00,-36.07555,-71.75805,162.0,open-meteo_ecmwf_ifs,daily,26.601,8.801001,31.98,8.236417,4.8408513,59.799778,0.0,32.28017544331997,5.901985716601071
2017-11-23 00:00:00+00:00,-36.07555,-71.75805,162.0,open-meteo_ecmwf_ifs,daily,25.001,9.551001,32.53,7.1989174,5.260314,56.444077,0.0,32.36167354189605,6.046731055237112
2017-11-24 00:00:00+00:00,-36.07555,-71.75805,162.0,open-meteo_ecmwf_ifs,daily,23.451,7.851,32.07,5.0593333,3.1556046,52.762203,0.0,32.44047649065156,5.401563355959379
2017-11-25 00:00:00+00:00,-36.07555,-71.75805,162.0,open-meteo_ecmwf_ifs,daily,27.201,8.951,32.57,7.509333,4.9918056,54.792362,0.0,32.516573796974136,6.246560743997348
2017-11-26 00:00:00+00:00,-36.07555,-71.75805,162.0,open-meteo_ecmwf_ifs,daily,26.701,13.001,24.19,12.005168,2.6441605,68.19022,0.0,32.58995542904132,4.789004987288433
2017-11-27 00:00:00+00:00,-36.07555,-71.75805,162.0,open-meteo_ecmwf_ifs,daily,30.051,10.501,31.65,10.038501,3.2261636,58.197647,0.0,32.66061179890919,6.115344050314412
2017-11-28 00:00:00+00:00,-36.07555,-71.75805,162.0,open-meteo_ecmwf_ifs,daily,26.301,13.451,32.08,7.609333,3.5003297,47.237915,0.0,32.728533746377586,6.400374870164057
2017-11-29 00:00:00+00:00,-36.07555,-71.75805,162.0,open-meteo_ecmwf_ifs,daily,24.951,9.851,31.17,9.276,1.6240596,63.49446,0.0,32.79371252364616,5.099989912484694
2017-11-30 00:00:00+00:00,-36.07555,-71.75805,162.0,open-meteo_ecmwf_ifs,daily,23.001,11.351,19.12,8.601,4.3155518,61.071487,0.0,32.85613978077089,4.394683952387154
2017-12-01 00:00:00+00:00,-36.07555,-71.75805,162.0,open-meteo_ecmwf_ifs,daily,25.601,11.501,28.3,9.84475,2.600105,60.916748,0.0,32.9158075519268,5.182010487975464
2017-12-02 00:00:00+00:00,-36.07555,-71.75805,162.0,open-meteo_ecmwf_ifs,daily,25.851,12.051001,27.33,10.776001,2.524138,62.080135,0.1,32.97270824247846,5.0614988535198036
2017-12-03 00:00:00+00:00,-36.07555,-71.75805,162.0,open-meteo_ecmwf_ifs,daily,24.351,13.301001,22.58,10.315585,1.7318348,63.313507,0.0,33.02683461685662,4.321764805617122
2017-12-04 00:00:00+00:00,-36.07555,-71.75805,162.0,open-meteo_ecmwf_ifs,daily,28.501,13.001,30.47,11.5635,2.5462801,62.270237,0.0,33.07817978723516,5.798348882977792
2017-12-05 00:00:00+00:00,-36.07555,-71.75805,162.0,open-meteo_ecmwf_ifs,daily,27.401001,14.001,29.63,12.163499,2.5195684,60.77718,0.0,33.12673720300084,5.625955544780174
2017-12-06 00:00:00+00:00,-36.07555,-71.75805,162.0,open-meteo_ecmwf_ifs,daily,27.451,12.651,28.95,12.121835,1.4694883,65.34309,0.0,33.172500641004014,5.163811428592169
2017-12-07 00:00:00+00:00,-36.07555,-71.75805,162.0,open-meteo_ecmwf_ifs,daily,29.151001,13.801001,33.04,11.7072525,3.0727823,59.419006,0.0,33.21546419657744,6.422616822426187
2017-12-08 00:00:00+00:00,-36.07555,-71.75805,162.0,open-meteo_ecmwf_ifs,daily,26.901001,13.601,31.69,10.065583,2.2474759,54.104904,0.0,33.2556222753079,5.877647287324968
2017-12-09 00:00:00+00:00,-36.07555,-71.75805,162.0,open-meteo_ecmwf_ifs,daily,28.601,12.101,33.11,8.355167,3.9964752,51.584503,0.0,33.292969585543474,6.747694128051816
2017-12-10 00:00:00+00:00,-36.07555,-71.75805,162.0,open-meteo_ecmwf_ifs,daily,30.651001,13.851,32.22,9.888501,5.7454295,47.206448,0.0,33.32750113161869,7.606014311051963
2017-12-11 00:00:00+00:00,-36.07555,-71.75805,162.0,open-meteo_ecmwf_ifs,daily,26.651001,14.901,31.34,12.101002,4.3402543,58.912075,0.0,33.35921220777854,6.242178760645576
2017-12-12 00:00:00+00:00,-36.07555,-71.75805,162.0,open-meteo_ecmwf_ifs,daily,21.001,14.901,11.61,11.213498,3.7443192,67.97809,1.5000002,33.38809839278236,3.2818190430264327
2017-12-13 00:00:00+00:00,-36.07555,-71.75805,162.0,open-meteo_ecmwf_ifs,daily,23.401001,14.051001,21.15,11.261416,2.2740045,65.6101,1.3,33.414155545168015,4.20556770717965
2017-12-14 00:00:00+00:00,-36.07555,-71.75805,162.0,open-meteo_ecmwf_ifs,daily,28.351,13.201,32.1,11.132251,5.579792,58.72376,0.0,33.43737979915801,6.733766945778741
2017-12-15 00:00:00+00:00,-36.07555,-71.75805,162.0,open-meteo_ecmwf_ifs,daily,29.801,14.551001,33.44,10.132252,5.8030334,50.694523,0.0,33.45776756118901,7.678121231057429
2017-12-16 00:00:00+00:00,-36.07555,-71.75805,162.0,open-meteo_ecmwf_ifs,daily,25.501,13.251,22.98,11.023918,3.508238,65.68795,0.0,33.47531550704798,4.892344852504604
2017-12-17 00:00:00+00:00,-36.07555,-71.75805,162.0,open-meteo_ecmwf_ifs,daily,26.851,8.551001,33.89,4.215583,5.2024384,46.077534,0.1,33.49002057959923,6.817151697235776
2017-12-18 00:00:00+00:00,-36.07555,-71.75805,162.0,open-meteo_ecmwf_ifs,daily,26.801,10.901,32.42,6.6343346,3.771844,48.09593,0.0,33.50187998708839,6.373203464543351
2017-12-19 00:00:00+00:00,-36.07555,-71.75805,162.0,open-meteo_ecmwf_ifs,daily,29.901001,11.401,33.81,7.846834,3.689828,49.49796,0.0,33.51089120201111,6.885341896805155
2017-12-20 00:00:00+00:00,-36.07555,-71.75805,162.0,open-meteo_ecmwf_ifs,daily,28.351,13.551001,33.09,9.40725,4.4496183,50.867447,0.0,33.51705196053693,6.943921747435853
2017-12-21 00:00:00+00:00,-36.07555,-71.75805,162.0,open-meteo_ecmwf_ifs,daily,28.001,12.451,34.06,7.511418,5.2211976,50.519833,0.0,33.52036026248008,7.2726288834594985
2017-12-22 00:00:00+00:00,-36.07555,-71.75805,162.0,open-meteo_ecmwf_ifs,daily,26.001,11.601,33.59,4.584334,5.75509,41.021843,0.0,33.520814371812676,7.2815192474877195
2017-12-23 00:00:00+00:00,-36.07555,-71.75805,162.0,open-meteo_ecmwf_ifs,daily,26.751,9.051001,34.38,2.901,5.9905686,40.190773,0.0,33.51841281771702,7.309701421663875
2017-12-24 00:00:00+00:00,-36.07555,-71.75805,162.0,open-meteo_ecmwf_ifs,daily,28.751,10.101,33.74,5.011417,5.314528,43.450558,0.0,33.513154396177384,7.334480909617223
2017-12-25 00:00:00+00:00,-36.07555,-71.75805,162.0,open-meteo_ecmwf_ifs,daily,30.901001,13.751,32.94,10.58225,5.472893,51.59917,0.0,33.50503817211345,7.518303105514419
2017-12-26 00:00:00+00:00,-36.07555,-71.75805,162.0,open-meteo_ecmwf_ifs,daily,28.501,14.401,31.25,11.246834,4.0687146,55.76531,0.0,33.494063482060525,6.543882680955442
2017-12-27 00:00:00+00:00,-36.07555,-71.75805,162.0,open-meteo_ecmwf_ifs,daily,28.801,12.901,33.31,8.713502,3.4379303,50.56592,0.0,33.48022993740388,6.716590698139008
2017-12-28 00:00:00+00:00,-36.07555,-71.75805,162.0,open-meteo_ecmwf_ifs,daily,31.201,12.401,33.15,10.403084,4.6794434,53.79477,0.0,33.4635374281771,7.153327970018629
2017-12-29 00:00:00+00:00,-36.07555,-71.75805,162.0,open-meteo_ecmwf_ifs,daily,30.501,15.151,33.15,11.582252,4.313558,57.277355,0.0,33.44398612743617,7.229625895533483
2017-12-30 00:00:00+00:00,-36.07555,-71.75805,162.0,open-meteo_ecmwf_ifs,daily,25.051,14.101,17.23,13.707249,3.4632053,72.7974,6.5000005,33.42157649622319,3.839964441756369
2017-12-31 00:00:00+00:00,-36.07555,-71.75805,162.0,open-meteo_ecmwf_ifs,daily,27.251,13.551001,32.41,7.9218335,3.5500367,48.122364,0.0,33.39630928913514,6.607720211854426
2018-01-01 00:00:00+00:00,-36.07555,-71.75805,162.0,open-meteo_ecmwf_ifs,daily,27.901001,11.451,31.91,5.7635,3.8297596,44.220886,0.0,33.36818556051461,6.665218524999282
2018-01-02 00:00:00+00:00,-36.07555,-71.75805,162.0,open-meteo_ecmwf_ifs,daily,27.051,11.501,30.84,6.7385006,3.6221545,47.24475,0.0,33.33720667128032,6.270130193978171
2018-01-03 00:00:00+00:00,-36.07555,-71.75805,162.0,open-meteo_ecmwf_ifs,daily,28.601,14.051001,27.91,12.428084,3.9139702,62.337814,0.0,33.30337429641626,5.9006992436757955
2018-01-04 00:00:00+00:00,-36.07555,-71.75805,162.0,open-meteo_ecmwf_ifs,daily,22.501,14.951,7.35,13.934334,2.4546063,77.30433,1.2,33.266690433138336,2.23255713617941
2018-01-05 00:00:00+00:00,-36.07555,-71.75805,162.0,open-meteo_ecmwf_ifs,daily,24.951,10.051001,33.37,7.5260005,4.73778,57.03984,0.0,33.22715740975771,6.110907817576324
2018-01-06 00:00:00+00:00,-36.07555,-71.75805,162.0,open-meteo_ecmwf_ifs,daily,29.851,11.701,32.87,6.8426666,8.034326,44.892216,0.0,33.18477789525925,8.204381736563027
2018-01-07 00:00:00+00:00,-36.07555,-71.75805,162.0,open-meteo_ecmwf_ifs,daily,33.401,14.901,32.77,11.251,4.108281,50.488758,0.0,33.13955490961335,7.575476198722775
2018-01-08 00:00:00+00:00,-36.07555,-71.75805,162.0,open-meteo_ecmwf_ifs,daily,29.701,15.251,26.61,13.463501,4.500136,59.752857,0.0,33.091491834837164,6.091653763337708
2018-01-09 00:00:00+00:00,-36.07555,-71.75805,162.0,open-meteo_ecmwf_ifs,daily,30.801,15.501,30.82,13.757251,2.7781565,62.99663,0.0,33.04059242682097,6.296268352767633
2018-01-10 00:00:00+00:00,-36.07555,-71.75805,162.0,open-meteo_ecmwf_ifs,daily,31.151001,16.451,28.79,13.346832,2.9111938,56.21217,0.0,32.98686082793224,6.292394720098113
2018-01-11 00:00:00+00:00,-36.07555,-71.75805,162.0,open-meteo_ecmwf_ifs,daily,32.351,15.401,32.18,12.100999,2.185486,51.415043,0.0,32.93030158040827,6.545876065781933
2018-01-12 00:00:00+00:00,-36.07555,-71.75805,162.0,open-meteo_ecmwf_ifs,daily,30.501,15.401,32.37,10.294751,3.3340034,49.31016,0.0,32.870919640545424,6.960952670096555
2018-01-13 00:00:00+00:00,-36.07555,-71.75805,162.0,open-meteo_ecmwf_ifs,daily,27.451,12.901,30.93,8.142668,3.591348,46.88446,0.0,32.80872039368956,6.340947906708603
2018-01-14 00:00:00+00:00,-36.07555,-71.75805,162.0,open-meteo_ecmwf_ifs,daily,29.251,15.001,27.78,9.944751,2.1399775,49.422764,0.3,32.743709670029254,5.736338118287686
2018-01-15 00:00:00+00:00,-36.07555,-71.75805,162.0,open-meteo_ecmwf_ifs,daily,22.151001,15.301001,9.39,11.555167,2.7276113,65.21032,0.70000005,32.675893761189535,2.90404684004612
2018-01-16 00:00:00+00:00,-36.07555,-71.75805,162.0,open-meteo_ecmwf_ifs,daily,27.401001,12.901,29.02,10.0635,2.1263447,56.889233,0.0,32.60527943761953,5.4623001891867276
2018-01-17 00:00:00+00:00,-36.07555,-71.75805,162.0,open-meteo_ecmwf_ifs,daily,28.251,12.901,32.3,8.642666,5.4667,48.647,0.0,32.531873966763854,7.061673942256125
2018-01-18 00:00:00+00:00,-36.07555,-71.75805,162.0,open-meteo_ecmwf_ifs,daily,31.551,13.151,31.83,10.319751,4.7980447,51.149,0.0,32.45568513200241,7.197270990204001
2018-01-19 00:00:00+00:00,-36.07555,-71.75805,162.0,open-meteo_ecmwf_ifs,daily,32.801,14.501,30.88,11.986417,3.5778515,50.901363,0.0,32.37672125233902,6.8634768699611035
2018-01-20 00:00:00+00:00,-36.07555,-71.75805,162.0,open-meteo_ecmwf_ifs,daily,28.501,16.851,24.37,13.805167,2.6494348,59.91688,0.0,32.2949912028147,5.280817233018295
2018-01-21 00:00:00+00:00,-36.07555,-71.75805,162.0,open-meteo_ecmwf_ifs,daily,26.301,16.251,17.78,13.971835,1.8088764,64.889114,2.5,32.21050443561601,3.859571952669499
2018-01-22 00:00:00+00:00,-36.07555,-71.75805,162.0,open-meteo_ecmwf_ifs,daily,27.201,15.851,20.85,14.386417,2.5272045,69.95707,0.6,32.12327100184453,4.452533115995862
2018-01-23 00:00:00+00:00,-36.07555,-71.75805,162.0,open-meteo_ecmwf_ifs,daily,27.751,14.351,29.94,11.034333,2.2665567,56.018314,0.0,32.033301573908254,5.705356746612549
2018-01-24 00:00:00+00:00,-36.07555,-71.75805,162.0,open-meteo_ecmwf_ifs,daily,29.501,13.951,31.15,9.151,2.4102988,45.97574,0.0,31.940607468490896,6.167501054611385
2018-01-25 00:00:00+00:00,-36.07555,-71.75805,162.0,open-meteo_ecmwf_ifs,daily,28.351,14.151,31.06,9.611415,1.943391,50.04315,0.0,31.84520067005027,5.834404722428412
2018-01-26 00:00:00+00:00,-36.07555,-71.75805,162.0,open-meteo_ecmwf_ifs,daily,26.201,12.351,31.31,9.084334,2.2296531,55.361088,0.0,31.747093854791974,5.584938416632777
2018-01-27 00:00:00+00:00,-36.07555,-71.75805,162.0,open-meteo_ecmwf_ifs,daily,28.301,13.651,31.69,5.692667,5.372912,41.86273,0.0,31.646300415060228,7.510717253303851
2018-01-28 00:00:00+00:00,-36.07555,-71.75805,162.0,open-meteo_ecmwf_ifs,daily,30.751,12.101,31.88,6.0739174,5.7827506,41.54215,0.0,31.542834484083013,7.772533384916732
2018-01-29 00:00:00+00:00,-36.07555,-71.75805,162.0,open-meteo_ecmwf_ifs,daily,28.451,12.201,31.3,8.201,2.9727106,48.1374,0.0,31.436710961004536,6.114444928682156
2018-01-30 00:00:00+00:00,-36.07555,-71.75805,162.0,open-meteo_ecmwf_ifs,daily,29.401001,13.401,31.05,8.853083,4.6599383,51.982,0.0,31.327945536133807,6.895597480578333
2018-01-31 00:00:00+00:00,-36.07555,-71.75805,162.0,open-meteo_ecmwf_ifs,daily,32.751,12.201,31.01,6.051,4.972368,38.987637,0.0,31.216554716334677,7.7156300613653706
2018-02-01 00:00:00+00:00,-36.07555,-71.75805,162.0,open-meteo_ecmwf_ifs,daily,32.301,14.651,30.54,10.069752,2.1245334,45.223316,0.0,31.102555850478698,6.201488040536589
2018-02-02 00:00:00+00:00,-36.07555,-71.75805,162.0,open-meteo_ecmwf_ifs,daily,29.701,16.801,29.24,12.723918,2.751469,52.348175,0.0,30.98596715487948,6.091584848914959
2018-02-03 00:00:00+00:00,-36.07555,-71.75805,162.0,open-meteo_ecmwf_ifs,daily,30.401001,16.551,29.43,13.930167,1.9742917,60.08373,0.0,30.866807738623887,5.782113319391738
2018-02-04 00:00:00+00:00,-36.07555,-71.75805,162.0,open-meteo_ecmwf_ifs,daily,31.800999,15.750999,29.08,13.055168,2.7771523,59.017536,0.0,30.74509762871319,6.161710059411121
2018-02-05 00:00:00+00:00,-36.07555,-71.75805,162.0,open-meteo_ecmwf_ifs,daily,29.001,16.801,26.51,11.151001,3.0178926,49.383793,0.0,30.620857794925048,5.919345213625591
2018-02-06 00:00:00+00:00,-36.07555,-71.75805,162.0,open-meteo_ecmwf_ifs,daily,28.601,16.751,28.99,11.934334,2.5467298,54.77593,0.0,30.494110174305437,5.884692002627044
2018-02-07 00:00:00+00:00,-36.07555,-71.75805,162.0,open-meteo_ecmwf_ifs,daily,28.801,13.601,29.57,9.534334,3.6592743,51.28802,0.0,30.364877695198107,6.200294117248996
2018-02-08 00:00:00+00:00,-36.07555,-71.75805,162.0,open-meteo_ecmwf_ifs,daily,27.601,14.451,29.08,9.453086,4.885254,50.373432,0.0,30.233184300718452,6.4900807911377685
2018-02-09 00:00:00+00:00,-36.07555,-71.75805,162.0,open-meteo_ecmwf_ifs,daily,24.851,11.851,30.15,4.9968333,6.9670615,44.035233,0.0,30.099054971577804,6.872033722183094
2018-02-10 00:00:00+00:00,-36.07555,-71.75805,162.0,open-meteo_ecmwf_ifs,daily,25.351,10.601,29.33,3.4843338,6.905791,42.624756,0.0,29.962515748164094,6.895737167759494
2018-02-11 00:00:00+00:00,-36.07555,-71.75805,162.0,open-meteo_ecmwf_ifs,daily,30.351,9.801001,29.97,3.5739172,4.5730405,39.438774,0.0,29.82359375178519,6.873016248935956
2018-02-12 00:00:00+00:00,-36.07555,-71.75805,162.0,open-meteo_ecmwf_ifs,daily,32.851,12.801001,29.46,5.909334,4.359125,38.39388,0.0,29.682317204981594,7.290022061797203
2018-02-13 00:00:00+00:00,-36.07555,-71.75805,162.0,open-meteo_ecmwf_ifs,daily,31.301,14.301001,28.63,10.028084,2.8646042,47.98438,0.0,29.538715450816458,6.0877765132006525
2018-02-14 00:00:00+00:00,-36.07555,-71.75805,162.0,open-meteo_ecmwf_ifs,daily,29.551,14.301001,28.16,11.194751,1.9733181,55.56451,0.0,29.392818971052204,5.373579726480881
2018-02-15 00:00:00+00:00,-36.07555,-71.75805,162.0,open-meteo_ecmwf_ifs,daily,30.451,15.451,28.23,11.271834,1.9788556,53.909466,0.0,29.244659403124988,5.558998297032155
2018-02-16 00:00:00+00:00,-36.07555,-71.75805,162.0,open-meteo_ecmwf_ifs,daily,32.151,15.151,27.94,12.098918,3.5006006,55.080536,0.0,29.09426955583026,6.268761820112985
2018-02-17 00:00:00+00:00,-36.07555,-71.75805,162.0,open-meteo_ecmwf_ifs,daily,31.851002,15.851,27.97,10.713502,4.196585,49.911972,0.0,28.941683423635514,6.779796748511404
2018-02-18 00:00:00+00:00,-36.07555,-71.75805,162.0,open-meteo_ecmwf_ifs,daily,29.301,16.751,22.94,12.667666,2.6456282,57.03863,0.0,28.786936199539177,5.120253259755467
2018-02-19 00:00:00+00:00,-36.07555,-71.75805,162.0,open-meteo_ecmwf_ifs,daily,28.201,14.651,24.75,11.446834,2.2757142,59.394333,0.2,28.63006428639772,4.934583089061986
2018-02-20 00:00:00+00:00,-36.07555,-71.75805,162.0,open-meteo_ecmwf_ifs,daily,26.451,14.051001,25.7,11.863502,1.202054,65.55981,1.8000001,28.47110530664709,4.432107925637784
2018-02-21 00:00:00+00:00,-36.07555,-71.75805,162.0,open-meteo_ecmwf_ifs,daily,28.651001,14.401,27.04,11.769752,3.3025267,58.864975,0.0,28.310098110348147,5.506848703903166
2018-02-22 00:00:00+00:00,-36.07555,-71.75805,162.0,open-meteo_ecmwf_ifs,daily,29.751,13.051001,26.76,9.613502,3.2952414,52.60364,0.0,28.14708278149008,5.669625213241637
2018-02-23 00:00:00+00:00,-36.07555,-71.75805,162.0,open-meteo_ecmwf_ifs,daily,28.351,15.750999,24.35,14.280168,2.9864967,68.26702,1.4000001,27.98210064249061,4.929176287210636
2018-02-24 00:00:00+00:00,-36.07555,-71.75805,162.0,open-meteo_ecmwf_ifs,daily,27.951,14.301001,24.19,12.255168,2.0811784,63.83034,0.0,27.815194256836083,4.626328732503088
2018-02-25 00:00:00+00:00,-36.07555,-71.75805,162.0,open-meteo_ecmwf_ifs,daily,30.051,13.301001,24.85,12.909333,1.5837783,68.009514,0.0,27.64640742980992,4.575408899835777
2018-02-26 00:00:00+00:00,-36.07555,-71.75805,162.0,open-meteo_ecmwf_ifs,daily,29.851,14.801001,26.16,11.371835,2.608406,55.4275,0.0,27.475785207262938,5.3361638851652184
2018-02-27 00:00:00+00:00,-36.07555,-71.75805,162.0,open-meteo_ecmwf_ifs,daily,27.401001,16.101,21.77,13.096832,1.4091082,62.893173,0.2,27.30337387238463,4.125222952343296
2018-02-28 00:00:00+00:00,-36.07555,-71.75805,162.0,open-meteo_ecmwf_ifs,daily,28.801,14.601,25.29,12.409333,2.1342504,60.89693,0.0,27.129220940439794,4.82172161734199
2018-03-01 00:00:00+00:00,-36.07555,-71.75805,162.0,open-meteo_ecmwf_ifs,daily,31.051,14.551001,25.86,10.994751,2.6483157,54.95633,0.0,26.953375151440913,5.412689585073509
2018-03-02 00:00:00+00:00,-36.07555,-71.75805,162.0,open-meteo_ecmwf_ifs,daily,30.451,14.601,25.6,11.98225,2.3243778,57.25699,0.0,26.775886460732384,5.0965492296332995
2018-03-03 00:00:00+00:00,-36.07555,-71.75805,162.0,open-meteo_ecmwf_ifs,daily,27.651001,13.751,25.29,10.984334,2.1738677,59.990112,0.0,26.59680602746883,4.700834816998312
2018-03-04 00:00:00+00:00,-36.07555,-71.75805,162.0,open-meteo_ecmwf_ifs,daily,28.251,13.401,24.73,9.83225,4.268853,56.00023,0.0,26.4161862009753,5.519374917345248
2018-03-05 00:00:00+00:00,-36.07555,-71.75805,162.0,open-meteo_ecmwf_ifs,daily,30.601,11.451,25.91,3.4572504,5.869217,36.47415,0.0,26.23408050498401,7.151449134202857
2018-03-06 00:00:00+00:00,-36.07555,-71.75805,162.0,open-meteo_ecmwf_ifs,daily,29.301,11.651,25.19,7.442667,2.4492583,46.095165,0.0,26.050543619747593,4.95153734442735
2018-03-07 00:00:00+00:00,-36.07555,-71.75805,162.0,open-meteo_ecmwf_ifs,daily,26.751,13.851,24.06,11.378083,2.5882204,59.138447,0.0,25.865631362035565,4.5448749374127555
2018-03-08 00:00:00+00:00,-36.07555,-71.75805,162.0,open-meteo_ecmwf_ifs,daily,27.601,12.751,23.67,12.24475,2.6536925,69.05088,0.0,25.679400663026495,4.394809843761907
2018-03-09 00:00:00+00:00,-36.07555,-71.75805,162.0,open-meteo_ecmwf_ifs,daily,25.551,11.551001,22.64,10.255167,2.648824,65.104164,0.0,25.491909544114634,4.12136500367793
2018-03-10 00:00:00+00:00,-36.07555,-71.75805,162.0,open-meteo_ecmwf_ifs,daily,22.851,13.051001,23.57,7.8635,4.173737,59.398315,4.7000003,25.303217090655632,4.752250656165877
2018-03-11 00:00:00+00:00,-36.07555,-71.75805,162.0,open-meteo_ecmwf_ifs,daily,25.501,10.501,24.51,3.9385002,5.8224683,43.307343,0.0,25.113383423682034,5.8830677532343625
2018-03-12 00:00:00+00:00,-36.07555,-71.75805,162.0,open-meteo_ecmwf_ifs,daily,24.501,11.401,21.26,9.78225,4.7319503,65.10976,0.0,24.922469669625215,4.361348824357283
2018-03-13 00:00:00+00:00,-36.07555,-71.75805,162.0,open-meteo_ecmwf_ifs,daily,23.851,9.101,24.55,2.5697503,5.669272,43.593,0.0,24.730537928085806,5.506996268530553
2018-03-14 00:00:00+00:00,-36.07555,-71.75805,162.0,open-meteo_ecmwf_ifs,daily,20.751,9.301001,13.89,7.071835,2.6906397,60.982548,0.1,24.537651237700626,2.917855359622534
2018-03-15 00:00:00+00:00,-36.07555,-71.75805,162.0,open-meteo_ecmwf_ifs,daily,24.801,9.601,23.37,8.121833,3.5082865,67.43199,0.0,24.343873540159517,4.250668062546171
2018-03-16 00:00:00+00:00,-36.07555,-71.75805,162.0,open-meteo_ecmwf_ifs,daily,25.251,8.501,23.41,5.5843334,3.092706,56.262955,0.0,24.149269642430585,4.3106410597711555
2018-03-17 00:00:00+00:00,-36.07555,-71.75805,162.0,open-meteo_ecmwf_ifs,daily,16.801,13.051001,6.24,10.980168,5.162846,79.249275,26.100002,23.95390517725754,1.9909195349207383
2018-03-18 00:00:00+00:00,-36.07555,-71.75805,162.0,open-meteo_ecmwf_ifs,daily,20.101,7.451,22.54,7.5676684,3.2346547,73.949265,0.1,23.75784656199807,3.309480793369699
2018-03-19 00:00:00+00:00,-36.07555,-71.75805,162.0,open-meteo_ecmwf_ifs,daily,21.301,7.1010003,22.35,7.3780828,2.5904622,68.75024,0.0,23.561160955876115,3.305895040904784
2018-03-20 00:00:00+00:00,-36.07555,-71.75805,162.0,open-meteo_ecmwf_ifs,daily,24.751,8.601,22.47,9.511416,3.1904776,69.42103,0.0,23.36391621572624,3.7253856571209867
2018-03-21 00:00:00+00:00,-36.07555,-71.75805,162.0,open-meteo_ecmwf_ifs,daily,23.551,9.501,20.29,11.242668,2.027909,77.496956,0.0,23.166180850311783,3.101460316290952
2018-03-22 00:00:00+00:00,-36.07555,-71.75805,162.0,open-meteo_ecmwf_ifs,daily,23.301,12.151,13.47,9.240584,2.6493213,64.72165,1.6000001,22.968023973302923,3.09229911099471
2018-03-23 00:00:00+00:00,-36.07555,-71.75805,162.0,open-meteo_ecmwf_ifs,daily,21.351,14.601,12.46,12.788501,3.5966482,77.3105,2.7999995,22.769515255004226,2.7532387410518364
2018-03-24 00:00:00+00:00,-36.07555,-71.75805,162.0,open-meteo_ecmwf_ifs,daily,20.051,10.001,22.15,6.5739174,6.0679193,59.39685,0.0,22.57072487292476,4.1547010531167246
2018-03-25 00:00:00+00:00,-36.07555,-71.75805,162.0,open-meteo_ecmwf_ifs,daily,23.151001,6.2510004,21.7,6.5009995,4.3601027,65.893295,0.0,22.37172346128701,3.7273499844107336
2018-03-26 00:00:00+00:00,-36.07555,-71.75805,162.0,open-meteo_ecmwf_ifs,daily,22.851,9.601,20.17,8.5635,3.437404,66.12051,0.0,22.172582059573642,3.528074592037495
2018-03-27 00:00:00+00:00,-36.07555,-71.75805,162.0,open-meteo_ecmwf_ifs,daily,24.601,9.651,20.4,9.986417,3.3769028,71.68095,0.0,21.97337206021381,3.5457903204442824
2018-03-28 00:00:00+00:00,-36.07555,-71.75805,162.0,open-meteo_ecmwf_ifs,daily,26.901001,10.851,20.27,9.990584,4.0536647,65.329796,0.0,21.774165155512794,4.151193816141075
2018-03-29 00:00:00+00:00,-36.07555,-71.75805,162.0,open-meteo_ecmwf_ifs,daily,27.101,13.901,19.91,12.536418,5.326985,67.11524,0.0,21.575033283931017,4.481977982073178
2018-03-30 00:00:00+00:00,-36.07555,-71.75805,162.0,open-meteo_ecmwf_ifs,daily,25.901001,12.701,19.99,9.253084,6.9449687,55.434826,0.0,21.3760485758197,5.1377121636141245
2018-03-31 00:00:00+00:00,-36.07555,-71.75805,162.0,open-meteo_ecmwf_ifs,daily,23.051,13.951,12.86,11.955167,3.2870367,72.42497,0.0,21.177283298722234,2.934151874697055
2018-04-01 00:00:00+00:00,-36.07555,-71.75805,162.0,open-meteo_ecmwf_ifs,daily,24.151001,10.301001,17.34,10.215585,2.3397787,69.69909,0.0,20.978809802351034,2.984932863642132
2018-04-02 00:00:00+00:00,-36.07555,-71.75805,162.0,open-meteo_ecmwf_ifs,daily,26.101,11.301001,19.06,11.742667,1.5204934,71.8382,0.0,20.78070046335055,3.008258399084946
2018-04-03 00:00:00+00:00,-36.07555,-71.75805,162.0,open-meteo_ecmwf_ifs,daily,24.351,10.801001,16.42,11.405168,2.0995567,74.21787,0.0,20.5830276299574,2.7701007186361775
2018-04-04 00:00:00+00:00,-36.07555,-71.75805,162.0,open-meteo_ecmwf_ifs,daily,22.401001,10.901,10.29,11.853084,2.6032078,80.12365,1.4,20.385863566668853,2.1406315330185697
2018-04-05 00:00:00+00:00,-36.07555,-71.75805,162.0,open-meteo_ecmwf_ifs,daily,17.851,11.051001,8.03,6.751,5.9115868,65.38169,7.2,20.189280399030558,3.0109645781378283
2018-04-06 00:00:00+00:00,-36.07555,-71.75805,162.0,open-meteo_ecmwf_ifs,daily,16.601,5.651,14.7,4.35725,2.2830842,65.33577,0.4,19.993350058653956,2.2047539097299285
2018-04-07 00:00:00+00:00,-36.07555,-71.75805,162.0,open-meteo_ecmwf_ifs,daily,19.601,5.6010003,14.54,7.1364174,2.412111,75.45649,0.0,19.798144228573072,2.183191216429519
2018-04-08 00:00:00+00:00,-36.07555,-71.75805,162.0,open-meteo_ecmwf_ifs,daily,22.301,6.951,18.22,7.346834,1.8755227,67.994286,0.0,19.603734289049314,2.6082954339628523
2018-04-09 00:00:00+00:00,-36.07555,-71.75805,162.0,open-meteo_ecmwf_ifs,daily,21.551,9.051001,12.65,10.282251,3.8918507,79.24754,6.2,19.410191263931335,2.408735154327565
2018-04-10 00:00:00+00:00,-36.07555,-71.75805,162.0,open-meteo_ecmwf_ifs,daily,18.551,12.651,9.05,11.515583,5.924413,81.5821,13.400002,19.217585767675708,2.2246680262716287
2018-04-11 00:00:00+00:00,-36.07555,-71.75805,162.0,open-meteo_ecmwf_ifs,daily,14.301001,9.951,4.4,10.634335,4.6833797,85.30404,27.900003,19.02598795313194,0.9855045908082308
2018-04-12 00:00:00+00:00,-36.07555,-71.75805,162.0,open-meteo_ecmwf_ifs,daily,18.451,5.551,17.82,4.4239173,4.047099,68.853096,0.0,18.83546746019329,2.7958927737348467
2018-04-13 00:00:00+00:00,-36.07555,-71.75805,162.0,open-meteo_ecmwf_ifs,daily,17.901001,4.801,17.31,7.0780845,1.5064987,79.877556,0.0,18.646093365412458,1.9536513478363098
2018-04-14 00:00:00+00:00,-36.07555,-71.75805,162.0,open-meteo_ecmwf_ifs,daily,18.701,6.5010004,14.97,8.351,2.3620827,84.12853,0.0,18.457934132678428,1.9775360811984608
2018-04-15 00:00:00+00:00,-36.07555,-71.75805,162.0,open-meteo_ecmwf_ifs,daily,20.751,9.051001,15.26,10.336417,1.9023395,82.274284,0.0,18.271057565047805,2.112025388158662
2018-04-16 00:00:00+00:00,-36.07555,-71.75805,162.0,open-meteo_ecmwf_ifs,daily,20.501,10.951,11.8,12.073917,2.4646852,86.22803,0.2,18.085530757820937,1.8929413266699686
2018-04-17 00:00:00+00:00,-36.07555,-71.75805,162.0,open-meteo_ecmwf_ifs,daily,18.401001,9.401,15.45,9.178083,4.725042,74.795616,0.0,17.901420052949565,2.400186476990987
2018-04-18 00:00:00+00:00,-36.07555,-71.75805,162.0,open-meteo_ecmwf_ifs,daily,19.051,6.051,15.34,6.2614174,3.7487595,73.3556,0.0,17.71879099485927,2.4082284334473627
2018-04-19 00:00:00+00:00,-36.07555,-71.75805,162.0,open-meteo_ecmwf_ifs,daily,19.701,9.201,12.09,10.115583,1.9747564,83.99287,0.0,17.537708287766065,1.812760798503035
2018-04-20 00:00:00+00:00,-36.07555,-71.75805,162.0,open-meteo_ecmwf_ifs,daily,20.801,10.251,15.69,11.348918,2.833082,81.88499,0.0,17.358235754562568,2.1940605256014787
2018-04-21 00:00:00+00:00,-36.07555,-71.75805,162.0,open-meteo_ecmwf_ifs,daily,21.301,9.701,14.68,11.01975,2.7364686,84.14028,0.0,17.180436297344887,2.144525847727494
2018-04-22 00:00:00+00:00,-36.07555,-71.75805,162.0,open-meteo_ecmwf_ifs,daily,21.001,9.951,13.51,11.542667,2.6229897,84.89858,0.0,17.0043718596471,1.9694622176792882
2018-04-23 00:00:00+00:00,-36.07555,-71.75805,162.0,open-meteo_ecmwf_ifs,daily,17.751,7.2510004,13.48,6.973917,3.6565902,72.6451,0.0,16.830103390445597,2.125494041862279
2018-04-24 00:00:00+00:00,-36.07555,-71.75805,162.0,open-meteo_ecmwf_ifs,daily,15.501,5.6010003,12.25,6.4551673,2.134498,81.691086,0.0,16.65769080999082,1.5348922891957661
2018-04-25 00:00:00+00:00,-36.07555,-71.75805,162.0,open-meteo_ecmwf_ifs,daily,19.251,4.951,14.54,6.3989177,1.941429,79.68411,0.0,16.48719297751918,1.828855604820787
2018-04-26 00:00:00+00:00,-36.07555,-71.75805,162.0,open-meteo_ecmwf_ifs,daily,18.551,5.651,8.69,6.8489165,3.8724766,75.16563,12.299999,16.318667660892945,1.8579619164408023
2018-04-27 00:00:00+00:00,-36.07555,-71.75805,162.0,open-meteo_ecmwf_ifs,daily,15.901001,9.051001,11.66,8.665584,3.7913535,77.8387,14.700001,16.152171508210685,1.72748953369248
2018-04-28 00:00:00+00:00,-36.07555,-71.75805,162.0,open-meteo_ecmwf_ifs,daily,15.651,5.651,10.12,5.409334,2.390067,74.69428,0.0,15.987760021425702,1.5636236947523268
2018-04-29 00:00:00+00:00,-36.07555,-71.75805,162.0,open-meteo_ecmwf_ifs,daily,15.451,4.401,11.56,6.801001,1.4722823,85.95459,0.0,15.825487532004558,1.2551737353558807
2018-04-30 00:00:00+00:00,-36.07555,-71.75805,162.0,open-meteo_ecmwf_ifs,daily,17.751,5.7510004,12.88,7.9010005,2.1852405,86.50532,0.0,15.665407178652305,1.5317516707563374
2018-05-01 00:00:00+00:00,-36.07555,-71.75805,162.0,open-meteo_ecmwf_ifs,daily,18.801,8.751,13.47,9.853084,1.4489274,84.38273,0.6,15.507570887125565,1.5647042613318272
2018-05-02 00:00:00+00:00,-36.07555,-71.75805,162.0,open-meteo_ecmwf_ifs,daily,17.401001,10.651,10.25,10.161417,1.3800701,83.18934,0.0,15.352029352148971,1.3872958449547532
2018-05-03 00:00:00+00:00,-36.07555,-71.75805,162.0,open-meteo_ecmwf_ifs,daily,16.001,10.251,4.78,9.784335,3.159544,82.44577,0.1,15.198832021444753,1.2717629882172272
2018-05-04 00:00:00+00:00,-36.07555,-71.75805,162.0,open-meteo_ecmwf_ifs,daily,17.001,9.001,6.24,7.6635003,3.2690904,76.55513,1.3,15.048027081879638,1.6726876921977134
2018-05-05 00:00:00+00:00,-36.07555,-71.75805,162.0,open-meteo_ecmwf_ifs,daily,20.401001,8.801001,11.57,10.6135,1.9776777,89.43035,0.0,14.89966144772741,1.5483940057334982
2018-05-06 00:00:00+00:00,-36.07555,-71.75805,162.0,open-meteo_ecmwf_ifs,daily,18.551,10.351,7.5,10.815585,2.3835514,83.993095,0.0,14.753780751039573,1.3691383663820436
2018-05-07 00:00:00+00:00,-36.07555,-71.75805,162.0,open-meteo_ecmwf_ifs,daily,14.201,11.701,2.47,12.411416,1.3206372,96.42407,11.599999,14.610429334110822,0.6123718850795984
2018-05-08 00:00:00+00:00,-36.07555,-71.75805,162.0,open-meteo_ecmwf_ifs,daily,15.501,9.001,7.39,9.692666,1.7362479,90.48637,0.0,14.469650244020226,1.0541250764733863
2018-05-09 00:00:00+00:00,-36.07555,-71.75805,162.0,open-meteo_ecmwf_ifs,daily,15.451,7.201,9.69,8.6885,1.7079563,91.05071,0.0,14.331485229222977,1.1049487789563714
2018-05-10 00:00:00+00:00,-36.07555,-71.75805,162.0,open-meteo_ecmwf_ifs,daily,15.351,6.151,10.2,7.978084,1.1828743,89.381905,0.0,14.195974738161995,1.052187712910154
2018-05-11 00:00:00+00:00,-36.07555,-71.75805,162.0,open-meteo_ecmwf_ifs,daily,18.451,6.6010003,12.25,7.6385007,3.6498616,79.72085,0.0,14.06315791986258,1.7524970924031997
2018-05-12 00:00:00+00:00,-36.07555,-71.75805,162.0,open-meteo_ecmwf_ifs,daily,16.051,7.401,10.5,9.023916,1.5142087,90.10708,0.0,13.9330726264679,1.1058532509961463
2018-05-13 00:00:00+00:00,-36.07555,-71.75805,162.0,open-meteo_ecmwf_ifs,daily,16.801,8.251,6.46,9.013501,3.5708654,86.500145,11.1,13.805755417666933,1.327337738050651
2018-05-14 00:00:00+00:00,-36.07555,-71.75805,162.0,open-meteo_ecmwf_ifs,daily,14.701,8.951,7.81,9.209333,1.6198865,86.17382,7.299999,13.681241566961397,0.9994630911387025
2018-05-15 00:00:00+00:00,-36.07555,-71.75805,162.0,open-meteo_ecmwf_ifs,daily,11.651,6.0010004,4.16,5.2989173,2.9036386,80.97243,0.0,13.559565069712148,1.039272429667884
2018-05-16 00:00:00+00:00,-36.07555,-71.75805,162.0,open-meteo_ecmwf_ifs,daily,11.101,6.8510003,2.57,6.5447507,1.7311829,85.63676,2.1,13.440758652900527,0.745022837692315
2018-05-17 00:00:00+00:00,-36.07555,-71.75805,162.0,open-meteo_ecmwf_ifs,daily,16.051,7.1010003,8.96,7.9051666,1.112156,82.185776,6.6999993,13.324853786534561,1.0070545444773835
2018-05-18 00:00:00+00:00,-36.07555,-71.75805,162.0,open-meteo_ecmwf_ifs,daily,15.801001,6.5010004,10.47,8.103084,3.3346255,87.02146,1.0,13.211880696624863,1.220223370422707
2018-05-19 00:00:00+00:00,-36.07555,-71.75805,162.0,open-meteo_ecmwf_ifs,daily,17.101,3.951,11.35,5.89475,3.2797186,80.29921,0.0,13.101868379650254,1.4267704461852238
2018-05-20 00:00:00+00:00,-36.07555,-71.75805,162.0,open-meteo_ecmwf_ifs,daily,15.201,5.1010003,5.51,7.703083,2.7458107,88.93038,0.0,12.994844618428031,0.9140685616468833
2018-05-21 00:00:00+00:00,-36.07555,-71.75805,162.0,open-meteo_ecmwf_ifs,daily,12.801001,3.351,11.21,4.7426667,3.631819,82.77225,0.0,12.890835999299556,1.128692811467627
2018-05-22 00:00:00+00:00,-36.07555,-71.75805,162.0,open-meteo_ecmwf_ifs,daily,13.801001,-0.048999995,11.91,2.8260005,2.6194313,83.81489,0.0,12.789867930537339,1.0653644466354855
2018-05-23 00:00:00+00:00,-36.07555,-71.75805,162.0,open-meteo_ecmwf_ifs,daily,12.751,3.001,9.22,4.6135,1.4006711,90.10377,0.0,12.69196466187576,0.8451231427652427
2018-05-24 00:00:00+00:00,-36.07555,-71.75805,162.0,open-meteo_ecmwf_ifs,daily,16.351,2.751,10.7,5.2135,1.5710868,85.40005,0.0,12.597149305063722,1.01136458481749
2018-05-25 00:00:00+00:00,-36.07555,-71.75805,162.0,open-meteo_ecmwf_ifs,daily,14.601,3.0509999,8.89,6.03225,1.1111842,90.723755,0.0,12.50544385533427,0.7903896048071533
2018-05-26 00:00:00+00:00,-36.07555,-71.75805,162.0,open-meteo_ecmwf_ifs,daily,10.751,5.701,1.4,6.967667,3.1402133,94.88804,11.299999,12.416869213682778,0.5904789187590739
2018-05-27 00:00:00+00:00,-36.07555,-71.75805,162.0,open-meteo_ecmwf_ifs,daily,13.751,7.3510003,4.82,8.586418,1.678245,89.80515,0.0,12.331445209842643,0.7395326768932419
2018-05-28 00:00:00+00:00,-36.07555,-71.75805,162.0,open-meteo_ecmwf_ifs,daily,11.801001,9.551001,1.33,9.248919,3.2544088,91.513374,16.1,12.249190625845157,0.6698857227468973
2018-05-29 00:00:00+00:00,-36.07555,-71.75805,162.0,open-meteo_ecmwf_ifs,daily,13.051001,8.351,3.51,8.498918,5.454909,81.53789,20.500002,12.170123220047914,0.9756524838186786
2018-05-30 00:00:00+00:00,-36.07555,-71.75805,162.0,open-meteo_ecmwf_ifs,daily,12.451,3.701,10.86,4.5989165,3.2916205,84.231346,0.0,12.094259751514848,1.0416415745850909
2018-05-31 00:00:00+00:00,-36.07555,-71.75805,162.0,open-meteo_ecmwf_ifs,daily,13.251,2.601,10.23,3.3864172,3.5937455,82.20387,0.0,12.021616004629552,1.2077462679887394
2018-06-01 00:00:00+00:00,-36.07555,-71.75805,162.0,open-meteo_ecmwf_ifs,daily,10.551001,-1.099,11.15,-1.0614997,2.6017814,65.135414,0.0,11.95220681382314,1.0487641284225855
2018-06-02 00:00:00+00:00,-36.07555,-71.75805,162.0,open-meteo_ecmwf_ifs,daily,12.251,-1.699,10.98,-0.2719166,1.4265857,76.08903,0.0,11.88604608829744,0.8193498064090164
2018-06-03 00:00:00+00:00,-36.07555,-71.75805,162.0,open-meteo_ecmwf_ifs,daily,11.401,-0.048999995,8.88,2.3405833,2.544283,81.99337,0.4,11.823146836624794,0.823394817269522
2018-06-04 00:00:00+00:00,-36.07555,-71.75805,162.0,open-meteo_ecmwf_ifs,daily,10.001,-0.249,7.11,1.1426667,2.3338325,83.54139,0.1,11.763521191106538,0.8083250240594575
2018-06-05 00:00:00+00:00,-36.07555,-71.75805,162.0,open-meteo_ecmwf_ifs,daily,4.3510003,-1.699,1.38,0.65725,1.7310792,96.0422,9.2,11.707180431773345,0.37464702373760583
2018-06-06 00:00:00+00:00,-36.07555,-71.75805,162.0,open-meteo_ecmwf_ifs,daily,12.101,3.9009998,10.79,3.7551668,4.2702165,80.61669,1.9000001,11.654135009912755,1.2126183952322611
2018-06-07 00:00:00+00:00,-36.07555,-71.75805,162.0,open-meteo_ecmwf_ifs,daily,11.301001,-3.349,10.21,0.9364166,2.2280462,81.03993,0.0,11.604394571011357,0.6922864332047434
2018-06-08 00:00:00+00:00,-36.07555,-71.75805,162.0,open-meteo_ecmwf_ifs,daily,10.351,5.651,2.12,5.0072503,1.7477169,83.28111,9.1,11.557967977002177,0.7333902532200416
2018-06-09 00:00:00+00:00,-36.07555,-71.75805,162.0,open-meteo_ecmwf_ifs,daily,12.451,7.401,1.55,8.628083,6.05764,90.74511,24.999998,11.514863327711032,0.6860178809891857
2018-06-10 00:00:00+00:00,-36.07555,-71.75805,162.0,open-meteo_ecmwf_ifs,daily,9.301001,5.201,2.19,6.1364174,5.21998,90.88859,19.2,11.475087981399868,0.5665050927849724
2018-06-11 00:00:00+00:00,-36.07555,-71.75805,162.0,open-meteo_ecmwf_ifs,daily,6.801,3.601,2.8,3.475999,3.9319565,89.20774,3.3999999,11.438648574309193,0.6231517768627817
2018-06-12 00:00:00+00:00,-36.07555,-71.75805,162.0,open-meteo_ecmwf_ifs,daily,10.701,-0.199,9.63,1.8155833,1.7363168,81.88706,2.5999997,11.405551039107118,0.6930578562995146
2018-06-13 00:00:00+00:00,-36.07555,-71.75805,162.0,open-meteo_ecmwf_ifs,daily,10.901,-2.099,10.52,-0.11775002,3.1293287,74.71639,0.0,11.375800622157493,0.928740960973894
2018-06-14 00:00:00+00:00,-36.07555,-71.75805,162.0,open-meteo_ecmwf_ifs,daily,8.651,-5.199,10.05,-0.65733325,1.448593,84.378555,0.0,11.349401899525892,0.5016211230090026
2018-06-15 00:00:00+00:00,-36.07555,-71.75805,162.0,open-meteo_ecmwf_ifs,daily,13.651,0.951,6.6,2.1530836,2.1967604,77.30236,0.0,11.32635879164836,0.9759269916541096
2018-06-16 00:00:00+00:00,-36.07555,-71.75805,162.0,open-meteo_ecmwf_ifs,daily,16.801,3.3009999,9.84,7.1801667,2.9553845,90.650536,0.0,11.306674576594556,0.9146944749916281
2018-06-17 00:00:00+00:00,-36.07555,-71.75805,162.0,open-meteo_ecmwf_ifs,daily,17.351,3.501,9.78,8.571834,2.3712626,91.84121,0.0,11.290351901864103,0.7455996542305406
2018-06-18 00:00:00+00:00,-36.07555,-71.75805,162.0,open-meteo_ecmwf_ifs,daily,14.951,5.5010004,8.45,8.834334,1.962831,93.47605,0.0,11.277392794662271,0.6558419216105132
2018-06-19 00:00:00+00:00,-36.07555,-71.75805,162.0,open-meteo_ecmwf_ifs,daily,14.401,7.7510004,6.03,8.788501,2.0803494,94.724754,0.0,11.267798670609043,0.7718524400535801
2018-06-20 00:00:00+00:00,-36.07555,-71.75805,162.0,open-meteo_ecmwf_ifs,daily,12.651,6.6010003,7.35,7.178083,2.5141625,90.695526,0.0,11.261570340843303,0.7917667463396406
2018-06-21 00:00:00+00:00,-36.07555,-71.75805,162.0,open-meteo_ecmwf_ifs,daily,13.151,2.451,10.05,3.228083,4.5194116,78.952156,0.0,11.258708017492333,1.2455518620021857
2018-06-22 00:00:00+00:00,-36.07555,-71.75805,162.0,open-meteo_ecmwf_ifs,daily,12.501,1.2509999,10.05,3.7760003,3.4617417,82.194984,0.0,11.259211317484986,0.8677851322260772
2018-06-23 00:00:00+00:00,-36.07555,-71.75805,162.0,open-meteo_ecmwf_ifs,daily,13.851,4.051,9.82,5.084334,3.7256224,86.025024,0.0,11.263079264695396,1.0962200191825577
2018-06-24 00:00:00+00:00,-36.07555,-71.75805,162.0,open-meteo_ecmwf_ifs,daily,10.901,-2.199,9.51,0.83849996,2.879505,79.08142,0.0,11.270310290412631,0.7811378103341873
2018-06-25 00:00:00+00:00,-36.07555,-71.75805,162.0,open-meteo_ecmwf_ifs,daily,13.101,0.051,9.66,1.6155833,2.0452373,74.1358,0.0,11.280902232140207,0.8833980200610412
2018-06-26 00:00:00+00:00,-36.07555,-71.75805,162.0,open-meteo_ecmwf_ifs,daily,9.901,7.151,0.64,6.9364166,2.9613106,90.9544,22.400002,11.294852330737816,0.6308276265068937
2018-06-27 00:00:00+00:00,-36.07555,-71.75805,162.0,open-meteo_ecmwf_ifs,daily,12.951,9.351,1.88,9.755168,3.0804803,94.923035,11.9000025,11.312157225926171,0.6596027617795
2018-06-28 00:00:00+00:00,-36.07555,-71.75805,162.0,open-meteo_ecmwf_ifs,daily,9.651,7.451,1.54,7.9322515,2.1917064,96.72525,1.8000001,11.332812950183955,0.46719466017645106
2018-06-29 00:00:00+00:00,-36.07555,-71.75805,162.0,open-meteo_ecmwf_ifs,daily,14.151,6.951,5.3,8.257252,2.0431564,90.26023,2.3000002,11.356814921074179,0.7558577766134054
2018-06-30 00:00:00+00:00,-36.07555,-71.75805,162.0,open-meteo_ecmwf_ifs,daily,12.301001,5.6010003,5.21,7.917667,1.19614,93.258095,0.3,11.384157932044886,0.5495854722720536
2018-07-01 00:00:00+00:00,-36.07555,-71.75805,162.0,open-meteo_ecmwf_ifs,daily,13.101,6.3510003,2.88,7.1280837,2.6721528,88.6934,2.5,11.414836141756966,0.8186121994624532
2018-07-02 00:00:00+00:00,-36.07555,-71.75805,162.0,open-meteo_ecmwf_ifs,daily,16.801,9.001,6.45,8.176001,2.8352776,81.84995,20.1,11.448843061998936,1.282560839248683
2018-07-03 00:00:00+00:00,-36.07555,-71.75805,162.0,open-meteo_ecmwf_ifs,daily,14.101,6.451,4.37,8.201,3.6303632,89.21927,3.8,11.486171544255617,0.8238675306344335
2018-07-04 00:00:00+00:00,-36.07555,-71.75805,162.0,open-meteo_ecmwf_ifs,daily,12.351,10.301001,1.9,8.748918,7.104442,83.83857,22.3,11.526813765004155,1.1585933382412257
2018-07-05 00:00:00+00:00,-36.07555,-71.75805,162.0,open-meteo_ecmwf_ifs,daily,13.801001,10.101,2.02,7.948918,7.4942393,81.434654,16.800001,11.570761209816999,1.6558383526003984
2018-07-06 00:00:00+00:00,-36.07555,-71.75805,162.0,open-meteo_ecmwf_ifs,daily,12.601,9.001,4.11,7.592667,5.9236374,83.06028,21.800001,11.618004656357021,1.2594488315071966
2018-07-07 00:00:00+00:00,-36.07555,-71.75805,162.0,open-meteo_ecmwf_ifs,daily,14.501,8.851,6.64,7.4426656,3.8954592,79.63883,6.1000004,11.668534156355456,1.3382887901938265
2018-07-08 00:00:00+00:00,-36.07555,-71.75805,162.0,open-meteo_ecmwf_ifs,daily,15.951,3.401,11.07,4.6635003,3.6233947,75.91674,0.0,11.722339016667867,1.3385009525379077
2018-07-09 00:00:00+00:00,-36.07555,-71.75805,162.0,open-meteo_ecmwf_ifs,daily,12.901,0.051,10.61,2.3551667,1.272708,81.73156,0.0,11.77940777950765,0.7452171505495077
2018-07-10 00:00:00+00:00,-36.07555,-71.75805,162.0,open-meteo_ecmwf_ifs,daily,10.501,2.151,4.5,4.7218328,2.1452973,92.551384,0.1,11.839728201960423,0.595305748239268
2018-07-11 00:00:00+00:00,-36.07555,-71.75805,162.0,open-meteo_ecmwf_ifs,daily,12.951,2.701,10.32,5.451,1.6605381,88.1864,0.0,11.903287234885772,0.7392523321502622
2018-07-12 00:00:00+00:00,-36.07555,-71.75805,162.0,open-meteo_ecmwf_ifs,daily,13.901,4.551,5.95,6.871834,2.3882167,92.160286,0.0,11.970071001315455,0.7977745822960125
2018-07-13 00:00:00+00:00,-36.07555,-71.75805,162.0,open-meteo_ecmwf_ifs,daily,16.601,8.351,8.29,9.8385,2.2122052,91.43494,1.5000001,12.04006477445958,0.9646431753449158
2018-07-14 00:00:00+00:00,-36.07555,-71.75805,162.0,open-meteo_ecmwf_ifs,daily,12.101,9.601,2.91,9.598916,1.7497792,92.08362,3.1,12.113252955433603,0.6215293372751209
2018-07-15 00:00:00+00:00,-36.07555,-71.75805,162.0,open-meteo_ecmwf_ifs,daily,12.851,2.901,10.32,5.1405835,2.8350952,81.37066,0.0,12.189619050820331,0.8979488280806317
2018-07-16 00:00:00+00:00,-36.07555,-71.75805,162.0,open-meteo_ecmwf_ifs,daily,11.601,2.601,11.46,4.18225,4.25843,83.43162,0.0,12.26914565018171,1.00743282249616
2018-07-17 00:00:00+00:00,-36.07555,-71.75805,162.0,open-meteo_ecmwf_ifs,daily,9.751,3.401,7.43,2.3780832,2.7876236,80.74934,0.0,12.351814403635155,1.015066915963657
2018-07-18 00:00:00+00:00,-36.07555,-71.75805,162.0,open-meteo_ecmwf_ifs,daily,9.151,-1.199,11.27,0.5155834,2.056537,82.73565,0.0,12.437605999609026,0.799786872733744
2018-07-19 00:00:00+00:00,-36.07555,-71.75805,162.0,open-meteo_ecmwf_ifs,daily,9.701,-3.6990001,11.38,-1.0760834,1.939674,82.320015,0.0,12.526500142890944,0.8097092880526652
2018-07-20 00:00:00+00:00,-36.07555,-71.75805,162.0,open-meteo_ecmwf_ifs,daily,11.201,-2.9490001,11.75,-0.83441657,1.5053543,79.93752,0.0,12.61847553308122,0.8523072965246882
2018-07-21 00:00:00+00:00,-36.07555,-71.75805,162.0,open-meteo_ecmwf_ifs,daily,9.701,2.0509999,5.5,2.0864165,2.6316216,83.15337,2.5,12.713509843562333,0.925835466135655
2018-07-22 00:00:00+00:00,-36.07555,-71.75805,162.0,open-meteo_ecmwf_ifs,daily,10.851,0.401,10.93,2.3885,2.3992977,85.165245,2.1,12.81157970109291,0.9003969190750462
2018-07-23 00:00:00+00:00,-36.07555,-71.75805,162.0,open-meteo_ecmwf_ifs,daily,14.451,-1.149,12.48,-1.7781663,4.2449794,60.599503,0.0,12.912660666132476,1.828242627275853
2018-07-24 00:00:00+00:00,-36.07555,-71.75805,162.0,open-meteo_ecmwf_ifs,daily,12.251,-2.149,11.52,0.40725005,1.6649934,80.03835,0.0,13.016727214000207,0.9314129859030019
2018-07-25 00:00:00+00:00,-36.07555,-71.75805,162.0,open-meteo_ecmwf_ifs,daily,11.551001,-1.649,10.05,1.5968332,1.1407508,91.072365,0.0,13.123752716967932,0.7777289035062229
2018-07-26 00:00:00+00:00,-36.07555,-71.75805,162.0,open-meteo_ecmwf_ifs,daily,9.301001,1.351,7.95,3.2322502,1.382142,93.16669,0.0,13.233709427383982,0.7078518664758283
2018-07-27 00:00:00+00:00,-36.07555,-71.75805,162.0,open-meteo_ecmwf_ifs,daily,9.301001,1.8009999,3.29,3.5676668,3.0589905,90.642235,0.6,13.346568461920898,0.6946436740801742
2018-07-28 00:00:00+00:00,-36.07555,-71.75805,162.0,open-meteo_ecmwf_ifs,daily,12.101,1.951,11.01,3.6322498,1.3776256,84.557625,0.0,13.462299787035775,0.9251753029707667
2018-07-29 00:00:00+00:00,-36.07555,-71.75805,162.0,open-meteo_ecmwf_ifs,daily,12.101,1.901,11.16,3.3635004,1.5561758,87.67936,0.0,13.580872205728074,0.9747901014396526
2018-07-30 00:00:00+00:00,-36.07555,-71.75805,162.0,open-meteo_ecmwf_ifs,daily,13.601,2.851,12.97,3.478083,4.406564,80.08457,0.0,13.702253345674864,1.5319396484690524
2018-07-31 00:00:00+00:00,-36.07555,-71.75805,162.0,open-meteo_ecmwf_ifs,daily,11.451,-1.7490001,13.1,1.4030833,2.673335,81.97647,0.0,13.826409648819219,1.0346071694342438
2018-08-01 00:00:00+00:00,-36.07555,-71.75805,162.0,open-meteo_ecmwf_ifs,daily,9.801001,0.25100002,11.69,2.3239167,1.6968781,89.28742,0.0,13.953306362482394,0.8921615136869004
2018-08-02 00:00:00+00:00,-36.07555,-71.75805,162.0,open-meteo_ecmwf_ifs,daily,9.651,-0.99899995,6.93,2.4176667,2.3096979,91.94083,1.1,14.082907532065407,0.7222273382712194
2018-08-03 00:00:00+00:00,-36.07555,-71.75805,162.0,open-meteo_ecmwf_ifs,daily,12.951,5.951,11.15,5.073917,3.6290324,80.485176,7.9,14.215175995400918,1.46880098644632
2018-08-04 00:00:00+00:00,-36.07555,-71.75805,162.0,open-meteo_ecmwf_ifs,daily,12.051001,2.851,6.96,3.5155833,3.3430288,80.468765,0.0,14.350073378810446,1.1813713490541586
2018-08-05 00:00:00+00:00,-36.07555,-71.75805,162.0,open-meteo_ecmwf_ifs,daily,10.451,5.451,2.6,6.8468337,1.2356269,94.30865,0.8000001,14.487560094917503,0.5910804846045917
2018-08-06 00:00:00+00:00,-36.07555,-71.75805,162.0,open-meteo_ecmwf_ifs,daily,10.901,5.151,1.93,7.1572495,2.8117456,94.00992,3.2,14.627595342261005,0.5536645629876837
2018-08-07 00:00:00+00:00,-36.07555,-71.75805,162.0,open-meteo_ecmwf_ifs,daily,12.601,5.1010003,11.34,5.626,2.754372,81.50955,13.300003,14.77013710674848,1.2359463539126962
2018-08-08 00:00:00+00:00,-36.07555,-71.75805,162.0,open-meteo_ecmwf_ifs,daily,18.201,0.50100005,14.04,2.0926669,3.2718782,70.25937,0.0,14.91514216498304,1.905641043137387
2018-08-09 00:00:00+00:00,-36.07555,-71.75805,162.0,open-meteo_ecmwf_ifs,daily,15.301001,1.7509999,11.44,3.5676663,1.8810916,78.70555,0.0,15.062566089492254,1.3182990848354645
2018-08-10 00:00:00+00:00,-36.07555,-71.75805,162.0,open-meteo_ecmwf_ifs,daily,15.301001,0.85099995,12.31,4.686417,2.2436788,85.33208,0.0,15.212363255882018,1.2386799644822322
2018-08-11 00:00:00+00:00,-36.07555,-71.75805,162.0,open-meteo_ecmwf_ifs,daily,13.351,3.701,7.98,6.90725,0.88540053,91.327065,0.0,15.364486851932718,0.8848993670976384
2018-08-12 00:00:00+00:00,-36.07555,-71.75805,162.0,open-meteo_ecmwf_ifs,daily,15.301001,2.701,13.72,5.8280835,1.5089812,87.14849,0.1,15.518888888649574,1.2823176795121922
2018-08-13 00:00:00+00:00,-36.07555,-71.75805,162.0,open-meteo_ecmwf_ifs,daily,11.951,7.1010003,9.62,7.1322513,2.7473488,87.7523,9.500001,15.675520213273591,1.1522470237931743
2018-08-14 00:00:00+00:00,-36.07555,-71.75805,162.0,open-meteo_ecmwf_ifs,daily,15.801001,4.5010004,13.86,2.148917,5.259611,64.71967,0.0,15.834330524254199,2.5237194400770906
2018-08-15 00:00:00+00:00,-36.07555,-71.75805,162.0,open-meteo_ecmwf_ifs,daily,17.101,1.901,14.89,4.3989177,2.633632,76.37393,0.0,15.995268388179062,1.694745542950685
2018-08-16 00:00:00+00:00,-36.07555,-71.75805,162.0,open-meteo_ecmwf_ifs,daily,14.351,3.201,12.27,4.9676666,2.197707,82.93427,0.0,16.158281258651435,1.3828819694453132
2018-08-17 00:00:00+00:00,-36.07555,-71.75805,162.0,open-meteo_ecmwf_ifs,daily,10.901,4.8510003,2.37,6.3280835,1.5547777,90.35142,4.2999997,16.323315497100086,0.6598446728902635
2018-08-18 00:00:00+00:00,-36.07555,-71.75805,162.0,open-meteo_ecmwf_ifs,daily,12.001,3.351,16.08,3.128083,6.5599093,74.24754,0.0,16.490316395501566,1.8959696535525021
2018-08-19 00:00:00+00:00,-36.07555,-71.75805,162.0,open-meteo_ecmwf_ifs,daily,18.601,2.151,16.48,-0.8823332,6.457357,53.863815,0.0,16.65922820098957,3.398983383416913
2018-08-20 00:00:00+00:00,-36.07555,-71.75805,162.0,open-meteo_ecmwf_ifs,daily,16.951,-1.449,16.5,-0.96149987,2.4252014,56.252655,0.0,16.829994142321056,1.9781306403339656
2018-08-21 00:00:00+00:00,-36.07555,-71.75805,162.0,open-meteo_ecmwf_ifs,daily,15.001,1.151,13.76,5.3926673,1.2897549,88.735634,0.0,17.00255645816395,1.3178438656744191
2018-08-22 00:00:00+00:00,-36.07555,-71.75805,162.0,open-meteo_ecmwf_ifs,daily,10.601,4.051,2.2,5.6218333,4.02233,91.700584,7.2,17.176856427166303,0.7494555513676369
2018-08-23 00:00:00+00:00,-36.07555,-71.75805,162.0,open-meteo_ecmwf_ifs,daily,8.051001,4.6010003,5.42,5.0801673,5.111719,92.36819,22.700003,17.352834399762216,0.7561281239447778
2018-08-24 00:00:00+00:00,-36.07555,-71.75805,162.0,open-meteo_ecmwf_ifs,daily,11.801001,-0.349,16.41,1.7364168,3.6009738,80.76895,0.2,17.530429831665227,1.5755389928455457
2018-08-25 00:00:00+00:00,-36.07555,-71.75805,162.0,open-meteo_ecmwf_ifs,daily,16.651001,3.851,16.33,2.8905833,6.568296,67.0978,0.0,17.709581318995312,2.806044673171263
2018-08-26 00:00:00+00:00,-36.07555,-71.75805,162.0,open-meteo_ecmwf_ifs,daily,20.701,7.151,15.22,7.8114166,5.693463,75.6799,0.0,17.890226634981417,2.8034350945516624
2018-08-27 00:00:00+00:00,-36.07555,-71.75805,162.0,open-meteo_ecmwf_ifs,daily,14.301001,7.1010003,10.38,8.863501,1.5281553,91.904816,0.1,18.072302768177465,1.2672594674604902
2018-08-28 00:00:00+00:00,-36.07555,-71.75805,162.0,open-meteo_ecmwf_ifs,daily,13.751,6.1010003,11.51,7.3614163,2.5573404,91.04975,0.0,18.255745962125253,1.413553558347636
2018-08-29 00:00:00+00:00,-36.07555,-71.75805,162.0,open-meteo_ecmwf_ifs,daily,11.451,6.551,3.46,6.9260006,3.1572962,89.77175,1.7000003,18.44049175639456,0.9086416902910734
2018-08-30 00:00:00+00:00,-36.07555,-71.75805,162.0,open-meteo_ecmwf_ifs,daily,13.301001,6.8510003,7.48,7.984333,1.5152532,89.936615,2.2000003,18.626475028926293,1.1080166033827548
2018-08-31 00:00:00+00:00,-36.07555,-71.75805,162.0,open-meteo_ecmwf_ifs,daily,14.451,6.451,10.06,7.4135,1.6829244,85.390656,1.6,18.813630039601797,1.3893720736039663
2018-09-01 00:00:00+00:00,-36.07555,-71.75805,162.0,open-meteo_ecmwf_ifs,daily,15.101,4.2510004,15.09,6.9114165,1.9906396,88.35847,1.1,19.00189047495753,1.6494728920036101
2018-09-02 00:00:00+00:00,-36.07555,-71.75805,162.0,open-meteo_ecmwf_ifs,daily,16.101,5.451,16.93,6.5843334,3.6701357,83.432335,0.0,19.191189493961588,2.110847647105486
2018-09-03 00:00:00+00:00,-36.07555,-71.75805,162.0,open-meteo_ecmwf_ifs,daily,20.901001,7.151,18.57,8.709333,5.3417854,77.31781,0.0,19.381459774765457,2.8627189927254477
2018-09-04 00:00:00+00:00,-36.07555,-71.75805,162.0,open-meteo_ecmwf_ifs,daily,20.751,6.151,19.13,9.159334,3.6401997,78.03087,0.0,19.57263356234178,2.503521068142397
2018-09-05 00:00:00+00:00,-36.07555,-71.75805,162.0,open-meteo_ecmwf_ifs,daily,14.801001,7.7510004,9.57,8.571835,3.3018723,83.553825,0.8,19.764642716916505,1.4902982504264244
2018-09-06 00:00:00+00:00,-36.07555,-71.75805,162.0,open-meteo_ecmwf_ifs,daily,15.251,6.401,18.28,6.636417,4.7931566,77.97277,0.0,19.957418763101316,2.2986875654269614
2018-09-07 00:00:00+00:00,-36.07555,-71.75805,162.0,open-meteo_ecmwf_ifs,daily,15.551001,1.8510001,19.71,2.961417,4.323922,70.16489,0.0,20.150892939630538,2.4167557016998433
2018-09-08 00:00:00+00:00,-36.07555,-71.75805,162.0,open-meteo_ecmwf_ifs,daily,16.201,3.351,19.2,4.428083,3.7579873,75.01205,0.0,20.344996249604733,2.3999571410364684
2018-09-09 00:00:00+00:00,-36.07555,-71.75805,162.0,open-meteo_ecmwf_ifs,daily,16.901001,5.201,16.35,7.1905837,1.7119061,86.60255,0.0,20.539659511141743,2.003638671256483
2018-09-10 00:00:00+00:00,-36.07555,-71.75805,162.0,open-meteo_ecmwf_ifs,daily,20.501,4.951,19.87,8.194751,2.9859846,82.53973,0.0,20.73481340833476,2.555230953497623
2018-09-11 00:00:00+00:00,-36.07555,-71.75805,162.0,open-meteo_ecmwf_ifs,daily,18.201,6.5010004,18.06,7.1176667,4.099089,74.536804,0.0,20.93038854241589,2.6292903787514694
2018-09-12 00:00:00+00:00,-36.07555,-71.75805,162.0,open-meteo_ecmwf_ifs,daily,17.101,6.551,18.52,7.123918,4.678321,77.0542,0.0,21.12631548302286,2.5668245642733023
2018-09-13 00:00:00+00:00,-36.07555,-71.75805,162.0,open-meteo_ecmwf_ifs,daily,15.151,3.8009999,17.72,5.801,2.3335135,78.780945,0.0,21.322524819466494,2.0468776794201773
2018-09-14 00:00:00+00:00,-36.07555,-71.75805,162.0,open-meteo_ecmwf_ifs,daily,14.551001,5.401,11.12,7.6530833,1.4559035,90.03772,0.0,21.518947211895632,1.4792348018664097
2018-09-15 00:00:00+00:00,-36.07555,-71.75805,162.0,open-meteo_ecmwf_ifs,daily,16.251,7.301,11.2,8.371835,2.268673,83.45206,0.2,21.715513442257098,1.7412025608268862
2018-09-16 00:00:00+00:00,-36.07555,-71.75805,162.0,open-meteo_ecmwf_ifs,daily,16.351,7.6010003,11.16,7.821834,2.5233517,79.68139,1.6999999,21.912154464948085,1.8773211801409784
2018-09-17 00:00:00+00:00,-36.07555,-71.75805,162.0,open-meteo_ecmwf_ifs,daily,12.451,8.601,3.59,8.682252,2.6763756,90.149284,22.9,22.108801457059048,0.9469210729183929
2018-09-18 00:00:00+00:00,-36.07555,-71.75805,162.0,open-meteo_ecmwf_ifs,daily,12.951,8.151,12.59,8.434334,4.4452014,85.93195,55.499996,22.305385868106683,1.623401699442376
2018-09-19 00:00:00+00:00,-36.07555,-71.75805,162.0,open-meteo_ecmwf_ifs,daily,13.651,6.3510003,10.26,7.196834,2.4211133,83.86002,9.4,22.501839469156753,1.5347321487305121
2018-09-20 00:00:00+00:00,-36.07555,-71.75805,162.0,open-meteo_ecmwf_ifs,daily,11.151,7.401,2.79,7.5114174,3.007129,88.097984,7.6000004,22.698094401239178,0.860249821466459
2018-09-21 00:00:00+00:00,-36.07555,-71.75805,162.0,open-meteo_ecmwf_ifs,daily,21.651001,10.401,20.06,9.942668,2.9666052,78.15394,0.70000005,22.894083222958763,3.2487478007796726
2018-09-22 00:00:00+00:00,-36.07555,-71.75805,162.0,open-meteo_ecmwf_ifs,daily,16.401001,10.551001,11.84,9.021832,4.400456,80.89007,13.700002,23.089738957207196,2.3105438465683465
2018-09-23 00:00:00+00:00,-36.07555,-71.75805,162.0,open-meteo_ecmwf_ifs,daily,15.951,6.8510003,17.82,7.0801673,1.7893537,80.71157,2.0,23.284995136884657,2.3478520885357366
2018-09-24 00:00:00+00:00,-36.07555,-71.75805,162.0,open-meteo_ecmwf_ifs,daily,17.351,6.7510004,20.54,5.842667,4.8693013,70.66561,0.0,23.479785849541383,3.1373728876613183
2018-09-25 00:00:00+00:00,-36.07555,-71.75805,162.0,open-meteo_ecmwf_ifs,daily,17.051,7.451,13.69,5.873917,4.154363,70.73205,0.0,23.674045780852957,2.683796394337719
2018-09-26 00:00:00+00:00,-36.07555,-71.75805,162.0,open-meteo_ecmwf_ifs,daily,19.001,7.551,11.48,7.128084,2.678478,71.71788,0.8,23.867710256845903,2.340116352329159
2018-09-27 00:00:00+00:00,-36.07555,-71.75805,162.0,open-meteo_ecmwf_ifs,daily,16.501,9.251,5.79,8.301001,4.0093007,78.54026,6.0999994,24.06071528479366,1.850750282641968
2018-09-28 00:00:00+00:00,-36.07555,-71.75805,162.0,open-meteo_ecmwf_ifs,daily,13.551001,9.251,4.79,9.084334,5.4837756,87.86442,23.8,24.252997592706706,1.2881608501568924
2018-09-29 00:00:00+00:00,-36.07555,-71.75805,162.0,open-meteo_ecmwf_ifs,daily,15.151,7.851,14.54,8.59475,4.6691213,85.77598,13.399999,24.444494667344415,2.0600572590469355
2018-09-30 00:00:00+00:00,-36.07555,-71.75805,162.0,open-meteo_ecmwf_ifs,daily,11.401,7.551,8.67,5.1697497,2.8658674,78.170784,2.0,24.63514479068026,1.6872821340966948
2018-10-01 00:00:00+00:00,-36.07555,-71.75805,162.0,open-meteo_ecmwf_ifs,daily,13.451,1.051,24.8,-0.080250084,5.795744,60.857204,0.0,24.824887074756717,3.1003383623255605
2018-10-02 00:00:00+00:00,-36.07555,-71.75805,162.0,open-meteo_ecmwf_ifs,daily,15.601,3.351,24.29,2.4780836,5.530718,64.386894,0.0,25.013661494869872,3.3042623541929577
2018-10-03 00:00:00+00:00,-36.07555,-71.75805,162.0,open-meteo_ecmwf_ifs,daily,17.401001,3.0509999,24.93,4.230167,5.895265,69.15003,0.0,25.20140892102965,3.2819009232195206
2018-10-04 00:00:00+00:00,-36.07555,-71.75805,162.0,open-meteo_ecmwf_ifs,daily,20.801,3.701,21.1,6.184334,3.4668512,71.67505,0.0,25.38807114764536,3.1344867821751734
2018-10-05 00:00:00+00:00,-36.07555,-71.75805,162.0,open-meteo_ecmwf_ifs,daily,18.101,7.451,20.28,9.501,2.7456458,82.395744,0.1,25.57359092139206,2.7012502019961087
2018-10-06 00:00:00+00:00,-36.07555,-71.75805,162.0,open-meteo_ecmwf_ifs,daily,17.651001,7.901,15.9,9.796834,1.8219371,87.17472,0.0,25.757911967218206,2.2836888405492193
2018-10-07 00:00:00+00:00,-36.07555,-71.75805,162.0,open-meteo_ecmwf_ifs,daily,14.301001,7.2510004,5.27,8.259334,2.9636085,86.44126,0.2,25.94097901246006,1.2504066048431455
2018-10-08 00:00:00+00:00,-36.07555,-71.75805,162.0,open-meteo_ecmwf_ifs,daily,14.951,9.201,15.52,7.688501,4.3301306,78.846344,16.0,26.122737809034707,2.530270978472122
2018-10-09 00:00:00+00:00,-36.07555,-71.75805,162.0,open-meteo_ecmwf_ifs,daily,14.351,3.851,25.75,3.5884998,4.6635976,70.77163,0.0,26.303135153687794,3.1116914922466474
2018-10-10 00:00:00+00:00,-36.07555,-71.75805,162.0,open-meteo_ecmwf_ifs,daily,18.101,1.151,24.84,3.328083,4.0171924,69.12124,0.0,26.482118906279098,3.2197773073833393
2018-10-11 00:00:00+00:00,-36.07555,-71.75805,162.0,open-meteo_ecmwf_ifs,daily,16.751,6.6010003,17.03,7.1009994,2.4455771,76.014496,0.6,26.659638006093488,2.537848063045105
2018-10-12 00:00:00+00:00,-36.07555,-71.75805,162.0,open-meteo_ecmwf_ifs,daily,14.651,6.5010004,12.96,6.369751,1.7849876,79.887856,0.0,26.83564248617153,2.028490401854921
2018-10-13 00:00:00+00:00,-36.07555,-71.75805,162.0,open-meteo_ecmwf_ifs,daily,18.751,3.451,26.14,5.7551675,2.9610035,73.010475,0.0,27.010083485659194,3.3425149802615874
2018-10-14 00:00:00+00:00,-36.07555,-71.75805,162.0,open-meteo_ecmwf_ifs,daily,18.901001,4.401,25.45,7.79475,2.1834958,78.689766,0.0,27.18291326018198,3.188819265503454
2018-10-15 00:00:00+00:00,-36.07555,-71.75805,162.0,open-meteo_ecmwf_ifs,daily,17.201,7.6010003,14.62,7.511417,2.8349974,78.980064,0.3,27.35408519025467,2.495786736488145
2018-10-16 00:00:00+00:00,-36.07555,-71.75805,162.0,open-meteo_ecmwf_ifs,daily,17.201,8.301001,15.63,9.013501,3.037817,82.859634,0.4,27.523553787743452,2.4580800980749125
2018-10-17 00:00:00+00:00,-36.07555,-71.75805,162.0,open-meteo_ecmwf_ifs,daily,14.151,10.251,8.96,9.069751,5.973577,83.216484,10.2,27.69127470040259,1.8936436950102848
2018-10-18 00:00:00+00:00,-36.07555,-71.75805,162.0,open-meteo_ecmwf_ifs,daily,18.651001,8.751,21.47,8.996833,2.3360097,78.17219,19.7,27.85720471451394,3.1762310704193566
2018-10-19 00:00:00+00:00,-36.07555,-71.75805,162.0,open-meteo_ecmwf_ifs,daily,18.951,6.151,21.08,7.4572506,2.3626964,77.37357,0.0,28.021301755662282,3.076084723756996
2018-10-20 00:00:00+00:00,-36.07555,-71.75805,162.0,open-meteo_ecmwf_ifs,daily,17.401001,6.451,25.5,6.5468335,3.4815693,70.90091,0.0,28.183524887685333,3.4786761114108584
2018-10-21 00:00:00+00:00,-36.07555,-71.75805,162.0,open-meteo_ecmwf_ifs,daily,17.851,5.301,28.29,5.8780837,5.087422,71.01389,0.0,28.34383430984206,3.744885812002377
2018-10-22 00:00:00+00:00,-36.07555,-71.75805,162.0,open-meteo_ecmwf_ifs,daily,19.951,7.451,23.46,5.755167,4.8769155,62.586636,0.0,28.502191352248172,4.100889725467529
2018-10-23 00:00:00+00:00,-36.07555,-71.75805,162.0,open-meteo_ecmwf_ifs,daily,17.451,9.401,10.55,9.00725,1.6513163,76.21831,2.5,28.658558469632105,2.0348891702795298
2018-10-24 00:00:00+00:00,-36.07555,-71.75805,162.0,open-meteo_ecmwf_ifs,daily,18.401001,9.201,24.02,8.130167,1.952789,74.61642,9.5,28.812899233469736,3.544427656500252
2018-10-25 00:00:00+00:00,-36.07555,-71.75805,162.0,open-meteo_ecmwf_ifs,daily,20.101,6.8510003,27.58,8.709333,2.6430275,74.79757,0.0,28.965178322560085,3.7887567901082964
2018-10-26 00:00:00+00:00,-36.07555,-71.75805,162.0,open-meteo_ecmwf_ifs,daily,21.451,7.8010006,27.45,8.494751,2.5203001,70.2124,0.0,29.115361512108564,4.077300655833398
2018-10-27 00:00:00+00:00,-36.07555,-71.75805,162.0,open-meteo_ecmwf_ifs,daily,21.401001,11.951,16.91,11.917666,3.5378516,79.288475,0.0,29.2634156613878,3.1934069622694747
2018-10-28 00:00:00+00:00,-36.07555,-71.75805,162.0,open-meteo_ecmwf_ifs,daily,20.601,10.401,12.83,12.60725,2.008816,83.27392,4.7999997,29.409308700050094,2.2764042445470123
2018-10-29 00:00:00+00:00,-36.07555,-71.75805,162.0,open-meteo_ecmwf_ifs,daily,17.401001,12.101,10.13,12.78225,3.1644342,91.4042,18.600004,29.553009613168058,1.822297894532805
2018-10-30 00:00:00+00:00,-36.07555,-71.75805,162.0,open-meteo_ecmwf_ifs,daily,18.601,10.201,19.23,10.778084,1.9140807,82.301094,3.3999996,29.694488425083584,2.966116901865575
2018-10-31 00:00:00+00:00,-36.07555,-71.75805,162.0,open-meteo_ecmwf_ifs,daily,19.701,7.0010004,26.02,9.580169,2.6244264,78.95443,0.0,29.83371618214728,3.5498529383721587
2018-11-01 00:00:00+00:00,-36.07555,-71.75805,162.0,open-meteo_ecmwf_ifs,daily,14.701,8.951,4.64,8.346834,1.5225374,82.776985,2.2,29.970664934432882,1.2821042037073012
2018-11-02 00:00:00+00:00,-36.07555,-71.75805,162.0,open-meteo_ecmwf_ifs,daily,17.201,9.551001,18.73,9.421835,6.2727203,80.79867,21.400002,30.10530771651308,2.980065329865662
2018-11-03 00:00:00+00:00,-36.07555,-71.75805,162.0,open-meteo_ecmwf_ifs,daily,20.901001,6.8510003,27.07,9.717666,1.9317757,82.187035,0.0,30.23761852738439,3.7977640122860565
2018-11-04 00:00:00+00:00,-36.07555,-71.75805,162.0,open-meteo_ecmwf_ifs,daily,20.801,6.201,28.57,8.421834,2.1915085,74.01783,0.0,30.367572309630113,3.9912103954772613
2018-11-05 00:00:00+00:00,-36.07555,-71.75805,162.0,open-meteo_ecmwf_ifs,daily,19.451,9.401,29.03,9.71975,4.516251,75.03204,0.0,30.49514492791063,4.115382965389252
2018-11-06 00:00:00+00:00,-36.07555,-71.75805,162.0,open-meteo_ecmwf_ifs,daily,23.151001,6.051,30.0,7.403084,4.714022,64.46961,0.0,30.620313146871066,4.700464904313078
2018-11-07 00:00:00+00:00,-36.07555,-71.75805,162.0,open-meteo_ecmwf_ifs,daily,26.201,8.251,30.28,11.811417,2.228897,76.43624,0.0,30.74305460855596,4.720424019979004
2018-11-08 00:00:00+00:00,-36.07555,-71.75805,162.0,open-meteo_ecmwf_ifs,daily,24.701,10.101,29.75,11.126002,2.2817392,68.71685,0.0,30.863347809420024,4.780902255949434
2018-11-09 00:00:00+00:00,-36.07555,-71.75805,162.0,open-meteo_ecmwf_ifs,daily,23.401001,7.951,26.71,9.09475,2.393425,71.20389,0.0,30.981172077023515,4.273557281702537
2018-11-10 00:00:00+00:00,-36.07555,-71.75805,162.0,open-meteo_ecmwf_ifs,daily,16.801,11.651,9.59,12.0885,3.1108658,88.85473,18.2,31.09650754649913,1.7986318494264786
2018-11-11 00:00:00+00:00,-36.07555,-71.75805,162.0,open-meteo_ecmwf_ifs,daily,19.301,9.151,22.36,10.209334,2.1996725,81.043465,0.2,31.209335136875673,3.3803436601297228
2018-11-12 00:00:00+00:00,-36.07555,-71.75805,162.0,open-meteo_ecmwf_ifs,daily,18.851,10.801001,20.47,10.255168,1.797639,78.27161,2.9,31.31963652734229,3.288789916949874
2018-11-13 00:00:00+00:00,-36.07555,-71.75805,162.0,open-meteo_ecmwf_ifs,daily,18.951,6.651,23.68,9.717666,1.1910294,83.12739,2.2,31.427394133533827,3.3323175304801054
2018-11-14 00:00:00+00:00,-36.07555,-71.75805,162.0,open-meteo_ecmwf_ifs,daily,20.351,8.701,29.16,10.211417,2.7281141,77.96234,0.2,31.532591083915815,4.1547521005060695
2018-11-15 00:00:00+00:00,-36.07555,-71.75805,162.0,open-meteo_ecmwf_ifs,daily,21.201,10.001,23.48,10.853085,3.2999513,76.318756,0.90000004,31.635211196344294,3.7932871342283936
2018-11-16 00:00:00+00:00,-36.07555,-71.75805,162.0,open-meteo_ecmwf_ifs,daily,19.701,9.851,20.48,10.309334,2.4273255,77.03422,0.1,31.735238954872404,3.3218441619232983
2018-11-17 00:00:00+00:00,-36.07555,-71.75805,162.0,open-meteo_ecmwf_ifs,daily,17.651001,10.501,18.76,9.582251,2.0598,78.27324,11.7,31.832659486872018,3.061773349953165
2018-11-18 00:00:00+00:00,-36.07555,-71.75805,162.0,open-meteo_ecmwf_ifs,daily,22.151001,8.151,31.63,9.096835,4.8949018,70.10584,0.0,31.927458540534776,4.78954223393053
2018-11-19 00:00:00+00:00,-36.07555,-71.75805,162.0,open-meteo_ecmwf_ifs,daily,23.901001,8.651,31.32,10.384335,4.12377,69.90411,0.0,32.01962246281294,4.894511777259551
2018-11-20 00:00:00+00:00,-36.07555,-71.75805,162.0,open-meteo_ecmwf_ifs,daily,23.401001,10.451,30.27,11.809334,3.185752,77.70438,0.0,32.10913817785605,4.744117045625481
2018-11-21 00:00:00+00:00,-36.07555,-71.75805,162.0,open-meteo_ecmwf_ifs,daily,24.101,11.351,28.03,12.7176695,3.2945483,78.95879,0.0,32.195993165994935,4.609597468402302
2018-11-22 00:00:00+00:00,-36.07555,-71.75805,162.0,open-meteo_ecmwf_ifs,daily,21.551,9.901,30.89,10.526,4.8367295,69.58119,0.0,32.28017544331997,4.659056784261164
2018-11-23 00:00:00+00:00,-36.07555,-71.75805,162.0,open-meteo_ecmwf_ifs,daily,23.851,8.451,32.0,7.59475,4.6401944,60.81644,0.0,32.36167354189605,5.449110756383005
2018-11-24 00:00:00+00:00,-36.07555,-71.75805,162.0,open-meteo_ecmwf_ifs,daily,24.151001,7.5010004,33.04,8.642667,4.4291816,65.530266,0.0,32.44047649065156,5.239788562188053
2018-11-25 00:00:00+00:00,-36.07555,-71.75805,162.0,open-meteo_ecmwf_ifs,daily,23.951,11.551001,31.52,8.492667,4.002008,58.466236,0.0,32.516573796974136,5.712648058213372
2018-11-26 00:00:00+00:00,-36.07555,-71.75805,162.0,open-meteo_ecmwf_ifs,daily,23.051,9.151,31.66,8.473916,3.9222527,63.38519,0.0,32.58995542904132,5.198840780489265
2018-11-27 00:00:00+00:00,-36.07555,-71.75805,162.0,open-meteo_ecmwf_ifs,daily,24.901001,8.251,32.72,8.098917,4.163866,62.6208,0.0,32.66061179890919,5.5360826784055455
2018-11-28 00:00:00+00:00,-36.07555,-71.75805,162.0,open-meteo_ecmwf_ifs,daily,24.101,9.751,26.87,10.582252,2.5689166,71.446465,0.0,32.728533746377586,4.532605420490315
2018-11-29 00:00:00+00:00,-36.07555,-71.75805,162.0,open-meteo_ecmwf_ifs,daily,25.701,10.451,30.92,11.063499,2.8823688,69.27598,0.0,32.79371252364616,5.256994028766897
2018-11-30 00:00:00+00:00,-36.07555,-71.75805,162.0,open-meteo_ecmwf_ifs,daily,24.901001,13.801001,23.09,11.671833,4.166277,66.22447,0.5,32.85613978077089,4.898755573265314
2018-12-01 00:00:00+00:00,-36.07555,-71.75805,162.0,open-meteo_ecmwf_ifs,daily,27.201,8.401,29.58,7.5926666,2.7255144,52.99113,0.0,32.9158075519268,5.380717835519541
2018-12-02 00:00:00+00:00,-36.07555,-71.75805,162.0,open-meteo_ecmwf_ifs,daily,27.301,13.701,30.46,10.998918,2.163347,56.727627,0.0,32.97270824247846,5.677077775137187
2018-12-03 00:00:00+00:00,-36.07555,-71.75805,162.0,open-meteo_ecmwf_ifs,daily,26.401001,12.051001,30.4,11.094749,2.5721352,60.3803,0.0,33.02683461685662,5.462487181994016
2018-12-04 00:00:00+00:00,-36.07555,-71.75805,162.0,open-meteo_ecmwf_ifs,daily,22.651001,11.901,14.92,11.107251,2.3531947,68.29587,0.1,33.07817978723516,3.19692441815527
2018-12-05 00:00:00+00:00,-36.07555,-71.75805,162.0,open-meteo_ecmwf_ifs,daily,24.951,12.001,21.56,12.000999,3.1585999,70.02834,0.4,33.12673720300084,4.252308707666057
2018-12-06 00:00:00+00:00,-36.07555,-71.75805,162.0,open-meteo_ecmwf_ifs,daily,29.901001,11.251,32.4,11.451001,1.8258785,60.543686,0.0,33.172500641004014,5.819246793539744
2018-12-07 00:00:00+00:00,-36.07555,-71.75805,162.0,open-meteo_ecmwf_ifs,daily,28.101,13.701,32.29,13.319751,2.6785574,65.72978,0.0,33.21546419657744,5.919680851251718
2018-12-08 00:00:00+00:00,-36.07555,-71.75805,162.0,open-meteo_ecmwf_ifs,daily,25.401001,13.951,26.5,9.240582,3.745765,59.4799,0.1,33.2556222753079,5.6669562914936975
2018-12-09 00:00:00+00:00,-36.07555,-71.75805,162.0,open-meteo_ecmwf_ifs,daily,25.201,11.501,31.55,10.361417,1.9987911,64.23775,2.2,33.292969585543474,5.36783355167611
2018-12-10 00:00:00+00:00,-36.07555,-71.75805,162.0,open-meteo_ecmwf_ifs,daily,25.901001,11.751,32.12,9.5093355,3.0062754,59.661594,0.0,33.32750113161869,5.8188141080656255
2018-12-11 00:00:00+00:00,-36.07555,-71.75805,162.0,open-meteo_ecmwf_ifs,daily,22.551,13.101,23.27,10.423919,2.363734,64.386604,2.1,33.35921220777854,4.358757128683741
2018-12-12 00:00:00+00:00,-36.07555,-71.75805,162.0,open-meteo_ecmwf_ifs,daily,25.851,10.651,32.73,8.196833,3.8383865,56.296875,0.0,33.38809839278236,6.045031742703488
2018-12-13 00:00:00+00:00,-36.07555,-71.75805,162.0,open-meteo_ecmwf_ifs,daily,19.851,9.701,19.27,6.865584,3.5940895,59.95723,0.9,33.414155545168015,3.8754485832502437
2018-12-14 00:00:00+00:00,-36.07555,-71.75805,162.0,open-meteo_ecmwf_ifs,daily,21.551,8.901,33.7,6.6093345,3.8315232,64.03242,2.3,33.43737979915801,5.4168491599257464
2018-12-15 00:00:00+00:00,-36.07555,-71.75805,162.0,open-meteo_ecmwf_ifs,daily,24.651001,8.101,33.97,5.1655836,4.302366,51.068253,0.0,33.45776756118901,6.059697919381351
2018-12-16 00:00:00+00:00,-36.07555,-71.75805,162.0,open-meteo_ecmwf_ifs,daily,27.801,10.651,33.07,9.669751,3.6812866,58.44656,0.0,33.47531550704798,6.1609481325250846
2018-12-17 00:00:00+00:00,-36.07555,-71.75805,162.0,open-meteo_ecmwf_ifs,daily,27.951,11.701,32.51,10.761417,4.003796,59.468044,0.0,33.49002057959923,6.202760499372953
2018-12-18 00:00:00+00:00,-36.07555,-71.75805,162.0,open-meteo_ecmwf_ifs,daily,31.201,13.001,33.56,9.842667,3.1832125,51.675797,0.0,33.50187998708839,6.891290276003837
2018-12-19 00:00:00+00:00,-36.07555,-71.75805,162.0,open-meteo_ecmwf_ifs,daily,28.301,13.551001,32.57,11.090584,2.4860337,57.567997,0.0,33.51089120201111,6.144229576279222
2018-12-20 00:00:00+00:00,-36.07555,-71.75805,162.0,open-meteo_ecmwf_ifs,daily,25.601,14.201,31.14,8.892667,3.3390567,54.832798,0.0,33.51705196053693,6.169466123948333
2018-12-21 00:00:00+00:00,-36.07555,-71.75805,162.0,open-meteo_ecmwf_ifs,daily,30.401001,13.401,33.22,10.823917,4.014068,55.342678,0.0,33.52036026248008,6.952586707951723
2018-12-22 00:00:00+00:00,-36.07555,-71.75805,162.0,open-meteo_ecmwf_ifs,daily,29.051,14.451,32.54,11.998917,2.5029585,57.72266,0.0,33.520814371812676,6.2709165957369475
2018-12-23 00:00:00+00:00,-36.07555,-71.75805,162.0,open-meteo_ecmwf_ifs,daily,30.751,13.751,33.45,9.965584,2.8923256,52.091816,0.0,33.51841281771702,6.801348811335123
2018-12-24 00:00:00+00:00,-36.07555,-71.75805,162.0,open-meteo_ecmwf_ifs,daily,30.901001,13.351,33.24,11.105167,2.694763,53.233692,0.0,33.513154396177384,6.579425531637256
2018-12-25 00:00:00+00:00,-36.07555,-71.75805,162.0,open-meteo_ecmwf_ifs,daily,31.851002,14.501,33.27,11.509335,2.873378,52.217884,0.0,33.50503817211345,6.877493406779956
2018-12-26 00:00:00+00:00,-36.07555,-71.75805,162.0,open-meteo_ecmwf_ifs,daily,28.901001,16.101,31.02,11.909335,3.225683,54.39772,0.0,33.494063482060525,6.50959400773963
2018-12-27 00:00:00+00:00,-36.07555,-71.75805,162.0,open-meteo_ecmwf_ifs,daily,26.551,11.801001,32.73,7.2343345,3.3892787,54.94377,0.0,33.48022993740388,6.3223695761530045
2018-12-28 00:00:00+00:00,-36.07555,-71.75805,162.0,open-meteo_ecmwf_ifs,daily,27.751,12.051001,33.54,8.203084,4.2805834,49.7341,0.0,33.4635374281771,6.757492368050304
2018-12-29 00:00:00+00:00,-36.07555,-71.75805,162.0,open-meteo_ecmwf_ifs,daily,24.651001,10.551001,32.86,6.4864163,3.6670084,51.62836,0.0,33.44398612743617,6.038031641093887
2018-12-30 00:00:00+00:00,-36.07555,-71.75805,162.0,open-meteo_ecmwf_ifs,daily,26.201,10.551001,34.01,5.9635005,4.702399,54.063046,0.0,33.42157649622319,6.700147027470676
2018-12-31 00:00:00+00:00,-36.07555,-71.75805,162.0,open-meteo_ecmwf_ifs,daily,27.101,10.901,33.51,6.6718335,3.8707952,48.780167,0.0,33.39630928913514,6.54388416204402
2019-01-01 00:00:00+00:00,-36.07555,-71.75805,162.0,open-meteo_ecmwf_ifs,daily,28.101,13.101,32.93,9.51975,4.4729023,54.260174,0.0,33.36818556051461,6.789163913233982
2019-01-02 00:00:00+00:00,-36.07555,-71.75805,162.0,open-meteo_ecmwf_ifs,daily,26.551,10.001,34.41,3.784334,7.6037254,41.702744,0.0,33.33720667128032,7.6925772781496615
2019-01-03 00:00:00+00:00,-36.07555,-71.75805,162.0,open-meteo_ecmwf_ifs,daily,27.901001,11.201,33.42,4.60725,8.276412,40.782757,0.0,33.30337429641626,8.18349883839654
2019-01-04 00:00:00+00:00,-36.07555,-71.75805,162.0,open-meteo_ecmwf_ifs,daily,30.351,11.101,33.04,10.442666,2.933665,56.758633,0.0,33.266690433138336,6.31052668979897
2019-01-05 00:00:00+00:00,-36.07555,-71.75805,162.0,open-meteo_ecmwf_ifs,daily,29.551,14.651,32.17,12.517666,2.4103792,56.885693,0.0,33.22715740975771,6.221699042130108
2019-01-06 00:00:00+00:00,-36.07555,-71.75805,162.0,open-meteo_ecmwf_ifs,daily,28.251,13.851,29.79,11.907252,2.6080983,60.764038,0.3,33.18477789525925,5.780824702702478
2019-01-07 00:00:00+00:00,-36.07555,-71.75805,162.0,open-meteo_ecmwf_ifs,daily,24.351,14.901,21.26,10.169751,2.95241,58.026814,0.6,33.13955490961335,4.725633941701722
2019-01-08 00:00:00+00:00,-36.07555,-71.75805,162.0,open-meteo_ecmwf_ifs,daily,17.601,12.651,5.48,10.040584,3.9322126,73.15562,5.1000004,33.091491834837164,2.1515789816679836
2019-01-09 00:00:00+00:00,-36.07555,-71.75805,162.0,open-meteo_ecmwf_ifs,daily,19.401001,13.001,13.5,10.959334,1.6757712,77.63801,2.5,33.04059242682097,2.719109608279896
2019-01-10 00:00:00+00:00,-36.07555,-71.75805,162.0,open-meteo_ecmwf_ifs,daily,25.501,7.051,32.13,6.717666,3.3068802,56.28923,0.0,32.98686082793224,5.460731905138462
2019-01-11 00:00:00+00:00,-36.07555,-71.75805,162.0,open-meteo_ecmwf_ifs,daily,28.801,11.301001,31.77,8.546834,3.1809013,52.70309,0.0,32.93030158040827,6.228297539933877
2019-01-12 00:00:00+00:00,-36.07555,-71.75805,162.0,open-meteo_ecmwf_ifs,daily,22.801,11.101,24.26,5.2093344,2.0555542,47.26486,0.0,32.870919640545424,4.613276798887257
2019-01-13 00:00:00+00:00,-36.07555,-71.75805,162.0,open-meteo_ecmwf_ifs,daily,27.401001,14.201,29.4,8.498917,2.790078,49.986202,0.0,32.80872039368956,6.020823362114468
2019-01-14 00:00:00+00:00,-36.07555,-71.75805,162.0,open-meteo_ecmwf_ifs,daily,28.951,13.601,29.85,9.263499,1.8139987,50.95607,0.0,32.743709670029254,5.715889603941192
2019-01-15 00:00:00+00:00,-36.07555,-71.75805,162.0,open-meteo_ecmwf_ifs,daily,30.001,13.301001,31.6,10.59475,2.833718,55.796993,0.0,32.675893761189535,6.303385405798521
2019-01-16 00:00:00+00:00,-36.07555,-71.75805,162.0,open-meteo_ecmwf_ifs,daily,25.551,13.151,32.04,6.401001,4.510203,45.184025,0.0,32.60527943761953,6.682344836155699
2019-01-17 00:00:00+00:00,-36.07555,-71.75805,162.0,open-meteo_ecmwf_ifs,daily,30.701,11.001,31.63,5.951,4.3867836,43.638264,0.0,32.531873966763854,7.118131309375291
2019-01-18 00:00:00+00:00,-36.07555,-71.75805,162.0,open-meteo_ecmwf_ifs,daily,33.651,15.401,32.49,8.853085,2.9201736,40.378628,0.0,32.45568513200241,7.2573057385662585
2019-01-19 00:00:00+00:00,-36.07555,-71.75805,162.0,open-meteo_ecmwf_ifs,daily,31.851002,15.501,31.92,9.519752,3.0022192,42.923084,0.0,32.37672125233902,6.981759396759256
2019-01-20 00:00:00+00:00,-36.07555,-71.75805,162.0,open-meteo_ecmwf_ifs,daily,29.401001,13.101,31.2,12.117667,2.371894,61.07368,0.0,32.2949912028147,5.864049407699929
2019-01-21 00:00:00+00:00,-36.07555,-71.75805,162.0,open-meteo_ecmwf_ifs,daily,30.201,13.451,32.46,9.367667,4.7006836,51.449387,0.0,32.21050443561601,7.1763976885285246
2019-01-22 00:00:00+00:00,-36.07555,-71.75805,162.0,open-meteo_ecmwf_ifs,daily,29.151001,11.351,32.5,6.209334,5.0976205,43.470806,0.0,32.12327100184453,7.19791903303088
2019-01-23 00:00:00+00:00,-36.07555,-71.75805,162.0,open-meteo_ecmwf_ifs,daily,29.801,11.551001,31.99,8.576,3.1956651,49.347183,0.0,32.033301573908254,6.361309109693088
2019-01-24 00:00:00+00:00,-36.07555,-71.75805,162.0,open-meteo_ecmwf_ifs,daily,30.401001,14.001,30.66,9.928083,2.5176985,48.672745,0.0,31.940607468490896,6.208419870602514
2019-01-25 00:00:00+00:00,-36.07555,-71.75805,162.0,open-meteo_ecmwf_ifs,daily,30.351,14.351,31.37,8.384335,3.8535452,45.66463,0.0,31.84520067005027,7.018567505822456
2019-01-26 00:00:00+00:00,-36.07555,-71.75805,162.0,open-meteo_ecmwf_ifs,daily,32.151,13.201,31.83,8.551002,4.8044143,46.272064,0.0,31.747093854791974,7.518568733427594
2019-01-27 00:00:00+00:00,-36.07555,-71.75805,162.0,open-meteo_ecmwf_ifs,daily,31.251,13.801001,31.85,6.7530837,5.128687,40.381756,0.0,31.646300415060228,7.826314184921142
2019-01-28 00:00:00+00:00,-36.07555,-71.75805,162.0,open-meteo_ecmwf_ifs,daily,31.501,11.501,31.73,6.5801673,4.765782,41.483074,0.0,31.542834484083013,7.3404764147933435
2019-01-29 00:00:00+00:00,-36.07555,-71.75805,162.0,open-meteo_ecmwf_ifs,daily,31.401001,14.851,30.16,11.801,3.2071908,51.545033,0.0,31.436710961004536,6.455560368262835
2019-01-30 00:00:00+00:00,-36.07555,-71.75805,162.0,open-meteo_ecmwf_ifs,daily,30.501,14.701,30.14,9.944751,3.200262,49.99293,0.0,31.327945536133807,6.489601971593283
2019-01-31 00:00:00+00:00,-36.07555,-71.75805,162.0,open-meteo_ecmwf_ifs,daily,31.601,13.201,31.14,6.5260005,4.8718405,39.178497,0.0,31.216554716334677,7.606119653406092
2019-02-01 00:00:00+00:00,-36.07555,-71.75805,162.0,open-meteo_ecmwf_ifs,daily,31.051,14.251,30.82,9.453085,3.5408163,45.428543,0.0,31.102555850478698,6.751080359367614
2019-02-02 00:00:00+00:00,-36.07555,-71.75805,162.0,open-meteo_ecmwf_ifs,daily,33.951,15.451,29.71,12.482249,1.970389,50.96611,0.0,30.98596715487948,6.131147528513815
2019-02-03 00:00:00+00:00,-36.07555,-71.75805,162.0,open-meteo_ecmwf_ifs,daily,32.951,16.701,29.46,13.690583,1.7070917,52.05971,0.0,30.866807738623887,5.935472008284589
2019-02-04 00:00:00+00:00,-36.07555,-71.75805,162.0,open-meteo_ecmwf_ifs,daily,33.301,16.851,29.24,13.821835,1.7547683,53.928043,0.0,30.74509762871319,5.958890441817314
2019-02-05 00:00:00+00:00,-36.07555,-71.75805,162.0,open-meteo_ecmwf_ifs,daily,34.501,15.201,29.5,13.34475,3.6834567,55.7704,0.0,30.620857794925048,6.816365013959162
2019-02-06 00:00:00+00:00,-36.07555,-71.75805,162.0,open-meteo_ecmwf_ifs,daily,31.451,15.701,30.13,10.128083,4.2219386,45.371296,0.0,30.494110174305437,7.115248127103261
2019-02-07 00:00:00+00:00,-36.07555,-71.75805,162.0,open-meteo_ecmwf_ifs,daily,27.551,14.601,25.45,8.361417,3.5371559,45.624775,0.0,30.364877695198107,5.832590058516164
2019-02-08 00:00:00+00:00,-36.07555,-71.75805,162.0,open-meteo_ecmwf_ifs,daily,28.601,13.351,29.03,7.7447505,3.5537786,44.91455,0.0,30.233184300718452,6.228954558264233
2019-02-09 00:00:00+00:00,-36.07555,-71.75805,162.0,open-meteo_ecmwf_ifs,daily,30.051,13.151,29.62,6.811417,3.226496,40.513386,0.0,30.099054971577804,6.376153561856883
2019-02-10 00:00:00+00:00,-36.07555,-71.75805,162.0,open-meteo_ecmwf_ifs,daily,27.401001,13.151,26.79,9.28225,4.240829,52.867252,0.6,29.962515748164094,5.841050311647231
2019-02-11 00:00:00+00:00,-36.07555,-71.75805,162.0,open-meteo_ecmwf_ifs,daily,25.801,9.701,26.24,10.611418,3.4446573,66.99201,5.2,29.82359375178519,4.649117583967283
2019-02-12 00:00:00+00:00,-36.07555,-71.75805,162.0,open-meteo_ecmwf_ifs,daily,30.601,13.551001,26.87,5.501,2.674469,34.97066,0.0,29.682317204981594,5.961923315960846
2019-02-13 00:00:00+00:00,-36.07555,-71.75805,162.0,open-meteo_ecmwf_ifs,daily,27.951,13.401,26.59,10.586417,2.44648,58.830246,1.6000001,29.538715450816458,5.171765874315308
2019-02-14 00:00:00+00:00,-36.07555,-71.75805,162.0,open-meteo_ecmwf_ifs,daily,32.301,14.351,28.43,10.496834,5.183624,50.482727,0.0,29.392818971052204,7.108509084195401
2019-02-15 00:00:00+00:00,-36.07555,-71.75805,162.0,open-meteo_ecmwf_ifs,daily,31.601,16.251,27.87,13.086418,3.0406048,52.530773,0.0,29.244659403124988,6.054065972543245
2019-02-16 00:00:00+00:00,-36.07555,-71.75805,162.0,open-meteo_ecmwf_ifs,daily,28.201,15.401,21.05,13.56142,2.3849313,65.253685,0.0,29.09426955583026,4.458278262765993
2019-02-17 00:00:00+00:00,-36.07555,-71.75805,162.0,open-meteo_ecmwf_ifs,daily,27.901001,16.001,18.58,14.134334,2.2458465,66.34989,0.0,28.941683423635514,4.082093340104954
2019-02-18 00:00:00+00:00,-36.07555,-71.75805,162.0,open-meteo_ecmwf_ifs,daily,29.251,14.001,26.31,14.205166,2.7661755,67.71708,0.0,28.786936199539177,5.0481989045307225
2019-02-19 00:00:00+00:00,-36.07555,-71.75805,162.0,open-meteo_ecmwf_ifs,daily,29.651001,15.750999,25.11,12.453083,3.414798,56.741302,0.1,28.63006428639772,5.593180714798047
2019-02-20 00:00:00+00:00,-36.07555,-71.75805,162.0,open-meteo_ecmwf_ifs,daily,30.251,15.750999,25.59,15.036416,3.2833948,69.30713,0.0,28.47110530664709,5.334406909816949
2019-02-21 00:00:00+00:00,-36.07555,-71.75805,162.0,open-meteo_ecmwf_ifs,daily,23.151001,16.751,6.51,14.932248,2.741533,74.47665,0.2,28.310098110348147,2.2305747859541274
2019-02-22 00:00:00+00:00,-36.07555,-71.75805,162.0,open-meteo_ecmwf_ifs,daily,26.601,16.101,20.83,13.667668,2.981762,68.29949,1.2,28.14708278149008,4.441864824766071
2019-02-23 00:00:00+00:00,-36.07555,-71.75805,162.0,open-meteo_ecmwf_ifs,daily,27.601,14.251,26.88,11.115585,5.9481907,58.15944,0.0,27.98210064249061,6.083483565206796
2019-02-24 00:00:00+00:00,-36.07555,-71.75805,162.0,open-meteo_ecmwf_ifs,daily,25.301,11.551001,27.27,4.7051673,5.653889,44.190678,0.0,27.815194256836083,6.2429224032296515
2019-02-25 00:00:00+00:00,-36.07555,-71.75805,162.0,open-meteo_ecmwf_ifs,daily,26.451,8.951,27.44,3.5947504,4.7485557,43.050537,0.0,27.64640742980992,5.870840769549526
2019-02-26 00:00:00+00:00,-36.07555,-71.75805,162.0,open-meteo_ecmwf_ifs,daily,29.151001,9.301001,27.04,4.905167,3.9152029,44.221542,0.0,27.475785207262938,5.806163873182018
2019-02-27 00:00:00+00:00,-36.07555,-71.75805,162.0,open-meteo_ecmwf_ifs,daily,28.801,10.501,26.83,8.68225,2.6559238,54.76798,0.0,27.30337387238463,5.041432806455604
2019-02-28 00:00:00+00:00,-36.07555,-71.75805,162.0,open-meteo_ecmwf_ifs,daily,28.801,12.751,25.19,11.5009985,1.7438345,59.526276,0.0,27.129220940439794,4.554707763878415
2019-03-01 00:00:00+00:00,-36.07555,-71.75805,162.0,open-meteo_ecmwf_ifs,daily,28.551,13.201,25.56,9.317666,3.2886126,54.191055,0.0,26.953375151440913,5.360870347258441
2019-03-02 00:00:00+00:00,-36.07555,-71.75805,162.0,open-meteo_ecmwf_ifs,daily,28.301,11.851,26.2,6.2343335,3.8715026,44.601284,0.0,26.775886460732384,5.756413703676103
2019-03-03 00:00:00+00:00,-36.07555,-71.75805,162.0,open-meteo_ecmwf_ifs,daily,25.351,12.051001,20.39,8.246833,2.1536288,54.108246,0.70000005,26.59680602746883,4.01995520806669
2019-03-04 00:00:00+00:00,-36.07555,-71.75805,162.0,open-meteo_ecmwf_ifs,daily,23.101,10.501,24.47,7.030168,3.662997,56.55717,0.0,26.4161862009753,4.557499394715071
2019-03-05 00:00:00+00:00,-36.07555,-71.75805,162.0,open-meteo_ecmwf_ifs,daily,26.251,10.501,25.17,4.3697505,5.0164146,45.903522,0.0,26.23408050498401,5.8025930513763795
2019-03-06 00:00:00+00:00,-36.07555,-71.75805,162.0,open-meteo_ecmwf_ifs,daily,25.901001,11.001,25.28,6.1447506,3.3287904,49.204906,0.0,26.050543619747593,5.007333330680779
2019-03-07 00:00:00+00:00,-36.07555,-71.75805,162.0,open-meteo_ecmwf_ifs,daily,21.701,13.701,10.7,11.763503,2.1173584,72.80625,6.2999997,25.865631362035565,2.4901291931801923
2019-03-08 00:00:00+00:00,-36.07555,-71.75805,162.0,open-meteo_ecmwf_ifs,daily,31.601,9.651,24.37,8.442667,3.6564767,56.134125,0.0,25.679400663026495,5.324845844457734
2019-03-09 00:00:00+00:00,-36.07555,-71.75805,162.0,open-meteo_ecmwf_ifs,daily,29.451,10.901,24.15,9.038501,2.2585552,54.809002,0.0,25.491909544114634,4.5585831781324195
2019-03-10 00:00:00+00:00,-36.07555,-71.75805,162.0,open-meteo_ecmwf_ifs,daily,26.001,12.501,23.32,11.026001,2.271726,63.51167,0.0,25.303217090655632,4.144270497323542
2019-03-11 00:00:00+00:00,-36.07555,-71.75805,162.0,open-meteo_ecmwf_ifs,daily,26.751,12.701,20.46,12.053084,2.3809144,65.69701,0.1,25.113383423682034,3.8779577546021073
2019-03-12 00:00:00+00:00,-36.07555,-71.75805,162.0,open-meteo_ecmwf_ifs,daily,29.751,13.101,23.28,12.20725,3.5182045,63.57196,0.0,24.922469669625215,4.871194664569039
2019-03-13 00:00:00+00:00,-36.07555,-71.75805,162.0,open-meteo_ecmwf_ifs,daily,27.551,13.001,22.86,10.621834,4.302074,58.80569,0.0,24.730537928085806,4.960781713431685
2019-03-14 00:00:00+00:00,-36.07555,-71.75805,162.0,open-meteo_ecmwf_ifs,daily,26.401001,10.151,23.99,7.6864166,4.771128,56.81465,0.0,24.537651237700626,5.0140112108079995
2019-03-15 00:00:00+00:00,-36.07555,-71.75805,162.0,open-meteo_ecmwf_ifs,daily,25.501,8.001,23.78,7.2343345,2.925794,58.357395,0.0,24.343873540159517,4.11618571613141
2019-03-16 00:00:00+00:00,-36.07555,-71.75805,162.0,open-meteo_ecmwf_ifs,daily,25.901001,10.751,23.13,8.823918,2.4141057,59.52595,0.0,24.149269642430585,4.077418975702686
2019-03-17 00:00:00+00:00,-36.07555,-71.75805,162.0,open-meteo_ecmwf_ifs,daily,26.351,10.851,22.59,9.592668,2.3378193,61.162457,0.0,23.95390517725754,3.9796821759211993
2019-03-18 00:00:00+00:00,-36.07555,-71.75805,162.0,open-meteo_ecmwf_ifs,daily,22.101,10.551001,22.27,6.2718334,6.6486764,55.736576,0.0,23.75784656199807,4.86746328426031
2019-03-19 00:00:00+00:00,-36.07555,-71.75805,162.0,open-meteo_ecmwf_ifs,daily,20.801,8.201,23.18,2.055167,7.110493,48.056805,0.0,23.561160955876115,5.117925613682169
2019-03-20 00:00:00+00:00,-36.07555,-71.75805,162.0,open-meteo_ecmwf_ifs,daily,23.251,5.5010004,22.98,2.4593334,3.179043,50.12212,0.0,23.36391621572624,3.9832885206815907
2019-03-21 00:00:00+00:00,-36.07555,-71.75805,162.0,open-meteo_ecmwf_ifs,daily,25.051,9.151,22.24,5.209334,3.7223225,49.981205,0.0,23.166180850311783,4.4566826532215975
2019-03-22 00:00:00+00:00,-36.07555,-71.75805,162.0,open-meteo_ecmwf_ifs,daily,27.301,11.001,21.75,9.648917,4.6881843,62.733036,0.0,22.968023973302923,4.6636945998529065
2019-03-23 00:00:00+00:00,-36.07555,-71.75805,162.0,open-meteo_ecmwf_ifs,daily,26.651001,11.451,21.77,8.794751,6.1269774,56.044186,0.0,22.769515255004226,5.151511437707596
2019-03-24 00:00:00+00:00,-36.07555,-71.75805,162.0,open-meteo_ecmwf_ifs,daily,26.651001,8.701,21.32,6.821834,3.7558863,56.027485,0.0,22.57072487292476,4.311342498960396
2019-03-25 00:00:00+00:00,-36.07555,-71.75805,162.0,open-meteo_ecmwf_ifs,daily,24.301,9.401,20.99,8.894751,2.0829885,62.247684,0.0,22.37172346128701,3.365640852666858
2019-03-26 00:00:00+00:00,-36.07555,-71.75805,162.0,open-meteo_ecmwf_ifs,daily,27.001,10.751,20.66,10.709334,1.6268157,65.40229,0.0,22.172582059573642,3.3877970617846387
2019-03-27 00:00:00+00:00,-36.07555,-71.75805,162.0,open-meteo_ecmwf_ifs,daily,25.201,10.901,19.61,11.5635,2.1499093,71.043236,0.0,21.97337206021381,3.2309956584743493
2019-03-28 00:00:00+00:00,-36.07555,-71.75805,162.0,open-meteo_ecmwf_ifs,daily,21.451,10.601,14.66,10.415585,1.5112065,75.66557,0.0,21.774165155512794,2.4019389316546707
2019-03-29 00:00:00+00:00,-36.07555,-71.75805,162.0,open-meteo_ecmwf_ifs,daily,23.201,10.301001,18.2,10.359334,2.2904432,75.0392,0.0,21.575033283931017,2.9823923687613556
2019-03-30 00:00:00+00:00,-36.07555,-71.75805,162.0,open-meteo_ecmwf_ifs,daily,25.051,8.901,18.49,9.284333,2.8690875,69.41616,0.0,21.3760485758197,3.2902019468925974
2019-03-31 00:00:00+00:00,-36.07555,-71.75805,162.0,open-meteo_ecmwf_ifs,daily,19.251,13.451,7.73,11.986416,2.4508317,74.78475,2.1,21.177283298722234,1.8554949460870835
2019-04-01 00:00:00+00:00,-36.07555,-71.75805,162.0,open-meteo_ecmwf_ifs,daily,24.751,10.901,17.78,11.409333,3.0601451,75.27022,0.0,20.978809802351034,3.176532146628674
2019-04-02 00:00:00+00:00,-36.07555,-71.75805,162.0,open-meteo_ecmwf_ifs,daily,27.351,13.801001,19.46,10.596833,4.2097545,58.093784,0.0,20.78070046335055,4.447621457218174
2019-04-03 00:00:00+00:00,-36.07555,-71.75805,162.0,open-meteo_ecmwf_ifs,daily,24.351,10.101,18.73,10.396834,2.547588,68.156685,0.0,20.5830276299574,3.0945646167339644
2019-04-04 00:00:00+00:00,-36.07555,-71.75805,162.0,open-meteo_ecmwf_ifs,daily,20.651001,9.001,19.24,8.776,4.2225375,70.993835,9.4,20.385863566668853,3.071280140196278
2019-04-05 00:00:00+00:00,-36.07555,-71.75805,162.0,open-meteo_ecmwf_ifs,daily,23.451,5.551,19.36,6.3614173,2.6182842,66.64643,0.0,20.189280399030558,2.988147783675329
2019-04-06 00:00:00+00:00,-36.07555,-71.75805,162.0,open-meteo_ecmwf_ifs,daily,25.101,7.5010004,18.99,9.080167,2.125491,73.26907,0.0,19.993350058653956,2.902767662327865
2019-04-07 00:00:00+00:00,-36.07555,-71.75805,162.0,open-meteo_ecmwf_ifs,daily,24.801,8.351,18.14,9.869751,1.5244313,71.76374,0.0,19.798144228573072,2.6486853104248547
2019-04-08 00:00:00+00:00,-36.07555,-71.75805,162.0,open-meteo_ecmwf_ifs,daily,21.801,9.551001,16.05,10.750999,1.9201565,77.81939,0.0,19.603734289049314,2.365443235801763
2019-04-09 00:00:00+00:00,-36.07555,-71.75805,162.0,open-meteo_ecmwf_ifs,daily,19.851,10.451,10.57,9.678084,1.8869405,76.6446,0.0,19.410191263931335,1.9619522163616363
2019-04-10 00:00:00+00:00,-36.07555,-71.75805,162.0,open-meteo_ecmwf_ifs,daily,23.951,10.501,17.45,10.140583,3.5648832,75.400764,0.0,19.217585767675708,3.16475969309898
2019-04-11 00:00:00+00:00,-36.07555,-71.75805,162.0,open-meteo_ecmwf_ifs,daily,20.401001,10.351,14.73,10.513501,1.8796355,79.521965,0.0,19.02598795313194,2.1911344447918126
2019-04-12 00:00:00+00:00,-36.07555,-71.75805,162.0,open-meteo_ecmwf_ifs,daily,18.851,8.351,11.89,10.288501,2.068989,84.62307,0.0,18.83546746019329,1.732415616155447
2019-04-13 00:00:00+00:00,-36.07555,-71.75805,162.0,open-meteo_ecmwf_ifs,daily,16.751,11.051001,7.14,9.582252,1.6513714,77.35788,3.8999999,18.646093365412458,1.4649226363197985
2019-04-14 00:00:00+00:00,-36.07555,-71.75805,162.0,open-meteo_ecmwf_ifs,daily,19.951,7.7510004,17.04,6.3218346,4.0214305,64.55689,0.0,18.457934132678428,2.9038716548646697
2019-04-15 00:00:00+00:00,-36.07555,-71.75805,162.0,open-meteo_ecmwf_ifs,daily,23.001,5.6010003,17.73,5.559334,3.663358,64.73161,0.0,18.271057565047805,3.0466681449265556
2019-04-16 00:00:00+00:00,-36.07555,-71.75805,162.0,open-meteo_ecmwf_ifs,daily,21.101,5.6010003,15.65,6.6155834,2.0428765,72.668434,0.0,18.085530757820937,2.2198269814981004
2019-04-17 00:00:00+00:00,-36.07555,-71.75805,162.0,open-meteo_ecmwf_ifs,daily,23.101,8.101,14.79,7.469751,2.4626596,67.089935,0.0,17.901420052949565,2.5693101289684512
2019-04-18 00:00:00+00:00,-36.07555,-71.75805,162.0,open-meteo_ecmwf_ifs,daily,22.451,11.551001,11.43,12.509334,1.5702015,82.419556,0.0,17.71879099485927,1.8700878087534532
2019-04-19 00:00:00+00:00,-36.07555,-71.75805,162.0,open-meteo_ecmwf_ifs,daily,17.901001,12.701,6.97,12.5510025,1.6064337,87.24667,0.8000001,17.537708287766065,1.2970918443595374
2019-04-20 00:00:00+00:00,-36.07555,-71.75805,162.0,open-meteo_ecmwf_ifs,daily,18.051,10.851,5.3,11.373918,1.5282189,86.140144,0.4,17.358235754562568,1.1711375039155756
2019-04-21 00:00:00+00:00,-36.07555,-71.75805,162.0,open-meteo_ecmwf_ifs,daily,18.301,8.751,12.21,9.884334,1.6953431,85.071434,0.0,17.180436297344887,1.6369982955979225
2019-04-22 00:00:00+00:00,-36.07555,-71.75805,162.0,open-meteo_ecmwf_ifs,daily,18.851,6.801,11.82,8.79475,1.717783,84.08658,0.0,17.0043718596471,1.5997835935438922
2019-04-23 00:00:00+00:00,-36.07555,-71.75805,162.0,open-meteo_ecmwf_ifs,daily,16.601,9.001,9.8,9.121835,1.5097524,83.19589,0.0,16.830103390445597,1.4150317599646793
2019-04-24 00:00:00+00:00,-36.07555,-71.75805,162.0,open-meteo_ecmwf_ifs,daily,14.651,8.451,5.69,9.457251,1.7306738,89.22989,2.4,16.65769080999082,0.9951686674326135
2019-04-25 00:00:00+00:00,-36.07555,-71.75805,162.0,open-meteo_ecmwf_ifs,daily,18.701,8.251,10.86,9.415585,1.2989801,80.25561,0.4,16.48719297751918,1.4792074006226392
2019-04-26 00:00:00+00:00,-36.07555,-71.75805,162.0,open-meteo_ecmwf_ifs,daily,19.551,6.901,14.75,8.957251,1.7885028,78.74245,0.0,16.318667660892945,1.7529090786372605
2019-04-27 00:00:00+00:00,-36.07555,-71.75805,162.0,open-meteo_ecmwf_ifs,daily,20.051,6.801,14.36,8.8885,1.764676,80.01855,0.0,16.152171508210685,1.7462351635819653
2019-04-28 00:00:00+00:00,-36.07555,-71.75805,162.0,open-meteo_ecmwf_ifs,daily,21.901001,8.351,13.0,9.605167,2.8247087,76.55547,0.0,15.987760021425702,2.077500785158575
2019-04-29 00:00:00+00:00,-36.07555,-71.75805,162.0,open-meteo_ecmwf_ifs,daily,18.451,9.301001,14.55,5.6614165,7.6121254,62.019928,0.0,15.825487532004558,3.390783226382124
2019-04-30 00:00:00+00:00,-36.07555,-71.75805,162.0,open-meteo_ecmwf_ifs,daily,18.701,2.5509999,14.9,2.13225,3.824936,61.773087,0.0,15.665407178652305,2.3631365359087235
2019-05-01 00:00:00+00:00,-36.07555,-71.75805,162.0,open-meteo_ecmwf_ifs,daily,20.101,7.3510003,13.93,4.990584,3.6733513,62.103184,0.0,15.507570887125565,2.5855661704900985
2019-05-02 00:00:00+00:00,-36.07555,-71.75805,162.0,open-meteo_ecmwf_ifs,daily,16.101,11.201,3.64,10.888501,1.9125319,84.71156,4.7,15.352029352148971,1.0044072352398608
2019-05-03 00:00:00+00:00,-36.07555,-71.75805,162.0,open-meteo_ecmwf_ifs,daily,15.551001,13.051001,2.69,12.680168,4.261754,91.91718,36.600002,15.198832021444753,0.9220676481769886
2019-05-04 00:00:00+00:00,-36.07555,-71.75805,162.0,open-meteo_ecmwf_ifs,daily,15.701,12.801001,5.29,12.507252,5.120765,91.369446,26.2,15.048027081879638,1.0984359324357031
2019-05-05 00:00:00+00:00,-36.07555,-71.75805,162.0,open-meteo_ecmwf_ifs,daily,18.351,10.501,12.5,11.101002,3.1343586,87.43353,0.3,14.89966144772741,1.6416816553385198
2019-05-06 00:00:00+00:00,-36.07555,-71.75805,162.0,open-meteo_ecmwf_ifs,daily,14.851,7.3510003,7.74,8.386416,2.3078744,86.555244,0.0,14.753780751039573,1.1089139551308573
2019-05-07 00:00:00+00:00,-36.07555,-71.75805,162.0,open-meteo_ecmwf_ifs,daily,13.601,7.151,7.98,8.761417,1.2993413,93.39036,0.0,14.610429334110822,0.9108082610643704
2019-05-08 00:00:00+00:00,-36.07555,-71.75805,162.0,open-meteo_ecmwf_ifs,daily,11.901,8.151,4.95,8.405168,1.8427209,91.96523,0.0,14.469650244020226,0.7920818289350536
2019-05-09 00:00:00+00:00,-36.07555,-71.75805,162.0,open-meteo_ecmwf_ifs,daily,11.151,7.0010004,4.55,8.1885,1.7018715,92.84552,7.7999997,14.331485229222977,0.6624727610860183
2019-05-10 00:00:00+00:00,-36.07555,-71.75805,162.0,open-meteo_ecmwf_ifs,daily,16.051,4.5010004,13.0,6.034334,2.9806468,83.59054,0.0,14.195974738161995,1.4622485022850429
2019-05-11 00:00:00+00:00,-36.07555,-71.75805,162.0,open-meteo_ecmwf_ifs,daily,16.501,4.451,11.93,6.9864173,1.7654501,85.575554,0.0,14.06315791986258,1.199638967538806
2019-05-12 00:00:00+00:00,-36.07555,-71.75805,162.0,open-meteo_ecmwf_ifs,daily,17.501,9.451,9.15,10.4635,3.84789,88.67908,0.0,13.9330726264679,1.3936336971377297
2019-05-13 00:00:00+00:00,-36.07555,-71.75805,162.0,open-meteo_ecmwf_ifs,daily,16.651001,6.301,11.95,8.94475,3.5096474,83.126625,0.0,13.805755417666933,1.2514769185145647
2019-05-14 00:00:00+00:00,-36.07555,-71.75805,162.0,open-meteo_ecmwf_ifs,daily,17.051,5.301,10.38,8.384334,1.0595797,92.35184,0.0,13.681241566961397,1.0151989337058385
2019-05-15 00:00:00+00:00,-36.07555,-71.75805,162.0,open-meteo_ecmwf_ifs,daily,14.801001,5.6010003,8.25,9.009334,1.7016258,94.25406,0.0,13.559565069712148,0.815435581861687
2019-05-16 00:00:00+00:00,-36.07555,-71.75805,162.0,open-meteo_ecmwf_ifs,daily,14.251,9.251,5.1,9.005167,3.5154915,87.720406,0.0,13.440758652900527,1.09095838403777
2019-05-17 00:00:00+00:00,-36.07555,-71.75805,162.0,open-meteo_ecmwf_ifs,daily,12.051001,9.451,2.08,9.117667,3.9928484,91.29246,27.3,13.324853786534561,0.7733691308080525
2019-05-18 00:00:00+00:00,-36.07555,-71.75805,162.0,open-meteo_ecmwf_ifs,daily,15.351,6.701,11.76,6.4447503,3.5948727,83.656425,0.4,13.211880696624863,1.511915033105436
2019-05-19 00:00:00+00:00,-36.07555,-71.75805,162.0,open-meteo_ecmwf_ifs,daily,15.351,4.301,11.98,4.3405833,5.2980866,73.13193,0.0,13.101868379650254,1.8061508731795077
2019-05-20 00:00:00+00:00,-36.07555,-71.75805,162.0,open-meteo_ecmwf_ifs,daily,10.151,6.1010003,4.72,5.301,2.96923,82.15901,3.1999998,12.994844618428031,0.9076363511996389
2019-05-21 00:00:00+00:00,-36.07555,-71.75805,162.0,open-meteo_ecmwf_ifs,daily,16.951,4.551,9.41,5.4301677,3.357331,82.1007,0.90000004,12.890835999299556,1.5015410452507092
2019-05-22 00:00:00+00:00,-36.07555,-71.75805,162.0,open-meteo_ecmwf_ifs,daily,12.451,0.60099995,11.77,2.7405834,1.5368289,74.832344,0.0,12.789867930537339,0.8936381881024723
2019-05-23 00:00:00+00:00,-36.07555,-71.75805,162.0,open-meteo_ecmwf_ifs,daily,11.601,0.60099995,9.19,3.8801668,1.1553124,92.98957,0.0,12.69196466187576,0.7046543658051428
2019-05-24 00:00:00+00:00,-36.07555,-71.75805,162.0,open-meteo_ecmwf_ifs,daily,12.401,4.5010004,6.96,5.5968337,1.6676979,91.53332,0.0,12.597149305063722,0.8199501123944314
2019-05-25 00:00:00+00:00,-36.07555,-71.75805,162.0,open-meteo_ecmwf_ifs,daily,13.001,5.3510003,6.48,6.621834,2.4735873,87.99454,0.1,12.50544385533427,0.8688573081641333
2019-05-26 00:00:00+00:00,-36.07555,-71.75805,162.0,open-meteo_ecmwf_ifs,daily,14.201,8.351,4.36,8.807252,3.307582,87.6276,8.8,12.416869213682778,0.9480718827567678
2019-05-27 00:00:00+00:00,-36.07555,-71.75805,162.0,open-meteo_ecmwf_ifs,daily,14.051001,5.3510003,6.37,8.228085,2.3650992,88.62067,5.8,12.331445209842643,0.7199463457624004
2019-05-28 00:00:00+00:00,-36.07555,-71.75805,162.0,open-meteo_ecmwf_ifs,daily,15.951,8.201,9.89,9.059334,1.567191,86.655464,5.1,12.249190625845157,0.9637440498875779
2019-05-29 00:00:00+00:00,-36.07555,-71.75805,162.0,open-meteo_ecmwf_ifs,daily,12.651,9.401,1.75,8.773917,4.4907527,87.05902,14.000001,12.170123220047914,0.9245990284750203
2019-05-30 00:00:00+00:00,-36.07555,-71.75805,162.0,open-meteo_ecmwf_ifs,daily,13.951,10.551001,5.44,8.696834,7.9483986,82.116684,16.800001,12.094259751514848,1.6093731482163571
2019-05-31 00:00:00+00:00,-36.07555,-71.75805,162.0,open-meteo_ecmwf_ifs,daily,12.451,10.251,1.66,8.413501,7.358249,83.692696,22.400002,12.021616004629552,1.2909597991739523
2019-06-01 00:00:00+00:00,-36.07555,-71.75805,162.0,open-meteo_ecmwf_ifs,daily,14.451,9.751,4.5,8.873917,5.5374475,85.67749,23.300003,11.95220681382314,1.3115562751612737
2019-06-02 00:00:00+00:00,-36.07555,-71.75805,162.0,open-meteo_ecmwf_ifs,daily,17.351,9.801001,9.51,8.721833,2.5733645,80.3821,5.1000004,11.88604608829744,1.3398089016846282
2019-06-03 00:00:00+00:00,-36.07555,-71.75805,162.0,open-meteo_ecmwf_ifs,daily,15.251,4.8510003,8.72,6.621834,1.1344539,83.69325,0.0,11.823146836624794,0.794030330214968
2019-06-04 00:00:00+00:00,-36.07555,-71.75805,162.0,open-meteo_ecmwf_ifs,daily,14.151,8.401,5.51,9.648917,2.5338373,93.687035,3.0,11.763521191106538,0.7440181541994839
2019-06-05 00:00:00+00:00,-36.07555,-71.75805,162.0,open-meteo_ecmwf_ifs,daily,15.451,10.351,3.91,9.855166,5.628362,86.817696,28.8,11.707180431773345,1.2919354063547523
2019-06-06 00:00:00+00:00,-36.07555,-71.75805,162.0,open-meteo_ecmwf_ifs,daily,12.451,8.251,5.25,9.61975,3.6296206,91.54783,16.7,11.654135009912755,0.5704818058043722
2019-06-07 00:00:00+00:00,-36.07555,-71.75805,162.0,open-meteo_ecmwf_ifs,daily,13.151,2.651,9.5,4.8468337,3.2188265,86.31843,0.3,11.604394571011357,0.9126056372166877
2019-06-08 00:00:00+00:00,-36.07555,-71.75805,162.0,open-meteo_ecmwf_ifs,daily,14.301001,3.5509999,10.4,5.0885005,3.1104577,84.25987,0.0,11.557967977002177,1.048969597859053
2019-06-09 00:00:00+00:00,-36.07555,-71.75805,162.0,open-meteo_ecmwf_ifs,daily,12.701,3.9009998,7.55,6.103084,2.1163194,92.781624,0.0,11.514863327711032,0.7130363549595157
2019-06-10 00:00:00+00:00,-36.07555,-71.75805,162.0,open-meteo_ecmwf_ifs,daily,12.951,6.5010004,5.99,7.215584,2.9212234,89.12946,0.0,11.475087981399868,0.846003766034845
2019-06-11 00:00:00+00:00,-36.07555,-71.75805,162.0,open-meteo_ecmwf_ifs,daily,12.101,5.151,4.2,6.4635005,3.0618808,91.257225,3.3000002,11.438648574309193,0.7561794405384521
2019-06-12 00:00:00+00:00,-36.07555,-71.75805,162.0,open-meteo_ecmwf_ifs,daily,12.151,9.751,2.94,7.8030834,7.681616,83.34491,19.300001,11.405551039107118,1.3524948989898193
2019-06-13 00:00:00+00:00,-36.07555,-71.75805,162.0,open-meteo_ecmwf_ifs,daily,10.501,7.2510004,4.09,7.355167,3.8079376,90.27646,7.3,11.375800622157493,0.6762742049475569
2019-06-14 00:00:00+00:00,-36.07555,-71.75805,162.0,open-meteo_ecmwf_ifs,daily,8.851,6.6010003,3.18,5.5926666,4.228337,86.783295,19.5,11.349401899525892,0.7796573471673
2019-06-15 00:00:00+00:00,-36.07555,-71.75805,162.0,open-meteo_ecmwf_ifs,daily,10.351,1.701,7.11,3.2468338,1.9743996,87.111885,0.8000001,11.32635879164836,0.681031079879788
2019-06-16 00:00:00+00:00,-36.07555,-71.75805,162.0,open-meteo_ecmwf_ifs,daily,12.001,0.85099995,9.76,2.503083,1.6471944,83.81072,0.0,11.306674576594556,0.7381459726940431
2019-06-17 00:00:00+00:00,-36.07555,-71.75805,162.0,open-meteo_ecmwf_ifs,daily,12.301001,0.201,9.71,1.9405832,1.6122874,81.38867,0.2,11.290351901864103,0.7507190186643925
2019-06-18 00:00:00+00:00,-36.07555,-71.75805,162.0,open-meteo_ecmwf_ifs,daily,13.001,5.451,9.71,5.594751,2.1731026,83.02114,0.8,11.277392794662271,0.8814483782443304
2019-06-19 00:00:00+00:00,-36.07555,-71.75805,162.0,open-meteo_ecmwf_ifs,daily,14.851,2.001,8.97,2.41975,3.134217,74.16418,0.0,11.267798670609043,1.2746156865051264
2019-06-20 00:00:00+00:00,-36.07555,-71.75805,162.0,open-meteo_ecmwf_ifs,daily,12.301001,3.251,6.37,5.417668,1.8204331,92.572845,0.0,11.261570340843303,0.6684034341953281
2019-06-21 00:00:00+00:00,-36.07555,-71.75805,162.0,open-meteo_ecmwf_ifs,daily,13.801001,5.301,9.11,6.9280834,1.5428933,90.07727,0.0,11.258708017492333,0.7214509394162235
2019-06-22 00:00:00+00:00,-36.07555,-71.75805,162.0,open-meteo_ecmwf_ifs,daily,15.001,5.6010003,8.4,6.7530828,3.08977,87.63648,0.0,11.259211317484986,1.0302674194064998
2019-06-23 00:00:00+00:00,-36.07555,-71.75805,162.0,open-meteo_ecmwf_ifs,daily,12.751,5.8510003,3.88,7.753084,1.4209615,94.037605,0.2,11.263079264695396,0.5899807786842257
2019-06-24 00:00:00+00:00,-36.07555,-71.75805,162.0,open-meteo_ecmwf_ifs,daily,9.951,4.551,4.16,5.384334,3.2257974,90.86854,4.6999993,11.270310290412631,0.672121562151744
2019-06-25 00:00:00+00:00,-36.07555,-71.75805,162.0,open-meteo_ecmwf_ifs,daily,9.651,-1.599,10.23,0.8843333,1.2417738,84.076546,0.0,11.280902232140207,0.5693937888351213
2019-06-26 00:00:00+00:00,-36.07555,-71.75805,162.0,open-meteo_ecmwf_ifs,daily,9.301001,4.401,0.96,2.5864165,4.25506,77.513885,5.2,11.294852330737816,1.1518250382778799
2019-06-27 00:00:00+00:00,-36.07555,-71.75805,162.0,open-meteo_ecmwf_ifs,daily,11.551001,7.651,2.23,5.8926663,8.064919,78.50378,3.4999998,11.312157225926171,1.4659645913103119
2019-06-28 00:00:00+00:00,-36.07555,-71.75805,162.0,open-meteo_ecmwf_ifs,daily,11.251,8.151,1.86,7.2885013,5.06213,83.93664,29.199997,11.332812950183955,0.9412391832641779
2019-06-29 00:00:00+00:00,-36.07555,-71.75805,162.0,open-meteo_ecmwf_ifs,daily,10.351,7.301,2.82,7.028084,4.858641,87.12186,23.2,11.356814921074179,0.7626557703820197
2019-06-30 00:00:00+00:00,-36.07555,-71.75805,162.0,open-meteo_ecmwf_ifs,daily,12.401,3.8009999,9.95,5.0676665,3.3759167,86.78118,0.0,11.384157932044886,0.9108744513650585
2019-07-01 00:00:00+00:00,-36.07555,-71.75805,162.0,open-meteo_ecmwf_ifs,daily,10.701,-0.599,10.7,1.8926668,3.3088741,84.20921,0.0,11.414836141756966,0.8116817310891311
2019-07-02 00:00:00+00:00,-36.07555,-71.75805,162.0,open-meteo_ecmwf_ifs,daily,9.951,2.3009999,3.07,3.0739172,1.3698012,84.84196,0.4,11.448843061998936,0.6509578934016574
2019-07-03 00:00:00+00:00,-36.07555,-71.75805,162.0,open-meteo_ecmwf_ifs,daily,10.201,3.501,3.5,4.7197504,1.3922993,90.04059,0.0,11.486171544255617,0.5979645439278061
2019-07-04 00:00:00+00:00,-36.07555,-71.75805,162.0,open-meteo_ecmwf_ifs,daily,12.051001,3.251,10.86,4.6384997,4.110944,84.94329,0.0,11.526813765004155,0.963574059718504
2019-07-05 00:00:00+00:00,-36.07555,-71.75805,162.0,open-meteo_ecmwf_ifs,daily,15.351,-0.499,10.84,2.4301667,3.6348827,80.43802,0.0,11.570761209816999,1.2043989500842942
2019-07-06 00:00:00+00:00,-36.07555,-71.75805,162.0,open-meteo_ecmwf_ifs,daily,12.351,1.201,6.31,4.353083,2.8690813,87.569916,0.0,11.618004656357021,0.748300166717651
2019-07-07 00:00:00+00:00,-36.07555,-71.75805,162.0,open-meteo_ecmwf_ifs,daily,15.001,8.101,6.49,8.513499,3.9478378,83.843956,0.0,11.668534156355456,1.1099408429462116
2019-07-08 00:00:00+00:00,-36.07555,-71.75805,162.0,open-meteo_ecmwf_ifs,daily,13.601,7.151,4.81,8.098916,3.0260813,87.24412,0.0,11.722339016667867,0.8409381669748298
2019-07-09 00:00:00+00:00,-36.07555,-71.75805,162.0,open-meteo_ecmwf_ifs,daily,14.301001,4.8510003,8.26,7.51975,1.6646239,91.53727,0.0,11.77940777950765,0.7340007463462818
2019-07-10 00:00:00+00:00,-36.07555,-71.75805,162.0,open-meteo_ecmwf_ifs,daily,13.801001,6.201,5.33,8.278085,2.911493,91.83285,0.5,11.839728201960423,0.7430368061702456
2019-07-11 00:00:00+00:00,-36.07555,-71.75805,162.0,open-meteo_ecmwf_ifs,daily,13.251,8.701,7.17,8.340583,1.0890822,88.36508,1.1,11.903287234885772,0.7625563147811605
2019-07-12 00:00:00+00:00,-36.07555,-71.75805,162.0,open-meteo_ecmwf_ifs,daily,12.001,5.2510004,7.93,6.2572494,1.4508172,90.5299,0.0,11.970071001315455,0.7294471801216051
2019-07-13 00:00:00+00:00,-36.07555,-71.75805,162.0,open-meteo_ecmwf_ifs,daily,13.101,4.401,8.24,5.903084,1.6904707,86.37045,4.7,12.04006477445958,0.8039617198687943
2019-07-14 00:00:00+00:00,-36.07555,-71.75805,162.0,open-meteo_ecmwf_ifs,daily,13.301001,4.701,8.9,5.9822507,1.3036731,85.77603,0.0,12.113252955433603,0.794300426192101
2019-07-15 00:00:00+00:00,-36.07555,-71.75805,162.0,open-meteo_ecmwf_ifs,daily,14.851,3.3009999,11.23,4.480167,4.026355,78.92852,0.0,12.189619050820331,1.3512927901168612
2019-07-16 00:00:00+00:00,-36.07555,-71.75805,162.0,open-meteo_ecmwf_ifs,daily,11.851,2.5509999,7.28,4.546833,2.0019677,87.91937,0.0,12.26914565018171,0.7755097466168301
2019-07-17 00:00:00+00:00,-36.07555,-71.75805,162.0,open-meteo_ecmwf_ifs,daily,11.351,6.401,2.5,7.2989173,2.7253504,92.260765,13.099999,12.351814403635155,0.6625883953474487
2019-07-18 00:00:00+00:00,-36.07555,-71.75805,162.0,open-meteo_ecmwf_ifs,daily,13.001,2.201,11.97,3.5322504,3.7656944,78.65254,1.0,12.437605999609026,1.1942336260766073
2019-07-19 00:00:00+00:00,-36.07555,-71.75805,162.0,open-meteo_ecmwf_ifs,daily,10.601,0.951,4.46,2.9051666,1.9760796,87.80288,0.0,12.526500142890944,0.7375444172089379
2019-07-20 00:00:00+00:00,-36.07555,-71.75805,162.0,open-meteo_ecmwf_ifs,daily,11.951,3.7510002,4.15,5.4051666,3.346483,86.543884,0.2,12.61847553308122,0.8423885993439163
2019-07-21 00:00:00+00:00,-36.07555,-71.75805,162.0,open-meteo_ecmwf_ifs,daily,10.251,4.951,8.32,5.6635013,4.7689843,85.81483,26.300001,12.713509843562333,0.8616521375585418
2019-07-22 00:00:00+00:00,-36.07555,-71.75805,162.0,open-meteo_ecmwf_ifs,daily,10.851,0.551,12.01,2.8447504,3.3001022,82.2209,2.3999999,12.81157970109291,0.9354903575262556
2019-07-23 00:00:00+00:00,-36.07555,-71.75805,162.0,open-meteo_ecmwf_ifs,daily,9.051001,-3.4490001,12.45,-1.2948333,2.3631947,75.21147,0.0,12.912660666132476,0.8944637933781963
2019-07-24 00:00:00+00:00,-36.07555,-71.75805,162.0,open-meteo_ecmwf_ifs,daily,12.201,-2.499,12.46,-0.23233336,1.8959295,79.558655,0.0,13.016727214000207,0.9981156000814684
2019-07-25 00:00:00+00:00,-36.07555,-71.75805,162.0,open-meteo_ecmwf_ifs,daily,11.801001,3.9009998,7.34,4.6822495,3.3061726,81.71229,0.1,13.123752716967932,1.026140308134804
2019-07-26 00:00:00+00:00,-36.07555,-71.75805,162.0,open-meteo_ecmwf_ifs,daily,14.451,4.051,11.3,4.936417,2.1602614,82.27714,0.0,13.233709427383982,1.1733491487605077
2019-07-27 00:00:00+00:00,-36.07555,-71.75805,162.0,open-meteo_ecmwf_ifs,daily,10.951,2.001,6.33,4.157251,1.85398,87.58688,0.0,13.346568461920898,0.7599586117325573
2019-07-28 00:00:00+00:00,-36.07555,-71.75805,162.0,open-meteo_ecmwf_ifs,daily,12.351,5.451,3.26,6.6676674,3.2308238,89.82087,4.3999996,13.462299787035775,0.8389635257054013
2019-07-29 00:00:00+00:00,-36.07555,-71.75805,162.0,open-meteo_ecmwf_ifs,daily,15.301001,9.001,6.19,8.730167,3.9801433,85.25124,18.600004,13.580872205728074,1.318013290736906
2019-07-30 00:00:00+00:00,-36.07555,-71.75805,162.0,open-meteo_ecmwf_ifs,daily,17.101,8.901,9.04,9.563501,1.3025311,85.33078,0.1,13.702253345674864,1.113130962553756
2019-07-31 00:00:00+00:00,-36.07555,-71.75805,162.0,open-meteo_ecmwf_ifs,daily,13.151,7.1010003,9.81,8.16975,2.5719316,85.42808,1.9000001,13.826409648819219,0.9949173898358047
2019-08-01 00:00:00+00:00,-36.07555,-71.75805,162.0,open-meteo_ecmwf_ifs,daily,11.401,3.8009999,11.51,4.8093333,2.5288846,83.98147,3.3999996,13.953306362482394,1.050252322616626
2019-08-02 00:00:00+00:00,-36.07555,-71.75805,162.0,open-meteo_ecmwf_ifs,daily,13.501,3.151,13.42,2.3760002,6.4641585,70.72944,0.0,14.082907532065407,2.0080817370665978
2019-08-03 00:00:00+00:00,-36.07555,-71.75805,162.0,open-meteo_ecmwf_ifs,daily,16.201,-0.09899999,13.2,3.4364164,2.3923793,81.80483,0.0,14.215175995400918,1.3117448179679185
2019-08-04 00:00:00+00:00,-36.07555,-71.75805,162.0,open-meteo_ecmwf_ifs,daily,15.750999,0.0010000169,13.72,4.9405837,1.4055891,85.020485,0.0,14.350073378810446,1.089737671546285
2019-08-05 00:00:00+00:00,-36.07555,-71.75805,162.0,open-meteo_ecmwf_ifs,daily,14.251,3.601,12.29,5.5864167,1.668954,88.536194,0.0,14.487560094917503,1.1594399116525609
2019-08-06 00:00:00+00:00,-36.07555,-71.75805,162.0,open-meteo_ecmwf_ifs,daily,11.451,6.201,9.36,6.448917,2.196862,87.35264,6.8,14.627595342261005,1.0213162340455904
2019-08-07 00:00:00+00:00,-36.07555,-71.75805,162.0,open-meteo_ecmwf_ifs,daily,12.101,3.451,14.23,2.1614168,6.6298356,71.76091,0.0,14.77013710674848,1.9737229362319948
2019-08-08 00:00:00+00:00,-36.07555,-71.75805,162.0,open-meteo_ecmwf_ifs,daily,11.501,-2.099,13.83,1.1843334,2.2188494,81.14647,0.0,14.91514216498304,1.1103242753697566
2019-08-09 00:00:00+00:00,-36.07555,-71.75805,162.0,open-meteo_ecmwf_ifs,daily,9.151,0.50100005,9.98,2.3218334,1.4355894,89.355156,0.0,15.062566089492254,0.8922870699999196
2019-08-10 00:00:00+00:00,-36.07555,-71.75805,162.0,open-meteo_ecmwf_ifs,daily,10.351,0.35099998,8.03,2.359333,2.437728,84.94911,0.0,15.212363255882018,0.9632675876170188
2019-08-11 00:00:00+00:00,-36.07555,-71.75805,162.0,open-meteo_ecmwf_ifs,daily,11.651,2.201,10.25,4.8468337,2.988365,87.865685,7.8999996,15.364486851932718,1.0087573101965157
2019-08-12 00:00:00+00:00,-36.07555,-71.75805,162.0,open-meteo_ecmwf_ifs,daily,14.351,1.8510001,13.96,4.003083,2.6224022,82.287834,3.3999999,15.518888888649574,1.4295119555578168
2019-08-13 00:00:00+00:00,-36.07555,-71.75805,162.0,open-meteo_ecmwf_ifs,daily,15.951,-1.149,12.27,1.0114168,2.938968,70.25293,0.0,15.675520213273591,1.6389046715479674
2019-08-14 00:00:00+00:00,-36.07555,-71.75805,162.0,open-meteo_ecmwf_ifs,daily,17.701,0.951,13.41,4.9218335,2.5394895,82.79315,0.0,15.834330524254199,1.5290049853184697
2019-08-15 00:00:00+00:00,-36.07555,-71.75805,162.0,open-meteo_ecmwf_ifs,daily,14.551001,4.651,10.66,7.615584,2.4223413,89.879,0.0,15.995268388179062,1.1492109106296007
2019-08-16 00:00:00+00:00,-36.07555,-71.75805,162.0,open-meteo_ecmwf_ifs,daily,13.401,7.151,6.29,7.051001,2.6638563,84.41521,1.4,16.158281258651435,1.183076644150799
2019-08-17 00:00:00+00:00,-36.07555,-71.75805,162.0,open-meteo_ecmwf_ifs,daily,13.501,8.101,7.98,7.363501,6.032697,85.00901,16.900005,16.323315497100086,1.580554106880997
2019-08-18 00:00:00+00:00,-36.07555,-71.75805,162.0,open-meteo_ecmwf_ifs,daily,14.301001,5.451,12.41,7.2760005,2.0401974,90.46076,0.0,16.490316395501566,1.3332915725718404
2019-08-19 00:00:00+00:00,-36.07555,-71.75805,162.0,open-meteo_ecmwf_ifs,daily,13.551001,4.701,6.56,6.4885006,1.883718,88.515045,0.0,16.65922820098957,1.029874722721244
2019-08-20 00:00:00+00:00,-36.07555,-71.75805,162.0,open-meteo_ecmwf_ifs,daily,16.801,5.701,9.22,7.8947506,1.4180616,86.11099,0.0,16.829994142321056,1.2766439628916149
2019-08-21 00:00:00+00:00,-36.07555,-71.75805,162.0,open-meteo_ecmwf_ifs,daily,15.801001,7.401,9.09,7.521833,2.7082605,79.81771,0.0,17.00255645816395,1.53237133681333
2019-08-22 00:00:00+00:00,-36.07555,-71.75805,162.0,open-meteo_ecmwf_ifs,daily,18.701,2.851,15.29,6.376001,2.5317626,79.74997,0.0,17.176856427166303,1.8058544701683712
2019-08-23 00:00:00+00:00,-36.07555,-71.75805,162.0,open-meteo_ecmwf_ifs,daily,16.351,4.651,12.67,6.6426673,1.7224845,83.427315,0.0,17.352834399762216,1.531280480013363
2019-08-24 00:00:00+00:00,-36.07555,-71.75805,162.0,open-meteo_ecmwf_ifs,daily,17.401001,5.701,12.96,8.078084,2.696195,80.673134,0.0,17.530429831665227,1.6695966194670895
2019-08-25 00:00:00+00:00,-36.07555,-71.75805,162.0,open-meteo_ecmwf_ifs,daily,16.051,7.051,9.94,7.2760005,2.53681,76.25854,0.4,17.709581318995312,1.6115632742002373
2019-08-26 00:00:00+00:00,-36.07555,-71.75805,162.0,open-meteo_ecmwf_ifs,daily,12.201,9.951,1.4,8.992667,2.0690122,87.43644,17.500002,17.890226634981417,0.7818085002610862
2019-08-27 00:00:00+00:00,-36.07555,-71.75805,162.0,open-meteo_ecmwf_ifs,daily,18.551,6.951,11.76,9.711416,1.4208397,91.86895,0.0,18.072302768177465,1.5485366248422805
2019-08-28 00:00:00+00:00,-36.07555,-71.75805,162.0,open-meteo_ecmwf_ifs,daily,15.201,7.551,5.05,10.280168,1.9758143,91.127556,0.5,18.255745962125253,0.8792230385176916
2019-08-29 00:00:00+00:00,-36.07555,-71.75805,162.0,open-meteo_ecmwf_ifs,daily,14.651,5.051,17.04,5.5572505,4.265495,75.318,2.6999998,18.44049175639456,2.0487912045005854
2019-08-30 00:00:00+00:00,-36.07555,-71.75805,162.0,open-meteo_ecmwf_ifs,daily,15.401,4.651,17.84,4.23225,5.1382627,73.10055,0.0,18.626475028926293,2.4466142938279214
2019-08-31 00:00:00+00:00,-36.07555,-71.75805,162.0,open-meteo_ecmwf_ifs,daily,15.151,4.1010003,18.29,3.4093335,6.557981,70.25733,0.0,18.813630039601797,2.6423190300537587
2019-09-01 00:00:00+00:00,-36.07555,-71.75805,162.0,open-meteo_ecmwf_ifs,daily,15.451,0.701,18.6,2.49475,4.7034154,72.267204,0.0,19.00189047495753,2.2424234089637776
2019-09-02 00:00:00+00:00,-36.07555,-71.75805,162.0,open-meteo_ecmwf_ifs,daily,16.401001,1.351,18.01,1.6072502,4.74537,66.082664,0.0,19.191189493961588,2.5732834373980085
2019-09-03 00:00:00+00:00,-36.07555,-71.75805,162.0,open-meteo_ecmwf_ifs,daily,16.351,0.051,19.03,1.6739168,2.1830347,68.10536,0.0,19.381459774765457,2.1288589963054525
2019-09-04 00:00:00+00:00,-36.07555,-71.75805,162.0,open-meteo_ecmwf_ifs,daily,15.951,2.901,11.95,5.0489173,1.4643292,81.89092,0.0,19.57263356234178,1.5762188601406044
2019-09-05 00:00:00+00:00,-36.07555,-71.75805,162.0,open-meteo_ecmwf_ifs,daily,12.951,8.801001,4.87,7.2114177,4.95684,79.1532,1.7,19.764642716916505,1.5174880998769884
2019-09-06 00:00:00+00:00,-36.07555,-71.75805,162.0,open-meteo_ecmwf_ifs,daily,12.051001,7.2510004,4.64,8.292667,1.7863673,94.10099,5.5999994,19.957418763101316,0.8730545740328975
2019-09-07 00:00:00+00:00,-36.07555,-71.75805,162.0,open-meteo_ecmwf_ifs,daily,11.601,7.651,8.95,7.1885,1.7200278,86.850746,4.2000003,20.150892939630538,1.2798493979609002
2019-09-08 00:00:00+00:00,-36.07555,-71.75805,162.0,open-meteo_ecmwf_ifs,daily,13.251,3.451,10.64,4.5759997,2.5258663,82.453026,0.0,20.344996249604733,1.5254133434513266
2019-09-09 00:00:00+00:00,-36.07555,-71.75805,162.0,open-meteo_ecmwf_ifs,daily,11.101,7.401,4.85,5.2635,7.120123,79.505196,18.000002,20.539659511141743,1.662831033821287
2019-09-10 00:00:00+00:00,-36.07555,-71.75805,162.0,open-meteo_ecmwf_ifs,daily,15.501,2.701,17.22,5.3926673,1.8123516,77.36797,1.8000001,20.73481340833476,1.9317975988973632
2019-09-11 00:00:00+00:00,-36.07555,-71.75805,162.0,open-meteo_ecmwf_ifs,daily,15.251,5.451,14.99,7.182251,1.4556514,84.03748,3.1999998,20.93038854241589,1.8190691766624758
2019-09-12 00:00:00+00:00,-36.07555,-71.75805,162.0,open-meteo_ecmwf_ifs,daily,18.351,4.151,19.99,6.601,3.876444,78.68757,0.0,21.12631548302286,2.533367936886592
2019-09-13 00:00:00+00:00,-36.07555,-71.75805,162.0,open-meteo_ecmwf_ifs,daily,19.301,5.1010003,19.85,8.173918,2.6959593,80.37795,0.0,21.322524819466494,2.4655125873048256
2019-09-14 00:00:00+00:00,-36.07555,-71.75805,162.0,open-meteo_ecmwf_ifs,daily,13.251,7.7510004,3.97,9.180166,2.6164265,92.31834,5.1,21.518947211895632,0.8770758610010494
2019-09-15 00:00:00+00:00,-36.07555,-71.75805,162.0,open-meteo_ecmwf_ifs,daily,11.651,6.7510004,7.05,6.959334,2.9002256,87.258644,10.199999,21.715513442257098,1.1974062229999045
2019-09-16 00:00:00+00:00,-36.07555,-71.75805,162.0,open-meteo_ecmwf_ifs,daily,15.701,2.8009999,21.68,2.8885002,5.789266,71.69095,0.0,21.912154464948085,2.8876113175237026
2019-09-17 00:00:00+00:00,-36.07555,-71.75805,162.0,open-meteo_ecmwf_ifs,daily,14.301001,3.401,15.11,5.4530835,3.973139,79.72303,0.0,22.108801457059048,1.8948332254991538
2019-09-18 00:00:00+00:00,-36.07555,-71.75805,162.0,open-meteo_ecmwf_ifs,daily,15.101,5.0010004,17.97,6.2239165,3.162412,82.39736,0.0,22.305385868106683,2.212984718556931
2019-09-19 00:00:00+00:00,-36.07555,-71.75805,162.0,open-meteo_ecmwf_ifs,daily,12.901,4.451,22.11,1.3676666,6.982121,61.514736,0.0,22.501839469156753,3.1293055197239252
2019-09-20 00:00:00+00:00,-36.07555,-71.75805,162.0,open-meteo_ecmwf_ifs,daily,14.751,3.0509999,22.41,2.6593335,5.147858,69.170235,0.0,22.698094401239178,2.860719750364092
2019-09-21 00:00:00+00:00,-36.07555,-71.75805,162.0,open-meteo_ecmwf_ifs,daily,17.151001,4.201,22.19,3.6468337,6.8300743,66.79267,0.0,22.894083222958763,3.3513626321946517
2019-09-22 00:00:00+00:00,-36.07555,-71.75805,162.0,open-meteo_ecmwf_ifs,daily,18.451,2.3009999,20.74,6.4926667,1.9455266,79.816345,0.0,23.089738957207196,2.4410495121434814
2019-09-23 00:00:00+00:00,-36.07555,-71.75805,162.0,open-meteo_ecmwf_ifs,daily,16.251,6.3510003,15.35,8.982251,1.682178,90.246826,0.0,23.284995136884657,1.961588819111202
2019-09-24 00:00:00+00:00,-36.07555,-71.75805,162.0,open-meteo_ecmwf_ifs,daily,20.451,9.151,19.77,10.903084,1.4303826,86.44468,0.5,23.479785849541383,2.748179051359319
2019-09-25 00:00:00+00:00,-36.07555,-71.75805,162.0,open-meteo_ecmwf_ifs,daily,19.901001,10.901,18.71,12.367668,1.4455947,87.83764,0.0,23.674045780852957,2.6508735681304625
2019-09-26 00:00:00+00:00,-36.07555,-71.75805,162.0,open-meteo_ecmwf_ifs,daily,17.701,12.051001,10.26,12.648918,2.037107,90.80429,0.0,23.867710256845903,1.7394916172803885
2019-09-27 00:00:00+00:00,-36.07555,-71.75805,162.0,open-meteo_ecmwf_ifs,daily,17.101,10.001,14.26,9.030167,3.8899314,76.56824,0.9,24.06071528479366,2.4893676570461007
2019-09-28 00:00:00+00:00,-36.07555,-71.75805,162.0,open-meteo_ecmwf_ifs,daily,18.751,5.151,22.3,8.117667,2.1341045,82.23081,0.0,24.252997592706706,2.7788730939377806
2019-09-29 00:00:00+00:00,-36.07555,-71.75805,162.0,open-meteo_ecmwf_ifs,daily,16.701,6.651,12.64,7.671833,3.0270412,82.22731,0.3,24.444494667344415,2.07801714686679
2019-09-30 00:00:00+00:00,-36.07555,-71.75805,162.0,open-meteo_ecmwf_ifs,daily,12.101,7.8010006,10.63,5.9926677,3.1386178,79.65327,3.7,24.63514479068026,1.824697056452681
2019-10-01 00:00:00+00:00,-36.07555,-71.75805,162.0,open-meteo_ecmwf_ifs,daily,12.251,3.151,16.2,4.1447506,1.6600376,81.946175,4.2000003,24.824887074756717,1.956899234866357
2019-10-02 00:00:00+00:00,-36.07555,-71.75805,162.0,open-meteo_ecmwf_ifs,daily,14.401,1.351,20.93,2.9426668,1.6093769,74.84714,1.2,25.013661494869872,2.4208635951174293
2019-10-03 00:00:00+00:00,-36.07555,-71.75805,162.0,open-meteo_ecmwf_ifs,daily,13.601,2.251,20.07,3.8489168,2.417755,77.481575,0.1,25.20140892102965,2.3270788244310374
2019-10-04 00:00:00+00:00,-36.07555,-71.75805,162.0,open-meteo_ecmwf_ifs,daily,16.151001,3.601,24.81,4.3968334,4.2949224,75.16324,0.0,25.38807114764536,3.083653002219266
2019-10-05 00:00:00+00:00,-36.07555,-71.75805,162.0,open-meteo_ecmwf_ifs,daily,15.501,2.351,20.41,3.7447503,2.8085108,72.66759,0.0,25.57359092139206,2.5929500795526947
2019-10-06 00:00:00+00:00,-36.07555,-71.75805,162.0,open-meteo_ecmwf_ifs,daily,19.651001,5.1010003,21.03,6.3635006,2.2944465,73.72759,0.0,25.757911967218206,3.0281703031541976
2019-10-07 00:00:00+00:00,-36.07555,-71.75805,162.0,open-meteo_ecmwf_ifs,daily,19.351,10.201,23.71,8.757251,3.8601735,73.269516,0.0,25.94097901246006,3.694151317882098
2019-10-08 00:00:00+00:00,-36.07555,-71.75805,162.0,open-meteo_ecmwf_ifs,daily,20.901001,4.6010003,22.42,4.34475,4.78748,59.765392,0.0,26.122737809034707,3.8452744084233808
2019-10-09 00:00:00+00:00,-36.07555,-71.75805,162.0,open-meteo_ecmwf_ifs,daily,24.651001,7.701,22.38,7.717667,4.06601,62.532322,0.0,26.303135153687794,4.200779157436709
2019-10-10 00:00:00+00:00,-36.07555,-71.75805,162.0,open-meteo_ecmwf_ifs,daily,21.201,10.251,14.91,10.753083,2.0211263,74.67993,0.0,26.482118906279098,2.6652615150457404
2019-10-11 00:00:00+00:00,-36.07555,-71.75805,162.0,open-meteo_ecmwf_ifs,daily,17.751,9.901,8.17,11.223916,1.6037506,84.244705,0.0,26.659638006093488,1.5811094852250096
2019-10-12 00:00:00+00:00,-36.07555,-71.75805,162.0,open-meteo_ecmwf_ifs,daily,20.751,10.151,22.08,6.8989167,2.4476554,60.3474,0.0,26.83564248617153,3.7733754285537655
2019-10-13 00:00:00+00:00,-36.07555,-71.75805,162.0,open-meteo_ecmwf_ifs,daily,20.201,7.6010003,21.07,7.8197503,3.173322,66.90523,0.0,27.010083485659194,3.3669236190781526
2019-10-14 00:00:00+00:00,-36.07555,-71.75805,162.0,open-meteo_ecmwf_ifs,daily,18.951,10.351,14.36,9.932251,4.501082,76.82888,7.4000006,27.18291326018198,2.7903826399625116
2019-10-15 00:00:00+00:00,-36.07555,-71.75805,162.0,open-meteo_ecmwf_ifs,daily,19.301,10.701,19.91,8.9885,3.8061674,70.6623,1.7000002,27.35408519025467,3.4715382276117905
2019-10-16 00:00:00+00:00,-36.07555,-71.75805,162.0,open-meteo_ecmwf_ifs,daily,16.951,6.901,16.56,7.626,2.9313996,75.60067,0.3,27.523553787743452,2.5468530727740366
2019-10-17 00:00:00+00:00,-36.07555,-71.75805,162.0,open-meteo_ecmwf_ifs,daily,17.251,9.451,18.37,6.371834,2.7836316,67.52063,1.6,27.69127470040259,3.173353807583787
2019-10-18 00:00:00+00:00,-36.07555,-71.75805,162.0,open-meteo_ecmwf_ifs,daily,21.051,5.6010003,26.98,6.4135003,2.788683,67.52592,0.0,27.85720471451394,3.900329950649735
2019-10-19 00:00:00+00:00,-36.07555,-71.75805,162.0,open-meteo_ecmwf_ifs,daily,19.951,8.001,13.66,9.707252,2.965688,76.921036,0.1,28.021301755662282,2.4766311800680523
2019-10-20 00:00:00+00:00,-36.07555,-71.75805,162.0,open-meteo_ecmwf_ifs,daily,19.101,9.251,18.73,6.6739163,2.407253,66.25283,0.0,28.183524887685333,3.2955628071583614
2019-10-21 00:00:00+00:00,-36.07555,-71.75805,162.0,open-meteo_ecmwf_ifs,daily,20.351,7.951,27.22,5.09475,5.4877677,60.50998,0.0,28.34383430984206,4.708209624796855
2019-10-22 00:00:00+00:00,-36.07555,-71.75805,162.0,open-meteo_ecmwf_ifs,daily,23.001,4.6010003,28.41,3.5384998,4.636545,55.454464,0.0,28.502191352248172,4.7994786814075665
2019-10-23 00:00:00+00:00,-36.07555,-71.75805,162.0,open-meteo_ecmwf_ifs,daily,23.401001,5.1010003,27.25,6.9864173,1.8711019,67.50706,0.0,28.658558469632105,4.003899703079872
2019-10-24 00:00:00+00:00,-36.07555,-71.75805,162.0,open-meteo_ecmwf_ifs,daily,22.751,10.551001,25.38,6.5072503,2.2708256,57.72128,0.0,28.812899233469736,4.425358288785654
2019-10-25 00:00:00+00:00,-36.07555,-71.75805,162.0,open-meteo_ecmwf_ifs,daily,22.901001,6.7510004,22.32,5.584333,3.2545965,60.141357,0.0,28.965178322560085,4.0926486917562634
2019-10-26 00:00:00+00:00,-36.07555,-71.75805,162.0,open-meteo_ecmwf_ifs,daily,20.601,11.251,18.29,10.259334,2.344723,72.65419,1.1,29.115361512108564,3.2506313160044606
2019-10-27 00:00:00+00:00,-36.07555,-71.75805,162.0,open-meteo_ecmwf_ifs,daily,17.901001,11.551001,11.65,9.3135,2.6107275,74.380226,1.3000001,29.2634156613878,2.5044608039742453
2019-10-28 00:00:00+00:00,-36.07555,-71.75805,162.0,open-meteo_ecmwf_ifs,daily,19.601,5.901,26.18,5.6385,3.6796443,67.63339,3.1,29.409308700050094,3.956967114674909
2019-10-29 00:00:00+00:00,-36.07555,-71.75805,162.0,open-meteo_ecmwf_ifs,daily,17.501,9.851,20.26,7.9009995,3.9392703,75.511475,10.1,29.553009613168058,3.4098638650415354
2019-10-30 00:00:00+00:00,-36.07555,-71.75805,162.0,open-meteo_ecmwf_ifs,daily,21.201,6.151,29.59,5.6530833,3.3849356,65.562744,0.0,29.694488425083584,4.470924962652662
2019-10-31 00:00:00+00:00,-36.07555,-71.75805,162.0,open-meteo_ecmwf_ifs,daily,20.551,7.0010004,24.89,5.2676663,2.2768629,60.985382,0.0,29.83371618214728,3.9578841297524656
2019-11-01 00:00:00+00:00,-36.07555,-71.75805,162.0,open-meteo_ecmwf_ifs,daily,18.301,10.101,17.44,7.5510006,3.861429,67.253,7.7999997,29.970664934432882,3.3835149885259796
2019-11-02 00:00:00+00:00,-36.07555,-71.75805,162.0,open-meteo_ecmwf_ifs,daily,21.751,6.951,30.38,5.746834,5.9132133,62.794575,0.0,30.10530771651308,5.025548134407491
2019-11-03 00:00:00+00:00,-36.07555,-71.75805,162.0,open-meteo_ecmwf_ifs,daily,21.251,8.101,23.36,7.53225,3.1326208,70.325035,0.1,30.23761852738439,3.945437129850862
2019-11-04 00:00:00+00:00,-36.07555,-71.75805,162.0,open-meteo_ecmwf_ifs,daily,18.301,9.651,18.02,8.142667,2.4018526,72.98147,0.3,30.367572309630113,3.1124985581341185
2019-11-05 00:00:00+00:00,-36.07555,-71.75805,162.0,open-meteo_ecmwf_ifs,daily,24.551,6.701,30.63,5.2510004,4.9913993,58.451435,0.0,30.49514492791063,5.476135880742792
2019-11-06 00:00:00+00:00,-36.07555,-71.75805,162.0,open-meteo_ecmwf_ifs,daily,26.401001,7.701,30.01,7.7530837,3.7340748,61.27537,0.0,30.620313146871066,5.295798358583405
2019-11-07 00:00:00+00:00,-36.07555,-71.75805,162.0,open-meteo_ecmwf_ifs,daily,26.501,8.001,28.34,8.15725,5.112662,58.622604,0.0,30.74305460855596,5.395434445892174
2019-11-08 00:00:00+00:00,-36.07555,-71.75805,162.0,open-meteo_ecmwf_ifs,daily,28.401001,11.551001,25.88,7.761418,3.8808239,52.014904,0.0,30.863347809420024,5.800026143719782
2019-11-09 00:00:00+00:00,-36.07555,-71.75805,162.0,open-meteo_ecmwf_ifs,daily,31.001,10.251,30.5,7.207251,4.7073035,50.513718,0.0,30.981172077023515,6.800448093208176
2019-11-10 00:00:00+00:00,-36.07555,-71.75805,162.0,open-meteo_ecmwf_ifs,daily,32.701,11.901,30.35,9.946834,3.902403,52.785892,0.0,31.09650754649913,6.683854105393746
2019-11-11 00:00:00+00:00,-36.07555,-71.75805,162.0,open-meteo_ecmwf_ifs,daily,28.651001,14.301001,24.94,13.280168,3.451207,63.763958,0.0,31.209335136875673,5.266565248907903
2019-11-12 00:00:00+00:00,-36.07555,-71.75805,162.0,open-meteo_ecmwf_ifs,daily,28.251,13.551001,27.15,11.68225,2.2582905,61.34241,0.0,31.31963652734229,5.243476971492866
2019-11-13 00:00:00+00:00,-36.07555,-71.75805,162.0,open-meteo_ecmwf_ifs,daily,28.751,13.401,29.96,9.357251,3.6307323,54.44917,0.0,31.427394133533827,6.285260743454616
2019-11-14 00:00:00+00:00,-36.07555,-71.75805,162.0,open-meteo_ecmwf_ifs,daily,29.201,13.601,29.28,7.7322507,4.636852,46.755856,0.0,31.532591083915815,6.88095367106808
2019-11-15 00:00:00+00:00,-36.07555,-71.75805,162.0,open-meteo_ecmwf_ifs,daily,27.451,13.351,28.37,11.89475,3.72908,62.022,0.0,31.635211196344294,5.617943183241864
2019-11-16 00:00:00+00:00,-36.07555,-71.75805,162.0,open-meteo_ecmwf_ifs,daily,28.051,12.801001,30.32,10.790584,3.5511513,62.740936,0.0,31.735238954872404,5.955037024669172
2019-11-17 00:00:00+00:00,-36.07555,-71.75805,162.0,open-meteo_ecmwf_ifs,daily,25.451,9.001,31.12,6.45725,3.6890833,56.56212,0.0,31.832659486872018,5.674696607158848
2019-11-18 00:00:00+00:00,-36.07555,-71.75805,162.0,open-meteo_ecmwf_ifs,daily,30.801,11.351,32.19,6.155167,6.0959973,46.9472,0.0,31.927458540534776,7.78609351539072
2019-11-19 00:00:00+00:00,-36.07555,-71.75805,162.0,open-meteo_ecmwf_ifs,daily,32.001,12.301001,31.82,6.7385006,4.812479,44.289898,0.0,32.01962246281294,7.593506739868497
2019-11-20 00:00:00+00:00,-36.07555,-71.75805,162.0,open-meteo_ecmwf_ifs,daily,30.551,12.051001,31.07,9.405168,4.259993,52.670246,0.0,32.10913817785605,6.707526281429304
2019-11-21 00:00:00+00:00,-36.07555,-71.75805,162.0,open-meteo_ecmwf_ifs,daily,30.851,12.751,32.0,6.1384997,4.9776196,41.63561,0.0,32.195993165994935,7.64793566804031
2019-11-22 00:00:00+00:00,-36.07555,-71.75805,162.0,open-meteo_ecmwf_ifs,daily,29.201,12.051001,24.45,9.08225,2.1449087,51.76736,0.0,32.28017544331997,5.077338810388928
2019-11-23 00:00:00+00:00,-36.07555,-71.75805,162.0,open-meteo_ecmwf_ifs,daily,21.301,12.601,10.49,10.138499,3.1495285,65.25465,0.0,32.36167354189605,2.9405733973475563
2019-11-24 00:00:00+00:00,-36.07555,-71.75805,162.0,open-meteo_ecmwf_ifs,daily,23.901001,12.101,24.03,8.723917,2.9569018,59.694767,1.6,32.44047649065156,4.767562020754606
2019-11-25 00:00:00+00:00,-36.07555,-71.75805,162.0,open-meteo_ecmwf_ifs,daily,20.201,11.201,23.54,5.2634997,3.405383,55.25568,0.4,32.516573796974136,4.658557180088622
2019-11-26 00:00:00+00:00,-36.07555,-71.75805,162.0,open-meteo_ecmwf_ifs,daily,20.851,7.051,32.99,0.72391653,4.572973,45.37231,0.0,32.58995542904132,5.758759969381481
2019-11-27 00:00:00+00:00,-36.07555,-71.75805,162.0,open-meteo_ecmwf_ifs,daily,25.201,8.351,32.67,2.1197498,6.259772,41.37701,0.0,32.66061179890919,6.884562502950843
2019-11-28 00:00:00+00:00,-36.07555,-71.75805,162.0,open-meteo_ecmwf_ifs,daily,23.551,9.451,23.88,4.667667,4.332272,47.980564,0.0,32.728533746377586,5.235503570143499
2019-11-29 00:00:00+00:00,-36.07555,-71.75805,162.0,open-meteo_ecmwf_ifs,daily,22.851,9.551001,26.74,6.219751,2.6787179,56.226013,0.0,32.79371252364616,4.820455833733187
2019-11-30 00:00:00+00:00,-36.07555,-71.75805,162.0,open-meteo_ecmwf_ifs,daily,28.151001,9.151,33.11,3.955167,5.9899297,44.713,0.0,32.85613978077089,7.297131122265363
2019-12-01 00:00:00+00:00,-36.07555,-71.75805,162.0,open-meteo_ecmwf_ifs,daily,30.951,10.001,32.04,10.290584,2.682089,58.194317,0.0,32.9158075519268,6.051593575852813
2019-12-02 00:00:00+00:00,-36.07555,-71.75805,162.0,open-meteo_ecmwf_ifs,daily,27.801,14.151,24.87,8.91975,3.5606906,49.894608,0.0,32.97270824247846,5.828712997835901
2019-12-03 00:00:00+00:00,-36.07555,-71.75805,162.0,open-meteo_ecmwf_ifs,daily,25.401001,11.251,33.39,5.315583,7.2942424,47.24362,0.0,33.02683461685662,7.280174207596793
2019-12-04 00:00:00+00:00,-36.07555,-71.75805,162.0,open-meteo_ecmwf_ifs,daily,30.251,7.0010004,33.3,3.901,4.9105973,42.874126,0.0,33.07817978723516,7.009710678921092
2019-12-05 00:00:00+00:00,-36.07555,-71.75805,162.0,open-meteo_ecmwf_ifs,daily,28.901001,12.451,32.84,7.421833,5.3878436,45.404037,0.0,33.12673720300084,7.358071474226562
2019-12-06 00:00:00+00:00,-36.07555,-71.75805,162.0,open-meteo_ecmwf_ifs,daily,27.801,12.351,32.68,7.211418,4.6452975,47.57516,0.0,33.172500641004014,6.947599622489819
2019-12-07 00:00:00+00:00,-36.07555,-71.75805,162.0,open-meteo_ecmwf_ifs,daily,28.401001,12.701,32.66,9.528083,2.5527294,55.526295,0.0,33.21546419657744,6.189305127110542
2019-12-08 00:00:00+00:00,-36.07555,-71.75805,162.0,open-meteo_ecmwf_ifs,daily,30.451,13.051001,33.22,8.515585,2.9609375,50.05866,0.0,33.2556222753079,6.774218906033849
2019-12-09 00:00:00+00:00,-36.07555,-71.75805,162.0,open-meteo_ecmwf_ifs,daily,30.351,13.501,32.76,9.763501,2.5710094,50.11403,0.0,33.292969585543474,6.51770079496605
2019-12-10 00:00:00+00:00,-36.07555,-71.75805,162.0,open-meteo_ecmwf_ifs,daily,28.101,13.201,27.73,9.596833,2.8447046,53.18297,0.0,33.32750113161869,5.745196195516661
2019-12-11 00:00:00+00:00,-36.07555,-71.75805,162.0,open-meteo_ecmwf_ifs,daily,27.401001,11.251,32.21,8.353084,3.8224404,56.78815,0.0,33.35921220777854,6.2961178909485565
2019-12-12 00:00:00+00:00,-36.07555,-71.75805,162.0,open-meteo_ecmwf_ifs,daily,29.051,10.151,33.72,2.03225,6.1141057,37.0524,0.0,33.38809839278236,8.02550727381262
2019-12-13 00:00:00+00:00,-36.07555,-71.75805,162.0,open-meteo_ecmwf_ifs,daily,24.201,14.801001,10.11,4.948917,3.144555,41.25544,1.5,33.414155545168015,4.197827928480263
2019-12-14 00:00:00+00:00,-36.07555,-71.75805,162.0,open-meteo_ecmwf_ifs,daily,26.451,13.001,27.37,9.605166,4.0283885,64.37345,1.4000001,33.43737979915801,5.8044589688220185
2019-12-15 00:00:00+00:00,-36.07555,-71.75805,162.0,open-meteo_ecmwf_ifs,daily,27.151001,11.401,33.54,4.9489174,5.3004208,45.821644,0.0,33.45776756118901,7.266951058166285
2019-12-16 00:00:00+00:00,-36.07555,-71.75805,162.0,open-meteo_ecmwf_ifs,daily,28.601,10.651,33.64,5.871834,6.2128143,47.117798,0.0,33.47531550704798,7.5185555474962324
2019-12-17 00:00:00+00:00,-36.07555,-71.75805,162.0,open-meteo_ecmwf_ifs,daily,29.551,11.801001,33.03,5.8051662,5.6526313,42.497757,0.0,33.49002057959923,7.716093224842005
2019-12-18 00:00:00+00:00,-36.07555,-71.75805,162.0,open-meteo_ecmwf_ifs,daily,29.401001,15.501,29.1,10.730167,4.615891,51.56371,0.0,33.50187998708839,6.882712787740906
2019-12-19 00:00:00+00:00,-36.07555,-71.75805,162.0,open-meteo_ecmwf_ifs,daily,24.401001,14.851,16.74,11.405167,4.4827557,63.759174,0.3,33.51089120201111,4.461436162665486
2019-12-20 00:00:00+00:00,-36.07555,-71.75805,162.0,open-meteo_ecmwf_ifs,daily,28.001,11.351,33.77,6.457251,4.629443,50.86997,0.5,33.51705196053693,7.033671528423396
2019-12-21 00:00:00+00:00,-36.07555,-71.75805,162.0,open-meteo_ecmwf_ifs,daily,30.001,11.451,32.38,4.8718333,5.4175143,40.36027,0.0,33.52036026248008,7.723003003575021
2019-12-22 00:00:00+00:00,-36.07555,-71.75805,162.0,open-meteo_ecmwf_ifs,daily,31.851002,12.601,33.13,8.253083,4.920437,46.153667,0.0,33.520814371812676,7.692624286209025
2019-12-23 00:00:00+00:00,-36.07555,-71.75805,162.0,open-meteo_ecmwf_ifs,daily,32.651,15.801001,33.21,10.196834,6.1486697,44.135746,0.0,33.51841281771702,8.589874685834117
2019-12-24 00:00:00+00:00,-36.07555,-71.75805,162.0,open-meteo_ecmwf_ifs,daily,23.451,16.451,17.1,11.919751,4.226945,65.75573,1.9,33.513154396177384,4.441146970323215
2019-12-25 00:00:00+00:00,-36.07555,-71.75805,162.0,open-meteo_ecmwf_ifs,daily,26.951,9.701,33.95,3.0051668,5.4873567,40.43781,0.0,33.50503817211345,7.2768829695611155
2019-12-26 00:00:00+00:00,-36.07555,-71.75805,162.0,open-meteo_ecmwf_ifs,daily,28.601,10.551001,32.28,5.29475,3.7333047,44.680325,0.0,33.494063482060525,6.691953882487255
2019-12-27 00:00:00+00:00,-36.07555,-71.75805,162.0,open-meteo_ecmwf_ifs,daily,29.151001,13.251,33.09,7.7155833,3.6339695,46.077785,0.0,33.48022993740388,6.962101973957802
2019-12-28 00:00:00+00:00,-36.07555,-71.75805,162.0,open-meteo_ecmwf_ifs,daily,32.201,15.401,31.87,11.521832,4.8155665,52.74796,0.0,33.4635374281771,7.597516838237401
2019-12-29 00:00:00+00:00,-36.07555,-71.75805,162.0,open-meteo_ecmwf_ifs,daily,32.301,16.051,32.63,10.573917,3.860491,46.888737,0.0,33.44398612743617,7.567502061053063
2019-12-30 00:00:00+00:00,-36.07555,-71.75805,162.0,open-meteo_ecmwf_ifs,daily,31.701,14.151,33.25,7.5239177,4.262368,42.783558,0.0,33.42157649622319,7.759984961413936
2019-12-31 00:00:00+00:00,-36.07555,-71.75805,162.0,open-meteo_ecmwf_ifs,daily,33.751,13.551001,33.13,8.398917,3.5742934,43.778824,0.0,33.39630928913514,7.551997412167218
2020-01-01 00:00:00+00:00,-36.07555,-71.75805,162.0,open-meteo_ecmwf_ifs,daily,32.651,16.451,32.79,11.965583,2.5379956,49.192554,0.0,33.36818556051461,6.969474245356606
2020-01-02 00:00:00+00:00,-36.07555,-71.75805,162.0,open-meteo_ecmwf_ifs,daily,32.251,13.701,32.79,10.896832,2.1756332,51.759693,0.0,33.33720667128032,6.5229767589939325
2020-01-03 00:00:00+00:00,-36.07555,-71.75805,162.0,open-meteo_ecmwf_ifs,daily,34.151,16.701,32.69,10.867668,3.436696,46.51665,0.0,33.30337429641626,7.693768355851994
2020-01-04 00:00:00+00:00,-36.07555,-71.75805,162.0,open-meteo_ecmwf_ifs,daily,32.251,16.401001,32.66,10.396833,6.139734,47.97537,0.0,33.266690433138336,8.522086541120437
2020-01-05 00:00:00+00:00,-36.07555,-71.75805,162.0,open-meteo_ecmwf_ifs,daily,26.251,12.101,29.92,5.0801673,5.5241523,43.589035,0.0,33.22715740975771,6.944699747847796
2020-01-06 00:00:00+00:00,-36.07555,-71.75805,162.0,open-meteo_ecmwf_ifs,daily,25.501,11.451,32.94,6.963501,3.9100072,53.609634,0.0,33.18477789525925,6.2943969281142325
2020-01-07 00:00:00+00:00,-36.07555,-71.75805,162.0,open-meteo_ecmwf_ifs,daily,28.851,12.801001,30.86,6.3426666,3.2217276,44.617767,0.0,33.13955490961335,6.562045998135634
2020-01-08 00:00:00+00:00,-36.07555,-71.75805,162.0,open-meteo_ecmwf_ifs,daily,22.951,12.651,19.35,9.567668,4.5803027,62.85793,2.3999999,33.091491834837164,4.498960147035699
2020-01-09 00:00:00+00:00,-36.07555,-71.75805,162.0,open-meteo_ecmwf_ifs,daily,25.051,13.101,32.7,7.657251,3.8305662,55.168568,0.0,33.04059242682097,6.341645460906856
2020-01-10 00:00:00+00:00,-36.07555,-71.75805,162.0,open-meteo_ecmwf_ifs,daily,29.151001,12.451,33.24,6.1385,5.3432755,46.007324,0.0,32.98686082793224,7.6040337695644915
2020-01-11 00:00:00+00:00,-36.07555,-71.75805,162.0,open-meteo_ecmwf_ifs,daily,31.551,12.151,33.18,7.590584,4.3194356,45.918903,0.0,32.93030158040827,7.398549504979501
2020-01-12 00:00:00+00:00,-36.07555,-71.75805,162.0,open-meteo_ecmwf_ifs,daily,33.151,14.051001,32.23,11.090585,3.0487168,52.9173,0.0,32.870919640545424,6.923440691959082
2020-01-13 00:00:00+00:00,-36.07555,-71.75805,162.0,open-meteo_ecmwf_ifs,daily,31.301,13.551001,32.09,11.028084,2.5456526,56.194447,0.0,32.80872039368956,6.4193649573313145
2020-01-14 00:00:00+00:00,-36.07555,-71.75805,162.0,open-meteo_ecmwf_ifs,daily,30.101,14.451,32.22,10.973918,5.1511436,54.22937,0.0,32.743709670029254,7.226249322379362
2020-01-15 00:00:00+00:00,-36.07555,-71.75805,162.0,open-meteo_ecmwf_ifs,daily,25.801,10.951,33.07,3.696833,8.903492,40.667484,0.0,32.675893761189535,7.8887872079724035
2020-01-16 00:00:00+00:00,-36.07555,-71.75805,162.0,open-meteo_ecmwf_ifs,daily,35.501,10.751,32.84,4.1135,6.240158,36.107395,0.0,32.60527943761953,8.995189747397143
2020-01-17 00:00:00+00:00,-36.07555,-71.75805,162.0,open-meteo_ecmwf_ifs,daily,34.301,14.801001,32.37,7.821834,1.890748,37.190014,0.0,32.531873966763854,6.660406230429834
2020-01-18 00:00:00+00:00,-36.07555,-71.75805,162.0,open-meteo_ecmwf_ifs,daily,34.851,15.851,30.2,12.021834,2.3620722,47.87981,0.0,32.45568513200241,6.656489653258329
2020-01-19 00:00:00+00:00,-36.07555,-71.75805,162.0,open-meteo_ecmwf_ifs,daily,32.551,17.051,27.18,12.117667,2.7967994,46.404873,0.0,32.37672125233902,6.370179346330147
2020-01-20 00:00:00+00:00,-36.07555,-71.75805,162.0,open-meteo_ecmwf_ifs,daily,32.951,15.151,31.82,7.959334,2.0355363,41.406338,0.0,32.2949912028147,6.582494330342809
2020-01-21 00:00:00+00:00,-36.07555,-71.75805,162.0,open-meteo_ecmwf_ifs,daily,34.401,14.801001,32.43,9.342668,3.0320284,44.190052,0.0,32.21050443561601,7.277246349764369
2020-01-22 00:00:00+00:00,-36.07555,-71.75805,162.0,open-meteo_ecmwf_ifs,daily,34.001,17.751,31.06,13.753082,2.8631957,50.325047,0.0,32.12327100184453,6.995100392129393
2020-01-23 00:00:00+00:00,-36.07555,-71.75805,162.0,open-meteo_ecmwf_ifs,daily,33.201,17.051,30.18,13.544749,2.068893,55.535633,0.0,32.033301573908254,6.347522643505061
2020-01-24 00:00:00+00:00,-36.07555,-71.75805,162.0,open-meteo_ecmwf_ifs,daily,34.851,16.301,32.01,7.378084,4.5048766,40.4139,0.0,31.940607468490896,8.466640216213031
2020-01-25 00:00:00+00:00,-36.07555,-71.75805,162.0,open-meteo_ecmwf_ifs,daily,34.451,15.101,31.32,6.7885003,4.372205,34.737904,0.0,31.84520067005027,8.12978161255464
2020-01-26 00:00:00+00:00,-36.07555,-71.75805,162.0,open-meteo_ecmwf_ifs,daily,33.651,17.301,30.04,12.394752,4.763844,47.78305,0.0,31.747093854791974,7.727296117278364
2020-01-27 00:00:00+00:00,-36.07555,-71.75805,162.0,open-meteo_ecmwf_ifs,daily,35.001,17.051,30.33,8.488502,5.2828794,37.267727,0.0,31.646300415060228,8.725868969257894
2020-01-28 00:00:00+00:00,-36.07555,-71.75805,162.0,open-meteo_ecmwf_ifs,daily,31.701,17.851,26.46,12.278083,5.274189,47.87854,1.1,31.542834484083013,7.2950484253742225
2020-01-29 00:00:00+00:00,-36.07555,-71.75805,162.0,open-meteo_ecmwf_ifs,daily,29.551,13.801001,30.38,5.6739173,4.3709273,37.687878,0.0,31.436710961004536,7.20220774485966
2020-01-30 00:00:00+00:00,-36.07555,-71.75805,162.0,open-meteo_ecmwf_ifs,daily,32.101,12.901,31.1,3.0655835,3.9737542,32.564823,0.0,31.327945536133807,7.517810460676609
2020-01-31 00:00:00+00:00,-36.07555,-71.75805,162.0,open-meteo_ecmwf_ifs,daily,32.901,15.051001,30.57,8.917668,4.0457826,43.01624,0.0,31.216554716334677,7.3900480507000434
2020-02-01 00:00:00+00:00,-36.07555,-71.75805,162.0,open-meteo_ecmwf_ifs,daily,31.651001,17.601,29.71,12.338501,3.9692776,49.86237,0.0,31.102555850478698,7.0517642571591885
2020-02-02 00:00:00+00:00,-36.07555,-71.75805,162.0,open-meteo_ecmwf_ifs,daily,31.251,15.051001,29.93,10.178084,3.745752,51.99542,0.0,30.98596715487948,6.796206953757412
2020-02-03 00:00:00+00:00,-36.07555,-71.75805,162.0,open-meteo_ecmwf_ifs,daily,28.251,12.751,29.99,7.2572513,3.1452255,48.301594,0.0,30.866807738623887,6.128738878587021
2020-02-04 00:00:00+00:00,-36.07555,-71.75805,162.0,open-meteo_ecmwf_ifs,daily,26.001,15.151,26.24,8.805165,2.7222893,54.72909,2.5,30.74509762871319,5.443711094743835
2020-02-05 00:00:00+00:00,-36.07555,-71.75805,162.0,open-meteo_ecmwf_ifs,daily,25.401001,11.351,29.96,5.0780835,4.6406326,45.661575,0.0,30.620857794925048,6.267091554554625
2020-02-06 00:00:00+00:00,-36.07555,-71.75805,162.0,open-meteo_ecmwf_ifs,daily,26.751,11.201,29.95,5.761418,2.5452666,46.942795,0.0,30.494110174305437,5.615559469238949
2020-02-07 00:00:00+00:00,-36.07555,-71.75805,162.0,open-meteo_ecmwf_ifs,daily,30.951,11.601,30.25,5.4051666,4.1704035,42.43449,0.0,30.364877695198107,6.930943400918591
2020-02-08 00:00:00+00:00,-36.07555,-71.75805,162.0,open-meteo_ecmwf_ifs,daily,34.651,12.701,29.9,7.2135005,2.9741592,41.650364,0.0,30.233184300718452,6.728181806101826
2020-02-09 00:00:00+00:00,-36.07555,-71.75805,162.0,open-meteo_ecmwf_ifs,daily,35.551,15.701,29.18,8.890584,2.469022,38.15938,0.0,30.099054971577804,6.629902368616418
2020-02-10 00:00:00+00:00,-36.07555,-71.75805,162.0,open-meteo_ecmwf_ifs,daily,34.451,17.101,28.7,12.01975,2.140973,47.29027,0.0,29.962515748164094,6.241374390432788
2020-02-11 00:00:00+00:00,-36.07555,-71.75805,162.0,open-meteo_ecmwf_ifs,daily,33.801,17.851,28.56,12.35725,2.862141,48.644283,0.0,29.82359375178519,6.619172865424347
2020-02-12 00:00:00+00:00,-36.07555,-71.75805,162.0,open-meteo_ecmwf_ifs,daily,28.501,17.351,26.8,10.796833,4.415192,50.08817,0.0,29.682317204981594,6.501402609679168
2020-02-13 00:00:00+00:00,-36.07555,-71.75805,162.0,open-meteo_ecmwf_ifs,daily,26.601,12.401,29.41,3.49475,5.604271,39.70695,0.0,29.538715450816458,7.038361594506523
2020-02-14 00:00:00+00:00,-36.07555,-71.75805,162.0,open-meteo_ecmwf_ifs,daily,29.751,11.001,29.21,3.148916,5.787185,38.025402,0.0,29.392818971052204,7.4189271801797885
2020-02-15 00:00:00+00:00,-36.07555,-71.75805,162.0,open-meteo_ecmwf_ifs,daily,31.451,15.101,28.33,8.7135,4.1802487,45.11209,0.0,29.244659403124988,6.899574462925059
2020-02-16 00:00:00+00:00,-36.07555,-71.75805,162.0,open-meteo_ecmwf_ifs,daily,30.301,13.951,27.84,9.590584,2.8262303,50.772747,0.0,29.09426955583026,5.831809490439316
2020-02-17 00:00:00+00:00,-36.07555,-71.75805,162.0,open-meteo_ecmwf_ifs,daily,25.551,14.751,24.47,8.167667,3.4650667,52.238583,0.0,28.941683423635514,5.4011420587648145
2020-02-18 00:00:00+00:00,-36.07555,-71.75805,162.0,open-meteo_ecmwf_ifs,daily,31.751,11.751,28.58,4.3801665,5.8300114,37.72233,0.0,28.786936199539177,7.66196311612895
2020-02-19 00:00:00+00:00,-36.07555,-71.75805,162.0,open-meteo_ecmwf_ifs,daily,30.501,14.301001,27.95,7.2989173,6.053285,44.303543,0.0,28.63006428639772,7.515012487497588
2020-02-20 00:00:00+00:00,-36.07555,-71.75805,162.0,open-meteo_ecmwf_ifs,daily,33.401,11.051001,27.93,6.2885003,2.9305198,41.654934,0.0,28.47110530664709,6.09630738198761
2020-02-21 00:00:00+00:00,-36.07555,-71.75805,162.0,open-meteo_ecmwf_ifs,daily,30.801,14.351,27.21,9.126,2.6817381,45.96396,0.0,28.310098110348147,5.769372640127906
2020-02-22 00:00:00+00:00,-36.07555,-71.75805,162.0,open-meteo_ecmwf_ifs,daily,29.151001,14.351,26.93,11.173917,1.9347292,55.255188,0.0,28.14708278149008,5.091249135066696
2020-02-23 00:00:00+00:00,-36.07555,-71.75805,162.0,open-meteo_ecmwf_ifs,daily,29.251,13.751,26.29,11.815583,2.4197903,62.36975,0.0,27.98210064249061,5.099573063854967
2020-02-24 00:00:00+00:00,-36.07555,-71.75805,162.0,open-meteo_ecmwf_ifs,daily,23.201,12.701,19.09,7.634333,3.660424,56.17985,0.0,27.815194256836083,4.3996376762331035
2020-02-25 00:00:00+00:00,-36.07555,-71.75805,162.0,open-meteo_ecmwf_ifs,daily,28.751,11.301001,27.07,5.54475,4.5325775,46.779934,0.0,27.64640742980992,6.225825270629555
2020-02-26 00:00:00+00:00,-36.07555,-71.75805,162.0,open-meteo_ecmwf_ifs,daily,30.651001,11.551001,26.89,6.70725,3.6895924,45.001205,0.0,27.475785207262938,6.010213016937246
2020-02-27 00:00:00+00:00,-36.07555,-71.75805,162.0,open-meteo_ecmwf_ifs,daily,30.301,13.101,26.31,10.19475,2.8562164,52.59083,0.0,27.30337387238463,5.399807177287576
2020-02-28 00:00:00+00:00,-36.07555,-71.75805,162.0,open-meteo_ecmwf_ifs,daily,32.001,14.051001,26.36,10.909332,2.9922278,52.109207,0.0,27.129220940439794,5.6940136401221055
2020-02-29 00:00:00+00:00,-36.07555,-71.75805,162.0,open-meteo_ecmwf_ifs,daily,33.851,14.401,25.66,10.936418,2.4865663,49.209522,0.0,26.953375151440913,5.583486046594404
2020-03-01 00:00:00+00:00,-36.07555,-71.75805,162.0,open-meteo_ecmwf_ifs,daily,30.501,16.001,25.15,11.353085,2.3008037,52.906097,0.0,26.775886460732384,5.222550967706859
2020-03-02 00:00:00+00:00,-36.07555,-71.75805,162.0,open-meteo_ecmwf_ifs,daily,31.951,13.251,25.34,12.1385,2.212663,60.34799,0.0,26.59680602746883,5.007734019080548
2020-03-03 00:00:00+00:00,-36.07555,-71.75805,162.0,open-meteo_ecmwf_ifs,daily,33.501,14.001,25.35,11.655168,2.8024037,56.841488,0.0,26.4161862009753,5.539932421890765
2020-03-04 00:00:00+00:00,-36.07555,-71.75805,162.0,open-meteo_ecmwf_ifs,daily,32.601,14.951,25.53,7.498917,4.0037208,41.855045,0.0,26.23408050498401,6.565571190144653
2020-03-05 00:00:00+00:00,-36.07555,-71.75805,162.0,open-meteo_ecmwf_ifs,daily,32.551,15.701,24.58,8.715585,5.5551133,43.717304,0.0,26.050543619747593,7.228298715764201
2020-03-06 00:00:00+00:00,-36.07555,-71.75805,162.0,open-meteo_ecmwf_ifs,daily,33.151,14.101,24.3,10.542667,3.8036985,49.83437,0.0,25.865631362035565,5.955921380638944
2020-03-07 00:00:00+00:00,-36.07555,-71.75805,162.0,open-meteo_ecmwf_ifs,daily,29.451,15.901001,23.71,11.603085,3.4670722,54.48251,0.0,25.679400663026495,5.362760062227591
2020-03-08 00:00:00+00:00,-36.07555,-71.75805,162.0,open-meteo_ecmwf_ifs,daily,29.601,13.901,24.01,4.5259995,3.729304,35.929565,0.0,25.491909544114634,5.975185838798119
2020-03-09 00:00:00+00:00,-36.07555,-71.75805,162.0,open-meteo_ecmwf_ifs,daily,31.251,13.751,23.96,6.51975,3.5635557,40.666424,0.0,25.303217090655632,5.869534801220683
2020-03-10 00:00:00+00:00,-36.07555,-71.75805,162.0,open-meteo_ecmwf_ifs,daily,31.601,15.151,24.09,7.1218333,3.6427586,38.51705,0.0,25.113383423682034,6.065993918393928
2020-03-11 00:00:00+00:00,-36.07555,-71.75805,162.0,open-meteo_ecmwf_ifs,daily,30.151001,15.051001,21.1,10.9385,3.560378,54.406956,0.0,24.922469669625215,5.1558183831905104
2020-03-12 00:00:00+00:00,-36.07555,-71.75805,162.0,open-meteo_ecmwf_ifs,daily,28.101,14.351,23.35,9.336417,2.1015444,51.47723,0.0,24.730537928085806,4.517510234885404
2020-03-13 00:00:00+00:00,-36.07555,-71.75805,162.0,open-meteo_ecmwf_ifs,daily,26.551,15.701,18.93,12.288502,3.280615,65.85799,0.0,24.537651237700626,4.265099370585533
2020-03-14 00:00:00+00:00,-36.07555,-71.75805,162.0,open-meteo_ecmwf_ifs,daily,27.751,11.801001,23.23,6.361418,5.5775123,47.647877,0.0,24.343873540159517,5.886798743662071
2020-03-15 00:00:00+00:00,-36.07555,-71.75805,162.0,open-meteo_ecmwf_ifs,daily,28.201,9.301001,23.7,6.0822506,3.4248617,49.411102,0.0,24.149269642430585,4.836442132591832
2020-03-16 00:00:00+00:00,-36.07555,-71.75805,162.0,open-meteo_ecmwf_ifs,daily,27.101,11.101,22.61,7.682251,3.0925581,52.80577,0.0,23.95390517725754,4.529250493553019
2020-03-17 00:00:00+00:00,-36.07555,-71.75805,162.0,open-meteo_ecmwf_ifs,daily,27.151001,11.901,22.75,8.405168,3.7677171,53.264393,0.0,23.75784656199807,4.802973202831319
2020-03-18 00:00:00+00:00,-36.07555,-71.75805,162.0,open-meteo_ecmwf_ifs,daily,27.651001,11.251,22.78,9.248918,3.225174,58.671825,0.0,23.561160955876115,4.4797081664963345
2020-03-19 00:00:00+00:00,-36.07555,-71.75805,162.0,open-meteo_ecmwf_ifs,daily,28.351,10.151,22.82,7.3822517,3.5376873,54.994125,0.0,23.36391621572624,4.734613787780458
2020-03-20 00:00:00+00:00,-36.07555,-71.75805,162.0,open-meteo_ecmwf_ifs,daily,28.251,9.901,22.54,7.23225,2.7024574,53.59824,0.0,23.166180850311783,4.325184615917676
2020-03-21 00:00:00+00:00,-36.07555,-71.75805,162.0,open-meteo_ecmwf_ifs,daily,24.151001,12.951,18.73,8.461417,3.6861894,59.768963,0.0,22.968023973302923,4.1452953961408765
2020-03-22 00:00:00+00:00,-36.07555,-71.75805,162.0,open-meteo_ecmwf_ifs,daily,25.751,13.551001,17.47,7.6509995,3.1298437,51.944958,0.0,22.769515255004226,4.170586934028496
2020-03-23 00:00:00+00:00,-36.07555,-71.75805,162.0,open-meteo_ecmwf_ifs,daily,26.351,11.451,20.01,8.180167,3.4978998,57.396694,0.0,22.57072487292476,4.26809386197285
2020-03-24 00:00:00+00:00,-36.07555,-71.75805,162.0,open-meteo_ecmwf_ifs,daily,24.101,12.501,14.8,11.467668,1.9787512,65.56769,0.0,22.37172346128701,2.8374952675026517
2020-03-25 00:00:00+00:00,-36.07555,-71.75805,162.0,open-meteo_ecmwf_ifs,daily,29.051,12.701,20.35,11.755168,2.720663,68.65196,0.0,22.172582059573642,4.031450223769608
2020-03-26 00:00:00+00:00,-36.07555,-71.75805,162.0,open-meteo_ecmwf_ifs,daily,29.501,13.651,20.4,12.840584,1.9040961,61.93767,0.0,21.97337206021381,3.749346722358853
2020-03-27 00:00:00+00:00,-36.07555,-71.75805,162.0,open-meteo_ecmwf_ifs,daily,25.101,13.501,17.95,11.788499,2.0247693,67.121666,0.0,21.774165155512794,3.240916330884303
2020-03-28 00:00:00+00:00,-36.07555,-71.75805,162.0,open-meteo_ecmwf_ifs,daily,24.501,11.551001,17.08,11.065583,3.0646021,71.555046,0.0,21.575033283931017,3.258623807854659
2020-03-29 00:00:00+00:00,-36.07555,-71.75805,162.0,open-meteo_ecmwf_ifs,daily,24.201,10.751,20.07,9.234334,4.8322206,65.28633,0.5,21.3760485758197,4.0124663219163645
2020-03-30 00:00:00+00:00,-36.07555,-71.75805,162.0,open-meteo_ecmwf_ifs,daily,25.151001,8.251,20.39,5.948917,3.925146,54.528004,0.0,21.177283298722234,4.052105793865499
2020-03-31 00:00:00+00:00,-36.07555,-71.75805,162.0,open-meteo_ecmwf_ifs,daily,24.951,9.051001,19.95,8.053084,3.5390565,60.907818,0.0,20.978809802351034,3.7007033708356314
2020-04-01 00:00:00+00:00,-36.07555,-71.75805,162.0,open-meteo_ecmwf_ifs,daily,24.351,9.901,20.37,5.576,6.580401,52.46294,0.0,20.78070046335055,4.966222297097146
2020-04-02 00:00:00+00:00,-36.07555,-71.75805,162.0,open-meteo_ecmwf_ifs,daily,30.751,11.301001,20.22,4.6093335,5.5571404,43.274357,0.0,20.5830276299574,6.00837376844629
2020-04-03 00:00:00+00:00,-36.07555,-71.75805,162.0,open-meteo_ecmwf_ifs,daily,26.501,9.351,19.36,7.3135,2.5078166,56.28361,0.0,20.385863566668853,3.5220566155156585
2020-04-04 00:00:00+00:00,-36.07555,-71.75805,162.0,open-meteo_ecmwf_ifs,daily,24.301,14.151,18.95,6.3843346,5.0232434,48.74075,0.0,20.189280399030558,4.9018290327142555
2020-04-05 00:00:00+00:00,-36.07555,-71.75805,162.0,open-meteo_ecmwf_ifs,daily,22.651001,8.151,19.62,2.5364168,4.829501,48.830296,0.0,19.993350058653956,4.2925380710566845
2020-04-06 00:00:00+00:00,-36.07555,-71.75805,162.0,open-meteo_ecmwf_ifs,daily,24.601,8.301001,19.39,3.9759996,5.5964,51.156662,0.0,19.798144228573072,4.6078137742248355
2020-04-07 00:00:00+00:00,-36.07555,-71.75805,162.0,open-meteo_ecmwf_ifs,daily,26.201,5.701,19.2,3.6530836,2.2372775,54.421635,0.0,19.603734289049314,3.226622496888556
2020-04-08 00:00:00+00:00,-36.07555,-71.75805,162.0,open-meteo_ecmwf_ifs,daily,26.551,7.8010006,18.38,4.959334,2.0608337,51.168777,0.0,19.410191263931335,3.1836841438104613
2020-04-09 00:00:00+00:00,-36.07555,-71.75805,162.0,open-meteo_ecmwf_ifs,daily,22.401001,8.851,16.68,8.592668,1.4961681,70.52756,0.0,19.217585767675708,2.4260940845903893
2020-04-10 00:00:00+00:00,-36.07555,-71.75805,162.0,open-meteo_ecmwf_ifs,daily,21.751,9.151,15.81,9.0635,2.4842956,74.49382,0.0,19.02598795313194,2.5434502664147827
2020-04-11 00:00:00+00:00,-36.07555,-71.75805,162.0,open-meteo_ecmwf_ifs,daily,21.151001,10.801001,12.21,8.930167,3.4258356,69.58819,0.0,18.83546746019329,2.659622551286358
2020-04-12 00:00:00+00:00,-36.07555,-71.75805,162.0,open-meteo_ecmwf_ifs,daily,19.301,8.051001,17.58,1.93225,4.341229,47.36894,0.0,18.646093365412458,3.569627673972069
2020-04-13 00:00:00+00:00,-36.07555,-71.75805,162.0,open-meteo_ecmwf_ifs,daily,21.701,5.551,17.63,2.5301664,3.8157656,53.647305,0.0,18.457934132678428,3.3089573240770402
2020-04-14 00:00:00+00:00,-36.07555,-71.75805,162.0,open-meteo_ecmwf_ifs,daily,23.901001,5.301,16.79,4.3739166,2.3047812,59.63175,0.0,18.271057565047805,2.73962534150066
2020-04-15 00:00:00+00:00,-36.07555,-71.75805,162.0,open-meteo_ecmwf_ifs,daily,22.851,10.651,12.72,5.1947513,1.8500361,49.899708,0.0,18.085530757820937,2.5665880339279497
2020-04-16 00:00:00+00:00,-36.07555,-71.75805,162.0,open-meteo_ecmwf_ifs,daily,24.051,8.401,15.4,8.011417,1.9070638,69.88786,0.0,17.901420052949565,2.4708296943514396
2020-04-17 00:00:00+00:00,-36.07555,-71.75805,162.0,open-meteo_ecmwf_ifs,daily,26.501,9.651,14.92,9.11975,3.0409842,68.404884,0.0,17.71879099485927,3.0542434315322278
2020-04-18 00:00:00+00:00,-36.07555,-71.75805,162.0,open-meteo_ecmwf_ifs,daily,25.651001,16.101,10.18,16.492668,3.1680174,84.57677,0.0,17.537708287766065,2.298460540812147
2020-04-19 00:00:00+00:00,-36.07555,-71.75805,162.0,open-meteo_ecmwf_ifs,daily,23.851,11.651,16.1,8.021834,4.9513416,57.29314,0.0,17.358235754562568,3.785021023604857
2020-04-20 00:00:00+00:00,-36.07555,-71.75805,162.0,open-meteo_ecmwf_ifs,daily,24.001,11.501,14.31,5.634333,5.5083504,52.140987,0.0,17.180436297344887,4.276008087077699
2020-04-21 00:00:00+00:00,-36.07555,-71.75805,162.0,open-meteo_ecmwf_ifs,daily,24.451,9.551001,12.81,5.4405828,3.3802338,55.300762,0.0,17.0043718596471,3.2194898965471985
2020-04-22 00:00:00+00:00,-36.07555,-71.75805,162.0,open-meteo_ecmwf_ifs,daily,26.201,10.151,15.09,6.1093335,1.4611281,51.358643,0.0,16.830103390445597,2.4522455048160268
2020-04-23 00:00:00+00:00,-36.07555,-71.75805,162.0,open-meteo_ecmwf_ifs,daily,22.351,12.801001,11.55,9.117667,3.3921554,63.516872,0.5,16.65769080999082,2.8064739814840824
2020-04-24 00:00:00+00:00,-36.07555,-71.75805,162.0,open-meteo_ecmwf_ifs,daily,16.301,12.651,6.02,11.617665,5.3294096,85.722595,23.6,16.48719297751918,1.5123611407832145
2020-04-25 00:00:00+00:00,-36.07555,-71.75805,162.0,open-meteo_ecmwf_ifs,daily,19.301,12.551001,11.11,11.601002,3.647269,81.07771,4.7999997,16.318667660892945,2.0181434003549787
2020-04-26 00:00:00+00:00,-36.07555,-71.75805,162.0,open-meteo_ecmwf_ifs,daily,19.901001,8.301001,12.88,9.615583,3.0514631,81.42545,0.2,16.152171508210685,1.9114616892797063
2020-04-27 00:00:00+00:00,-36.07555,-71.75805,162.0,open-meteo_ecmwf_ifs,daily,16.801,11.301001,8.65,10.042666,2.5632107,80.22147,15.400001,15.987760021425702,1.5531574294037909
2020-04-28 00:00:00+00:00,-36.07555,-71.75805,162.0,open-meteo_ecmwf_ifs,daily,18.001,8.651,14.72,9.444751,2.2493029,82.206566,1.5,15.825487532004558,1.7368029753990861
2020-04-29 00:00:00+00:00,-36.07555,-71.75805,162.0,open-meteo_ecmwf_ifs,daily,17.701,5.201,14.82,6.8155837,3.3275166,77.99912,0.0,15.665407178652305,1.8274329756164087
2020-04-30 00:00:00+00:00,-36.07555,-71.75805,162.0,open-meteo_ecmwf_ifs,daily,19.651001,5.6010003,14.4,7.6343346,2.4783418,80.38582,0.0,15.507570887125565,1.7959013088216975
2020-05-01 00:00:00+00:00,-36.07555,-71.75805,162.0,open-meteo_ecmwf_ifs,daily,20.051,6.3510003,13.96,9.263499,2.238327,84.83713,0.0,15.352029352148971,1.6496174788620288
2020-05-02 00:00:00+00:00,-36.07555,-71.75805,162.0,open-meteo_ecmwf_ifs,daily,16.601,8.051001,8.43,9.33225,1.4572715,87.46734,0.1,15.198832021444753,1.1592042717796747
2020-05-03 00:00:00+00:00,-36.07555,-71.75805,162.0,open-meteo_ecmwf_ifs,daily,16.301,10.701,9.84,9.721832,2.956865,79.80716,0.3,15.048027081879638,1.5400452105373053
2020-05-04 00:00:00+00:00,-36.07555,-71.75805,162.0,open-meteo_ecmwf_ifs,daily,18.251,8.051001,10.53,8.744751,2.4336567,77.48484,0.0,14.89966144772741,1.5474974488945035
2020-05-05 00:00:00+00:00,-36.07555,-71.75805,162.0,open-meteo_ecmwf_ifs,daily,19.951,11.001,13.21,10.246833,4.038156,79.56148,0.0,14.753780751039573,2.1820185733539974
2020-05-06 00:00:00+00:00,-36.07555,-71.75805,162.0,open-meteo_ecmwf_ifs,daily,19.301,4.701,13.77,4.4218335,3.4764595,63.504166,0.0,14.610429334110822,2.150536025466458
2020-05-07 00:00:00+00:00,-36.07555,-71.75805,162.0,open-meteo_ecmwf_ifs,daily,19.851,5.901,12.63,8.880167,1.100001,85.15387,0.0,14.469650244020226,1.3139669643092915
2020-05-08 00:00:00+00:00,-36.07555,-71.75805,162.0,open-meteo_ecmwf_ifs,daily,19.451,8.101,8.37,9.886417,1.91055,85.84948,0.0,14.331485229222977,1.3054291825897169
2020-05-09 00:00:00+00:00,-36.07555,-71.75805,162.0,open-meteo_ecmwf_ifs,daily,18.401001,9.801001,8.44,10.573917,2.3189478,85.98167,0.0,14.195974738161995,1.3333616739775946
2020-05-10 00:00:00+00:00,-36.07555,-71.75805,162.0,open-meteo_ecmwf_ifs,daily,15.750999,10.101,6.67,10.451001,3.1183863,87.13496,2.2999997,14.06315791986258,1.1306135194470983
2020-05-11 00:00:00+00:00,-36.07555,-71.75805,162.0,open-meteo_ecmwf_ifs,daily,15.851,7.301,12.67,6.58225,4.8434544,76.50407,0.0,13.9330726264679,1.8687591897869749
2020-05-12 00:00:00+00:00,-36.07555,-71.75805,162.0,open-meteo_ecmwf_ifs,daily,15.801001,6.2510004,11.55,5.2364163,3.8301868,75.84341,0.0,13.805755417666933,1.7841065409985284
2020-05-13 00:00:00+00:00,-36.07555,-71.75805,162.0,open-meteo_ecmwf_ifs,daily,18.101,4.901,12.72,4.4009995,4.1477246,70.65156,0.0,13.681241566961397,2.080913127052416
2020-05-14 00:00:00+00:00,-36.07555,-71.75805,162.0,open-meteo_ecmwf_ifs,daily,19.151001,6.0010004,11.55,6.81975,2.984352,76.52657,0.0,13.559565069712148,1.693464508010711
2020-05-15 00:00:00+00:00,-36.07555,-71.75805,162.0,open-meteo_ecmwf_ifs,daily,22.001,11.751,11.37,12.101001,4.104099,81.36581,0.0,13.440758652900527,2.0208174154653706
2020-05-16 00:00:00+00:00,-36.07555,-71.75805,162.0,open-meteo_ecmwf_ifs,daily,21.351,12.451,11.55,12.338502,4.8449597,83.9343,0.0,13.324853786534561,2.0906990133189924
2020-05-17 00:00:00+00:00,-36.07555,-71.75805,162.0,open-meteo_ecmwf_ifs,daily,22.051,9.651,11.81,11.803084,3.0197792,85.20765,0.0,13.211880696624863,1.6336618767226825
2020-05-18 00:00:00+00:00,-36.07555,-71.75805,162.0,open-meteo_ecmwf_ifs,daily,15.801001,8.901,5.91,10.532249,2.1123478,90.962166,0.0,13.101868379650254,0.8658017072603883
2020-05-19 00:00:00+00:00,-36.07555,-71.75805,162.0,open-meteo_ecmwf_ifs,daily,14.101,9.951,2.37,10.876,2.7353966,93.33698,23.799997,12.994844618428031,0.6638757479590376
2020-05-20 00:00:00+00:00,-36.07555,-71.75805,162.0,open-meteo_ecmwf_ifs,daily,13.901,8.901,9.22,9.665584,2.2323854,88.9215,16.699999,12.890835999299556,0.9099554159138924
2020-05-21 00:00:00+00:00,-36.07555,-71.75805,162.0,open-meteo_ecmwf_ifs,daily,14.701,3.951,11.57,4.673917,2.090289,81.712494,0.0,12.789867930537339,1.1525721339919497
2020-05-22 00:00:00+00:00,-36.07555,-71.75805,162.0,open-meteo_ecmwf_ifs,daily,15.301001,0.0010000169,11.9,1.2114166,2.032472,71.30773,0.0,12.69196466187576,1.1956176164219152
2020-05-23 00:00:00+00:00,-36.07555,-71.75805,162.0,open-meteo_ecmwf_ifs,daily,17.401001,2.251,10.94,2.9551668,3.2797382,73.0558,0.0,12.597149305063722,1.61844594766015
2020-05-24 00:00:00+00:00,-36.07555,-71.75805,162.0,open-meteo_ecmwf_ifs,daily,20.951,6.401,10.73,7.940584,3.6437883,76.60972,0.0,12.50544385533427,1.7704658765000474
2020-05-25 00:00:00+00:00,-36.07555,-71.75805,162.0,open-meteo_ecmwf_ifs,daily,21.251,8.101,11.13,9.575999,3.0766194,79.56863,0.0,12.416869213682778,1.617113500591874
2020-05-26 00:00:00+00:00,-36.07555,-71.75805,162.0,open-meteo_ecmwf_ifs,daily,18.901001,7.151,11.1,9.213502,2.2990592,84.669395,0.0,12.331445209842643,1.2148311258904567
2020-05-27 00:00:00+00:00,-36.07555,-71.75805,162.0,open-meteo_ecmwf_ifs,daily,15.201,8.401,5.18,10.123918,1.167892,93.29661,0.0,12.249190625845157,0.7130161826452007
2020-05-28 00:00:00+00:00,-36.07555,-71.75805,162.0,open-meteo_ecmwf_ifs,daily,13.001,6.6010003,5.15,6.261417,1.7021708,78.885506,0.0,12.170123220047914,0.875420075315569
2020-05-29 00:00:00+00:00,-36.07555,-71.75805,162.0,open-meteo_ecmwf_ifs,daily,11.501,4.451,7.49,2.8551672,3.7431853,71.00062,0.1,12.094259751514848,1.3116514312037237
2020-05-30 00:00:00+00:00,-36.07555,-71.75805,162.0,open-meteo_ecmwf_ifs,daily,14.201,0.151,11.2,0.7635,3.6882055,73.01054,0.0,12.021616004629552,1.428879545801936
2020-05-31 00:00:00+00:00,-36.07555,-71.75805,162.0,open-meteo_ecmwf_ifs,daily,14.551001,1.8510001,8.89,4.536417,1.231549,86.93616,0.0,11.95220681382314,0.7797204442044671
2020-06-01 00:00:00+00:00,-36.07555,-71.75805,162.0,open-meteo_ecmwf_ifs,daily,13.751,2.851,9.04,5.801,1.6828008,90.77954,0.0,11.88604608829744,0.7525926075219291
2020-06-02 00:00:00+00:00,-36.07555,-71.75805,162.0,open-meteo_ecmwf_ifs,daily,13.551001,6.051,6.04,6.0093346,1.9805328,81.62068,0.2,11.823146836624794,0.9283408467405984
2020-06-03 00:00:00+00:00,-36.07555,-71.75805,162.0,open-meteo_ecmwf_ifs,daily,13.401,5.2510004,10.37,6.446833,1.7679054,84.17962,2.9999995,11.763521191106538,0.8251411151270573
2020-06-04 00:00:00+00:00,-36.07555,-71.75805,162.0,open-meteo_ecmwf_ifs,daily,12.451,2.701,8.94,5.0530834,1.2522814,88.545525,0.0,11.707180431773345,0.6753587641901965
2020-06-05 00:00:00+00:00,-36.07555,-71.75805,162.0,open-meteo_ecmwf_ifs,daily,12.501,2.401,9.09,4.5885005,1.3307047,89.09809,0.0,11.654135009912755,0.6955994676453511
2020-06-06 00:00:00+00:00,-36.07555,-71.75805,162.0,open-meteo_ecmwf_ifs,daily,12.101,2.5509999,7.11,4.4135,1.970532,89.93228,0.0,11.604394571011357,0.7515944042218872
2020-06-07 00:00:00+00:00,-36.07555,-71.75805,162.0,open-meteo_ecmwf_ifs,daily,13.951,6.701,6.93,6.8301673,1.683005,83.16332,1.7,11.557967977002177,0.8559573016252859
2020-06-08 00:00:00+00:00,-36.07555,-71.75805,162.0,open-meteo_ecmwf_ifs,daily,12.901,7.051,4.61,7.028084,2.3088987,86.29011,0.5,11.514863327711032,0.852353646119056
2020-06-09 00:00:00+00:00,-36.07555,-71.75805,162.0,open-meteo_ecmwf_ifs,daily,12.101,4.0010004,7.96,5.867668,1.5400585,90.126686,0.0,11.475087981399868,0.6615343422098654
2020-06-10 00:00:00+00:00,-36.07555,-71.75805,162.0,open-meteo_ecmwf_ifs,daily,13.401,0.201,9.3,2.3530834,1.4689838,81.80722,0.0,11.438648574309193,0.7683872811371786
2020-06-11 00:00:00+00:00,-36.07555,-71.75805,162.0,open-meteo_ecmwf_ifs,daily,9.401,6.901,0.85,5.1218343,6.3031406,81.328354,35.899998,11.405551039107118,1.1040699756302141
2020-06-12 00:00:00+00:00,-36.07555,-71.75805,162.0,open-meteo_ecmwf_ifs,daily,10.701,6.701,5.1,7.130167,2.8295624,90.93728,20.000004,11.375800622157493,0.6541382033493872
2020-06-13 00:00:00+00:00,-36.07555,-71.75805,162.0,open-meteo_ecmwf_ifs,daily,13.201,1.101,10.05,2.29475,2.728114,80.46064,0.0,11.349401899525892,1.0188256080892533
2020-06-14 00:00:00+00:00,-36.07555,-71.75805,162.0,open-meteo_ecmwf_ifs,daily,12.601,-0.699,10.66,1.5926666,2.1796072,82.696,0.0,11.32635879164836,0.8350375958713647
2020-06-15 00:00:00+00:00,-36.07555,-71.75805,162.0,open-meteo_ecmwf_ifs,daily,14.351,3.201,4.95,6.79475,6.6948776,84.62299,2.6,11.306674576594556,0.8748336295250144
2020-06-16 00:00:00+00:00,-36.07555,-71.75805,162.0,open-meteo_ecmwf_ifs,daily,12.301001,10.401,2.15,9.109334,6.0127444,87.60093,29.799997,11.290351901864103,1.001966759351357
2020-06-17 00:00:00+00:00,-36.07555,-71.75805,162.0,open-meteo_ecmwf_ifs,daily,11.151,10.001,1.4,8.951001,4.8914566,89.644135,28.200003,11.277392794662271,0.758105220574194
2020-06-18 00:00:00+00:00,-36.07555,-71.75805,162.0,open-meteo_ecmwf_ifs,daily,10.451,9.201,0.6,7.153084,7.6080213,84.44007,25.6,11.267798670609043,1.1405242544453302
2020-06-19 00:00:00+00:00,-36.07555,-71.75805,162.0,open-meteo_ecmwf_ifs,daily,13.451,8.301001,6.87,9.40725,3.5951207,91.379616,38.499992,11.261570340843303,0.7282690583449251
2020-06-20 00:00:00+00:00,-36.07555,-71.75805,162.0,open-meteo_ecmwf_ifs,daily,11.151,8.801001,0.97,9.380166,4.884872,93.99079,17.1,11.258708017492333,0.4706101587567939
2020-06-21 00:00:00+00:00,-36.07555,-71.75805,162.0,open-meteo_ecmwf_ifs,daily,12.351,3.651,7.97,6.623916,1.2854885,91.94674,0.0,11.259211317484986,0.5652891183092661
2020-06-22 00:00:00+00:00,-36.07555,-71.75805,162.0,open-meteo_ecmwf_ifs,daily,9.251,7.5010004,1.44,7.0864177,4.275972,89.64243,18.1,11.263079264695396,0.6099636511651074
2020-06-23 00:00:00+00:00,-36.07555,-71.75805,162.0,open-meteo_ecmwf_ifs,daily,9.201,6.0010004,2.98,6.759333,3.5483444,93.86831,7.2999997,11.270310290412631,0.4996961725152076
2020-06-24 00:00:00+00:00,-36.07555,-71.75805,162.0,open-meteo_ecmwf_ifs,daily,7.951,4.951,3.21,4.780167,4.999802,91.46873,14.7,11.280902232140207,0.6710446922193541
2020-06-25 00:00:00+00:00,-36.07555,-71.75805,162.0,open-meteo_ecmwf_ifs,daily,10.651,2.351,6.83,3.601,2.4365337,83.27346,0.70000005,11.294852330737816,0.7469064131375429
2020-06-26 00:00:00+00:00,-36.07555,-71.75805,162.0,open-meteo_ecmwf_ifs,daily,8.051001,3.3009999,2.48,4.436416,2.159231,91.898964,6.5000005,11.312157225926171,0.5085739189928347
2020-06-27 00:00:00+00:00,-36.07555,-71.75805,162.0,open-meteo_ecmwf_ifs,daily,13.451,6.801,5.85,6.6509995,2.305024,82.26811,3.1,11.332812950183955,0.9156744840119475
2020-06-28 00:00:00+00:00,-36.07555,-71.75805,162.0,open-meteo_ecmwf_ifs,daily,11.551001,8.251,1.54,8.413501,4.9697504,89.34165,30.599998,11.356814921074179,0.7106344106810806
2020-06-29 00:00:00+00:00,-36.07555,-71.75805,162.0,open-meteo_ecmwf_ifs,daily,10.651,8.301001,2.39,7.740584,5.461391,88.59322,32.6,11.384157932044886,0.7841314499734492
2020-06-30 00:00:00+00:00,-36.07555,-71.75805,162.0,open-meteo_ecmwf_ifs,daily,13.401,7.651,6.08,6.553084,3.8765323,82.528145,6.8,11.414836141756966,1.2160790789322762
2020-07-01 00:00:00+00:00,-36.07555,-71.75805,162.0,open-meteo_ecmwf_ifs,daily,13.101,9.101,4.46,6.88225,3.561465,79.30145,6.6999993,11.448843061998936,1.2415945743316112
2020-07-02 00:00:00+00:00,-36.07555,-71.75805,162.0,open-meteo_ecmwf_ifs,daily,12.101,4.551,9.16,5.9780846,2.2705393,90.568634,0.0,11.486171544255617,0.7476007032718507
2020-07-03 00:00:00+00:00,-36.07555,-71.75805,162.0,open-meteo_ecmwf_ifs,daily,10.651,5.6010003,1.67,7.290583,3.5354807,91.71105,15.2,11.526813765004155,0.5044246043750196
2020-07-04 00:00:00+00:00,-36.07555,-71.75805,162.0,open-meteo_ecmwf_ifs,daily,11.001,4.651,6.91,6.5343337,2.327036,91.94593,7.0,11.570761209816999,0.6021627304502778
2020-07-05 00:00:00+00:00,-36.07555,-71.75805,162.0,open-meteo_ecmwf_ifs,daily,10.551001,6.051,7.3,6.4885,3.8079956,91.30442,17.2,11.618004656357021,0.7499943564147923
2020-07-06 00:00:00+00:00,-36.07555,-71.75805,162.0,open-meteo_ecmwf_ifs,daily,10.401,2.651,8.23,3.8343334,2.473439,83.19027,0.0,11.668534156355456,0.7583200142720311
2020-07-07 00:00:00+00:00,-36.07555,-71.75805,162.0,open-meteo_ecmwf_ifs,daily,11.851,1.101,6.22,3.5280838,3.300566,83.188225,0.4,11.722339016667867,0.8504775358350419
2020-07-08 00:00:00+00:00,-36.07555,-71.75805,162.0,open-meteo_ecmwf_ifs,daily,11.301001,3.851,9.66,4.4072504,3.674031,80.28602,18.0,11.77940777950765,0.9725959377320443
2020-07-09 00:00:00+00:00,-36.07555,-71.75805,162.0,open-meteo_ecmwf_ifs,daily,11.101,2.101,3.78,3.2489166,2.0233712,80.85786,1.1,11.839728201960423,0.7818415239613054
2020-07-10 00:00:00+00:00,-36.07555,-71.75805,162.0,open-meteo_ecmwf_ifs,daily,13.101,8.801001,5.72,8.405168,4.1386957,87.99781,13.200001,11.903287234885772,1.0075758459789985
2020-07-11 00:00:00+00:00,-36.07555,-71.75805,162.0,open-meteo_ecmwf_ifs,daily,9.101,3.0509999,3.88,4.1114173,1.9794618,87.94645,0.0,11.970071001315455,0.6233375959181159
2020-07-12 00:00:00+00:00,-36.07555,-71.75805,162.0,open-meteo_ecmwf_ifs,daily,12.601,4.201,4.94,5.01975,1.246723,82.10275,0.0,12.04006477445958,0.7479588072115786
2020-07-13 00:00:00+00:00,-36.07555,-71.75805,162.0,open-meteo_ecmwf_ifs,daily,15.001,5.701,10.78,7.5905843,2.966019,88.45826,0.0,12.113252955433603,1.0088483452234487
2020-07-14 00:00:00+00:00,-36.07555,-71.75805,162.0,open-meteo_ecmwf_ifs,daily,16.301,2.751,11.01,5.84475,2.5093908,87.9784,0.0,12.189619050820331,1.0523561278536073
2020-07-15 00:00:00+00:00,-36.07555,-71.75805,162.0,open-meteo_ecmwf_ifs,daily,15.451,2.351,10.31,6.0801682,1.3015934,90.89053,0.0,12.26914565018171,0.8112656267949205
2020-07-16 00:00:00+00:00,-36.07555,-71.75805,162.0,open-meteo_ecmwf_ifs,daily,11.251,8.601,2.96,8.411417,2.6811817,91.0929,0.0,12.351814403635155,0.6815718389972419
2020-07-17 00:00:00+00:00,-36.07555,-71.75805,162.0,open-meteo_ecmwf_ifs,daily,12.151,8.401,2.07,8.465584,5.9683776,89.38922,10.899999,12.437605999609026,0.8601348659727257
2020-07-18 00:00:00+00:00,-36.07555,-71.75805,162.0,open-meteo_ecmwf_ifs,daily,11.951,10.151,2.21,9.71975,6.676237,92.83668,18.699997,12.526500142890944,0.7590108752525
2020-07-19 00:00:00+00:00,-36.07555,-71.75805,162.0,open-meteo_ecmwf_ifs,daily,11.701,9.601,2.83,9.861418,4.7931366,94.12789,22.699999,12.61847553308122,0.5829183241759925
2020-07-20 00:00:00+00:00,-36.07555,-71.75805,162.0,open-meteo_ecmwf_ifs,daily,12.251,9.151,5.69,9.128082,4.2358484,90.44638,10.200001,12.713509843562333,0.8305102612857733
2020-07-21 00:00:00+00:00,-36.07555,-71.75805,162.0,open-meteo_ecmwf_ifs,daily,11.151,8.101,6.18,7.509334,3.77376,88.28027,19.400003,12.81157970109291,0.9053523142899449
2020-07-22 00:00:00+00:00,-36.07555,-71.75805,162.0,open-meteo_ecmwf_ifs,daily,12.351,1.901,11.27,3.8864172,1.6588674,82.31678,0.1,12.912660666132476,0.8997789215208433
2020-07-23 00:00:00+00:00,-36.07555,-71.75805,162.0,open-meteo_ecmwf_ifs,daily,11.651,0.151,10.85,1.4114169,1.840742,75.467735,0.0,13.016727214000207,0.9727074711436543
2020-07-24 00:00:00+00:00,-36.07555,-71.75805,162.0,open-meteo_ecmwf_ifs,daily,11.601,2.3009999,11.16,3.6676667,1.7192279,85.47943,0.4,13.123752716967932,0.9225939768884929
2020-07-25 00:00:00+00:00,-36.07555,-71.75805,162.0,open-meteo_ecmwf_ifs,daily,9.051001,0.051,4.17,1.65725,1.4046884,80.972855,0.0,13.233709427383982,0.6780947619268285
2020-07-26 00:00:00+00:00,-36.07555,-71.75805,162.0,open-meteo_ecmwf_ifs,daily,10.151,5.951,2.93,4.934334,2.9155219,83.192345,6.1999993,13.346568461920898,0.9228371628965655
2020-07-27 00:00:00+00:00,-36.07555,-71.75805,162.0,open-meteo_ecmwf_ifs,daily,12.101,3.3009999,12.47,3.423916,3.5584743,80.6124,0.0,13.462299787035775,1.3119307707996626
2020-07-28 00:00:00+00:00,-36.07555,-71.75805,162.0,open-meteo_ecmwf_ifs,daily,12.001,-1.099,13.23,0.13016668,3.8930151,73.536415,0.0,13.580872205728074,1.3829291329665503
2020-07-29 00:00:00+00:00,-36.07555,-71.75805,162.0,open-meteo_ecmwf_ifs,daily,11.901,-0.449,12.0,2.051,1.4437842,87.29345,0.0,13.702253345674864,0.9437156081187554
2020-07-30 00:00:00+00:00,-36.07555,-71.75805,162.0,open-meteo_ecmwf_ifs,daily,10.451,1.051,5.21,3.7718337,2.4183123,88.19027,0.5,13.826409648819219,0.7264985150220346
2020-07-31 00:00:00+00:00,-36.07555,-71.75805,162.0,open-meteo_ecmwf_ifs,daily,12.751,0.30100003,7.17,3.5593336,0.97029024,89.713646,0.0,13.953306362482394,0.788828084550299
2020-08-01 00:00:00+00:00,-36.07555,-71.75805,162.0,open-meteo_ecmwf_ifs,daily,11.051001,6.401,2.05,6.3072505,3.7825477,85.61569,9.2,14.082907532065407,0.8827706999643791
2020-08-02 00:00:00+00:00,-36.07555,-71.75805,162.0,open-meteo_ecmwf_ifs,daily,17.101,3.9009998,13.09,7.330166,2.067004,82.38966,0.5,14.215175995400918,1.255366815047114
2020-08-03 00:00:00+00:00,-36.07555,-71.75805,162.0,open-meteo_ecmwf_ifs,daily,13.201,6.901,8.49,8.165584,1.2854655,92.51986,0.3,14.350073378810446,0.9238182897408979
2020-08-04 00:00:00+00:00,-36.07555,-71.75805,162.0,open-meteo_ecmwf_ifs,daily,17.451,4.5010004,12.86,7.7468333,1.8754612,88.04661,0.6,14.487560094917503,1.2859589434948557
2020-08-05 00:00:00+00:00,-36.07555,-71.75805,162.0,open-meteo_ecmwf_ifs,daily,13.101,8.401,6.24,9.192667,2.902888,86.361694,10.2,14.627595342261005,0.8916690094233699
2020-08-06 00:00:00+00:00,-36.07555,-71.75805,162.0,open-meteo_ecmwf_ifs,daily,13.701,3.851,14.12,2.2718332,5.5913568,70.02407,0.0,14.77013710674848,2.1172850509654486
2020-08-07 00:00:00+00:00,-36.07555,-71.75805,162.0,open-meteo_ecmwf_ifs,daily,14.551001,2.701,12.67,2.5197504,3.8416069,69.48843,0.0,14.91514216498304,1.7845193649730093
2020-08-08 00:00:00+00:00,-36.07555,-71.75805,162.0,open-meteo_ecmwf_ifs,daily,16.551,2.951,13.29,5.561417,2.6503844,83.27495,0.0,15.062566089492254,1.4740786799338572
2020-08-09 00:00:00+00:00,-36.07555,-71.75805,162.0,open-meteo_ecmwf_ifs,daily,13.051001,6.1010003,6.93,7.4405828,3.1656618,88.2622,2.5,15.212363255882018,1.007856244272533
2020-08-10 00:00:00+00:00,-36.07555,-71.75805,162.0,open-meteo_ecmwf_ifs,daily,10.551001,4.0010004,11.81,3.9384995,4.1376133,78.50225,1.3000001,15.364486851932718,1.3171991251825388
2020-08-11 00:00:00+00:00,-36.07555,-71.75805,162.0,open-meteo_ecmwf_ifs,daily,11.801001,2.851,14.89,-0.54275024,7.366394,61.669422,0.0,15.518888888649574,2.492462706527251
2020-08-12 00:00:00+00:00,-36.07555,-71.75805,162.0,open-meteo_ecmwf_ifs,daily,13.651,1.8009999,14.72,1.9114166,4.1750846,72.57584,0.0,15.675520213273591,1.8336417447219238
2020-08-13 00:00:00+00:00,-36.07555,-71.75805,162.0,open-meteo_ecmwf_ifs,daily,12.301001,2.401,9.69,4.2947507,1.6906046,86.72155,0.0,15.834330524254199,1.0819814697623917
2020-08-14 00:00:00+00:00,-36.07555,-71.75805,162.0,open-meteo_ecmwf_ifs,daily,12.101,5.701,13.9,4.461416,2.5676854,77.75891,5.4000006,15.995268388179062,1.5463060751436166
2020-08-15 00:00:00+00:00,-36.07555,-71.75805,162.0,open-meteo_ecmwf_ifs,daily,12.301001,1.301,15.32,0.4593333,4.17198,67.27599,0.0,16.158281258651435,1.8889038844489017
2020-08-16 00:00:00+00:00,-36.07555,-71.75805,162.0,open-meteo_ecmwf_ifs,daily,12.501,3.451,14.6,-0.005249957,6.250196,60.842945,0.0,16.323315497100086,2.4980516830857824
2020-08-17 00:00:00+00:00,-36.07555,-71.75805,162.0,open-meteo_ecmwf_ifs,daily,13.801001,2.151,15.42,3.7009995,3.4106452,80.41132,0.0,16.490316395501566,1.6418656152126112
2020-08-18 00:00:00+00:00,-36.07555,-71.75805,162.0,open-meteo_ecmwf_ifs,daily,11.201,2.401,8.23,4.8822503,1.305567,87.74593,0.6,16.65922820098957,0.9337184812790889
2020-08-19 00:00:00+00:00,-36.07555,-71.75805,162.0,open-meteo_ecmwf_ifs,daily,14.001,1.701,16.18,2.8426666,4.2598376,76.33848,0.0,16.829994142321056,1.8616063383315864
2020-08-20 00:00:00+00:00,-36.07555,-71.75805,162.0,open-meteo_ecmwf_ifs,daily,19.551,0.201,16.36,1.6093334,3.2416914,65.36382,0.0,17.00255645816395,2.3058240453101595
2020-08-21 00:00:00+00:00,-36.07555,-71.75805,162.0,open-meteo_ecmwf_ifs,daily,16.801,1.601,16.34,4.4301662,1.2920208,75.38313,0.0,17.176856427166303,1.6286817656916286
2020-08-22 00:00:00+00:00,-36.07555,-71.75805,162.0,open-meteo_ecmwf_ifs,daily,17.251,3.7510002,15.92,6.834333,1.9532632,86.73762,0.0,17.352834399762216,1.7046202037927294
2020-08-23 00:00:00+00:00,-36.07555,-71.75805,162.0,open-meteo_ecmwf_ifs,daily,13.951,8.401,6.34,6.446833,5.519924,76.3209,0.9000001,17.530429831665227,1.8525504589537087
2020-08-24 00:00:00+00:00,-36.07555,-71.75805,162.0,open-meteo_ecmwf_ifs,daily,15.151,8.301001,9.47,4.7655835,6.302976,66.79575,6.2,17.709581318995312,2.6167965197197236
2020-08-25 00:00:00+00:00,-36.07555,-71.75805,162.0,open-meteo_ecmwf_ifs,daily,11.301001,9.201,4.38,7.2260013,6.1956115,83.05705,19.4,17.890226634981417,1.3562694514490012
2020-08-26 00:00:00+00:00,-36.07555,-71.75805,162.0,open-meteo_ecmwf_ifs,daily,11.101,7.6010003,6.84,6.4135013,6.0341573,83.72942,12.300001,18.072302768177465,1.3785678071670524
2020-08-27 00:00:00+00:00,-36.07555,-71.75805,162.0,open-meteo_ecmwf_ifs,daily,12.301001,1.8510001,10.74,4.876001,2.2837505,85.201775,0.1,18.255745962125253,1.1819296588716792
2020-08-28 00:00:00+00:00,-36.07555,-71.75805,162.0,open-meteo_ecmwf_ifs,daily,8.801001,5.6010003,2.2,5.371834,3.2794626,85.51066,12.3,18.44049175639456,0.7579553346870627
2020-08-29 00:00:00+00:00,-36.07555,-71.75805,162.0,open-meteo_ecmwf_ifs,daily,12.351,6.6010003,13.11,4.9655833,3.7068994,79.003365,5.1,18.626475028926293,1.8473843193317647
2020-08-30 00:00:00+00:00,-36.07555,-71.75805,162.0,open-meteo_ecmwf_ifs,daily,13.501,1.401,18.36,0.25516653,5.985474,64.5117,0.0,18.813630039601797,2.5393035308184717
2020-08-31 00:00:00+00:00,-36.07555,-71.75805,162.0,open-meteo_ecmwf_ifs,daily,15.051001,1.301,16.18,4.43225,1.9635032,85.62063,0.0,19.00189047495753,1.705256148612076
2020-09-01 00:00:00+00:00,-36.07555,-71.75805,162.0,open-meteo_ecmwf_ifs,daily,12.851,4.401,8.3,6.280168,1.2561208,89.088684,0.0,19.191189493961588,1.1355715687825387
2020-09-02 00:00:00+00:00,-36.07555,-71.75805,162.0,open-meteo_ecmwf_ifs,daily,14.151,4.901,15.99,5.978084,2.3493638,81.7633,0.0,19.381459774765457,1.8130597469400538
2020-09-03 00:00:00+00:00,-36.07555,-71.75805,162.0,open-meteo_ecmwf_ifs,daily,14.701,4.6010003,13.82,5.6635003,1.8677338,81.86701,0.0,19.57263356234178,1.715376447658363
2020-09-04 00:00:00+00:00,-36.07555,-71.75805,162.0,open-meteo_ecmwf_ifs,daily,14.751,4.551,14.01,5.292667,2.6094887,78.33674,0.0,19.764642716916505,1.8439302147747902
2020-09-05 00:00:00+00:00,-36.07555,-71.75805,162.0,open-meteo_ecmwf_ifs,daily,13.651,7.2510004,12.68,6.405167,2.3184679,81.63958,2.1999998,19.957418763101316,1.7648474870897308
2020-09-06 00:00:00+00:00,-36.07555,-71.75805,162.0,open-meteo_ecmwf_ifs,daily,18.201,3.8009999,19.23,5.701,2.732253,77.51661,0.0,20.150892939630538,2.389503132090893
2020-09-07 00:00:00+00:00,-36.07555,-71.75805,162.0,open-meteo_ecmwf_ifs,daily,14.451,4.201,13.19,7.2447505,1.6542563,89.584984,0.0,20.344996249604733,1.518584909308254
2020-09-08 00:00:00+00:00,-36.07555,-71.75805,162.0,open-meteo_ecmwf_ifs,daily,10.551001,6.151,3.55,6.7572513,3.3338006,89.7821,3.6000001,20.539659511141743,0.8386080444413584
2020-09-09 00:00:00+00:00,-36.07555,-71.75805,162.0,open-meteo_ecmwf_ifs,daily,17.851,8.351,15.79,8.321834,3.2456198,80.898384,12.5,20.73481340833476,2.3837056801373158
2020-09-10 00:00:00+00:00,-36.07555,-71.75805,162.0,open-meteo_ecmwf_ifs,daily,14.651,6.901,6.94,8.334333,2.713197,91.310234,3.6999998,20.93038854241589,1.2633558489169538
2020-09-11 00:00:00+00:00,-36.07555,-71.75805,162.0,open-meteo_ecmwf_ifs,daily,14.301001,3.001,20.58,3.7780836,4.5004697,75.09888,0.0,21.12631548302286,2.38842974684265
2020-09-12 00:00:00+00:00,-36.07555,-71.75805,162.0,open-meteo_ecmwf_ifs,daily,15.451,2.951,20.46,4.151,4.4367976,75.36477,0.0,21.322524819466494,2.4728562597145607
2020-09-13 00:00:00+00:00,-36.07555,-71.75805,162.0,open-meteo_ecmwf_ifs,daily,16.101,4.5010004,21.19,3.7072499,6.0470395,69.54516,0.0,21.518947211895632,3.0319621541561106
2020-09-14 00:00:00+00:00,-36.07555,-71.75805,162.0,open-meteo_ecmwf_ifs,daily,20.351,2.851,21.08,4.221833,4.7300467,66.62388,0.0,21.715513442257098,3.1932796707444924
2020-09-15 00:00:00+00:00,-36.07555,-71.75805,162.0,open-meteo_ecmwf_ifs,daily,15.951,5.701,15.13,7.9405847,2.0204527,82.67241,0.0,21.912154464948085,1.9048191687844067
2020-09-16 00:00:00+00:00,-36.07555,-71.75805,162.0,open-meteo_ecmwf_ifs,daily,18.001,8.051001,18.83,9.323917,2.43448,83.70105,1.0,22.108801457059048,2.4643396379406854
2020-09-17 00:00:00+00:00,-36.07555,-71.75805,162.0,open-meteo_ecmwf_ifs,daily,18.551,6.1010003,20.45,8.455167,3.5536022,79.853874,0.0,22.305385868106683,2.5970091097925883
2020-09-18 00:00:00+00:00,-36.07555,-71.75805,162.0,open-meteo_ecmwf_ifs,daily,17.401001,6.151,21.39,5.330167,6.2855296,68.75246,0.0,22.501839469156753,3.2699031597081265
2020-09-19 00:00:00+00:00,-36.07555,-71.75805,162.0,open-meteo_ecmwf_ifs,daily,21.001,5.3510003,22.5,2.680167,7.358957,54.2087,0.0,22.698094401239178,4.486692487775074
2020-09-20 00:00:00+00:00,-36.07555,-71.75805,162.0,open-meteo_ecmwf_ifs,daily,20.001,3.501,21.79,6.3197513,1.5207963,70.21899,0.0,22.894083222958763,2.709682778194405
2020-09-21 00:00:00+00:00,-36.07555,-71.75805,162.0,open-meteo_ecmwf_ifs,daily,20.851,5.2510004,19.95,8.742669,1.8780202,80.22556,0.0,23.089738957207196,2.6455162406589734
2020-09-22 00:00:00+00:00,-36.07555,-71.75805,162.0,open-meteo_ecmwf_ifs,daily,18.951,5.7510004,19.44,7.7280827,3.250536,77.57433,0.0,23.284995136884657,2.6875829995056253
2020-09-23 00:00:00+00:00,-36.07555,-71.75805,162.0,open-meteo_ecmwf_ifs,daily,21.951,4.701,21.96,7.1114163,3.0307195,74.55065,0.0,23.479785849541383,3.1713503524195765
2020-09-24 00:00:00+00:00,-36.07555,-71.75805,162.0,open-meteo_ecmwf_ifs,daily,21.201,5.5010004,20.73,8.584333,1.4268508,79.402176,0.0,23.674045780852957,2.7727500884580953
2020-09-25 00:00:00+00:00,-36.07555,-71.75805,162.0,open-meteo_ecmwf_ifs,daily,14.551001,7.6010003,7.26,7.60725,3.153619,82.44329,0.3,23.867710256845903,1.5575726110456243
2020-09-26 00:00:00+00:00,-36.07555,-71.75805,162.0,open-meteo_ecmwf_ifs,daily,13.601,8.501,9.7,6.4010005,1.2806042,76.40316,1.0000001,24.06071528479366,1.673247211540469
2020-09-27 00:00:00+00:00,-36.07555,-71.75805,162.0,open-meteo_ecmwf_ifs,daily,18.701,6.051,23.33,6.2114177,3.6620772,74.1959,0.0,24.252997592706706,3.278377945182721
2020-09-28 00:00:00+00:00,-36.07555,-71.75805,162.0,open-meteo_ecmwf_ifs,daily,18.551,4.5010004,20.52,5.9822507,3.2234051,73.15977,0.0,24.444494667344415,2.8735854984753955
2020-09-29 00:00:00+00:00,-36.07555,-71.75805,162.0,open-meteo_ecmwf_ifs,daily,13.751,6.901,11.39,5.6697507,4.4160423,75.8114,0.70000005,24.63514479068026,2.1203266829559726
2020-09-30 00:00:00+00:00,-36.07555,-71.75805,162.0,open-meteo_ecmwf_ifs,daily,13.701,6.951,18.73,4.7801666,3.1531332,72.79206,4.5,24.824887074756717,2.6466333477892325
2020-10-01 00:00:00+00:00,-36.07555,-71.75805,162.0,open-meteo_ecmwf_ifs,daily,14.901,2.8009999,23.5,1.8155833,3.9655466,66.42446,0.0,25.013661494869872,3.0682754194487547
2020-10-02 00:00:00+00:00,-36.07555,-71.75805,162.0,open-meteo_ecmwf_ifs,daily,15.601,2.701,23.62,2.68225,2.9012501,68.39656,0.0,25.20140892102965,2.9617383984784365
2020-10-03 00:00:00+00:00,-36.07555,-71.75805,162.0,open-meteo_ecmwf_ifs,daily,14.401,3.451,19.9,3.4197502,2.2074535,70.93508,1.3,25.38807114764536,2.5417634583156854
2020-10-04 00:00:00+00:00,-36.07555,-71.75805,162.0,open-meteo_ecmwf_ifs,daily,16.051,2.601,23.58,2.9176672,2.6687868,70.18044,0.0,25.57359092139206,2.9728076767067892
2020-10-05 00:00:00+00:00,-36.07555,-71.75805,162.0,open-meteo_ecmwf_ifs,daily,17.701,3.601,24.92,3.3322504,3.640104,62.337845,0.0,25.757911967218206,3.4210681908236693
2020-10-06 00:00:00+00:00,-36.07555,-71.75805,162.0,open-meteo_ecmwf_ifs,daily,18.851,4.051,25.29,3.9864166,3.8709335,64.5226,0.0,25.94097901246006,3.60091788568746
2020-10-07 00:00:00+00:00,-36.07555,-71.75805,162.0,open-meteo_ecmwf_ifs,daily,18.451,4.7510004,25.84,3.2072499,4.950374,61.21574,0.0,26.122737809034707,3.923541581566686
2020-10-08 00:00:00+00:00,-36.07555,-71.75805,162.0,open-meteo_ecmwf_ifs,daily,19.101,5.1010003,21.69,3.5405834,4.0992303,59.511353,0.0,26.303135153687794,3.639032630311439
2020-10-09 00:00:00+00:00,-36.07555,-71.75805,162.0,open-meteo_ecmwf_ifs,daily,24.201,7.051,25.72,6.459334,4.844443,64.334694,0.0,26.482118906279098,4.648150572385789
2020-10-10 00:00:00+00:00,-36.07555,-71.75805,162.0,open-meteo_ecmwf_ifs,daily,18.301,8.901,26.0,5.6072497,6.2210946,60.54508,0.0,26.659638006093488,4.335839307816989
2020-10-11 00:00:00+00:00,-36.07555,-71.75805,162.0,open-meteo_ecmwf_ifs,daily,25.401001,6.301,26.25,5.3384995,4.940508,58.875137,0.0,26.83564248617153,4.973631368952345
2020-10-12 00:00:00+00:00,-36.07555,-71.75805,162.0,open-meteo_ecmwf_ifs,daily,26.951,8.001,25.98,6.6905837,3.6171198,55.96681,0.0,27.010083485659194,4.926082396417398
2020-10-13 00:00:00+00:00,-36.07555,-71.75805,162.0,open-meteo_ecmwf_ifs,daily,25.701,9.101,24.32,8.248918,3.6672375,62.855335,0.0,27.18291326018198,4.595248738264747
2020-10-14 00:00:00+00:00,-36.07555,-71.75805,162.0,open-meteo_ecmwf_ifs,daily,21.001,10.801001,19.26,9.723916,4.031144,70.926956,0.0,27.35408519025467,3.5748595445999842
2020-10-15 00:00:00+00:00,-36.07555,-71.75805,162.0,open-meteo_ecmwf_ifs,daily,26.801,9.801001,25.88,10.934335,1.9278432,70.24134,0.0,27.523553787743452,4.29827941856095
2020-10-16 00:00:00+00:00,-36.07555,-71.75805,162.0,open-meteo_ecmwf_ifs,daily,23.201,12.151,20.53,11.65725,3.3529844,70.53415,0.0,27.69127470040259,3.788348143831252
2020-10-17 00:00:00+00:00,-36.07555,-71.75805,162.0,open-meteo_ecmwf_ifs,daily,23.451,8.451,24.38,9.6885,2.7246876,72.72726,0.0,27.85720471451394,3.9129008645136456
2020-10-18 00:00:00+00:00,-36.07555,-71.75805,162.0,open-meteo_ecmwf_ifs,daily,20.851,7.651,26.76,6.6905847,3.6419592,66.785934,0.0,28.021301755662282,4.194764149227966
2020-10-19 00:00:00+00:00,-36.07555,-71.75805,162.0,open-meteo_ecmwf_ifs,daily,21.701,6.801,27.45,3.3864162,4.264978,55.800106,0.0,28.183524887685333,4.794641536403098
2020-10-20 00:00:00+00:00,-36.07555,-71.75805,162.0,open-meteo_ecmwf_ifs,daily,24.301,7.451,27.71,4.6218333,4.3615017,51.104656,0.1,28.34383430984206,5.158274342352309
2020-10-21 00:00:00+00:00,-36.07555,-71.75805,162.0,open-meteo_ecmwf_ifs,daily,23.151001,7.151,27.84,6.3614173,2.5801203,59.906414,0.0,28.502191352248172,4.406577778177171
2020-10-22 00:00:00+00:00,-36.07555,-71.75805,162.0,open-meteo_ecmwf_ifs,daily,25.251,7.651,27.98,7.073916,2.6543787,60.70728,0.0,28.658558469632105,4.673709215955744
2020-10-23 00:00:00+00:00,-36.07555,-71.75805,162.0,open-meteo_ecmwf_ifs,daily,24.901001,7.301,28.02,7.311417,2.5279977,62.72759,0.0,28.812899233469736,4.5600537319369385
2020-10-24 00:00:00+00:00,-36.07555,-71.75805,162.0,open-meteo_ecmwf_ifs,daily,22.601,7.151,25.77,6.9968333,3.2111843,67.94175,0.4,28.965178322560085,4.2282548626442855
2020-10-25 00:00:00+00:00,-36.07555,-71.75805,162.0,open-meteo_ecmwf_ifs,daily,19.351,6.951,27.76,5.3405833,4.031224,67.030334,4.8999996,29.115361512108564,4.258137968528723
2020-10-26 00:00:00+00:00,-36.07555,-71.75805,162.0,open-meteo_ecmwf_ifs,daily,20.101,5.201,25.37,4.809333,3.6958005,62.97555,0.0,29.2634156613878,3.97199641227376
2020-10-27 00:00:00+00:00,-36.07555,-71.75805,162.0,open-meteo_ecmwf_ifs,daily,14.751,9.751,10.51,7.2614174,3.1300535,75.60085,11.000001,29.409308700050094,2.2359711120473738
2020-10-28 00:00:00+00:00,-36.07555,-71.75805,162.0,open-meteo_ecmwf_ifs,daily,18.551,8.951,26.76,5.1176662,3.005722,60.970173,0.0,29.553009613168058,4.250312074707352
2020-10-29 00:00:00+00:00,-36.07555,-71.75805,162.0,open-meteo_ecmwf_ifs,daily,24.601,4.7510004,29.04,5.5218334,4.360768,60.389923,0.0,29.694488425083584,4.85679359234881
2020-10-30 00:00:00+00:00,-36.07555,-71.75805,162.0,open-meteo_ecmwf_ifs,daily,27.951,9.351,28.28,8.626,1.9667791,60.70161,0.0,29.83371618214728,4.938976416032969
2020-10-31 00:00:00+00:00,-36.07555,-71.75805,162.0,open-meteo_ecmwf_ifs,daily,28.151001,10.601,27.85,11.780167,1.9035711,67.546364,0.0,29.970664934432882,4.825103072670316
2020-11-01 00:00:00+00:00,-36.07555,-71.75805,162.0,open-meteo_ecmwf_ifs,daily,25.351,9.651,28.68,9.617667,1.8782233,64.05531,0.0,30.10530771651308,4.697865185433165
2020-11-02 00:00:00+00:00,-36.07555,-71.75805,162.0,open-meteo_ecmwf_ifs,daily,24.851,9.751,26.76,10.255166,2.206389,70.81394,0.0,30.23761852738439,4.465798892713356
2020-11-03 00:00:00+00:00,-36.07555,-71.75805,162.0,open-meteo_ecmwf_ifs,daily,26.351,10.051001,25.44,10.815583,2.2106764,71.31275,0.0,30.367572309630113,4.4726628714041405
2020-11-04 00:00:00+00:00,-36.07555,-71.75805,162.0,open-meteo_ecmwf_ifs,daily,22.951,10.201,24.86,7.115584,4.129709,58.806713,0.0,30.49514492791063,4.850933408148406
2020-11-05 00:00:00+00:00,-36.07555,-71.75805,162.0,open-meteo_ecmwf_ifs,daily,24.651001,8.251,31.01,2.6301668,6.5030074,45.42932,0.0,30.620313146871066,6.508176070880983
2020-11-06 00:00:00+00:00,-36.07555,-71.75805,162.0,open-meteo_ecmwf_ifs,daily,25.551,8.151,28.98,7.2364163,3.304164,59.243946,0.0,30.74305460855596,5.127814793830382
2020-11-07 00:00:00+00:00,-36.07555,-71.75805,162.0,open-meteo_ecmwf_ifs,daily,29.051,10.101,29.92,8.965584,3.909155,57.487232,0.0,30.863347809420024,5.933775469893066
2020-11-08 00:00:00+00:00,-36.07555,-71.75805,162.0,open-meteo_ecmwf_ifs,daily,26.651001,10.951,29.26,9.323916,3.3073463,58.047276,0.0,30.981172077023515,5.458075916356495
2020-11-09 00:00:00+00:00,-36.07555,-71.75805,162.0,open-meteo_ecmwf_ifs,daily,27.801,11.301001,30.28,9.10725,3.8973093,58.229904,0.0,31.09650754649913,5.956676660953445
2020-11-10 00:00:00+00:00,-36.07555,-71.75805,162.0,open-meteo_ecmwf_ifs,daily,27.001,11.501,28.58,10.451002,2.505912,62.42132,0.0,31.209335136875673,5.2039448392775
2020-11-11 00:00:00+00:00,-36.07555,-71.75805,162.0,open-meteo_ecmwf_ifs,daily,24.501,11.201,26.55,10.334334,2.025306,66.38672,0.0,31.31963652734229,4.5817642492454205
2020-11-12 00:00:00+00:00,-36.07555,-71.75805,162.0,open-meteo_ecmwf_ifs,daily,26.851,12.051001,28.23,9.044751,3.2748196,59.70934,0.0,31.427394133533827,5.579046904029325
2020-11-13 00:00:00+00:00,-36.07555,-71.75805,162.0,open-meteo_ecmwf_ifs,daily,21.951,12.701,18.4,8.980168,3.5390244,61.22575,0.3,31.532591083915815,4.091372227686349
2020-11-14 00:00:00+00:00,-36.07555,-71.75805,162.0,open-meteo_ecmwf_ifs,daily,22.751,10.651,31.01,5.2072496,4.5884876,53.047558,0.0,31.635211196344294,5.856557472953768
2020-11-15 00:00:00+00:00,-36.07555,-71.75805,162.0,open-meteo_ecmwf_ifs,daily,25.951,8.001,31.61,4.6509995,3.7526057,50.055145,0.0,31.735238954872404,5.8578600897626565
2020-11-16 00:00:00+00:00,-36.07555,-71.75805,162.0,open-meteo_ecmwf_ifs,daily,27.651001,10.201,31.55,7.311418,3.1392472,53.169025,0.0,31.832659486872018,5.945268503094461
2020-11-17 00:00:00+00:00,-36.07555,-71.75805,162.0,open-meteo_ecmwf_ifs,daily,26.001,10.501,28.77,8.934334,3.3061283,58.902832,0.0,31.927458540534776,5.35689229381467
2020-11-18 00:00:00+00:00,-36.07555,-71.75805,162.0,open-meteo_ecmwf_ifs,daily,26.601,9.901,30.14,9.909333,2.6625369,64.53114,0.0,32.01962246281294,5.266620661112059
2020-11-19 00:00:00+00:00,-36.07555,-71.75805,162.0,open-meteo_ecmwf_ifs,daily,25.851,12.001,23.77,9.955169,2.8264472,61.26132,0.0,32.10913817785605,4.7759725892615075
2020-11-20 00:00:00+00:00,-36.07555,-71.75805,162.0,open-meteo_ecmwf_ifs,daily,22.301,12.351,17.69,7.6010003,3.2671807,59.584003,0.2,32.195993165994935,4.1656874451130355
2020-11-21 00:00:00+00:00,-36.07555,-71.75805,162.0,open-meteo_ecmwf_ifs,daily,23.651001,9.401,31.22,6.6593337,1.8842268,57.39915,0.0,32.28017544331997,5.099532568023813
2020-11-22 00:00:00+00:00,-36.07555,-71.75805,162.0,open-meteo_ecmwf_ifs,daily,27.301,9.901,31.98,7.155167,4.132457,54.881336,0.0,32.36167354189605,6.220199990952054
2020-11-23 00:00:00+00:00,-36.07555,-71.75805,162.0,open-meteo_ecmwf_ifs,daily,26.351,12.151,30.11,8.184334,3.9607735,53.494373,0.0,32.44047649065156,6.066708019737747
2020-11-24 00:00:00+00:00,-36.07555,-71.75805,162.0,open-meteo_ecmwf_ifs,daily,24.301,10.151,29.73,6.7864165,3.6283112,55.236095,0.1,32.516573796974136,5.529430146938108
2020-11-25 00:00:00+00:00,-36.07555,-71.75805,162.0,open-meteo_ecmwf_ifs,daily,25.301,10.751,31.72,7.7989173,4.5115867,60.241398,0.0,32.58995542904132,6.019828772218015
2020-11-26 00:00:00+00:00,-36.07555,-71.75805,162.0,open-meteo_ecmwf_ifs,daily,28.701,9.301001,33.31,1.5614167,7.209475,36.833492,0.0,32.66061179890919,8.121630548602
2020-11-27 00:00:00+00:00,-36.07555,-71.75805,162.0,open-meteo_ecmwf_ifs,daily,27.951,10.501,32.17,5.6593337,4.34728,45.405293,0.0,32.728533746377586,6.6999388872138566
2020-11-28 00:00:00+00:00,-36.07555,-71.75805,162.0,open-meteo_ecmwf_ifs,daily,26.501,10.201,31.94,8.178084,3.1771061,59.792995,0.0,32.79371252364616,5.817287604259347
2020-11-29 00:00:00+00:00,-36.07555,-71.75805,162.0,open-meteo_ecmwf_ifs,daily,27.901001,13.001,32.68,6.3947506,5.6300263,52.266064,0.0,32.85613978077089,7.472343563421468
2020-11-30 00:00:00+00:00,-36.07555,-71.75805,162.0,open-meteo_ecmwf_ifs,daily,29.701,9.501,33.06,4.9301667,4.633259,43.59056,0.0,32.9158075519268,7.089121907197226
2020-12-01 00:00:00+00:00,-36.07555,-71.75805,162.0,open-meteo_ecmwf_ifs,daily,27.101,10.701,29.06,6.755167,3.8995202,49.91553,0.0,32.97270824247846,6.0473564324404165
2020-12-02 00:00:00+00:00,-36.07555,-71.75805,162.0,open-meteo_ecmwf_ifs,daily,26.551,9.751,32.54,6.080166,3.588176,49.827923,0.0,33.02683461685662,6.162520175860389
2020-12-03 00:00:00+00:00,-36.07555,-71.75805,162.0,open-meteo_ecmwf_ifs,daily,26.251,10.101,33.23,3.3155835,6.4154854,42.637516,0.0,33.07817978723516,7.346386572883158
2020-12-04 00:00:00+00:00,-36.07555,-71.75805,162.0,open-meteo_ecmwf_ifs,daily,31.151001,8.951,33.28,4.1322503,3.4922607,40.944706,0.0,33.12673720300084,6.896831759409714
2020-12-05 00:00:00+00:00,-36.07555,-71.75805,162.0,open-meteo_ecmwf_ifs,daily,31.451,13.101,32.81,8.351001,2.0557907,44.876526,0.0,33.172500641004014,6.438323651035214
2020-12-06 00:00:00+00:00,-36.07555,-71.75805,162.0,open-meteo_ecmwf_ifs,daily,32.051,12.701,32.87,8.882252,2.5819633,47.919785,0.0,33.21546419657744,6.689841710409159
2020-12-07 00:00:00+00:00,-36.07555,-71.75805,162.0,open-meteo_ecmwf_ifs,daily,29.651001,13.801001,32.83,9.053083,2.5904539,49.076366,0.0,33.2556222753079,6.535101341130577
2020-12-08 00:00:00+00:00,-36.07555,-71.75805,162.0,open-meteo_ecmwf_ifs,daily,27.551,10.451,33.15,7.246835,3.8546813,54.156193,0.0,33.292969585543474,6.430474665636223
2020-12-09 00:00:00+00:00,-36.07555,-71.75805,162.0,open-meteo_ecmwf_ifs,daily,30.951,12.401,34.15,5.76975,4.5480933,43.335617,0.0,33.32750113161869,7.760789507298825
2020-12-10 00:00:00+00:00,-36.07555,-71.75805,162.0,open-meteo_ecmwf_ifs,daily,24.201,11.701,25.6,5.9655833,3.4994686,49.15913,0.5,33.35921220777854,5.429207990951295
2020-12-11 00:00:00+00:00,-36.07555,-71.75805,162.0,open-meteo_ecmwf_ifs,daily,25.201,10.301001,33.43,5.4551673,4.231501,52.812046,0.0,33.38809839278236,6.390639288713311
2020-12-12 00:00:00+00:00,-36.07555,-71.75805,162.0,open-meteo_ecmwf_ifs,daily,22.351,10.701,13.96,8.376,3.623602,63.77978,3.1000001,33.414155545168015,3.6046402006532863
2020-12-13 00:00:00+00:00,-36.07555,-71.75805,162.0,open-meteo_ecmwf_ifs,daily,26.601,10.051001,34.15,6.380167,4.9928055,58.045288,0.0,33.43737979915801,6.70515645184071
2020-12-14 00:00:00+00:00,-36.07555,-71.75805,162.0,open-meteo_ecmwf_ifs,daily,26.551,10.251,32.01,6.026001,5.7824416,47.971237,0.0,33.45776756118901,6.773890960666345
2020-12-15 00:00:00+00:00,-36.07555,-71.75805,162.0,open-meteo_ecmwf_ifs,daily,26.601,9.951,34.17,5.584334,5.4810944,51.795048,0.0,33.47531550704798,6.918637117343034
2020-12-16 00:00:00+00:00,-36.07555,-71.75805,162.0,open-meteo_ecmwf_ifs,daily,30.751,9.551001,33.96,5.2051663,3.9201946,45.636887,0.0,33.49002057959923,7.0974952307209955
2020-12-17 00:00:00+00:00,-36.07555,-71.75805,162.0,open-meteo_ecmwf_ifs,daily,30.501,12.301001,32.88,7.7634997,2.8711808,47.72498,0.0,33.50187998708839,6.685896714471253
2020-12-18 00:00:00+00:00,-36.07555,-71.75805,162.0,open-meteo_ecmwf_ifs,daily,21.801,11.801001,19.01,7.5593333,4.361919,57.572605,4.2000003,33.51089120201111,4.479424508149694
2020-12-19 00:00:00+00:00,-36.07555,-71.75805,162.0,open-meteo_ecmwf_ifs,daily,23.001,11.101,26.2,8.0885,3.039932,62.071423,0.2,33.51705196053693,4.894998723842221
2020-12-20 00:00:00+00:00,-36.07555,-71.75805,162.0,open-meteo_ecmwf_ifs,daily,27.501,10.601,33.79,5.8635,4.6718507,49.079548,0.0,33.52036026248008,6.915685803363693
2020-12-21 00:00:00+00:00,-36.07555,-71.75805,162.0,open-meteo_ecmwf_ifs,daily,31.951,10.851,33.8,6.942667,4.006774,47.11658,0.0,33.520814371812676,7.312520270530207
2020-12-22 00:00:00+00:00,-36.07555,-71.75805,162.0,open-meteo_ecmwf_ifs,daily,32.401,12.901,33.74,8.428084,4.4473042,47.609253,0.0,33.51841281771702,7.7017292664172405
2020-12-23 00:00:00+00:00,-36.07555,-71.75805,162.0,open-meteo_ecmwf_ifs,daily,30.151001,12.801001,33.65,8.284334,5.262082,47.860546,0.0,33.513154396177384,7.584508555707114
2020-12-24 00:00:00+00:00,-36.07555,-71.75805,162.0,open-meteo_ecmwf_ifs,daily,30.801,13.201,33.89,7.186418,5.024134,44.42746,0.0,33.50503817211345,7.871077547005089
2020-12-25 00:00:00+00:00,-36.07555,-71.75805,162.0,open-meteo_ecmwf_ifs,daily,32.901,13.651,33.81,7.7072506,5.286882,43.27687,0.0,33.494063482060525,8.343190283590085
2020-12-26 00:00:00+00:00,-36.07555,-71.75805,162.0,open-meteo_ecmwf_ifs,daily,32.901,14.051001,32.09,11.078083,3.6070297,53.16827,0.0,33.48022993740388,7.13770671838096
2020-12-27 00:00:00+00:00,-36.07555,-71.75805,162.0,open-meteo_ecmwf_ifs,daily,29.301,14.551001,32.07,12.163501,2.696807,56.47226,0.0,33.4635374281771,6.293690607894616
2020-12-28 00:00:00+00:00,-36.07555,-71.75805,162.0,open-meteo_ecmwf_ifs,daily,31.101,14.901,33.09,11.648918,2.784199,57.78178,0.0,33.44398612743617,6.763181357186154
2020-12-29 00:00:00+00:00,-36.07555,-71.75805,162.0,open-meteo_ecmwf_ifs,daily,27.751,13.401,32.46,10.278085,3.549888,58.269787,0.2,33.42157649622319,6.397274401549802
2020-12-30 00:00:00+00:00,-36.07555,-71.75805,162.0,open-meteo_ecmwf_ifs,daily,27.151001,11.751,33.58,4.5801663,5.715917,45.801975,0.0,33.39630928913514,7.502433735480515
2020-12-31 00:00:00+00:00,-36.07555,-71.75805,162.0,open-meteo_ecmwf_ifs,daily,30.951,11.701,31.32,6.5655837,5.2449813,43.04004,0.0,33.36818556051461,7.537411490048498
2021-01-01 00:00:00+00:00,-36.07555,-71.75805,162.0,open-meteo_ecmwf_ifs,daily,31.101,14.201,32.68,10.211418,2.9504907,48.255512,0.0,33.36818556051461,6.80447668588083
2021-01-02 00:00:00+00:00,-36.07555,-71.75805,162.0,open-meteo_ecmwf_ifs,daily,28.401001,16.001,21.91,9.703083,3.072324,47.418217,0.0,33.33720667128032,5.538296467215535
2021-01-03 00:00:00+00:00,-36.07555,-71.75805,162.0,open-meteo_ecmwf_ifs,daily,31.351,15.301001,32.28,10.365582,4.196268,46.828552,0.0,33.30337429641626,7.414934654473734
2021-01-04 00:00:00+00:00,-36.07555,-71.75805,162.0,open-meteo_ecmwf_ifs,daily,30.051,13.851,33.78,6.9551663,5.249315,42.664356,0.0,33.266690433138336,7.940838356325888
2021-01-05 00:00:00+00:00,-36.07555,-71.75805,162.0,open-meteo_ecmwf_ifs,daily,30.851,13.501,31.89,8.223918,2.944103,43.810703,0.0,33.22715740975771,6.74214693483427
2021-01-06 00:00:00+00:00,-36.07555,-71.75805,162.0,open-meteo_ecmwf_ifs,daily,31.051,15.451,31.63,10.896834,2.5003574,50.09785,0.0,33.18477789525925,6.571211625347221
2021-01-07 00:00:00+00:00,-36.07555,-71.75805,162.0,open-meteo_ecmwf_ifs,daily,30.051,14.401,32.58,8.180167,4.5821543,44.444798,0.0,33.13955490961335,7.502614696911159
2021-01-08 00:00:00+00:00,-36.07555,-71.75805,162.0,open-meteo_ecmwf_ifs,daily,29.251,13.651,30.7,3.5239165,3.6550853,34.31005,0.0,33.091491834837164,7.13236239897621
2021-01-09 00:00:00+00:00,-36.07555,-71.75805,162.0,open-meteo_ecmwf_ifs,daily,26.601,10.501,33.31,4.376,2.408261,42.994946,0.0,33.04059242682097,6.0780374334916605
2021-01-10 00:00:00+00:00,-36.07555,-71.75805,162.0,open-meteo_ecmwf_ifs,daily,26.351,10.501,32.43,6.8655834,3.290535,53.757587,0.0,32.98686082793224,6.063608643932801
2021-01-11 00:00:00+00:00,-36.07555,-71.75805,162.0,open-meteo_ecmwf_ifs,daily,24.001,12.401,32.3,7.0760007,4.0093484,55.433655,0.0,32.93030158040827,6.144570015949531
2021-01-12 00:00:00+00:00,-36.07555,-71.75805,162.0,open-meteo_ecmwf_ifs,daily,28.201,9.851,33.29,0.901,4.061612,33.751705,0.0,32.870919640545424,7.102768976535193
2021-01-13 00:00:00+00:00,-36.07555,-71.75805,162.0,open-meteo_ecmwf_ifs,daily,29.901001,11.601,32.79,4.917667,2.6809273,39.858242,0.0,32.80872039368956,6.571678042060551
2021-01-14 00:00:00+00:00,-36.07555,-71.75805,162.0,open-meteo_ecmwf_ifs,daily,28.701,12.501,32.23,5.8885,2.94047,42.693577,0.0,32.743709670029254,6.536775236436862
2021-01-15 00:00:00+00:00,-36.07555,-71.75805,162.0,open-meteo_ecmwf_ifs,daily,26.901001,12.351,31.47,7.365584,4.240896,49.58987,0.0,32.675893761189535,6.51520277128907
2021-01-16 00:00:00+00:00,-36.07555,-71.75805,162.0,open-meteo_ecmwf_ifs,daily,28.751,11.451,33.01,4.03225,6.6784787,40.753254,0.0,32.60527943761953,8.022014763937491
2021-01-17 00:00:00+00:00,-36.07555,-71.75805,162.0,open-meteo_ecmwf_ifs,daily,31.451,12.451,32.31,7.4801674,4.724644,46.257633,0.0,32.531873966763854,7.484376656390582
2021-01-18 00:00:00+00:00,-36.07555,-71.75805,162.0,open-meteo_ecmwf_ifs,daily,32.101,13.351,31.76,9.486416,2.904486,47.439808,0.0,32.45568513200241,6.691798286859018
2021-01-19 00:00:00+00:00,-36.07555,-71.75805,162.0,open-meteo_ecmwf_ifs,daily,32.201,16.551,31.13,14.03225,2.4034433,54.44431,0.0,32.37672125233902,6.446212060492959
2021-01-20 00:00:00+00:00,-36.07555,-71.75805,162.0,open-meteo_ecmwf_ifs,daily,32.351,16.601,31.0,13.367669,2.0657017,53.93571,0.0,32.2949912028147,6.351826206725308
2021-01-21 00:00:00+00:00,-36.07555,-71.75805,162.0,open-meteo_ecmwf_ifs,daily,33.051,16.351,31.05,13.188499,1.4315253,53.192432,0.0,32.21050443561601,6.106056606998039
2021-01-22 00:00:00+00:00,-36.07555,-71.75805,162.0,open-meteo_ecmwf_ifs,daily,33.851,17.101,31.17,13.540585,2.0701416,51.528126,0.0,32.12327100184453,6.555163178178367
2021-01-23 00:00:00+00:00,-36.07555,-71.75805,162.0,open-meteo_ecmwf_ifs,daily,32.351,17.351,30.32,13.573917,2.1993356,52.7458,0.0,32.033301573908254,6.3693232337198635
2021-01-24 00:00:00+00:00,-36.07555,-71.75805,162.0,open-meteo_ecmwf_ifs,daily,32.901,17.101,31.1,12.207252,1.836843,50.61757,0.0,31.940607468490896,6.379638159824761
2021-01-25 00:00:00+00:00,-36.07555,-71.75805,162.0,open-meteo_ecmwf_ifs,daily,31.651001,15.351,31.81,4.2343326,3.729144,32.543674,0.0,31.84520067005027,7.665724156439606
2021-01-26 00:00:00+00:00,-36.07555,-71.75805,162.0,open-meteo_ecmwf_ifs,daily,29.401001,13.551001,31.53,6.2843323,4.2643766,41.853317,0.0,31.747093854791974,7.164459610187799
2021-01-27 00:00:00+00:00,-36.07555,-71.75805,162.0,open-meteo_ecmwf_ifs,daily,27.551,13.151,30.03,6.28225,4.1437135,42.279175,0.0,31.646300415060228,6.63062329214075
2021-01-28 00:00:00+00:00,-36.07555,-71.75805,162.0,open-meteo_ecmwf_ifs,daily,25.001,14.201,19.08,9.094751,3.666539,53.216232,0.3,31.542834484083013,4.797251822165347
2021-01-29 00:00:00+00:00,-36.07555,-71.75805,162.0,open-meteo_ecmwf_ifs,daily,19.751,16.001,6.2,14.636415,3.602312,82.23434,20.499996,31.436710961004536,1.9030138319260943
2021-01-30 00:00:00+00:00,-36.07555,-71.75805,162.0,open-meteo_ecmwf_ifs,daily,20.201,15.451,15.31,15.115584,2.375807,88.6654,66.600006,31.327945536133807,2.7556458100429926
2021-01-31 00:00:00+00:00,-36.07555,-71.75805,162.0,open-meteo_ecmwf_ifs,daily,21.701,13.901,20.48,14.426002,2.2328646,85.97323,26.100002,31.216554716334677,3.458612013829696
2021-02-01 00:00:00+00:00,-36.07555,-71.75805,162.0,open-meteo_ecmwf_ifs,daily,22.201,14.351,21.3,14.709334,1.7843108,86.59888,5.5,31.102555850478698,3.6170015156192514
2021-02-02 00:00:00+00:00,-36.07555,-71.75805,162.0,open-meteo_ecmwf_ifs,daily,24.601,13.801001,27.93,14.011416,1.828507,79.77932,0.0,30.98596715487948,4.687335050662164
2021-02-03 00:00:00+00:00,-36.07555,-71.75805,162.0,open-meteo_ecmwf_ifs,daily,27.801,13.101,29.36,14.34475,1.2623347,71.9404,0.0,30.866807738623887,5.018249083832544
2021-02-04 00:00:00+00:00,-36.07555,-71.75805,162.0,open-meteo_ecmwf_ifs,daily,30.251,14.651,29.33,16.378084,2.6966772,71.45803,0.0,30.74509762871319,5.477298509131873
2021-02-05 00:00:00+00:00,-36.07555,-71.75805,162.0,open-meteo_ecmwf_ifs,daily,25.001,15.151,21.78,15.190582,2.5057805,75.84203,0.0,30.620857794925048,4.04791993462224
2021-02-06 00:00:00+00:00,-36.07555,-71.75805,162.0,open-meteo_ecmwf_ifs,daily,21.901001,14.301001,11.05,14.059334,1.5620941,79.90126,0.0,30.494110174305437,2.3478196105469284
2021-02-07 00:00:00+00:00,-36.07555,-71.75805,162.0,open-meteo_ecmwf_ifs,daily,23.451,14.001,15.19,13.642667,2.1912985,75.24398,0.0,30.364877695198107,3.105030183359115
2021-02-08 00:00:00+00:00,-36.07555,-71.75805,162.0,open-meteo_ecmwf_ifs,daily,24.251,13.351,17.54,13.346835,2.0161688,75.227135,0.0,30.233184300718452,3.3989347078784498
2021-02-09 00:00:00+00:00,-36.07555,-71.75805,162.0,open-meteo_ecmwf_ifs,daily,28.301,14.401,27.33,14.940585,2.0540578,74.23272,0.0,30.099054971577804,4.970014138072953
2021-02-10 00:00:00+00:00,-36.07555,-71.75805,162.0,open-meteo_ecmwf_ifs,daily,29.801,16.151001,26.61,17.353085,1.8903581,74.23698,0.0,29.962515748164094,4.9892143709933015
2021-02-11 00:00:00+00:00,-36.07555,-71.75805,162.0,open-meteo_ecmwf_ifs,daily,25.401001,16.301,14.02,15.011417,2.3023624,71.65805,0.0,29.82359375178519,3.238602615595994
2021-02-12 00:00:00+00:00,-36.07555,-71.75805,162.0,open-meteo_ecmwf_ifs,daily,27.301,16.001,20.51,14.9385,1.868297,69.578384,0.0,29.682317204981594,4.107587504690399
2021-02-13 00:00:00+00:00,-36.07555,-71.75805,162.0,open-meteo_ecmwf_ifs,daily,27.501,15.651,23.1,14.132252,1.9583496,67.1044,0.0,29.538715450816458,4.503843229725256
2021-02-14 00:00:00+00:00,-36.07555,-71.75805,162.0,open-meteo_ecmwf_ifs,daily,26.501,15.501,24.62,12.942668,1.1956621,63.189167,0.0,29.392818971052204,4.4320336814744135
2021-02-15 00:00:00+00:00,-36.07555,-71.75805,162.0,open-meteo_ecmwf_ifs,daily,26.401001,13.551001,23.87,12.440583,2.494823,64.56163,0.0,29.244659403124988,4.533151340387098
2021-02-16 00:00:00+00:00,-36.07555,-71.75805,162.0,open-meteo_ecmwf_ifs,daily,25.201,12.201,19.99,11.767667,2.8170757,69.51586,0.0,29.09426955583026,3.9514949476894614
2021-02-17 00:00:00+00:00,-36.07555,-71.75805,162.0,open-meteo_ecmwf_ifs,daily,24.101,13.601,16.05,10.013501,2.25838,64.10579,0.0,28.941683423635514,3.607930203127058
2021-02-18 00:00:00+00:00,-36.07555,-71.75805,162.0,open-meteo_ecmwf_ifs,daily,23.551,10.251,26.42,8.75725,1.8114883,63.979908,0.0,28.786936199539177,4.29914413194618
2021-02-19 00:00:00+00:00,-36.07555,-71.75805,162.0,open-meteo_ecmwf_ifs,daily,26.001,10.351,27.56,9.392667,4.083736,61.851974,0.0,28.63006428639772,5.1270248212604566
2021-02-20 00:00:00+00:00,-36.07555,-71.75805,162.0,open-meteo_ecmwf_ifs,daily,26.851,9.701,27.56,6.0384994,3.1096375,48.143005,0.0,28.47110530664709,5.273863602198225
2021-02-21 00:00:00+00:00,-36.07555,-71.75805,162.0,open-meteo_ecmwf_ifs,daily,26.401001,10.801001,27.48,8.426001,1.9660789,56.052578,0.0,28.310098110348147,4.749438693944533
2021-02-22 00:00:00+00:00,-36.07555,-71.75805,162.0,open-meteo_ecmwf_ifs,daily,26.251,11.901,27.14,8.20725,3.5550973,54.675938,0.0,28.14708278149008,5.343489416902411
2021-02-23 00:00:00+00:00,-36.07555,-71.75805,162.0,open-meteo_ecmwf_ifs,daily,30.051,11.301001,27.57,6.403084,4.38495,45.454426,0.0,27.98210064249061,6.324431472347482
2021-02-24 00:00:00+00:00,-36.07555,-71.75805,162.0,open-meteo_ecmwf_ifs,daily,29.751,12.351,26.75,12.048916,2.1500418,60.891636,0.0,27.815194256836083,4.934944789285058
2021-02-25 00:00:00+00:00,-36.07555,-71.75805,162.0,open-meteo_ecmwf_ifs,daily,29.751,13.701,26.1,13.544751,1.8419728,64.38712,0.0,27.64640742980992,4.784629156905107
2021-02-26 00:00:00+00:00,-36.07555,-71.75805,162.0,open-meteo_ecmwf_ifs,daily,30.601,12.301001,25.86,11.386416,2.6027007,60.24313,0.0,27.475785207262938,5.104613095777856
2021-02-27 00:00:00+00:00,-36.07555,-71.75805,162.0,open-meteo_ecmwf_ifs,daily,31.201,13.301001,26.22,11.307251,3.6301897,56.50435,0.0,27.30337387238463,5.714490724285327
2021-02-28 00:00:00+00:00,-36.07555,-71.75805,162.0,open-meteo_ecmwf_ifs,daily,31.851002,13.551001,26.2,10.2489195,4.8996005,52.66882,0.0,27.129220940439794,6.457949140314037
2021-03-01 00:00:00+00:00,-36.07555,-71.75805,162.0,open-meteo_ecmwf_ifs,daily,29.701,13.851,24.71,12.603085,3.122674,59.034073,0.0,26.953375151440913,5.0766201082236355
2021-03-02 00:00:00+00:00,-36.07555,-71.75805,162.0,open-meteo_ecmwf_ifs,daily,29.901001,15.551001,24.53,13.91975,1.9299693,61.73527,0.0,26.775886460732384,4.727961517023133
2021-03-03 00:00:00+00:00,-36.07555,-71.75805,162.0,open-meteo_ecmwf_ifs,daily,31.551,16.901001,24.47,13.098916,2.3003848,55.934967,0.0,26.59680602746883,5.205991589667699
2021-03-04 00:00:00+00:00,-36.07555,-71.75805,162.0,open-meteo_ecmwf_ifs,daily,33.701,15.051001,25.26,11.323917,4.211405,50.16098,0.0,26.4161862009753,6.4009880211258565
2021-03-05 00:00:00+00:00,-36.07555,-71.75805,162.0,open-meteo_ecmwf_ifs,daily,28.351,17.451,24.31,13.578082,3.4536188,55.34071,0.0,26.23408050498401,5.271669353607083
2021-03-06 00:00:00+00:00,-36.07555,-71.75805,162.0,open-meteo_ecmwf_ifs,daily,28.251,14.351,24.26,12.757251,1.9094545,64.909966,0.0,26.050543619747593,4.449349621081334
2021-03-07 00:00:00+00:00,-36.07555,-71.75805,162.0,open-meteo_ecmwf_ifs,daily,30.251,14.001,24.12,12.09475,3.9984493,60.205612,0.0,25.865631362035565,5.391403292819807
2021-03-08 00:00:00+00:00,-36.07555,-71.75805,162.0,open-meteo_ecmwf_ifs,daily,32.251,14.001,25.11,10.028085,5.2688446,50.369556,0.0,25.679400663026495,6.574347402205877
2021-03-09 00:00:00+00:00,-36.07555,-71.75805,162.0,open-meteo_ecmwf_ifs,daily,30.751,13.451,23.54,8.951001,2.2999866,48.68973,0.0,25.491909544114634,4.878838457030878
2021-03-10 00:00:00+00:00,-36.07555,-71.75805,162.0,open-meteo_ecmwf_ifs,daily,26.451,14.001,17.41,10.965584,2.4626863,62.4108,0.0,25.303217090655632,3.8244120738387792
2021-03-11 00:00:00+00:00,-36.07555,-71.75805,162.0,open-meteo_ecmwf_ifs,daily,26.951,13.201,23.72,10.484334,4.7320104,64.30328,0.0,25.113383423682034,5.140610000135006
2021-03-12 00:00:00+00:00,-36.07555,-71.75805,162.0,open-meteo_ecmwf_ifs,daily,27.751,10.851,23.59,9.176,2.5776198,58.316498,0.0,24.922469669625215,4.404714938075107
2021-03-13 00:00:00+00:00,-36.07555,-71.75805,162.0,open-meteo_ecmwf_ifs,daily,28.701,13.501,23.35,10.101001,1.8623997,53.811382,0.0,24.730537928085806,4.339650271641325
2021-03-14 00:00:00+00:00,-36.07555,-71.75805,162.0,open-meteo_ecmwf_ifs,daily,26.601,12.351,20.83,11.103084,1.7968222,62.855526,0.0,24.537651237700626,3.7254011181470124
2021-03-15 00:00:00+00:00,-36.07555,-71.75805,162.0,open-meteo_ecmwf_ifs,daily,22.151001,12.551001,9.98,11.190583,2.2813144,71.464935,0.0,24.343873540159517,2.4189390524750007
2021-03-16 00:00:00+00:00,-36.07555,-71.75805,162.0,open-meteo_ecmwf_ifs,daily,23.201,14.251,15.13,9.505167,1.4399624,61.923977,0.3,24.149269642430585,2.9863614160939935
2021-03-17 00:00:00+00:00,-36.07555,-71.75805,162.0,open-meteo_ecmwf_ifs,daily,25.551,11.751,21.41,11.180167,2.4141455,66.37629,0.1,23.95390517725754,3.763488971063871
2021-03-18 00:00:00+00:00,-36.07555,-71.75805,162.0,open-meteo_ecmwf_ifs,daily,20.701,12.151,9.21,9.769751,2.2798786,67.78216,0.2,23.75784656199807,2.3332478854614
2021-03-19 00:00:00+00:00,-36.07555,-71.75805,162.0,open-meteo_ecmwf_ifs,daily,21.051,12.701,12.82,9.028083,2.6432407,66.773964,0.5,23.561160955876115,2.9177466905934413
2021-03-20 00:00:00+00:00,-36.07555,-71.75805,162.0,open-meteo_ecmwf_ifs,daily,23.201,10.701,21.32,6.821834,1.7235023,57.50293,0.0,23.36391621572624,3.4999431629527944
2021-03-21 00:00:00+00:00,-36.07555,-71.75805,162.0,open-meteo_ecmwf_ifs,daily,25.251,9.351,21.14,8.598916,1.8464917,61.864933,0.0,23.166180850311783,3.4664875941913245
2021-03-22 00:00:00+00:00,-36.07555,-71.75805,162.0,open-meteo_ecmwf_ifs,daily,26.501,11.151,21.51,8.588502,2.6181157,56.145893,0.0,22.968023973302923,4.031922051430533
2021-03-23 00:00:00+00:00,-36.07555,-71.75805,162.0,open-meteo_ecmwf_ifs,daily,25.601,11.551001,21.5,9.173917,2.7562,58.532215,0.0,22.769515255004226,3.959841064396457
2021-03-24 00:00:00+00:00,-36.07555,-71.75805,162.0,open-meteo_ecmwf_ifs,daily,22.451,11.251,18.86,9.371833,3.4276056,64.16439,0.0,22.57072487292476,3.500500214670171
2021-03-25 00:00:00+00:00,-36.07555,-71.75805,162.0,open-meteo_ecmwf_ifs,daily,21.551,10.251,18.88,6.0468345,2.7802668,56.7977,0.0,22.37172346128701,3.4869917399097794
2021-03-26 00:00:00+00:00,-36.07555,-71.75805,162.0,open-meteo_ecmwf_ifs,daily,25.701,8.701,21.03,6.0780845,3.687753,56.244923,0.0,22.172582059573642,4.206715585282131
2021-03-27 00:00:00+00:00,-36.07555,-71.75805,162.0,open-meteo_ecmwf_ifs,daily,27.751,10.151,21.53,4.6593328,3.6133606,44.412292,0.0,21.97337206021381,4.748670655960119
2021-03-28 00:00:00+00:00,-36.07555,-71.75805,162.0,open-meteo_ecmwf_ifs,daily,25.801,8.901,20.57,9.290584,2.3397334,64.60548,0.0,21.774165155512794,3.411988730306062
2021-03-29 00:00:00+00:00,-36.07555,-71.75805,162.0,open-meteo_ecmwf_ifs,daily,25.151001,10.551001,20.16,9.826,2.167844,66.74311,0.0,21.575033283931017,3.359752603329716
2021-03-30 00:00:00+00:00,-36.07555,-71.75805,162.0,open-meteo_ecmwf_ifs,daily,23.251,10.551001,16.07,10.878085,2.3043382,76.5077,0.0,21.3760485758197,2.772378697708766
2021-03-31 00:00:00+00:00,-36.07555,-71.75805,162.0,open-meteo_ecmwf_ifs,daily,22.501,11.901,14.56,11.965584,2.2812269,80.259445,0.0,21.177283298722234,2.565799387613827
2021-04-01 00:00:00+00:00,-36.07555,-71.75805,162.0,open-meteo_ecmwf_ifs,daily,22.201,10.001,15.64,11.426002,1.548162,80.07807,0.0,20.978809802351034,2.380197964370778
2021-04-02 00:00:00+00:00,-36.07555,-71.75805,162.0,open-meteo_ecmwf_ifs,daily,24.151001,10.351,18.18,9.963501,2.7933261,71.98302,0.0,20.78070046335055,3.183404049532398
2021-04-03 00:00:00+00:00,-36.07555,-71.75805,162.0,open-meteo_ecmwf_ifs,daily,24.801,9.301001,18.88,9.482251,2.499387,70.0064,0.0,20.5830276299574,3.1510359082776533
2021-04-04 00:00:00+00:00,-36.07555,-71.75805,162.0,open-meteo_ecmwf_ifs,daily,22.601,10.351,18.77,9.653085,3.096165,70.41636,0.0,20.385863566668853,3.132663475500641
2021-04-05 00:00:00+00:00,-36.07555,-71.75805,162.0,open-meteo_ecmwf_ifs,daily,23.401001,10.001,15.6,9.590583,3.4994497,70.476326,0.0,20.189280399030558,3.052394490130662
2021-04-06 00:00:00+00:00,-36.07555,-71.75805,162.0,open-meteo_ecmwf_ifs,daily,22.751,14.401,14.9,9.646832,1.7428156,60.07062,0.0,19.993350058653956,2.786980053930591
2021-04-07 00:00:00+00:00,-36.07555,-71.75805,162.0,open-meteo_ecmwf_ifs,daily,21.001,12.851,9.03,10.386416,2.4874208,70.174965,0.5,19.798144228573072,2.249612110777991
2021-04-08 00:00:00+00:00,-36.07555,-71.75805,162.0,open-meteo_ecmwf_ifs,daily,21.501,9.651,14.97,8.938501,1.937828,74.32983,0.0,19.603734289049314,2.4314354581527633
2021-04-09 00:00:00+00:00,-36.07555,-71.75805,162.0,open-meteo_ecmwf_ifs,daily,19.401001,9.651,11.47,8.534333,3.9678166,73.90933,0.0,19.410191263931335,2.467176716123507
2021-04-10 00:00:00+00:00,-36.07555,-71.75805,162.0,open-meteo_ecmwf_ifs,daily,19.201,6.951,17.6,6.1010003,2.8237135,70.306885,0.0,19.217585767675708,2.60344189681995
2021-04-11 00:00:00+00:00,-36.07555,-71.75805,162.0,open-meteo_ecmwf_ifs,daily,24.251,8.951,17.69,6.050999,5.891665,58.267853,0.0,19.02598795313194,4.254549674067276
2021-04-12 00:00:00+00:00,-36.07555,-71.75805,162.0,open-meteo_ecmwf_ifs,daily,26.151001,10.701,17.1,10.767667,4.391999,70.05804,0.0,18.83546746019329,3.5304638341872603
2021-04-13 00:00:00+00:00,-36.07555,-71.75805,162.0,open-meteo_ecmwf_ifs,daily,25.551,9.801001,16.91,10.742667,2.3127885,71.720764,0.0,18.646093365412458,2.7807060486776867
2021-04-14 00:00:00+00:00,-36.07555,-71.75805,162.0,open-meteo_ecmwf_ifs,daily,23.651001,12.301001,14.78,11.780168,2.3586016,75.84142,0.0,18.457934132678428,2.5797665906062415
2021-04-15 00:00:00+00:00,-36.07555,-71.75805,162.0,open-meteo_ecmwf_ifs,daily,25.001,10.751,16.84,9.761417,3.2089717,72.11875,0.0,18.271057565047805,3.1535629516070434
2021-04-16 00:00:00+00:00,-36.07555,-71.75805,162.0,open-meteo_ecmwf_ifs,daily,24.551,11.001,15.57,10.984336,2.8542376,72.89821,0.0,18.085530757820937,2.782640372333919
2021-04-17 00:00:00+00:00,-36.07555,-71.75805,162.0,open-meteo_ecmwf_ifs,daily,21.801,9.801001,14.53,10.201,2.2132328,73.82022,0.0,17.901420052949565,2.2548504315008926
2021-04-18 00:00:00+00:00,-36.07555,-71.75805,162.0,open-meteo_ecmwf_ifs,daily,22.551,9.151,15.82,10.478085,1.4170269,73.848,0.0,17.71879099485927,2.132028299511903
2021-04-19 00:00:00+00:00,-36.07555,-71.75805,162.0,open-meteo_ecmwf_ifs,daily,23.051,8.301001,16.16,8.896832,2.36034,69.96226,0.0,17.537708287766065,2.4596283153902236
2021-04-20 00:00:00+00:00,-36.07555,-71.75805,162.0,open-meteo_ecmwf_ifs,daily,21.801,9.251,14.0,8.880166,3.5988827,73.26388,0.5,17.358235754562568,2.597059679207227
2021-04-21 00:00:00+00:00,-36.07555,-71.75805,162.0,open-meteo_ecmwf_ifs,daily,16.001,12.101,2.78,11.665585,4.7145,86.38532,31.800001,17.180436297344887,1.175633828560386
2021-04-22 00:00:00+00:00,-36.07555,-71.75805,162.0,open-meteo_ecmwf_ifs,daily,17.351,11.001,10.43,11.361417,2.4506755,88.57694,0.5,17.0043718596471,1.5339743727812352
2021-04-23 00:00:00+00:00,-36.07555,-71.75805,162.0,open-meteo_ecmwf_ifs,daily,17.851,7.201,12.78,8.730166,1.8733606,81.21354,0.0,16.830103390445597,1.6228341512820994
2021-04-24 00:00:00+00:00,-36.07555,-71.75805,162.0,open-meteo_ecmwf_ifs,daily,19.751,8.251,15.25,9.190584,3.681646,81.18308,0.0,16.65769080999082,2.1960104794877804
2021-04-25 00:00:00+00:00,-36.07555,-71.75805,162.0,open-meteo_ecmwf_ifs,daily,19.851,7.701,14.9,8.786417,2.4135737,81.07253,0.0,16.48719297751918,1.980793102267154
2021-04-26 00:00:00+00:00,-36.07555,-71.75805,162.0,open-meteo_ecmwf_ifs,daily,20.051,8.401,14.06,9.678084,3.2978468,83.335,0.0,16.318667660892945,2.03405954187228
2021-04-27 00:00:00+00:00,-36.07555,-71.75805,162.0,open-meteo_ecmwf_ifs,daily,16.851,7.451,10.32,9.028083,1.4599622,88.10397,0.0,16.152171508210685,1.3190312210441482
2021-04-28 00:00:00+00:00,-36.07555,-71.75805,162.0,open-meteo_ecmwf_ifs,daily,20.701,5.951,14.36,9.355166,2.258001,83.92819,0.0,15.987760021425702,1.7430889308393032
2021-04-29 00:00:00+00:00,-36.07555,-71.75805,162.0,open-meteo_ecmwf_ifs,daily,17.101,5.901,10.6,9.019752,1.559291,89.12995,0.0,15.825487532004558,1.2368294784998195
2021-04-30 00:00:00+00:00,-36.07555,-71.75805,162.0,open-meteo_ecmwf_ifs,daily,17.351,8.701,6.9,9.971835,2.9708135,83.70835,0.6,15.665407178652305,1.3072883167310323
2021-05-01 00:00:00+00:00,-36.07555,-71.75805,162.0,open-meteo_ecmwf_ifs,daily,13.301001,11.901,0.83,10.526001,3.8174307,87.68867,42.500004,15.507570887125565,0.8889022477130973
2021-05-02 00:00:00+00:00,-36.07555,-71.75805,162.0,open-meteo_ecmwf_ifs,daily,13.001,11.851,1.42,10.996834,2.6115606,91.1195,64.6,15.352029352148971,0.7140137052602397
2021-05-03 00:00:00+00:00,-36.07555,-71.75805,162.0,open-meteo_ecmwf_ifs,daily,13.001,10.051001,2.65,9.903084,1.6353798,90.72922,45.500008,15.198832021444753,0.7390104058706191
2021-05-04 00:00:00+00:00,-36.07555,-71.75805,162.0,open-meteo_ecmwf_ifs,daily,16.901001,5.701,13.24,8.769752,2.011154,88.982025,0.1,15.048027081879638,1.316347349330824
2021-05-05 00:00:00+00:00,-36.07555,-71.75805,162.0,open-meteo_ecmwf_ifs,daily,18.251,6.201,13.15,8.151001,1.9404067,83.297424,0.0,14.89966144772741,1.4872007627340342
2021-05-06 00:00:00+00:00,-36.07555,-71.75805,162.0,open-meteo_ecmwf_ifs,daily,17.151001,4.451,13.55,7.2655826,1.5330539,82.93481,0.0,14.753780751039573,1.3163015590187517
2021-05-07 00:00:00+00:00,-36.07555,-71.75805,162.0,open-meteo_ecmwf_ifs,daily,16.201,5.7510004,4.72,9.555167,3.749541,91.14194,0.90000004,14.610429334110822,0.8352914421827258
2021-05-08 00:00:00+00:00,-36.07555,-71.75805,162.0,open-meteo_ecmwf_ifs,daily,15.951,9.251,9.58,10.194751,1.3156033,89.31851,0.0,14.469650244020226,1.111357490444138
2021-05-09 00:00:00+00:00,-36.07555,-71.75805,162.0,open-meteo_ecmwf_ifs,daily,16.651001,8.351,12.55,8.68225,4.164889,83.957,0.0,14.331485229222977,1.6620762820525592
2021-05-10 00:00:00+00:00,-36.07555,-71.75805,162.0,open-meteo_ecmwf_ifs,daily,15.601,1.701,13.16,5.259334,1.9680527,82.21784,0.0,14.195974738161995,1.1767176014736989
2021-05-11 00:00:00+00:00,-36.07555,-71.75805,162.0,open-meteo_ecmwf_ifs,daily,16.301,3.501,12.6,5.8280845,2.0780504,86.65737,0.0,14.06315791986258,1.2821984620281393
2021-05-12 00:00:00+00:00,-36.07555,-71.75805,162.0,open-meteo_ecmwf_ifs,daily,16.951,2.251,12.86,5.1885,2.5967674,83.63324,0.0,13.9330726264679,1.3646590029045393
2021-05-13 00:00:00+00:00,-36.07555,-71.75805,162.0,open-meteo_ecmwf_ifs,daily,15.051001,4.5010004,10.04,6.4614167,1.7624449,86.38621,0.0,13.805755417666933,1.076403157683481
2021-05-14 00:00:00+00:00,-36.07555,-71.75805,162.0,open-meteo_ecmwf_ifs,daily,14.651,5.151,7.38,7.60725,1.8575796,92.36545,0.0,13.681241566961397,0.9073823709718206
2021-05-15 00:00:00+00:00,-36.07555,-71.75805,162.0,open-meteo_ecmwf_ifs,daily,15.951,7.401,10.02,8.301001,2.611695,88.76673,0.0,13.559565069712148,1.2412311427766893
2021-05-16 00:00:00+00:00,-36.07555,-71.75805,162.0,open-meteo_ecmwf_ifs,daily,15.451,4.401,10.92,6.3385005,2.2355692,87.074,0.0,13.440758652900527,1.1538184121397888
2021-05-17 00:00:00+00:00,-36.07555,-71.75805,162.0,open-meteo_ecmwf_ifs,daily,15.251,4.5010004,8.8,6.928083,1.3261582,86.412964,0.0,13.324853786534561,0.9286913320566591
2021-05-18 00:00:00+00:00,-36.07555,-71.75805,162.0,open-meteo_ecmwf_ifs,daily,14.801001,6.551,4.37,8.334333,3.4093418,90.70754,0.1,13.211880696624863,0.9420505666388608
2021-05-19 00:00:00+00:00,-36.07555,-71.75805,162.0,open-meteo_ecmwf_ifs,daily,14.501,11.501,3.46,9.503083,6.7732606,82.55204,11.4,13.101868379650254,1.5535435720306925
2021-05-20 00:00:00+00:00,-36.07555,-71.75805,162.0,open-meteo_ecmwf_ifs,daily,14.201,10.401,5.75,9.038501,1.6784347,84.4687,7.8999996,12.994844618428031,0.9791041781672373
2021-05-21 00:00:00+00:00,-36.07555,-71.75805,162.0,open-meteo_ecmwf_ifs,daily,12.801001,5.551,8.97,6.951,1.8428378,88.82282,2.3,12.890835999299556,0.858906692434207
2021-05-22 00:00:00+00:00,-36.07555,-71.75805,162.0,open-meteo_ecmwf_ifs,daily,14.051001,3.651,11.43,5.3364167,2.9444363,85.61796,0.0,12.789867930537339,1.121593873053435
2021-05-23 00:00:00+00:00,-36.07555,-71.75805,162.0,open-meteo_ecmwf_ifs,daily,15.651,3.0509999,11.4,4.823917,4.0608087,79.86947,0.0,12.69196466187576,1.4101187094057477
2021-05-24 00:00:00+00:00,-36.07555,-71.75805,162.0,open-meteo_ecmwf_ifs,daily,15.701,4.8510003,11.12,7.126,3.1300766,84.140755,0.0,12.597149305063722,1.1308317345589711
2021-05-25 00:00:00+00:00,-36.07555,-71.75805,162.0,open-meteo_ecmwf_ifs,daily,14.951,7.651,8.01,8.867667,3.6928473,91.10349,0.0,12.50544385533427,1.039702165114909
2021-05-26 00:00:00+00:00,-36.07555,-71.75805,162.0,open-meteo_ecmwf_ifs,daily,17.301,7.6010003,10.35,9.538501,3.169015,90.04696,0.0,12.416869213682778,1.1691145177610212
2021-05-27 00:00:00+00:00,-36.07555,-71.75805,162.0,open-meteo_ecmwf_ifs,daily,14.301001,9.551001,3.15,10.948917,2.6946144,94.27014,1.0,12.331445209842643,0.6342802162586104
2021-05-28 00:00:00+00:00,-36.07555,-71.75805,162.0,open-meteo_ecmwf_ifs,daily,14.501,7.8010006,8.31,9.315584,2.0824163,88.05962,13.700001,12.249190625845157,0.8301450766776721
2021-05-29 00:00:00+00:00,-36.07555,-71.75805,162.0,open-meteo_ecmwf_ifs,daily,12.501,6.651,5.3,7.151001,3.3769703,88.163666,0.0,12.170123220047914,0.892813802236883
2021-05-30 00:00:00+00:00,-36.07555,-71.75805,162.0,open-meteo_ecmwf_ifs,daily,14.101,2.5509999,8.59,3.7176666,2.5792332,78.351006,0.0,12.094259751514848,1.0898112776434894
2021-05-31 00:00:00+00:00,-36.07555,-71.75805,162.0,open-meteo_ecmwf_ifs,daily,14.851,9.651,2.16,9.405166,1.8081144,87.365974,5.7,12.021616004629552,0.8314149057819676
2021-06-01 00:00:00+00:00,-36.07555,-71.75805,162.0,open-meteo_ecmwf_ifs,daily,13.501,12.601,0.76,12.401001,3.797527,95.885826,55.500004,11.95220681382314,0.5277089108207546
2021-06-02 00:00:00+00:00,-36.07555,-71.75805,162.0,open-meteo_ecmwf_ifs,daily,16.501,11.451,7.21,12.126,2.4174273,92.725136,0.6,11.88604608829744,0.894568471885044
2021-06-03 00:00:00+00:00,-36.07555,-71.75805,162.0,open-meteo_ecmwf_ifs,daily,18.001,10.001,6.53,11.64475,2.4208872,90.86566,0.0,11.823146836624794,0.9509150000260166
2021-06-04 00:00:00+00:00,-36.07555,-71.75805,162.0,open-meteo_ecmwf_ifs,daily,15.101,11.051001,4.73,10.530167,2.8467882,88.7359,0.0,11.763521191106538,0.9557818266068127
2021-06-05 00:00:00+00:00,-36.07555,-71.75805,162.0,open-meteo_ecmwf_ifs,daily,13.201,4.401,8.96,5.167667,3.9398983,80.36316,0.0,11.707180431773345,1.1155958057010618
2021-06-06 00:00:00+00:00,-36.07555,-71.75805,162.0,open-meteo_ecmwf_ifs,daily,10.601,4.6010003,8.5,3.9239166,1.5202786,80.90535,0.0,11.654135009912755,0.7767398591301544
2021-06-07 00:00:00+00:00,-36.07555,-71.75805,162.0,open-meteo_ecmwf_ifs,daily,15.501,2.5509999,10.2,5.436417,1.5330071,84.24746,0.0,11.604394571011357,0.8151804567425217
2021-06-08 00:00:00+00:00,-36.07555,-71.75805,162.0,open-meteo_ecmwf_ifs,daily,15.750999,6.2510004,8.92,7.3010006,3.0085194,84.84925,0.0,11.557967977002177,1.1020331211209673
2021-06-09 00:00:00+00:00,-36.07555,-71.75805,162.0,open-meteo_ecmwf_ifs,daily,13.901,9.051001,5.41,10.028085,3.7209911,88.80059,19.400002,11.514863327711032,0.7468716298068231
2021-06-10 00:00:00+00:00,-36.07555,-71.75805,162.0,open-meteo_ecmwf_ifs,daily,15.551001,4.301,9.67,6.965584,2.2493677,87.90906,0.0,11.475087981399868,0.8681804803966157
2021-06-11 00:00:00+00:00,-36.07555,-71.75805,162.0,open-meteo_ecmwf_ifs,daily,17.701,6.2510004,10.07,7.657251,4.1505876,83.54482,0.0,11.438648574309193,1.3962221900363794
2021-06-12 00:00:00+00:00,-36.07555,-71.75805,162.0,open-meteo_ecmwf_ifs,daily,15.701,7.651,8.63,10.042668,2.9269283,92.794014,0.0,11.405551039107118,0.7881808105542673
2021-06-13 00:00:00+00:00,-36.07555,-71.75805,162.0,open-meteo_ecmwf_ifs,daily,14.051001,9.801001,4.36,10.440585,2.1270392,95.118706,0.0,11.375800622157493,0.6829973188348066
2021-06-14 00:00:00+00:00,-36.07555,-71.75805,162.0,open-meteo_ecmwf_ifs,daily,12.851,4.7510004,7.1,4.0030837,3.9584754,73.93159,0.0,11.349401899525892,1.2803749033123795
2021-06-15 00:00:00+00:00,-36.07555,-71.75805,162.0,open-meteo_ecmwf_ifs,daily,12.351,4.801,6.61,6.1509995,2.247141,92.383026,0.0,11.32635879164836,0.7379013903577794
2021-06-16 00:00:00+00:00,-36.07555,-71.75805,162.0,open-meteo_ecmwf_ifs,daily,16.551,7.5010004,8.24,7.7072506,1.6961403,80.77483,0.1,11.306674576594556,0.9641212364300826
2021-06-17 00:00:00+00:00,-36.07555,-71.75805,162.0,open-meteo_ecmwf_ifs,daily,12.751,2.451,9.98,5.8614173,1.2617906,90.11954,0.0,11.290351901864103,0.588877317813101
2021-06-18 00:00:00+00:00,-36.07555,-71.75805,162.0,open-meteo_ecmwf_ifs,daily,11.001,2.351,7.95,4.5426674,1.3511075,93.87385,0.0,11.277392794662271,0.5894942640389009
2021-06-19 00:00:00+00:00,-36.07555,-71.75805,162.0,open-meteo_ecmwf_ifs,daily,11.051001,4.151,7.1,5.973917,1.4163333,94.467896,0.0,11.267798670609043,0.5765710405052515
2021-06-20 00:00:00+00:00,-36.07555,-71.75805,162.0,open-meteo_ecmwf_ifs,daily,11.701,3.701,6.58,5.2322507,2.453358,90.62629,0.0,11.261570340843303,0.7294475119562586
2021-06-21 00:00:00+00:00,-36.07555,-71.75805,162.0,open-meteo_ecmwf_ifs,daily,12.451,5.6010003,2.96,5.1010003,4.0029507,78.52598,2.1,11.258708017492333,1.1501123863376528
2021-06-22 00:00:00+00:00,-36.07555,-71.75805,162.0,open-meteo_ecmwf_ifs,daily,15.101,6.0010004,6.02,6.5739174,3.18569,81.86966,0.0,11.259211317484986,1.1163521027759227
2021-06-23 00:00:00+00:00,-36.07555,-71.75805,162.0,open-meteo_ecmwf_ifs,daily,13.451,9.401,2.8,7.965584,7.459293,81.37596,25.399998,11.263079264695396,1.4552569907093915
2021-06-24 00:00:00+00:00,-36.07555,-71.75805,162.0,open-meteo_ecmwf_ifs,daily,11.051001,8.351,1.92,7.8780847,4.2557745,90.04043,7.5,11.270310290412631,0.7626902252915001
2021-06-25 00:00:00+00:00,-36.07555,-71.75805,162.0,open-meteo_ecmwf_ifs,daily,11.401,6.2510004,7.48,6.23225,3.735801,82.88492,17.7,11.280902232140207,0.8818476784316782
2021-06-26 00:00:00+00:00,-36.07555,-71.75805,162.0,open-meteo_ecmwf_ifs,daily,9.451,1.201,10.56,1.7947502,3.7177455,81.55021,0.0,11.294852330737816,0.8954323956176503
2021-06-27 00:00:00+00:00,-36.07555,-71.75805,162.0,open-meteo_ecmwf_ifs,daily,9.601,-4.449,10.76,-1.5906667,1.872116,80.002266,0.0,11.312157225926171,0.6702683366465613
2021-06-28 00:00:00+00:00,-36.07555,-71.75805,162.0,open-meteo_ecmwf_ifs,daily,11.101,-4.549,10.66,-2.7510836,1.2139283,72.27853,0.0,11.332812950183955,0.6681004314035198
2021-06-29 00:00:00+00:00,-36.07555,-71.75805,162.0,open-meteo_ecmwf_ifs,daily,9.901,-2.849,7.58,-0.39691675,1.1279843,84.14294,0.0,11.356814921074179,0.5957295110271372
2021-06-30 00:00:00+00:00,-36.07555,-71.75805,162.0,open-meteo_ecmwf_ifs,daily,11.151,1.2509999,6.96,3.528083,1.6440763,89.532845,0.0,11.384157932044886,0.6501629808029968
2021-07-01 00:00:00+00:00,-36.07555,-71.75805,162.0,open-meteo_ecmwf_ifs,daily,12.051001,2.5509999,6.81,4.6489167,1.2560506,92.50562,0.4,11.414836141756966,0.6402774187572176
2021-07-02 00:00:00+00:00,-36.07555,-71.75805,162.0,open-meteo_ecmwf_ifs,daily,11.951,2.651,10.8,3.484334,4.439708,80.023224,0.6,11.448843061998936,1.1032612759736273
2021-07-03 00:00:00+00:00,-36.07555,-71.75805,162.0,open-meteo_ecmwf_ifs,daily,11.651,3.101,10.76,1.3426666,4.0640016,68.68607,0.0,11.486171544255617,1.401350851947914
2021-07-04 00:00:00+00:00,-36.07555,-71.75805,162.0,open-meteo_ecmwf_ifs,daily,10.351,0.85099995,7.82,3.7780838,1.3005711,93.43954,0.0,11.526813765004155,0.562052864350863
2021-07-05 00:00:00+00:00,-36.07555,-71.75805,162.0,open-meteo_ecmwf_ifs,daily,9.801001,2.601,7.32,4.161417,1.363418,96.41964,0.0,11.570761209816999,0.5964789065017566
2021-07-06 00:00:00+00:00,-36.07555,-71.75805,162.0,open-meteo_ecmwf_ifs,daily,13.201,4.151,7.57,5.490584,3.2779377,84.690475,0.3,11.618004656357021,0.961555120916902
2021-07-07 00:00:00+00:00,-36.07555,-71.75805,162.0,open-meteo_ecmwf_ifs,daily,13.451,0.7509999,8.83,4.4343333,1.7338686,84.006996,0.0,11.668534156355456,0.7116791113855101
2021-07-08 00:00:00+00:00,-36.07555,-71.75805,162.0,open-meteo_ecmwf_ifs,daily,12.351,4.051,7.13,6.01975,2.206535,91.08878,0.0,11.722339016667867,0.7280760000036791
2021-07-09 00:00:00+00:00,-36.07555,-71.75805,162.0,open-meteo_ecmwf_ifs,daily,13.401,8.101,5.53,7.6155834,3.743926,87.1771,13.100002,11.77940777950765,1.0762662679279245
2021-07-10 00:00:00+00:00,-36.07555,-71.75805,162.0,open-meteo_ecmwf_ifs,daily,13.051001,2.951,11.3,3.3280833,4.752366,77.10088,0.0,11.839728201960423,1.3556528434507493
2021-07-11 00:00:00+00:00,-36.07555,-71.75805,162.0,open-meteo_ecmwf_ifs,daily,11.651,-1.149,10.93,2.1697502,2.9627144,84.10356,0.0,11.903287234885772,0.8297348587762257
2021-07-12 00:00:00+00:00,-36.07555,-71.75805,162.0,open-meteo_ecmwf_ifs,daily,8.301001,0.25100002,6.13,2.3114166,1.8967334,93.959015,0.0,11.970071001315455,0.593835660093363
2021-07-13 00:00:00+00:00,-36.07555,-71.75805,162.0,open-meteo_ecmwf_ifs,daily,7.901,0.551,7.08,2.6489167,1.626542,93.587944,0.0,12.04006477445958,0.5596891592194996
2021-07-14 00:00:00+00:00,-36.07555,-71.75805,162.0,open-meteo_ecmwf_ifs,daily,7.7510004,1.2509999,6.42,2.4551668,1.6714996,94.28775,0.0,12.113252955433603,0.6060325586405919
2021-07-15 00:00:00+00:00,-36.07555,-71.75805,162.0,open-meteo_ecmwf_ifs,daily,12.851,1.101,11.39,3.0614166,3.241906,87.480385,0.0,12.189619050820331,1.0593473197672785
2021-07-16 00:00:00+00:00,-36.07555,-71.75805,162.0,open-meteo_ecmwf_ifs,daily,10.701,0.951,7.15,3.4468336,1.7810034,89.15829,0.8000001,12.26914565018171,0.6917890023160049
2021-07-17 00:00:00+00:00,-36.07555,-71.75805,162.0,open-meteo_ecmwf_ifs,daily,11.551001,0.25100002,11.89,0.226,5.171771,70.889366,0.0,12.351814403635155,1.4888982457259445
2021-07-18 00:00:00+00:00,-36.07555,-71.75805,162.0,open-meteo_ecmwf_ifs,daily,16.701,-0.74899995,11.93,0.7093334,2.787708,71.2205,0.0,12.437605999609026,1.4256161786770996
2021-07-19 00:00:00+00:00,-36.07555,-71.75805,162.0,open-meteo_ecmwf_ifs,daily,16.601,-0.449,11.67,3.7384999,2.7712286,82.29116,0.0,12.526500142890944,1.1378591771369653
2021-07-20 00:00:00+00:00,-36.07555,-71.75805,162.0,open-meteo_ecmwf_ifs,daily,18.351,4.5010004,11.06,7.2426667,3.0972793,85.167534,0.0,12.61847553308122,1.3317812360560812
2021-07-21 00:00:00+00:00,-36.07555,-71.75805,162.0,open-meteo_ecmwf_ifs,daily,12.551001,6.301,7.75,8.315583,1.330912,94.66169,0.0,12.713509843562333,0.7064518984621938
2021-07-22 00:00:00+00:00,-36.07555,-71.75805,162.0,open-meteo_ecmwf_ifs,daily,11.351,4.901,6.58,6.717668,1.2087005,94.8725,0.0,12.81157970109291,0.6714050066590621
2021-07-23 00:00:00+00:00,-36.07555,-71.75805,162.0,open-meteo_ecmwf_ifs,daily,15.201,5.051,8.64,6.7093334,2.2819803,85.94388,0.0,12.912660666132476,1.055648090357511
2021-07-24 00:00:00+00:00,-36.07555,-71.75805,162.0,open-meteo_ecmwf_ifs,daily,11.301001,5.1010003,4.15,6.040584,4.192261,88.57142,0.4,13.016727214000207,0.8575704446705359
2021-07-25 00:00:00+00:00,-36.07555,-71.75805,162.0,open-meteo_ecmwf_ifs,daily,10.751,8.251,4.46,6.996834,6.1002693,85.140144,17.9,13.123752716967932,1.0796650921416928
2021-07-26 00:00:00+00:00,-36.07555,-71.75805,162.0,open-meteo_ecmwf_ifs,daily,11.501,6.151,11.78,5.126,4.1113243,81.32941,4.2999997,13.233709427383982,1.3054223853746936
2021-07-27 00:00:00+00:00,-36.07555,-71.75805,162.0,open-meteo_ecmwf_ifs,daily,12.801001,0.901,12.71,1.3426667,5.6768146,74.2061,0.0,13.346568461920898,1.6658510375759443
2021-07-28 00:00:00+00:00,-36.07555,-71.75805,162.0,open-meteo_ecmwf_ifs,daily,18.251,1.101,12.84,0.7072501,2.7509816,58.89757,0.0,13.462299787035775,1.7902435250340076
2021-07-29 00:00:00+00:00,-36.07555,-71.75805,162.0,open-meteo_ecmwf_ifs,daily,15.750999,0.451,12.89,3.411417,1.6723787,79.114914,0.0,13.580872205728074,1.1379154138955279
2021-07-30 00:00:00+00:00,-36.07555,-71.75805,162.0,open-meteo_ecmwf_ifs,daily,10.951,1.301,9.27,4.501,1.6846634,94.16386,0.0,13.702253345674864,0.7661313674019422
2021-07-31 00:00:00+00:00,-36.07555,-71.75805,162.0,open-meteo_ecmwf_ifs,daily,15.301001,4.1010003,12.01,6.0926666,3.2932942,86.15863,0.0,13.826409648819219,1.318623875771408
2021-08-01 00:00:00+00:00,-36.07555,-71.75805,162.0,open-meteo_ecmwf_ifs,daily,17.001,0.901,13.28,4.476,2.1135898,84.82482,0.0,13.953306362482394,1.2797288018538227
2021-08-02 00:00:00+00:00,-36.07555,-71.75805,162.0,open-meteo_ecmwf_ifs,daily,19.051,1.401,13.39,5.5885005,2.4205878,83.27815,0.0,14.082907532065407,1.4230187706078872
2021-08-03 00:00:00+00:00,-36.07555,-71.75805,162.0,open-meteo_ecmwf_ifs,daily,15.601,4.901,11.87,6.9301667,1.8365647,86.57967,0.0,14.215175995400918,1.1965433888883186
2021-08-04 00:00:00+00:00,-36.07555,-71.75805,162.0,open-meteo_ecmwf_ifs,daily,12.701,3.501,9.18,6.2405834,2.2843401,91.37125,0.0,14.350073378810446,0.9125536238020058
2021-08-05 00:00:00+00:00,-36.07555,-71.75805,162.0,open-meteo_ecmwf_ifs,daily,13.201,6.551,9.12,7.5155835,1.9799366,91.175865,0.0,14.487560094917503,1.0301736830271548
2021-08-06 00:00:00+00:00,-36.07555,-71.75805,162.0,open-meteo_ecmwf_ifs,daily,11.951,3.851,9.02,6.1343346,1.2732972,93.38449,0.0,14.627595342261005,0.8806337418536412
2021-08-07 00:00:00+00:00,-36.07555,-71.75805,162.0,open-meteo_ecmwf_ifs,daily,13.051001,6.0010004,8.06,5.473917,3.8307362,81.671646,0.0,14.77013710674848,1.3984549068984635
2021-08-08 00:00:00+00:00,-36.07555,-71.75805,162.0,open-meteo_ecmwf_ifs,daily,11.301001,1.601,11.13,1.0468334,2.2518582,70.35646,0.0,14.91514216498304,1.2963096272996153
2021-08-09 00:00:00+00:00,-36.07555,-71.75805,162.0,open-meteo_ecmwf_ifs,daily,13.751,1.701,14.12,3.9239168,2.0598261,82.603905,0.0,15.062566089492254,1.2896194374368901
2021-08-10 00:00:00+00:00,-36.07555,-71.75805,162.0,open-meteo_ecmwf_ifs,daily,12.901,2.501,11.93,4.0551677,2.039323,86.638756,0.0,15.212363255882018,1.216359710954115
2021-08-11 00:00:00+00:00,-36.07555,-71.75805,162.0,open-meteo_ecmwf_ifs,daily,13.651,2.0509999,13.07,3.4635003,1.7255112,82.357956,0.0,15.364486851932718,1.297237067231912
2021-08-12 00:00:00+00:00,-36.07555,-71.75805,162.0,open-meteo_ecmwf_ifs,daily,11.201,1.101,9.01,4.3176665,1.4315251,90.775116,0.0,15.518888888649574,0.8834793616979453
2021-08-13 00:00:00+00:00,-36.07555,-71.75805,162.0,open-meteo_ecmwf_ifs,daily,12.301001,2.901,8.58,5.0843334,1.1218375,89.47408,0.0,15.675520213273591,0.9581537656794106
2021-08-14 00:00:00+00:00,-36.07555,-71.75805,162.0,open-meteo_ecmwf_ifs,daily,10.401,3.401,10.27,4.7760015,1.9297143,90.83447,0.0,15.834330524254199,1.0145697739649164
2021-08-15 00:00:00+00:00,-36.07555,-71.75805,162.0,open-meteo_ecmwf_ifs,daily,9.951,3.501,3.36,5.001001,3.4123266,88.62934,1.0,15.995268388179062,0.7487918493859866
2021-08-16 00:00:00+00:00,-36.07555,-71.75805,162.0,open-meteo_ecmwf_ifs,daily,11.901,8.551001,4.46,8.151001,6.578816,90.12949,35.300007,16.158281258651435,1.0781691280459305
2021-08-17 00:00:00+00:00,-36.07555,-71.75805,162.0,open-meteo_ecmwf_ifs,daily,13.051001,9.651,2.44,10.309334,4.369354,93.9523,9.1,16.323315497100086,0.7065331735665135
2021-08-18 00:00:00+00:00,-36.07555,-71.75805,162.0,open-meteo_ecmwf_ifs,daily,12.751,10.751,3.09,10.734334,5.368571,93.78784,15.4,16.490316395501566,0.747828203831547
2021-08-19 00:00:00+00:00,-36.07555,-71.75805,162.0,open-meteo_ecmwf_ifs,daily,11.851,7.901,9.32,7.9405837,4.6532273,88.641655,23.1,16.65922820098957,1.174655304850132
2021-08-20 00:00:00+00:00,-36.07555,-71.75805,162.0,open-meteo_ecmwf_ifs,daily,11.851,6.2510004,6.9,5.948918,2.4971828,84.691536,10.400001,16.829994142321056,1.1524958471499527
2021-08-21 00:00:00+00:00,-36.07555,-71.75805,162.0,open-meteo_ecmwf_ifs,daily,13.151,7.8010006,7.71,6.8051662,7.9990964,81.644905,27.200003,17.00255645816395,1.74538797287639
2021-08-22 00:00:00+00:00,-36.07555,-71.75805,162.0,open-meteo_ecmwf_ifs,daily,12.501,5.0010004,13.26,5.4260006,2.1311495,82.10323,3.6000001,17.176856427166303,1.4419908461389428
2021-08-23 00:00:00+00:00,-36.07555,-71.75805,162.0,open-meteo_ecmwf_ifs,daily,12.051001,1.301,15.33,2.00725,2.474527,74.57139,0.0,17.352834399762216,1.583000326667224
2021-08-24 00:00:00+00:00,-36.07555,-71.75805,162.0,open-meteo_ecmwf_ifs,daily,12.451,0.10100001,16.93,1.74475,2.807063,79.35823,0.0,17.530429831665227,1.6464668625226013
2021-08-25 00:00:00+00:00,-36.07555,-71.75805,162.0,open-meteo_ecmwf_ifs,daily,10.301001,0.35099998,5.22,1.851,2.5664332,81.738914,0.6,17.709581318995312,1.0127846869199704
2021-08-26 00:00:00+00:00,-36.07555,-71.75805,162.0,open-meteo_ecmwf_ifs,daily,12.501,4.551,11.72,5.0780826,1.876503,85.575134,0.4,17.890226634981417,1.3933071371312642
2021-08-27 00:00:00+00:00,-36.07555,-71.75805,162.0,open-meteo_ecmwf_ifs,daily,12.401,3.701,8.47,4.8697505,1.9994906,84.91003,0.0,18.072302768177465,1.2004929464542133
2021-08-28 00:00:00+00:00,-36.07555,-71.75805,162.0,open-meteo_ecmwf_ifs,daily,17.151001,7.7510004,11.77,6.4676666,1.733137,77.16327,2.6000001,18.255745962125253,1.825289118734203
2021-08-29 00:00:00+00:00,-36.07555,-71.75805,162.0,open-meteo_ecmwf_ifs,daily,18.651001,5.5010004,16.78,8.053083,2.604066,81.445114,0.0,18.44049175639456,2.0414429394404094
2021-08-30 00:00:00+00:00,-36.07555,-71.75805,162.0,open-meteo_ecmwf_ifs,daily,14.501,9.701,6.29,10.053084,1.9440193,90.339485,2.0000002,18.626475028926293,1.1168631084802287
2021-08-31 00:00:00+00:00,-36.07555,-71.75805,162.0,open-meteo_ecmwf_ifs,daily,15.451,8.751,13.67,8.355167,1.8173739,82.88229,0.4,18.813630039601797,1.7815291183716424
2021-09-01 00:00:00+00:00,-36.07555,-71.75805,162.0,open-meteo_ecmwf_ifs,daily,17.851,5.0010004,18.16,6.8989167,2.4793823,82.024414,0.0,19.00189047495753,2.162057704292351
2021-09-02 00:00:00+00:00,-36.07555,-71.75805,162.0,open-meteo_ecmwf_ifs,daily,17.151001,4.051,16.61,7.6510005,1.7416526,85.646095,0.0,19.191189493961588,1.823218254104092
2021-09-03 00:00:00+00:00,-36.07555,-71.75805,162.0,open-meteo_ecmwf_ifs,daily,13.351,6.551,7.75,7.60725,1.6396931,88.57757,1.1,19.381459774765457,1.1758284171402444
2021-09-04 00:00:00+00:00,-36.07555,-71.75805,162.0,open-meteo_ecmwf_ifs,daily,16.751,5.701,17.58,6.425999,1.7676996,78.48127,1.1,19.57263356234178,2.1056867126000522
2021-09-05 00:00:00+00:00,-36.07555,-71.75805,162.0,open-meteo_ecmwf_ifs,daily,16.351,6.1010003,13.15,6.9510007,1.7810297,81.06349,0.1,19.764642716916505,1.79586453349765
2021-09-06 00:00:00+00:00,-36.07555,-71.75805,162.0,open-meteo_ecmwf_ifs,daily,13.651,7.3510003,13.21,6.911417,2.0942185,83.010414,3.7,19.957418763101316,1.7316639600189103
2021-09-07 00:00:00+00:00,-36.07555,-71.75805,162.0,open-meteo_ecmwf_ifs,daily,13.751,1.901,17.34,4.1655836,1.1737701,80.8657,0.3,20.150892939630538,1.7814599763403338
2021-09-08 00:00:00+00:00,-36.07555,-71.75805,162.0,open-meteo_ecmwf_ifs,daily,16.201,2.951,19.65,4.16975,3.3111074,76.64281,0.0,20.344996249604733,2.3734190035051577
2021-09-09 00:00:00+00:00,-36.07555,-71.75805,162.0,open-meteo_ecmwf_ifs,daily,18.201,4.201,17.31,6.821835,2.6125681,81.274765,0.0,20.539659511141743,2.1997155433836526
2021-09-10 00:00:00+00:00,-36.07555,-71.75805,162.0,open-meteo_ecmwf_ifs,daily,16.051,7.851,11.04,9.96975,1.7212882,92.62152,0.0,20.73481340833476,1.5110432066209045
2021-09-11 00:00:00+00:00,-36.07555,-71.75805,162.0,open-meteo_ecmwf_ifs,daily,12.151,10.151,4.16,9.090583,6.1904883,87.48334,16.900002,20.93038854241589,1.15602285787884
2021-09-12 00:00:00+00:00,-36.07555,-71.75805,162.0,open-meteo_ecmwf_ifs,daily,10.501,7.6010003,3.81,7.353084,7.093284,88.716576,29.900002,21.12631548302286,0.967279013473934
2021-09-13 00:00:00+00:00,-36.07555,-71.75805,162.0,open-meteo_ecmwf_ifs,daily,11.701,5.701,16.12,5.5489163,2.5092437,83.68372,5.499999,21.322524819466494,1.8382567605264382
2021-09-14 00:00:00+00:00,-36.07555,-71.75805,162.0,open-meteo_ecmwf_ifs,daily,15.101,2.201,21.19,3.5989168,3.7017972,75.26413,0.1,21.518947211895632,2.428639235846426
2021-09-15 00:00:00+00:00,-36.07555,-71.75805,162.0,open-meteo_ecmwf_ifs,daily,17.201,3.001,20.92,3.7364168,3.6628094,69.362885,0.0,21.715513442257098,2.7445350594543436
2021-09-16 00:00:00+00:00,-36.07555,-71.75805,162.0,open-meteo_ecmwf_ifs,daily,18.651001,4.451,21.13,6.965584,3.9181595,77.63725,0.0,21.912154464948085,2.6732038125476856
2021-09-17 00:00:00+00:00,-36.07555,-71.75805,162.0,open-meteo_ecmwf_ifs,daily,16.501,6.801,15.43,7.8572516,2.3375924,86.07163,0.0,22.108801457059048,2.1092369698996554
2021-09-18 00:00:00+00:00,-36.07555,-71.75805,162.0,open-meteo_ecmwf_ifs,daily,15.601,5.5010004,16.75,6.636416,2.634891,82.48791,0.0,22.305385868106683,2.1614935358573324
2021-09-19 00:00:00+00:00,-36.07555,-71.75805,162.0,open-meteo_ecmwf_ifs,daily,15.151,5.051,18.99,5.0968337,3.57043,76.410484,0.0,22.501839469156753,2.483294179026211
2021-09-20 00:00:00+00:00,-36.07555,-71.75805,162.0,open-meteo_ecmwf_ifs,daily,18.701,3.251,21.58,4.8530836,3.695612,73.25863,0.0,22.698094401239178,2.907209908148567
2021-09-21 00:00:00+00:00,-36.07555,-71.75805,162.0,open-meteo_ecmwf_ifs,daily,19.301,3.351,21.15,6.9301677,3.0542376,77.68362,0.0,22.894083222958763,2.641899636981263
2021-09-22 00:00:00+00:00,-36.07555,-71.75805,162.0,open-meteo_ecmwf_ifs,daily,16.551,7.201,16.61,7.517668,1.4806491,76.122505,0.0,23.089738957207196,2.2532770007662872
2021-09-23 00:00:00+00:00,-36.07555,-71.75805,162.0,open-meteo_ecmwf_ifs,daily,20.451,5.201,22.17,7.617666,3.8614342,76.561455,0.0,23.284995136884657,3.058796033436999
2021-09-24 00:00:00+00:00,-36.07555,-71.75805,162.0,open-meteo_ecmwf_ifs,daily,22.901001,6.051,22.37,9.984335,1.9436704,80.84178,0.0,23.479785849541383,3.028872325937359
2021-09-25 00:00:00+00:00,-36.07555,-71.75805,162.0,open-meteo_ecmwf_ifs,daily,18.051,9.801001,13.45,8.692668,3.1742766,77.39974,1.1,23.674045780852957,2.486449755678083
2021-09-26 00:00:00+00:00,-36.07555,-71.75805,162.0,open-meteo_ecmwf_ifs,daily,17.001,5.901,22.52,6.4343324,4.22586,75.17501,0.0,23.867710256845903,2.9568799676205364
2021-09-27 00:00:00+00:00,-36.07555,-71.75805,162.0,open-meteo_ecmwf_ifs,daily,18.501,3.001,24.08,3.7572505,4.428073,66.293396,0.0,24.06071528479366,3.3131034977926594
2021-09-28 00:00:00+00:00,-36.07555,-71.75805,162.0,open-meteo_ecmwf_ifs,daily,19.751,3.5509999,23.56,6.196833,1.6268245,76.11433,0.0,24.252997592706706,2.9527590918113185
2021-09-29 00:00:00+00:00,-36.07555,-71.75805,162.0,open-meteo_ecmwf_ifs,daily,18.351,5.151,20.96,5.761418,2.4275844,75.186935,0.0,24.444494667344415,2.9002751350211926
2021-09-30 00:00:00+00:00,-36.07555,-71.75805,162.0,open-meteo_ecmwf_ifs,daily,15.801001,7.7510004,16.61,6.209334,1.7718588,72.349236,3.8999999,24.63514479068026,2.4512790045092796
2021-10-01 00:00:00+00:00,-36.07555,-71.75805,162.0,open-meteo_ecmwf_ifs,daily,17.951,4.301,20.99,4.726,3.1395082,69.58849,0.0,24.824887074756717,2.9874451393691355
2021-10-02 00:00:00+00:00,-36.07555,-71.75805,162.0,open-meteo_ecmwf_ifs,daily,13.901,5.2510004,23.93,3.8030834,4.669464,69.37239,2.8,25.013661494869872,3.0400997036814355
2021-10-03 00:00:00+00:00,-36.07555,-71.75805,162.0,open-meteo_ecmwf_ifs,daily,15.901001,4.1010003,24.63,2.48225,6.859532,63.772797,0.0,25.20140892102965,3.5906454425259833
2021-10-04 00:00:00+00:00,-36.07555,-71.75805,162.0,open-meteo_ecmwf_ifs,daily,19.701,3.251,24.88,4.7260003,4.187321,70.974266,0.0,25.38807114764536,3.4731155385306463
2021-10-05 00:00:00+00:00,-36.07555,-71.75805,162.0,open-meteo_ecmwf_ifs,daily,19.451,5.151,20.88,5.8322506,3.4963753,72.05918,0.0,25.57359092139206,3.1945344117323105
2021-10-06 00:00:00+00:00,-36.07555,-71.75805,162.0,open-meteo_ecmwf_ifs,daily,21.301,2.351,25.47,3.6697502,3.0252354,61.407566,0.0,25.757911967218206,3.6190697976717208
2021-10-07 00:00:00+00:00,-36.07555,-71.75805,162.0,open-meteo_ecmwf_ifs,daily,21.851,4.301,24.91,7.6135006,2.3254077,70.74858,0.0,25.94097901246006,3.3841073409273923
2021-10-08 00:00:00+00:00,-36.07555,-71.75805,162.0,open-meteo_ecmwf_ifs,daily,17.651001,9.001,16.27,6.7572513,2.6059976,68.2878,0.70000005,26.122737809034707,2.8509454297462264
2021-10-09 00:00:00+00:00,-36.07555,-71.75805,162.0,open-meteo_ecmwf_ifs,daily,21.951,5.951,22.31,7.5905843,2.480067,72.88065,0.0,26.303135153687794,3.386753407792825
2021-10-10 00:00:00+00:00,-36.07555,-71.75805,162.0,open-meteo_ecmwf_ifs,daily,19.351,8.301001,21.66,7.8280845,1.6951071,73.50129,0.0,26.482118906279098,3.1902060954721545
2021-10-11 00:00:00+00:00,-36.07555,-71.75805,162.0,open-meteo_ecmwf_ifs,daily,21.501,7.7510004,24.53,8.248918,3.0108945,71.10995,0.0,26.659638006093488,3.745285396345415
2021-10-12 00:00:00+00:00,-36.07555,-71.75805,162.0,open-meteo_ecmwf_ifs,daily,18.151001,10.501,16.01,8.146833,4.3258777,69.828094,0.0,26.83564248617153,3.1557024652008008
2021-10-13 00:00:00+00:00,-36.07555,-71.75805,162.0,open-meteo_ecmwf_ifs,daily,18.301,10.851,17.27,6.4260006,3.6142569,62.13768,0.1,27.010083485659194,3.4949506460930504
2021-10-14 00:00:00+00:00,-36.07555,-71.75805,162.0,open-meteo_ecmwf_ifs,daily,14.301001,4.901,21.58,4.2010007,3.3558438,68.81994,7.7999997,27.18291326018198,2.8715231902459717
2021-10-15 00:00:00+00:00,-36.07555,-71.75805,162.0,open-meteo_ecmwf_ifs,daily,17.201,3.951,26.78,1.9509999,4.9327846,61.092117,0.0,27.35408519025467,3.9299177264647724
2021-10-16 00:00:00+00:00,-36.07555,-71.75805,162.0,open-meteo_ecmwf_ifs,daily,19.151001,4.6010003,26.06,3.648917,5.2274685,60.776127,0.0,27.523553787743452,4.054442819221349
2021-10-17 00:00:00+00:00,-36.07555,-71.75805,162.0,open-meteo_ecmwf_ifs,daily,21.001,5.6010003,26.51,5.753084,5.0588746,64.82255,0.0,27.69127470040259,4.1739272665460465
2021-10-18 00:00:00+00:00,-36.07555,-71.75805,162.0,open-meteo_ecmwf_ifs,daily,25.801,6.301,26.75,7.323917,3.725611,65.20975,0.0,27.85720471451394,4.606624329394109
2021-10-19 00:00:00+00:00,-36.07555,-71.75805,162.0,open-meteo_ecmwf_ifs,daily,26.651001,9.651,24.33,10.336417,2.2619088,72.48657,0.0,28.021301755662282,4.260355279987752
2021-10-20 00:00:00+00:00,-36.07555,-71.75805,162.0,open-meteo_ecmwf_ifs,daily,21.851,10.401,15.15,8.707251,3.1587741,68.38554,0.0,28.183524887685333,3.3131331467146814
2021-10-21 00:00:00+00:00,-36.07555,-71.75805,162.0,open-meteo_ecmwf_ifs,daily,21.851,9.301001,22.98,8.405168,3.5125282,70.76292,0.0,28.34383430984206,3.993786524593007
2021-10-22 00:00:00+00:00,-36.07555,-71.75805,162.0,open-meteo_ecmwf_ifs,daily,18.451,6.151,27.28,3.067666,5.509662,55.824463,0.0,28.502191352248172,4.447099871857717
2021-10-23 00:00:00+00:00,-36.07555,-71.75805,162.0,open-meteo_ecmwf_ifs,daily,19.951,5.5010004,27.06,3.0510004,5.0804625,56.95094,0.0,28.658558469632105,4.522898796351081
2021-10-24 00:00:00+00:00,-36.07555,-71.75805,162.0,open-meteo_ecmwf_ifs,daily,24.251,7.3510003,27.4,5.7968335,4.700441,57.39419,0.0,28.812899233469736,5.046820078386514
2021-10-25 00:00:00+00:00,-36.07555,-71.75805,162.0,open-meteo_ecmwf_ifs,daily,26.351,9.701,28.13,7.9509997,5.985245,59.23041,0.0,28.965178322560085,5.762329339311781
2021-10-26 00:00:00+00:00,-36.07555,-71.75805,162.0,open-meteo_ecmwf_ifs,daily,25.701,9.551001,26.94,8.217667,4.733847,59.817368,0.0,29.115361512108564,5.239801142752399
2021-10-27 00:00:00+00:00,-36.07555,-71.75805,162.0,open-meteo_ecmwf_ifs,daily,26.251,10.401,24.53,9.0135,2.428832,63.713947,0.0,29.2634156613878,4.5551373794111045
2021-10-28 00:00:00+00:00,-36.07555,-71.75805,162.0,open-meteo_ecmwf_ifs,daily,28.651001,10.251,28.59,7.7885017,3.9892616,56.14729,0.0,29.409308700050094,5.84970387095292
2021-10-29 00:00:00+00:00,-36.07555,-71.75805,162.0,open-meteo_ecmwf_ifs,daily,28.251,10.851,28.0,9.036416,4.602058,59.8048,0.0,29.553009613168058,5.833894117344029
2021-10-30 00:00:00+00:00,-36.07555,-71.75805,162.0,open-meteo_ecmwf_ifs,daily,24.301,10.401,19.52,8.242667,4.077568,59.20663,0.0,29.694488425083584,4.379098013428625
2021-10-31 00:00:00+00:00,-36.07555,-71.75805,162.0,open-meteo_ecmwf_ifs,daily,27.051,11.851,22.61,10.65725,2.0834827,63.341007,0.0,29.83371618214728,4.3664179457593
2021-11-01 00:00:00+00:00,-36.07555,-71.75805,162.0,open-meteo_ecmwf_ifs,daily,25.001,9.401,23.37,8.592668,2.4615688,65.32992,0.0,29.970664934432882,4.280371334506109
2021-11-02 00:00:00+00:00,-36.07555,-71.75805,162.0,open-meteo_ecmwf_ifs,daily,27.701,8.651,28.36,7.2739177,2.7768028,57.862656,0.0,30.10530771651308,5.21728206797122
2021-11-03 00:00:00+00:00,-36.07555,-71.75805,162.0,open-meteo_ecmwf_ifs,daily,19.201,9.651,17.56,8.740584,3.1260474,71.00665,2.0,30.23761852738439,3.1775203625162947
2021-11-04 00:00:00+00:00,-36.07555,-71.75805,162.0,open-meteo_ecmwf_ifs,daily,20.501,6.551,30.21,2.6489167,5.6669564,58.31307,0.0,30.367572309630113,5.235255743716973
2021-11-05 00:00:00+00:00,-36.07555,-71.75805,162.0,open-meteo_ecmwf_ifs,daily,26.501,4.701,29.92,3.3885005,3.611395,52.00137,0.0,30.49514492791063,5.344489131869438
2021-11-06 00:00:00+00:00,-36.07555,-71.75805,162.0,open-meteo_ecmwf_ifs,daily,23.751,9.401,29.19,6.157251,3.215401,53.979584,0.0,30.620313146871066,5.1672100540772865
2021-11-07 00:00:00+00:00,-36.07555,-71.75805,162.0,open-meteo_ecmwf_ifs,daily,26.351,10.051001,28.77,8.153085,3.7949302,62.668636,0.0,30.74305460855596,5.485418681247101
2021-11-08 00:00:00+00:00,-36.07555,-71.75805,162.0,open-meteo_ecmwf_ifs,daily,27.801,11.601,29.73,8.592667,4.800552,53.837597,0.0,30.863347809420024,6.244302727655203
2021-11-09 00:00:00+00:00,-36.07555,-71.75805,162.0,open-meteo_ecmwf_ifs,daily,27.651001,11.801001,27.49,10.778085,2.822642,61.36609,0.0,30.981172077023515,5.230461536006951
2021-11-10 00:00:00+00:00,-36.07555,-71.75805,162.0,open-meteo_ecmwf_ifs,daily,24.351,10.001,26.45,8.042667,1.6354178,60.102295,0.0,31.09650754649913,4.489523631413894
2021-11-11 00:00:00+00:00,-36.07555,-71.75805,162.0,open-meteo_ecmwf_ifs,daily,23.851,11.451,20.05,8.359334,2.8079917,60.40572,0.0,31.209335136875673,4.217449900301853
2021-11-12 00:00:00+00:00,-36.07555,-71.75805,162.0,open-meteo_ecmwf_ifs,daily,19.851,12.501,12.92,9.336417,3.029411,67.67425,0.0,31.31963652734229,3.0798976008926844
2021-11-13 00:00:00+00:00,-36.07555,-71.75805,162.0,open-meteo_ecmwf_ifs,daily,19.851,8.051001,24.98,5.0760007,3.1865737,58.73462,0.0,31.427394133533827,4.271264896216825
2021-11-14 00:00:00+00:00,-36.07555,-71.75805,162.0,open-meteo_ecmwf_ifs,daily,21.951,7.301,25.97,3.7780838,5.1421723,53.751053,0.0,31.532591083915815,5.084540312914412
2021-11-15 00:00:00+00:00,-36.07555,-71.75805,162.0,open-meteo_ecmwf_ifs,daily,19.201,8.251,21.3,6.211418,3.823991,66.173225,0.3,31.635211196344294,3.846621159558031
2021-11-16 00:00:00+00:00,-36.07555,-71.75805,162.0,open-meteo_ecmwf_ifs,daily,28.451,6.651,31.82,1.5426668,3.907994,41.161785,0.0,31.735238954872404,6.374233154783901
2021-11-17 00:00:00+00:00,-36.07555,-71.75805,162.0,open-meteo_ecmwf_ifs,daily,28.501,9.351,31.2,5.728083,3.5487587,46.875698,0.0,31.832659486872018,6.192208194802125
2021-11-18 00:00:00+00:00,-36.07555,-71.75805,162.0,open-meteo_ecmwf_ifs,daily,27.551,11.201,30.71,8.455168,5.342316,54.1985,0.0,31.927458540534776,6.43197046253941
2021-11-19 00:00:00+00:00,-36.07555,-71.75805,162.0,open-meteo_ecmwf_ifs,daily,28.151001,11.301001,30.66,9.576001,2.670318,56.495663,0.0,32.01962246281294,5.718992518295015
2021-11-20 00:00:00+00:00,-36.07555,-71.75805,162.0,open-meteo_ecmwf_ifs,daily,30.001,12.801001,30.81,9.917667,2.3031356,54.313206,0.0,32.10913817785605,5.975820657515042
2021-11-21 00:00:00+00:00,-36.07555,-71.75805,162.0,open-meteo_ecmwf_ifs,daily,30.801,12.251,31.9,8.530168,3.8963964,49.792553,0.0,32.195993165994935,6.854305036865385
2021-11-22 00:00:00+00:00,-36.07555,-71.75805,162.0,open-meteo_ecmwf_ifs,daily,30.301,12.101,31.81,7.5718327,5.8726654,44.55666,0.0,32.28017544331997,7.528775744611977
2021-11-23 00:00:00+00:00,-36.07555,-71.75805,162.0,open-meteo_ecmwf_ifs,daily,29.951,11.751,31.81,9.107251,3.536439,51.009125,0.0,32.36167354189605,6.471361554900312
2021-11-24 00:00:00+00:00,-36.07555,-71.75805,162.0,open-meteo_ecmwf_ifs,daily,22.501,13.401,14.17,10.7135,3.4682157,65.0203,0.0,32.44047649065156,3.5598478343679085
2021-11-25 00:00:00+00:00,-36.07555,-71.75805,162.0,open-meteo_ecmwf_ifs,daily,29.201,11.301001,31.69,9.49475,3.6473505,58.5975,0.0,32.516573796974136,6.28198338409009
2021-11-26 00:00:00+00:00,-36.07555,-71.75805,162.0,open-meteo_ecmwf_ifs,daily,29.751,12.851,30.73,8.773917,3.9250393,50.87672,0.2,32.58995542904132,6.672817169097663
2021-11-27 00:00:00+00:00,-36.07555,-71.75805,162.0,open-meteo_ecmwf_ifs,daily,23.451,10.651,29.78,6.3322506,3.289835,53.06355,0.0,32.66061179890919,5.466538504810259
2021-11-28 00:00:00+00:00,-36.07555,-71.75805,162.0,open-meteo_ecmwf_ifs,daily,27.151001,9.601,32.58,2.9468334,5.2819514,41.779907,0.0,32.728533746377586,7.077757740251655
2021-11-29 00:00:00+00:00,-36.07555,-71.75805,162.0,open-meteo_ecmwf_ifs,daily,27.551,10.151,31.99,5.2947497,4.5298104,45.18634,0.0,32.79371252364616,6.66895494237695
2021-11-30 00:00:00+00:00,-36.07555,-71.75805,162.0,open-meteo_ecmwf_ifs,daily,26.951,12.101,31.02,9.186418,2.7277782,56.646366,0.0,32.85613978077089,5.814101626627463
2021-12-01 00:00:00+00:00,-36.07555,-71.75805,162.0,open-meteo_ecmwf_ifs,daily,24.901001,10.951,25.92,8.803083,1.6213518,60.49515,0.0,32.9158075519268,4.615002551697047
2021-12-02 00:00:00+00:00,-36.07555,-71.75805,162.0,open-meteo_ecmwf_ifs,daily,23.201,13.351,12.96,8.455167,4.2264423,57.574036,0.0,32.97270824247846,4.134049558494886
2021-12-03 00:00:00+00:00,-36.07555,-71.75805,162.0,open-meteo_ecmwf_ifs,daily,25.251,12.501,25.79,8.278084,2.9978845,57.46574,0.0,33.02683461685662,5.260855563129089
2021-12-04 00:00:00+00:00,-36.07555,-71.75805,162.0,open-meteo_ecmwf_ifs,daily,31.201,11.651,33.05,6.6093335,3.804373,45.120197,0.0,33.07817978723516,7.166870112209997
2021-12-05 00:00:00+00:00,-36.07555,-71.75805,162.0,open-meteo_ecmwf_ifs,daily,35.051,15.051001,33.08,8.965585,2.6103666,42.977814,0.0,33.12673720300084,7.307184420806647
2021-12-06 00:00:00+00:00,-36.07555,-71.75805,162.0,open-meteo_ecmwf_ifs,daily,28.201,14.201,32.08,10.969749,3.7222602,53.208965,0.0,33.172500641004014,6.487363093785112
2021-12-07 00:00:00+00:00,-36.07555,-71.75805,162.0,open-meteo_ecmwf_ifs,daily,26.201,12.801001,24.79,9.559335,3.1745024,60.079483,0.0,33.21546419657744,5.227827064658561
2021-12-08 00:00:00+00:00,-36.07555,-71.75805,162.0,open-meteo_ecmwf_ifs,daily,31.351,12.701,32.31,9.944751,3.3485835,57.071095,0.0,33.2556222753079,6.761143499585696
2021-12-09 00:00:00+00:00,-36.07555,-71.75805,162.0,open-meteo_ecmwf_ifs,daily,33.001,14.851,30.95,12.590584,2.6991985,54.96883,0.0,33.292969585543474,6.602735475770787
2021-12-10 00:00:00+00:00,-36.07555,-71.75805,162.0,open-meteo_ecmwf_ifs,daily,26.601,15.101,23.11,12.921834,2.9435527,60.584454,0.0,33.32750113161869,4.901967766639113
2021-12-11 00:00:00+00:00,-36.07555,-71.75805,162.0,open-meteo_ecmwf_ifs,daily,18.701,14.651,8.57,11.973918,3.437646,77.653534,8.5,33.35921220777854,2.4078496903297473
2021-12-12 00:00:00+00:00,-36.07555,-71.75805,162.0,open-meteo_ecmwf_ifs,daily,20.801,11.651,27.09,6.2739177,2.7888033,57.110744,0.9,33.38809839278236,4.913872251670627
2021-12-13 00:00:00+00:00,-36.07555,-71.75805,162.0,open-meteo_ecmwf_ifs,daily,24.351,8.951,30.37,4.6135,3.8381786,49.473904,0.0,33.414155545168015,5.776132934469479
2021-12-14 00:00:00+00:00,-36.07555,-71.75805,162.0,open-meteo_ecmwf_ifs,daily,26.551,10.051001,32.86,6.81975,2.6622915,52.79794,0.0,33.43737979915801,5.930138743945388
2021-12-15 00:00:00+00:00,-36.07555,-71.75805,162.0,open-meteo_ecmwf_ifs,daily,30.101,11.251,32.79,6.3801665,2.8859472,46.306797,0.0,33.45776756118901,6.603367145496299
2021-12-16 00:00:00+00:00,-36.07555,-71.75805,162.0,open-meteo_ecmwf_ifs,daily,30.751,12.751,32.75,6.1135,3.199824,40.30354,0.0,33.47531550704798,7.025126445882507
2021-12-17 00:00:00+00:00,-36.07555,-71.75805,162.0,open-meteo_ecmwf_ifs,daily,27.101,10.851,33.24,7.730168,2.4001958,56.527725,0.0,33.49002057959923,5.989288758357886
2021-12-18 00:00:00+00:00,-36.07555,-71.75805,162.0,open-meteo_ecmwf_ifs,daily,30.751,11.901,33.69,7.3780847,3.4771707,50.125492,0.0,33.50187998708839,7.032270766060402
2021-12-19 00:00:00+00:00,-36.07555,-71.75805,162.0,open-meteo_ecmwf_ifs,daily,33.701,13.901,33.63,8.190584,3.4358673,45.869022,0.0,33.51089120201111,7.606617846238757
2021-12-20 00:00:00+00:00,-36.07555,-71.75805,162.0,open-meteo_ecmwf_ifs,daily,33.451,14.851,33.69,8.607251,3.6249578,45.73067,0.0,33.51705196053693,7.769646723689593
2021-12-21 00:00:00+00:00,-36.07555,-71.75805,162.0,open-meteo_ecmwf_ifs,daily,32.801,14.201,33.8,6.488501,4.6795106,40.131104,0.0,33.52036026248008,8.303085773797742
2021-12-22 00:00:00+00:00,-36.07555,-71.75805,162.0,open-meteo_ecmwf_ifs,daily,33.351,13.701,33.0,8.334333,3.1145446,42.46351,0.0,33.520814371812676,7.292207217152177
2021-12-23 00:00:00+00:00,-36.07555,-71.75805,162.0,open-meteo_ecmwf_ifs,daily,28.801,13.501,32.73,9.41975,2.606253,50.897186,0.0,33.51841281771702,6.386203630138179
2021-12-24 00:00:00+00:00,-36.07555,-71.75805,162.0,open-meteo_ecmwf_ifs,daily,32.701,14.401,33.59,7.855168,3.9191706,47.01109,0.0,33.513154396177384,7.799687990344155
2021-12-25 00:00:00+00:00,-36.07555,-71.75805,162.0,open-meteo_ecmwf_ifs,daily,32.801,15.301001,32.8,9.228084,3.4155598,42.64548,0.0,33.50503817211345,7.483963761656655
2021-12-26 00:00:00+00:00,-36.07555,-71.75805,162.0,open-meteo_ecmwf_ifs,daily,33.151,16.001,32.19,10.023917,3.3953695,42.311485,0.0,33.494063482060525,7.4732152860239776
2021-12-27 00:00:00+00:00,-36.07555,-71.75805,162.0,open-meteo_ecmwf_ifs,daily,35.151,16.701,32.84,10.053083,3.3030937,42.431004,0.0,33.48022993740388,7.850583110277494
2021-12-28 00:00:00+00:00,-36.07555,-71.75805,162.0,open-meteo_ecmwf_ifs,daily,32.501,16.801,31.44,12.015583,2.962652,49.079075,0.0,33.4635374281771,7.019584116801197
2021-12-29 00:00:00+00:00,-36.07555,-71.75805,162.0,open-meteo_ecmwf_ifs,daily,26.601,14.351,22.18,11.469749,3.4791043,61.59248,0.0,33.44398612743617,5.041781606290789
2021-12-30 00:00:00+00:00,-36.07555,-71.75805,162.0,open-meteo_ecmwf_ifs,daily,29.001,12.801001,33.12,8.594752,4.435918,52.369442,0.0,33.42157649622319,7.0326298598783366
2021-12-31 00:00:00+00:00,-36.07555,-71.75805,162.0,open-meteo_ecmwf_ifs,daily,27.401001,11.451,33.55,3.634333,5.3549747,38.406796,0.0,33.39630928913514,7.50263056407864
2022-01-01 00:00:00+00:00,-36.07555,-71.75805,162.0,open-meteo_ecmwf_ifs,daily,26.601,11.701,31.31,8.134335,3.3241606,56.02943,0.0,33.36818556051461,6.047147867045947
2022-01-02 00:00:00+00:00,-36.07555,-71.75805,162.0,open-meteo_ecmwf_ifs,daily,25.651001,12.401,19.95,10.740585,3.1087112,61.927383,0.70000005,33.33720667128032,4.4023771268469005
2022-01-03 00:00:00+00:00,-36.07555,-71.75805,162.0,open-meteo_ecmwf_ifs,daily,28.601,14.051001,27.13,12.165584,3.2512438,63.301083,0.0,33.30337429641626,5.684639292704037
2022-01-04 00:00:00+00:00,-36.07555,-71.75805,162.0,open-meteo_ecmwf_ifs,daily,28.701,14.601,31.68,11.79475,4.3535743,60.885,0.0,33.266690433138336,6.632025295405741
2022-01-05 00:00:00+00:00,-36.07555,-71.75805,162.0,open-meteo_ecmwf_ifs,daily,31.901001,12.801001,32.23,8.280167,3.7672079,45.485615,0.0,33.22715740975771,7.174942720758943
2022-01-06 00:00:00+00:00,-36.07555,-71.75805,162.0,open-meteo_ecmwf_ifs,daily,32.501,14.001,32.05,10.153083,2.472737,49.73343,0.0,33.18477789525925,6.656278337372716
2022-01-07 00:00:00+00:00,-36.07555,-71.75805,162.0,open-meteo_ecmwf_ifs,daily,36.001,15.901001,31.96,11.930167,3.3186767,51.378204,0.0,33.13955490961335,7.576121738835867
2022-01-08 00:00:00+00:00,-36.07555,-71.75805,162.0,open-meteo_ecmwf_ifs,daily,29.851,17.551,31.63,12.851001,4.2205524,49.842007,0.0,33.091491834837164,7.118046512199275
2022-01-09 00:00:00+00:00,-36.07555,-71.75805,162.0,open-meteo_ecmwf_ifs,daily,30.101,15.651,26.14,11.321834,3.1931074,56.57402,0.0,33.04059242682097,6.060192384114562
2022-01-10 00:00:00+00:00,-36.07555,-71.75805,162.0,open-meteo_ecmwf_ifs,daily,32.551,14.551001,29.66,11.878083,2.2702744,57.519424,0.0,32.98686082793224,6.208852916855262
2022-01-11 00:00:00+00:00,-36.07555,-71.75805,162.0,open-meteo_ecmwf_ifs,daily,34.701,17.401001,31.66,11.342667,2.3019595,47.86064,0.0,32.93030158040827,7.023989764606228
2022-01-12 00:00:00+00:00,-36.07555,-71.75805,162.0,open-meteo_ecmwf_ifs,daily,33.101,16.751,31.24,10.569751,2.4079995,46.54318,0.0,32.870919640545424,6.8383330005114065
2022-01-13 00:00:00+00:00,-36.07555,-71.75805,162.0,open-meteo_ecmwf_ifs,daily,30.851,14.351,29.9,10.761417,2.775942,56.09575,0.0,32.80872039368956,6.310390298672188
2022-01-14 00:00:00+00:00,-36.07555,-71.75805,162.0,open-meteo_ecmwf_ifs,daily,31.901001,13.701,31.97,9.892667,4.05782,53.04898,0.0,32.743709670029254,7.184814834251719
2022-01-15 00:00:00+00:00,-36.07555,-71.75805,162.0,open-meteo_ecmwf_ifs,daily,31.101,15.501,27.89,13.073917,2.7971795,63.56052,0.0,32.675893761189535,6.021337113592257
2022-01-16 00:00:00+00:00,-36.07555,-71.75805,162.0,open-meteo_ecmwf_ifs,daily,27.001,12.901,29.43,6.6635013,3.5268357,45.550976,0.0,32.60527943761953,6.24587227943532
2022-01-17 00:00:00+00:00,-36.07555,-71.75805,162.0,open-meteo_ecmwf_ifs,daily,22.551,11.951,28.34,3.473917,3.788162,47.6598,0.1,32.531873966763854,5.8199955230023015
2022-01-18 00:00:00+00:00,-36.07555,-71.75805,162.0,open-meteo_ecmwf_ifs,daily,24.951,9.401,26.54,-0.50525,4.892216,35.50713,0.0,32.45568513200241,6.432455131205131
2022-01-19 00:00:00+00:00,-36.07555,-71.75805,162.0,open-meteo_ecmwf_ifs,daily,27.451,10.551001,31.75,3.2280836,3.2993991,41.736126,0.0,32.37672125233902,6.419531498502209
2022-01-20 00:00:00+00:00,-36.07555,-71.75805,162.0,open-meteo_ecmwf_ifs,daily,27.501,9.651,32.03,4.28225,2.690936,47.43318,0.0,32.2949912028147,6.016759024132975
2022-01-21 00:00:00+00:00,-36.07555,-71.75805,162.0,open-meteo_ecmwf_ifs,daily,28.951,10.801001,32.05,5.0510006,3.2994282,45.768047,0.0,32.21050443561601,6.516831213820867
2022-01-22 00:00:00+00:00,-36.07555,-71.75805,162.0,open-meteo_ecmwf_ifs,daily,26.751,11.301001,27.58,8.015584,2.704871,55.55861,0.0,32.12327100184453,5.372732460033512
2022-01-23 00:00:00+00:00,-36.07555,-71.75805,162.0,open-meteo_ecmwf_ifs,daily,28.601,11.651,31.62,6.6030846,5.0323744,49.652176,0.0,32.033301573908254,6.994632980157529
2022-01-24 00:00:00+00:00,-36.07555,-71.75805,162.0,open-meteo_ecmwf_ifs,daily,31.251,13.751,31.15,9.436418,5.046907,50.75648,0.0,31.940607468490896,7.366219514178487
2022-01-25 00:00:00+00:00,-36.07555,-71.75805,162.0,open-meteo_ecmwf_ifs,daily,32.351,13.751,30.83,9.955167,2.7109292,50.792297,0.0,31.84520067005027,6.495708315344907
2022-01-26 00:00:00+00:00,-36.07555,-71.75805,162.0,open-meteo_ecmwf_ifs,daily,32.401,13.851,30.52,10.453084,1.8376695,50.965714,0.0,31.747093854791974,6.019468971008874
2022-01-27 00:00:00+00:00,-36.07555,-71.75805,162.0,open-meteo_ecmwf_ifs,daily,32.201,14.701,30.18,11.480168,2.4710066,54.16867,0.0,31.646300415060228,6.279196747420882
2022-01-28 00:00:00+00:00,-36.07555,-71.75805,162.0,open-meteo_ecmwf_ifs,daily,29.351,13.601,26.39,11.5135,2.622462,60.938065,0.0,31.542834484083013,5.4279137528853765
2022-01-29 00:00:00+00:00,-36.07555,-71.75805,162.0,open-meteo_ecmwf_ifs,daily,29.701,13.951,25.67,11.815583,2.7013419,64.67834,0.0,31.436710961004536,5.41752977603597
2022-01-30 00:00:00+00:00,-36.07555,-71.75805,162.0,open-meteo_ecmwf_ifs,daily,28.751,13.401,29.34,9.565583,3.856309,56.57532,0.0,31.327945536133807,6.263568807567121
2022-01-31 00:00:00+00:00,-36.07555,-71.75805,162.0,open-meteo_ecmwf_ifs,daily,30.651001,12.701,30.11,4.8926663,4.151976,39.094055,0.0,31.216554716334677,7.135396888828382
2022-02-01 00:00:00+00:00,-36.07555,-71.75805,162.0,open-meteo_ecmwf_ifs,daily,32.601,14.001,29.56,7.4760013,3.0231683,41.536552,0.0,31.102555850478698,6.691318095453026
2022-02-02 00:00:00+00:00,-36.07555,-71.75805,162.0,open-meteo_ecmwf_ifs,daily,30.451,13.351,29.33,10.015584,2.6955512,54.296646,0.0,30.98596715487948,5.988497893599326
2022-02-03 00:00:00+00:00,-36.07555,-71.75805,162.0,open-meteo_ecmwf_ifs,daily,30.251,12.951,28.62,10.855167,2.1587727,59.30956,0.0,30.866807738623887,5.559880642982475
2022-02-04 00:00:00+00:00,-36.07555,-71.75805,162.0,open-meteo_ecmwf_ifs,daily,30.051,15.551001,26.48,11.805168,2.4137967,56.689793,0.0,30.74509762871319,5.585436018627293
2022-02-05 00:00:00+00:00,-36.07555,-71.75805,162.0,open-meteo_ecmwf_ifs,daily,32.201,13.801001,29.25,7.780168,4.01619,44.408146,0.0,30.620857794925048,7.034142830779055
2022-02-06 00:00:00+00:00,-36.07555,-71.75805,162.0,open-meteo_ecmwf_ifs,daily,35.851,16.751,29.4,6.9447513,2.6306283,34.824337,0.0,30.494110174305437,7.015616864813022
2022-02-07 00:00:00+00:00,-36.07555,-71.75805,162.0,open-meteo_ecmwf_ifs,daily,34.401,15.551001,29.05,8.638501,2.2753465,40.520664,0.0,30.364877695198107,6.396433963625667
2022-02-08 00:00:00+00:00,-36.07555,-71.75805,162.0,open-meteo_ecmwf_ifs,daily,35.151,16.001,29.39,7.9135003,4.5352483,41.218693,0.0,30.233184300718452,8.029014405478518
2022-02-09 00:00:00+00:00,-36.07555,-71.75805,162.0,open-meteo_ecmwf_ifs,daily,32.751,16.601,28.35,9.051002,3.5821822,43.06106,0.0,30.099054971577804,7.011205010838283
2022-02-10 00:00:00+00:00,-36.07555,-71.75805,162.0,open-meteo_ecmwf_ifs,daily,29.801,15.501,23.28,6.09475,2.284069,38.640503,0.0,29.962515748164094,5.440754313596104
2022-02-11 00:00:00+00:00,-36.07555,-71.75805,162.0,open-meteo_ecmwf_ifs,daily,30.951,11.151,29.02,0.19683333,4.262695,27.682146,0.0,29.82359375178519,7.1983138527141195
2022-02-12 00:00:00+00:00,-36.07555,-71.75805,162.0,open-meteo_ecmwf_ifs,daily,35.701,16.151001,28.58,1.6801667,2.168461,25.015436,0.0,29.682317204981594,6.513476346332961
2022-02-13 00:00:00+00:00,-36.07555,-71.75805,162.0,open-meteo_ecmwf_ifs,daily,31.601,14.851,27.96,9.244751,3.556409,48.55916,0.0,29.538715450816458,6.517932437232199
2022-02-14 00:00:00+00:00,-36.07555,-71.75805,162.0,open-meteo_ecmwf_ifs,daily,31.401001,13.201,27.79,10.090583,2.2919946,55.02544,0.0,29.392818971052204,5.60440154885294
2022-02-15 00:00:00+00:00,-36.07555,-71.75805,162.0,open-meteo_ecmwf_ifs,daily,28.751,12.251,27.34,10.055166,2.5831168,58.405605,0.0,29.244659403124988,5.285609216477077
2022-02-16 00:00:00+00:00,-36.07555,-71.75805,162.0,open-meteo_ecmwf_ifs,daily,32.551,12.151,28.04,8.151001,3.7381833,52.87447,0.0,29.09426955583026,6.451326918277872
2022-02-17 00:00:00+00:00,-36.07555,-71.75805,162.0,open-meteo_ecmwf_ifs,daily,33.851,14.001,28.05,6.3676677,3.96008,38.75485,0.0,28.941683423635514,7.141897808800505
2022-02-18 00:00:00+00:00,-36.07555,-71.75805,162.0,open-meteo_ecmwf_ifs,daily,30.351,13.251,27.89,3.8655837,3.7709792,34.153454,0.0,28.786936199539177,6.669343314754944
2022-02-19 00:00:00+00:00,-36.07555,-71.75805,162.0,open-meteo_ecmwf_ifs,daily,29.501,13.901,27.11,7.1447506,3.8339384,42.792072,0.0,28.63006428639772,6.303293344608654
2022-02-20 00:00:00+00:00,-36.07555,-71.75805,162.0,open-meteo_ecmwf_ifs,daily,26.301,14.001,25.4,9.486417,3.414525,56.087997,0.0,28.47110530664709,5.291993162036268
2022-02-21 00:00:00+00:00,-36.07555,-71.75805,162.0,open-meteo_ecmwf_ifs,daily,29.301,13.051001,22.4,7.653084,2.9352608,48.664272,0.0,28.310098110348147,5.220294094068529
2022-02-22 00:00:00+00:00,-36.07555,-71.75805,162.0,open-meteo_ecmwf_ifs,daily,26.651001,13.151,24.35,8.430166,3.6063654,53.81833,0.0,28.14708278149008,5.294717535114403
2022-02-23 00:00:00+00:00,-36.07555,-71.75805,162.0,open-meteo_ecmwf_ifs,daily,22.751,13.651,18.42,10.4885,3.9902556,64.81414,7.0000005,27.98210064249061,4.062752043155173
2022-02-24 00:00:00+00:00,-36.07555,-71.75805,162.0,open-meteo_ecmwf_ifs,daily,26.351,12.851,21.04,10.40725,3.5528128,68.28689,1.6,27.815194256836083,4.601884323983304
2022-02-25 00:00:00+00:00,-36.07555,-71.75805,162.0,open-meteo_ecmwf_ifs,daily,27.501,12.101,25.19,10.078084,2.9294126,64.11918,0.0,27.64640742980992,4.904189387832302
2022-02-26 00:00:00+00:00,-36.07555,-71.75805,162.0,open-meteo_ecmwf_ifs,daily,26.651001,11.401,25.22,10.244751,2.1658854,64.01635,0.0,27.475785207262938,4.4790747387147105
2022-02-27 00:00:00+00:00,-36.07555,-71.75805,162.0,open-meteo_ecmwf_ifs,daily,24.951,12.001,26.14,8.573917,4.4553866,58.643085,0.0,27.30337387238463,5.220810830401379
2022-02-28 00:00:00+00:00,-36.07555,-71.75805,162.0,open-meteo_ecmwf_ifs,daily,26.451,10.951,26.5,4.784333,7.403127,45.683258,0.0,27.129220940439794,6.7227618918027865
2022-03-01 00:00:00+00:00,-36.07555,-71.75805,162.0,open-meteo_ecmwf_ifs,daily,27.701,11.251,25.05,5.7343335,6.6410365,46.265457,0.0,26.953375151440913,6.533316361328049
2022-03-02 00:00:00+00:00,-36.07555,-71.75805,162.0,open-meteo_ecmwf_ifs,daily,32.601,15.151,24.65,10.642666,5.576803,51.161274,0.0,26.775886460732384,6.9003401486543225
2022-03-03 00:00:00+00:00,-36.07555,-71.75805,162.0,open-meteo_ecmwf_ifs,daily,29.351,15.151,24.09,12.15725,3.1983097,55.01155,0.0,26.59680602746883,5.188323606139677
2022-03-04 00:00:00+00:00,-36.07555,-71.75805,162.0,open-meteo_ecmwf_ifs,daily,27.301,14.451,24.69,10.198918,3.7426481,57.585155,0.0,26.4161862009753,5.303761133554525
2022-03-05 00:00:00+00:00,-36.07555,-71.75805,162.0,open-meteo_ecmwf_ifs,daily,26.951,11.101,25.5,2.5218337,4.5853353,39.820385,0.0,26.23408050498401,6.060945607433161
2022-03-06 00:00:00+00:00,-36.07555,-71.75805,162.0,open-meteo_ecmwf_ifs,daily,23.951,13.451,20.17,6.1010013,3.3824136,49.18695,0.0,26.050543619747593,4.666456597614421
2022-03-07 00:00:00+00:00,-36.07555,-71.75805,162.0,open-meteo_ecmwf_ifs,daily,26.801,11.901,24.76,8.296834,2.9913542,58.317303,0.0,25.865631362035565,4.827798455651213
2022-03-08 00:00:00+00:00,-36.07555,-71.75805,162.0,open-meteo_ecmwf_ifs,daily,25.151001,10.151,24.07,8.161417,2.458318,61.45168,0.0,25.679400663026495,4.214532784048187
2022-03-09 00:00:00+00:00,-36.07555,-71.75805,162.0,open-meteo_ecmwf_ifs,daily,26.701,13.251,20.38,7.0009995,5.418642,54.33961,0.0,25.491909544114634,5.667907466988653
2022-03-10 00:00:00+00:00,-36.07555,-71.75805,162.0,open-meteo_ecmwf_ifs,daily,27.901001,10.301001,23.82,5.7864165,5.909767,48.807697,0.0,25.303217090655632,5.967158663543495
2022-03-11 00:00:00+00:00,-36.07555,-71.75805,162.0,open-meteo_ecmwf_ifs,daily,31.551,10.301001,23.35,8.501,2.1181364,57.22234,0.0,25.113383423682034,4.546830431538366
2022-03-12 00:00:00+00:00,-36.07555,-71.75805,162.0,open-meteo_ecmwf_ifs,daily,30.101,13.001,22.97,9.18225,2.4211287,50.966827,0.0,24.922469669625215,4.723655811246533
2022-03-13 00:00:00+00:00,-36.07555,-71.75805,162.0,open-meteo_ecmwf_ifs,daily,34.501,12.851,22.65,9.5635,3.199688,55.623577,0.0,24.730537928085806,5.500011369051439
2022-03-14 00:00:00+00:00,-36.07555,-71.75805,162.0,open-meteo_ecmwf_ifs,daily,32.451,12.601,22.73,9.207251,3.4577744,50.272846,0.0,24.537651237700626,5.395580773003945
2022-03-15 00:00:00+00:00,-36.07555,-71.75805,162.0,open-meteo_ecmwf_ifs,daily,30.401001,13.651,22.25,10.415585,2.6624868,52.06062,0.0,24.343873540159517,4.726538956544549
2022-03-16 00:00:00+00:00,-36.07555,-71.75805,162.0,open-meteo_ecmwf_ifs,daily,27.251,13.701,20.65,12.061417,2.0895271,63.362503,0.0,24.149269642430585,3.885459046192228
2022-03-17 00:00:00+00:00,-36.07555,-71.75805,162.0,open-meteo_ecmwf_ifs,daily,24.901001,11.401,21.86,8.76975,3.938879,62.39539,0.0,23.95390517725754,4.383851390128686
2022-03-18 00:00:00+00:00,-36.07555,-71.75805,162.0,open-meteo_ecmwf_ifs,daily,26.851,8.201,22.74,1.8780832,3.833208,42.8329,0.0,23.75784656199807,5.008651738145295
2022-03-19 00:00:00+00:00,-36.07555,-71.75805,162.0,open-meteo_ecmwf_ifs,daily,29.651001,12.751,19.84,2.9635,2.8887832,38.934956,0.0,23.561160955876115,4.950484437480229
2022-03-20 00:00:00+00:00,-36.07555,-71.75805,162.0,open-meteo_ecmwf_ifs,daily,25.401001,12.251,15.16,2.6885002,2.9503143,37.95595,0.0,23.36391621572624,4.224974006678184
2022-03-21 00:00:00+00:00,-36.07555,-71.75805,162.0,open-meteo_ecmwf_ifs,daily,23.451,13.901,19.64,8.71975,2.5700989,60.756363,1.1,23.166180850311783,3.8360224108485212
2022-03-22 00:00:00+00:00,-36.07555,-71.75805,162.0,open-meteo_ecmwf_ifs,daily,25.001,9.651,21.68,7.3343334,4.2293944,59.38118,0.0,22.968023973302923,4.353639996078207
2022-03-23 00:00:00+00:00,-36.07555,-71.75805,162.0,open-meteo_ecmwf_ifs,daily,18.151001,10.151,12.51,6.728084,2.978983,67.078735,4.4999995,22.769515255004226,2.671949055227841
2022-03-24 00:00:00+00:00,-36.07555,-71.75805,162.0,open-meteo_ecmwf_ifs,daily,21.801,7.5010004,21.36,3.3239167,6.994606,51.795948,0.0,22.57072487292476,4.769240325172803
2022-03-25 00:00:00+00:00,-36.07555,-71.75805,162.0,open-meteo_ecmwf_ifs,daily,28.001,7.051,21.13,6.686418,2.5225265,60.25795,0.0,22.37172346128701,3.811289974997117
2022-03-26 00:00:00+00:00,-36.07555,-71.75805,162.0,open-meteo_ecmwf_ifs,daily,23.701,9.301001,18.65,7.792667,3.2231846,61.397205,0.0,22.172582059573642,3.528589232966494
2022-03-27 00:00:00+00:00,-36.07555,-71.75805,162.0,open-meteo_ecmwf_ifs,daily,24.501,9.551001,20.06,8.740582,3.7611217,69.363495,0.0,21.97337206021381,3.7589258836230828
2022-03-28 00:00:00+00:00,-36.07555,-71.75805,162.0,open-meteo_ecmwf_ifs,daily,22.351,8.151,20.07,6.6197495,3.3338606,62.290462,0.0,21.774165155512794,3.480640830338561
2022-03-29 00:00:00+00:00,-36.07555,-71.75805,162.0,open-meteo_ecmwf_ifs,daily,19.251,11.001,20.05,4.730167,5.429323,58.268692,0.0,21.575033283931017,4.213786767908864
2022-03-30 00:00:00+00:00,-36.07555,-71.75805,162.0,open-meteo_ecmwf_ifs,daily,22.501,6.651,20.08,-0.013583343,6.9916377,42.285927,0.0,21.3760485758197,5.152765034628112
2022-03-31 00:00:00+00:00,-36.07555,-71.75805,162.0,open-meteo_ecmwf_ifs,daily,25.351,5.3510003,19.85,3.5905826,3.6828115,57.45415,0.0,21.177283298722234,3.883955261621919
2022-04-01 00:00:00+00:00,-36.07555,-71.75805,162.0,open-meteo_ecmwf_ifs,daily,26.251,8.101,18.89,6.0864167,3.2169964,60.386288,0.0,20.978809802351034,3.788356263787102
2022-04-02 00:00:00+00:00,-36.07555,-71.75805,162.0,open-meteo_ecmwf_ifs,daily,24.551,11.101,17.72,9.117668,3.8032005,65.52101,0.0,20.78070046335055,3.672124046511132
2022-04-03 00:00:00+00:00,-36.07555,-71.75805,162.0,open-meteo_ecmwf_ifs,daily,20.451,7.651,19.41,4.7155814,5.5643744,58.299576,2.2,20.5830276299574,3.808512889843772
2022-04-04 00:00:00+00:00,-36.07555,-71.75805,162.0,open-meteo_ecmwf_ifs,daily,24.501,5.901,18.96,2.3676667,4.740646,51.213287,0.0,20.385863566668853,4.230589956777248
2022-04-05 00:00:00+00:00,-36.07555,-71.75805,162.0,open-meteo_ecmwf_ifs,daily,25.901001,7.301,18.45,6.9176674,2.7260504,64.89587,0.0,20.189280399030558,3.312581799444059
2022-04-06 00:00:00+00:00,-36.07555,-71.75805,162.0,open-meteo_ecmwf_ifs,daily,25.751,10.901,17.53,9.478084,3.3568316,65.92583,0.0,19.993350058653956,3.5356333787984284
2022-04-07 00:00:00+00:00,-36.07555,-71.75805,162.0,open-meteo_ecmwf_ifs,daily,25.451,10.251,17.45,9.323918,3.5355294,63.8234,0.0,19.798144228573072,3.4753218375499286
2022-04-08 00:00:00+00:00,-36.07555,-71.75805,162.0,open-meteo_ecmwf_ifs,daily,24.651001,11.651,15.49,10.961417,2.8067453,73.79509,0.0,19.603734289049314,2.9707734695558545
2022-04-09 00:00:00+00:00,-36.07555,-71.75805,162.0,open-meteo_ecmwf_ifs,daily,21.801,10.601,14.77,8.776,2.242587,70.96698,0.0,19.410191263931335,2.6061391604313604
2022-04-10 00:00:00+00:00,-36.07555,-71.75805,162.0,open-meteo_ecmwf_ifs,daily,18.551,10.851,12.72,6.9134994,2.784376,64.05569,1.0,19.217585767675708,2.541333557898976
2022-04-11 00:00:00+00:00,-36.07555,-71.75805,162.0,open-meteo_ecmwf_ifs,daily,19.151001,5.651,16.3,3.5030842,3.8729877,64.76018,0.0,19.02598795313194,2.92252910528697
2022-04-12 00:00:00+00:00,-36.07555,-71.75805,162.0,open-meteo_ecmwf_ifs,daily,19.951,8.501,15.39,3.9405832,5.5786347,56.66855,0.0,18.83546746019329,3.6929360502495556
2022-04-13 00:00:00+00:00,-36.07555,-71.75805,162.0,open-meteo_ecmwf_ifs,daily,22.851,6.0010004,17.15,2.6760004,4.7177944,53.26428,0.0,18.646093365412458,3.758144347248623
2022-04-14 00:00:00+00:00,-36.07555,-71.75805,162.0,open-meteo_ecmwf_ifs,daily,24.201,6.701,15.53,6.9176674,1.9450017,70.20644,0.0,18.457934132678428,2.5065097520130744
2022-04-15 00:00:00+00:00,-36.07555,-71.75805,162.0,open-meteo_ecmwf_ifs,daily,18.201,9.051001,10.97,8.094752,1.8852309,74.285,0.0,18.271057565047805,1.8426005301484083
2022-04-16 00:00:00+00:00,-36.07555,-71.75805,162.0,open-meteo_ecmwf_ifs,daily,20.901001,8.151,13.89,8.288501,2.3386643,76.18714,0.0,18.085530757820937,2.2317271274094326
2022-04-17 00:00:00+00:00,-36.07555,-71.75805,162.0,open-meteo_ecmwf_ifs,daily,22.801,6.5010004,15.16,8.105168,1.6318539,72.7945,0.0,17.901420052949565,2.146334267105306
2022-04-18 00:00:00+00:00,-36.07555,-71.75805,162.0,open-meteo_ecmwf_ifs,daily,20.701,8.801001,11.81,9.178084,2.2803314,81.10609,0.0,17.71879099485927,2.0151530748489868
2022-04-19 00:00:00+00:00,-36.07555,-71.75805,162.0,open-meteo_ecmwf_ifs,daily,20.651001,8.201,9.87,9.778084,2.391578,82.67151,7.2,17.537708287766065,1.7823476691409932
2022-04-20 00:00:00+00:00,-36.07555,-71.75805,162.0,open-meteo_ecmwf_ifs,daily,18.301,9.901,14.6,8.884334,2.7564518,77.02207,3.4,17.358235754562568,2.1511996971653855
2022-04-21 00:00:00+00:00,-36.07555,-71.75805,162.0,open-meteo_ecmwf_ifs,daily,11.951,7.0010004,2.35,5.4760003,2.6638348,77.7509,10.1,17.180436297344887,1.1164405095821321
2022-04-22 00:00:00+00:00,-36.07555,-71.75805,162.0,open-meteo_ecmwf_ifs,daily,14.001,9.101,1.83,9.715584,4.692511,91.25299,26.199999,17.0043718596471,0.9021071625808414
2022-04-23 00:00:00+00:00,-36.07555,-71.75805,162.0,open-meteo_ecmwf_ifs,daily,13.501,10.251,2.6,11.198917,3.8842466,96.26651,13.200001,16.830103390445597,0.6388914974581344
2022-04-24 00:00:00+00:00,-36.07555,-71.75805,162.0,open-meteo_ecmwf_ifs,daily,14.001,12.801001,0.94,12.286416,7.0275474,93.05308,24.499998,16.65769080999082,0.7441859408154554
2022-04-25 00:00:00+00:00,-36.07555,-71.75805,162.0,open-meteo_ecmwf_ifs,daily,13.101,9.501,2.49,10.159334,2.3853648,93.50344,3.3,16.48719297751918,0.7044351238872002
2022-04-26 00:00:00+00:00,-36.07555,-71.75805,162.0,open-meteo_ecmwf_ifs,daily,12.701,8.501,1.43,9.978085,5.890274,90.04697,32.8,16.318667660892945,0.5347583381789525
2022-04-27 00:00:00+00:00,-36.07555,-71.75805,162.0,open-meteo_ecmwf_ifs,daily,13.101,7.551,7.01,7.5551667,4.6068687,88.11799,6.9,16.152171508210685,1.2724061854890258
2022-04-28 00:00:00+00:00,-36.07555,-71.75805,162.0,open-meteo_ecmwf_ifs,daily,15.251,6.0010004,13.75,6.1676674,3.8404624,81.48769,0.1,15.987760021425702,1.7907787639618076
2022-04-29 00:00:00+00:00,-36.07555,-71.75805,162.0,open-meteo_ecmwf_ifs,daily,16.351,2.151,13.69,3.7259998,3.752473,76.1098,0.0,15.825487532004558,1.8309670624675065
2022-04-30 00:00:00+00:00,-36.07555,-71.75805,162.0,open-meteo_ecmwf_ifs,daily,14.901,4.8510003,11.82,5.696834,2.7332752,83.04034,0.0,15.665407178652305,1.489143120858107
2022-05-01 00:00:00+00:00,-36.07555,-71.75805,162.0,open-meteo_ecmwf_ifs,daily,15.551001,4.901,12.26,6.0551662,3.3893793,82.36294,0.0,15.507570887125565,1.5845368346623692
2022-05-02 00:00:00+00:00,-36.07555,-71.75805,162.0,open-meteo_ecmwf_ifs,daily,16.601,7.1010003,12.55,7.3030834,3.775253,82.67809,0.0,15.352029352148971,1.790039271842614
2022-05-03 00:00:00+00:00,-36.07555,-71.75805,162.0,open-meteo_ecmwf_ifs,daily,19.551,5.551,12.77,7.8405843,3.7537518,82.17557,0.0,15.198832021444753,1.8555101086225905
2022-05-04 00:00:00+00:00,-36.07555,-71.75805,162.0,open-meteo_ecmwf_ifs,daily,16.451,6.0010004,11.13,8.703084,2.501686,85.51892,0.0,15.048027081879638,1.253493238596445
2022-05-05 00:00:00+00:00,-36.07555,-71.75805,162.0,open-meteo_ecmwf_ifs,daily,13.151,7.451,4.6,8.976,1.5023327,92.881325,0.0,14.89966144772741,0.7565692732928784
2022-05-06 00:00:00+00:00,-36.07555,-71.75805,162.0,open-meteo_ecmwf_ifs,daily,18.501,6.901,12.69,8.944751,3.1524706,87.25046,0.0,14.753780751039573,1.599063440972562
2022-05-07 00:00:00+00:00,-36.07555,-71.75805,162.0,open-meteo_ecmwf_ifs,daily,15.651,7.551,10.18,8.709333,2.6758153,88.89294,0.0,14.610429334110822,1.265785879688194
2022-05-08 00:00:00+00:00,-36.07555,-71.75805,162.0,open-meteo_ecmwf_ifs,daily,13.201,7.551,6.38,8.2635,1.8514156,91.22559,0.0,14.469650244020226,0.9125554321385648
2022-05-09 00:00:00+00:00,-36.07555,-71.75805,162.0,open-meteo_ecmwf_ifs,daily,16.851,8.401,7.14,9.909335,1.876973,91.41804,0.0,14.331485229222977,1.0796693150554066
2022-05-10 00:00:00+00:00,-36.07555,-71.75805,162.0,open-meteo_ecmwf_ifs,daily,16.401001,9.401,8.12,9.967668,2.2543495,88.971504,0.2,14.195974738161995,1.1850319327120484
2022-05-11 00:00:00+00:00,-36.07555,-71.75805,162.0,open-meteo_ecmwf_ifs,daily,17.101,7.201,7.56,9.705168,1.6582488,88.37321,0.0,14.06315791986258,1.013776340408928
2022-05-12 00:00:00+00:00,-36.07555,-71.75805,162.0,open-meteo_ecmwf_ifs,daily,12.951,9.701,1.18,8.921834,1.8166384,89.60825,24.599998,13.9330726264679,0.7649746696960785
2022-05-13 00:00:00+00:00,-36.07555,-71.75805,162.0,open-meteo_ecmwf_ifs,daily,16.051,6.801,11.15,7.8551674,3.6717966,86.44003,0.0,13.805755417666933,1.4199437277228906
2022-05-14 00:00:00+00:00,-36.07555,-71.75805,162.0,open-meteo_ecmwf_ifs,daily,11.801001,4.151,4.82,3.3343337,2.8854344,75.3203,0.0,13.681241566961397,1.1754505448876629
2022-05-15 00:00:00+00:00,-36.07555,-71.75805,162.0,open-meteo_ecmwf_ifs,daily,16.651001,3.501,10.52,5.0655828,1.2102228,83.89558,0.0,13.559565069712148,1.0981889944683205
2022-05-16 00:00:00+00:00,-36.07555,-71.75805,162.0,open-meteo_ecmwf_ifs,daily,15.251,3.001,10.04,5.307251,1.2776408,80.80464,0.0,13.440758652900527,0.9895937019452679
2022-05-17 00:00:00+00:00,-36.07555,-71.75805,162.0,open-meteo_ecmwf_ifs,daily,13.051001,1.951,9.76,4.540584,1.604053,88.28711,0.0,13.324853786534561,0.8977353343690988
2022-05-18 00:00:00+00:00,-36.07555,-71.75805,162.0,open-meteo_ecmwf_ifs,daily,12.451,3.451,5.82,5.7405834,1.8012018,93.695564,0.0,13.211880696624863,0.7699451925450632
2022-05-19 00:00:00+00:00,-36.07555,-71.75805,162.0,open-meteo_ecmwf_ifs,daily,15.601,5.6010003,5.3,7.626001,4.280096,84.7074,0.4,13.101868379650254,1.1435593550711303
2022-05-20 00:00:00+00:00,-36.07555,-71.75805,162.0,open-meteo_ecmwf_ifs,daily,15.801001,9.851,8.8,9.0885,3.2956839,80.1655,26.600002,12.994844618428031,1.3567684107690137
2022-05-21 00:00:00+00:00,-36.07555,-71.75805,162.0,open-meteo_ecmwf_ifs,daily,15.351,5.151,10.03,6.553084,2.821249,84.23556,0.0,12.890835999299556,1.1836913212668392
2022-05-22 00:00:00+00:00,-36.07555,-71.75805,162.0,open-meteo_ecmwf_ifs,daily,10.351,7.6010003,0.71,7.3468337,3.4841287,88.850945,25.5,12.789867930537339,0.6773338296650941
2022-05-23 00:00:00+00:00,-36.07555,-71.75805,162.0,open-meteo_ecmwf_ifs,daily,10.901,9.251,0.58,8.303084,3.7665608,89.63425,32.699997,12.69196466187576,0.7393261877773005
2022-05-24 00:00:00+00:00,-36.07555,-71.75805,162.0,open-meteo_ecmwf_ifs,daily,11.951,4.7510004,4.07,7.092668,1.5374476,91.30319,5.8,12.597149305063722,0.6079990119732337
2022-05-25 00:00:00+00:00,-36.07555,-71.75805,162.0,open-meteo_ecmwf_ifs,daily,13.351,4.801,10.58,6.1384997,3.7890127,84.511116,2.1999998,12.50544385533427,1.0803131536504085
2022-05-26 00:00:00+00:00,-36.07555,-71.75805,162.0,open-meteo_ecmwf_ifs,daily,9.651,3.651,7.49,4.005167,2.2934532,89.26944,0.0,12.416869213682778,0.7936354073352212
2022-05-27 00:00:00+00:00,-36.07555,-71.75805,162.0,open-meteo_ecmwf_ifs,daily,8.751,1.7509999,6.21,3.3885002,1.9891781,92.11123,0.0,12.331445209842643,0.6329152436945324
2022-05-28 00:00:00+00:00,-36.07555,-71.75805,162.0,open-meteo_ecmwf_ifs,daily,8.351,0.7509999,7.11,1.7634999,2.5098479,90.13186,0.0,12.249190625845157,0.7458302010203992
2022-05-29 00:00:00+00:00,-36.07555,-71.75805,162.0,open-meteo_ecmwf_ifs,daily,8.351,-2.499,10.76,-0.29483345,2.5585191,86.27305,0.0,12.170123220047914,0.7586822784870996
2022-05-30 00:00:00+00:00,-36.07555,-71.75805,162.0,open-meteo_ecmwf_ifs,daily,7.301,-3.549,9.76,-0.82400006,1.7109648,88.052284,0.0,12.094259751514848,0.6115486306687234
2022-05-31 00:00:00+00:00,-36.07555,-71.75805,162.0,open-meteo_ecmwf_ifs,daily,3.151,-2.9490001,7.21,-1.484417,1.6235858,93.5246,0.0,12.021616004629552,0.4699390954588122
2022-06-01 00:00:00+00:00,-36.07555,-71.75805,162.0,open-meteo_ecmwf_ifs,daily,7.0010004,-3.849,9.09,-2.6656663,1.1807982,85.85279,0.0,11.95220681382314,0.6202405765215971
2022-06-02 00:00:00+00:00,-36.07555,-71.75805,162.0,open-meteo_ecmwf_ifs,daily,13.701,-1.049,9.39,1.8176669,3.0618865,77.49955,0.3,11.88604608829744,1.0466579307026693
2022-06-03 00:00:00+00:00,-36.07555,-71.75805,162.0,open-meteo_ecmwf_ifs,daily,10.151,6.951,0.95,6.8135,5.5963535,87.15812,34.8,11.823146836624794,0.7589658035328031
2022-06-04 00:00:00+00:00,-36.07555,-71.75805,162.0,open-meteo_ecmwf_ifs,daily,11.751,9.951,1.02,8.534334,5.2951794,86.34473,27.800001,11.763521191106538,0.9670890262500883
2022-06-05 00:00:00+00:00,-36.07555,-71.75805,162.0,open-meteo_ecmwf_ifs,daily,15.551001,9.551001,4.89,8.346835,4.086879,78.382256,5.6999993,11.707180431773345,1.3927846886060826
2022-06-06 00:00:00+00:00,-36.07555,-71.75805,162.0,open-meteo_ecmwf_ifs,daily,15.101,8.001,7.51,8.751,2.033816,87.240715,0.0,11.654135009912755,0.8860840534577528
2022-06-07 00:00:00+00:00,-36.07555,-71.75805,162.0,open-meteo_ecmwf_ifs,daily,15.051001,4.6010003,9.08,7.467667,1.3157043,85.391624,0.0,11.604394571011357,0.726719470089172
2022-06-08 00:00:00+00:00,-36.07555,-71.75805,162.0,open-meteo_ecmwf_ifs,daily,13.101,7.901,5.75,8.557251,1.58591,91.65341,0.1,11.557967977002177,0.6982041386762334
2022-06-09 00:00:00+00:00,-36.07555,-71.75805,162.0,open-meteo_ecmwf_ifs,daily,14.801001,5.551,9.46,6.751001,3.5452101,86.24823,0.0,11.514863327711032,1.0858792344159107
2022-06-10 00:00:00+00:00,-36.07555,-71.75805,162.0,open-meteo_ecmwf_ifs,daily,14.251,-0.849,10.3,2.6468337,2.1959653,80.83936,0.0,11.475087981399868,0.8542607841456293
2022-06-11 00:00:00+00:00,-36.07555,-71.75805,162.0,open-meteo_ecmwf_ifs,daily,13.051001,1.051,9.14,3.461417,1.5072361,88.522125,0.0,11.438648574309193,0.7293085122859496
2022-06-12 00:00:00+00:00,-36.07555,-71.75805,162.0,open-meteo_ecmwf_ifs,daily,10.301001,2.651,5.58,5.226,1.550828,92.36585,0.0,11.405551039107118,0.5281414091170835
2022-06-13 00:00:00+00:00,-36.07555,-71.75805,162.0,open-meteo_ecmwf_ifs,daily,10.401,4.7510004,6.3,5.4614167,1.3068826,91.10626,0.0,11.375800622157493,0.6110355005336979
2022-06-14 00:00:00+00:00,-36.07555,-71.75805,162.0,open-meteo_ecmwf_ifs,daily,12.101,5.051,4.15,6.0801673,2.764397,89.082886,5.2999997,11.349401899525892,0.7820428390257634
2022-06-15 00:00:00+00:00,-36.07555,-71.75805,162.0,open-meteo_ecmwf_ifs,daily,13.351,6.8510003,8.97,7.06975,1.3701134,85.84327,14.400002,11.32635879164836,0.7540259147622401
2022-06-16 00:00:00+00:00,-36.07555,-71.75805,162.0,open-meteo_ecmwf_ifs,daily,9.651,4.3510003,6.18,5.3697505,1.9184971,94.73724,0.0,11.306674576594556,0.585418014699367
2022-06-17 00:00:00+00:00,-36.07555,-71.75805,162.0,open-meteo_ecmwf_ifs,daily,14.101,2.151,9.07,4.3551664,2.325194,87.789185,0.0,11.290351901864103,0.8783543776225804
2022-06-18 00:00:00+00:00,-36.07555,-71.75805,162.0,open-meteo_ecmwf_ifs,daily,11.101,3.951,6.66,5.484333,2.3813217,88.60206,0.0,11.277392794662271,0.668226376310613
2022-06-19 00:00:00+00:00,-36.07555,-71.75805,162.0,open-meteo_ecmwf_ifs,daily,10.101,4.201,2.93,5.3260007,1.1945909,91.11022,0.0,11.267798670609043,0.555715617683312
2022-06-20 00:00:00+00:00,-36.07555,-71.75805,162.0,open-meteo_ecmwf_ifs,daily,10.251,4.901,3.07,6.0489173,1.3987595,95.3467,0.0,11.261570340843303,0.5501174209809367
2022-06-21 00:00:00+00:00,-36.07555,-71.75805,162.0,open-meteo_ecmwf_ifs,daily,13.701,5.301,8.52,5.8947506,1.770855,83.60134,0.0,11.258708017492333,0.8273219376413725
2022-06-22 00:00:00+00:00,-36.07555,-71.75805,162.0,open-meteo_ecmwf_ifs,daily,11.001,4.201,2.57,4.9718337,2.353584,83.0281,2.2,11.259211317484986,0.7348880194963147
2022-06-23 00:00:00+00:00,-36.07555,-71.75805,162.0,open-meteo_ecmwf_ifs,daily,11.251,7.1010003,1.92,6.550999,6.906426,82.61597,22.1,11.263079264695396,1.0698164559041972
2022-06-24 00:00:00+00:00,-36.07555,-71.75805,162.0,open-meteo_ecmwf_ifs,daily,13.951,8.051001,9.18,6.95725,3.2980897,81.41805,6.1999993,11.270310290412631,1.1639851428396206
2022-06-25 00:00:00+00:00,-36.07555,-71.75805,162.0,open-meteo_ecmwf_ifs,daily,11.151,3.701,4.29,3.8947504,1.711456,81.84712,0.1,11.280902232140207,0.7577584789345264
2022-06-26 00:00:00+00:00,-36.07555,-71.75805,162.0,open-meteo_ecmwf_ifs,daily,13.201,2.251,5.17,5.532251,2.461774,92.424095,1.0,11.294852330737816,0.6949863817347038
2022-06-27 00:00:00+00:00,-36.07555,-71.75805,162.0,open-meteo_ecmwf_ifs,daily,12.151,2.701,7.5,5.5426674,1.3520612,93.985756,2.1999998,11.312157225926171,0.5926280159198843
2022-06-28 00:00:00+00:00,-36.07555,-71.75805,162.0,open-meteo_ecmwf_ifs,daily,11.801001,7.2510004,2.26,6.9614177,3.5556548,84.796684,0.3,11.332812950183955,0.8737794919304067
2022-06-29 00:00:00+00:00,-36.07555,-71.75805,162.0,open-meteo_ecmwf_ifs,daily,12.501,8.451,2.63,8.232251,3.8405864,88.567955,18.0,11.356814921074179,0.8596113569072305
2022-06-30 00:00:00+00:00,-36.07555,-71.75805,162.0,open-meteo_ecmwf_ifs,daily,8.301001,3.501,1.99,4.684333,2.0283003,93.20782,1.8,11.384157932044886,0.5068653842351962
2022-07-01 00:00:00+00:00,-36.07555,-71.75805,162.0,open-meteo_ecmwf_ifs,daily,11.151,7.0010004,6.14,6.255167,4.8215194,86.963776,51.499996,11.414836141756966,1.014775463928259
2022-07-02 00:00:00+00:00,-36.07555,-71.75805,162.0,open-meteo_ecmwf_ifs,daily,11.401,2.701,8.38,4.2905836,3.748249,84.88577,7.5,11.448843061998936,0.8608205636337309
2022-07-03 00:00:00+00:00,-36.07555,-71.75805,162.0,open-meteo_ecmwf_ifs,daily,11.701,1.451,8.41,4.178084,2.3686197,83.2109,4.7,11.486171544255617,0.7032344358302669
2022-07-04 00:00:00+00:00,-36.07555,-71.75805,162.0,open-meteo_ecmwf_ifs,daily,12.301001,4.901,7.73,5.4364166,3.1597526,85.415405,6.2000003,11.526813765004155,0.9380551995902895
2022-07-05 00:00:00+00:00,-36.07555,-71.75805,162.0,open-meteo_ecmwf_ifs,daily,9.801001,4.5010004,3.17,5.198917,2.9716606,88.520386,0.0,11.570761209816999,0.6788292668312796
2022-07-06 00:00:00+00:00,-36.07555,-71.75805,162.0,open-meteo_ecmwf_ifs,daily,9.601,5.6010003,5.87,5.14475,5.0332437,81.403694,21.400002,11.618004656357021,0.9009478230498301
2022-07-07 00:00:00+00:00,-36.07555,-71.75805,162.0,open-meteo_ecmwf_ifs,daily,11.851,-0.249,9.86,2.7822504,2.58593,85.923035,0.0,11.668534156355456,0.7850322891916953
2022-07-08 00:00:00+00:00,-36.07555,-71.75805,162.0,open-meteo_ecmwf_ifs,daily,12.551001,0.0010000169,9.05,3.1259997,2.765525,87.62197,0.0,11.722339016667867,0.8348094949975096
2022-07-09 00:00:00+00:00,-36.07555,-71.75805,162.0,open-meteo_ecmwf_ifs,daily,9.601,7.7510004,0.76,6.0051665,7.508985,82.28556,37.299995,11.77940777950765,1.089773477174436
2022-07-10 00:00:00+00:00,-36.07555,-71.75805,162.0,open-meteo_ecmwf_ifs,daily,10.151,5.951,4.89,5.605167,4.3571115,87.28787,13.9000025,11.839728201960423,0.8852950548552416
2022-07-11 00:00:00+00:00,-36.07555,-71.75805,162.0,open-meteo_ecmwf_ifs,daily,10.301001,1.551,7.46,3.3968337,2.2307851,89.465034,2.6,11.903287234885772,0.7180941234709876
2022-07-12 00:00:00+00:00,-36.07555,-71.75805,162.0,open-meteo_ecmwf_ifs,daily,8.201,5.951,0.98,5.7405834,2.769214,91.902245,5.9999995,11.970071001315455,0.5628823710750857
2022-07-13 00:00:00+00:00,-36.07555,-71.75805,162.0,open-meteo_ecmwf_ifs,daily,8.801001,2.951,1.36,6.6593337,3.2928298,93.891,63.7,12.04006477445958,0.1690691531708034
2022-07-14 00:00:00+00:00,-36.07555,-71.75805,162.0,open-meteo_ecmwf_ifs,daily,8.551001,1.101,6.12,2.3280833,2.8841498,89.81011,24.700003,12.113252955433603,0.7283932607214773
2022-07-15 00:00:00+00:00,-36.07555,-71.75805,162.0,open-meteo_ecmwf_ifs,daily,6.401,1.701,3.29,2.3759997,2.657409,88.94382,6.2000003,12.189619050820331,0.5718167887973911
2022-07-16 00:00:00+00:00,-36.07555,-71.75805,162.0,open-meteo_ecmwf_ifs,daily,9.901,1.201,7.2,3.0551665,2.7701538,86.757454,1.6000001,12.26914565018171,0.7604536186606369
2022-07-17 00:00:00+00:00,-36.07555,-71.75805,162.0,open-meteo_ecmwf_ifs,daily,7.201,5.801,1.23,4.7593336,4.456453,88.5711,20.100002,12.351814403635155,0.6789744128104687
2022-07-18 00:00:00+00:00,-36.07555,-71.75805,162.0,open-meteo_ecmwf_ifs,daily,12.701,3.851,10.16,5.0134997,2.6902907,87.60113,1.0,12.437605999609026,0.9897218468214541
2022-07-19 00:00:00+00:00,-36.07555,-71.75805,162.0,open-meteo_ecmwf_ifs,daily,12.701,0.7509999,11.57,2.9551668,2.9296017,86.30517,0.0,12.526500142890944,1.0327853330584749
2022-07-20 00:00:00+00:00,-36.07555,-71.75805,162.0,open-meteo_ecmwf_ifs,daily,14.451,1.8510001,9.85,4.53225,2.766755,87.59063,0.0,12.61847553308122,1.047868709254426
2022-07-21 00:00:00+00:00,-36.07555,-71.75805,162.0,open-meteo_ecmwf_ifs,daily,14.151,4.301,8.59,7.2114167,2.5117362,91.79839,0.0,12.713509843562333,0.8518916576927459
2022-07-22 00:00:00+00:00,-36.07555,-71.75805,162.0,open-meteo_ecmwf_ifs,daily,16.151001,5.701,10.56,8.319751,2.3645806,87.830605,0.0,12.81157970109291,1.0308923512870904
2022-07-23 00:00:00+00:00,-36.07555,-71.75805,162.0,open-meteo_ecmwf_ifs,daily,12.451,8.301001,3.12,8.946834,2.0002947,93.81791,0.0,12.912660666132476,0.6722919534817684
2022-07-24 00:00:00+00:00,-36.07555,-71.75805,162.0,open-meteo_ecmwf_ifs,daily,12.201,6.801,3.42,7.9030824,2.646005,93.78127,0.0,13.016727214000207,0.7122350937672749
2022-07-25 00:00:00+00:00,-36.07555,-71.75805,162.0,open-meteo_ecmwf_ifs,daily,14.451,7.8010006,6.07,7.721834,4.8202453,85.30094,6.4,13.123752716967932,1.3205345337228809
2022-07-26 00:00:00+00:00,-36.07555,-71.75805,162.0,open-meteo_ecmwf_ifs,daily,12.701,9.701,3.84,8.584333,5.14282,85.82658,10.900002,13.233709427383982,1.119729183282288
2022-07-27 00:00:00+00:00,-36.07555,-71.75805,162.0,open-meteo_ecmwf_ifs,daily,13.201,5.901,9.13,7.144751,1.6124314,90.03458,0.1,13.346568461920898,0.913671122840021
2022-07-28 00:00:00+00:00,-36.07555,-71.75805,162.0,open-meteo_ecmwf_ifs,daily,15.001,2.601,12.48,4.3135,3.1631622,82.69016,0.0,13.462299787035775,1.3523937269391615
2022-07-29 00:00:00+00:00,-36.07555,-71.75805,162.0,open-meteo_ecmwf_ifs,daily,13.801001,1.201,12.43,4.4426665,2.5735939,85.55835,0.0,13.580872205728074,1.065775329359937
2022-07-30 00:00:00+00:00,-36.07555,-71.75805,162.0,open-meteo_ecmwf_ifs,daily,11.851,3.7510002,5.28,5.5655837,1.4068855,90.95516,0.1,13.702253345674864,0.7515901435149
2022-07-31 00:00:00+00:00,-36.07555,-71.75805,162.0,open-meteo_ecmwf_ifs,daily,13.251,3.7510002,9.74,6.5176673,1.3212006,90.07551,0.0,13.826409648819219,0.8826400845869132
2022-08-01 00:00:00+00:00,-36.07555,-71.75805,162.0,open-meteo_ecmwf_ifs,daily,12.301001,5.5010004,7.8,5.8635,2.0253224,85.743996,0.0,13.953306362482394,0.9941965917010688
2022-08-02 00:00:00+00:00,-36.07555,-71.75805,162.0,open-meteo_ecmwf_ifs,daily,13.251,1.5009999,12.71,4.0551667,2.7698708,85.30752,0.0,14.082907532065407,1.1578512226721427
2022-08-03 00:00:00+00:00,-36.07555,-71.75805,162.0,open-meteo_ecmwf_ifs,daily,9.951,2.151,9.69,2.8739169,2.0236425,86.76153,0.0,14.215175995400918,0.9668978618046357
2022-08-04 00:00:00+00:00,-36.07555,-71.75805,162.0,open-meteo_ecmwf_ifs,daily,13.601,-0.849,11.39,3.1322498,1.9505244,86.9288,0.0,14.350073378810446,1.02970313571587
2022-08-05 00:00:00+00:00,-36.07555,-71.75805,162.0,open-meteo_ecmwf_ifs,daily,10.501,4.951,2.79,6.2051673,1.2947925,93.87982,4.5,14.487560094917503,0.6313158517044268
2022-08-06 00:00:00+00:00,-36.07555,-71.75805,162.0,open-meteo_ecmwf_ifs,daily,10.301001,8.851,2.13,7.709335,4.764212,89.145874,38.699997,14.627595342261005,0.8434512569037056
2022-08-07 00:00:00+00:00,-36.07555,-71.75805,162.0,open-meteo_ecmwf_ifs,daily,11.951,7.3510003,6.98,5.8114166,5.3046584,81.21177,15.400002,14.77013710674848,1.4696022460963225
2022-08-08 00:00:00+00:00,-36.07555,-71.75805,162.0,open-meteo_ecmwf_ifs,daily,14.101,3.251,13.03,5.678084,3.1370065,87.28329,0.3,14.91514216498304,1.2843326285912406
2022-08-09 00:00:00+00:00,-36.07555,-71.75805,162.0,open-meteo_ecmwf_ifs,daily,15.750999,-0.048999995,13.9,4.334334,2.1753693,86.148895,0.0,15.062566089492254,1.2719034504679192
2022-08-10 00:00:00+00:00,-36.07555,-71.75805,162.0,open-meteo_ecmwf_ifs,daily,11.901,4.201,10.42,5.6447506,1.5664271,92.16729,0.1,15.212363255882018,1.0367261537696268
2022-08-11 00:00:00+00:00,-36.07555,-71.75805,162.0,open-meteo_ecmwf_ifs,daily,13.501,2.101,12.67,4.6614165,1.9619731,87.495964,0.0,15.364486851932718,1.2050559561264989
2022-08-12 00:00:00+00:00,-36.07555,-71.75805,162.0,open-meteo_ecmwf_ifs,daily,13.201,6.051,6.61,6.2947497,3.769662,84.641525,1.3,15.518888888649574,1.258955643057717
2022-08-13 00:00:00+00:00,-36.07555,-71.75805,162.0,open-meteo_ecmwf_ifs,daily,15.201,4.901,11.31,6.5780835,3.7349203,82.94865,0.1,15.675520213273591,1.4720524332939802
2022-08-14 00:00:00+00:00,-36.07555,-71.75805,162.0,open-meteo_ecmwf_ifs,daily,12.201,7.701,4.92,7.488502,4.592303,88.0947,43.0,15.834330524254199,1.1009559776535411
2022-08-15 00:00:00+00:00,-36.07555,-71.75805,162.0,open-meteo_ecmwf_ifs,daily,11.551001,3.351,9.28,3.8218336,3.4514058,82.91604,3.0,15.995268388179062,1.2861137732816157
2022-08-16 00:00:00+00:00,-36.07555,-71.75805,162.0,open-meteo_ecmwf_ifs,daily,9.951,7.051,1.12,6.1884995,6.0659504,88.89283,20.5,16.158281258651435,0.9528085026953875
2022-08-17 00:00:00+00:00,-36.07555,-71.75805,162.0,open-meteo_ecmwf_ifs,daily,11.251,2.651,11.65,3.6385002,2.3440502,84.6743,0.4,16.323315497100086,1.2402253042565312
2022-08-18 00:00:00+00:00,-36.07555,-71.75805,162.0,open-meteo_ecmwf_ifs,daily,12.951,2.451,15.38,2.680167,4.9352713,76.76168,0.0,16.490316395501566,1.860890271834677
2022-08-19 00:00:00+00:00,-36.07555,-71.75805,162.0,open-meteo_ecmwf_ifs,daily,17.001,2.751,14.85,4.605167,3.7142122,77.95759,0.0,16.65922820098957,1.9371620957334634
2022-08-20 00:00:00+00:00,-36.07555,-71.75805,162.0,open-meteo_ecmwf_ifs,daily,18.301,5.8510003,14.59,8.261417,3.9821322,86.50711,0.0,16.829994142321056,1.8907011371223552
2022-08-21 00:00:00+00:00,-36.07555,-71.75805,162.0,open-meteo_ecmwf_ifs,daily,18.851,4.1010003,15.56,7.678083,1.8182654,82.96136,0.0,17.00255645816395,1.714366197120003
2022-08-22 00:00:00+00:00,-36.07555,-71.75805,162.0,open-meteo_ecmwf_ifs,daily,14.201,7.0010004,7.07,8.542667,2.041929,89.77042,0.2,17.176856427166303,1.0691290485627876
2022-08-23 00:00:00+00:00,-36.07555,-71.75805,162.0,open-meteo_ecmwf_ifs,daily,13.451,7.651,7.31,7.905167,2.225495,88.12332,0.0,17.352834399762216,1.1711917644065382
2022-08-24 00:00:00+00:00,-36.07555,-71.75805,162.0,open-meteo_ecmwf_ifs,daily,15.651,6.1010003,9.21,7.259333,3.6353219,85.55886,0.70000005,17.530429831665227,1.5468501452960524
2022-08-25 00:00:00+00:00,-36.07555,-71.75805,162.0,open-meteo_ecmwf_ifs,daily,16.551,4.201,15.79,5.7468333,3.7014525,83.707275,0.0,17.709581318995312,1.993576406218269
2022-08-26 00:00:00+00:00,-36.07555,-71.75805,162.0,open-meteo_ecmwf_ifs,daily,13.551001,3.351,9.81,4.4093337,3.367005,80.75553,0.0,17.890226634981417,1.4985856417319177
2022-08-27 00:00:00+00:00,-36.07555,-71.75805,162.0,open-meteo_ecmwf_ifs,daily,14.501,3.351,17.39,3.9551668,4.91045,75.342384,0.0,18.072302768177465,2.1244269463305185
2022-08-28 00:00:00+00:00,-36.07555,-71.75805,162.0,open-meteo_ecmwf_ifs,daily,21.251,0.451,17.87,4.0718336,3.3774154,74.78099,0.0,18.255745962125253,2.4152862495679597
2022-08-29 00:00:00+00:00,-36.07555,-71.75805,162.0,open-meteo_ecmwf_ifs,daily,18.501,1.951,16.42,5.4885006,1.8080906,78.6826,0.0,18.44049175639456,1.874540074633
2022-08-30 00:00:00+00:00,-36.07555,-71.75805,162.0,open-meteo_ecmwf_ifs,daily,14.801001,8.651,7.93,8.540584,1.7726669,83.830734,0.2,18.626475028926293,1.3276538356800742
2022-08-31 00:00:00+00:00,-36.07555,-71.75805,162.0,open-meteo_ecmwf_ifs,daily,14.101,7.451,7.73,7.31975,1.9497194,83.05752,0.2,18.813630039601797,1.3295262417647415
2022-09-01 00:00:00+00:00,-36.07555,-71.75805,162.0,open-meteo_ecmwf_ifs,daily,16.051,5.6010003,17.5,6.2530837,4.208318,77.08001,0.0,19.00189047495753,2.233242925480551
2022-09-02 00:00:00+00:00,-36.07555,-71.75805,162.0,open-meteo_ecmwf_ifs,daily,20.751,3.501,18.42,5.021834,5.232118,68.34694,0.0,19.191189493961588,2.973216244207026
2022-09-03 00:00:00+00:00,-36.07555,-71.75805,162.0,open-meteo_ecmwf_ifs,daily,19.251,2.901,18.34,6.082251,1.542436,75.33479,0.0,19.381459774765457,2.1076395535709667
2022-09-04 00:00:00+00:00,-36.07555,-71.75805,162.0,open-meteo_ecmwf_ifs,daily,18.351,6.301,17.82,8.538501,1.8371297,84.48371,0.0,19.57263356234178,2.1286816071509342
2022-09-05 00:00:00+00:00,-36.07555,-71.75805,162.0,open-meteo_ecmwf_ifs,daily,19.101,6.451,13.97,9.763499,1.129214,88.069336,0.0,19.764642716916505,1.791187042417226
2022-09-06 00:00:00+00:00,-36.07555,-71.75805,162.0,open-meteo_ecmwf_ifs,daily,19.351,6.701,16.42,9.23225,2.2052794,86.486015,0.0,19.957418763101316,2.141709433150485
2022-09-07 00:00:00+00:00,-36.07555,-71.75805,162.0,open-meteo_ecmwf_ifs,daily,10.451,7.151,2.47,6.630167,3.4683125,89.19257,17.699999,20.150892939630538,0.9001914328987852
2022-09-08 00:00:00+00:00,-36.07555,-71.75805,162.0,open-meteo_ecmwf_ifs,daily,12.201,4.051,16.34,3.2280834,2.090013,77.43304,1.9000001,20.344996249604733,1.9096528092963085
2022-09-09 00:00:00+00:00,-36.07555,-71.75805,162.0,open-meteo_ecmwf_ifs,daily,15.151,2.8009999,19.72,1.751,4.57573,66.56931,0.0,20.539659511141743,2.7160595550281306
2022-09-10 00:00:00+00:00,-36.07555,-71.75805,162.0,open-meteo_ecmwf_ifs,daily,15.301001,1.351,18.16,4.798917,2.1913016,83.03924,0.0,20.73481340833476,1.931930357730711
2022-09-11 00:00:00+00:00,-36.07555,-71.75805,162.0,open-meteo_ecmwf_ifs,daily,13.601,6.401,8.38,6.321833,2.1577837,80.07153,0.2,20.93038854241589,1.450742894277308
2022-09-12 00:00:00+00:00,-36.07555,-71.75805,162.0,open-meteo_ecmwf_ifs,daily,16.201,3.3009999,18.35,5.9885,1.8846463,80.07567,0.0,21.12631548302286,2.0853090185077416
2022-09-13 00:00:00+00:00,-36.07555,-71.75805,162.0,open-meteo_ecmwf_ifs,daily,16.901001,6.151,17.56,6.6760006,1.6004386,78.18508,0.0,21.322524819466494,2.2382801952039593
2022-09-14 00:00:00+00:00,-36.07555,-71.75805,162.0,open-meteo_ecmwf_ifs,daily,19.301,3.7510002,20.07,6.6593337,2.586336,76.477394,0.0,21.518947211895632,2.524316361497261
2022-09-15 00:00:00+00:00,-36.07555,-71.75805,162.0,open-meteo_ecmwf_ifs,daily,17.251,4.651,16.62,7.0947514,2.2148204,81.03961,0.0,21.715513442257098,2.119736154225584
2022-09-16 00:00:00+00:00,-36.07555,-71.75805,162.0,open-meteo_ecmwf_ifs,daily,14.951,8.401,7.27,8.411417,2.9225276,84.914085,0.2,21.912154464948085,1.4946837728313376
2022-09-17 00:00:00+00:00,-36.07555,-71.75805,162.0,open-meteo_ecmwf_ifs,daily,14.251,8.451,7.97,8.467666,3.6467247,87.356384,11.1,22.108801457059048,1.5108735145177312
2022-09-18 00:00:00+00:00,-36.07555,-71.75805,162.0,open-meteo_ecmwf_ifs,daily,12.451,2.8009999,20.24,3.1280832,2.6134684,75.166985,1.6,22.305385868106683,2.211421329484046
2022-09-19 00:00:00+00:00,-36.07555,-71.75805,162.0,open-meteo_ecmwf_ifs,daily,14.151,0.10100001,18.9,1.3364167,3.5235274,71.07288,0.0,22.501839469156753,2.3066443981710063
2022-09-20 00:00:00+00:00,-36.07555,-71.75805,162.0,open-meteo_ecmwf_ifs,daily,11.901,2.8009999,16.17,3.0155833,2.3634467,75.84897,5.3,22.698094401239178,1.9368603343615827
2022-09-21 00:00:00+00:00,-36.07555,-71.75805,162.0,open-meteo_ecmwf_ifs,daily,12.601,2.901,16.85,3.1780832,1.3245333,78.80203,2.6000001,22.894083222958763,1.9687991748281102
2022-09-22 00:00:00+00:00,-36.07555,-71.75805,162.0,open-meteo_ecmwf_ifs,daily,17.901001,4.1010003,20.9,5.051,4.271071,72.98083,0.0,23.089738957207196,2.9200488341501885
2022-09-23 00:00:00+00:00,-36.07555,-71.75805,162.0,open-meteo_ecmwf_ifs,daily,18.951,9.051001,18.12,8.036417,4.238481,70.57087,0.1,23.284995136884657,3.07553767840675
2022-09-24 00:00:00+00:00,-36.07555,-71.75805,162.0,open-meteo_ecmwf_ifs,daily,13.801001,8.101,8.46,8.967668,1.9532504,88.56924,9.999999,23.479785849541383,1.3534732687572357
2022-09-25 00:00:00+00:00,-36.07555,-71.75805,162.0,open-meteo_ecmwf_ifs,daily,16.001,8.501,16.22,8.359333,2.112378,82.328926,6.2999988,23.674045780852957,2.2884927226582645
2022-09-26 00:00:00+00:00,-36.07555,-71.75805,162.0,open-meteo_ecmwf_ifs,daily,16.001,5.2510004,15.89,5.5426674,1.8582414,72.38318,0.0,23.867710256845903,2.240785929602356
2022-09-27 00:00:00+00:00,-36.07555,-71.75805,162.0,open-meteo_ecmwf_ifs,daily,20.051,6.551,22.69,8.140585,3.9018934,77.39266,0.0,24.06071528479366,3.1915280210464103
2022-09-28 00:00:00+00:00,-36.07555,-71.75805,162.0,open-meteo_ecmwf_ifs,daily,22.801,6.201,22.65,8.853084,1.5583247,75.04721,0.0,24.252997592706706,3.1570864408519874
2022-09-29 00:00:00+00:00,-36.07555,-71.75805,162.0,open-meteo_ecmwf_ifs,daily,19.301,9.901,14.4,11.084334,1.7657574,85.423134,0.0,24.444494667344415,2.271391805391242
2022-09-30 00:00:00+00:00,-36.07555,-71.75805,162.0,open-meteo_ecmwf_ifs,daily,20.601,9.151,19.11,10.321834,3.1069527,81.34063,0.0,24.63514479068026,2.956877462505137
2022-10-01 00:00:00+00:00,-36.07555,-71.75805,162.0,open-meteo_ecmwf_ifs,daily,20.201,8.451,19.73,10.148916,2.2726128,80.80427,0.0,24.824887074756717,2.8597966655974325
2022-10-02 00:00:00+00:00,-36.07555,-71.75805,162.0,open-meteo_ecmwf_ifs,daily,21.951,7.701,21.73,11.084334,1.0352558,84.55908,0.0,25.013661494869872,3.0146796642752376
2022-10-03 00:00:00+00:00,-36.07555,-71.75805,162.0,open-meteo_ecmwf_ifs,daily,15.401,9.051001,6.2,7.8572507,3.002886,79.601204,1.6,25.20140892102965,1.6933601509222094
2022-10-04 00:00:00+00:00,-36.07555,-71.75805,162.0,open-meteo_ecmwf_ifs,daily,11.951,9.751,5.23,7.028084,1.2072972,77.72207,8.799999,25.38807114764536,1.2395219568820943
2022-10-05 00:00:00+00:00,-36.07555,-71.75805,162.0,open-meteo_ecmwf_ifs,daily,18.051,5.801,20.24,6.7489166,2.2479265,79.941666,0.0,25.57359092139206,2.8246582126152853
2022-10-06 00:00:00+00:00,-36.07555,-71.75805,162.0,open-meteo_ecmwf_ifs,daily,15.601,8.401,8.33,6.480167,1.5569481,74.93754,0.0,25.757911967218206,1.76749705067266
2022-10-07 00:00:00+00:00,-36.07555,-71.75805,162.0,open-meteo_ecmwf_ifs,daily,15.401,7.3510003,8.27,9.142667,2.5977445,87.56469,10.0,25.94097901246006,1.4566088724153268
2022-10-08 00:00:00+00:00,-36.07555,-71.75805,162.0,open-meteo_ecmwf_ifs,daily,15.351,2.851,25.52,2.7530835,5.790703,66.97192,2.7,26.122737809034707,3.27261945882989
2022-10-09 00:00:00+00:00,-36.07555,-71.75805,162.0,open-meteo_ecmwf_ifs,daily,19.501,2.851,25.93,2.836417,5.6973166,61.78806,0.0,26.303135153687794,3.943922172365662
2022-10-10 00:00:00+00:00,-36.07555,-71.75805,162.0,open-meteo_ecmwf_ifs,daily,18.601,5.2510004,21.52,7.83225,1.7784333,80.00208,0.0,26.482118906279098,2.85547822096432
2022-10-11 00:00:00+00:00,-36.07555,-71.75805,162.0,open-meteo_ecmwf_ifs,daily,17.651001,5.951,19.96,7.515585,3.2810333,77.525475,0.0,26.659638006093488,2.789064853680869
2022-10-12 00:00:00+00:00,-36.07555,-71.75805,162.0,open-meteo_ecmwf_ifs,daily,17.801,6.6010003,21.38,6.7968335,4.2466636,74.82501,0.0,26.83564248617153,3.1778748727160755
2022-10-13 00:00:00+00:00,-36.07555,-71.75805,162.0,open-meteo_ecmwf_ifs,daily,18.151001,3.651,26.11,2.7405834,6.648184,60.609043,0.0,27.010083485659194,3.9975426401859795
2022-10-14 00:00:00+00:00,-36.07555,-71.75805,162.0,open-meteo_ecmwf_ifs,daily,21.151001,5.301,26.0,4.45725,5.0942397,60.828938,0.0,27.18291326018198,4.311258950278387
2022-10-15 00:00:00+00:00,-36.07555,-71.75805,162.0,open-meteo_ecmwf_ifs,daily,25.501,6.051,26.52,7.4760003,2.7937481,64.575096,0.0,27.35408519025467,4.287957035044485
2022-10-16 00:00:00+00:00,-36.07555,-71.75805,162.0,open-meteo_ecmwf_ifs,daily,22.251,9.701,21.91,9.99475,3.2045834,72.90374,0.0,27.523553787743452,3.689704617839042
2022-10-17 00:00:00+00:00,-36.07555,-71.75805,162.0,open-meteo_ecmwf_ifs,daily,20.051,8.901,16.63,8.990584,2.377024,75.31017,0.4,27.69127470040259,2.883787201668583
2022-10-18 00:00:00+00:00,-36.07555,-71.75805,162.0,open-meteo_ecmwf_ifs,daily,19.351,9.201,19.73,8.507251,2.3562195,73.9438,2.9,27.85720471451394,3.1915283265709884
2022-10-19 00:00:00+00:00,-36.07555,-71.75805,162.0,open-meteo_ecmwf_ifs,daily,19.251,7.151,13.36,8.630168,1.5615078,77.51142,0.1,28.021301755662282,2.283831297854683
2022-10-20 00:00:00+00:00,-36.07555,-71.75805,162.0,open-meteo_ecmwf_ifs,daily,21.401001,7.851,25.38,8.215584,2.898626,75.08795,0.0,28.183524887685333,3.8996291086715495
2022-10-21 00:00:00+00:00,-36.07555,-71.75805,162.0,open-meteo_ecmwf_ifs,daily,20.201,10.351,25.45,7.4072495,3.78584,64.5278,0.0,28.34383430984206,4.310993725412887
2022-10-22 00:00:00+00:00,-36.07555,-71.75805,162.0,open-meteo_ecmwf_ifs,daily,23.201,6.7510004,26.96,7.0447507,2.6077135,64.981804,0.0,28.502191352248172,4.229169349695776
2022-10-23 00:00:00+00:00,-36.07555,-71.75805,162.0,open-meteo_ecmwf_ifs,daily,19.351,6.651,24.73,6.3822503,1.8541595,67.582436,0.0,28.658558469632105,3.5772598644877434
2022-10-24 00:00:00+00:00,-36.07555,-71.75805,162.0,open-meteo_ecmwf_ifs,daily,22.501,5.3510003,27.9,5.230167,3.0531805,60.977356,0.0,28.812899233469736,4.3392567780471225
2022-10-25 00:00:00+00:00,-36.07555,-71.75805,162.0,open-meteo_ecmwf_ifs,daily,21.351,8.801001,22.99,8.536417,3.224775,71.997055,0.2,28.965178322560085,3.833597653429518
2022-10-26 00:00:00+00:00,-36.07555,-71.75805,162.0,open-meteo_ecmwf_ifs,daily,20.801,11.501,20.47,9.240584,2.0510163,70.38839,1.2,29.115361512108564,3.5756851381134673
2022-10-27 00:00:00+00:00,-36.07555,-71.75805,162.0,open-meteo_ecmwf_ifs,daily,23.001,7.901,28.14,7.8134995,3.644913,67.82273,0.0,29.2634156613878,4.5649022648958235
2022-10-28 00:00:00+00:00,-36.07555,-71.75805,162.0,open-meteo_ecmwf_ifs,daily,16.951,10.901,6.7,8.428084,1.9115695,74.14483,3.4999998,29.409308700050094,1.8515510908702097
2022-10-29 00:00:00+00:00,-36.07555,-71.75805,162.0,open-meteo_ecmwf_ifs,daily,20.001,10.951,20.12,10.190583,2.87881,74.05355,0.0,29.553009613168058,3.419957692403703
2022-10-30 00:00:00+00:00,-36.07555,-71.75805,162.0,open-meteo_ecmwf_ifs,daily,16.551,5.1010003,29.76,1.5676666,8.735679,55.700775,0.6,29.694488425083584,4.658624943712892
2022-10-31 00:00:00+00:00,-36.07555,-71.75805,162.0,open-meteo_ecmwf_ifs,daily,27.001,6.951,30.12,-4.1198335,6.650263,27.268297,0.0,29.83371618214728,7.450421797989825
2022-11-01 00:00:00+00:00,-36.07555,-71.75805,162.0,open-meteo_ecmwf_ifs,daily,32.551,9.451,29.91,1.6593332,3.5449276,27.644575,0.0,29.970664934432882,6.769249548833074
2022-11-02 00:00:00+00:00,-36.07555,-71.75805,162.0,open-meteo_ecmwf_ifs,daily,27.951,10.101,29.42,8.428084,2.2907646,52.16672,0.0,30.10530771651308,5.27219451446087
2022-11-03 00:00:00+00:00,-36.07555,-71.75805,162.0,open-meteo_ecmwf_ifs,daily,25.901001,9.851,28.56,10.955167,1.6793389,66.796906,0.0,30.23761852738439,4.646453357939826
2022-11-04 00:00:00+00:00,-36.07555,-71.75805,162.0,open-meteo_ecmwf_ifs,daily,23.701,9.901,21.8,9.673917,1.9308996,70.56254,0.0,30.367572309630113,3.835442724960011
2022-11-05 00:00:00+00:00,-36.07555,-71.75805,162.0,open-meteo_ecmwf_ifs,daily,23.051,8.351,27.79,7.009333,1.5559001,60.36661,0.0,30.49514492791063,4.376498293328407
2022-11-06 00:00:00+00:00,-36.07555,-71.75805,162.0,open-meteo_ecmwf_ifs,daily,25.001,8.451,27.49,8.078083,3.2330625,64.17241,0.0,30.620313146871066,4.8326129072761885
2022-11-07 00:00:00+00:00,-36.07555,-71.75805,162.0,open-meteo_ecmwf_ifs,daily,27.351,9.351,28.94,9.213501,2.3862484,62.209454,0.0,30.74305460855596,5.085573231600081
2022-11-08 00:00:00+00:00,-36.07555,-71.75805,162.0,open-meteo_ecmwf_ifs,daily,25.501,13.701,24.29,10.609335,3.7362547,60.38574,0.0,30.863347809420024,5.101438707833434
2022-11-09 00:00:00+00:00,-36.07555,-71.75805,162.0,open-meteo_ecmwf_ifs,daily,17.001,11.451,8.42,8.588501,3.8657644,69.91917,7.0,30.981172077023515,2.4395610923898885
2022-11-10 00:00:00+00:00,-36.07555,-71.75805,162.0,open-meteo_ecmwf_ifs,daily,21.051,9.901,20.39,8.651,2.388426,70.39492,0.0,31.09650754649913,3.6344692530297644
2022-11-11 00:00:00+00:00,-36.07555,-71.75805,162.0,open-meteo_ecmwf_ifs,daily,20.701,11.501,20.74,8.317668,4.315016,63.033512,0.6,31.209335136875673,4.2086163437218795
2022-11-12 00:00:00+00:00,-36.07555,-71.75805,162.0,open-meteo_ecmwf_ifs,daily,17.501,11.601,16.66,10.380167,4.159692,82.685196,29.599998,31.31963652734229,2.9497709985780363
2022-11-13 00:00:00+00:00,-36.07555,-71.75805,162.0,open-meteo_ecmwf_ifs,daily,21.501,8.251,26.47,8.669751,2.438565,72.86672,0.2,31.427394133533827,4.136438075994985
2022-11-14 00:00:00+00:00,-36.07555,-71.75805,162.0,open-meteo_ecmwf_ifs,daily,22.451,9.301001,27.77,9.778085,3.0805557,73.85059,0.0,31.532591083915815,4.442421659084183
2022-11-15 00:00:00+00:00,-36.07555,-71.75805,162.0,open-meteo_ecmwf_ifs,daily,26.551,11.101,30.04,12.096833,4.1972947,70.758965,0.0,31.635211196344294,5.316050338947783
2022-11-16 00:00:00+00:00,-36.07555,-71.75805,162.0,open-meteo_ecmwf_ifs,daily,26.901001,11.301001,29.46,12.223919,3.1914752,71.79894,0.0,31.735238954872404,5.2142121126635965
2022-11-17 00:00:00+00:00,-36.07555,-71.75805,162.0,open-meteo_ecmwf_ifs,daily,27.551,12.301001,29.63,12.636416,2.7987735,70.92225,0.0,31.832659486872018,5.359671102437869
2022-11-18 00:00:00+00:00,-36.07555,-71.75805,162.0,open-meteo_ecmwf_ifs,daily,26.201,13.101,28.6,12.09475,4.011813,69.21732,0.0,31.927458540534776,5.437392198534901
2022-11-19 00:00:00+00:00,-36.07555,-71.75805,162.0,open-meteo_ecmwf_ifs,daily,23.751,12.151,29.89,9.873919,4.999619,63.749084,0.0,32.01962246281294,5.518820467455061
2022-11-20 00:00:00+00:00,-36.07555,-71.75805,162.0,open-meteo_ecmwf_ifs,daily,25.801,10.351,32.26,6.4885,6.0377254,52.490356,0.0,32.10913817785605,6.574838839258329
2022-11-21 00:00:00+00:00,-36.07555,-71.75805,162.0,open-meteo_ecmwf_ifs,daily,29.451,10.101,32.13,5.4509997,4.1856246,46.13399,0.0,32.195993165994935,6.797879536994739
2022-11-22 00:00:00+00:00,-36.07555,-71.75805,162.0,open-meteo_ecmwf_ifs,daily,31.651001,11.251,30.92,9.507251,4.540344,53.30492,0.0,32.28017544331997,6.822769328736389
2022-11-23 00:00:00+00:00,-36.07555,-71.75805,162.0,open-meteo_ecmwf_ifs,daily,30.501,13.801001,30.75,10.863502,5.196161,52.637665,0.0,32.36167354189605,7.036763142793253
2022-11-24 00:00:00+00:00,-36.07555,-71.75805,162.0,open-meteo_ecmwf_ifs,daily,30.801,14.501,29.39,11.623917,5.064853,55.03271,0.0,32.44047649065156,6.914331711915498
2022-11-25 00:00:00+00:00,-36.07555,-71.75805,162.0,open-meteo_ecmwf_ifs,daily,30.251,13.201,31.21,11.455169,2.8289902,55.378063,0.0,32.516573796974136,6.185277955749024
2022-11-26 00:00:00+00:00,-36.07555,-71.75805,162.0,open-meteo_ecmwf_ifs,daily,32.251,14.551001,31.08,14.030167,1.8053908,58.76887,0.0,32.58995542904132,6.031430690464657
2022-11-27 00:00:00+00:00,-36.07555,-71.75805,162.0,open-meteo_ecmwf_ifs,daily,31.601,15.151,30.88,14.130168,2.0969381,58.656555,0.0,32.66061179890919,6.094123168636715
2022-11-28 00:00:00+00:00,-36.07555,-71.75805,162.0,open-meteo_ecmwf_ifs,daily,30.451,14.801001,25.0,13.373917,1.8597265,64.306984,0.0,32.728533746377586,5.140862216589177
2022-11-29 00:00:00+00:00,-36.07555,-71.75805,162.0,open-meteo_ecmwf_ifs,daily,27.901001,13.351,27.88,10.428083,2.2717276,58.73909,0.0,32.79371252364616,5.45970925285737
2022-11-30 00:00:00+00:00,-36.07555,-71.75805,162.0,open-meteo_ecmwf_ifs,daily,25.551,12.051001,30.32,9.115584,2.5524714,58.858067,0.0,32.85613978077089,5.521140285214278
2022-12-01 00:00:00+00:00,-36.07555,-71.75805,162.0,open-meteo_ecmwf_ifs,daily,28.501,10.401,33.01,4.746834,4.073699,43.872787,0.0,32.9158075519268,6.866907264742377
2022-12-02 00:00:00+00:00,-36.07555,-71.75805,162.0,open-meteo_ecmwf_ifs,daily,29.751,10.901,32.64,5.590584,2.7240937,43.27651,0.0,32.97270824247846,6.4534324647677055
2022-12-03 00:00:00+00:00,-36.07555,-71.75805,162.0,open-meteo_ecmwf_ifs,daily,29.101,13.851,31.49,10.096834,3.3564005,53.230152,0.0,33.02683461685662,6.490452986031202
2022-12-04 00:00:00+00:00,-36.07555,-71.75805,162.0,open-meteo_ecmwf_ifs,daily,30.751,12.751,32.97,6.576,4.14597,44.934887,0.0,33.07817978723516,7.3997839075106295
2022-12-05 00:00:00+00:00,-36.07555,-71.75805,162.0,open-meteo_ecmwf_ifs,daily,30.501,13.501,32.82,7.5780835,3.5459032,45.145153,0.0,33.12673720300084,7.110705036134214
2022-12-06 00:00:00+00:00,-36.07555,-71.75805,162.0,open-meteo_ecmwf_ifs,daily,31.501,14.201,32.61,9.236417,4.121684,49.272007,0.0,33.172500641004014,7.401524591830151
2022-12-07 00:00:00+00:00,-36.07555,-71.75805,162.0,open-meteo_ecmwf_ifs,daily,27.301,13.901,23.91,8.121834,2.9650269,45.66835,0.6,33.21546419657744,5.490224290758597
2022-12-08 00:00:00+00:00,-36.07555,-71.75805,162.0,open-meteo_ecmwf_ifs,daily,30.351,14.101,29.25,12.8843355,2.3378565,62.95908,0.0,33.2556222753079,5.831420109475661
2022-12-09 00:00:00+00:00,-36.07555,-71.75805,162.0,open-meteo_ecmwf_ifs,daily,30.201,15.801001,29.52,13.423916,3.282519,61.72174,0.0,33.292969585543474,6.294039043720248
2022-12-10 00:00:00+00:00,-36.07555,-71.75805,162.0,open-meteo_ecmwf_ifs,daily,31.800999,14.351,33.07,8.467667,4.940355,49.623875,0.0,33.32750113161869,7.950070633707303
2022-12-11 00:00:00+00:00,-36.07555,-71.75805,162.0,open-meteo_ecmwf_ifs,daily,28.901001,14.351,33.62,4.998916,7.5078683,35.979534,0.0,33.35921220777854,8.859531598580663
2022-12-12 00:00:00+00:00,-36.07555,-71.75805,162.0,open-meteo_ecmwf_ifs,daily,27.801,11.651,33.05,5.030167,7.2473235,41.873837,0.0,33.38809839278236,7.912462749741862
2022-12-13 00:00:00+00:00,-36.07555,-71.75805,162.0,open-meteo_ecmwf_ifs,daily,30.851,12.151,32.65,8.342668,4.5865555,49.086567,0.0,33.414155545168015,7.263349107517424
2022-12-14 00:00:00+00:00,-36.07555,-71.75805,162.0,open-meteo_ecmwf_ifs,daily,29.251,14.601,32.55,10.115584,4.214515,51.455307,0.0,33.43737979915801,7.039567646904305
2022-12-15 00:00:00+00:00,-36.07555,-71.75805,162.0,open-meteo_ecmwf_ifs,daily,33.801,15.651,33.35,8.761417,6.0890045,43.067158,0.0,33.45776756118901,9.016373940111542
2022-12-16 00:00:00+00:00,-36.07555,-71.75805,162.0,open-meteo_ecmwf_ifs,daily,31.601,14.301001,32.16,11.486417,3.0008013,51.478893,0.0,33.47531550704798,6.731399308630227
2022-12-17 00:00:00+00:00,-36.07555,-71.75805,162.0,open-meteo_ecmwf_ifs,daily,29.951,13.901,31.95,10.498918,2.5046241,52.73051,0.0,33.49002057959923,6.355961077195005
2022-12-18 00:00:00+00:00,-36.07555,-71.75805,162.0,open-meteo_ecmwf_ifs,daily,31.001,14.251,32.56,9.221833,2.4425704,47.800495,0.0,33.50187998708839,6.647100623338028
2022-12-19 00:00:00+00:00,-36.07555,-71.75805,162.0,open-meteo_ecmwf_ifs,daily,29.001,13.401,32.31,7.5364175,2.9155385,46.28009,0.0,33.51089120201111,6.612167636098273
2022-12-20 00:00:00+00:00,-36.07555,-71.75805,162.0,open-meteo_ecmwf_ifs,daily,29.851,11.701,31.75,7.7718334,2.3299863,50.63103,0.0,33.51705196053693,6.188593511016948
2022-12-21 00:00:00+00:00,-36.07555,-71.75805,162.0,open-meteo_ecmwf_ifs,daily,29.351,13.351,31.92,10.330168,2.9469526,58.674496,0.0,33.52036026248008,6.378873113749996
2022-12-22 00:00:00+00:00,-36.07555,-71.75805,162.0,open-meteo_ecmwf_ifs,daily,28.101,12.751,26.65,9.836417,3.1450021,55.53787,0.2,33.520814371812676,5.64940729451128
2022-12-23 00:00:00+00:00,-36.07555,-71.75805,162.0,open-meteo_ecmwf_ifs,daily,26.401001,11.251,33.47,5.5468335,6.4864144,47.583176,0.0,33.51841281771702,7.308381221029501
2022-12-24 00:00:00+00:00,-36.07555,-71.75805,162.0,open-meteo_ecmwf_ifs,daily,35.101,9.001,33.22,3.628083,4.9263387,37.48473,0.0,33.513154396177384,8.178885724369984
2022-12-25 00:00:00+00:00,-36.07555,-71.75805,162.0,open-meteo_ecmwf_ifs,daily,34.551,15.551001,32.21,5.8968334,3.0580575,30.430147,0.0,33.50503817211345,7.681175581477195
2022-12-26 00:00:00+00:00,-36.07555,-71.75805,162.0,open-meteo_ecmwf_ifs,daily,29.551,13.851,23.71,10.717668,3.1479235,57.676987,0.0,33.494063482060525,5.542989529635222
2022-12-27 00:00:00+00:00,-36.07555,-71.75805,162.0,open-meteo_ecmwf_ifs,daily,30.551,14.251,29.76,11.286418,3.463281,56.5525,0.0,33.48022993740388,6.480283733248554
2022-12-28 00:00:00+00:00,-36.07555,-71.75805,162.0,open-meteo_ecmwf_ifs,daily,30.551,12.101,33.69,3.0822504,5.446766,32.612343,0.0,33.4635374281771,8.27171693828237
2022-12-29 00:00:00+00:00,-36.07555,-71.75805,162.0,open-meteo_ecmwf_ifs,daily,35.551,12.451,32.95,6.353084,3.6313064,39.188866,0.0,33.44398612743617,7.821855581185098
2022-12-30 00:00:00+00:00,-36.07555,-71.75805,162.0,open-meteo_ecmwf_ifs,daily,31.551,15.051001,32.58,9.953084,2.9013593,44.86681,0.0,33.42157649622319,6.959692620675265
2022-12-31 00:00:00+00:00,-36.07555,-71.75805,162.0,open-meteo_ecmwf_ifs,daily,27.301,14.651,13.1,9.586416,4.857286,52.72928,1.0,33.39630928913514,4.99024021861497
2023-01-01 00:00:00+00:00,-36.07555,-71.75805,162.0,open-meteo_ecmwf_ifs,daily,27.351,13.301001,31.14,10.111418,2.262663,60.083996,0.0,33.36818556051461,5.836591476805882
2023-01-02 00:00:00+00:00,-36.07555,-71.75805,162.0,open-meteo_ecmwf_ifs,daily,27.851,12.801001,32.75,7.10725,4.3403673,48.32629,0.0,33.33720667128032,6.966035417564527
2023-01-03 00:00:00+00:00,-36.07555,-71.75805,162.0,open-meteo_ecmwf_ifs,daily,28.451,12.301001,32.67,6.673918,5.9187927,44.455227,0.0,33.30337429641626,7.508843990935798
2023-01-04 00:00:00+00:00,-36.07555,-71.75805,162.0,open-meteo_ecmwf_ifs,daily,33.751,13.951,32.3,10.130168,3.5379353,47.057034,0.0,33.266690433138336,7.326136150276176
2023-01-05 00:00:00+00:00,-36.07555,-71.75805,162.0,open-meteo_ecmwf_ifs,daily,29.851,15.701,29.92,11.646832,3.297912,52.292297,0.0,33.22715740975771,6.493251885946507
2023-01-06 00:00:00+00:00,-36.07555,-71.75805,162.0,open-meteo_ecmwf_ifs,daily,31.751,14.651,31.65,12.303085,2.7532136,58.265453,0.0,33.18477789525925,6.550616404120676
2023-01-07 00:00:00+00:00,-36.07555,-71.75805,162.0,open-meteo_ecmwf_ifs,daily,32.351,14.201,31.93,11.34475,2.4604065,55.077618,0.0,33.13955490961335,6.560783814045169
2023-01-08 00:00:00+00:00,-36.07555,-71.75805,162.0,open-meteo_ecmwf_ifs,daily,33.901,14.301001,31.77,10.73225,2.6368313,52.103184,0.0,33.091491834837164,6.84590659068977
2023-01-09 00:00:00+00:00,-36.07555,-71.75805,162.0,open-meteo_ecmwf_ifs,daily,30.201,14.151,31.19,11.419751,2.4088101,59.232662,0.0,33.04059242682097,6.18932091975244
2023-01-10 00:00:00+00:00,-36.07555,-71.75805,162.0,open-meteo_ecmwf_ifs,daily,30.351,17.601,23.9,11.603084,2.727622,54.89592,0.0,32.98686082793224,5.819919103369778
2023-01-11 00:00:00+00:00,-36.07555,-71.75805,162.0,open-meteo_ecmwf_ifs,daily,28.751,12.201,32.13,0.5072501,5.2509675,30.271936,0.0,32.93030158040827,7.993808572358059
2023-01-12 00:00:00+00:00,-36.07555,-71.75805,162.0,open-meteo_ecmwf_ifs,daily,29.051,11.351,32.85,3.171833,4.815065,37.75887,0.0,32.870919640545424,7.5202179272448015
2023-01-13 00:00:00+00:00,-36.07555,-71.75805,162.0,open-meteo_ecmwf_ifs,daily,30.601,11.401,32.4,4.6885,3.729479,40.11992,0.0,32.80872039368956,7.103763845032683
2023-01-14 00:00:00+00:00,-36.07555,-71.75805,162.0,open-meteo_ecmwf_ifs,daily,29.401001,13.101,31.6,7.7343345,2.5868337,46.894093,0.0,32.743709670029254,6.33724322864942
2023-01-15 00:00:00+00:00,-36.07555,-71.75805,162.0,open-meteo_ecmwf_ifs,daily,30.951,13.451,32.07,7.121834,4.056379,43.306446,0.0,32.675893761189535,7.3207073747819695
2023-01-16 00:00:00+00:00,-36.07555,-71.75805,162.0,open-meteo_ecmwf_ifs,daily,30.501,13.651,30.99,7.26975,2.6420128,41.38689,0.0,32.60527943761953,6.496330233214021
2023-01-17 00:00:00+00:00,-36.07555,-71.75805,162.0,open-meteo_ecmwf_ifs,daily,29.501,13.851,26.91,8.317666,1.9863273,45.771454,0.0,32.531873966763854,5.549728679179556
2023-01-18 00:00:00+00:00,-36.07555,-71.75805,162.0,open-meteo_ecmwf_ifs,daily,33.651,12.951,31.82,7.917666,2.1983788,44.462414,0.0,32.45568513200241,6.5541539208754225
2023-01-19 00:00:00+00:00,-36.07555,-71.75805,162.0,open-meteo_ecmwf_ifs,daily,28.651001,14.301001,30.89,9.363501,3.3138096,48.838657,0.0,32.37672125233902,6.446401553482165
2023-01-20 00:00:00+00:00,-36.07555,-71.75805,162.0,open-meteo_ecmwf_ifs,daily,27.801,13.651,25.77,10.828084,2.3287606,60.30834,0.0,32.2949912028147,5.190629012451678
2023-01-21 00:00:00+00:00,-36.07555,-71.75805,162.0,open-meteo_ecmwf_ifs,daily,31.351,13.501,31.56,8.444751,3.9708729,48.09137,0.0,32.21050443561601,7.125693991353251
2023-01-22 00:00:00+00:00,-36.07555,-71.75805,162.0,open-meteo_ecmwf_ifs,daily,33.701,14.851,31.42,8.2280855,4.066832,42.828846,0.0,32.12327100184453,7.7130001672571105
2023-01-23 00:00:00+00:00,-36.07555,-71.75805,162.0,open-meteo_ecmwf_ifs,daily,33.701,14.851,30.95,10.159333,2.8842485,47.14159,0.0,32.033301573908254,6.878371663741893
2023-01-24 00:00:00+00:00,-36.07555,-71.75805,162.0,open-meteo_ecmwf_ifs,daily,27.901001,15.651,24.89,12.642667,2.5152218,63.909855,7.0999994,31.940607468490896,5.1952048663157875
2023-01-25 00:00:00+00:00,-36.07555,-71.75805,162.0,open-meteo_ecmwf_ifs,daily,27.251,11.951,31.06,6.8968334,3.9154298,45.49902,0.0,31.84520067005027,6.37237519581622
2023-01-26 00:00:00+00:00,-36.07555,-71.75805,162.0,open-meteo_ecmwf_ifs,daily,27.551,11.651,30.85,7.0822506,2.9168596,49.882137,0.0,31.747093854791974,5.984189340618046
2023-01-27 00:00:00+00:00,-36.07555,-71.75805,162.0,open-meteo_ecmwf_ifs,daily,30.401001,12.501,31.16,7.286417,4.838709,46.38147,0.0,31.646300415060228,7.216825456010729
2023-01-28 00:00:00+00:00,-36.07555,-71.75805,162.0,open-meteo_ecmwf_ifs,daily,33.651,12.101,31.07,7.551001,3.852559,44.541714,0.0,31.542834484083013,7.192663907911105
2023-01-29 00:00:00+00:00,-36.07555,-71.75805,162.0,open-meteo_ecmwf_ifs,daily,32.551,15.301001,29.89,11.636417,3.0995798,49.706272,0.0,31.436710961004536,6.606461849495908
2023-01-30 00:00:00+00:00,-36.07555,-71.75805,162.0,open-meteo_ecmwf_ifs,daily,33.051,16.001,30.12,12.055167,3.958908,51.93608,0.0,31.327945536133807,7.112133169186532
2023-01-31 00:00:00+00:00,-36.07555,-71.75805,162.0,open-meteo_ecmwf_ifs,daily,30.801,14.651,30.34,8.930166,3.554714,44.90451,0.0,31.216554716334677,6.786631377201466
2023-02-01 00:00:00+00:00,-36.07555,-71.75805,162.0,open-meteo_ecmwf_ifs,daily,31.501,15.201,30.31,8.419749,2.8528109,45.078266,0.0,31.102555850478698,6.629911496616702
2023-02-02 00:00:00+00:00,-36.07555,-71.75805,162.0,open-meteo_ecmwf_ifs,daily,35.151,13.301001,30.17,7.311417,6.059171,40.27599,0.0,30.98596715487948,8.551656233960912
2023-02-03 00:00:00+00:00,-36.07555,-71.75805,162.0,open-meteo_ecmwf_ifs,daily,36.901,15.750999,29.03,11.453084,3.1060836,44.315884,0.0,30.866807738623887,7.075043831353221
2023-02-04 00:00:00+00:00,-36.07555,-71.75805,162.0,open-meteo_ecmwf_ifs,daily,32.301,16.401001,29.04,13.259335,2.4808412,53.96402,0.0,30.74509762871319,6.15347096473605
2023-02-05 00:00:00+00:00,-36.07555,-71.75805,162.0,open-meteo_ecmwf_ifs,daily,31.601,15.901001,28.82,13.186417,2.4831731,57.629627,0.0,30.620857794925048,5.989454424775527
2023-02-06 00:00:00+00:00,-36.07555,-71.75805,162.0,open-meteo_ecmwf_ifs,daily,32.701,16.901001,29.55,12.055167,3.1656494,53.04411,0.0,30.494110174305437,6.716956494119679
2023-02-07 00:00:00+00:00,-36.07555,-71.75805,162.0,open-meteo_ecmwf_ifs,daily,34.551,15.551001,29.17,9.798918,2.8259401,44.387615,0.0,30.364877695198107,6.714349393903333
2023-02-08 00:00:00+00:00,-36.07555,-71.75805,162.0,open-meteo_ecmwf_ifs,daily,33.501,15.750999,29.38,8.259334,3.3091328,39.998154,0.0,30.233184300718452,7.025219955470965
2023-02-09 00:00:00+00:00,-36.07555,-71.75805,162.0,open-meteo_ecmwf_ifs,daily,34.401,15.501,29.43,9.640585,4.3195233,46.94634,0.0,30.099054971577804,7.532694743160668
2023-02-10 00:00:00+00:00,-36.07555,-71.75805,162.0,open-meteo_ecmwf_ifs,daily,32.901,17.651001,28.56,11.151001,5.2052603,46.886753,0.0,29.962515748164094,7.76102206538207
2023-02-11 00:00:00+00:00,-36.07555,-71.75805,162.0,open-meteo_ecmwf_ifs,daily,32.101,14.551001,28.94,7.4697514,4.209114,42.80891,0.0,29.82359375178519,7.165108572234066
2023-02-12 00:00:00+00:00,-36.07555,-71.75805,162.0,open-meteo_ecmwf_ifs,daily,29.201,15.101,25.08,10.878085,3.777849,53.862717,0.0,29.682317204981594,5.836785050815658
2023-02-13 00:00:00+00:00,-36.07555,-71.75805,162.0,open-meteo_ecmwf_ifs,daily,28.301,13.351,28.25,10.215585,4.4747605,58.62413,0.0,29.538715450816458,6.060783943006482
2023-02-14 00:00:00+00:00,-36.07555,-71.75805,162.0,open-meteo_ecmwf_ifs,daily,28.501,13.701,27.81,6.0801673,5.684402,42.933685,0.0,29.392818971052204,7.129195195081321
2023-02-15 00:00:00+00:00,-36.07555,-71.75805,162.0,open-meteo_ecmwf_ifs,daily,30.101,14.301001,27.64,8.369751,6.2899914,44.28435,0.0,29.244659403124988,7.360151978190178
2023-02-16 00:00:00+00:00,-36.07555,-71.75805,162.0,open-meteo_ecmwf_ifs,daily,26.251,11.601,28.14,5.967667,5.69115,45.809933,0.0,29.09426955583026,6.38456334453108
2023-02-17 00:00:00+00:00,-36.07555,-71.75805,162.0,open-meteo_ecmwf_ifs,daily,31.501,9.501,28.07,1.5551671,2.9605742,35.271946,0.0,28.941683423635514,6.074436301017385
2023-02-18 00:00:00+00:00,-36.07555,-71.75805,162.0,open-meteo_ecmwf_ifs,daily,31.201,13.351,27.74,-2.9989996,2.0485542,18.86772,0.0,28.786936199539177,5.78371902314388
2023-02-19 00:00:00+00:00,-36.07555,-71.75805,162.0,open-meteo_ecmwf_ifs,daily,31.001,13.001,27.4,4.8614163,1.9791366,35.93,0.0,28.63006428639772,5.497384105008618
2023-02-20 00:00:00+00:00,-36.07555,-71.75805,162.0,open-meteo_ecmwf_ifs,daily,31.601,14.201,27.34,7.178084,3.7668426,40.71242,0.0,28.47110530664709,6.5921141243486145
2023-02-21 00:00:00+00:00,-36.07555,-71.75805,162.0,open-meteo_ecmwf_ifs,daily,33.401,13.801001,27.39,5.0426664,3.2860777,35.167812,0.0,28.310098110348147,6.627555383138903
2023-02-22 00:00:00+00:00,-36.07555,-71.75805,162.0,open-meteo_ecmwf_ifs,daily,30.901001,14.551001,26.77,6.821834,1.959139,39.75028,0.0,28.14708278149008,5.432055652756661
2023-02-23 00:00:00+00:00,-36.07555,-71.75805,162.0,open-meteo_ecmwf_ifs,daily,33.651,14.401,26.65,8.142667,4.0719705,42.250046,0.0,27.98210064249061,6.855296255440502
2023-02-24 00:00:00+00:00,-36.07555,-71.75805,162.0,open-meteo_ecmwf_ifs,daily,30.051,14.151,25.96,10.634334,2.7271883,51.225307,0.0,27.815194256836083,5.401405140258629
2023-02-25 00:00:00+00:00,-36.07555,-71.75805,162.0,open-meteo_ecmwf_ifs,daily,27.301,14.901,25.48,10.786418,3.252599,55.441433,0.0,27.64640742980992,5.287702257657798
2023-02-26 00:00:00+00:00,-36.07555,-71.75805,162.0,open-meteo_ecmwf_ifs,daily,30.701,11.401,26.36,3.0593336,5.228515,37.851223,0.0,27.475785207262938,7.046484087625647
2023-02-27 00:00:00+00:00,-36.07555,-71.75805,162.0,open-meteo_ecmwf_ifs,daily,31.951,12.601,25.75,6.811417,3.266001,42.176186,0.0,27.30337387238463,5.9556426723949265
2023-02-28 00:00:00+00:00,-36.07555,-71.75805,162.0,open-meteo_ecmwf_ifs,daily,31.951,13.651,25.88,7.748916,3.3692825,44.63063,0.0,27.129220940439794,6.056760762360368
2023-03-01 00:00:00+00:00,-36.07555,-71.75805,162.0,open-meteo_ecmwf_ifs,daily,30.901001,14.701,25.62,9.009335,5.849711,48.02653,0.0,26.953375151440913,6.992466122451622
2023-03-02 00:00:00+00:00,-36.07555,-71.75805,162.0,open-meteo_ecmwf_ifs,daily,33.601,13.401,24.94,8.426,5.4058743,44.875423,0.0,26.775886460732384,7.0717886005514
2023-03-03 00:00:00+00:00,-36.07555,-71.75805,162.0,open-meteo_ecmwf_ifs,daily,30.801,14.801001,24.62,9.751,2.7786791,48.40859,0.0,26.59680602746883,5.416941751102695
2023-03-04 00:00:00+00:00,-36.07555,-71.75805,162.0,open-meteo_ecmwf_ifs,daily,33.401,13.601,25.01,8.315585,4.38085,48.53888,0.0,26.4161862009753,6.573441739680414
2023-03-05 00:00:00+00:00,-36.07555,-71.75805,162.0,open-meteo_ecmwf_ifs,daily,32.051,14.801001,24.74,3.0405834,3.29799,28.262049,0.0,26.23408050498401,6.290148460616132
2023-03-06 00:00:00+00:00,-36.07555,-71.75805,162.0,open-meteo_ecmwf_ifs,daily,28.801,14.401,24.17,11.734333,2.2687008,59.09306,0.0,26.050543619747593,4.697819504884613
2023-03-07 00:00:00+00:00,-36.07555,-71.75805,162.0,open-meteo_ecmwf_ifs,daily,29.851,12.551001,21.97,9.909334,3.2952077,61.136105,0.0,25.865631362035565,4.958790585683379
2023-03-08 00:00:00+00:00,-36.07555,-71.75805,162.0,open-meteo_ecmwf_ifs,daily,26.651001,13.401,23.2,9.669751,1.9578122,59.069042,0.0,25.679400663026495,4.291650585528403
2023-03-09 00:00:00+00:00,-36.07555,-71.75805,162.0,open-meteo_ecmwf_ifs,daily,25.301,14.451,13.46,13.276001,2.2166724,70.66106,0.0,25.491909544114634,3.0225226907709217
2023-03-10 00:00:00+00:00,-36.07555,-71.75805,162.0,open-meteo_ecmwf_ifs,daily,29.551,13.051001,23.14,12.415585,2.5605006,65.93493,0.0,25.303217090655632,4.518179341452533
2023-03-11 00:00:00+00:00,-36.07555,-71.75805,162.0,open-meteo_ecmwf_ifs,daily,28.701,11.951,23.28,9.371835,2.3819096,57.515545,0.0,25.113383423682034,4.504145047080053
2023-03-12 00:00:00+00:00,-36.07555,-71.75805,162.0,open-meteo_ecmwf_ifs,daily,27.501,12.801001,21.72,11.507251,1.8807735,63.216076,0.0,24.922469669625215,3.9603204840489235
2023-03-13 00:00:00+00:00,-36.07555,-71.75805,162.0,open-meteo_ecmwf_ifs,daily,28.051,15.401,20.4,13.396835,2.3088272,66.151535,0.0,24.730537928085806,4.103549005616998
2023-03-14 00:00:00+00:00,-36.07555,-71.75805,162.0,open-meteo_ecmwf_ifs,daily,27.501,13.201,22.6,7.4009995,2.8203676,46.79434,0.0,24.537651237700626,4.752147084300595
2023-03-15 00:00:00+00:00,-36.07555,-71.75805,162.0,open-meteo_ecmwf_ifs,daily,27.151001,10.801001,22.73,7.6010003,1.9694389,53.53603,0.0,24.343873540159517,4.0803891140203055
2023-03-16 00:00:00+00:00,-36.07555,-71.75805,162.0,open-meteo_ecmwf_ifs,daily,28.101,12.901,20.65,11.890583,2.5390449,63.59251,0.0,24.149269642430585,4.05761462672114
2023-03-17 00:00:00+00:00,-36.07555,-71.75805,162.0,open-meteo_ecmwf_ifs,daily,28.001,14.251,19.69,13.526001,2.3499725,72.1527,0.0,23.95390517725754,3.8546086808824467
2023-03-18 00:00:00+00:00,-36.07555,-71.75805,162.0,open-meteo_ecmwf_ifs,daily,29.701,13.901,21.46,12.953084,4.230619,63.960987,0.0,23.75784656199807,4.831412382014314
2023-03-19 00:00:00+00:00,-36.07555,-71.75805,162.0,open-meteo_ecmwf_ifs,daily,29.301,14.251,21.5,11.926,4.0365953,59.25886,0.0,23.561160955876115,4.917085924465221
2023-03-20 00:00:00+00:00,-36.07555,-71.75805,162.0,open-meteo_ecmwf_ifs,daily,27.501,10.301001,21.82,8.638501,3.2886498,57.46588,0.0,23.36391621572624,4.342934751837864
2023-03-21 00:00:00+00:00,-36.07555,-71.75805,162.0,open-meteo_ecmwf_ifs,daily,29.051,10.751,21.54,7.353083,2.28949,53.931606,0.0,23.166180850311783,4.193219890798227
2023-03-22 00:00:00+00:00,-36.07555,-71.75805,162.0,open-meteo_ecmwf_ifs,daily,30.101,11.351,21.15,7.594751,2.815793,52.617252,0.0,22.968023973302923,4.548343778771705
2023-03-23 00:00:00+00:00,-36.07555,-71.75805,162.0,open-meteo_ecmwf_ifs,daily,30.151001,11.501,21.26,8.334333,3.30052,55.23641,0.0,22.769515255004226,4.732597037940112
2023-03-24 00:00:00+00:00,-36.07555,-71.75805,162.0,open-meteo_ecmwf_ifs,daily,30.251,11.851,21.03,5.6697507,3.6511214,47.483906,0.0,22.57072487292476,5.177949868250437
2023-03-25 00:00:00+00:00,-36.07555,-71.75805,162.0,open-meteo_ecmwf_ifs,daily,29.351,12.751,20.84,6.028084,5.49886,43.39406,0.0,22.37172346128701,6.0024964334307205
2023-03-26 00:00:00+00:00,-36.07555,-71.75805,162.0,open-meteo_ecmwf_ifs,daily,28.301,9.701,20.52,9.340583,2.1677496,59.83737,0.0,22.172582059573642,3.6775268729021504
2023-03-27 00:00:00+00:00,-36.07555,-71.75805,162.0,open-meteo_ecmwf_ifs,daily,26.201,10.551001,20.22,8.684334,1.9072868,58.298367,0.0,21.97337206021381,3.4732293033651245
2023-03-28 00:00:00+00:00,-36.07555,-71.75805,162.0,open-meteo_ecmwf_ifs,daily,25.101,8.751,15.48,9.061418,2.6276882,67.7645,0.2,21.774165155512794,3.0369861603773707
2023-03-29 00:00:00+00:00,-36.07555,-71.75805,162.0,open-meteo_ecmwf_ifs,daily,22.851,8.601,20.36,4.9739165,4.699751,57.10809,1.8000001,21.575033283931017,4.183923588649184
2023-03-30 00:00:00+00:00,-36.07555,-71.75805,162.0,open-meteo_ecmwf_ifs,daily,24.251,7.2510004,19.49,1.296833,4.7663713,44.451427,0.0,21.3760485758197,4.6190847279333545
2023-03-31 00:00:00+00:00,-36.07555,-71.75805,162.0,open-meteo_ecmwf_ifs,daily,28.351,6.8510003,19.43,4.8093333,3.1821053,54.2289,0.0,21.177283298722234,4.034002086440081
2023-04-01 00:00:00+00:00,-36.07555,-71.75805,162.0,open-meteo_ecmwf_ifs,daily,28.451,11.201,18.6,4.886417,4.143418,42.731308,0.0,20.978809802351034,4.9150901814902355
2023-04-02 00:00:00+00:00,-36.07555,-71.75805,162.0,open-meteo_ecmwf_ifs,daily,26.051,13.651,17.04,10.451001,3.6958425,59.827885,0.0,20.78070046335055,3.9206906164716457
2023-04-03 00:00:00+00:00,-36.07555,-71.75805,162.0,open-meteo_ecmwf_ifs,daily,26.501,10.551001,18.55,8.40725,3.9722178,58.109722,0.0,20.5830276299574,4.046525128956967
2023-04-04 00:00:00+00:00,-36.07555,-71.75805,162.0,open-meteo_ecmwf_ifs,daily,26.751,8.351,18.9,7.4572506,2.6899931,57.960354,0.0,20.385863566668853,3.480675266236889
2023-04-05 00:00:00+00:00,-36.07555,-71.75805,162.0,open-meteo_ecmwf_ifs,daily,21.801,10.101,10.7,6.98225,1.7294502,57.769913,0.0,20.189280399030558,2.3080961780732405
2023-04-06 00:00:00+00:00,-36.07555,-71.75805,162.0,open-meteo_ecmwf_ifs,daily,25.751,11.601,17.86,10.973918,3.1251707,69.25996,0.0,19.993350058653956,3.3785510335310747
2023-04-07 00:00:00+00:00,-36.07555,-71.75805,162.0,open-meteo_ecmwf_ifs,daily,27.051,7.8010006,16.72,7.4947495,3.6398299,61.464153,0.0,19.798144228573072,3.6003109513583516
2023-04-08 00:00:00+00:00,-36.07555,-71.75805,162.0,open-meteo_ecmwf_ifs,daily,26.401001,8.101,18.06,7.753084,2.3478436,65.85664,0.0,19.603734289049314,3.1418340781775638
2023-04-09 00:00:00+00:00,-36.07555,-71.75805,162.0,open-meteo_ecmwf_ifs,daily,26.301,9.101,17.49,6.8385005,2.2653062,57.54925,0.0,19.410191263931335,3.1953133524985575
2023-04-10 00:00:00+00:00,-36.07555,-71.75805,162.0,open-meteo_ecmwf_ifs,daily,25.951,11.351,14.31,12.003083,2.5009181,72.77195,0.0,19.217585767675708,2.7457798480220954
2023-04-11 00:00:00+00:00,-36.07555,-71.75805,162.0,open-meteo_ecmwf_ifs,daily,24.051,13.501,13.55,13.440583,1.990976,78.36851,0.0,19.02598795313194,2.4087012622049904
2023-04-12 00:00:00+00:00,-36.07555,-71.75805,162.0,open-meteo_ecmwf_ifs,daily,21.551,12.101,10.03,11.973916,1.8117276,76.60945,0.0,18.83546746019329,1.9068046449075247
2023-04-13 00:00:00+00:00,-36.07555,-71.75805,162.0,open-meteo_ecmwf_ifs,daily,20.051,11.451,9.93,11.265583,1.7196727,79.28927,0.70000005,18.646093365412458,1.7772089159630364
2023-04-14 00:00:00+00:00,-36.07555,-71.75805,162.0,open-meteo_ecmwf_ifs,daily,20.601,11.501,10.44,11.23225,2.3821995,81.2087,0.0,18.457934132678428,1.984053041701181
2023-04-15 00:00:00+00:00,-36.07555,-71.75805,162.0,open-meteo_ecmwf_ifs,daily,21.151001,8.951,14.86,9.632251,2.403106,77.113464,0.0,18.271057565047805,2.269391197500771
2023-04-16 00:00:00+00:00,-36.07555,-71.75805,162.0,open-meteo_ecmwf_ifs,daily,20.701,7.851,15.39,7.8551674,2.047969,69.764244,0.0,18.085530757820937,2.2494329949986365
2023-04-17 00:00:00+00:00,-36.07555,-71.75805,162.0,open-meteo_ecmwf_ifs,daily,17.251,6.901,16.19,3.1572504,4.918398,57.306488,0.0,17.901420052949565,3.0328707736162746
2023-04-18 00:00:00+00:00,-36.07555,-71.75805,162.0,open-meteo_ecmwf_ifs,daily,18.251,6.901,13.45,1.9593334,4.017153,52.687305,0.0,17.71879099485927,2.9815378188112005
2023-04-19 00:00:00+00:00,-36.07555,-71.75805,162.0,open-meteo_ecmwf_ifs,daily,22.951,10.051001,15.42,6.761418,4.4193788,60.915695,0.0,17.537708287766065,3.465726355924512
2023-04-20 00:00:00+00:00,-36.07555,-71.75805,162.0,open-meteo_ecmwf_ifs,daily,22.401001,8.101,14.02,10.153083,2.9073236,80.484634,0.0,17.358235754562568,2.2121716769102076
2023-04-21 00:00:00+00:00,-36.07555,-71.75805,162.0,open-meteo_ecmwf_ifs,daily,18.451,14.151,6.6,11.467668,3.184528,75.89121,1.2,17.180436297344887,1.8506874113848837
2023-04-22 00:00:00+00:00,-36.07555,-71.75805,162.0,open-meteo_ecmwf_ifs,daily,21.701,9.201,13.49,10.315583,2.5895627,81.16699,0.0,17.0043718596471,2.1169056333325913
2023-04-23 00:00:00+00:00,-36.07555,-71.75805,162.0,open-meteo_ecmwf_ifs,daily,20.101,9.301001,10.86,10.661418,1.8652683,85.01178,0.0,16.830103390445597,1.6560295954653503
2023-04-24 00:00:00+00:00,-36.07555,-71.75805,162.0,open-meteo_ecmwf_ifs,daily,19.951,9.551001,12.59,11.378085,1.2411132,85.473175,0.0,16.65769080999082,1.6107589320932398
2023-04-25 00:00:00+00:00,-36.07555,-71.75805,162.0,open-meteo_ecmwf_ifs,daily,20.101,8.651,9.78,9.95725,2.1780713,83.83204,0.0,16.48719297751918,1.6478689115387781
2023-04-26 00:00:00+00:00,-36.07555,-71.75805,162.0,open-meteo_ecmwf_ifs,daily,20.801,8.901,8.34,9.265585,2.252393,75.96514,0.0,16.318667660892945,1.7386324665820982
2023-04-27 00:00:00+00:00,-36.07555,-71.75805,162.0,open-meteo_ecmwf_ifs,daily,19.751,10.001,11.65,10.928084,2.324266,81.248665,0.0,16.152171508210685,1.7210938707257553
2023-04-28 00:00:00+00:00,-36.07555,-71.75805,162.0,open-meteo_ecmwf_ifs,daily,17.151001,12.051001,2.99,10.819751,6.235193,80.82806,17.800001,15.987760021425702,1.7208782614983251
2023-04-29 00:00:00+00:00,-36.07555,-71.75805,162.0,open-meteo_ecmwf_ifs,daily,16.251,13.151,4.53,12.586418,7.185623,90.20034,38.100002,15.825487532004558,1.3003764760719645
2023-04-30 00:00:00+00:00,-36.07555,-71.75805,162.0,open-meteo_ecmwf_ifs,daily,15.151,8.651,10.86,8.846833,2.9787922,83.1023,9.7,15.665407178652305,1.429509289857602
2023-05-01 00:00:00+00:00,-36.07555,-71.75805,162.0,open-meteo_ecmwf_ifs,daily,14.551001,5.201,13.23,5.4614162,4.562959,78.92102,0.0,15.507570887125565,1.7488967360828123
2023-05-02 00:00:00+00:00,-36.07555,-71.75805,162.0,open-meteo_ecmwf_ifs,daily,15.851,3.9009998,13.52,4.8051667,3.8069344,76.42037,0.0,15.352029352148971,1.773318077111243
2023-05-03 00:00:00+00:00,-36.07555,-71.75805,162.0,open-meteo_ecmwf_ifs,daily,14.351,5.551,10.98,6.584335,2.239717,87.499214,0.0,15.198832021444753,1.280459036480035
2023-05-04 00:00:00+00:00,-36.07555,-71.75805,162.0,open-meteo_ecmwf_ifs,daily,12.601,6.551,6.35,7.290584,1.7528917,91.13787,0.0,15.048027081879638,0.9252089069126742
2023-05-05 00:00:00+00:00,-36.07555,-71.75805,162.0,open-meteo_ecmwf_ifs,daily,15.951,6.651,9.46,7.840584,2.0375516,86.67727,0.0,14.89966144772741,1.2524678153012858
2023-05-06 00:00:00+00:00,-36.07555,-71.75805,162.0,open-meteo_ecmwf_ifs,daily,14.201,3.851,7.69,7.282251,1.8209857,90.84251,0.0,14.753780751039573,0.890586287958689
2023-05-07 00:00:00+00:00,-36.07555,-71.75805,162.0,open-meteo_ecmwf_ifs,daily,18.101,7.651,11.19,9.565583,2.246185,88.77564,0.0,14.610429334110822,1.3790469712780096
2023-05-08 00:00:00+00:00,-36.07555,-71.75805,162.0,open-meteo_ecmwf_ifs,daily,16.501,5.1010003,11.28,7.498918,2.4866295,87.883156,0.0,14.469650244020226,1.2905424238543088
2023-05-09 00:00:00+00:00,-36.07555,-71.75805,162.0,open-meteo_ecmwf_ifs,daily,18.201,7.451,11.46,8.105167,2.6044111,83.62408,0.0,14.331485229222977,1.5806173684747111
2023-05-10 00:00:00+00:00,-36.07555,-71.75805,162.0,open-meteo_ecmwf_ifs,daily,15.401,6.3510003,6.23,7.9572506,2.2078013,86.60449,0.0,14.195974738161995,1.0349133022244843
2023-05-11 00:00:00+00:00,-36.07555,-71.75805,162.0,open-meteo_ecmwf_ifs,daily,20.851,7.451,11.57,9.121833,3.7231972,78.75162,0.0,14.06315791986258,1.8761340040532855
2023-05-12 00:00:00+00:00,-36.07555,-71.75805,162.0,open-meteo_ecmwf_ifs,daily,23.301,10.951,11.27,11.598916,5.1563354,78.816605,0.0,13.9330726264679,2.430312031672269
2023-05-13 00:00:00+00:00,-36.07555,-71.75805,162.0,open-meteo_ecmwf_ifs,daily,21.151001,10.201,11.43,11.6385,5.1517777,80.46404,0.0,13.805755417666933,1.9535475949501266
2023-05-14 00:00:00+00:00,-36.07555,-71.75805,162.0,open-meteo_ecmwf_ifs,daily,18.851,5.0010004,10.39,8.850999,3.0294192,88.85147,0.0,13.681241566961397,1.2716681533171383
2023-05-15 00:00:00+00:00,-36.07555,-71.75805,162.0,open-meteo_ecmwf_ifs,daily,18.401001,11.051001,5.75,11.384334,3.2609217,83.279,0.1,13.559565069712148,1.3204060035407983
2023-05-16 00:00:00+00:00,-36.07555,-71.75805,162.0,open-meteo_ecmwf_ifs,daily,18.451,10.351,9.45,11.659335,1.3609554,86.62008,0.0,13.440758652900527,1.1199448665103284
2023-05-17 00:00:00+00:00,-36.07555,-71.75805,162.0,open-meteo_ecmwf_ifs,daily,14.051001,10.751,3.38,10.542668,1.5590245,90.25561,3.3,13.324853786534561,0.7636348743785218
2023-05-18 00:00:00+00:00,-36.07555,-71.75805,162.0,open-meteo_ecmwf_ifs,daily,15.151,7.901,6.24,8.626,2.4230201,85.195564,0.0,13.211880696624863,1.0263872280111754
2023-05-19 00:00:00+00:00,-36.07555,-71.75805,162.0,open-meteo_ecmwf_ifs,daily,17.451,6.901,10.75,7.251,3.7776062,79.4599,0.5,13.101868379650254,1.6331798283788967
2023-05-20 00:00:00+00:00,-36.07555,-71.75805,162.0,open-meteo_ecmwf_ifs,daily,13.301001,1.2509999,10.45,3.9343336,2.2427092,84.89153,0.0,12.994844618428031,0.9686382538486114
2023-05-21 00:00:00+00:00,-36.07555,-71.75805,162.0,open-meteo_ecmwf_ifs,daily,11.251,6.801,2.04,6.1697516,6.1083164,82.021065,12.8,12.890835999299556,1.1105497483543239
2023-05-22 00:00:00+00:00,-36.07555,-71.75805,162.0,open-meteo_ecmwf_ifs,daily,15.501,9.351,6.63,7.8176665,5.4865775,78.09199,12.7,12.789867930537339,1.732291035443302
2023-05-23 00:00:00+00:00,-36.07555,-71.75805,162.0,open-meteo_ecmwf_ifs,daily,13.451,11.551001,3.73,10.005166,5.1926255,85.04598,28.5,12.69196466187576,1.1247725436842908
2023-05-24 00:00:00+00:00,-36.07555,-71.75805,162.0,open-meteo_ecmwf_ifs,daily,15.501,9.451,4.44,7.826,4.2034926,77.05974,3.1000001,12.597149305063722,1.5313096130932131
2023-05-25 00:00:00+00:00,-36.07555,-71.75805,162.0,open-meteo_ecmwf_ifs,daily,14.801001,7.6010003,7.2,8.217667,1.648944,86.84897,0.0,12.50544385533427,0.9131982429047697
2023-05-26 00:00:00+00:00,-36.07555,-71.75805,162.0,open-meteo_ecmwf_ifs,daily,12.851,8.201,2.89,8.471833,3.43378,90.97808,9.500001,12.416869213682778,0.8295453488824825
2023-05-27 00:00:00+00:00,-36.07555,-71.75805,162.0,open-meteo_ecmwf_ifs,daily,12.151,2.151,10.49,4.051001,3.8526433,82.31767,0.0,12.331445209842643,1.0102671180086369
2023-05-28 00:00:00+00:00,-36.07555,-71.75805,162.0,open-meteo_ecmwf_ifs,daily,8.251,1.2509999,4.75,3.1530836,1.4428515,93.78665,0.0,12.249190625845157,0.5557744514677578
2023-05-29 00:00:00+00:00,-36.07555,-71.75805,162.0,open-meteo_ecmwf_ifs,daily,13.851,3.101,9.47,5.4218335,2.032067,89.905556,0.0,12.170123220047914,0.8739859368986841
2023-05-30 00:00:00+00:00,-36.07555,-71.75805,162.0,open-meteo_ecmwf_ifs,daily,14.951,5.151,7.79,6.940584,1.5717735,90.62005,0.0,12.094259751514848,0.8525582747840067
2023-05-31 00:00:00+00:00,-36.07555,-71.75805,162.0,open-meteo_ecmwf_ifs,daily,16.651001,10.001,7.16,9.600999,1.7368819,84.98776,12.6,12.021616004629552,1.0279225862196373
2023-06-01 00:00:00+00:00,-36.07555,-71.75805,162.0,open-meteo_ecmwf_ifs,daily,15.701,7.6010003,6.54,9.205168,3.7038848,89.730354,0.5,11.95220681382314,0.9957995687601273
2023-06-02 00:00:00+00:00,-36.07555,-71.75805,162.0,open-meteo_ecmwf_ifs,daily,15.351,11.501,6.83,10.909336,3.9765117,88.476585,35.599995,11.88604608829744,1.100629598873654
2023-06-03 00:00:00+00:00,-36.07555,-71.75805,162.0,open-meteo_ecmwf_ifs,daily,14.001,8.601,2.92,10.090584,3.9176903,92.32767,3.5999997,11.823146836624794,0.6733701434396167
2023-06-04 00:00:00+00:00,-36.07555,-71.75805,162.0,open-meteo_ecmwf_ifs,daily,14.951,5.801,10.37,7.9968324,2.8846319,87.41382,0.1,11.763521191106538,0.9067083109236225
2023-06-05 00:00:00+00:00,-36.07555,-71.75805,162.0,open-meteo_ecmwf_ifs,daily,16.151001,4.701,9.41,5.1697497,2.3247666,78.36176,0.0,11.707180431773345,1.1643395909360668
2023-06-06 00:00:00+00:00,-36.07555,-71.75805,162.0,open-meteo_ecmwf_ifs,daily,15.151,9.101,4.4,9.980166,2.1155088,91.75506,0.0,11.654135009912755,0.7921662427556762
2023-06-07 00:00:00+00:00,-36.07555,-71.75805,162.0,open-meteo_ecmwf_ifs,daily,15.301001,7.451,7.57,10.013501,2.2348418,93.48188,0.0,11.604394571011357,0.7163227514527004
2023-06-08 00:00:00+00:00,-36.07555,-71.75805,162.0,open-meteo_ecmwf_ifs,daily,13.701,11.551001,1.34,11.5135,6.857471,92.36782,32.9,11.557967977002177,0.7016002420481382
2023-06-09 00:00:00+00:00,-36.07555,-71.75805,162.0,open-meteo_ecmwf_ifs,daily,14.001,5.901,8.11,6.7509995,2.9785573,83.444466,8.900001,11.514863327711032,0.9761812571027226
2023-06-10 00:00:00+00:00,-36.07555,-71.75805,162.0,open-meteo_ecmwf_ifs,daily,11.951,3.401,10.13,3.1822503,3.7132807,77.80148,0.7,11.475087981399868,1.151604388035977
2023-06-11 00:00:00+00:00,-36.07555,-71.75805,162.0,open-meteo_ecmwf_ifs,daily,8.901,0.651,10.47,-0.26775,5.1940923,71.22182,0.0,11.438648574309193,1.2479404285220352
2023-06-12 00:00:00+00:00,-36.07555,-71.75805,162.0,open-meteo_ecmwf_ifs,daily,12.551001,-1.4990001,10.22,1.18225,3.0679417,81.66386,0.0,11.405551039107118,0.9493798887344832
2023-06-13 00:00:00+00:00,-36.07555,-71.75805,162.0,open-meteo_ecmwf_ifs,daily,8.851,-3.249,10.08,-1.6510831,1.7672602,70.0858,0.0,11.375800622157493,0.6914556358822564
2023-06-14 00:00:00+00:00,-36.07555,-71.75805,162.0,open-meteo_ecmwf_ifs,daily,15.851,-0.499,9.72,0.41766667,1.7406005,77.81408,0.0,11.349401899525892,1.0133369763520625
2023-06-15 00:00:00+00:00,-36.07555,-71.75805,162.0,open-meteo_ecmwf_ifs,daily,16.151001,6.051,9.42,8.355167,3.5777245,87.161316,0.0,11.32635879164836,0.995000662822753
2023-06-16 00:00:00+00:00,-36.07555,-71.75805,162.0,open-meteo_ecmwf_ifs,daily,14.151,6.2510004,8.22,7.5385,3.703415,89.341576,0.0,11.306674576594556,0.9471831374537502
2023-06-17 00:00:00+00:00,-36.07555,-71.75805,162.0,open-meteo_ecmwf_ifs,daily,12.201,2.8009999,7.78,4.9093337,1.4842954,90.83216,0.0,11.290351901864103,0.6550683050023653
2023-06-18 00:00:00+00:00,-36.07555,-71.75805,162.0,open-meteo_ecmwf_ifs,daily,9.901,2.5509999,4.7,4.709334,1.8381848,95.56333,0.0,11.277392794662271,0.5466737519839195
2023-06-19 00:00:00+00:00,-36.07555,-71.75805,162.0,open-meteo_ecmwf_ifs,daily,15.301001,5.0010004,5.65,7.5510006,1.1289426,92.36013,0.1,11.267798670609043,0.6765903791697799
2023-06-20 00:00:00+00:00,-36.07555,-71.75805,162.0,open-meteo_ecmwf_ifs,daily,13.551001,5.401,6.06,7.9676666,1.6757215,93.62853,0.2,11.261570340843303,0.6167925194843438
2023-06-21 00:00:00+00:00,-36.07555,-71.75805,162.0,open-meteo_ecmwf_ifs,daily,14.751,7.651,5.17,9.478084,2.9679992,91.27975,2.5,11.258708017492333,0.7446380373032974
2023-06-22 00:00:00+00:00,-36.07555,-71.75805,162.0,open-meteo_ecmwf_ifs,daily,14.101,11.801001,1.21,11.130168,6.7629128,90.196014,43.8,11.259211317484986,0.9472990662858592
2023-06-23 00:00:00+00:00,-36.07555,-71.75805,162.0,open-meteo_ecmwf_ifs,daily,15.251,12.651,0.69,13.067668,6.014938,93.67053,43.800003,11.263079264695396,0.6236765999345857
2023-06-24 00:00:00+00:00,-36.07555,-71.75805,162.0,open-meteo_ecmwf_ifs,daily,14.851,14.351,0.54,13.621833,5.74293,93.63807,82.100006,11.270310290412631,0.660893061941185
2023-06-25 00:00:00+00:00,-36.07555,-71.75805,162.0,open-meteo_ecmwf_ifs,daily,15.051001,13.201,0.98,13.180168,7.3103013,93.21735,62.800003,11.280902232140207,0.6703052706661348
2023-06-26 00:00:00+00:00,-36.07555,-71.75805,162.0,open-meteo_ecmwf_ifs,daily,12.951,8.751,4.37,9.840585,1.8528243,93.51623,0.4,11.294852330737816,0.5843145245149935
2023-06-27 00:00:00+00:00,-36.07555,-71.75805,162.0,open-meteo_ecmwf_ifs,daily,12.901,7.8010006,8.36,6.765585,3.0376995,81.554115,10.0,11.312157225926171,1.0371440845021747
2023-06-28 00:00:00+00:00,-36.07555,-71.75805,162.0,open-meteo_ecmwf_ifs,daily,12.951,3.401,7.25,1.6885,3.7949743,68.0323,0.0,11.332812950183955,1.4689460478182883
2023-06-29 00:00:00+00:00,-36.07555,-71.75805,162.0,open-meteo_ecmwf_ifs,daily,12.951,1.951,7.01,3.2489169,1.8746405,80.57888,0.0,11.356814921074179,0.8403540118489371
2023-06-30 00:00:00+00:00,-36.07555,-71.75805,162.0,open-meteo_ecmwf_ifs,daily,16.701,3.9009998,8.49,6.7260003,1.293857,89.86271,0.0,11.384157932044886,0.7858125448103543
2023-07-01 00:00:00+00:00,-36.07555,-71.75805,162.0,open-meteo_ecmwf_ifs,daily,13.601,3.9009998,8.08,6.484333,1.7530781,90.90305,0.0,11.414836141756966,0.6994656980091811
2023-07-02 00:00:00+00:00,-36.07555,-71.75805,162.0,open-meteo_ecmwf_ifs,daily,11.651,8.251,1.05,9.105166,5.5639405,92.00466,37.9,11.448843061998936,0.5440744484432016
2023-07-03 00:00:00+00:00,-36.07555,-71.75805,162.0,open-meteo_ecmwf_ifs,daily,15.551001,9.401,7.78,9.340584,3.5160646,85.83979,18.4,11.486171544255617,1.121669362801205
2023-07-04 00:00:00+00:00,-36.07555,-71.75805,162.0,open-meteo_ecmwf_ifs,daily,11.701,7.451,2.95,8.384334,4.2929807,92.47702,23.5,11.526813765004155,0.6300753112514127
2023-07-05 00:00:00+00:00,-36.07555,-71.75805,162.0,open-meteo_ecmwf_ifs,daily,13.801001,8.151,5.58,8.392668,2.288883,88.312386,10.2,11.570761209816999,0.8428218300370476
2023-07-06 00:00:00+00:00,-36.07555,-71.75805,162.0,open-meteo_ecmwf_ifs,daily,12.651,7.8010006,6.57,8.086417,1.351883,88.464325,0.2,11.618004656357021,0.703373601463841
2023-07-07 00:00:00+00:00,-36.07555,-71.75805,162.0,open-meteo_ecmwf_ifs,daily,10.301001,1.951,4.95,4.5968337,2.606694,90.28495,0.7,11.668534156355456,0.5917679231617868
2023-07-08 00:00:00+00:00,-36.07555,-71.75805,162.0,open-meteo_ecmwf_ifs,daily,11.101,8.951,2.09,7.9926677,5.7111306,88.66736,32.3,11.722339016667867,0.8934583641594621
2023-07-09 00:00:00+00:00,-36.07555,-71.75805,162.0,open-meteo_ecmwf_ifs,daily,12.551001,3.851,9.9,5.5676665,2.0559404,87.542534,0.1,11.77940777950765,0.7906452295074117
2023-07-10 00:00:00+00:00,-36.07555,-71.75805,162.0,open-meteo_ecmwf_ifs,daily,12.151,0.451,10.71,2.7447503,2.5227387,83.37293,0.0,11.839728201960423,0.8739051962700437
2023-07-11 00:00:00+00:00,-36.07555,-71.75805,162.0,open-meteo_ecmwf_ifs,daily,12.401,3.0509999,3.82,6.9447513,3.113907,88.69684,8.5,11.903287234885772,0.5169738512720743
2023-07-12 00:00:00+00:00,-36.07555,-71.75805,162.0,open-meteo_ecmwf_ifs,daily,12.351,4.301,8.56,6.2739177,1.8367032,84.67344,27.000002,11.970071001315455,0.7284386736599009
2023-07-13 00:00:00+00:00,-36.07555,-71.75805,162.0,open-meteo_ecmwf_ifs,daily,11.951,1.2509999,9.44,3.5176668,2.3172367,85.116936,0.0,12.04006477445958,0.8280937310759316
2023-07-14 00:00:00+00:00,-36.07555,-71.75805,162.0,open-meteo_ecmwf_ifs,daily,12.451,2.651,7.29,4.5489163,2.6762733,89.142,0.0,12.113252955433603,0.8740062099241781
2023-07-15 00:00:00+00:00,-36.07555,-71.75805,162.0,open-meteo_ecmwf_ifs,daily,11.901,2.001,11.44,2.9135,4.6492286,80.29876,0.0,12.189619050820331,1.2133973298378924
2023-07-16 00:00:00+00:00,-36.07555,-71.75805,162.0,open-meteo_ecmwf_ifs,daily,9.101,-0.14899999,6.41,0.15516657,2.823821,76.027885,0.0,12.26914565018171,0.9415214955133511
2023-07-17 00:00:00+00:00,-36.07555,-71.75805,162.0,open-meteo_ecmwf_ifs,daily,11.701,1.8009999,9.18,3.3926666,1.2377522,88.414055,0.0,12.351814403635155,0.7631996833203666
2023-07-18 00:00:00+00:00,-36.07555,-71.75805,162.0,open-meteo_ecmwf_ifs,daily,12.801001,2.251,4.19,3.8760002,0.98442775,80.1304,0.0,12.437605999609026,0.7153814353997635
2023-07-19 00:00:00+00:00,-36.07555,-71.75805,162.0,open-meteo_ecmwf_ifs,daily,16.501,5.551,9.18,6.365584,1.8587766,78.200035,0.1,12.526500142890944,1.1229009704907449
2023-07-20 00:00:00+00:00,-36.07555,-71.75805,162.0,open-meteo_ecmwf_ifs,daily,14.601,7.551,4.44,8.534333,3.8163872,87.430756,2.8,12.61847553308122,1.002318797128712
2023-07-21 00:00:00+00:00,-36.07555,-71.75805,162.0,open-meteo_ecmwf_ifs,daily,13.851,11.201,5.51,10.311417,6.352836,88.5154,28.300003,12.713509843562333,1.1425253684813748
2023-07-22 00:00:00+00:00,-36.07555,-71.75805,162.0,open-meteo_ecmwf_ifs,daily,12.401,7.301,6.78,8.140584,3.5119514,89.40191,10.0,12.81157970109291,0.8363605321609092
2023-07-23 00:00:00+00:00,-36.07555,-71.75805,162.0,open-meteo_ecmwf_ifs,daily,9.551001,2.851,3.49,4.634333,2.7157896,88.82385,0.0,12.912660666132476,0.6301787491558298
2023-07-24 00:00:00+00:00,-36.07555,-71.75805,162.0,open-meteo_ecmwf_ifs,daily,14.251,2.501,10.67,4.64475,1.3045554,86.477715,0.0,13.016727214000207,0.9324882791167094
2023-07-25 00:00:00+00:00,-36.07555,-71.75805,162.0,open-meteo_ecmwf_ifs,daily,11.901,7.901,4.33,7.1905828,2.9102116,84.520065,9.800001,13.123752716967932,0.9402913485567977
2023-07-26 00:00:00+00:00,-36.07555,-71.75805,162.0,open-meteo_ecmwf_ifs,daily,12.501,4.7510004,8.64,5.626001,3.0685794,88.724304,0.0,13.233709427383982,1.0427205814597085
2023-07-27 00:00:00+00:00,-36.07555,-71.75805,162.0,open-meteo_ecmwf_ifs,daily,15.451,3.701,11.08,5.665583,2.037227,88.3522,0.0,13.346568461920898,1.1388152979287096
2023-07-28 00:00:00+00:00,-36.07555,-71.75805,162.0,open-meteo_ecmwf_ifs,daily,17.151001,5.151,9.48,7.603084,2.2678907,86.75205,0.0,13.462299787035775,1.1744286534532855
2023-07-29 00:00:00+00:00,-36.07555,-71.75805,162.0,open-meteo_ecmwf_ifs,daily,16.701,5.6010003,10.66,9.234334,2.823408,91.288795,0.0,13.580872205728074,1.045918135236406
2023-07-30 00:00:00+00:00,-36.07555,-71.75805,162.0,open-meteo_ecmwf_ifs,daily,17.501,9.401,7.95,11.261418,2.8627043,92.809204,0.0,13.702253345674864,1.10900098078868
2023-07-31 00:00:00+00:00,-36.07555,-71.75805,162.0,open-meteo_ecmwf_ifs,daily,18.151001,8.701,10.12,10.21975,2.2778308,91.5568,0.0,13.826409648819219,1.289617400510302
2023-08-01 00:00:00+00:00,-36.07555,-71.75805,162.0,open-meteo_ecmwf_ifs,daily,17.101,6.6010003,11.57,9.030166,2.224913,89.946236,0.0,13.953306362482394,1.2244614080927907
2023-08-02 00:00:00+00:00,-36.07555,-71.75805,162.0,open-meteo_ecmwf_ifs,daily,15.151,6.301,12.75,6.296833,5.3572993,79.52566,0.0,14.082907532065407,1.7640354866438626
2023-08-03 00:00:00+00:00,-36.07555,-71.75805,162.0,open-meteo_ecmwf_ifs,daily,14.051001,1.301,12.46,2.4176667,3.4593046,74.097984,0.0,14.215175995400918,1.4946674151279236
2023-08-04 00:00:00+00:00,-36.07555,-71.75805,162.0,open-meteo_ecmwf_ifs,daily,14.351,0.551,13.4,3.0135002,2.7373044,78.93077,0.0,14.350073378810446,1.3248787854765063
2023-08-05 00:00:00+00:00,-36.07555,-71.75805,162.0,open-meteo_ecmwf_ifs,daily,12.901,4.801,5.57,6.396833,2.1092827,90.932945,0.0,14.487560094917503,0.8942602437604322
2023-08-06 00:00:00+00:00,-36.07555,-71.75805,162.0,open-meteo_ecmwf_ifs,daily,15.851,6.6010003,11.36,8.369751,1.1345115,84.78776,0.4,14.627595342261005,1.155107471968111
2023-08-07 00:00:00+00:00,-36.07555,-71.75805,162.0,open-meteo_ecmwf_ifs,daily,14.651,2.001,11.19,5.6468334,1.6776634,82.44486,0.0,14.77013710674848,1.0697885919389871
2023-08-08 00:00:00+00:00,-36.07555,-71.75805,162.0,open-meteo_ecmwf_ifs,daily,15.051001,2.651,10.45,6.1322513,1.4715534,89.25213,0.0,14.91514216498304,1.0649363924401714
2023-08-09 00:00:00+00:00,-36.07555,-71.75805,162.0,open-meteo_ecmwf_ifs,daily,14.901,5.7510004,5.52,7.7864175,3.099757,84.58755,0.70000005,15.062566089492254,1.0438414039359183
2023-08-10 00:00:00+00:00,-36.07555,-71.75805,162.0,open-meteo_ecmwf_ifs,daily,12.801001,7.851,7.2,7.1572495,6.4998403,83.15294,31.200008,15.212363255882018,1.445423102840331
2023-08-11 00:00:00+00:00,-36.07555,-71.75805,162.0,open-meteo_ecmwf_ifs,daily,12.701,2.701,14.09,3.9593327,3.5665293,81.80305,0.0,15.364486851932718,1.4327810191924786
2023-08-12 00:00:00+00:00,-36.07555,-71.75805,162.0,open-meteo_ecmwf_ifs,daily,16.501,1.951,14.01,1.7780833,4.2130084,66.00189,0.0,15.518888888649574,2.153763560320398
2023-08-13 00:00:00+00:00,-36.07555,-71.75805,162.0,open-meteo_ecmwf_ifs,daily,19.101,3.5509999,14.04,5.9843335,3.4686403,76.32043,0.0,15.675520213273591,1.9102652771141186
2023-08-14 00:00:00+00:00,-36.07555,-71.75805,162.0,open-meteo_ecmwf_ifs,daily,18.001,5.451,9.9,8.840585,2.0530324,88.979454,0.0,15.834330524254199,1.2901991859635422
2023-08-15 00:00:00+00:00,-36.07555,-71.75805,162.0,open-meteo_ecmwf_ifs,daily,14.901,8.601,6.62,9.857251,2.8552978,91.62576,0.1,15.995268388179062,1.051961576951871
2023-08-16 00:00:00+00:00,-36.07555,-71.75805,162.0,open-meteo_ecmwf_ifs,daily,14.001,10.701,3.6,10.192668,4.561011,88.733955,26.7,16.158281258651435,1.0721555748550438
2023-08-17 00:00:00+00:00,-36.07555,-71.75805,162.0,open-meteo_ecmwf_ifs,daily,14.851,9.151,12.4,8.5885,3.561883,82.40525,20.1,16.323315497100086,1.6505358351921664
2023-08-18 00:00:00+00:00,-36.07555,-71.75805,162.0,open-meteo_ecmwf_ifs,daily,12.901,3.0509999,12.63,4.7072506,1.0475622,84.92153,0.0,16.490316395501566,1.2371701705193
2023-08-19 00:00:00+00:00,-36.07555,-71.75805,162.0,open-meteo_ecmwf_ifs,daily,12.951,8.651,1.19,8.121834,5.302212,88.71243,49.199993,16.65922820098957,1.0984415910566607
2023-08-20 00:00:00+00:00,-36.07555,-71.75805,162.0,open-meteo_ecmwf_ifs,daily,14.151,11.101,2.07,11.26975,5.4026012,93.48496,36.0,16.829994142321056,0.8289827499369218
2023-08-21 00:00:00+00:00,-36.07555,-71.75805,162.0,open-meteo_ecmwf_ifs,daily,14.351,11.251,4.95,10.98225,6.240385,85.79568,38.199997,17.00255645816395,1.131446243470037
2023-08-22 00:00:00+00:00,-36.07555,-71.75805,162.0,open-meteo_ecmwf_ifs,daily,12.851,7.8010006,4.4,7.603084,2.772855,86.85436,25.700003,17.176856427166303,1.0615791762034714
2023-08-23 00:00:00+00:00,-36.07555,-71.75805,162.0,open-meteo_ecmwf_ifs,daily,12.401,5.051,12.36,6.017668,2.932999,86.0348,2.2,17.352834399762216,1.3769051792309364
2023-08-24 00:00:00+00:00,-36.07555,-71.75805,162.0,open-meteo_ecmwf_ifs,daily,11.251,3.101,10.89,5.048917,1.851715,85.14446,5.7000003,17.530429831665227,1.144330621359277
2023-08-25 00:00:00+00:00,-36.07555,-71.75805,162.0,open-meteo_ecmwf_ifs,daily,13.401,0.901,15.86,3.5947497,1.9374928,83.23681,0.0,17.709581318995312,1.5169107122241734
2023-08-26 00:00:00+00:00,-36.07555,-71.75805,162.0,open-meteo_ecmwf_ifs,daily,15.251,0.901,16.86,2.2239168,2.9115136,72.23856,0.0,17.890226634981417,1.9474006853845611
2023-08-27 00:00:00+00:00,-36.07555,-71.75805,162.0,open-meteo_ecmwf_ifs,daily,16.301,-0.699,17.09,2.6135,1.7377788,73.73383,0.0,18.072302768177465,1.7416402189361653
2023-08-28 00:00:00+00:00,-36.07555,-71.75805,162.0,open-meteo_ecmwf_ifs,daily,12.251,6.3510003,3.25,7.1280837,3.057976,87.510216,17.6,18.255745962125253,0.9170131574268251
2023-08-29 00:00:00+00:00,-36.07555,-71.75805,162.0,open-meteo_ecmwf_ifs,daily,16.251,3.851,13.29,6.240584,2.0737216,83.97439,0.0,18.44049175639456,1.6419455582942348
2023-08-30 00:00:00+00:00,-36.07555,-71.75805,162.0,open-meteo_ecmwf_ifs,daily,14.001,7.151,12.36,5.1447506,3.2238452,73.129814,5.9999995,18.626475028926293,1.9696213506968239
2023-08-31 00:00:00+00:00,-36.07555,-71.75805,162.0,open-meteo_ecmwf_ifs,daily,13.151,2.451,11.25,3.6114168,4.0083747,76.92342,0.0,18.813630039601797,1.633208869188705
2023-09-01 00:00:00+00:00,-36.07555,-71.75805,162.0,open-meteo_ecmwf_ifs,daily,13.251,2.901,6.19,5.217667,1.8810652,84.844574,0.0,19.00189047495753,1.0688582087638516
2023-09-02 00:00:00+00:00,-36.07555,-71.75805,162.0,open-meteo_ecmwf_ifs,daily,10.751,8.051001,2.55,8.569751,1.7752792,94.73458,15.699999,19.191189493961588,0.6549498903793716
2023-09-03 00:00:00+00:00,-36.07555,-71.75805,162.0,open-meteo_ecmwf_ifs,daily,13.001,7.301,7.38,7.934334,2.1734245,89.00852,6.1000004,19.381459774765457,1.1692670684034503
2023-09-04 00:00:00+00:00,-36.07555,-71.75805,162.0,open-meteo_ecmwf_ifs,daily,12.051001,8.801001,4.56,8.215583,2.19311,87.980316,3.3,19.57263356234178,1.0066145895087584
2023-09-05 00:00:00+00:00,-36.07555,-71.75805,162.0,open-meteo_ecmwf_ifs,daily,10.851,5.8510003,2.61,7.3072495,2.4113412,91.06321,15.200001,19.764642716916505,0.6726642994761952
2023-09-06 00:00:00+00:00,-36.07555,-71.75805,162.0,open-meteo_ecmwf_ifs,daily,15.551001,10.151,14.82,8.505168,4.4489202,80.768745,40.899994,19.957418763101316,2.2988084843021888
2023-09-07 00:00:00+00:00,-36.07555,-71.75805,162.0,open-meteo_ecmwf_ifs,daily,14.351,5.201,13.4,5.765583,2.5790207,81.23355,0.1,20.150892939630538,1.7932593742930585
2023-09-08 00:00:00+00:00,-36.07555,-71.75805,162.0,open-meteo_ecmwf_ifs,daily,16.151001,5.551,18.46,6.7697506,1.7731676,79.80381,0.0,20.344996249604733,2.1405181082450566
2023-09-09 00:00:00+00:00,-36.07555,-71.75805,162.0,open-meteo_ecmwf_ifs,daily,13.651,8.751,4.05,7.459334,5.1064963,81.59893,24.099998,20.539659511141743,1.5339121984793411
2023-09-10 00:00:00+00:00,-36.07555,-71.75805,162.0,open-meteo_ecmwf_ifs,daily,13.251,10.651,3.59,10.109334,5.935478,90.64062,35.899998,20.73481340833476,1.0825475878346038
2023-09-11 00:00:00+00:00,-36.07555,-71.75805,162.0,open-meteo_ecmwf_ifs,daily,14.551001,5.7510004,17.46,6.728083,3.2915184,78.49381,12.7,20.93038854241589,2.0595747675601763
2023-09-12 00:00:00+00:00,-36.07555,-71.75805,162.0,open-meteo_ecmwf_ifs,daily,14.951,3.101,20.04,4.04475,4.301849,74.748634,0.0,21.12631548302286,2.404458933301396
2023-09-13 00:00:00+00:00,-36.07555,-71.75805,162.0,open-meteo_ecmwf_ifs,daily,12.201,1.201,8.53,4.186417,1.5772152,82.42295,0.0,21.322524819466494,1.167042574095333
2023-09-14 00:00:00+00:00,-36.07555,-71.75805,162.0,open-meteo_ecmwf_ifs,daily,14.701,8.451,5.16,8.082251,3.0272434,84.39567,10.6,21.518947211895632,1.3862741627677193
2023-09-15 00:00:00+00:00,-36.07555,-71.75805,162.0,open-meteo_ecmwf_ifs,daily,19.051,6.401,16.68,9.671834,2.634865,87.99326,0.1,21.715513442257098,2.1779787225289433
2023-09-16 00:00:00+00:00,-36.07555,-71.75805,162.0,open-meteo_ecmwf_ifs,daily,15.601,10.601,11.72,9.3135,4.021676,81.08364,13.000001,21.912154464948085,2.065003490678367
2023-09-17 00:00:00+00:00,-36.07555,-71.75805,162.0,open-meteo_ecmwf_ifs,daily,13.301001,4.051,20.85,3.840583,3.2521956,73.40449,0.0,22.108801457059048,2.3967963500202814
2023-09-18 00:00:00+00:00,-36.07555,-71.75805,162.0,open-meteo_ecmwf_ifs,daily,14.701,1.7509999,21.43,2.105167,3.9213142,68.60353,0.0,22.305385868106683,2.6084582587505727
2023-09-19 00:00:00+00:00,-36.07555,-71.75805,162.0,open-meteo_ecmwf_ifs,daily,16.101,3.351,12.97,3.2822502,4.0576324,69.498344,0.0,22.501839469156753,2.366739605298765
2023-09-20 00:00:00+00:00,-36.07555,-71.75805,162.0,open-meteo_ecmwf_ifs,daily,16.151001,5.0010004,12.82,6.584334,3.82459,77.65384,0.2,22.698094401239178,2.005856430392265
2023-09-21 00:00:00+00:00,-36.07555,-71.75805,162.0,open-meteo_ecmwf_ifs,daily,16.501,10.251,11.48,8.732251,4.044433,78.38575,8.8,22.894083222958763,2.2743634800653805
2023-09-22 00:00:00+00:00,-36.07555,-71.75805,162.0,open-meteo_ecmwf_ifs,daily,14.351,10.301001,6.24,9.11975,2.1378708,81.81727,0.1,23.089738957207196,1.3914743462296215
2023-09-23 00:00:00+00:00,-36.07555,-71.75805,162.0,open-meteo_ecmwf_ifs,daily,17.551,6.3510003,18.74,7.2385006,2.64726,78.222374,0.0,23.284995136884657,2.569028805635916
2023-09-24 00:00:00+00:00,-36.07555,-71.75805,162.0,open-meteo_ecmwf_ifs,daily,17.201,3.851,22.33,5.451,2.492404,76.26153,0.0,23.479785849541383,2.734216418440488
2023-09-25 00:00:00+00:00,-36.07555,-71.75805,162.0,open-meteo_ecmwf_ifs,daily,15.951,3.451,18.85,5.761416,2.3985913,80.40974,1.3000001,23.674045780852957,2.30177523826083
2023-09-26 00:00:00+00:00,-36.07555,-71.75805,162.0,open-meteo_ecmwf_ifs,daily,15.501,3.951,22.33,5.5572505,3.5241864,76.57201,2.9,23.867710256845903,2.605236387373216
2023-09-27 00:00:00+00:00,-36.07555,-71.75805,162.0,open-meteo_ecmwf_ifs,daily,16.001,2.3009999,23.18,3.2593334,4.712746,68.13303,0.0,24.06071528479366,2.9179874359165217
2023-09-28 00:00:00+00:00,-36.07555,-71.75805,162.0,open-meteo_ecmwf_ifs,daily,16.351,7.051,23.21,6.60725,5.3822694,74.78805,0.0,24.252997592706706,3.116942742177563
2023-09-29 00:00:00+00:00,-36.07555,-71.75805,162.0,open-meteo_ecmwf_ifs,daily,21.151001,2.201,23.18,5.8885,1.9874676,72.545235,0.0,24.444494667344415,2.993695888598782
2023-09-30 00:00:00+00:00,-36.07555,-71.75805,162.0,open-meteo_ecmwf_ifs,daily,22.451,4.0010004,23.21,7.228084,1.7046094,70.22224,0.0,24.63514479068026,3.1471959993929377
2023-10-01 00:00:00+00:00,-36.07555,-71.75805,162.0,open-meteo_ecmwf_ifs,daily,15.750999,7.2510004,10.08,9.061418,1.9724051,86.19022,0.7,24.824887074756717,1.6028411595914887
2023-10-02 00:00:00+00:00,-36.07555,-71.75805,162.0,open-meteo_ecmwf_ifs,daily,14.651,8.401,12.47,6.103083,1.321761,72.98878,1.5000001,25.013661494869872,2.0234668863338663
2023-10-03 00:00:00+00:00,-36.07555,-71.75805,162.0,open-meteo_ecmwf_ifs,daily,15.750999,5.301,17.58,6.596834,2.3188891,79.89159,1.4000001,25.20140892102965,2.3448737402593394
2023-10-04 00:00:00+00:00,-36.07555,-71.75805,162.0,open-meteo_ecmwf_ifs,daily,18.451,5.201,24.24,6.2635,3.0789049,75.75916,0.0,25.38807114764536,3.221555556122699
2023-10-05 00:00:00+00:00,-36.07555,-71.75805,162.0,open-meteo_ecmwf_ifs,daily,18.051,3.401,22.74,5.4239163,1.933023,73.35391,0.1,25.57359092139206,2.896889555643294
2023-10-06 00:00:00+00:00,-36.07555,-71.75805,162.0,open-meteo_ecmwf_ifs,daily,16.251,3.451,20.25,4.890584,2.202358,71.81412,0.0,25.757911967218206,2.618136042792905
2023-10-07 00:00:00+00:00,-36.07555,-71.75805,162.0,open-meteo_ecmwf_ifs,daily,18.601,5.151,24.83,6.1072497,4.4704137,73.7161,0.0,25.94097901246006,3.414727852479526
2023-10-08 00:00:00+00:00,-36.07555,-71.75805,162.0,open-meteo_ecmwf_ifs,daily,19.451,3.501,24.87,4.5635004,3.658558,67.08743,0.0,26.122737809034707,3.489263395476424
2023-10-09 00:00:00+00:00,-36.07555,-71.75805,162.0,open-meteo_ecmwf_ifs,daily,20.751,5.0010004,21.58,5.748917,3.8356917,67.04458,0.0,26.303135153687794,3.4838476961053844
2023-10-10 00:00:00+00:00,-36.07555,-71.75805,162.0,open-meteo_ecmwf_ifs,daily,18.051,5.551,22.18,5.9239173,2.831241,72.07003,0.0,26.482118906279098,3.1414437528077315
2023-10-11 00:00:00+00:00,-36.07555,-71.75805,162.0,open-meteo_ecmwf_ifs,daily,20.651001,5.451,25.35,4.553084,3.6457741,61.412674,0.0,26.659638006093488,3.962043690149836
2023-10-12 00:00:00+00:00,-36.07555,-71.75805,162.0,open-meteo_ecmwf_ifs,daily,21.701,5.551,25.77,5.8780837,3.727186,63.73998,0.0,26.83564248617153,3.9958781662485676
2023-10-13 00:00:00+00:00,-36.07555,-71.75805,162.0,open-meteo_ecmwf_ifs,daily,21.951,5.3510003,23.69,6.3905835,3.9382734,67.846596,0.0,27.010083485659194,3.8074010470500346
2023-10-14 00:00:00+00:00,-36.07555,-71.75805,162.0,open-meteo_ecmwf_ifs,daily,21.701,6.051,25.96,5.515583,3.4330835,62.84782,0.0,27.18291326018198,4.100298635463919
2023-10-15 00:00:00+00:00,-36.07555,-71.75805,162.0,open-meteo_ecmwf_ifs,daily,19.551,6.0010004,26.11,5.0801673,4.115632,62.180603,0.0,27.35408519025467,3.976846436829933
2023-10-16 00:00:00+00:00,-36.07555,-71.75805,162.0,open-meteo_ecmwf_ifs,daily,21.251,5.2510004,26.84,3.5405834,5.15643,57.18832,0.0,27.523553787743452,4.548724095071404
2023-10-17 00:00:00+00:00,-36.07555,-71.75805,162.0,open-meteo_ecmwf_ifs,daily,25.301,5.3510003,26.72,5.673918,2.4878685,58.766453,0.0,27.69127470040259,4.32256604741659
2023-10-18 00:00:00+00:00,-36.07555,-71.75805,162.0,open-meteo_ecmwf_ifs,daily,21.251,9.851,15.48,7.8197503,4.7792115,63.867672,0.90000004,27.85720471451394,3.6513661012253373
2023-10-19 00:00:00+00:00,-36.07555,-71.75805,162.0,open-meteo_ecmwf_ifs,daily,24.351,6.801,22.63,6.790583,3.636368,63.75409,0.0,28.021301755662282,4.193129813566433
2023-10-20 00:00:00+00:00,-36.07555,-71.75805,162.0,open-meteo_ecmwf_ifs,daily,20.751,10.601,13.31,9.973917,2.0261152,69.668434,0.0,28.183524887685333,2.6406422505047753
2023-10-21 00:00:00+00:00,-36.07555,-71.75805,162.0,open-meteo_ecmwf_ifs,daily,22.301,9.151,23.54,9.203084,1.531063,66.19413,0.0,28.34383430984206,3.6847281749406937
2023-10-22 00:00:00+00:00,-36.07555,-71.75805,162.0,open-meteo_ecmwf_ifs,daily,23.751,9.851,26.76,8.882251,2.5061924,63.776455,0.0,28.502191352248172,4.430871177708707
2023-10-23 00:00:00+00:00,-36.07555,-71.75805,162.0,open-meteo_ecmwf_ifs,daily,21.951,9.401,21.55,8.50725,1.7854313,67.60682,0.0,28.658558469632105,3.5820581010038595
2023-10-24 00:00:00+00:00,-36.07555,-71.75805,162.0,open-meteo_ecmwf_ifs,daily,22.751,7.7510004,26.48,7.105167,3.7014701,66.245255,0.0,28.812899233469736,4.444439983114482
2023-10-25 00:00:00+00:00,-36.07555,-71.75805,162.0,open-meteo_ecmwf_ifs,daily,24.151001,7.051,27.08,6.8030834,3.6624725,61.519382,0.0,28.965178322560085,4.634790555519519
2023-10-26 00:00:00+00:00,-36.07555,-71.75805,162.0,open-meteo_ecmwf_ifs,daily,22.401001,7.701,28.12,6.5760007,2.854683,59.51555,0.0,29.115361512108564,4.479457190500899
2023-10-27 00:00:00+00:00,-36.07555,-71.75805,162.0,open-meteo_ecmwf_ifs,daily,18.151001,7.651,14.46,6.9343333,3.4793847,69.656975,0.7,29.2634156613878,2.8165519169330433
2023-10-28 00:00:00+00:00,-36.07555,-71.75805,162.0,open-meteo_ecmwf_ifs,daily,12.851,10.401,2.3,7.6593337,7.0792546,78.505424,30.5,29.409308700050094,1.7308768612942016
2023-10-29 00:00:00+00:00,-36.07555,-71.75805,162.0,open-meteo_ecmwf_ifs,daily,14.601,8.101,15.94,6.9405837,5.437507,77.29661,2.1,29.553009613168058,2.643793928065038
2023-10-30 00:00:00+00:00,-36.07555,-71.75805,162.0,open-meteo_ecmwf_ifs,daily,14.901,4.8510003,23.89,4.3384995,2.8281689,72.67922,0.1,29.694488425083584,3.1750961515516782
2023-10-31 00:00:00+00:00,-36.07555,-71.75805,162.0,open-meteo_ecmwf_ifs,daily,17.051,3.851,27.87,3.351,3.4407575,64.424934,0.0,29.83371618214728,3.7769926167321777
2023-11-01 00:00:00+00:00,-36.07555,-71.75805,162.0,open-meteo_ecmwf_ifs,daily,17.851,5.151,23.57,6.165584,2.1832814,73.56918,5.3,29.970664934432882,3.2908295571520494
2023-11-02 00:00:00+00:00,-36.07555,-71.75805,162.0,open-meteo_ecmwf_ifs,daily,18.751,5.701,27.06,7.623918,2.0406456,76.48762,0.3,30.10530771651308,3.6315945383756123
2023-11-03 00:00:00+00:00,-36.07555,-71.75805,162.0,open-meteo_ecmwf_ifs,daily,22.251,6.551,29.48,7.0385,3.649041,67.143425,0.0,30.23761852738439,4.542480981640135
2023-11-04 00:00:00+00:00,-36.07555,-71.75805,162.0,open-meteo_ecmwf_ifs,daily,23.001,6.051,29.15,7.1718345,3.0747795,63.840176,0.0,30.367572309630113,4.479022531641884
2023-11-05 00:00:00+00:00,-36.07555,-71.75805,162.0,open-meteo_ecmwf_ifs,daily,18.451,9.501,12.6,8.048917,2.1114862,72.59664,0.0,30.49514492791063,2.5495883623198616
2023-11-06 00:00:00+00:00,-36.07555,-71.75805,162.0,open-meteo_ecmwf_ifs,daily,20.201,8.901,15.35,8.713502,2.6690397,74.35768,0.0,30.620313146871066,2.95104684281806
2023-11-07 00:00:00+00:00,-36.07555,-71.75805,162.0,open-meteo_ecmwf_ifs,daily,20.001,11.101,29.01,7.740583,2.6732998,66.56914,8.999999,30.74305460855596,4.637565146601005
2023-11-08 00:00:00+00:00,-36.07555,-71.75805,162.0,open-meteo_ecmwf_ifs,daily,22.051,7.2510004,30.28,7.6093335,5.2908487,66.18952,0.0,30.863347809420024,4.755148325735591
2023-11-09 00:00:00+00:00,-36.07555,-71.75805,162.0,open-meteo_ecmwf_ifs,daily,23.851,7.401,29.73,8.792667,3.0250328,68.61858,0.0,30.981172077023515,4.660092649239545
2023-11-10 00:00:00+00:00,-36.07555,-71.75805,162.0,open-meteo_ecmwf_ifs,daily,17.351,7.901,15.37,8.134334,3.3781092,74.861786,3.5,31.09650754649913,2.666615621541667
2023-11-11 00:00:00+00:00,-36.07555,-71.75805,162.0,open-meteo_ecmwf_ifs,daily,12.351,10.601,5.39,7.9510007,4.6604486,79.80831,10.3,31.209335136875673,1.652779430266801
2023-11-12 00:00:00+00:00,-36.07555,-71.75805,162.0,open-meteo_ecmwf_ifs,daily,16.251,4.451,31.37,1.8489171,4.6380067,60.827435,0.0,31.31963652734229,4.348598112175702
2023-11-13 00:00:00+00:00,-36.07555,-71.75805,162.0,open-meteo_ecmwf_ifs,daily,18.601,3.251,31.2,2.6239164,4.484501,58.97624,0.0,31.427394133533827,4.39522842232812
2023-11-14 00:00:00+00:00,-36.07555,-71.75805,162.0,open-meteo_ecmwf_ifs,daily,19.251,6.2510004,29.01,4.64475,4.65289,61.66963,0.0,31.532591083915815,4.515466436629506
2023-11-15 00:00:00+00:00,-36.07555,-71.75805,162.0,open-meteo_ecmwf_ifs,daily,18.451,5.301,27.6,3.2405834,3.3818204,58.526978,0.0,31.635211196344294,4.21501215287072
2023-11-16 00:00:00+00:00,-36.07555,-71.75805,162.0,open-meteo_ecmwf_ifs,daily,21.151001,6.0010004,28.13,5.41975,3.823736,64.162025,0.0,31.735238954872404,4.505114007459255
2023-11-17 00:00:00+00:00,-36.07555,-71.75805,162.0,open-meteo_ecmwf_ifs,daily,15.151,10.351,8.05,9.048917,6.249094,82.79398,31.199999,31.832659486872018,2.0894095531830286
2023-11-18 00:00:00+00:00,-36.07555,-71.75805,162.0,open-meteo_ecmwf_ifs,daily,15.301001,8.851,11.73,7.9968333,1.760712,79.23972,0.7,31.927458540534776,2.1204847353636462
2023-11-19 00:00:00+00:00,-36.07555,-71.75805,162.0,open-meteo_ecmwf_ifs,daily,23.601,5.8510003,31.35,7.5655828,2.795933,67.88095,0.0,32.01962246281294,4.758876601405347
2023-11-20 00:00:00+00:00,-36.07555,-71.75805,162.0,open-meteo_ecmwf_ifs,daily,22.151001,8.601,27.46,8.836416,2.24399,72.94996,0.0,32.10913817785605,4.351221807994508
2023-11-21 00:00:00+00:00,-36.07555,-71.75805,162.0,open-meteo_ecmwf_ifs,daily,21.051,9.201,29.45,7.2010007,4.257744,63.08964,0.0,32.195993165994935,4.898366670935937
2023-11-22 00:00:00+00:00,-36.07555,-71.75805,162.0,open-meteo_ecmwf_ifs,daily,21.351,8.401,30.89,6.7989163,4.4127154,64.02504,0.0,32.28017544331997,5.026576365035241
2023-11-23 00:00:00+00:00,-36.07555,-71.75805,162.0,open-meteo_ecmwf_ifs,daily,27.601,6.651,32.52,6.755167,5.123383,56.11765,0.0,32.36167354189605,6.038152405912406
2023-11-24 00:00:00+00:00,-36.07555,-71.75805,162.0,open-meteo_ecmwf_ifs,daily,28.701,11.001,30.86,12.109334,2.3827665,62.883305,0.0,32.44047649065156,5.502146630460299
2023-11-25 00:00:00+00:00,-36.07555,-71.75805,162.0,open-meteo_ecmwf_ifs,daily,26.201,10.801001,26.73,11.734333,2.3803885,69.032906,0.0,32.516573796974136,4.737021333518078
2023-11-26 00:00:00+00:00,-36.07555,-71.75805,162.0,open-meteo_ecmwf_ifs,daily,26.401001,11.651,26.63,12.7635,2.4069765,72.36526,0.0,32.58995542904132,4.747405628814996
2023-11-27 00:00:00+00:00,-36.07555,-71.75805,162.0,open-meteo_ecmwf_ifs,daily,24.951,11.601,26.09,11.296834,3.74514,67.96866,0.0,32.66061179890919,4.862270342834225
2023-11-28 00:00:00+00:00,-36.07555,-71.75805,162.0,open-meteo_ecmwf_ifs,daily,22.901001,11.651,26.85,8.215584,3.0784254,59.591354,0.0,32.728533746377586,4.977625358546199
2023-11-29 00:00:00+00:00,-36.07555,-71.75805,162.0,open-meteo_ecmwf_ifs,daily,26.001,9.551001,32.86,6.753084,5.8011513,55.602005,0.0,32.79371252364616,6.454157578411938
2023-11-30 00:00:00+00:00,-36.07555,-71.75805,162.0,open-meteo_ecmwf_ifs,daily,27.001,10.801001,31.64,9.301001,3.4770439,58.06541,0.0,32.85613978077089,5.882958536706615
2023-12-01 00:00:00+00:00,-36.07555,-71.75805,162.0,open-meteo_ecmwf_ifs,daily,21.001,11.751,13.36,9.1135,2.049641,67.65751,0.5,32.9158075519268,3.0003160439667145
2023-12-02 00:00:00+00:00,-36.07555,-71.75805,162.0,open-meteo_ecmwf_ifs,daily,21.201,10.601,32.91,4.3905835,6.192435,52.785538,0.0,32.97270824247846,6.2247843390971225
2023-12-03 00:00:00+00:00,-36.07555,-71.75805,162.0,open-meteo_ecmwf_ifs,daily,25.401001,6.951,33.31,2.1364167,6.3878427,44.289318,0.0,33.02683461685662,6.751756296809184
2023-12-04 00:00:00+00:00,-36.07555,-71.75805,162.0,open-meteo_ecmwf_ifs,daily,28.151001,9.151,32.65,7.886417,2.490718,54.15573,0.0,33.07817978723516,5.835175510464953
2023-12-05 00:00:00+00:00,-36.07555,-71.75805,162.0,open-meteo_ecmwf_ifs,daily,23.251,10.201,29.6,7.990584,3.5550728,57.227535,0.0,33.12673720300084,5.238405421824504
2023-12-06 00:00:00+00:00,-36.07555,-71.75805,162.0,open-meteo_ecmwf_ifs,daily,27.901001,9.901,32.44,8.819751,3.2592392,60.876343,0.0,33.172500641004014,5.992249055396418
2023-12-07 00:00:00+00:00,-36.07555,-71.75805,162.0,open-meteo_ecmwf_ifs,daily,31.501,12.601,33.06,8.951001,4.1134257,49.85901,0.0,33.21546419657744,7.232062195222326
2023-12-08 00:00:00+00:00,-36.07555,-71.75805,162.0,open-meteo_ecmwf_ifs,daily,27.501,13.251,31.96,10.194751,3.9872563,55.72861,0.0,33.2556222753079,6.3902636560218475
2023-12-09 00:00:00+00:00,-36.07555,-71.75805,162.0,open-meteo_ecmwf_ifs,daily,27.551,9.651,33.29,5.7843337,5.9919696,47.66927,0.0,33.292969585543474,7.038071392351806
2023-12-10 00:00:00+00:00,-36.07555,-71.75805,162.0,open-meteo_ecmwf_ifs,daily,34.401,11.101,32.65,7.878084,4.5031495,46.07342,0.0,33.32750113161869,7.691306744833179
2023-12-11 00:00:00+00:00,-36.07555,-71.75805,162.0,open-meteo_ecmwf_ifs,daily,23.851,12.051001,24.24,9.336417,3.6456556,60.86411,0.0,33.35921220777854,4.893133765209406
2023-12-12 00:00:00+00:00,-36.07555,-71.75805,162.0,open-meteo_ecmwf_ifs,daily,25.201,12.501,23.36,7.588501,4.6660933,54.905865,0.0,33.38809839278236,5.605070110217463
2023-12-13 00:00:00+00:00,-36.07555,-71.75805,162.0,open-meteo_ecmwf_ifs,daily,28.751,9.501,33.7,3.8343325,4.3187714,42.640438,0.0,33.414155545168015,7.044502727025861
2023-12-14 00:00:00+00:00,-36.07555,-71.75805,162.0,open-meteo_ecmwf_ifs,daily,27.151001,11.251,32.42,6.196834,3.281327,46.848034,0.0,33.43737979915801,6.3588392345940035
2023-12-15 00:00:00+00:00,-36.07555,-71.75805,162.0,open-meteo_ecmwf_ifs,daily,26.851,9.201,31.92,6.676,3.0889757,56.121944,0.0,33.45776756118901,5.8948311519714895
2023-12-16 00:00:00+00:00,-36.07555,-71.75805,162.0,open-meteo_ecmwf_ifs,daily,21.751,8.701,27.98,5.5551667,4.1368175,55.714603,0.0,33.47531550704798,5.0849340485338335
2023-12-17 00:00:00+00:00,-36.07555,-71.75805,162.0,open-meteo_ecmwf_ifs,daily,22.301,12.001,25.71,7.369751,3.0729036,63.918537,12.1,33.49002057959923,4.959628906721071
2023-12-18 00:00:00+00:00,-36.07555,-71.75805,162.0,open-meteo_ecmwf_ifs,daily,25.601,7.551,33.7,4.3718333,4.9824424,49.43318,0.0,33.50187998708839,6.342857205639427
2023-12-19 00:00:00+00:00,-36.07555,-71.75805,162.0,open-meteo_ecmwf_ifs,daily,25.201,10.701,30.61,8.613501,3.0731838,55.849567,0.2,33.51089120201111,5.541038593634599
2023-12-20 00:00:00+00:00,-36.07555,-71.75805,162.0,open-meteo_ecmwf_ifs,daily,26.901001,10.101,31.61,8.5885,2.6677725,62.74185,0.0,33.51705196053693,5.702149090874357
2023-12-21 00:00:00+00:00,-36.07555,-71.75805,162.0,open-meteo_ecmwf_ifs,daily,29.001,11.751,33.41,9.007251,3.3533955,55.597958,0.0,33.52036026248008,6.53788113808638
2023-12-22 00:00:00+00:00,-36.07555,-71.75805,162.0,open-meteo_ecmwf_ifs,daily,30.801,12.301001,33.48,7.676,4.8263164,47.457096,0.0,33.520814371812676,7.540570619434002
2023-12-23 00:00:00+00:00,-36.07555,-71.75805,162.0,open-meteo_ecmwf_ifs,daily,30.351,12.651,29.02,8.626,3.6924763,50.23901,0.0,33.51841281771702,6.535084850489176
2023-12-24 00:00:00+00:00,-36.07555,-71.75805,162.0,open-meteo_ecmwf_ifs,daily,30.751,13.551001,33.2,8.423917,3.375515,46.71876,0.0,33.513154396177384,7.070882439508052
2023-12-25 00:00:00+00:00,-36.07555,-71.75805,162.0,open-meteo_ecmwf_ifs,daily,33.951,13.201,33.54,7.6551685,3.662574,41.446007,0.0,33.50503817211345,7.691669650576414
2023-12-26 00:00:00+00:00,-36.07555,-71.75805,162.0,open-meteo_ecmwf_ifs,daily,32.101,15.051001,32.85,13.555167,2.6887238,55.374832,0.0,33.494063482060525,6.683018990823379
2023-12-27 00:00:00+00:00,-36.07555,-71.75805,162.0,open-meteo_ecmwf_ifs,daily,26.651001,14.851,22.06,12.496833,2.1268446,59.70682,0.70000005,33.48022993740388,4.5852130973444645
2023-12-28 00:00:00+00:00,-36.07555,-71.75805,162.0,open-meteo_ecmwf_ifs,daily,22.851,16.651001,11.2,13.0197525,2.570649,68.52163,0.5,33.4635374281771,3.093849825236291
2023-12-29 00:00:00+00:00,-36.07555,-71.75805,162.0,open-meteo_ecmwf_ifs,daily,30.601,13.151,32.8,12.03225,2.3192346,62.327152,0.0,33.44398612743617,6.269799993312066
2023-12-30 00:00:00+00:00,-36.07555,-71.75805,162.0,open-meteo_ecmwf_ifs,daily,25.451,14.001,21.29,11.713501,4.2972407,61.462,0.0,33.42157649622319,4.868967163994442
2023-12-31 00:00:00+00:00,-36.07555,-71.75805,162.0,open-meteo_ecmwf_ifs,daily,27.351,12.601,28.96,10.04475,2.5789406,60.161488,0.0,33.39630928913514,5.600273627350135
2024-01-01 00:00:00+00:00,-36.07555,-71.75805,162.0,open-meteo_ecmwf_ifs,daily,29.601,11.801001,32.39,10.438501,1.973865,59.37227,0.0,33.36818556051461,5.954640190068599
2024-01-02 00:00:00+00:00,-36.07555,-71.75805,162.0,open-meteo_ecmwf_ifs,daily,32.051,14.551001,33.06,9.51975,3.7170079,48.049725,0.0,33.33720667128032,7.401876084212589
2024-01-03 00:00:00+00:00,-36.07555,-71.75805,162.0,open-meteo_ecmwf_ifs,daily,32.701,14.451,32.46,9.301001,3.9325898,45.68182,0.0,33.30337429641626,7.528165790189408
2024-01-04 00:00:00+00:00,-36.07555,-71.75805,162.0,open-meteo_ecmwf_ifs,daily,32.801,15.151,31.96,10.736417,3.0967531,48.21814,0.0,33.266690433138336,7.067966207296882
2024-01-05 00:00:00+00:00,-36.07555,-71.75805,162.0,open-meteo_ecmwf_ifs,daily,28.751,16.151001,22.62,10.705169,2.251,49.19755,0.0,33.22715740975771,5.194084111568226
2024-01-06 00:00:00+00:00,-36.07555,-71.75805,162.0,open-meteo_ecmwf_ifs,daily,27.701,13.201,30.63,11.319751,3.5490847,61.05728,0.0,33.18477789525925,6.008422235514282
2024-01-07 00:00:00+00:00,-36.07555,-71.75805,162.0,open-meteo_ecmwf_ifs,daily,27.151001,12.851,30.68,10.76975,3.6164334,63.35729,0.0,33.13955490961335,5.9645348479331055
2024-01-08 00:00:00+00:00,-36.07555,-71.75805,162.0,open-meteo_ecmwf_ifs,daily,28.451,12.701,32.82,7.1843333,4.753714,47.44544,0.0,33.091491834837164,7.16105109904466
2024-01-09 00:00:00+00:00,-36.07555,-71.75805,162.0,open-meteo_ecmwf_ifs,daily,28.651001,11.501,32.68,5.815584,3.560928,44.613323,0.0,33.04059242682097,6.729503584903187
2024-01-10 00:00:00+00:00,-36.07555,-71.75805,162.0,open-meteo_ecmwf_ifs,daily,29.101,11.501,33.12,4.2489166,4.128918,40.083828,0.0,32.98686082793224,7.2016882366376915
2024-01-11 00:00:00+00:00,-36.07555,-71.75805,162.0,open-meteo_ecmwf_ifs,daily,30.401001,12.301001,32.88,6.3947506,3.0314407,43.863663,0.0,32.93030158040827,6.8030563192981415
2024-01-12 00:00:00+00:00,-36.07555,-71.75805,162.0,open-meteo_ecmwf_ifs,daily,30.701,14.151,30.72,6.426,2.2756925,41.849827,0.0,32.870919640545424,6.403008902043836
2024-01-13 00:00:00+00:00,-36.07555,-71.75805,162.0,open-meteo_ecmwf_ifs,daily,28.301,14.251,31.76,6.8739166,1.9519786,42.41273,0.0,32.80872039368956,6.110232900708539
2024-01-14 00:00:00+00:00,-36.07555,-71.75805,162.0,open-meteo_ecmwf_ifs,daily,30.501,12.301001,32.84,3.705166,4.8892655,37.30628,0.0,32.743709670029254,7.86825674888052
2024-01-15 00:00:00+00:00,-36.07555,-71.75805,162.0,open-meteo_ecmwf_ifs,daily,29.101,12.451,32.09,7.0447497,4.378494,44.787106,0.0,32.675893761189535,7.021619734767812
2024-01-16 00:00:00+00:00,-36.07555,-71.75805,162.0,open-meteo_ecmwf_ifs,daily,30.851,13.851,32.04,8.259334,5.4314084,46.114426,0.0,32.60527943761953,7.752790348050388
2024-01-17 00:00:00+00:00,-36.07555,-71.75805,162.0,open-meteo_ecmwf_ifs,daily,31.301,14.251,29.27,9.596834,3.774638,46.977596,0.0,32.531873966763854,6.793083960942494
2024-01-18 00:00:00+00:00,-36.07555,-71.75805,162.0,open-meteo_ecmwf_ifs,daily,30.801,14.401,32.58,6.157251,6.5067477,40.690414,0.0,32.45568513200241,8.59633146580115
2024-01-19 00:00:00+00:00,-36.07555,-71.75805,162.0,open-meteo_ecmwf_ifs,daily,33.151,12.201,32.3,5.0718336,5.0824533,37.336483,0.0,32.37672125233902,8.144186742783061
2024-01-20 00:00:00+00:00,-36.07555,-71.75805,162.0,open-meteo_ecmwf_ifs,daily,30.801,13.351,31.86,8.511416,3.3576214,43.879307,0.0,32.2949912028147,6.804810348943209
2024-01-21 00:00:00+00:00,-36.07555,-71.75805,162.0,open-meteo_ecmwf_ifs,daily,33.101,14.601,31.6,9.317668,2.5635567,42.986217,0.0,32.21050443561601,6.758807145449097
2024-01-22 00:00:00+00:00,-36.07555,-71.75805,162.0,open-meteo_ecmwf_ifs,daily,36.501,17.451,30.67,11.369751,2.3792622,42.21357,0.0,32.12327100184453,7.065480626203971
2024-01-23 00:00:00+00:00,-36.07555,-71.75805,162.0,open-meteo_ecmwf_ifs,daily,32.601,16.551,30.51,12.055167,2.1026409,48.559464,0.0,32.033301573908254,6.3751771768455185
2024-01-24 00:00:00+00:00,-36.07555,-71.75805,162.0,open-meteo_ecmwf_ifs,daily,36.901,17.201,31.6,7.596834,3.7431977,38.352184,0.0,31.940607468490896,8.3303920719209
2024-01-25 00:00:00+00:00,-36.07555,-71.75805,162.0,open-meteo_ecmwf_ifs,daily,33.751,16.951,28.72,8.917666,2.7004814,38.585423,0.0,31.84520067005027,6.8174218714656725
2024-01-26 00:00:00+00:00,-36.07555,-71.75805,162.0,open-meteo_ecmwf_ifs,daily,31.051,14.951,28.86,12.336417,2.1501708,54.03914,0.0,31.747093854791974,5.835157465732838
2024-01-27 00:00:00+00:00,-36.07555,-71.75805,162.0,open-meteo_ecmwf_ifs,daily,34.251,15.351,29.44,11.444751,3.1019957,53.29985,0.0,31.646300415060228,6.806472621232387
2024-01-28 00:00:00+00:00,-36.07555,-71.75805,162.0,open-meteo_ecmwf_ifs,daily,33.151,18.001,29.62,12.098916,2.4506972,46.081577,0.0,31.542834484083013,6.613011243520111
2024-01-29 00:00:00+00:00,-36.07555,-71.75805,162.0,open-meteo_ecmwf_ifs,daily,34.451,16.351,30.29,8.021832,2.57435,38.509544,0.0,31.436710961004536,6.9387922202165315
2024-01-30 00:00:00+00:00,-36.07555,-71.75805,162.0,open-meteo_ecmwf_ifs,daily,35.001,16.101,30.56,4.530167,3.6886044,29.18248,0.0,31.327945536133807,7.955290020090993
2024-01-31 00:00:00+00:00,-36.07555,-71.75805,162.0,open-meteo_ecmwf_ifs,daily,35.201,16.951,30.52,6.7197495,5.1002364,32.776493,0.0,31.216554716334677,8.827542694701657
2024-02-01 00:00:00+00:00,-36.07555,-71.75805,162.0,open-meteo_ecmwf_ifs,daily,35.851,17.601,30.38,9.232251,4.9846296,38.360153,0.0,31.102555850478698,8.67089558328212
2024-02-02 00:00:00+00:00,-36.07555,-71.75805,162.0,open-meteo_ecmwf_ifs,daily,34.251,18.251,29.84,10.936418,5.4744163,44.788864,0.0,30.98596715487948,8.47065217538413
2024-02-03 00:00:00+00:00,-36.07555,-71.75805,162.0,open-meteo_ecmwf_ifs,daily,33.201,16.701,30.03,9.298918,7.0593057,43.186436,0.0,30.866807738623887,8.923115775436
2024-02-04 00:00:00+00:00,-36.07555,-71.75805,162.0,open-meteo_ecmwf_ifs,daily,33.551,15.951,29.37,9.280167,3.7001848,40.710583,0.0,30.74509762871319,7.231582372124564
2024-02-05 00:00:00+00:00,-36.07555,-71.75805,162.0,open-meteo_ecmwf_ifs,daily,30.501,14.201,26.37,9.107251,2.5855954,48.71461,0.0,30.620857794925048,5.751678522722485
2024-02-06 00:00:00+00:00,-36.07555,-71.75805,162.0,open-meteo_ecmwf_ifs,daily,33.701,14.751,28.72,12.51975,3.4458377,55.482006,0.0,30.494110174305437,6.53999501221692
2024-02-07 00:00:00+00:00,-36.07555,-71.75805,162.0,open-meteo_ecmwf_ifs,daily,33.301,18.551,27.79,13.480168,5.5185685,52.32938,0.0,30.364877695198107,7.680585197316843
2024-02-08 00:00:00+00:00,-36.07555,-71.75805,162.0,open-meteo_ecmwf_ifs,daily,31.451,15.551001,28.44,7.03225,3.667617,37.84556,0.0,30.233184300718452,6.95253426045736
2024-02-09 00:00:00+00:00,-36.07555,-71.75805,162.0,open-meteo_ecmwf_ifs,daily,32.251,16.701,28.1,8.719752,2.7201087,41.452023,0.0,30.099054971577804,6.456345855729253
2024-02-10 00:00:00+00:00,-36.07555,-71.75805,162.0,open-meteo_ecmwf_ifs,daily,31.101,13.651,28.47,9.230168,2.1562698,49.4839,0.0,29.962515748164094,5.721448385705109
2024-02-11 00:00:00+00:00,-36.07555,-71.75805,162.0,open-meteo_ecmwf_ifs,daily,31.001,14.301001,27.73,11.446835,3.444826,56.468784,0.0,29.82359375178519,6.073979499561797
2024-02-12 00:00:00+00:00,-36.07555,-71.75805,162.0,open-meteo_ecmwf_ifs,daily,33.201,13.301001,28.97,7.534334,5.6626205,45.855633,0.0,29.682317204981594,7.791416742694719
2024-02-13 00:00:00+00:00,-36.07555,-71.75805,162.0,open-meteo_ecmwf_ifs,daily,36.051,15.451,28.32,10.203083,2.7371979,42.86084,0.0,29.538715450816458,6.619270888226422
2024-02-14 00:00:00+00:00,-36.07555,-71.75805,162.0,open-meteo_ecmwf_ifs,daily,31.851002,15.301001,27.62,12.913502,2.8335075,58.710968,0.0,29.392818971052204,5.882018942515032
2024-02-15 00:00:00+00:00,-36.07555,-71.75805,162.0,open-meteo_ecmwf_ifs,daily,32.301,14.401,27.57,12.767667,2.1190646,58.253326,0.0,29.244659403124988,5.5342090646665065
2024-02-16 00:00:00+00:00,-36.07555,-71.75805,162.0,open-meteo_ecmwf_ifs,daily,31.051,13.701,27.75,8.978084,3.1982691,50.40504,0.0,29.09426955583026,6.102601872390543
2024-02-17 00:00:00+00:00,-36.07555,-71.75805,162.0,open-meteo_ecmwf_ifs,daily,32.251,15.101,28.28,9.738501,5.8727117,54.071228,0.0,28.941683423635514,7.577521418392149
2024-02-18 00:00:00+00:00,-36.07555,-71.75805,162.0,open-meteo_ecmwf_ifs,daily,36.751,13.901,27.69,7.151001,3.401447,39.39364,0.0,28.786936199539177,7.023722114883619
2024-02-19 00:00:00+00:00,-36.07555,-71.75805,162.0,open-meteo_ecmwf_ifs,daily,30.251,16.301,26.52,10.788501,3.8614492,46.09009,0.0,28.63006428639772,6.287032872550954
2024-02-20 00:00:00+00:00,-36.07555,-71.75805,162.0,open-meteo_ecmwf_ifs,daily,27.901001,15.001,21.25,12.55725,3.0096867,62.69922,0.0,28.47110530664709,4.684280372731643
2024-02-21 00:00:00+00:00,-36.07555,-71.75805,162.0,open-meteo_ecmwf_ifs,daily,27.051,14.651,22.96,11.663501,3.152069,58.60112,0.0,28.310098110348147,4.865620776630355
2024-02-22 00:00:00+00:00,-36.07555,-71.75805,162.0,open-meteo_ecmwf_ifs,daily,24.901001,14.951,20.38,9.021834,2.4308493,57.627293,1.0,28.14708278149008,4.39605078012988
2024-02-23 00:00:00+00:00,-36.07555,-71.75805,162.0,open-meteo_ecmwf_ifs,daily,29.451,12.901,26.64,6.7072506,3.7438164,43.58346,0.0,27.98210064249061,6.073674149968125
2024-02-24 00:00:00+00:00,-36.07555,-71.75805,162.0,open-meteo_ecmwf_ifs,daily,31.701,13.801001,25.92,7.3426666,3.0503995,40.296623,0.0,27.815194256836083,5.96135139578436
2024-02-25 00:00:00+00:00,-36.07555,-71.75805,162.0,open-meteo_ecmwf_ifs,daily,32.251,14.901,26.28,6.157251,3.5081208,37.17223,0.0,27.64640742980992,6.528381559680167
2024-02-26 00:00:00+00:00,-36.07555,-71.75805,162.0,open-meteo_ecmwf_ifs,daily,30.451,14.001,26.24,5.557251,3.5766184,38.09672,0.0,27.475785207262938,6.277567600715178
2024-02-27 00:00:00+00:00,-36.07555,-71.75805,162.0,open-meteo_ecmwf_ifs,daily,30.301,13.051001,26.09,7.6947503,3.5471523,46.0768,0.0,27.30337387238463,5.910878759133466
2024-02-28 00:00:00+00:00,-36.07555,-71.75805,162.0,open-meteo_ecmwf_ifs,daily,31.551,14.751,24.44,10.953084,4.258245,54.29013,0.0,27.129220940439794,6.079568435836515
2024-02-29 00:00:00+00:00,-36.07555,-71.75805,162.0,open-meteo_ecmwf_ifs,daily,32.301,13.651,26.11,6.3926673,3.7252474,39.32524,0.0,26.953375151440913,6.417012569239588
2024-03-01 00:00:00+00:00,-36.07555,-71.75805,162.0,open-meteo_ecmwf_ifs,daily,30.501,13.451,25.7,6.1072507,3.5545943,42.264114,0.0,26.775886460732384,6.053035053751818
2024-03-02 00:00:00+00:00,-36.07555,-71.75805,162.0,open-meteo_ecmwf_ifs,daily,28.851,14.051001,25.89,5.0343337,7.19554,38.210964,0.0,26.59680602746883,7.640678138444454
2024-03-03 00:00:00+00:00,-36.07555,-71.75805,162.0,open-meteo_ecmwf_ifs,daily,29.951,10.951,25.54,3.765583,3.9693844,37.022335,0.0,26.4161862009753,6.048520729909358
2024-03-04 00:00:00+00:00,-36.07555,-71.75805,162.0,open-meteo_ecmwf_ifs,daily,30.801,11.051001,25.36,5.0968337,2.9180167,39.399036,0.0,26.23408050498401,5.465099387353987
2024-03-05 00:00:00+00:00,-36.07555,-71.75805,162.0,open-meteo_ecmwf_ifs,daily,31.701,13.201,24.79,8.055167,2.4180157,45.631268,0.0,26.050543619747593,5.2293258561101075
2024-03-06 00:00:00+00:00,-36.07555,-71.75805,162.0,open-meteo_ecmwf_ifs,daily,28.901001,13.251,24.29,8.04475,3.9259984,47.337788,0.0,25.865631362035565,5.614047785961956
2024-03-07 00:00:00+00:00,-36.07555,-71.75805,162.0,open-meteo_ecmwf_ifs,daily,26.301,12.301001,22.97,5.9010005,2.814707,44.32307,0.0,25.679400663026495,4.775596231748516
2024-03-08 00:00:00+00:00,-36.07555,-71.75805,162.0,open-meteo_ecmwf_ifs,daily,25.001,10.101,21.1,7.8364162,2.684221,57.03802,0.5,25.491909544114634,4.015720386393199
2024-03-09 00:00:00+00:00,-36.07555,-71.75805,162.0,open-meteo_ecmwf_ifs,daily,27.451,11.201,24.21,7.7072506,4.7168255,58.207806,0.0,25.303217090655632,5.3933367622318205
2024-03-10 00:00:00+00:00,-36.07555,-71.75805,162.0,open-meteo_ecmwf_ifs,daily,26.501,10.301001,21.63,6.392668,2.7131321,50.519917,0.0,25.113383423682034,4.34912243536837
2024-03-11 00:00:00+00:00,-36.07555,-71.75805,162.0,open-meteo_ecmwf_ifs,daily,26.801,11.051001,23.43,8.71975,2.5495253,60.399914,0.0,24.922469669625215,4.342059194617511
2024-03-12 00:00:00+00:00,-36.07555,-71.75805,162.0,open-meteo_ecmwf_ifs,daily,25.851,12.651,20.6,9.390584,1.9931808,60.310596,0.0,24.730537928085806,3.865317400279911
2024-03-13 00:00:00+00:00,-36.07555,-71.75805,162.0,open-meteo_ecmwf_ifs,daily,24.651001,11.751,22.88,8.478084,3.788153,60.57919,0.0,24.537651237700626,4.519242815152024
2024-03-14 00:00:00+00:00,-36.07555,-71.75805,162.0,open-meteo_ecmwf_ifs,daily,25.651001,11.101,23.48,6.6468334,5.597908,55.335804,0.0,24.343873540159517,5.39545685907902
2024-03-15 00:00:00+00:00,-36.07555,-71.75805,162.0,open-meteo_ecmwf_ifs,daily,25.651001,8.601,23.45,3.7822497,5.080056,47.70647,0.0,24.149269642430585,5.250039190961218
2024-03-16 00:00:00+00:00,-36.07555,-71.75805,162.0,open-meteo_ecmwf_ifs,daily,26.051,10.551001,22.41,5.0010004,5.3346972,46.89977,0.0,23.95390517725754,5.445037627831841
2024-03-17 00:00:00+00:00,-36.07555,-71.75805,162.0,open-meteo_ecmwf_ifs,daily,25.551,9.151,21.64,3.1364167,4.6669173,44.3313,0.0,23.75784656199807,5.1081553559162725
2024-03-18 00:00:00+00:00,-36.07555,-71.75805,162.0,open-meteo_ecmwf_ifs,daily,26.401001,10.051001,18.99,3.0551665,4.5740743,42.678818,0.0,23.561160955876115,5.135655940778465
2024-03-19 00:00:00+00:00,-36.07555,-71.75805,162.0,open-meteo_ecmwf_ifs,daily,27.951,12.951,19.85,4.0905833,2.8708203,40.054836,0.0,23.36391621572624,4.716477824555128
2024-03-20 00:00:00+00:00,-36.07555,-71.75805,162.0,open-meteo_ecmwf_ifs,daily,17.251,12.101,2.02,10.173916,3.5246556,79.68513,31.499998,23.166180850311783,1.5650519088627508
2024-03-21 00:00:00+00:00,-36.07555,-71.75805,162.0,open-meteo_ecmwf_ifs,daily,24.251,10.651,20.35,12.005166,1.8148528,78.8143,0.0,22.968023973302923,3.1619124901421176
2024-03-22 00:00:00+00:00,-36.07555,-71.75805,162.0,open-meteo_ecmwf_ifs,daily,26.601,11.401,19.77,12.0322485,2.188509,69.20974,0.2,22.769515255004226,3.452563825928588
2024-03-23 00:00:00+00:00,-36.07555,-71.75805,162.0,open-meteo_ecmwf_ifs,daily,25.401001,13.551001,15.77,13.746834,2.496267,73.0289,0.0,22.57072487292476,3.0455824113657255
2024-03-24 00:00:00+00:00,-36.07555,-71.75805,162.0,open-meteo_ecmwf_ifs,daily,25.851,12.551001,20.44,13.619751,4.3542523,75.86332,0.0,22.37172346128701,3.7237384399767706
2024-03-25 00:00:00+00:00,-36.07555,-71.75805,162.0,open-meteo_ecmwf_ifs,daily,25.501,13.051001,17.1,13.288501,2.426027,74.7437,0.0,22.172582059573642,3.145211363700079
2024-03-26 00:00:00+00:00,-36.07555,-71.75805,162.0,open-meteo_ecmwf_ifs,daily,28.451,14.201,18.53,13.446834,3.9878645,66.5267,0.0,21.97337206021381,4.149365986153045
2024-03-27 00:00:00+00:00,-36.07555,-71.75805,162.0,open-meteo_ecmwf_ifs,daily,26.951,13.501,19.09,13.573917,4.0372148,70.50651,0.0,21.774165155512794,3.844776429419357
2024-03-28 00:00:00+00:00,-36.07555,-71.75805,162.0,open-meteo_ecmwf_ifs,daily,26.851,11.701,18.84,12.105168,2.4557598,69.726524,0.0,21.575033283931017,3.3960034335346694
2024-03-29 00:00:00+00:00,-36.07555,-71.75805,162.0,open-meteo_ecmwf_ifs,daily,27.401001,13.501,19.04,12.321835,3.9317105,63.878887,0.0,21.3760485758197,4.068690607657995
2024-03-30 00:00:00+00:00,-36.07555,-71.75805,162.0,open-meteo_ecmwf_ifs,daily,24.351,10.101,18.79,5.3135,5.8714757,49.723343,0.0,21.177283298722234,4.800907438968295
2024-03-31 00:00:00+00:00,-36.07555,-71.75805,162.0,open-meteo_ecmwf_ifs,daily,18.651001,10.651,9.66,4.884334,4.857229,52.805202,0.0,20.978809802351034,3.308867234608338
2024-04-01 00:00:00+00:00,-36.07555,-71.75805,162.0,open-meteo_ecmwf_ifs,daily,22.901001,7.5010004,19.04,3.0384998,3.7030356,49.98499,0.0,20.78070046335055,3.840134767353134
2024-04-02 00:00:00+00:00,-36.07555,-71.75805,162.0,open-meteo_ecmwf_ifs,daily,19.251,11.401,5.37,7.4634995,2.8825057,63.873325,8.1,20.5830276299574,2.2201852034684415
2024-04-03 00:00:00+00:00,-36.07555,-71.75805,162.0,open-meteo_ecmwf_ifs,daily,20.151001,8.951,18.69,9.301,2.8744037,76.64597,0.0,20.385863566668853,2.701294372045417
2024-04-04 00:00:00+00:00,-36.07555,-71.75805,162.0,open-meteo_ecmwf_ifs,daily,22.001,7.151,18.58,6.8155837,4.0783277,67.1621,0.0,20.189280399030558,3.2424306284855255
2024-04-05 00:00:00+00:00,-36.07555,-71.75805,162.0,open-meteo_ecmwf_ifs,daily,22.851,8.401,18.3,8.705167,3.256005,69.35131,0.0,19.993350058653956,3.029985114968943
2024-04-06 00:00:00+00:00,-36.07555,-71.75805,162.0,open-meteo_ecmwf_ifs,daily,21.401001,8.701,16.71,8.826001,2.938899,73.534485,0.0,19.798144228573072,2.7037347599986243
2024-04-07 00:00:00+00:00,-36.07555,-71.75805,162.0,open-meteo_ecmwf_ifs,daily,23.101,9.051001,16.83,8.06975,3.7788725,64.65287,0.0,19.603734289049314,3.2261309826954094
2024-04-08 00:00:00+00:00,-36.07555,-71.75805,162.0,open-meteo_ecmwf_ifs,daily,23.251,10.401,17.01,11.18225,2.5955274,76.482,0.0,19.410191263931335,2.711769368818461
2024-04-09 00:00:00+00:00,-36.07555,-71.75805,162.0,open-meteo_ecmwf_ifs,daily,21.901001,10.901,16.33,9.765583,4.417932,69.55558,0.0,19.217585767675708,3.1142911161994453
2024-04-10 00:00:00+00:00,-36.07555,-71.75805,162.0,open-meteo_ecmwf_ifs,daily,20.751,6.551,12.86,7.5593333,2.0389798,73.63173,0.2,19.02598795313194,2.0922037479954514
2024-04-11 00:00:00+00:00,-36.07555,-71.75805,162.0,open-meteo_ecmwf_ifs,daily,20.001,7.901,16.3,8.715584,2.1607134,76.264084,0.0,18.83546746019329,2.260970794764851
2024-04-12 00:00:00+00:00,-36.07555,-71.75805,162.0,open-meteo_ecmwf_ifs,daily,18.601,7.551,10.41,8.54475,0.9573996,78.75841,0.0,18.646093365412458,1.5359474366920491
2024-04-13 00:00:00+00:00,-36.07555,-71.75805,162.0,open-meteo_ecmwf_ifs,daily,20.001,9.401,12.54,9.9885,2.046806,78.236,0.0,18.457934132678428,1.9695154971377713
2024-04-14 00:00:00+00:00,-36.07555,-71.75805,162.0,open-meteo_ecmwf_ifs,daily,22.651001,9.001,15.22,9.867667,1.9276075,75.970406,0.0,18.271057565047805,2.3000620312399964
2024-04-15 00:00:00+00:00,-36.07555,-71.75805,162.0,open-meteo_ecmwf_ifs,daily,21.301,9.201,14.43,9.780166,1.9744805,76.30043,0.0,18.085530757820937,2.1611823521788063
2024-04-16 00:00:00+00:00,-36.07555,-71.75805,162.0,open-meteo_ecmwf_ifs,daily,21.451,11.201,14.75,9.259334,1.9528728,70.006615,0.0,17.901420052949565,2.3724628529099125
2024-04-17 00:00:00+00:00,-36.07555,-71.75805,162.0,open-meteo_ecmwf_ifs,daily,26.051,9.651,15.59,7.9135003,3.3064747,62.535095,0.0,17.71879099485927,3.2807177626263395
2024-04-18 00:00:00+00:00,-36.07555,-71.75805,162.0,open-meteo_ecmwf_ifs,daily,25.301,8.451,14.28,9.126001,2.9224308,68.88808,0.0,17.537708287766065,2.7151969252461208
2024-04-19 00:00:00+00:00,-36.07555,-71.75805,162.0,open-meteo_ecmwf_ifs,daily,18.901001,13.701,9.75,9.013499,3.9703064,67.77028,0.0,17.358235754562568,2.6430037306538083
2024-04-20 00:00:00+00:00,-36.07555,-71.75805,162.0,open-meteo_ecmwf_ifs,daily,16.901001,9.951,7.53,6.1135,3.3055766,63.92186,0.0,17.180436297344887,2.1501460371976253
2024-04-21 00:00:00+00:00,-36.07555,-71.75805,162.0,open-meteo_ecmwf_ifs,daily,19.201,8.551001,8.77,7.165583,3.4798717,69.434715,0.0,17.0043718596471,2.180038468728332
2024-04-22 00:00:00+00:00,-36.07555,-71.75805,162.0,open-meteo_ecmwf_ifs,daily,16.301,11.501,10.3,9.153085,4.4199915,74.16273,16.000002,16.830103390445597,2.057606115489638
2024-04-23 00:00:00+00:00,-36.07555,-71.75805,162.0,open-meteo_ecmwf_ifs,daily,18.601,5.801,15.04,5.5864167,3.5135717,72.29699,0.0,16.65769080999082,2.28443598250799
2024-04-24 00:00:00+00:00,-36.07555,-71.75805,162.0,open-meteo_ecmwf_ifs,daily,17.851,3.501,14.44,4.2447495,1.6971306,73.39548,0.0,16.48719297751918,1.7344263553962034
2024-04-25 00:00:00+00:00,-36.07555,-71.75805,162.0,open-meteo_ecmwf_ifs,daily,18.551,9.651,10.4,7.6385007,2.3304088,70.14467,3.3,16.318667660892945,1.913610609092996
2024-04-26 00:00:00+00:00,-36.07555,-71.75805,162.0,open-meteo_ecmwf_ifs,daily,15.851,9.501,8.87,10.011416,1.4280113,86.622475,0.5,16.152171508210685,1.2231608666760387
2024-04-27 00:00:00+00:00,-36.07555,-71.75805,162.0,open-meteo_ecmwf_ifs,daily,15.750999,4.151,14.1,3.7364166,3.404746,69.128624,0.0,15.987760021425702,1.949409451699725
2024-04-28 00:00:00+00:00,-36.07555,-71.75805,162.0,open-meteo_ecmwf_ifs,daily,14.101,3.151,10.29,3.9801662,2.7306051,76.51118,0.0,15.825487532004558,1.4348681872710558
2024-04-29 00:00:00+00:00,-36.07555,-71.75805,162.0,open-meteo_ecmwf_ifs,daily,12.651,5.551,2.93,6.25725,6.4679303,82.937614,17.5,15.665407178652305,1.1850192584871884
2024-04-30 00:00:00+00:00,-36.07555,-71.75805,162.0,open-meteo_ecmwf_ifs,daily,14.401,8.251,6.85,7.730167,3.224345,83.69054,2.3,15.507570887125565,1.3402613331855577
2024-05-01 00:00:00+00:00,-36.07555,-71.75805,162.0,open-meteo_ecmwf_ifs,daily,13.001,6.051,12.81,5.4843335,2.940727,79.26063,3.6999998,15.352029352148971,1.4860776764652532
2024-05-02 00:00:00+00:00,-36.07555,-71.75805,162.0,open-meteo_ecmwf_ifs,daily,14.101,0.151,12.21,1.5301665,3.372733,73.11404,0.0,15.198832021444753,1.5627068997847848
2024-05-03 00:00:00+00:00,-36.07555,-71.75805,162.0,open-meteo_ecmwf_ifs,daily,10.451,0.201,6.48,2.3634999,2.516544,80.50574,0.0,15.048027081879638,0.9139335338632173
2024-05-04 00:00:00+00:00,-36.07555,-71.75805,162.0,open-meteo_ecmwf_ifs,daily,12.301001,8.551001,3.66,7.56975,5.39312,85.388954,34.299995,14.89966144772741,1.1972830054290151
2024-05-05 00:00:00+00:00,-36.07555,-71.75805,162.0,open-meteo_ecmwf_ifs,daily,14.451,7.2510004,10.59,7.6780834,1.6351342,85.989655,0.2,14.753780751039573,1.1928012025274266
2024-05-06 00:00:00+00:00,-36.07555,-71.75805,162.0,open-meteo_ecmwf_ifs,daily,15.101,2.3009999,12.1,4.8176665,3.6394465,79.102715,0.5,14.610429334110822,1.4035987836811172
2024-05-07 00:00:00+00:00,-36.07555,-71.75805,162.0,open-meteo_ecmwf_ifs,daily,10.551001,6.051,3.63,5.355167,5.0976963,82.18112,39.899998,14.469650244020226,1.100598978768641
2024-05-08 00:00:00+00:00,-36.07555,-71.75805,162.0,open-meteo_ecmwf_ifs,daily,12.951,1.601,12.18,3.5551665,3.322645,80.699776,1.2,14.331485229222977,1.2572644842446092
2024-05-09 00:00:00+00:00,-36.07555,-71.75805,162.0,open-meteo_ecmwf_ifs,daily,13.601,2.8009999,9.01,2.11975,3.934399,71.655045,0.0,14.195974738161995,1.6432264036863997
2024-05-10 00:00:00+00:00,-36.07555,-71.75805,162.0,open-meteo_ecmwf_ifs,daily,12.951,4.2510004,9.36,6.0447497,1.5857352,88.99169,0.0,14.06315791986258,0.9523043411851505
2024-05-11 00:00:00+00:00,-36.07555,-71.75805,162.0,open-meteo_ecmwf_ifs,daily,13.501,1.051,11.15,4.1405835,1.4030946,85.04432,0.0,13.9330726264679,0.9671528976874469
2024-05-12 00:00:00+00:00,-36.07555,-71.75805,162.0,open-meteo_ecmwf_ifs,daily,12.401,2.0509999,11.19,4.0843334,2.276982,86.43189,0.0,13.805755417666933,1.034163438625589
2024-05-13 00:00:00+00:00,-36.07555,-71.75805,162.0,open-meteo_ecmwf_ifs,daily,10.851,-1.399,11.53,1.5697502,2.6006024,80.38474,0.0,13.681241566961397,0.9538406679678509
2024-05-14 00:00:00+00:00,-36.07555,-71.75805,162.0,open-meteo_ecmwf_ifs,daily,10.251,-1.7490001,11.68,0.28433332,1.469614,83.93629,0.0,13.559565069712148,0.890707757853073
2024-05-15 00:00:00+00:00,-36.07555,-71.75805,162.0,open-meteo_ecmwf_ifs,daily,12.151,-0.99899995,10.28,1.7655834,2.7557106,86.84296,0.1,13.440758652900527,1.0338796235362833
2024-05-16 00:00:00+00:00,-36.07555,-71.75805,162.0,open-meteo_ecmwf_ifs,daily,14.101,2.001,10.9,3.9135,1.9919418,78.65974,1.9999999,13.324853786534561,1.0819289140334423
2024-05-17 00:00:00+00:00,-36.07555,-71.75805,162.0,open-meteo_ecmwf_ifs,daily,12.251,-0.649,10.97,2.3114169,2.0296288,81.31864,0.0,13.211880696624863,0.9318002221844266
2024-05-18 00:00:00+00:00,-36.07555,-71.75805,162.0,open-meteo_ecmwf_ifs,daily,12.351,-0.649,10.93,1.5489167,1.3280611,82.824745,0.0,13.101868379650254,0.8900520827774727
2024-05-19 00:00:00+00:00,-36.07555,-71.75805,162.0,open-meteo_ecmwf_ifs,daily,12.351,-1.199,8.21,1.9197502,1.1758248,83.83824,0.0,12.994844618428031,0.777735262150017
2024-05-20 00:00:00+00:00,-36.07555,-71.75805,162.0,open-meteo_ecmwf_ifs,daily,10.851,6.401,3.59,7.3301663,2.588688,88.61749,20.5,12.890835999299556,0.6432429228563628
2024-05-21 00:00:00+00:00,-36.07555,-71.75805,162.0,open-meteo_ecmwf_ifs,daily,13.701,3.501,10.74,4.709333,2.8618052,84.35793,0.2,12.789867930537339,1.1396387165559436
2024-05-22 00:00:00+00:00,-36.07555,-71.75805,162.0,open-meteo_ecmwf_ifs,daily,7.301,1.401,2.92,3.1551666,2.1311886,88.224174,1.2,12.69196466187576,0.5153041674954904
2024-05-23 00:00:00+00:00,-36.07555,-71.75805,162.0,open-meteo_ecmwf_ifs,daily,10.951,0.7509999,10.21,3.3739169,1.3826622,87.02514,0.0,12.597149305063722,0.7344679208496859
2024-05-24 00:00:00+00:00,-36.07555,-71.75805,162.0,open-meteo_ecmwf_ifs,daily,11.901,0.30100003,8.25,2.11975,2.1246176,84.787476,0.0,12.50544385533427,0.9068712149136341
2024-05-25 00:00:00+00:00,-36.07555,-71.75805,162.0,open-meteo_ecmwf_ifs,daily,12.351,4.451,5.12,5.042667,2.4194233,86.30659,0.0,12.416869213682778,0.918008514553579
2024-05-26 00:00:00+00:00,-36.07555,-71.75805,162.0,open-meteo_ecmwf_ifs,daily,14.151,5.951,8.34,7.434334,2.6503575,87.31202,3.4999995,12.331445209842643,0.9377787965549502
2024-05-27 00:00:00+00:00,-36.07555,-71.75805,162.0,open-meteo_ecmwf_ifs,daily,12.651,1.8009999,6.82,5.1551666,1.3043267,92.77543,0.0,12.249190625845157,0.6664799088757916
2024-05-28 00:00:00+00:00,-36.07555,-71.75805,162.0,open-meteo_ecmwf_ifs,daily,13.201,3.451,5.5,6.386417,1.9333191,92.14639,0.0,12.170123220047914,0.6989885505869097
2024-05-29 00:00:00+00:00,-36.07555,-71.75805,162.0,open-meteo_ecmwf_ifs,daily,15.051001,9.401,6.1,8.596834,2.3853154,83.84042,2.8999999,12.094259751514848,1.0732760040596654
2024-05-30 00:00:00+00:00,-36.07555,-71.75805,162.0,open-meteo_ecmwf_ifs,daily,14.551001,8.101,5.9,10.240584,1.4762963,93.58135,0.0,12.021616004629552,0.6645845816876237
2024-05-31 00:00:00+00:00,-36.07555,-71.75805,162.0,open-meteo_ecmwf_ifs,daily,13.801001,7.451,4.3,8.836417,2.1077878,95.640114,6.7,11.95220681382314,0.720016503747079
2024-06-01 00:00:00+00:00,-36.07555,-71.75805,162.0,open-meteo_ecmwf_ifs,daily,14.601,10.001,7.84,9.592667,2.9929125,88.85772,6.5000005,11.88604608829744,1.023616465497954
2024-06-02 00:00:00+00:00,-36.07555,-71.75805,162.0,open-meteo_ecmwf_ifs,daily,9.651,3.451,4.95,2.63225,3.4408796,74.39349,0.0,11.823146836624794,1.0111863979836824
2024-06-03 00:00:00+00:00,-36.07555,-71.75805,162.0,open-meteo_ecmwf_ifs,daily,12.651,3.001,3.47,4.8426666,2.0714438,85.6455,0.90000004,11.763521191106538,0.7761426872800036
2024-06-04 00:00:00+00:00,-36.07555,-71.75805,162.0,open-meteo_ecmwf_ifs,daily,13.351,4.901,4.95,5.896834,2.0206833,85.51507,0.70000005,11.707180431773345,0.8395766486789072
2024-06-05 00:00:00+00:00,-36.07555,-71.75805,162.0,open-meteo_ecmwf_ifs,daily,12.201,9.451,1.28,7.2718334,5.265942,79.13335,61.600002,11.654135009912755,1.279478181282053
2024-06-06 00:00:00+00:00,-36.07555,-71.75805,162.0,open-meteo_ecmwf_ifs,daily,15.951,11.501,2.93,11.365582,4.9258094,89.29308,31.100004,11.604394571011357,1.0699479149449034
2024-06-07 00:00:00+00:00,-36.07555,-71.75805,162.0,open-meteo_ecmwf_ifs,daily,14.751,8.401,5.01,10.21975,1.1799492,96.194984,0.0,11.557967977002177,0.6381913317497189
2024-06-08 00:00:00+00:00,-36.07555,-71.75805,162.0,open-meteo_ecmwf_ifs,daily,14.201,9.701,1.79,10.667667,4.595247,95.040855,18.5,11.514863327711032,0.6991114525248556
2024-06-09 00:00:00+00:00,-36.07555,-71.75805,162.0,open-meteo_ecmwf_ifs,daily,13.951,9.451,4.36,8.896834,6.0585957,84.72639,35.699997,11.475087981399868,1.1973010738086058
2024-06-10 00:00:00+00:00,-36.07555,-71.75805,162.0,open-meteo_ecmwf_ifs,daily,13.851,8.601,1.11,6.7947507,4.592177,75.548454,1.7,11.438648574309193,1.4224029723337477
2024-06-11 00:00:00+00:00,-36.07555,-71.75805,162.0,open-meteo_ecmwf_ifs,daily,13.351,11.401,1.48,8.653083,6.627907,79.58888,32.1,11.405551039107118,1.5180068257814476
2024-06-12 00:00:00+00:00,-36.07555,-71.75805,162.0,open-meteo_ecmwf_ifs,daily,15.551001,10.951,5.4,8.582252,7.725672,75.96992,14.0,11.375800622157493,1.97043807729021
2024-06-13 00:00:00+00:00,-36.07555,-71.75805,162.0,open-meteo_ecmwf_ifs,daily,12.951,10.951,2.31,10.326,7.703399,90.54834,41.699997,11.349401899525892,0.8885262531060355
2024-06-14 00:00:00+00:00,-36.07555,-71.75805,162.0,open-meteo_ecmwf_ifs,daily,13.451,9.451,4.66,8.534334,6.7774587,86.536064,22.200003,11.32635879164836,1.2584009859471659
2024-06-15 00:00:00+00:00,-36.07555,-71.75805,162.0,open-meteo_ecmwf_ifs,daily,13.701,7.301,7.7,8.288501,2.931673,86.825294,7.7,11.306674576594556,0.8235902199149681
2024-06-16 00:00:00+00:00,-36.07555,-71.75805,162.0,open-meteo_ecmwf_ifs,daily,12.301001,5.701,6.1,7.032251,1.3591653,93.625854,0.0,11.290351901864103,0.6303222034727042
2024-06-17 00:00:00+00:00,-36.07555,-71.75805,162.0,open-meteo_ecmwf_ifs,daily,9.601,4.5010004,1.04,6.4051666,4.938681,93.58945,18.4,11.277392794662271,0.4390266045187027
2024-06-18 00:00:00+00:00,-36.07555,-71.75805,162.0,open-meteo_ecmwf_ifs,daily,9.851,8.001,0.92,7.865584,3.7613475,93.22739,24.9,11.267798670609043,0.5582718812103487
2024-06-19 00:00:00+00:00,-36.07555,-71.75805,162.0,open-meteo_ecmwf_ifs,daily,12.951,5.051,7.98,6.0572505,2.4067934,87.947975,1.6,11.261570340843303,0.8249051863735618
2024-06-20 00:00:00+00:00,-36.07555,-71.75805,162.0,open-meteo_ecmwf_ifs,daily,11.001,9.751,0.71,8.178084,6.922148,87.65946,34.100002,11.258708017492333,0.9871373325149041
2024-06-21 00:00:00+00:00,-36.07555,-71.75805,162.0,open-meteo_ecmwf_ifs,daily,10.951,7.951,4.03,6.9218345,7.729786,86.65411,40.89999,11.259211317484986,1.093491717985968
2024-06-22 00:00:00+00:00,-36.07555,-71.75805,162.0,open-meteo_ecmwf_ifs,daily,10.251,6.051,5.76,5.834333,4.163882,87.287834,21.600002,11.263079264695396,0.8286505295607741
2024-06-23 00:00:00+00:00,-36.07555,-71.75805,162.0,open-meteo_ecmwf_ifs,daily,10.401,-0.99899995,9.94,2.7239168,1.7736322,87.88323,0.0,11.270310290412631,0.5557526599163992
2024-06-24 00:00:00+00:00,-36.07555,-71.75805,162.0,open-meteo_ecmwf_ifs,daily,9.501,-0.799,9.93,0.92599994,2.3290493,84.177376,0.0,11.280902232140207,0.7183032216040361
2024-06-25 00:00:00+00:00,-36.07555,-71.75805,162.0,open-meteo_ecmwf_ifs,daily,8.101,-3.549,9.91,-0.13024995,1.6019033,86.18442,0.0,11.294852330737816,0.5212130136557618
2024-06-26 00:00:00+00:00,-36.07555,-71.75805,162.0,open-meteo_ecmwf_ifs,daily,11.551001,1.351,5.73,2.9718335,1.3179553,83.66046,0.1,11.312157225926171,0.672697265215984
2024-06-27 00:00:00+00:00,-36.07555,-71.75805,162.0,open-meteo_ecmwf_ifs,daily,12.201,5.8510003,2.22,6.498917,2.2911305,89.299095,3.4,11.332812950183955,0.7520257160897413
2024-06-28 00:00:00+00:00,-36.07555,-71.75805,162.0,open-meteo_ecmwf_ifs,daily,11.301001,2.001,10.62,2.1864166,5.1122723,77.84079,0.0,11.356814921074179,1.2368952732360747
2024-06-29 00:00:00+00:00,-36.07555,-71.75805,162.0,open-meteo_ecmwf_ifs,daily,14.301001,3.101,9.94,0.15725005,3.603494,64.52246,0.0,11.384157932044886,1.6902228992497197
2024-06-30 00:00:00+00:00,-36.07555,-71.75805,162.0,open-meteo_ecmwf_ifs,daily,12.001,-0.599,9.72,2.2385,2.2132812,84.78508,0.0,11.414836141756966,0.7646311459138837
2024-07-01 00:00:00+00:00,-36.07555,-71.75805,162.0,open-meteo_ecmwf_ifs,daily,10.851,2.001,6.7,4.7947507,1.7470502,93.331116,0.0,11.448843061998936,0.5764039184718361
2024-07-02 00:00:00+00:00,-36.07555,-71.75805,162.0,open-meteo_ecmwf_ifs,daily,12.201,4.051,4.01,6.3655834,1.6118536,94.37522,2.1,11.486171544255617,0.6078235225618942
2024-07-03 00:00:00+00:00,-36.07555,-71.75805,162.0,open-meteo_ecmwf_ifs,daily,12.151,3.601,9.89,3.559333,4.0408607,81.569275,0.0,11.526813765004155,1.179413715408125
2024-07-04 00:00:00+00:00,-36.07555,-71.75805,162.0,open-meteo_ecmwf_ifs,daily,10.751,2.951,10.97,0.23433332,6.4417,68.62252,0.0,11.570761209816999,1.7935371465609806
2024-07-05 00:00:00+00:00,-36.07555,-71.75805,162.0,open-meteo_ecmwf_ifs,daily,10.201,-2.599,10.95,-2.15525,4.6809635,69.61541,0.0,11.618004656357021,1.2839438115064747
2024-07-06 00:00:00+00:00,-36.07555,-71.75805,162.0,open-meteo_ecmwf_ifs,daily,10.501,0.50100005,10.31,0.42183328,3.7183664,75.31472,0.0,11.668534156355456,1.1465927558922047
2024-07-07 00:00:00+00:00,-36.07555,-71.75805,162.0,open-meteo_ecmwf_ifs,daily,10.651,-1.4990001,10.89,0.8655834,3.1597016,81.80929,0.0,11.722339016667867,0.8797260903413923
2024-07-08 00:00:00+00:00,-36.07555,-71.75805,162.0,open-meteo_ecmwf_ifs,daily,9.651,-3.049,11.01,0.14474998,2.2749443,84.83079,0.0,11.77940777950765,0.7055331387952237
2024-07-09 00:00:00+00:00,-36.07555,-71.75805,162.0,open-meteo_ecmwf_ifs,daily,5.301,0.50100005,5.22,1.0780834,1.850418,92.97126,0.0,11.839728201960423,0.5353620903773366
2024-07-10 00:00:00+00:00,-36.07555,-71.75805,162.0,open-meteo_ecmwf_ifs,daily,7.901,-4.799,10.41,-1.8823333,1.853188,84.24026,0.0,11.903287234885772,0.6499104984843925
2024-07-11 00:00:00+00:00,-36.07555,-71.75805,162.0,open-meteo_ecmwf_ifs,daily,8.001,-3.649,10.6,-1.3344167,1.4557322,85.031746,0.0,11.970071001315455,0.638961347238476
2024-07-12 00:00:00+00:00,-36.07555,-71.75805,162.0,open-meteo_ecmwf_ifs,daily,9.651,-4.4989996,11.23,-3.9635832,1.7349845,75.00956,0.0,12.04006477445958,0.8630999787690297
2024-07-13 00:00:00+00:00,-36.07555,-71.75805,162.0,open-meteo_ecmwf_ifs,daily,7.7510004,-3.599,8.57,-2.0219166,1.9481726,81.89191,0.0,12.113252955433603,0.735421637515979
2024-07-14 00:00:00+00:00,-36.07555,-71.75805,162.0,open-meteo_ecmwf_ifs,daily,7.301,-3.649,7.37,-0.9615001,1.7711234,93.5642,0.0,12.189619050820331,0.6147660166432516
2024-07-15 00:00:00+00:00,-36.07555,-71.75805,162.0,open-meteo_ecmwf_ifs,daily,5.451,-1.199,5.48,0.4926667,1.8263198,94.924194,0.0,12.26914565018171,0.5220717736285381
2024-07-16 00:00:00+00:00,-36.07555,-71.75805,162.0,open-meteo_ecmwf_ifs,daily,16.201,-0.89900005,11.54,2.8926668,2.540846,89.11118,0.0,12.351814403635155,1.1098480619230051
2024-07-17 00:00:00+00:00,-36.07555,-71.75805,162.0,open-meteo_ecmwf_ifs,daily,11.001,0.0010000169,7.25,2.7197504,1.9470583,93.17147,0.0,12.437605999609026,0.743589816993146
2024-07-18 00:00:00+00:00,-36.07555,-71.75805,162.0,open-meteo_ecmwf_ifs,daily,13.251,5.2510004,9.04,5.6405835,3.9995458,85.42822,0.0,12.526500142890944,1.205171901285574
2024-07-19 00:00:00+00:00,-36.07555,-71.75805,162.0,open-meteo_ecmwf_ifs,daily,12.001,-0.549,9.03,0.39891663,2.8792083,70.78332,0.0,12.61847553308122,1.1467784480940497
2024-07-20 00:00:00+00:00,-36.07555,-71.75805,162.0,open-meteo_ecmwf_ifs,daily,10.751,-2.249,11.58,1.1301666,1.7303635,83.54808,0.0,12.713509843562333,0.7819564249658268
2024-07-21 00:00:00+00:00,-36.07555,-71.75805,162.0,open-meteo_ecmwf_ifs,daily,12.951,0.50100005,9.94,3.546833,1.557362,88.39075,0.0,12.81157970109291,0.8401174256098147
2024-07-22 00:00:00+00:00,-36.07555,-71.75805,162.0,open-meteo_ecmwf_ifs,daily,13.451,0.951,11.06,3.8947499,1.3965842,89.71411,0.0,12.912660666132476,0.8736954176139227
2024-07-23 00:00:00+00:00,-36.07555,-71.75805,162.0,open-meteo_ecmwf_ifs,daily,12.351,4.401,5.35,6.2051663,3.3658116,91.00001,0.2,13.016727214000207,0.847554011673173
2024-07-24 00:00:00+00:00,-36.07555,-71.75805,162.0,open-meteo_ecmwf_ifs,daily,15.301001,2.351,11.4,5.701,1.5583682,85.96994,0.0,13.123752716967932,0.9680170285976241
2024-07-25 00:00:00+00:00,-36.07555,-71.75805,162.0,open-meteo_ecmwf_ifs,daily,10.901,4.551,4.0,6.51975,1.7589802,93.41097,6.5,13.233709427383982,0.6154785963438969
2024-07-26 00:00:00+00:00,-36.07555,-71.75805,162.0,open-meteo_ecmwf_ifs,daily,11.751,3.5509999,11.98,4.6947503,3.5784225,85.967285,0.0,13.346568461920898,1.0990268289918885
2024-07-27 00:00:00+00:00,-36.07555,-71.75805,162.0,open-meteo_ecmwf_ifs,daily,13.251,2.5509999,12.6,0.10308338,6.499569,64.705284,0.0,13.462299787035775,2.2578401668235886
2024-07-28 00:00:00+00:00,-36.07555,-71.75805,162.0,open-meteo_ecmwf_ifs,daily,12.551001,-0.549,13.0,-0.48650002,5.3034735,66.23783,0.0,13.580872205728074,1.745024066030658
2024-07-29 00:00:00+00:00,-36.07555,-71.75805,162.0,open-meteo_ecmwf_ifs,daily,13.901,-2.749,12.48,0.43433347,2.337463,74.58726,0.0,13.702253345674864,1.1683381340022188
2024-07-30 00:00:00+00:00,-36.07555,-71.75805,162.0,open-meteo_ecmwf_ifs,daily,12.851,3.001,4.95,4.969751,1.8024039,87.545746,0.0,13.826409648819219,0.8509434465793049
2024-07-31 00:00:00+00:00,-36.07555,-71.75805,162.0,open-meteo_ecmwf_ifs,daily,11.601,7.051,1.97,7.4364166,4.7765527,88.75317,0.0,13.953306362482394,0.8297519318391106
2024-08-01 00:00:00+00:00,-36.07555,-71.75805,162.0,open-meteo_ecmwf_ifs,daily,12.201,10.251,1.06,8.05725,10.879117,82.65332,50.399998,14.082907532065407,1.543418166155876
2024-08-02 00:00:00+00:00,-36.07555,-71.75805,162.0,open-meteo_ecmwf_ifs,daily,11.801001,9.451,5.95,8.786416,6.865846,88.98553,45.699997,14.215175995400918,1.0280551233473845
2024-08-03 00:00:00+00:00,-36.07555,-71.75805,162.0,open-meteo_ecmwf_ifs,daily,14.351,6.801,10.2,6.571834,4.43264,81.803535,7.299999,14.350073378810446,1.5407514874480788
2024-08-04 00:00:00+00:00,-36.07555,-71.75805,162.0,open-meteo_ecmwf_ifs,daily,11.351,4.051,3.08,5.13225,3.2186978,85.439705,9.1,14.487560094917503,0.8766844293744851
2024-08-05 00:00:00+00:00,-36.07555,-71.75805,162.0,open-meteo_ecmwf_ifs,daily,10.051001,6.651,4.19,5.4593334,6.511196,82.464134,29.1,14.627595342261005,1.179169348114761
2024-08-06 00:00:00+00:00,-36.07555,-71.75805,162.0,open-meteo_ecmwf_ifs,daily,10.051001,3.0509999,9.96,4.405167,1.9240576,88.00822,2.8999996,14.77013710674848,0.9266849272638332
2024-08-07 00:00:00+00:00,-36.07555,-71.75805,162.0,open-meteo_ecmwf_ifs,daily,11.101,-0.048999995,13.82,1.7864165,2.5606225,82.99735,0.0,14.91514216498304,1.1968979382746718
2024-08-08 00:00:00+00:00,-36.07555,-71.75805,162.0,open-meteo_ecmwf_ifs,daily,12.201,-2.799,14.27,-0.2698332,1.8199911,76.93962,0.0,15.062566089492254,1.2039770767817592
2024-08-09 00:00:00+00:00,-36.07555,-71.75805,162.0,open-meteo_ecmwf_ifs,daily,13.801001,-2.499,11.83,1.86975,1.9613786,83.83088,0.0,15.212363255882018,1.1222766754968634
2024-08-10 00:00:00+00:00,-36.07555,-71.75805,162.0,open-meteo_ecmwf_ifs,daily,15.551001,5.151,11.31,6.8280835,2.9244003,86.03589,1.2,15.364486851932718,1.4080167423567633
2024-08-11 00:00:00+00:00,-36.07555,-71.75805,162.0,open-meteo_ecmwf_ifs,daily,16.701,4.151,14.09,3.911417,4.5850186,71.15244,0.0,15.518888888649574,2.1792454341276177
2024-08-12 00:00:00+00:00,-36.07555,-71.75805,162.0,open-meteo_ecmwf_ifs,daily,17.601,2.0509999,13.42,6.1509995,2.5310028,82.818214,0.0,15.675520213273591,1.4622417977757516
2024-08-13 00:00:00+00:00,-36.07555,-71.75805,162.0,open-meteo_ecmwf_ifs,daily,15.701,4.151,10.79,6.923918,1.5211135,85.29949,0.0,15.834330524254199,1.2165371206005067
2024-08-14 00:00:00+00:00,-36.07555,-71.75805,162.0,open-meteo_ecmwf_ifs,daily,14.851,6.701,7.64,7.821833,2.0693176,88.373505,0.0,15.995268388179062,1.1642412155834956
2024-08-15 00:00:00+00:00,-36.07555,-71.75805,162.0,open-meteo_ecmwf_ifs,daily,14.451,4.6010003,15.29,5.1926665,3.39507,77.8245,0.0,16.158281258651435,1.721366301262168
2024-08-16 00:00:00+00:00,-36.07555,-71.75805,162.0,open-meteo_ecmwf_ifs,daily,12.951,1.651,13.02,3.4134998,3.6640942,81.313835,0.0,16.323315497100086,1.4711451732989933
2024-08-17 00:00:00+00:00,-36.07555,-71.75805,162.0,open-meteo_ecmwf_ifs,daily,13.201,3.251,15.16,2.3676667,5.2410755,71.086914,0.0,16.490316395501566,2.068917835854825
2024-08-18 00:00:00+00:00,-36.07555,-71.75805,162.0,open-meteo_ecmwf_ifs,daily,10.751,1.701,11.16,1.0551666,3.602707,71.69835,0.0,16.65922820098957,1.5412605303056204
2024-08-19 00:00:00+00:00,-36.07555,-71.75805,162.0,open-meteo_ecmwf_ifs,daily,11.101,1.8510001,11.56,2.2885,1.6316271,78.37948,0.0,16.829994142321056,1.2591919525151087
2024-08-20 00:00:00+00:00,-36.07555,-71.75805,162.0,open-meteo_ecmwf_ifs,daily,11.001,0.35099998,15.03,0.7926665,1.7710816,74.6003,0.0,17.00255645816395,1.4295799041689838
2024-08-21 00:00:00+00:00,-36.07555,-71.75805,162.0,open-meteo_ecmwf_ifs,daily,8.501,1.701,7.6,1.9572501,3.6018274,84.942726,12.5,17.176856427166303,1.099696006246441
2024-08-22 00:00:00+00:00,-36.07555,-71.75805,162.0,open-meteo_ecmwf_ifs,daily,9.151,2.151,9.63,3.2176666,5.224463,87.62329,18.300001,17.352834399762216,1.126180172723675
2024-08-23 00:00:00+00:00,-36.07555,-71.75805,162.0,open-meteo_ecmwf_ifs,daily,9.601,3.9009998,8.99,3.4489167,3.4813573,83.948845,20.000002,17.530429831665227,1.257667179771546
2024-08-24 00:00:00+00:00,-36.07555,-71.75805,162.0,open-meteo_ecmwf_ifs,daily,15.201,-1.599,16.68,1.6280833,2.6385872,77.936584,0.0,17.709581318995312,1.733140024989818
2024-08-25 00:00:00+00:00,-36.07555,-71.75805,162.0,open-meteo_ecmwf_ifs,daily,15.201,-1.349,14.66,1.9926667,1.344973,78.04543,0.0,17.890226634981417,1.4960619751611215
2024-08-26 00:00:00+00:00,-36.07555,-71.75805,162.0,open-meteo_ecmwf_ifs,daily,13.301001,4.451,9.27,6.011417,1.9058064,84.97521,1.5,18.072302768177465,1.2379669193042298
2024-08-27 00:00:00+00:00,-36.07555,-71.75805,162.0,open-meteo_ecmwf_ifs,daily,15.051001,2.001,16.25,4.8968334,3.4640877,81.67446,0.0,18.255745962125253,1.7489542334809127
2024-08-28 00:00:00+00:00,-36.07555,-71.75805,162.0,open-meteo_ecmwf_ifs,daily,13.801001,4.551,11.53,6.3676677,1.3801974,89.57702,0.0,18.44049175639456,1.3594940393617316
2024-08-29 00:00:00+00:00,-36.07555,-71.75805,162.0,open-meteo_ecmwf_ifs,daily,13.851,4.3510003,11.06,6.892668,1.885161,90.357574,0.0,18.626475028926293,1.3041675337031589
2024-08-30 00:00:00+00:00,-36.07555,-71.75805,162.0,open-meteo_ecmwf_ifs,daily,13.901,5.5010004,8.0,7.1634994,2.02704,85.90088,0.2,18.813630039601797,1.2026096625964136
2024-08-31 00:00:00+00:00,-36.07555,-71.75805,162.0,open-meteo_ecmwf_ifs,daily,17.951,2.251,17.38,5.959334,2.2537792,81.53916,0.0,19.00189047495753,1.9571392593679104
2024-09-01 00:00:00+00:00,-36.07555,-71.75805,162.0,open-meteo_ecmwf_ifs,daily,17.151001,2.951,14.86,6.823917,1.6764323,84.663124,0.1,19.191189493961588,1.6987868888335358
2024-09-02 00:00:00+00:00,-36.07555,-71.75805,162.0,open-meteo_ecmwf_ifs,daily,13.301001,6.901,10.1,5.751,3.30937,79.37575,9.1,19.381459774765457,1.7115552532377887
2024-09-03 00:00:00+00:00,-36.07555,-71.75805,162.0,open-meteo_ecmwf_ifs,daily,13.401,3.001,17.81,4.215584,4.135476,80.95488,0.0,19.57263356234178,1.963447778473859
2024-09-04 00:00:00+00:00,-36.07555,-71.75805,162.0,open-meteo_ecmwf_ifs,daily,16.401001,3.451,18.88,4.651,4.4639163,77.59876,0.0,19.764642716916505,2.4072339204819926
2024-09-05 00:00:00+00:00,-36.07555,-71.75805,162.0,open-meteo_ecmwf_ifs,daily,14.001,1.651,14.65,5.009334,2.6421278,83.281235,0.0,19.957418763101316,1.5857647074125207
2024-09-06 00:00:00+00:00,-36.07555,-71.75805,162.0,open-meteo_ecmwf_ifs,daily,15.101,5.151,15.0,6.761417,2.0005996,81.50019,0.0,20.150892939630538,1.802969155773399
2024-09-07 00:00:00+00:00,-36.07555,-71.75805,162.0,open-meteo_ecmwf_ifs,daily,14.851,5.551,18.26,5.56975,3.188482,76.59914,0.0,20.344996249604733,2.241664316972491
2024-09-08 00:00:00+00:00,-36.07555,-71.75805,162.0,open-meteo_ecmwf_ifs,daily,15.501,2.401,16.55,3.9009998,3.5012245,73.89985,0.0,20.539659511141743,2.139294131068221
2024-09-09 00:00:00+00:00,-36.07555,-71.75805,162.0,open-meteo_ecmwf_ifs,daily,16.351,3.501,14.4,5.2718334,1.5405326,75.5783,2.9,20.73481340833476,1.8528543208188222
2024-09-10 00:00:00+00:00,-36.07555,-71.75805,162.0,open-meteo_ecmwf_ifs,daily,15.151,8.451,17.18,6.019749,3.1092234,72.280754,7.7000003,20.93038854241589,2.4970970287651157
2024-09-11 00:00:00+00:00,-36.07555,-71.75805,162.0,open-meteo_ecmwf_ifs,daily,15.801001,3.001,20.24,4.132251,4.297051,73.0452,0.0,21.12631548302286,2.496267408303033
2024-09-12 00:00:00+00:00,-36.07555,-71.75805,162.0,open-meteo_ecmwf_ifs,daily,15.201,1.401,20.02,3.0030835,3.4807675,74.103676,0.0,21.322524819466494,2.340981217456696
2024-09-13 00:00:00+00:00,-36.07555,-71.75805,162.0,open-meteo_ecmwf_ifs,daily,16.451,1.201,20.32,4.1072497,3.4439309,75.60114,0.0,21.518947211895632,2.3366137286727873
2024-09-14 00:00:00+00:00,-36.07555,-71.75805,162.0,open-meteo_ecmwf_ifs,daily,19.751,3.251,20.76,4.5801673,4.8669486,66.98014,0.0,21.715513442257098,3.1065708507762664
2024-09-15 00:00:00+00:00,-36.07555,-71.75805,162.0,open-meteo_ecmwf_ifs,daily,19.301,3.951,21.25,5.219751,5.0595584,67.06387,0.0,21.912154464948085,3.0911026903172516
2024-09-16 00:00:00+00:00,-36.07555,-71.75805,162.0,open-meteo_ecmwf_ifs,daily,19.851,2.851,16.31,5.4343333,3.6456873,68.777695,0.0,22.108801457059048,2.5542006729103455
2024-09-17 00:00:00+00:00,-36.07555,-71.75805,162.0,open-meteo_ecmwf_ifs,daily,18.651001,5.551,19.08,7.728083,2.4415724,78.37734,0.0,22.305385868106683,2.4931030116566606
2024-09-18 00:00:00+00:00,-36.07555,-71.75805,162.0,open-meteo_ecmwf_ifs,daily,15.051001,6.1010003,10.97,7.5280833,3.2430372,81.32734,0.9,22.501839469156753,1.6864061075643408
2024-09-19 00:00:00+00:00,-36.07555,-71.75805,162.0,open-meteo_ecmwf_ifs,daily,14.201,9.351,12.54,8.548918,7.300882,84.23769,31.0,22.698094401239178,2.049920075984383
2024-09-20 00:00:00+00:00,-36.07555,-71.75805,162.0,open-meteo_ecmwf_ifs,daily,15.301001,6.8510003,9.12,8.161416,2.036927,84.45708,1.0,22.894083222958763,1.5119314987538643
2024-09-21 00:00:00+00:00,-36.07555,-71.75805,162.0,open-meteo_ecmwf_ifs,daily,13.251,6.6010003,6.77,6.2843337,3.9960902,80.176796,12.0,23.089738957207196,1.5473713184544062
2024-09-22 00:00:00+00:00,-36.07555,-71.75805,162.0,open-meteo_ecmwf_ifs,daily,13.601,7.401,15.78,7.3947506,3.5474489,81.393616,20.600004,23.284995136884657,2.048559889014841
2024-09-23 00:00:00+00:00,-36.07555,-71.75805,162.0,open-meteo_ecmwf_ifs,daily,15.851,2.401,21.41,4.6176667,1.8678087,78.860985,0.0,23.479785849541383,2.4559687222963094
2024-09-24 00:00:00+00:00,-36.07555,-71.75805,162.0,open-meteo_ecmwf_ifs,daily,14.751,5.1010003,19.35,5.6114173,3.1042922,78.917305,0.0,23.674045780852957,2.4284334049805603
2024-09-25 00:00:00+00:00,-36.07555,-71.75805,162.0,open-meteo_ecmwf_ifs,daily,16.101,4.0010004,22.95,4.551,5.280813,73.95516,0.0,23.867710256845903,2.9604955371323443
2024-09-26 00:00:00+00:00,-36.07555,-71.75805,162.0,open-meteo_ecmwf_ifs,daily,17.651001,-0.048999995,19.51,4.6739173,2.4203808,77.6692,0.0,24.06071528479366,2.3106023298086686
2024-09-27 00:00:00+00:00,-36.07555,-71.75805,162.0,open-meteo_ecmwf_ifs,daily,17.701,3.701,22.76,4.0135,2.194441,66.16306,0.0,24.252997592706706,2.9503788468319425
2024-09-28 00:00:00+00:00,-36.07555,-71.75805,162.0,open-meteo_ecmwf_ifs,daily,19.101,8.101,13.48,7.476,2.7595825,72.20545,0.0,24.444494667344415,2.5536146289791675
2024-09-29 00:00:00+00:00,-36.07555,-71.75805,162.0,open-meteo_ecmwf_ifs,daily,19.551,8.901,14.16,10.307251,2.9396584,85.02761,0.2,24.63514479068026,2.371792998265725
2024-09-30 00:00:00+00:00,-36.07555,-71.75805,162.0,open-meteo_ecmwf_ifs,daily,12.101,9.701,2.83,8.803084,5.987121,86.749825,26.000004,24.824887074756717,1.105046241021843
2024-10-01 00:00:00+00:00,-36.07555,-71.75805,162.0,open-meteo_ecmwf_ifs,daily,14.251,6.801,19.98,7.3593335,2.4761543,83.85522,2.8999996,25.013661494869872,2.435751807783211
2024-10-02 00:00:00+00:00,-36.07555,-71.75805,162.0,open-meteo_ecmwf_ifs,daily,16.601,2.151,24.76,2.2947502,4.964708,64.17666,0.0,25.20140892102965,3.2997232051265266
2024-10-03 00:00:00+00:00,-36.07555,-71.75805,162.0,open-meteo_ecmwf_ifs,daily,18.451,3.401,22.59,6.2635,2.2709587,80.20315,0.0,25.38807114764536,2.8550406039975855
2024-10-04 00:00:00+00:00,-36.07555,-71.75805,162.0,open-meteo_ecmwf_ifs,daily,21.451,6.701,22.35,8.926001,1.5982007,79.19233,0.0,25.57359092139206,3.152496107751132
2024-10-05 00:00:00+00:00,-36.07555,-71.75805,162.0,open-meteo_ecmwf_ifs,daily,22.201,6.0010004,24.05,8.961417,2.760904,76.68667,0.0,25.757911967218206,3.4106762773609316
2024-10-06 00:00:00+00:00,-36.07555,-71.75805,162.0,open-meteo_ecmwf_ifs,daily,22.851,11.001,18.82,11.01975,3.1621516,76.3339,0.5,25.94097901246006,3.4152191521962427
2024-10-07 00:00:00+00:00,-36.07555,-71.75805,162.0,open-meteo_ecmwf_ifs,daily,22.501,10.401,20.81,11.836418,2.2279184,80.085846,0.0,26.122737809034707,3.2826656117093242
2024-10-08 00:00:00+00:00,-36.07555,-71.75805,162.0,open-meteo_ecmwf_ifs,daily,17.151001,12.451,8.59,12.063499,2.279929,84.02694,6.099999,26.303135153687794,1.7201081943388847
2024-10-09 00:00:00+00:00,-36.07555,-71.75805,162.0,open-meteo_ecmwf_ifs,daily,22.951,11.001,18.04,11.921834,1.8617883,78.441826,0.0,26.482118906279098,3.071227644051063
2024-10-10 00:00:00+00:00,-36.07555,-71.75805,162.0,open-meteo_ecmwf_ifs,daily,20.601,9.901,18.04,10.911418,2.3553112,80.973915,0.3,26.659638006093488,2.90269371658916
2024-10-11 00:00:00+00:00,-36.07555,-71.75805,162.0,open-meteo_ecmwf_ifs,daily,16.401001,6.401,14.01,8.532251,1.7141045,81.36434,2.1000001,26.83564248617153,2.0423745862142653
2024-10-12 00:00:00+00:00,-36.07555,-71.75805,162.0,open-meteo_ecmwf_ifs,daily,19.051,6.451,24.67,6.5822506,4.145981,72.05457,0.0,27.010083485659194,3.6172890597102088
2024-10-13 00:00:00+00:00,-36.07555,-71.75805,162.0,open-meteo_ecmwf_ifs,daily,20.451,4.651,25.48,5.065583,2.9978437,64.0714,0.0,27.18291326018198,3.725688778373445
2024-10-14 00:00:00+00:00,-36.07555,-71.75805,162.0,open-meteo_ecmwf_ifs,daily,21.801,6.2510004,26.01,7.3426666,3.1261604,70.07807,0.0,27.35408519025467,3.887427528578748
2024-10-15 00:00:00+00:00,-36.07555,-71.75805,162.0,open-meteo_ecmwf_ifs,daily,23.251,5.551,22.21,8.451001,1.8600372,72.9049,0.0,27.523553787743452,3.3728753336352346
2024-10-16 00:00:00+00:00,-36.07555,-71.75805,162.0,open-meteo_ecmwf_ifs,daily,20.001,7.1010003,20.42,7.6780834,3.7920027,69.24724,0.3,27.69127470040259,3.338094478512767
2024-10-17 00:00:00+00:00,-36.07555,-71.75805,162.0,open-meteo_ecmwf_ifs,daily,23.601,7.451,26.32,8.415585,3.784954,70.87986,0.0,27.85720471451394,4.277882871157945
2024-10-18 00:00:00+00:00,-36.07555,-71.75805,162.0,open-meteo_ecmwf_ifs,daily,25.151001,9.151,24.73,10.521834,2.6861458,73.22668,0.0,28.021301755662282,4.1400287410000045
2024-10-19 00:00:00+00:00,-36.07555,-71.75805,162.0,open-meteo_ecmwf_ifs,daily,24.351,8.151,25.25,10.298918,2.5916483,76.957664,0.0,28.183524887685333,4.000149295788173
2024-10-20 00:00:00+00:00,-36.07555,-71.75805,162.0,open-meteo_ecmwf_ifs,daily,16.101,11.251,10.53,8.426,5.045726,72.3942,3.1999998,28.34383430984206,2.6017723526601197
2024-10-21 00:00:00+00:00,-36.07555,-71.75805,162.0,open-meteo_ecmwf_ifs,daily,22.551,8.001,26.96,9.213501,3.3884294,73.55458,0.0,28.502191352248172,4.142879623438009
2024-10-22 00:00:00+00:00,-36.07555,-71.75805,162.0,open-meteo_ecmwf_ifs,daily,24.401001,7.451,21.98,9.092669,2.8390656,68.00808,0.0,28.658558469632105,3.807710572291719
2024-10-23 00:00:00+00:00,-36.07555,-71.75805,162.0,open-meteo_ecmwf_ifs,daily,17.101,12.801001,7.02,11.526001,2.6545289,83.07786,6.2000003,28.812899233469736,1.756605511769651
2024-10-24 00:00:00+00:00,-36.07555,-71.75805,162.0,open-meteo_ecmwf_ifs,daily,21.951,9.101,24.03,10.388501,2.649565,80.12678,0.0,28.965178322560085,3.7442172203299458
2024-10-25 00:00:00+00:00,-36.07555,-71.75805,162.0,open-meteo_ecmwf_ifs,daily,17.451,6.6010003,28.2,5.878084,6.4766145,67.21226,0.4,29.115361512108564,3.9696612573904138
2024-10-26 00:00:00+00:00,-36.07555,-71.75805,162.0,open-meteo_ecmwf_ifs,daily,25.001,6.401,27.78,6.0822506,4.3441143,57.185574,0.0,29.2634156613878,4.961511033556298
2024-10-27 00:00:00+00:00,-36.07555,-71.75805,162.0,open-meteo_ecmwf_ifs,daily,25.101,9.451,26.39,11.998918,2.1581552,75.89707,0.0,29.409308700050094,4.2042078319290885
2024-10-28 00:00:00+00:00,-36.07555,-71.75805,162.0,open-meteo_ecmwf_ifs,daily,29.601,8.851,28.25,9.819751,3.444864,61.89557,0.0,29.553009613168058,5.354341183633322
2024-10-29 00:00:00+00:00,-36.07555,-71.75805,162.0,open-meteo_ecmwf_ifs,daily,27.401001,11.601,27.66,11.755169,2.914786,67.478935,0.0,29.694488425083584,5.026591410324515
2024-10-30 00:00:00+00:00,-36.07555,-71.75805,162.0,open-meteo_ecmwf_ifs,daily,23.401001,12.451,20.79,11.134334,1.8937222,71.91343,0.0,29.83371618214728,3.7811269892987456
2024-10-31 00:00:00+00:00,-36.07555,-71.75805,162.0,open-meteo_ecmwf_ifs,daily,25.801,11.051001,24.93,10.921836,2.4885333,70.60377,0.0,29.970664934432882,4.491358908892505
2024-11-01 00:00:00+00:00,-36.07555,-71.75805,162.0,open-meteo_ecmwf_ifs,daily,19.051,11.701,13.53,8.48225,3.7007446,68.17273,0.70000005,30.10530771651308,3.178778802981509
2024-11-02 00:00:00+00:00,-36.07555,-71.75805,162.0,open-meteo_ecmwf_ifs,daily,21.301,9.701,28.74,8.786418,2.1546152,71.69094,2.7,30.23761852738439,4.406544465021339
2024-11-03 00:00:00+00:00,-36.07555,-71.75805,162.0,open-meteo_ecmwf_ifs,daily,17.451,9.201,12.7,5.692667,3.4587498,63.293873,0.0,30.367572309630113,2.9861170883179144
2024-11-04 00:00:00+00:00,-36.07555,-71.75805,162.0,open-meteo_ecmwf_ifs,daily,18.651001,9.951,25.92,7.761418,3.499029,69.164734,10.8,30.49514492791063,4.100349313236261
2024-11-05 00:00:00+00:00,-36.07555,-71.75805,162.0,open-meteo_ecmwf_ifs,daily,22.401001,6.401,29.74,5.665583,4.4476933,61.65376,0.0,30.620313146871066,4.871215571680496
2024-11-06 00:00:00+00:00,-36.07555,-71.75805,162.0,open-meteo_ecmwf_ifs,daily,23.851,10.351,28.96,8.278084,4.753357,59.927784,0.0,30.74305460855596,5.322299670327186
2024-11-07 00:00:00+00:00,-36.07555,-71.75805,162.0,open-meteo_ecmwf_ifs,daily,24.851,9.251,24.44,7.7343354,3.2621071,59.8584,0.0,30.863347809420024,4.684633861150076
2024-11-08 00:00:00+00:00,-36.07555,-71.75805,162.0,open-meteo_ecmwf_ifs,daily,26.601,9.801001,27.42,7.0176673,2.7104118,51.571445,0.0,30.981172077023515,5.186597062415163
2024-11-09 00:00:00+00:00,-36.07555,-71.75805,162.0,open-meteo_ecmwf_ifs,daily,22.551,12.451,17.88,10.526,4.1660323,65.75875,0.5,31.09650754649913,3.9395658071768795
2024-11-10 00:00:00+00:00,-36.07555,-71.75805,162.0,open-meteo_ecmwf_ifs,daily,19.401001,10.851,22.2,7.955168,3.0572548,66.659195,18.900002,31.209335136875673,3.9272799678693007
2024-11-11 00:00:00+00:00,-36.07555,-71.75805,162.0,open-meteo_ecmwf_ifs,daily,20.951,7.551,30.42,6.301,5.704103,62.2892,0.0,31.31963652734229,4.925718675407419
2024-11-12 00:00:00+00:00,-36.07555,-71.75805,162.0,open-meteo_ecmwf_ifs,daily,24.101,8.801001,30.52,6.386418,6.3725452,54.168182,0.0,31.427394133533827,5.836988850192085
2024-11-13 00:00:00+00:00,-36.07555,-71.75805,162.0,open-meteo_ecmwf_ifs,daily,27.401001,9.201,29.99,9.30725,4.3637786,60.788055,0.0,31.532591083915815,5.625333474725456
2024-11-14 00:00:00+00:00,-36.07555,-71.75805,162.0,open-meteo_ecmwf_ifs,daily,25.701,11.501,25.98,12.513499,1.6573633,70.04874,0.0,31.635211196344294,4.45524081307881
2024-11-15 00:00:00+00:00,-36.07555,-71.75805,162.0,open-meteo_ecmwf_ifs,daily,19.601,10.601,17.43,9.990583,2.7783635,72.16076,0.0,31.735238954872404,3.153891049566373
2024-11-16 00:00:00+00:00,-36.07555,-71.75805,162.0,open-meteo_ecmwf_ifs,daily,21.151001,7.6010003,31.72,4.35725,4.340956,54.015545,0.0,31.832659486872018,5.262459974841758
2024-11-17 00:00:00+00:00,-36.07555,-71.75805,162.0,open-meteo_ecmwf_ifs,daily,23.401001,7.401,31.73,5.8885007,2.990204,57.610462,0.0,31.927458540534776,5.161792286411155
2024-11-18 00:00:00+00:00,-36.07555,-71.75805,162.0,open-meteo_ecmwf_ifs,daily,27.401001,9.601,30.77,8.753084,2.4576576,62.301907,0.0,32.01962246281294,5.453213385802369
2024-11-19 00:00:00+00:00,-36.07555,-71.75805,162.0,open-meteo_ecmwf_ifs,daily,24.901001,9.301001,27.98,8.348918,2.217675,65.104126,0.0,32.10913817785605,4.821729683545011
2024-11-20 00:00:00+00:00,-36.07555,-71.75805,162.0,open-meteo_ecmwf_ifs,daily,26.651001,11.001,30.62,7.7343335,2.94215,58.287323,0.0,32.195993165994935,5.749840723894764
2024-11-21 00:00:00+00:00,-36.07555,-71.75805,162.0,open-meteo_ecmwf_ifs,daily,28.001,10.051001,31.55,8.746835,2.470519,60.023716,0.0,32.28017544331997,5.680112411200496
2024-11-22 00:00:00+00:00,-36.07555,-71.75805,162.0,open-meteo_ecmwf_ifs,daily,26.651001,9.201,31.27,7.3885016,2.3805106,56.936382,0.0,32.36167354189605,5.482574188668873
2024-11-23 00:00:00+00:00,-36.07555,-71.75805,162.0,open-meteo_ecmwf_ifs,daily,27.851,11.101,30.77,9.648917,3.3319724,60.939957,0.0,32.44047649065156,5.85674562025165
2024-11-24 00:00:00+00:00,-36.07555,-71.75805,162.0,open-meteo_ecmwf_ifs,daily,25.801,11.451,27.99,8.836417,2.4889414,59.299274,0.0,32.516573796974136,5.210187155745831
2024-11-25 00:00:00+00:00,-36.07555,-71.75805,162.0,open-meteo_ecmwf_ifs,daily,25.151001,10.801001,31.37,6.067667,3.4893568,48.784977,0.0,32.58995542904132,5.948297296750454
2024-11-26 00:00:00+00:00,-36.07555,-71.75805,162.0,open-meteo_ecmwf_ifs,daily,23.701,9.901,30.31,7.4447513,2.6724184,60.695297,0.0,32.66061179890919,5.205571518931616
2024-11-27 00:00:00+00:00,-36.07555,-71.75805,162.0,open-meteo_ecmwf_ifs,daily,22.701,9.151,32.17,5.13225,3.2845995,53.858734,0.0,32.728533746377586,5.5218973991995
2024-11-28 00:00:00+00:00,-36.07555,-71.75805,162.0,open-meteo_ecmwf_ifs,daily,23.851,8.851,31.45,3.390583,3.9389665,48.88245,0.0,32.79371252364616,5.914082552647208
2024-11-29 00:00:00+00:00,-36.07555,-71.75805,162.0,open-meteo_ecmwf_ifs,daily,26.651001,8.851,32.3,4.5051665,2.4851093,46.9092,0.0,32.85613978077089,5.808402353107819
2024-11-30 00:00:00+00:00,-36.07555,-71.75805,162.0,open-meteo_ecmwf_ifs,daily,26.901001,10.701,30.19,7.95725,2.1562867,55.523712,0.0,32.9158075519268,5.48304171355534
2024-12-01 00:00:00+00:00,-36.07555,-71.75805,162.0,open-meteo_ecmwf_ifs,daily,22.151001,9.601,24.93,6.863499,2.1524956,61.290485,0.0,32.97270824247846,4.3891060947070795
2024-12-02 00:00:00+00:00,-36.07555,-71.75805,162.0,open-meteo_ecmwf_ifs,daily,25.051,9.401,33.06,4.4801674,4.475531,49.9894,0.0,33.02683461685662,6.348507873167149
2024-12-03 00:00:00+00:00,-36.07555,-71.75805,162.0,open-meteo_ecmwf_ifs,daily,27.001,8.751,32.78,5.278084,2.383924,49.21948,0.0,33.07817978723516,5.817833269379689
2024-12-04 00:00:00+00:00,-36.07555,-71.75805,162.0,open-meteo_ecmwf_ifs,daily,25.101,10.801001,32.37,6.778084,2.7427282,51.79398,0.0,33.12673720300084,5.80212810326394
2024-12-05 00:00:00+00:00,-36.07555,-71.75805,162.0,open-meteo_ecmwf_ifs,daily,21.101,9.351,23.45,6.667668,2.363429,61.586246,0.1,33.172500641004014,4.1720975551001125
2024-12-06 00:00:00+00:00,-36.07555,-71.75805,162.0,open-meteo_ecmwf_ifs,daily,23.101,8.701,32.75,6.4239163,3.4311645,60.758743,0.0,33.21546419657744,5.485064375088336
2024-12-07 00:00:00+00:00,-36.07555,-71.75805,162.0,open-meteo_ecmwf_ifs,daily,25.351,7.451,31.92,3.5780833,2.6825964,47.89685,0.0,33.2556222753079,5.619348020323656
2024-12-08 00:00:00+00:00,-36.07555,-71.75805,162.0,open-meteo_ecmwf_ifs,daily,24.851,9.201,32.73,5.8260007,1.9597788,53.36154,0.0,33.292969585543474,5.488550467232584
2024-12-09 00:00:00+00:00,-36.07555,-71.75805,162.0,open-meteo_ecmwf_ifs,daily,27.851,9.351,33.38,6.167667,2.5908487,52.425068,0.0,33.32750113161869,6.07247126562521
2024-12-10 00:00:00+00:00,-36.07555,-71.75805,162.0,open-meteo_ecmwf_ifs,daily,28.351,10.451,33.29,7.176,2.9091117,51.931965,0.0,33.35921220777854,6.287433469945152
2024-12-11 00:00:00+00:00,-36.07555,-71.75805,162.0,open-meteo_ecmwf_ifs,daily,28.351,10.601,33.67,5.290583,3.3925314,46.491222,0.0,33.38809839278236,6.673510374905759
2024-12-12 00:00:00+00:00,-36.07555,-71.75805,162.0,open-meteo_ecmwf_ifs,daily,26.651001,11.251,32.93,6.8280835,2.9686842,48.60715,0.0,33.414155545168015,6.189177379787907
2024-12-13 00:00:00+00:00,-36.07555,-71.75805,162.0,open-meteo_ecmwf_ifs,daily,28.701,12.251,33.2,8.1885,3.9419963,51.53896,0.0,33.43737979915801,6.808321641167386
2024-12-14 00:00:00+00:00,-36.07555,-71.75805,162.0,open-meteo_ecmwf_ifs,daily,31.151001,11.601,33.56,8.430167,2.8465688,49.813976,0.0,33.45776756118901,6.692236163095064
2024-12-15 00:00:00+00:00,-36.07555,-71.75805,162.0,open-meteo_ecmwf_ifs,daily,30.651001,12.801001,32.66,9.109334,1.7370028,48.370113,0.0,33.47531550704798,6.1606793443712755
2024-12-16 00:00:00+00:00,-36.07555,-71.75805,162.0,open-meteo_ecmwf_ifs,daily,29.401001,12.151,32.65,10.523918,1.3498422,57.652744,0.0,33.49002057959923,5.802733247793817
2024-12-17 00:00:00+00:00,-36.07555,-71.75805,162.0,open-meteo_ecmwf_ifs,daily,27.351,11.651,30.59,10.411418,2.2115388,64.813446,0.0,33.50187998708839,5.55812433788353
2024-12-18 00:00:00+00:00,-36.07555,-71.75805,162.0,open-meteo_ecmwf_ifs,daily,28.351,11.901,32.31,10.123918,4.36178,56.721436,0.0,33.51089120201111,6.452121400120226
2024-12-19 00:00:00+00:00,-36.07555,-71.75805,162.0,open-meteo_ecmwf_ifs,daily,27.751,11.101,33.05,5.8280835,5.315883,43.349823,0.0,33.51705196053693,7.1610013709184175
2024-12-20 00:00:00+00:00,-36.07555,-71.75805,162.0,open-meteo_ecmwf_ifs,daily,27.151001,13.751,31.51,8.21975,5.355498,46.891556,0.0,33.52036026248008,7.036657196012939
2024-12-21 00:00:00+00:00,-36.07555,-71.75805,162.0,open-meteo_ecmwf_ifs,daily,29.701,13.201,32.38,10.91975,3.7273214,59.066013,1.5,33.520814371812676,6.62440122655141
2024-12-22 00:00:00+00:00,-36.07555,-71.75805,162.0,open-meteo_ecmwf_ifs,daily,33.451,14.151,32.97,9.292666,4.199412,44.407063,0.0,33.51841281771702,7.783205712455846
2024-12-23 00:00:00+00:00,-36.07555,-71.75805,162.0,open-meteo_ecmwf_ifs,daily,29.501,14.801001,33.21,9.294751,5.145201,46.682285,0.0,33.513154396177384,7.600219775660567
2024-12-24 00:00:00+00:00,-36.07555,-71.75805,162.0,open-meteo_ecmwf_ifs,daily,34.051,13.151,33.63,7.9655833,4.4713306,41.542294,0.0,33.50503817211345,8.05785313297898
2024-12-25 00:00:00+00:00,-36.07555,-71.75805,162.0,open-meteo_ecmwf_ifs,daily,31.751,14.451,32.88,11.244751,2.3588836,48.610462,0.0,33.494063482060525,6.629282143015567
2024-12-26 00:00:00+00:00,-36.07555,-71.75805,162.0,open-meteo_ecmwf_ifs,daily,27.301,14.151,28.25,12.948918,2.8913069,64.827644,0.0,33.48022993740388,5.477658429656273
2024-12-27 00:00:00+00:00,-36.07555,-71.75805,162.0,open-meteo_ecmwf_ifs,daily,29.101,13.251,31.92,12.698917,1.502079,63.800983,0.0,33.4635374281771,5.752134080323887
2024-12-28 00:00:00+00:00,-36.07555,-71.75805,162.0,open-meteo_ecmwf_ifs,daily,30.401001,14.201,29.76,13.026001,1.6833577,61.27502,0.0,33.44398612743617,5.708761210449897
2024-12-29 00:00:00+00:00,-36.07555,-71.75805,162.0,open-meteo_ecmwf_ifs,daily,32.251,14.351,32.15,12.03225,2.4347196,56.781204,0.0,33.42157649622319,6.554407748178376
2024-12-30 00:00:00+00:00,-36.07555,-71.75805,162.0,open-meteo_ecmwf_ifs,daily,29.051,13.551001,32.03,8.159333,2.7583132,47.789845,0.0,33.39630928913514,6.485423036869601
2024-12-31 00:00:00+00:00,-36.07555,-71.75805,162.0,open-meteo_ecmwf_ifs,daily,26.901001,14.601,32.82,8.342667,4.03864,52.68128,0.0,33.36818556051461,6.864040377481218
2025-01-01 00:00:00+00:00,-36.07555,-71.75805,162.0,open-meteo_ecmwf_ifs,daily,29.651001,11.151,33.56,5.0822496,3.3936956,41.710026,0.0,33.36818556051461,6.922048624709836
2025-01-02 00:00:00+00:00,-36.07555,-71.75805,162.0,open-meteo_ecmwf_ifs,daily,31.551,12.501,33.38,7.290584,3.0053823,43.251225,0.0,33.33720667128032,6.975028827780143
2025-01-03 00:00:00+00:00,-36.07555,-71.75805,162.0,open-meteo_ecmwf_ifs,daily,32.501,13.851,32.72,10.6885,1.8850975,48.586002,0.0,33.30337429641626,6.431651773519872
2025-01-04 00:00:00+00:00,-36.07555,-71.75805,162.0,open-meteo_ecmwf_ifs,daily,31.901001,14.401,31.76,13.586417,1.9316281,58.860752,0.0,33.266690433138336,6.181146457540909
2025-01-05 00:00:00+00:00,-36.07555,-71.75805,162.0,open-meteo_ecmwf_ifs,daily,33.301,15.551001,32.08,11.936417,2.0185127,53.151157,0.0,33.22715740975771,6.595493746531645
2025-01-06 00:00:00+00:00,-36.07555,-71.75805,162.0,open-meteo_ecmwf_ifs,daily,32.851,15.901001,31.98,10.194751,2.0400913,43.38277,0.0,33.18477789525925,6.655608604446002
2025-01-07 00:00:00+00:00,-36.07555,-71.75805,162.0,open-meteo_ecmwf_ifs,daily,30.801,14.251,32.09,9.817668,1.8472689,48.65869,0.0,33.13955490961335,6.237752115556709
2025-01-08 00:00:00+00:00,-36.07555,-71.75805,162.0,open-meteo_ecmwf_ifs,daily,30.401001,12.951,32.28,10.065584,2.3632667,54.42702,0.0,33.091491834837164,6.289253959342752
2025-01-09 00:00:00+00:00,-36.07555,-71.75805,162.0,open-meteo_ecmwf_ifs,daily,32.001,15.101,31.77,11.109334,3.7597969,50.82321,0.0,33.04059242682097,7.152300164278264
2025-01-10 00:00:00+00:00,-36.07555,-71.75805,162.0,open-meteo_ecmwf_ifs,daily,33.101,14.401,32.57,6.021833,3.5428677,37.822544,0.0,32.98686082793224,7.661783097315991
2025-01-11 00:00:00+00:00,-36.07555,-71.75805,162.0,open-meteo_ecmwf_ifs,daily,34.651,15.851,32.31,3.3760002,4.199279,26.812323,0.0,32.93030158040827,8.61271925758449
2025-01-12 00:00:00+00:00,-36.07555,-71.75805,162.0,open-meteo_ecmwf_ifs,daily,34.201,17.701,31.27,10.567666,2.4995613,42.736465,0.0,32.870919640545424,7.109489751253345
2025-01-13 00:00:00+00:00,-36.07555,-71.75805,162.0,open-meteo_ecmwf_ifs,daily,31.401001,15.251,31.32,12.065583,1.5899137,53.491024,0.0,32.80872039368956,6.062198609473719
2025-01-14 00:00:00+00:00,-36.07555,-71.75805,162.0,open-meteo_ecmwf_ifs,daily,30.401001,14.351,31.37,4.70725,2.4159162,36.198067,0.0,32.743709670029254,6.613839249318305
2025-01-15 00:00:00+00:00,-36.07555,-71.75805,162.0,open-meteo_ecmwf_ifs,daily,30.651001,15.501,28.57,12.146834,3.3634853,54.12422,0.0,32.675893761189535,6.350239535528848
2025-01-16 00:00:00+00:00,-36.07555,-71.75805,162.0,open-meteo_ecmwf_ifs,daily,29.701,16.351,29.96,12.930169,3.096337,61.542706,0.0,32.60527943761953,6.318674254053728
2025-01-17 00:00:00+00:00,-36.07555,-71.75805,162.0,open-meteo_ecmwf_ifs,daily,28.851,13.801001,30.66,6.8947506,3.1185331,43.326122,0.0,32.531873966763854,6.5360053780023755
2025-01-18 00:00:00+00:00,-36.07555,-71.75805,162.0,open-meteo_ecmwf_ifs,daily,30.151001,13.351,31.27,6.6718335,2.8908308,41.80237,0.0,32.45568513200241,6.605754820863979
2025-01-19 00:00:00+00:00,-36.07555,-71.75805,162.0,open-meteo_ecmwf_ifs,daily,34.201,13.401,31.12,6.9197507,3.5983086,41.280727,0.0,32.37672125233902,7.434541856299347
2025-01-20 00:00:00+00:00,-36.07555,-71.75805,162.0,open-meteo_ecmwf_ifs,daily,32.251,15.251,30.12,7.165584,2.814038,39.421757,0.0,32.2949912028147,6.843171714503771
2025-01-21 00:00:00+00:00,-36.07555,-71.75805,162.0,open-meteo_ecmwf_ifs,daily,30.701,14.451,30.47,11.617668,2.5591576,57.422424,0.0,32.21050443561601,6.179918541153893
2025-01-22 00:00:00+00:00,-36.07555,-71.75805,162.0,open-meteo_ecmwf_ifs,daily,30.201,13.201,30.64,9.551002,2.4635804,51.11487,0.0,32.12327100184453,6.110617883410339
2025-01-23 00:00:00+00:00,-36.07555,-71.75805,162.0,open-meteo_ecmwf_ifs,daily,28.351,12.251,28.04,9.584334,3.0261831,55.35101,0.0,32.033301573908254,5.681313174322761
2025-01-24 00:00:00+00:00,-36.07555,-71.75805,162.0,open-meteo_ecmwf_ifs,daily,29.301,13.301001,31.35,7.209334,4.7609296,46.639874,0.0,31.940607468490896,7.187883749374377
2025-01-25 00:00:00+00:00,-36.07555,-71.75805,162.0,open-meteo_ecmwf_ifs,daily,31.751,12.501,31.14,7.565584,3.432049,44.627148,0.0,31.84520067005027,6.824612266583757
2025-01-26 00:00:00+00:00,-36.07555,-71.75805,162.0,open-meteo_ecmwf_ifs,daily,31.751,14.101,30.61,9.005166,3.3233912,45.99457,0.0,31.747093854791974,6.79360177905174
2025-01-27 00:00:00+00:00,-36.07555,-71.75805,162.0,open-meteo_ecmwf_ifs,daily,29.351,13.451,30.48,9.765583,4.2559605,54.10922,0.0,31.646300415060228,6.602007453943334
2025-01-28 00:00:00+00:00,-36.07555,-71.75805,162.0,open-meteo_ecmwf_ifs,daily,33.201,12.101,30.94,5.4843335,3.254758,37.34551,0.0,31.542834484083013,6.980094753275858
2025-01-29 00:00:00+00:00,-36.07555,-71.75805,162.0,open-meteo_ecmwf_ifs,daily,33.951,13.751,30.94,8.098917,2.663824,41.367535,0.0,31.436710961004536,6.7455356483476825
2025-01-30 00:00:00+00:00,-36.07555,-71.75805,162.0,open-meteo_ecmwf_ifs,daily,32.601,13.351,30.48,7.790584,1.9145523,43.260014,0.0,31.327945536133807,6.089324282272663
2025-01-31 00:00:00+00:00,-36.07555,-71.75805,162.0,open-meteo_ecmwf_ifs,daily,32.001,12.851,30.18,9.803085,4.1706448,51.84151,0.0,31.216554716334677,6.8306918630000935
2025-02-01 00:00:00+00:00,-36.07555,-71.75805,162.0,open-meteo_ecmwf_ifs,daily,32.201,15.101,30.34,7.5239177,3.1291568,41.70036,0.0,31.102555850478698,6.914482818131794
2025-02-02 00:00:00+00:00,-36.07555,-71.75805,162.0,open-meteo_ecmwf_ifs,daily,27.651001,13.051001,30.1,5.4301667,3.5988467,40.549152,0.0,30.98596715487948,6.459641937677769
2025-02-03 00:00:00+00:00,-36.07555,-71.75805,162.0,open-meteo_ecmwf_ifs,daily,28.751,14.001,29.65,8.530168,3.706043,51.44969,0.0,30.866807738623887,6.422164430642492
2025-02-04 00:00:00+00:00,-36.07555,-71.75805,162.0,open-meteo_ecmwf_ifs,daily,31.951,13.401,27.77,6.332249,3.4375103,40.443317,0.0,30.74509762871319,6.644155983699269
2025-02-05 00:00:00+00:00,-36.07555,-71.75805,162.0,open-meteo_ecmwf_ifs,daily,30.101,13.551001,29.2,8.394751,2.6841078,46.52702,0.0,30.620857794925048,6.0481403453261136
2025-02-06 00:00:00+00:00,-36.07555,-71.75805,162.0,open-meteo_ecmwf_ifs,daily,33.751,13.551001,29.88,8.6135,4.90914,49.87164,0.0,30.494110174305437,7.598327668678169
2025-02-07 00:00:00+00:00,-36.07555,-71.75805,162.0,open-meteo_ecmwf_ifs,daily,35.351,14.951,29.31,7.6739173,3.2258856,38.697697,0.0,30.364877695198107,7.138144638493237
2025-02-08 00:00:00+00:00,-36.07555,-71.75805,162.0,open-meteo_ecmwf_ifs,daily,35.951,15.301001,29.39,8.315584,5.4670405,39.71346,0.0,30.233184300718452,8.507883822739826
2025-02-09 00:00:00+00:00,-36.07555,-71.75805,162.0,open-meteo_ecmwf_ifs,daily,40.051,17.451,28.92,7.23225,4.778667,32.168533,0.0,30.099054971577804,9.121273128477831
2025-02-10 00:00:00+00:00,-36.07555,-71.75805,162.0,open-meteo_ecmwf_ifs,daily,30.351,15.601,26.26,10.665584,3.2084892,53.76479,0.0,29.962515748164094,5.998343690187107
2025-02-11 00:00:00+00:00,-36.07555,-71.75805,162.0,open-meteo_ecmwf_ifs,daily,28.101,11.901,29.37,3.5301666,4.1021047,38.248363,0.0,29.82359375178519,6.604699883747334
2025-02-12 00:00:00+00:00,-36.07555,-71.75805,162.0,open-meteo_ecmwf_ifs,daily,28.901001,11.601,29.2,2.930166,3.3444884,37.178223,0.0,29.682317204981594,6.323626745410862
2025-02-13 00:00:00+00:00,-36.07555,-71.75805,162.0,open-meteo_ecmwf_ifs,daily,30.251,12.301001,28.77,5.584334,2.9798334,42.74899,0.0,29.538715450816458,6.136889297535077
2025-02-14 00:00:00+00:00,-36.07555,-71.75805,162.0,open-meteo_ecmwf_ifs,daily,27.651001,11.451,28.33,6.655167,2.5662248,50.222263,0.0,29.392818971052204,5.443160229667158
2025-02-15 00:00:00+00:00,-36.07555,-71.75805,162.0,open-meteo_ecmwf_ifs,daily,27.101,11.501,27.89,8.303083,1.8701172,55.365097,0.0,29.244659403124988,4.9606260589073345
2025-02-16 00:00:00+00:00,-36.07555,-71.75805,162.0,open-meteo_ecmwf_ifs,daily,28.701,11.701,27.97,6.876001,2.6983407,51.712116,0.0,29.09426955583026,5.564679610324272
2025-02-17 00:00:00+00:00,-36.07555,-71.75805,162.0,open-meteo_ecmwf_ifs,daily,29.951,12.001,28.23,5.246834,4.0675807,41.78825,0.0,28.941683423635514,6.526612356108553
2025-02-18 00:00:00+00:00,-36.07555,-71.75805,162.0,open-meteo_ecmwf_ifs,daily,33.101,12.151,27.43,7.7114177,2.6902544,43.690186,0.0,28.786936199539177,5.933889025842894
2025-02-19 00:00:00+00:00,-36.07555,-71.75805,162.0,open-meteo_ecmwf_ifs,daily,26.351,13.551001,26.55,10.236418,3.2264888,54.510586,0.0,28.63006428639772,5.217755754781872
2025-02-20 00:00:00+00:00,-36.07555,-71.75805,162.0,open-meteo_ecmwf_ifs,daily,27.301,12.801001,25.64,11.534335,2.5892386,65.29096,0.0,28.47110530664709,4.816366354455651
2025-02-21 00:00:00+00:00,-36.07555,-71.75805,162.0,open-meteo_ecmwf_ifs,daily,30.301,11.951,26.56,9.436417,2.416937,55.872135,0.0,28.310098110348147,5.250725137354242
2025-02-22 00:00:00+00:00,-36.07555,-71.75805,162.0,open-meteo_ecmwf_ifs,daily,30.951,13.501,26.86,7.2864184,3.6453953,46.70609,0.0,28.14708278149008,6.274824591781985
2025-02-23 00:00:00+00:00,-36.07555,-71.75805,162.0,open-meteo_ecmwf_ifs,daily,32.151,15.201,26.31,11.609334,3.9553921,55.535427,0.0,27.98210064249061,6.269258507218405
2025-02-24 00:00:00+00:00,-36.07555,-71.75805,162.0,open-meteo_ecmwf_ifs,daily,31.051,16.401001,25.89,11.761417,4.1993365,57.153564,0.0,27.815194256836083,6.310786800946529
2025-02-25 00:00:00+00:00,-36.07555,-71.75805,162.0,open-meteo_ecmwf_ifs,daily,31.701,13.501,26.64,6.0155835,3.5016482,39.600666,0.0,27.64640742980992,6.337539099891615
2025-02-26 00:00:00+00:00,-36.07555,-71.75805,162.0,open-meteo_ecmwf_ifs,daily,33.801,13.451,26.27,7.5155845,3.2444468,44.20952,0.0,27.475785207262938,6.259938897986236
2025-02-27 00:00:00+00:00,-36.07555,-71.75805,162.0,open-meteo_ecmwf_ifs,daily,29.951,14.401,25.33,8.590584,1.9505991,45.4157,0.0,27.30337387238463,5.050703267941119
2025-02-28 00:00:00+00:00,-36.07555,-71.75805,162.0,open-meteo_ecmwf_ifs,daily,27.101,15.901001,18.91,13.634334,2.437938,69.3353,0.1,27.129220940439794,4.054864995251226
2025-03-01 00:00:00+00:00,-36.07555,-71.75805,162.0,open-meteo_ecmwf_ifs,daily,27.751,15.301001,22.3,13.117668,2.3171415,67.40734,0.0,26.953375151440913,4.444853917636938
2025-03-02 00:00:00+00:00,-36.07555,-71.75805,162.0,open-meteo_ecmwf_ifs,daily,27.101,13.651,22.42,11.498918,2.1812422,65.76454,0.0,26.775886460732384,4.309479825682649
2025-03-03 00:00:00+00:00,-36.07555,-71.75805,162.0,open-meteo_ecmwf_ifs,daily,26.751,11.751,24.38,10.263503,2.1469047,60.88561,0.0,26.59680602746883,4.367214950142504
2025-03-04 00:00:00+00:00,-36.07555,-71.75805,162.0,open-meteo_ecmwf_ifs,daily,27.101,12.301001,24.7,9.536416,3.6885815,57.642292,0.0,26.4161862009753,5.047119112835081
2025-03-05 00:00:00+00:00,-36.07555,-71.75805,162.0,open-meteo_ecmwf_ifs,daily,28.301,13.351,24.27,11.576,2.8727713,62.055588,0.0,26.23408050498401,4.782415814104613
2025-03-06 00:00:00+00:00,-36.07555,-71.75805,162.0,open-meteo_ecmwf_ifs,daily,27.151001,13.401,22.27,12.284333,2.4160213,65.8938,0.0,26.050543619747593,4.22838011271371
2025-03-07 00:00:00+00:00,-36.07555,-71.75805,162.0,open-meteo_ecmwf_ifs,daily,22.901001,15.401,10.15,12.794749,3.4131126,75.51821,10.900001,25.865631362035565,2.919251289487743
2025-03-08 00:00:00+00:00,-36.07555,-71.75805,162.0,open-meteo_ecmwf_ifs,daily,24.751,9.801001,24.89,5.8676667,5.354538,51.080578,0.0,25.679400663026495,5.279419128276654
2025-03-09 00:00:00+00:00,-36.07555,-71.75805,162.0,open-meteo_ecmwf_ifs,daily,29.551,9.851,24.19,7.4926667,3.4893084,53.093464,0.0,25.491909544114634,5.098692521355716
2025-03-10 00:00:00+00:00,-36.07555,-71.75805,162.0,open-meteo_ecmwf_ifs,daily,27.001,14.401,23.46,8.363501,4.6276183,47.600407,0.0,25.303217090655632,5.632452381911442
2025-03-11 00:00:00+00:00,-36.07555,-71.75805,162.0,open-meteo_ecmwf_ifs,daily,28.651001,11.351,23.05,7.7572503,3.7551835,52.434338,0.0,25.113383423682034,5.1281913215932144
2025-03-12 00:00:00+00:00,-36.07555,-71.75805,162.0,open-meteo_ecmwf_ifs,daily,32.551,9.551001,23.71,7.44475,2.0711749,52.14566,0.0,24.922469669625215,4.609130380260359
2025-03-13 00:00:00+00:00,-36.07555,-71.75805,162.0,open-meteo_ecmwf_ifs,daily,31.251,11.051001,22.97,8.650998,1.5270739,50.56433,0.0,24.730537928085806,4.1855655898372675
2025-03-14 00:00:00+00:00,-36.07555,-71.75805,162.0,open-meteo_ecmwf_ifs,daily,26.901001,11.401,21.0,10.326001,1.7965382,61.706875,0.0,24.537651237700626,3.736918146631036
2025-03-15 00:00:00+00:00,-36.07555,-71.75805,162.0,open-meteo_ecmwf_ifs,daily,23.501,10.401,16.3,10.544752,1.2990972,69.75988,0.0,24.343873540159517,2.7701141323876546
2025-03-16 00:00:00+00:00,-36.07555,-71.75805,162.0,open-meteo_ecmwf_ifs,daily,27.051,10.601,22.27,9.523917,2.671708,65.4262,0.0,24.149269642430585,4.12656946151761
2025-03-17 00:00:00+00:00,-36.07555,-71.75805,162.0,open-meteo_ecmwf_ifs,daily,28.951,9.801001,22.31,8.003083,3.843626,55.338577,0.0,23.95390517725754,4.817969082708981
2025-03-18 00:00:00+00:00,-36.07555,-71.75805,162.0,open-meteo_ecmwf_ifs,daily,30.851,11.301001,22.44,9.053084,3.9521482,54.408092,0.0,23.75784656199807,5.1768817900874495
2025-03-19 00:00:00+00:00,-36.07555,-71.75805,162.0,open-meteo_ecmwf_ifs,daily,27.851,11.451,21.85,11.267666,1.8398094,62.873318,0.0,23.561160955876115,3.781701413513379
2025-03-20 00:00:00+00:00,-36.07555,-71.75805,162.0,open-meteo_ecmwf_ifs,daily,28.301,10.551001,21.03,10.517667,2.209705,61.105976,0.0,23.36391621572624,3.8280061149943725
2025-03-21 00:00:00+00:00,-36.07555,-71.75805,162.0,open-meteo_ecmwf_ifs,daily,27.951,14.951,20.43,13.038502,4.0340333,65.30842,0.0,23.166180850311783,4.520506218869678
2025-03-22 00:00:00+00:00,-36.07555,-71.75805,162.0,open-meteo_ecmwf_ifs,daily,25.551,12.001,20.94,8.68225,3.5653722,55.95581,0.0,22.968023973302923,4.302686240092473
2025-03-23 00:00:00+00:00,-36.07555,-71.75805,162.0,open-meteo_ecmwf_ifs,daily,24.751,8.501,20.8,7.0155835,2.041074,59.01028,0.0,22.769515255004226,3.461903576440964
2025-03-24 00:00:00+00:00,-36.07555,-71.75805,162.0,open-meteo_ecmwf_ifs,daily,24.301,8.051001,20.68,5.4405828,1.5112138,51.31227,0.0,22.57072487292476,3.2414513406311634
2025-03-25 00:00:00+00:00,-36.07555,-71.75805,162.0,open-meteo_ecmwf_ifs,daily,24.301,10.701,17.41,8.561416,2.3181632,63.711273,0.0,22.37172346128701,3.2918395106763882
2025-03-26 00:00:00+00:00,-36.07555,-71.75805,162.0,open-meteo_ecmwf_ifs,daily,24.251,11.151,20.2,9.186417,1.7253171,63.300247,0.1,22.172582059573642,3.290726283636789
2025-03-27 00:00:00+00:00,-36.07555,-71.75805,162.0,open-meteo_ecmwf_ifs,daily,22.701,10.251,19.25,8.603084,2.8520582,64.63419,0.0,21.97337206021381,3.359621632890438
2025-03-28 00:00:00+00:00,-36.07555,-71.75805,162.0,open-meteo_ecmwf_ifs,daily,23.401001,7.701,17.63,8.115584,1.4336091,67.08211,0.0,21.774165155512794,2.7053206482365195
2025-03-29 00:00:00+00:00,-36.07555,-71.75805,162.0,open-meteo_ecmwf_ifs,daily,22.151001,9.001,14.55,8.90725,2.7706594,70.3612,0.0,21.575033283931017,2.7342493824663103
2025-03-30 00:00:00+00:00,-36.07555,-71.75805,162.0,open-meteo_ecmwf_ifs,daily,17.901001,11.001,18.88,8.780168,3.8029594,73.18358,43.899998,21.3760485758197,2.958877232224855
2025-03-31 00:00:00+00:00,-36.07555,-71.75805,162.0,open-meteo_ecmwf_ifs,daily,20.001,7.7510004,19.58,4.9655833,5.1803317,59.712357,0.0,21.177283298722234,3.687892615790964
2025-04-01 00:00:00+00:00,-36.07555,-71.75805,162.0,open-meteo_ecmwf_ifs,daily,19.851,5.7510004,18.58,5.76975,2.298007,67.32913,0.0,20.978809802351034,2.673009607134378
2025-04-02 00:00:00+00:00,-36.07555,-71.75805,162.0,open-meteo_ecmwf_ifs,daily,18.101,6.6010003,12.43,6.317667,2.5526538,70.82241,0.0,20.78070046335055,2.1758181944615385
2025-04-03 00:00:00+00:00,-36.07555,-71.75805,162.0,open-meteo_ecmwf_ifs,daily,25.551,9.601,18.91,7.855167,3.676314,62.98023,0.0,20.5830276299574,3.806198460222316
2025-04-04 00:00:00+00:00,-36.07555,-71.75805,162.0,open-meteo_ecmwf_ifs,daily,25.701,7.651,17.89,9.488502,1.1612737,70.31159,0.0,20.385863566668853,2.602906199541462
2025-04-05 00:00:00+00:00,-36.07555,-71.75805,162.0,open-meteo_ecmwf_ifs,daily,20.651001,10.801001,12.73,11.240584,2.2122245,82.220566,0.0,20.189280399030558,2.1553300742876402
2025-04-06 00:00:00+00:00,-36.07555,-71.75805,162.0,open-meteo_ecmwf_ifs,daily,22.851,9.951,14.25,10.538501,1.4377886,75.645454,0.0,19.993350058653956,2.2769103935768937
2025-04-07 00:00:00+00:00,-36.07555,-71.75805,162.0,open-meteo_ecmwf_ifs,daily,24.551,9.501,17.73,10.490582,2.6307437,76.80418,0.0,19.798144228573072,2.923100903569823
2025-04-08 00:00:00+00:00,-36.07555,-71.75805,162.0,open-meteo_ecmwf_ifs,daily,23.701,10.551001,15.08,11.74475,1.5413541,79.19796,0.0,19.603734289049314,2.358047833442034
2025-04-09 00:00:00+00:00,-36.07555,-71.75805,162.0,open-meteo_ecmwf_ifs,daily,21.701,10.101,14.81,10.051001,1.5968622,76.22024,0.0,19.410191263931335,2.282290299350813
2025-04-10 00:00:00+00:00,-36.07555,-71.75805,162.0,open-meteo_ecmwf_ifs,daily,15.601,11.501,4.93,10.5718355,2.4587624,85.28689,16.0,19.217585767675708,1.262084230426756
2025-04-11 00:00:00+00:00,-36.07555,-71.75805,162.0,open-meteo_ecmwf_ifs,daily,17.551,5.8510003,17.33,5.3260007,2.6313617,70.39101,0.0,19.02598795313194,2.355839844746796
2025-04-12 00:00:00+00:00,-36.07555,-71.75805,162.0,open-meteo_ecmwf_ifs,daily,20.651001,7.051,16.95,6.06975,3.9610417,68.71818,0.0,18.83546746019329,2.953334820417124
2025-04-13 00:00:00+00:00,-36.07555,-71.75805,162.0,open-meteo_ecmwf_ifs,daily,18.801,4.951,13.82,6.4301667,2.20573,76.09972,0.0,18.646093365412458,1.9778407533278566
2025-04-14 00:00:00+00:00,-36.07555,-71.75805,162.0,open-meteo_ecmwf_ifs,daily,16.951,6.201,8.48,8.744751,1.5777649,88.15851,3.0,18.457934132678428,1.2961393428678627
2025-04-15 00:00:00+00:00,-36.07555,-71.75805,162.0,open-meteo_ecmwf_ifs,daily,17.951,8.251,11.67,9.223916,2.4316425,83.99517,0.0,18.271057565047805,1.7633167458986285
2025-04-16 00:00:00+00:00,-36.07555,-71.75805,162.0,open-meteo_ecmwf_ifs,daily,20.801,5.151,14.89,7.373918,1.5680885,77.76965,0.0,18.085530757820937,1.9600257481866303
2025-04-17 00:00:00+00:00,-36.07555,-71.75805,162.0,open-meteo_ecmwf_ifs,daily,20.001,10.551001,16.1,8.2135,3.944228,71.07437,0.0,17.901420052949565,2.865763385341441
2025-04-18 00:00:00+00:00,-36.07555,-71.75805,162.0,open-meteo_ecmwf_ifs,daily,20.051,5.801,16.24,5.590584,3.358227,67.602974,0.0,17.71879099485927,2.5497638172786017
2025-04-19 00:00:00+00:00,-36.07555,-71.75805,162.0,open-meteo_ecmwf_ifs,daily,20.851,5.701,15.06,7.7093334,1.3826752,80.18484,0.0,17.537708287766065,1.8990544753150362
2025-04-20 00:00:00+00:00,-36.07555,-71.75805,162.0,open-meteo_ecmwf_ifs,daily,21.251,4.651,15.17,7.4843335,0.8598271,77.28595,0.0,17.358235754562568,1.7450010654972372
2025-04-21 00:00:00+00:00,-36.07555,-71.75805,162.0,open-meteo_ecmwf_ifs,daily,15.351,8.851,4.5,8.846835,1.4572808,81.94121,2.9,17.180436297344887,1.0530765814010132
2025-04-22 00:00:00+00:00,-36.07555,-71.75805,162.0,open-meteo_ecmwf_ifs,daily,19.551,11.001,5.62,12.059334,0.98716325,88.8075,10.099999,17.0043718596471,1.13785510373907
2025-04-23 00:00:00+00:00,-36.07555,-71.75805,162.0,open-meteo_ecmwf_ifs,daily,19.251,10.951,9.73,12.815586,1.2820469,90.44164,1.9000001,16.830103390445597,1.377469748837797
2025-04-24 00:00:00+00:00,-36.07555,-71.75805,162.0,open-meteo_ecmwf_ifs,daily,20.151001,12.801001,11.42,12.023917,3.9859953,82.4605,2.7999997,16.65769080999082,2.1682931976450055
2025-04-25 00:00:00+00:00,-36.07555,-71.75805,162.0,open-meteo_ecmwf_ifs,daily,17.601,11.101,10.38,9.332252,3.8937197,77.89182,12.600002,16.48719297751918,2.05136909098032
2025-04-26 00:00:00+00:00,-36.07555,-71.75805,162.0,open-meteo_ecmwf_ifs,daily,17.651001,6.7510004,13.86,6.1718345,3.679594,75.849556,0.0,16.318667660892945,2.158424542829881
2025-04-27 00:00:00+00:00,-36.07555,-71.75805,162.0,open-meteo_ecmwf_ifs,daily,20.401001,6.7510004,14.0,5.948917,3.713042,68.31138,0.0,16.152171508210685,2.4976621213593653
2025-04-28 00:00:00+00:00,-36.07555,-71.75805,162.0,open-meteo_ecmwf_ifs,daily,20.551,6.701,13.29,7.851,2.5128505,79.73391,0.0,15.987760021425702,1.9531571474022376
2025-04-29 00:00:00+00:00,-36.07555,-71.75805,162.0,open-meteo_ecmwf_ifs,daily,14.751,6.8510003,8.4,8.180167,1.3401045,88.36588,0.2,15.825487532004558,1.0962076624114019
2025-04-30 00:00:00+00:00,-36.07555,-71.75805,162.0,open-meteo_ecmwf_ifs,daily,14.951,5.551,8.44,6.796833,2.109042,85.838196,0.0,15.665407178652305,1.2213057530194718
2025-05-01 00:00:00+00:00,-36.07555,-71.75805,162.0,open-meteo_ecmwf_ifs,daily,15.301001,7.401,5.73,7.542666,2.189503,79.58576,0.0,15.507570887125565,1.1987531411706638
2025-05-02 00:00:00+00:00,-36.07555,-71.75805,162.0,open-meteo_ecmwf_ifs,daily,16.851,5.3510003,13.02,6.7426677,2.6605976,81.68783,0.0,15.352029352148971,1.5903344392074574
2025-05-03 00:00:00+00:00,-36.07555,-71.75805,162.0,open-meteo_ecmwf_ifs,daily,19.651001,5.3510003,12.09,6.542666,2.0410924,76.334526,1.6,15.198832021444753,1.6752948842455644
2025-05-04 00:00:00+00:00,-36.07555,-71.75805,162.0,open-meteo_ecmwf_ifs,daily,17.851,9.951,10.0,9.476001,2.8323917,81.255745,10.8,15.048027081879638,1.6465304417124913
2025-05-05 00:00:00+00:00,-36.07555,-71.75805,162.0,open-meteo_ecmwf_ifs,daily,16.551,3.601,12.06,4.0135,2.659336,74.28862,0.0,14.89966144772741,1.6509930954662155
2025-05-06 00:00:00+00:00,-36.07555,-71.75805,162.0,open-meteo_ecmwf_ifs,daily,16.501,5.1010003,9.18,5.45725,1.762273,77.14021,12.8,14.753780751039573,1.3393049792977856
2025-05-07 00:00:00+00:00,-36.07555,-71.75805,162.0,open-meteo_ecmwf_ifs,daily,12.551001,7.5010004,3.27,8.590585,2.157891,92.43234,30.499998,14.610429334110822,0.7191302939208852
2025-05-08 00:00:00+00:00,-36.07555,-71.75805,162.0,open-meteo_ecmwf_ifs,daily,14.551001,9.001,6.03,9.484334,3.4951184,89.86199,20.199999,14.469650244020226,1.0727031045501525
2025-05-09 00:00:00+00:00,-36.07555,-71.75805,162.0,open-meteo_ecmwf_ifs,daily,18.701,10.001,11.21,10.142667,2.0838318,84.14353,0.0,14.331485229222977,1.5079233875621643
2025-05-10 00:00:00+00:00,-36.07555,-71.75805,162.0,open-meteo_ecmwf_ifs,daily,22.901001,7.7510004,12.19,7.6572495,3.482194,70.75732,0.0,14.195974738161995,2.3399261815905326
2025-05-11 00:00:00+00:00,-36.07555,-71.75805,162.0,open-meteo_ecmwf_ifs,daily,17.851,10.551001,7.11,11.161418,1.6581928,90.62266,0.0,14.06315791986258,1.1283153977575784
2025-05-12 00:00:00+00:00,-36.07555,-71.75805,162.0,open-meteo_ecmwf_ifs,daily,17.201,8.051001,9.04,9.4135,1.8220588,90.792145,0.0,13.9330726264679,1.1704893998305157
2025-05-13 00:00:00+00:00,-36.07555,-71.75805,162.0,open-meteo_ecmwf_ifs,daily,17.101,4.901,10.58,7.351,1.022246,86.61291,0.0,13.805755417666933,1.0618791978201951
2025-05-14 00:00:00+00:00,-36.07555,-71.75805,162.0,open-meteo_ecmwf_ifs,daily,18.901001,7.051,10.79,9.003083,2.6087205,85.916595,0.0,13.681241566961397,1.4146607821301702
2025-05-15 00:00:00+00:00,-36.07555,-71.75805,162.0,open-meteo_ecmwf_ifs,daily,16.951,5.401,10.91,6.9218335,1.9296074,83.279976,0.0,13.559565069712148,1.2427407654997997
2025-05-16 00:00:00+00:00,-36.07555,-71.75805,162.0,open-meteo_ecmwf_ifs,daily,16.551,4.451,10.22,6.511417,1.7604265,84.12428,0.0,13.440758652900527,1.1346017102227528
2025-05-17 00:00:00+00:00,-36.07555,-71.75805,162.0,open-meteo_ecmwf_ifs,daily,11.901,8.351,3.47,8.5635,4.9260516,86.87763,32.199997,13.324853786534561,0.8016936405379016
2025-05-18 00:00:00+00:00,-36.07555,-71.75805,162.0,open-meteo_ecmwf_ifs,daily,14.501,4.551,9.57,5.1635003,2.161431,83.20841,0.0,13.211880696624863,1.1569221987410518
2025-05-19 00:00:00+00:00,-36.07555,-71.75805,162.0,open-meteo_ecmwf_ifs,daily,16.351,3.0509999,10.79,3.9760008,2.4111893,73.63692,0.0,13.101868379650254,1.3520366387160991
2025-05-20 00:00:00+00:00,-36.07555,-71.75805,162.0,open-meteo_ecmwf_ifs,daily,16.901001,5.1010003,9.6,4.5635,1.5840187,70.46933,0.0,12.994844618428031,1.238861056091451
2025-05-21 00:00:00+00:00,-36.07555,-71.75805,162.0,open-meteo_ecmwf_ifs,daily,18.751,5.8510003,10.34,8.517667,2.1682546,80.73103,0.0,12.890835999299556,1.2046798718928917
2025-05-22 00:00:00+00:00,-36.07555,-71.75805,162.0,open-meteo_ecmwf_ifs,daily,14.501,2.701,9.14,5.23225,1.9679346,82.15446,0.0,12.789867930537339,0.9533185496245917
2025-05-23 00:00:00+00:00,-36.07555,-71.75805,162.0,open-meteo_ecmwf_ifs,daily,14.151,2.451,9.21,4.5697503,1.2619301,84.83697,0.5,12.69196466187576,0.8678478117816423
2025-05-24 00:00:00+00:00,-36.07555,-71.75805,162.0,open-meteo_ecmwf_ifs,daily,15.051001,4.051,9.26,6.363501,1.5501051,90.67505,0.4,12.597149305063722,0.9061533441814819
2025-05-25 00:00:00+00:00,-36.07555,-71.75805,162.0,open-meteo_ecmwf_ifs,daily,12.751,5.2510004,2.74,7.6947503,3.6552079,93.965096,13.9,12.50544385533427,0.650717985484255
2025-05-26 00:00:00+00:00,-36.07555,-71.75805,162.0,open-meteo_ecmwf_ifs,daily,12.251,8.201,5.26,9.930167,2.4994748,94.55874,20.300003,12.416869213682778,0.5387393916262525
2025-05-27 00:00:00+00:00,-36.07555,-71.75805,162.0,open-meteo_ecmwf_ifs,daily,11.551001,1.8510001,10.59,2.9905837,3.0048199,82.40771,0.4,12.331445209842643,1.0060879968691214
2025-05-28 00:00:00+00:00,-36.07555,-71.75805,162.0,open-meteo_ecmwf_ifs,daily,14.651,-0.599,9.77,1.6364168,2.7994394,76.570885,0.0,12.249190625845157,1.171423338615066
2025-05-29 00:00:00+00:00,-36.07555,-71.75805,162.0,open-meteo_ecmwf_ifs,daily,16.851,1.451,9.81,4.23225,2.6790998,76.94479,0.0,12.170123220047914,1.1885831869682477
2025-05-30 00:00:00+00:00,-36.07555,-71.75805,162.0,open-meteo_ecmwf_ifs,daily,15.750999,8.001,10.48,7.25725,4.988276,76.0294,0.0,12.094259751514848,1.6299113372113179
2025-05-31 00:00:00+00:00,-36.07555,-71.75805,162.0,open-meteo_ecmwf_ifs,daily,14.201,1.5009999,10.55,1.2385,3.8328466,68.85084,0.0,12.021616004629552,1.5204145151694315
2025-06-01 00:00:00+00:00,-36.07555,-71.75805,162.0,open-meteo_ecmwf_ifs,daily,15.851,2.251,10.03,1.5197501,2.4455845,65.72454,0.0,11.95220681382314,1.3650836869136171
2025-06-02 00:00:00+00:00,-36.07555,-71.75805,162.0,open-meteo_ecmwf_ifs,daily,14.151,3.5509999,5.55,5.259333,1.2233028,84.26568,0.0,11.88604608829744,0.7651845687468122
2025-06-03 00:00:00+00:00,-36.07555,-71.75805,162.0,open-meteo_ecmwf_ifs,daily,12.801001,6.201,3.02,6.78225,1.2071353,85.97418,0.0,11.823146836624794,0.6914988542356865
2025-06-04 00:00:00+00:00,-36.07555,-71.75805,162.0,open-meteo_ecmwf_ifs,daily,16.951,6.451,9.36,7.884333,1.3819865,83.62762,0.2,11.763521191106538,0.912759084319409
2025-06-05 00:00:00+00:00,-36.07555,-71.75805,162.0,open-meteo_ecmwf_ifs,daily,15.401,3.601,9.94,6.2218337,1.559073,87.01142,0.0,11.707180431773345,0.825272809956908
2025-06-06 00:00:00+00:00,-36.07555,-71.75805,162.0,open-meteo_ecmwf_ifs,daily,12.801001,2.701,8.37,4.6864166,1.2976594,90.4798,0.0,11.654135009912755,0.7093282238018773
2025-06-07 00:00:00+00:00,-36.07555,-71.75805,162.0,open-meteo_ecmwf_ifs,daily,14.351,4.1010003,9.67,6.411417,1.4419676,85.396034,0.0,11.604394571011357,0.7560380013285736
2025-06-08 00:00:00+00:00,-36.07555,-71.75805,162.0,open-meteo_ecmwf_ifs,daily,13.701,2.451,10.02,4.903084,1.999659,85.35577,0.0,11.557967977002177,0.8072643055345973
2025-06-09 00:00:00+00:00,-36.07555,-71.75805,162.0,open-meteo_ecmwf_ifs,daily,12.401,1.351,8.22,3.5155833,1.202475,87.70105,0.0,11.514863327711032,0.6754937864292007
2025-06-10 00:00:00+00:00,-36.07555,-71.75805,162.0,open-meteo_ecmwf_ifs,daily,13.601,0.0010000169,8.87,3.0010002,0.8123517,89.42069,0.0,11.475087981399868,0.625273709829576
2025-06-11 00:00:00+00:00,-36.07555,-71.75805,162.0,open-meteo_ecmwf_ifs,daily,13.151,3.8009999,3.44,6.2426662,4.535214,88.23916,0.2,11.438648574309193,0.8417185397225972
2025-06-12 00:00:00+00:00,-36.07555,-71.75805,162.0,open-meteo_ecmwf_ifs,daily,13.251,7.951,2.31,8.007251,5.7076263,89.93973,25.2,11.405551039107118,1.0593304868076554
2025-06-13 00:00:00+00:00,-36.07555,-71.75805,162.0,open-meteo_ecmwf_ifs,daily,12.101,5.5010004,6.86,4.930167,3.2848845,83.078384,5.5,11.375800622157493,1.0513135322882976
2025-06-14 00:00:00+00:00,-36.07555,-71.75805,162.0,open-meteo_ecmwf_ifs,daily,12.251,2.351,4.01,2.1155832,3.460552,76.177734,1.0,11.349401899525892,1.208076908056706
2025-06-15 00:00:00+00:00,-36.07555,-71.75805,162.0,open-meteo_ecmwf_ifs,daily,9.451,7.401,0.78,7.771834,7.8541684,94.78195,70.4,11.32635879164836,0.4599254242445259
2025-06-16 00:00:00+00:00,-36.07555,-71.75805,162.0,open-meteo_ecmwf_ifs,daily,10.751,6.201,5.79,5.980167,4.661319,85.50216,9.700003,11.306674576594556,0.9060070271753891
2025-06-17 00:00:00+00:00,-36.07555,-71.75805,162.0,open-meteo_ecmwf_ifs,daily,13.401,5.401,7.71,4.9989176,2.1596777,78.39954,2.0,11.290351901864103,0.9657490197899098
2025-06-18 00:00:00+00:00,-36.07555,-71.75805,162.0,open-meteo_ecmwf_ifs,daily,14.001,0.50100005,9.98,3.3135002,2.4356482,84.02111,0.0,11.277392794662271,0.8751354174518681
2025-06-19 00:00:00+00:00,-36.07555,-71.75805,162.0,open-meteo_ecmwf_ifs,daily,12.851,0.60099995,10.31,2.4093337,3.0843773,81.46787,0.0,11.267798670609043,0.9823143086984187
2025-06-20 00:00:00+00:00,-36.07555,-71.75805,162.0,open-meteo_ecmwf_ifs,daily,15.151,3.0509999,9.05,5.1843333,3.1084032,87.0519,0.0,11.261570340843303,1.0347586866638734
2025-06-21 00:00:00+00:00,-36.07555,-71.75805,162.0,open-meteo_ecmwf_ifs,daily,10.501,6.1010003,2.58,7.028084,1.6567249,93.81778,2.2,11.258708017492333,0.5451503250818889
2025-06-22 00:00:00+00:00,-36.07555,-71.75805,162.0,open-meteo_ecmwf_ifs,daily,12.401,7.1010003,9.16,4.396834,4.3480606,75.37332,12.8,11.259211317484986,1.4642369420562804
2025-06-23 00:00:00+00:00,-36.07555,-71.75805,162.0,open-meteo_ecmwf_ifs,daily,11.101,-0.599,10.16,-1.3031665,3.73294,64.80927,0.0,11.263079264695396,1.2766406202827707
2025-06-24 00:00:00+00:00,-36.07555,-71.75805,162.0,open-meteo_ecmwf_ifs,daily,12.751,0.60099995,10.0,2.226,2.9597008,81.91099,0.0,11.270310290412631,0.9808709451859113
2025-06-25 00:00:00+00:00,-36.07555,-71.75805,162.0,open-meteo_ecmwf_ifs,daily,11.351,2.601,10.33,2.6614163,3.9247942,76.096375,0.0,11.280902232140207,1.098116791745869
2025-06-26 00:00:00+00:00,-36.07555,-71.75805,162.0,open-meteo_ecmwf_ifs,daily,11.051001,-1.4990001,10.24,-0.774,2.134904,75.16001,0.0,11.294852330737816,0.8803543931747264
2025-06-27 00:00:00+00:00,-36.07555,-71.75805,162.0,open-meteo_ecmwf_ifs,daily,12.051001,3.451,6.03,3.0676668,2.5236514,82.5416,0.0,11.312157225926171,1.004827497850526
2025-06-28 00:00:00+00:00,-36.07555,-71.75805,162.0,open-meteo_ecmwf_ifs,daily,10.901,0.801,10.16,2.0405834,2.1710637,83.88107,0.0,11.332812950183955,0.7871115363015869
2025-06-29 00:00:00+00:00,-36.07555,-71.75805,162.0,open-meteo_ecmwf_ifs,daily,10.101,-2.4490001,10.28,-1.5906667,2.5504444,81.34058,0.0,11.356814921074179,0.9134846061591814
2025-06-30 00:00:00+00:00,-36.07555,-71.75805,162.0,open-meteo_ecmwf_ifs,daily,9.551001,-5.8989997,9.78,-9.234416,2.1168263,52.64305,0.0,11.384157932044886,1.0953758286363058
2025-07-01 00:00:00+00:00,-36.07555,-71.75805,162.0,open-meteo_ecmwf_ifs,daily,12.001,-0.799,9.33,-0.25525,0.92016244,74.11084,0.0,11.414836141756966,0.6712355652898829
2025-07-02 00:00:00+00:00,-36.07555,-71.75805,162.0,open-meteo_ecmwf_ifs,daily,12.151,-0.89900005,9.5,1.1384999,1.4906464,83.30268,0.0,11.448843061998936,0.7403518931883343
2025-07-03 00:00:00+00:00,-36.07555,-71.75805,162.0,open-meteo_ecmwf_ifs,daily,14.701,0.901,9.85,2.4134998,2.0651567,79.76255,0.0,11.486171544255617,0.9879797041957686
2025-07-04 00:00:00+00:00,-36.07555,-71.75805,162.0,open-meteo_ecmwf_ifs,daily,13.851,0.651,9.78,3.5968335,1.399599,85.90409,0.0,11.526813765004155,0.7327386790526913
2025-07-05 00:00:00+00:00,-36.07555,-71.75805,162.0,open-meteo_ecmwf_ifs,daily,14.301001,3.851,3.25,6.5843334,4.446819,88.53269,0.3,11.570761209816999,0.915232970229799
2025-07-06 00:00:00+00:00,-36.07555,-71.75805,162.0,open-meteo_ecmwf_ifs,daily,14.401,9.651,2.94,9.009334,5.7955875,83.95681,30.899998,11.618004656357021,1.246512051332708
2025-07-07 00:00:00+00:00,-36.07555,-71.75805,162.0,open-meteo_ecmwf_ifs,daily,17.101,6.901,10.45,9.538501,2.684224,88.70377,10.400001,11.668534156355456,0.9591394539068296
2025-07-08 00:00:00+00:00,-36.07555,-71.75805,162.0,open-meteo_ecmwf_ifs,daily,14.901,7.701,9.3,7.990584,3.281451,87.923065,0.0,11.722339016667867,1.1087738220937926
2025-07-09 00:00:00+00:00,-36.07555,-71.75805,162.0,open-meteo_ecmwf_ifs,daily,11.301001,5.701,6.64,5.6010003,1.7700162,88.22007,0.0,11.77940777950765,0.7748923031128151
2025-07-10 00:00:00+00:00,-36.07555,-71.75805,162.0,open-meteo_ecmwf_ifs,daily,12.301001,0.35099998,10.73,2.1655834,2.132787,83.246086,0.0,11.839728201960423,0.8836428908057851
2025-07-11 00:00:00+00:00,-36.07555,-71.75805,162.0,open-meteo_ecmwf_ifs,daily,14.701,-0.89900005,11.08,2.0864165,1.66375,82.54419,0.0,11.903287234885772,0.881698028030011
2025-07-12 00:00:00+00:00,-36.07555,-71.75805,162.0,open-meteo_ecmwf_ifs,daily,13.201,2.601,10.03,4.1739173,2.0241437,86.98919,0.0,11.970071001315455,0.8994187163608798
2025-07-13 00:00:00+00:00,-36.07555,-71.75805,162.0,open-meteo_ecmwf_ifs,daily,10.351,2.201,6.56,3.992667,1.5153832,90.873314,0.0,12.04006477445958,0.6561380339270767
2025-07-14 00:00:00+00:00,-36.07555,-71.75805,162.0,open-meteo_ecmwf_ifs,daily,13.451,4.1010003,9.55,4.853084,2.4006512,82.128494,0.0,12.113252955433603,1.014810447440529
2025-07-15 00:00:00+00:00,-36.07555,-71.75805,162.0,open-meteo_ecmwf_ifs,daily,10.601,3.501,3.99,5.04475,1.4954897,90.31488,15.2,12.189619050820331,0.630926804286732
2025-07-16 00:00:00+00:00,-36.07555,-71.75805,162.0,open-meteo_ecmwf_ifs,daily,14.101,-0.249,11.5,0.851,3.6395867,76.49762,0.0,12.26914565018171,1.3906181804912292
2025-07-17 00:00:00+00:00,-36.07555,-71.75805,162.0,open-meteo_ecmwf_ifs,daily,18.001,5.201,11.2,0.851,4.715321,53.949245,0.0,12.351814403635155,2.585085977753382
2025-07-18 00:00:00+00:00,-36.07555,-71.75805,162.0,open-meteo_ecmwf_ifs,daily,14.401,1.7509999,11.52,3.2593334,2.682084,75.69247,0.0,12.437605999609026,1.1689035750483852
2025-07-19 00:00:00+00:00,-36.07555,-71.75805,162.0,open-meteo_ecmwf_ifs,daily,15.801001,2.601,7.61,6.015583,2.9643555,86.716545,0.0,12.526500142890944,1.0171240381555964
2025-07-20 00:00:00+00:00,-36.07555,-71.75805,162.0,open-meteo_ecmwf_ifs,daily,15.051001,6.5010004,8.23,7.128084,2.26214,82.51783,0.0,12.61847553308122,1.0743162147735617
2025-07-21 00:00:00+00:00,-36.07555,-71.75805,162.0,open-meteo_ecmwf_ifs,daily,17.051,4.451,11.09,6.342667,0.9001258,82.83387,0.2,12.713509843562333,0.9469936323330792
2025-07-22 00:00:00+00:00,-36.07555,-71.75805,162.0,open-meteo_ecmwf_ifs,daily,15.951,7.401,9.5,8.423917,2.7050312,88.573425,0.0,12.81157970109291,1.1575990515458194
2025-07-23 00:00:00+00:00,-36.07555,-71.75805,162.0,open-meteo_ecmwf_ifs,daily,14.451,4.3510003,10.58,5.4072495,1.3680452,87.35077,0.0,12.912660666132476,0.9831903275046642
2025-07-24 00:00:00+00:00,-36.07555,-71.75805,162.0,open-meteo_ecmwf_ifs,daily,10.751,5.151,4.6,5.9093337,3.898388,91.173004,9.3,13.016727214000207,0.821346344766757
2025-07-25 00:00:00+00:00,-36.07555,-71.75805,162.0,open-meteo_ecmwf_ifs,daily,15.351,7.6010003,9.05,7.248918,5.1447554,80.73794,4.3999996,13.123752716967932,1.6059657394625246
2025-07-26 00:00:00+00:00,-36.07555,-71.75805,162.0,open-meteo_ecmwf_ifs,daily,12.851,5.5010004,6.06,7.0114174,1.0961168,90.84439,4.2999997,13.233709427383982,0.7567343542752065
2025-07-27 00:00:00+00:00,-36.07555,-71.75805,162.0,open-meteo_ecmwf_ifs,daily,14.651,7.901,5.07,8.234335,2.9320002,88.14585,3.1,13.346568461920898,1.0678672994725051
2025-07-28 00:00:00+00:00,-36.07555,-71.75805,162.0,open-meteo_ecmwf_ifs,daily,16.101,8.951,5.17,8.8218355,2.398032,83.53817,4.9,13.462299787035775,1.1532389112434571
2025-07-29 00:00:00+00:00,-36.07555,-71.75805,162.0,open-meteo_ecmwf_ifs,daily,18.201,8.501,5.73,9.676,1.3947414,82.84984,0.0,13.580872205728074,1.036277707836267
2025-07-30 00:00:00+00:00,-36.07555,-71.75805,162.0,open-meteo_ecmwf_ifs,daily,15.401,11.451,1.65,10.346833,5.621757,83.11146,11.0,13.702253345674864,1.3252672762538267
2025-07-31 00:00:00+00:00,-36.07555,-71.75805,162.0,open-meteo_ecmwf_ifs,daily,12.201,10.151,1.58,10.298918,7.38221,93.94889,33.999996,13.826409648819219,0.6187935973228987
2025-08-01 00:00:00+00:00,-36.07555,-71.75805,162.0,open-meteo_ecmwf_ifs,daily,10.901,9.151,2.31,8.248917,6.71933,90.14645,33.7,13.953306362482394,0.889788911606535
2025-08-02 00:00:00+00:00,-36.07555,-71.75805,162.0,open-meteo_ecmwf_ifs,daily,10.801001,5.201,6.36,6.417666,4.275052,91.25077,19.700003,14.082907532065407,0.8178679638387879
2025-08-03 00:00:00+00:00,-36.07555,-71.75805,162.0,open-meteo_ecmwf_ifs,daily,11.701,1.201,6.75,3.851,1.6717588,89.664825,0.1,14.215175995400918,0.8261597631942209
2025-08-04 00:00:00+00:00,-36.07555,-71.75805,162.0,open-meteo_ecmwf_ifs,daily,18.701,1.401,13.04,3.5426667,2.5945594,75.24362,0.0,14.350073378810446,1.6511856204949966
2025-08-05 00:00:00+00:00,-36.07555,-71.75805,162.0,open-meteo_ecmwf_ifs,daily,18.601,3.201,11.64,6.25725,2.3085258,78.23242,0.0,14.487560094917503,1.4352430707243697
2025-08-06 00:00:00+00:00,-36.07555,-71.75805,162.0,open-meteo_ecmwf_ifs,daily,18.801,10.001,12.94,9.653086,3.9653788,82.097946,2.7,14.627595342261005,1.9803593140724185
2025-08-07 00:00:00+00:00,-36.07555,-71.75805,162.0,open-meteo_ecmwf_ifs,daily,17.951,3.651,13.46,5.8801665,2.6285486,77.913025,0.0,14.77013710674848,1.5927154187609098
2025-08-08 00:00:00+00:00,-36.07555,-71.75805,162.0,open-meteo_ecmwf_ifs,daily,17.901001,1.051,14.18,2.6426666,1.2305428,69.96675,0.0,14.91514216498304,1.393171026781648
2025-08-09 00:00:00+00:00,-36.07555,-71.75805,162.0,open-meteo_ecmwf_ifs,daily,13.151,3.851,5.16,5.9614177,2.677004,88.63019,0.5,15.062566089492254,0.9400031020594242
2025-08-10 00:00:00+00:00,-36.07555,-71.75805,162.0,open-meteo_ecmwf_ifs,daily,15.801001,2.601,9.7,5.438501,0.968478,84.01853,0.0,15.212363255882018,1.0788663442261766
2025-08-11 00:00:00+00:00,-36.07555,-71.75805,162.0,open-meteo_ecmwf_ifs,daily,19.701,5.201,11.53,7.2635007,1.7311573,78.71336,0.0,15.364486851932718,1.532706782547483
2025-08-12 00:00:00+00:00,-36.07555,-71.75805,162.0,open-meteo_ecmwf_ifs,daily,16.151001,9.151,5.93,10.230168,2.428921,88.988716,0.0,15.518888888649574,1.0932035562412832
2025-08-13 00:00:00+00:00,-36.07555,-71.75805,162.0,open-meteo_ecmwf_ifs,daily,17.801,4.8510003,13.7,6.2739177,3.139636,75.12856,0.0,15.675520213273591,1.8112131034425774
2025-08-14 00:00:00+00:00,-36.07555,-71.75805,162.0,open-meteo_ecmwf_ifs,daily,18.101,3.8009999,14.07,6.9635005,1.3091637,82.89681,0.0,15.834330524254199,1.4535268329014823
2025-08-15 00:00:00+00:00,-36.07555,-71.75805,162.0,open-meteo_ecmwf_ifs,daily,15.551001,8.201,7.42,9.801001,3.3828475,89.032585,5.6,15.995268388179062,1.1478170081000256
2025-08-16 00:00:00+00:00,-36.07555,-71.75805,162.0,open-meteo_ecmwf_ifs,daily,17.901001,9.001,14.09,8.592667,2.9212391,77.84591,4.8,16.158281258651435,1.9573661646678155
2025-08-17 00:00:00+00:00,-36.07555,-71.75805,162.0,open-meteo_ecmwf_ifs,daily,17.501,7.401,11.06,7.953083,1.4069625,78.7898,0.1,16.323315497100086,1.476149532619058
2025-08-18 00:00:00+00:00,-36.07555,-71.75805,162.0,open-meteo_ecmwf_ifs,daily,16.801,6.651,9.74,8.217668,1.757267,86.55335,0.4,16.490316395501566,1.3582853588390293
2025-08-19 00:00:00+00:00,-36.07555,-71.75805,162.0,open-meteo_ecmwf_ifs,daily,14.801001,7.451,7.36,8.603085,2.3389304,88.12613,2.0,16.65922820098957,1.1605152627535777
2025-08-20 00:00:00+00:00,-36.07555,-71.75805,162.0,open-meteo_ecmwf_ifs,daily,17.251,6.201,15.26,8.211417,1.9433508,83.3146,4.4,16.829994142321056,1.688130503973879
2025-08-21 00:00:00+00:00,-36.07555,-71.75805,162.0,open-meteo_ecmwf_ifs,daily,10.601,7.151,4.59,7.5280843,4.4058213,89.219215,34.399998,17.00255645816395,0.8177833264058629
2025-08-22 00:00:00+00:00,-36.07555,-71.75805,162.0,open-meteo_ecmwf_ifs,daily,9.001,3.601,8.78,4.005167,3.128948,89.857185,10.800001,17.176856427166303,1.049453776584282
2025-08-23 00:00:00+00:00,-36.07555,-71.75805,162.0,open-meteo_ecmwf_ifs,daily,12.901,-2.499,16.16,0.13433331,2.0764725,76.862785,0.1,17.352834399762216,1.5166578367929144
2025-08-24 00:00:00+00:00,-36.07555,-71.75805,162.0,open-meteo_ecmwf_ifs,daily,15.601,3.201,13.89,3.3489168,3.422116,72.74868,0.0,17.530429831665227,1.9967088799872499
2025-08-25 00:00:00+00:00,-36.07555,-71.75805,162.0,open-meteo_ecmwf_ifs,daily,19.901001,7.151,16.86,7.1885,6.4393697,75.589966,0.0,17.709581318995312,2.9615991781100224
2025-08-26 00:00:00+00:00,-36.07555,-71.75805,162.0,open-meteo_ecmwf_ifs,daily,21.251,3.9009998,17.14,7.2051663,3.2266636,77.30421,0.0,17.890226634981417,2.29615103112769
2025-08-27 00:00:00+00:00,-36.07555,-71.75805,162.0,open-meteo_ecmwf_ifs,daily,18.851,3.501,15.66,7.3447514,1.438892,81.96201,0.0,18.072302768177465,1.7580150700325436
2025-08-28 00:00:00+00:00,-36.07555,-71.75805,162.0,open-meteo_ecmwf_ifs,daily,14.251,5.301,9.68,7.448916,0.75975823,89.19571,0.0,18.255745962125253,1.2034481466698381
2025-08-29 00:00:00+00:00,-36.07555,-71.75805,162.0,open-meteo_ecmwf_ifs,daily,14.801001,8.201,9.45,7.3780837,1.747469,81.24035,0.3,18.44049175639456,1.492930064491314
2025-08-30 00:00:00+00:00,-36.07555,-71.75805,162.0,open-meteo_ecmwf_ifs,daily,16.801,7.851,12.47,7.917668,1.4146055,81.07387,0.6,18.626475028926293,1.706905885854897
2025-08-31 00:00:00+00:00,-36.07555,-71.75805,162.0,open-meteo_ecmwf_ifs,daily,13.551001,9.601,3.37,10.026001,1.1249647,91.75773,3.0,18.813630039601797,0.8146951666479756
2025-09-01 00:00:00+00:00,-36.07555,-71.75805,162.0,open-meteo_ecmwf_ifs,daily,16.951,5.901,15.13,8.0635,1.7020642,83.78846,0.2,19.00189047495753,1.8018660293390207
2025-09-02 00:00:00+00:00,-36.07555,-71.75805,162.0,open-meteo_ecmwf_ifs,daily,11.601,6.301,4.49,7.121834,1.2670351,90.69812,2.8999999,19.191189493961588,0.8653283510725737
2025-09-03 00:00:00+00:00,-36.07555,-71.75805,162.0,open-meteo_ecmwf_ifs,daily,14.601,2.251,18.86,2.2447503,4.290872,73.98812,0.0,19.381459774765457,2.366201586532755
2025-09-04 00:00:00+00:00,-36.07555,-71.75805,162.0,open-meteo_ecmwf_ifs,daily,16.751,1.051,18.97,2.4135,3.7669642,69.12402,0.0,19.57263356234178,2.4113922274639386
2025-09-05 00:00:00+00:00,-36.07555,-71.75805,162.0,open-meteo_ecmwf_ifs,daily,17.901001,1.451,18.37,4.16975,1.3508857,74.172,0.0,19.764642716916505,2.0421662311245172
2025-09-06 00:00:00+00:00,-36.07555,-71.75805,162.0,open-meteo_ecmwf_ifs,daily,14.451,3.5509999,7.69,6.5989175,1.8477106,87.70887,0.1,19.957418763101316,1.1682820183464222
2025-09-07 00:00:00+00:00,-36.07555,-71.75805,162.0,open-meteo_ecmwf_ifs,daily,13.601,8.201,10.06,5.498917,2.4324965,73.81158,0.2,20.150892939630538,1.8129022293531643
2025-09-08 00:00:00+00:00,-36.07555,-71.75805,162.0,open-meteo_ecmwf_ifs,daily,16.801,6.5010004,16.0,6.0697503,3.1422539,76.69395,0.6,20.344996249604733,2.354857555793052
2025-09-09 00:00:00+00:00,-36.07555,-71.75805,162.0,open-meteo_ecmwf_ifs,daily,19.251,6.8510003,17.84,7.1114163,3.6586378,72.92402,0.2,20.539659511141743,2.720840505502974
2025-09-10 00:00:00+00:00,-36.07555,-71.75805,162.0,open-meteo_ecmwf_ifs,daily,18.451,8.201,18.52,8.861417,2.7725565,77.66564,11.3,20.73481340833476,2.4939104572274506
2025-09-11 00:00:00+00:00,-36.07555,-71.75805,162.0,open-meteo_ecmwf_ifs,daily,19.701,3.351,19.85,4.9947505,2.683304,67.41262,0.0,20.93038854241589,2.655733441729088
2025-09-12 00:00:00+00:00,-36.07555,-71.75805,162.0,open-meteo_ecmwf_ifs,daily,19.101,3.8009999,17.45,6.0634995,1.2576667,76.60241,0.0,21.12631548302286,2.1932001122143068
2025-09-13 00:00:00+00:00,-36.07555,-71.75805,162.0,open-meteo_ecmwf_ifs,daily,16.201,7.7510004,15.85,5.4614162,2.9251375,71.11923,18.800001,21.322524819466494,2.516576239586613
2025-09-14 00:00:00+00:00,-36.07555,-71.75805,162.0,open-meteo_ecmwf_ifs,daily,17.601,6.651,18.27,4.33225,3.6235857,62.59055,0.0,21.518947211895632,2.9732161011914817
2025-09-15 00:00:00+00:00,-36.07555,-71.75805,162.0,open-meteo_ecmwf_ifs,daily,19.701,4.151,20.83,5.978083,3.2052133,74.81069,0.0,21.715513442257098,2.817239022131528
2025-09-16 00:00:00+00:00,-36.07555,-71.75805,162.0,open-meteo_ecmwf_ifs,daily,21.101,8.501,19.6,7.5385003,4.146726,66.36107,0.0,21.912154464948085,3.388717288816857
2025-09-17 00:00:00+00:00,-36.07555,-71.75805,162.0,open-meteo_ecmwf_ifs,daily,17.851,7.551,12.8,8.823916,3.3921585,82.49253,0.2,22.108801457059048,2.0857187925584872
2025-09-18 00:00:00+00:00,-36.07555,-71.75805,162.0,open-meteo_ecmwf_ifs,daily,18.451,7.451,17.75,8.465584,1.434249,80.405396,0.0,22.305385868106683,2.3825631294208502
2025-09-19 00:00:00+00:00,-36.07555,-71.75805,162.0,open-meteo_ecmwf_ifs,daily,18.751,9.001,14.54,9.49475,1.9433321,79.610405,0.0,22.501839469156753,2.2476720098195546
2025-09-20 00:00:00+00:00,-36.07555,-71.75805,162.0,open-meteo_ecmwf_ifs,daily,14.401,9.101,11.4,9.442667,4.9033556,87.79247,34.899998,22.698094401239178,1.682506545153985
2025-09-21 00:00:00+00:00,-36.07555,-71.75805,162.0,open-meteo_ecmwf_ifs,daily,14.051001,6.201,11.33,6.903084,3.3343623,84.95167,12.200002,22.894083222958763,1.7281405146297977
2025-09-22 00:00:00+00:00,-36.07555,-71.75805,162.0,open-meteo_ecmwf_ifs,daily,17.151001,3.601,21.4,5.201,2.545886,78.90603,0.1,23.089738957207196,2.6444560212620405
2025-09-23 00:00:00+00:00,-36.07555,-71.75805,162.0,open-meteo_ecmwf_ifs,daily,18.501,5.1010003,21.61,5.9614177,1.9445987,72.45868,0.3,23.284995136884657,2.8082201637586484
2025-09-24 00:00:00+00:00,-36.07555,-71.75805,162.0,open-meteo_ecmwf_ifs,daily,22.751,5.1010003,21.78,7.6384997,2.055132,72.63969,0.0,23.479785849541383,3.0874083791626448
2025-09-25 00:00:00+00:00,-36.07555,-71.75805,162.0,open-meteo_ecmwf_ifs,daily,21.351,8.651,21.92,8.819751,2.553261,74.96057,0.0,23.674045780852957,3.2927547156105836
2025-09-26 00:00:00+00:00,-36.07555,-71.75805,162.0,open-meteo_ecmwf_ifs,daily,12.701,8.401,7.32,7.8405833,2.6498816,85.4802,15.1,23.867710256845903,1.3809032702761554
2025-09-27 00:00:00+00:00,-36.07555,-71.75805,162.0,open-meteo_ecmwf_ifs,daily,18.451,3.651,22.84,5.634334,2.1524405,75.50361,0.0,24.06071528479366,2.86749576901879
2025-09-28 00:00:00+00:00,-36.07555,-71.75805,162.0,open-meteo_ecmwf_ifs,daily,17.801,6.8510003,14.92,7.23225,3.215646,73.75866,0.0,24.252997592706706,2.4721407764142556
2025-09-29 00:00:00+00:00,-36.07555,-71.75805,162.0,open-meteo_ecmwf_ifs,daily,17.201,7.301,22.69,7.571833,3.472751,75.74966,1.6,24.444494667344415,2.9994706248696406
2025-09-30 00:00:00+00:00,-36.07555,-71.75805,162.0,open-meteo_ecmwf_ifs,daily,21.051,5.651,23.87,4.698917,5.589411,60.925564,0.0,24.63514479068026,4.098645746933235
