date,lat,lon,z,source,granularity,Tmax,Tmin,Rs,Tdwp,Wspeed2M,RHmean,Precip_mm,Rso,Eto
2017-01-01 00:00:00+00:00,-35.629999,-71.603888,170.0,open-meteo_ecmwf_ifs,daily,28.771502,14.5715,33.17,10.169417,4.513506,53.483334,0.0,33.35657756432903,7.0970188045723495
2017-01-02 00:00:00+00:00,-35.629999,-71.603888,170.0,open-meteo_ecmwf_ifs,daily,28.9715,13.3215,33.53,7.4506664,4.200558,44.61075,0.0,33.326266544018836,7.215476274192028
2017-01-03 00:00:00+00:00,-35.629999,-71.603888,170.0,open-meteo_ecmwf_ifs,daily,26.5715,13.5215,33.29,8.654832,4.965709,52.435776,0.0,33.29315575674632,6.880855822505015
2017-01-04 00:00:00+00:00,-35.629999,-71.603888,170.0,open-meteo_ecmwf_ifs,daily,25.9715,12.2715,33.47,3.7319171,6.645773,39.61228,0.0,33.25724670609506,7.745928747901703
2017-01-05 00:00:00+00:00,-35.629999,-71.603888,170.0,open-meteo_ecmwf_ifs,daily,31.021502,11.1215,34.24,4.629833,4.8829556,40.541447,0.0,33.21854119054278,7.82182280366015
2017-01-06 00:00:00+00:00,-35.629999,-71.603888,170.0,open-meteo_ecmwf_ifs,daily,31.171501,13.9215,33.24,6.2569165,2.4734166,37.69961,0.0,33.177041313707946,6.856390571156521
2017-01-07 00:00:00+00:00,-35.629999,-71.603888,170.0,open-meteo_ecmwf_ifs,daily,30.8215,14.5215,32.85,7.7048326,3.18832,41.527546,0.0,33.13274949536722,7.120327409869259
2017-01-08 00:00:00+00:00,-35.629999,-71.603888,170.0,open-meteo_ecmwf_ifs,daily,30.0715,16.4715,31.06,10.967332,3.603384,51.300747,0.0,33.08566848325796,6.949601985996837
2017-01-09 00:00:00+00:00,-35.629999,-71.603888,170.0,open-meteo_ecmwf_ifs,daily,26.171501,16.4715,21.54,12.644417,2.6545715,63.82979,6.0,33.035801365678644,4.774273908968769
2017-01-10 00:00:00+00:00,-35.629999,-71.603888,170.0,open-meteo_ecmwf_ifs,daily,28.521502,14.0215,33.25,6.3673325,4.094231,41.752247,0.0,32.98315158489778,7.281799829853851
2017-01-11 00:00:00+00:00,-35.629999,-71.603888,170.0,open-meteo_ecmwf_ifs,daily,31.4715,13.2715,33.35,5.25275,4.2207117,38.92363,0.0,32.92772295137995,7.7736086914087785
2017-01-12 00:00:00+00:00,-35.629999,-71.603888,170.0,open-meteo_ecmwf_ifs,daily,34.0215,17.7215,30.87,8.429833,5.679516,35.1964,0.0,32.8695196588342,9.024149303189972
2017-01-13 00:00:00+00:00,-35.629999,-71.603888,170.0,open-meteo_ecmwf_ifs,daily,32.421497,17.9715,32.46,10.54025,4.8682923,47.46359,0.0,32.80854630008762,8.279513808140027
2017-01-14 00:00:00+00:00,-35.629999,-71.603888,170.0,open-meteo_ecmwf_ifs,daily,30.1215,15.1215,33.07,6.0256667,3.9628792,37.295864,0.0,32.74480788378299,7.614587394707569
2017-01-15 00:00:00+00:00,-35.629999,-71.603888,170.0,open-meteo_ecmwf_ifs,daily,29.771502,14.3715,32.7,8.815249,2.632784,46.37596,0.0,32.67830985189631,6.59387553026351
2017-01-16 00:00:00+00:00,-35.629999,-71.603888,170.0,open-meteo_ecmwf_ifs,daily,32.2215,15.721499,32.7,8.471501,2.995869,43.100414,0.0,32.60905809806523,7.231249490957218
2017-01-17 00:00:00+00:00,-35.629999,-71.603888,170.0,open-meteo_ecmwf_ifs,daily,31.8215,17.7215,32.22,11.308998,6.508595,47.388275,0.0,32.53705898671621,8.579327398626274
2017-01-18 00:00:00+00:00,-35.629999,-71.603888,170.0,open-meteo_ecmwf_ifs,daily,32.9715,14.721499,32.81,4.7423334,4.3724256,31.401663,0.0,32.46231937297304,8.238030745644586
2017-01-19 00:00:00+00:00,-35.629999,-71.603888,170.0,open-meteo_ecmwf_ifs,daily,34.0715,16.4715,32.75,7.7048326,4.291062,36.06715,0.0,32.38484662332534,8.336735923677875
2017-01-20 00:00:00+00:00,-35.629999,-71.603888,170.0,open-meteo_ecmwf_ifs,daily,35.421497,18.2215,32.43,9.45275,5.589596,38.074715,0.0,32.30464863703073,9.309296010480383
2017-01-21 00:00:00+00:00,-35.629999,-71.603888,170.0,open-meteo_ecmwf_ifs,daily,34.921497,18.521502,31.97,8.294417,6.173353,34.428284,0.0,32.22173386821974,9.679808828423058
2017-01-22 00:00:00+00:00,-35.629999,-71.603888,170.0,open-meteo_ecmwf_ifs,daily,31.3715,16.4715,32.06,9.24025,3.2089326,41.77147,0.0,32.136111348667626,7.166713048447385
2017-01-23 00:00:00+00:00,-35.629999,-71.603888,170.0,open-meteo_ecmwf_ifs,daily,32.2215,17.021502,31.86,8.823583,3.266986,38.835415,0.0,32.04779071119253,7.375407806803688
2017-01-24 00:00:00+00:00,-35.629999,-71.603888,170.0,open-meteo_ecmwf_ifs,daily,31.671501,17.771502,31.49,8.998582,6.453153,38.131283,0.0,31.956782213634447,8.84722828523215
2017-01-25 00:00:00+00:00,-35.629999,-71.603888,170.0,open-meteo_ecmwf_ifs,daily,36.6215,17.8715,31.33,10.598582,6.3845267,41.210674,0.0,31.86309676336501,9.5552366053999
2017-01-26 00:00:00+00:00,-35.629999,-71.603888,170.0,open-meteo_ecmwf_ifs,daily,37.4715,19.671501,31.64,11.408999,4.9343715,37.310257,0.0,31.7667459422731,9.180343046938866
2017-01-27 00:00:00+00:00,-35.629999,-71.603888,170.0,open-meteo_ecmwf_ifs,daily,32.4715,17.5715,30.65,15.796501,2.023464,61.37962,0.0,31.66774203216697,6.220679566834077
2017-01-28 00:00:00+00:00,-35.629999,-71.603888,170.0,open-meteo_ecmwf_ifs,daily,32.9715,17.7215,31.05,14.533997,1.7559065,54.133907,0.0,31.566098040529287,6.285850776699074
2017-01-29 00:00:00+00:00,-35.629999,-71.603888,170.0,open-meteo_ecmwf_ifs,daily,32.2215,17.771502,30.9,11.506916,2.0568836,44.958954,0.0,31.461827726556972,6.465247998460032
2017-01-30 00:00:00+00:00,-35.629999,-71.603888,170.0,open-meteo_ecmwf_ifs,daily,30.6215,18.3215,30.63,7.148583,3.9146993,33.39262,0.0,31.35494562741421,7.650494709746979
2017-01-31 00:00:00+00:00,-35.629999,-71.603888,170.0,open-meteo_ecmwf_ifs,daily,29.8215,15.2715,30.84,7.594417,4.1957145,39.85405,0.0,31.245467084622955,7.2119197970978375
2017-02-01 00:00:00+00:00,-35.629999,-71.603888,170.0,open-meteo_ecmwf_ifs,daily,30.521502,14.471499,31.01,7.042333,2.7403812,40.11796,0.0,31.13340827051205,6.545902147178627
2017-02-02 00:00:00+00:00,-35.629999,-71.603888,170.0,open-meteo_ecmwf_ifs,daily,28.6215,15.1715,29.17,7.638166,2.0062125,42.48779,0.0,31.018786214642887,5.79117830259843
2017-02-03 00:00:00+00:00,-35.629999,-71.603888,170.0,open-meteo_ecmwf_ifs,daily,24.521502,12.721499,22.73,7.973583,1.9300728,53.60559,0.0,30.901618830126672,4.427101573653619
2017-02-04 00:00:00+00:00,-35.629999,-71.603888,170.0,open-meteo_ecmwf_ifs,daily,23.4715,15.8715,20.98,12.271501,2.1973197,65.63519,6.4,30.78192493974612,4.157611409762365
2017-02-05 00:00:00+00:00,-35.629999,-71.603888,170.0,open-meteo_ecmwf_ifs,daily,29.771502,13.221499,30.52,9.504832,3.0736015,55.88525,0.0,30.65972430179191,6.191892291325502
2017-02-06 00:00:00+00:00,-35.629999,-71.603888,170.0,open-meteo_ecmwf_ifs,daily,30.271502,14.3715,30.52,7.6048336,3.612216,43.179104,0.0,30.535037635523107,6.798691526553429
2017-02-07 00:00:00+00:00,-35.629999,-71.603888,170.0,open-meteo_ecmwf_ifs,daily,30.671501,14.5715,29.54,9.400667,2.7168558,47.789047,0.0,30.4078866461588,6.191796147833836
2017-02-08 00:00:00+00:00,-35.629999,-71.603888,170.0,open-meteo_ecmwf_ifs,daily,26.7215,13.1715,28.23,8.088165,2.1786222,52.013897,0.0,30.278294049307576,5.327911142961332
2017-02-09 00:00:00+00:00,-35.629999,-71.603888,170.0,open-meteo_ecmwf_ifs,daily,27.5715,15.7715,28.76,7.417334,3.835677,43.9408,0.0,30.146283594741053,6.539035468807111
2017-02-10 00:00:00+00:00,-35.629999,-71.603888,170.0,open-meteo_ecmwf_ifs,daily,30.4715,14.6215,29.13,7.473583,3.2466173,41.53269,0.0,30.011880089416923,6.507218551172203
2017-02-11 00:00:00+00:00,-35.629999,-71.603888,170.0,open-meteo_ecmwf_ifs,daily,31.0715,15.471499,28.88,9.11525,2.2009065,44.39296,0.0,29.87510941965819,5.960405658861367
2017-02-12 00:00:00+00:00,-35.629999,-71.603888,170.0,open-meteo_ecmwf_ifs,daily,32.5715,16.0215,29.24,8.571499,3.6269264,42.29604,0.0,29.735998572394774,7.045063497591099
2017-02-13 00:00:00+00:00,-35.629999,-71.603888,170.0,open-meteo_ecmwf_ifs,daily,32.0715,16.521502,28.61,9.958999,3.0309374,44.17915,0.0,29.59457565537588,6.528361972151231
2017-02-14 00:00:00+00:00,-35.629999,-71.603888,170.0,open-meteo_ecmwf_ifs,daily,30.271502,15.6715,28.02,11.961083,2.4837024,55.17033,0.0,29.4508699162619,5.734982995788736
2017-02-15 00:00:00+00:00,-35.629999,-71.603888,170.0,open-meteo_ecmwf_ifs,daily,29.521502,15.971499,28.13,12.084001,2.671667,56.44325,0.0,29.304911760507384,5.752424929843901
2017-02-16 00:00:00+00:00,-35.629999,-71.603888,170.0,open-meteo_ecmwf_ifs,daily,27.671501,13.6215,25.63,10.496499,2.9318826,58.44002,0.0,29.156732767948103,5.21060575348497
2017-02-17 00:00:00+00:00,-35.629999,-71.603888,170.0,open-meteo_ecmwf_ifs,daily,24.021502,14.5215,18.41,10.754832,3.8698702,60.970325,0.0,29.00636570800827,4.3421736510791265
2017-02-18 00:00:00+00:00,-35.629999,-71.603888,170.0,open-meteo_ecmwf_ifs,daily,26.3715,11.5215,27.89,5.856917,2.735585,47.689762,0.0,28.85384455344674,5.358452853803186
2017-02-19 00:00:00+00:00,-35.629999,-71.603888,170.0,open-meteo_ecmwf_ifs,daily,29.8715,14.1215,27.72,9.898582,4.2234197,53.223476,0.0,28.699204492564213,6.2894492490837495
2017-02-20 00:00:00+00:00,-35.629999,-71.603888,170.0,open-meteo_ecmwf_ifs,daily,32.8715,16.5715,27.39,14.4215,4.8534894,58.790375,0.0,28.542481939797277,6.658989227059277
2017-02-21 00:00:00+00:00,-35.629999,-71.603888,170.0,open-meteo_ecmwf_ifs,daily,35.2715,19.0715,26.65,15.277751,5.1708817,56.630085,0.0,28.38371454462894,7.427699062018325
2017-02-22 00:00:00+00:00,-35.629999,-71.603888,170.0,open-meteo_ecmwf_ifs,daily,34.171497,20.021502,25.03,15.542332,4.3971734,53.665066,0.0,28.2229411987493,6.829584282697542
2017-02-23 00:00:00+00:00,-35.629999,-71.603888,170.0,open-meteo_ecmwf_ifs,daily,32.2215,20.3215,22.0,17.561085,3.1196902,61.47855,0.0,28.060202041404956,5.373929196767459
2017-02-24 00:00:00+00:00,-35.629999,-71.603888,170.0,open-meteo_ecmwf_ifs,daily,33.0715,20.6215,19.99,17.198584,2.2920673,59.4166,0.0,27.895538462879994,4.927409423292349
2017-02-25 00:00:00+00:00,-35.629999,-71.603888,170.0,open-meteo_ecmwf_ifs,daily,32.8715,21.0715,22.17,15.829835,2.1930041,54.25636,0.0,27.72899310605673,5.291845517978483
2017-02-26 00:00:00+00:00,-35.629999,-71.603888,170.0,open-meteo_ecmwf_ifs,daily,31.8715,20.8215,20.79,16.325668,1.7818421,58.252216,0.1,27.56060986600922,4.735486115179978
2017-02-27 00:00:00+00:00,-35.629999,-71.603888,170.0,open-meteo_ecmwf_ifs,daily,30.421501,20.3715,20.11,15.936084,2.2523892,58.81506,0.1,27.390433887588436,4.720356302964434
2017-02-28 00:00:00+00:00,-35.629999,-71.603888,170.0,open-meteo_ecmwf_ifs,daily,29.921501,17.6215,24.56,14.204834,2.7220962,59.88171,0.0,27.2185115609629,5.2556880316829675
2017-03-01 00:00:00+00:00,-35.629999,-71.603888,170.0,open-meteo_ecmwf_ifs,daily,27.8215,17.3215,17.31,13.527751,2.3861163,61.614014,3.3999999,27.04489051508483,4.086703955934589
2017-03-02 00:00:00+00:00,-35.629999,-71.603888,170.0,open-meteo_ecmwf_ifs,daily,26.0715,14.3715,23.2,9.938167,3.5737274,56.405697,0.4,26.869619609057338,4.992935731602835
2017-03-03 00:00:00+00:00,-35.629999,-71.603888,170.0,open-meteo_ecmwf_ifs,daily,26.271502,12.971499,24.94,6.434,3.8869886,44.97874,0.0,26.692748921384307,5.509626858231652
2017-03-04 00:00:00+00:00,-35.629999,-71.603888,170.0,open-meteo_ecmwf_ifs,daily,26.3715,12.721499,25.63,5.659,4.1277366,44.763676,0.0,26.514329737090346,5.714623735404421
2017-03-05 00:00:00+00:00,-35.629999,-71.603888,170.0,open-meteo_ecmwf_ifs,daily,28.421501,11.4215,25.93,4.067333,4.9709215,42.2786,0.0,26.334414532704688,6.355252173942042
2017-03-06 00:00:00+00:00,-35.629999,-71.603888,170.0,open-meteo_ecmwf_ifs,daily,29.4715,12.3715,25.81,4.6319165,4.117191,42.88742,0.0,26.153056959108557,6.165481831005712
2017-03-07 00:00:00+00:00,-35.629999,-71.603888,170.0,open-meteo_ecmwf_ifs,daily,30.521502,13.4215,23.94,3.688166,2.5234387,36.494106,0.0,25.97031182225184,5.343348900067944
2017-03-08 00:00:00+00:00,-35.629999,-71.603888,170.0,open-meteo_ecmwf_ifs,daily,21.8215,11.471499,9.26,2.7069166,1.6589146,39.960564,0.6,25.786235061751064,2.7689317422874553
2017-03-09 00:00:00+00:00,-35.629999,-71.603888,170.0,open-meteo_ecmwf_ifs,daily,21.8215,11.6215,15.96,7.9944153,2.8137562,58.731686,0.3,25.60088372738656,3.4207585969563223
2017-03-10 00:00:00+00:00,-35.629999,-71.603888,170.0,open-meteo_ecmwf_ifs,daily,24.3715,10.3215,25.07,5.3923326,5.099255,51.262253,0.0,25.41431595352285,5.302067160067471
2017-03-11 00:00:00+00:00,-35.629999,-71.603888,170.0,open-meteo_ecmwf_ifs,daily,23.8215,11.0715,24.14,6.729835,5.0893135,55.066788,0.0,25.226590931482182,5.047034965913853
2017-03-12 00:00:00+00:00,-35.629999,-71.603888,170.0,open-meteo_ecmwf_ifs,daily,28.9715,10.471499,24.97,3.2423334,6.945061,39.24116,0.0,25.037768879906942,6.987823231943686
2017-03-13 00:00:00+00:00,-35.629999,-71.603888,170.0,open-meteo_ecmwf_ifs,daily,28.421501,12.3715,23.22,9.683999,2.9886234,56.875774,0.0,24.847911013152537,4.711406996466413
2017-03-14 00:00:00+00:00,-35.629999,-71.603888,170.0,open-meteo_ecmwf_ifs,daily,24.3715,14.8215,17.31,10.190249,2.9131181,55.631012,0.0,24.65707950775774,3.8971927926325294
2017-03-15 00:00:00+00:00,-35.629999,-71.603888,170.0,open-meteo_ecmwf_ifs,daily,27.4715,14.1715,23.26,9.679832,4.1711516,58.240524,0.0,24.465337467045213,5.235719172591769
2017-03-16 00:00:00+00:00,-35.629999,-71.603888,170.0,open-meteo_ecmwf_ifs,daily,29.421501,11.5215,23.1,7.3381658,2.258512,49.2701,0.0,24.272748883909884,4.511478327207726
2017-03-17 00:00:00+00:00,-35.629999,-71.603888,170.0,open-meteo_ecmwf_ifs,daily,29.171501,13.0715,22.61,6.6860833,2.104221,45.398853,0.0,24.07937860185827,4.503695286650739
2017-03-18 00:00:00+00:00,-35.629999,-71.603888,170.0,open-meteo_ecmwf_ifs,daily,29.0715,13.2715,22.61,9.336084,1.7749885,51.225357,0.0,23.885292274366574,4.192138717339303
2017-03-19 00:00:00+00:00,-35.629999,-71.603888,170.0,open-meteo_ecmwf_ifs,daily,28.271502,14.5715,22.01,10.971499,3.2115982,56.111374,0.0,23.690556322630034,4.70206276125189
2017-03-20 00:00:00+00:00,-35.629999,-71.603888,170.0,open-meteo_ecmwf_ifs,daily,28.1215,13.0215,22.15,8.931916,3.7480052,50.564575,0.0,23.4952378917807,4.934243147512246
2017-03-21 00:00:00+00:00,-35.629999,-71.603888,170.0,open-meteo_ecmwf_ifs,daily,28.9715,14.3215,21.79,10.09025,2.3694332,50.884064,0.0,23.299404805654703,4.403302305312421
2017-03-22 00:00:00+00:00,-35.629999,-71.603888,170.0,open-meteo_ecmwf_ifs,daily,29.0715,14.3715,21.48,11.734001,1.339749,56.968678,0.0,23.1031255201944,3.7805484999549153
2017-03-23 00:00:00+00:00,-35.629999,-71.603888,170.0,open-meteo_ecmwf_ifs,daily,28.8215,13.9215,20.34,13.136081,1.9911013,65.59677,0.0,22.906469075574332,3.8026323622410434
2017-03-24 00:00:00+00:00,-35.629999,-71.603888,170.0,open-meteo_ecmwf_ifs,daily,25.9715,14.6715,13.91,11.825665,3.1776917,68.32261,0.0,22.70950504714321,3.530787999452246
2017-03-25 00:00:00+00:00,-35.629999,-71.603888,170.0,open-meteo_ecmwf_ifs,daily,22.8215,15.3215,12.62,10.284,2.6711404,60.21459,0.0,22.51230349527776,3.1556906312296964
2017-03-26 00:00:00+00:00,-35.629999,-71.603888,170.0,open-meteo_ecmwf_ifs,daily,23.5715,13.4215,16.88,10.209,1.6106791,61.19789,0.0,22.314934914246663,3.028623469187548
2017-03-27 00:00:00+00:00,-35.629999,-71.603888,170.0,open-meteo_ecmwf_ifs,daily,24.1215,14.9215,14.71,10.654833,2.302794,61.64741,0.0,22.117470180185713,3.2191130925985374
2017-03-28 00:00:00+00:00,-35.629999,-71.603888,170.0,open-meteo_ecmwf_ifs,daily,25.921501,11.5715,20.43,7.959,2.2531245,52.92447,0.0,21.919980498287526,3.7378493185360084
2017-03-29 00:00:00+00:00,-35.629999,-71.603888,170.0,open-meteo_ecmwf_ifs,daily,23.8715,11.8715,18.67,6.65275,2.19718,51.129856,0.0,21.722537349311107,3.5033701865836178
2017-03-30 00:00:00+00:00,-35.629999,-71.603888,170.0,open-meteo_ecmwf_ifs,daily,23.9715,11.721499,20.19,9.025666,3.0920632,61.52174,0.1,21.52521243551819,3.7168968869638577
2017-03-31 00:00:00+00:00,-35.629999,-71.603888,170.0,open-meteo_ecmwf_ifs,daily,24.8715,11.0715,19.97,9.131917,2.3021626,60.885784,0.0,21.32807762614494,3.44398578392922
2017-04-01 00:00:00+00:00,-35.629999,-71.603888,170.0,open-meteo_ecmwf_ifs,daily,22.3215,11.1215,16.2,7.5590005,2.8975885,57.415085,0.0,21.131204902518217,3.258785588239584
2017-04-02 00:00:00+00:00,-35.629999,-71.603888,170.0,open-meteo_ecmwf_ifs,daily,23.671501,9.3715,19.76,7.1527505,2.3100345,60.97069,0.0,20.93466630292684,3.292147595646113
2017-04-03 00:00:00+00:00,-35.629999,-71.603888,170.0,open-meteo_ecmwf_ifs,daily,24.0715,11.3215,17.67,9.204832,4.2259984,64.4804,0.0,20.738533867358267,3.732501456263522
2017-04-04 00:00:00+00:00,-35.629999,-71.603888,170.0,open-meteo_ecmwf_ifs,daily,22.8215,11.3215,17.48,7.961084,3.0505984,59.583706,0.0,20.54287958221182,3.381318824219198
2017-04-05 00:00:00+00:00,-35.629999,-71.603888,170.0,open-meteo_ecmwf_ifs,daily,24.8715,11.3215,18.2,8.794416,3.99847,62.860535,0.0,20.3477753250988,3.845729826814011
2017-04-06 00:00:00+00:00,-35.629999,-71.603888,170.0,open-meteo_ecmwf_ifs,daily,23.5715,11.3715,16.52,9.586082,3.052367,64.982895,0.0,20.15329280983985,3.1792053763371007
2017-04-07 00:00:00+00:00,-35.629999,-71.603888,170.0,open-meteo_ecmwf_ifs,daily,17.021502,11.5215,12.98,9.767333,2.6688213,76.93427,22.9,19.959503531769016,2.1315851715475813
2017-04-08 00:00:00+00:00,-35.629999,-71.603888,170.0,open-meteo_ecmwf_ifs,daily,19.0715,8.3715,18.61,8.373584,1.7921242,76.013954,0.5,19.766478713452827,2.4253824574745253
2017-04-09 00:00:00+00:00,-35.629999,-71.603888,170.0,open-meteo_ecmwf_ifs,daily,20.6215,7.8715,18.52,7.4985833,2.944802,68.56936,0.0,19.574289250931482,2.7921989576598354
2017-04-10 00:00:00+00:00,-35.629999,-71.603888,170.0,open-meteo_ecmwf_ifs,daily,24.3715,9.221499,17.45,9.167334,2.8222377,71.61019,0.0,19.383005660587692,3.018580580681115
2017-04-11 00:00:00+00:00,-35.629999,-71.603888,170.0,open-meteo_ecmwf_ifs,daily,24.421501,9.9215,17.99,10.198584,2.2039797,66.4889,0.0,19.19269802674655,2.83794240702054
2017-04-12 00:00:00+00:00,-35.629999,-71.603888,170.0,open-meteo_ecmwf_ifs,daily,23.6215,11.6215,17.51,10.959,2.608951,72.2467,0.0,19.003435950108052,2.9038608499514083
2017-04-13 00:00:00+00:00,-35.629999,-71.603888,170.0,open-meteo_ecmwf_ifs,daily,21.921501,10.721499,16.78,10.715249,1.8617347,77.58496,0.0,18.815288497111105,2.450975243331081
2017-04-14 00:00:00+00:00,-35.629999,-71.603888,170.0,open-meteo_ecmwf_ifs,daily,20.921501,10.221499,14.38,10.242333,1.4456831,74.407616,0.0,18.628324150325543,2.0988834441453026
2017-04-15 00:00:00+00:00,-35.629999,-71.603888,170.0,open-meteo_ecmwf_ifs,daily,22.7215,10.0215,16.15,10.7715,2.3576157,74.3943,0.0,18.44261075996535,2.480531981404093
2017-04-16 00:00:00+00:00,-35.629999,-71.603888,170.0,open-meteo_ecmwf_ifs,daily,23.3215,11.1715,14.1,10.923583,1.7991824,72.48707,0.0,18.258215496613673,2.3217990086395823
2017-04-17 00:00:00+00:00,-35.629999,-71.603888,170.0,open-meteo_ecmwf_ifs,daily,22.021502,11.471499,15.07,10.950668,1.875162,75.83996,0.0,18.075204805246337,2.315852175334096
2017-04-18 00:00:00+00:00,-35.629999,-71.603888,170.0,open-meteo_ecmwf_ifs,daily,23.3715,11.471499,13.91,11.400666,1.9292637,72.498924,0.0,17.893644360637367,2.301336976688979
2017-04-19 00:00:00+00:00,-35.629999,-71.603888,170.0,open-meteo_ecmwf_ifs,daily,18.671501,13.0215,3.57,12.767333,2.2289095,85.23484,4.2000003,17.713599024226074,1.1987301635456762
2017-04-20 00:00:00+00:00,-35.629999,-71.603888,170.0,open-meteo_ecmwf_ifs,daily,16.171501,13.6715,2.86,12.433998,3.0345948,85.576485,9.8,17.535132802521233,1.1073200484864825
2017-04-21 00:00:00+00:00,-35.629999,-71.603888,170.0,open-meteo_ecmwf_ifs,daily,21.521502,9.221499,15.75,9.763167,3.1452484,77.179695,0.0,17.35830880711392,2.4323712947488376
2017-04-22 00:00:00+00:00,-35.629999,-71.603888,170.0,open-meteo_ecmwf_ifs,daily,20.8715,8.471499,16.52,6.642334,4.304964,62.358765,0.0,17.183189216366014,2.9914400178643774
2017-04-23 00:00:00+00:00,-35.629999,-71.603888,170.0,open-meteo_ecmwf_ifs,daily,16.4715,9.471499,10.42,8.079833,3.0802891,75.52747,0.0,17.009835238836985,1.8448390964513037
2017-04-24 00:00:00+00:00,-35.629999,-71.603888,170.0,open-meteo_ecmwf_ifs,daily,15.1715,6.2714996,9.32,5.9735827,2.0646532,74.296104,2.8,16.838307078506926,1.4763408046867912
2017-04-25 00:00:00+00:00,-35.629999,-71.603888,170.0,open-meteo_ecmwf_ifs,daily,15.8715,7.0715,12.92,8.090249,1.8443192,78.99917,5.2,16.6686639018488,1.5186879459425593
2017-04-26 00:00:00+00:00,-35.629999,-71.603888,170.0,open-meteo_ecmwf_ifs,daily,18.421501,6.2215,15.75,4.4610834,4.395783,64.31144,0.0,16.500963806798318,2.6598167973357834
2017-04-27 00:00:00+00:00,-35.629999,-71.603888,170.0,open-meteo_ecmwf_ifs,daily,21.8215,7.4715,15.13,7.96525,4.5174665,70.7523,0.0,16.3352637936642,2.6754313443794975
2017-04-28 00:00:00+00:00,-35.629999,-71.603888,170.0,open-meteo_ecmwf_ifs,daily,22.421501,9.8215,15.04,10.079833,4.4931216,74.954956,0.0,16.171619738017007,2.67456843131968
2017-04-29 00:00:00+00:00,-35.629999,-71.603888,170.0,open-meteo_ecmwf_ifs,daily,21.5715,10.4215,14.89,10.056916,3.8445508,74.320045,0.0,16.010086365588883,2.501867755521995
2017-04-30 00:00:00+00:00,-35.629999,-71.603888,170.0,open-meteo_ecmwf_ifs,daily,20.771502,9.1715,13.95,9.686084,1.6998934,76.91517,0.0,15.850717229211517,1.8352859743880816
2017-05-01 00:00:00+00:00,-35.629999,-71.603888,170.0,open-meteo_ecmwf_ifs,daily,18.421501,10.0715,9.55,10.563168,2.8622704,85.82401,0.0,15.693564687813968,1.5823554742649293
2017-05-02 00:00:00+00:00,-35.629999,-71.603888,170.0,open-meteo_ecmwf_ifs,daily,15.8215,8.1715,4.66,9.873584,2.243726,86.37029,3.9999998,15.538679887496485,0.9558663786513701
2017-05-03 00:00:00+00:00,-35.629999,-71.603888,170.0,open-meteo_ecmwf_ifs,daily,19.921501,8.5215,14.35,8.994416,3.5749273,79.083694,0.0,15.386112744690767,2.110181335010754
2017-05-04 00:00:00+00:00,-35.629999,-71.603888,170.0,open-meteo_ecmwf_ifs,daily,18.171501,6.8215,12.29,7.0464993,1.922861,74.65876,0.0,15.235911931411477,1.6173245420816087
2017-05-05 00:00:00+00:00,-35.629999,-71.603888,170.0,open-meteo_ecmwf_ifs,daily,19.271502,7.7714996,13.43,10.090249,1.9042834,83.543365,0.0,15.088124862598155,1.528080423506823
2017-05-06 00:00:00+00:00,-35.629999,-71.603888,170.0,open-meteo_ecmwf_ifs,daily,16.9715,10.471499,6.92,9.283999,4.387321,80.4087,0.0,14.942797685540716,1.7450770886572997
2017-05-07 00:00:00+00:00,-35.629999,-71.603888,170.0,open-meteo_ecmwf_ifs,daily,15.9215,12.3715,6.09,10.467334,4.862287,80.521126,37.399998,14.799975271376072,1.6163760368398328
2017-05-08 00:00:00+00:00,-35.629999,-71.603888,170.0,open-meteo_ecmwf_ifs,daily,18.7215,9.1715,13.05,10.681916,2.3543932,82.02972,4.5000005,14.659701208637712,1.525687314936791
2017-05-09 00:00:00+00:00,-35.629999,-71.603888,170.0,open-meteo_ecmwf_ifs,daily,18.771502,8.6715,11.94,9.736083,1.7502154,81.01568,0.0,14.522017798833993,1.4452028873049227
2017-05-10 00:00:00+00:00,-35.629999,-71.603888,170.0,open-meteo_ecmwf_ifs,daily,17.5715,10.6715,6.62,10.156917,3.0774462,80.70579,0.0,14.386966054025454,1.451956223213051
2017-05-11 00:00:00+00:00,-35.629999,-71.603888,170.0,open-meteo_ecmwf_ifs,daily,17.6215,11.2715,5.12,9.788167,6.142429,76.0698,7.2999997,14.254585696365465,1.9873206737417473
2017-05-12 00:00:00+00:00,-35.629999,-71.603888,170.0,open-meteo_ecmwf_ifs,daily,19.3715,11.4215,10.84,8.704833,4.6711726,66.5665,0.8,14.124915159563098,2.4414538327113227
2017-05-13 00:00:00+00:00,-35.629999,-71.603888,170.0,open-meteo_ecmwf_ifs,daily,19.1215,10.971499,4.21,11.025668,3.5039043,79.180824,0.1,13.99799159222102,1.4647989830206798
2017-05-14 00:00:00+00:00,-35.629999,-71.603888,170.0,open-meteo_ecmwf_ifs,daily,15.5715,12.8715,4.74,11.57775,3.4990444,85.587105,31.1,13.873850862996356,1.1654187889912468
2017-05-15 00:00:00+00:00,-35.629999,-71.603888,170.0,open-meteo_ecmwf_ifs,daily,16.3715,6.2714996,11.57,7.9527493,3.075812,83.24674,0.0,13.752527567526197,1.330106406116948
2017-05-16 00:00:00+00:00,-35.629999,-71.603888,170.0,open-meteo_ecmwf_ifs,daily,15.9215,4.9715,10.04,6.7714996,2.725722,79.58163,0.0,13.63405503705486,1.2423437976098837
2017-05-17 00:00:00+00:00,-35.629999,-71.603888,170.0,open-meteo_ecmwf_ifs,daily,11.5715,10.3215,1.17,7.940249,3.6523626,80.7311,32.000004,13.518465348694154,1.0292223452598714
2017-05-18 00:00:00+00:00,-35.629999,-71.603888,170.0,open-meteo_ecmwf_ifs,daily,11.0715,7.8215,4.72,7.373583,1.618011,85.40537,12.5,13.40578933724333,0.7660484636226732
2017-05-19 00:00:00+00:00,-35.629999,-71.603888,170.0,open-meteo_ecmwf_ifs,daily,13.1715,4.1714997,10.64,5.511083,2.4442847,87.890526,0.0,13.296056608490183,1.0560882032079693
2017-05-20 00:00:00+00:00,-35.629999,-71.603888,170.0,open-meteo_ecmwf_ifs,daily,13.0715,0.9215,11.99,3.5944166,2.1549172,82.42625,0.0,13.189295553910274,0.9978956404847424
2017-05-21 00:00:00+00:00,-35.629999,-71.603888,170.0,open-meteo_ecmwf_ifs,daily,13.721499,3.3215,5.09,5.1298327,1.9885472,83.455925,4.2,13.08553336667666,0.9060191432569771
2017-05-22 00:00:00+00:00,-35.629999,-71.603888,170.0,open-meteo_ecmwf_ifs,daily,13.2715,6.9715,7.13,6.5464997,3.9910433,83.14437,0.0,12.984796058888309,1.2430993554121699
2017-05-23 00:00:00+00:00,-35.629999,-71.603888,170.0,open-meteo_ecmwf_ifs,daily,11.971499,2.7215002,10.51,4.2152495,1.9949251,82.621315,0.0,12.887108479921485,0.9190558626308809
2017-05-24 00:00:00+00:00,-35.629999,-71.603888,170.0,open-meteo_ecmwf_ifs,daily,9.3715,1.6215,7.24,4.267333,1.5571437,89.58015,0.0,12.79249433580443,0.6100922752159562
2017-05-25 00:00:00+00:00,-35.629999,-71.603888,170.0,open-meteo_ecmwf_ifs,daily,13.9215,3.3215,8.64,5.863167,1.5613436,88.30109,1.5999999,12.700976209512634,0.8419782970657407
2017-05-26 00:00:00+00:00,-35.629999,-71.603888,170.0,open-meteo_ecmwf_ifs,daily,13.5215,3.4215,11.39,4.9964995,2.6840293,83.82101,0.0,12.612575582078644,1.054653507386799
2017-05-27 00:00:00+00:00,-35.629999,-71.603888,170.0,open-meteo_ecmwf_ifs,daily,13.0715,3.4715002,9.84,4.9964995,1.5927595,86.2109,0.0,12.527312854407743,0.8760115408579683
2017-05-28 00:00:00+00:00,-35.629999,-71.603888,170.0,open-meteo_ecmwf_ifs,daily,12.8715,3.9715002,8.32,5.52775,1.4761739,88.96912,0.0,12.445207369688513,0.8108843865578331
2017-05-29 00:00:00+00:00,-35.629999,-71.603888,170.0,open-meteo_ecmwf_ifs,daily,11.4215,3.3215,8.43,4.838166,1.9696821,90.80499,0.0,12.366277436285321,0.7871901412770219
2017-05-30 00:00:00+00:00,-35.629999,-71.603888,170.0,open-meteo_ecmwf_ifs,daily,11.1715,3.8215,8.07,5.4214997,1.2866311,92.59411,0.0,12.290540350998253,0.6936215115044136
2017-05-31 00:00:00+00:00,-35.629999,-71.603888,170.0,open-meteo_ecmwf_ifs,daily,12.1715,3.4215,9.28,4.7027497,2.0615492,91.065254,0.0,12.218012422574864,0.8605496955441733
2017-06-01 00:00:00+00:00,-35.629999,-71.603888,170.0,open-meteo_ecmwf_ifs,daily,15.6215,5.7215,8.7,7.823583,3.044007,88.46927,0.0,12.148708995357671,1.0184397826903218
2017-06-02 00:00:00+00:00,-35.629999,-71.603888,170.0,open-meteo_ecmwf_ifs,daily,9.0715,4.4214997,2.75,4.6152496,2.0664022,89.648285,0.0,12.0826444729508,0.6557858509868878
2017-06-03 00:00:00+00:00,-35.629999,-71.603888,170.0,open-meteo_ecmwf_ifs,daily,12.971499,4.2714996,8.37,4.669416,1.8211652,80.80424,3.8,12.019832341789863,0.9101279351380179
2017-06-04 00:00:00+00:00,-35.629999,-71.603888,170.0,open-meteo_ecmwf_ifs,daily,13.5215,4.1215,8.96,5.5944157,2.9950788,81.68594,0.3,11.96028519449979,0.9819416099760633
2017-06-05 00:00:00+00:00,-35.629999,-71.603888,170.0,open-meteo_ecmwf_ifs,daily,10.971499,0.9215,10.87,1.8340001,3.247943,78.44953,0.0,11.904014752926567,1.010705455594086
2017-06-06 00:00:00+00:00,-35.629999,-71.603888,170.0,open-meteo_ecmwf_ifs,daily,12.8715,-0.6285,10.89,2.4569168,2.5317557,84.293396,0.0,11.851031890730873,0.8805823165180136
2017-06-07 00:00:00+00:00,-35.629999,-71.603888,170.0,open-meteo_ecmwf_ifs,daily,8.5215,3.4215,1.15,5.12775,3.536949,91.99139,37.300003,11.801346655433717,0.4687455700354581
2017-06-08 00:00:00+00:00,-35.629999,-71.603888,170.0,open-meteo_ecmwf_ifs,daily,9.9215,1.7715001,5.28,3.479833,2.5969841,86.42071,1.0,11.75496828980729,0.7005628840421025
2017-06-09 00:00:00+00:00,-35.629999,-71.603888,170.0,open-meteo_ecmwf_ifs,daily,15.0715,5.6215,10.71,4.5965,3.9065144,73.960655,0.0,11.711905252507302,1.5309407211727026
2017-06-10 00:00:00+00:00,-35.629999,-71.603888,170.0,open-meteo_ecmwf_ifs,daily,16.421501,5.9214997,10.28,7.913166,5.2830124,86.81488,0.0,11.672165237847295,1.2815501257883757
2017-06-11 00:00:00+00:00,-35.629999,-71.603888,170.0,open-meteo_ecmwf_ifs,daily,12.721499,4.8715,11.01,4.4214997,4.2364783,75.54488,0.0,11.635755194619454,1.2693640036949403
2017-06-12 00:00:00+00:00,-35.629999,-71.603888,170.0,open-meteo_ecmwf_ifs,daily,9.5715,1.8715,8.3,3.267333,1.9500605,90.25168,0.0,11.602681343871584,0.6651463670560104
2017-06-13 00:00:00+00:00,-35.629999,-71.603888,170.0,open-meteo_ecmwf_ifs,daily,10.5715,3.8715,4.91,5.1006665,1.1676788,92.54908,0.0,11.572949195555065,0.5993652813267258
2017-06-14 00:00:00+00:00,-35.629999,-71.603888,170.0,open-meteo_ecmwf_ifs,daily,13.5715,5.4715,4.24,7.0569167,3.0489342,91.404205,0.5,11.54656356396437,0.8353522873443945
2017-06-15 00:00:00+00:00,-35.629999,-71.603888,170.0,open-meteo_ecmwf_ifs,daily,15.6715,6.4214997,8.38,7.5881658,4.415994,84.241936,2.9,11.52352858189496,1.2172902030107298
2017-06-16 00:00:00+00:00,-35.629999,-71.603888,170.0,open-meteo_ecmwf_ifs,daily,14.971499,11.0715,3.16,9.502749,8.816276,81.974174,41.300003,11.50384771345294,1.665926527753725
2017-06-17 00:00:00+00:00,-35.629999,-71.603888,170.0,open-meteo_ecmwf_ifs,daily,11.9215,4.8215,8.46,4.8131666,3.7545397,80.07605,4.1000004,11.487523765456698,1.046463003917241
2017-06-18 00:00:00+00:00,-35.629999,-71.603888,170.0,open-meteo_ecmwf_ifs,daily,10.0215,0.4215,10.96,0.8131667,3.908912,79.80301,0.0,11.474558897378056,1.0471397547855648
2017-06-19 00:00:00+00:00,-35.629999,-71.603888,170.0,open-meteo_ecmwf_ifs,daily,7.2714996,-1.0785,5.26,-0.7764166,2.426385,80.134544,0.1,11.464954629778017,0.7600116899401386
2017-06-20 00:00:00+00:00,-35.629999,-71.603888,170.0,open-meteo_ecmwf_ifs,daily,7.1714997,0.9715,1.8,1.5319166,1.5379893,85.985954,0.1,11.458711851199839,0.5815931002548117
2017-06-21 00:00:00+00:00,-35.629999,-71.603888,170.0,open-meteo_ecmwf_ifs,daily,11.8715,5.3215,2.47,5.629833,4.5111127,82.293816,11.5,11.455830823490306,0.9970703350272717
2017-06-22 00:00:00+00:00,-35.629999,-71.603888,170.0,open-meteo_ecmwf_ifs,daily,11.721499,10.5215,1.79,9.990251,5.394316,92.324715,48.599995,11.456311185527989,0.6549089677855493
2017-06-23 00:00:00+00:00,-35.629999,-71.603888,170.0,open-meteo_ecmwf_ifs,daily,14.471499,8.7715,5.94,8.773582,2.2662613,86.842865,5.1000004,11.460151955345715,0.8902392031226991
2017-06-24 00:00:00+00:00,-35.629999,-71.603888,170.0,open-meteo_ecmwf_ifs,daily,15.1715,9.0215,3.19,9.827751,4.228912,88.54556,8.200001,11.46735153064259,0.9462199640862184
2017-06-25 00:00:00+00:00,-35.629999,-71.603888,170.0,open-meteo_ecmwf_ifs,daily,13.3715,11.8215,1.72,10.333999,5.606104,86.72918,69.80001,11.477907687689358,1.0291813056666144
2017-06-26 00:00:00+00:00,-35.629999,-71.603888,170.0,open-meteo_ecmwf_ifs,daily,15.6215,11.721499,4.46,9.573583,5.387318,79.70137,12.8,11.491817578639035,1.5800655066818572
2017-06-27 00:00:00+00:00,-35.629999,-71.603888,170.0,open-meteo_ecmwf_ifs,daily,16.2215,9.2715,7.81,9.113166,2.420979,81.93972,6.7999997,11.509077727263033,1.0701150006884876
2017-06-28 00:00:00+00:00,-35.629999,-71.603888,170.0,open-meteo_ecmwf_ifs,daily,12.6215,6.5214996,8.7,7.594417,1.8254427,90.81586,0.0,11.529684023141023,0.7182695983080671
2017-06-29 00:00:00+00:00,-35.629999,-71.603888,170.0,open-meteo_ecmwf_ifs,daily,14.4215,5.4715,9.48,7.0673327,2.062844,88.66857,0.0,11.553631714340613,0.8485216372864274
2017-06-30 00:00:00+00:00,-35.629999,-71.603888,170.0,open-meteo_ecmwf_ifs,daily,17.8715,7.3715,10.3,9.334001,3.880082,86.102936,1.7,11.580915398630689,1.224919980449867
2017-07-01 00:00:00+00:00,-35.629999,-71.603888,170.0,open-meteo_ecmwf_ifs,daily,17.5715,6.5715,10.56,8.473582,2.5417094,81.812004,0.0,11.611529013279599,1.0870438460626193
2017-07-02 00:00:00+00:00,-35.629999,-71.603888,170.0,open-meteo_ecmwf_ifs,daily,13.1215,7.2215,6.2,8.500666,2.7028654,92.743416,0.0,11.645465823496473,0.7293807156841352
2017-07-03 00:00:00+00:00,-35.629999,-71.603888,170.0,open-meteo_ecmwf_ifs,daily,13.9215,9.2715,4.55,9.265248,3.7784672,88.454124,0.0,11.682718409580735,0.9367056348320694
2017-07-04 00:00:00+00:00,-35.629999,-71.603888,170.0,open-meteo_ecmwf_ifs,daily,11.3715,8.0215,2.74,7.8381658,2.5211225,88.59375,16.2,11.723278652851398,0.7026282562129481
2017-07-05 00:00:00+00:00,-35.629999,-71.603888,170.0,open-meteo_ecmwf_ifs,daily,8.1215,2.3715,2.79,4.034,1.8895779,89.8749,0.0,11.767137720433436,0.5059103141052846
2017-07-06 00:00:00+00:00,-35.629999,-71.603888,170.0,open-meteo_ecmwf_ifs,daily,13.471499,2.4215,9.75,4.7715,1.1564201,88.61909,0.0,11.81428604898447,0.726891394373691
2017-07-07 00:00:00+00:00,-35.629999,-71.603888,170.0,open-meteo_ecmwf_ifs,daily,14.6715,5.9214997,8.09,6.6756663,1.638895,85.37252,5.9,11.864713327449815,0.8941756728416286
2017-07-08 00:00:00+00:00,-35.629999,-71.603888,170.0,open-meteo_ecmwf_ifs,daily,14.9215,6.3715,5.8,7.4319167,1.8692344,88.42087,1.3000001,11.918408478938757,0.8835685795156116
2017-07-09 00:00:00+00:00,-35.629999,-71.603888,170.0,open-meteo_ecmwf_ifs,daily,13.0215,8.721499,5.88,8.059,2.7995644,87.30541,0.2,11.975359641819084,0.9500093649579754
2017-07-10 00:00:00+00:00,-35.629999,-71.603888,170.0,open-meteo_ecmwf_ifs,daily,11.9215,0.8215,11.43,0.95691675,4.0235457,71.27781,0.0,12.035554150130485,1.30905452919295
2017-07-11 00:00:00+00:00,-35.629999,-71.603888,170.0,open-meteo_ecmwf_ifs,daily,10.3715,0.3215,9.74,2.3652499,1.82024,88.77227,0.0,12.098978513420695,0.7399022793660467
2017-07-12 00:00:00+00:00,-35.629999,-71.603888,170.0,open-meteo_ecmwf_ifs,daily,13.221499,2.0215,5.91,4.7444167,3.922616,88.08746,0.0,12.165618396110803,0.9466932909932783
2017-07-13 00:00:00+00:00,-35.629999,-71.603888,170.0,open-meteo_ecmwf_ifs,daily,12.9215,8.4215,7.51,7.8173327,4.2283273,84.40029,19.600002,12.235458596498415,1.1080269174479902
2017-07-14 00:00:00+00:00,-35.629999,-71.603888,170.0,open-meteo_ecmwf_ifs,daily,13.221499,4.5715,8.61,5.373583,4.4508014,82.680984,4.7000003,12.308483025508929,1.192147399374273
2017-07-15 00:00:00+00:00,-35.629999,-71.603888,170.0,open-meteo_ecmwf_ifs,daily,8.8215,2.7215002,6.85,3.7319162,4.281498,89.52828,29.200003,12.38467468530618,0.7680435866937354
2017-07-16 00:00:00+00:00,-35.629999,-71.603888,170.0,open-meteo_ecmwf_ifs,daily,8.7715,-2.5284998,11.64,-0.7118332,2.8361251,78.96865,0.1,12.464015647874746,0.8804592160533264
2017-07-17 00:00:00+00:00,-35.629999,-71.603888,170.0,open-meteo_ecmwf_ifs,daily,9.3715,-3.4285,11.64,-2.276417,3.2308514,72.93406,0.0,12.546487033685747,1.0671329233930624
2017-07-18 00:00:00+00:00,-35.629999,-71.603888,170.0,open-meteo_ecmwf_ifs,daily,12.1215,-0.37849998,9.88,1.9360833,2.793351,83.98276,0.0,12.63206899055828,0.9961399806609427
2017-07-19 00:00:00+00:00,-35.629999,-71.603888,170.0,open-meteo_ecmwf_ifs,daily,15.0715,-0.37849998,11.56,2.7006664,3.101283,81.38478,0.0,12.720740672827478,1.203484254574212
2017-07-20 00:00:00+00:00,-35.629999,-71.603888,170.0,open-meteo_ecmwf_ifs,daily,16.521502,6.1714997,11.34,7.9235845,4.300379,86.6571,0.0,12.812480220928952,1.362961874334381
2017-07-21 00:00:00+00:00,-35.629999,-71.603888,170.0,open-meteo_ecmwf_ifs,daily,17.3715,4.8215,11.68,8.819416,2.5787165,87.88892,0.0,12.90726474150805,1.0461462880284347
2017-07-22 00:00:00+00:00,-35.629999,-71.603888,170.0,open-meteo_ecmwf_ifs,daily,12.471499,8.5215,3.06,9.175666,4.261993,90.197716,0.6,13.005070288160091,0.7201412690324105
2017-07-23 00:00:00+00:00,-35.629999,-71.603888,170.0,open-meteo_ecmwf_ifs,daily,11.221499,9.221499,2.39,8.636083,2.8194969,90.033936,14.8,13.105871842905293,0.7107735835488403
2017-07-24 00:00:00+00:00,-35.629999,-71.603888,170.0,open-meteo_ecmwf_ifs,daily,13.3215,2.6715,12.27,4.4881663,3.1380508,83.78992,0.0,13.209643298499671,1.153342275077155
2017-07-25 00:00:00+00:00,-35.629999,-71.603888,170.0,open-meteo_ecmwf_ifs,daily,12.5215,1.8715,12.51,2.3735833,3.0116568,75.378426,0.0,13.31635744167975,1.2762910997815928
2017-07-26 00:00:00+00:00,-35.629999,-71.603888,170.0,open-meteo_ecmwf_ifs,daily,12.471499,2.0715,11.03,3.0506668,2.5908835,84.26207,0.0,13.425985937435785,1.1468905055606442
2017-07-27 00:00:00+00:00,-35.629999,-71.603888,170.0,open-meteo_ecmwf_ifs,daily,12.1715,1.5215001,10.11,3.913167,1.7419777,84.8638,0.0,13.538499314404422,0.9101174998599914
2017-07-28 00:00:00+00:00,-35.629999,-71.603888,170.0,open-meteo_ecmwf_ifs,daily,11.5215,3.5215,5.49,5.336083,2.0504982,88.15854,0.0,13.653866951467858,0.7833553514641859
2017-07-29 00:00:00+00:00,-35.629999,-71.603888,170.0,open-meteo_ecmwf_ifs,daily,9.1215,3.5715,5.99,3.1527503,3.9714887,79.45105,0.0,13.772057065642299,1.0256619781839968
2017-07-30 00:00:00+00:00,-35.629999,-71.603888,170.0,open-meteo_ecmwf_ifs,daily,11.8715,-0.8785,11.87,2.1319168,1.7450104,86.96264,0.0,13.893036701334283,0.9602369610159508
2017-07-31 00:00:00+00:00,-35.629999,-71.603888,170.0,open-meteo_ecmwf_ifs,daily,11.6715,-0.2785,11.37,2.8652499,1.8948878,85.2402,0.0,14.016771721038747,0.9372686518990777
2017-08-01 00:00:00+00:00,-35.629999,-71.603888,170.0,open-meteo_ecmwf_ifs,daily,11.4215,2.1215,6.99,4.281916,1.7043387,88.79861,0.0,14.14322679754809,0.8317114172143296
2017-08-02 00:00:00+00:00,-35.629999,-71.603888,170.0,open-meteo_ecmwf_ifs,daily,13.221499,1.6215,10.83,4.5069165,2.734679,89.12015,0.0,14.272365407736467,1.0776626751753415
2017-08-03 00:00:00+00:00,-35.629999,-71.603888,170.0,open-meteo_ecmwf_ifs,daily,11.0215,1.9714999,11.53,3.4756663,2.2685344,84.40711,0.0,14.404149827978726,1.0476789695796063
2017-08-04 00:00:00+00:00,-35.629999,-71.603888,170.0,open-meteo_ecmwf_ifs,daily,11.221499,1.5715001,9.42,4.4152503,1.6384101,90.26624,0.0,14.53854113125797,0.8648995813390385
2017-08-05 00:00:00+00:00,-35.629999,-71.603888,170.0,open-meteo_ecmwf_ifs,daily,10.1715,6.7215,3.12,6.408999,3.7123282,88.100105,8.900001,14.67549918601099,0.8356573359742568
2017-08-06 00:00:00+00:00,-35.629999,-71.603888,170.0,open-meteo_ecmwf_ifs,daily,15.5215,7.0214996,12.28,7.6006665,2.2814982,81.87754,0.6,14.814982656754971,1.4009115062582276
2017-08-07 00:00:00+00:00,-35.629999,-71.603888,170.0,open-meteo_ecmwf_ifs,daily,12.1715,6.7714996,3.53,7.8694158,2.6946926,92.256775,5.7,14.956949006533916,0.7662380073047851
2017-08-08 00:00:00+00:00,-35.629999,-71.603888,170.0,open-meteo_ecmwf_ifs,daily,17.1215,6.2215,10.12,7.783999,2.6242092,82.11318,0.70000005,15.101354501217719,1.4314974564748588
2017-08-09 00:00:00+00:00,-35.629999,-71.603888,170.0,open-meteo_ecmwf_ifs,daily,11.721499,8.9215,0.89,7.7465014,5.449293,84.3321,41.1,15.248154215681367,1.0453433024134144
2017-08-10 00:00:00+00:00,-35.629999,-71.603888,170.0,open-meteo_ecmwf_ifs,daily,13.1715,8.1215,5.5,6.411083,6.0449605,79.64315,10.6,15.397302041886318,1.664746790870296
2017-08-11 00:00:00+00:00,-35.629999,-71.603888,170.0,open-meteo_ecmwf_ifs,daily,12.3215,7.0715,9.66,6.7589993,2.9222138,85.0242,24.600002,15.548750698880681,1.2434498266379428
2017-08-12 00:00:00+00:00,-35.629999,-71.603888,170.0,open-meteo_ecmwf_ifs,daily,12.0715,2.5215,11.35,4.729833,1.7264057,84.48072,1.2000002,15.702451744729414,1.096124897419601
2017-08-13 00:00:00+00:00,-35.629999,-71.603888,170.0,open-meteo_ecmwf_ifs,daily,8.0215,7.0715,1.61,4.4444165,5.8495026,80.67594,12.6,15.85835559038023,1.113606272916677
2017-08-14 00:00:00+00:00,-35.629999,-71.603888,170.0,open-meteo_ecmwf_ifs,daily,13.721499,6.1215,11.64,4.3985834,2.664231,71.35973,0.0,16.01641151546576,1.6599065197409733
2017-08-15 00:00:00+00:00,-35.629999,-71.603888,170.0,open-meteo_ecmwf_ifs,daily,15.1215,4.8715,14.26,5.86525,4.1271367,82.92997,0.0,16.176567686036773,1.7511935783465642
2017-08-16 00:00:00+00:00,-35.629999,-71.603888,170.0,open-meteo_ecmwf_ifs,daily,15.0215,1.8215001,15.62,3.7256663,3.5623543,76.81001,0.0,16.338771174216483,1.7374846132069235
2017-08-17 00:00:00+00:00,-35.629999,-71.603888,170.0,open-meteo_ecmwf_ifs,daily,16.171501,3.4715002,14.23,6.1819167,2.105032,85.091255,0.0,16.502967979760236,1.522672988266369
2017-08-18 00:00:00+00:00,-35.629999,-71.603888,170.0,open-meteo_ecmwf_ifs,daily,10.721499,8.8215,0.81,8.621499,3.3286507,92.99346,15.600001,16.669103053500145,0.6138527636567883
2017-08-19 00:00:00+00:00,-35.629999,-71.603888,170.0,open-meteo_ecmwf_ifs,daily,13.1715,4.0215,12.05,5.4444165,1.1569668,84.92658,0.1,16.83712032264884,1.2673169655974894
2017-08-20 00:00:00+00:00,-35.629999,-71.603888,170.0,open-meteo_ecmwf_ifs,daily,14.721499,2.3715,15.78,4.367333,3.478186,80.793236,0.0,17.00696271793167,1.7243311233510852
2017-08-21 00:00:00+00:00,-35.629999,-71.603888,170.0,open-meteo_ecmwf_ifs,daily,15.3715,1.8215001,15.86,3.4048328,1.9469706,75.681206,0.0,17.178572202511823,1.6919186490887637
2017-08-22 00:00:00+00:00,-35.629999,-71.603888,170.0,open-meteo_ecmwf_ifs,daily,11.1215,6.3215,2.93,6.702749,5.365122,87.77575,24.1,17.351889802667873,0.9323082411068211
2017-08-23 00:00:00+00:00,-35.629999,-71.603888,170.0,open-meteo_ecmwf_ifs,daily,13.6215,3.5215,10.75,4.8944163,3.6967218,80.98719,4.6000004,17.52685564017888,1.497854855632424
2017-08-24 00:00:00+00:00,-35.629999,-71.603888,170.0,open-meteo_ecmwf_ifs,daily,12.6715,7.2714996,4.36,5.4152503,4.382967,76.89947,0.8,17.703408966367295,1.5419686342417898
2017-08-25 00:00:00+00:00,-35.629999,-71.603888,170.0,open-meteo_ecmwf_ifs,daily,12.5715,7.6714997,4.37,6.5277495,2.8271523,82.21407,35.300003,17.881488197745675,1.2075400615948246
2017-08-26 00:00:00+00:00,-35.629999,-71.603888,170.0,open-meteo_ecmwf_ifs,daily,13.8715,8.721499,6.35,8.217333,2.1278727,84.99836,1.1,18.061030953208935,1.2185012780163609
2017-08-27 00:00:00+00:00,-35.629999,-71.603888,170.0,open-meteo_ecmwf_ifs,daily,14.3715,7.1215,8.6,7.3089995,3.6413472,86.17627,7.6,18.241974092709803,1.5072751272530016
2017-08-28 00:00:00+00:00,-35.629999,-71.603888,170.0,open-meteo_ecmwf_ifs,daily,10.8215,7.6714997,4.57,7.336084,2.079199,89.36392,19.5,18.424253757350737,0.9046802226507104
2017-08-29 00:00:00+00:00,-35.629999,-71.603888,170.0,open-meteo_ecmwf_ifs,daily,13.2715,1.8715,17.42,4.2215,2.1599343,81.21002,1.6,18.607805410822532,1.6776968583337013
2017-08-30 00:00:00+00:00,-35.629999,-71.603888,170.0,open-meteo_ecmwf_ifs,daily,14.0215,1.5715001,18.01,1.8131667,3.0249789,68.87023,0.0,18.792563882115246,2.0715137744194068
2017-08-31 00:00:00+00:00,-35.629999,-71.603888,170.0,open-meteo_ecmwf_ifs,daily,16.0715,0.8715,17.66,3.859,2.0096972,78.140915,0.0,18.97846340942455,1.8773190387296415
2017-09-01 00:00:00+00:00,-35.629999,-71.603888,170.0,open-meteo_ecmwf_ifs,daily,11.221499,7.2714996,2.09,6.5798326,4.4514084,83.68089,4.6,19.165437685172577,1.041912603918073
2017-09-02 00:00:00+00:00,-35.629999,-71.603888,170.0,open-meteo_ecmwf_ifs,daily,14.221499,6.1714997,14.77,6.4569154,2.6846848,80.81307,1.4,19.35341990205968,1.830800104915522
2017-09-03 00:00:00+00:00,-35.629999,-71.603888,170.0,open-meteo_ecmwf_ifs,daily,14.5715,1.9215,18.51,3.6777499,2.9888928,76.8003,0.0,19.54234280006061,2.019839065857678
2017-09-04 00:00:00+00:00,-35.629999,-71.603888,170.0,open-meteo_ecmwf_ifs,daily,15.8215,3.3215,18.95,4.867333,3.4491339,79.26868,0.0,19.73213871427569,2.2126086508164193
2017-09-05 00:00:00+00:00,-35.629999,-71.603888,170.0,open-meteo_ecmwf_ifs,daily,13.8715,3.8715,13.35,3.229833,2.5000799,70.28538,0.0,19.922739623545546,1.893782179644658
2017-09-06 00:00:00+00:00,-35.629999,-71.603888,170.0,open-meteo_ecmwf_ifs,daily,15.6715,3.7715,16.13,4.656916,2.5346174,75.15519,0.2,20.1140771997354,2.0603700719594356
2017-09-07 00:00:00+00:00,-35.629999,-71.603888,170.0,open-meteo_ecmwf_ifs,daily,14.3215,2.6715,18.5,4.0902495,2.2553508,75.98522,0.0,20.306082857592948,2.024765249223287
2017-09-08 00:00:00+00:00,-35.629999,-71.603888,170.0,open-meteo_ecmwf_ifs,daily,11.9215,5.1714997,9.94,4.5610833,2.5100796,74.95626,0.0,20.49868780508257,1.5269170403468921
2017-09-09 00:00:00+00:00,-35.629999,-71.603888,170.0,open-meteo_ecmwf_ifs,daily,10.8715,3.5215,13.37,3.0715,2.4030123,74.1777,1.1,20.691823094096364,1.6544418877684455
2017-09-10 00:00:00+00:00,-35.629999,-71.603888,170.0,open-meteo_ecmwf_ifs,daily,13.6215,2.2715,13.15,5.6506667,1.8035132,87.167305,5.9,20.88541967144208,1.4860910288024116
2017-09-11 00:00:00+00:00,-35.629999,-71.603888,170.0,open-meteo_ecmwf_ifs,daily,15.9215,3.5715,18.29,5.167333,3.7125044,76.54029,0.0,21.079408430006485,2.2770799811931166
2017-09-12 00:00:00+00:00,-35.629999,-71.603888,170.0,open-meteo_ecmwf_ifs,daily,16.921501,4.6215,18.94,6.5506663,2.298492,78.42507,0.0,21.273720259992107,2.2800513869096366
2017-09-13 00:00:00+00:00,-35.629999,-71.603888,170.0,open-meteo_ecmwf_ifs,daily,15.0215,7.5715,9.68,8.398582,2.1614802,83.64178,0.0,21.46828610012523,1.5268840862616637
2017-09-14 00:00:00+00:00,-35.629999,-71.603888,170.0,open-meteo_ecmwf_ifs,daily,13.3215,7.5715,7.6,6.469416,2.5819924,82.7767,2.0,21.663036988732163,1.524189921891194
2017-09-15 00:00:00+00:00,-35.629999,-71.603888,170.0,open-meteo_ecmwf_ifs,daily,17.8215,1.0715001,21.35,2.0548332,4.9014425,64.79069,0.0,21.857904114581675,2.9850146990212294
2017-09-16 00:00:00+00:00,-35.629999,-71.603888,170.0,open-meteo_ecmwf_ifs,daily,20.671501,2.7715,21.14,6.338167,2.6795464,76.73878,0.0,22.0528188673914,2.7162889534676338
2017-09-17 00:00:00+00:00,-35.629999,-71.603888,170.0,open-meteo_ecmwf_ifs,daily,21.5715,7.4214997,20.69,10.2965,1.6962298,83.43767,0.0,22.247712887896693,2.7558657224224454
2017-09-18 00:00:00+00:00,-35.629999,-71.603888,170.0,open-meteo_ecmwf_ifs,daily,17.8715,9.6715,9.47,10.725666,2.0914702,88.6448,0.1,22.442518117381805,1.6806201678971244
2017-09-19 00:00:00+00:00,-35.629999,-71.603888,170.0,open-meteo_ecmwf_ifs,daily,14.5715,9.4215,7.82,7.7235837,3.7435105,78.26017,0.4,22.637166846573887,1.8217537031831401
2017-09-20 00:00:00+00:00,-35.629999,-71.603888,170.0,open-meteo_ecmwf_ifs,daily,17.671501,8.1215,21.42,7.7256656,3.807759,77.31329,0.1,22.83159176380243,2.9802490393160164
2017-09-21 00:00:00+00:00,-35.629999,-71.603888,170.0,open-meteo_ecmwf_ifs,daily,16.671501,5.8215,19.17,5.7277493,3.3292491,70.95225,0.0,23.025726002328184,2.6848482544484344
2017-09-22 00:00:00+00:00,-35.629999,-71.603888,170.0,open-meteo_ecmwf_ifs,daily,20.8215,6.5214996,21.46,7.417333,4.8849683,73.55753,0.0,23.21950318674769,3.3818533283136425
2017-09-23 00:00:00+00:00,-35.629999,-71.603888,170.0,open-meteo_ecmwf_ifs,daily,20.9715,7.1714997,19.49,8.506916,2.8269494,77.506035,0.0,23.412857478382367,2.952987733820452
2017-09-24 00:00:00+00:00,-35.629999,-71.603888,170.0,open-meteo_ecmwf_ifs,daily,18.3715,6.9715,18.84,7.523584,3.1438925,73.59168,0.0,23.60572361956295,2.7604164971544494
2017-09-25 00:00:00+00:00,-35.629999,-71.603888,170.0,open-meteo_ecmwf_ifs,daily,16.0715,6.7714996,15.35,6.238167,4.2810845,73.20356,0.0,23.798036976723857,2.524136808583031
2017-09-26 00:00:00+00:00,-35.629999,-71.603888,170.0,open-meteo_ecmwf_ifs,daily,18.0715,5.8215,21.01,5.1756673,3.657768,66.91569,0.0,23.989733582224495,3.1419500081611855
2017-09-27 00:00:00+00:00,-35.629999,-71.603888,170.0,open-meteo_ecmwf_ifs,daily,19.921501,7.4214997,19.21,7.956917,2.3201053,74.49441,0.0,24.180750174818257,2.889667549191931
2017-09-28 00:00:00+00:00,-35.629999,-71.603888,170.0,open-meteo_ecmwf_ifs,daily,20.3215,8.3715,14.76,9.494415,2.4296913,77.79895,0.0,24.371024238693796,2.5012275489404328
2017-09-29 00:00:00+00:00,-35.629999,-71.603888,170.0,open-meteo_ecmwf_ifs,daily,15.0215,9.2715,6.33,8.9215,2.9862554,80.31118,10.5,24.56049404101651,1.4972491109150023
2017-09-30 00:00:00+00:00,-35.629999,-71.603888,170.0,open-meteo_ecmwf_ifs,daily,14.6215,8.2715,8.17,7.900667,4.78585,83.473564,47.600002,24.74909866790285,1.7895241927962144
2017-10-01 00:00:00+00:00,-35.629999,-71.603888,170.0,open-meteo_ecmwf_ifs,daily,14.1215,6.6714997,16.12,7.7360826,1.8073721,86.940605,2.6,24.936778058764165,2.0676157236203245
2017-10-02 00:00:00+00:00,-35.629999,-71.603888,170.0,open-meteo_ecmwf_ifs,daily,14.0715,4.8715,12.1,6.67775,1.688605,81.73955,0.0,25.12347303896108,1.7000447003767767
2017-10-03 00:00:00+00:00,-35.629999,-71.603888,170.0,open-meteo_ecmwf_ifs,daily,19.3215,8.3215,17.26,8.494416,2.2735548,77.134575,1.6000001,25.309125350714705,2.751292005848971
2017-10-04 00:00:00+00:00,-35.629999,-71.603888,170.0,open-meteo_ecmwf_ifs,daily,12.1715,9.9215,2.92,9.154832,5.8214393,88.55338,25.999998,25.49367768222526,1.0553267736114376
2017-10-05 00:00:00+00:00,-35.629999,-71.603888,170.0,open-meteo_ecmwf_ifs,daily,13.3215,8.3215,9.42,7.4464993,4.681863,82.80819,6.2,25.67707369495413,1.8051695922954123
2017-10-06 00:00:00+00:00,-35.629999,-71.603888,170.0,open-meteo_ecmwf_ifs,daily,20.2215,4.7714996,24.95,6.904833,3.6039238,74.49079,0.0,25.859258049030625,3.4171297802893768
2017-10-07 00:00:00+00:00,-35.629999,-71.603888,170.0,open-meteo_ecmwf_ifs,daily,19.2215,6.6714997,18.49,8.736083,2.6848164,81.47315,0.1,26.040176426749454,2.7142660191750143
2017-10-08 00:00:00+00:00,-35.629999,-71.603888,170.0,open-meteo_ecmwf_ifs,daily,18.3715,5.2714996,22.13,6.7152495,2.522332,72.47368,0.1,26.219775554131406,3.0151604690051386
2017-10-09 00:00:00+00:00,-35.629999,-71.603888,170.0,open-meteo_ecmwf_ifs,daily,16.9715,6.0715,25.42,5.4881663,5.2887616,70.51037,0.0,26.39800322052408,3.523487635505854
2017-10-10 00:00:00+00:00,-35.629999,-71.603888,170.0,open-meteo_ecmwf_ifs,daily,15.0215,4.6714997,21.19,2.6069164,4.2221346,62.009052,0.0,26.574808296226127,3.171471639067467
2017-10-11 00:00:00+00:00,-35.629999,-71.603888,170.0,open-meteo_ecmwf_ifs,daily,15.6215,4.5715,22.95,5.3277497,2.9985912,75.72125,0.2,26.75014074812351,2.9075091619041724
2017-10-12 00:00:00+00:00,-35.629999,-71.603888,170.0,open-meteo_ecmwf_ifs,daily,18.0715,4.7714996,20.35,7.1110835,1.5413094,79.2334,0.6,26.923951653332207,2.7373746459354154
2017-10-13 00:00:00+00:00,-35.629999,-71.603888,170.0,open-meteo_ecmwf_ifs,daily,20.921501,7.8715,26.11,9.015249,3.9413111,77.89883,0.0,27.096193210847524,3.804587663255218
2017-10-14 00:00:00+00:00,-35.629999,-71.603888,170.0,open-meteo_ecmwf_ifs,daily,22.0715,8.1215,24.94,10.448584,3.3110664,76.42579,0.0,27.266818751205932,3.6548600870291192
2017-10-15 00:00:00+00:00,-35.629999,-71.603888,170.0,open-meteo_ecmwf_ifs,daily,22.271502,11.3215,25.62,11.977749,3.2483683,77.90638,0.0,27.435782744170826,3.964483332858983
2017-10-16 00:00:00+00:00,-35.629999,-71.603888,170.0,open-meteo_ecmwf_ifs,daily,15.971499,9.4215,11.23,9.29025,4.1312695,81.693115,0.1,27.603040804459596,2.082839205339509
2017-10-17 00:00:00+00:00,-35.629999,-71.603888,170.0,open-meteo_ecmwf_ifs,daily,17.021502,8.971499,12.16,9.169416,2.0441744,80.98357,0.0,27.768549695534574,2.1228488089171647
2017-10-18 00:00:00+00:00,-35.629999,-71.603888,170.0,open-meteo_ecmwf_ifs,daily,18.271502,8.6715,18.48,7.3840003,2.376383,71.39528,1.1,27.932267331486372,3.0407873896643545
2017-10-19 00:00:00+00:00,-35.629999,-71.603888,170.0,open-meteo_ecmwf_ifs,daily,17.021502,6.1714997,19.68,5.500666,4.6101575,66.648994,0.0,28.09415277704308,3.185344006859838
2017-10-20 00:00:00+00:00,-35.629999,-71.603888,170.0,open-meteo_ecmwf_ifs,daily,17.3215,8.1715,20.75,4.55275,4.939237,61.225544,0.0,28.254166245744305,3.814230491568502
2017-10-21 00:00:00+00:00,-35.629999,-71.603888,170.0,open-meteo_ecmwf_ifs,daily,21.8715,5.3715,28.15,5.4610825,5.0716624,62.677494,0.0,28.412269096324195,4.48611366005114
2017-10-22 00:00:00+00:00,-35.629999,-71.603888,170.0,open-meteo_ecmwf_ifs,daily,23.2215,8.3215,26.18,9.221498,2.136319,70.995346,0.0,28.568423827352163,4.0641665961506614
2017-10-23 00:00:00+00:00,-35.629999,-71.603888,170.0,open-meteo_ecmwf_ifs,daily,22.021502,8.2715,26.33,7.3423333,2.5684364,63.788723,0.0,28.72259407018517,4.19031022511626
2017-10-24 00:00:00+00:00,-35.629999,-71.603888,170.0,open-meteo_ecmwf_ifs,daily,21.1215,11.6715,20.76,10.023583,3.211318,72.73571,0.0,28.874744580289747,3.7530408015416716
2017-10-25 00:00:00+00:00,-35.629999,-71.603888,170.0,open-meteo_ecmwf_ifs,daily,21.9715,8.3215,27.83,8.2839985,3.9870985,66.12319,0.0,29.024841226996184,4.404468355947178
2017-10-26 00:00:00+00:00,-35.629999,-71.603888,170.0,open-meteo_ecmwf_ifs,daily,21.3215,9.721499,26.04,7.563166,3.4025695,64.755226,0.0,29.172850981751598,4.39430501834835
2017-10-27 00:00:00+00:00,-35.629999,-71.603888,170.0,open-meteo_ecmwf_ifs,daily,23.1215,8.471499,27.3,8.573583,3.380933,67.413506,0.0,29.31874190494176,4.45289332908449
2017-10-28 00:00:00+00:00,-35.629999,-71.603888,170.0,open-meteo_ecmwf_ifs,daily,16.3215,8.9215,6.23,7.4173336,3.4387739,72.5667,5.7,29.462483131356134,1.9767515773529027
2017-10-29 00:00:00+00:00,-35.629999,-71.603888,170.0,open-meteo_ecmwf_ifs,daily,16.171501,6.4715,19.89,4.509,1.5763478,69.955536,0.0,29.604044854372273,2.9813758744305
2017-10-30 00:00:00+00:00,-35.629999,-71.603888,170.0,open-meteo_ecmwf_ifs,daily,19.3215,5.4214997,27.75,4.931916,2.0371978,64.679985,0.0,29.743398308940055,3.92342624515217
2017-10-31 00:00:00+00:00,-35.629999,-71.603888,170.0,open-meteo_ecmwf_ifs,daily,17.271502,7.3715,17.38,5.3235836,2.7026017,63.0283,0.1,29.880515753447717,3.056586332246285
2017-11-01 00:00:00+00:00,-35.629999,-71.603888,170.0,open-meteo_ecmwf_ifs,daily,13.2715,10.2715,5.02,9.017333,3.6002266,84.477844,16.5,30.015370450554087,1.3904976899251036
2017-11-02 00:00:00+00:00,-35.629999,-71.603888,170.0,open-meteo_ecmwf_ifs,daily,16.3215,7.6714997,19.92,7.186083,3.581177,76.49693,2.5,30.147936647073738,3.032448740996078
2017-11-03 00:00:00+00:00,-35.629999,-71.603888,170.0,open-meteo_ecmwf_ifs,daily,19.021502,6.4214997,28.75,6.615249,2.0796328,70.061165,0.0,30.2781895530023,3.9929929131544633
2017-11-04 00:00:00+00:00,-35.629999,-71.603888,170.0,open-meteo_ecmwf_ifs,daily,17.1215,8.2715,10.53,7.679833,2.6008236,73.60345,1.9000001,30.406105319771118,2.224259314320599
2017-11-05 00:00:00+00:00,-35.629999,-71.603888,170.0,open-meteo_ecmwf_ifs,daily,23.771502,10.721499,23.62,10.573583,2.123504,70.30668,2.7999997,30.53166101782066,4.087486452144236
2017-11-06 00:00:00+00:00,-35.629999,-71.603888,170.0,open-meteo_ecmwf_ifs,daily,20.8215,12.6215,12.11,13.600667,2.7216847,83.58003,0.2,30.65483461358238,2.3758042820291654
2017-11-07 00:00:00+00:00,-35.629999,-71.603888,170.0,open-meteo_ecmwf_ifs,daily,20.8215,11.1215,16.94,12.648583,2.021083,81.8255,0.70000005,30.775604945959003,2.859211176379211
2017-11-08 00:00:00+00:00,-35.629999,-71.603888,170.0,open-meteo_ecmwf_ifs,daily,23.021502,11.0715,25.9,12.536083,1.9909796,79.60741,1.6,30.8939517023923,4.119532194343333
2017-11-09 00:00:00+00:00,-35.629999,-71.603888,170.0,open-meteo_ecmwf_ifs,daily,23.8215,12.0715,27.95,11.527751,2.9629762,69.079155,0.0,31.009855394606944,4.757370085610697
2017-11-10 00:00:00+00:00,-35.629999,-71.603888,170.0,open-meteo_ecmwf_ifs,daily,25.521502,11.0215,30.88,11.094417,5.233828,68.14802,0.0,31.123297334117666,5.466949811268336
2017-11-11 00:00:00+00:00,-35.629999,-71.603888,170.0,open-meteo_ecmwf_ifs,daily,27.2215,11.1715,30.83,10.917333,4.7873816,63.283092,0.0,31.234259607585088,5.794914746939306
2017-11-12 00:00:00+00:00,-35.629999,-71.603888,170.0,open-meteo_ecmwf_ifs,daily,25.671501,11.4215,29.21,11.081916,3.5247765,64.25446,0.0,31.342725052104274,5.211207985751175
2017-11-13 00:00:00+00:00,-35.629999,-71.603888,170.0,open-meteo_ecmwf_ifs,daily,25.6215,14.4215,24.8,14.479832,2.7429695,76.67013,0.1,31.448677230507144,4.557628028553253
2017-11-14 00:00:00+00:00,-35.629999,-71.603888,170.0,open-meteo_ecmwf_ifs,daily,27.3715,13.0715,26.49,12.194417,3.0255601,68.81089,0.70000005,31.55210040675744,5.161758177636464
2017-11-15 00:00:00+00:00,-35.629999,-71.603888,170.0,open-meteo_ecmwf_ifs,daily,20.271502,10.6215,31.28,4.3631663,5.4878106,50.295273,0.0,31.652979521514183,5.754873456986212
2017-11-16 00:00:00+00:00,-35.629999,-71.603888,170.0,open-meteo_ecmwf_ifs,daily,22.921501,8.8715,30.99,5.5298343,5.526457,52.793186,0.0,31.751300167936037,5.711274380183205
2017-11-17 00:00:00+00:00,-35.629999,-71.603888,170.0,open-meteo_ecmwf_ifs,daily,21.2215,12.0715,27.31,5.5131664,6.4063497,55.6878,0.2,31.847048567795724,5.859217909041069
2017-11-18 00:00:00+00:00,-35.629999,-71.603888,170.0,open-meteo_ecmwf_ifs,daily,23.3715,7.2714996,31.56,3.894416,5.6987767,51.271793,0.0,31.94021154796953,5.852473441366528
2017-11-19 00:00:00+00:00,-35.629999,-71.603888,170.0,open-meteo_ecmwf_ifs,daily,25.171501,10.3715,31.07,8.2965,4.4248095,57.889027,0.0,32.030776517363314,5.751741837692456
2017-11-20 00:00:00+00:00,-35.629999,-71.603888,170.0,open-meteo_ecmwf_ifs,daily,22.8215,11.6215,29.17,5.7006664,3.413027,51.827374,0.0,32.11873144433215,5.523007595672196
2017-11-21 00:00:00+00:00,-35.629999,-71.603888,170.0,open-meteo_ecmwf_ifs,daily,27.0715,9.1215,32.4,4.2798333,5.2611146,47.109238,0.0,32.20406483464601,6.758821055372768
2017-11-22 00:00:00+00:00,-35.629999,-71.603888,170.0,open-meteo_ecmwf_ifs,daily,28.2215,9.8215,31.63,7.6860824,4.4326434,54.100986,0.0,32.28676571005012,6.320088646010504
2017-11-23 00:00:00+00:00,-35.629999,-71.603888,170.0,open-meteo_ecmwf_ifs,daily,26.9715,10.8715,31.89,6.7131658,4.7069716,50.006702,0.0,32.36682358746337,6.523831323358885
2017-11-24 00:00:00+00:00,-35.629999,-71.603888,170.0,open-meteo_ecmwf_ifs,daily,25.171501,10.0715,32.04,5.031916,3.2810986,46.861835,0.0,32.44422845885387,5.9492396823388045
2017-11-25 00:00:00+00:00,-35.629999,-71.603888,170.0,open-meteo_ecmwf_ifs,daily,28.8715,10.2715,32.47,6.2964993,4.7308536,47.559704,0.0,32.51897077182602,6.864112773997014
2017-11-26 00:00:00+00:00,-35.629999,-71.603888,170.0,open-meteo_ecmwf_ifs,daily,27.8715,13.6715,30.81,12.048583,2.481423,60.33273,0.0,32.591041410948804,5.7569676423176634
2017-11-27 00:00:00+00:00,-35.629999,-71.603888,170.0,open-meteo_ecmwf_ifs,daily,30.5715,13.1215,30.96,10.281915,2.6779797,52.88754,0.0,32.66043167985034,6.246580509265619
2017-11-28 00:00:00+00:00,-35.629999,-71.603888,170.0,open-meteo_ecmwf_ifs,daily,25.2215,12.971499,31.91,7.9006667,3.8459866,48.532455,0.0,32.72713328409934,6.224440534445452
2017-11-29 00:00:00+00:00,-35.629999,-71.603888,170.0,open-meteo_ecmwf_ifs,daily,25.8215,10.6215,31.96,8.529833,1.6174088,59.485943,0.0,32.791138314889395,5.378220842261135
2017-11-30 00:00:00+00:00,-35.629999,-71.603888,170.0,open-meteo_ecmwf_ifs,daily,22.921501,12.7715,21.93,9.119416,4.1268053,59.24446,0.0,32.85243923353839,4.745219497286601
2017-12-01 00:00:00+00:00,-35.629999,-71.603888,170.0,open-meteo_ecmwf_ifs,daily,26.5715,12.9215,29.84,9.200665,2.4355872,54.02403,0.0,32.91102885681044,5.650445351570971
2017-12-02 00:00:00+00:00,-35.629999,-71.603888,170.0,open-meteo_ecmwf_ifs,daily,25.2215,13.5215,24.81,10.400665,2.993851,57.634823,0.0,32.96690034306469,5.034344277971459
2017-12-03 00:00:00+00:00,-35.629999,-71.603888,170.0,open-meteo_ecmwf_ifs,daily,25.5715,12.8215,27.54,9.979834,1.8332921,62.035786,0.0,33.02004717923117,5.037507836597056
2017-12-04 00:00:00+00:00,-35.629999,-71.603888,170.0,open-meteo_ecmwf_ifs,daily,28.5715,13.3715,25.67,11.2715,2.1287649,59.686054,0.0,33.07046316861084,5.1664808885394775
2017-12-05 00:00:00+00:00,-35.629999,-71.603888,170.0,open-meteo_ecmwf_ifs,daily,28.0715,13.6215,31.66,11.511083,2.9161417,59.390137,0.0,33.118142419494106,6.065818112616605
2017-12-06 00:00:00+00:00,-35.629999,-71.603888,170.0,open-meteo_ecmwf_ifs,daily,27.8715,12.9215,30.23,11.4215,1.4373875,61.688507,0.0,33.16307933458884,5.4100032478419955
2017-12-07 00:00:00+00:00,-35.629999,-71.603888,170.0,open-meteo_ecmwf_ifs,daily,29.8715,15.5715,32.57,11.923583,2.6731281,56.104366,0.0,33.20526860124732,6.5536572264514765
2017-12-08 00:00:00+00:00,-35.629999,-71.603888,170.0,open-meteo_ecmwf_ifs,daily,28.171501,13.721499,32.06,11.036083,2.4011533,55.87987,0.0,33.24470518247902,6.052712096896606
2017-12-09 00:00:00+00:00,-35.629999,-71.603888,170.0,open-meteo_ecmwf_ifs,daily,29.6215,13.6715,32.87,8.661082,3.720395,49.18425,0.0,33.28138430873483,6.988045904397738
2017-12-10 00:00:00+00:00,-35.629999,-71.603888,170.0,open-meteo_ecmwf_ifs,daily,31.921501,14.6215,32.17,9.638165,4.4207397,43.92981,0.0,33.31530147044687,7.564122747517832
2017-12-11 00:00:00+00:00,-35.629999,-71.603888,170.0,open-meteo_ecmwf_ifs,daily,26.5715,14.5715,30.85,12.236084,4.4380813,59.674145,0.0,33.34645241130739,6.109846029367417
2017-12-12 00:00:00+00:00,-35.629999,-71.603888,170.0,open-meteo_ecmwf_ifs,daily,20.9715,15.221499,10.96,11.517333,3.5931966,68.10872,0.4,33.37483312226973,3.16216599005057
2017-12-13 00:00:00+00:00,-35.629999,-71.603888,170.0,open-meteo_ecmwf_ifs,daily,25.771502,15.1215,26.52,10.917333,1.9848362,60.709957,0.0,33.40043983625405,5.162658161321796
2017-12-14 00:00:00+00:00,-35.629999,-71.603888,170.0,open-meteo_ecmwf_ifs,daily,29.8215,14.221499,32.4,11.081917,5.509578,55.091587,0.0,33.42326902354119,7.257520235680353
2017-12-15 00:00:00+00:00,-35.629999,-71.603888,170.0,open-meteo_ecmwf_ifs,daily,31.2215,15.721499,33.33,9.969417,5.699597,47.31871,0.0,33.44331738783805,8.180089605139928
2017-12-16 00:00:00+00:00,-35.629999,-71.603888,170.0,open-meteo_ecmwf_ifs,daily,26.3215,13.971499,24.75,10.809001,3.5643272,59.8726,0.0,33.46058186299931,5.355216630961788
2017-12-17 00:00:00+00:00,-35.629999,-71.603888,170.0,open-meteo_ecmwf_ifs,daily,28.0715,10.0215,33.69,4.767333,4.713958,44.61391,0.0,33.47505961039131,7.049559178220174
2017-12-18 00:00:00+00:00,-35.629999,-71.603888,170.0,open-meteo_ecmwf_ifs,daily,27.921501,12.1215,30.45,6.865249,3.343075,45.625317,0.0,33.486748016885436,6.334068505288335
2017-12-19 00:00:00+00:00,-35.629999,-71.603888,170.0,open-meteo_ecmwf_ifs,daily,30.9715,13.221499,33.55,7.96525,3.3023474,45.412964,0.0,33.49564469346986,7.103353018882852
2017-12-20 00:00:00+00:00,-35.629999,-71.603888,170.0,open-meteo_ecmwf_ifs,daily,29.771502,14.8715,33.15,8.725667,4.157367,45.143047,0.0,33.50174747447102,7.391380318681274
2017-12-21 00:00:00+00:00,-35.629999,-71.603888,170.0,open-meteo_ecmwf_ifs,daily,29.171501,14.4215,33.62,7.938166,4.955338,48.631832,0.0,33.50505441737749,7.650297142493763
2017-12-22 00:00:00+00:00,-35.629999,-71.603888,170.0,open-meteo_ecmwf_ifs,daily,27.6215,12.4215,33.44,4.204833,5.2960725,37.501812,0.0,33.505563803261865,7.616840511538409
2017-12-23 00:00:00+00:00,-35.629999,-71.603888,170.0,open-meteo_ecmwf_ifs,daily,27.6215,9.971499,34.11,2.8319168,5.4138813,37.34257,0.0,33.50327413779824,7.453931943844861
2017-12-24 00:00:00+00:00,-35.629999,-71.603888,170.0,open-meteo_ecmwf_ifs,daily,29.271502,11.221499,33.75,4.5339994,4.65638,40.032856,0.0,33.49818415287503,7.453045201748142
2017-12-25 00:00:00+00:00,-35.629999,-71.603888,170.0,open-meteo_ecmwf_ifs,daily,31.771502,14.7715,32.77,10.509,4.762078,48.933502,0.0,33.490292808805684,7.645069844742042
2017-12-26 00:00:00+00:00,-35.629999,-71.603888,170.0,open-meteo_ecmwf_ifs,daily,28.9715,15.721499,31.59,11.173583,4.2884345,51.976437,0.0,33.47959929714205,6.950013461827251
2017-12-27 00:00:00+00:00,-35.629999,-71.603888,170.0,open-meteo_ecmwf_ifs,daily,29.8715,14.2715,32.89,9.038165,3.4975176,46.855534,0.0,33.466103044096805,7.002587243851182
2017-12-28 00:00:00+00:00,-35.629999,-71.603888,170.0,open-meteo_ecmwf_ifs,daily,32.171497,13.6715,33.24,9.711083,4.696403,48.224606,0.0,33.44980371458443,7.66111603600099
2017-12-29 00:00:00+00:00,-35.629999,-71.603888,170.0,open-meteo_ecmwf_ifs,daily,31.7215,16.1215,32.91,11.477749,4.365378,52.916977,0.0,33.43070121689129,7.603962489842038
2017-12-30 00:00:00+00:00,-35.629999,-71.603888,170.0,open-meteo_ecmwf_ifs,daily,26.4715,14.3715,21.5,13.073583,4.0391593,62.83165,0.0,33.40879570798771,4.806912578658903
2017-12-31 00:00:00+00:00,-35.629999,-71.603888,170.0,open-meteo_ecmwf_ifs,daily,28.8215,15.7715,30.54,9.073584,3.1854413,46.05373,0.1,33.38408759949582,6.666941094510045
2018-01-01 00:00:00+00:00,-35.629999,-71.603888,170.0,open-meteo_ecmwf_ifs,daily,29.7215,13.3215,31.95,5.7027497,3.2881362,39.94563,0.0,33.35657756432903,6.948243809963344
2018-01-02 00:00:00+00:00,-35.629999,-71.603888,170.0,open-meteo_ecmwf_ifs,daily,28.6215,13.4215,32.26,5.4277496,3.364519,39.99605,0.0,33.326266544018836,6.909268527016912
2018-01-03 00:00:00+00:00,-35.629999,-71.603888,170.0,open-meteo_ecmwf_ifs,daily,29.8215,15.0715,29.79,12.044415,3.9100358,56.44202,0.0,33.29315575674632,6.529765798817277
2018-01-04 00:00:00+00:00,-35.629999,-71.603888,170.0,open-meteo_ecmwf_ifs,daily,25.8715,15.721499,14.1,13.604833,2.758952,66.81803,0.3,33.25724670609506,3.647925991283422
2018-01-05 00:00:00+00:00,-35.629999,-71.603888,170.0,open-meteo_ecmwf_ifs,daily,26.671501,11.7715,32.89,7.7256656,4.979652,53.575253,0.0,33.21854119054278,6.689369661990626
2018-01-06 00:00:00+00:00,-35.629999,-71.603888,170.0,open-meteo_ecmwf_ifs,daily,31.521502,12.8215,32.8,6.27775,6.6561127,40.503155,0.0,33.177041313707946,8.51822220003727
2018-01-07 00:00:00+00:00,-35.629999,-71.603888,170.0,open-meteo_ecmwf_ifs,daily,32.6215,16.0215,31.99,12.388167,3.843798,52.578156,0.0,33.13274949536722,7.295483920647684
2018-01-08 00:00:00+00:00,-35.629999,-71.603888,170.0,open-meteo_ecmwf_ifs,daily,30.8715,15.6215,27.95,13.211085,4.9318595,59.66302,0.0,33.08566848325796,6.681479533111502
2018-01-09 00:00:00+00:00,-35.629999,-71.603888,170.0,open-meteo_ecmwf_ifs,daily,30.8715,16.1215,29.93,13.821502,2.0379663,60.1779,0.0,33.035801365678644,6.019183022717682
2018-01-10 00:00:00+00:00,-35.629999,-71.603888,170.0,open-meteo_ecmwf_ifs,daily,32.7715,18.171501,30.75,13.400665,2.6475027,51.3551,0.0,32.98315158489778,6.8436317754562666
2018-01-11 00:00:00+00:00,-35.629999,-71.603888,170.0,open-meteo_ecmwf_ifs,daily,32.8715,16.8715,32.0,12.286083,1.7935691,48.411823,0.0,32.92772295137995,6.522772926654897
2018-01-12 00:00:00+00:00,-35.629999,-71.603888,170.0,open-meteo_ecmwf_ifs,daily,31.4715,16.8215,32.21,10.469418,2.5832403,45.33684,0.0,32.8695196588342,6.890385623466394
2018-01-13 00:00:00+00:00,-35.629999,-71.603888,170.0,open-meteo_ecmwf_ifs,daily,28.271502,15.0215,29.48,7.4652495,3.0998642,40.870804,0.0,32.80854630008762,6.451812011858329
2018-01-14 00:00:00+00:00,-35.629999,-71.603888,170.0,open-meteo_ecmwf_ifs,daily,28.021502,16.0715,25.91,11.784,2.2626884,54.43832,0.3,32.74480788378299,5.412976681764638
2018-01-15 00:00:00+00:00,-35.629999,-71.603888,170.0,open-meteo_ecmwf_ifs,daily,22.021502,15.721499,11.1,12.398582,3.1298246,67.74301,0.4,32.67830985189631,3.103070187869175
2018-01-16 00:00:00+00:00,-35.629999,-71.603888,170.0,open-meteo_ecmwf_ifs,daily,26.671501,13.9215,26.05,11.231915,1.5508164,59.714508,0.0,32.60905809806523,4.874619046403813
2018-01-17 00:00:00+00:00,-35.629999,-71.603888,170.0,open-meteo_ecmwf_ifs,daily,29.3715,14.3215,32.37,8.706916,4.8587737,46.699665,0.0,32.53705898671621,7.341906285270152
2018-01-18 00:00:00+00:00,-35.629999,-71.603888,170.0,open-meteo_ecmwf_ifs,daily,31.671501,14.3715,31.4,10.763165,3.9336069,50.607758,0.0,32.46231937297304,7.019976835853214
2018-01-19 00:00:00+00:00,-35.629999,-71.603888,170.0,open-meteo_ecmwf_ifs,daily,31.8715,16.5715,30.73,12.086082,3.535302,48.36873,0.0,32.38484662332534,6.986145430626479
2018-01-20 00:00:00+00:00,-35.629999,-71.603888,170.0,open-meteo_ecmwf_ifs,daily,28.8215,16.671501,23.45,14.029834,2.6752713,62.81848,0.0,32.30464863703073,5.165323723002169
2018-01-21 00:00:00+00:00,-35.629999,-71.603888,170.0,open-meteo_ecmwf_ifs,daily,26.521502,16.521502,17.99,14.073585,2.0671322,64.89528,0.1,32.22173386821974,4.002578744786441
2018-01-22 00:00:00+00:00,-35.629999,-71.603888,170.0,open-meteo_ecmwf_ifs,daily,28.171501,16.8215,19.21,14.37775,2.326971,66.41705,0.0,32.136111348667626,4.4080923769929905
2018-01-23 00:00:00+00:00,-35.629999,-71.603888,170.0,open-meteo_ecmwf_ifs,daily,28.4715,15.3715,28.4,12.969418,1.601389,60.523655,0.0,32.04779071119253,5.3562352247048395
2018-01-24 00:00:00+00:00,-35.629999,-71.603888,170.0,open-meteo_ecmwf_ifs,daily,30.421501,15.3715,30.81,10.879833,2.0601966,49.510166,0.0,31.956782213634447,6.118194848990694
2018-01-25 00:00:00+00:00,-35.629999,-71.603888,170.0,open-meteo_ecmwf_ifs,daily,29.8715,14.7715,30.96,10.029834,1.791664,48.341457,0.0,31.86309676336501,5.936975228339498
2018-01-26 00:00:00+00:00,-35.629999,-71.603888,170.0,open-meteo_ecmwf_ifs,daily,27.3215,13.3715,31.08,8.9215,1.9048653,51.11319,0.0,31.7667459422731,5.677600891336881
2018-01-27 00:00:00+00:00,-35.629999,-71.603888,170.0,open-meteo_ecmwf_ifs,daily,29.3215,14.0215,31.62,6.0131664,5.223195,40.31846,0.0,31.66774203216697,7.647742676577559
2018-01-28 00:00:00+00:00,-35.629999,-71.603888,170.0,open-meteo_ecmwf_ifs,daily,31.0715,13.471499,31.69,6.0152497,5.1477685,39.2623,0.0,31.566098040529287,7.8181891792936575
2018-01-29 00:00:00+00:00,-35.629999,-71.603888,170.0,open-meteo_ecmwf_ifs,daily,30.1215,13.8215,31.22,7.80275,2.7092066,43.17162,0.0,31.461827726556972,6.415613039742034
2018-01-30 00:00:00+00:00,-35.629999,-71.603888,170.0,open-meteo_ecmwf_ifs,daily,30.421501,13.8715,30.91,9.004833,4.0196757,49.918034,0.0,31.35494562741421,6.873847292891413
2018-01-31 00:00:00+00:00,-35.629999,-71.603888,170.0,open-meteo_ecmwf_ifs,daily,32.421497,13.9215,30.84,6.3839993,3.9619749,37.87943,0.0,31.245467084622955,7.394581153046448
2018-02-01 00:00:00+00:00,-35.629999,-71.603888,170.0,open-meteo_ecmwf_ifs,daily,32.8215,16.3715,30.43,9.477751,1.8903832,39.292515,0.0,31.13340827051205,6.278766247190701
2018-02-02 00:00:00+00:00,-35.629999,-71.603888,170.0,open-meteo_ecmwf_ifs,daily,29.7215,16.271502,29.12,13.165249,2.9103355,55.71655,0.0,31.018786214642887,6.0273659580935925
2018-02-03 00:00:00+00:00,-35.629999,-71.603888,170.0,open-meteo_ecmwf_ifs,daily,30.7215,17.2215,29.2,14.517335,1.8895503,58.3838,0.0,30.901618830126672,5.788899824892124
2018-02-04 00:00:00+00:00,-35.629999,-71.603888,170.0,open-meteo_ecmwf_ifs,daily,31.771502,17.9715,28.52,13.902751,2.2326086,55.131817,0.0,30.78192493974612,6.049861692195104
2018-02-05 00:00:00+00:00,-35.629999,-71.603888,170.0,open-meteo_ecmwf_ifs,daily,28.421501,16.8215,23.18,12.386083,3.0178013,54.282253,0.0,30.65972430179191,5.334324293867512
2018-02-06 00:00:00+00:00,-35.629999,-71.603888,170.0,open-meteo_ecmwf_ifs,daily,29.521502,17.021502,28.43,12.838166,2.195487,56.71345,0.0,30.535037635523107,5.745409426470569
2018-02-07 00:00:00+00:00,-35.629999,-71.603888,170.0,open-meteo_ecmwf_ifs,daily,29.421501,15.0715,29.39,10.394416,3.3731966,50.02164,0.0,30.4078866461588,6.275889462556375
2018-02-08 00:00:00+00:00,-35.629999,-71.603888,170.0,open-meteo_ecmwf_ifs,daily,28.5715,15.3715,29.07,9.381917,4.213567,47.257633,0.0,30.278294049307576,6.589260534772577
2018-02-09 00:00:00+00:00,-35.629999,-71.603888,170.0,open-meteo_ecmwf_ifs,daily,26.421501,13.0215,30.05,5.2923336,6.4887033,41.94322,0.0,30.146283594741053,7.23476957949411
2018-02-10 00:00:00+00:00,-35.629999,-71.603888,170.0,open-meteo_ecmwf_ifs,daily,26.0715,11.5715,24.89,3.3006666,6.321848,39.96825,0.0,30.011880089416923,6.748192860446544
2018-02-11 00:00:00+00:00,-35.629999,-71.603888,170.0,open-meteo_ecmwf_ifs,daily,29.8215,11.1715,30.06,3.9069173,4.039536,38.84965,0.0,29.87510941965819,6.740096531178979
2018-02-12 00:00:00+00:00,-35.629999,-71.603888,170.0,open-meteo_ecmwf_ifs,daily,32.9715,14.3215,29.37,6.019417,3.9104795,36.87062,0.0,29.735998572394774,7.261646893712408
2018-02-13 00:00:00+00:00,-35.629999,-71.603888,170.0,open-meteo_ecmwf_ifs,daily,31.421501,15.5715,28.57,9.906916,2.9007413,44.344654,0.0,29.59457565537588,6.274191066989735
2018-02-14 00:00:00+00:00,-35.629999,-71.603888,170.0,open-meteo_ecmwf_ifs,daily,29.771502,14.6215,27.79,12.611083,2.3203561,61.467407,0.0,29.4508699162619,5.427271742155033
2018-02-15 00:00:00+00:00,-35.629999,-71.603888,170.0,open-meteo_ecmwf_ifs,daily,30.5715,15.3215,28.03,12.227752,1.6908683,54.45981,0.0,29.304911760507384,5.365527672215499
2018-02-16 00:00:00+00:00,-35.629999,-71.603888,170.0,open-meteo_ecmwf_ifs,daily,33.1215,15.7715,27.9,12.015248,2.9486196,51.229343,0.0,29.156732767948103,6.238589596460431
2018-02-17 00:00:00+00:00,-35.629999,-71.603888,170.0,open-meteo_ecmwf_ifs,daily,32.4715,16.4715,27.9,10.117333,3.888646,44.821835,0.0,29.00636570800827,6.883467359911577
2018-02-18 00:00:00+00:00,-35.629999,-71.603888,170.0,open-meteo_ecmwf_ifs,daily,29.3215,18.271502,23.9,12.021501,2.3583167,51.301254,0.1,28.85384455344674,5.325078979657671
2018-02-19 00:00:00+00:00,-35.629999,-71.603888,170.0,open-meteo_ecmwf_ifs,daily,29.2215,16.0215,23.69,11.834001,2.0869544,54.774487,0.1,28.699204492564213,4.945277824053877
2018-02-20 00:00:00+00:00,-35.629999,-71.603888,170.0,open-meteo_ecmwf_ifs,daily,27.3215,14.8715,23.97,12.363166,1.6393696,64.671936,3.3,28.542481939797277,4.486208687995137
2018-02-21 00:00:00+00:00,-35.629999,-71.603888,170.0,open-meteo_ecmwf_ifs,daily,30.171501,15.5715,26.99,11.961082,3.207308,55.786575,0.0,28.38371454462894,5.807509711066423
2018-02-22 00:00:00+00:00,-35.629999,-71.603888,170.0,open-meteo_ecmwf_ifs,daily,30.3215,14.471499,27.15,9.048583,3.1860979,47.14522,0.0,28.2229411987493,5.969153283966304
2018-02-23 00:00:00+00:00,-35.629999,-71.603888,170.0,open-meteo_ecmwf_ifs,daily,27.021502,16.8715,22.2,14.444416,2.557562,66.19916,2.3,28.060202041404956,4.527593751184754
2018-02-24 00:00:00+00:00,-35.629999,-71.603888,170.0,open-meteo_ecmwf_ifs,daily,28.921501,15.2715,24.99,12.461082,2.0940034,59.19517,0.0,27.895538462879994,4.901876239239893
2018-02-25 00:00:00+00:00,-35.629999,-71.603888,170.0,open-meteo_ecmwf_ifs,daily,29.1215,14.3215,25.44,13.075665,1.3547759,64.7627,0.0,27.72899310605673,4.573283014989771
2018-02-26 00:00:00+00:00,-35.629999,-71.603888,170.0,open-meteo_ecmwf_ifs,daily,30.6215,15.721499,25.87,11.413167,2.5117857,51.482624,0.0,27.56060986600922,5.446000198592176
2018-02-27 00:00:00+00:00,-35.629999,-71.603888,170.0,open-meteo_ecmwf_ifs,daily,27.6215,16.421501,23.99,12.873584,2.0402548,60.607815,0.0,27.390433887588436,4.689548702341519
2018-02-28 00:00:00+00:00,-35.629999,-71.603888,170.0,open-meteo_ecmwf_ifs,daily,29.1215,14.4215,25.35,12.273582,1.8224438,60.364063,0.0,27.2185115609629,4.741121651664001
2018-03-01 00:00:00+00:00,-35.629999,-71.603888,170.0,open-meteo_ecmwf_ifs,daily,31.2215,15.471499,25.87,11.663166,2.287516,54.465652,0.0,27.04489051508483,5.314922328835701
2018-03-02 00:00:00+00:00,-35.629999,-71.603888,170.0,open-meteo_ecmwf_ifs,daily,30.921501,15.5215,25.44,12.04025,1.953004,54.09847,0.0,26.869619609057338,5.045504809305585
2018-03-03 00:00:00+00:00,-35.629999,-71.603888,170.0,open-meteo_ecmwf_ifs,daily,28.3215,14.7715,24.99,11.769417,1.6668901,58.702038,0.0,26.692748921384307,4.58592692567318
2018-03-04 00:00:00+00:00,-35.629999,-71.603888,170.0,open-meteo_ecmwf_ifs,daily,28.5715,14.1715,25.15,9.921499,3.8721058,53.715794,0.0,26.514329737090346,5.572969021252739
2018-03-05 00:00:00+00:00,-35.629999,-71.603888,170.0,open-meteo_ecmwf_ifs,daily,30.9715,12.971499,25.82,4.523583,4.8947635,37.030025,0.0,26.334414532704688,6.871661098543619
2018-03-06 00:00:00+00:00,-35.629999,-71.603888,170.0,open-meteo_ecmwf_ifs,daily,30.6215,13.0215,25.21,7.6298327,2.336918,43.97731,0.0,26.153056959108557,5.141757003954297
2018-03-07 00:00:00+00:00,-35.629999,-71.603888,170.0,open-meteo_ecmwf_ifs,daily,26.171501,14.1715,23.72,11.863167,2.9744189,62.961517,0.0,25.97031182225184,4.55024053644955
2018-03-08 00:00:00+00:00,-35.629999,-71.603888,170.0,open-meteo_ecmwf_ifs,daily,27.6215,13.2715,23.89,12.550667,2.3444977,67.26664,0.0,25.786235061751064,4.371477055559652
2018-03-09 00:00:00+00:00,-35.629999,-71.603888,170.0,open-meteo_ecmwf_ifs,daily,25.8215,12.8715,22.86,11.390251,2.5304947,65.57377,0.0,25.60088372738656,4.1787946039273285
2018-03-10 00:00:00+00:00,-35.629999,-71.603888,170.0,open-meteo_ecmwf_ifs,daily,23.7215,14.1215,22.51,9.017333,3.6888425,59.68637,0.1,25.41431595352285,4.643914275083451
2018-03-11 00:00:00+00:00,-35.629999,-71.603888,170.0,open-meteo_ecmwf_ifs,daily,26.671501,11.1715,24.67,3.4485834,5.8487287,40.279858,0.0,25.226590931482182,6.284710514217561
2018-03-12 00:00:00+00:00,-35.629999,-71.603888,170.0,open-meteo_ecmwf_ifs,daily,25.3715,12.1715,23.54,9.567334,4.9341288,61.038807,0.0,25.037768879906942,4.9023580811198455
2018-03-13 00:00:00+00:00,-35.629999,-71.603888,170.0,open-meteo_ecmwf_ifs,daily,24.921501,10.0215,24.62,2.917333,4.9834914,42.30871,0.0,24.847911013152537,5.559819058101698
2018-03-14 00:00:00+00:00,-35.629999,-71.603888,170.0,open-meteo_ecmwf_ifs,daily,22.271502,10.0215,19.36,6.5173335,3.0588207,56.151157,0.0,24.65707950775774,3.7670163745599066
2018-03-15 00:00:00+00:00,-35.629999,-71.603888,170.0,open-meteo_ecmwf_ifs,daily,26.1215,10.5215,23.17,8.663165,3.5486434,64.7683,0.0,24.465337467045213,4.475018964372952
2018-03-16 00:00:00+00:00,-35.629999,-71.603888,170.0,open-meteo_ecmwf_ifs,daily,25.3715,9.6715,23.6,5.1027503,3.128945,50.05629,0.0,24.272748883909884,4.534865913515721
2018-03-17 00:00:00+00:00,-35.629999,-71.603888,170.0,open-meteo_ecmwf_ifs,daily,17.771502,13.221499,5.48,11.594417,4.358175,80.513466,28.6,24.07937860185827,1.8702921126915866
2018-03-18 00:00:00+00:00,-35.629999,-71.603888,170.0,open-meteo_ecmwf_ifs,daily,21.3215,7.9715,22.63,7.8589993,3.4384034,72.73498,0.0,23.885292274366574,3.53007867701452
2018-03-19 00:00:00+00:00,-35.629999,-71.603888,170.0,open-meteo_ecmwf_ifs,daily,21.3715,8.6715,21.83,7.1985836,2.6352403,63.992535,0.0,23.690556322630034,3.4733362115787565
2018-03-20 00:00:00+00:00,-35.629999,-71.603888,170.0,open-meteo_ecmwf_ifs,daily,24.6215,9.8715,21.92,9.904834,2.9564493,69.04167,0.0,23.4952378917807,3.7316185824030206
2018-03-21 00:00:00+00:00,-35.629999,-71.603888,170.0,open-meteo_ecmwf_ifs,daily,25.771502,10.8715,22.06,11.015251,1.9161156,71.223045,0.0,23.299404805654703,3.594980177515488
2018-03-22 00:00:00+00:00,-35.629999,-71.603888,170.0,open-meteo_ecmwf_ifs,daily,24.8715,12.721499,18.37,8.411084,2.5029852,57.898853,0.0,23.1031255201944,3.7485037882090726
2018-03-23 00:00:00+00:00,-35.629999,-71.603888,170.0,open-meteo_ecmwf_ifs,daily,23.3215,15.1715,15.56,12.748584,3.2701805,72.21257,3.3,22.906469075574332,3.30945002999356
2018-03-24 00:00:00+00:00,-35.629999,-71.603888,170.0,open-meteo_ecmwf_ifs,daily,21.671501,10.5715,22.31,6.413166,5.8054066,56.103455,0.1,22.70950504714321,4.533679032163799
2018-03-25 00:00:00+00:00,-35.629999,-71.603888,170.0,open-meteo_ecmwf_ifs,daily,24.8715,7.8215,21.71,5.717333,4.210958,58.631557,0.0,22.51230349527776,4.268296763205315
2018-03-26 00:00:00+00:00,-35.629999,-71.603888,170.0,open-meteo_ecmwf_ifs,daily,23.421501,11.1215,19.58,8.215251,3.180338,60.842632,0.0,22.314934914246663,3.72303669292637
2018-03-27 00:00:00+00:00,-35.629999,-71.603888,170.0,open-meteo_ecmwf_ifs,daily,25.7215,11.1715,19.8,9.879834,3.258274,67.125275,0.0,22.117470180185713,3.8199653899719213
2018-03-28 00:00:00+00:00,-35.629999,-71.603888,170.0,open-meteo_ecmwf_ifs,daily,28.0715,12.0215,20.08,9.215251,3.896045,59.290302,0.0,21.919980498287526,4.526536388020469
2018-03-29 00:00:00+00:00,-35.629999,-71.603888,170.0,open-meteo_ecmwf_ifs,daily,28.8715,15.1215,20.01,12.117333,5.1750035,62.615658,0.0,21.722537349311107,5.0671079030603465
2018-03-30 00:00:00+00:00,-35.629999,-71.603888,170.0,open-meteo_ecmwf_ifs,daily,27.6215,13.6715,20.1,8.650667,6.2526364,49.49053,0.0,21.52521243551819,5.599912917343524
2018-03-31 00:00:00+00:00,-35.629999,-71.603888,170.0,open-meteo_ecmwf_ifs,daily,21.3715,14.6215,12.48,11.950665,2.6908119,70.12867,0.0,21.32807762614494,2.6517066725292797
2018-04-01 00:00:00+00:00,-35.629999,-71.603888,170.0,open-meteo_ecmwf_ifs,daily,25.3715,11.7715,16.41,10.546499,1.9701333,66.00338,0.0,21.131204902518217,3.016520472157732
2018-04-02 00:00:00+00:00,-35.629999,-71.603888,170.0,open-meteo_ecmwf_ifs,daily,26.4715,12.4215,19.29,10.898582,1.7752405,62.876297,0.0,20.93466630292684,3.2846912264653785
2018-04-03 00:00:00+00:00,-35.629999,-71.603888,170.0,open-meteo_ecmwf_ifs,daily,25.6215,11.6215,18.25,11.411083,1.4902158,69.781,0.0,20.738533867358267,2.931070148321415
2018-04-04 00:00:00+00:00,-35.629999,-71.603888,170.0,open-meteo_ecmwf_ifs,daily,24.8715,12.6215,16.45,12.711082,2.5947168,75.402336,0.3,20.54287958221182,2.9723878149749408
2018-04-05 00:00:00+00:00,-35.629999,-71.603888,170.0,open-meteo_ecmwf_ifs,daily,17.9715,11.5215,10.29,7.181917,5.2671885,63.56618,1.3000001,20.3477753250988,3.0109275467553305
2018-04-06 00:00:00+00:00,-35.629999,-71.603888,170.0,open-meteo_ecmwf_ifs,daily,17.9715,7.5715,13.06,5.0360837,2.477896,59.429302,1.2,20.15329280983985,2.379485752265674
2018-04-07 00:00:00+00:00,-35.629999,-71.603888,170.0,open-meteo_ecmwf_ifs,daily,20.671501,7.5214996,12.66,7.9048333,2.2695568,73.692345,0.9,19.959503531769016,2.2285816250891135
2018-04-08 00:00:00+00:00,-35.629999,-71.603888,170.0,open-meteo_ecmwf_ifs,daily,23.8215,7.9715,18.34,8.138165,1.7843581,67.3801,0.0,19.766478713452827,2.741835967683937
2018-04-09 00:00:00+00:00,-35.629999,-71.603888,170.0,open-meteo_ecmwf_ifs,daily,22.021502,9.2715,15.69,9.756917,3.4654238,70.91453,1.2,19.574289250931482,2.7243061385283354
2018-04-10 00:00:00+00:00,-35.629999,-71.603888,170.0,open-meteo_ecmwf_ifs,daily,19.0715,12.971499,6.69,11.925667,5.130765,81.8012,12.600001,19.383005660587692,2.0369675072222715
2018-04-11 00:00:00+00:00,-35.629999,-71.603888,170.0,open-meteo_ecmwf_ifs,daily,14.721499,10.971499,2.1,12.246499,4.8203754,90.34609,35.000004,19.19269802674655,0.624587210771629
2018-04-12 00:00:00+00:00,-35.629999,-71.603888,170.0,open-meteo_ecmwf_ifs,daily,18.771502,6.3715,17.85,5.7048335,3.988638,71.43237,0.0,19.003435950108052,2.7543731005574266
2018-04-13 00:00:00+00:00,-35.629999,-71.603888,170.0,open-meteo_ecmwf_ifs,daily,18.8215,6.3215,16.96,8.20275,1.3792658,78.79225,0.0,18.815288497111105,2.0211976526417215
2018-04-14 00:00:00+00:00,-35.629999,-71.603888,170.0,open-meteo_ecmwf_ifs,daily,18.521502,7.0214996,14.38,8.913166,2.5105128,83.26092,0.0,18.628324150325543,1.9352107930331566
2018-04-15 00:00:00+00:00,-35.629999,-71.603888,170.0,open-meteo_ecmwf_ifs,daily,19.2215,10.4215,13.0,10.767334,2.0383432,83.677605,0.0,18.44261075996535,1.9372025591527238
2018-04-16 00:00:00+00:00,-35.629999,-71.603888,170.0,open-meteo_ecmwf_ifs,daily,20.3715,10.7715,11.26,11.923584,2.299832,85.040855,0.0,18.258215496613673,1.8363236689518756
2018-04-17 00:00:00+00:00,-35.629999,-71.603888,170.0,open-meteo_ecmwf_ifs,daily,18.7215,10.471499,15.3,10.050667,4.331389,75.43871,0.0,18.075204805246337,2.3879387104355683
2018-04-18 00:00:00+00:00,-35.629999,-71.603888,170.0,open-meteo_ecmwf_ifs,daily,18.8215,7.3215,13.76,7.023583,3.5196016,74.505615,0.1,17.893644360637367,2.3148953114216826
2018-04-19 00:00:00+00:00,-35.629999,-71.603888,170.0,open-meteo_ecmwf_ifs,daily,18.1215,8.6715,13.04,9.817332,1.8230357,82.25321,0.0,17.713599024226074,1.7284559710920677
2018-04-20 00:00:00+00:00,-35.629999,-71.603888,170.0,open-meteo_ecmwf_ifs,daily,21.0715,10.971499,15.2,12.00275,2.9282348,83.51806,0.0,17.535132802521233,2.206002713955655
2018-04-21 00:00:00+00:00,-35.629999,-71.603888,170.0,open-meteo_ecmwf_ifs,daily,20.921501,9.8715,13.22,11.196498,2.7096004,83.83326,0.0,17.35830880711392,2.0217878938478484
2018-04-22 00:00:00+00:00,-35.629999,-71.603888,170.0,open-meteo_ecmwf_ifs,daily,22.2215,9.6715,14.1,11.752749,2.835846,83.50553,0.0,17.183189216366014,2.1164312755298686
2018-04-23 00:00:00+00:00,-35.629999,-71.603888,170.0,open-meteo_ecmwf_ifs,daily,18.0715,8.1215,13.88,7.6944165,3.5028098,71.75252,0.0,17.009835238836985,2.1591691645933904
2018-04-24 00:00:00+00:00,-35.629999,-71.603888,170.0,open-meteo_ecmwf_ifs,daily,16.2215,6.9715,14.0,6.929834,2.3084333,76.9647,0.0,16.838307078506926,1.7741259752978973
2018-04-25 00:00:00+00:00,-35.629999,-71.603888,170.0,open-meteo_ecmwf_ifs,daily,19.271502,6.2714996,14.39,7.548582,1.9428229,80.53414,0.0,16.6686639018488,1.8433709145903272
2018-04-26 00:00:00+00:00,-35.629999,-71.603888,170.0,open-meteo_ecmwf_ifs,daily,20.6215,6.6215,12.46,7.5464997,3.4735796,73.956566,0.4,16.500963806798318,2.1929337749981226
2018-04-27 00:00:00+00:00,-35.629999,-71.603888,170.0,open-meteo_ecmwf_ifs,daily,16.7215,10.721499,10.05,9.590249,3.9617884,77.53774,9.900001,16.3352637936642,1.8259186493679045
2018-04-28 00:00:00+00:00,-35.629999,-71.603888,170.0,open-meteo_ecmwf_ifs,daily,15.2715,6.6714997,10.0,6.1839995,2.456629,75.15293,0.0,16.171619738017007,1.5482121176106514
2018-04-29 00:00:00+00:00,-35.629999,-71.603888,170.0,open-meteo_ecmwf_ifs,daily,16.3715,5.5214996,12.0,7.69025,1.3416971,85.28826,0.0,16.010086365588883,1.3344913252239305
2018-04-30 00:00:00+00:00,-35.629999,-71.603888,170.0,open-meteo_ecmwf_ifs,daily,18.271502,6.0715,13.61,8.173583,2.285788,84.8324,0.0,15.850717229211517,1.63239872913308
2018-05-01 00:00:00+00:00,-35.629999,-71.603888,170.0,open-meteo_ecmwf_ifs,daily,19.6215,7.2215,13.67,9.461083,1.6467716,85.01177,0.0,15.693564687813968,1.6044287807325697
2018-05-02 00:00:00+00:00,-35.629999,-71.603888,170.0,open-meteo_ecmwf_ifs,daily,18.171501,9.9215,10.52,9.983998,1.5440437,83.23715,0.0,15.538679887496485,1.4593430982054105
2018-05-03 00:00:00+00:00,-35.629999,-71.603888,170.0,open-meteo_ecmwf_ifs,daily,17.521502,8.9215,8.73,10.05275,3.1397352,81.606735,0.0,15.386112744690767,1.4201462516981558
2018-05-04 00:00:00+00:00,-35.629999,-71.603888,170.0,open-meteo_ecmwf_ifs,daily,16.6215,9.5215,7.62,8.413166,2.6601245,77.2015,2.4,15.235911931411477,1.523275760223497
2018-05-05 00:00:00+00:00,-35.629999,-71.603888,170.0,open-meteo_ecmwf_ifs,daily,21.421501,8.721499,12.39,10.64025,2.159063,85.539955,0.0,15.088124862598155,1.706569415950548
2018-05-06 00:00:00+00:00,-35.629999,-71.603888,170.0,open-meteo_ecmwf_ifs,daily,19.921501,11.3715,10.66,11.41525,2.4188437,83.409546,0.5,14.942797685540716,1.6701541720700048
2018-05-07 00:00:00+00:00,-35.629999,-71.603888,170.0,open-meteo_ecmwf_ifs,daily,15.471499,12.4215,3.53,12.706916,1.3981466,94.11558,19.100002,14.799975271376072,0.7681450558231224
2018-05-08 00:00:00+00:00,-35.629999,-71.603888,170.0,open-meteo_ecmwf_ifs,daily,16.1215,10.3215,7.78,10.523583,1.4686989,89.80954,0.0,14.659701208637712,1.1051959124615658
2018-05-09 00:00:00+00:00,-35.629999,-71.603888,170.0,open-meteo_ecmwf_ifs,daily,15.721499,8.5715,7.03,9.546499,1.3005642,89.85553,0.0,14.522017798833993,1.0008507187357951
2018-05-10 00:00:00+00:00,-35.629999,-71.603888,170.0,open-meteo_ecmwf_ifs,daily,16.7215,6.6215,9.86,8.459,1.2950814,87.55097,0.0,14.386966054025454,1.1321522813142848
2018-05-11 00:00:00+00:00,-35.629999,-71.603888,170.0,open-meteo_ecmwf_ifs,daily,18.8715,6.9214997,12.57,7.959,3.4387486,80.04513,0.0,14.254585696365465,1.7789312890164348
2018-05-12 00:00:00+00:00,-35.629999,-71.603888,170.0,open-meteo_ecmwf_ifs,daily,17.0715,7.3715,9.7,9.2215,1.5311607,88.07489,0.0,14.124915159563098,1.1394367828564251
2018-05-13 00:00:00+00:00,-35.629999,-71.603888,170.0,open-meteo_ecmwf_ifs,daily,18.2215,8.971499,9.3,9.217333,2.9605007,83.17751,1.0,13.99799159222102,1.5401234357102898
2018-05-14 00:00:00+00:00,-35.629999,-71.603888,170.0,open-meteo_ecmwf_ifs,daily,15.3715,10.0715,7.24,10.279832,1.6950837,86.80637,17.100002,13.873850862996356,1.0129480634941888
2018-05-15 00:00:00+00:00,-35.629999,-71.603888,170.0,open-meteo_ecmwf_ifs,daily,11.6215,7.4715,3.11,6.188166,2.783388,81.69076,0.0,13.752527567526197,1.007579719196425
2018-05-16 00:00:00+00:00,-35.629999,-71.603888,170.0,open-meteo_ecmwf_ifs,daily,12.6215,7.2215,3.53,6.669417,1.6828874,83.17513,1.0,13.63405503705486,0.8794721363326365
2018-05-17 00:00:00+00:00,-35.629999,-71.603888,170.0,open-meteo_ecmwf_ifs,daily,16.4715,7.6714997,8.88,8.594415,1.4200011,83.75263,2.0,13.518465348694154,1.0771066428688898
2018-05-18 00:00:00+00:00,-35.629999,-71.603888,170.0,open-meteo_ecmwf_ifs,daily,16.0215,7.6215,10.31,8.646501,3.6932228,87.710884,0.0,13.40578933724333,1.3194059516231307
2018-05-19 00:00:00+00:00,-35.629999,-71.603888,170.0,open-meteo_ecmwf_ifs,daily,16.9715,4.7215,11.4,6.4006667,3.4272115,80.402016,0.0,13.296056608490183,1.4584616599643154
2018-05-20 00:00:00+00:00,-35.629999,-71.603888,170.0,open-meteo_ecmwf_ifs,daily,17.1215,5.2215,7.7,8.052749,3.133378,86.025696,0.0,13.189295553910274,1.1495435595913104
2018-05-21 00:00:00+00:00,-35.629999,-71.603888,170.0,open-meteo_ecmwf_ifs,daily,12.971499,5.7714996,10.09,6.2340007,3.448548,83.88102,0.0,13.08553336667666,1.142588020632789
2018-05-22 00:00:00+00:00,-35.629999,-71.603888,170.0,open-meteo_ecmwf_ifs,daily,13.1215,1.7715001,11.42,3.479833,2.6676178,82.32128,0.0,12.984796058888309,1.1013518360559136
2018-05-23 00:00:00+00:00,-35.629999,-71.603888,170.0,open-meteo_ecmwf_ifs,daily,12.1715,3.4715002,8.79,4.409,1.6011958,85.68411,0.0,12.887108479921485,0.8891869690657769
2018-05-24 00:00:00+00:00,-35.629999,-71.603888,170.0,open-meteo_ecmwf_ifs,daily,14.7715,3.8715,9.4,5.619417,1.5635704,88.56953,0.0,12.79249433580443,0.9591729852829147
2018-05-25 00:00:00+00:00,-35.629999,-71.603888,170.0,open-meteo_ecmwf_ifs,daily,16.771502,5.5715,10.29,7.4027505,0.96582705,87.33365,0.0,12.700976209512634,0.9384055581552561
2018-05-26 00:00:00+00:00,-35.629999,-71.603888,170.0,open-meteo_ecmwf_ifs,daily,11.471499,5.0715,2.69,7.5464997,2.7038243,93.557076,8.0,12.612575582078644,0.5206463988276987
2018-05-27 00:00:00+00:00,-35.629999,-71.603888,170.0,open-meteo_ecmwf_ifs,daily,15.2715,6.9715,6.7,8.467334,1.5498356,88.293495,0.0,12.527312854407743,0.8610205089534398
2018-05-28 00:00:00+00:00,-35.629999,-71.603888,170.0,open-meteo_ecmwf_ifs,daily,12.8215,10.0715,1.88,9.829832,2.9165087,89.91976,6.0000005,12.445207369688513,0.7222843658962573
2018-05-29 00:00:00+00:00,-35.629999,-71.603888,170.0,open-meteo_ecmwf_ifs,daily,12.8215,10.721499,3.07,9.517333,5.011846,83.92499,28.2,12.366277436285321,1.002957286901855
2018-05-30 00:00:00+00:00,-35.629999,-71.603888,170.0,open-meteo_ecmwf_ifs,daily,13.221499,4.9214997,10.34,5.4048333,3.4968958,84.38764,0.0,12.290540350998253,1.1496719060606786
2018-05-31 00:00:00+00:00,-35.629999,-71.603888,170.0,open-meteo_ecmwf_ifs,daily,10.8715,2.9215,8.68,3.5756667,2.673076,84.10613,0.0,12.218012422574864,0.9093331145858637
2018-06-01 00:00:00+00:00,-35.629999,-71.603888,170.0,open-meteo_ecmwf_ifs,daily,10.721499,-0.97849995,10.99,1.6194166,1.6078902,81.05814,0.0,12.148708995357671,0.7365878384743922
2018-06-02 00:00:00+00:00,-35.629999,-71.603888,170.0,open-meteo_ecmwf_ifs,daily,12.0215,-0.3285,10.2,2.6548333,1.3117603,87.156334,0.0,12.0826444729508,0.7171426754602306
2018-06-03 00:00:00+00:00,-35.629999,-71.603888,170.0,open-meteo_ecmwf_ifs,daily,11.971499,1.8715,8.97,3.1069164,2.1104136,79.2886,0.4,12.019832341789863,0.8835612515249704
2018-06-04 00:00:00+00:00,-35.629999,-71.603888,170.0,open-meteo_ecmwf_ifs,daily,10.1715,0.1715,6.26,1.9465003,2.5019362,84.96977,0.0,11.96028519449979,0.7911666998128206
2018-06-05 00:00:00+00:00,-35.629999,-71.603888,170.0,open-meteo_ecmwf_ifs,daily,4.3215,-0.4785,1.39,1.3798333,1.5158118,97.1221,6.0999994,11.904014752926567,0.37688677228673967
2018-06-06 00:00:00+00:00,-35.629999,-71.603888,170.0,open-meteo_ecmwf_ifs,daily,12.971499,3.5215,10.79,4.2152495,4.127073,82.78209,2.5999997,11.851031890730873,1.193710014401852
2018-06-07 00:00:00+00:00,-35.629999,-71.603888,170.0,open-meteo_ecmwf_ifs,daily,11.8715,-1.0285001,9.89,1.71525,2.3140826,80.995735,0.0,11.801346655433717,0.828319655888136
2018-06-08 00:00:00+00:00,-35.629999,-71.603888,170.0,open-meteo_ecmwf_ifs,daily,13.221499,5.7215,3.63,4.3756666,1.5329441,74.90229,0.6,11.75496828980729,0.938364899533104
2018-06-09 00:00:00+00:00,-35.629999,-71.603888,170.0,open-meteo_ecmwf_ifs,daily,13.6215,8.3715,1.74,8.8965,5.726916,88.6701,21.699999,11.711905252507302,0.940452354121514
2018-06-10 00:00:00+00:00,-35.629999,-71.603888,170.0,open-meteo_ecmwf_ifs,daily,10.6715,7.5214996,2.47,7.1819158,5.2488976,88.86216,39.2,11.672165237847295,0.8180241841646473
2018-06-11 00:00:00+00:00,-35.629999,-71.603888,170.0,open-meteo_ecmwf_ifs,daily,7.6215,3.5215,3.63,3.9819167,4.2369294,89.14492,10.799998,11.635755194619454,0.6236958752033773
2018-06-12 00:00:00+00:00,-35.629999,-71.603888,170.0,open-meteo_ecmwf_ifs,daily,10.7715,0.4215,10.14,1.7027501,2.3009,80.33222,1.1,11.602681343871584,0.8315293815571364
2018-06-13 00:00:00+00:00,-35.629999,-71.603888,170.0,open-meteo_ecmwf_ifs,daily,10.2715,-0.6785,10.61,0.93608326,2.9145234,79.93576,0.0,11.572949195555065,0.8666250966232286
2018-06-14 00:00:00+00:00,-35.629999,-71.603888,170.0,open-meteo_ecmwf_ifs,daily,8.0715,-0.8285,9.0,0.4465001,1.7967385,85.29902,0.0,11.54656356396437,0.6502350094808159
2018-06-15 00:00:00+00:00,-35.629999,-71.603888,170.0,open-meteo_ecmwf_ifs,daily,12.8215,2.2715,8.18,1.6194167,2.345238,72.337036,0.0,11.52352858189496,1.0960448994105128
2018-06-16 00:00:00+00:00,-35.629999,-71.603888,170.0,open-meteo_ecmwf_ifs,daily,16.0215,3.7715,9.97,7.2194157,2.832091,89.83477,0.0,11.50384771345294,0.8933690388428153
2018-06-17 00:00:00+00:00,-35.629999,-71.603888,170.0,open-meteo_ecmwf_ifs,daily,16.1215,6.7714996,9.23,8.79025,2.1587586,88.631966,0.0,11.487523765456698,0.8795975794240402
2018-06-18 00:00:00+00:00,-35.629999,-71.603888,170.0,open-meteo_ecmwf_ifs,daily,14.0215,8.1715,7.87,8.783999,1.7275057,90.10608,0.0,11.474558897378056,0.7770341780383013
2018-06-19 00:00:00+00:00,-35.629999,-71.603888,170.0,open-meteo_ecmwf_ifs,daily,13.471499,7.4715,5.94,8.625667,1.9031215,94.40304,0.0,11.464954629778017,0.703963786784722
2018-06-20 00:00:00+00:00,-35.629999,-71.603888,170.0,open-meteo_ecmwf_ifs,daily,12.1715,7.4214997,6.0,8.042333,2.4855897,93.34622,0.0,11.458711851199839,0.7069316251465003
2018-06-21 00:00:00+00:00,-35.629999,-71.603888,170.0,open-meteo_ecmwf_ifs,daily,13.3215,2.6715,10.28,3.692333,4.502847,79.80668,0.0,11.455830823490306,1.2270529391309035
2018-06-22 00:00:00+00:00,-35.629999,-71.603888,170.0,open-meteo_ecmwf_ifs,daily,12.2715,1.9714999,9.54,3.7985833,2.978878,83.1466,0.0,11.456311185527989,0.8835867060749885
2018-06-23 00:00:00+00:00,-35.629999,-71.603888,170.0,open-meteo_ecmwf_ifs,daily,14.1215,2.9715002,8.98,5.504833,3.4453714,88.16709,0.0,11.460151955345715,0.9403160347923059
2018-06-24 00:00:00+00:00,-35.629999,-71.603888,170.0,open-meteo_ecmwf_ifs,daily,12.8715,-0.1285,8.38,3.0652502,2.4182894,86.109856,0.0,11.46735153064259,0.7986687195315774
2018-06-25 00:00:00+00:00,-35.629999,-71.603888,170.0,open-meteo_ecmwf_ifs,daily,12.7715,2.9715002,9.72,2.686083,1.9823517,75.361755,0.0,11.477907687689358,0.958759471861597
2018-06-26 00:00:00+00:00,-35.629999,-71.603888,170.0,open-meteo_ecmwf_ifs,daily,9.7715,6.9214997,0.82,6.3652496,2.1190631,87.14682,5.7,11.491817578639035,0.6475154690284878
2018-06-27 00:00:00+00:00,-35.629999,-71.603888,170.0,open-meteo_ecmwf_ifs,daily,14.8715,9.0215,5.15,9.717334,2.4463432,90.89203,10.3,11.509077727263033,0.8277817193425349
2018-06-28 00:00:00+00:00,-35.629999,-71.603888,170.0,open-meteo_ecmwf_ifs,daily,10.5215,8.221499,2.06,8.881916,2.4906821,95.88715,6.7000003,11.529684023141023,0.46630300190155355
2018-06-29 00:00:00+00:00,-35.629999,-71.603888,170.0,open-meteo_ecmwf_ifs,daily,14.3215,7.2215,6.7,8.773583,2.1045063,92.92166,1.2,11.553631714340613,0.7575707701689128
2018-06-30 00:00:00+00:00,-35.629999,-71.603888,170.0,open-meteo_ecmwf_ifs,daily,12.471499,6.5214996,4.39,8.36525,1.4767143,93.2199,0.1,11.580915398630689,0.5774398807072731
2018-07-01 00:00:00+00:00,-35.629999,-71.603888,170.0,open-meteo_ecmwf_ifs,daily,13.8215,7.0214996,3.54,7.3277493,3.0968277,85.73331,2.3,11.611529013279599,0.9698609092170157
2018-07-02 00:00:00+00:00,-35.629999,-71.603888,170.0,open-meteo_ecmwf_ifs,daily,17.171501,9.721499,8.14,8.425666,2.8120108,78.89899,13.8,11.645465823496473,1.3687212476504336
2018-07-03 00:00:00+00:00,-35.629999,-71.603888,170.0,open-meteo_ecmwf_ifs,daily,14.971499,7.6215,5.01,9.16525,3.7478724,88.21581,2.4,11.682718409580735,0.8889177196420096
2018-07-04 00:00:00+00:00,-35.629999,-71.603888,170.0,open-meteo_ecmwf_ifs,daily,12.9215,9.7715,2.29,8.911082,6.0723643,84.95963,13.7,11.723278652851398,1.0701091305144916
2018-07-05 00:00:00+00:00,-35.629999,-71.603888,170.0,open-meteo_ecmwf_ifs,daily,12.7715,9.4215,1.98,8.417334,6.56685,82.755554,16.199999,11.767137720433436,1.1559682276092553
2018-07-06 00:00:00+00:00,-35.629999,-71.603888,170.0,open-meteo_ecmwf_ifs,daily,13.221499,9.8215,4.12,8.169415,5.839891,82.33703,19.8,11.81428604898447,1.3321379977451138
2018-07-07 00:00:00+00:00,-35.629999,-71.603888,170.0,open-meteo_ecmwf_ifs,daily,15.3215,8.5715,7.92,7.8090005,3.704647,79.47176,6.6000004,11.864713327449815,1.3311857434417949
2018-07-08 00:00:00+00:00,-35.629999,-71.603888,170.0,open-meteo_ecmwf_ifs,daily,14.1715,2.0715,11.0,4.7173333,2.8675487,80.73715,0.0,11.918408478938757,0.9727999036865942
2018-07-09 00:00:00+00:00,-35.629999,-71.603888,170.0,open-meteo_ecmwf_ifs,daily,12.9215,2.5715,9.42,4.611083,1.0447112,85.83013,0.0,11.975359641819084,0.7202172002369823
2018-07-10 00:00:00+00:00,-35.629999,-71.603888,170.0,open-meteo_ecmwf_ifs,daily,11.1215,4.1215,4.66,5.9152493,2.2009199,90.1193,0.2,12.035554150130485,0.6504821957271641
2018-07-11 00:00:00+00:00,-35.629999,-71.603888,170.0,open-meteo_ecmwf_ifs,daily,12.4215,3.8715,8.41,6.356917,1.9268804,90.37674,0.0,12.098978513420695,0.7114073553564779
2018-07-12 00:00:00+00:00,-35.629999,-71.603888,170.0,open-meteo_ecmwf_ifs,daily,13.1715,4.4715,5.62,7.0485835,2.5328448,92.8544,0.0,12.165618396110803,0.722903781161158
2018-07-13 00:00:00+00:00,-35.629999,-71.603888,170.0,open-meteo_ecmwf_ifs,daily,16.1215,7.8215,7.0,9.848584,2.2341177,92.72293,0.2,12.235458596498415,0.8752889698206476
2018-07-14 00:00:00+00:00,-35.629999,-71.603888,170.0,open-meteo_ecmwf_ifs,daily,14.6215,9.6715,5.2,10.521501,1.8947283,93.10812,2.1,12.308483025508929,0.7610358063436331
2018-07-15 00:00:00+00:00,-35.629999,-71.603888,170.0,open-meteo_ecmwf_ifs,daily,13.4215,5.6215,9.44,6.1339993,3.0005443,82.71761,0.0,12.38467468530618,1.0760654981521105
2018-07-16 00:00:00+00:00,-35.629999,-71.603888,170.0,open-meteo_ecmwf_ifs,daily,12.4215,2.7715,10.09,4.6089997,3.9202745,83.26634,0.0,12.464015647874746,1.0231045146358317
2018-07-17 00:00:00+00:00,-35.629999,-71.603888,170.0,open-meteo_ecmwf_ifs,daily,9.0715,3.3215,6.46,2.76525,2.5672104,81.79544,0.0,12.546487033685747,0.8897227065852169
2018-07-18 00:00:00+00:00,-35.629999,-71.603888,170.0,open-meteo_ecmwf_ifs,daily,9.221499,-0.9285,11.06,0.89441675,1.6062523,81.37271,0.0,12.63206899055828,0.7640143820974448
2018-07-19 00:00:00+00:00,-35.629999,-71.603888,170.0,open-meteo_ecmwf_ifs,daily,9.5215,-2.5785,11.45,-0.43474987,1.9406972,83.08017,0.0,12.720740672827478,0.832996947039596
2018-07-20 00:00:00+00:00,-35.629999,-71.603888,170.0,open-meteo_ecmwf_ifs,daily,10.721499,-1.7284999,11.92,0.53608346,1.4900314,79.27022,0.0,12.812480220928952,0.831493660624233
2018-07-21 00:00:00+00:00,-35.629999,-71.603888,170.0,open-meteo_ecmwf_ifs,daily,8.971499,1.9215,5.68,2.0964997,2.6598842,82.712975,0.1,12.90726474150805,0.8723494491212831
2018-07-22 00:00:00+00:00,-35.629999,-71.603888,170.0,open-meteo_ecmwf_ifs,daily,11.1715,0.0715,11.22,3.019416,3.2752016,84.380135,3.3,13.005070288160091,0.9025527932651557
2018-07-23 00:00:00+00:00,-35.629999,-71.603888,170.0,open-meteo_ecmwf_ifs,daily,12.721499,-3.7784998,12.63,-1.6264168,3.6786597,66.89756,0.0,13.105871842905293,1.344610309960595
2018-07-24 00:00:00+00:00,-35.629999,-71.603888,170.0,open-meteo_ecmwf_ifs,daily,12.721499,-0.5785,11.2,2.7985833,1.545703,87.20554,0.0,13.209643298499671,0.8799395690099058
2018-07-25 00:00:00+00:00,-35.629999,-71.603888,170.0,open-meteo_ecmwf_ifs,daily,10.721499,2.3715,9.22,3.3152497,1.3378206,89.91642,0.0,13.31635744167975,0.8466381339950841
2018-07-26 00:00:00+00:00,-35.629999,-71.603888,170.0,open-meteo_ecmwf_ifs,daily,9.5215,3.1715,7.55,4.1902494,1.5651914,93.34256,0.0,13.425985937435785,0.7556019687289487
2018-07-27 00:00:00+00:00,-35.629999,-71.603888,170.0,open-meteo_ecmwf_ifs,daily,9.6215,2.9715002,2.52,4.7381663,2.927274,90.92649,0.8000001,13.538499314404422,0.6325146126241281
2018-07-28 00:00:00+00:00,-35.629999,-71.603888,170.0,open-meteo_ecmwf_ifs,daily,12.0715,1.6215,11.12,4.273583,1.5158767,86.59005,0.0,13.653866951467858,0.8982376428413688
2018-07-29 00:00:00+00:00,-35.629999,-71.603888,170.0,open-meteo_ecmwf_ifs,daily,12.0215,2.1715,11.38,3.9944172,1.6873301,87.93435,0.0,13.772057065642299,0.976672950872567
2018-07-30 00:00:00+00:00,-35.629999,-71.603888,170.0,open-meteo_ecmwf_ifs,daily,14.4215,2.3715,13.09,4.1069164,3.9765072,82.40931,0.0,13.893036701334283,1.4439010156501424
2018-07-31 00:00:00+00:00,-35.629999,-71.603888,170.0,open-meteo_ecmwf_ifs,daily,10.4215,0.3215,11.76,1.7215,2.6891468,81.05274,0.0,14.016771721038747,1.072351139424229
2018-08-01 00:00:00+00:00,-35.629999,-71.603888,170.0,open-meteo_ecmwf_ifs,daily,8.1215,1.0715001,7.89,2.0715,1.8836775,88.901115,0.0,14.14322679754809,0.8003637364173734
2018-08-02 00:00:00+00:00,-35.629999,-71.603888,170.0,open-meteo_ecmwf_ifs,daily,10.3215,1.0715001,6.66,3.1444166,2.3176966,91.06985,0.3,14.272365407736467,0.8400597424633587
2018-08-03 00:00:00+00:00,-35.629999,-71.603888,170.0,open-meteo_ecmwf_ifs,daily,13.9215,6.4214997,11.08,5.5798326,3.4407141,79.84821,3.6000001,14.404149827978726,1.5324673939102946
2018-08-04 00:00:00+00:00,-35.629999,-71.603888,170.0,open-meteo_ecmwf_ifs,daily,11.4215,2.6715,6.5,3.4527502,3.1884384,80.306404,0.0,14.53854113125797,1.0968678310540885
2018-08-05 00:00:00+00:00,-35.629999,-71.603888,170.0,open-meteo_ecmwf_ifs,daily,12.2715,5.9715,4.0,6.661083,1.0871695,90.01765,0.0,14.67549918601099,0.7708119707294853
2018-08-06 00:00:00+00:00,-35.629999,-71.603888,170.0,open-meteo_ecmwf_ifs,daily,13.0715,6.4214997,3.64,7.7485833,2.5728405,91.00449,2.0,14.814982656754971,0.8313335931647725
2018-08-07 00:00:00+00:00,-35.629999,-71.603888,170.0,open-meteo_ecmwf_ifs,daily,12.6215,5.2215,9.8,6.6152496,2.5769463,84.0378,12.000003,14.956949006533916,1.0707547639927664
2018-08-08 00:00:00+00:00,-35.629999,-71.603888,170.0,open-meteo_ecmwf_ifs,daily,16.921501,0.021500003,14.39,2.5610833,3.3150218,73.32307,0.0,15.101354501217719,1.7232490310897977
2018-08-09 00:00:00+00:00,-35.629999,-71.603888,170.0,open-meteo_ecmwf_ifs,daily,15.4215,2.4715002,11.47,4.6423326,1.8958915,80.62028,0.0,15.248154215681367,1.3032611776965097
2018-08-10 00:00:00+00:00,-35.629999,-71.603888,170.0,open-meteo_ecmwf_ifs,daily,13.9215,2.6215,11.01,5.006917,2.1157334,86.63608,0.0,15.397302041886318,1.195337715265023
2018-08-11 00:00:00+00:00,-35.629999,-71.603888,170.0,open-meteo_ecmwf_ifs,daily,14.471499,4.0715,9.76,6.9048333,1.092559,87.93455,0.0,15.548750698880681,1.0504192417482296
2018-08-12 00:00:00+00:00,-35.629999,-71.603888,170.0,open-meteo_ecmwf_ifs,daily,15.1215,4.3215,12.99,6.363167,1.5780673,86.92515,0.0,15.702451744729414,1.3244587164089372
2018-08-13 00:00:00+00:00,-35.629999,-71.603888,170.0,open-meteo_ecmwf_ifs,daily,13.3715,7.3215,9.89,7.442333,3.070919,85.52148,5.5999994,15.85835559038023,1.3058467501973954
2018-08-14 00:00:00+00:00,-35.629999,-71.603888,170.0,open-meteo_ecmwf_ifs,daily,16.171501,4.0215,14.28,3.1173334,4.7100863,68.75434,0.0,16.01641151546576,2.2892442419716077
2018-08-15 00:00:00+00:00,-35.629999,-71.603888,170.0,open-meteo_ecmwf_ifs,daily,17.0715,2.5215,14.82,4.279833,2.4907014,74.73083,0.0,16.176567686036773,1.7487628598055076
2018-08-16 00:00:00+00:00,-35.629999,-71.603888,170.0,open-meteo_ecmwf_ifs,daily,13.5715,3.5215,11.95,5.52775,2.198126,84.78208,0.0,16.338771174216483,1.2896055114833362
2018-08-17 00:00:00+00:00,-35.629999,-71.603888,170.0,open-meteo_ecmwf_ifs,daily,12.9215,5.6215,4.42,7.0298333,1.2969549,89.254234,1.2,16.502967979760236,0.8455580170496184
2018-08-18 00:00:00+00:00,-35.629999,-71.603888,170.0,open-meteo_ecmwf_ifs,daily,12.721499,4.2215,16.17,4.392333,6.0299067,76.036476,0.2,16.669103053500145,1.8472455126757692
2018-08-19 00:00:00+00:00,-35.629999,-71.603888,170.0,open-meteo_ecmwf_ifs,daily,16.3215,-0.5785,16.61,-0.107666634,4.383665,63.078236,0.0,16.83712032264884,2.306625257746131
2018-08-20 00:00:00+00:00,-35.629999,-71.603888,170.0,open-meteo_ecmwf_ifs,daily,17.0715,-0.37849998,16.57,0.9860832,1.9026963,62.26202,0.0,17.00696271793167,1.8258401240565116
2018-08-21 00:00:00+00:00,-35.629999,-71.603888,170.0,open-meteo_ecmwf_ifs,daily,14.7715,3.1715,13.55,6.1131663,1.4469746,86.89825,0.0,17.178572202511823,1.3856147743772256
2018-08-22 00:00:00+00:00,-35.629999,-71.603888,170.0,open-meteo_ecmwf_ifs,daily,9.6215,5.6714997,3.35,6.177749,3.756048,90.06399,3.6,17.351889802667873,0.7540541199123161
2018-08-23 00:00:00+00:00,-35.629999,-71.603888,170.0,open-meteo_ecmwf_ifs,daily,10.6715,5.0214996,5.38,5.500667,4.7201467,89.756355,24.1,17.52685564017888,1.0501241296421246
2018-08-24 00:00:00+00:00,-35.629999,-71.603888,170.0,open-meteo_ecmwf_ifs,daily,12.2715,-0.028499998,15.61,1.9444164,3.3820841,81.791916,0.1,17.703408966367295,1.596711418609859
2018-08-25 00:00:00+00:00,-35.629999,-71.603888,170.0,open-meteo_ecmwf_ifs,daily,17.171501,3.5715,16.55,3.3277495,6.279463,68.68588,0.0,17.881488197745675,2.7414461308582405
2018-08-26 00:00:00+00:00,-35.629999,-71.603888,170.0,open-meteo_ecmwf_ifs,daily,20.921501,7.0715,15.41,8.056916,5.224109,76.04125,0.0,18.061030953208935,2.7299194345775417
2018-08-27 00:00:00+00:00,-35.629999,-71.603888,170.0,open-meteo_ecmwf_ifs,daily,14.6715,8.5715,10.62,9.4965,1.5649204,88.78555,0.0,18.241974092709803,1.3605329135926183
2018-08-28 00:00:00+00:00,-35.629999,-71.603888,170.0,open-meteo_ecmwf_ifs,daily,12.9215,6.3215,9.01,7.2444158,2.504209,90.66811,0.0,18.424253757350737,1.2438095457510023
2018-08-29 00:00:00+00:00,-35.629999,-71.603888,170.0,open-meteo_ecmwf_ifs,daily,12.971499,5.2215,6.26,6.973583,3.2964337,87.45463,0.1,18.607805410822532,1.0708867212598758
2018-08-30 00:00:00+00:00,-35.629999,-71.603888,170.0,open-meteo_ecmwf_ifs,daily,13.3715,7.6714997,6.3,8.321501,1.6101462,89.6723,0.70000005,18.792563882115246,1.069561676026683
2018-08-31 00:00:00+00:00,-35.629999,-71.603888,170.0,open-meteo_ecmwf_ifs,daily,14.6715,6.1714997,10.85,7.7902493,1.7891611,87.62617,3.6,18.97846340942455,1.412400874439235
2018-09-01 00:00:00+00:00,-35.629999,-71.603888,170.0,open-meteo_ecmwf_ifs,daily,15.1215,5.8715,14.8,7.475666,1.895042,88.77151,1.9000001,19.165437685172577,1.715393887205212
2018-09-02 00:00:00+00:00,-35.629999,-71.603888,170.0,open-meteo_ecmwf_ifs,daily,16.3715,5.3215,15.44,6.813166,3.447507,84.13677,0.0,19.35341990205968,2.007285257961827
2018-09-03 00:00:00+00:00,-35.629999,-71.603888,170.0,open-meteo_ecmwf_ifs,daily,21.6215,7.7714996,18.72,8.963167,5.242764,76.45351,0.0,19.54234280006061,3.033850585081251
2018-09-04 00:00:00+00:00,-35.629999,-71.603888,170.0,open-meteo_ecmwf_ifs,daily,20.921501,7.5715,18.76,8.877749,3.1520703,73.12676,0.0,19.73213871427569,2.6793526948156603
2018-09-05 00:00:00+00:00,-35.629999,-71.603888,170.0,open-meteo_ecmwf_ifs,daily,15.0715,8.6215,8.56,9.121499,3.2482722,84.467514,0.0,19.922739623545546,1.4643451532419536
2018-09-06 00:00:00+00:00,-35.629999,-71.603888,170.0,open-meteo_ecmwf_ifs,daily,16.0215,7.6714997,18.78,7.2131667,4.6409693,78.04135,0.0,20.1140771997354,2.5071601385850397
2018-09-07 00:00:00+00:00,-35.629999,-71.603888,170.0,open-meteo_ecmwf_ifs,daily,15.6715,2.6715,19.12,3.1777499,3.8609495,69.18708,0.0,20.306082857592948,2.438904441490642
2018-09-08 00:00:00+00:00,-35.629999,-71.603888,170.0,open-meteo_ecmwf_ifs,daily,16.1215,3.4715002,17.89,4.813166,3.4741802,76.30261,0.0,20.49868780508257,2.267105359555993
2018-09-09 00:00:00+00:00,-35.629999,-71.603888,170.0,open-meteo_ecmwf_ifs,daily,18.5715,4.7215,18.39,7.0485835,1.5560364,80.31879,0.0,20.691823094096364,2.238371623631422
2018-09-10 00:00:00+00:00,-35.629999,-71.603888,170.0,open-meteo_ecmwf_ifs,daily,20.8215,6.1714997,19.71,8.700666,2.979662,81.125336,0.0,20.88541967144208,2.6624261691393976
2018-09-11 00:00:00+00:00,-35.629999,-71.603888,170.0,open-meteo_ecmwf_ifs,daily,18.3215,6.5214996,15.9,7.4527507,3.622865,75.701035,0.0,21.079408430006485,2.4223766593273517
2018-09-12 00:00:00+00:00,-35.629999,-71.603888,170.0,open-meteo_ecmwf_ifs,daily,17.271502,7.3715,16.8,7.8402495,4.1374216,79.45709,0.0,21.273720259992107,2.441310867228924
2018-09-13 00:00:00+00:00,-35.629999,-71.603888,170.0,open-meteo_ecmwf_ifs,daily,14.9215,6.2714996,14.91,6.529833,1.8194653,79.63629,0.0,21.46828610012523,1.9556504330262858
2018-09-14 00:00:00+00:00,-35.629999,-71.603888,170.0,open-meteo_ecmwf_ifs,daily,15.9215,6.1714997,11.15,8.656916,1.0593686,89.90171,0.0,21.663036988732163,1.5361932428430662
2018-09-15 00:00:00+00:00,-35.629999,-71.603888,170.0,open-meteo_ecmwf_ifs,daily,15.221499,8.4215,8.6,9.706916,1.7138896,87.604576,0.5,21.857904114581675,1.3693988464872826
2018-09-16 00:00:00+00:00,-35.629999,-71.603888,170.0,open-meteo_ecmwf_ifs,daily,16.3215,6.9214997,13.34,7.90275,2.4466467,82.11185,0.2,22.0528188673914,1.9529623529372442
2018-09-17 00:00:00+00:00,-35.629999,-71.603888,170.0,open-meteo_ecmwf_ifs,daily,13.6715,9.2715,3.84,9.325667,2.0652544,89.781654,9.799999,22.247712887896693,1.0110926250814918
2018-09-18 00:00:00+00:00,-35.629999,-71.603888,170.0,open-meteo_ecmwf_ifs,daily,13.971499,9.6715,12.2,9.531915,4.241842,86.54844,43.300003,22.442518117381805,1.7212522354444126
2018-09-19 00:00:00+00:00,-35.629999,-71.603888,170.0,open-meteo_ecmwf_ifs,daily,15.0215,6.1714997,10.16,8.002749,2.2397313,84.426735,12.000001,22.637166846573887,1.528730772923315
2018-09-20 00:00:00+00:00,-35.629999,-71.603888,170.0,open-meteo_ecmwf_ifs,daily,13.3215,7.6215,4.39,7.8944163,2.518878,84.0651,4.5,22.83159176380243,1.1191639379627263
2018-09-21 00:00:00+00:00,-35.629999,-71.603888,170.0,open-meteo_ecmwf_ifs,daily,22.6215,8.8715,20.46,10.227751,2.2578702,77.533775,0.5,23.025726002328184,3.088043622285901
2018-09-22 00:00:00+00:00,-35.629999,-71.603888,170.0,open-meteo_ecmwf_ifs,daily,16.171501,10.7715,8.82,9.550666,3.955026,82.25649,11.0,23.21950318674769,1.9483536204855065
2018-09-23 00:00:00+00:00,-35.629999,-71.603888,170.0,open-meteo_ecmwf_ifs,daily,16.1215,7.4715,16.91,7.4465003,1.7711859,80.60825,0.0,23.412857478382367,2.3152156472745244
2018-09-24 00:00:00+00:00,-35.629999,-71.603888,170.0,open-meteo_ecmwf_ifs,daily,17.6215,7.2215,18.12,6.1110826,4.4807863,70.00851,0.0,23.60572361956295,3.012964593231852
2018-09-25 00:00:00+00:00,-35.629999,-71.603888,170.0,open-meteo_ecmwf_ifs,daily,15.9215,8.3715,9.96,6.248583,3.5239794,72.5787,0.0,23.798036976723857,2.2568128132898293
2018-09-26 00:00:00+00:00,-35.629999,-71.603888,170.0,open-meteo_ecmwf_ifs,daily,18.771502,7.8715,10.32,8.0715,2.8505123,74.356346,0.4,23.989733582224495,2.165927984481618
2018-09-27 00:00:00+00:00,-35.629999,-71.603888,170.0,open-meteo_ecmwf_ifs,daily,16.421501,10.1715,5.64,9.2715,3.6460998,80.18276,2.6999998,24.180750174818257,1.7099338991153985
2018-09-28 00:00:00+00:00,-35.629999,-71.603888,170.0,open-meteo_ecmwf_ifs,daily,13.0715,9.721499,3.07,9.271501,4.5913677,87.63177,21.000002,24.371024238693796,1.092468626728926
2018-09-29 00:00:00+00:00,-35.629999,-71.603888,170.0,open-meteo_ecmwf_ifs,daily,15.8715,8.971499,15.44,8.734,3.8830822,82.46909,8.400001,24.56049404101651,2.342374908929982
2018-09-30 00:00:00+00:00,-35.629999,-71.603888,170.0,open-meteo_ecmwf_ifs,daily,12.0715,8.6715,11.53,6.5506654,2.9107065,79.319664,3.5999997,24.74909866790285,1.8823949310444317
2018-10-01 00:00:00+00:00,-35.629999,-71.603888,170.0,open-meteo_ecmwf_ifs,daily,14.5715,1.7214999,24.69,0.7235834,5.7218795,61.151794,0.0,24.936778058764165,3.229137271682068
2018-10-02 00:00:00+00:00,-35.629999,-71.603888,170.0,open-meteo_ecmwf_ifs,daily,16.521502,3.4715002,24.43,2.7465,5.0668077,64.41199,0.0,25.12347303896108,3.39410576163049
2018-10-03 00:00:00+00:00,-35.629999,-71.603888,170.0,open-meteo_ecmwf_ifs,daily,18.521502,3.7215002,24.95,4.69025,5.521662,69.560165,0.0,25.309125350714705,3.4722973709969898
2018-10-04 00:00:00+00:00,-35.629999,-71.603888,170.0,open-meteo_ecmwf_ifs,daily,20.921501,4.3215,23.58,7.12775,2.9071772,72.84575,0.0,25.49367768222526,3.2446917547180973
2018-10-05 00:00:00+00:00,-35.629999,-71.603888,170.0,open-meteo_ecmwf_ifs,daily,18.4715,7.9715,19.44,9.356917,2.618333,78.652176,0.0,25.67707369495413,2.7553463442340065
2018-10-06 00:00:00+00:00,-35.629999,-71.603888,170.0,open-meteo_ecmwf_ifs,daily,18.271502,7.7215,15.61,9.834001,1.3683124,87.05124,0.0,25.859258049030625,2.28314846587721
2018-10-07 00:00:00+00:00,-35.629999,-71.603888,170.0,open-meteo_ecmwf_ifs,daily,15.1715,9.3715,7.84,9.60275,2.8243587,86.29614,0.3,26.040176426749454,1.5448319272612379
2018-10-08 00:00:00+00:00,-35.629999,-71.603888,170.0,open-meteo_ecmwf_ifs,daily,16.3215,9.2715,14.9,8.281917,3.7730856,79.42894,10.600001,26.219775554131406,2.537935692051672
2018-10-09 00:00:00+00:00,-35.629999,-71.603888,170.0,open-meteo_ecmwf_ifs,daily,15.4215,4.5715,25.6,4.3465,5.064592,69.308395,0.0,26.39800322052408,3.2549290454963478
2018-10-10 00:00:00+00:00,-35.629999,-71.603888,170.0,open-meteo_ecmwf_ifs,daily,17.4715,2.6215,21.89,4.0215,3.4786358,70.4019,0.0,26.574808296226127,3.0044506894566942
2018-10-11 00:00:00+00:00,-35.629999,-71.603888,170.0,open-meteo_ecmwf_ifs,daily,17.021502,6.8715,14.35,8.279834,2.4485621,78.22965,1.4000001,26.75014074812351,2.224162305688607
2018-10-12 00:00:00+00:00,-35.629999,-71.603888,170.0,open-meteo_ecmwf_ifs,daily,15.6215,7.2215,12.69,7.5402503,1.6264137,80.6009,0.0,26.923951653332207,2.0191133167528417
2018-10-13 00:00:00+00:00,-35.629999,-71.603888,170.0,open-meteo_ecmwf_ifs,daily,19.6215,5.3215,25.03,6.3089995,2.3034036,71.7591,0.0,27.096193210847524,3.4647065508505612
2018-10-14 00:00:00+00:00,-35.629999,-71.603888,170.0,open-meteo_ecmwf_ifs,daily,19.2215,6.3715,24.53,8.438167,1.982658,77.74577,0.0,27.266818751205932,3.286046792108885
2018-10-15 00:00:00+00:00,-35.629999,-71.603888,170.0,open-meteo_ecmwf_ifs,daily,17.7215,7.0715,15.57,8.358999,2.713681,80.22026,0.0,27.435782744170826,2.4501940941932445
2018-10-16 00:00:00+00:00,-35.629999,-71.603888,170.0,open-meteo_ecmwf_ifs,daily,17.521502,8.9215,13.64,9.663166,3.0204623,82.752174,0.3,27.603040804459596,2.295368829271128
2018-10-17 00:00:00+00:00,-35.629999,-71.603888,170.0,open-meteo_ecmwf_ifs,daily,15.1215,11.0215,9.17,9.279833,5.3015227,80.5631,2.3000002,27.768549695534574,2.112426710901104
2018-10-18 00:00:00+00:00,-35.629999,-71.603888,170.0,open-meteo_ecmwf_ifs,daily,20.3715,8.8215,23.67,8.158999,2.3078125,71.14709,0.5,27.932267331486372,3.6601142409401186
2018-10-19 00:00:00+00:00,-35.629999,-71.603888,170.0,open-meteo_ecmwf_ifs,daily,19.8215,6.7714996,23.55,7.8194175,2.2845018,72.91575,0.0,28.09415277704308,3.4153135095150153
2018-10-20 00:00:00+00:00,-35.629999,-71.603888,170.0,open-meteo_ecmwf_ifs,daily,18.021502,7.7714996,23.18,6.8923326,3.2620685,69.03243,0.0,28.254166245744305,3.4872613194213122
2018-10-21 00:00:00+00:00,-35.629999,-71.603888,170.0,open-meteo_ecmwf_ifs,daily,18.9715,6.3715,28.04,5.9694157,5.217753,67.53614,0.0,28.412269096324195,4.085233443897303
2018-10-22 00:00:00+00:00,-35.629999,-71.603888,170.0,open-meteo_ecmwf_ifs,daily,20.4715,8.1215,21.33,5.5464997,4.08716,59.947964,0.0,28.568423827352163,4.030143233290932
2018-10-23 00:00:00+00:00,-35.629999,-71.603888,170.0,open-meteo_ecmwf_ifs,daily,19.1215,9.4215,11.75,9.1965,1.784411,73.97608,1.9000001,28.72259407018517,2.293547131625878
2018-10-24 00:00:00+00:00,-35.629999,-71.603888,170.0,open-meteo_ecmwf_ifs,daily,18.8715,8.5715,24.8,8.950665,1.8418089,76.10189,3.7999997,28.874744580289747,3.5343613659193673
2018-10-25 00:00:00+00:00,-35.629999,-71.603888,170.0,open-meteo_ecmwf_ifs,daily,21.3215,8.1715,27.31,9.379834,2.7798855,72.70779,0.0,29.024841226996184,4.005367893963135
2018-10-26 00:00:00+00:00,-35.629999,-71.603888,170.0,open-meteo_ecmwf_ifs,daily,22.4715,8.1215,27.35,8.8777485,2.7249744,67.56537,0.0,29.172850981751598,4.208247009015877
2018-10-27 00:00:00+00:00,-35.629999,-71.603888,170.0,open-meteo_ecmwf_ifs,daily,21.4715,12.5715,16.73,12.069416,3.4464502,77.51609,0.0,29.31874190494176,3.2378182735137537
2018-10-28 00:00:00+00:00,-35.629999,-71.603888,170.0,open-meteo_ecmwf_ifs,daily,22.7215,11.0715,16.45,12.959001,2.0573356,81.083,4.9,29.462483131356134,2.9138177316988156
2018-10-29 00:00:00+00:00,-35.629999,-71.603888,170.0,open-meteo_ecmwf_ifs,daily,16.8715,12.1215,7.3,13.281915,2.830656,92.68061,20.6,29.604044854372273,1.378705309073469
2018-10-30 00:00:00+00:00,-35.629999,-71.603888,170.0,open-meteo_ecmwf_ifs,daily,20.421501,10.0715,21.52,11.179832,2.0797381,80.49497,0.70000005,29.743398308940055,3.3417050046208967
2018-10-31 00:00:00+00:00,-35.629999,-71.603888,170.0,open-meteo_ecmwf_ifs,daily,20.921501,9.0715,25.31,10.556917,2.6490412,78.76023,0.0,29.880515753447717,3.766170563184918
2018-11-01 00:00:00+00:00,-35.629999,-71.603888,170.0,open-meteo_ecmwf_ifs,daily,15.1215,9.7715,4.43,8.911083,1.3991376,81.16517,1.1,30.015370450554087,1.271053653616055
2018-11-02 00:00:00+00:00,-35.629999,-71.603888,170.0,open-meteo_ecmwf_ifs,daily,17.921501,9.9215,14.94,9.763166,5.576102,80.47864,19.100002,30.147936647073738,2.780813454767185
2018-11-03 00:00:00+00:00,-35.629999,-71.603888,170.0,open-meteo_ecmwf_ifs,daily,21.4715,7.2714996,26.42,10.413167,1.7759548,83.6213,0.0,30.2781895530023,3.7783434618261156
2018-11-04 00:00:00+00:00,-35.629999,-71.603888,170.0,open-meteo_ecmwf_ifs,daily,21.271502,8.221499,27.95,9.263166,1.2074152,74.106514,0.0,30.406105319771118,4.083806293566149
2018-11-05 00:00:00+00:00,-35.629999,-71.603888,170.0,open-meteo_ecmwf_ifs,daily,21.021502,10.0715,27.95,10.327748,4.4443393,73.747604,0.0,30.53166101782066,4.286226131857361
2018-11-06 00:00:00+00:00,-35.629999,-71.603888,170.0,open-meteo_ecmwf_ifs,daily,24.0715,7.5214996,29.91,7.5381665,4.5513005,60.901264,0.0,30.65483461358238,5.056639571499292
2018-11-07 00:00:00+00:00,-35.629999,-71.603888,170.0,open-meteo_ecmwf_ifs,daily,26.671501,9.0715,29.41,11.963165,2.2722013,72.72474,0.0,30.775604945959003,4.766331643315008
2018-11-08 00:00:00+00:00,-35.629999,-71.603888,170.0,open-meteo_ecmwf_ifs,daily,25.8215,11.4215,29.82,12.117332,2.2664938,66.83603,0.0,30.8939517023923,4.982916667800993
2018-11-09 00:00:00+00:00,-35.629999,-71.603888,170.0,open-meteo_ecmwf_ifs,daily,24.3215,9.2715,25.8,8.954833,2.2106001,65.13676,0.0,31.009855394606944,4.4132275929817935
2018-11-10 00:00:00+00:00,-35.629999,-71.603888,170.0,open-meteo_ecmwf_ifs,daily,17.8215,10.8215,10.85,12.015248,2.9871638,86.901985,15.400001,31.123297334117666,1.9620255187003226
2018-11-11 00:00:00+00:00,-35.629999,-71.603888,170.0,open-meteo_ecmwf_ifs,daily,20.421501,10.471499,21.28,10.781918,2.0379388,78.52859,0.4,31.234259607585088,3.459295818669824
2018-11-12 00:00:00+00:00,-35.629999,-71.603888,170.0,open-meteo_ecmwf_ifs,daily,19.7215,12.1715,18.89,10.317333,2.021441,75.83753,5.2,31.342725052104274,3.3508067149077387
2018-11-13 00:00:00+00:00,-35.629999,-71.603888,170.0,open-meteo_ecmwf_ifs,daily,18.8715,8.471499,24.19,10.506917,1.3183411,81.71465,1.6,31.448677230507144,3.4774026400350655
2018-11-14 00:00:00+00:00,-35.629999,-71.603888,170.0,open-meteo_ecmwf_ifs,daily,21.671501,8.971499,28.57,10.306915,2.7614868,76.7724,0.0,31.55210040675744,4.2935010515859195
2018-11-15 00:00:00+00:00,-35.629999,-71.603888,170.0,open-meteo_ecmwf_ifs,daily,22.921501,9.971499,28.45,10.894417,3.5260417,70.67407,0.0,31.652979521514183,4.543203629604779
2018-11-16 00:00:00+00:00,-35.629999,-71.603888,170.0,open-meteo_ecmwf_ifs,daily,22.8715,11.3715,24.95,10.800667,2.349743,71.67762,0.1,31.751300167936037,4.275553091360271
2018-11-17 00:00:00+00:00,-35.629999,-71.603888,170.0,open-meteo_ecmwf_ifs,daily,19.7215,11.721499,19.36,10.156915,2.0983093,74.33653,2.8999994,31.847048567795724,3.4015799893298633
2018-11-18 00:00:00+00:00,-35.629999,-71.603888,170.0,open-meteo_ecmwf_ifs,daily,23.7215,8.471499,31.68,8.925666,5.0441165,66.81884,0.0,31.94021154796953,5.180999134561223
2018-11-19 00:00:00+00:00,-35.629999,-71.603888,170.0,open-meteo_ecmwf_ifs,daily,25.671501,10.1215,31.16,9.879832,4.2701488,62.86993,0.0,32.030776517363314,5.524999086567977
2018-11-20 00:00:00+00:00,-35.629999,-71.603888,170.0,open-meteo_ecmwf_ifs,daily,25.1215,10.8215,29.51,11.67775,3.303779,71.36153,0.0,32.11873144433215,4.999575214577509
2018-11-21 00:00:00+00:00,-35.629999,-71.603888,170.0,open-meteo_ecmwf_ifs,daily,25.671501,11.9215,28.49,12.281917,3.4068096,71.707924,0.0,32.20406483464601,5.06025270226509
2018-11-22 00:00:00+00:00,-35.629999,-71.603888,170.0,open-meteo_ecmwf_ifs,daily,23.271502,12.6715,29.39,11.131917,4.7493057,66.22765,0.0,32.28676571005012,5.218669844999066
2018-11-23 00:00:00+00:00,-35.629999,-71.603888,170.0,open-meteo_ecmwf_ifs,daily,25.6215,9.3215,32.22,7.24025,4.558326,55.504257,0.0,32.36682358746337,5.960058779027359
2018-11-24 00:00:00+00:00,-35.629999,-71.603888,170.0,open-meteo_ecmwf_ifs,daily,26.1215,9.0215,32.7,7.7714996,4.532908,57.834614,0.0,32.44422845885387,5.957152514948177
2018-11-25 00:00:00+00:00,-35.629999,-71.603888,170.0,open-meteo_ecmwf_ifs,daily,26.021502,12.6215,30.38,7.729833,3.9313974,50.958614,0.0,32.51897077182602,6.170228555801699
2018-11-26 00:00:00+00:00,-35.629999,-71.603888,170.0,open-meteo_ecmwf_ifs,daily,24.8715,10.4215,31.0,7.8298326,3.954407,55.36757,0.0,32.591041410948804,5.71650259789572
2018-11-27 00:00:00+00:00,-35.629999,-71.603888,170.0,open-meteo_ecmwf_ifs,daily,26.8215,9.6215,32.55,7.550665,4.3159533,56.00874,0.0,32.66043167985034,6.161709560298387
2018-11-28 00:00:00+00:00,-35.629999,-71.603888,170.0,open-meteo_ecmwf_ifs,daily,26.171501,11.0715,26.99,9.413167,2.6361678,61.072067,0.0,32.72713328409934,5.095117630613421
2018-11-29 00:00:00+00:00,-35.629999,-71.603888,170.0,open-meteo_ecmwf_ifs,daily,27.171501,12.8215,31.7,9.936083,2.71923,58.727314,0.0,32.791138314889395,5.934391512091455
2018-11-30 00:00:00+00:00,-35.629999,-71.603888,170.0,open-meteo_ecmwf_ifs,daily,24.5715,14.1215,17.78,11.254833,3.402772,63.94898,1.5,32.85243923353839,4.2309572789567715
2018-12-01 00:00:00+00:00,-35.629999,-71.603888,170.0,open-meteo_ecmwf_ifs,daily,27.171501,11.1215,26.52,8.059,2.848436,49.06372,0.0,32.91102885681044,5.373226047317203
2018-12-02 00:00:00+00:00,-35.629999,-71.603888,170.0,open-meteo_ecmwf_ifs,daily,28.0715,13.971499,29.24,9.017332,2.2137954,47.219517,0.3,32.96690034306469,5.792174985300781
2018-12-03 00:00:00+00:00,-35.629999,-71.603888,170.0,open-meteo_ecmwf_ifs,daily,27.771502,13.0715,30.32,10.471499,2.5890174,56.07033,0.0,33.02004717923117,5.808993743895353
2018-12-04 00:00:00+00:00,-35.629999,-71.603888,170.0,open-meteo_ecmwf_ifs,daily,24.271502,14.3715,14.86,10.925664,2.5499694,61.762165,0.0,33.07046316861084,3.7025491590119293
2018-12-05 00:00:00+00:00,-35.629999,-71.603888,170.0,open-meteo_ecmwf_ifs,daily,26.521502,13.471499,23.21,11.250667,3.3909113,63.274433,0.0,33.118142419494106,5.018196517128661
2018-12-06 00:00:00+00:00,-35.629999,-71.603888,170.0,open-meteo_ecmwf_ifs,daily,31.4715,12.8715,32.28,10.698585,2.6899574,54.889847,0.0,33.16307933458884,6.483443556858904
2018-12-07 00:00:00+00:00,-35.629999,-71.603888,170.0,open-meteo_ecmwf_ifs,daily,28.2215,14.5715,31.85,12.725665,3.0415046,61.70309,0.0,33.20526860124732,6.139008216144771
2018-12-08 00:00:00+00:00,-35.629999,-71.603888,170.0,open-meteo_ecmwf_ifs,daily,25.271502,14.5215,27.87,9.450665,3.336665,58.367657,0.1,33.24470518247902,5.733811511981878
2018-12-09 00:00:00+00:00,-35.629999,-71.603888,170.0,open-meteo_ecmwf_ifs,daily,26.671501,11.9215,32.69,9.66525,1.6333556,57.574368,0.1,33.28138430873483,5.652509467930635
2018-12-10 00:00:00+00:00,-35.629999,-71.603888,170.0,open-meteo_ecmwf_ifs,daily,28.1215,13.3215,32.3,9.061082,3.0268452,53.08017,0.0,33.31530147044687,6.391981959566046
2018-12-11 00:00:00+00:00,-35.629999,-71.603888,170.0,open-meteo_ecmwf_ifs,daily,23.6215,13.5715,25.26,10.315249,2.6925242,57.535122,0.8,33.34645241130739,4.845713501639825
2018-12-12 00:00:00+00:00,-35.629999,-71.603888,170.0,open-meteo_ecmwf_ifs,daily,27.6215,12.2715,30.95,8.6715,4.006775,53.233196,0.0,33.37483312226973,6.366859531478377
2018-12-13 00:00:00+00:00,-35.629999,-71.603888,170.0,open-meteo_ecmwf_ifs,daily,23.271502,11.0715,22.23,6.2715,3.4096696,53.813763,0.0,33.40043983625405,4.829756161505195
2018-12-14 00:00:00+00:00,-35.629999,-71.603888,170.0,open-meteo_ecmwf_ifs,daily,22.9715,10.5715,33.4,6.531916,3.9499233,58.13463,1.5,33.42326902354119,5.893343462696076
2018-12-15 00:00:00+00:00,-35.629999,-71.603888,170.0,open-meteo_ecmwf_ifs,daily,25.921501,9.3215,33.66,4.86525,4.3158784,46.894604,0.0,33.44331738783805,6.465469049740303
2018-12-16 00:00:00+00:00,-35.629999,-71.603888,170.0,open-meteo_ecmwf_ifs,daily,28.7215,11.8215,33.17,8.965249,3.604719,52.7515,0.0,33.46058186299931,6.55541443285928
2018-12-17 00:00:00+00:00,-35.629999,-71.603888,170.0,open-meteo_ecmwf_ifs,daily,28.771502,13.0715,31.64,11.090248,3.7598617,56.4426,0.0,33.47505961039131,6.361269415694011
2018-12-18 00:00:00+00:00,-35.629999,-71.603888,170.0,open-meteo_ecmwf_ifs,daily,31.9715,14.4215,32.99,10.706917,2.9845283,49.27068,0.0,33.486748016885436,6.960043927380523
2018-12-19 00:00:00+00:00,-35.629999,-71.603888,170.0,open-meteo_ecmwf_ifs,daily,30.021502,14.0715,32.14,9.89025,2.3676784,49.56799,0.0,33.49564469346986,6.396339105485968
2018-12-20 00:00:00+00:00,-35.629999,-71.603888,170.0,open-meteo_ecmwf_ifs,daily,26.171501,13.971499,28.76,8.886083,3.1012747,54.275784,0.0,33.50174747447102,5.882599976629807
2018-12-21 00:00:00+00:00,-35.629999,-71.603888,170.0,open-meteo_ecmwf_ifs,daily,31.4715,14.721499,33.01,10.986083,3.4399445,52.143093,0.0,33.50505441737749,7.0863125231316335
2018-12-22 00:00:00+00:00,-35.629999,-71.603888,170.0,open-meteo_ecmwf_ifs,daily,30.2215,14.5715,31.49,11.1465,2.3209498,51.010326,0.0,33.505563803261865,6.293593518714473
2018-12-23 00:00:00+00:00,-35.629999,-71.603888,170.0,open-meteo_ecmwf_ifs,daily,31.521502,14.7715,33.09,10.473582,2.2951515,49.365444,0.0,33.50327413779824,6.685949275535636
2018-12-24 00:00:00+00:00,-35.629999,-71.603888,170.0,open-meteo_ecmwf_ifs,daily,31.2215,15.1715,32.95,10.829833,2.7456038,48.200665,0.0,33.49818415287503,6.849846551928707
2018-12-25 00:00:00+00:00,-35.629999,-71.603888,170.0,open-meteo_ecmwf_ifs,daily,32.2215,16.1215,32.68,11.777751,1.4309106,47.994507,0.0,33.490292808805684,6.364075121263779
2018-12-26 00:00:00+00:00,-35.629999,-71.603888,170.0,open-meteo_ecmwf_ifs,daily,30.8215,15.221499,31.1,12.217331,2.9634855,54.364914,0.0,33.47959929714205,6.5385706995437705
2018-12-27 00:00:00+00:00,-35.629999,-71.603888,170.0,open-meteo_ecmwf_ifs,daily,27.521502,12.5715,32.86,7.6756663,3.6019108,52.53525,0.0,33.466103044096805,6.6004117366707575
2018-12-28 00:00:00+00:00,-35.629999,-71.603888,170.0,open-meteo_ecmwf_ifs,daily,28.771502,13.8215,33.31,8.036084,3.691243,46.050846,0.0,33.44980371458443,7.000558491605736
2018-12-29 00:00:00+00:00,-35.629999,-71.603888,170.0,open-meteo_ecmwf_ifs,daily,25.921501,12.1715,33.08,5.761083,3.69117,44.36479,0.0,33.43070121689129,6.561507176363769
2018-12-30 00:00:00+00:00,-35.629999,-71.603888,170.0,open-meteo_ecmwf_ifs,daily,27.671501,11.471499,33.63,6.488167,4.7201867,52.117565,0.0,33.40879570798771,7.00146106927618
2018-12-31 00:00:00+00:00,-35.629999,-71.603888,170.0,open-meteo_ecmwf_ifs,daily,28.671501,12.0715,33.61,5.81525,3.7199476,43.64256,0.0,33.38408759949582,6.990288594247591
2019-01-01 00:00:00+00:00,-35.629999,-71.603888,170.0,open-meteo_ecmwf_ifs,daily,29.5715,13.8715,32.84,9.750667,4.568836,51.47104,0.0,33.35657756432903,7.155368784602989
2019-01-02 00:00:00+00:00,-35.629999,-71.603888,170.0,open-meteo_ecmwf_ifs,daily,28.3215,10.971499,34.17,3.6735833,7.0995636,38.259304,0.0,33.326266544018836,8.149857334537142
2019-01-03 00:00:00+00:00,-35.629999,-71.603888,170.0,open-meteo_ecmwf_ifs,daily,29.3215,11.9215,33.54,4.3298335,6.897545,37.339558,0.0,33.29315575674632,8.338392743104002
2019-01-04 00:00:00+00:00,-35.629999,-71.603888,170.0,open-meteo_ecmwf_ifs,daily,31.771502,13.0715,32.35,9.802751,3.057152,51.48344,0.0,33.25724670609506,6.775965512445295
2019-01-05 00:00:00+00:00,-35.629999,-71.603888,170.0,open-meteo_ecmwf_ifs,daily,27.3215,14.3715,32.17,11.529832,3.2459795,54.39314,0.0,33.21854119054278,6.208248662804316
2019-01-06 00:00:00+00:00,-35.629999,-71.603888,170.0,open-meteo_ecmwf_ifs,daily,27.271502,14.0715,28.15,12.519417,2.3526227,60.33887,0.0,33.177041313707946,5.368885644992298
2019-01-07 00:00:00+00:00,-35.629999,-71.603888,170.0,open-meteo_ecmwf_ifs,daily,24.671501,15.8215,23.43,10.736083,3.238643,56.321896,0.1,33.13274949536722,5.1429692537494445
2019-01-08 00:00:00+00:00,-35.629999,-71.603888,170.0,open-meteo_ecmwf_ifs,daily,20.4715,13.4215,9.79,9.519416,3.3312206,64.083244,0.4,33.08566848325796,3.0257381573768622
2019-01-09 00:00:00+00:00,-35.629999,-71.603888,170.0,open-meteo_ecmwf_ifs,daily,20.421501,13.8715,13.15,10.256917,1.9839654,67.044716,1.4,33.035801365678644,2.9829646855999576
2019-01-10 00:00:00+00:00,-35.629999,-71.603888,170.0,open-meteo_ecmwf_ifs,daily,26.7215,9.3715,31.84,6.434,3.499499,49.519913,0.0,32.98315158489778,6.0000827476496985
2019-01-11 00:00:00+00:00,-35.629999,-71.603888,170.0,open-meteo_ecmwf_ifs,daily,28.021502,12.8215,32.01,8.119416,2.9929514,46.540066,0.0,32.92772295137995,6.330294434954829
2019-01-12 00:00:00+00:00,-35.629999,-71.603888,170.0,open-meteo_ecmwf_ifs,daily,25.2215,12.6715,23.86,5.511083,2.1820192,42.34054,0.0,32.8695196588342,4.978583703375674
2019-01-13 00:00:00+00:00,-35.629999,-71.603888,170.0,open-meteo_ecmwf_ifs,daily,29.271502,15.9215,28.38,7.688167,2.7762585,43.064358,0.0,32.80854630008762,6.375636530342209
2019-01-14 00:00:00+00:00,-35.629999,-71.603888,170.0,open-meteo_ecmwf_ifs,daily,28.671501,14.6715,28.46,8.911083,2.0783167,46.987156,0.70000005,32.74480788378299,5.76162904030244
2019-01-15 00:00:00+00:00,-35.629999,-71.603888,170.0,open-meteo_ecmwf_ifs,daily,31.271502,14.9215,31.68,10.629833,2.426627,51.288563,0.0,32.67830985189631,6.493582363554461
2019-01-16 00:00:00+00:00,-35.629999,-71.603888,170.0,open-meteo_ecmwf_ifs,daily,27.5715,14.2715,31.69,5.4527497,4.3099785,37.850796,0.0,32.60905809806523,7.179879232872297
2019-01-17 00:00:00+00:00,-35.629999,-71.603888,170.0,open-meteo_ecmwf_ifs,daily,30.9715,12.4215,31.53,6.1152496,3.9833224,40.67732,0.0,32.53705898671621,7.177276655034853
2019-01-18 00:00:00+00:00,-35.629999,-71.603888,170.0,open-meteo_ecmwf_ifs,daily,34.9715,15.2715,32.3,8.740251,3.249594,38.88306,0.0,32.46231937297304,7.572563644194873
2019-01-19 00:00:00+00:00,-35.629999,-71.603888,170.0,open-meteo_ecmwf_ifs,daily,30.7215,14.8715,31.96,9.879832,3.6833432,47.11444,0.0,32.38484662332534,7.018983205278117
2019-01-20 00:00:00+00:00,-35.629999,-71.603888,170.0,open-meteo_ecmwf_ifs,daily,30.7215,13.7715,31.49,11.709001,1.9802822,57.231937,0.0,32.30464863703073,6.020670336964755
2019-01-21 00:00:00+00:00,-35.629999,-71.603888,170.0,open-meteo_ecmwf_ifs,daily,32.0715,14.8215,32.19,9.163166,4.7103744,46.874302,0.0,32.22173386821974,7.729759906525578
2019-01-22 00:00:00+00:00,-35.629999,-71.603888,170.0,open-meteo_ecmwf_ifs,daily,30.3215,13.2715,31.59,5.8090014,4.636856,39.373142,0.0,32.136111348667626,7.502310058347382
2019-01-23 00:00:00+00:00,-35.629999,-71.603888,170.0,open-meteo_ecmwf_ifs,daily,30.6215,13.5715,30.62,7.723583,2.9092636,43.577343,0.0,32.04779071119253,6.52148524435615
2019-01-24 00:00:00+00:00,-35.629999,-71.603888,170.0,open-meteo_ecmwf_ifs,daily,32.0715,15.8215,31.14,9.661084,1.9515973,43.49541,0.0,31.956782213634447,6.350391683535848
2019-01-25 00:00:00+00:00,-35.629999,-71.603888,170.0,open-meteo_ecmwf_ifs,daily,31.921501,16.171501,30.95,9.344416,3.1759062,43.45702,0.0,31.86309676336501,7.026007234048358
2019-01-26 00:00:00+00:00,-35.629999,-71.603888,170.0,open-meteo_ecmwf_ifs,daily,33.6215,15.0215,31.69,8.013165,4.5736127,40.97568,0.0,31.7667459422731,8.005353503381253
2019-01-27 00:00:00+00:00,-35.629999,-71.603888,170.0,open-meteo_ecmwf_ifs,daily,32.7715,15.1215,31.67,6.408999,4.914884,36.221813,0.0,31.66774203216697,8.222969652773656
2019-01-28 00:00:00+00:00,-35.629999,-71.603888,170.0,open-meteo_ecmwf_ifs,daily,32.671497,13.0215,31.71,5.8923326,4.25919,36.782986,0.0,31.566098040529287,7.6072486665401176
2019-01-29 00:00:00+00:00,-35.629999,-71.603888,170.0,open-meteo_ecmwf_ifs,daily,32.7215,16.3715,30.22,11.161083,2.6459796,45.94533,0.0,31.461827726556972,6.6212927172784495
2019-01-30 00:00:00+00:00,-35.629999,-71.603888,170.0,open-meteo_ecmwf_ifs,daily,31.9715,16.4715,30.06,11.090248,2.9815073,47.605976,0.0,31.35494562741421,6.690969230183763
2019-01-31 00:00:00+00:00,-35.629999,-71.603888,170.0,open-meteo_ecmwf_ifs,daily,32.6215,15.5215,30.91,6.2694163,4.5326543,35.163334,0.0,31.245467084622955,7.973268867305122
2019-02-01 00:00:00+00:00,-35.629999,-71.603888,170.0,open-meteo_ecmwf_ifs,daily,32.2215,15.7715,30.67,9.169416,3.1066303,41.573635,0.0,31.13340827051205,6.904582026590753
2019-02-02 00:00:00+00:00,-35.629999,-71.603888,170.0,open-meteo_ecmwf_ifs,daily,33.9715,15.9215,29.6,12.746498,1.8535633,50.17795,0.0,31.018786214642887,6.093492696091594
2019-02-03 00:00:00+00:00,-35.629999,-71.603888,170.0,open-meteo_ecmwf_ifs,daily,31.921501,16.5715,29.34,13.436082,2.9636242,53.329193,0.0,30.901618830126672,6.358627151456635
2019-02-04 00:00:00+00:00,-35.629999,-71.603888,170.0,open-meteo_ecmwf_ifs,daily,34.0715,16.8215,29.28,13.625668,2.1699433,54.167362,0.0,30.78192493974612,6.249732086321851
2019-02-05 00:00:00+00:00,-35.629999,-71.603888,170.0,open-meteo_ecmwf_ifs,daily,35.421497,16.7215,29.48,13.823583,2.9469585,52.094418,0.0,30.65972430179191,6.772915906924092
2019-02-06 00:00:00+00:00,-35.629999,-71.603888,170.0,open-meteo_ecmwf_ifs,daily,33.0715,17.521502,30.05,9.367332,3.6502059,40.53477,0.0,30.535037635523107,7.400634238737059
2019-02-07 00:00:00+00:00,-35.629999,-71.603888,170.0,open-meteo_ecmwf_ifs,daily,28.2215,16.3215,25.39,7.7215,3.4864175,41.426968,0.0,30.4078866461588,6.183511012766057
2019-02-08 00:00:00+00:00,-35.629999,-71.603888,170.0,open-meteo_ecmwf_ifs,daily,29.021502,14.5715,24.08,7.721499,2.800771,43.066273,0.0,30.278294049307576,5.578479720646564
2019-02-09 00:00:00+00:00,-35.629999,-71.603888,170.0,open-meteo_ecmwf_ifs,daily,30.5715,14.3715,29.59,7.4048333,2.7743883,39.90801,0.0,30.146283594741053,6.306483424757297
2019-02-10 00:00:00+00:00,-35.629999,-71.603888,170.0,open-meteo_ecmwf_ifs,daily,29.0715,14.3215,28.08,9.440249,3.527848,49.019028,0.0,30.011880089416923,6.123146814464993
2019-02-11 00:00:00+00:00,-35.629999,-71.603888,170.0,open-meteo_ecmwf_ifs,daily,25.3215,11.4215,25.58,11.10275,3.751379,64.11581,2.0,29.87510941965819,4.742086198185118
2019-02-12 00:00:00+00:00,-35.629999,-71.603888,170.0,open-meteo_ecmwf_ifs,daily,30.2215,15.0715,27.0,6.4673333,4.1323695,35.584415,0.0,29.735998572394774,6.844924948847581
2019-02-13 00:00:00+00:00,-35.629999,-71.603888,170.0,open-meteo_ecmwf_ifs,daily,27.521502,12.8715,26.29,11.533999,2.2078557,66.15033,5.0,29.59457565537588,4.886701960820663
2019-02-14 00:00:00+00:00,-35.629999,-71.603888,170.0,open-meteo_ecmwf_ifs,daily,32.4715,14.721499,28.47,10.656917,4.4557776,49.024387,0.0,29.4508699162619,6.902276335206492
2019-02-15 00:00:00+00:00,-35.629999,-71.603888,170.0,open-meteo_ecmwf_ifs,daily,30.3215,17.521502,27.76,13.179832,3.0878239,51.520695,0.0,29.304911760507384,6.055176640991735
2019-02-16 00:00:00+00:00,-35.629999,-71.603888,170.0,open-meteo_ecmwf_ifs,daily,28.271502,15.9215,24.89,13.856915,2.8678808,67.233665,0.0,29.156732767948103,5.093665730175407
2019-02-17 00:00:00+00:00,-35.629999,-71.603888,170.0,open-meteo_ecmwf_ifs,daily,29.1215,16.0215,21.41,14.902748,2.0209544,67.75321,0.0,29.00636570800827,4.413136844387949
2019-02-18 00:00:00+00:00,-35.629999,-71.603888,170.0,open-meteo_ecmwf_ifs,daily,29.1215,15.221499,26.63,15.342334,1.846768,67.9488,0.0,28.85384455344674,4.904448531513637
2019-02-19 00:00:00+00:00,-35.629999,-71.603888,170.0,open-meteo_ecmwf_ifs,daily,30.1215,16.3215,26.89,12.561082,2.8184516,54.5575,0.0,28.699204492564213,5.6935642226288365
2019-02-20 00:00:00+00:00,-35.629999,-71.603888,170.0,open-meteo_ecmwf_ifs,daily,30.271502,16.4715,25.08,15.629833,2.952288,67.85801,0.0,28.542481939797277,5.213832889204356
2019-02-21 00:00:00+00:00,-35.629999,-71.603888,170.0,open-meteo_ecmwf_ifs,daily,25.3215,17.4715,12.12,14.984,2.8258507,69.87975,0.0,28.38371454462894,3.23065116383109
2019-02-22 00:00:00+00:00,-35.629999,-71.603888,170.0,open-meteo_ecmwf_ifs,daily,26.921501,17.0715,18.55,13.906915,3.138386,66.84208,0.4,28.2229411987493,4.3675862412318445
2019-02-23 00:00:00+00:00,-35.629999,-71.603888,170.0,open-meteo_ecmwf_ifs,daily,28.5715,15.5215,27.04,11.613166,5.4088655,57.086544,0.0,28.060202041404956,6.3006294743205915
2019-02-24 00:00:00+00:00,-35.629999,-71.603888,170.0,open-meteo_ecmwf_ifs,daily,25.6215,12.0715,27.23,5.063167,5.0788684,42.59575,0.0,27.895538462879994,6.153409952607851
2019-02-25 00:00:00+00:00,-35.629999,-71.603888,170.0,open-meteo_ecmwf_ifs,daily,26.5715,10.721499,27.18,3.8173325,4.2676516,40.74325,0.0,27.72899310605673,5.933789728328203
2019-02-26 00:00:00+00:00,-35.629999,-71.603888,170.0,open-meteo_ecmwf_ifs,daily,28.9715,10.721499,27.04,5.2798324,3.6339114,43.341167,0.0,27.56060986600922,5.820027204518527
2019-02-27 00:00:00+00:00,-35.629999,-71.603888,170.0,open-meteo_ecmwf_ifs,daily,28.9715,12.3215,26.31,8.938167,2.4818401,51.74063,0.0,27.390433887588436,5.1209094665199695
2019-02-28 00:00:00+00:00,-35.629999,-71.603888,170.0,open-meteo_ecmwf_ifs,daily,29.4715,12.9215,25.73,10.350666,2.2119575,55.70128,0.0,27.2185115609629,4.946969401721021
2019-03-01 00:00:00+00:00,-35.629999,-71.603888,170.0,open-meteo_ecmwf_ifs,daily,29.521502,13.221499,25.64,9.875667,3.0690222,55.91418,0.0,27.04489051508483,5.352862860077679
2019-03-02 00:00:00+00:00,-35.629999,-71.603888,170.0,open-meteo_ecmwf_ifs,daily,28.8715,13.221499,26.05,6.786083,3.2142918,42.590775,0.0,26.869619609057338,5.643408120892744
2019-03-03 00:00:00+00:00,-35.629999,-71.603888,170.0,open-meteo_ecmwf_ifs,daily,23.8715,14.3715,18.85,8.988166,2.193281,52.6936,0.3,26.692748921384307,3.910592808834526
2019-03-04 00:00:00+00:00,-35.629999,-71.603888,170.0,open-meteo_ecmwf_ifs,daily,24.0715,11.5715,24.74,7.6090007,3.6316824,55.891506,0.3,26.514329737090346,4.777792544852291
2019-03-05 00:00:00+00:00,-35.629999,-71.603888,170.0,open-meteo_ecmwf_ifs,daily,26.8215,11.2715,25.38,4.694417,4.7217383,44.816162,0.0,26.334414532704688,5.880393650915107
2019-03-06 00:00:00+00:00,-35.629999,-71.603888,170.0,open-meteo_ecmwf_ifs,daily,27.171501,11.8715,25.33,6.0089993,3.2808774,45.920486,0.0,26.153056959108557,5.265024509119223
2019-03-07 00:00:00+00:00,-35.629999,-71.603888,170.0,open-meteo_ecmwf_ifs,daily,23.8715,12.971499,17.92,10.994416,2.549078,63.694744,1.8,25.97031182225184,3.5608381590906624
2019-03-08 00:00:00+00:00,-35.629999,-71.603888,170.0,open-meteo_ecmwf_ifs,daily,28.171501,11.221499,23.79,9.031917,3.2885683,55.134003,0.0,25.786235061751064,4.846156303072445
2019-03-09 00:00:00+00:00,-35.629999,-71.603888,170.0,open-meteo_ecmwf_ifs,daily,29.6215,12.1715,24.23,9.525666,2.1077344,55.035843,0.0,25.60088372738656,4.610623818904833
2019-03-10 00:00:00+00:00,-35.629999,-71.603888,170.0,open-meteo_ecmwf_ifs,daily,26.6215,12.6715,23.62,10.571499,2.6017516,61.2188,0.0,25.41431595352285,4.404949957228926
2019-03-11 00:00:00+00:00,-35.629999,-71.603888,170.0,open-meteo_ecmwf_ifs,daily,28.3215,13.5715,22.71,11.486084,2.25477,58.958042,0.2,25.226590931482182,4.368171069889573
2019-03-12 00:00:00+00:00,-35.629999,-71.603888,170.0,open-meteo_ecmwf_ifs,daily,30.5715,14.1215,23.22,12.190249,3.1119254,58.223705,0.0,25.037768879906942,4.9711450670404815
2019-03-13 00:00:00+00:00,-35.629999,-71.603888,170.0,open-meteo_ecmwf_ifs,daily,28.671501,14.7715,22.45,11.01525,3.7903597,56.1503,0.0,24.847911013152537,5.125255265532481
2019-03-14 00:00:00+00:00,-35.629999,-71.603888,170.0,open-meteo_ecmwf_ifs,daily,26.3715,11.5215,23.57,7.711083,4.1654077,53.012264,0.0,24.65707950775774,5.005524688770466
2019-03-15 00:00:00+00:00,-35.629999,-71.603888,170.0,open-meteo_ecmwf_ifs,daily,26.1215,9.9215,23.87,6.334,2.6410549,51.347214,0.0,24.465337467045213,4.383498690516733
2019-03-16 00:00:00+00:00,-35.629999,-71.603888,170.0,open-meteo_ecmwf_ifs,daily,26.6215,11.4215,23.21,8.169415,2.2070985,55.318787,0.0,24.272748883909884,4.195546523331872
2019-03-17 00:00:00+00:00,-35.629999,-71.603888,170.0,open-meteo_ecmwf_ifs,daily,27.1215,11.3715,22.6,10.063169,2.1222346,62.57529,0.0,24.07937860185827,4.003755068832161
2019-03-18 00:00:00+00:00,-35.629999,-71.603888,170.0,open-meteo_ecmwf_ifs,daily,23.421501,11.4215,22.72,6.4214993,6.005854,52.990444,0.0,23.885292274366574,5.131382873992641
2019-03-19 00:00:00+00:00,-35.629999,-71.603888,170.0,open-meteo_ecmwf_ifs,daily,21.4715,8.4215,23.45,1.7277498,6.8267035,45.172916,0.0,23.690556322630034,5.288960082511071
2019-03-20 00:00:00+00:00,-35.629999,-71.603888,170.0,open-meteo_ecmwf_ifs,daily,23.3215,6.8715,22.92,2.7923336,2.8040493,48.29698,0.0,23.4952378917807,3.980782284204768
2019-03-21 00:00:00+00:00,-35.629999,-71.603888,170.0,open-meteo_ecmwf_ifs,daily,25.771502,10.1715,22.44,4.798583,3.4958751,46.601257,0.0,23.299404805654703,4.643823006283168
2019-03-22 00:00:00+00:00,-35.629999,-71.603888,170.0,open-meteo_ecmwf_ifs,daily,27.771502,11.721499,21.84,9.767334,4.104156,61.173615,0.0,23.1031255201944,4.669190413402194
2019-03-23 00:00:00+00:00,-35.629999,-71.603888,170.0,open-meteo_ecmwf_ifs,daily,27.5715,12.0715,21.63,8.938166,5.301564,54.073914,0.0,22.906469075574332,5.16651081692249
2019-03-24 00:00:00+00:00,-35.629999,-71.603888,170.0,open-meteo_ecmwf_ifs,daily,25.8215,9.971499,20.85,7.3631663,3.3519945,55.143307,0.0,22.70950504714321,4.143778050273852
2019-03-25 00:00:00+00:00,-35.629999,-71.603888,170.0,open-meteo_ecmwf_ifs,daily,25.3215,10.7715,20.76,8.698584,1.886764,57.092403,0.0,22.51230349527776,3.5067067989390153
2019-03-26 00:00:00+00:00,-35.629999,-71.603888,170.0,open-meteo_ecmwf_ifs,daily,27.0715,11.1215,20.83,10.500667,1.3065699,60.410645,0.0,22.314934914246663,3.3385696085950367
2019-03-27 00:00:00+00:00,-35.629999,-71.603888,170.0,open-meteo_ecmwf_ifs,daily,25.021502,11.8215,19.41,11.248584,2.7255783,70.55079,0.0,22.117470180185713,3.4726577375483454
2019-03-28 00:00:00+00:00,-35.629999,-71.603888,170.0,open-meteo_ecmwf_ifs,daily,22.671501,11.1715,15.31,11.073583,1.4361291,75.59135,0.0,21.919980498287526,2.5313666649666406
2019-03-29 00:00:00+00:00,-35.629999,-71.603888,170.0,open-meteo_ecmwf_ifs,daily,23.921501,10.6715,18.94,10.981915,2.0884237,73.803314,0.0,21.722537349311107,3.053545296365781
2019-03-30 00:00:00+00:00,-35.629999,-71.603888,170.0,open-meteo_ecmwf_ifs,daily,25.0715,10.4215,17.12,10.067333,2.9971025,68.08654,0.0,21.52521243551819,3.307356805001176
2019-03-31 00:00:00+00:00,-35.629999,-71.603888,170.0,open-meteo_ecmwf_ifs,daily,20.0715,13.6715,9.24,12.534,2.7838657,76.150826,3.9,21.32807762614494,2.0655279713493147
2019-04-01 00:00:00+00:00,-35.629999,-71.603888,170.0,open-meteo_ecmwf_ifs,daily,24.171501,11.721499,15.51,12.327751,2.5950854,78.92725,0.0,21.131204902518217,2.8112194861235116
2019-04-02 00:00:00+00:00,-35.629999,-71.603888,170.0,open-meteo_ecmwf_ifs,daily,26.521502,13.5215,19.16,11.217334,2.9408748,61.41602,0.0,20.93466630292684,3.776928124956199
2019-04-03 00:00:00+00:00,-35.629999,-71.603888,170.0,open-meteo_ecmwf_ifs,daily,22.8215,10.971499,19.22,11.531918,2.6809118,69.335915,0.0,20.738533867358267,2.9745681302512685
2019-04-04 00:00:00+00:00,-35.629999,-71.603888,170.0,open-meteo_ecmwf_ifs,daily,21.021502,10.4215,18.85,9.7839985,3.6764462,72.056915,6.5,20.54287958221182,3.0533145912911346
2019-04-05 00:00:00+00:00,-35.629999,-71.603888,170.0,open-meteo_ecmwf_ifs,daily,22.8715,7.4214997,19.02,6.8089995,2.6847389,63.392776,0.0,20.3477753250988,3.0817090836781422
2019-04-06 00:00:00+00:00,-35.629999,-71.603888,170.0,open-meteo_ecmwf_ifs,daily,23.9715,9.0715,18.75,9.242333,2.1254032,69.295845,0.0,20.15329280983985,2.9269193972587493
2019-04-07 00:00:00+00:00,-35.629999,-71.603888,170.0,open-meteo_ecmwf_ifs,daily,25.3215,9.4215,18.75,9.927749,1.5476867,67.183876,0.0,19.959503531769016,2.822902665602148
2019-04-08 00:00:00+00:00,-35.629999,-71.603888,170.0,open-meteo_ecmwf_ifs,daily,22.171501,10.6715,16.08,11.06525,2.2878563,75.85194,0.0,19.766478713452827,2.546817978247492
2019-04-09 00:00:00+00:00,-35.629999,-71.603888,170.0,open-meteo_ecmwf_ifs,daily,19.3215,11.221499,8.73,11.113166,1.0108819,80.21077,0.0,19.574289250931482,1.5443336658105806
2019-04-10 00:00:00+00:00,-35.629999,-71.603888,170.0,open-meteo_ecmwf_ifs,daily,23.7215,10.471499,16.06,10.544415,3.4051774,75.3319,0.0,19.383005660587692,2.9581463321672397
2019-04-11 00:00:00+00:00,-35.629999,-71.603888,170.0,open-meteo_ecmwf_ifs,daily,21.0715,10.8215,14.5,10.913165,1.6379327,77.46139,0.0,19.19269802674655,2.195714581960413
2019-04-12 00:00:00+00:00,-35.629999,-71.603888,170.0,open-meteo_ecmwf_ifs,daily,18.421501,10.0715,8.7,10.815249,2.1630619,83.99328,0.0,19.003435950108052,1.578460777967243
2019-04-13 00:00:00+00:00,-35.629999,-71.603888,170.0,open-meteo_ecmwf_ifs,daily,18.8215,11.1215,10.12,10.463168,1.59268,77.64557,1.0,18.815288497111105,1.7380627174322674
2019-04-14 00:00:00+00:00,-35.629999,-71.603888,170.0,open-meteo_ecmwf_ifs,daily,20.3715,8.8215,16.52,6.9715,4.1862226,63.99046,0.0,18.628324150325543,3.0168508608259876
2019-04-15 00:00:00+00:00,-35.629999,-71.603888,170.0,open-meteo_ecmwf_ifs,daily,22.6215,6.8715,17.6,5.929833,3.4971015,63.956192,0.0,18.44261075996535,3.06754162657603
2019-04-16 00:00:00+00:00,-35.629999,-71.603888,170.0,open-meteo_ecmwf_ifs,daily,20.8215,6.6714997,15.91,6.8027496,2.1787794,69.72544,0.0,18.258215496613673,2.330845642171291
2019-04-17 00:00:00+00:00,-35.629999,-71.603888,170.0,open-meteo_ecmwf_ifs,daily,22.6215,7.8215,15.79,6.9256654,2.2994285,65.72803,0.0,18.075204805246337,2.5717172162721273
2019-04-18 00:00:00+00:00,-35.629999,-71.603888,170.0,open-meteo_ecmwf_ifs,daily,21.921501,11.2715,12.53,11.098583,1.5910482,72.4477,0.0,17.893644360637367,2.0220797385243943
2019-04-19 00:00:00+00:00,-35.629999,-71.603888,170.0,open-meteo_ecmwf_ifs,daily,18.8715,12.221499,7.99,11.979833,1.8507355,84.22996,0.0,17.713599024226074,1.5087868210594577
2019-04-20 00:00:00+00:00,-35.629999,-71.603888,170.0,open-meteo_ecmwf_ifs,daily,18.4715,11.1715,5.96,11.690249,1.205175,83.49524,0.2,17.535132802521233,1.194377384676474
2019-04-21 00:00:00+00:00,-35.629999,-71.603888,170.0,open-meteo_ecmwf_ifs,daily,18.671501,9.9215,9.45,10.275665,1.610176,85.11658,0.0,17.35830880711392,1.5394133732194606
2019-04-22 00:00:00+00:00,-35.629999,-71.603888,170.0,open-meteo_ecmwf_ifs,daily,19.171501,7.9214997,11.31,9.259,1.6229935,85.07329,0.0,17.183189216366014,1.6290728908291021
2019-04-23 00:00:00+00:00,-35.629999,-71.603888,170.0,open-meteo_ecmwf_ifs,daily,17.5715,9.1715,9.48,9.663166,1.2651275,84.251114,0.0,17.009835238836985,1.3994371328988493
2019-04-24 00:00:00+00:00,-35.629999,-71.603888,170.0,open-meteo_ecmwf_ifs,daily,15.3215,9.4215,5.18,9.931917,1.5067178,88.42389,4.9,16.838307078506926,1.0170804393514585
2019-04-25 00:00:00+00:00,-35.629999,-71.603888,170.0,open-meteo_ecmwf_ifs,daily,18.521502,8.7715,10.03,9.786082,1.2652045,82.46377,0.0,16.6686639018488,1.4334934451475645
2019-04-26 00:00:00+00:00,-35.629999,-71.603888,170.0,open-meteo_ecmwf_ifs,daily,20.021502,7.7215,14.65,9.111083,1.692386,78.70682,0.0,16.500963806798318,1.8283169805693196
2019-04-27 00:00:00+00:00,-35.629999,-71.603888,170.0,open-meteo_ecmwf_ifs,daily,20.4715,8.0215,13.5,9.436082,1.4752306,81.4664,0.0,16.3352637936642,1.734899042551615
2019-04-28 00:00:00+00:00,-35.629999,-71.603888,170.0,open-meteo_ecmwf_ifs,daily,21.7215,8.1215,13.1,9.831916,2.5687199,76.978165,0.0,16.171619738017007,1.9797391115415426
2019-04-29 00:00:00+00:00,-35.629999,-71.603888,170.0,open-meteo_ecmwf_ifs,daily,19.521502,9.8715,13.17,6.0485826,6.4516835,61.072063,0.0,16.010086365588883,3.3562609820651046
2019-04-30 00:00:00+00:00,-35.629999,-71.603888,170.0,open-meteo_ecmwf_ifs,daily,18.671501,4.5715,14.73,2.9110835,3.2176454,60.74937,0.0,15.850717229211517,2.3346680892382023
2019-05-01 00:00:00+00:00,-35.629999,-71.603888,170.0,open-meteo_ecmwf_ifs,daily,21.021502,7.4214997,14.16,4.4360833,3.8653018,59.764114,0.0,15.693564687813968,2.8449912241843927
2019-05-02 00:00:00+00:00,-35.629999,-71.603888,170.0,open-meteo_ecmwf_ifs,daily,17.271502,11.1715,4.4,10.292333,1.5959201,79.136925,0.6,15.538679887496485,1.1521249770693451
2019-05-03 00:00:00+00:00,-35.629999,-71.603888,170.0,open-meteo_ecmwf_ifs,daily,15.1215,13.0715,1.48,12.888165,3.1930144,93.53308,35.699997,15.386112744690767,0.7218252291869379
2019-05-04 00:00:00+00:00,-35.629999,-71.603888,170.0,open-meteo_ecmwf_ifs,daily,16.5715,13.1715,3.39,13.004832,3.561506,92.20727,43.599995,15.235911931411477,0.9998582839134534
2019-05-05 00:00:00+00:00,-35.629999,-71.603888,170.0,open-meteo_ecmwf_ifs,daily,18.3215,11.5215,10.98,11.819417,3.146157,88.23633,0.0,15.088124862598155,1.582200104203079
2019-05-06 00:00:00+00:00,-35.629999,-71.603888,170.0,open-meteo_ecmwf_ifs,daily,14.1715,8.971499,7.07,8.694417,2.34841,85.38142,0.0,14.942797685540716,1.136310049353828
2019-05-07 00:00:00+00:00,-35.629999,-71.603888,170.0,open-meteo_ecmwf_ifs,daily,14.1715,7.3215,8.3,8.411083,1.4198202,89.67318,0.0,14.799975271376072,1.0125121771193641
2019-05-08 00:00:00+00:00,-35.629999,-71.603888,170.0,open-meteo_ecmwf_ifs,daily,12.0215,8.471499,5.19,8.898583,2.004732,90.28613,0.0,14.659701208637712,0.7854705473531287
2019-05-09 00:00:00+00:00,-35.629999,-71.603888,170.0,open-meteo_ecmwf_ifs,daily,14.1215,6.8715,6.2,8.181916,1.9960407,88.54496,7.6,14.522017798833993,0.9449266268350648
2019-05-10 00:00:00+00:00,-35.629999,-71.603888,170.0,open-meteo_ecmwf_ifs,daily,16.0215,6.3715,12.93,7.2485843,2.9504573,85.83566,0.1,14.386966054025454,1.4896732247755593
2019-05-11 00:00:00+00:00,-35.629999,-71.603888,170.0,open-meteo_ecmwf_ifs,daily,15.8215,5.2714996,11.48,7.325667,1.6209685,86.61905,0.0,14.254585696365465,1.1695814223681393
2019-05-12 00:00:00+00:00,-35.629999,-71.603888,170.0,open-meteo_ecmwf_ifs,daily,17.6215,8.1215,8.91,10.22775,3.6098497,88.346306,0.0,14.124915159563098,1.2767492737780242
2019-05-13 00:00:00+00:00,-35.629999,-71.603888,170.0,open-meteo_ecmwf_ifs,daily,17.2215,8.221499,11.06,9.736083,2.7839983,84.478096,0.0,13.99799159222102,1.3254284242429482
2019-05-14 00:00:00+00:00,-35.629999,-71.603888,170.0,open-meteo_ecmwf_ifs,daily,16.6215,6.8715,10.28,8.7965,1.2120341,87.67684,0.0,13.873850862996356,1.0790907566990917
2019-05-15 00:00:00+00:00,-35.629999,-71.603888,170.0,open-meteo_ecmwf_ifs,daily,15.1215,8.721499,7.98,10.002751,1.6516212,93.17193,0.0,13.752527567526197,0.9489750662872702
2019-05-16 00:00:00+00:00,-35.629999,-71.603888,170.0,open-meteo_ecmwf_ifs,daily,14.6715,9.4215,5.23,9.359,3.0565698,86.70413,0.0,13.63405503705486,1.0639203012390106
2019-05-17 00:00:00+00:00,-35.629999,-71.603888,170.0,open-meteo_ecmwf_ifs,daily,12.5215,9.3715,1.31,9.373583,3.19722,92.60749,26.799997,13.518465348694154,0.7157739663299053
2019-05-18 00:00:00+00:00,-35.629999,-71.603888,170.0,open-meteo_ecmwf_ifs,daily,15.9215,7.7714996,11.11,7.4944167,3.9699726,84.98014,0.70000005,13.40578933724333,1.5783698684035508
2019-05-19 00:00:00+00:00,-35.629999,-71.603888,170.0,open-meteo_ecmwf_ifs,daily,15.6215,4.3715,11.81,4.5215,4.726267,73.8484,0.0,13.296056608490183,1.7569292163125783
2019-05-20 00:00:00+00:00,-35.629999,-71.603888,170.0,open-meteo_ecmwf_ifs,daily,11.1215,6.8715,6.42,5.8319154,2.6886833,83.67867,0.0,13.189295553910274,1.0018540616309497
2019-05-21 00:00:00+00:00,-35.629999,-71.603888,170.0,open-meteo_ecmwf_ifs,daily,14.9215,3.8215,9.77,5.5798335,2.2240856,85.24526,0.4,13.08553336667666,1.093989350315653
2019-05-22 00:00:00+00:00,-35.629999,-71.603888,170.0,open-meteo_ecmwf_ifs,daily,12.471499,1.4215,11.51,3.5298336,1.9750746,79.6253,0.0,12.984796058888309,0.9512937810274735
2019-05-23 00:00:00+00:00,-35.629999,-71.603888,170.0,open-meteo_ecmwf_ifs,daily,12.6715,2.5215,10.09,4.8360834,1.2848943,89.94107,0.0,12.887108479921485,0.8249138069225848
2019-05-24 00:00:00+00:00,-35.629999,-71.603888,170.0,open-meteo_ecmwf_ifs,daily,12.7715,4.4214997,6.8,5.786083,1.4910951,90.602486,0.0,12.79249433580443,0.812906501293282
2019-05-25 00:00:00+00:00,-35.629999,-71.603888,170.0,open-meteo_ecmwf_ifs,daily,13.6215,6.0214996,4.43,7.0673327,2.7329123,86.28473,0.2,12.700976209512634,0.9151695587980357
2019-05-26 00:00:00+00:00,-35.629999,-71.603888,170.0,open-meteo_ecmwf_ifs,daily,15.5215,9.0715,6.49,8.881915,3.2775605,83.60854,4.2000003,12.612575582078644,1.2011017737185898
2019-05-27 00:00:00+00:00,-35.629999,-71.603888,170.0,open-meteo_ecmwf_ifs,daily,15.221499,4.9214997,8.14,8.021501,1.8620747,87.44611,0.8,12.527312854407743,0.8249616670994486
2019-05-28 00:00:00+00:00,-35.629999,-71.603888,170.0,open-meteo_ecmwf_ifs,daily,16.7215,7.8215,10.61,8.873584,1.7361794,84.885925,5.5,12.445207369688513,1.061398840077158
2019-05-29 00:00:00+00:00,-35.629999,-71.603888,170.0,open-meteo_ecmwf_ifs,daily,13.0215,10.3715,1.45,9.258999,4.5510354,85.990875,12.100001,12.366277436285321,0.9916575432550186
2019-05-30 00:00:00+00:00,-35.629999,-71.603888,170.0,open-meteo_ecmwf_ifs,daily,14.221499,10.7715,4.89,9.117333,6.294111,82.30688,17.8,12.290540350998253,1.4514134962948053
2019-05-31 00:00:00+00:00,-35.629999,-71.603888,170.0,open-meteo_ecmwf_ifs,daily,14.1215,10.3715,2.97,8.775666,6.0344257,83.709145,23.3,12.218012422574864,1.4162878048993035
2019-06-01 00:00:00+00:00,-35.629999,-71.603888,170.0,open-meteo_ecmwf_ifs,daily,14.221499,9.6215,3.51,8.954833,4.1385336,85.19038,12.900002,12.148708995357671,1.1167033332918588
2019-06-02 00:00:00+00:00,-35.629999,-71.603888,170.0,open-meteo_ecmwf_ifs,daily,18.421501,9.1215,10.14,8.334,2.1607234,78.112946,3.3000002,12.0826444729508,1.3465784386980897
2019-06-03 00:00:00+00:00,-35.629999,-71.603888,170.0,open-meteo_ecmwf_ifs,daily,15.6715,4.9715,8.48,6.1881676,1.2880238,78.71354,0.0,12.019832341789863,0.8876775679101506
2019-06-04 00:00:00+00:00,-35.629999,-71.603888,170.0,open-meteo_ecmwf_ifs,daily,15.221499,8.1715,6.19,9.500667,2.3231633,92.38108,0.0,11.96028519449979,0.8490261348350561
2019-06-05 00:00:00+00:00,-35.629999,-71.603888,170.0,open-meteo_ecmwf_ifs,daily,16.3215,10.1215,5.36,9.906917,4.4793696,85.70458,12.2,11.904014752926567,1.2950549981551147
2019-06-06 00:00:00+00:00,-35.629999,-71.603888,170.0,open-meteo_ecmwf_ifs,daily,13.5715,8.7715,6.21,10.325667,3.379544,90.83395,21.199999,11.851031890730873,0.6397005892641603
2019-06-07 00:00:00+00:00,-35.629999,-71.603888,170.0,open-meteo_ecmwf_ifs,daily,13.2715,4.8215,9.59,5.8714995,3.3972929,86.980354,0.0,11.801346655433717,1.011765189196278
2019-06-08 00:00:00+00:00,-35.629999,-71.603888,170.0,open-meteo_ecmwf_ifs,daily,14.3215,3.3715,10.6,5.31525,3.4135091,83.67774,0.0,11.75496828980729,1.0584829879493423
2019-06-09 00:00:00+00:00,-35.629999,-71.603888,170.0,open-meteo_ecmwf_ifs,daily,11.3215,4.0715,6.81,6.356916,1.9602572,93.74778,0.0,11.711905252507302,0.6048387986676301
2019-06-10 00:00:00+00:00,-35.629999,-71.603888,170.0,open-meteo_ecmwf_ifs,daily,14.4215,6.6714997,7.19,7.763166,2.5534842,89.99957,0.0,11.672165237847295,0.9030177162350486
2019-06-11 00:00:00+00:00,-35.629999,-71.603888,170.0,open-meteo_ecmwf_ifs,daily,12.0715,5.4214997,3.74,7.2652497,2.7978995,92.6633,4.3,11.635755194619454,0.6412617276197004
2019-06-12 00:00:00+00:00,-35.629999,-71.603888,170.0,open-meteo_ecmwf_ifs,daily,13.3715,9.721499,3.29,8.106916,6.897142,82.28086,17.699999,11.602681343871584,1.4262581443364537
2019-06-13 00:00:00+00:00,-35.629999,-71.603888,170.0,open-meteo_ecmwf_ifs,daily,11.3715,8.0715,4.09,7.623583,3.4796734,88.41566,11.699999,11.572949195555065,0.8052417333575755
2019-06-14 00:00:00+00:00,-35.629999,-71.603888,170.0,open-meteo_ecmwf_ifs,daily,8.6215,6.2215,2.46,6.2694154,4.2134633,88.40476,27.000002,11.54656356396437,0.5694782495455225
2019-06-15 00:00:00+00:00,-35.629999,-71.603888,170.0,open-meteo_ecmwf_ifs,daily,10.8215,1.3215001,9.16,3.3319168,1.8112692,88.0154,0.5,11.52352858189496,0.6830490945653801
2019-06-16 00:00:00+00:00,-35.629999,-71.603888,170.0,open-meteo_ecmwf_ifs,daily,13.3215,2.0715,9.77,3.6923335,1.8420261,85.31319,0.0,11.50384771345294,0.8370041166267878
2019-06-17 00:00:00+00:00,-35.629999,-71.603888,170.0,open-meteo_ecmwf_ifs,daily,12.3215,1.6715,8.86,2.9173336,1.7646217,81.69437,1.6,11.487523765456698,0.8070604660305747
2019-06-18 00:00:00+00:00,-35.629999,-71.603888,170.0,open-meteo_ecmwf_ifs,daily,13.5715,4.0215,10.18,5.3902497,2.6656828,81.07033,4.0,11.474558897378056,0.9264632723770785
2019-06-19 00:00:00+00:00,-35.629999,-71.603888,170.0,open-meteo_ecmwf_ifs,daily,13.7715,2.0215,8.43,3.092333,3.0732174,77.959145,0.0,11.464954629778017,1.1156666849630932
2019-06-20 00:00:00+00:00,-35.629999,-71.603888,170.0,open-meteo_ecmwf_ifs,daily,14.221499,3.9715002,7.38,5.8610835,2.0584095,89.63302,0.0,11.458711851199839,0.8367370951604917
2019-06-21 00:00:00+00:00,-35.629999,-71.603888,170.0,open-meteo_ecmwf_ifs,daily,14.2715,6.1714997,8.46,7.5173326,1.5014664,90.86508,0.0,11.455830823490306,0.7626124729019665
2019-06-22 00:00:00+00:00,-35.629999,-71.603888,170.0,open-meteo_ecmwf_ifs,daily,15.1715,5.6714997,8.54,6.9360833,2.9887886,88.25289,0.0,11.456311185527989,1.033024511349564
2019-06-23 00:00:00+00:00,-35.629999,-71.603888,170.0,open-meteo_ecmwf_ifs,daily,13.5715,6.2714996,6.33,7.99025,1.3926063,93.19962,0.0,11.460151955345715,0.6671517728397136
2019-06-24 00:00:00+00:00,-35.629999,-71.603888,170.0,open-meteo_ecmwf_ifs,daily,9.0215,5.5214996,2.84,6.4131665,2.655535,91.516,4.4999995,11.46735153064259,0.4971905074246919
2019-06-25 00:00:00+00:00,-35.629999,-71.603888,170.0,open-meteo_ecmwf_ifs,daily,9.3215,-0.7285,9.98,1.4465002,1.7668985,85.33596,0.0,11.477907687689358,0.6344266581515967
2019-06-26 00:00:00+00:00,-35.629999,-71.603888,170.0,open-meteo_ecmwf_ifs,daily,9.8215,4.4214997,1.48,1.6569166,3.3708735,71.250885,0.0,11.491817578639035,1.2403664374588501
2019-06-27 00:00:00+00:00,-35.629999,-71.603888,170.0,open-meteo_ecmwf_ifs,daily,12.6215,7.6215,3.63,4.9839997,6.141815,73.53997,1.0,11.509077727263033,1.7105418262714152
2019-06-28 00:00:00+00:00,-35.629999,-71.603888,170.0,open-meteo_ecmwf_ifs,daily,14.221499,8.8215,6.42,6.4839997,5.047117,72.73588,0.4,11.529684023141023,1.6383746079397867
2019-06-29 00:00:00+00:00,-35.629999,-71.603888,170.0,open-meteo_ecmwf_ifs,daily,11.2715,8.5715,2.13,7.511082,5.251018,86.52775,27.4,11.553631714340613,0.9638190014580448
2019-06-30 00:00:00+00:00,-35.629999,-71.603888,170.0,open-meteo_ecmwf_ifs,daily,12.6215,4.5214996,9.33,5.275666,3.2588015,87.33417,0.0,11.580915398630689,0.9753655548932995
2019-07-01 00:00:00+00:00,-35.629999,-71.603888,170.0,open-meteo_ecmwf_ifs,daily,10.721499,0.6215,10.76,2.4860833,3.1281846,84.92153,0.0,11.611529013279599,0.8429411511638137
2019-07-02 00:00:00+00:00,-35.629999,-71.603888,170.0,open-meteo_ecmwf_ifs,daily,12.0215,2.0715,7.38,3.4839995,1.6381159,84.93994,0.0,11.645465823496473,0.764732805926569
2019-07-03 00:00:00+00:00,-35.629999,-71.603888,170.0,open-meteo_ecmwf_ifs,daily,12.6715,2.0215,8.9,5.0506663,2.1804488,89.639565,0.0,11.682718409580735,0.7219487820289502
2019-07-04 00:00:00+00:00,-35.629999,-71.603888,170.0,open-meteo_ecmwf_ifs,daily,12.2715,3.9715002,10.77,5.288166,3.7732236,85.85456,0.0,11.723278652851398,0.9485789728748082
2019-07-05 00:00:00+00:00,-35.629999,-71.603888,170.0,open-meteo_ecmwf_ifs,daily,12.4215,-0.22850001,10.86,2.5215,3.488474,82.66227,0.0,11.767137720433436,0.9566460055793814
2019-07-06 00:00:00+00:00,-35.629999,-71.603888,170.0,open-meteo_ecmwf_ifs,daily,13.5215,2.1215,6.62,5.594416,2.8846395,88.91802,0.0,11.81428604898447,0.76711224843403
2019-07-07 00:00:00+00:00,-35.629999,-71.603888,170.0,open-meteo_ecmwf_ifs,daily,15.9215,8.471499,6.98,9.111083,3.7963307,85.66339,0.1,11.864713327449815,1.1503525851625342
2019-07-08 00:00:00+00:00,-35.629999,-71.603888,170.0,open-meteo_ecmwf_ifs,daily,13.971499,7.9214997,4.92,8.975665,2.8334749,89.9802,0.0,11.918408478938757,0.8053071627207941
2019-07-09 00:00:00+00:00,-35.629999,-71.603888,170.0,open-meteo_ecmwf_ifs,daily,13.8715,5.6714997,8.71,7.7423325,1.3591733,91.46756,0.0,11.975359641819084,0.7414490531964906
2019-07-10 00:00:00+00:00,-35.629999,-71.603888,170.0,open-meteo_ecmwf_ifs,daily,14.0215,7.0715,6.12,8.490249,2.4337733,91.83463,0.0,12.035554150130485,0.8064466670370514
2019-07-11 00:00:00+00:00,-35.629999,-71.603888,170.0,open-meteo_ecmwf_ifs,daily,12.1715,8.0215,3.06,8.819416,1.0124683,93.87882,1.2,12.098978513420695,0.5879545298515296
2019-07-12 00:00:00+00:00,-35.629999,-71.603888,170.0,open-meteo_ecmwf_ifs,daily,12.6215,6.2215,8.48,7.975666,1.3591986,92.02985,0.5,12.165618396110803,0.702914943948965
2019-07-13 00:00:00+00:00,-35.629999,-71.603888,170.0,open-meteo_ecmwf_ifs,daily,14.0215,5.3215,9.49,6.5006657,1.8270375,87.50263,5.0,12.235458596498415,0.9116361916249334
2019-07-14 00:00:00+00:00,-35.629999,-71.603888,170.0,open-meteo_ecmwf_ifs,daily,14.1215,5.5214996,10.47,5.8923335,1.677939,82.99145,0.0,12.308483025508929,0.9778766240721529
2019-07-15 00:00:00+00:00,-35.629999,-71.603888,170.0,open-meteo_ecmwf_ifs,daily,14.721499,4.0215,11.33,4.97775,4.0082135,79.590034,0.0,12.38467468530618,1.3535120879076745
2019-07-16 00:00:00+00:00,-35.629999,-71.603888,170.0,open-meteo_ecmwf_ifs,daily,12.0715,3.1715,8.85,4.519417,1.9354953,82.817406,0.0,12.464015647874746,0.8593822993318039
2019-07-17 00:00:00+00:00,-35.629999,-71.603888,170.0,open-meteo_ecmwf_ifs,daily,13.1715,6.1215,4.07,7.1756654,2.2919579,88.63571,7.0,12.546487033685747,0.8196231051457621
2019-07-18 00:00:00+00:00,-35.629999,-71.603888,170.0,open-meteo_ecmwf_ifs,daily,13.5215,3.7215002,11.9,5.054833,3.7191756,80.64636,6.2,12.63206899055828,1.183419973136832
2019-07-19 00:00:00+00:00,-35.629999,-71.603888,170.0,open-meteo_ecmwf_ifs,daily,9.6715,1.3215001,5.9,2.3631668,2.4071944,83.44262,0.0,12.720740672827478,0.820281470029535
2019-07-20 00:00:00+00:00,-35.629999,-71.603888,170.0,open-meteo_ecmwf_ifs,daily,12.471499,3.9715002,5.62,5.002749,2.878891,83.3917,0.0,12.812480220928952,0.9668415944935488
2019-07-21 00:00:00+00:00,-35.629999,-71.603888,170.0,open-meteo_ecmwf_ifs,daily,10.7715,5.6714997,8.16,6.4110827,4.1428447,85.297775,29.800001,12.90726474150805,0.8498887824538417
2019-07-22 00:00:00+00:00,-35.629999,-71.603888,170.0,open-meteo_ecmwf_ifs,daily,11.4215,1.9714999,11.9,3.5048335,3.115346,83.5801,1.4000001,13.005070288160091,1.0261620061395662
2019-07-23 00:00:00+00:00,-35.629999,-71.603888,170.0,open-meteo_ecmwf_ifs,daily,8.9215,-1.9284999,11.62,0.1465,1.9316663,80.17147,0.0,13.105871842905293,0.8289190459476311
2019-07-24 00:00:00+00:00,-35.629999,-71.603888,170.0,open-meteo_ecmwf_ifs,daily,12.0715,-4.0285,12.33,0.57775,1.7084728,84.69608,0.0,13.209643298499671,0.8509088110329774
2019-07-25 00:00:00+00:00,-35.629999,-71.603888,170.0,open-meteo_ecmwf_ifs,daily,12.3715,4.9214997,7.0,5.4881654,3.820234,82.27668,0.0,13.31635744167975,1.1027501960332824
2019-07-26 00:00:00+00:00,-35.629999,-71.603888,170.0,open-meteo_ecmwf_ifs,daily,14.471499,4.0215,10.04,5.4735827,2.4312491,84.442116,0.0,13.425985937435785,1.1475897783633586
2019-07-27 00:00:00+00:00,-35.629999,-71.603888,170.0,open-meteo_ecmwf_ifs,daily,12.0715,4.1714997,6.51,4.979833,1.7978582,85.43576,0.0,13.538499314404422,0.8986022774943065
2019-07-28 00:00:00+00:00,-35.629999,-71.603888,170.0,open-meteo_ecmwf_ifs,daily,13.3215,6.0715,4.62,7.5319157,3.208151,90.08857,2.4,13.653866951467858,0.888216524571334
2019-07-29 00:00:00+00:00,-35.629999,-71.603888,170.0,open-meteo_ecmwf_ifs,daily,17.021502,9.5715,7.52,9.469416,3.8319597,84.71197,12.800001,13.772057065642299,1.4839937955870866
2019-07-30 00:00:00+00:00,-35.629999,-71.603888,170.0,open-meteo_ecmwf_ifs,daily,18.521502,9.1215,10.59,10.171499,1.6779665,85.82007,0.0,13.893036701334283,1.2961038059242658
2019-07-31 00:00:00+00:00,-35.629999,-71.603888,170.0,open-meteo_ecmwf_ifs,daily,14.0715,8.8715,10.05,8.558999,2.8965714,83.082855,1.0000001,14.016771721038747,1.2326728134657363
2019-08-01 00:00:00+00:00,-35.629999,-71.603888,170.0,open-meteo_ecmwf_ifs,daily,12.2715,4.2215,12.93,4.511083,3.393235,81.820915,0.0,14.14322679754809,1.318856938207008
2019-08-02 00:00:00+00:00,-35.629999,-71.603888,170.0,open-meteo_ecmwf_ifs,daily,13.7715,2.9215,13.42,2.5860832,5.5451665,71.66376,0.0,14.272365407736467,1.8920007184744938
2019-08-03 00:00:00+00:00,-35.629999,-71.603888,170.0,open-meteo_ecmwf_ifs,daily,15.0715,2.0215,12.56,3.8027499,2.496832,79.982185,0.0,14.404149827978726,1.369377284106929
2019-08-04 00:00:00+00:00,-35.629999,-71.603888,170.0,open-meteo_ecmwf_ifs,daily,15.7715,3.7715,13.08,5.7735825,1.3737069,83.995155,0.0,14.53854113125797,1.235530393430059
2019-08-05 00:00:00+00:00,-35.629999,-71.603888,170.0,open-meteo_ecmwf_ifs,daily,14.8715,4.6215,13.59,6.229832,2.2940018,86.5347,0.0,14.67549918601099,1.3368407551872026
2019-08-06 00:00:00+00:00,-35.629999,-71.603888,170.0,open-meteo_ecmwf_ifs,daily,11.9215,6.4715,5.97,6.219417,2.6032119,84.99264,4.3,14.814982656754971,1.0385906065436095
2019-08-07 00:00:00+00:00,-35.629999,-71.603888,170.0,open-meteo_ecmwf_ifs,daily,12.6715,3.1215,14.39,2.7902496,5.5258756,74.95831,0.0,14.956949006533916,1.8070771161594683
2019-08-08 00:00:00+00:00,-35.629999,-71.603888,170.0,open-meteo_ecmwf_ifs,daily,11.721499,-0.1785,13.74,2.5173335,1.844277,83.50788,0.0,15.101354501217719,1.125292468653333
2019-08-09 00:00:00+00:00,-35.629999,-71.603888,170.0,open-meteo_ecmwf_ifs,daily,10.5715,1.3715,12.13,3.1631668,1.6401901,88.44392,0.0,15.248154215681367,1.0499131067398737
2019-08-10 00:00:00+00:00,-35.629999,-71.603888,170.0,open-meteo_ecmwf_ifs,daily,10.0215,1.1215,8.28,2.798583,2.2358263,85.30298,0.0,15.397302041886318,0.9516752207443757
2019-08-11 00:00:00+00:00,-35.629999,-71.603888,170.0,open-meteo_ecmwf_ifs,daily,12.0215,3.5215,10.11,5.0464997,2.5210304,86.29946,5.2000003,15.548750698880681,1.1192135031648454
2019-08-12 00:00:00+00:00,-35.629999,-71.603888,170.0,open-meteo_ecmwf_ifs,daily,14.9215,2.4215,13.63,4.1235833,3.1967971,82.926056,0.1,15.702451744729414,1.5813492389436057
2019-08-13 00:00:00+00:00,-35.629999,-71.603888,170.0,open-meteo_ecmwf_ifs,daily,13.971499,-2.0284998,12.73,1.0298333,3.108843,72.25521,0.0,15.85835559038023,1.4421915813533166
2019-08-14 00:00:00+00:00,-35.629999,-71.603888,170.0,open-meteo_ecmwf_ifs,daily,17.9715,3.1715,13.2,6.5090003,2.4676502,83.96043,0.0,16.01641151546576,1.5625098495842233
2019-08-15 00:00:00+00:00,-35.629999,-71.603888,170.0,open-meteo_ecmwf_ifs,daily,15.721499,7.7215,11.3,8.681915,2.4691973,88.90658,0.0,16.176567686036773,1.4324068994565071
2019-08-16 00:00:00+00:00,-35.629999,-71.603888,170.0,open-meteo_ecmwf_ifs,daily,13.1715,8.5215,6.03,8.1965,2.5417821,85.804596,0.1,16.338771174216483,1.106022554955578
2019-08-17 00:00:00+00:00,-35.629999,-71.603888,170.0,open-meteo_ecmwf_ifs,daily,14.5215,8.471499,7.73,7.37775,5.180513,81.770744,11.700001,16.502967979760236,1.721377547914286
2019-08-18 00:00:00+00:00,-35.629999,-71.603888,170.0,open-meteo_ecmwf_ifs,daily,13.4215,7.4214997,9.93,7.977751,2.0094678,90.507545,0.0,16.669103053500145,1.2320427111937207
2019-08-19 00:00:00+00:00,-35.629999,-71.603888,170.0,open-meteo_ecmwf_ifs,daily,11.8215,5.5214996,4.58,7.0444164,2.020404,90.46628,0.0,16.83712032264884,0.8165102924974021
2019-08-20 00:00:00+00:00,-35.629999,-71.603888,170.0,open-meteo_ecmwf_ifs,daily,18.7215,6.9214997,11.41,8.311084,1.4305493,83.30932,0.0,17.00696271793167,1.5683608492722463
2019-08-21 00:00:00+00:00,-35.629999,-71.603888,170.0,open-meteo_ecmwf_ifs,daily,15.6215,6.9715,7.64,7.5589995,2.7773056,79.624695,0.2,17.178572202511823,1.414407960344634
2019-08-22 00:00:00+00:00,-35.629999,-71.603888,170.0,open-meteo_ecmwf_ifs,daily,18.6215,4.1714997,15.57,7.0735836,2.6563056,80.83902,0.0,17.351889802667873,1.8816745174756448
2019-08-23 00:00:00+00:00,-35.629999,-71.603888,170.0,open-meteo_ecmwf_ifs,daily,16.671501,6.5715,12.56,7.3006663,1.7828513,82.908356,0.0,17.52685564017888,1.646584974320823
2019-08-24 00:00:00+00:00,-35.629999,-71.603888,170.0,open-meteo_ecmwf_ifs,daily,18.271502,5.9715,14.8,8.600666,2.6378255,80.23268,0.0,17.703408966367295,1.81809674812268
2019-08-25 00:00:00+00:00,-35.629999,-71.603888,170.0,open-meteo_ecmwf_ifs,daily,17.271502,6.4715,9.95,7.4319153,2.2816298,76.50268,0.2,17.881488197745675,1.622717430005649
2019-08-26 00:00:00+00:00,-35.629999,-71.603888,170.0,open-meteo_ecmwf_ifs,daily,13.8715,9.8215,2.84,9.329833,1.5494852,86.58032,2.8000002,18.061030953208935,0.898352022780018
2019-08-27 00:00:00+00:00,-35.629999,-71.603888,170.0,open-meteo_ecmwf_ifs,daily,18.6215,8.4215,11.89,10.304832,1.7143182,89.98844,0.0,18.241974092709803,1.6507392057237904
2019-08-28 00:00:00+00:00,-35.629999,-71.603888,170.0,open-meteo_ecmwf_ifs,daily,16.421501,10.1715,6.16,11.690249,1.3682518,91.76914,0.1,18.424253757350737,1.0673959383732345
2019-08-29 00:00:00+00:00,-35.629999,-71.603888,170.0,open-meteo_ecmwf_ifs,daily,14.8215,6.6215,14.71,7.021499,3.683567,77.187225,4.7999997,18.607805410822532,1.877784655371773
2019-08-30 00:00:00+00:00,-35.629999,-71.603888,170.0,open-meteo_ecmwf_ifs,daily,15.721499,4.3215,17.99,4.8048334,4.676783,75.05009,0.0,18.792563882115246,2.3196660852116437
2019-08-31 00:00:00+00:00,-35.629999,-71.603888,170.0,open-meteo_ecmwf_ifs,daily,15.9215,4.1215,18.3,3.9673328,5.975559,71.15687,0.0,18.97846340942455,2.6127181148943057
2019-09-01 00:00:00+00:00,-35.629999,-71.603888,170.0,open-meteo_ecmwf_ifs,daily,15.971499,2.4215,17.78,3.2735832,4.217255,71.44781,0.0,19.165437685172577,2.330912928692064
2019-09-02 00:00:00+00:00,-35.629999,-71.603888,170.0,open-meteo_ecmwf_ifs,daily,14.3215,2.3715,16.9,2.0319169,3.495737,67.88047,0.0,19.35341990205968,2.202067450405541
2019-09-03 00:00:00+00:00,-35.629999,-71.603888,170.0,open-meteo_ecmwf_ifs,daily,16.0215,1.0715001,19.03,2.6319168,2.218179,72.87091,0.0,19.54234280006061,2.1271539456247552
2019-09-04 00:00:00+00:00,-35.629999,-71.603888,170.0,open-meteo_ecmwf_ifs,daily,17.921501,4.0215,12.66,6.5069165,1.7958902,83.73684,0.0,19.73213871427569,1.7652125047439429
2019-09-05 00:00:00+00:00,-35.629999,-71.603888,170.0,open-meteo_ecmwf_ifs,daily,13.9215,9.0215,5.1,7.7548337,4.321133,79.97445,1.5,19.922739623545546,1.5196158705893448
2019-09-06 00:00:00+00:00,-35.629999,-71.603888,170.0,open-meteo_ecmwf_ifs,daily,12.9215,7.4715,5.61,8.721499,2.0179136,93.70923,15.700001,20.1140771997354,0.9745121628178075
2019-09-07 00:00:00+00:00,-35.629999,-71.603888,170.0,open-meteo_ecmwf_ifs,daily,10.9215,8.0215,4.6,8.040249,1.5831285,91.451515,12.600001,20.306082857592948,0.8776146795792558
2019-09-08 00:00:00+00:00,-35.629999,-71.603888,170.0,open-meteo_ecmwf_ifs,daily,13.5715,6.1215,10.13,5.5173335,2.3880785,80.06661,0.0,20.49868780508257,1.6385696136928471
2019-09-09 00:00:00+00:00,-35.629999,-71.603888,170.0,open-meteo_ecmwf_ifs,daily,11.5215,7.9214997,3.76,5.42775,6.396973,77.66235,17.999998,20.691823094096364,1.6761788431506621
2019-09-10 00:00:00+00:00,-35.629999,-71.603888,170.0,open-meteo_ecmwf_ifs,daily,15.7715,4.3215,17.08,5.873583,2.0933368,76.44981,0.5,20.88541967144208,2.059064877527437
2019-09-11 00:00:00+00:00,-35.629999,-71.603888,170.0,open-meteo_ecmwf_ifs,daily,15.721499,6.7714996,16.83,7.2444167,1.8203613,81.24294,3.1,21.079408430006485,2.107048175609424
2019-09-12 00:00:00+00:00,-35.629999,-71.603888,170.0,open-meteo_ecmwf_ifs,daily,18.8215,4.9214997,20.16,6.9110827,3.7727451,79.06431,0.0,21.273720259992107,2.6560463852885756
2019-09-13 00:00:00+00:00,-35.629999,-71.603888,170.0,open-meteo_ecmwf_ifs,daily,18.2215,5.9715,19.28,7.9465003,2.372147,79.73666,0.0,21.46828610012523,2.4238085893825674
2019-09-14 00:00:00+00:00,-35.629999,-71.603888,170.0,open-meteo_ecmwf_ifs,daily,14.5215,9.0215,4.92,9.909,2.740338,89.84841,1.7000002,21.663036988732163,1.0803066691853307
2019-09-15 00:00:00+00:00,-35.629999,-71.603888,170.0,open-meteo_ecmwf_ifs,daily,13.5215,7.8215,9.46,7.900667,3.0233319,88.42554,11.9,21.857904114581675,1.5173408941589666
2019-09-16 00:00:00+00:00,-35.629999,-71.603888,170.0,open-meteo_ecmwf_ifs,daily,16.7215,2.5715,21.52,3.5881672,5.049746,73.28393,0.0,22.0528188673914,2.8257220005931574
2019-09-17 00:00:00+00:00,-35.629999,-71.603888,170.0,open-meteo_ecmwf_ifs,daily,14.3215,4.3715,11.98,6.1027493,3.642665,80.73433,0.0,22.247712887896693,1.715600326960569
2019-09-18 00:00:00+00:00,-35.629999,-71.603888,170.0,open-meteo_ecmwf_ifs,daily,15.0715,5.1215,16.16,6.338167,2.6129625,83.73162,0.0,22.442518117381805,2.0741269646477782
2019-09-19 00:00:00+00:00,-35.629999,-71.603888,170.0,open-meteo_ecmwf_ifs,daily,13.4215,4.1215,22.14,1.9569167,6.369407,61.958603,0.0,22.637166846573887,3.0140442952270057
2019-09-20 00:00:00+00:00,-35.629999,-71.603888,170.0,open-meteo_ecmwf_ifs,daily,15.3215,3.1715,22.44,2.7944167,5.0696416,68.85543,0.0,22.83159176380243,2.9396888415749483
2019-09-21 00:00:00+00:00,-35.629999,-71.603888,170.0,open-meteo_ecmwf_ifs,daily,18.2215,4.2714996,22.37,4.0589995,6.2096353,67.28378,0.0,23.025726002328184,3.4237299692708953
2019-09-22 00:00:00+00:00,-35.629999,-71.603888,170.0,open-meteo_ecmwf_ifs,daily,18.8215,3.8715,20.9,7.4902496,1.8511281,80.73263,0.0,23.21950318674769,2.5423241522576148
2019-09-23 00:00:00+00:00,-35.629999,-71.603888,170.0,open-meteo_ecmwf_ifs,daily,16.421501,6.6215,14.92,9.340251,1.8947603,87.760445,0.0,23.412857478382367,1.9296513010006104
2019-09-24 00:00:00+00:00,-35.629999,-71.603888,170.0,open-meteo_ecmwf_ifs,daily,18.671501,9.2715,13.77,11.196499,1.5110871,89.56147,0.0,23.60572361956295,2.0516939845641216
2019-09-25 00:00:00+00:00,-35.629999,-71.603888,170.0,open-meteo_ecmwf_ifs,daily,19.7215,9.6215,14.03,11.959,1.2891802,89.137794,0.0,23.798036976723857,2.1164202621826447
2019-09-26 00:00:00+00:00,-35.629999,-71.603888,170.0,open-meteo_ecmwf_ifs,daily,17.921501,11.8215,8.38,12.463168,1.7507554,91.09952,0.3,23.989733582224495,1.5747174694976405
2019-09-27 00:00:00+00:00,-35.629999,-71.603888,170.0,open-meteo_ecmwf_ifs,daily,18.4715,10.1215,14.99,9.094417,3.8564308,76.86023,0.5,24.180750174818257,2.736617315349885
2019-09-28 00:00:00+00:00,-35.629999,-71.603888,170.0,open-meteo_ecmwf_ifs,daily,19.3715,4.5214996,20.26,8.240249,1.893665,82.74976,0.0,24.371024238693796,2.6017575533276673
2019-09-29 00:00:00+00:00,-35.629999,-71.603888,170.0,open-meteo_ecmwf_ifs,daily,17.4715,6.7714996,15.19,8.717332,2.6745546,82.812706,1.1,24.56049404101651,2.2026938082996796
2019-09-30 00:00:00+00:00,-35.629999,-71.603888,170.0,open-meteo_ecmwf_ifs,daily,13.1215,8.3715,9.21,6.925667,2.6230004,80.620476,7.9,24.74909866790285,1.711018340578594
2019-10-01 00:00:00+00:00,-35.629999,-71.603888,170.0,open-meteo_ecmwf_ifs,daily,13.0715,3.0215,16.94,4.000666,1.705895,78.5546,5.3999996,24.936778058764165,2.0811733644154855
2019-10-02 00:00:00+00:00,-35.629999,-71.603888,170.0,open-meteo_ecmwf_ifs,daily,13.6715,2.6715,18.41,4.20275,1.7949432,78.529144,3.1999998,25.12347303896108,2.204047602194737
2019-10-03 00:00:00+00:00,-35.629999,-71.603888,170.0,open-meteo_ecmwf_ifs,daily,14.4215,3.0715,19.71,4.175666,2.2069798,77.276634,0.1,25.309125350714705,2.4223218270327522
2019-10-04 00:00:00+00:00,-35.629999,-71.603888,170.0,open-meteo_ecmwf_ifs,daily,16.6215,4.1714997,24.76,4.844416,4.4681377,75.18044,0.0,25.49367768222526,3.167888093796781
2019-10-05 00:00:00+00:00,-35.629999,-71.603888,170.0,open-meteo_ecmwf_ifs,daily,15.5715,3.3215,18.61,4.1110835,2.74418,73.02169,0.0,25.67707369495413,2.5345796036443495
2019-10-06 00:00:00+00:00,-35.629999,-71.603888,170.0,open-meteo_ecmwf_ifs,daily,19.3715,4.5214996,22.64,6.644417,2.2230036,74.8841,0.0,25.859258049030625,3.048613670692779
2019-10-07 00:00:00+00:00,-35.629999,-71.603888,170.0,open-meteo_ecmwf_ifs,daily,19.9715,9.6215,23.53,9.527749,4.037477,75.79983,0.0,26.040176426749454,3.574503591100206
2019-10-08 00:00:00+00:00,-35.629999,-71.603888,170.0,open-meteo_ecmwf_ifs,daily,21.421501,5.7714996,22.42,4.99025,4.527697,59.89731,0.0,26.219775554131406,3.958063824000922
2019-10-09 00:00:00+00:00,-35.629999,-71.603888,170.0,open-meteo_ecmwf_ifs,daily,24.521502,9.1215,22.78,7.9006667,3.6686745,60.740677,0.0,26.39800322052408,4.307197435174463
2019-10-10 00:00:00+00:00,-35.629999,-71.603888,170.0,open-meteo_ecmwf_ifs,daily,21.3215,11.7715,13.17,10.715249,1.9382925,73.05085,0.0,26.574808296226127,2.632395527371777
2019-10-11 00:00:00+00:00,-35.629999,-71.603888,170.0,open-meteo_ecmwf_ifs,daily,17.9715,10.5215,7.56,12.348582,1.1048999,85.63001,0.0,26.75014074812351,1.4457976603561822
2019-10-12 00:00:00+00:00,-35.629999,-71.603888,170.0,open-meteo_ecmwf_ifs,daily,20.671501,10.221499,19.29,8.9714985,1.8420919,71.217285,0.0,26.923951653332207,3.2042317894358634
2019-10-13 00:00:00+00:00,-35.629999,-71.603888,170.0,open-meteo_ecmwf_ifs,daily,19.771502,9.471499,16.45,8.513166,2.9141986,69.24714,0.0,27.096193210847524,3.017022027767816
2019-10-14 00:00:00+00:00,-35.629999,-71.603888,170.0,open-meteo_ecmwf_ifs,daily,18.8715,11.0215,14.36,10.311084,4.465847,77.69938,10.200001,27.266818751205932,2.7991792069334283
2019-10-15 00:00:00+00:00,-35.629999,-71.603888,170.0,open-meteo_ecmwf_ifs,daily,18.521502,11.0215,15.3,9.99025,3.057515,76.43023,0.70000005,27.435782744170826,2.763520921201279
2019-10-16 00:00:00+00:00,-35.629999,-71.603888,170.0,open-meteo_ecmwf_ifs,daily,16.6215,7.5715,14.4,8.6215,2.3966162,80.9849,8.8,27.603040804459596,2.2387214759859466
2019-10-17 00:00:00+00:00,-35.629999,-71.603888,170.0,open-meteo_ecmwf_ifs,daily,18.021502,9.5715,18.23,7.513167,2.5339088,71.66323,1.8000001,27.768549695534574,3.0876225358167315
2019-10-18 00:00:00+00:00,-35.629999,-71.603888,170.0,open-meteo_ecmwf_ifs,daily,20.7215,6.7714996,25.51,7.6402493,2.5949209,70.92157,0.0,27.932267331486372,3.7255035593470955
2019-10-19 00:00:00+00:00,-35.629999,-71.603888,170.0,open-meteo_ecmwf_ifs,daily,18.6215,8.8715,16.06,9.869417,3.1789417,80.5841,0.0,28.09415277704308,2.6269402686977132
2019-10-20 00:00:00+00:00,-35.629999,-71.603888,170.0,open-meteo_ecmwf_ifs,daily,19.271502,10.3715,17.32,7.4527497,1.6728889,67.58443,0.0,28.254166245744305,3.049935108048786
2019-10-21 00:00:00+00:00,-35.629999,-71.603888,170.0,open-meteo_ecmwf_ifs,daily,20.9715,7.6714997,26.78,5.7715,5.292888,60.81576,0.0,28.412269096324195,4.59375336883555
2019-10-22 00:00:00+00:00,-35.629999,-71.603888,170.0,open-meteo_ecmwf_ifs,daily,22.8715,5.4715,28.07,4.429833,4.2101827,56.691357,0.0,28.568423827352163,4.695503188725127
2019-10-23 00:00:00+00:00,-35.629999,-71.603888,170.0,open-meteo_ecmwf_ifs,daily,23.521502,6.5214996,27.63,7.596499,1.7297703,65.986275,0.0,28.72259407018517,4.129367093508265
2019-10-24 00:00:00+00:00,-35.629999,-71.603888,170.0,open-meteo_ecmwf_ifs,daily,22.6215,10.8215,25.23,8.450665,1.2510389,61.3635,0.0,28.874744580289747,4.028112643645765
2019-10-25 00:00:00+00:00,-35.629999,-71.603888,170.0,open-meteo_ecmwf_ifs,daily,23.5715,7.5214996,23.52,6.763167,3.2784595,60.956192,0.0,29.024841226996184,4.244096956175737
2019-10-26 00:00:00+00:00,-35.629999,-71.603888,170.0,open-meteo_ecmwf_ifs,daily,21.671501,11.8715,19.3,9.400668,2.5768561,64.320595,0.2,29.172850981751598,3.6806564368450134
2019-10-27 00:00:00+00:00,-35.629999,-71.603888,170.0,open-meteo_ecmwf_ifs,daily,18.421501,12.9215,8.67,9.711083,2.4168918,71.68947,1.4000001,29.31874190494176,2.3132518422086528
2019-10-28 00:00:00+00:00,-35.629999,-71.603888,170.0,open-meteo_ecmwf_ifs,daily,19.5715,7.7215,28.33,6.177749,3.4226437,64.930244,0.0,29.462483131356134,4.285620946644649
2019-10-29 00:00:00+00:00,-35.629999,-71.603888,170.0,open-meteo_ecmwf_ifs,daily,18.1215,10.1715,19.29,7.613167,3.492837,72.08868,12.900002,29.604044854372273,3.4572616172868478
2019-10-30 00:00:00+00:00,-35.629999,-71.603888,170.0,open-meteo_ecmwf_ifs,daily,21.8215,6.6714997,29.49,6.4964995,3.7835734,66.330765,0.0,29.743398308940055,4.560903381979302
2019-10-31 00:00:00+00:00,-35.629999,-71.603888,170.0,open-meteo_ecmwf_ifs,daily,21.1215,8.0715,24.29,5.86525,2.4108808,59.64795,0.0,29.880515753447717,4.05138795424373
2019-11-01 00:00:00+00:00,-35.629999,-71.603888,170.0,open-meteo_ecmwf_ifs,daily,20.2215,9.6215,19.83,7.856916,3.4177437,67.698616,1.4,30.015370450554087,3.6764925063345557
2019-11-02 00:00:00+00:00,-35.629999,-71.603888,170.0,open-meteo_ecmwf_ifs,daily,22.6215,7.6714997,30.29,6.4381657,5.424277,63.753613,0.0,30.147936647073738,5.131168132283144
2019-11-03 00:00:00+00:00,-35.629999,-71.603888,170.0,open-meteo_ecmwf_ifs,daily,21.3715,9.221499,24.16,7.938166,2.7942283,67.14428,0.1,30.2781895530023,4.07744333172744
2019-11-04 00:00:00+00:00,-35.629999,-71.603888,170.0,open-meteo_ecmwf_ifs,daily,18.771502,10.1715,15.38,7.8714995,2.429403,69.25301,0.0,30.406105319771118,2.9963671542454753
2019-11-05 00:00:00+00:00,-35.629999,-71.603888,170.0,open-meteo_ecmwf_ifs,daily,24.771502,7.9214997,30.34,5.7048326,4.669704,57.81631,0.0,30.53166101782066,5.567017111029506
2019-11-06 00:00:00+00:00,-35.629999,-71.603888,170.0,open-meteo_ecmwf_ifs,daily,26.9715,9.6715,28.81,8.269417,3.5690718,59.327667,0.0,30.65483461358238,5.449464359345792
2019-11-07 00:00:00+00:00,-35.629999,-71.603888,170.0,open-meteo_ecmwf_ifs,daily,27.9715,9.221499,29.69,7.9631653,4.5615907,55.088,0.0,30.775604945959003,5.90133853204738
2019-11-08 00:00:00+00:00,-35.629999,-71.603888,170.0,open-meteo_ecmwf_ifs,daily,28.1215,12.721499,24.85,8.9465,3.1114366,53.23996,0.0,30.8939517023923,5.4013397013227165
2019-11-09 00:00:00+00:00,-35.629999,-71.603888,170.0,open-meteo_ecmwf_ifs,daily,31.6215,11.721499,30.5,7.5944157,4.433887,48.583782,0.0,31.009855394606944,6.988579609011007
2019-11-10 00:00:00+00:00,-35.629999,-71.603888,170.0,open-meteo_ecmwf_ifs,daily,32.5215,13.6215,29.8,10.617333,3.0398903,51.520855,0.0,31.123297334117666,6.424456556623034
2019-11-11 00:00:00+00:00,-35.629999,-71.603888,170.0,open-meteo_ecmwf_ifs,daily,27.021502,15.6715,24.47,13.8215,2.8589172,63.037807,0.0,31.234259607585088,4.963572070458027
2019-11-12 00:00:00+00:00,-35.629999,-71.603888,170.0,open-meteo_ecmwf_ifs,daily,28.021502,13.3715,28.33,13.086082,1.5040231,65.27384,0.1,31.342725052104274,5.054406597512152
2019-11-13 00:00:00+00:00,-35.629999,-71.603888,170.0,open-meteo_ecmwf_ifs,daily,29.271502,14.6715,29.74,10.298582,3.2897837,54.270298,0.0,31.448677230507144,6.288248154692569
2019-11-14 00:00:00+00:00,-35.629999,-71.603888,170.0,open-meteo_ecmwf_ifs,daily,29.5715,14.9215,28.82,8.111083,4.5771675,45.075138,0.0,31.55210040675744,7.036245701689237
2019-11-15 00:00:00+00:00,-35.629999,-71.603888,170.0,open-meteo_ecmwf_ifs,daily,29.4715,14.0215,28.82,11.79025,4.210255,57.552296,0.0,31.652979521514183,6.228149368994588
2019-11-16 00:00:00+00:00,-35.629999,-71.603888,170.0,open-meteo_ecmwf_ifs,daily,29.021502,13.8215,29.41,10.684001,3.7055976,57.125576,0.0,31.751300167936037,6.209281442834072
2019-11-17 00:00:00+00:00,-35.629999,-71.603888,170.0,open-meteo_ecmwf_ifs,daily,26.2215,9.971499,31.07,5.6110826,4.0499425,50.132233,0.0,31.847048567795724,6.117262713471467
2019-11-18 00:00:00+00:00,-35.629999,-71.603888,170.0,open-meteo_ecmwf_ifs,daily,31.521502,12.221499,32.02,6.190249,5.880745,45.09927,0.0,31.94021154796953,7.993507681117277
2019-11-19 00:00:00+00:00,-35.629999,-71.603888,170.0,open-meteo_ecmwf_ifs,daily,33.0215,13.8715,31.71,6.490249,4.6625285,39.89031,0.0,32.030776517363314,7.960259424330538
2019-11-20 00:00:00+00:00,-35.629999,-71.603888,170.0,open-meteo_ecmwf_ifs,daily,31.5715,13.1715,31.63,8.581916,4.556497,47.18777,0.0,32.11873144433215,7.323830550952072
2019-11-21 00:00:00+00:00,-35.629999,-71.603888,170.0,open-meteo_ecmwf_ifs,daily,31.6215,14.221499,31.63,6.534,4.618672,39.215206,0.0,32.20406483464601,7.776311631467182
2019-11-22 00:00:00+00:00,-35.629999,-71.603888,170.0,open-meteo_ecmwf_ifs,daily,28.421501,13.0715,23.05,9.656916,2.0413373,52.21056,0.0,32.28676571005012,4.853134564350273
2019-11-23 00:00:00+00:00,-35.629999,-71.603888,170.0,open-meteo_ecmwf_ifs,daily,21.7215,12.3215,14.91,10.8215,3.263992,68.09332,0.0,32.36682358746337,3.33028330548187
2019-11-24 00:00:00+00:00,-35.629999,-71.603888,170.0,open-meteo_ecmwf_ifs,daily,25.1215,12.6715,24.93,8.91525,2.8543599,58.182922,0.3,32.44422845885387,5.034526582212548
2019-11-25 00:00:00+00:00,-35.629999,-71.603888,170.0,open-meteo_ecmwf_ifs,daily,20.7215,12.471499,20.84,6.0194154,3.660371,53.601242,0.0,32.51897077182602,4.615128435356621
2019-11-26 00:00:00+00:00,-35.629999,-71.603888,170.0,open-meteo_ecmwf_ifs,daily,21.771502,8.0215,32.89,0.8881667,5.0754666,43.693233,0.0,32.591041410948804,6.136981045855898
2019-11-27 00:00:00+00:00,-35.629999,-71.603888,170.0,open-meteo_ecmwf_ifs,daily,26.2215,9.1715,32.71,2.3527498,6.1769958,40.554012,0.0,32.66043167985034,7.176057380389035
2019-11-28 00:00:00+00:00,-35.629999,-71.603888,170.0,open-meteo_ecmwf_ifs,daily,25.021502,10.4215,26.85,4.8694167,4.1702642,45.116405,0.0,32.72713328409934,5.790832238782439
2019-11-29 00:00:00+00:00,-35.629999,-71.603888,170.0,open-meteo_ecmwf_ifs,daily,24.1215,9.8215,28.78,6.573583,2.9885046,53.348698,0.0,32.791138314889395,5.254551939265777
2019-11-30 00:00:00+00:00,-35.629999,-71.603888,170.0,open-meteo_ecmwf_ifs,daily,28.9715,10.1215,32.97,3.9965,5.9191737,42.782307,0.0,32.85243923353839,7.591649493988574
2019-12-01 00:00:00+00:00,-35.629999,-71.603888,170.0,open-meteo_ecmwf_ifs,daily,31.021502,11.8215,32.15,8.950665,3.0313385,49.683987,0.0,32.91102885681044,6.537318272475837
2019-12-02 00:00:00+00:00,-35.629999,-71.603888,170.0,open-meteo_ecmwf_ifs,daily,28.671501,13.3215,26.41,9.346499,3.353029,51.28914,0.0,32.96690034306469,5.873784498456349
2019-12-03 00:00:00+00:00,-35.629999,-71.603888,170.0,open-meteo_ecmwf_ifs,daily,26.3215,12.0215,32.59,5.409,6.2555485,44.831882,0.0,33.02004717923117,7.31292997358131
2019-12-04 00:00:00+00:00,-35.629999,-71.603888,170.0,open-meteo_ecmwf_ifs,daily,30.2215,10.1215,33.08,4.3944163,4.228979,40.900917,0.0,33.07046316861084,7.188509815655099
2019-12-05 00:00:00+00:00,-35.629999,-71.603888,170.0,open-meteo_ecmwf_ifs,daily,29.9715,13.6215,32.89,7.256916,4.724932,42.4762,0.0,33.118142419494106,7.559236950406105
2019-12-06 00:00:00+00:00,-35.629999,-71.603888,170.0,open-meteo_ecmwf_ifs,daily,28.6215,13.471499,32.65,7.3465,4.196604,44.71326,0.0,33.16307933458884,7.095028898466394
2019-12-07 00:00:00+00:00,-35.629999,-71.603888,170.0,open-meteo_ecmwf_ifs,daily,28.3215,13.5215,32.27,10.011083,2.0284288,53.42198,0.0,33.20526860124732,6.019746139562426
2019-12-08 00:00:00+00:00,-35.629999,-71.603888,170.0,open-meteo_ecmwf_ifs,daily,30.771502,14.2715,32.9,8.469417,2.434251,45.982304,0.0,33.24470518247902,6.686508391508003
2019-12-09 00:00:00+00:00,-35.629999,-71.603888,170.0,open-meteo_ecmwf_ifs,daily,31.271502,13.7715,32.49,10.219417,2.4513338,49.793438,0.0,33.28138430873483,6.541603414585574
2019-12-10 00:00:00+00:00,-35.629999,-71.603888,170.0,open-meteo_ecmwf_ifs,daily,29.671501,14.721499,30.92,9.648583,2.572436,48.292145,0.0,33.31530147044687,6.374187562285042
2019-12-11 00:00:00+00:00,-35.629999,-71.603888,170.0,open-meteo_ecmwf_ifs,daily,27.8215,12.5715,32.63,8.156917,4.0450606,51.794617,0.0,33.34645241130739,6.693289394761645
2019-12-12 00:00:00+00:00,-35.629999,-71.603888,170.0,open-meteo_ecmwf_ifs,daily,30.0715,11.471499,33.69,2.534,5.7660728,35.710026,0.0,33.37483312226973,8.260449511225408
2019-12-13 00:00:00+00:00,-35.629999,-71.603888,170.0,open-meteo_ecmwf_ifs,daily,25.021502,15.221499,20.26,3.904833,3.9587123,34.776535,0.2,33.40043983625405,5.894237253639584
2019-12-14 00:00:00+00:00,-35.629999,-71.603888,170.0,open-meteo_ecmwf_ifs,daily,26.8715,14.0715,25.37,10.131917,3.7845201,62.205814,2.8,33.42326902354119,5.675252813220372
2019-12-15 00:00:00+00:00,-35.629999,-71.603888,170.0,open-meteo_ecmwf_ifs,daily,27.7215,12.2715,33.33,5.156916,5.1028733,44.466675,0.0,33.44331738783805,7.410349785008601
2019-12-16 00:00:00+00:00,-35.629999,-71.603888,170.0,open-meteo_ecmwf_ifs,daily,29.1215,11.6215,33.49,5.8194165,5.718025,44.63896,0.0,33.46058186299931,7.6615603799846275
2019-12-17 00:00:00+00:00,-35.629999,-71.603888,170.0,open-meteo_ecmwf_ifs,daily,29.9715,12.7715,33.18,5.523583,5.2031446,39.689556,0.0,33.47505961039131,7.860269702371631
2019-12-18 00:00:00+00:00,-35.629999,-71.603888,170.0,open-meteo_ecmwf_ifs,daily,30.1215,16.6215,29.4,10.750665,4.6127553,48.562656,0.0,33.486748016885436,7.225183140017783
2019-12-19 00:00:00+00:00,-35.629999,-71.603888,170.0,open-meteo_ecmwf_ifs,daily,25.7215,15.221499,18.86,11.994415,4.179759,60.440075,0.2,33.49564469346986,4.770439649465957
2019-12-20 00:00:00+00:00,-35.629999,-71.603888,170.0,open-meteo_ecmwf_ifs,daily,28.5715,12.7715,33.4,6.863167,4.819506,47.50752,0.0,33.50174747447102,7.338542343836142
2019-12-21 00:00:00+00:00,-35.629999,-71.603888,170.0,open-meteo_ecmwf_ifs,daily,30.3715,12.8215,33.08,5.15275,5.0279136,38.58298,0.0,33.50505441737749,7.9059399728740685
2019-12-22 00:00:00+00:00,-35.629999,-71.603888,170.0,open-meteo_ecmwf_ifs,daily,32.3215,14.221499,33.15,8.019417,4.579897,42.487263,0.0,33.505563803261865,7.944812268287846
2019-12-23 00:00:00+00:00,-35.629999,-71.603888,170.0,open-meteo_ecmwf_ifs,daily,34.1215,16.8215,33.2,9.6965,5.8063188,40.302437,0.0,33.50327413779824,9.033790323142059
2019-12-24 00:00:00+00:00,-35.629999,-71.603888,170.0,open-meteo_ecmwf_ifs,daily,25.4715,16.4715,18.01,12.838166,4.2844005,64.77857,3.1,33.49818415287503,4.700526399437137
2019-12-25 00:00:00+00:00,-35.629999,-71.603888,170.0,open-meteo_ecmwf_ifs,daily,27.2215,11.0215,33.26,4.1173334,4.656866,40.45448,0.0,33.490292808805684,7.094398537604481
2019-12-26 00:00:00+00:00,-35.629999,-71.603888,170.0,open-meteo_ecmwf_ifs,daily,29.771502,11.971499,33.53,4.6527505,3.551223,39.804367,0.0,33.47959929714205,7.153878446902662
2019-12-27 00:00:00+00:00,-35.629999,-71.603888,170.0,open-meteo_ecmwf_ifs,daily,30.521502,14.1215,33.05,7.8589993,3.5181847,43.102947,0.0,33.466103044096805,7.209973648706792
2019-12-28 00:00:00+00:00,-35.629999,-71.603888,170.0,open-meteo_ecmwf_ifs,daily,32.7715,15.471499,32.19,11.261085,4.625602,50.404697,0.0,33.44980371458443,7.716401758050559
2019-12-29 00:00:00+00:00,-35.629999,-71.603888,170.0,open-meteo_ecmwf_ifs,daily,32.9715,17.5715,32.37,11.8256645,3.3474026,47.176636,0.0,33.43070121689129,7.491176692798071
2019-12-30 00:00:00+00:00,-35.629999,-71.603888,170.0,open-meteo_ecmwf_ifs,daily,32.2215,15.971499,32.84,7.3173327,4.1402807,39.050797,0.0,33.40879570798771,8.03249677718769
2019-12-31 00:00:00+00:00,-35.629999,-71.603888,170.0,open-meteo_ecmwf_ifs,daily,33.5715,15.6715,33.1,8.519417,3.1201494,40.601494,0.0,33.38408759949582,7.555799868082146
2020-01-01 00:00:00+00:00,-35.629999,-71.603888,170.0,open-meteo_ecmwf_ifs,daily,31.171501,15.7715,32.77,10.1465,3.1083632,42.85681,0.0,33.35657756432903,7.0981830737996985
2020-01-02 00:00:00+00:00,-35.629999,-71.603888,170.0,open-meteo_ecmwf_ifs,daily,32.671497,14.6215,32.71,11.075667,1.558376,52.124577,0.0,33.326266544018836,6.347346926923894
2020-01-03 00:00:00+00:00,-35.629999,-71.603888,170.0,open-meteo_ecmwf_ifs,daily,34.2215,15.721499,32.45,11.073583,2.6986115,46.854702,0.0,33.29315575674632,7.1539308166259135
2020-01-04 00:00:00+00:00,-35.629999,-71.603888,170.0,open-meteo_ecmwf_ifs,daily,32.7715,17.271502,31.08,11.206917,5.038377,47.87279,0.0,33.25724670609506,8.069342329261938
2020-01-05 00:00:00+00:00,-35.629999,-71.603888,170.0,open-meteo_ecmwf_ifs,daily,27.8715,13.2715,31.78,5.0756664,4.7156396,39.692112,0.0,33.21854119054278,7.317431664727469
2020-01-06 00:00:00+00:00,-35.629999,-71.603888,170.0,open-meteo_ecmwf_ifs,daily,26.7215,12.0715,32.76,7.656916,3.8190014,52.45163,0.0,33.177041313707946,6.447957664539415
2020-01-07 00:00:00+00:00,-35.629999,-71.603888,170.0,open-meteo_ecmwf_ifs,daily,28.8715,13.971499,26.12,7.1006665,3.3076255,44.904636,0.0,33.13274949536722,6.1778363122726585
2020-01-08 00:00:00+00:00,-35.629999,-71.603888,170.0,open-meteo_ecmwf_ifs,daily,23.8215,13.4215,17.58,9.384,3.805087,59.58434,0.1,33.08566848325796,4.421601620794719
2020-01-09 00:00:00+00:00,-35.629999,-71.603888,170.0,open-meteo_ecmwf_ifs,daily,26.5715,13.221499,32.45,8.023582,3.4909286,53.030773,0.0,33.035801365678644,6.417757643981272
2020-01-10 00:00:00+00:00,-35.629999,-71.603888,170.0,open-meteo_ecmwf_ifs,daily,30.3215,12.6715,33.21,6.031916,5.199109,44.39005,0.0,32.98315158489778,7.808960618984907
2020-01-11 00:00:00+00:00,-35.629999,-71.603888,170.0,open-meteo_ecmwf_ifs,daily,32.421497,13.2715,33.04,7.519417,4.1054034,43.172268,0.0,32.92772295137995,7.609483559484746
2020-01-12 00:00:00+00:00,-35.629999,-71.603888,170.0,open-meteo_ecmwf_ifs,daily,34.0215,15.971499,32.08,10.89025,2.924945,47.256542,0.0,32.8695196588342,7.214302779979013
2020-01-13 00:00:00+00:00,-35.629999,-71.603888,170.0,open-meteo_ecmwf_ifs,daily,31.921501,14.6215,32.57,9.654834,2.6211479,48.97824,0.0,32.80854630008762,6.799832252381582
2020-01-14 00:00:00+00:00,-35.629999,-71.603888,170.0,open-meteo_ecmwf_ifs,daily,31.6215,15.971499,32.21,10.9465,5.0946546,50.64482,0.0,32.74480788378299,7.777824432328208
2020-01-15 00:00:00+00:00,-35.629999,-71.603888,170.0,open-meteo_ecmwf_ifs,daily,27.521502,11.5215,32.95,4.063167,8.140791,38.312252,0.0,32.67830985189631,8.16970113004047
2020-01-16 00:00:00+00:00,-35.629999,-71.603888,170.0,open-meteo_ecmwf_ifs,daily,35.2215,10.9215,32.68,3.8923333,4.195708,35.09994,0.0,32.60905809806523,7.978777991007084
2020-01-17 00:00:00+00:00,-35.629999,-71.603888,170.0,open-meteo_ecmwf_ifs,daily,35.3715,16.2215,32.25,6.263166,1.9577707,31.046041,0.0,32.53705898671621,6.925793269976832
2020-01-18 00:00:00+00:00,-35.629999,-71.603888,170.0,open-meteo_ecmwf_ifs,daily,35.2215,17.7215,29.35,11.590251,1.745957,44.60611,0.0,32.46231937297304,6.397121074857107
2020-01-19 00:00:00+00:00,-35.629999,-71.603888,170.0,open-meteo_ecmwf_ifs,daily,34.7715,17.8215,29.48,13.198585,2.4026592,48.19606,0.0,32.38484662332534,6.709852407759397
2020-01-20 00:00:00+00:00,-35.629999,-71.603888,170.0,open-meteo_ecmwf_ifs,daily,33.5715,15.471499,31.62,10.592334,1.9856733,51.008846,0.0,32.30464863703073,6.52482306793205
2020-01-21 00:00:00+00:00,-35.629999,-71.603888,170.0,open-meteo_ecmwf_ifs,daily,35.0715,16.8715,32.17,8.363166,2.8225813,38.853848,0.0,32.22173386821974,7.491172559450493
2020-01-22 00:00:00+00:00,-35.629999,-71.603888,170.0,open-meteo_ecmwf_ifs,daily,30.3715,17.8215,31.0,13.063167,2.9191663,51.29538,0.0,32.136111348667626,6.626416825692262
2020-01-23 00:00:00+00:00,-35.629999,-71.603888,170.0,open-meteo_ecmwf_ifs,daily,33.0715,16.671501,30.03,13.186084,2.0908673,57.223965,0.0,32.04779071119253,6.307939204366006
2020-01-24 00:00:00+00:00,-35.629999,-71.603888,170.0,open-meteo_ecmwf_ifs,daily,35.671497,18.0715,31.74,8.642333,3.3448288,40.557438,0.0,31.956782213634447,7.962033979723175
2020-01-25 00:00:00+00:00,-35.629999,-71.603888,170.0,open-meteo_ecmwf_ifs,daily,34.8215,16.7215,31.47,6.3027496,3.7414038,31.96892,0.0,31.86309676336501,8.073355969079124
2020-01-26 00:00:00+00:00,-35.629999,-71.603888,170.0,open-meteo_ecmwf_ifs,daily,34.171497,18.5715,30.22,12.404834,4.1234603,45.46404,0.0,31.7667459422731,7.751374993369447
2020-01-27 00:00:00+00:00,-35.629999,-71.603888,170.0,open-meteo_ecmwf_ifs,daily,35.3215,18.521502,30.39,9.373582,4.458236,36.795593,0.0,31.66774203216697,8.453594133682227
2020-01-28 00:00:00+00:00,-35.629999,-71.603888,170.0,open-meteo_ecmwf_ifs,daily,32.5715,18.6215,27.8,12.227749,4.90453,45.252228,0.0,31.566098040529287,7.594719402602265
2020-01-29 00:00:00+00:00,-35.629999,-71.603888,170.0,open-meteo_ecmwf_ifs,daily,30.1215,15.2715,29.83,7.9881654,3.538964,40.298317,0.0,31.461827726556972,6.825073545633244
2020-01-30 00:00:00+00:00,-35.629999,-71.603888,170.0,open-meteo_ecmwf_ifs,daily,33.2215,15.0715,30.6,4.229833,3.939295,30.837212,0.0,31.35494562741421,7.797859478585406
2020-01-31 00:00:00+00:00,-35.629999,-71.603888,170.0,open-meteo_ecmwf_ifs,daily,33.3215,16.521502,30.36,8.236082,3.2968614,39.17916,0.0,31.245467084622955,7.278095682353202
2020-02-01 00:00:00+00:00,-35.629999,-71.603888,170.0,open-meteo_ecmwf_ifs,daily,33.171497,18.0715,29.58,12.429832,3.2236307,47.92015,0.0,31.13340827051205,6.970760618768364
2020-02-02 00:00:00+00:00,-35.629999,-71.603888,170.0,open-meteo_ecmwf_ifs,daily,32.6215,16.921501,29.35,11.040252,3.479128,50.799503,0.0,31.018786214642887,6.97201257909701
2020-02-03 00:00:00+00:00,-35.629999,-71.603888,170.0,open-meteo_ecmwf_ifs,daily,29.7215,13.6715,29.97,6.0881667,3.0644214,41.007015,0.0,30.901618830126672,6.469589707510819
2020-02-04 00:00:00+00:00,-35.629999,-71.603888,170.0,open-meteo_ecmwf_ifs,daily,26.521502,14.4215,26.31,9.773583,3.0659144,56.159435,0.1,30.78192493974612,5.460635377290228
2020-02-05 00:00:00+00:00,-35.629999,-71.603888,170.0,open-meteo_ecmwf_ifs,daily,26.3715,12.6715,29.67,5.99025,4.2672544,44.72334,0.0,30.65972430179191,6.3645668704388
2020-02-06 00:00:00+00:00,-35.629999,-71.603888,170.0,open-meteo_ecmwf_ifs,daily,27.421501,12.221499,29.83,5.9527493,2.1865454,45.0271,0.0,30.535037635523107,5.609847791938561
2020-02-07 00:00:00+00:00,-35.629999,-71.603888,170.0,open-meteo_ecmwf_ifs,daily,31.5715,13.471499,30.01,5.3277497,3.990529,39.272453,0.0,30.4078866461588,7.179174025331538
2020-02-08 00:00:00+00:00,-35.629999,-71.603888,170.0,open-meteo_ecmwf_ifs,daily,34.7215,14.9215,29.83,6.21525,2.7209694,35.95766,0.0,30.278294049307576,6.8541502478385485
2020-02-09 00:00:00+00:00,-35.629999,-71.603888,170.0,open-meteo_ecmwf_ifs,daily,35.4715,16.1215,29.18,8.388165,2.056908,35.945965,0.0,30.146283594741053,6.385411018656766
2020-02-10 00:00:00+00:00,-35.629999,-71.603888,170.0,open-meteo_ecmwf_ifs,daily,35.171497,17.0715,28.61,12.334,1.8824049,46.463104,0.0,30.011880089416923,6.122802088311062
2020-02-11 00:00:00+00:00,-35.629999,-71.603888,170.0,open-meteo_ecmwf_ifs,daily,34.7715,19.171501,28.49,12.394416,2.1860025,45.51215,0.0,29.87510941965819,6.441427731105938
2020-02-12 00:00:00+00:00,-35.629999,-71.603888,170.0,open-meteo_ecmwf_ifs,daily,31.3215,17.9715,26.85,11.161083,4.0392613,48.309505,0.0,29.735998572394774,6.828873550085202
2020-02-13 00:00:00+00:00,-35.629999,-71.603888,170.0,open-meteo_ecmwf_ifs,daily,27.3215,13.5215,29.33,4.211083,5.478393,38.144527,0.0,29.59457565537588,7.210105901988654
2020-02-14 00:00:00+00:00,-35.629999,-71.603888,170.0,open-meteo_ecmwf_ifs,daily,31.0715,12.4215,29.26,2.442333,5.456442,34.187084,0.0,29.4508699162619,7.817687896983934
2020-02-15 00:00:00+00:00,-35.629999,-71.603888,170.0,open-meteo_ecmwf_ifs,daily,32.421497,15.721499,28.26,8.581915,3.6580534,43.436703,0.0,29.304911760507384,6.86709851294756
2020-02-16 00:00:00+00:00,-35.629999,-71.603888,170.0,open-meteo_ecmwf_ifs,daily,32.1215,14.8215,27.84,9.006916,2.5709045,43.75093,0.0,29.156732767948103,6.038487938594485
2020-02-17 00:00:00+00:00,-35.629999,-71.603888,170.0,open-meteo_ecmwf_ifs,daily,26.0715,15.971499,25.4,8.700667,3.4723976,49.68494,0.0,29.00636570800827,5.666779555801994
2020-02-18 00:00:00+00:00,-35.629999,-71.603888,170.0,open-meteo_ecmwf_ifs,daily,32.2215,13.0715,28.71,3.6694167,5.1510644,34.882065,0.0,28.85384455344674,7.732978407085343
2020-02-19 00:00:00+00:00,-35.629999,-71.603888,170.0,open-meteo_ecmwf_ifs,daily,32.1215,15.1715,27.73,7.448584,4.9698696,42.07333,0.0,28.699204492564213,7.439788810146434
2020-02-20 00:00:00+00:00,-35.629999,-71.603888,170.0,open-meteo_ecmwf_ifs,daily,34.171497,12.9215,27.87,5.929834,3.340637,36.515194,0.0,28.542481939797277,6.656568253837408
2020-02-21 00:00:00+00:00,-35.629999,-71.603888,170.0,open-meteo_ecmwf_ifs,daily,29.0715,14.471499,27.25,10.136083,3.1944711,51.219685,0.0,28.38371454462894,5.739390847359116
2020-02-22 00:00:00+00:00,-35.629999,-71.603888,170.0,open-meteo_ecmwf_ifs,daily,29.7215,14.221499,26.97,10.692334,2.0719774,55.87215,0.0,28.2229411987493,5.227019396862344
2020-02-23 00:00:00+00:00,-35.629999,-71.603888,170.0,open-meteo_ecmwf_ifs,daily,30.1215,14.7715,26.6,11.973584,2.2102115,58.273533,0.0,28.060202041404956,5.2451560344663575
2020-02-24 00:00:00+00:00,-35.629999,-71.603888,170.0,open-meteo_ecmwf_ifs,daily,23.2215,13.3715,16.67,8.854834,3.0453615,56.74872,0.0,27.895538462879994,3.9084980923272874
2020-02-25 00:00:00+00:00,-35.629999,-71.603888,170.0,open-meteo_ecmwf_ifs,daily,29.671501,12.4215,26.92,5.4214993,4.315267,43.44173,0.0,27.72899310605673,6.435100906301656
2020-02-26 00:00:00+00:00,-35.629999,-71.603888,170.0,open-meteo_ecmwf_ifs,daily,32.2215,12.9215,26.87,5.59025,3.4465435,39.232018,0.0,27.56060986600922,6.343016075509784
2020-02-27 00:00:00+00:00,-35.629999,-71.603888,170.0,open-meteo_ecmwf_ifs,daily,31.921501,14.7715,26.23,9.438167,2.751541,45.17564,0.0,27.390433887588436,5.769519816729472
2020-02-28 00:00:00+00:00,-35.629999,-71.603888,170.0,open-meteo_ecmwf_ifs,daily,33.171497,15.971499,26.36,9.9965,2.8361738,46.101578,0.0,27.2185115609629,6.0371952082944
2020-02-29 00:00:00+00:00,-35.629999,-71.603888,170.0,open-meteo_ecmwf_ifs,daily,34.671497,16.921501,25.69,10.648582,2.4766448,44.876984,0.0,27.04489051508483,5.92850490444038
2020-03-01 00:00:00+00:00,-35.629999,-71.603888,170.0,open-meteo_ecmwf_ifs,daily,29.7215,15.6215,25.54,11.683999,3.2379367,57.84007,0.0,26.869619609057338,5.533880239135298
2020-03-02 00:00:00+00:00,-35.629999,-71.603888,170.0,open-meteo_ecmwf_ifs,daily,31.771502,15.0215,25.26,11.513167,1.40052,55.082165,0.0,26.692748921384307,4.765325616682114
2020-03-03 00:00:00+00:00,-35.629999,-71.603888,170.0,open-meteo_ecmwf_ifs,daily,33.4715,15.1215,24.67,12.042333,1.5180006,55.006393,0.0,26.514329737090346,4.858159969388617
2020-03-04 00:00:00+00:00,-35.629999,-71.603888,170.0,open-meteo_ecmwf_ifs,daily,33.1215,16.171501,25.47,6.9319177,3.4272702,37.076565,0.0,26.334414532704688,6.4729858810212875
2020-03-05 00:00:00+00:00,-35.629999,-71.603888,170.0,open-meteo_ecmwf_ifs,daily,33.2715,16.3715,24.6,8.60275,4.8548913,41.672337,0.0,26.153056959108557,7.123594481453314
2020-03-06 00:00:00+00:00,-35.629999,-71.603888,170.0,open-meteo_ecmwf_ifs,daily,33.671497,15.8715,24.41,10.111083,3.4264545,44.9471,0.0,25.97031182225184,6.112908805352254
2020-03-07 00:00:00+00:00,-35.629999,-71.603888,170.0,open-meteo_ecmwf_ifs,daily,30.8215,15.6715,23.75,11.779834,3.4320629,52.304874,0.0,25.786235061751064,5.486289765050765
2020-03-08 00:00:00+00:00,-35.629999,-71.603888,170.0,open-meteo_ecmwf_ifs,daily,30.8215,15.6215,23.98,6.0256658,3.4391115,35.59392,0.0,25.60088372738656,6.029350493543529
2020-03-09 00:00:00+00:00,-35.629999,-71.603888,170.0,open-meteo_ecmwf_ifs,daily,32.2215,15.3715,24.0,5.911083,3.5994883,36.097515,0.0,25.41431595352285,6.252997842554557
2020-03-10 00:00:00+00:00,-35.629999,-71.603888,170.0,open-meteo_ecmwf_ifs,daily,32.5215,16.5715,24.17,6.5360837,3.2866268,33.79062,0.0,25.226590931482182,6.16099195715619
2020-03-11 00:00:00+00:00,-35.629999,-71.603888,170.0,open-meteo_ecmwf_ifs,daily,31.271502,16.0715,20.83,11.008999,3.86534,51.214706,0.0,25.037768879906942,5.55300797606111
2020-03-12 00:00:00+00:00,-35.629999,-71.603888,170.0,open-meteo_ecmwf_ifs,daily,29.521502,16.3715,23.43,8.336082,1.852656,42.654507,0.0,24.847911013152537,4.7066099069243235
2020-03-13 00:00:00+00:00,-35.629999,-71.603888,170.0,open-meteo_ecmwf_ifs,daily,27.171501,16.1215,21.17,11.8256645,3.2308366,60.155872,0.0,24.65707950775774,4.661140186401236
2020-03-14 00:00:00+00:00,-35.629999,-71.603888,170.0,open-meteo_ecmwf_ifs,daily,28.171501,13.1715,23.07,6.767332,5.1173806,45.95406,0.0,24.465337467045213,5.9431562587256925
2020-03-15 00:00:00+00:00,-35.629999,-71.603888,170.0,open-meteo_ecmwf_ifs,daily,28.8715,11.471499,23.74,5.3527503,3.3900585,44.18133,0.0,24.272748883909884,5.2277504606878225
2020-03-16 00:00:00+00:00,-35.629999,-71.603888,170.0,open-meteo_ecmwf_ifs,daily,27.8215,12.1715,22.98,7.375666,2.4835303,48.760757,0.0,24.07937860185827,4.512479584379863
2020-03-17 00:00:00+00:00,-35.629999,-71.603888,170.0,open-meteo_ecmwf_ifs,daily,27.9715,13.0715,22.89,8.002749,2.6719015,49.093098,0.0,23.885292274366574,4.635942716520351
2020-03-18 00:00:00+00:00,-35.629999,-71.603888,170.0,open-meteo_ecmwf_ifs,daily,28.421501,12.6715,22.83,8.952749,2.974282,54.124283,0.0,23.690556322630034,4.677893432145007
2020-03-19 00:00:00+00:00,-35.629999,-71.603888,170.0,open-meteo_ecmwf_ifs,daily,29.021502,12.3215,22.86,7.2652497,3.28638,49.588024,0.0,23.4952378917807,4.984998249708745
2020-03-20 00:00:00+00:00,-35.629999,-71.603888,170.0,open-meteo_ecmwf_ifs,daily,29.4715,11.471499,22.59,6.77775,2.5659723,46.882248,0.0,23.299404805654703,4.573313384419128
2020-03-21 00:00:00+00:00,-35.629999,-71.603888,170.0,open-meteo_ecmwf_ifs,daily,24.8215,13.8215,19.13,9.375666,4.1819706,60.832626,0.0,23.1031255201944,4.422925756333106
2020-03-22 00:00:00+00:00,-35.629999,-71.603888,170.0,open-meteo_ecmwf_ifs,daily,26.421501,14.1715,19.42,8.359,3.1204655,53.348877,0.0,22.906469075574332,4.398696468901381
2020-03-23 00:00:00+00:00,-35.629999,-71.603888,170.0,open-meteo_ecmwf_ifs,daily,27.421501,11.721499,21.24,8.60275,3.0601146,58.88118,0.0,22.70950504714321,4.315827795207598
2020-03-24 00:00:00+00:00,-35.629999,-71.603888,170.0,open-meteo_ecmwf_ifs,daily,22.4715,11.4215,8.58,10.300665,1.4938244,65.55445,0.0,22.51230349527776,2.0272132363297533
2020-03-25 00:00:00+00:00,-35.629999,-71.603888,170.0,open-meteo_ecmwf_ifs,daily,28.421501,13.9215,18.34,13.004833,2.318027,71.85217,0.0,22.314934914246663,3.651807716426838
2020-03-26 00:00:00+00:00,-35.629999,-71.603888,170.0,open-meteo_ecmwf_ifs,daily,29.4715,13.6715,20.45,13.417331,2.212543,67.34705,0.0,22.117470180185713,3.840779709910288
2020-03-27 00:00:00+00:00,-35.629999,-71.603888,170.0,open-meteo_ecmwf_ifs,daily,25.7215,14.2715,18.38,12.073583,2.33775,68.18322,0.0,21.919980498287526,3.494475773896393
2020-03-28 00:00:00+00:00,-35.629999,-71.603888,170.0,open-meteo_ecmwf_ifs,daily,26.0715,12.971499,18.61,11.406915,2.5993648,67.60499,0.0,21.722537349311107,3.555028931297491
2020-03-29 00:00:00+00:00,-35.629999,-71.603888,170.0,open-meteo_ecmwf_ifs,daily,25.4715,11.9215,19.72,9.317334,4.4557104,60.31427,0.3,21.52521243551819,4.261878105315013
2020-03-30 00:00:00+00:00,-35.629999,-71.603888,170.0,open-meteo_ecmwf_ifs,daily,25.671501,9.721499,20.33,5.8694158,3.8725183,50.911007,0.0,21.32807762614494,4.300870429356239
2020-03-31 00:00:00+00:00,-35.629999,-71.603888,170.0,open-meteo_ecmwf_ifs,daily,25.8715,10.8215,20.15,7.606916,3.399832,54.33083,0.0,21.131204902518217,4.055168027044598
2020-04-01 00:00:00+00:00,-35.629999,-71.603888,170.0,open-meteo_ecmwf_ifs,daily,25.6215,10.5215,20.24,5.4277496,5.7228274,49.63963,0.0,20.93466630292684,5.06901603775478
2020-04-02 00:00:00+00:00,-35.629999,-71.603888,170.0,open-meteo_ecmwf_ifs,daily,31.671501,9.1215,20.33,4.1798334,3.7577345,45.433853,0.0,20.738533867358267,4.983365566660629
2020-04-03 00:00:00+00:00,-35.629999,-71.603888,170.0,open-meteo_ecmwf_ifs,daily,27.5715,11.221499,18.87,7.086083,2.2418225,48.59599,0.0,20.54287958221182,3.644773334816922
2020-04-04 00:00:00+00:00,-35.629999,-71.603888,170.0,open-meteo_ecmwf_ifs,daily,26.3715,14.1715,18.83,6.0527496,4.2628083,45.41157,0.0,20.3477753250988,4.912157841239714
2020-04-05 00:00:00+00:00,-35.629999,-71.603888,170.0,open-meteo_ecmwf_ifs,daily,23.8215,9.1215,19.63,2.317333,4.4348474,45.0795,0.0,20.15329280983985,4.467560905014465
2020-04-06 00:00:00+00:00,-35.629999,-71.603888,170.0,open-meteo_ecmwf_ifs,daily,25.671501,9.1715,19.51,3.581916,5.1067576,48.12874,0.0,19.959503531769016,4.80092873997032
2020-04-07 00:00:00+00:00,-35.629999,-71.603888,170.0,open-meteo_ecmwf_ifs,daily,27.021502,7.8715,19.12,2.7965,2.2649138,46.123077,0.0,19.766478713452827,3.5214477581589136
2020-04-08 00:00:00+00:00,-35.629999,-71.603888,170.0,open-meteo_ecmwf_ifs,daily,26.4715,10.2715,18.44,5.1839995,2.3487754,48.212376,0.0,19.574289250931482,3.5236587956066168
2020-04-09 00:00:00+00:00,-35.629999,-71.603888,170.0,open-meteo_ecmwf_ifs,daily,23.2215,10.3215,17.05,8.994417,1.2911916,69.58238,0.0,19.383005660587692,2.5212756043367035
2020-04-10 00:00:00+00:00,-35.629999,-71.603888,170.0,open-meteo_ecmwf_ifs,daily,23.421501,10.1215,16.77,9.177751,2.1911955,68.36308,0.0,19.19269802674655,2.7690766451366424
2020-04-11 00:00:00+00:00,-35.629999,-71.603888,170.0,open-meteo_ecmwf_ifs,daily,20.9715,11.721499,11.05,9.583999,2.954283,67.8441,0.0,19.003435950108052,2.466099858716332
2020-04-12 00:00:00+00:00,-35.629999,-71.603888,170.0,open-meteo_ecmwf_ifs,daily,20.6215,9.0215,17.49,2.954833,3.7913313,47.030285,0.0,18.815288497111105,3.5483814510537197
2020-04-13 00:00:00+00:00,-35.629999,-71.603888,170.0,open-meteo_ecmwf_ifs,daily,22.6215,6.9715,17.7,2.01525,3.9461164,48.10998,0.0,18.628324150325543,3.6867499454446984
2020-04-14 00:00:00+00:00,-35.629999,-71.603888,170.0,open-meteo_ecmwf_ifs,daily,24.6215,7.1714997,17.01,3.39025,2.094826,52.648617,0.0,18.44261075996535,2.926191133122109
2020-04-15 00:00:00+00:00,-35.629999,-71.603888,170.0,open-meteo_ecmwf_ifs,daily,23.9715,11.0715,14.34,4.4214993,1.8654455,44.89861,0.0,18.258215496613673,2.813275519263785
2020-04-16 00:00:00+00:00,-35.629999,-71.603888,170.0,open-meteo_ecmwf_ifs,daily,24.8215,9.1215,16.47,7.4465003,1.5197057,63.748795,0.0,18.075204805246337,2.5243625240179606
2020-04-17 00:00:00+00:00,-35.629999,-71.603888,170.0,open-meteo_ecmwf_ifs,daily,27.3215,10.1715,15.08,7.7798333,2.6443925,60.50397,0.0,17.893644360637367,3.1806618003737643
2020-04-18 00:00:00+00:00,-35.629999,-71.603888,170.0,open-meteo_ecmwf_ifs,daily,27.671501,16.8215,11.6,16.352749,3.4181974,79.85406,0.0,17.713599024226074,2.8627312447700524
2020-04-19 00:00:00+00:00,-35.629999,-71.603888,170.0,open-meteo_ecmwf_ifs,daily,25.1215,13.7715,16.05,8.292334,4.894615,53.235382,0.0,17.535132802521233,4.229974447179909
2020-04-20 00:00:00+00:00,-35.629999,-71.603888,170.0,open-meteo_ecmwf_ifs,daily,25.5715,11.5215,15.12,5.7964997,5.2254176,49.995358,0.0,17.35830880711392,4.425603784028312
2020-04-21 00:00:00+00:00,-35.629999,-71.603888,170.0,open-meteo_ecmwf_ifs,daily,24.2215,10.1715,12.06,5.581917,3.2358935,52.308025,0.0,17.183189216366014,3.1653408636045275
2020-04-22 00:00:00+00:00,-35.629999,-71.603888,170.0,open-meteo_ecmwf_ifs,daily,27.021502,10.8715,15.21,4.798583,1.5827112,43.724216,0.0,17.009835238836985,2.675044844608004
2020-04-23 00:00:00+00:00,-35.629999,-71.603888,170.0,open-meteo_ecmwf_ifs,daily,22.921501,13.721499,11.3,10.088165,3.757663,65.94186,0.0,16.838307078506926,2.9568502777995045
2020-04-24 00:00:00+00:00,-35.629999,-71.603888,170.0,open-meteo_ecmwf_ifs,daily,17.021502,13.3715,4.38,11.99025,4.890301,83.12105,21.399998,16.6686639018488,1.531495895818924
2020-04-25 00:00:00+00:00,-35.629999,-71.603888,170.0,open-meteo_ecmwf_ifs,daily,20.1215,12.471499,11.4,11.848583,3.23219,80.39652,6.599999,16.500963806798318,2.03129527747408
2020-04-26 00:00:00+00:00,-35.629999,-71.603888,170.0,open-meteo_ecmwf_ifs,daily,20.521502,10.0715,12.75,10.154834,2.973953,79.25169,0.0,16.3352637936642,2.085122335539722
2020-04-27 00:00:00+00:00,-35.629999,-71.603888,170.0,open-meteo_ecmwf_ifs,daily,16.7215,11.0215,8.02,9.894416,2.6195662,81.821724,11.6,16.171619738017007,1.5265060884987598
2020-04-28 00:00:00+00:00,-35.629999,-71.603888,170.0,open-meteo_ecmwf_ifs,daily,18.671501,8.6715,14.71,9.844418,2.5988035,82.72484,0.5,16.010086365588883,1.8113361744043588
2020-04-29 00:00:00+00:00,-35.629999,-71.603888,170.0,open-meteo_ecmwf_ifs,daily,17.771502,6.3715,14.89,7.200666,3.4265382,77.40589,0.0,15.850717229211517,1.9383022734117032
2020-04-30 00:00:00+00:00,-35.629999,-71.603888,170.0,open-meteo_ecmwf_ifs,daily,19.2215,6.0214996,13.84,7.5839996,2.3907638,80.43927,0.0,15.693564687813968,1.7814525770219436
2020-05-01 00:00:00+00:00,-35.629999,-71.603888,170.0,open-meteo_ecmwf_ifs,daily,19.521502,7.8715,13.53,9.123583,2.1254244,81.34786,0.0,15.538679887496485,1.7280615016384888
2020-05-02 00:00:00+00:00,-35.629999,-71.603888,170.0,open-meteo_ecmwf_ifs,daily,17.171501,9.0215,7.98,9.894416,1.3439084,88.09974,0.0,15.386112744690767,1.1815089649626576
2020-05-03 00:00:00+00:00,-35.629999,-71.603888,170.0,open-meteo_ecmwf_ifs,daily,17.2215,12.1715,8.29,9.542334,2.7581184,75.80347,3.1999996,15.235911931411477,1.7228334307242152
2020-05-04 00:00:00+00:00,-35.629999,-71.603888,170.0,open-meteo_ecmwf_ifs,daily,19.5715,8.3215,12.0,8.311083,2.8650677,72.98679,0.0,15.088124862598155,1.8999777642240756
2020-05-05 00:00:00+00:00,-35.629999,-71.603888,170.0,open-meteo_ecmwf_ifs,daily,19.7215,11.471499,13.01,10.075667,4.0255404,77.46486,0.0,14.942797685540716,2.252557739931449
2020-05-06 00:00:00+00:00,-35.629999,-71.603888,170.0,open-meteo_ecmwf_ifs,daily,19.671501,5.7714996,13.87,5.30275,3.2968767,67.04732,0.0,14.799975271376072,2.165021467843833
2020-05-07 00:00:00+00:00,-35.629999,-71.603888,170.0,open-meteo_ecmwf_ifs,daily,19.3215,6.9214997,12.31,8.436083,1.4860973,79.99725,0.0,14.659701208637712,1.4452592018089867
2020-05-08 00:00:00+00:00,-35.629999,-71.603888,170.0,open-meteo_ecmwf_ifs,daily,21.6215,8.9215,10.86,10.283999,2.1887503,80.29693,0.0,14.522017798833993,1.6634351526347602
2020-05-09 00:00:00+00:00,-35.629999,-71.603888,170.0,open-meteo_ecmwf_ifs,daily,19.3215,9.4215,10.49,10.79025,1.7014989,84.6012,0.0,14.386966054025454,1.3616415604624363
2020-05-10 00:00:00+00:00,-35.629999,-71.603888,170.0,open-meteo_ecmwf_ifs,daily,17.8715,10.0715,9.33,10.715249,2.3111665,83.49889,0.1,14.254585696365465,1.3311782846573428
2020-05-11 00:00:00+00:00,-35.629999,-71.603888,170.0,open-meteo_ecmwf_ifs,daily,16.6215,7.7714996,12.51,6.867332,4.3336596,75.43311,0.0,14.124915159563098,1.919932028600457
2020-05-12 00:00:00+00:00,-35.629999,-71.603888,170.0,open-meteo_ecmwf_ifs,daily,15.471499,7.0214996,9.77,5.656916,3.1870043,76.77039,0.0,13.99799159222102,1.633862223486131
2020-05-13 00:00:00+00:00,-35.629999,-71.603888,170.0,open-meteo_ecmwf_ifs,daily,18.8215,5.1215,12.79,4.7923336,3.8325539,71.929535,0.0,13.873850862996356,2.081500044940554
2020-05-14 00:00:00+00:00,-35.629999,-71.603888,170.0,open-meteo_ecmwf_ifs,daily,19.5715,6.8215,11.92,6.379833,3.10486,72.6256,0.0,13.752527567526197,1.9211069426792573
2020-05-15 00:00:00+00:00,-35.629999,-71.603888,170.0,open-meteo_ecmwf_ifs,daily,23.171501,12.4215,11.5,12.096499,4.529077,78.594986,0.0,13.63405503705486,2.383969400823823
2020-05-16 00:00:00+00:00,-35.629999,-71.603888,170.0,open-meteo_ecmwf_ifs,daily,21.7215,13.0215,11.23,12.573583,5.2124324,81.444664,0.0,13.518465348694154,2.24784349834317
2020-05-17 00:00:00+00:00,-35.629999,-71.603888,170.0,open-meteo_ecmwf_ifs,daily,21.8715,10.6715,11.89,11.715252,3.0965512,81.43449,0.0,13.40578933724333,1.7747774385697108
2020-05-18 00:00:00+00:00,-35.629999,-71.603888,170.0,open-meteo_ecmwf_ifs,daily,16.0215,10.2715,5.77,10.975666,2.0180316,88.99076,0.0,13.296056608490183,0.9357911476423636
2020-05-19 00:00:00+00:00,-35.629999,-71.603888,170.0,open-meteo_ecmwf_ifs,daily,16.921501,10.2715,4.47,10.588166,2.8403656,87.06995,1.5,13.189295553910274,1.1105868351922707
2020-05-20 00:00:00+00:00,-35.629999,-71.603888,170.0,open-meteo_ecmwf_ifs,daily,15.471499,10.4215,9.1,10.669415,1.8642654,87.750404,23.500002,13.08553336667666,1.0243140832113147
2020-05-21 00:00:00+00:00,-35.629999,-71.603888,170.0,open-meteo_ecmwf_ifs,daily,14.9215,4.8215,11.52,6.1485825,2.1161113,84.17535,0.5,12.984796058888309,1.1168993713463617
2020-05-22 00:00:00+00:00,-35.629999,-71.603888,170.0,open-meteo_ecmwf_ifs,daily,14.971499,1.4714999,11.94,3.217333,2.2256567,78.2347,0.0,12.887108479921485,1.1713974792415807
2020-05-23 00:00:00+00:00,-35.629999,-71.603888,170.0,open-meteo_ecmwf_ifs,daily,17.271502,2.8715,11.36,3.1152499,3.0678594,71.288055,0.0,12.79249433580443,1.6185041507613203
2020-05-24 00:00:00+00:00,-35.629999,-71.603888,170.0,open-meteo_ecmwf_ifs,daily,21.921501,6.0214996,11.06,7.8339996,3.9252455,73.601326,0.0,12.700976209512634,1.9379454352859034
2020-05-25 00:00:00+00:00,-35.629999,-71.603888,170.0,open-meteo_ecmwf_ifs,daily,21.1215,10.0715,11.23,10.879833,3.3372097,80.8953,0.0,12.612575582078644,1.6933584298850457
2020-05-26 00:00:00+00:00,-35.629999,-71.603888,170.0,open-meteo_ecmwf_ifs,daily,19.4715,7.6714997,10.88,8.829833,1.826633,78.74706,0.0,12.527312854407743,1.2606802704985356
2020-05-27 00:00:00+00:00,-35.629999,-71.603888,170.0,open-meteo_ecmwf_ifs,daily,14.0215,9.1715,3.98,10.227749,1.2240647,90.617584,0.0,12.445207369688513,0.6659839521362477
2020-05-28 00:00:00+00:00,-35.629999,-71.603888,170.0,open-meteo_ecmwf_ifs,daily,15.1715,8.7715,5.18,8.842333,1.532838,82.925064,0.0,12.366277436285321,0.8862038127142343
2020-05-29 00:00:00+00:00,-35.629999,-71.603888,170.0,open-meteo_ecmwf_ifs,daily,11.5715,5.0715,4.97,4.3631663,3.4236927,77.237404,3.3999999,12.290540350998253,1.1072092335808492
2020-05-30 00:00:00+00:00,-35.629999,-71.603888,170.0,open-meteo_ecmwf_ifs,daily,13.4215,0.021500003,11.03,0.89233327,2.935737,75.73054,0.0,12.218012422574864,1.2276643131276375
2020-05-31 00:00:00+00:00,-35.629999,-71.603888,170.0,open-meteo_ecmwf_ifs,daily,14.8715,2.3215,8.94,5.348583,1.374187,88.078094,0.0,12.148708995357671,0.8080689468951638
2020-06-01 00:00:00+00:00,-35.629999,-71.603888,170.0,open-meteo_ecmwf_ifs,daily,15.0715,3.9715002,9.33,7.0131664,1.3739208,90.0772,0.0,12.0826444729508,0.7868550307905975
2020-06-02 00:00:00+00:00,-35.629999,-71.603888,170.0,open-meteo_ecmwf_ifs,daily,12.471499,7.3715,4.75,7.0194163,1.7531519,84.7854,0.4,12.019832341789863,0.8105235086362244
2020-06-03 00:00:00+00:00,-35.629999,-71.603888,170.0,open-meteo_ecmwf_ifs,daily,13.8715,6.4214997,9.71,7.3215003,1.5118569,86.11506,1.0000001,11.96028519449979,0.8371532922626407
2020-06-04 00:00:00+00:00,-35.629999,-71.603888,170.0,open-meteo_ecmwf_ifs,daily,13.6215,4.5715,9.22,6.217333,1.1785418,85.49522,0.0,11.904014752926567,0.7554661106876169
2020-06-05 00:00:00+00:00,-35.629999,-71.603888,170.0,open-meteo_ecmwf_ifs,daily,13.6215,3.7215002,9.6,5.2048335,1.1039759,85.94625,0.0,11.851031890730873,0.7588010780809152
2020-06-06 00:00:00+00:00,-35.629999,-71.603888,170.0,open-meteo_ecmwf_ifs,daily,12.971499,3.8715,7.07,5.2881665,1.6169213,89.27152,0.0,11.801346655433717,0.7794625239254198
2020-06-07 00:00:00+00:00,-35.629999,-71.603888,170.0,open-meteo_ecmwf_ifs,daily,15.1715,4.0215,9.22,5.9735827,1.8695639,83.668846,0.0,11.75496828980729,0.9013685025746507
2020-06-08 00:00:00+00:00,-35.629999,-71.603888,170.0,open-meteo_ecmwf_ifs,daily,14.5215,7.8215,7.78,7.3277497,1.9829284,84.96288,0.4,11.711905252507302,0.9836445242446985
2020-06-09 00:00:00+00:00,-35.629999,-71.603888,170.0,open-meteo_ecmwf_ifs,daily,13.1215,3.9715002,8.95,5.067333,2.171868,82.058174,0.0,11.672165237847295,0.8828475037572456
2020-06-10 00:00:00+00:00,-35.629999,-71.603888,170.0,open-meteo_ecmwf_ifs,daily,13.6215,1.1715,9.58,3.1610832,1.3046979,80.2003,0.0,11.635755194619454,0.7666428062890062
2020-06-11 00:00:00+00:00,-35.629999,-71.603888,170.0,open-meteo_ecmwf_ifs,daily,9.8715,6.1215,1.45,4.8756666,5.713411,80.34829,19.4,11.602681343871584,1.0883036865629394
2020-06-12 00:00:00+00:00,-35.629999,-71.603888,170.0,open-meteo_ecmwf_ifs,daily,10.971499,6.7714996,4.24,7.2590003,3.6870801,88.62149,33.700005,11.572949195555065,0.6994486922975832
2020-06-13 00:00:00+00:00,-35.629999,-71.603888,170.0,open-meteo_ecmwf_ifs,daily,13.1715,2.1215,10.12,3.2902498,2.924633,82.845375,0.0,11.54656356396437,1.03419760048212
2020-06-14 00:00:00+00:00,-35.629999,-71.603888,170.0,open-meteo_ecmwf_ifs,daily,13.2715,0.1215,10.64,2.2506666,2.0607932,82.11739,0.0,11.52352858189496,0.8730614638925209
2020-06-15 00:00:00+00:00,-35.629999,-71.603888,170.0,open-meteo_ecmwf_ifs,daily,15.0715,5.8715,5.46,7.6152496,6.3360653,83.85072,1.0,11.50384771345294,1.1796742822025403
2020-06-16 00:00:00+00:00,-35.629999,-71.603888,170.0,open-meteo_ecmwf_ifs,daily,12.6215,10.6715,1.9,9.531917,4.808664,88.31759,27.5,11.487523765456698,0.9171687020399297
2020-06-17 00:00:00+00:00,-35.629999,-71.603888,170.0,open-meteo_ecmwf_ifs,daily,11.5215,10.3215,1.53,9.350666,5.084076,89.199005,35.300003,11.474558897378056,0.7625872157157924
2020-06-18 00:00:00+00:00,-35.629999,-71.603888,170.0,open-meteo_ecmwf_ifs,daily,10.5715,9.5215,0.95,7.0298333,6.0458255,81.27166,16.6,11.464954629778017,1.1656609680856607
2020-06-19 00:00:00+00:00,-35.629999,-71.603888,170.0,open-meteo_ecmwf_ifs,daily,13.9215,9.9215,5.05,9.775667,3.6767426,89.07844,30.200005,11.458711851199839,0.8966946541855911
2020-06-20 00:00:00+00:00,-35.629999,-71.603888,170.0,open-meteo_ecmwf_ifs,daily,12.5215,10.471499,1.33,9.938166,4.3376756,92.41357,14.8,11.455830823490306,0.7452138108504044
2020-06-21 00:00:00+00:00,-35.629999,-71.603888,170.0,open-meteo_ecmwf_ifs,daily,13.3715,5.2215,7.22,8.1965,1.334228,92.53707,4.6,11.456311185527989,0.5909876110026008
2020-06-22 00:00:00+00:00,-35.629999,-71.603888,170.0,open-meteo_ecmwf_ifs,daily,10.471499,8.8715,1.05,8.065249,3.5050952,89.39463,17.300003,11.460151955345715,0.6823432687700083
2020-06-23 00:00:00+00:00,-35.629999,-71.603888,170.0,open-meteo_ecmwf_ifs,daily,11.1215,7.0214996,3.02,7.3652496,3.458453,91.40799,22.7,11.46735153064259,0.7013686039459843
2020-06-24 00:00:00+00:00,-35.629999,-71.603888,170.0,open-meteo_ecmwf_ifs,daily,8.5715,5.6714997,2.42,5.3089995,4.3288417,90.43601,20.199999,11.477907687689358,0.7018939228974728
2020-06-25 00:00:00+00:00,-35.629999,-71.603888,170.0,open-meteo_ecmwf_ifs,daily,11.5715,1.7715001,7.81,3.7714999,2.6685066,81.127846,1.5,11.491817578639035,0.7879300347507032
2020-06-26 00:00:00+00:00,-35.629999,-71.603888,170.0,open-meteo_ecmwf_ifs,daily,10.1215,3.4715002,4.08,4.50275,2.0289514,89.086586,3.4,11.509077727263033,0.6620077811422025
2020-06-27 00:00:00+00:00,-35.629999,-71.603888,170.0,open-meteo_ecmwf_ifs,daily,13.471499,7.2215,5.31,6.9131665,1.9772272,82.38651,1.8000001,11.529684023141023,0.8836455810774766
2020-06-28 00:00:00+00:00,-35.629999,-71.603888,170.0,open-meteo_ecmwf_ifs,daily,11.9215,8.6215,1.21,8.659001,4.303041,89.60169,31.600002,11.553631714340613,0.7291318688441502
2020-06-29 00:00:00+00:00,-35.629999,-71.603888,170.0,open-meteo_ecmwf_ifs,daily,11.6215,8.5215,2.98,8.1485815,6.060797,87.46067,57.999996,11.580915398630689,0.8817862263277734
2020-06-30 00:00:00+00:00,-35.629999,-71.603888,170.0,open-meteo_ecmwf_ifs,daily,13.971499,7.4214997,6.81,6.9589996,3.2973337,81.8414,3.7000003,11.611529013279599,1.1269455653996805
2020-07-01 00:00:00+00:00,-35.629999,-71.603888,170.0,open-meteo_ecmwf_ifs,daily,13.8715,9.5215,5.07,7.429833,3.144348,78.58181,7.7,11.645465823496473,1.224555522324681
2020-07-02 00:00:00+00:00,-35.629999,-71.603888,170.0,open-meteo_ecmwf_ifs,daily,12.471499,5.8715,8.95,7.0298333,2.6768847,91.09487,0.0,11.682718409580735,0.7949829459810467
2020-07-03 00:00:00+00:00,-35.629999,-71.603888,170.0,open-meteo_ecmwf_ifs,daily,11.3715,6.4715,1.42,7.661083,3.3132951,91.884514,18.5,11.723278652851398,0.5997591217286814
2020-07-04 00:00:00+00:00,-35.629999,-71.603888,170.0,open-meteo_ecmwf_ifs,daily,11.1715,5.6714997,6.13,7.1277504,2.5193822,90.509834,7.4,11.767137720433436,0.6277425423095138
2020-07-05 00:00:00+00:00,-35.629999,-71.603888,170.0,open-meteo_ecmwf_ifs,daily,11.8715,7.0214996,7.64,6.344416,3.980381,84.774765,17.3,11.81428604898447,1.0562963713482436
2020-07-06 00:00:00+00:00,-35.629999,-71.603888,170.0,open-meteo_ecmwf_ifs,daily,10.471499,3.7215002,7.2,4.471499,2.3010378,83.51516,0.0,11.864713327449815,0.7645922025795624
2020-07-07 00:00:00+00:00,-35.629999,-71.603888,170.0,open-meteo_ecmwf_ifs,daily,12.5215,2.7715,7.46,4.50275,2.9580536,81.96502,0.0,11.918408478938757,0.9092431171207311
2020-07-08 00:00:00+00:00,-35.629999,-71.603888,170.0,open-meteo_ecmwf_ifs,daily,11.6215,6.0214996,10.04,5.6923327,3.385439,82.00358,22.7,11.975359641819084,1.0143781329020904
2020-07-09 00:00:00+00:00,-35.629999,-71.603888,170.0,open-meteo_ecmwf_ifs,daily,12.6215,3.4715002,6.7,3.3444166,1.6182798,77.157524,0.0,12.035554150130485,0.9074801048513785
2020-07-10 00:00:00+00:00,-35.629999,-71.603888,170.0,open-meteo_ecmwf_ifs,daily,13.1215,8.3215,3.1,8.288167,3.6689336,87.421974,8.7,12.098978513420695,0.9197216475800744
2020-07-11 00:00:00+00:00,-35.629999,-71.603888,170.0,open-meteo_ecmwf_ifs,daily,10.1215,3.4715002,4.83,5.156916,2.023498,90.17132,0.1,12.165618396110803,0.6238369465603826
2020-07-12 00:00:00+00:00,-35.629999,-71.603888,170.0,open-meteo_ecmwf_ifs,daily,15.1215,4.1714997,7.95,5.0048327,0.92016083,80.044334,0.0,12.235458596498415,0.8301003139160261
2020-07-13 00:00:00+00:00,-35.629999,-71.603888,170.0,open-meteo_ecmwf_ifs,daily,15.0215,7.3215,10.01,7.7215004,2.8369434,89.45577,0.0,12.308483025508929,1.1389588086647084
2020-07-14 00:00:00+00:00,-35.629999,-71.603888,170.0,open-meteo_ecmwf_ifs,daily,15.9215,3.2215002,11.19,6.3819165,2.4557886,88.66976,0.0,12.38467468530618,1.0165226307814268
2020-07-15 00:00:00+00:00,-35.629999,-71.603888,170.0,open-meteo_ecmwf_ifs,daily,15.4215,4.9214997,9.26,7.0173335,1.466688,91.10337,0.0,12.464015647874746,0.9021406533072623
2020-07-16 00:00:00+00:00,-35.629999,-71.603888,170.0,open-meteo_ecmwf_ifs,daily,12.1215,8.221499,3.47,8.829833,2.613476,91.69338,0.0,12.546487033685747,0.6724685425371811
2020-07-17 00:00:00+00:00,-35.629999,-71.603888,170.0,open-meteo_ecmwf_ifs,daily,12.6715,8.8215,2.25,8.681916,5.2559347,88.40158,10.8,12.63206899055828,0.923315758304056
2020-07-18 00:00:00+00:00,-35.629999,-71.603888,170.0,open-meteo_ecmwf_ifs,daily,12.6215,10.4215,1.83,9.821498,5.8403707,90.22089,19.7,12.720740672827478,0.8609992218495166
2020-07-19 00:00:00+00:00,-35.629999,-71.603888,170.0,open-meteo_ecmwf_ifs,daily,13.471499,10.6215,3.11,10.452748,4.2415113,92.05826,40.4,12.812480220928952,0.8216025026662481
2020-07-20 00:00:00+00:00,-35.629999,-71.603888,170.0,open-meteo_ecmwf_ifs,daily,12.5215,9.221499,4.3,9.463166,3.4748433,91.06133,11.6,12.90726474150805,0.7563342351350106
2020-07-21 00:00:00+00:00,-35.629999,-71.603888,170.0,open-meteo_ecmwf_ifs,daily,10.8715,8.471499,4.46,7.9715004,3.5443,89.42651,15.799999,13.005070288160091,0.7904564191841802
2020-07-22 00:00:00+00:00,-35.629999,-71.603888,170.0,open-meteo_ecmwf_ifs,daily,12.721499,1.9714999,11.21,4.398583,1.7476401,83.44881,0.1,13.105871842905293,0.9128721058005472
2020-07-23 00:00:00+00:00,-35.629999,-71.603888,170.0,open-meteo_ecmwf_ifs,daily,12.0215,1.1215,10.7,2.684,1.2783009,77.573235,0.3,13.209643298499671,0.8939514590550454
2020-07-24 00:00:00+00:00,-35.629999,-71.603888,170.0,open-meteo_ecmwf_ifs,daily,12.1215,1.8715,11.52,3.938166,1.5332795,86.30649,0.2,13.31635744167975,0.9153046573670764
2020-07-25 00:00:00+00:00,-35.629999,-71.603888,170.0,open-meteo_ecmwf_ifs,daily,10.0215,0.5715,4.53,3.059,1.167335,86.07965,0.0,13.425985937435785,0.6450285630813579
2020-07-26 00:00:00+00:00,-35.629999,-71.603888,170.0,open-meteo_ecmwf_ifs,daily,12.1215,6.2215,3.29,5.1798334,2.6452878,81.61038,2.9,13.538499314404422,1.0668646669026212
2020-07-27 00:00:00+00:00,-35.629999,-71.603888,170.0,open-meteo_ecmwf_ifs,daily,12.8715,4.6215,12.93,4.3277497,3.780451,80.52438,0.0,13.653866951467858,1.4403967491794174
2020-07-28 00:00:00+00:00,-35.629999,-71.603888,170.0,open-meteo_ecmwf_ifs,daily,11.8715,-0.3285,13.36,0.55691665,3.9813042,74.287865,0.0,13.772057065642299,1.416262402815772
2020-07-29 00:00:00+00:00,-35.629999,-71.603888,170.0,open-meteo_ecmwf_ifs,daily,11.7715,0.9715,11.43,2.4444165,1.6214768,86.49229,0.0,13.893036701334283,1.0121444963747903
2020-07-30 00:00:00+00:00,-35.629999,-71.603888,170.0,open-meteo_ecmwf_ifs,daily,10.971499,3.1215,3.7,4.1756673,2.2109663,87.06356,0.0,14.016771721038747,0.8294958550981536
2020-07-31 00:00:00+00:00,-35.629999,-71.603888,170.0,open-meteo_ecmwf_ifs,daily,11.9215,1.2715001,6.59,3.9881666,1.0986532,87.25912,0.0,14.14322679754809,0.7787645098532888
2020-08-01 00:00:00+00:00,-35.629999,-71.603888,170.0,open-meteo_ecmwf_ifs,daily,12.721499,6.6215,2.73,6.5402503,3.5101001,83.63678,6.9000006,14.272365407736467,1.0483739018281393
2020-08-02 00:00:00+00:00,-35.629999,-71.603888,170.0,open-meteo_ecmwf_ifs,daily,16.671501,5.1215,12.27,7.6944156,2.067391,83.530106,1.0,14.404149827978726,1.2707060146667406
2020-08-03 00:00:00+00:00,-35.629999,-71.603888,170.0,open-meteo_ecmwf_ifs,daily,14.1215,8.0215,8.49,8.979833,1.2790792,92.903725,0.2,14.53854113125797,0.9868237784694773
2020-08-04 00:00:00+00:00,-35.629999,-71.603888,170.0,open-meteo_ecmwf_ifs,daily,17.271502,5.6714997,12.09,8.425666,1.5091444,91.21433,0.2,14.67549918601099,1.2487042626087712
2020-08-05 00:00:00+00:00,-35.629999,-71.603888,170.0,open-meteo_ecmwf_ifs,daily,15.2715,9.8715,10.21,9.806918,2.6439712,85.4983,10.100001,14.814982656754971,1.3081966253476662
2020-08-06 00:00:00+00:00,-35.629999,-71.603888,170.0,open-meteo_ecmwf_ifs,daily,13.971499,3.6715,14.26,2.8944166,5.26222,69.57889,0.0,14.956949006533916,1.9979031388069404
2020-08-07 00:00:00+00:00,-35.629999,-71.603888,170.0,open-meteo_ecmwf_ifs,daily,14.5215,3.2715,12.47,3.09025,3.4838846,71.19058,0.0,15.101354501217719,1.7181629213133915
2020-08-08 00:00:00+00:00,-35.629999,-71.603888,170.0,open-meteo_ecmwf_ifs,daily,16.6215,3.6715,13.17,5.8589997,2.6786845,83.36785,0.0,15.248154215681367,1.5243144248794918
2020-08-09 00:00:00+00:00,-35.629999,-71.603888,170.0,open-meteo_ecmwf_ifs,daily,13.971499,6.4214997,7.94,7.7402496,2.5470936,87.23199,0.6,15.397302041886318,1.0971237090572827
2020-08-10 00:00:00+00:00,-35.629999,-71.603888,170.0,open-meteo_ecmwf_ifs,daily,11.5715,5.6714997,12.51,4.788166,4.3309784,78.37423,0.0,15.548750698880681,1.5254490777852847
2020-08-11 00:00:00+00:00,-35.629999,-71.603888,170.0,open-meteo_ecmwf_ifs,daily,12.1215,2.8215,15.04,-0.2430832,6.6856675,62.081097,0.0,15.702451744729414,2.420662909556027
2020-08-12 00:00:00+00:00,-35.629999,-71.603888,170.0,open-meteo_ecmwf_ifs,daily,13.6215,1.2214999,13.05,2.5694163,3.189127,79.543236,0.0,15.85835559038023,1.5367352722128231
2020-08-13 00:00:00+00:00,-35.629999,-71.603888,170.0,open-meteo_ecmwf_ifs,daily,12.3715,2.1715,10.55,4.4423337,2.0337317,86.16599,0.0,16.01641151546576,1.1251387858416064
2020-08-14 00:00:00+00:00,-35.629999,-71.603888,170.0,open-meteo_ecmwf_ifs,daily,12.5715,6.6714997,12.29,5.2902503,2.4146264,77.7987,5.599999,16.176567686036773,1.5107889569255335
2020-08-15 00:00:00+00:00,-35.629999,-71.603888,170.0,open-meteo_ecmwf_ifs,daily,13.0215,2.0215,15.56,1.4006667,4.7745385,69.08693,0.0,16.338771174216483,2.0040206718159035
2020-08-16 00:00:00+00:00,-35.629999,-71.603888,170.0,open-meteo_ecmwf_ifs,daily,13.0715,3.4715002,14.38,0.30275005,5.394566,62.2338,0.0,16.502967979760236,2.416162389564734
2020-08-17 00:00:00+00:00,-35.629999,-71.603888,170.0,open-meteo_ecmwf_ifs,daily,13.5215,2.2715,15.01,3.9027503,2.9809816,81.915306,0.0,16.669103053500145,1.56558666657288
2020-08-18 00:00:00+00:00,-35.629999,-71.603888,170.0,open-meteo_ecmwf_ifs,daily,11.4215,3.1715,7.5,5.044417,1.3851166,86.788635,0.0,16.83712032264884,0.9527064352584022
2020-08-19 00:00:00+00:00,-35.629999,-71.603888,170.0,open-meteo_ecmwf_ifs,daily,14.221499,2.2215002,16.1,3.8027496,3.6939504,78.84594,0.0,17.00696271793167,1.7646426104533104
2020-08-20 00:00:00+00:00,-35.629999,-71.603888,170.0,open-meteo_ecmwf_ifs,daily,17.671501,-1.6784999,16.35,1.6673332,2.3579433,71.12574,0.0,17.178572202511823,1.8237045902377969
2020-08-21 00:00:00+00:00,-35.629999,-71.603888,170.0,open-meteo_ecmwf_ifs,daily,17.171501,4.0715,16.07,6.44025,1.2537061,81.53543,0.0,17.351889802667873,1.6842660351374046
2020-08-22 00:00:00+00:00,-35.629999,-71.603888,170.0,open-meteo_ecmwf_ifs,daily,17.7215,4.4214997,14.07,7.319416,1.9823589,86.79569,0.0,17.52685564017888,1.66768216678243
2020-08-23 00:00:00+00:00,-35.629999,-71.603888,170.0,open-meteo_ecmwf_ifs,daily,14.8215,8.6715,7.86,6.6777496,5.287495,75.31411,0.2,17.703408966367295,2.0097846033863296
2020-08-24 00:00:00+00:00,-35.629999,-71.603888,170.0,open-meteo_ecmwf_ifs,daily,15.5715,7.9715,8.93,4.9444165,5.7485156,66.65235,2.8,17.881488197745675,2.4986054424161
2020-08-25 00:00:00+00:00,-35.629999,-71.603888,170.0,open-meteo_ecmwf_ifs,daily,11.5715,9.2715,3.79,7.644417,5.130506,83.64808,22.1,18.061030953208935,1.2199858433160915
2020-08-26 00:00:00+00:00,-35.629999,-71.603888,170.0,open-meteo_ecmwf_ifs,daily,11.6715,8.1715,4.99,6.7194176,4.9974847,82.7257,12.1,18.241974092709803,1.3448360519894567
2020-08-27 00:00:00+00:00,-35.629999,-71.603888,170.0,open-meteo_ecmwf_ifs,daily,12.5715,3.7715,8.21,5.706917,1.649836,88.091774,0.1,18.424253757350737,1.1129216155743031
2020-08-28 00:00:00+00:00,-35.629999,-71.603888,170.0,open-meteo_ecmwf_ifs,daily,11.221499,5.1714997,4.45,5.6694164,2.689864,83.73809,11.8,18.607805410822532,0.9842900146441983
2020-08-29 00:00:00+00:00,-35.629999,-71.603888,170.0,open-meteo_ecmwf_ifs,daily,13.0715,7.2215,13.49,5.698583,3.6353865,77.78126,3.6999998,18.792563882115246,1.905532629012023
2020-08-30 00:00:00+00:00,-35.629999,-71.603888,170.0,open-meteo_ecmwf_ifs,daily,14.0715,1.2715001,18.45,0.7673333,5.4247146,65.2342,0.0,18.97846340942455,2.473682879104998
2020-08-31 00:00:00+00:00,-35.629999,-71.603888,170.0,open-meteo_ecmwf_ifs,daily,15.2715,2.4215,17.18,4.992333,2.0971568,84.65501,0.0,19.165437685172577,1.8340276641960496
2020-09-01 00:00:00+00:00,-35.629999,-71.603888,170.0,open-meteo_ecmwf_ifs,daily,14.221499,5.2215,10.82,6.450667,1.4385983,86.20118,0.2,19.35341990205968,1.4283105187242868
2020-09-02 00:00:00+00:00,-35.629999,-71.603888,170.0,open-meteo_ecmwf_ifs,daily,15.2715,5.7215,17.2,6.7215004,2.5578396,81.90445,0.0,19.54234280006061,1.999707249134422
2020-09-03 00:00:00+00:00,-35.629999,-71.603888,170.0,open-meteo_ecmwf_ifs,daily,14.971499,4.2714996,15.7,5.863167,1.9792265,79.96989,0.0,19.73213871427569,1.8242252486099968
2020-09-04 00:00:00+00:00,-35.629999,-71.603888,170.0,open-meteo_ecmwf_ifs,daily,15.471499,5.3215,14.08,5.775667,2.6504242,78.0095,0.0,19.922739623545546,1.9429966929649338
2020-09-05 00:00:00+00:00,-35.629999,-71.603888,170.0,open-meteo_ecmwf_ifs,daily,14.5715,6.0715,10.88,6.729833,2.8600366,81.000885,2.1,20.1140771997354,1.6439027211368322
2020-09-06 00:00:00+00:00,-35.629999,-71.603888,170.0,open-meteo_ecmwf_ifs,daily,18.171501,4.3715,19.56,6.600666,2.686691,79.58419,0.0,20.306082857592948,2.369354019575011
2020-09-07 00:00:00+00:00,-35.629999,-71.603888,170.0,open-meteo_ecmwf_ifs,daily,14.9215,5.0715,11.66,7.875666,1.5257387,88.67941,0.0,20.49868780508257,1.460421084993478
2020-09-08 00:00:00+00:00,-35.629999,-71.603888,170.0,open-meteo_ecmwf_ifs,daily,11.5715,7.8715,3.72,7.7569165,2.590245,89.42243,3.4,20.691823094096364,0.9321565204270509
2020-09-09 00:00:00+00:00,-35.629999,-71.603888,170.0,open-meteo_ecmwf_ifs,daily,18.5715,9.0215,16.43,8.606916,2.6093905,80.249176,3.6000001,20.88541967144208,2.4706824510347087
2020-09-10 00:00:00+00:00,-35.629999,-71.603888,170.0,open-meteo_ecmwf_ifs,daily,15.8715,7.1714997,10.71,8.654834,2.2319062,85.611206,0.5,21.079408430006485,1.5981473806293016
2020-09-11 00:00:00+00:00,-35.629999,-71.603888,170.0,open-meteo_ecmwf_ifs,daily,15.1215,3.6715,20.4,4.573583,4.74701,75.23827,0.0,21.273720259992107,2.4643849008515852
2020-09-12 00:00:00+00:00,-35.629999,-71.603888,170.0,open-meteo_ecmwf_ifs,daily,16.0715,3.1715,20.64,4.3860836,4.627799,74.61928,0.0,21.46828610012523,2.5751899696905416
2020-09-13 00:00:00+00:00,-35.629999,-71.603888,170.0,open-meteo_ecmwf_ifs,daily,17.021502,4.5715,21.22,4.3673334,5.611501,71.23087,0.0,21.663036988732163,3.033088287901733
2020-09-14 00:00:00+00:00,-35.629999,-71.603888,170.0,open-meteo_ecmwf_ifs,daily,19.421501,2.1715,21.27,3.9985836,3.762251,67.23615,0.0,21.857904114581675,2.914297295297942
2020-09-15 00:00:00+00:00,-35.629999,-71.603888,170.0,open-meteo_ecmwf_ifs,daily,15.721499,6.0214996,14.84,7.8214993,2.68874,82.771835,0.0,22.0528188673914,1.9312361543136272
2020-09-16 00:00:00+00:00,-35.629999,-71.603888,170.0,open-meteo_ecmwf_ifs,daily,18.7215,7.7215,18.51,9.356917,2.7003574,83.359024,0.3,22.247712887896693,2.4994174194414924
2020-09-17 00:00:00+00:00,-35.629999,-71.603888,170.0,open-meteo_ecmwf_ifs,daily,19.671501,6.4214997,20.85,9.090251,3.6805649,80.180336,0.0,22.442518117381805,2.721912732658271
2020-09-18 00:00:00+00:00,-35.629999,-71.603888,170.0,open-meteo_ecmwf_ifs,daily,18.421501,6.7714996,21.43,6.1006665,5.91464,69.108665,0.0,22.637166846573887,3.3626983596762767
2020-09-19 00:00:00+00:00,-35.629999,-71.603888,170.0,open-meteo_ecmwf_ifs,daily,21.8215,3.2715,22.51,3.234,5.237059,57.43419,0.0,22.83159176380243,3.846828956167904
2020-09-20 00:00:00+00:00,-35.629999,-71.603888,170.0,open-meteo_ecmwf_ifs,daily,20.171501,5.5214996,21.99,7.059,1.5640382,68.74429,0.0,23.025726002328184,2.8626608561301357
2020-09-21 00:00:00+00:00,-35.629999,-71.603888,170.0,open-meteo_ecmwf_ifs,daily,20.8215,8.3715,18.64,10.146499,1.6416649,82.521355,0.0,23.21950318674769,2.6676275903223656
2020-09-22 00:00:00+00:00,-35.629999,-71.603888,170.0,open-meteo_ecmwf_ifs,daily,18.771502,6.8215,18.22,8.556914,2.924751,76.81001,0.0,23.412857478382367,2.5703713524679213
2020-09-23 00:00:00+00:00,-35.629999,-71.603888,170.0,open-meteo_ecmwf_ifs,daily,21.671501,5.7215,21.9,8.011083,3.060688,73.689,0.0,23.60572361956295,3.1529517929314865
2020-09-24 00:00:00+00:00,-35.629999,-71.603888,170.0,open-meteo_ecmwf_ifs,daily,22.521502,7.0715,22.45,9.371499,1.6627731,75.33698,0.0,23.798036976723857,3.1357369117633738
2020-09-25 00:00:00+00:00,-35.629999,-71.603888,170.0,open-meteo_ecmwf_ifs,daily,14.5215,8.0715,7.1,8.004832,3.2830608,80.98664,0.2,23.989733582224495,1.5392810946045192
2020-09-26 00:00:00+00:00,-35.629999,-71.603888,170.0,open-meteo_ecmwf_ifs,daily,14.1715,8.8715,9.3,6.356916,1.2681438,74.19956,0.8000001,24.180750174818257,1.7008829543983646
2020-09-27 00:00:00+00:00,-35.629999,-71.603888,170.0,open-meteo_ecmwf_ifs,daily,18.9715,5.9214997,23.1,6.5673327,3.4614964,74.62234,0.0,24.371024238693796,3.219188459708024
2020-09-28 00:00:00+00:00,-35.629999,-71.603888,170.0,open-meteo_ecmwf_ifs,daily,18.9715,5.8715,20.17,6.598583,3.2104905,71.7993,0.0,24.56049404101651,2.9833022272252103
2020-09-29 00:00:00+00:00,-35.629999,-71.603888,170.0,open-meteo_ecmwf_ifs,daily,13.7715,7.3215,10.74,6.406916,3.9595501,76.460945,0.1,24.74909866790285,1.9660216648658002
2020-09-30 00:00:00+00:00,-35.629999,-71.603888,170.0,open-meteo_ecmwf_ifs,daily,13.971499,7.9715,12.07,5.4798336,3.0455391,73.84884,7.7999997,24.936778058764165,2.22013874196447
2020-10-01 00:00:00+00:00,-35.629999,-71.603888,170.0,open-meteo_ecmwf_ifs,daily,14.9215,4.2215,21.36,2.3715003,3.805937,65.606544,0.0,25.12347303896108,3.034695282598565
2020-10-02 00:00:00+00:00,-35.629999,-71.603888,170.0,open-meteo_ecmwf_ifs,daily,16.271502,2.8715,23.22,3.3610833,2.6297662,69.95784,0.0,25.309125350714705,2.9367057191883164
2020-10-03 00:00:00+00:00,-35.629999,-71.603888,170.0,open-meteo_ecmwf_ifs,daily,15.2715,3.6215,21.55,3.2298338,1.9555861,66.787315,0.4,25.49367768222526,2.751772639055141
2020-10-04 00:00:00+00:00,-35.629999,-71.603888,170.0,open-meteo_ecmwf_ifs,daily,16.521502,3.5715,24.05,2.9902496,3.3794641,66.16537,0.8,25.67707369495413,3.2283007415339027
2020-10-05 00:00:00+00:00,-35.629999,-71.603888,170.0,open-meteo_ecmwf_ifs,daily,17.671501,4.5214996,24.73,3.654833,3.0375443,61.55286,0.0,25.859258049030625,3.4156061968925413
2020-10-06 00:00:00+00:00,-35.629999,-71.603888,170.0,open-meteo_ecmwf_ifs,daily,18.771502,5.7215,24.97,4.8110833,3.8006573,65.45191,0.0,26.040176426749454,3.6770734721427947
2020-10-07 00:00:00+00:00,-35.629999,-71.603888,170.0,open-meteo_ecmwf_ifs,daily,18.9715,5.3715,25.83,4.2277493,4.891563,63.825,0.0,26.219775554131406,3.933910072028818
2020-10-08 00:00:00+00:00,-35.629999,-71.603888,170.0,open-meteo_ecmwf_ifs,daily,18.521502,5.2714996,19.08,4.3069167,4.0691776,61.73575,0.1,26.39800322052408,3.296436467219278
2020-10-09 00:00:00+00:00,-35.629999,-71.603888,170.0,open-meteo_ecmwf_ifs,daily,24.171501,7.8215,25.68,7.2985826,4.6863723,65.83492,0.0,26.574808296226127,4.6042014798323025
2020-10-10 00:00:00+00:00,-35.629999,-71.603888,170.0,open-meteo_ecmwf_ifs,daily,20.021502,9.471499,25.94,6.129833,5.8601856,60.908188,0.0,26.75014074812351,4.602453491787733
2020-10-11 00:00:00+00:00,-35.629999,-71.603888,170.0,open-meteo_ecmwf_ifs,daily,24.5715,7.0214996,25.97,6.081917,4.5054717,60.849804,0.0,26.923951653332207,4.741047428416071
2020-10-12 00:00:00+00:00,-35.629999,-71.603888,170.0,open-meteo_ecmwf_ifs,daily,25.8715,8.5715,25.68,7.9902496,3.4059458,58.99582,0.0,27.096193210847524,4.631668277865789
2020-10-13 00:00:00+00:00,-35.629999,-71.603888,170.0,open-meteo_ecmwf_ifs,daily,24.8715,9.8215,23.73,8.959001,2.9977608,63.63609,0.0,27.266818751205932,4.2882382644196895
2020-10-14 00:00:00+00:00,-35.629999,-71.603888,170.0,open-meteo_ecmwf_ifs,daily,20.671501,11.1715,16.01,10.186083,3.1136148,71.918526,0.0,27.435782744170826,3.087716542937891
2020-10-15 00:00:00+00:00,-35.629999,-71.603888,170.0,open-meteo_ecmwf_ifs,daily,26.6215,10.5215,25.77,12.256917,1.7867199,74.21607,0.0,27.603040804459596,4.225621386849222
2020-10-16 00:00:00+00:00,-35.629999,-71.603888,170.0,open-meteo_ecmwf_ifs,daily,22.521502,10.9215,18.71,12.069413,3.2672045,73.707146,0.0,27.768549695534574,3.2760926059686937
2020-10-17 00:00:00+00:00,-35.629999,-71.603888,170.0,open-meteo_ecmwf_ifs,daily,24.671501,9.9215,24.36,10.646501,1.799624,75.44866,0.0,27.932267331486372,3.9721385041649633
2020-10-18 00:00:00+00:00,-35.629999,-71.603888,170.0,open-meteo_ecmwf_ifs,daily,22.171501,8.2715,25.46,7.5652504,3.5418348,65.60816,0.0,28.09415277704308,4.222846045565297
2020-10-19 00:00:00+00:00,-35.629999,-71.603888,170.0,open-meteo_ecmwf_ifs,daily,22.0715,7.6714997,27.2,4.240249,4.353542,55.823,0.0,28.254166245744305,4.868633948627364
2020-10-20 00:00:00+00:00,-35.629999,-71.603888,170.0,open-meteo_ecmwf_ifs,daily,24.421501,8.0715,27.75,5.9152493,4.4237,54.62895,0.8,28.412269096324195,5.117138082758981
2020-10-21 00:00:00+00:00,-35.629999,-71.603888,170.0,open-meteo_ecmwf_ifs,daily,23.4715,8.221499,27.53,7.279833,2.3672001,60.760876,0.0,28.568423827352163,4.413647335122266
2020-10-22 00:00:00+00:00,-35.629999,-71.603888,170.0,open-meteo_ecmwf_ifs,daily,25.2215,8.2715,27.71,8.004832,2.1587493,61.37411,0.0,28.72259407018517,4.525321423328827
2020-10-23 00:00:00+00:00,-35.629999,-71.603888,170.0,open-meteo_ecmwf_ifs,daily,25.271502,8.6715,27.55,8.142334,2.1369512,61.329967,0.0,28.874744580289747,4.550184818220258
2020-10-24 00:00:00+00:00,-35.629999,-71.603888,170.0,open-meteo_ecmwf_ifs,daily,22.921501,8.0215,27.08,6.613167,3.0751784,61.35333,0.0,29.024841226996184,4.520004004669772
2020-10-25 00:00:00+00:00,-35.629999,-71.603888,170.0,open-meteo_ecmwf_ifs,daily,20.171501,9.1215,25.78,5.6527495,4.0150924,63.088963,1.4,29.172850981751598,4.488556069145231
2020-10-26 00:00:00+00:00,-35.629999,-71.603888,170.0,open-meteo_ecmwf_ifs,daily,21.771502,6.4715,27.23,4.9298334,3.6591156,57.839283,0.0,29.31874190494176,4.50062958204408
2020-10-27 00:00:00+00:00,-35.629999,-71.603888,170.0,open-meteo_ecmwf_ifs,daily,16.421501,9.9215,8.93,7.084001,2.8344886,70.72039,5.2,29.462483131356134,2.281936112320341
2020-10-28 00:00:00+00:00,-35.629999,-71.603888,170.0,open-meteo_ecmwf_ifs,daily,19.9715,6.0715,29.12,5.073583,3.744586,62.493557,0.0,29.604044854372273,4.361613546298307
2020-10-29 00:00:00+00:00,-35.629999,-71.603888,170.0,open-meteo_ecmwf_ifs,daily,23.9715,6.4214997,28.32,5.8423333,3.8339102,59.30206,0.0,29.743398308940055,4.827133624101348
2020-10-30 00:00:00+00:00,-35.629999,-71.603888,170.0,open-meteo_ecmwf_ifs,daily,28.271502,9.6215,29.22,9.711083,1.8481913,61.98503,0.0,29.880515753447717,5.005131169815851
2020-10-31 00:00:00+00:00,-35.629999,-71.603888,170.0,open-meteo_ecmwf_ifs,daily,28.021502,11.7715,28.37,12.296498,1.6578115,65.16169,0.0,30.015370450554087,4.905637590162805
2020-11-01 00:00:00+00:00,-35.629999,-71.603888,170.0,open-meteo_ecmwf_ifs,daily,25.3715,10.9215,28.31,11.033999,1.7662147,67.75234,0.0,30.147936647073738,4.6751637649377535
2020-11-02 00:00:00+00:00,-35.629999,-71.603888,170.0,open-meteo_ecmwf_ifs,daily,24.8215,10.7715,26.59,11.113166,1.6228155,70.18734,0.0,30.2781895530023,4.391644727848071
2020-11-03 00:00:00+00:00,-35.629999,-71.603888,170.0,open-meteo_ecmwf_ifs,daily,26.9715,10.9215,27.53,11.429832,2.096251,68.816315,0.0,30.406105319771118,4.79481424363081
2020-11-04 00:00:00+00:00,-35.629999,-71.603888,170.0,open-meteo_ecmwf_ifs,daily,24.1215,10.3215,23.47,8.527749,3.8414147,58.9714,0.0,30.53166101782066,4.645115306503785
2020-11-05 00:00:00+00:00,-35.629999,-71.603888,170.0,open-meteo_ecmwf_ifs,daily,24.8215,8.7715,30.88,3.111083,6.024545,44.885014,0.0,30.65483461358238,6.446817523171225
2020-11-06 00:00:00+00:00,-35.629999,-71.603888,170.0,open-meteo_ecmwf_ifs,daily,24.8715,8.971499,28.1,7.1756654,3.351537,57.87074,0.0,30.775604945959003,5.084041960961556
2020-11-07 00:00:00+00:00,-35.629999,-71.603888,170.0,open-meteo_ecmwf_ifs,daily,28.3215,11.3215,29.88,10.329832,3.3429692,60.424366,0.0,30.8939517023923,5.688608084046861
2020-11-08 00:00:00+00:00,-35.629999,-71.603888,170.0,open-meteo_ecmwf_ifs,daily,26.421501,12.221499,28.93,10.242332,2.615356,58.536602,0.0,31.009855394606944,5.295208839362957
2020-11-09 00:00:00+00:00,-35.629999,-71.603888,170.0,open-meteo_ecmwf_ifs,daily,27.5715,11.471499,29.88,9.644416,3.2774704,59.623978,0.0,31.123297334117666,5.684362808144627
2020-11-10 00:00:00+00:00,-35.629999,-71.603888,170.0,open-meteo_ecmwf_ifs,daily,28.2215,12.3215,29.98,10.788166,2.889243,59.610153,0.0,31.234259607585088,5.676110457801063
2020-11-11 00:00:00+00:00,-35.629999,-71.603888,170.0,open-meteo_ecmwf_ifs,daily,24.6215,11.4215,26.36,10.381916,2.1636431,68.04153,0.0,31.342725052104274,4.621194481801585
2020-11-12 00:00:00+00:00,-35.629999,-71.603888,170.0,open-meteo_ecmwf_ifs,daily,26.7215,12.5715,27.14,10.5339985,2.672363,62.36905,0.0,31.448677230507144,5.186780460070605
2020-11-13 00:00:00+00:00,-35.629999,-71.603888,170.0,open-meteo_ecmwf_ifs,daily,21.9715,12.221499,17.23,9.400666,3.4255514,63.928726,0.0,31.55210040675744,3.824441802769045
2020-11-14 00:00:00+00:00,-35.629999,-71.603888,170.0,open-meteo_ecmwf_ifs,daily,23.171501,11.5215,30.95,6.498583,4.4124293,54.489117,0.1,31.652979521514183,5.844266035850059
2020-11-15 00:00:00+00:00,-35.629999,-71.603888,170.0,open-meteo_ecmwf_ifs,daily,25.521502,9.2715,31.47,5.631916,3.2223787,49.933483,0.0,31.751300167936037,5.718535834278285
2020-11-16 00:00:00+00:00,-35.629999,-71.603888,170.0,open-meteo_ecmwf_ifs,daily,27.8215,11.0715,31.38,8.184,2.238159,54.452496,0.0,31.847048567795724,5.694817093979973
2020-11-17 00:00:00+00:00,-35.629999,-71.603888,170.0,open-meteo_ecmwf_ifs,daily,24.9715,11.721499,29.85,9.831916,3.3566782,59.013138,0.0,31.94021154796953,5.396368269253494
2020-11-18 00:00:00+00:00,-35.629999,-71.603888,170.0,open-meteo_ecmwf_ifs,daily,26.3715,11.1215,29.92,10.698583,2.2425404,67.46437,0.0,32.030776517363314,5.210358043969667
2020-11-19 00:00:00+00:00,-35.629999,-71.603888,170.0,open-meteo_ecmwf_ifs,daily,24.2215,12.9215,25.88,10.500666,2.9742467,60.069996,0.0,32.11873144433215,4.888384994251796
2020-11-20 00:00:00+00:00,-35.629999,-71.603888,170.0,open-meteo_ecmwf_ifs,daily,21.771502,12.721499,22.01,7.8089995,3.1774426,59.5907,0.0,32.20406483464601,4.527821713752553
2020-11-21 00:00:00+00:00,-35.629999,-71.603888,170.0,open-meteo_ecmwf_ifs,daily,24.771502,9.9215,31.59,6.7381663,1.7395114,55.384815,0.0,32.28676571005012,5.253961017176009
2020-11-22 00:00:00+00:00,-35.629999,-71.603888,170.0,open-meteo_ecmwf_ifs,daily,27.9715,10.7715,31.89,7.2110825,3.8969738,51.677273,0.0,32.36682358746337,6.375832412996923
2020-11-23 00:00:00+00:00,-35.629999,-71.603888,170.0,open-meteo_ecmwf_ifs,daily,27.3715,12.721499,30.9,8.4965,3.9805844,51.607594,0.0,32.44422845885387,6.355092436610054
2020-11-24 00:00:00+00:00,-35.629999,-71.603888,170.0,open-meteo_ecmwf_ifs,daily,25.671501,11.0215,30.83,6.971499,3.6372983,51.982235,0.0,32.51897077182602,5.937572302076648
2020-11-25 00:00:00+00:00,-35.629999,-71.603888,170.0,open-meteo_ecmwf_ifs,daily,25.8215,10.971499,31.79,7.7381663,5.129687,56.685272,0.0,32.591041410948804,6.286932916409376
2020-11-26 00:00:00+00:00,-35.629999,-71.603888,170.0,open-meteo_ecmwf_ifs,daily,29.6215,10.721499,33.21,1.886083,6.6396813,35.035866,0.0,32.66043167985034,8.350669320579547
2020-11-27 00:00:00+00:00,-35.629999,-71.603888,170.0,open-meteo_ecmwf_ifs,daily,28.521502,11.721499,32.31,5.07775,3.7308881,40.914654,0.0,32.72713328409934,6.8180495823356075
2020-11-28 00:00:00+00:00,-35.629999,-71.603888,170.0,open-meteo_ecmwf_ifs,daily,27.5715,11.2715,32.24,8.390248,3.1424685,55.74629,0.0,32.791138314889395,6.107503991532057
2020-11-29 00:00:00+00:00,-35.629999,-71.603888,170.0,open-meteo_ecmwf_ifs,daily,28.421501,12.721499,32.28,7.3485827,5.4797225,52.356674,0.0,32.85243923353839,7.289405812373219
2020-11-30 00:00:00+00:00,-35.629999,-71.603888,170.0,open-meteo_ecmwf_ifs,daily,30.1215,11.0215,32.91,4.8860826,4.478036,40.64235,0.0,32.91102885681044,7.33127676681901
2020-12-01 00:00:00+00:00,-35.629999,-71.603888,170.0,open-meteo_ecmwf_ifs,daily,28.171501,12.4215,28.61,6.4548335,3.5588944,45.039627,0.0,32.96690034306469,6.308688709903605
2020-12-02 00:00:00+00:00,-35.629999,-71.603888,170.0,open-meteo_ecmwf_ifs,daily,27.3215,11.2715,32.5,6.0965,3.2973413,46.98636,0.0,33.02004717923117,6.380649707679647
2020-12-03 00:00:00+00:00,-35.629999,-71.603888,170.0,open-meteo_ecmwf_ifs,daily,27.171501,11.8215,32.85,3.7131662,6.099421,40.8669,0.0,33.07046316861084,7.673285808138157
2020-12-04 00:00:00+00:00,-35.629999,-71.603888,170.0,open-meteo_ecmwf_ifs,daily,30.171501,10.971499,32.95,5.0652494,2.810599,39.811295,0.0,33.118142419494106,6.6243123414117475
2020-12-05 00:00:00+00:00,-35.629999,-71.603888,170.0,open-meteo_ecmwf_ifs,daily,31.3215,13.1215,32.68,8.900666,2.6413786,47.4148,0.0,33.16307933458884,6.65559627973761
2020-12-06 00:00:00+00:00,-35.629999,-71.603888,170.0,open-meteo_ecmwf_ifs,daily,32.3215,13.9215,32.81,8.861083,1.8602208,44.78075,0.0,33.20526860124732,6.477948779972749
2020-12-07 00:00:00+00:00,-35.629999,-71.603888,170.0,open-meteo_ecmwf_ifs,daily,29.3215,13.0215,32.79,8.950666,2.939699,50.171494,0.0,33.24470518247902,6.536758640017732
2020-12-08 00:00:00+00:00,-35.629999,-71.603888,170.0,open-meteo_ecmwf_ifs,daily,28.671501,11.221499,33.08,7.0839996,3.6164665,50.543842,0.0,33.28138430873483,6.6472942210702906
2020-12-09 00:00:00+00:00,-35.629999,-71.603888,170.0,open-meteo_ecmwf_ifs,daily,31.671501,13.6215,33.82,5.742334,4.1483192,40.95368,0.0,33.31530147044687,7.851086758329148
2020-12-10 00:00:00+00:00,-35.629999,-71.603888,170.0,open-meteo_ecmwf_ifs,daily,25.5715,12.9215,29.2,5.761082,3.440486,43.87914,0.0,33.34645241130739,6.135590706571695
2020-12-11 00:00:00+00:00,-35.629999,-71.603888,170.0,open-meteo_ecmwf_ifs,daily,26.3215,10.9215,33.4,5.2027497,4.6544113,48.241673,0.0,33.37483312226973,6.809005453891674
2020-12-12 00:00:00+00:00,-35.629999,-71.603888,170.0,open-meteo_ecmwf_ifs,daily,25.4715,11.3715,22.19,7.7465,3.8437517,56.302673,0.3,33.40043983625405,5.1003587704066335
2020-12-13 00:00:00+00:00,-35.629999,-71.603888,170.0,open-meteo_ecmwf_ifs,daily,28.271502,11.4215,34.08,6.1944165,5.295606,54.830765,0.0,33.42326902354119,7.343331276598345
2020-12-14 00:00:00+00:00,-35.629999,-71.603888,170.0,open-meteo_ecmwf_ifs,daily,26.4715,11.3215,32.67,4.8944163,5.7639046,41.37438,0.0,33.44331738783805,7.189454812891042
2020-12-15 00:00:00+00:00,-35.629999,-71.603888,170.0,open-meteo_ecmwf_ifs,daily,28.171501,11.6715,33.98,5.5819163,5.380141,49.32134,0.0,33.46058186299931,7.4739606089453225
2020-12-16 00:00:00+00:00,-35.629999,-71.603888,170.0,open-meteo_ecmwf_ifs,daily,31.021502,11.221499,33.79,5.3964996,3.4551373,42.02815,0.0,33.47505961039131,7.143215706530459
2020-12-17 00:00:00+00:00,-35.629999,-71.603888,170.0,open-meteo_ecmwf_ifs,daily,32.0215,13.971499,32.99,7.67775,2.8816493,42.089603,0.0,33.486748016885436,7.089614050703734
2020-12-18 00:00:00+00:00,-35.629999,-71.603888,170.0,open-meteo_ecmwf_ifs,daily,22.3215,12.0215,22.98,7.9756675,4.261662,58.85336,2.7,33.49564469346986,4.87890821173187
2020-12-19 00:00:00+00:00,-35.629999,-71.603888,170.0,open-meteo_ecmwf_ifs,daily,25.2215,11.471499,27.64,8.192332,3.0774524,60.618713,0.0,33.50174747447102,5.378400460146493
2020-12-20 00:00:00+00:00,-35.629999,-71.603888,170.0,open-meteo_ecmwf_ifs,daily,28.2215,11.8715,33.57,6.296499,4.558775,47.827682,0.0,33.50505441737749,7.135118234641659
2020-12-21 00:00:00+00:00,-35.629999,-71.603888,170.0,open-meteo_ecmwf_ifs,daily,32.0215,12.221499,33.35,7.184,3.532224,44.323376,0.0,33.505563803261865,7.2532129823359375
2020-12-22 00:00:00+00:00,-35.629999,-71.603888,170.0,open-meteo_ecmwf_ifs,daily,32.6215,14.6215,33.44,9.194416,4.063089,45.772694,0.0,33.50327413779824,7.732116240602652
2020-12-23 00:00:00+00:00,-35.629999,-71.603888,170.0,open-meteo_ecmwf_ifs,daily,30.5715,14.0215,33.33,8.342334,4.4999967,44.67908,0.0,33.49818415287503,7.574626175580525
2020-12-24 00:00:00+00:00,-35.629999,-71.603888,170.0,open-meteo_ecmwf_ifs,daily,31.3715,14.721499,33.71,7.3506665,4.7712398,41.781467,0.0,33.490292808805684,8.089171586739441
2020-12-25 00:00:00+00:00,-35.629999,-71.603888,170.0,open-meteo_ecmwf_ifs,daily,33.4715,15.0715,33.69,7.9319158,4.792884,41.190334,0.0,33.47959929714205,8.433216778219183
2020-12-26 00:00:00+00:00,-35.629999,-71.603888,170.0,open-meteo_ecmwf_ifs,daily,32.0715,15.721499,32.73,11.719417,3.3643343,51.133984,0.0,33.466103044096805,7.172675970464349
2020-12-27 00:00:00+00:00,-35.629999,-71.603888,170.0,open-meteo_ecmwf_ifs,daily,30.1215,13.8715,32.27,11.763165,3.2202914,57.53954,0.0,33.44980371458443,6.526190077038207
2020-12-28 00:00:00+00:00,-35.629999,-71.603888,170.0,open-meteo_ecmwf_ifs,daily,32.0215,16.0215,32.59,11.888165,2.6744108,53.286045,0.0,33.43070121689129,6.890188228988697
2020-12-29 00:00:00+00:00,-35.629999,-71.603888,170.0,open-meteo_ecmwf_ifs,daily,29.671501,15.2715,33.11,9.136083,3.7311432,48.325214,0.0,33.40879570798771,7.2187975066954895
2020-12-30 00:00:00+00:00,-35.629999,-71.603888,170.0,open-meteo_ecmwf_ifs,daily,28.8715,12.721499,33.57,4.371499,5.8042483,42.857395,0.0,33.38408759949582,8.051159223495597
2020-12-31 00:00:00+00:00,-35.629999,-71.603888,170.0,open-meteo_ecmwf_ifs,daily,32.1215,12.9215,30.91,5.8465,4.3820357,38.65222,0.0,33.35657756432903,7.619598993342294
2021-01-01 00:00:00+00:00,-35.629999,-71.603888,170.0,open-meteo_ecmwf_ifs,daily,32.1215,16.0215,32.5,9.47775,2.876272,41.89369,0.0,33.35657756432903,7.155673606408401
2021-01-02 00:00:00+00:00,-35.629999,-71.603888,170.0,open-meteo_ecmwf_ifs,daily,30.0715,17.6215,24.59,10.529833,2.6545026,44.778244,0.0,33.326266544018836,5.951859273210832
2021-01-03 00:00:00+00:00,-35.629999,-71.603888,170.0,open-meteo_ecmwf_ifs,daily,32.171497,17.1215,32.37,9.813165,3.6743507,41.865772,0.0,33.29315575674632,7.658674888104301
2021-01-04 00:00:00+00:00,-35.629999,-71.603888,170.0,open-meteo_ecmwf_ifs,daily,30.921501,15.5715,33.13,6.7298336,5.0642395,39.280735,0.0,33.25724670609506,8.282923884516165
2021-01-05 00:00:00+00:00,-35.629999,-71.603888,170.0,open-meteo_ecmwf_ifs,daily,31.671501,15.721499,31.6,7.396499,2.5706336,38.341385,0.0,33.21854119054278,6.912305281597774
2021-01-06 00:00:00+00:00,-35.629999,-71.603888,170.0,open-meteo_ecmwf_ifs,daily,32.0715,15.1715,30.54,9.890249,2.3815453,45.645138,0.0,33.177041313707946,6.524283883156922
2021-01-07 00:00:00+00:00,-35.629999,-71.603888,170.0,open-meteo_ecmwf_ifs,daily,31.3715,15.721499,32.3,8.217333,4.040122,41.21796,0.0,33.13274949536722,7.655281531783877
2021-01-08 00:00:00+00:00,-35.629999,-71.603888,170.0,open-meteo_ecmwf_ifs,daily,30.271502,14.971499,30.21,4.2131667,3.872844,32.732616,0.0,33.08566848325796,7.452543785661713
2021-01-09 00:00:00+00:00,-35.629999,-71.603888,170.0,open-meteo_ecmwf_ifs,daily,28.2215,12.1715,33.0,3.938166,2.2012196,38.53531,0.0,33.035801365678644,6.302039909271523
2021-01-10 00:00:00+00:00,-35.629999,-71.603888,170.0,open-meteo_ecmwf_ifs,daily,27.7215,11.721499,32.95,5.4860826,3.525136,45.96638,0.0,32.98315158489778,6.673967043030995
2021-01-11 00:00:00+00:00,-35.629999,-71.603888,170.0,open-meteo_ecmwf_ifs,daily,25.521502,13.4215,31.46,7.8631654,4.0465775,53.96841,0.0,32.92772295137995,6.363919556080588
2021-01-12 00:00:00+00:00,-35.629999,-71.603888,170.0,open-meteo_ecmwf_ifs,daily,29.771502,11.221499,33.07,0.9069167,3.9391673,30.832619,0.0,32.8695196588342,7.423287525929887
2021-01-13 00:00:00+00:00,-35.629999,-71.603888,170.0,open-meteo_ecmwf_ifs,daily,31.8715,13.1215,32.67,3.7631664,2.185707,33.79408,0.0,32.80854630008762,6.665990587924436
2021-01-14 00:00:00+00:00,-35.629999,-71.603888,170.0,open-meteo_ecmwf_ifs,daily,30.8215,13.221499,32.23,5.4527493,2.4542706,36.951813,0.0,32.74480788378299,6.627976321064152
2021-01-15 00:00:00+00:00,-35.629999,-71.603888,170.0,open-meteo_ecmwf_ifs,daily,28.421501,13.221499,31.75,6.59025,4.927898,42.6072,0.0,32.67830985189631,7.252424564592701
2021-01-16 00:00:00+00:00,-35.629999,-71.603888,170.0,open-meteo_ecmwf_ifs,daily,29.771502,12.7715,32.94,3.854833,5.969715,38.10317,0.0,32.60905809806523,8.246721819175287
2021-01-17 00:00:00+00:00,-35.629999,-71.603888,170.0,open-meteo_ecmwf_ifs,daily,32.2715,13.7715,32.35,6.854833,4.392998,41.42137,0.0,32.53705898671621,7.763478796550153
2021-01-18 00:00:00+00:00,-35.629999,-71.603888,170.0,open-meteo_ecmwf_ifs,daily,33.7215,15.1715,31.68,8.261084,2.9093037,40.868443,0.0,32.46231937297304,7.176182944551288
2021-01-19 00:00:00+00:00,-35.629999,-71.603888,170.0,open-meteo_ecmwf_ifs,daily,32.3215,17.671501,30.96,12.704834,2.423217,48.400227,0.0,32.38484662332534,6.666622764956203
2021-01-20 00:00:00+00:00,-35.629999,-71.603888,170.0,open-meteo_ecmwf_ifs,daily,32.3715,17.021502,30.88,13.029834,2.8541498,52.978455,0.0,32.30464863703073,6.749592636840667
2021-01-21 00:00:00+00:00,-35.629999,-71.603888,170.0,open-meteo_ecmwf_ifs,daily,34.4715,16.6215,30.81,12.825665,2.4617486,54.878284,0.0,32.22173386821974,6.764820626360597
2021-01-22 00:00:00+00:00,-35.629999,-71.603888,170.0,open-meteo_ecmwf_ifs,daily,34.2715,16.921501,31.05,12.711082,2.5067775,51.025852,0.0,32.136111348667626,6.831426554039982
2021-01-23 00:00:00+00:00,-35.629999,-71.603888,170.0,open-meteo_ecmwf_ifs,daily,30.521502,17.0715,30.16,13.523583,3.0287673,56.111767,0.0,32.04779071119253,6.43089853808176
2021-01-24 00:00:00+00:00,-35.629999,-71.603888,170.0,open-meteo_ecmwf_ifs,daily,34.0215,18.0715,30.55,13.029834,1.6960486,49.88029,0.0,31.956782213634447,6.383549843046054
2021-01-25 00:00:00+00:00,-35.629999,-71.603888,170.0,open-meteo_ecmwf_ifs,daily,33.2215,17.5715,31.46,5.7444167,2.9230254,32.650196,0.0,31.86309676336501,7.454828775149172
2021-01-26 00:00:00+00:00,-35.629999,-71.603888,170.0,open-meteo_ecmwf_ifs,daily,30.771502,15.1715,31.24,5.8881664,3.70508,37.33391,0.0,31.7667459422731,7.330348651513208
2021-01-27 00:00:00+00:00,-35.629999,-71.603888,170.0,open-meteo_ecmwf_ifs,daily,29.6215,14.6715,30.79,6.0464993,3.2957385,38.283886,0.0,31.66774203216697,6.841235230623157
2021-01-28 00:00:00+00:00,-35.629999,-71.603888,170.0,open-meteo_ecmwf_ifs,daily,27.671501,15.1215,21.63,8.954834,3.8939085,48.72994,0.0,31.566098040529287,5.662903231597405
2021-01-29 00:00:00+00:00,-35.629999,-71.603888,170.0,open-meteo_ecmwf_ifs,daily,22.0715,16.8215,11.45,13.97775,3.4969816,71.97639,11.2,31.461827726556972,3.0548010712130202
2021-01-30 00:00:00+00:00,-35.629999,-71.603888,170.0,open-meteo_ecmwf_ifs,daily,19.921501,16.0215,11.47,15.394416,2.8033974,88.68747,54.399998,31.35494562741421,2.302030006216091
2021-01-31 00:00:00+00:00,-35.629999,-71.603888,170.0,open-meteo_ecmwf_ifs,daily,21.4715,14.3215,16.54,15.067336,2.527106,86.075836,26.700003,31.245467084622955,2.926016335091943
2021-02-01 00:00:00+00:00,-35.629999,-71.603888,170.0,open-meteo_ecmwf_ifs,daily,21.6215,14.6215,19.36,15.038166,1.9811224,87.15772,2.0,31.13340827051205,3.3134762738934094
2021-02-02 00:00:00+00:00,-35.629999,-71.603888,170.0,open-meteo_ecmwf_ifs,daily,24.921501,12.9215,24.98,14.027751,1.5167972,80.060936,0.0,31.018786214642887,4.2419539521667575
2021-02-03 00:00:00+00:00,-35.629999,-71.603888,170.0,open-meteo_ecmwf_ifs,daily,27.2215,13.5215,28.25,15.881917,1.3717566,80.17497,0.0,30.901618830126672,4.803714111710017
2021-02-04 00:00:00+00:00,-35.629999,-71.603888,170.0,open-meteo_ecmwf_ifs,daily,28.5715,14.6715,29.77,16.83817,3.0552075,73.89961,0.0,30.78192493974612,5.266206642701475
2021-02-05 00:00:00+00:00,-35.629999,-71.603888,170.0,open-meteo_ecmwf_ifs,daily,25.4715,14.8215,19.84,15.188165,2.9105244,79.28547,0.0,30.65972430179191,3.8805138678079847
2021-02-06 00:00:00+00:00,-35.629999,-71.603888,170.0,open-meteo_ecmwf_ifs,daily,22.3215,15.5715,11.92,15.042335,1.1061761,80.72924,0.2,30.535037635523107,2.428264801772222
2021-02-07 00:00:00+00:00,-35.629999,-71.603888,170.0,open-meteo_ecmwf_ifs,daily,24.8715,15.7715,16.61,14.817332,1.8002816,75.352234,0.1,30.4078866461588,3.388513060040295
2021-02-08 00:00:00+00:00,-35.629999,-71.603888,170.0,open-meteo_ecmwf_ifs,daily,23.5715,13.9215,16.18,13.998585,1.7049593,76.56107,0.0,30.278294049307576,3.109518176853553
2021-02-09 00:00:00+00:00,-35.629999,-71.603888,170.0,open-meteo_ecmwf_ifs,daily,27.6215,15.5215,22.62,15.646501,1.5557367,75.272896,0.0,30.146283594741053,4.262936136559325
2021-02-10 00:00:00+00:00,-35.629999,-71.603888,170.0,open-meteo_ecmwf_ifs,daily,29.421501,15.721499,26.72,16.842335,2.605713,74.928,0.0,30.011880089416923,5.066948415514364
2021-02-11 00:00:00+00:00,-35.629999,-71.603888,170.0,open-meteo_ecmwf_ifs,daily,23.1215,16.3715,11.97,15.379834,2.670736,77.8254,0.0,29.87510941965819,2.75752414888496
2021-02-12 00:00:00+00:00,-35.629999,-71.603888,170.0,open-meteo_ecmwf_ifs,daily,26.2215,17.9715,17.44,16.146502,1.2184902,74.04113,0.0,29.735998572394774,3.5214628134233723
2021-02-13 00:00:00+00:00,-35.629999,-71.603888,170.0,open-meteo_ecmwf_ifs,daily,26.6215,16.4715,22.6,15.542335,2.1969001,72.997154,0.0,29.59457565537588,4.360520451105153
2021-02-14 00:00:00+00:00,-35.629999,-71.603888,170.0,open-meteo_ecmwf_ifs,daily,26.0715,14.221499,23.53,13.817333,1.6577567,70.554085,0.0,29.4508699162619,4.236215978263114
2021-02-15 00:00:00+00:00,-35.629999,-71.603888,170.0,open-meteo_ecmwf_ifs,daily,25.921501,13.721499,24.27,13.363168,2.765929,70.2844,0.0,29.304911760507384,4.4908487010080425
2021-02-16 00:00:00+00:00,-35.629999,-71.603888,170.0,open-meteo_ecmwf_ifs,daily,23.521502,12.4215,19.96,12.006917,3.1031458,72.6551,0.0,29.156732767948103,3.7840758741741136
2021-02-17 00:00:00+00:00,-35.629999,-71.603888,170.0,open-meteo_ecmwf_ifs,daily,23.921501,14.471499,19.84,10.423583,2.3651218,62.668518,0.0,29.00636570800827,4.081191324408554
2021-02-18 00:00:00+00:00,-35.629999,-71.603888,170.0,open-meteo_ecmwf_ifs,daily,24.421501,11.5215,27.49,9.213167,1.84538,62.52682,0.0,28.85384455344674,4.59496368665809
2021-02-19 00:00:00+00:00,-35.629999,-71.603888,170.0,open-meteo_ecmwf_ifs,daily,26.3715,11.721499,27.41,10.479833,4.245478,63.557983,0.0,28.699204492564213,5.25366748267028
2021-02-20 00:00:00+00:00,-35.629999,-71.603888,170.0,open-meteo_ecmwf_ifs,daily,27.271502,11.3215,27.55,7.1152496,2.973858,47.84534,0.0,28.542481939797277,5.3758563231769925
2021-02-21 00:00:00+00:00,-35.629999,-71.603888,170.0,open-meteo_ecmwf_ifs,daily,27.1215,11.5715,27.52,8.37775,1.5371194,51.55893,0.0,28.38371454462894,4.728439966651412
2021-02-22 00:00:00+00:00,-35.629999,-71.603888,170.0,open-meteo_ecmwf_ifs,daily,26.7215,12.471499,27.12,8.913167,3.1652002,55.558685,0.0,28.2229411987493,5.282273309162089
2021-02-23 00:00:00+00:00,-35.629999,-71.603888,170.0,open-meteo_ecmwf_ifs,daily,29.521502,12.3715,27.52,7.2714996,4.041568,46.019672,0.0,28.060202041404956,6.16632398013614
2021-02-24 00:00:00+00:00,-35.629999,-71.603888,170.0,open-meteo_ecmwf_ifs,daily,30.4715,13.7715,26.77,11.325665,2.448155,54.205704,0.0,27.895538462879994,5.32712089991743
2021-02-25 00:00:00+00:00,-35.629999,-71.603888,170.0,open-meteo_ecmwf_ifs,daily,29.521502,13.6715,25.19,13.775666,2.0669198,69.30721,0.0,27.72899310605673,4.70833896900408
2021-02-26 00:00:00+00:00,-35.629999,-71.603888,170.0,open-meteo_ecmwf_ifs,daily,30.1215,13.721499,26.29,12.433999,2.1358774,63.47365,0.0,27.56060986600922,5.007736037036852
2021-02-27 00:00:00+00:00,-35.629999,-71.603888,170.0,open-meteo_ecmwf_ifs,daily,31.021502,14.9215,25.09,12.10275,3.009372,56.519073,0.0,27.390433887588436,5.460965246449149
2021-02-28 00:00:00+00:00,-35.629999,-71.603888,170.0,open-meteo_ecmwf_ifs,daily,31.3715,14.8215,26.11,10.4465,4.390035,50.463776,0.0,27.2185115609629,6.354753126430771
2021-03-01 00:00:00+00:00,-35.629999,-71.603888,170.0,open-meteo_ecmwf_ifs,daily,30.671501,15.5215,24.94,12.267333,3.025915,55.114353,0.0,27.04489051508483,5.440791789572664
2021-03-02 00:00:00+00:00,-35.629999,-71.603888,170.0,open-meteo_ecmwf_ifs,daily,29.921501,15.7715,24.77,13.848583,2.5240185,62.76955,0.0,26.869619609057338,5.004768929593388
2021-03-03 00:00:00+00:00,-35.629999,-71.603888,170.0,open-meteo_ecmwf_ifs,daily,31.021502,16.0215,24.42,14.277751,2.1524494,63.279068,0.0,26.692748921384307,4.920284636474037
2021-03-04 00:00:00+00:00,-35.629999,-71.603888,170.0,open-meteo_ecmwf_ifs,daily,33.2715,16.421501,25.27,12.015251,3.676336,49.846817,0.0,26.514329737090346,6.204122704624113
2021-03-05 00:00:00+00:00,-35.629999,-71.603888,170.0,open-meteo_ecmwf_ifs,daily,27.671501,17.1215,24.35,13.42775,3.6138783,57.546436,0.0,26.334414532704688,5.212650797536834
2021-03-06 00:00:00+00:00,-35.629999,-71.603888,170.0,open-meteo_ecmwf_ifs,daily,28.171501,15.0215,24.02,13.621501,1.3069817,68.80456,0.0,26.153056959108557,4.233653293379325
2021-03-07 00:00:00+00:00,-35.629999,-71.603888,170.0,open-meteo_ecmwf_ifs,daily,30.6215,15.0715,24.15,12.2965,3.783725,57.66402,0.0,25.97031182225184,5.507796939755747
2021-03-08 00:00:00+00:00,-35.629999,-71.603888,170.0,open-meteo_ecmwf_ifs,daily,32.4715,15.3715,25.07,10.60275,4.3679233,49.663853,0.0,25.786235061751064,6.364732083469982
2021-03-09 00:00:00+00:00,-35.629999,-71.603888,170.0,open-meteo_ecmwf_ifs,daily,30.8715,15.5715,23.88,9.506915,1.6327114,45.520405,0.0,25.60088372738656,4.681381303064764
2021-03-10 00:00:00+00:00,-35.629999,-71.603888,170.0,open-meteo_ecmwf_ifs,daily,26.521502,14.3715,19.22,8.763167,1.5727051,49.435947,0.0,25.41431595352285,3.8023566562909084
2021-03-11 00:00:00+00:00,-35.629999,-71.603888,170.0,open-meteo_ecmwf_ifs,daily,27.3715,14.0715,23.03,11.171498,4.4281306,62.669937,0.0,25.226590931482182,5.095587254808755
2021-03-12 00:00:00+00:00,-35.629999,-71.603888,170.0,open-meteo_ecmwf_ifs,daily,28.3215,12.6215,23.64,8.556916,2.535604,51.642727,0.0,25.037768879906942,4.688098249334818
2021-03-13 00:00:00+00:00,-35.629999,-71.603888,170.0,open-meteo_ecmwf_ifs,daily,28.8715,13.0715,23.45,9.71525,2.3392212,53.370758,0.0,24.847911013152537,4.57943614526627
2021-03-14 00:00:00+00:00,-35.629999,-71.603888,170.0,open-meteo_ecmwf_ifs,daily,27.771502,12.8715,21.73,11.069417,2.399601,63.509567,0.0,24.65707950775774,4.1915248547196855
2021-03-15 00:00:00+00:00,-35.629999,-71.603888,170.0,open-meteo_ecmwf_ifs,daily,22.1215,13.5715,11.76,11.604833,2.411883,70.51587,0.0,24.465337467045213,2.6689921687158256
2021-03-16 00:00:00+00:00,-35.629999,-71.603888,170.0,open-meteo_ecmwf_ifs,daily,23.2215,14.1715,13.29,9.571498,1.7128558,60.165344,0.4,24.272748883909884,2.9248092380388373
2021-03-17 00:00:00+00:00,-35.629999,-71.603888,170.0,open-meteo_ecmwf_ifs,daily,26.7215,12.9215,21.99,11.029832,2.2866495,62.281773,0.1,24.07937860185827,4.038361457454325
2021-03-18 00:00:00+00:00,-35.629999,-71.603888,170.0,open-meteo_ecmwf_ifs,daily,22.2215,13.4215,10.61,10.348582,2.2426956,68.03759,0.1,23.885292274366574,2.6388613985492837
2021-03-19 00:00:00+00:00,-35.629999,-71.603888,170.0,open-meteo_ecmwf_ifs,daily,20.2215,13.721499,10.27,8.396499,2.4012938,60.972813,0.0,23.690556322630034,2.7206468849577345
2021-03-20 00:00:00+00:00,-35.629999,-71.603888,170.0,open-meteo_ecmwf_ifs,daily,24.3715,10.3715,22.08,6.929833,1.4948071,57.523758,0.0,23.4952378917807,3.536320832094972
2021-03-21 00:00:00+00:00,-35.629999,-71.603888,170.0,open-meteo_ecmwf_ifs,daily,26.2215,11.2715,21.65,7.811083,1.774762,53.9306,0.0,23.299404805654703,3.7600535626742584
2021-03-22 00:00:00+00:00,-35.629999,-71.603888,170.0,open-meteo_ecmwf_ifs,daily,27.8215,12.471499,21.72,10.217334,3.0472448,60.10111,0.0,23.1031255201944,4.347438569689121
2021-03-23 00:00:00+00:00,-35.629999,-71.603888,170.0,open-meteo_ecmwf_ifs,daily,26.7215,12.471499,21.61,9.446498,2.731418,55.19391,0.0,22.906469075574332,4.160333956061223
2021-03-24 00:00:00+00:00,-35.629999,-71.603888,170.0,open-meteo_ecmwf_ifs,daily,23.671501,11.971499,19.05,9.669416,3.041066,61.00999,0.0,22.70950504714321,3.622805791409197
2021-03-25 00:00:00+00:00,-35.629999,-71.603888,170.0,open-meteo_ecmwf_ifs,daily,21.671501,11.5715,18.15,6.567333,2.3714044,54.5286,0.1,22.51230349527776,3.3915151613635452
2021-03-26 00:00:00+00:00,-35.629999,-71.603888,170.0,open-meteo_ecmwf_ifs,daily,25.9715,9.4215,21.33,6.1673336,3.6501873,54.851746,0.0,22.314934914246663,4.336056596193287
2021-03-27 00:00:00+00:00,-35.629999,-71.603888,170.0,open-meteo_ecmwf_ifs,daily,27.771502,9.3715,21.67,4.898583,3.2820444,46.344196,0.0,22.117470180185713,4.510948310645236
2021-03-28 00:00:00+00:00,-35.629999,-71.603888,170.0,open-meteo_ecmwf_ifs,daily,27.521502,10.3715,20.91,8.642333,2.1484993,56.518276,0.0,21.919980498287526,3.7178916157328197
2021-03-29 00:00:00+00:00,-35.629999,-71.603888,170.0,open-meteo_ecmwf_ifs,daily,25.3715,10.971499,19.62,10.392333,2.8618834,68.29096,0.0,21.722537349311107,3.537904934969463
2021-03-30 00:00:00+00:00,-35.629999,-71.603888,170.0,open-meteo_ecmwf_ifs,daily,23.171501,11.4215,17.22,11.050666,1.8471526,74.78851,0.0,21.52521243551819,2.830233651711996
2021-03-31 00:00:00+00:00,-35.629999,-71.603888,170.0,open-meteo_ecmwf_ifs,daily,23.3215,12.3215,14.57,12.204833,2.2862384,77.66662,0.0,21.32807762614494,2.6690535998834926
2021-04-01 00:00:00+00:00,-35.629999,-71.603888,170.0,open-meteo_ecmwf_ifs,daily,23.1215,10.9215,16.26,11.546501,1.3071245,75.91184,0.0,21.131204902518217,2.5188272831404337
2021-04-02 00:00:00+00:00,-35.629999,-71.603888,170.0,open-meteo_ecmwf_ifs,daily,24.271502,11.3715,16.91,10.479834,2.450169,72.08509,0.0,20.93466630292684,3.0658109092966437
2021-04-03 00:00:00+00:00,-35.629999,-71.603888,170.0,open-meteo_ecmwf_ifs,daily,24.8715,10.471499,18.82,9.163167,2.413719,65.942215,0.0,20.738533867358267,3.283029539894185
2021-04-04 00:00:00+00:00,-35.629999,-71.603888,170.0,open-meteo_ecmwf_ifs,daily,21.8215,10.6715,18.59,10.163167,3.2229843,71.65006,0.0,20.54287958221182,3.0349696487646143
2021-04-05 00:00:00+00:00,-35.629999,-71.603888,170.0,open-meteo_ecmwf_ifs,daily,23.671501,10.471499,16.36,10.104833,3.3724296,71.75736,0.0,20.3477753250988,3.1005685113494765
2021-04-06 00:00:00+00:00,-35.629999,-71.603888,170.0,open-meteo_ecmwf_ifs,daily,23.8715,13.5715,16.96,10.57775,1.6083485,64.136925,0.0,20.15329280983985,2.872462301061568
2021-04-07 00:00:00+00:00,-35.629999,-71.603888,170.0,open-meteo_ecmwf_ifs,daily,19.6215,11.971499,8.76,11.5965,2.6341827,76.229546,1.1,19.959503531769016,1.8721507384526106
2021-04-08 00:00:00+00:00,-35.629999,-71.603888,170.0,open-meteo_ecmwf_ifs,daily,22.8715,11.8215,16.67,9.252749,2.0582807,68.435005,0.2,19.766478713452827,2.8601354712443263
2021-04-09 00:00:00+00:00,-35.629999,-71.603888,170.0,open-meteo_ecmwf_ifs,daily,19.1215,10.3715,11.28,8.931916,3.7292337,73.24375,0.0,19.574289250931482,2.4077295979697464
2021-04-10 00:00:00+00:00,-35.629999,-71.603888,170.0,open-meteo_ecmwf_ifs,daily,19.4715,7.5715,17.76,6.4839993,2.8777387,68.22587,0.0,19.383005660587692,2.6843948347127493
2021-04-11 00:00:00+00:00,-35.629999,-71.603888,170.0,open-meteo_ecmwf_ifs,daily,25.4715,9.0715,18.01,5.8215003,5.3943963,56.461163,0.0,19.19269802674655,4.390747253541316
2021-04-12 00:00:00+00:00,-35.629999,-71.603888,170.0,open-meteo_ecmwf_ifs,daily,26.771502,11.8215,16.42,11.004833,3.6787436,68.74883,0.0,19.003435950108052,3.5047210709231296
2021-04-13 00:00:00+00:00,-35.629999,-71.603888,170.0,open-meteo_ecmwf_ifs,daily,25.271502,11.9215,16.36,12.044417,1.8786998,71.88831,0.0,18.815288497111105,2.6785696935704775
2021-04-14 00:00:00+00:00,-35.629999,-71.603888,170.0,open-meteo_ecmwf_ifs,daily,24.271502,11.9215,14.93,12.238167,1.4508451,77.073265,0.0,18.628324150325543,2.3454001181476305
2021-04-15 00:00:00+00:00,-35.629999,-71.603888,170.0,open-meteo_ecmwf_ifs,daily,25.171501,11.4215,16.15,10.046499,2.98899,71.0801,0.0,18.44261075996535,3.115310250387617
2021-04-16 00:00:00+00:00,-35.629999,-71.603888,170.0,open-meteo_ecmwf_ifs,daily,24.2215,11.1215,15.61,11.300667,2.6967165,73.178,0.0,18.258215496613673,2.6997876301687556
2021-04-17 00:00:00+00:00,-35.629999,-71.603888,170.0,open-meteo_ecmwf_ifs,daily,21.421501,10.5715,14.55,11.063167,2.586365,76.50036,0.0,18.075204805246337,2.2813315687240956
2021-04-18 00:00:00+00:00,-35.629999,-71.603888,170.0,open-meteo_ecmwf_ifs,daily,22.671501,10.2715,15.98,10.74025,1.2000436,74.036865,0.0,17.893644360637367,2.1687347601300035
2021-04-19 00:00:00+00:00,-35.629999,-71.603888,170.0,open-meteo_ecmwf_ifs,daily,22.9715,9.5215,16.41,9.927751,2.3502522,73.59292,0.0,17.713599024226074,2.491557842668242
2021-04-20 00:00:00+00:00,-35.629999,-71.603888,170.0,open-meteo_ecmwf_ifs,daily,21.771502,10.4215,14.72,9.079833,4.027149,72.16469,0.7,17.535132802521233,2.854013758973404
2021-04-21 00:00:00+00:00,-35.629999,-71.603888,170.0,open-meteo_ecmwf_ifs,daily,16.8715,12.6215,3.18,11.840249,5.4290543,83.28692,14.9,17.35830880711392,1.423992081746063
2021-04-22 00:00:00+00:00,-35.629999,-71.603888,170.0,open-meteo_ecmwf_ifs,daily,16.3215,11.0715,6.83,11.438168,2.0478876,90.353,0.0,17.183189216366014,1.1939631319593678
2021-04-23 00:00:00+00:00,-35.629999,-71.603888,170.0,open-meteo_ecmwf_ifs,daily,18.521502,9.1215,12.6,9.675668,1.5513564,81.61839,0.0,17.009835238836985,1.6855264578386429
2021-04-24 00:00:00+00:00,-35.629999,-71.603888,170.0,open-meteo_ecmwf_ifs,daily,19.8715,9.221499,15.36,9.594415,3.640687,80.31248,0.0,16.838307078506926,2.279138888042199
2021-04-25 00:00:00+00:00,-35.629999,-71.603888,170.0,open-meteo_ecmwf_ifs,daily,19.1215,8.6715,13.26,9.100666,2.2194407,81.272575,0.0,16.6686639018488,1.868069434773821
2021-04-26 00:00:00+00:00,-35.629999,-71.603888,170.0,open-meteo_ecmwf_ifs,daily,19.921501,9.1215,13.44,9.796499,2.9696474,82.83516,0.0,16.500963806798318,2.0189177879931584
2021-04-27 00:00:00+00:00,-35.629999,-71.603888,170.0,open-meteo_ecmwf_ifs,daily,15.7715,7.3715,9.87,9.163167,1.7096571,88.107056,0.0,16.3352637936642,1.2392841238668006
2021-04-28 00:00:00+00:00,-35.629999,-71.603888,170.0,open-meteo_ecmwf_ifs,daily,19.771502,8.5715,12.73,9.448583,2.0334845,83.521065,0.0,16.171619738017007,1.775021221562158
2021-04-29 00:00:00+00:00,-35.629999,-71.603888,170.0,open-meteo_ecmwf_ifs,daily,18.8715,7.2714996,10.97,9.636083,1.848934,86.68026,0.0,16.010086365588883,1.4575141555618658
2021-04-30 00:00:00+00:00,-35.629999,-71.603888,170.0,open-meteo_ecmwf_ifs,daily,18.421501,10.1215,7.41,10.50275,3.038297,81.64222,0.0,15.850717229211517,1.5256992199171469
2021-05-01 00:00:00+00:00,-35.629999,-71.603888,170.0,open-meteo_ecmwf_ifs,daily,14.5215,11.971499,1.79,11.204833,2.5053363,88.960236,15.9,15.693564687813968,0.8538302547375863
2021-05-02 00:00:00+00:00,-35.629999,-71.603888,170.0,open-meteo_ecmwf_ifs,daily,13.6715,12.1715,1.29,11.377749,2.2873664,90.302345,60.700005,15.538679887496485,0.7226924154524692
2021-05-03 00:00:00+00:00,-35.629999,-71.603888,170.0,open-meteo_ecmwf_ifs,daily,13.0715,10.6215,2.27,10.573583,1.7543739,93.2326,20.7,15.386112744690767,0.6911004343137909
2021-05-04 00:00:00+00:00,-35.629999,-71.603888,170.0,open-meteo_ecmwf_ifs,daily,18.271502,7.2714996,12.78,9.565249,1.5292336,88.28524,0.70000005,15.235911931411477,1.4108484929652239
2021-05-05 00:00:00+00:00,-35.629999,-71.603888,170.0,open-meteo_ecmwf_ifs,daily,18.271502,7.0214996,13.49,9.421501,2.1234343,85.24374,0.0,15.088124862598155,1.483976834610216
2021-05-06 00:00:00+00:00,-35.629999,-71.603888,170.0,open-meteo_ecmwf_ifs,daily,16.6215,7.1215,12.45,9.048582,1.6869478,88.63733,0.0,14.942797685540716,1.307674686123408
2021-05-07 00:00:00+00:00,-35.629999,-71.603888,170.0,open-meteo_ecmwf_ifs,daily,17.6215,8.221499,4.73,9.986083,3.9219244,87.1069,0.2,14.799975271376072,1.2454620651380646
2021-05-08 00:00:00+00:00,-35.629999,-71.603888,170.0,open-meteo_ecmwf_ifs,daily,16.421501,9.471499,8.73,10.513166,1.4334387,88.354744,0.0,14.659701208637712,1.1125577747806101
2021-05-09 00:00:00+00:00,-35.629999,-71.603888,170.0,open-meteo_ecmwf_ifs,daily,16.5715,9.4215,11.65,9.325666,3.6445162,84.281334,0.0,14.522017798833993,1.6004471598156154
2021-05-10 00:00:00+00:00,-35.629999,-71.603888,170.0,open-meteo_ecmwf_ifs,daily,15.3715,4.3715,12.16,6.4548335,1.9857687,84.04025,0.0,14.386966054025454,1.2287885617518357
2021-05-11 00:00:00+00:00,-35.629999,-71.603888,170.0,open-meteo_ecmwf_ifs,daily,15.6215,3.5715,11.39,6.6277504,1.9196502,88.25822,0.0,14.254585696365465,1.1316305812804734
2021-05-12 00:00:00+00:00,-35.629999,-71.603888,170.0,open-meteo_ecmwf_ifs,daily,16.171501,3.9715002,12.56,5.788166,2.4251723,83.162575,0.0,14.124915159563098,1.3648617590801362
2021-05-13 00:00:00+00:00,-35.629999,-71.603888,170.0,open-meteo_ecmwf_ifs,daily,16.0715,4.8715,10.6,7.1527495,1.5764803,84.68952,0.0,13.99799159222102,1.1166265843838936
2021-05-14 00:00:00+00:00,-35.629999,-71.603888,170.0,open-meteo_ecmwf_ifs,daily,13.6215,6.4214997,6.32,8.07775,2.0919452,92.71158,0.0,13.873850862996356,0.8639172166954306
2021-05-15 00:00:00+00:00,-35.629999,-71.603888,170.0,open-meteo_ecmwf_ifs,daily,15.9215,7.8215,9.9,8.342332,2.5544806,86.826355,0.0,13.752527567526197,1.2768848828776784
2021-05-16 00:00:00+00:00,-35.629999,-71.603888,170.0,open-meteo_ecmwf_ifs,daily,14.9215,5.2215,10.59,6.6798325,2.3047354,86.83756,0.0,13.63405503705486,1.157286605794913
2021-05-17 00:00:00+00:00,-35.629999,-71.603888,170.0,open-meteo_ecmwf_ifs,daily,15.721499,6.1215,8.88,7.7652497,1.1353933,86.667145,0.0,13.518465348694154,0.973593588840894
2021-05-18 00:00:00+00:00,-35.629999,-71.603888,170.0,open-meteo_ecmwf_ifs,daily,15.9215,7.9715,5.19,9.015249,3.5601416,88.64872,0.0,13.40578933724333,1.1387589208549247
2021-05-19 00:00:00+00:00,-35.629999,-71.603888,170.0,open-meteo_ecmwf_ifs,daily,14.5215,11.5715,3.64,9.994416,5.638431,83.552055,9.299999,13.296056608490183,1.345300351053097
2021-05-20 00:00:00+00:00,-35.629999,-71.603888,170.0,open-meteo_ecmwf_ifs,daily,13.8715,10.3715,4.47,10.05275,2.097246,87.92612,4.2000003,13.189295553910274,0.8521196128584388
2021-05-21 00:00:00+00:00,-35.629999,-71.603888,170.0,open-meteo_ecmwf_ifs,daily,14.0715,6.1714997,9.97,7.4714985,1.9626251,88.74668,2.1999998,13.08553336667666,0.9836222076866505
2021-05-22 00:00:00+00:00,-35.629999,-71.603888,170.0,open-meteo_ecmwf_ifs,daily,14.3715,4.5214996,11.2,6.023583,3.1757848,87.12454,0.0,12.984796058888309,1.175156526031804
2021-05-23 00:00:00+00:00,-35.629999,-71.603888,170.0,open-meteo_ecmwf_ifs,daily,15.971499,3.6215,11.66,5.342333,4.053681,81.37614,0.0,12.887108479921485,1.4446170565907415
2021-05-24 00:00:00+00:00,-35.629999,-71.603888,170.0,open-meteo_ecmwf_ifs,daily,16.3715,5.3715,11.39,7.417332,3.274213,83.41007,0.0,12.79249433580443,1.2433423704028623
2021-05-25 00:00:00+00:00,-35.629999,-71.603888,170.0,open-meteo_ecmwf_ifs,daily,15.8715,8.471499,8.58,9.100666,3.976596,90.0458,0.0,12.700976209512634,1.2489807877393657
2021-05-26 00:00:00+00:00,-35.629999,-71.603888,170.0,open-meteo_ecmwf_ifs,daily,17.771502,7.8215,10.89,9.869416,3.3885021,90.14138,0.0,12.612575582078644,1.2390897043420912
2021-05-27 00:00:00+00:00,-35.629999,-71.603888,170.0,open-meteo_ecmwf_ifs,daily,14.1715,8.6715,3.44,10.786082,2.3722842,94.80978,0.0,12.527312854407743,0.5782425698250059
2021-05-28 00:00:00+00:00,-35.629999,-71.603888,170.0,open-meteo_ecmwf_ifs,daily,15.2715,10.9215,8.2,10.281916,2.3533678,86.172585,10.200001,12.445207369688513,1.0603540856992726
2021-05-29 00:00:00+00:00,-35.629999,-71.603888,170.0,open-meteo_ecmwf_ifs,daily,11.9215,6.8215,4.71,7.36525,3.209156,90.62533,0.0,12.366277436285321,0.8040385343783222
2021-05-30 00:00:00+00:00,-35.629999,-71.603888,170.0,open-meteo_ecmwf_ifs,daily,13.971499,2.5215,9.43,4.238167,2.797185,79.4749,0.0,12.290540350998253,1.0704186164194742
2021-05-31 00:00:00+00:00,-35.629999,-71.603888,170.0,open-meteo_ecmwf_ifs,daily,17.271502,8.8715,6.34,9.063167,1.2222176,82.33668,0.1,12.218012422574864,0.945318703699582
2021-06-01 00:00:00+00:00,-35.629999,-71.603888,170.0,open-meteo_ecmwf_ifs,daily,14.1215,12.5715,0.97,12.671498,3.1427858,96.00543,36.600002,12.148708995357671,0.5411070347539241
2021-06-02 00:00:00+00:00,-35.629999,-71.603888,170.0,open-meteo_ecmwf_ifs,daily,17.6215,11.471499,8.03,12.215249,2.7000673,91.499016,0.4,12.0826444729508,1.0463048020951344
2021-06-03 00:00:00+00:00,-35.629999,-71.603888,170.0,open-meteo_ecmwf_ifs,daily,18.8715,9.8715,7.65,11.840248,2.6886218,90.16967,0.0,12.019832341789863,1.0553125795319942
2021-06-04 00:00:00+00:00,-35.629999,-71.603888,170.0,open-meteo_ecmwf_ifs,daily,15.5715,11.3215,4.36,11.179832,3.2465057,89.30651,0.0,11.96028519449979,0.9536845141626955
2021-06-05 00:00:00+00:00,-35.629999,-71.603888,170.0,open-meteo_ecmwf_ifs,daily,13.1715,5.0715,8.72,6.229833,3.5888023,82.433205,0.0,11.904014752926567,0.9886710728901112
2021-06-06 00:00:00+00:00,-35.629999,-71.603888,170.0,open-meteo_ecmwf_ifs,daily,11.471499,5.3715,7.72,3.9944162,1.667401,77.200325,0.0,11.851031890730873,0.8975415568656304
2021-06-07 00:00:00+00:00,-35.629999,-71.603888,170.0,open-meteo_ecmwf_ifs,daily,15.8715,4.2215,10.44,5.8381667,1.4433547,79.01847,0.90000004,11.801346655433717,0.9008840946834299
2021-06-08 00:00:00+00:00,-35.629999,-71.603888,170.0,open-meteo_ecmwf_ifs,daily,16.8215,7.3215,10.36,7.804833,2.4862154,82.08273,0.0,11.75496828980729,1.1736016856157754
2021-06-09 00:00:00+00:00,-35.629999,-71.603888,170.0,open-meteo_ecmwf_ifs,daily,13.8715,10.0715,3.28,10.113167,3.6024883,90.04147,16.800001,11.711905252507302,0.8233874157457435
2021-06-10 00:00:00+00:00,-35.629999,-71.603888,170.0,open-meteo_ecmwf_ifs,daily,15.3715,6.5214996,8.92,8.442334,2.3733938,90.16076,0.0,11.672165237847295,0.8803314020366136
2021-06-11 00:00:00+00:00,-35.629999,-71.603888,170.0,open-meteo_ecmwf_ifs,daily,18.021502,5.8215,10.32,7.648583,4.29157,82.997765,0.0,11.635755194619454,1.4256371243837025
2021-06-12 00:00:00+00:00,-35.629999,-71.603888,170.0,open-meteo_ecmwf_ifs,daily,16.421501,7.3215,9.94,9.900666,2.6109817,89.541954,0.0,11.602681343871584,0.8666946504973508
2021-06-13 00:00:00+00:00,-35.629999,-71.603888,170.0,open-meteo_ecmwf_ifs,daily,14.5215,8.971499,4.83,10.67775,2.0692627,94.04197,0.0,11.572949195555065,0.6371488637725558
2021-06-14 00:00:00+00:00,-35.629999,-71.603888,170.0,open-meteo_ecmwf_ifs,daily,12.4215,5.6714997,8.69,4.7527494,3.859339,75.81922,0.0,11.54656356396437,1.212558956964767
2021-06-15 00:00:00+00:00,-35.629999,-71.603888,170.0,open-meteo_ecmwf_ifs,daily,13.3215,5.2215,6.17,6.8319163,2.5491922,89.63264,0.0,11.52352858189496,0.796419906625795
2021-06-16 00:00:00+00:00,-35.629999,-71.603888,170.0,open-meteo_ecmwf_ifs,daily,16.1215,9.5215,8.01,8.50275,2.2667031,80.47754,1.0,11.50384771345294,1.1293828714909802
2021-06-17 00:00:00+00:00,-35.629999,-71.603888,170.0,open-meteo_ecmwf_ifs,daily,13.6215,5.1714997,8.88,6.813166,1.3062235,89.02176,0.0,11.487523765456698,0.7135450156605828
2021-06-18 00:00:00+00:00,-35.629999,-71.603888,170.0,open-meteo_ecmwf_ifs,daily,11.971499,4.7215,6.61,6.3610826,1.057629,91.12738,0.0,11.474558897378056,0.6112964851694275
2021-06-19 00:00:00+00:00,-35.629999,-71.603888,170.0,open-meteo_ecmwf_ifs,daily,11.8715,5.4214997,6.85,7.175667,1.6765949,93.37672,0.0,11.464954629778017,0.6147324386083719
2021-06-20 00:00:00+00:00,-35.629999,-71.603888,170.0,open-meteo_ecmwf_ifs,daily,13.3215,5.5214996,7.15,6.0610833,2.1728914,88.70676,0.0,11.458711851199839,0.8748023604918742
2021-06-21 00:00:00+00:00,-35.629999,-71.603888,170.0,open-meteo_ecmwf_ifs,daily,14.1215,5.2714996,5.93,5.4131665,3.5145156,78.32896,1.4000001,11.455830823490306,1.187079733308918
2021-06-22 00:00:00+00:00,-35.629999,-71.603888,170.0,open-meteo_ecmwf_ifs,daily,15.4215,6.4214997,6.74,6.6048336,2.963721,78.459724,0.0,11.456311185527989,1.1638675430984027
2021-06-23 00:00:00+00:00,-35.629999,-71.603888,170.0,open-meteo_ecmwf_ifs,daily,14.0215,9.971499,2.16,8.156917,6.6480317,80.122925,19.700003,11.460151955345715,1.536775615941952
2021-06-24 00:00:00+00:00,-35.629999,-71.603888,170.0,open-meteo_ecmwf_ifs,daily,12.4215,7.8215,2.17,7.7069163,3.5939653,85.93391,3.7000003,11.46735153064259,0.8675345249031935
2021-06-25 00:00:00+00:00,-35.629999,-71.603888,170.0,open-meteo_ecmwf_ifs,daily,11.221499,7.4214997,4.06,6.9881663,3.2952042,84.80263,21.099998,11.477907687689358,0.8207023821411454
2021-06-26 00:00:00+00:00,-35.629999,-71.603888,170.0,open-meteo_ecmwf_ifs,daily,9.4215,1.3715,10.69,2.5360832,3.6745117,83.80248,0.0,11.491817578639035,0.8177728619146386
2021-06-27 00:00:00+00:00,-35.629999,-71.603888,170.0,open-meteo_ecmwf_ifs,daily,8.1715,-1.6784999,9.99,-0.15766664,1.7537607,84.14617,0.0,11.509077727263033,0.6476534689527517
2021-06-28 00:00:00+00:00,-35.629999,-71.603888,170.0,open-meteo_ecmwf_ifs,daily,10.3215,-2.2285,10.24,-0.63266665,1.5451518,82.8538,0.0,11.529684023141023,0.7213607154667084
2021-06-29 00:00:00+00:00,-35.629999,-71.603888,170.0,open-meteo_ecmwf_ifs,daily,10.9215,0.021500003,7.82,1.2923332,1.1866449,83.131615,0.0,11.553631714340613,0.6826362550688715
2021-06-30 00:00:00+00:00,-35.629999,-71.603888,170.0,open-meteo_ecmwf_ifs,daily,9.2715,2.4215,3.15,3.8902495,1.8437148,89.831795,0.0,11.580915398630689,0.5917205051537546
2021-07-01 00:00:00+00:00,-35.629999,-71.603888,170.0,open-meteo_ecmwf_ifs,daily,13.1715,3.3215,7.19,5.49025,0.9190726,92.35526,0.0,11.611529013279599,0.64970340264048
2021-07-02 00:00:00+00:00,-35.629999,-71.603888,170.0,open-meteo_ecmwf_ifs,daily,12.4215,3.2715,10.93,4.229833,4.318893,82.81431,0.0,11.645465823496473,1.1038070388950398
2021-07-03 00:00:00+00:00,-35.629999,-71.603888,170.0,open-meteo_ecmwf_ifs,daily,11.8715,2.5215,10.9,2.3923333,3.397125,73.4472,0.0,11.682718409580735,1.1496157590135099
2021-07-04 00:00:00+00:00,-35.629999,-71.603888,170.0,open-meteo_ecmwf_ifs,daily,9.8715,1.6215,7.8,4.184,1.4729028,92.639046,0.0,11.723278652851398,0.5715911067195728
2021-07-05 00:00:00+00:00,-35.629999,-71.603888,170.0,open-meteo_ecmwf_ifs,daily,11.8215,4.3715,8.55,5.415249,0.9619772,92.63215,0.0,11.767137720433436,0.6719194661932736
2021-07-06 00:00:00+00:00,-35.629999,-71.603888,170.0,open-meteo_ecmwf_ifs,daily,14.0215,6.4214997,7.81,6.436083,3.5661457,83.4647,0.2,11.81428604898447,1.167858603819425
2021-07-07 00:00:00+00:00,-35.629999,-71.603888,170.0,open-meteo_ecmwf_ifs,daily,13.8215,2.3215,9.21,4.4985833,2.0387576,81.829796,0.0,11.864713327449815,0.8778344639275171
2021-07-08 00:00:00+00:00,-35.629999,-71.603888,170.0,open-meteo_ecmwf_ifs,daily,12.5715,4.3715,8.17,6.248583,1.9423757,90.694984,0.0,11.918408478938757,0.747963785095558
2021-07-09 00:00:00+00:00,-35.629999,-71.603888,170.0,open-meteo_ecmwf_ifs,daily,13.1215,6.1714997,4.87,7.583999,3.0430682,90.39633,10.300001,11.975359641819084,0.7974957735932336
2021-07-10 00:00:00+00:00,-35.629999,-71.603888,170.0,open-meteo_ecmwf_ifs,daily,13.3215,3.5215,11.34,4.1965,4.6867623,79.81977,0.1,12.035554150130485,1.313299470510393
2021-07-11 00:00:00+00:00,-35.629999,-71.603888,170.0,open-meteo_ecmwf_ifs,daily,10.5715,0.9215,9.51,2.686083,2.7839394,85.76505,0.0,12.098978513420695,0.8424704152383308
2021-07-12 00:00:00+00:00,-35.629999,-71.603888,170.0,open-meteo_ecmwf_ifs,daily,9.0215,0.22150001,6.53,3.0402498,1.4253725,92.03835,0.0,12.165618396110803,0.5656497529313551
2021-07-13 00:00:00+00:00,-35.629999,-71.603888,170.0,open-meteo_ecmwf_ifs,daily,7.5715,2.1215,5.41,3.4631662,1.7910959,94.9204,0.0,12.235458596498415,0.5558130348719584
2021-07-14 00:00:00+00:00,-35.629999,-71.603888,170.0,open-meteo_ecmwf_ifs,daily,6.6714997,1.9714999,5.21,3.0569165,1.720384,94.66067,0.0,12.308483025508929,0.5330812481691993
2021-07-15 00:00:00+00:00,-35.629999,-71.603888,170.0,open-meteo_ecmwf_ifs,daily,13.0215,0.7215,11.54,3.2756665,3.16423,87.728424,0.0,12.38467468530618,1.0261864408181645
2021-07-16 00:00:00+00:00,-35.629999,-71.603888,170.0,open-meteo_ecmwf_ifs,daily,10.721499,2.7715,5.12,4.575666,2.0316496,92.259544,1.0,12.464015647874746,0.6995771694754368
2021-07-17 00:00:00+00:00,-35.629999,-71.603888,170.0,open-meteo_ecmwf_ifs,daily,11.8215,0.5715,12.03,0.75275,5.0524616,70.986885,0.0,12.546487033685747,1.4753036448906993
2021-07-18 00:00:00+00:00,-35.629999,-71.603888,170.0,open-meteo_ecmwf_ifs,daily,13.9215,-2.9285,12.04,1.0506667,2.7379186,78.67337,0.0,12.63206899055828,1.0447978648450993
2021-07-19 00:00:00+00:00,-35.629999,-71.603888,170.0,open-meteo_ecmwf_ifs,daily,14.5215,1.0715001,11.54,3.6798334,2.380801,80.13563,0.0,12.720740672827478,1.0710147736766416
2021-07-20 00:00:00+00:00,-35.629999,-71.603888,170.0,open-meteo_ecmwf_ifs,daily,17.671501,4.6215,11.42,6.779833,2.727868,84.174095,0.0,12.812480220928952,1.3133430438172045
2021-07-21 00:00:00+00:00,-35.629999,-71.603888,170.0,open-meteo_ecmwf_ifs,daily,13.4215,7.5214996,7.34,8.994416,1.4637803,92.72132,0.0,12.90726474150805,0.7736637835011864
2021-07-22 00:00:00+00:00,-35.629999,-71.603888,170.0,open-meteo_ecmwf_ifs,daily,11.6215,7.1714997,6.55,7.7819157,1.5015234,94.87679,0.0,13.005070288160091,0.7427949117339682
2021-07-23 00:00:00+00:00,-35.629999,-71.603888,170.0,open-meteo_ecmwf_ifs,daily,12.8215,6.0214996,6.71,6.804833,2.0158274,89.415215,0.0,13.105871842905293,0.8873699899699018
2021-07-24 00:00:00+00:00,-35.629999,-71.603888,170.0,open-meteo_ecmwf_ifs,daily,11.8715,5.3715,4.36,6.6944175,4.1776247,88.74366,0.6,13.209643298499671,0.8322185352280533
2021-07-25 00:00:00+00:00,-35.629999,-71.603888,170.0,open-meteo_ecmwf_ifs,daily,11.1215,8.5715,3.84,7.263166,5.3092237,85.45524,13.2,13.31635744167975,1.0693172512502933
2021-07-26 00:00:00+00:00,-35.629999,-71.603888,170.0,open-meteo_ecmwf_ifs,daily,12.2715,6.7714996,11.64,5.9985833,4.0932894,82.39457,2.0,13.425985937435785,1.324921250501687
2021-07-27 00:00:00+00:00,-35.629999,-71.603888,170.0,open-meteo_ecmwf_ifs,daily,12.471499,1.5715001,12.69,1.6964998,4.105192,75.60084,0.0,13.538499314404422,1.4924938109516983
2021-07-28 00:00:00+00:00,-35.629999,-71.603888,170.0,open-meteo_ecmwf_ifs,daily,16.271502,-1.3785,13.06,1.4089999,2.5112896,73.30785,0.0,13.653866951467858,1.371314216302291
2021-07-29 00:00:00+00:00,-35.629999,-71.603888,170.0,open-meteo_ecmwf_ifs,daily,15.2715,1.7214999,10.98,4.013167,0.9736574,80.226265,0.0,13.772057065642299,0.9990195248243957
2021-07-30 00:00:00+00:00,-35.629999,-71.603888,170.0,open-meteo_ecmwf_ifs,daily,10.5215,4.0715,7.76,5.7610836,1.2294687,89.82587,0.0,13.893036701334283,0.7570836120569191
2021-07-31 00:00:00+00:00,-35.629999,-71.603888,170.0,open-meteo_ecmwf_ifs,daily,14.971499,5.4214997,11.35,6.4027495,3.3140996,87.85189,0.0,14.016771721038747,1.3755196190781684
2021-08-01 00:00:00+00:00,-35.629999,-71.603888,170.0,open-meteo_ecmwf_ifs,daily,15.4215,2.9715002,12.87,5.1798334,2.2374823,84.66364,0.0,14.14322679754809,1.2783973170998195
2021-08-02 00:00:00+00:00,-35.629999,-71.603888,170.0,open-meteo_ecmwf_ifs,daily,17.0715,5.0715,12.83,6.1839995,2.210778,83.09419,0.0,14.272365407736467,1.467600487379082
2021-08-03 00:00:00+00:00,-35.629999,-71.603888,170.0,open-meteo_ecmwf_ifs,daily,15.1715,5.5214996,10.12,7.69025,1.5332031,88.33008,0.0,14.404149827978726,1.0740531868870191
2021-08-04 00:00:00+00:00,-35.629999,-71.603888,170.0,open-meteo_ecmwf_ifs,daily,13.2715,6.3215,8.42,7.5235825,2.2044294,92.652466,0.0,14.53854113125797,1.0090882855412315
2021-08-05 00:00:00+00:00,-35.629999,-71.603888,170.0,open-meteo_ecmwf_ifs,daily,13.8215,7.5214996,7.16,8.015249,2.007487,90.064995,0.0,14.67549918601099,1.0349999686521574
2021-08-06 00:00:00+00:00,-35.629999,-71.603888,170.0,open-meteo_ecmwf_ifs,daily,11.471499,4.6714997,7.59,6.6214995,1.2175441,94.055275,0.0,14.814982656754971,0.8211005814112415
2021-08-07 00:00:00+00:00,-35.629999,-71.603888,170.0,open-meteo_ecmwf_ifs,daily,13.0215,5.5214996,10.18,6.3194156,3.243848,84.65591,0.0,14.956949006533916,1.2291029868413326
2021-08-08 00:00:00+00:00,-35.629999,-71.603888,170.0,open-meteo_ecmwf_ifs,daily,11.5715,2.5715,10.49,3.0319169,1.8806373,75.91058,0.0,15.101354501217719,1.1524888975442968
2021-08-09 00:00:00+00:00,-35.629999,-71.603888,170.0,open-meteo_ecmwf_ifs,daily,12.5715,2.3215,13.58,4.896499,1.9467525,85.720856,0.0,15.248154215681367,1.1572569533898174
2021-08-10 00:00:00+00:00,-35.629999,-71.603888,170.0,open-meteo_ecmwf_ifs,daily,12.3215,4.1215,10.8,5.031916,2.5223699,87.18888,0.0,15.397302041886318,1.2103944196980125
2021-08-11 00:00:00+00:00,-35.629999,-71.603888,170.0,open-meteo_ecmwf_ifs,daily,13.7715,3.3715,11.94,4.9256663,1.3635873,87.57142,0.0,15.548750698880681,1.2122149400682387
2021-08-12 00:00:00+00:00,-35.629999,-71.603888,170.0,open-meteo_ecmwf_ifs,daily,11.5215,3.7715,7.92,5.263166,1.470529,89.15638,0.0,15.702451744729414,0.9468060436684
2021-08-13 00:00:00+00:00,-35.629999,-71.603888,170.0,open-meteo_ecmwf_ifs,daily,11.7715,2.3215,8.04,4.62775,1.3049989,89.01602,0.0,15.85835559038023,0.9320244880677584
2021-08-14 00:00:00+00:00,-35.629999,-71.603888,170.0,open-meteo_ecmwf_ifs,daily,10.1715,4.8215,8.19,4.5173326,1.76343,87.53608,0.0,16.01641151546576,1.0389960878029483
2021-08-15 00:00:00+00:00,-35.629999,-71.603888,170.0,open-meteo_ecmwf_ifs,daily,10.4215,5.0715,2.94,5.5214996,3.1207867,88.57889,0.7,16.176567686036773,0.8397898207403983
2021-08-16 00:00:00+00:00,-35.629999,-71.603888,170.0,open-meteo_ecmwf_ifs,daily,12.0215,9.0715,2.64,8.369416,5.7661414,88.219086,32.8,16.338771174216483,1.03074976835274
2021-08-17 00:00:00+00:00,-35.629999,-71.603888,170.0,open-meteo_ecmwf_ifs,daily,14.6215,11.0715,3.21,10.840249,4.253095,91.72174,13.099999,16.502967979760236,1.0236165747720316
2021-08-18 00:00:00+00:00,-35.629999,-71.603888,170.0,open-meteo_ecmwf_ifs,daily,13.1215,11.5215,1.68,11.186081,4.9626846,92.55062,24.899998,16.669103053500145,0.729142978496492
2021-08-19 00:00:00+00:00,-35.629999,-71.603888,170.0,open-meteo_ecmwf_ifs,daily,11.971499,7.9715,9.01,8.138167,4.6119857,88.55069,42.4,16.83712032264884,1.149984113647096
2021-08-20 00:00:00+00:00,-35.629999,-71.603888,170.0,open-meteo_ecmwf_ifs,daily,12.6715,4.8215,7.11,6.127749,2.2971544,82.99103,3.0999997,17.00696271793167,1.0799174824123419
2021-08-21 00:00:00+00:00,-35.629999,-71.603888,170.0,open-meteo_ecmwf_ifs,daily,13.221499,8.1715,5.83,6.9110837,7.007631,79.489235,17.800001,17.178572202511823,1.6778611341673115
2021-08-22 00:00:00+00:00,-35.629999,-71.603888,170.0,open-meteo_ecmwf_ifs,daily,13.3215,6.5214996,13.33,6.073583,2.112997,80.33563,1.2,17.351889802667873,1.5738969658633124
2021-08-23 00:00:00+00:00,-35.629999,-71.603888,170.0,open-meteo_ecmwf_ifs,daily,12.971499,2.9715002,15.42,3.1194165,2.2978985,75.51257,0.0,17.52685564017888,1.6798958707215235
2021-08-24 00:00:00+00:00,-35.629999,-71.603888,170.0,open-meteo_ecmwf_ifs,daily,13.0715,1.5715001,16.7,3.1152499,2.6546438,78.01138,0.0,17.703408966367295,1.6738445477699266
2021-08-25 00:00:00+00:00,-35.629999,-71.603888,170.0,open-meteo_ecmwf_ifs,daily,12.5715,0.6715,11.08,2.1423333,2.3095953,76.55336,0.0,17.881488197745675,1.4037359657379478
2021-08-26 00:00:00+00:00,-35.629999,-71.603888,170.0,open-meteo_ecmwf_ifs,daily,13.2715,2.8215,13.79,4.4839997,1.6542848,84.82374,0.0,18.061030953208935,1.475649483110257
2021-08-27 00:00:00+00:00,-35.629999,-71.603888,170.0,open-meteo_ecmwf_ifs,daily,12.6215,4.6714997,8.9,5.121499,1.5292116,83.23676,0.0,18.241974092709803,1.2451517914902988
2021-08-28 00:00:00+00:00,-35.629999,-71.603888,170.0,open-meteo_ecmwf_ifs,daily,17.7215,8.1215,12.91,7.375667,1.8929276,78.63879,1.0,18.424253757350737,1.9300687936220888
2021-08-29 00:00:00+00:00,-35.629999,-71.603888,170.0,open-meteo_ecmwf_ifs,daily,18.8715,6.7215,16.78,8.308999,2.3180194,80.59253,0.0,18.607805410822532,2.1328005429288837
2021-08-30 00:00:00+00:00,-35.629999,-71.603888,170.0,open-meteo_ecmwf_ifs,daily,14.471499,9.9215,6.76,9.856915,2.2171366,87.098595,0.70000005,18.792563882115246,1.2098720280133293
2021-08-31 00:00:00+00:00,-35.629999,-71.603888,170.0,open-meteo_ecmwf_ifs,daily,15.971499,8.3215,15.0,8.692332,1.4616909,82.8113,0.70000005,18.97846340942455,1.8277234928737192
2021-09-01 00:00:00+00:00,-35.629999,-71.603888,170.0,open-meteo_ecmwf_ifs,daily,17.9715,5.5715,18.09,7.1423335,2.5203867,80.90864,0.0,19.165437685172577,2.214288185717982
2021-09-02 00:00:00+00:00,-35.629999,-71.603888,170.0,open-meteo_ecmwf_ifs,daily,17.921501,5.3215,16.53,8.281917,1.8644205,84.21367,0.0,19.35341990205968,1.9386531378174967
2021-09-03 00:00:00+00:00,-35.629999,-71.603888,170.0,open-meteo_ecmwf_ifs,daily,14.0215,8.2715,6.7,8.623582,2.080536,86.101685,0.3,19.54234280006061,1.2037407937466849
2021-09-04 00:00:00+00:00,-35.629999,-71.603888,170.0,open-meteo_ecmwf_ifs,daily,17.521502,6.8715,18.05,6.917332,1.8757948,75.89286,0.0,19.73213871427569,2.2726022487725657
2021-09-05 00:00:00+00:00,-35.629999,-71.603888,170.0,open-meteo_ecmwf_ifs,daily,16.3715,5.1714997,12.9,7.248583,1.2660129,81.90414,0.0,19.922739623545546,1.6517007824641285
2021-09-06 00:00:00+00:00,-35.629999,-71.603888,170.0,open-meteo_ecmwf_ifs,daily,14.471499,8.7715,13.09,7.0527496,2.0860064,80.4354,1.1,20.1140771997354,1.902808717917459
2021-09-07 00:00:00+00:00,-35.629999,-71.603888,170.0,open-meteo_ecmwf_ifs,daily,14.0215,3.9715002,15.97,5.5173335,1.0141205,83.10464,0.1,20.306082857592948,1.7615791953465056
2021-09-08 00:00:00+00:00,-35.629999,-71.603888,170.0,open-meteo_ecmwf_ifs,daily,16.6215,3.2215002,19.62,5.0256667,2.8731585,78.27907,0.0,20.49868780508257,2.3129575593408327
2021-09-09 00:00:00+00:00,-35.629999,-71.603888,170.0,open-meteo_ecmwf_ifs,daily,17.271502,5.4715,18.1,6.9715,2.6012356,81.00724,0.0,20.691823094096364,2.276471954571818
2021-09-10 00:00:00+00:00,-35.629999,-71.603888,170.0,open-meteo_ecmwf_ifs,daily,16.771502,6.6215,11.25,9.498583,1.758149,89.29395,0.0,20.88541967144208,1.5438667932256245
2021-09-11 00:00:00+00:00,-35.629999,-71.603888,170.0,open-meteo_ecmwf_ifs,daily,13.2715,10.5715,5.13,9.198583,6.1204243,83.832405,10.6,21.079408430006485,1.4359676981169258
2021-09-12 00:00:00+00:00,-35.629999,-71.603888,170.0,open-meteo_ecmwf_ifs,daily,13.0215,8.221499,8.46,7.6319165,6.8685856,84.24795,34.0,21.273720259992107,1.6416390280030824
2021-09-13 00:00:00+00:00,-35.629999,-71.603888,170.0,open-meteo_ecmwf_ifs,daily,12.1715,5.9715,14.08,5.9610825,2.6005526,81.78789,8.600001,21.46828610012523,1.7411100157789547
2021-09-14 00:00:00+00:00,-35.629999,-71.603888,170.0,open-meteo_ecmwf_ifs,daily,15.9215,3.1715,21.33,4.2715,3.8940716,76.835266,0.0,21.663036988732163,2.57644580796205
2021-09-15 00:00:00+00:00,-35.629999,-71.603888,170.0,open-meteo_ecmwf_ifs,daily,17.3715,3.8715,20.99,3.8152504,3.4546769,69.68563,0.0,21.857904114581675,2.8444499543365587
2021-09-16 00:00:00+00:00,-35.629999,-71.603888,170.0,open-meteo_ecmwf_ifs,daily,18.921501,5.3715,21.23,7.379833,3.7104928,77.20741,0.0,22.0528188673914,2.7667391873538976
2021-09-17 00:00:00+00:00,-35.629999,-71.603888,170.0,open-meteo_ecmwf_ifs,daily,16.1215,6.4715,14.22,8.313167,2.2984512,86.88928,0.0,22.247712887896693,1.9044745433146828
2021-09-18 00:00:00+00:00,-35.629999,-71.603888,170.0,open-meteo_ecmwf_ifs,daily,15.5215,5.9715,14.13,7.2756667,2.4401405,82.14316,0.0,22.442518117381805,1.9362148896210565
2021-09-19 00:00:00+00:00,-35.629999,-71.603888,170.0,open-meteo_ecmwf_ifs,daily,14.971499,5.4715,16.32,5.5694165,3.7819939,76.589714,0.0,22.637166846573887,2.3001810953185355
2021-09-20 00:00:00+00:00,-35.629999,-71.603888,170.0,open-meteo_ecmwf_ifs,daily,17.771502,4.3715,20.35,5.398583,3.5153427,73.48992,0.0,22.83159176380243,2.770301499589421
2021-09-21 00:00:00+00:00,-35.629999,-71.603888,170.0,open-meteo_ecmwf_ifs,daily,17.9715,4.2215,20.18,7.7006664,3.2281876,82.10851,0.0,23.025726002328184,2.425312965809641
2021-09-22 00:00:00+00:00,-35.629999,-71.603888,170.0,open-meteo_ecmwf_ifs,daily,16.171501,7.5715,14.08,7.8339996,1.3268371,79.668564,0.0,23.21950318674769,2.015387150901497
2021-09-23 00:00:00+00:00,-35.629999,-71.603888,170.0,open-meteo_ecmwf_ifs,daily,20.7215,6.0715,22.19,7.7589993,3.807871,75.31826,0.0,23.412857478382367,3.196879968056756
2021-09-24 00:00:00+00:00,-35.629999,-71.603888,170.0,open-meteo_ecmwf_ifs,daily,23.5715,8.6215,21.86,10.402749,2.0162876,78.67309,0.0,23.60572361956295,3.2673271331743843
2021-09-25 00:00:00+00:00,-35.629999,-71.603888,170.0,open-meteo_ecmwf_ifs,daily,16.2215,10.4215,11.81,9.067334,2.9813907,78.25471,1.3000002,23.798036976723857,2.1435058950685923
2021-09-26 00:00:00+00:00,-35.629999,-71.603888,170.0,open-meteo_ecmwf_ifs,daily,17.8215,7.7714996,21.9,7.1069164,4.310451,74.868126,0.0,23.989733582224495,3.1973432637366663
2021-09-27 00:00:00+00:00,-35.629999,-71.603888,170.0,open-meteo_ecmwf_ifs,daily,19.1215,4.1215,23.62,4.3277497,4.0160103,65.77837,0.0,24.180750174818257,3.400562877350264
2021-09-28 00:00:00+00:00,-35.629999,-71.603888,170.0,open-meteo_ecmwf_ifs,daily,20.7215,4.9214997,23.56,6.3944154,1.7011999,70.88787,0.0,24.371024238693796,3.1462461523883394
2021-09-29 00:00:00+00:00,-35.629999,-71.603888,170.0,open-meteo_ecmwf_ifs,daily,18.671501,5.1215,18.74,5.942333,2.4045606,72.64715,0.0,24.56049404101651,2.7459704836748404
2021-09-30 00:00:00+00:00,-35.629999,-71.603888,170.0,open-meteo_ecmwf_ifs,daily,15.9215,8.0215,15.94,6.8048325,1.5944222,72.67572,1.2,24.74909866790285,2.361347288553041
2021-10-01 00:00:00+00:00,-35.629999,-71.603888,170.0,open-meteo_ecmwf_ifs,daily,18.3715,5.2215,22.92,5.031916,2.9729528,67.56395,0.0,24.936778058764165,3.2277827792221405
2021-10-02 00:00:00+00:00,-35.629999,-71.603888,170.0,open-meteo_ecmwf_ifs,daily,14.8215,6.4715,24.27,4.044417,4.627483,66.583305,2.6000001,25.12347303896108,3.3312940809562313
2021-10-03 00:00:00+00:00,-35.629999,-71.603888,170.0,open-meteo_ecmwf_ifs,daily,17.0715,4.0715,24.7,2.7069166,5.8825717,63.488895,0.0,25.309125350714705,3.6711901808521157
2021-10-04 00:00:00+00:00,-35.629999,-71.603888,170.0,open-meteo_ecmwf_ifs,daily,19.671501,4.1714997,23.37,5.3402495,3.6902294,71.40617,0.0,25.49367768222526,3.361469636013457
2021-10-05 00:00:00+00:00,-35.629999,-71.603888,170.0,open-meteo_ecmwf_ifs,daily,18.7215,5.7215,18.13,6.404833,2.8728726,72.67509,0.0,25.67707369495413,2.8262547307201817
2021-10-06 00:00:00+00:00,-35.629999,-71.603888,170.0,open-meteo_ecmwf_ifs,daily,20.8715,3.6715,25.52,3.9548333,3.0249212,59.705154,0.0,25.859258049030625,3.703053207222904
2021-10-07 00:00:00+00:00,-35.629999,-71.603888,170.0,open-meteo_ecmwf_ifs,daily,21.271502,6.3215,24.35,8.219417,2.7568119,68.67575,0.0,26.040176426749454,3.4725748058586867
2021-10-08 00:00:00+00:00,-35.629999,-71.603888,170.0,open-meteo_ecmwf_ifs,daily,17.8715,10.1715,15.87,6.7652497,2.867905,66.01074,0.4,26.219775554131406,3.018297747529416
2021-10-09 00:00:00+00:00,-35.629999,-71.603888,170.0,open-meteo_ecmwf_ifs,daily,21.3215,7.3215,23.57,8.219417,2.3002787,73.358,0.0,26.39800322052408,3.4966127644570313
2021-10-10 00:00:00+00:00,-35.629999,-71.603888,170.0,open-meteo_ecmwf_ifs,daily,19.9715,9.8215,22.97,8.513167,1.9828666,72.62911,0.1,26.574808296226127,3.4986653808462904
2021-10-11 00:00:00+00:00,-35.629999,-71.603888,170.0,open-meteo_ecmwf_ifs,daily,22.521502,8.0715,23.75,9.467333,2.7938528,74.203606,0.0,26.75014074812351,3.6699998285129403
2021-10-12 00:00:00+00:00,-35.629999,-71.603888,170.0,open-meteo_ecmwf_ifs,daily,17.521502,10.5715,14.04,8.536084,4.2035184,70.77563,0.0,26.923951653332207,2.8334509571709314
2021-10-13 00:00:00+00:00,-35.629999,-71.603888,170.0,open-meteo_ecmwf_ifs,daily,19.171501,10.471499,17.3,7.354833,3.2308075,67.6017,0.0,27.096193210847524,3.353102965643002
2021-10-14 00:00:00+00:00,-35.629999,-71.603888,170.0,open-meteo_ecmwf_ifs,daily,15.1215,6.4715,22.02,4.9839997,3.3898404,68.871056,9.000001,27.266818751205932,3.09515716268317
2021-10-15 00:00:00+00:00,-35.629999,-71.603888,170.0,open-meteo_ecmwf_ifs,daily,17.5715,4.5214996,26.62,2.5298336,4.6918197,61.698914,0.0,27.435782744170826,3.9530870674506735
2021-10-16 00:00:00+00:00,-35.629999,-71.603888,170.0,open-meteo_ecmwf_ifs,daily,19.521502,5.1714997,26.3,3.986083,4.693094,60.66933,0.0,27.603040804459596,4.108106248359344
2021-10-17 00:00:00+00:00,-35.629999,-71.603888,170.0,open-meteo_ecmwf_ifs,daily,21.6215,6.3215,26.13,6.1527495,4.657039,64.14502,0.0,27.768549695534574,4.25377666648397
2021-10-18 00:00:00+00:00,-35.629999,-71.603888,170.0,open-meteo_ecmwf_ifs,daily,25.3715,7.0715,26.05,8.356915,3.490425,67.82343,0.0,27.932267331486372,4.419289879633993
2021-10-19 00:00:00+00:00,-35.629999,-71.603888,170.0,open-meteo_ecmwf_ifs,daily,26.5715,10.721499,25.31,10.561084,2.0924191,68.967125,0.0,28.09415277704308,4.4108175321829775
2021-10-20 00:00:00+00:00,-35.629999,-71.603888,170.0,open-meteo_ecmwf_ifs,daily,21.021502,11.3215,19.12,9.340249,3.3042002,69.92669,0.0,28.254166245744305,3.6296297875141335
2021-10-21 00:00:00+00:00,-35.629999,-71.603888,170.0,open-meteo_ecmwf_ifs,daily,22.271502,9.6215,22.57,8.827749,2.7961397,70.82782,0.0,28.412269096324195,3.8840982621024884
2021-10-22 00:00:00+00:00,-35.629999,-71.603888,170.0,open-meteo_ecmwf_ifs,daily,18.5715,7.7714996,27.0,4.167333,4.7889214,56.150387,0.0,28.568423827352163,4.445464208764671
2021-10-23 00:00:00+00:00,-35.629999,-71.603888,170.0,open-meteo_ecmwf_ifs,daily,20.671501,6.0715,27.17,3.309,5.127733,55.76032,0.0,28.72259407018517,4.705829900048614
2021-10-24 00:00:00+00:00,-35.629999,-71.603888,170.0,open-meteo_ecmwf_ifs,daily,24.8215,7.6215,27.42,6.2131667,4.9917126,57.52428,0.0,28.874744580289747,5.178602472484302
2021-10-25 00:00:00+00:00,-35.629999,-71.603888,170.0,open-meteo_ecmwf_ifs,daily,27.3215,10.721499,28.21,8.367332,6.302759,57.825207,0.0,29.024841226996184,6.141355760887942
2021-10-26 00:00:00+00:00,-35.629999,-71.603888,170.0,open-meteo_ecmwf_ifs,daily,25.2215,10.3215,26.15,9.094415,3.7191303,60.189056,0.0,29.172850981751598,4.878698492977862
2021-10-27 00:00:00+00:00,-35.629999,-71.603888,170.0,open-meteo_ecmwf_ifs,daily,26.271502,10.7715,26.39,10.329834,2.3323197,64.874725,0.0,29.31874190494176,4.6554935067730225
2021-10-28 00:00:00+00:00,-35.629999,-71.603888,170.0,open-meteo_ecmwf_ifs,daily,28.921501,11.471499,28.63,7.798582,3.9952831,52.963123,0.0,29.462483131356134,6.07620636536229
2021-10-29 00:00:00+00:00,-35.629999,-71.603888,170.0,open-meteo_ecmwf_ifs,daily,28.4715,11.9215,27.6,9.086083,4.2081523,57.25925,0.0,29.604044854372273,5.889646287852237
2021-10-30 00:00:00+00:00,-35.629999,-71.603888,170.0,open-meteo_ecmwf_ifs,daily,25.2215,11.6715,21.18,8.74025,4.0144305,56.95447,0.0,29.743398308940055,4.759708541483112
2021-10-31 00:00:00+00:00,-35.629999,-71.603888,170.0,open-meteo_ecmwf_ifs,daily,25.9715,12.5715,22.73,10.525666,2.342513,61.43836,0.0,29.880515753447717,4.437108896536332
2021-11-01 00:00:00+00:00,-35.629999,-71.603888,170.0,open-meteo_ecmwf_ifs,daily,23.671501,10.7715,22.52,10.575667,1.4462298,72.46264,0.0,30.015370450554087,3.812667275273331
2021-11-02 00:00:00+00:00,-35.629999,-71.603888,170.0,open-meteo_ecmwf_ifs,daily,27.171501,9.5215,28.41,8.094417,2.087023,57.254818,0.0,30.147936647073738,4.987233947226633
2021-11-03 00:00:00+00:00,-35.629999,-71.603888,170.0,open-meteo_ecmwf_ifs,daily,20.3715,10.3215,18.06,8.777749,2.9223728,66.714294,2.1,30.2781895530023,3.4176956179860896
2021-11-04 00:00:00+00:00,-35.629999,-71.603888,170.0,open-meteo_ecmwf_ifs,daily,21.521502,6.8215,30.18,2.8110828,5.926172,55.94261,0.1,30.406105319771118,5.472998962609049
2021-11-05 00:00:00+00:00,-35.629999,-71.603888,170.0,open-meteo_ecmwf_ifs,daily,25.671501,6.3215,29.57,4.442333,2.611842,51.796856,0.0,30.53166101782066,5.046116154969566
2021-11-06 00:00:00+00:00,-35.629999,-71.603888,170.0,open-meteo_ecmwf_ifs,daily,23.171501,9.4215,29.34,6.6215,3.4503272,56.868668,0.0,30.65483461358238,5.111000652666019
2021-11-07 00:00:00+00:00,-35.629999,-71.603888,170.0,open-meteo_ecmwf_ifs,daily,26.671501,9.7715,26.11,8.425666,3.1840198,63.263733,0.0,30.775604945959003,5.046300885116981
2021-11-08 00:00:00+00:00,-35.629999,-71.603888,170.0,open-meteo_ecmwf_ifs,daily,28.1215,12.5715,29.58,8.592333,4.5312004,51.892475,0.0,30.8939517023923,6.374016643934017
2021-11-09 00:00:00+00:00,-35.629999,-71.603888,170.0,open-meteo_ecmwf_ifs,daily,27.271502,12.8215,27.44,11.55275,2.8348224,61.667904,0.0,31.009855394606944,5.227122610339253
2021-11-10 00:00:00+00:00,-35.629999,-71.603888,170.0,open-meteo_ecmwf_ifs,daily,23.5715,12.3215,22.62,9.919416,1.4662675,65.83327,0.0,31.123297334117666,4.039270014930835
2021-11-11 00:00:00+00:00,-35.629999,-71.603888,170.0,open-meteo_ecmwf_ifs,daily,24.421501,11.971499,21.19,8.538167,2.280815,57.609295,0.0,31.234259607585088,4.275877390517686
2021-11-12 00:00:00+00:00,-35.629999,-71.603888,170.0,open-meteo_ecmwf_ifs,daily,22.1215,11.9215,15.74,9.440249,2.9311104,66.19061,0.0,31.342725052104274,3.5296639103225504
2021-11-13 00:00:00+00:00,-35.629999,-71.603888,170.0,open-meteo_ecmwf_ifs,daily,20.521502,9.6715,23.21,5.313166,3.2901785,55.641773,0.4,31.448677230507144,4.3949803516063914
2021-11-14 00:00:00+00:00,-35.629999,-71.603888,170.0,open-meteo_ecmwf_ifs,daily,23.521502,7.8715,27.86,3.6652498,5.1940084,50.530136,0.0,31.55210040675744,5.612083118155531
2021-11-15 00:00:00+00:00,-35.629999,-71.603888,170.0,open-meteo_ecmwf_ifs,daily,21.271502,8.8715,26.24,6.554834,4.4238067,61.68532,0.0,31.652979521514183,4.700750565180437
2021-11-16 00:00:00+00:00,-35.629999,-71.603888,170.0,open-meteo_ecmwf_ifs,daily,28.2215,7.1215,31.48,2.6110833,3.4681528,43.012653,0.0,31.751300167936037,6.127132157445554
2021-11-17 00:00:00+00:00,-35.629999,-71.603888,170.0,open-meteo_ecmwf_ifs,daily,28.9715,11.721499,31.1,5.586083,3.1706212,43.42924,0.0,31.847048567795724,6.417646310870952
2021-11-18 00:00:00+00:00,-35.629999,-71.603888,170.0,open-meteo_ecmwf_ifs,daily,28.1215,12.2715,30.29,8.581916,4.9916234,51.313442,0.0,31.94021154796953,6.583513676154166
2021-11-19 00:00:00+00:00,-35.629999,-71.603888,170.0,open-meteo_ecmwf_ifs,daily,29.021502,12.4215,30.46,9.404834,2.6759102,52.464336,0.0,32.030776517363314,5.952644930544576
2021-11-20 00:00:00+00:00,-35.629999,-71.603888,170.0,open-meteo_ecmwf_ifs,daily,29.771502,12.0715,30.55,10.859001,1.934218,58.298462,0.0,32.11873144433215,5.65785516918623
2021-11-21 00:00:00+00:00,-35.629999,-71.603888,170.0,open-meteo_ecmwf_ifs,daily,31.421501,14.2715,31.62,8.144416,3.7464302,45.417522,0.0,32.20406483464601,7.187515445643233
2021-11-22 00:00:00+00:00,-35.629999,-71.603888,170.0,open-meteo_ecmwf_ifs,daily,31.3715,13.8715,31.9,7.681917,5.263142,41.492855,0.0,32.28676571005012,7.837619667644101
2021-11-23 00:00:00+00:00,-35.629999,-71.603888,170.0,open-meteo_ecmwf_ifs,daily,27.8215,12.9215,31.58,8.979834,3.4923499,48.59728,0.0,32.36682358746337,6.314245303125144
2021-11-24 00:00:00+00:00,-35.629999,-71.603888,170.0,open-meteo_ecmwf_ifs,daily,25.771502,13.971499,15.26,10.66525,3.7633193,65.67043,0.0,32.44422845885387,4.289787050276891
2021-11-25 00:00:00+00:00,-35.629999,-71.603888,170.0,open-meteo_ecmwf_ifs,daily,29.921501,12.0715,31.31,9.798583,3.058059,57.630703,0.0,32.51897077182602,6.2404742527968065
2021-11-26 00:00:00+00:00,-35.629999,-71.603888,170.0,open-meteo_ecmwf_ifs,daily,29.421501,14.0715,31.65,9.261085,3.880246,49.0471,0.0,32.591041410948804,6.832189058575174
2021-11-27 00:00:00+00:00,-35.629999,-71.603888,170.0,open-meteo_ecmwf_ifs,daily,24.521502,11.471499,28.8,7.0381665,2.8760335,52.382004,0.0,32.66043167985034,5.42949900461374
2021-11-28 00:00:00+00:00,-35.629999,-71.603888,170.0,open-meteo_ecmwf_ifs,daily,27.8715,10.5715,32.43,2.8319166,5.28091,40.30028,0.0,32.72713328409934,7.363922150596831
2021-11-29 00:00:00+00:00,-35.629999,-71.603888,170.0,open-meteo_ecmwf_ifs,daily,28.4715,11.221499,31.99,5.1610827,3.760454,42.078434,0.0,32.791138314889395,6.717959202223753
2021-11-30 00:00:00+00:00,-35.629999,-71.603888,170.0,open-meteo_ecmwf_ifs,daily,27.5715,11.6715,31.03,9.348582,3.0175574,57.3743,0.0,32.85243923353839,5.903010345059874
2021-12-01 00:00:00+00:00,-35.629999,-71.603888,170.0,open-meteo_ecmwf_ifs,daily,25.7215,11.1715,28.22,8.70275,2.135615,60.303623,0.0,32.91102885681044,5.131486750708206
2021-12-02 00:00:00+00:00,-35.629999,-71.603888,170.0,open-meteo_ecmwf_ifs,daily,23.271502,13.221499,15.76,8.436083,3.7615118,53.612595,0.0,32.96690034306469,4.264876677773864
2021-12-03 00:00:00+00:00,-35.629999,-71.603888,170.0,open-meteo_ecmwf_ifs,daily,25.521502,13.471499,27.39,9.246499,3.0236704,55.613144,0.0,33.02004717923117,5.495381625504933
2021-12-04 00:00:00+00:00,-35.629999,-71.603888,170.0,open-meteo_ecmwf_ifs,daily,31.7215,13.0715,32.63,6.427751,3.2851155,42.899277,0.0,33.07046316861084,7.1631817291652355
2021-12-05 00:00:00+00:00,-35.629999,-71.603888,170.0,open-meteo_ecmwf_ifs,daily,35.3215,15.2715,32.75,8.36525,2.9385974,39.853718,0.0,33.118142419494106,7.554205049170771
2021-12-06 00:00:00+00:00,-35.629999,-71.603888,170.0,open-meteo_ecmwf_ifs,daily,27.421501,13.8215,31.43,11.631916,4.0757966,60.290035,0.0,33.16307933458884,6.215167426599781
2021-12-07 00:00:00+00:00,-35.629999,-71.603888,170.0,open-meteo_ecmwf_ifs,daily,26.1215,12.8215,24.56,9.892334,2.9398978,62.727448,0.0,33.20526860124732,5.087657472833497
2021-12-08 00:00:00+00:00,-35.629999,-71.603888,170.0,open-meteo_ecmwf_ifs,daily,31.2215,12.9215,32.07,9.348583,2.6625583,53.55649,0.0,33.24470518247902,6.532838880635105
2021-12-09 00:00:00+00:00,-35.629999,-71.603888,170.0,open-meteo_ecmwf_ifs,daily,31.021502,14.3715,31.48,12.30275,3.4921076,55.702667,0.0,33.28138430873483,6.642033506929056
2021-12-10 00:00:00+00:00,-35.629999,-71.603888,170.0,open-meteo_ecmwf_ifs,daily,26.021502,14.8215,24.64,12.861083,3.4670541,66.23257,0.0,33.31530147044687,5.085419098313352
2021-12-11 00:00:00+00:00,-35.629999,-71.603888,170.0,open-meteo_ecmwf_ifs,daily,17.771502,15.0715,6.62,12.471498,3.3617718,79.027596,5.6000004,33.34645241130739,2.022541000546828
2021-12-12 00:00:00+00:00,-35.629999,-71.603888,170.0,open-meteo_ecmwf_ifs,daily,22.171501,12.1215,22.49,6.654833,2.8720407,55.924778,0.4,33.37483312226973,4.645830215952892
2021-12-13 00:00:00+00:00,-35.629999,-71.603888,170.0,open-meteo_ecmwf_ifs,daily,25.671501,10.1215,30.65,4.5069165,3.738063,46.392544,0.0,33.40043983625405,6.13833712666911
2021-12-14 00:00:00+00:00,-35.629999,-71.603888,170.0,open-meteo_ecmwf_ifs,daily,27.0715,11.2715,32.53,6.8944173,2.5906878,50.925507,0.0,33.42326902354119,6.07202955124531
2021-12-15 00:00:00+00:00,-35.629999,-71.603888,170.0,open-meteo_ecmwf_ifs,daily,30.021502,12.5215,32.3,6.842333,2.8190286,44.356174,0.0,33.44331738783805,6.630145978719757
2021-12-16 00:00:00+00:00,-35.629999,-71.603888,170.0,open-meteo_ecmwf_ifs,daily,29.3715,13.1715,32.49,8.263166,3.471118,46.675945,0.0,33.46058186299931,6.801159228992464
2021-12-17 00:00:00+00:00,-35.629999,-71.603888,170.0,open-meteo_ecmwf_ifs,daily,28.0715,11.0715,32.81,7.959,2.3306925,56.16881,0.0,33.47505961039131,6.036434190742452
2021-12-18 00:00:00+00:00,-35.629999,-71.603888,170.0,open-meteo_ecmwf_ifs,daily,31.8715,12.6715,33.16,7.2423325,3.2113097,46.271587,0.0,33.486748016885436,7.1214571339501305
2021-12-19 00:00:00+00:00,-35.629999,-71.603888,170.0,open-meteo_ecmwf_ifs,daily,34.421497,15.0715,33.27,7.594416,3.3276975,41.422512,0.0,33.49564469346986,7.794613796816746
2021-12-20 00:00:00+00:00,-35.629999,-71.603888,170.0,open-meteo_ecmwf_ifs,daily,34.2215,16.3215,33.29,8.261084,3.5305815,41.87546,0.0,33.50174747447102,8.00295241882879
2021-12-21 00:00:00+00:00,-35.629999,-71.603888,170.0,open-meteo_ecmwf_ifs,daily,33.7715,15.7715,33.47,6.3569164,4.40063,37.036327,0.0,33.50505441737749,8.532716287670345
2021-12-22 00:00:00+00:00,-35.629999,-71.603888,170.0,open-meteo_ecmwf_ifs,daily,31.771502,15.721499,32.73,8.181916,3.320596,39.316837,0.0,33.505563803261865,7.436264259204453
2021-12-23 00:00:00+00:00,-35.629999,-71.603888,170.0,open-meteo_ecmwf_ifs,daily,29.6215,12.8215,31.72,10.279832,3.1755574,55.58775,0.0,33.50327413779824,6.397027017809336
2021-12-24 00:00:00+00:00,-35.629999,-71.603888,170.0,open-meteo_ecmwf_ifs,daily,33.1215,14.3715,33.25,7.8131676,3.460373,46.31087,0.0,33.49818415287503,7.592366023252809
2021-12-25 00:00:00+00:00,-35.629999,-71.603888,170.0,open-meteo_ecmwf_ifs,daily,33.6215,15.8715,32.79,8.363166,3.0017471,38.73227,0.0,33.490292808805684,7.50037604021577
2021-12-26 00:00:00+00:00,-35.629999,-71.603888,170.0,open-meteo_ecmwf_ifs,daily,33.7215,17.7215,30.5,9.511085,2.6442423,39.054394,0.0,33.47959929714205,7.157958586940259
2021-12-27 00:00:00+00:00,-35.629999,-71.603888,170.0,open-meteo_ecmwf_ifs,daily,34.4715,18.2215,32.45,10.229834,2.2109053,40.12769,0.0,33.466103044096805,7.212786090111222
2021-12-28 00:00:00+00:00,-35.629999,-71.603888,170.0,open-meteo_ecmwf_ifs,daily,30.421501,15.8215,31.6,12.644417,3.7256043,56.365936,0.0,33.44980371458443,6.823401534786945
2021-12-29 00:00:00+00:00,-35.629999,-71.603888,170.0,open-meteo_ecmwf_ifs,daily,26.271502,14.4215,22.28,11.969417,3.6523106,64.5745,0.0,33.43070121689129,4.982253761731457
2021-12-30 00:00:00+00:00,-35.629999,-71.603888,170.0,open-meteo_ecmwf_ifs,daily,30.3215,13.7715,32.82,8.911083,4.0321794,51.766895,0.0,33.40879570798771,7.195182385020637
2021-12-31 00:00:00+00:00,-35.629999,-71.603888,170.0,open-meteo_ecmwf_ifs,daily,28.521502,12.8215,33.36,3.90275,5.0835857,36.660755,0.0,33.38408759949582,7.781254224516572
2022-01-01 00:00:00+00:00,-35.629999,-71.603888,170.0,open-meteo_ecmwf_ifs,daily,27.921501,12.5215,31.95,7.7590003,3.6067507,51.722717,0.0,33.35657756432903,6.540597426735719
2022-01-02 00:00:00+00:00,-35.629999,-71.603888,170.0,open-meteo_ecmwf_ifs,daily,27.2215,12.971499,25.98,10.373584,2.6482418,57.621212,0.0,33.326266544018836,5.26971367261947
2022-01-03 00:00:00+00:00,-35.629999,-71.603888,170.0,open-meteo_ecmwf_ifs,daily,30.021502,15.0215,28.24,12.494415,3.6808593,60.774567,0.0,33.29315575674632,6.241177731365835
2022-01-04 00:00:00+00:00,-35.629999,-71.603888,170.0,open-meteo_ecmwf_ifs,daily,30.171501,15.1215,31.44,11.975667,4.4765053,58.273075,0.0,33.25724670609506,6.953547627008778
2022-01-05 00:00:00+00:00,-35.629999,-71.603888,170.0,open-meteo_ecmwf_ifs,daily,32.1215,14.9215,31.86,9.044415,3.4093447,43.283092,0.0,33.21854119054278,7.228464756408112
2022-01-06 00:00:00+00:00,-35.629999,-71.603888,170.0,open-meteo_ecmwf_ifs,daily,32.6215,14.9215,31.56,10.238166,1.9626303,46.86374,0.0,33.177041313707946,6.444618506670874
2022-01-07 00:00:00+00:00,-35.629999,-71.603888,170.0,open-meteo_ecmwf_ifs,daily,35.6215,16.7215,31.99,10.881916,2.5121932,44.67012,0.0,33.13274949536722,7.2549225084565165
2022-01-08 00:00:00+00:00,-35.629999,-71.603888,170.0,open-meteo_ecmwf_ifs,daily,29.5715,16.5715,31.26,12.981918,3.7590353,52.87891,0.0,33.08566848325796,6.711537591632268
2022-01-09 00:00:00+00:00,-35.629999,-71.603888,170.0,open-meteo_ecmwf_ifs,daily,29.8715,15.8215,27.18,11.9715,3.0999384,59.44411,0.0,33.035801365678644,6.067327221008363
2022-01-10 00:00:00+00:00,-35.629999,-71.603888,170.0,open-meteo_ecmwf_ifs,daily,32.671497,15.4215,30.43,12.246499,2.0797095,54.703938,0.0,32.98315158489778,6.303111792507319
2022-01-11 00:00:00+00:00,-35.629999,-71.603888,170.0,open-meteo_ecmwf_ifs,daily,33.171497,16.0715,31.18,13.111083,2.3493843,53.87846,0.0,32.92772295137995,6.586580638475608
2022-01-12 00:00:00+00:00,-35.629999,-71.603888,170.0,open-meteo_ecmwf_ifs,daily,32.9715,15.6215,30.87,12.138167,2.043698,51.69337,0.0,32.8695196588342,6.391050403426001
2022-01-13 00:00:00+00:00,-35.629999,-71.603888,170.0,open-meteo_ecmwf_ifs,daily,30.4715,15.6715,29.56,11.66525,2.527447,55.342625,0.0,32.80854630008762,6.206584692343881
2022-01-14 00:00:00+00:00,-35.629999,-71.603888,170.0,open-meteo_ecmwf_ifs,daily,32.6215,15.0215,31.64,9.452748,4.0729985,47.57333,0.0,32.74480788378299,7.519850412072004
2022-01-15 00:00:00+00:00,-35.629999,-71.603888,170.0,open-meteo_ecmwf_ifs,daily,31.171501,15.5715,26.88,13.219418,2.9513266,60.880146,0.0,32.67830985189631,5.953704560511485
2022-01-16 00:00:00+00:00,-35.629999,-71.603888,170.0,open-meteo_ecmwf_ifs,daily,27.6215,14.721499,25.5,9.644416,2.794006,54.355053,0.0,32.60905809806523,5.555975533622226
2022-01-17 00:00:00+00:00,-35.629999,-71.603888,170.0,open-meteo_ecmwf_ifs,daily,22.3215,12.1715,24.87,5.206917,3.4068213,48.672062,0.0,32.53705898671621,5.190180432077195
2022-01-18 00:00:00+00:00,-35.629999,-71.603888,170.0,open-meteo_ecmwf_ifs,daily,25.771502,10.5715,30.39,-0.04724996,4.590068,33.30804,0.0,32.46231937297304,6.881894161189661
2022-01-19 00:00:00+00:00,-35.629999,-71.603888,170.0,open-meteo_ecmwf_ifs,daily,27.921501,10.5215,31.53,3.6902497,3.135477,40.97954,0.0,32.38484662332534,6.348958689978841
2022-01-20 00:00:00+00:00,-35.629999,-71.603888,170.0,open-meteo_ecmwf_ifs,daily,28.4715,11.0715,31.74,4.075666,2.6800537,42.725903,0.0,32.30464863703073,6.259121910194403
2022-01-21 00:00:00+00:00,-35.629999,-71.603888,170.0,open-meteo_ecmwf_ifs,daily,29.8715,11.7715,31.69,5.188166,3.2365913,43.171143,0.0,32.22173386821974,6.67977268588987
2022-01-22 00:00:00+00:00,-35.629999,-71.603888,170.0,open-meteo_ecmwf_ifs,daily,29.1215,12.4215,30.12,8.523583,2.3760035,56.079197,0.0,32.136111348667626,5.883857629079132
2022-01-23 00:00:00+00:00,-35.629999,-71.603888,170.0,open-meteo_ecmwf_ifs,daily,29.921501,12.6215,31.3,6.511084,4.954932,47.217754,0.0,32.04779071119253,7.339953888624975
2022-01-24 00:00:00+00:00,-35.629999,-71.603888,170.0,open-meteo_ecmwf_ifs,daily,32.4715,14.721499,31.15,9.188166,4.6605372,48.06732,0.0,31.956782213634447,7.629422156590866
2022-01-25 00:00:00+00:00,-35.629999,-71.603888,170.0,open-meteo_ecmwf_ifs,daily,33.0215,15.8715,30.49,10.181916,2.6108053,46.584457,0.0,31.86309676336501,6.705427771186198
2022-01-26 00:00:00+00:00,-35.629999,-71.603888,170.0,open-meteo_ecmwf_ifs,daily,31.9715,14.471499,30.36,10.606915,1.6779467,51.13837,0.0,31.7667459422731,5.9331553061766655
2022-01-27 00:00:00+00:00,-35.629999,-71.603888,170.0,open-meteo_ecmwf_ifs,daily,30.5715,14.6715,30.05,12.158999,2.6923401,56.797886,0.0,31.66774203216697,6.10809495418421
2022-01-28 00:00:00+00:00,-35.629999,-71.603888,170.0,open-meteo_ecmwf_ifs,daily,29.771502,14.3215,23.93,11.911082,1.4475743,61.388874,0.0,31.566098040529287,4.758937113328413
2022-01-29 00:00:00+00:00,-35.629999,-71.603888,170.0,open-meteo_ecmwf_ifs,daily,29.921501,14.6715,26.58,11.829833,2.1153839,59.298023,0.0,31.461827726556972,5.412525836580428
2022-01-30 00:00:00+00:00,-35.629999,-71.603888,170.0,open-meteo_ecmwf_ifs,daily,30.271502,14.2715,29.13,9.873582,3.2915766,54.631474,0.0,31.35494562741421,6.33794743530686
2022-01-31 00:00:00+00:00,-35.629999,-71.603888,170.0,open-meteo_ecmwf_ifs,daily,31.1215,14.1715,29.85,6.1027503,3.4711378,38.659004,0.0,31.245467084622955,6.922789518149991
2022-02-01 00:00:00+00:00,-35.629999,-71.603888,170.0,open-meteo_ecmwf_ifs,daily,30.7215,14.3715,29.46,7.481916,2.9511604,41.831104,0.0,31.13340827051205,6.472672538450237
2022-02-02 00:00:00+00:00,-35.629999,-71.603888,170.0,open-meteo_ecmwf_ifs,daily,29.0715,13.8215,29.22,10.821499,2.8821507,58.28751,0.0,31.018786214642887,5.869612689546815
2022-02-03 00:00:00+00:00,-35.629999,-71.603888,170.0,open-meteo_ecmwf_ifs,daily,27.671501,13.4215,28.76,11.325667,2.4264867,61.637318,0.0,30.901618830126672,5.408082669601658
2022-02-04 00:00:00+00:00,-35.629999,-71.603888,170.0,open-meteo_ecmwf_ifs,daily,30.1215,13.8715,26.33,12.209001,2.3612835,61.959885,0.0,30.78192493974612,5.341337521953696
2022-02-05 00:00:00+00:00,-35.629999,-71.603888,170.0,open-meteo_ecmwf_ifs,daily,32.421497,15.5715,29.17,7.804833,3.7581694,42.583897,0.0,30.65972430179191,7.169510456478985
2022-02-06 00:00:00+00:00,-35.629999,-71.603888,170.0,open-meteo_ecmwf_ifs,daily,35.8715,17.021502,29.22,7.6194158,2.8382447,35.077766,0.0,30.535037635523107,7.156866229148888
2022-02-07 00:00:00+00:00,-35.629999,-71.603888,170.0,open-meteo_ecmwf_ifs,daily,34.0715,14.471499,28.83,10.17775,2.8375568,48.539856,0.0,30.4078866461588,6.484974326055635
2022-02-08 00:00:00+00:00,-35.629999,-71.603888,170.0,open-meteo_ecmwf_ifs,daily,35.671497,15.5215,29.19,8.909,3.2246993,45.3188,0.0,30.278294049307576,7.136801002997492
2022-02-09 00:00:00+00:00,-35.629999,-71.603888,170.0,open-meteo_ecmwf_ifs,daily,33.6215,17.7215,28.22,10.488167,2.9823697,44.850433,0.0,30.146283594741053,6.776759543977667
2022-02-10 00:00:00+00:00,-35.629999,-71.603888,170.0,open-meteo_ecmwf_ifs,daily,28.171501,13.971499,23.5,9.161083,2.4669209,49.109768,0.0,30.011880089416923,5.069642242238252
2022-02-11 00:00:00+00:00,-35.629999,-71.603888,170.0,open-meteo_ecmwf_ifs,daily,31.171501,12.721499,28.84,2.9881666,2.8553607,33.070797,0.0,29.87510941965819,6.386320127768985
2022-02-12 00:00:00+00:00,-35.629999,-71.603888,170.0,open-meteo_ecmwf_ifs,daily,35.5215,15.221499,28.42,3.384,2.377936,27.48092,0.0,29.735998572394774,6.578640602015733
2022-02-13 00:00:00+00:00,-35.629999,-71.603888,170.0,open-meteo_ecmwf_ifs,daily,29.521502,14.2715,27.63,11.850666,3.779395,59.728027,0.0,29.59457565537588,5.894368637887913
2022-02-14 00:00:00+00:00,-35.629999,-71.603888,170.0,open-meteo_ecmwf_ifs,daily,32.0215,13.971499,27.3,11.623582,1.6768237,61.854202,0.0,29.4508699162619,5.3096754947460125
2022-02-15 00:00:00+00:00,-35.629999,-71.603888,170.0,open-meteo_ecmwf_ifs,daily,28.8715,13.721499,27.16,11.283999,2.3387463,58.664963,0.0,29.304911760507384,5.260192064437209
2022-02-16 00:00:00+00:00,-35.629999,-71.603888,170.0,open-meteo_ecmwf_ifs,daily,32.4715,13.0215,27.82,8.992333,3.1838205,52.60519,0.0,29.156732767948103,6.194469254403144
2022-02-17 00:00:00+00:00,-35.629999,-71.603888,170.0,open-meteo_ecmwf_ifs,daily,33.2715,15.721499,27.95,7.3631663,3.0829458,38.830753,0.0,29.00636570800827,6.665285023240109
2022-02-18 00:00:00+00:00,-35.629999,-71.603888,170.0,open-meteo_ecmwf_ifs,daily,31.0715,14.5715,27.81,3.8256667,3.40765,31.813171,0.0,28.85384455344674,6.696708287981906
2022-02-19 00:00:00+00:00,-35.629999,-71.603888,170.0,open-meteo_ecmwf_ifs,daily,29.9715,14.2715,27.15,6.8610835,3.4216719,41.356045,0.0,28.699204492564213,6.24527461224129
2022-02-20 00:00:00+00:00,-35.629999,-71.603888,170.0,open-meteo_ecmwf_ifs,daily,28.271502,14.4215,23.28,10.300667,3.516763,55.709934,0.0,28.542481939797277,5.338091663985105
2022-02-21 00:00:00+00:00,-35.629999,-71.603888,170.0,open-meteo_ecmwf_ifs,daily,28.0715,14.1215,23.68,8.502749,2.8727665,48.956486,0.0,28.38371454462894,5.232186186868676
2022-02-22 00:00:00+00:00,-35.629999,-71.603888,170.0,open-meteo_ecmwf_ifs,daily,26.4715,13.2715,24.54,9.225667,3.459986,56.709393,0.0,28.2229411987493,5.164196109246015
2022-02-23 00:00:00+00:00,-35.629999,-71.603888,170.0,open-meteo_ecmwf_ifs,daily,23.2215,13.6215,16.32,11.269416,3.547499,69.73309,12.3,28.060202041404956,3.697310641070893
2022-02-24 00:00:00+00:00,-35.629999,-71.603888,170.0,open-meteo_ecmwf_ifs,daily,25.8215,12.3215,25.44,11.3965,2.3816764,70.344536,3.8999999,27.895538462879994,4.500083694278032
2022-02-25 00:00:00+00:00,-35.629999,-71.603888,170.0,open-meteo_ecmwf_ifs,daily,27.771502,12.4215,25.61,10.933999,2.6173966,64.66222,0.0,27.72899310605673,4.840724408300967
2022-02-26 00:00:00+00:00,-35.629999,-71.603888,170.0,open-meteo_ecmwf_ifs,daily,27.671501,12.221499,23.51,10.967334,2.5416675,64.629005,0.0,27.56060986600922,4.5496919011386145
2022-02-27 00:00:00+00:00,-35.629999,-71.603888,170.0,open-meteo_ecmwf_ifs,daily,25.8215,12.6215,25.85,8.913166,4.70338,57.66186,0.0,27.390433887588436,5.448725893996131
2022-02-28 00:00:00+00:00,-35.629999,-71.603888,170.0,open-meteo_ecmwf_ifs,daily,27.2215,11.3715,26.51,5.1923327,6.783235,45.64824,0.0,27.2185115609629,6.7206760620702335
2022-03-01 00:00:00+00:00,-35.629999,-71.603888,170.0,open-meteo_ecmwf_ifs,daily,28.6215,11.5215,25.17,5.594416,6.0912185,44.49649,0.0,27.04489051508483,6.614837545640251
2022-03-02 00:00:00+00:00,-35.629999,-71.603888,170.0,open-meteo_ecmwf_ifs,daily,31.671501,15.5215,24.63,11.10275,4.5976744,51.90141,0.0,26.869619609057338,6.336434917960395
2022-03-03 00:00:00+00:00,-35.629999,-71.603888,170.0,open-meteo_ecmwf_ifs,daily,29.021502,14.8215,23.51,12.971499,3.5067024,60.956863,0.0,26.692748921384307,5.045242922356618
2022-03-04 00:00:00+00:00,-35.629999,-71.603888,170.0,open-meteo_ecmwf_ifs,daily,28.5715,15.2715,24.52,10.70275,3.2846432,56.210964,0.0,26.514329737090346,5.340732166069972
2022-03-05 00:00:00+00:00,-35.629999,-71.603888,170.0,open-meteo_ecmwf_ifs,daily,27.771502,12.1715,25.25,3.569417,4.1929164,39.08762,0.0,26.334414532704688,6.02526763702446
2022-03-06 00:00:00+00:00,-35.629999,-71.603888,170.0,open-meteo_ecmwf_ifs,daily,24.671501,13.721499,19.31,6.0860825,3.1556294,48.197582,0.0,26.153056959108557,4.615339474182623
2022-03-07 00:00:00+00:00,-35.629999,-71.603888,170.0,open-meteo_ecmwf_ifs,daily,27.671501,11.7715,24.87,8.509,3.0051537,59.772614,0.0,25.97031182225184,4.915545923006949
2022-03-08 00:00:00+00:00,-35.629999,-71.603888,170.0,open-meteo_ecmwf_ifs,daily,25.671501,11.221499,24.02,8.61525,2.5589256,58.683727,0.0,25.786235061751064,4.376650774629632
2022-03-09 00:00:00+00:00,-35.629999,-71.603888,170.0,open-meteo_ecmwf_ifs,daily,26.8215,13.5215,21.11,8.050667,4.7793264,56.294724,0.0,25.60088372738656,5.399612748529419
2022-03-10 00:00:00+00:00,-35.629999,-71.603888,170.0,open-meteo_ecmwf_ifs,daily,28.7215,10.721499,23.93,5.8069158,5.064114,47.07216,0.0,25.41431595352285,5.891937532190647
2022-03-11 00:00:00+00:00,-35.629999,-71.603888,170.0,open-meteo_ecmwf_ifs,daily,31.0715,11.4215,23.57,9.259,2.1090639,54.516163,0.0,25.226590931482182,4.588416889310538
2022-03-12 00:00:00+00:00,-35.629999,-71.603888,170.0,open-meteo_ecmwf_ifs,daily,30.3715,12.7715,23.12,10.442332,2.5341814,56.555233,0.0,25.037768879906942,4.712889778891838
2022-03-13 00:00:00+00:00,-35.629999,-71.603888,170.0,open-meteo_ecmwf_ifs,daily,31.8215,13.971499,22.35,11.044417,2.059623,55.380066,0.0,24.847911013152537,4.592705504976804
2022-03-14 00:00:00+00:00,-35.629999,-71.603888,170.0,open-meteo_ecmwf_ifs,daily,31.771502,14.1215,22.71,9.936082,2.2557707,48.981434,0.0,24.65707950775774,4.792313463192772
2022-03-15 00:00:00+00:00,-35.629999,-71.603888,170.0,open-meteo_ecmwf_ifs,daily,28.7215,14.3215,22.41,10.15275,2.7014234,48.64108,0.0,24.465337467045213,4.689240037003117
2022-03-16 00:00:00+00:00,-35.629999,-71.603888,170.0,open-meteo_ecmwf_ifs,daily,27.1215,13.2715,21.15,12.1465,2.224007,66.987434,0.0,24.272748883909884,3.9291753590042
2022-03-17 00:00:00+00:00,-35.629999,-71.603888,170.0,open-meteo_ecmwf_ifs,daily,25.8715,12.9215,21.94,9.502749,3.61483,58.80844,0.0,24.07937860185827,4.538798631100437
2022-03-18 00:00:00+00:00,-35.629999,-71.603888,170.0,open-meteo_ecmwf_ifs,daily,27.4715,10.221499,22.58,2.8027496,4.102042,40.94724,0.0,23.885292274366574,5.368745837409737
2022-03-19 00:00:00+00:00,-35.629999,-71.603888,170.0,open-meteo_ecmwf_ifs,daily,30.0715,13.971499,20.44,1.5277497,2.8073454,33.459133,0.0,23.690556322630034,5.16325457762237
2022-03-20 00:00:00+00:00,-35.629999,-71.603888,170.0,open-meteo_ecmwf_ifs,daily,25.5715,13.5715,12.86,1.4069166,2.5073535,31.760048,0.0,23.4952378917807,4.003171759485653
2022-03-21 00:00:00+00:00,-35.629999,-71.603888,170.0,open-meteo_ecmwf_ifs,daily,24.421501,11.6715,19.53,6.2131653,2.5774703,51.592865,0.0,23.299404805654703,3.929660924809269
2022-03-22 00:00:00+00:00,-35.629999,-71.603888,170.0,open-meteo_ecmwf_ifs,daily,26.1215,10.6215,21.42,7.1131663,3.651768,55.98064,0.0,23.1031255201944,4.466324837211309
2022-03-23 00:00:00+00:00,-35.629999,-71.603888,170.0,open-meteo_ecmwf_ifs,daily,18.771502,9.8215,12.26,6.9965,3.0405066,65.56144,3.3000002,22.906469075574332,2.6699749111670728
2022-03-24 00:00:00+00:00,-35.629999,-71.603888,170.0,open-meteo_ecmwf_ifs,daily,23.671501,7.8715,21.48,2.684,6.5114555,47.3511,0.0,22.70950504714321,5.173459371266995
2022-03-25 00:00:00+00:00,-35.629999,-71.603888,170.0,open-meteo_ecmwf_ifs,daily,28.271502,8.1715,19.6,6.5819163,2.3106635,58.07248,0.0,22.51230349527776,3.7503394287339065
2022-03-26 00:00:00+00:00,-35.629999,-71.603888,170.0,open-meteo_ecmwf_ifs,daily,21.771502,10.721499,18.77,8.250666,3.688053,62.311275,0.0,22.314934914246663,3.543591493690006
2022-03-27 00:00:00+00:00,-35.629999,-71.603888,170.0,open-meteo_ecmwf_ifs,daily,25.3715,10.471499,19.42,8.569417,3.773822,67.06897,0.0,22.117470180185713,3.9849284375059373
2022-03-28 00:00:00+00:00,-35.629999,-71.603888,170.0,open-meteo_ecmwf_ifs,daily,23.521502,9.1715,20.07,6.8485827,3.261714,59.067596,0.0,21.919980498287526,3.697094695150553
2022-03-29 00:00:00+00:00,-35.629999,-71.603888,170.0,open-meteo_ecmwf_ifs,daily,20.8715,11.1715,19.69,5.4256663,5.8089027,58.12448,0.0,21.722537349311107,4.459720913610282
2022-03-30 00:00:00+00:00,-35.629999,-71.603888,170.0,open-meteo_ecmwf_ifs,daily,23.4715,7.3215,20.29,-0.466,5.910649,39.741024,0.0,21.52521243551819,5.173929196233529
2022-03-31 00:00:00+00:00,-35.629999,-71.603888,170.0,open-meteo_ecmwf_ifs,daily,25.3715,7.0715,19.63,3.4402497,3.4302843,52.851406,0.0,21.32807762614494,4.000572048050918
2022-04-01 00:00:00+00:00,-35.629999,-71.603888,170.0,open-meteo_ecmwf_ifs,daily,25.1215,9.1715,18.31,5.781917,2.879413,56.86511,0.0,21.131204902518217,3.655582924439701
2022-04-02 00:00:00+00:00,-35.629999,-71.603888,170.0,open-meteo_ecmwf_ifs,daily,25.2215,11.3215,16.96,9.184001,2.972389,64.46575,0.0,20.93466630292684,3.4673225225471493
2022-04-03 00:00:00+00:00,-35.629999,-71.603888,170.0,open-meteo_ecmwf_ifs,daily,22.021502,9.6215,18.82,5.009,5.177714,56.098133,1.2,20.738533867358267,4.18828981063875
2022-04-04 00:00:00+00:00,-35.629999,-71.603888,170.0,open-meteo_ecmwf_ifs,daily,24.771502,6.4214997,18.9,2.3631666,3.9489346,49.715878,0.0,20.54287958221182,4.060672508737286
2022-04-05 00:00:00+00:00,-35.629999,-71.603888,170.0,open-meteo_ecmwf_ifs,daily,25.5715,8.5215,18.25,6.629833,2.708665,60.805256,0.0,20.3477753250988,3.4198134019495723
2022-04-06 00:00:00+00:00,-35.629999,-71.603888,170.0,open-meteo_ecmwf_ifs,daily,26.3715,11.3215,16.97,9.7715,2.9682543,66.391754,0.0,20.15329280983985,3.460536995988922
2022-04-07 00:00:00+00:00,-35.629999,-71.603888,170.0,open-meteo_ecmwf_ifs,daily,26.1215,10.8715,17.56,8.734,3.4072971,59.237453,0.0,19.959503531769016,3.6846206923023948
2022-04-08 00:00:00+00:00,-35.629999,-71.603888,170.0,open-meteo_ecmwf_ifs,daily,24.8215,11.8215,14.53,10.994416,2.7526891,71.937096,0.0,19.766478713452827,2.9288109846524004
2022-04-09 00:00:00+00:00,-35.629999,-71.603888,170.0,open-meteo_ecmwf_ifs,daily,21.6215,10.2715,13.55,9.002749,1.5858525,70.232376,0.0,19.574289250931482,2.2774136504914653
2022-04-10 00:00:00+00:00,-35.629999,-71.603888,170.0,open-meteo_ecmwf_ifs,daily,19.771502,10.5715,11.38,8.313166,2.408857,69.12884,0.1,19.383005660587692,2.293152250562802
2022-04-11 00:00:00+00:00,-35.629999,-71.603888,170.0,open-meteo_ecmwf_ifs,daily,20.171501,6.4214997,16.91,3.7485828,3.9085624,61.82313,0.0,19.19269802674655,3.148475596808241
2022-04-12 00:00:00+00:00,-35.629999,-71.603888,170.0,open-meteo_ecmwf_ifs,daily,21.171501,8.6715,15.18,3.4256666,5.168587,52.740387,0.0,19.003435950108052,3.868740491628893
2022-04-13 00:00:00+00:00,-35.629999,-71.603888,170.0,open-meteo_ecmwf_ifs,daily,23.021502,6.2714996,17.39,2.6298332,4.331926,51.86188,0.0,18.815288497111105,3.721235194208707
2022-04-14 00:00:00+00:00,-35.629999,-71.603888,170.0,open-meteo_ecmwf_ifs,daily,24.4715,6.7714996,16.26,6.9839993,2.212971,66.460434,0.0,18.628324150325543,2.679354052557964
2022-04-15 00:00:00+00:00,-35.629999,-71.603888,170.0,open-meteo_ecmwf_ifs,daily,19.3215,10.0215,13.0,8.465249,1.9500847,72.4975,0.0,18.44261075996535,2.119583060319798
2022-04-16 00:00:00+00:00,-35.629999,-71.603888,170.0,open-meteo_ecmwf_ifs,daily,21.171501,8.6715,13.78,8.302749,2.4192913,74.57574,0.0,18.258215496613673,2.326529954041114
2022-04-17 00:00:00+00:00,-35.629999,-71.603888,170.0,open-meteo_ecmwf_ifs,daily,22.521502,7.0715,14.96,7.573582,1.2890457,71.5922,0.0,18.075204805246337,2.0946460273244676
2022-04-18 00:00:00+00:00,-35.629999,-71.603888,170.0,open-meteo_ecmwf_ifs,daily,20.421501,8.971499,11.85,9.57775,2.1881707,80.23111,0.0,17.893644360637367,1.9572908932653785
2022-04-19 00:00:00+00:00,-35.629999,-71.603888,170.0,open-meteo_ecmwf_ifs,daily,21.5715,8.4215,11.61,9.859,2.3279343,78.144775,6.3,17.713599024226074,1.9784656846876443
2022-04-20 00:00:00+00:00,-35.629999,-71.603888,170.0,open-meteo_ecmwf_ifs,daily,19.2215,10.1715,15.03,9.940249,2.9092455,77.99421,5.8,17.535132802521233,2.197624496792256
2022-04-21 00:00:00+00:00,-35.629999,-71.603888,170.0,open-meteo_ecmwf_ifs,daily,13.0715,7.0715,2.74,5.3735833,2.3377984,74.019066,2.5,17.35830880711392,1.2007608658859494
2022-04-22 00:00:00+00:00,-35.629999,-71.603888,170.0,open-meteo_ecmwf_ifs,daily,15.1715,9.721499,4.19,10.021499,4.1058455,88.141655,20.500004,17.183189216366014,1.1615933889114567
2022-04-23 00:00:00+00:00,-35.629999,-71.603888,170.0,open-meteo_ecmwf_ifs,daily,14.1715,9.5215,2.78,11.092334,2.8367589,94.92468,17.1,17.009835238836985,0.6722528217761858
2022-04-24 00:00:00+00:00,-35.629999,-71.603888,170.0,open-meteo_ecmwf_ifs,daily,16.421501,13.1715,3.6,12.644417,6.2556252,90.03385,20.800001,16.838307078506926,1.2545810366219234
2022-04-25 00:00:00+00:00,-35.629999,-71.603888,170.0,open-meteo_ecmwf_ifs,daily,14.3215,11.5215,2.89,11.377749,2.255728,90.39608,4.0,16.6686639018488,0.8239224631109869
2022-04-26 00:00:00+00:00,-35.629999,-71.603888,170.0,open-meteo_ecmwf_ifs,daily,14.1215,9.0715,1.24,10.471499,5.5751476,88.14881,24.300001,16.500963806798318,0.6990045131051306
2022-04-27 00:00:00+00:00,-35.629999,-71.603888,170.0,open-meteo_ecmwf_ifs,daily,15.0715,6.8715,9.19,7.5464993,3.5381463,84.83999,0.5,16.3352637936642,1.455025423640297
2022-04-28 00:00:00+00:00,-35.629999,-71.603888,170.0,open-meteo_ecmwf_ifs,daily,16.2215,6.3715,14.13,6.261082,3.7905285,79.3019,0.0,16.171619738017007,1.9532326833351203
2022-04-29 00:00:00+00:00,-35.629999,-71.603888,170.0,open-meteo_ecmwf_ifs,daily,16.671501,3.3215,13.57,4.0881667,3.6408348,74.304405,0.0,16.010086365588883,1.9334679482952766
2022-04-30 00:00:00+00:00,-35.629999,-71.603888,170.0,open-meteo_ecmwf_ifs,daily,14.6715,5.2215,10.7,6.075667,2.599067,83.66248,0.0,15.850717229211517,1.410738141660779
2022-05-01 00:00:00+00:00,-35.629999,-71.603888,170.0,open-meteo_ecmwf_ifs,daily,14.6215,5.5715,11.55,6.0506663,2.8384864,81.6165,0.0,15.693564687813968,1.4888719054877217
2022-05-02 00:00:00+00:00,-35.629999,-71.603888,170.0,open-meteo_ecmwf_ifs,daily,16.4715,6.9214997,11.41,7.7319164,3.4278233,84.16369,0.0,15.538679887496485,1.6170656178601683
2022-05-03 00:00:00+00:00,-35.629999,-71.603888,170.0,open-meteo_ecmwf_ifs,daily,19.3215,6.9715,12.41,8.0235815,3.4207172,80.52338,0.0,15.386112744690767,1.9166279407601883
2022-05-04 00:00:00+00:00,-35.629999,-71.603888,170.0,open-meteo_ecmwf_ifs,daily,17.171501,7.8715,10.62,9.365249,2.2917826,84.13515,0.0,15.235911931411477,1.3742619037400239
2022-05-05 00:00:00+00:00,-35.629999,-71.603888,170.0,open-meteo_ecmwf_ifs,daily,14.721499,8.721499,5.41,10.050667,1.9062238,91.8668,0.0,15.088124862598155,0.8891285128162686
2022-05-06 00:00:00+00:00,-35.629999,-71.603888,170.0,open-meteo_ecmwf_ifs,daily,18.9715,8.1215,12.49,9.744416,3.2051172,85.57351,0.0,14.942797685540716,1.6735951605013426
2022-05-07 00:00:00+00:00,-35.629999,-71.603888,170.0,open-meteo_ecmwf_ifs,daily,14.471499,7.9715,8.3,8.579833,2.6582577,86.49,0.0,14.799975271376072,1.154821739730527
2022-05-08 00:00:00+00:00,-35.629999,-71.603888,170.0,open-meteo_ecmwf_ifs,daily,13.1215,6.3715,4.96,8.150666,2.2831728,93.42319,0.0,14.659701208637712,0.8038034079380909
2022-05-09 00:00:00+00:00,-35.629999,-71.603888,170.0,open-meteo_ecmwf_ifs,daily,16.8215,8.971499,6.51,10.158999,2.028896,90.64913,0.0,14.522017798833993,1.0917875289050458
2022-05-10 00:00:00+00:00,-35.629999,-71.603888,170.0,open-meteo_ecmwf_ifs,daily,15.1215,9.971499,7.33,10.1965,2.2773602,89.425354,0.0,14.386966054025454,1.0769050555845774
2022-05-11 00:00:00+00:00,-35.629999,-71.603888,170.0,open-meteo_ecmwf_ifs,daily,16.521502,8.0715,7.2,9.758999,1.5121685,86.97512,0.0,14.254585696365465,1.012397942196384
2022-05-12 00:00:00+00:00,-35.629999,-71.603888,170.0,open-meteo_ecmwf_ifs,daily,12.6715,9.8215,1.77,9.3465,1.89324,89.4393,7.7999997,14.124915159563098,0.7286737153448963
2022-05-13 00:00:00+00:00,-35.629999,-71.603888,170.0,open-meteo_ecmwf_ifs,daily,16.671501,7.3715,10.57,8.581916,3.674626,87.00058,0.5,13.99799159222102,1.4297502814126894
2022-05-14 00:00:00+00:00,-35.629999,-71.603888,170.0,open-meteo_ecmwf_ifs,daily,11.9215,5.5214996,5.55,3.8965003,3.0145686,74.582146,0.0,13.873850862996356,1.2730603888056742
2022-05-15 00:00:00+00:00,-35.629999,-71.603888,170.0,open-meteo_ecmwf_ifs,daily,15.8715,2.2215002,9.31,4.417333,1.4000033,83.89536,0.0,13.752527567526197,1.0667373090553816
2022-05-16 00:00:00+00:00,-35.629999,-71.603888,170.0,open-meteo_ecmwf_ifs,daily,15.721499,2.9215,10.37,5.50275,1.4550996,81.43171,0.0,13.63405503705486,1.0494136498738391
2022-05-17 00:00:00+00:00,-35.629999,-71.603888,170.0,open-meteo_ecmwf_ifs,daily,13.971499,3.7215002,7.07,6.206917,1.0592564,85.97228,0.0,13.518465348694154,0.8177950938971664
2022-05-18 00:00:00+00:00,-35.629999,-71.603888,170.0,open-meteo_ecmwf_ifs,daily,13.8715,6.2215,6.93,7.069418,1.9629282,89.64584,0.2,13.40578933724333,0.9655654646901105
2022-05-19 00:00:00+00:00,-35.629999,-71.603888,170.0,open-meteo_ecmwf_ifs,daily,15.5715,8.0715,6.34,8.07775,4.1097474,82.84991,1.1,13.296056608490183,1.370593681463495
2022-05-20 00:00:00+00:00,-35.629999,-71.603888,170.0,open-meteo_ecmwf_ifs,daily,15.3215,9.8715,7.83,9.848583,3.3493865,82.48757,25.700003,13.189295553910274,1.1703899034428145
2022-05-21 00:00:00+00:00,-35.629999,-71.603888,170.0,open-meteo_ecmwf_ifs,daily,16.1215,5.9214997,10.63,7.1944165,3.0706651,84.11208,0.0,13.08553336667666,1.2975427152465369
2022-05-22 00:00:00+00:00,-35.629999,-71.603888,170.0,open-meteo_ecmwf_ifs,daily,11.3715,7.9715,0.89,7.311083,2.9691427,86.577545,13.299999,12.984796058888309,0.8053076110805955
2022-05-23 00:00:00+00:00,-35.629999,-71.603888,170.0,open-meteo_ecmwf_ifs,daily,11.7715,9.3715,1.2,8.700666,3.606232,89.132454,39.2,12.887108479921485,0.7779471720818623
2022-05-24 00:00:00+00:00,-35.629999,-71.603888,170.0,open-meteo_ecmwf_ifs,daily,14.4215,6.6714997,4.94,9.194416,1.5408086,93.23432,15.800001,12.79249433580443,0.6945146007944238
2022-05-25 00:00:00+00:00,-35.629999,-71.603888,170.0,open-meteo_ecmwf_ifs,daily,13.8215,6.5214996,9.49,7.3923326,3.3639233,85.813515,1.1,12.700976209512634,1.0717600247265164
2022-05-26 00:00:00+00:00,-35.629999,-71.603888,170.0,open-meteo_ecmwf_ifs,daily,10.0715,3.8715,6.9,4.8527503,2.1671298,91.62734,0.0,12.612575582078644,0.7409864709434867
2022-05-27 00:00:00+00:00,-35.629999,-71.603888,170.0,open-meteo_ecmwf_ifs,daily,9.1215,2.7215002,7.23,4.336083,1.9896989,91.52349,0.0,12.527312854407743,0.6464342698227814
2022-05-28 00:00:00+00:00,-35.629999,-71.603888,170.0,open-meteo_ecmwf_ifs,daily,7.0715,1.2715001,5.7,2.6715002,2.5338032,90.80956,0.0,12.445207369688513,0.5822468257278064
2022-05-29 00:00:00+00:00,-35.629999,-71.603888,170.0,open-meteo_ecmwf_ifs,daily,8.3715,-0.5285,9.96,0.57358336,2.403247,86.83139,0.0,12.366277436285321,0.8041821393484723
2022-05-30 00:00:00+00:00,-35.629999,-71.603888,170.0,open-meteo_ecmwf_ifs,daily,6.6215,-1.5785,8.54,0.31733337,1.7960696,90.70892,0.0,12.290540350998253,0.6045360055340671
2022-05-31 00:00:00+00:00,-35.629999,-71.603888,170.0,open-meteo_ecmwf_ifs,daily,4.2714996,-2.4785,6.79,-1.4305834,1.5561262,89.39709,0.0,12.218012422574864,0.5448040121889184
2022-06-01 00:00:00+00:00,-35.629999,-71.603888,170.0,open-meteo_ecmwf_ifs,daily,9.0215,-2.7285,8.8,-1.4264169,0.9376783,86.66999,0.0,12.148708995357671,0.6503204805079931
2022-06-02 00:00:00+00:00,-35.629999,-71.603888,170.0,open-meteo_ecmwf_ifs,daily,14.0215,0.5215,9.44,2.7527502,3.052779,77.39215,0.1,12.0826444729508,1.1054368321608627
2022-06-03 00:00:00+00:00,-35.629999,-71.603888,170.0,open-meteo_ecmwf_ifs,daily,10.971499,7.7215,1.22,7.1756654,4.3218665,87.166466,31.599998,12.019832341789863,0.8393662675480342
2022-06-04 00:00:00+00:00,-35.629999,-71.603888,170.0,open-meteo_ecmwf_ifs,daily,12.4215,10.471499,1.05,8.856916,5.017985,84.085304,16.6,11.96028519449979,1.043022221305111
2022-06-05 00:00:00+00:00,-35.629999,-71.603888,170.0,open-meteo_ecmwf_ifs,daily,15.5715,10.6215,3.45,9.002749,3.8285055,81.10766,3.0,11.904014752926567,1.3543848717438383
2022-06-06 00:00:00+00:00,-35.629999,-71.603888,170.0,open-meteo_ecmwf_ifs,daily,15.7715,5.6215,8.52,8.329833,1.8809495,89.166756,0.0,11.851031890730873,0.8258451223253057
2022-06-07 00:00:00+00:00,-35.629999,-71.603888,170.0,open-meteo_ecmwf_ifs,daily,15.0715,5.7215,9.32,7.8235836,1.536077,88.13589,0.0,11.801346655433717,0.8066061922299317
2022-06-08 00:00:00+00:00,-35.629999,-71.603888,170.0,open-meteo_ecmwf_ifs,daily,12.2715,7.4214997,4.42,8.359,1.4710652,94.10467,0.0,11.75496828980729,0.627980966008086
2022-06-09 00:00:00+00:00,-35.629999,-71.603888,170.0,open-meteo_ecmwf_ifs,daily,14.8715,5.4214997,9.78,7.436083,3.4581835,89.12626,0.0,11.711905252507302,0.9808493703656913
2022-06-10 00:00:00+00:00,-35.629999,-71.603888,170.0,open-meteo_ecmwf_ifs,daily,12.7715,1.1215,9.98,2.9965,2.292964,80.81478,0.0,11.672165237847295,0.8899257880647989
2022-06-11 00:00:00+00:00,-35.629999,-71.603888,170.0,open-meteo_ecmwf_ifs,daily,13.5715,1.0215,8.73,2.9298332,1.3953713,82.166756,0.0,11.635755194619454,0.787470434536533
2022-06-12 00:00:00+00:00,-35.629999,-71.603888,170.0,open-meteo_ecmwf_ifs,daily,10.6715,5.8215,5.22,6.681917,1.6323797,92.43345,0.0,11.602681343871584,0.608190554095859
2022-06-13 00:00:00+00:00,-35.629999,-71.603888,170.0,open-meteo_ecmwf_ifs,daily,10.5715,6.4715,3.82,6.990251,1.6596984,93.7475,0.0,11.572949195555065,0.5978669433660221
2022-06-14 00:00:00+00:00,-35.629999,-71.603888,170.0,open-meteo_ecmwf_ifs,daily,13.6715,4.6215,6.15,6.1777496,3.0161974,87.98477,4.4,11.54656356396437,0.9101244870283363
2022-06-15 00:00:00+00:00,-35.629999,-71.603888,170.0,open-meteo_ecmwf_ifs,daily,13.4215,5.6714997,8.29,6.969417,1.7042392,87.951416,1.0,11.52352858189496,0.7588514560291177
2022-06-16 00:00:00+00:00,-35.629999,-71.603888,170.0,open-meteo_ecmwf_ifs,daily,10.3215,4.7714996,5.83,6.0715003,1.7076569,93.40049,0.0,11.50384771345294,0.585304041054537
2022-06-17 00:00:00+00:00,-35.629999,-71.603888,170.0,open-meteo_ecmwf_ifs,daily,13.6715,2.4215,9.35,4.5673337,2.7774048,89.63971,0.0,11.487523765456698,0.9190688328401261
2022-06-18 00:00:00+00:00,-35.629999,-71.603888,170.0,open-meteo_ecmwf_ifs,daily,10.2715,4.4214997,6.19,5.9652486,2.5896444,89.096825,0.0,11.474558897378056,0.5973758655528588
2022-06-19 00:00:00+00:00,-35.629999,-71.603888,170.0,open-meteo_ecmwf_ifs,daily,9.221499,4.7215,2.71,5.4339995,1.3216785,92.357796,0.0,11.464954629778017,0.5419765827385048
2022-06-20 00:00:00+00:00,-35.629999,-71.603888,170.0,open-meteo_ecmwf_ifs,daily,10.6715,4.2714996,4.67,5.96525,1.2441628,93.94724,0.0,11.458711851199839,0.5573849951910808
2022-06-21 00:00:00+00:00,-35.629999,-71.603888,170.0,open-meteo_ecmwf_ifs,daily,14.3215,6.3215,7.98,6.148583,2.2831416,81.86126,0.0,11.455830823490306,1.0128829103507162
2022-06-22 00:00:00+00:00,-35.629999,-71.603888,170.0,open-meteo_ecmwf_ifs,daily,11.5215,5.2714996,2.79,6.11525,2.6426167,86.33673,2.7,11.456311185527989,0.7354823806862915
2022-06-23 00:00:00+00:00,-35.629999,-71.603888,170.0,open-meteo_ecmwf_ifs,daily,11.5715,7.9715,2.19,6.7652507,6.664738,79.84976,19.500002,11.460151955345715,1.1933046116043708
2022-06-24 00:00:00+00:00,-35.629999,-71.603888,170.0,open-meteo_ecmwf_ifs,daily,15.0215,7.6714997,8.24,6.763166,2.6195045,77.12683,11.5,11.46735153064259,1.1620897082746862
2022-06-25 00:00:00+00:00,-35.629999,-71.603888,170.0,open-meteo_ecmwf_ifs,daily,12.8715,5.8215,8.18,6.1131663,1.9299326,87.96197,0.9,11.477907687689358,0.8334570381219774
2022-06-26 00:00:00+00:00,-35.629999,-71.603888,170.0,open-meteo_ecmwf_ifs,daily,14.1715,3.4715002,7.12,6.3527493,2.2496703,87.8635,0.0,11.491817578639035,0.7649445785322422
2022-06-27 00:00:00+00:00,-35.629999,-71.603888,170.0,open-meteo_ecmwf_ifs,daily,12.721499,3.6215,7.36,6.059,1.2151984,91.68685,0.90000004,11.509077727263033,0.6341616552516977
2022-06-28 00:00:00+00:00,-35.629999,-71.603888,170.0,open-meteo_ecmwf_ifs,daily,14.0215,6.2714996,5.63,7.1423335,2.8697226,83.18748,0.0,11.529684023141023,0.9316309628975298
2022-06-29 00:00:00+00:00,-35.629999,-71.603888,170.0,open-meteo_ecmwf_ifs,daily,12.9215,9.221499,1.66,8.304833,3.1191375,87.63202,14.9,11.553631714340613,0.9194325830789042
2022-06-30 00:00:00+00:00,-35.629999,-71.603888,170.0,open-meteo_ecmwf_ifs,daily,10.3715,5.5214996,2.99,5.9048333,2.271788,90.39926,0.3,11.580915398630689,0.6720759750569474
2022-07-01 00:00:00+00:00,-35.629999,-71.603888,170.0,open-meteo_ecmwf_ifs,daily,11.4215,6.8215,6.38,6.7048326,4.6260114,86.48371,47.699997,11.611529013279599,0.930544529810479
2022-07-02 00:00:00+00:00,-35.629999,-71.603888,170.0,open-meteo_ecmwf_ifs,daily,12.1715,2.4715002,8.58,4.0777497,3.6407957,83.16559,1.7,11.645465823496473,0.9557937142164348
2022-07-03 00:00:00+00:00,-35.629999,-71.603888,170.0,open-meteo_ecmwf_ifs,daily,12.221499,3.0715,7.84,4.242333,2.1569746,79.74679,0.0,11.682718409580735,0.8399586366241255
2022-07-04 00:00:00+00:00,-35.629999,-71.603888,170.0,open-meteo_ecmwf_ifs,daily,13.221499,4.5214996,9.02,5.538166,2.630125,84.540085,2.6,11.723278652851398,0.9383097969151222
2022-07-05 00:00:00+00:00,-35.629999,-71.603888,170.0,open-meteo_ecmwf_ifs,daily,11.3215,3.9215,5.37,5.279833,2.0017173,87.52481,0.0,11.767137720433436,0.7057959624425104
2022-07-06 00:00:00+00:00,-35.629999,-71.603888,170.0,open-meteo_ecmwf_ifs,daily,11.3215,7.1215,5.46,5.4339995,4.5112777,80.77884,25.000004,11.81428604898447,1.21260885447845
2022-07-07 00:00:00+00:00,-35.629999,-71.603888,170.0,open-meteo_ecmwf_ifs,daily,11.7715,1.3715,9.83,3.1548336,2.5680292,87.490364,0.0,11.864713327449815,0.8733751859868496
2022-07-08 00:00:00+00:00,-35.629999,-71.603888,170.0,open-meteo_ecmwf_ifs,daily,13.0215,1.3215001,8.57,4.3819165,2.6860263,88.614845,0.0,11.918408478938757,0.8293483262367225
2022-07-09 00:00:00+00:00,-35.629999,-71.603888,170.0,open-meteo_ecmwf_ifs,daily,10.0715,7.7215,0.75,6.477751,6.6303806,83.8709,30.0,11.975359641819084,0.9905713556775203
2022-07-10 00:00:00+00:00,-35.629999,-71.603888,170.0,open-meteo_ecmwf_ifs,daily,9.9215,6.8215,3.49,6.0152493,4.159483,87.20718,22.6,12.035554150130485,0.8632425312809408
2022-07-11 00:00:00+00:00,-35.629999,-71.603888,170.0,open-meteo_ecmwf_ifs,daily,11.6715,1.2214999,8.45,3.8798325,1.8513311,88.68496,2.0,12.098978513420695,0.7307325240846447
2022-07-12 00:00:00+00:00,-35.629999,-71.603888,170.0,open-meteo_ecmwf_ifs,daily,10.8715,5.5214996,3.12,4.981917,2.1101007,84.36635,0.2,12.165618396110803,0.8280922125784292
2022-07-13 00:00:00+00:00,-35.629999,-71.603888,170.0,open-meteo_ecmwf_ifs,daily,11.1715,5.9214997,3.78,6.9756665,4.860437,86.63904,20.0,12.235458596498415,0.7337328012138907
2022-07-14 00:00:00+00:00,-35.629999,-71.603888,170.0,open-meteo_ecmwf_ifs,daily,9.1715,2.1215,6.09,3.1944168,3.6912267,90.81131,42.599995,12.308483025508929,0.800289141123251
2022-07-15 00:00:00+00:00,-35.629999,-71.603888,170.0,open-meteo_ecmwf_ifs,daily,6.0715,3.2715,2.4,3.2402499,2.1792865,89.804695,10.5,12.38467468530618,0.5369538570159463
2022-07-16 00:00:00+00:00,-35.629999,-71.603888,170.0,open-meteo_ecmwf_ifs,daily,11.3215,2.0215,9.06,3.7694168,2.504597,85.97607,2.9999998,12.464015647874746,0.8601954304687702
2022-07-17 00:00:00+00:00,-35.629999,-71.603888,170.0,open-meteo_ecmwf_ifs,daily,7.6215,6.0715,0.72,4.4735827,3.864405,85.46222,10.899999,12.546487033685747,0.7845104920467962
2022-07-18 00:00:00+00:00,-35.629999,-71.603888,170.0,open-meteo_ecmwf_ifs,daily,12.6715,4.3715,9.73,5.8569164,2.592552,88.733826,1.8000001,12.63206899055828,0.9287427596413702
2022-07-19 00:00:00+00:00,-35.629999,-71.603888,170.0,open-meteo_ecmwf_ifs,daily,12.6715,1.8215001,11.17,3.5839999,2.7639837,85.065605,0.0,12.720740672827478,1.0403361041028305
2022-07-20 00:00:00+00:00,-35.629999,-71.603888,170.0,open-meteo_ecmwf_ifs,daily,13.1715,2.0715,9.45,4.4902496,2.7867286,88.217186,0.0,12.812480220928952,0.9788218091198589
2022-07-21 00:00:00+00:00,-35.629999,-71.603888,170.0,open-meteo_ecmwf_ifs,daily,13.9215,4.3215,7.63,7.0485826,2.482711,92.860634,0.0,12.90726474150805,0.8497926986754217
2022-07-22 00:00:00+00:00,-35.629999,-71.603888,170.0,open-meteo_ecmwf_ifs,daily,15.971499,4.4214997,10.29,7.9527497,2.1678271,91.39858,0.0,13.005070288160091,0.9571501376502234
2022-07-23 00:00:00+00:00,-35.629999,-71.603888,170.0,open-meteo_ecmwf_ifs,daily,12.971499,9.1715,3.23,9.72775,1.8445634,93.30698,0.1,13.105871842905293,0.6785196720796258
2022-07-24 00:00:00+00:00,-35.629999,-71.603888,170.0,open-meteo_ecmwf_ifs,daily,12.971499,7.4214997,3.51,8.47775,2.5422022,93.26899,0.0,13.209643298499671,0.7515486112039623
2022-07-25 00:00:00+00:00,-35.629999,-71.603888,170.0,open-meteo_ecmwf_ifs,daily,14.8715,8.1715,6.3,8.225667,4.5218525,84.83805,1.5,13.31635744167975,1.3032707209810739
2022-07-26 00:00:00+00:00,-35.629999,-71.603888,170.0,open-meteo_ecmwf_ifs,daily,12.6215,9.6215,3.07,8.736081,4.2641163,86.2391,25.799997,13.425985937435785,0.9946981495791435
2022-07-27 00:00:00+00:00,-35.629999,-71.603888,170.0,open-meteo_ecmwf_ifs,daily,14.0215,7.2215,8.41,8.148582,1.3674345,90.52686,0.0,13.538499314404422,0.931421494735309
2022-07-28 00:00:00+00:00,-35.629999,-71.603888,170.0,open-meteo_ecmwf_ifs,daily,15.5215,3.1715,12.56,5.273583,3.1877537,85.33669,0.0,13.653866951467858,1.350112448152579
2022-07-29 00:00:00+00:00,-35.629999,-71.603888,170.0,open-meteo_ecmwf_ifs,daily,12.8215,3.0215,11.46,4.9131665,2.4907405,84.97924,0.0,13.772057065642299,1.0696027372896466
2022-07-30 00:00:00+00:00,-35.629999,-71.603888,170.0,open-meteo_ecmwf_ifs,daily,13.3715,5.1215,6.75,6.667333,1.9497433,90.02847,0.0,13.893036701334283,0.9176413343866283
2022-07-31 00:00:00+00:00,-35.629999,-71.603888,170.0,open-meteo_ecmwf_ifs,daily,12.5215,5.1714997,7.64,7.3194156,1.5509497,91.09951,0.0,14.016771721038747,0.8134142101100268
2022-08-01 00:00:00+00:00,-35.629999,-71.603888,170.0,open-meteo_ecmwf_ifs,daily,11.721499,5.6714997,4.99,6.458999,1.8578962,88.64666,0.0,14.14322679754809,0.8163337783118421
2022-08-02 00:00:00+00:00,-35.629999,-71.603888,170.0,open-meteo_ecmwf_ifs,daily,13.0715,2.4715002,12.24,4.9423327,2.5728536,84.8189,0.0,14.272365407736467,1.1094711078333406
2022-08-03 00:00:00+00:00,-35.629999,-71.603888,170.0,open-meteo_ecmwf_ifs,daily,8.8215,3.0715,8.2,3.467333,2.036512,87.904366,0.0,14.404149827978726,0.870889762988627
2022-08-04 00:00:00+00:00,-35.629999,-71.603888,170.0,open-meteo_ecmwf_ifs,daily,13.4215,1.3715,11.52,3.8985832,2.3505025,87.65154,0.0,14.53854113125797,1.152068401759192
2022-08-05 00:00:00+00:00,-35.629999,-71.603888,170.0,open-meteo_ecmwf_ifs,daily,11.5215,2.8715,5.79,6.0214996,1.58854,92.071625,0.4,14.67549918601099,0.7044044049186613
2022-08-06 00:00:00+00:00,-35.629999,-71.603888,170.0,open-meteo_ecmwf_ifs,daily,11.221499,9.4215,2.18,8.217333,4.7785325,88.78626,33.7,14.814982656754971,0.9282308594917439
2022-08-07 00:00:00+00:00,-35.629999,-71.603888,170.0,open-meteo_ecmwf_ifs,daily,12.721499,7.8215,9.62,6.173584,4.7449565,78.99755,11.800001,14.956949006533916,1.591769894086647
2022-08-08 00:00:00+00:00,-35.629999,-71.603888,170.0,open-meteo_ecmwf_ifs,daily,14.0215,3.9215,13.02,5.794417,3.2125933,88.10416,0.0,15.101354501217719,1.3454547642904582
2022-08-09 00:00:00+00:00,-35.629999,-71.603888,170.0,open-meteo_ecmwf_ifs,daily,15.0715,2.7715,13.72,4.5756664,2.2132118,82.92577,0.0,15.248154215681367,1.4229686074301884
2022-08-10 00:00:00+00:00,-35.629999,-71.603888,170.0,open-meteo_ecmwf_ifs,daily,13.221499,3.4215,10.88,5.667332,1.4719113,89.430626,0.0,15.397302041886318,1.0917544794596807
2022-08-11 00:00:00+00:00,-35.629999,-71.603888,170.0,open-meteo_ecmwf_ifs,daily,13.4215,2.8715,11.82,5.211083,1.8511516,89.3898,0.0,15.548750698880681,1.1789923805959448
2022-08-12 00:00:00+00:00,-35.629999,-71.603888,170.0,open-meteo_ecmwf_ifs,daily,13.471499,7.0214996,8.18,7.0194163,3.5179994,85.66901,1.2,15.702451744729414,1.3126789566298507
2022-08-13 00:00:00+00:00,-35.629999,-71.603888,170.0,open-meteo_ecmwf_ifs,daily,16.0215,4.8715,12.39,6.8069167,2.9331791,84.33819,0.0,15.85835559038023,1.5065267154733986
2022-08-14 00:00:00+00:00,-35.629999,-71.603888,170.0,open-meteo_ecmwf_ifs,daily,11.3215,7.4715,4.0,7.8965,4.224906,92.19,18.4,16.01641151546576,0.8230661048089002
2022-08-15 00:00:00+00:00,-35.629999,-71.603888,170.0,open-meteo_ecmwf_ifs,daily,12.721499,4.3215,10.51,4.32775,2.8747404,81.2261,1.7000003,16.176567686036773,1.4195862643592723
2022-08-16 00:00:00+00:00,-35.629999,-71.603888,170.0,open-meteo_ecmwf_ifs,daily,9.721499,7.8215,1.19,5.854833,5.250863,83.79383,10.900001,16.338771174216483,1.0754947239911046
2022-08-17 00:00:00+00:00,-35.629999,-71.603888,170.0,open-meteo_ecmwf_ifs,daily,11.6715,2.3715,13.72,4.0256667,3.5253468,82.6675,1.9000001,16.502967979760236,1.3502384291679994
2022-08-18 00:00:00+00:00,-35.629999,-71.603888,170.0,open-meteo_ecmwf_ifs,daily,13.5715,2.3215,15.46,2.7735834,4.734132,76.6705,0.0,16.669103053500145,1.9030820596481755
2022-08-19 00:00:00+00:00,-35.629999,-71.603888,170.0,open-meteo_ecmwf_ifs,daily,15.721499,2.5715,13.47,4.36525,3.1498334,77.184456,0.0,16.83712032264884,1.7140559775038675
2022-08-20 00:00:00+00:00,-35.629999,-71.603888,170.0,open-meteo_ecmwf_ifs,daily,18.4715,6.6215,14.16,8.41525,3.5889509,85.56125,0.0,17.00696271793167,1.9386668756554308
2022-08-21 00:00:00+00:00,-35.629999,-71.603888,170.0,open-meteo_ecmwf_ifs,daily,18.7215,5.5715,13.28,8.8215,1.5739135,86.03824,0.0,17.178572202511823,1.5832565104776142
2022-08-22 00:00:00+00:00,-35.629999,-71.603888,170.0,open-meteo_ecmwf_ifs,daily,14.5715,7.7215,6.26,9.211083,2.058438,91.670906,0.0,17.351889802667873,1.0345216206676306
2022-08-23 00:00:00+00:00,-35.629999,-71.603888,170.0,open-meteo_ecmwf_ifs,daily,14.1715,8.3215,7.07,8.638167,1.9259597,89.010254,0.0,17.52685564017888,1.1654633671572565
2022-08-24 00:00:00+00:00,-35.629999,-71.603888,170.0,open-meteo_ecmwf_ifs,daily,15.5215,6.4715,9.61,7.6548333,3.6289032,84.70124,0.2,17.703408966367295,1.530558120559903
2022-08-25 00:00:00+00:00,-35.629999,-71.603888,170.0,open-meteo_ecmwf_ifs,daily,16.4715,4.8715,14.2,6.409,3.3786223,84.180626,0.0,17.881488197745675,1.8692412167550712
2022-08-26 00:00:00+00:00,-35.629999,-71.603888,170.0,open-meteo_ecmwf_ifs,daily,12.1715,4.3715,9.18,4.6506667,2.859846,80.65646,0.0,18.061030953208935,1.3656888321232594
2022-08-27 00:00:00+00:00,-35.629999,-71.603888,170.0,open-meteo_ecmwf_ifs,daily,15.5215,3.5715,17.2,4.7673335,4.3176756,78.41028,0.0,18.241974092709803,2.1028722462446443
2022-08-28 00:00:00+00:00,-35.629999,-71.603888,170.0,open-meteo_ecmwf_ifs,daily,19.0715,-0.1785,17.33,3.7194164,3.4988835,75.12658,0.0,18.424253757350737,2.170324201401753
2022-08-29 00:00:00+00:00,-35.629999,-71.603888,170.0,open-meteo_ecmwf_ifs,daily,19.271502,5.6714997,14.96,7.288166,1.8495177,80.3075,0.0,18.607805410822532,1.9971104756849365
2022-08-30 00:00:00+00:00,-35.629999,-71.603888,170.0,open-meteo_ecmwf_ifs,daily,14.5215,10.0215,7.19,8.984,1.8975153,84.73145,0.1,18.792563882115246,1.3334108470123314
2022-08-31 00:00:00+00:00,-35.629999,-71.603888,170.0,open-meteo_ecmwf_ifs,daily,13.9215,8.6215,6.56,7.9673333,1.7117314,83.75474,0.0,18.97846340942455,1.2403423009668246
2022-09-01 00:00:00+00:00,-35.629999,-71.603888,170.0,open-meteo_ecmwf_ifs,daily,16.0215,6.9715,16.65,7.034,3.2747154,79.82632,0.0,19.165437685172577,2.162800709697018
2022-09-02 00:00:00+00:00,-35.629999,-71.603888,170.0,open-meteo_ecmwf_ifs,daily,20.8715,2.2715,18.39,5.27775,3.4733229,73.59269,0.0,19.35341990205968,2.548358004351651
2022-09-03 00:00:00+00:00,-35.629999,-71.603888,170.0,open-meteo_ecmwf_ifs,daily,17.771502,6.1714997,16.39,7.69025,1.9618858,82.659805,0.0,19.54234280006061,2.0608201894316736
2022-09-04 00:00:00+00:00,-35.629999,-71.603888,170.0,open-meteo_ecmwf_ifs,daily,17.421501,8.221499,13.59,9.023583,1.7469287,85.75919,0.0,19.73213871427569,1.8754833155681814
2022-09-05 00:00:00+00:00,-35.629999,-71.603888,170.0,open-meteo_ecmwf_ifs,daily,18.671501,7.2215,15.75,9.288167,1.2928892,84.30503,0.0,19.922739623545546,1.998307809148128
2022-09-06 00:00:00+00:00,-35.629999,-71.603888,170.0,open-meteo_ecmwf_ifs,daily,18.921501,9.6715,14.64,11.242332,2.0471244,89.271645,0.0,20.1140771997354,2.0206034423762076
2022-09-07 00:00:00+00:00,-35.629999,-71.603888,170.0,open-meteo_ecmwf_ifs,daily,10.1715,8.1715,2.51,7.1944165,3.1843984,88.102684,20.300001,20.306082857592948,0.8660780629243408
2022-09-08 00:00:00+00:00,-35.629999,-71.603888,170.0,open-meteo_ecmwf_ifs,daily,12.2715,3.7715,14.94,3.9735832,2.1108057,80.13574,3.8999999,20.49868780508257,1.757014607808828
2022-09-09 00:00:00+00:00,-35.629999,-71.603888,170.0,open-meteo_ecmwf_ifs,daily,15.4215,2.2715,19.73,2.5798333,4.341611,71.12841,0.0,20.691823094096364,2.547194249698116
2022-09-10 00:00:00+00:00,-35.629999,-71.603888,170.0,open-meteo_ecmwf_ifs,daily,16.0715,3.5215,17.07,5.373583,1.9790226,79.88872,0.0,20.88541967144208,2.05352711763544
2022-09-11 00:00:00+00:00,-35.629999,-71.603888,170.0,open-meteo_ecmwf_ifs,daily,13.971499,8.2715,7.84,7.1131673,2.2038257,79.55241,0.2,21.079408430006485,1.5177313395315224
2022-09-12 00:00:00+00:00,-35.629999,-71.603888,170.0,open-meteo_ecmwf_ifs,daily,15.8715,3.8715,18.01,6.7569165,1.6744947,83.964226,0.0,21.273720259992107,2.0224674037499604
2022-09-13 00:00:00+00:00,-35.629999,-71.603888,170.0,open-meteo_ecmwf_ifs,daily,16.3715,6.5715,16.68,7.4527493,1.5443382,81.11749,0.0,21.46828610012523,2.1163838206043017
2022-09-14 00:00:00+00:00,-35.629999,-71.603888,170.0,open-meteo_ecmwf_ifs,daily,19.2215,4.5214996,19.98,7.6673336,2.2939317,79.79943,0.0,21.663036988732163,2.4671470036061605
2022-09-15 00:00:00+00:00,-35.629999,-71.603888,170.0,open-meteo_ecmwf_ifs,daily,17.521502,4.9715,16.5,7.2131667,1.7563375,79.18043,0.0,21.857904114581675,2.1273547099746737
2022-09-16 00:00:00+00:00,-35.629999,-71.603888,170.0,open-meteo_ecmwf_ifs,daily,14.5215,7.8215,7.46,8.617333,2.887845,85.62179,0.0,22.0528188673914,1.368602623281717
2022-09-17 00:00:00+00:00,-35.629999,-71.603888,170.0,open-meteo_ecmwf_ifs,daily,15.3715,8.5215,9.13,8.811084,3.368145,86.43151,8.7,22.247712887896693,1.6560703006298023
2022-09-18 00:00:00+00:00,-35.629999,-71.603888,170.0,open-meteo_ecmwf_ifs,daily,12.971499,4.1215,18.73,4.1548333,2.9843304,76.57748,1.4,22.442518117381805,2.2113528577754527
2022-09-19 00:00:00+00:00,-35.629999,-71.603888,170.0,open-meteo_ecmwf_ifs,daily,14.0715,1.0715001,17.96,2.1798332,3.684306,73.395744,0.0,22.637166846573887,2.264244446660983
2022-09-20 00:00:00+00:00,-35.629999,-71.603888,170.0,open-meteo_ecmwf_ifs,daily,12.1215,1.8715,17.87,3.64025,2.4537036,76.99591,5.7999997,22.83159176380243,1.9213432414115081
2022-09-21 00:00:00+00:00,-35.629999,-71.603888,170.0,open-meteo_ecmwf_ifs,daily,13.0715,1.6215,18.9,3.0465002,1.3631687,80.07274,0.3,23.025726002328184,2.075837440566852
2022-09-22 00:00:00+00:00,-35.629999,-71.603888,170.0,open-meteo_ecmwf_ifs,daily,18.171501,3.8715,21.1,5.023583,4.3969936,72.910225,0.0,23.21950318674769,2.960288798785321
2022-09-23 00:00:00+00:00,-35.629999,-71.603888,170.0,open-meteo_ecmwf_ifs,daily,17.9715,9.5215,11.93,8.634001,3.7535133,73.1458,0.0,23.412857478382367,2.406103635834764
2022-09-24 00:00:00+00:00,-35.629999,-71.603888,170.0,open-meteo_ecmwf_ifs,daily,14.4215,9.221499,10.98,9.769416,1.771758,87.787636,10.900001,23.60572361956295,1.613241684688961
2022-09-25 00:00:00+00:00,-35.629999,-71.603888,170.0,open-meteo_ecmwf_ifs,daily,15.8715,7.5715,15.1,8.79025,2.1072204,84.53065,0.8000001,23.798036976723857,2.0586441383661747
2022-09-26 00:00:00+00:00,-35.629999,-71.603888,170.0,open-meteo_ecmwf_ifs,daily,16.771502,5.9715,18.7,5.9756665,2.126054,73.78669,0.0,23.989733582224495,2.578613098207232
2022-09-27 00:00:00+00:00,-35.629999,-71.603888,170.0,open-meteo_ecmwf_ifs,daily,19.671501,7.2714996,22.37,8.831916,3.1538925,79.86589,0.0,24.180750174818257,3.068325100802874
2022-09-28 00:00:00+00:00,-35.629999,-71.603888,170.0,open-meteo_ecmwf_ifs,daily,22.271502,6.6215,20.41,10.644418,0.95111877,82.347824,0.0,24.371024238693796,2.8049464158899076
2022-09-29 00:00:00+00:00,-35.629999,-71.603888,170.0,open-meteo_ecmwf_ifs,daily,20.021502,10.221499,15.35,11.658999,2.0179656,86.13324,0.0,24.56049404101651,2.4148245407386693
2022-09-30 00:00:00+00:00,-35.629999,-71.603888,170.0,open-meteo_ecmwf_ifs,daily,20.421501,10.4215,19.11,11.494418,2.6949542,84.05738,0.0,24.74909866790285,2.895884199407698
2022-10-01 00:00:00+00:00,-35.629999,-71.603888,170.0,open-meteo_ecmwf_ifs,daily,20.6215,9.2715,19.34,10.440249,1.9345752,78.41895,0.0,24.936778058764165,2.896834924972312
2022-10-02 00:00:00+00:00,-35.629999,-71.603888,170.0,open-meteo_ecmwf_ifs,daily,21.521502,7.9715,20.36,10.925667,1.1820196,83.93002,0.0,25.12347303896108,2.8859531478782245
2022-10-03 00:00:00+00:00,-35.629999,-71.603888,170.0,open-meteo_ecmwf_ifs,daily,15.4215,9.8715,6.07,8.925667,3.0221117,83.062,0.6,25.309125350714705,1.60027366560037
2022-10-04 00:00:00+00:00,-35.629999,-71.603888,170.0,open-meteo_ecmwf_ifs,daily,13.8215,10.1215,6.14,7.602749,1.2917875,77.06769,5.2999997,25.49367768222526,1.4205257058492853
2022-10-05 00:00:00+00:00,-35.629999,-71.603888,170.0,open-meteo_ecmwf_ifs,daily,18.2215,5.6215,17.96,7.2256656,2.1607645,80.03365,0.0,25.67707369495413,2.586085135246574
2022-10-06 00:00:00+00:00,-35.629999,-71.603888,170.0,open-meteo_ecmwf_ifs,daily,15.8215,7.9715,9.73,7.211083,1.8849629,78.32031,0.0,25.859258049030625,1.8646079577717343
2022-10-07 00:00:00+00:00,-35.629999,-71.603888,170.0,open-meteo_ecmwf_ifs,daily,17.1215,8.0715,12.52,9.606917,2.3460414,85.249245,10.400002,26.040176426749454,1.993245273756279
2022-10-08 00:00:00+00:00,-35.629999,-71.603888,170.0,open-meteo_ecmwf_ifs,daily,15.971499,3.8215,25.37,3.85275,4.925652,66.90011,2.9,26.219775554131406,3.282813144605391
2022-10-09 00:00:00+00:00,-35.629999,-71.603888,170.0,open-meteo_ecmwf_ifs,daily,20.271502,2.7715,25.71,3.529833,4.8974113,63.75516,0.0,26.39800322052408,3.8485549077984547
2022-10-10 00:00:00+00:00,-35.629999,-71.603888,170.0,open-meteo_ecmwf_ifs,daily,19.3215,6.3715,24.28,7.7985835,1.5020677,74.201866,0.0,26.574808296226127,3.2604733375136723
2022-10-11 00:00:00+00:00,-35.629999,-71.603888,170.0,open-meteo_ecmwf_ifs,daily,18.671501,6.9715,19.87,8.481916,2.875576,78.07755,0.0,26.75014074812351,2.877900788178227
2022-10-12 00:00:00+00:00,-35.629999,-71.603888,170.0,open-meteo_ecmwf_ifs,daily,18.421501,6.9214997,21.73,7.5194163,4.6005764,75.43514,0.0,26.923951653332207,3.2355067449144146
2022-10-13 00:00:00+00:00,-35.629999,-71.603888,170.0,open-meteo_ecmwf_ifs,daily,18.8215,4.6714997,26.06,3.1756666,6.268238,59.669132,0.0,27.096193210847524,4.178068637362891
2022-10-14 00:00:00+00:00,-35.629999,-71.603888,170.0,open-meteo_ecmwf_ifs,daily,21.2215,5.4715,25.34,4.7027497,4.7096505,60.54717,0.0,27.266818751205932,4.216317811424891
2022-10-15 00:00:00+00:00,-35.629999,-71.603888,170.0,open-meteo_ecmwf_ifs,daily,24.6215,7.8715,26.01,8.438165,2.4482937,67.68714,0.0,27.435782744170826,4.195453041016898
2022-10-16 00:00:00+00:00,-35.629999,-71.603888,170.0,open-meteo_ecmwf_ifs,daily,22.3715,10.6215,22.24,10.765248,2.510074,73.90884,0.0,27.603040804459596,3.667178751708252
2022-10-17 00:00:00+00:00,-35.629999,-71.603888,170.0,open-meteo_ecmwf_ifs,daily,20.021502,9.8715,18.82,8.881917,2.7928753,73.01682,0.0,27.768549695534574,3.2649118526290217
2022-10-18 00:00:00+00:00,-35.629999,-71.603888,170.0,open-meteo_ecmwf_ifs,daily,20.671501,9.6715,21.27,8.627751,2.1676276,73.0978,2.6000001,27.932267331486372,3.484150902666924
2022-10-19 00:00:00+00:00,-35.629999,-71.603888,170.0,open-meteo_ecmwf_ifs,daily,19.8215,8.8215,14.01,8.950665,2.10105,76.58378,0.0,28.09415277704308,2.583376422396004
2022-10-20 00:00:00+00:00,-35.629999,-71.603888,170.0,open-meteo_ecmwf_ifs,daily,22.171501,7.6714997,24.98,8.777748,2.8772194,75.87171,0.0,28.254166245744305,3.8693175161517726
2022-10-21 00:00:00+00:00,-35.629999,-71.603888,170.0,open-meteo_ecmwf_ifs,daily,20.671501,10.3715,24.57,8.5715,3.9335506,67.37233,0.0,28.412269096324195,4.15389965879904
2022-10-22 00:00:00+00:00,-35.629999,-71.603888,170.0,open-meteo_ecmwf_ifs,daily,24.3215,7.7714996,26.78,7.8610826,2.422261,64.17238,0.0,28.568423827352163,4.345768808787035
2022-10-23 00:00:00+00:00,-35.629999,-71.603888,170.0,open-meteo_ecmwf_ifs,daily,20.771502,6.6215,25.29,6.740249,1.8048502,65.20906,0.0,28.72259407018517,3.729097316930238
2022-10-24 00:00:00+00:00,-35.629999,-71.603888,170.0,open-meteo_ecmwf_ifs,daily,22.8715,5.8715,27.67,5.7215004,2.7127907,60.885113,0.0,28.874744580289747,4.3223118814349135
2022-10-25 00:00:00+00:00,-35.629999,-71.603888,170.0,open-meteo_ecmwf_ifs,daily,21.8715,9.0715,24.31,8.715251,3.3425,68.85131,0.1,29.024841226996184,4.051576088217721
2022-10-26 00:00:00+00:00,-35.629999,-71.603888,170.0,open-meteo_ecmwf_ifs,daily,22.921501,11.221499,24.07,8.967333,2.2085607,66.38542,0.0,29.172850981751598,4.189527242384104
2022-10-27 00:00:00+00:00,-35.629999,-71.603888,170.0,open-meteo_ecmwf_ifs,daily,24.021502,8.7715,27.94,8.423583,3.564216,65.09544,0.0,29.31874190494176,4.724842287510427
2022-10-28 00:00:00+00:00,-35.629999,-71.603888,170.0,open-meteo_ecmwf_ifs,daily,21.3215,11.2715,15.69,8.179833,2.1722057,66.67486,1.6,29.462483131356134,3.2597717166319256
2022-10-29 00:00:00+00:00,-35.629999,-71.603888,170.0,open-meteo_ecmwf_ifs,daily,23.7215,9.5215,24.17,10.259,3.1440628,69.125404,0.3,29.604044854372273,4.132519495290328
2022-10-30 00:00:00+00:00,-35.629999,-71.603888,170.0,open-meteo_ecmwf_ifs,daily,17.421501,5.5715,28.91,1.5652498,7.3940587,51.535263,0.1,29.743398308940055,4.777301846347893
2022-10-31 00:00:00+00:00,-35.629999,-71.603888,170.0,open-meteo_ecmwf_ifs,daily,26.771502,6.4715,30.18,-4.6430836,5.5745425,25.579185,0.0,29.880515753447717,6.999471222613343
2022-11-01 00:00:00+00:00,-35.629999,-71.603888,170.0,open-meteo_ecmwf_ifs,daily,31.9715,6.4715,30.05,1.1964998,3.1469738,31.71968,0.0,30.015370450554087,6.185983097606784
2022-11-02 00:00:00+00:00,-35.629999,-71.603888,170.0,open-meteo_ecmwf_ifs,daily,28.0715,9.8215,29.34,8.436084,2.7184536,56.31728,0.0,30.147936647073738,5.382405618646455
2022-11-03 00:00:00+00:00,-35.629999,-71.603888,170.0,open-meteo_ecmwf_ifs,daily,25.8215,9.8215,28.53,9.381917,2.6514275,65.205894,0.0,30.2781895530023,4.937948484391293
2022-11-04 00:00:00+00:00,-35.629999,-71.603888,170.0,open-meteo_ecmwf_ifs,daily,23.6215,9.4215,24.67,8.975667,2.5360746,70.21496,0.0,30.406105319771118,4.263063536912792
2022-11-05 00:00:00+00:00,-35.629999,-71.603888,170.0,open-meteo_ecmwf_ifs,daily,23.3715,8.1715,27.75,7.7964993,1.3088005,64.06059,0.0,30.53166101782066,4.300193191703425
2022-11-06 00:00:00+00:00,-35.629999,-71.603888,170.0,open-meteo_ecmwf_ifs,daily,25.421501,8.6215,27.83,8.511084,2.593309,62.676,0.0,30.65483461358238,4.770741652553177
2022-11-07 00:00:00+00:00,-35.629999,-71.603888,170.0,open-meteo_ecmwf_ifs,daily,27.3715,10.5215,28.67,9.934,2.2455473,61.12146,0.0,30.775604945959003,5.097563182381551
2022-11-08 00:00:00+00:00,-35.629999,-71.603888,170.0,open-meteo_ecmwf_ifs,daily,22.5715,12.1715,23.12,11.0715,3.540849,64.734566,0.0,30.8939517023923,4.221786821579337
2022-11-09 00:00:00+00:00,-35.629999,-71.603888,170.0,open-meteo_ecmwf_ifs,daily,19.271502,12.7715,9.54,9.244417,3.3140848,72.77955,12.700001,31.009855394606944,2.7801678957652363
2022-11-10 00:00:00+00:00,-35.629999,-71.603888,170.0,open-meteo_ecmwf_ifs,daily,21.0715,9.1715,19.89,10.181916,2.0253303,76.07299,2.8,31.123297334117666,3.3002048944004843
2022-11-11 00:00:00+00:00,-35.629999,-71.603888,170.0,open-meteo_ecmwf_ifs,daily,20.521502,10.8715,20.7,8.42775,4.1275487,63.625355,0.5,31.234259607585088,4.034218931078795
2022-11-12 00:00:00+00:00,-35.629999,-71.603888,170.0,open-meteo_ecmwf_ifs,daily,17.671501,11.971499,17.2,10.467331,4.1936154,79.31564,26.1,31.342725052104274,3.067215398259439
2022-11-13 00:00:00+00:00,-35.629999,-71.603888,170.0,open-meteo_ecmwf_ifs,daily,22.3715,8.5715,27.77,9.102749,2.5673401,71.926605,0.0,31.448677230507144,4.376221028072024
2022-11-14 00:00:00+00:00,-35.629999,-71.603888,170.0,open-meteo_ecmwf_ifs,daily,23.3715,9.3715,29.48,10.134,3.3067997,72.54806,0.0,31.55210040675744,4.7214190697141625
2022-11-15 00:00:00+00:00,-35.629999,-71.603888,170.0,open-meteo_ecmwf_ifs,daily,27.3715,11.8715,29.65,12.369415,4.2809424,68.76124,0.0,31.652979521514183,5.512687173827801
2022-11-16 00:00:00+00:00,-35.629999,-71.603888,170.0,open-meteo_ecmwf_ifs,daily,27.421501,12.0715,29.52,12.848583,3.1680372,69.40851,0.0,31.751300167936037,5.320730742478411
2022-11-17 00:00:00+00:00,-35.629999,-71.603888,170.0,open-meteo_ecmwf_ifs,daily,28.0715,12.6715,29.89,13.050666,2.709521,68.51208,0.0,31.847048567795724,5.447274766929328
2022-11-18 00:00:00+00:00,-35.629999,-71.603888,170.0,open-meteo_ecmwf_ifs,daily,26.771502,13.3215,27.57,12.046501,4.1885,66.07268,0.0,31.94021154796953,5.49832464463232
2022-11-19 00:00:00+00:00,-35.629999,-71.603888,170.0,open-meteo_ecmwf_ifs,daily,24.8715,13.1215,28.75,10.627749,4.7681108,63.33801,0.0,32.030776517363314,5.614240460127588
2022-11-20 00:00:00+00:00,-35.629999,-71.603888,170.0,open-meteo_ecmwf_ifs,daily,25.021502,10.8715,32.1,6.3923326,5.4670944,50.24473,0.0,32.11873144433215,6.41484199997282
2022-11-21 00:00:00+00:00,-35.629999,-71.603888,170.0,open-meteo_ecmwf_ifs,daily,29.4715,10.4215,31.8,6.5715003,3.4978673,48.07999,0.0,32.20406483464601,6.4542941651838275
2022-11-22 00:00:00+00:00,-35.629999,-71.603888,170.0,open-meteo_ecmwf_ifs,daily,31.3715,12.4215,30.5,9.944416,3.9686034,51.94182,0.0,32.28676571005012,6.679144426713442
2022-11-23 00:00:00+00:00,-35.629999,-71.603888,170.0,open-meteo_ecmwf_ifs,daily,30.9715,14.8215,30.49,11.123584,5.08314,50.603626,0.0,32.36682358746337,7.209281516058496
2022-11-24 00:00:00+00:00,-35.629999,-71.603888,170.0,open-meteo_ecmwf_ifs,daily,29.271502,15.8215,28.68,13.296497,3.5726469,58.16683,0.0,32.44422845885387,6.112523420680672
2022-11-25 00:00:00+00:00,-35.629999,-71.603888,170.0,open-meteo_ecmwf_ifs,daily,31.5715,14.5715,30.88,12.421501,2.5253565,55.291744,0.0,32.51897077182602,6.289401423122164
2022-11-26 00:00:00+00:00,-35.629999,-71.603888,170.0,open-meteo_ecmwf_ifs,daily,32.8715,16.271502,30.88,12.796498,1.5609593,52.90721,0.0,32.591041410948804,6.163029148503729
2022-11-27 00:00:00+00:00,-35.629999,-71.603888,170.0,open-meteo_ecmwf_ifs,daily,31.0715,14.6715,30.91,13.723583,3.0803273,62.92351,0.0,32.66043167985034,6.298292732574503
2022-11-28 00:00:00+00:00,-35.629999,-71.603888,170.0,open-meteo_ecmwf_ifs,daily,28.671501,14.5215,25.81,13.936084,2.1231759,69.89045,0.0,32.72713328409934,5.074029278220369
2022-11-29 00:00:00+00:00,-35.629999,-71.603888,170.0,open-meteo_ecmwf_ifs,daily,29.171501,14.1715,28.9,12.277749,2.0774956,61.146267,0.0,32.791138314889395,5.606923349342938
2022-11-30 00:00:00+00:00,-35.629999,-71.603888,170.0,open-meteo_ecmwf_ifs,daily,26.1215,12.1215,29.83,9.598583,2.571733,56.892094,0.0,32.85243923353839,5.5049480556970085
2022-12-01 00:00:00+00:00,-35.629999,-71.603888,170.0,open-meteo_ecmwf_ifs,daily,28.6215,12.5215,32.62,5.5965004,3.9427798,42.57986,0.0,32.91102885681044,7.024112846823562
2022-12-02 00:00:00+00:00,-35.629999,-71.603888,170.0,open-meteo_ecmwf_ifs,daily,30.021502,12.721499,32.36,5.6735835,2.4872587,40.66838,0.0,32.96690034306469,6.533548459709711
2022-12-03 00:00:00+00:00,-35.629999,-71.603888,170.0,open-meteo_ecmwf_ifs,daily,30.1215,14.3715,31.41,9.511083,3.336094,48.18817,0.0,33.02004717923117,6.746884779592569
2022-12-04 00:00:00+00:00,-35.629999,-71.603888,170.0,open-meteo_ecmwf_ifs,daily,31.271502,14.1215,32.61,7.215248,4.236727,43.51118,0.0,33.07046316861084,7.620780611067313
2022-12-05 00:00:00+00:00,-35.629999,-71.603888,170.0,open-meteo_ecmwf_ifs,daily,31.671501,14.7715,32.53,7.59025,3.3621666,42.11246,0.0,33.118142419494106,7.3176712186487105
2022-12-06 00:00:00+00:00,-35.629999,-71.603888,170.0,open-meteo_ecmwf_ifs,daily,32.4715,14.8715,32.5,9.011083,4.455452,46.268604,0.0,33.16307933458884,7.8119798263559135
2022-12-07 00:00:00+00:00,-35.629999,-71.603888,170.0,open-meteo_ecmwf_ifs,daily,29.671501,15.1215,26.52,7.1027493,3.3562002,38.688763,0.0,33.20526860124732,6.493581400011943
2022-12-08 00:00:00+00:00,-35.629999,-71.603888,170.0,open-meteo_ecmwf_ifs,daily,31.671501,14.0715,28.52,12.656917,3.0499575,61.004322,0.0,33.24470518247902,6.1503949240970925
2022-12-09 00:00:00+00:00,-35.629999,-71.603888,170.0,open-meteo_ecmwf_ifs,daily,32.671497,16.271502,29.8,13.5715,3.4085512,58.962097,0.0,33.28138430873483,6.774817964475023
2022-12-10 00:00:00+00:00,-35.629999,-71.603888,170.0,open-meteo_ecmwf_ifs,daily,32.9715,15.1715,32.63,8.552751,5.199346,46.973557,0.0,33.31530147044687,8.346324586435651
2022-12-11 00:00:00+00:00,-35.629999,-71.603888,170.0,open-meteo_ecmwf_ifs,daily,30.6215,15.6715,33.11,4.5464997,7.0734544,32.34026,0.0,33.34645241130739,9.376751584727984
2022-12-12 00:00:00+00:00,-35.629999,-71.603888,170.0,open-meteo_ecmwf_ifs,daily,29.2215,12.3215,33.01,4.7423334,6.578003,38.32604,0.0,33.37483312226973,8.19682274322782
2022-12-13 00:00:00+00:00,-35.629999,-71.603888,170.0,open-meteo_ecmwf_ifs,daily,31.7215,13.1715,32.54,8.636084,4.1108265,46.52423,0.0,33.40043983625405,7.347806593846674
2022-12-14 00:00:00+00:00,-35.629999,-71.603888,170.0,open-meteo_ecmwf_ifs,daily,30.2215,16.2215,32.36,10.123583,3.7988522,48.083084,0.0,33.42326902354119,7.276427458116307
2022-12-15 00:00:00+00:00,-35.629999,-71.603888,170.0,open-meteo_ecmwf_ifs,daily,34.4715,16.4715,33.27,8.838165,5.805485,41.97563,0.0,33.44331738783805,9.16244195811931
2022-12-16 00:00:00+00:00,-35.629999,-71.603888,170.0,open-meteo_ecmwf_ifs,daily,33.4715,16.421501,31.89,10.202751,3.338603,44.215702,0.0,33.46058186299931,7.489433733560046
2022-12-17 00:00:00+00:00,-35.629999,-71.603888,170.0,open-meteo_ecmwf_ifs,daily,29.6215,13.471499,30.64,11.225667,2.4069335,60.18668,0.0,33.47505961039131,6.019056570090856
2022-12-18 00:00:00+00:00,-35.629999,-71.603888,170.0,open-meteo_ecmwf_ifs,daily,31.921501,14.3215,32.36,9.644416,2.464837,47.57901,0.0,33.486748016885436,6.715195401114443
2022-12-19 00:00:00+00:00,-35.629999,-71.603888,170.0,open-meteo_ecmwf_ifs,daily,29.2215,14.6715,32.35,8.106915,2.8137894,44.436657,0.0,33.49564469346986,6.710592848355294
2022-12-20 00:00:00+00:00,-35.629999,-71.603888,170.0,open-meteo_ecmwf_ifs,daily,29.521502,12.3215,32.46,7.754833,1.6512295,48.90359,0.0,33.50174747447102,6.002245982878732
2022-12-21 00:00:00+00:00,-35.629999,-71.603888,170.0,open-meteo_ecmwf_ifs,daily,31.5715,14.221499,32.22,10.806916,2.914629,54.797012,0.0,33.50505441737749,6.75587498570904
2022-12-22 00:00:00+00:00,-35.629999,-71.603888,170.0,open-meteo_ecmwf_ifs,daily,30.8715,14.0215,29.55,9.602749,2.9198077,52.118286,0.0,33.505563803261865,6.4343395123378295
2022-12-23 00:00:00+00:00,-35.629999,-71.603888,170.0,open-meteo_ecmwf_ifs,daily,27.171501,12.5215,33.0,5.7860837,5.842482,45.559895,0.0,33.50327413779824,7.4658350477888265
2022-12-24 00:00:00+00:00,-35.629999,-71.603888,170.0,open-meteo_ecmwf_ifs,daily,34.421497,10.6715,33.2,4.1048336,4.312037,36.13129,0.0,33.49818415287503,7.9903398970282495
2022-12-25 00:00:00+00:00,-35.629999,-71.603888,170.0,open-meteo_ecmwf_ifs,daily,32.6215,14.721499,32.26,8.604835,3.8607628,40.807365,0.0,33.490292808805684,7.586521887436181
2022-12-26 00:00:00+00:00,-35.629999,-71.603888,170.0,open-meteo_ecmwf_ifs,daily,28.8715,14.1715,25.51,10.646501,3.3557518,57.768494,0.0,33.47959929714205,5.7863713881024275
2022-12-27 00:00:00+00:00,-35.629999,-71.603888,170.0,open-meteo_ecmwf_ifs,daily,32.0215,15.0215,30.44,11.158998,3.2209055,52.876743,0.0,33.466103044096805,6.7939125110046
2022-12-28 00:00:00+00:00,-35.629999,-71.603888,170.0,open-meteo_ecmwf_ifs,daily,31.5715,14.221499,33.29,2.8027496,4.428189,30.783243,0.0,33.44980371458443,8.273172055851322
2022-12-29 00:00:00+00:00,-35.629999,-71.603888,170.0,open-meteo_ecmwf_ifs,daily,36.6215,14.471499,32.67,5.494417,3.2967336,34.088448,0.0,33.43070121689129,8.019168603017528
2022-12-30 00:00:00+00:00,-35.629999,-71.603888,170.0,open-meteo_ecmwf_ifs,daily,30.521502,16.521502,32.12,10.311084,2.8136673,45.797573,0.0,33.40879570798771,6.892882686521542
2022-12-31 00:00:00+00:00,-35.629999,-71.603888,170.0,open-meteo_ecmwf_ifs,daily,23.8715,14.471499,12.05,12.329831,4.5958476,65.11103,0.1,33.38408759949582,3.646007342926569
2023-01-01 00:00:00+00:00,-35.629999,-71.603888,170.0,open-meteo_ecmwf_ifs,daily,29.171501,13.1715,31.45,10.256916,2.17859,58.242905,0.0,33.35657756432903,6.019075383056976
2023-01-02 00:00:00+00:00,-35.629999,-71.603888,170.0,open-meteo_ecmwf_ifs,daily,29.3715,14.0215,32.43,7.9006667,4.166724,47.59386,0.0,33.326266544018836,7.208848479840003
2023-01-03 00:00:00+00:00,-35.629999,-71.603888,170.0,open-meteo_ecmwf_ifs,daily,30.171501,13.4215,32.54,6.438166,5.492353,41.53288,0.0,33.29315575674632,7.925530832523884
2023-01-04 00:00:00+00:00,-35.629999,-71.603888,170.0,open-meteo_ecmwf_ifs,daily,34.3215,15.5215,32.03,9.617334,3.3468978,43.304398,0.0,33.25724670609506,7.537426949529661
2023-01-05 00:00:00+00:00,-35.629999,-71.603888,170.0,open-meteo_ecmwf_ifs,daily,29.6215,15.2715,30.03,12.373584,3.7168796,57.788013,0.0,33.21854119054278,6.45100992840011
2023-01-06 00:00:00+00:00,-35.629999,-71.603888,170.0,open-meteo_ecmwf_ifs,daily,30.8715,14.6715,31.29,12.733998,2.9203262,60.424725,0.0,33.177041313707946,6.4107249104372785
2023-01-07 00:00:00+00:00,-35.629999,-71.603888,170.0,open-meteo_ecmwf_ifs,daily,33.0215,15.0715,31.52,11.990251,1.8343105,55.16139,0.0,33.13274949536722,6.352668192351041
2023-01-08 00:00:00+00:00,-35.629999,-71.603888,170.0,open-meteo_ecmwf_ifs,daily,34.3215,15.9215,31.46,11.217335,2.0411026,48.553493,0.0,33.08566848325796,6.680556454580418
2023-01-09 00:00:00+00:00,-35.629999,-71.603888,170.0,open-meteo_ecmwf_ifs,daily,31.021502,15.1715,30.68,11.454833,1.8841707,54.211742,0.1,33.035801365678644,6.10731097675031
2023-01-10 00:00:00+00:00,-35.629999,-71.603888,170.0,open-meteo_ecmwf_ifs,daily,30.0715,17.8715,24.15,11.548584,1.8735913,50.997513,0.0,32.98315158489778,5.410580186411557
2023-01-11 00:00:00+00:00,-35.629999,-71.603888,170.0,open-meteo_ecmwf_ifs,daily,29.5715,13.5715,30.73,1.9569165,4.7620187,30.506868,0.0,32.92772295137995,7.849296082172798
2023-01-12 00:00:00+00:00,-35.629999,-71.603888,170.0,open-meteo_ecmwf_ifs,daily,29.521502,12.3715,32.59,2.573583,4.4247203,34.436733,0.0,32.8695196588342,7.613104784438763
2023-01-13 00:00:00+00:00,-35.629999,-71.603888,170.0,open-meteo_ecmwf_ifs,daily,31.6215,13.0215,32.23,4.500666,3.5672064,36.792416,0.0,32.80854630008762,7.368988429878767
2023-01-14 00:00:00+00:00,-35.629999,-71.603888,170.0,open-meteo_ecmwf_ifs,daily,29.671501,13.8215,31.42,7.3423343,1.9200945,42.569653,0.0,32.74480788378299,6.116098845749927
2023-01-15 00:00:00+00:00,-35.629999,-71.603888,170.0,open-meteo_ecmwf_ifs,daily,31.421501,15.0215,31.61,7.0819163,3.3096802,39.50056,0.0,32.67830985189631,7.197493148005154
2023-01-16 00:00:00+00:00,-35.629999,-71.603888,170.0,open-meteo_ecmwf_ifs,daily,31.5715,14.721499,31.19,7.2069154,2.907993,38.03806,0.0,32.60905809806523,6.902607040124697
2023-01-17 00:00:00+00:00,-35.629999,-71.603888,170.0,open-meteo_ecmwf_ifs,daily,29.4715,13.4215,30.27,8.888167,2.5304003,48.934093,0.0,32.53705898671621,6.114194316093024
2023-01-18 00:00:00+00:00,-35.629999,-71.603888,170.0,open-meteo_ecmwf_ifs,daily,33.4715,14.0715,31.45,8.60275,1.9881563,43.71793,0.0,32.46231937297304,6.450283932525159
2023-01-19 00:00:00+00:00,-35.629999,-71.603888,170.0,open-meteo_ecmwf_ifs,daily,26.3715,13.1715,30.7,11.202748,3.6730688,58.800175,0.0,32.38484662332534,5.807379273760069
2023-01-20 00:00:00+00:00,-35.629999,-71.603888,170.0,open-meteo_ecmwf_ifs,daily,28.1215,15.6715,25.18,11.156917,2.1060562,58.691895,0.0,32.30464863703073,5.254338220196219
2023-01-21 00:00:00+00:00,-35.629999,-71.603888,170.0,open-meteo_ecmwf_ifs,daily,32.0715,14.6715,31.28,8.656917,3.5478039,46.369328,0.0,32.22173386821974,7.155373226802729
2023-01-22 00:00:00+00:00,-35.629999,-71.603888,170.0,open-meteo_ecmwf_ifs,daily,34.5215,15.971499,31.17,8.0715,3.4889233,39.897038,0.0,32.136111348667626,7.642792811232036
2023-01-23 00:00:00+00:00,-35.629999,-71.603888,170.0,open-meteo_ecmwf_ifs,daily,33.8715,16.671501,30.83,9.173583,3.0025055,40.181747,0.0,32.04779071119253,7.234044759817211
2023-01-24 00:00:00+00:00,-35.629999,-71.603888,170.0,open-meteo_ecmwf_ifs,daily,29.021502,14.8215,27.27,12.175667,2.9138222,59.39276,0.0,31.956782213634447,5.692487649439172
2023-01-25 00:00:00+00:00,-35.629999,-71.603888,170.0,open-meteo_ecmwf_ifs,daily,29.6215,13.8715,30.68,7.1527495,3.8087428,41.19961,0.0,31.86309676336501,6.883722576879027
2023-01-26 00:00:00+00:00,-35.629999,-71.603888,170.0,open-meteo_ecmwf_ifs,daily,29.0715,12.9215,30.42,7.011083,2.7574222,45.217133,0.0,31.7667459422731,6.2073069385685775
2023-01-27 00:00:00+00:00,-35.629999,-71.603888,170.0,open-meteo_ecmwf_ifs,daily,31.4715,14.3715,30.87,6.500667,4.3832803,40.805798,0.0,31.66774203216697,7.556748232006574
2023-01-28 00:00:00+00:00,-35.629999,-71.603888,170.0,open-meteo_ecmwf_ifs,daily,33.671497,14.1215,30.93,7.3860836,3.8346026,40.240032,0.0,31.566098040529287,7.469799086697524
2023-01-29 00:00:00+00:00,-35.629999,-71.603888,170.0,open-meteo_ecmwf_ifs,daily,33.7715,16.921501,29.65,10.788166,2.5194974,42.89912,0.0,31.461827726556972,6.678231270450349
2023-01-30 00:00:00+00:00,-35.629999,-71.603888,170.0,open-meteo_ecmwf_ifs,daily,33.7215,17.1215,29.76,11.834,2.9625359,49.621338,0.0,31.35494562741421,6.8750735891581085
2023-01-31 00:00:00+00:00,-35.629999,-71.603888,170.0,open-meteo_ecmwf_ifs,daily,31.421501,16.4715,30.2,9.411082,3.345212,43.232944,0.0,31.245467084622955,6.952933751005139
2023-02-01 00:00:00+00:00,-35.629999,-71.603888,170.0,open-meteo_ecmwf_ifs,daily,32.671497,14.7715,30.03,8.125665,2.5523856,41.645306,0.0,31.13340827051205,6.5279520917491904
2023-02-02 00:00:00+00:00,-35.629999,-71.603888,170.0,open-meteo_ecmwf_ifs,daily,36.0715,14.9215,30.13,6.971499,5.1142945,36.97655,0.0,31.018786214642887,8.56412185305739
2023-02-03 00:00:00+00:00,-35.629999,-71.603888,170.0,open-meteo_ecmwf_ifs,daily,35.421497,17.7215,28.93,10.902749,2.801068,40.75195,0.0,30.901618830126672,6.975385767219555
2023-02-04 00:00:00+00:00,-35.629999,-71.603888,170.0,open-meteo_ecmwf_ifs,daily,31.8715,16.421501,29.01,12.683998,2.9923391,54.037426,0.0,30.78192493974612,6.370225583381221
2023-02-05 00:00:00+00:00,-35.629999,-71.603888,170.0,open-meteo_ecmwf_ifs,daily,33.7215,17.521502,28.52,13.331917,1.6039613,54.066242,0.0,30.65972430179191,5.884943586227339
2023-02-06 00:00:00+00:00,-35.629999,-71.603888,170.0,open-meteo_ecmwf_ifs,daily,33.0215,17.8215,29.37,11.442332,2.7449865,47.563324,0.0,30.535037635523107,6.680367860520336
2023-02-07 00:00:00+00:00,-35.629999,-71.603888,170.0,open-meteo_ecmwf_ifs,daily,34.2215,17.521502,28.93,9.85275,2.4742167,40.411472,0.0,30.4078866461588,6.636681283754652
2023-02-08 00:00:00+00:00,-35.629999,-71.603888,170.0,open-meteo_ecmwf_ifs,daily,34.7215,16.8715,29.25,7.7548327,2.6254869,36.13136,0.0,30.278294049307576,6.848160729417842
2023-02-09 00:00:00+00:00,-35.629999,-71.603888,170.0,open-meteo_ecmwf_ifs,daily,35.5715,16.921501,29.34,8.686083,4.434543,40.994053,0.0,30.146283594741053,8.077610563992337
2023-02-10 00:00:00+00:00,-35.629999,-71.603888,170.0,open-meteo_ecmwf_ifs,daily,34.5715,18.3215,28.68,10.277749,5.2923684,41.840412,0.0,30.011880089416923,8.35483777184633
2023-02-11 00:00:00+00:00,-35.629999,-71.603888,170.0,open-meteo_ecmwf_ifs,daily,33.2215,16.0715,28.83,7.154833,4.1304893,39.45799,0.0,29.87510941965819,7.518618113555389
2023-02-12 00:00:00+00:00,-35.629999,-71.603888,170.0,open-meteo_ecmwf_ifs,daily,31.5715,15.8715,26.83,10.317333,3.8766632,48.767944,0.0,29.735998572394774,6.58377878625585
2023-02-13 00:00:00+00:00,-35.629999,-71.603888,170.0,open-meteo_ecmwf_ifs,daily,29.5715,14.0715,28.3,9.975666,4.7847295,54.539154,0.0,29.59457565537588,6.532176506989833
2023-02-14 00:00:00+00:00,-35.629999,-71.603888,170.0,open-meteo_ecmwf_ifs,daily,29.3715,14.3215,27.75,5.9839997,5.548187,41.170185,0.0,29.4508699162619,7.347744080287186
2023-02-15 00:00:00+00:00,-35.629999,-71.603888,170.0,open-meteo_ecmwf_ifs,daily,31.521502,15.1715,27.52,8.306917,5.544497,41.70675,0.0,29.304911760507384,7.507112457750812
2023-02-16 00:00:00+00:00,-35.629999,-71.603888,170.0,open-meteo_ecmwf_ifs,daily,26.9715,13.3715,27.83,6.488165,4.899446,43.74742,0.0,29.156732767948103,6.461225318468091
2023-02-17 00:00:00+00:00,-35.629999,-71.603888,170.0,open-meteo_ecmwf_ifs,daily,31.271502,12.1715,27.95,2.211083,2.5891201,33.937153,0.0,29.00636570800827,6.040182590774367
2023-02-18 00:00:00+00:00,-35.629999,-71.603888,170.0,open-meteo_ecmwf_ifs,daily,32.3215,13.3215,27.36,3.973583,1.8525147,32.76664,0.0,28.85384455344674,5.564846310181633
2023-02-19 00:00:00+00:00,-35.629999,-71.603888,170.0,open-meteo_ecmwf_ifs,daily,32.0715,14.0215,27.27,6.748583,1.8618373,42.50371,0.0,28.699204492564213,5.518344041937564
2023-02-20 00:00:00+00:00,-35.629999,-71.603888,170.0,open-meteo_ecmwf_ifs,daily,32.421497,15.8715,27.17,7.425667,3.2709246,39.1438,0.0,28.542481939797277,6.583624225363695
2023-02-21 00:00:00+00:00,-35.629999,-71.603888,170.0,open-meteo_ecmwf_ifs,daily,34.0715,15.4215,27.17,5.0694165,3.0690882,32.769794,0.0,28.38371454462894,6.703888413607266
2023-02-22 00:00:00+00:00,-35.629999,-71.603888,170.0,open-meteo_ecmwf_ifs,daily,31.3715,13.4215,26.79,7.059,2.1984222,43.165684,0.0,28.2229411987493,5.527509161353552
2023-02-23 00:00:00+00:00,-35.629999,-71.603888,170.0,open-meteo_ecmwf_ifs,daily,34.2215,15.0215,26.55,9.661082,2.7764857,47.955967,0.0,28.060202041404956,6.124077138477465
2023-02-24 00:00:00+00:00,-35.629999,-71.603888,170.0,open-meteo_ecmwf_ifs,daily,30.9715,15.0215,25.28,11.598583,2.2717583,52.52655,0.0,27.895538462879994,5.243220310933003
2023-02-25 00:00:00+00:00,-35.629999,-71.603888,170.0,open-meteo_ecmwf_ifs,daily,29.021502,14.9215,25.55,11.409,2.9757745,56.53294,0.0,27.72899310605673,5.350697881879094
2023-02-26 00:00:00+00:00,-35.629999,-71.603888,170.0,open-meteo_ecmwf_ifs,daily,31.6215,12.4215,26.3,3.7173336,5.004,36.70599,0.0,27.56060986600922,7.1631489453612005
2023-02-27 00:00:00+00:00,-35.629999,-71.603888,170.0,open-meteo_ecmwf_ifs,daily,32.0715,14.0715,25.88,6.2173343,2.8840396,38.36313,0.0,27.390433887588436,5.963038247134193
2023-02-28 00:00:00+00:00,-35.629999,-71.603888,170.0,open-meteo_ecmwf_ifs,daily,32.3215,13.7715,25.57,8.80275,2.7713413,47.317398,0.0,27.2185115609629,5.678689862196233
2023-03-01 00:00:00+00:00,-35.629999,-71.603888,170.0,open-meteo_ecmwf_ifs,daily,31.4715,14.9215,25.43,9.067333,5.123077,45.85205,0.0,27.04489051508483,6.815911728053644
2023-03-02 00:00:00+00:00,-35.629999,-71.603888,170.0,open-meteo_ecmwf_ifs,daily,34.3215,14.221499,25.03,8.356916,4.4093304,42.57285,0.0,26.869619609057338,6.841994449341
2023-03-03 00:00:00+00:00,-35.629999,-71.603888,170.0,open-meteo_ecmwf_ifs,daily,30.671501,15.7715,24.48,11.219417,1.6981801,50.913013,0.0,26.692748921384307,4.8268841742293
2023-03-04 00:00:00+00:00,-35.629999,-71.603888,170.0,open-meteo_ecmwf_ifs,daily,33.0715,15.3715,24.9,9.052749,4.146238,45.721645,0.0,26.514329737090346,6.570207998626436
2023-03-05 00:00:00+00:00,-35.629999,-71.603888,170.0,open-meteo_ecmwf_ifs,daily,31.771502,16.0215,24.8,2.5923333,3.1788375,26.36142,0.0,26.334414532704688,6.333111430779151
2023-03-06 00:00:00+00:00,-35.629999,-71.603888,170.0,open-meteo_ecmwf_ifs,daily,28.4715,14.0715,23.98,11.252749,2.9114838,57.512394,0.0,26.153056959108557,4.900125229148451
2023-03-07 00:00:00+00:00,-35.629999,-71.603888,170.0,open-meteo_ecmwf_ifs,daily,30.171501,13.471499,21.92,10.584001,2.8795109,57.62813,0.0,25.97031182225184,4.859848447147766
2023-03-08 00:00:00+00:00,-35.629999,-71.603888,170.0,open-meteo_ecmwf_ifs,daily,28.021502,13.971499,23.92,9.981917,1.9114537,57.945496,0.0,25.786235061751064,4.499699389771528
2023-03-09 00:00:00+00:00,-35.629999,-71.603888,170.0,open-meteo_ecmwf_ifs,daily,27.921501,14.6715,19.14,13.473582,1.811924,67.58198,0.0,25.60088372738656,3.7644420474548514
2023-03-10 00:00:00+00:00,-35.629999,-71.603888,170.0,open-meteo_ecmwf_ifs,daily,29.8715,14.3215,23.2,12.544415,2.1713703,62.10998,0.0,25.41431595352285,4.54266865712884
2023-03-11 00:00:00+00:00,-35.629999,-71.603888,170.0,open-meteo_ecmwf_ifs,daily,28.6215,13.2715,23.27,9.821499,2.2695742,54.705112,0.0,25.226590931482182,4.550712738632898
2023-03-12 00:00:00+00:00,-35.629999,-71.603888,170.0,open-meteo_ecmwf_ifs,daily,29.3715,13.221499,22.41,11.506915,1.5698872,61.60036,0.0,25.037768879906942,4.100807819506416
2023-03-13 00:00:00+00:00,-35.629999,-71.603888,170.0,open-meteo_ecmwf_ifs,daily,28.3215,16.2215,16.08,14.0215,1.6794009,67.27989,0.0,24.847911013152537,3.4445602005950877
2023-03-14 00:00:00+00:00,-35.629999,-71.603888,170.0,open-meteo_ecmwf_ifs,daily,28.8215,13.7715,22.65,8.279833,2.5187588,46.595325,0.0,24.65707950775774,4.736140902329763
2023-03-15 00:00:00+00:00,-35.629999,-71.603888,170.0,open-meteo_ecmwf_ifs,daily,28.271502,11.4215,22.82,6.594416,1.6765862,47.235203,0.0,24.465337467045213,4.123508830547712
2023-03-16 00:00:00+00:00,-35.629999,-71.603888,170.0,open-meteo_ecmwf_ifs,daily,30.021502,13.471499,21.81,11.277749,2.2183418,57.91161,0.0,24.272748883909884,4.352107955198078
2023-03-17 00:00:00+00:00,-35.629999,-71.603888,170.0,open-meteo_ecmwf_ifs,daily,28.9715,15.0215,19.24,13.9215,1.9754249,70.67469,0.0,24.07937860185827,3.8220407451412184
2023-03-18 00:00:00+00:00,-35.629999,-71.603888,170.0,open-meteo_ecmwf_ifs,daily,31.021502,14.9215,21.61,12.644417,4.054671,59.63153,0.0,23.885292274366574,5.197138474989786
2023-03-19 00:00:00+00:00,-35.629999,-71.603888,170.0,open-meteo_ecmwf_ifs,daily,30.8215,16.1215,21.56,12.279832,3.8369262,55.285797,0.0,23.690556322630034,5.284949462249486
2023-03-20 00:00:00+00:00,-35.629999,-71.603888,170.0,open-meteo_ecmwf_ifs,daily,29.5715,12.721499,21.83,7.8756676,3.076771,48.94815,0.0,23.4952378917807,4.849263003464667
2023-03-21 00:00:00+00:00,-35.629999,-71.603888,170.0,open-meteo_ecmwf_ifs,daily,30.5715,12.0215,21.64,6.7819176,1.8944286,44.034576,0.0,23.299404805654703,4.232547146890758
2023-03-22 00:00:00+00:00,-35.629999,-71.603888,170.0,open-meteo_ecmwf_ifs,daily,31.521502,12.8715,21.39,5.9319167,2.7771962,42.56262,0.0,23.1031255201944,4.9513258553560755
2023-03-23 00:00:00+00:00,-35.629999,-71.603888,170.0,open-meteo_ecmwf_ifs,daily,31.021502,13.471499,21.29,7.104833,3.2463415,46.35787,0.0,22.906469075574332,5.142808068117215
2023-03-24 00:00:00+00:00,-35.629999,-71.603888,170.0,open-meteo_ecmwf_ifs,daily,30.7215,13.5715,21.05,5.0423336,3.4269383,40.691723,0.0,22.70950504714321,5.354764262877844
2023-03-25 00:00:00+00:00,-35.629999,-71.603888,170.0,open-meteo_ecmwf_ifs,daily,30.421501,13.471499,21.0,5.156917,5.063829,38.01289,0.0,22.51230349527776,6.202705127576077
2023-03-26 00:00:00+00:00,-35.629999,-71.603888,170.0,open-meteo_ecmwf_ifs,daily,30.171501,12.1715,20.57,8.198583,2.2924917,49.29903,0.0,22.314934914246663,4.199273634888415
2023-03-27 00:00:00+00:00,-35.629999,-71.603888,170.0,open-meteo_ecmwf_ifs,daily,27.421501,11.3215,19.31,10.029832,2.2558515,62.889675,0.0,22.117470180185713,3.621099203738259
2023-03-28 00:00:00+00:00,-35.629999,-71.603888,170.0,open-meteo_ecmwf_ifs,daily,26.671501,9.8715,17.65,8.125666,2.5967,57.159534,0.0,21.919980498287526,3.5629287997120525
2023-03-29 00:00:00+00:00,-35.629999,-71.603888,170.0,open-meteo_ecmwf_ifs,daily,23.6215,10.3715,19.7,5.5506663,4.6194267,53.360825,0.3,21.722537349311107,4.407951264627809
2023-03-30 00:00:00+00:00,-35.629999,-71.603888,170.0,open-meteo_ecmwf_ifs,daily,24.9715,7.9214997,19.68,1.5485834,4.6703115,42.30182,0.0,21.52521243551819,4.758277323088688
2023-03-31 00:00:00+00:00,-35.629999,-71.603888,170.0,open-meteo_ecmwf_ifs,daily,28.3215,8.8715,19.67,4.25275,3.2598789,48.004856,0.0,21.32807762614494,4.353964179538727
2023-04-01 00:00:00+00:00,-35.629999,-71.603888,170.0,open-meteo_ecmwf_ifs,daily,29.3715,11.971499,18.65,4.163167,3.9041777,37.73057,0.0,21.131204902518217,5.077634998845972
2023-04-02 00:00:00+00:00,-35.629999,-71.603888,170.0,open-meteo_ecmwf_ifs,daily,26.3715,14.3215,15.47,11.067332,3.2848876,59.890366,0.0,20.93466630292684,3.7024204665127285
2023-04-03 00:00:00+00:00,-35.629999,-71.603888,170.0,open-meteo_ecmwf_ifs,daily,26.671501,12.2715,16.7,9.106916,3.7474842,57.055218,0.0,20.738533867358267,4.00190670467311
2023-04-04 00:00:00+00:00,-35.629999,-71.603888,170.0,open-meteo_ecmwf_ifs,daily,26.8215,9.6215,18.99,7.211083,2.5513735,52.94264,0.0,20.54287958221182,3.591781360729962
2023-04-05 00:00:00+00:00,-35.629999,-71.603888,170.0,open-meteo_ecmwf_ifs,daily,22.771502,10.0215,13.4,7.271499,2.2591317,58.96539,0.0,20.3477753250988,2.754938492078189
2023-04-06 00:00:00+00:00,-35.629999,-71.603888,170.0,open-meteo_ecmwf_ifs,daily,26.671501,11.1715,18.17,10.161082,3.1540616,65.02345,0.0,20.15329280983985,3.580264082237923
2023-04-07 00:00:00+00:00,-35.629999,-71.603888,170.0,open-meteo_ecmwf_ifs,daily,26.771502,9.471499,17.37,8.334,3.5739067,60.144176,0.0,19.959503531769016,3.6907851998038153
2023-04-08 00:00:00+00:00,-35.629999,-71.603888,170.0,open-meteo_ecmwf_ifs,daily,26.271502,8.2715,18.01,6.6402497,2.305382,57.872406,0.0,19.766478713452827,3.2241409755689716
2023-04-09 00:00:00+00:00,-35.629999,-71.603888,170.0,open-meteo_ecmwf_ifs,daily,26.8715,9.4215,17.73,6.5110836,2.0166686,53.50151,0.0,19.574289250931482,3.1961121588685466
2023-04-10 00:00:00+00:00,-35.629999,-71.603888,170.0,open-meteo_ecmwf_ifs,daily,26.3215,12.471499,14.57,10.906917,2.4606175,65.46571,0.0,19.383005660587692,3.0275692293084426
2023-04-11 00:00:00+00:00,-35.629999,-71.603888,170.0,open-meteo_ecmwf_ifs,daily,25.271502,13.471499,13.25,13.808998,2.2116387,76.29305,0.0,19.19269802674655,2.5153893325174908
2023-04-12 00:00:00+00:00,-35.629999,-71.603888,170.0,open-meteo_ecmwf_ifs,daily,21.3215,12.721499,9.2,12.156915,1.5937266,73.70124,0.0,19.003435950108052,1.8135806806327042
2023-04-13 00:00:00+00:00,-35.629999,-71.603888,170.0,open-meteo_ecmwf_ifs,daily,20.4715,12.5215,10.8,10.883999,2.1716058,77.40002,0.0,18.815288497111105,2.1075221056453994
2023-04-14 00:00:00+00:00,-35.629999,-71.603888,170.0,open-meteo_ecmwf_ifs,daily,20.0715,12.1215,8.43,11.10275,2.1447804,78.08989,0.0,18.628324150325543,1.8290451309596385
2023-04-15 00:00:00+00:00,-35.629999,-71.603888,170.0,open-meteo_ecmwf_ifs,daily,21.671501,10.471499,14.54,9.986083,2.4427104,75.81236,0.0,18.44261075996535,2.4224428352439578
2023-04-16 00:00:00+00:00,-35.629999,-71.603888,170.0,open-meteo_ecmwf_ifs,daily,22.671501,9.0715,15.27,8.013166,1.9651994,64.598885,0.4,18.258215496613673,2.4658656966989296
2023-04-17 00:00:00+00:00,-35.629999,-71.603888,170.0,open-meteo_ecmwf_ifs,daily,18.3715,7.4715,16.19,3.54025,4.1836367,56.68195,0.0,18.075204805246337,3.038068388785455
2023-04-18 00:00:00+00:00,-35.629999,-71.603888,170.0,open-meteo_ecmwf_ifs,daily,19.1215,6.6215,14.81,1.3840002,3.6872463,50.472168,0.0,17.893644360637367,3.0706022773301234
2023-04-19 00:00:00+00:00,-35.629999,-71.603888,170.0,open-meteo_ecmwf_ifs,daily,23.921501,9.3215,15.65,6.5485826,3.8675318,60.395447,0.0,17.713599024226074,3.374405360905296
2023-04-20 00:00:00+00:00,-35.629999,-71.603888,170.0,open-meteo_ecmwf_ifs,daily,20.8715,8.6215,14.75,9.940251,3.1213465,75.95688,0.0,17.535132802521233,2.222381790332982
2023-04-21 00:00:00+00:00,-35.629999,-71.603888,170.0,open-meteo_ecmwf_ifs,daily,20.3715,14.5715,7.96,11.286083,3.0295327,71.20175,0.0,17.35830880711392,2.1990081838518187
2023-04-22 00:00:00+00:00,-35.629999,-71.603888,170.0,open-meteo_ecmwf_ifs,daily,21.021502,10.6215,12.59,10.869416,2.3870049,79.48942,0.0,17.183189216366014,2.0438996355622097
2023-04-23 00:00:00+00:00,-35.629999,-71.603888,170.0,open-meteo_ecmwf_ifs,daily,21.271502,10.1715,11.4,11.192332,1.6184024,83.01952,0.0,17.009835238836985,1.7591372076421377
2023-04-24 00:00:00+00:00,-35.629999,-71.603888,170.0,open-meteo_ecmwf_ifs,daily,21.2215,10.5215,12.28,11.844417,1.3872153,84.32425,0.0,16.838307078506926,1.7313112358434026
2023-04-25 00:00:00+00:00,-35.629999,-71.603888,170.0,open-meteo_ecmwf_ifs,daily,21.5715,9.1715,10.66,10.565249,1.5247598,81.38704,0.0,16.6686639018488,1.6720383915270305
2023-04-26 00:00:00+00:00,-35.629999,-71.603888,170.0,open-meteo_ecmwf_ifs,daily,19.5715,10.721499,7.54,9.225667,2.369096,70.80328,0.0,16.500963806798318,1.7926551937133715
2023-04-27 00:00:00+00:00,-35.629999,-71.603888,170.0,open-meteo_ecmwf_ifs,daily,20.5715,10.1215,10.02,10.644416,2.4783266,79.06001,0.0,16.3352637936642,1.7938628523710305
2023-04-28 00:00:00+00:00,-35.629999,-71.603888,170.0,open-meteo_ecmwf_ifs,daily,19.0715,12.4215,4.48,10.902749,5.4829674,78.94553,14.799999,16.171619738017007,2.0669602448112423
2023-04-29 00:00:00+00:00,-35.629999,-71.603888,170.0,open-meteo_ecmwf_ifs,daily,16.671501,13.971499,5.0,13.061084,6.8789,88.162895,26.6,16.010086365588883,1.3925452428312637
2023-04-30 00:00:00+00:00,-35.629999,-71.603888,170.0,open-meteo_ecmwf_ifs,daily,16.171501,9.5715,11.55,9.613167,2.5881293,81.441246,9.200001,15.850717229211517,1.5224006459465547
2023-05-01 00:00:00+00:00,-35.629999,-71.603888,170.0,open-meteo_ecmwf_ifs,daily,15.1715,5.8715,13.61,5.8840003,4.3803015,78.256874,0.0,15.693564687813968,1.8426883717253084
2023-05-02 00:00:00+00:00,-35.629999,-71.603888,170.0,open-meteo_ecmwf_ifs,daily,15.7715,4.2714996,13.19,5.1006665,3.223916,76.97803,0.0,15.538679887496485,1.6918337990397319
2023-05-03 00:00:00+00:00,-35.629999,-71.603888,170.0,open-meteo_ecmwf_ifs,daily,13.7715,6.7215,9.44,7.1506667,2.0517113,86.451805,0.0,15.386112744690767,1.2007324627489862
2023-05-04 00:00:00+00:00,-35.629999,-71.603888,170.0,open-meteo_ecmwf_ifs,daily,13.3215,7.0214996,7.91,7.4340005,1.5550684,87.3743,0.0,15.235911931411477,1.046448000336498
2023-05-05 00:00:00+00:00,-35.629999,-71.603888,170.0,open-meteo_ecmwf_ifs,daily,15.471499,8.4215,8.37,8.840251,1.5640439,86.43985,0.0,15.088124862598155,1.1571758837887915
2023-05-06 00:00:00+00:00,-35.629999,-71.603888,170.0,open-meteo_ecmwf_ifs,daily,14.7715,6.4715,6.12,8.798583,1.9202584,91.63831,0.0,14.942797685540716,0.9013623545168438
2023-05-07 00:00:00+00:00,-35.629999,-71.603888,170.0,open-meteo_ecmwf_ifs,daily,16.771502,7.5715,9.28,9.469417,2.0984411,88.5855,0.0,14.799975271376072,1.1976717701734287
2023-05-08 00:00:00+00:00,-35.629999,-71.603888,170.0,open-meteo_ecmwf_ifs,daily,16.3215,6.1215,10.9,7.8465,2.2631967,86.428894,0.0,14.659701208637712,1.2999888172840492
2023-05-09 00:00:00+00:00,-35.629999,-71.603888,170.0,open-meteo_ecmwf_ifs,daily,17.921501,7.1714997,10.77,8.096499,2.58085,83.24528,0.0,14.522017798833993,1.5219973048545905
2023-05-10 00:00:00+00:00,-35.629999,-71.603888,170.0,open-meteo_ecmwf_ifs,daily,15.3715,8.1715,6.98,8.396499,2.4286554,83.00188,0.5,14.386966054025454,1.1872568581788883
2023-05-11 00:00:00+00:00,-35.629999,-71.603888,170.0,open-meteo_ecmwf_ifs,daily,21.021502,7.9715,11.53,9.31525,3.6939723,77.83396,0.5,14.254585696365465,1.9366256707298377
2023-05-12 00:00:00+00:00,-35.629999,-71.603888,170.0,open-meteo_ecmwf_ifs,daily,23.771502,11.471499,11.53,11.848582,4.791964,77.914894,0.0,14.124915159563098,2.484946620286246
2023-05-13 00:00:00+00:00,-35.629999,-71.603888,170.0,open-meteo_ecmwf_ifs,daily,21.521502,11.1215,11.96,11.867332,4.351771,78.67034,0.0,13.99799159222102,2.027172337790032
2023-05-14 00:00:00+00:00,-35.629999,-71.603888,170.0,open-meteo_ecmwf_ifs,daily,19.1215,7.4214997,9.75,9.96525,2.7674904,86.042015,0.0,13.873850862996356,1.3427007819011112
2023-05-15 00:00:00+00:00,-35.629999,-71.603888,170.0,open-meteo_ecmwf_ifs,daily,19.4715,12.221499,6.06,11.994416,3.680413,83.48694,0.0,13.752527567526197,1.5486388636627784
2023-05-16 00:00:00+00:00,-35.629999,-71.603888,170.0,open-meteo_ecmwf_ifs,daily,18.921501,11.1215,8.78,12.275666,1.2355483,86.72552,0.0,13.63405503705486,1.1200235699290313
2023-05-17 00:00:00+00:00,-35.629999,-71.603888,170.0,open-meteo_ecmwf_ifs,daily,16.171501,11.6715,5.32,11.633999,1.6005532,88.61048,3.6,13.518465348694154,0.9311075041574887
2023-05-18 00:00:00+00:00,-35.629999,-71.603888,170.0,open-meteo_ecmwf_ifs,daily,15.721499,9.221499,7.08,9.519416,2.5646858,87.71999,0.0,13.40578933724333,1.1179563528334733
2023-05-19 00:00:00+00:00,-35.629999,-71.603888,170.0,open-meteo_ecmwf_ifs,daily,17.4715,7.3715,10.88,7.6131663,3.639536,78.196526,0.0,13.296056608490183,1.6282308134125159
2023-05-20 00:00:00+00:00,-35.629999,-71.603888,170.0,open-meteo_ecmwf_ifs,daily,13.971499,3.1215,10.3,4.981916,2.3341086,82.622765,0.0,13.189295553910274,1.0679059955214907
2023-05-21 00:00:00+00:00,-35.629999,-71.603888,170.0,open-meteo_ecmwf_ifs,daily,12.221499,8.0215,1.85,6.556917,5.445185,80.7783,11.099999,13.08553336667666,1.2901651519344903
2023-05-22 00:00:00+00:00,-35.629999,-71.603888,170.0,open-meteo_ecmwf_ifs,daily,16.6215,9.3715,6.92,8.163167,4.736151,76.83993,18.500002,12.984796058888309,1.7344837741209196
2023-05-23 00:00:00+00:00,-35.629999,-71.603888,170.0,open-meteo_ecmwf_ifs,daily,13.971499,11.3215,2.07,10.777751,4.9617157,86.129944,29.7,12.887108479921485,0.9152892498980157
2023-05-24 00:00:00+00:00,-35.629999,-71.603888,170.0,open-meteo_ecmwf_ifs,daily,16.771502,10.2715,7.76,8.638166,3.4623878,78.03817,0.1,12.79249433580443,1.5722094397264605
2023-05-25 00:00:00+00:00,-35.629999,-71.603888,170.0,open-meteo_ecmwf_ifs,daily,14.971499,8.3215,6.39,8.890249,1.6517237,87.61349,0.1,12.700976209512634,0.9030764079740037
2023-05-26 00:00:00+00:00,-35.629999,-71.603888,170.0,open-meteo_ecmwf_ifs,daily,14.1215,8.471499,3.95,8.819417,3.0893736,88.79331,0.3,12.612575582078644,0.9331221987815522
2023-05-27 00:00:00+00:00,-35.629999,-71.603888,170.0,open-meteo_ecmwf_ifs,daily,12.221499,3.9715002,10.05,4.815249,3.505062,81.97208,0.0,12.527312854407743,1.0656312895856008
2023-05-28 00:00:00+00:00,-35.629999,-71.603888,170.0,open-meteo_ecmwf_ifs,daily,8.8715,2.9215,4.8,4.106917,1.4600663,90.16111,0.0,12.445207369688513,0.6065926057643916
2023-05-29 00:00:00+00:00,-35.629999,-71.603888,170.0,open-meteo_ecmwf_ifs,daily,13.5715,4.1215,8.99,5.604833,1.9827546,86.878685,0.0,12.366277436285321,0.913098282984191
2023-05-30 00:00:00+00:00,-35.629999,-71.603888,170.0,open-meteo_ecmwf_ifs,daily,15.8715,6.0214996,7.34,7.8631663,1.6716132,91.31434,0.0,12.290540350998253,0.9021436850981545
2023-05-31 00:00:00+00:00,-35.629999,-71.603888,170.0,open-meteo_ecmwf_ifs,daily,16.771502,9.7715,7.58,9.356916,1.7529033,84.34893,8.3,12.218012422574864,1.070867443658315
2023-06-01 00:00:00+00:00,-35.629999,-71.603888,170.0,open-meteo_ecmwf_ifs,daily,16.0715,8.3215,6.42,9.948583,3.2276871,89.42695,0.0,12.148708995357671,0.9554553743487874
2023-06-02 00:00:00+00:00,-35.629999,-71.603888,170.0,open-meteo_ecmwf_ifs,daily,16.3215,12.0215,4.42,11.238164,4.1579137,87.055725,37.999992,12.0826444729508,1.2087938169813917
2023-06-03 00:00:00+00:00,-35.629999,-71.603888,170.0,open-meteo_ecmwf_ifs,daily,17.0715,9.8215,5.99,10.525666,3.4927747,89.09815,9.799999,12.019832341789863,1.1357511556152355
2023-06-04 00:00:00+00:00,-35.629999,-71.603888,170.0,open-meteo_ecmwf_ifs,daily,15.1715,7.0715,10.2,8.775665,2.982891,89.20818,3.9,11.96028519449979,0.9578960868917263
2023-06-05 00:00:00+00:00,-35.629999,-71.603888,170.0,open-meteo_ecmwf_ifs,daily,16.171501,5.2714996,9.5,5.7381663,2.2445943,79.909096,0.0,11.904014752926567,1.1556676773164005
2023-06-06 00:00:00+00:00,-35.629999,-71.603888,170.0,open-meteo_ecmwf_ifs,daily,15.3715,8.3715,4.62,9.567333,1.9018646,89.186806,0.0,11.851031890730873,0.8007411290263188
2023-06-07 00:00:00+00:00,-35.629999,-71.603888,170.0,open-meteo_ecmwf_ifs,daily,16.7215,8.8215,7.6,11.065249,2.115493,91.868164,0.1,11.801346655433717,0.817420796305632
2023-06-08 00:00:00+00:00,-35.629999,-71.603888,170.0,open-meteo_ecmwf_ifs,daily,14.6215,11.721499,2.03,11.836083,6.573141,92.02862,30.400002,11.75496828980729,0.799611348128872
2023-06-09 00:00:00+00:00,-35.629999,-71.603888,170.0,open-meteo_ecmwf_ifs,daily,13.6715,6.9715,9.17,7.8610826,3.2253468,82.90763,14.3,11.711905252507302,0.9249569510125192
2023-06-10 00:00:00+00:00,-35.629999,-71.603888,170.0,open-meteo_ecmwf_ifs,daily,12.7715,3.3715,10.4,3.0673332,4.235324,75.34402,0.0,11.672165237847295,1.3344133771855309
2023-06-11 00:00:00+00:00,-35.629999,-71.603888,170.0,open-meteo_ecmwf_ifs,daily,9.1715,0.4215,9.97,0.37150002,4.0774393,73.76675,0.0,11.635755194619454,1.0641630397163704
2023-06-12 00:00:00+00:00,-35.629999,-71.603888,170.0,open-meteo_ecmwf_ifs,daily,9.9215,1.6215,8.78,1.2839999,2.6277902,81.122314,0.0,11.602681343871584,0.9409952232489343
2023-06-13 00:00:00+00:00,-35.629999,-71.603888,170.0,open-meteo_ecmwf_ifs,daily,10.3715,-0.8785,8.78,1.3631668,1.255828,87.360016,0.0,11.572949195555065,0.6344445076203709
2023-06-14 00:00:00+00:00,-35.629999,-71.603888,170.0,open-meteo_ecmwf_ifs,daily,13.5715,0.5715,9.19,-0.9034999,1.1202135,68.520195,0.0,11.54656356396437,0.8560029602479674
2023-06-15 00:00:00+00:00,-35.629999,-71.603888,170.0,open-meteo_ecmwf_ifs,daily,16.0715,5.9715,8.31,7.9214993,2.9810717,88.26456,0.0,11.52352858189496,1.0048635818526455
2023-06-16 00:00:00+00:00,-35.629999,-71.603888,170.0,open-meteo_ecmwf_ifs,daily,13.0215,7.1714997,7.48,8.088166,3.5417392,90.22315,0.0,11.50384771345294,0.8263720462762041
2023-06-17 00:00:00+00:00,-35.629999,-71.603888,170.0,open-meteo_ecmwf_ifs,daily,13.1215,4.0715,8.1,5.6235843,1.5717226,88.690605,0.0,11.487523765456698,0.7437389521043458
2023-06-18 00:00:00+00:00,-35.629999,-71.603888,170.0,open-meteo_ecmwf_ifs,daily,12.0715,4.0215,3.76,5.9839993,1.9584299,94.38382,0.1,11.474558897378056,0.6574690115504613
2023-06-19 00:00:00+00:00,-35.629999,-71.603888,170.0,open-meteo_ecmwf_ifs,daily,15.4215,5.4715,5.08,8.413167,1.5976019,92.82855,0.9,11.464954629778017,0.6931522998611845
2023-06-20 00:00:00+00:00,-35.629999,-71.603888,170.0,open-meteo_ecmwf_ifs,daily,14.1215,7.4715,5.7,8.888167,1.248405,93.557274,0.0,11.458711851199839,0.6700502872830401
2023-06-21 00:00:00+00:00,-35.629999,-71.603888,170.0,open-meteo_ecmwf_ifs,daily,14.971499,8.4215,5.0,10.221499,2.3848546,91.97742,1.0,11.455830823490306,0.7002670764641871
2023-06-22 00:00:00+00:00,-35.629999,-71.603888,170.0,open-meteo_ecmwf_ifs,daily,14.6715,12.0715,1.27,11.479832,5.9417624,89.60562,49.599995,11.456311185527989,0.9524189245859274
2023-06-23 00:00:00+00:00,-35.629999,-71.603888,170.0,open-meteo_ecmwf_ifs,daily,15.471499,13.1715,0.85,13.4819145,6.1255856,93.71915,43.699997,11.460151955345715,0.6197832275418781
2023-06-24 00:00:00+00:00,-35.629999,-71.603888,170.0,open-meteo_ecmwf_ifs,daily,16.0715,14.7715,0.9,14.211085,6.303369,93.35795,52.600006,11.46735153064259,0.77788131001709
2023-06-25 00:00:00+00:00,-35.629999,-71.603888,170.0,open-meteo_ecmwf_ifs,daily,15.6215,13.721499,1.74,13.450665,6.7323337,91.62852,28.400005,11.477907687689358,0.7908905163630555
2023-06-26 00:00:00+00:00,-35.629999,-71.603888,170.0,open-meteo_ecmwf_ifs,daily,13.8215,9.8215,3.91,10.638165,1.3670555,92.31027,2.6,11.491817578639035,0.6137106934018545
2023-06-27 00:00:00+00:00,-35.629999,-71.603888,170.0,open-meteo_ecmwf_ifs,daily,14.2715,8.4215,9.13,7.1944165,2.7121954,78.9809,7.2,11.509077727263033,1.1313103080354383
2023-06-28 00:00:00+00:00,-35.629999,-71.603888,170.0,open-meteo_ecmwf_ifs,daily,11.721499,3.8715,6.04,2.9506664,3.9630196,74.67869,0.0,11.529684023141023,1.253754452532633
2023-06-29 00:00:00+00:00,-35.629999,-71.603888,170.0,open-meteo_ecmwf_ifs,daily,12.5715,2.8215,6.72,3.4965,1.8336517,81.21746,0.0,11.553631714340613,0.8577510770924718
2023-06-30 00:00:00+00:00,-35.629999,-71.603888,170.0,open-meteo_ecmwf_ifs,daily,16.4715,3.0715,9.65,6.4256663,1.3994952,86.7963,0.0,11.580915398630689,0.7986913543747095
2023-07-01 00:00:00+00:00,-35.629999,-71.603888,170.0,open-meteo_ecmwf_ifs,daily,14.6715,5.6714997,7.19,7.581917,1.7091608,90.71872,0.0,11.611529013279599,0.7788860399904477
2023-07-02 00:00:00+00:00,-35.629999,-71.603888,170.0,open-meteo_ecmwf_ifs,daily,12.471499,8.6715,1.32,9.554832,4.7560825,91.190094,12.8,11.645465823496473,0.5999188295773901
2023-07-03 00:00:00+00:00,-35.629999,-71.603888,170.0,open-meteo_ecmwf_ifs,daily,16.6215,9.471499,7.95,9.744416,2.9506197,84.78053,3.3999999,11.682718409580735,1.1270678852577052
2023-07-04 00:00:00+00:00,-35.629999,-71.603888,170.0,open-meteo_ecmwf_ifs,daily,12.7715,8.7715,4.19,9.115251,3.919015,91.58435,23.699997,11.723278652851398,0.7738061774309251
2023-07-05 00:00:00+00:00,-35.629999,-71.603888,170.0,open-meteo_ecmwf_ifs,daily,13.8215,9.2715,4.7,8.725666,1.5352927,86.73694,10.900001,11.767137720433436,0.8042530065340906
2023-07-06 00:00:00+00:00,-35.629999,-71.603888,170.0,open-meteo_ecmwf_ifs,daily,13.6215,9.4215,6.66,8.948582,1.6268435,89.21902,1.5000001,11.81428604898447,0.8202554973567683
2023-07-07 00:00:00+00:00,-35.629999,-71.603888,170.0,open-meteo_ecmwf_ifs,daily,11.3715,3.3715,4.54,5.886083,2.6016848,90.62643,0.1,11.864713327449815,0.6205357085796402
2023-07-08 00:00:00+00:00,-35.629999,-71.603888,170.0,open-meteo_ecmwf_ifs,daily,11.8715,9.471499,2.11,8.298583,5.3024817,86.180595,30.100004,11.918408478938757,0.989322870809465
2023-07-09 00:00:00+00:00,-35.629999,-71.603888,170.0,open-meteo_ecmwf_ifs,daily,12.7715,5.5715,8.77,6.788166,2.1073356,88.17191,0.0,11.975359641819084,0.8107844930262591
2023-07-10 00:00:00+00:00,-35.629999,-71.603888,170.0,open-meteo_ecmwf_ifs,daily,12.0715,1.9714999,10.67,3.4402497,2.58975,83.73645,0.0,12.035554150130485,0.9316085912813553
2023-07-11 00:00:00+00:00,-35.629999,-71.603888,170.0,open-meteo_ecmwf_ifs,daily,12.5215,5.0715,3.16,7.711084,3.3819416,86.96348,5.9,12.098978513420695,0.5942973839265194
2023-07-12 00:00:00+00:00,-35.629999,-71.603888,170.0,open-meteo_ecmwf_ifs,daily,12.1715,5.5214996,7.01,7.3360825,2.306904,86.79196,16.0,12.165618396110803,0.6996790269018593
2023-07-13 00:00:00+00:00,-35.629999,-71.603888,170.0,open-meteo_ecmwf_ifs,daily,11.971499,2.0215,9.43,4.1131663,2.4443815,84.95954,0.0,12.235458596498415,0.8489590282021032
2023-07-14 00:00:00+00:00,-35.629999,-71.603888,170.0,open-meteo_ecmwf_ifs,daily,11.471499,3.6215,5.97,4.9027495,2.505448,88.071526,0.0,12.308483025508929,0.813517124691729
2023-07-15 00:00:00+00:00,-35.629999,-71.603888,170.0,open-meteo_ecmwf_ifs,daily,12.0215,2.5215,10.66,3.5860827,4.141434,82.15653,0.0,12.38467468530618,1.1391092913890177
2023-07-16 00:00:00+00:00,-35.629999,-71.603888,170.0,open-meteo_ecmwf_ifs,daily,8.9215,1.6215,6.46,1.3548335,2.7505572,80.3406,0.0,12.464015647874746,0.9279075230494718
2023-07-17 00:00:00+00:00,-35.629999,-71.603888,170.0,open-meteo_ecmwf_ifs,daily,12.8215,2.5715,8.83,3.9298332,1.3420501,88.01727,0.0,12.546487033685747,0.8446607403050216
2023-07-18 00:00:00+00:00,-35.629999,-71.603888,170.0,open-meteo_ecmwf_ifs,daily,12.3715,3.8715,4.22,5.523584,1.0544493,87.89193,0.0,12.63206899055828,0.685124294340965
2023-07-19 00:00:00+00:00,-35.629999,-71.603888,170.0,open-meteo_ecmwf_ifs,daily,17.271502,6.0214996,8.32,6.7964997,1.4992138,76.08396,0.0,12.720740672827478,1.0910244778029812
2023-07-20 00:00:00+00:00,-35.629999,-71.603888,170.0,open-meteo_ecmwf_ifs,daily,15.7715,7.2215,5.47,9.342334,3.3192692,88.355034,0.0,12.812480220928952,0.9371341380531156
2023-07-21 00:00:00+00:00,-35.629999,-71.603888,170.0,open-meteo_ecmwf_ifs,daily,13.971499,11.7715,4.25,10.4715,6.091438,87.989204,28.1,12.90726474150805,1.1816188603149056
2023-07-22 00:00:00+00:00,-35.629999,-71.603888,170.0,open-meteo_ecmwf_ifs,daily,12.8215,8.5715,7.25,8.698584,3.2365391,87.76115,26.000002,13.005070288160091,0.9282264680727264
2023-07-23 00:00:00+00:00,-35.629999,-71.603888,170.0,open-meteo_ecmwf_ifs,daily,9.1715,4.1215,3.34,5.142333,2.6769361,89.39982,0.1,13.105871842905293,0.6328991119096792
2023-07-24 00:00:00+00:00,-35.629999,-71.603888,170.0,open-meteo_ecmwf_ifs,daily,14.6215,3.2715,10.39,4.3527493,1.1409625,84.883064,0.0,13.209643298499671,0.9837107390474075
2023-07-25 00:00:00+00:00,-35.629999,-71.603888,170.0,open-meteo_ecmwf_ifs,daily,12.971499,8.5215,4.05,7.694416,2.546501,84.56686,7.0999994,13.31635744167975,0.9850999775234167
2023-07-26 00:00:00+00:00,-35.629999,-71.603888,170.0,open-meteo_ecmwf_ifs,daily,12.1715,4.7215,7.68,6.2485843,3.0903575,89.63257,0.0,13.425985937435785,0.908340426557545
2023-07-27 00:00:00+00:00,-35.629999,-71.603888,170.0,open-meteo_ecmwf_ifs,daily,14.971499,4.8215,10.49,6.5485826,2.1258538,88.27597,0.2,13.538499314404422,1.1142264257277104
2023-07-28 00:00:00+00:00,-35.629999,-71.603888,170.0,open-meteo_ecmwf_ifs,daily,16.5715,6.4715,8.55,7.894417,2.1149173,85.72424,0.0,13.653866951467858,1.1698179247290312
2023-07-29 00:00:00+00:00,-35.629999,-71.603888,170.0,open-meteo_ecmwf_ifs,daily,17.271502,6.4214997,10.76,9.515248,2.466054,88.94535,0.0,13.772057065642299,1.1382419286461198
2023-07-30 00:00:00+00:00,-35.629999,-71.603888,170.0,open-meteo_ecmwf_ifs,daily,17.271502,9.3215,6.72,11.115251,2.4959276,92.10836,0.0,13.893036701334283,1.0436470024853295
2023-07-31 00:00:00+00:00,-35.629999,-71.603888,170.0,open-meteo_ecmwf_ifs,daily,17.771502,9.971499,8.51,11.448585,2.1163518,93.2915,0.0,14.016771721038747,1.1499240741268677
2023-08-01 00:00:00+00:00,-35.629999,-71.603888,170.0,open-meteo_ecmwf_ifs,daily,18.021502,8.1715,10.73,10.069416,2.1073744,89.63853,0.0,14.14322679754809,1.2842224302496539
2023-08-02 00:00:00+00:00,-35.629999,-71.603888,170.0,open-meteo_ecmwf_ifs,daily,15.9215,6.4214997,12.72,7.0589986,4.980796,80.419266,0.0,14.272365407736467,1.7089093730994753
2023-08-03 00:00:00+00:00,-35.629999,-71.603888,170.0,open-meteo_ecmwf_ifs,daily,13.471499,2.2215002,12.07,2.90275,3.4823081,73.452736,0.0,14.404149827978726,1.4743125189816717
2023-08-04 00:00:00+00:00,-35.629999,-71.603888,170.0,open-meteo_ecmwf_ifs,daily,13.721499,2.1215,12.48,3.1756666,2.7483828,77.970375,0.0,14.53854113125797,1.3813665520921818
2023-08-05 00:00:00+00:00,-35.629999,-71.603888,170.0,open-meteo_ecmwf_ifs,daily,14.0715,5.4214997,6.67,7.046501,2.3137362,90.72443,0.0,14.67549918601099,1.0146272217009202
2023-08-06 00:00:00+00:00,-35.629999,-71.603888,170.0,open-meteo_ecmwf_ifs,daily,16.7215,8.471499,11.29,9.294415,1.5271015,84.56593,0.2,14.814982656754971,1.3036224713058202
2023-08-07 00:00:00+00:00,-35.629999,-71.603888,170.0,open-meteo_ecmwf_ifs,daily,14.971499,3.9715002,10.63,7.127749,1.7572483,86.53531,0.0,14.956949006533916,1.0877274494074314
2023-08-08 00:00:00+00:00,-35.629999,-71.603888,170.0,open-meteo_ecmwf_ifs,daily,15.9215,5.9715,10.72,7.5298343,1.2489429,87.95023,0.0,15.101354501217719,1.2026269074105278
2023-08-09 00:00:00+00:00,-35.629999,-71.603888,170.0,open-meteo_ecmwf_ifs,daily,14.8715,7.8215,4.73,8.72775,2.7932012,86.1525,0.0,15.248154215681367,1.0462201819413963
2023-08-10 00:00:00+00:00,-35.629999,-71.603888,170.0,open-meteo_ecmwf_ifs,daily,12.9215,8.3215,7.71,7.8319163,5.2309403,83.44961,41.499996,15.397302041886318,1.3207919349126516
2023-08-11 00:00:00+00:00,-35.629999,-71.603888,170.0,open-meteo_ecmwf_ifs,daily,13.5715,4.2714996,14.19,4.7777495,3.6625779,82.088264,0.0,15.548750698880681,1.5923617636173084
2023-08-12 00:00:00+00:00,-35.629999,-71.603888,170.0,open-meteo_ecmwf_ifs,daily,17.021502,2.8715,13.98,2.1506667,4.292868,65.879364,0.0,15.702451744729414,2.2916948151893766
2023-08-13 00:00:00+00:00,-35.629999,-71.603888,170.0,open-meteo_ecmwf_ifs,daily,19.2215,3.9215,13.8,5.56525,3.7824268,70.59974,0.0,15.85835559038023,2.0819894686733713
2023-08-14 00:00:00+00:00,-35.629999,-71.603888,170.0,open-meteo_ecmwf_ifs,daily,17.7215,6.5715,10.44,9.206916,1.9896464,86.74439,0.0,16.01641151546576,1.3490279587760166
2023-08-15 00:00:00+00:00,-35.629999,-71.603888,170.0,open-meteo_ecmwf_ifs,daily,14.7715,10.221499,4.83,10.561083,2.3249004,92.36499,0.0,16.176567686036773,0.9749831649547294
2023-08-16 00:00:00+00:00,-35.629999,-71.603888,170.0,open-meteo_ecmwf_ifs,daily,15.9215,11.0715,6.55,10.3464985,4.508581,85.752785,5.9,16.338771174216483,1.4960204716717171
2023-08-17 00:00:00+00:00,-35.629999,-71.603888,170.0,open-meteo_ecmwf_ifs,daily,15.6215,10.1215,9.79,9.211084,3.0494292,82.92358,26.399998,16.502967979760236,1.5860205105943515
2023-08-18 00:00:00+00:00,-35.629999,-71.603888,170.0,open-meteo_ecmwf_ifs,daily,13.721499,4.6714997,12.07,5.723583,1.3559551,85.464294,0.0,16.669103053500145,1.3210072969706386
2023-08-19 00:00:00+00:00,-35.629999,-71.603888,170.0,open-meteo_ecmwf_ifs,daily,13.0715,8.971499,1.0,8.144418,4.806581,87.13989,44.800003,16.83712032264884,1.1155187257444998
2023-08-20 00:00:00+00:00,-35.629999,-71.603888,170.0,open-meteo_ecmwf_ifs,daily,13.971499,11.4215,1.78,11.67775,5.9824467,94.15464,26.0,17.00696271793167,0.7220332505856467
2023-08-21 00:00:00+00:00,-35.629999,-71.603888,170.0,open-meteo_ecmwf_ifs,daily,13.7715,11.6715,2.27,12.094417,6.316955,92.53359,50.899998,17.178572202511823,0.6163732726514011
2023-08-22 00:00:00+00:00,-35.629999,-71.603888,170.0,open-meteo_ecmwf_ifs,daily,13.1215,8.7715,5.46,8.417335,2.567243,87.153786,39.500004,17.351889802667873,1.0961558939965936
2023-08-23 00:00:00+00:00,-35.629999,-71.603888,170.0,open-meteo_ecmwf_ifs,daily,14.1715,5.9715,13.72,6.0902495,2.5627654,80.82998,2.7,17.52685564017888,1.6709122330807236
2023-08-24 00:00:00+00:00,-35.629999,-71.603888,170.0,open-meteo_ecmwf_ifs,daily,12.971499,4.2714996,12.06,5.854832,1.7371908,85.21336,8.1,17.703408966367295,1.3347372254393055
2023-08-25 00:00:00+00:00,-35.629999,-71.603888,170.0,open-meteo_ecmwf_ifs,daily,13.5715,3.7215002,16.08,4.844416,1.8737358,82.01507,0.0,17.881488197745675,1.647960729275652
2023-08-26 00:00:00+00:00,-35.629999,-71.603888,170.0,open-meteo_ecmwf_ifs,daily,15.471499,1.9215,16.83,3.2589998,3.1237223,75.189316,0.0,18.061030953208935,1.985775333982071
2023-08-27 00:00:00+00:00,-35.629999,-71.603888,170.0,open-meteo_ecmwf_ifs,daily,16.6215,1.1215,17.22,3.556917,1.9240509,74.411934,0.0,18.241974092709803,1.8676682043857802
2023-08-28 00:00:00+00:00,-35.629999,-71.603888,170.0,open-meteo_ecmwf_ifs,daily,13.7715,7.3215,4.88,7.258999,2.7176962,83.27878,9.0,18.424253757350737,1.2040143794401394
2023-08-29 00:00:00+00:00,-35.629999,-71.603888,170.0,open-meteo_ecmwf_ifs,daily,16.2215,4.7714996,12.97,6.894417,1.8581862,85.696785,0.0,18.607805410822532,1.6213682189551024
2023-08-30 00:00:00+00:00,-35.629999,-71.603888,170.0,open-meteo_ecmwf_ifs,daily,16.0215,7.1714997,13.63,5.2839994,2.7940214,69.59635,7.7,18.792563882115246,2.1587197662099475
2023-08-31 00:00:00+00:00,-35.629999,-71.603888,170.0,open-meteo_ecmwf_ifs,daily,14.5715,3.5215,13.86,4.16525,4.0382986,75.17037,0.0,18.97846340942455,1.9563044521289827
2023-09-01 00:00:00+00:00,-35.629999,-71.603888,170.0,open-meteo_ecmwf_ifs,daily,14.2715,5.0214996,8.09,5.9256663,2.4757605,81.23771,0.0,19.165437685172577,1.3972339378653982
2023-09-02 00:00:00+00:00,-35.629999,-71.603888,170.0,open-meteo_ecmwf_ifs,daily,12.0215,8.8215,2.67,9.41525,1.9515934,94.45334,13.500001,19.35341990205968,0.7073385047584512
2023-09-03 00:00:00+00:00,-35.629999,-71.603888,170.0,open-meteo_ecmwf_ifs,daily,12.5715,8.3715,4.49,8.923583,1.6986103,94.588356,14.5,19.54234280006061,0.8984939845050646
2023-09-04 00:00:00+00:00,-35.629999,-71.603888,170.0,open-meteo_ecmwf_ifs,daily,12.3215,9.8215,3.7,9.521501,2.2865698,91.745735,21.600002,19.73213871427569,0.8802684648839597
2023-09-05 00:00:00+00:00,-35.629999,-71.603888,170.0,open-meteo_ecmwf_ifs,daily,11.0715,5.7714996,2.52,7.4402504,2.217651,92.38907,10.700001,19.922739623545546,0.6607259143643142
2023-09-06 00:00:00+00:00,-35.629999,-71.603888,170.0,open-meteo_ecmwf_ifs,daily,16.1215,9.6215,12.79,8.900665,3.8775434,81.43563,30.500002,20.1140771997354,2.068576448705009
2023-09-07 00:00:00+00:00,-35.629999,-71.603888,170.0,open-meteo_ecmwf_ifs,daily,14.721499,4.6714997,13.33,6.194416,1.9724003,82.41894,0.0,20.306082857592948,1.6914237710873314
2023-09-08 00:00:00+00:00,-35.629999,-71.603888,170.0,open-meteo_ecmwf_ifs,daily,16.671501,6.6714997,18.68,7.029833,2.2756083,78.291695,1.4000001,20.49868780508257,2.323364038992933
2023-09-09 00:00:00+00:00,-35.629999,-71.603888,170.0,open-meteo_ecmwf_ifs,daily,13.1715,9.3215,4.28,7.8485837,4.239839,80.38088,20.500002,20.691823094096364,1.3990276956086811
2023-09-10 00:00:00+00:00,-35.629999,-71.603888,170.0,open-meteo_ecmwf_ifs,daily,13.7715,11.221499,3.28,10.273583,5.540306,88.51595,19.5,20.88541967144208,1.1854025313648333
2023-09-11 00:00:00+00:00,-35.629999,-71.603888,170.0,open-meteo_ecmwf_ifs,daily,15.3715,6.6714997,19.12,7.044416,3.2457764,76.98937,12.500002,21.079408430006485,2.3221296991631633
2023-09-12 00:00:00+00:00,-35.629999,-71.603888,170.0,open-meteo_ecmwf_ifs,daily,15.0715,4.0715,20.04,4.279833,4.1639776,73.45754,0.0,21.273720259992107,2.50720989342197
2023-09-13 00:00:00+00:00,-35.629999,-71.603888,170.0,open-meteo_ecmwf_ifs,daily,13.3215,3.2215002,9.72,5.317333,1.595251,83.24874,0.0,21.46828610012523,1.3570175879084267
2023-09-14 00:00:00+00:00,-35.629999,-71.603888,170.0,open-meteo_ecmwf_ifs,daily,17.3215,8.721499,10.2,9.006916,2.0918856,82.5746,7.3999996,21.663036988732163,1.791742407862761
2023-09-15 00:00:00+00:00,-35.629999,-71.603888,170.0,open-meteo_ecmwf_ifs,daily,19.2215,8.0715,16.18,10.200666,2.3325996,87.40878,0.0,21.857904114581675,2.2578437918586394
2023-09-16 00:00:00+00:00,-35.629999,-71.603888,170.0,open-meteo_ecmwf_ifs,daily,13.7715,11.1215,4.66,10.550666,3.9116585,89.20457,10.900001,22.0528188673914,1.1366761714968248
2023-09-17 00:00:00+00:00,-35.629999,-71.603888,170.0,open-meteo_ecmwf_ifs,daily,13.6215,4.7215,20.56,4.4110827,3.4731586,73.741936,0.0,22.247712887896693,2.4360884673278917
2023-09-18 00:00:00+00:00,-35.629999,-71.603888,170.0,open-meteo_ecmwf_ifs,daily,15.3715,2.4215,21.05,2.838167,3.998824,69.07648,0.0,22.442518117381805,2.663101289157046
2023-09-19 00:00:00+00:00,-35.629999,-71.603888,170.0,open-meteo_ecmwf_ifs,daily,15.471499,3.9215,12.49,3.8256664,3.782819,70.98714,0.0,22.637166846573887,2.2202553906186204
2023-09-20 00:00:00+00:00,-35.629999,-71.603888,170.0,open-meteo_ecmwf_ifs,daily,15.971499,5.5214996,9.73,7.6944156,3.712982,81.37952,0.0,22.83159176380243,1.6462538261694664
2023-09-21 00:00:00+00:00,-35.629999,-71.603888,170.0,open-meteo_ecmwf_ifs,daily,17.671501,9.7715,12.95,8.942333,3.6198657,79.3167,7.0000005,23.025726002328184,2.3885179411605266
2023-09-22 00:00:00+00:00,-35.629999,-71.603888,170.0,open-meteo_ecmwf_ifs,daily,14.8215,10.971499,6.01,9.698584,1.7847983,82.78719,0.0,23.21950318674769,1.3594215842221964
2023-09-23 00:00:00+00:00,-35.629999,-71.603888,170.0,open-meteo_ecmwf_ifs,daily,18.171501,7.1215,16.99,7.9694157,2.5582135,78.12057,0.0,23.412857478382367,2.4928972421769937
2023-09-24 00:00:00+00:00,-35.629999,-71.603888,170.0,open-meteo_ecmwf_ifs,daily,17.4715,4.6714997,21.92,6.3444176,2.4629657,77.54367,0.0,23.60572361956295,2.7288079114508
2023-09-25 00:00:00+00:00,-35.629999,-71.603888,170.0,open-meteo_ecmwf_ifs,daily,16.671501,4.9715,19.49,6.2027497,2.5423214,76.76342,1.1,23.798036976723857,2.5338896375917557
2023-09-26 00:00:00+00:00,-35.629999,-71.603888,170.0,open-meteo_ecmwf_ifs,daily,16.271502,3.8715,22.13,5.886083,4.132604,77.7531,2.3999996,23.989733582224495,2.6467657046082467
2023-09-27 00:00:00+00:00,-35.629999,-71.603888,170.0,open-meteo_ecmwf_ifs,daily,16.3715,3.4215,22.59,3.5340002,4.5407495,66.823814,0.0,24.180750174818257,3.0428913346202306
2023-09-28 00:00:00+00:00,-35.629999,-71.603888,170.0,open-meteo_ecmwf_ifs,daily,17.3715,7.9214997,22.68,7.015249,4.740542,75.83971,0.0,24.371024238693796,3.27493795524032
2023-09-29 00:00:00+00:00,-35.629999,-71.603888,170.0,open-meteo_ecmwf_ifs,daily,20.9715,3.6715,22.7,7.063167,2.2200654,74.97201,0.0,24.56049404101651,3.006281817193056
2023-09-30 00:00:00+00:00,-35.629999,-71.603888,170.0,open-meteo_ecmwf_ifs,daily,23.1215,5.4715,23.34,8.042333,1.837509,69.11494,0.0,24.74909866790285,3.312519832709237
2023-10-01 00:00:00+00:00,-35.629999,-71.603888,170.0,open-meteo_ecmwf_ifs,daily,16.0715,9.721499,8.59,9.879833,2.4290602,86.54925,0.1,24.936778058764165,1.6490539129609065
2023-10-02 00:00:00+00:00,-35.629999,-71.603888,170.0,open-meteo_ecmwf_ifs,daily,14.5215,8.9215,9.86,7.2319164,1.4402461,76.507774,2.6000001,25.12347303896108,1.7643877839393125
2023-10-03 00:00:00+00:00,-35.629999,-71.603888,170.0,open-meteo_ecmwf_ifs,daily,16.4715,5.9715,18.58,7.3548336,1.93795,80.31168,3.9,25.309125350714705,2.4675857719350125
2023-10-04 00:00:00+00:00,-35.629999,-71.603888,170.0,open-meteo_ecmwf_ifs,daily,18.7215,5.7215,23.97,6.7423325,2.9102554,76.18629,0.0,25.49367768222526,3.231177239042313
2023-10-05 00:00:00+00:00,-35.629999,-71.603888,170.0,open-meteo_ecmwf_ifs,daily,18.171501,4.3715,22.29,6.2339997,1.8540028,72.41988,0.1,25.67707369495413,2.894759233179578
2023-10-06 00:00:00+00:00,-35.629999,-71.603888,170.0,open-meteo_ecmwf_ifs,daily,16.771502,6.3715,19.51,5.729833,1.9613396,70.15936,0.1,25.859258049030625,2.7797228434637384
2023-10-07 00:00:00+00:00,-35.629999,-71.603888,170.0,open-meteo_ecmwf_ifs,daily,19.0715,5.7714996,24.64,6.554834,4.481324,72.77185,0.0,26.040176426749454,3.494350855544866
2023-10-08 00:00:00+00:00,-35.629999,-71.603888,170.0,open-meteo_ecmwf_ifs,daily,19.7215,4.4214997,24.48,5.2277493,3.6526105,66.88072,0.0,26.219775554131406,3.532240706552669
2023-10-09 00:00:00+00:00,-35.629999,-71.603888,170.0,open-meteo_ecmwf_ifs,daily,20.8215,5.9214997,22.06,6.125667,3.4700487,65.69696,0.0,26.39800322052408,3.5516889231032143
2023-10-10 00:00:00+00:00,-35.629999,-71.603888,170.0,open-meteo_ecmwf_ifs,daily,18.8715,6.6714997,21.32,6.9694157,2.340916,72.2898,0.0,26.574808296226127,3.1220975890068545
2023-10-11 00:00:00+00:00,-35.629999,-71.603888,170.0,open-meteo_ecmwf_ifs,daily,19.921501,6.2215,24.46,5.615249,2.7421439,64.8699,0.0,26.75014074812351,3.645342406181057
2023-10-12 00:00:00+00:00,-35.629999,-71.603888,170.0,open-meteo_ecmwf_ifs,daily,21.771502,6.7215,25.16,6.648584,3.570368,64.33383,0.0,26.923951653332207,3.995737348895838
2023-10-13 00:00:00+00:00,-35.629999,-71.603888,170.0,open-meteo_ecmwf_ifs,daily,21.921501,6.4214997,23.93,7.0173326,3.7159984,67.32946,0.0,27.096193210847524,3.8550782343755277
2023-10-14 00:00:00+00:00,-35.629999,-71.603888,170.0,open-meteo_ecmwf_ifs,daily,21.771502,7.0214996,25.39,6.1110835,3.0857441,62.68364,0.0,27.266818751205932,4.061801050700138
2023-10-15 00:00:00+00:00,-35.629999,-71.603888,170.0,open-meteo_ecmwf_ifs,daily,20.3715,6.6714997,25.8,5.8235836,3.949874,62.511578,0.0,27.435782744170826,4.042575624710859
2023-10-16 00:00:00+00:00,-35.629999,-71.603888,170.0,open-meteo_ecmwf_ifs,daily,21.521502,5.6215,26.62,4.5048327,4.767726,59.79509,0.0,27.603040804459596,4.43278637783286
2023-10-17 00:00:00+00:00,-35.629999,-71.603888,170.0,open-meteo_ecmwf_ifs,daily,25.271502,6.3215,26.47,6.869417,2.252067,60.43524,0.0,27.768549695534574,4.253124107173192
2023-10-18 00:00:00+00:00,-35.629999,-71.603888,170.0,open-meteo_ecmwf_ifs,daily,21.1215,10.2715,15.31,8.206917,4.5000963,64.4365,1.3,27.932267331486372,3.5594685957967123
2023-10-19 00:00:00+00:00,-35.629999,-71.603888,170.0,open-meteo_ecmwf_ifs,daily,24.0715,7.4214997,20.98,7.948581,3.3164623,67.52187,0.0,28.09415277704308,3.8785235522470964
2023-10-20 00:00:00+00:00,-35.629999,-71.603888,170.0,open-meteo_ecmwf_ifs,daily,20.7215,11.8215,11.65,10.39025,1.8999019,70.878944,0.0,28.254166245744305,2.5066580942624666
2023-10-21 00:00:00+00:00,-35.629999,-71.603888,170.0,open-meteo_ecmwf_ifs,daily,22.921501,11.0215,19.47,11.392333,2.1359704,75.47204,0.0,28.412269096324195,3.4040712849199046
2023-10-22 00:00:00+00:00,-35.629999,-71.603888,170.0,open-meteo_ecmwf_ifs,daily,24.0715,10.8715,24.96,10.2465,1.9687723,68.90777,0.0,28.568423827352163,4.170453936943851
2023-10-23 00:00:00+00:00,-35.629999,-71.603888,170.0,open-meteo_ecmwf_ifs,daily,21.1215,9.221499,21.05,9.348582,2.2220123,71.71816,0.0,28.72259407018517,3.4373723561009286
2023-10-24 00:00:00+00:00,-35.629999,-71.603888,170.0,open-meteo_ecmwf_ifs,daily,22.3215,9.2715,25.71,8.173582,3.4652054,68.107025,0.0,28.874744580289747,4.350692557163685
2023-10-25 00:00:00+00:00,-35.629999,-71.603888,170.0,open-meteo_ecmwf_ifs,daily,23.3215,8.1215,25.46,8.423583,3.1484175,66.140305,0.0,29.024841226996184,4.234917224063831
2023-10-26 00:00:00+00:00,-35.629999,-71.603888,170.0,open-meteo_ecmwf_ifs,daily,22.521502,8.3715,27.3,8.531917,2.024822,66.034515,0.0,29.172850981751598,4.188837855005493
2023-10-27 00:00:00+00:00,-35.629999,-71.603888,170.0,open-meteo_ecmwf_ifs,daily,17.171501,8.8715,12.43,8.117333,3.724991,74.534386,0.3,29.31874190494176,2.5073080332771003
2023-10-28 00:00:00+00:00,-35.629999,-71.603888,170.0,open-meteo_ecmwf_ifs,daily,12.8715,10.4215,2.75,7.5381665,6.1069865,76.10598,21.800003,29.462483131356134,1.7221821365751229
2023-10-29 00:00:00+00:00,-35.629999,-71.603888,170.0,open-meteo_ecmwf_ifs,daily,14.8715,9.971499,14.0,8.317332,5.1862745,78.146965,9.700002,29.604044854372273,2.524323260881752
2023-10-30 00:00:00+00:00,-35.629999,-71.603888,170.0,open-meteo_ecmwf_ifs,daily,15.221499,4.9214997,20.48,5.5381665,2.7365294,76.27491,0.0,29.743398308940055,2.8001274039344577
2023-10-31 00:00:00+00:00,-35.629999,-71.603888,170.0,open-meteo_ecmwf_ifs,daily,18.021502,5.2215,27.0,4.1860833,3.1987782,63.440952,0.0,29.880515753447717,3.8911897857013926
2023-11-01 00:00:00+00:00,-35.629999,-71.603888,170.0,open-meteo_ecmwf_ifs,daily,18.3715,5.9214997,24.29,6.2485833,2.3807805,68.97245,1.5,30.015370450554087,3.4973184244549933
2023-11-02 00:00:00+00:00,-35.629999,-71.603888,170.0,open-meteo_ecmwf_ifs,daily,18.4715,6.7215,25.87,8.154833,1.5700463,78.09789,0.1,30.147936647073738,3.553480423398662
2023-11-03 00:00:00+00:00,-35.629999,-71.603888,170.0,open-meteo_ecmwf_ifs,daily,23.171501,6.9214997,29.26,7.5673337,4.0319624,66.619514,0.1,30.2781895530023,4.678858460235082
2023-11-04 00:00:00+00:00,-35.629999,-71.603888,170.0,open-meteo_ecmwf_ifs,daily,23.421501,8.1715,28.46,7.2756667,3.2315786,60.933155,0.0,30.406105319771118,4.76273299358073
2023-11-05 00:00:00+00:00,-35.629999,-71.603888,170.0,open-meteo_ecmwf_ifs,daily,20.3215,9.6715,14.07,8.692334,1.9517046,73.230095,0.0,30.53166101782066,2.7855374100275023
2023-11-06 00:00:00+00:00,-35.629999,-71.603888,170.0,open-meteo_ecmwf_ifs,daily,20.4715,9.5715,17.14,9.465249,2.417508,75.58599,0.0,30.65483461358238,3.1013310696228515
2023-11-07 00:00:00+00:00,-35.629999,-71.603888,170.0,open-meteo_ecmwf_ifs,daily,20.8215,11.2715,25.86,8.075666,2.433503,65.83472,1.2,30.775604945959003,4.3689279810755135
2023-11-08 00:00:00+00:00,-35.629999,-71.603888,170.0,open-meteo_ecmwf_ifs,daily,23.021502,7.8715,30.0,7.6631665,4.882801,63.94754,0.0,30.8939517023923,4.9738819058900665
2023-11-09 00:00:00+00:00,-35.629999,-71.603888,170.0,open-meteo_ecmwf_ifs,daily,24.7215,9.0215,28.97,9.050667,2.837494,65.113144,0.0,31.009855394606944,4.859789283483369
2023-11-10 00:00:00+00:00,-35.629999,-71.603888,170.0,open-meteo_ecmwf_ifs,daily,17.7215,9.7715,10.38,9.427749,3.285291,79.653755,3.3,31.123297334117666,2.2660293937171265
2023-11-11 00:00:00+00:00,-35.629999,-71.603888,170.0,open-meteo_ecmwf_ifs,daily,13.6715,10.721499,4.57,9.37775,4.207033,84.97056,7.7000003,31.234259607585088,1.4304319988064933
2023-11-12 00:00:00+00:00,-35.629999,-71.603888,170.0,open-meteo_ecmwf_ifs,daily,16.921501,5.4214997,28.52,3.3339996,4.2444015,63.239502,0.2,31.342725052104274,4.152561033953386
2023-11-13 00:00:00+00:00,-35.629999,-71.603888,170.0,open-meteo_ecmwf_ifs,daily,19.0715,4.3215,30.82,3.1152503,4.5113583,57.916523,0.0,31.448677230507144,4.536868953430351
2023-11-14 00:00:00+00:00,-35.629999,-71.603888,170.0,open-meteo_ecmwf_ifs,daily,19.921501,6.8215,26.76,5.336083,4.2775626,62.27946,0.0,31.55210040675744,4.386801138921582
2023-11-15 00:00:00+00:00,-35.629999,-71.603888,170.0,open-meteo_ecmwf_ifs,daily,19.4715,6.2714996,26.53,4.348583,2.931118,59.84874,0.0,31.652979521514183,4.192722475699787
2023-11-16 00:00:00+00:00,-35.629999,-71.603888,170.0,open-meteo_ecmwf_ifs,daily,21.8215,6.2714996,29.49,5.8548336,3.697842,63.85935,0.0,31.751300167936037,4.685985081838693
2023-11-17 00:00:00+00:00,-35.629999,-71.603888,170.0,open-meteo_ecmwf_ifs,daily,14.5215,10.5715,8.39,9.506916,5.8670483,84.818306,32.699997,31.847048567795724,1.8965717182353505
2023-11-18 00:00:00+00:00,-35.629999,-71.603888,170.0,open-meteo_ecmwf_ifs,daily,17.421501,10.1215,13.78,10.14025,2.4199054,83.89379,2.5,31.94021154796953,2.437690618970524
2023-11-19 00:00:00+00:00,-35.629999,-71.603888,170.0,open-meteo_ecmwf_ifs,daily,23.7215,6.3715,30.64,8.579833,2.4648428,69.32161,0.0,32.030776517363314,4.641199543184696
2023-11-20 00:00:00+00:00,-35.629999,-71.603888,170.0,open-meteo_ecmwf_ifs,daily,21.521502,9.471499,26.41,9.152749,2.0217054,70.77731,0.0,32.11873144433215,4.21699721405428
2023-11-21 00:00:00+00:00,-35.629999,-71.603888,170.0,open-meteo_ecmwf_ifs,daily,21.8715,10.2715,27.0,8.0235815,3.9938574,64.056175,0.0,32.20406483464601,4.812248240000994
2023-11-22 00:00:00+00:00,-35.629999,-71.603888,170.0,open-meteo_ecmwf_ifs,daily,21.771502,8.5215,29.26,7.934,4.2051005,66.63282,0.0,32.28676571005012,4.7692884887763665
2023-11-23 00:00:00+00:00,-35.629999,-71.603888,170.0,open-meteo_ecmwf_ifs,daily,27.521502,7.8215,31.82,7.5256658,4.535494,56.722378,0.0,32.36682358746337,5.940391816276527
2023-11-24 00:00:00+00:00,-35.629999,-71.603888,170.0,open-meteo_ecmwf_ifs,daily,26.7215,12.9215,30.69,12.425667,2.7796834,63.744587,0.0,32.44422845885387,5.5124499840823065
2023-11-25 00:00:00+00:00,-35.629999,-71.603888,170.0,open-meteo_ecmwf_ifs,daily,26.671501,11.221499,27.29,13.215249,1.9532942,74.26586,0.0,32.51897077182602,4.710143005451167
2023-11-26 00:00:00+00:00,-35.629999,-71.603888,170.0,open-meteo_ecmwf_ifs,daily,27.3215,12.7715,28.7,13.029832,1.8037958,69.798805,0.0,32.591041410948804,5.115281889163156
2023-11-27 00:00:00+00:00,-35.629999,-71.603888,170.0,open-meteo_ecmwf_ifs,daily,23.8715,11.5715,24.47,11.619416,3.780997,70.08527,0.0,32.66043167985034,4.469941622076225
2023-11-28 00:00:00+00:00,-35.629999,-71.603888,170.0,open-meteo_ecmwf_ifs,daily,23.271502,12.0715,23.49,9.473582,2.4691646,63.571705,0.0,32.72713328409934,4.443953346983415
2023-11-29 00:00:00+00:00,-35.629999,-71.603888,170.0,open-meteo_ecmwf_ifs,daily,25.9715,10.471499,32.67,7.7944164,5.14413,57.291473,0.0,32.791138314889395,6.307536850073539
2023-11-30 00:00:00+00:00,-35.629999,-71.603888,170.0,open-meteo_ecmwf_ifs,daily,26.4715,11.6215,31.4,9.698583,2.715052,57.959377,0.0,32.85243923353839,5.686993464944541
2023-12-01 00:00:00+00:00,-35.629999,-71.603888,170.0,open-meteo_ecmwf_ifs,daily,22.8215,12.3715,16.71,10.31525,1.8934487,69.79553,0.3,32.91102885681044,3.444232413470264
2023-12-02 00:00:00+00:00,-35.629999,-71.603888,170.0,open-meteo_ecmwf_ifs,daily,21.6215,11.721499,31.82,5.7089996,5.424145,54.667175,0.0,32.96690034306469,6.076576552425341
2023-12-03 00:00:00+00:00,-35.629999,-71.603888,170.0,open-meteo_ecmwf_ifs,daily,25.021502,7.5715,33.03,2.4339998,5.769508,44.013866,0.0,33.02004717923117,6.600891593517992
2023-12-04 00:00:00+00:00,-35.629999,-71.603888,170.0,open-meteo_ecmwf_ifs,daily,28.171501,10.3215,32.82,7.0152493,2.412389,49.19887,0.0,33.07046316861084,6.025927544145949
2023-12-05 00:00:00+00:00,-35.629999,-71.603888,170.0,open-meteo_ecmwf_ifs,daily,22.921501,10.2715,28.67,8.333999,3.6632004,62.028122,0.0,33.118142419494106,5.07888490606231
2023-12-06 00:00:00+00:00,-35.629999,-71.603888,170.0,open-meteo_ecmwf_ifs,daily,27.8715,10.0715,31.69,9.004832,2.590713,61.528976,0.0,33.16307933458884,5.749528423115401
2023-12-07 00:00:00+00:00,-35.629999,-71.603888,170.0,open-meteo_ecmwf_ifs,daily,31.3715,13.5715,32.91,9.852751,3.3602135,51.595673,0.0,33.20526860124732,6.964256838885017
2023-12-08 00:00:00+00:00,-35.629999,-71.603888,170.0,open-meteo_ecmwf_ifs,daily,27.9715,14.4215,32.05,10.275666,3.5851886,52.42544,0.0,33.24470518247902,6.537229595706287
2023-12-09 00:00:00+00:00,-35.629999,-71.603888,170.0,open-meteo_ecmwf_ifs,daily,28.1215,10.8715,33.09,6.292333,5.549423,46.394733,0.0,33.28138430873483,7.171098892928358
2023-12-10 00:00:00+00:00,-35.629999,-71.603888,170.0,open-meteo_ecmwf_ifs,daily,33.8715,11.971499,32.56,9.111083,4.165826,47.501553,0.0,33.31530147044687,7.454593863872566
2023-12-11 00:00:00+00:00,-35.629999,-71.603888,170.0,open-meteo_ecmwf_ifs,daily,24.671501,12.1215,25.55,9.671499,4.178021,64.08947,0.1,33.34645241130739,5.215962421877659
2023-12-12 00:00:00+00:00,-35.629999,-71.603888,170.0,open-meteo_ecmwf_ifs,daily,26.0715,12.0715,28.98,8.354833,4.553917,55.18231,0.0,33.37483312226973,6.072000963111851
2023-12-13 00:00:00+00:00,-35.629999,-71.603888,170.0,open-meteo_ecmwf_ifs,daily,28.9715,10.7715,32.89,4.94025,3.9485254,42.465343,0.0,33.40043983625405,6.944683180309963
2023-12-14 00:00:00+00:00,-35.629999,-71.603888,170.0,open-meteo_ecmwf_ifs,daily,27.771502,13.0715,32.36,6.4756665,3.2553952,43.517838,0.0,33.42326902354119,6.6396555789508
2023-12-15 00:00:00+00:00,-35.629999,-71.603888,170.0,open-meteo_ecmwf_ifs,daily,26.9715,10.221499,31.85,6.8798347,2.8086462,53.258038,0.0,33.44331738783805,5.933700629069253
2023-12-16 00:00:00+00:00,-35.629999,-71.603888,170.0,open-meteo_ecmwf_ifs,daily,21.021502,9.8215,23.91,6.5215,3.4724855,58.13765,0.0,33.46058186299931,4.515493971319273
2023-12-17 00:00:00+00:00,-35.629999,-71.603888,170.0,open-meteo_ecmwf_ifs,daily,21.671501,12.5715,19.21,9.004834,3.0755892,67.80368,11.900001,33.47505961039131,4.074414133243585
2023-12-18 00:00:00+00:00,-35.629999,-71.603888,170.0,open-meteo_ecmwf_ifs,daily,25.7215,8.8215,33.39,4.5652494,4.865044,48.016987,0.0,33.486748016885436,6.500555283697256
2023-12-19 00:00:00+00:00,-35.629999,-71.603888,170.0,open-meteo_ecmwf_ifs,daily,23.6215,11.6215,32.24,8.800666,3.3293312,56.688686,0.0,33.49564469346986,5.646932171073455
2023-12-20 00:00:00+00:00,-35.629999,-71.603888,170.0,open-meteo_ecmwf_ifs,daily,27.3215,9.721499,31.7,9.098582,2.5555878,64.4486,0.0,33.50174747447102,5.645263874093027
2023-12-21 00:00:00+00:00,-35.629999,-71.603888,170.0,open-meteo_ecmwf_ifs,daily,29.421501,12.8215,32.94,9.267334,3.0377462,53.52017,0.0,33.50505441737749,6.563935013674714
2023-12-22 00:00:00+00:00,-35.629999,-71.603888,170.0,open-meteo_ecmwf_ifs,daily,31.021502,13.7715,33.18,7.9465003,3.996028,46.795902,0.0,33.505563803261865,7.439676685989831
2023-12-23 00:00:00+00:00,-35.629999,-71.603888,170.0,open-meteo_ecmwf_ifs,daily,30.021502,14.0715,27.41,9.625667,3.2845118,49.550278,0.0,33.50327413779824,6.2360337396423295
2023-12-24 00:00:00+00:00,-35.629999,-71.603888,170.0,open-meteo_ecmwf_ifs,daily,30.7215,13.0215,32.69,9.584,2.428974,51.25803,0.0,33.49818415287503,6.466499886614597
2023-12-25 00:00:00+00:00,-35.629999,-71.603888,170.0,open-meteo_ecmwf_ifs,daily,33.4715,14.3215,33.26,8.6965,3.5479634,42.11619,0.0,33.490292808805684,7.602723003983072
2023-12-26 00:00:00+00:00,-35.629999,-71.603888,170.0,open-meteo_ecmwf_ifs,daily,28.171501,15.1215,32.37,12.536082,2.772912,56.263065,0.0,33.47959929714205,6.2449356517021055
2023-12-27 00:00:00+00:00,-35.629999,-71.603888,170.0,open-meteo_ecmwf_ifs,daily,26.0715,14.221499,22.02,12.656917,2.2764742,65.02932,0.0,33.466103044096805,4.474891495580314
2023-12-28 00:00:00+00:00,-35.629999,-71.603888,170.0,open-meteo_ecmwf_ifs,daily,22.7215,16.521502,10.09,13.852748,2.2907765,72.26574,0.1,33.44980371458443,2.735461102976014
2023-12-29 00:00:00+00:00,-35.629999,-71.603888,170.0,open-meteo_ecmwf_ifs,daily,29.521502,13.1715,31.28,11.840249,1.3812028,65.06686,0.0,33.43070121689129,5.691441755757253
2023-12-30 00:00:00+00:00,-35.629999,-71.603888,170.0,open-meteo_ecmwf_ifs,daily,24.7215,13.7715,18.02,12.748584,3.995262,68.97816,0.0,33.40879570798771,4.103020657580953
2023-12-31 00:00:00+00:00,-35.629999,-71.603888,170.0,open-meteo_ecmwf_ifs,daily,26.271502,11.1215,28.25,10.961083,2.2454152,68.06472,0.0,33.38408759949582,5.056820459837662
2024-01-01 00:00:00+00:00,-35.629999,-71.603888,170.0,open-meteo_ecmwf_ifs,daily,28.9715,12.6215,31.78,11.715249,1.3213128,63.067112,0.0,33.35657756432903,5.6464455298823095
2024-01-02 00:00:00+00:00,-35.629999,-71.603888,170.0,open-meteo_ecmwf_ifs,daily,31.921501,14.1215,32.6,10.794415,2.732116,53.359043,0.0,33.326266544018836,6.74878533905426
2024-01-03 00:00:00+00:00,-35.629999,-71.603888,170.0,open-meteo_ecmwf_ifs,daily,32.0715,15.721499,32.29,10.325665,3.0518606,46.425884,0.0,33.29315575674632,7.104471477151313
2024-01-04 00:00:00+00:00,-35.629999,-71.603888,170.0,open-meteo_ecmwf_ifs,daily,32.2215,16.271502,31.73,12.500667,2.4128933,52.562214,0.0,33.25724670609506,6.6657278756070255
2024-01-05 00:00:00+00:00,-35.629999,-71.603888,170.0,open-meteo_ecmwf_ifs,daily,29.021502,14.8715,26.41,14.588164,2.2277853,67.32401,0.2,33.21854119054278,5.217342158163938
2024-01-06 00:00:00+00:00,-35.629999,-71.603888,170.0,open-meteo_ecmwf_ifs,daily,27.9715,14.471499,29.89,12.198583,2.8865633,60.105785,0.0,33.177041313707946,5.878799241422317
2024-01-07 00:00:00+00:00,-35.629999,-71.603888,170.0,open-meteo_ecmwf_ifs,daily,27.771502,13.0715,31.3,11.061084,3.7189949,60.355618,0.0,33.13274949536722,6.144056630719822
2024-01-08 00:00:00+00:00,-35.629999,-71.603888,170.0,open-meteo_ecmwf_ifs,daily,28.421501,13.5215,32.59,7.6340003,4.3716307,48.011074,0.0,33.08566848325796,7.086565142287978
2024-01-09 00:00:00+00:00,-35.629999,-71.603888,170.0,open-meteo_ecmwf_ifs,daily,28.521502,12.5215,32.24,7.544416,3.4961176,47.835957,0.0,33.035801365678644,6.619479214027351
2024-01-10 00:00:00+00:00,-35.629999,-71.603888,170.0,open-meteo_ecmwf_ifs,daily,29.1215,12.721499,32.67,5.492333,3.6738622,40.01197,0.0,32.98315158489778,7.031167276855705
2024-01-11 00:00:00+00:00,-35.629999,-71.603888,170.0,open-meteo_ecmwf_ifs,daily,29.8715,13.4215,31.83,6.9464993,2.408638,43.402355,0.0,32.92772295137995,6.424417160344227
2024-01-12 00:00:00+00:00,-35.629999,-71.603888,170.0,open-meteo_ecmwf_ifs,daily,30.1215,14.3715,29.78,7.7215,1.9513823,43.15887,0.0,32.8695196588342,6.023220842981342
2024-01-13 00:00:00+00:00,-35.629999,-71.603888,170.0,open-meteo_ecmwf_ifs,daily,28.8715,12.6215,30.45,9.783998,2.1845262,55.3067,0.0,32.80854630008762,5.806386244122262
2024-01-14 00:00:00+00:00,-35.629999,-71.603888,170.0,open-meteo_ecmwf_ifs,daily,30.6215,13.3215,32.61,4.7756658,4.4892845,37.98641,0.0,32.74480788378299,7.739324187028499
2024-01-15 00:00:00+00:00,-35.629999,-71.603888,170.0,open-meteo_ecmwf_ifs,daily,29.4715,13.2715,32.04,6.919417,4.051119,42.362553,0.0,32.67830985189631,7.092396057475241
2024-01-16 00:00:00+00:00,-35.629999,-71.603888,170.0,open-meteo_ecmwf_ifs,daily,31.1215,14.7715,31.99,9.071499,4.7652707,47.10147,0.0,32.60905809806523,7.600275841037611
2024-01-17 00:00:00+00:00,-35.629999,-71.603888,170.0,open-meteo_ecmwf_ifs,daily,30.8715,15.6215,27.95,9.838167,2.804018,44.75307,0.0,32.53705898671621,6.306448178098603
2024-01-18 00:00:00+00:00,-35.629999,-71.603888,170.0,open-meteo_ecmwf_ifs,daily,30.7215,15.221499,32.07,6.992334,5.563125,40.96755,0.0,32.46231937297304,8.20582772062698
2024-01-19 00:00:00+00:00,-35.629999,-71.603888,170.0,open-meteo_ecmwf_ifs,daily,32.0715,13.4215,31.91,5.8631663,4.2437806,38.01082,0.0,32.38484662332534,7.654184019439558
2024-01-20 00:00:00+00:00,-35.629999,-71.603888,170.0,open-meteo_ecmwf_ifs,daily,30.8715,14.471499,31.52,8.89025,3.0172157,42.91104,0.0,32.30464863703073,6.740547255536849
2024-01-21 00:00:00+00:00,-35.629999,-71.603888,170.0,open-meteo_ecmwf_ifs,daily,33.171497,15.8215,31.16,10.009001,2.2604048,43.323895,0.0,32.22173386821974,6.637464529547569
2024-01-22 00:00:00+00:00,-35.629999,-71.603888,170.0,open-meteo_ecmwf_ifs,daily,35.671497,18.3215,30.46,13.127749,2.1016579,47.274837,0.0,32.136111348667626,6.790468899359887
2024-01-23 00:00:00+00:00,-35.629999,-71.603888,170.0,open-meteo_ecmwf_ifs,daily,31.2215,15.3215,30.2,13.027751,2.9332297,56.493572,0.0,32.04779071119253,6.31426865806062
2024-01-24 00:00:00+00:00,-35.629999,-71.603888,170.0,open-meteo_ecmwf_ifs,daily,36.3215,16.6215,31.19,9.734,2.482065,44.21945,0.0,31.956782213634447,7.158494908827726
2024-01-25 00:00:00+00:00,-35.629999,-71.603888,170.0,open-meteo_ecmwf_ifs,daily,33.4715,17.9715,30.39,9.484,2.7266028,38.572113,0.0,31.86309676336501,7.079750946639002
2024-01-26 00:00:00+00:00,-35.629999,-71.603888,170.0,open-meteo_ecmwf_ifs,daily,30.0715,14.6215,28.8,12.871501,2.4028249,60.51268,0.0,31.7667459422731,5.7383252689032815
2024-01-27 00:00:00+00:00,-35.629999,-71.603888,170.0,open-meteo_ecmwf_ifs,daily,33.6215,15.8715,27.75,12.798583,2.399138,54.994965,0.0,31.66774203216697,6.133907323621097
2024-01-28 00:00:00+00:00,-35.629999,-71.603888,170.0,open-meteo_ecmwf_ifs,daily,31.7215,17.3215,29.68,13.129833,2.7350624,52.13181,0.0,31.566098040529287,6.44891343846918
2024-01-29 00:00:00+00:00,-35.629999,-71.603888,170.0,open-meteo_ecmwf_ifs,daily,34.1215,15.4215,29.85,11.350666,1.9162483,51.616352,0.0,31.461827726556972,6.214374267998937
2024-01-30 00:00:00+00:00,-35.629999,-71.603888,170.0,open-meteo_ecmwf_ifs,daily,35.171497,17.171501,30.28,5.26525,3.470064,28.701319,0.0,31.35494562741421,7.87456504602279
2024-01-31 00:00:00+00:00,-35.629999,-71.603888,170.0,open-meteo_ecmwf_ifs,daily,35.671497,17.921501,30.4,7.2715,4.627111,32.673687,0.0,31.245467084622955,8.693400378447553
2024-02-01 00:00:00+00:00,-35.629999,-71.603888,170.0,open-meteo_ecmwf_ifs,daily,35.9715,18.521502,30.19,9.396501,4.21496,37.63297,0.0,31.13340827051205,8.332974055778362
2024-02-02 00:00:00+00:00,-35.629999,-71.603888,170.0,open-meteo_ecmwf_ifs,daily,35.2715,18.8215,29.71,10.711082,5.4790745,43.221375,0.0,31.018786214642887,8.781861102925529
2024-02-03 00:00:00+00:00,-35.629999,-71.603888,170.0,open-meteo_ecmwf_ifs,daily,33.4715,17.521502,29.97,9.608999,6.4257274,41.89284,0.0,30.901618830126672,8.830500425750103
2024-02-04 00:00:00+00:00,-35.629999,-71.603888,170.0,open-meteo_ecmwf_ifs,daily,31.271502,16.521502,29.34,9.104833,3.8689623,39.732265,0.0,30.78192493974612,7.102564306243228
2024-02-05 00:00:00+00:00,-35.629999,-71.603888,170.0,open-meteo_ecmwf_ifs,daily,32.0215,14.1715,28.85,10.673583,2.2402437,56.043087,0.0,30.65972430179191,5.920139110976436
2024-02-06 00:00:00+00:00,-35.629999,-71.603888,170.0,open-meteo_ecmwf_ifs,daily,33.9715,15.8215,28.84,11.233998,2.9941652,48.86648,0.0,30.535037635523107,6.644258167966931
2024-02-07 00:00:00+00:00,-35.629999,-71.603888,170.0,open-meteo_ecmwf_ifs,daily,34.0215,18.6215,27.78,14.129833,5.307943,52.209396,0.0,30.4078866461588,7.629270774165774
2024-02-08 00:00:00+00:00,-35.629999,-71.603888,170.0,open-meteo_ecmwf_ifs,daily,31.921501,16.5715,28.22,7.7715,3.4282916,36.481266,0.0,30.278294049307576,6.9231661020878015
2024-02-09 00:00:00+00:00,-35.629999,-71.603888,170.0,open-meteo_ecmwf_ifs,daily,31.3715,15.3215,28.24,9.954833,3.256441,47.038876,0.0,30.146283594741053,6.411974529391198
2024-02-10 00:00:00+00:00,-35.629999,-71.603888,170.0,open-meteo_ecmwf_ifs,daily,31.8715,14.1215,28.37,10.063167,1.877056,51.145695,0.0,30.011880089416923,5.642703819369954
2024-02-11 00:00:00+00:00,-35.629999,-71.603888,170.0,open-meteo_ecmwf_ifs,daily,31.271502,15.0715,28.01,11.215249,2.732979,51.30836,0.0,29.87510941965819,5.9735976860888025
2024-02-12 00:00:00+00:00,-35.629999,-71.603888,170.0,open-meteo_ecmwf_ifs,daily,33.5215,14.3215,28.85,7.900667,5.3995285,44.049854,0.0,29.735998572394774,7.8529533297956675
2024-02-13 00:00:00+00:00,-35.629999,-71.603888,170.0,open-meteo_ecmwf_ifs,daily,34.0715,16.3715,28.07,9.354833,3.2534256,39.67248,0.0,29.59457565537588,6.858839900851239
2024-02-14 00:00:00+00:00,-35.629999,-71.603888,170.0,open-meteo_ecmwf_ifs,daily,30.8715,14.8215,26.68,13.267334,2.8942688,64.13471,0.0,29.4508699162619,5.5827461018154505
2024-02-15 00:00:00+00:00,-35.629999,-71.603888,170.0,open-meteo_ecmwf_ifs,daily,32.5215,14.6715,27.37,13.171498,1.9017695,58.71475,0.0,29.304911760507384,5.445383586794525
2024-02-16 00:00:00+00:00,-35.629999,-71.603888,170.0,open-meteo_ecmwf_ifs,daily,32.1215,15.221499,27.35,10.969417,2.3415835,50.025486,0.0,29.156732767948103,5.781444252027357
2024-02-17 00:00:00+00:00,-35.629999,-71.603888,170.0,open-meteo_ecmwf_ifs,daily,32.4715,16.0215,28.07,9.665251,5.4722896,51.606327,0.0,29.00636570800827,7.621958333581252
2024-02-18 00:00:00+00:00,-35.629999,-71.603888,170.0,open-meteo_ecmwf_ifs,daily,35.5715,14.9215,27.55,7.8694158,2.9250383,38.28163,0.0,28.85384455344674,6.631839089927775
2024-02-19 00:00:00+00:00,-35.629999,-71.603888,170.0,open-meteo_ecmwf_ifs,daily,28.8215,15.5715,26.07,11.823583,3.8805523,53.832108,0.0,28.699204492564213,5.800216533243169
2024-02-20 00:00:00+00:00,-35.629999,-71.603888,170.0,open-meteo_ecmwf_ifs,daily,27.9715,15.221499,23.17,12.981917,3.3022177,64.451416,0.0,28.542481939797277,4.9688536925283096
2024-02-21 00:00:00+00:00,-35.629999,-71.603888,170.0,open-meteo_ecmwf_ifs,daily,26.771502,14.6715,23.21,12.921498,2.9648972,64.59441,0.0,28.38371454462894,4.651169231183371
2024-02-22 00:00:00+00:00,-35.629999,-71.603888,170.0,open-meteo_ecmwf_ifs,daily,25.771502,15.3715,19.52,10.500666,2.2567804,60.168392,0.6,28.2229411987493,4.235031824706261
2024-02-23 00:00:00+00:00,-35.629999,-71.603888,170.0,open-meteo_ecmwf_ifs,daily,29.8715,13.4215,26.41,8.231915,3.0364254,47.983063,0.0,28.060202041404956,5.704678221815614
2024-02-24 00:00:00+00:00,-35.629999,-71.603888,170.0,open-meteo_ecmwf_ifs,daily,31.3715,15.3215,25.39,8.594416,2.2693634,41.264103,0.0,27.895538462879994,5.494976483677443
2024-02-25 00:00:00+00:00,-35.629999,-71.603888,170.0,open-meteo_ecmwf_ifs,daily,31.771502,16.3715,25.96,8.0465,2.8694298,38.72413,0.0,27.72899310605673,6.085759075033571
2024-02-26 00:00:00+00:00,-35.629999,-71.603888,170.0,open-meteo_ecmwf_ifs,daily,30.7215,15.0715,26.05,6.315249,3.076245,37.429638,0.0,27.56060986600922,6.072886815103856
2024-02-27 00:00:00+00:00,-35.629999,-71.603888,170.0,open-meteo_ecmwf_ifs,daily,30.8715,14.3215,25.76,7.731917,3.1551707,43.34164,0.0,27.390433887588436,5.906194772578204
2024-02-28 00:00:00+00:00,-35.629999,-71.603888,170.0,open-meteo_ecmwf_ifs,daily,31.8215,14.6215,25.34,10.823583,4.203835,52.57188,0.0,27.2185115609629,6.189361450500927
2024-02-29 00:00:00+00:00,-35.629999,-71.603888,170.0,open-meteo_ecmwf_ifs,daily,31.8215,15.3715,25.75,7.9256654,3.47025,40.039833,0.0,27.04489051508483,6.269574869227038
2024-03-01 00:00:00+00:00,-35.629999,-71.603888,170.0,open-meteo_ecmwf_ifs,daily,30.8715,15.1715,24.9,7.404833,2.927803,42.835087,0.0,26.869619609057338,5.767982784361411
2024-03-02 00:00:00+00:00,-35.629999,-71.603888,170.0,open-meteo_ecmwf_ifs,daily,29.421501,15.2715,25.76,5.12775,5.9529204,36.27471,0.0,26.692748921384307,7.450275926740184
2024-03-03 00:00:00+00:00,-35.629999,-71.603888,170.0,open-meteo_ecmwf_ifs,daily,28.5715,12.4215,25.53,4.2173333,3.3809788,36.899387,0.0,26.514329737090346,5.728541559983932
2024-03-04 00:00:00+00:00,-35.629999,-71.603888,170.0,open-meteo_ecmwf_ifs,daily,30.3215,12.5215,25.04,5.4527497,2.771284,39.334316,0.0,26.334414532704688,5.440595050115912
2024-03-05 00:00:00+00:00,-35.629999,-71.603888,170.0,open-meteo_ecmwf_ifs,daily,31.1215,13.9215,24.57,8.646499,1.7832217,46.41101,0.0,26.153056959108557,4.822442293749409
2024-03-06 00:00:00+00:00,-35.629999,-71.603888,170.0,open-meteo_ecmwf_ifs,daily,29.4715,13.9215,24.34,9.3215,2.8848438,48.064068,0.0,25.97031182225184,5.1870563871867255
2024-03-07 00:00:00+00:00,-35.629999,-71.603888,170.0,open-meteo_ecmwf_ifs,daily,26.921501,11.9215,23.56,8.083999,2.8241758,52.321125,0.0,25.786235061751064,4.6845761368947345
2024-03-08 00:00:00+00:00,-35.629999,-71.603888,170.0,open-meteo_ecmwf_ifs,daily,25.9715,10.7715,22.1,7.74025,1.9634537,54.283627,0.0,25.60088372738656,4.014506343266575
2024-03-09 00:00:00+00:00,-35.629999,-71.603888,170.0,open-meteo_ecmwf_ifs,daily,27.7215,12.0715,24.06,8.556917,4.4709287,57.93002,0.0,25.41431595352285,5.360349050574315
2024-03-10 00:00:00+00:00,-35.629999,-71.603888,170.0,open-meteo_ecmwf_ifs,daily,26.8715,11.4215,20.91,6.569416,2.566945,47.802105,0.0,25.226590931482182,4.3638904255799105
2024-03-11 00:00:00+00:00,-35.629999,-71.603888,170.0,open-meteo_ecmwf_ifs,daily,27.421501,10.721499,23.48,8.050666,2.5177853,54.363445,0.0,25.037768879906942,4.426051398223278
2024-03-12 00:00:00+00:00,-35.629999,-71.603888,170.0,open-meteo_ecmwf_ifs,daily,26.521502,10.7715,19.62,10.156916,1.7890172,64.94789,0.0,24.847911013152537,3.549913356438238
2024-03-13 00:00:00+00:00,-35.629999,-71.603888,170.0,open-meteo_ecmwf_ifs,daily,25.2215,12.471499,22.75,9.436083,3.6374738,60.427433,0.0,24.65707950775774,4.519572309306139
2024-03-14 00:00:00+00:00,-35.629999,-71.603888,170.0,open-meteo_ecmwf_ifs,daily,26.271502,11.5715,23.38,7.083999,5.250938,54.274136,0.0,24.465337467045213,5.40475106363784
2024-03-15 00:00:00+00:00,-35.629999,-71.603888,170.0,open-meteo_ecmwf_ifs,daily,26.171501,9.4215,23.41,3.8715003,4.612045,45.53732,0.0,24.272748883909884,5.2793237598855125
2024-03-16 00:00:00+00:00,-35.629999,-71.603888,170.0,open-meteo_ecmwf_ifs,daily,26.771502,10.971499,22.72,5.2631664,4.7919135,46.439816,0.0,24.07937860185827,5.4197652687961995
2024-03-17 00:00:00+00:00,-35.629999,-71.603888,170.0,open-meteo_ecmwf_ifs,daily,25.921501,10.221499,21.52,3.7214997,4.217396,42.616543,0.0,23.885292274366574,5.060451378379618
2024-03-18 00:00:00+00:00,-35.629999,-71.603888,170.0,open-meteo_ecmwf_ifs,daily,27.421501,10.6715,20.81,3.2527497,4.3986645,40.090572,0.0,23.690556322630034,5.379998708224566
2024-03-19 00:00:00+00:00,-35.629999,-71.603888,170.0,open-meteo_ecmwf_ifs,daily,28.3715,10.9215,21.61,3.8756666,2.9697144,39.072685,0.0,23.4952378917807,4.773814507396651
2024-03-20 00:00:00+00:00,-35.629999,-71.603888,170.0,open-meteo_ecmwf_ifs,daily,17.171501,11.2715,3.21,9.888167,3.1197298,76.94573,9.9,23.299404805654703,1.5398135196038583
2024-03-21 00:00:00+00:00,-35.629999,-71.603888,170.0,open-meteo_ecmwf_ifs,daily,25.521502,11.3215,20.2,11.769417,1.8768483,75.70081,0.0,23.1031255201944,3.356851026824261
2024-03-22 00:00:00+00:00,-35.629999,-71.603888,170.0,open-meteo_ecmwf_ifs,daily,28.271502,12.721499,20.24,12.596499,2.2803605,66.97717,0.2,22.906469075574332,3.7721387712507704
2024-03-23 00:00:00+00:00,-35.629999,-71.603888,170.0,open-meteo_ecmwf_ifs,daily,26.3715,14.1215,18.53,12.8965,2.5133445,64.689964,0.0,22.70950504714321,3.586695696351243
2024-03-24 00:00:00+00:00,-35.629999,-71.603888,170.0,open-meteo_ecmwf_ifs,daily,27.521502,14.0715,20.18,13.890251,4.1869674,72.2008,0.0,22.51230349527776,4.1388864626401745
2024-03-25 00:00:00+00:00,-35.629999,-71.603888,170.0,open-meteo_ecmwf_ifs,daily,25.8215,13.5215,17.17,13.000667,2.3148015,69.95873,0.0,22.314934914246663,3.24689322643283
2024-03-26 00:00:00+00:00,-35.629999,-71.603888,170.0,open-meteo_ecmwf_ifs,daily,29.421501,13.9215,18.36,13.500668,3.3321545,66.191185,0.0,22.117470180185713,4.034113064119221
2024-03-27 00:00:00+00:00,-35.629999,-71.603888,170.0,open-meteo_ecmwf_ifs,daily,28.271502,14.5215,18.93,13.561082,3.6912844,67.33803,0.0,21.919980498287526,4.097727128691495
2024-03-28 00:00:00+00:00,-35.629999,-71.603888,170.0,open-meteo_ecmwf_ifs,daily,28.171501,12.971499,18.5,12.406915,2.0162308,64.965904,0.0,21.722537349311107,3.452873401739257
2024-03-29 00:00:00+00:00,-35.629999,-71.603888,170.0,open-meteo_ecmwf_ifs,daily,28.1215,14.2715,19.16,11.815249,3.0825224,59.25867,0.0,21.52521243551819,4.075303864145912
2024-03-30 00:00:00+00:00,-35.629999,-71.603888,170.0,open-meteo_ecmwf_ifs,daily,26.2215,10.9215,19.29,5.4360824,5.18819,46.86215,0.0,21.32807762614494,5.0187759365987175
2024-03-31 00:00:00+00:00,-35.629999,-71.603888,170.0,open-meteo_ecmwf_ifs,daily,19.9715,11.2715,9.81,4.5256658,4.513652,48.374226,0.0,21.131204902518217,3.541339193551538
2024-04-01 00:00:00+00:00,-35.629999,-71.603888,170.0,open-meteo_ecmwf_ifs,daily,23.3215,9.1715,19.19,3.2735834,3.529766,46.91998,0.0,20.93466630292684,4.005101138737667
2024-04-02 00:00:00+00:00,-35.629999,-71.603888,170.0,open-meteo_ecmwf_ifs,daily,21.671501,11.5715,7.86,7.106916,2.7803333,59.20866,20.9,20.738533867358267,2.6559645895339754
2024-04-03 00:00:00+00:00,-35.629999,-71.603888,170.0,open-meteo_ecmwf_ifs,daily,20.5715,10.471499,18.4,10.596499,2.9089592,77.003815,6.8999996,20.54287958221182,2.7437922846999827
2024-04-04 00:00:00+00:00,-35.629999,-71.603888,170.0,open-meteo_ecmwf_ifs,daily,21.771502,7.7215,18.62,7.313167,4.0129776,67.02336,0.0,20.3477753250988,3.2129791734325632
2024-04-05 00:00:00+00:00,-35.629999,-71.603888,170.0,open-meteo_ecmwf_ifs,daily,21.8215,9.1715,16.6,9.029833,2.7783377,70.17661,0.0,20.15329280983985,2.7596288946036314
2024-04-06 00:00:00+00:00,-35.629999,-71.603888,170.0,open-meteo_ecmwf_ifs,daily,21.3715,9.6715,16.71,9.673582,2.7622216,74.60035,0.0,19.959503531769016,2.6766883201344234
2024-04-07 00:00:00+00:00,-35.629999,-71.603888,170.0,open-meteo_ecmwf_ifs,daily,22.521502,9.6215,17.02,8.608999,3.4846942,66.16444,0.0,19.766478713452827,3.100924987736713
2024-04-08 00:00:00+00:00,-35.629999,-71.603888,170.0,open-meteo_ecmwf_ifs,daily,23.3215,10.971499,16.59,11.136083,2.4761753,76.118225,0.0,19.574289250931482,2.7401200190220627
2024-04-09 00:00:00+00:00,-35.629999,-71.603888,170.0,open-meteo_ecmwf_ifs,daily,21.521502,12.6215,15.78,10.606916,3.84552,71.04898,0.0,19.383005660587692,3.0177206517838484
2024-04-10 00:00:00+00:00,-35.629999,-71.603888,170.0,open-meteo_ecmwf_ifs,daily,21.3715,7.5214996,14.54,7.56525,1.9355783,68.47964,0.0,19.19269802674655,2.308200131649411
2024-04-11 00:00:00+00:00,-35.629999,-71.603888,170.0,open-meteo_ecmwf_ifs,daily,19.3715,7.6215,15.04,8.9465,2.4068074,78.56075,0.0,19.003435950108052,2.124247773474371
2024-04-12 00:00:00+00:00,-35.629999,-71.603888,170.0,open-meteo_ecmwf_ifs,daily,18.6215,8.0215,11.0,9.450667,1.0866772,84.02894,0.0,18.815288497111105,1.5871341391115086
2024-04-13 00:00:00+00:00,-35.629999,-71.603888,170.0,open-meteo_ecmwf_ifs,daily,19.6215,9.7715,11.15,10.765248,2.132741,82.50844,0.0,18.628324150325543,1.8125990337482254
2024-04-14 00:00:00+00:00,-35.629999,-71.603888,170.0,open-meteo_ecmwf_ifs,daily,22.3715,9.9215,14.82,11.156917,1.6690787,80.78721,0.0,18.44261075996535,2.176585975665616
2024-04-15 00:00:00+00:00,-35.629999,-71.603888,170.0,open-meteo_ecmwf_ifs,daily,20.521502,8.971499,13.57,10.552749,1.7570924,80.388954,1.2,18.258215496613673,1.9317752649450926
2024-04-16 00:00:00+00:00,-35.629999,-71.603888,170.0,open-meteo_ecmwf_ifs,daily,21.3215,10.1715,15.04,9.952749,1.7874727,74.09405,0.0,18.075204805246337,2.2205602505750215
2024-04-17 00:00:00+00:00,-35.629999,-71.603888,170.0,open-meteo_ecmwf_ifs,daily,25.9715,9.3715,15.78,8.427751,3.2043664,65.63508,0.0,17.893644360637367,3.171136548782801
2024-04-18 00:00:00+00:00,-35.629999,-71.603888,170.0,open-meteo_ecmwf_ifs,daily,25.421501,10.0715,14.53,9.704833,2.617339,67.78818,0.0,17.713599024226074,2.754155934820074
2024-04-19 00:00:00+00:00,-35.629999,-71.603888,170.0,open-meteo_ecmwf_ifs,daily,19.3715,13.8715,10.5,10.063167,3.8678114,69.4124,0.0,17.535132802521233,2.563606816664787
2024-04-20 00:00:00+00:00,-35.629999,-71.603888,170.0,open-meteo_ecmwf_ifs,daily,16.3215,10.4215,6.8,6.7548327,3.230128,64.94255,0.0,17.35830880711392,2.000084024574637
2024-04-21 00:00:00+00:00,-35.629999,-71.603888,170.0,open-meteo_ecmwf_ifs,daily,19.171501,9.5215,7.35,8.088167,3.1633284,71.76775,0.1,17.183189216366014,2.009839901161148
2024-04-22 00:00:00+00:00,-35.629999,-71.603888,170.0,open-meteo_ecmwf_ifs,daily,16.4715,12.6215,9.2,10.15275,4.499038,76.48279,17.0,17.009835238836985,1.9939089740502094
2024-04-23 00:00:00+00:00,-35.629999,-71.603888,170.0,open-meteo_ecmwf_ifs,daily,18.7215,6.3215,14.96,6.206917,3.3569682,73.7109,0.0,16.838307078506926,2.252899936881779
2024-04-24 00:00:00+00:00,-35.629999,-71.603888,170.0,open-meteo_ecmwf_ifs,daily,18.421501,4.5214996,14.12,5.3027496,1.5317602,74.98709,0.0,16.6686639018488,1.7297341999167415
2024-04-25 00:00:00+00:00,-35.629999,-71.603888,170.0,open-meteo_ecmwf_ifs,daily,19.5715,8.221499,13.06,7.990249,1.767718,72.3316,5.0,16.500963806798318,1.8488979753221408
2024-04-26 00:00:00+00:00,-35.629999,-71.603888,170.0,open-meteo_ecmwf_ifs,daily,17.171501,9.1215,11.12,9.942332,1.7616152,84.533424,0.6,16.3352637936642,1.4615245639913166
2024-04-27 00:00:00+00:00,-35.629999,-71.603888,170.0,open-meteo_ecmwf_ifs,daily,16.171501,4.6215,14.28,4.294417,3.7454093,69.28452,0.0,16.171619738017007,2.0433143201367256
2024-04-28 00:00:00+00:00,-35.629999,-71.603888,170.0,open-meteo_ecmwf_ifs,daily,14.5715,4.5214996,11.66,4.2277493,3.0216067,74.36729,0.0,16.010086365588883,1.6694705122199966
2024-04-29 00:00:00+00:00,-35.629999,-71.603888,170.0,open-meteo_ecmwf_ifs,daily,14.6715,5.6714997,5.02,6.334,6.1219907,80.26566,29.4,15.850717229211517,1.5409753306375789
2024-04-30 00:00:00+00:00,-35.629999,-71.603888,170.0,open-meteo_ecmwf_ifs,daily,14.4215,9.5215,7.1,8.90275,2.8283546,83.925865,7.0999994,15.693564687813968,1.2616130094687918
2024-05-01 00:00:00+00:00,-35.629999,-71.603888,170.0,open-meteo_ecmwf_ifs,daily,13.3215,7.7714996,10.62,6.698583,2.878847,80.83682,1.3000001,15.538679887496485,1.4467510759167388
2024-05-02 00:00:00+00:00,-35.629999,-71.603888,170.0,open-meteo_ecmwf_ifs,daily,14.221499,1.8215001,11.71,1.9444164,3.3823369,72.05962,0.0,15.386112744690767,1.6812789591039508
2024-05-03 00:00:00+00:00,-35.629999,-71.603888,170.0,open-meteo_ecmwf_ifs,daily,11.1215,2.2715,6.87,3.2777498,2.0100288,80.61162,0.0,15.235911931411477,0.9904894425716408
2024-05-04 00:00:00+00:00,-35.629999,-71.603888,170.0,open-meteo_ecmwf_ifs,daily,12.8215,8.6715,3.07,7.771499,4.2714705,83.46374,27.900002,15.088124862598155,1.145955853490434
2024-05-05 00:00:00+00:00,-35.629999,-71.603888,170.0,open-meteo_ecmwf_ifs,daily,15.1215,7.1215,8.51,8.056918,1.4605333,84.745964,0.5,14.942797685540716,1.1068231408058293
2024-05-06 00:00:00+00:00,-35.629999,-71.603888,170.0,open-meteo_ecmwf_ifs,daily,15.221499,3.5715,12.31,5.4673333,2.9069617,79.98673,0.0,14.799975271376072,1.3992543822323038
2024-05-07 00:00:00+00:00,-35.629999,-71.603888,170.0,open-meteo_ecmwf_ifs,daily,11.221499,5.3215,2.4,5.1402497,4.59462,80.267715,32.2,14.659701208637712,1.0803931978630414
2024-05-08 00:00:00+00:00,-35.629999,-71.603888,170.0,open-meteo_ecmwf_ifs,daily,13.6215,1.9215,12.35,3.817333,3.55832,79.924416,2.2,14.522017798833993,1.3553116733628876
2024-05-09 00:00:00+00:00,-35.629999,-71.603888,170.0,open-meteo_ecmwf_ifs,daily,12.8715,2.7715,8.8,2.1194167,3.3165197,71.91848,0.0,14.386966054025454,1.4805798635318697
2024-05-10 00:00:00+00:00,-35.629999,-71.603888,170.0,open-meteo_ecmwf_ifs,daily,13.3715,5.2215,8.68,6.286083,1.7249485,87.83845,0.0,14.254585696365465,1.0219256679653153
2024-05-11 00:00:00+00:00,-35.629999,-71.603888,170.0,open-meteo_ecmwf_ifs,daily,13.8215,3.4215,11.39,5.7548327,1.4612397,85.493996,0.0,14.124915159563098,1.0321318773466608
2024-05-12 00:00:00+00:00,-35.629999,-71.603888,170.0,open-meteo_ecmwf_ifs,daily,12.4215,3.0715,10.96,4.746499,2.3840284,87.013306,0.0,13.99799159222102,1.0600970578309468
2024-05-13 00:00:00+00:00,-35.629999,-71.603888,170.0,open-meteo_ecmwf_ifs,daily,11.9215,0.9215,11.22,3.3944166,2.4475732,85.116264,0.0,13.873850862996356,1.0080323935422704
2024-05-14 00:00:00+00:00,-35.629999,-71.603888,170.0,open-meteo_ecmwf_ifs,daily,10.8715,0.0715,11.08,1.9798332,1.2493163,84.425835,0.0,13.752527567526197,0.8892909119249938
2024-05-15 00:00:00+00:00,-35.629999,-71.603888,170.0,open-meteo_ecmwf_ifs,daily,12.6715,1.6215,9.14,3.2423334,2.34163,86.7103,0.4,13.63405503705486,1.060613649544788
2024-05-16 00:00:00+00:00,-35.629999,-71.603888,170.0,open-meteo_ecmwf_ifs,daily,14.6715,3.6215,11.06,3.5444167,2.4759567,72.91654,0.1,13.518465348694154,1.370616311634643
2024-05-17 00:00:00+00:00,-35.629999,-71.603888,170.0,open-meteo_ecmwf_ifs,daily,12.5715,1.7715001,9.81,3.8610837,1.676927,84.745445,0.0,13.40578933724333,0.9283489777309404
2024-05-18 00:00:00+00:00,-35.629999,-71.603888,170.0,open-meteo_ecmwf_ifs,daily,12.8215,1.6215,10.46,3.7965,1.5339571,85.31489,0.0,13.296056608490183,0.9255689623343145
2024-05-19 00:00:00+00:00,-35.629999,-71.603888,170.0,open-meteo_ecmwf_ifs,daily,13.0715,1.4215,8.59,3.9444168,1.0565883,85.064476,0.0,13.189295553910274,0.8162593358347037
2024-05-20 00:00:00+00:00,-35.629999,-71.603888,170.0,open-meteo_ecmwf_ifs,daily,10.1715,7.0214996,1.7,7.5381665,2.4949546,89.13354,30.000004,13.08553336667666,0.5657716935082977
2024-05-21 00:00:00+00:00,-35.629999,-71.603888,170.0,open-meteo_ecmwf_ifs,daily,14.0215,4.4214997,11.01,5.96525,2.9407098,87.0814,0.0,12.984796058888309,1.1162452574843367
2024-05-22 00:00:00+00:00,-35.629999,-71.603888,170.0,open-meteo_ecmwf_ifs,daily,8.2715,4.1215,2.05,4.4152503,2.4412174,89.28661,2.3000002,12.887108479921485,0.6262114481006291
2024-05-23 00:00:00+00:00,-35.629999,-71.603888,170.0,open-meteo_ecmwf_ifs,daily,11.5215,2.1715,10.32,4.638167,1.6019384,90.56649,0.2,12.79249433580443,0.7818828521798149
2024-05-24 00:00:00+00:00,-35.629999,-71.603888,170.0,open-meteo_ecmwf_ifs,daily,11.1215,1.3715,8.13,2.748583,2.284656,85.30427,0.0,12.700976209512634,0.8970441244395654
2024-05-25 00:00:00+00:00,-35.629999,-71.603888,170.0,open-meteo_ecmwf_ifs,daily,13.8215,4.9715,4.95,6.0715003,2.8130472,86.79885,0.2,12.612575582078644,0.9977762248229977
2024-05-26 00:00:00+00:00,-35.629999,-71.603888,170.0,open-meteo_ecmwf_ifs,daily,14.221499,7.6215,7.85,8.021501,2.6493642,87.89167,5.6000004,12.527312854407743,1.0171986644344146
2024-05-27 00:00:00+00:00,-35.629999,-71.603888,170.0,open-meteo_ecmwf_ifs,daily,12.1715,4.3715,6.43,6.061083,1.5041137,89.39004,0.0,12.445207369688513,0.7266284776546384
2024-05-28 00:00:00+00:00,-35.629999,-71.603888,170.0,open-meteo_ecmwf_ifs,daily,13.721499,6.0715,5.6,7.648583,1.6133934,93.04444,0.0,12.366277436285321,0.7630067266584122
2024-05-29 00:00:00+00:00,-35.629999,-71.603888,170.0,open-meteo_ecmwf_ifs,daily,15.4215,7.6714997,6.29,8.669415,2.0135887,87.4098,3.3999999,12.290540350998253,0.9244639567269536
2024-05-30 00:00:00+00:00,-35.629999,-71.603888,170.0,open-meteo_ecmwf_ifs,daily,15.8215,7.2215,7.12,9.542333,0.9834445,89.0232,0.0,12.218012422574864,0.7551605458687483
2024-05-31 00:00:00+00:00,-35.629999,-71.603888,170.0,open-meteo_ecmwf_ifs,daily,13.6215,8.471499,4.19,9.459,1.3894671,93.78419,3.8999999,12.148708995357671,0.6741007202438604
2024-06-01 00:00:00+00:00,-35.629999,-71.603888,170.0,open-meteo_ecmwf_ifs,daily,15.8215,9.3215,7.97,10.125667,2.9212897,88.927986,11.1,12.0826444729508,1.0036692738066724
2024-06-02 00:00:00+00:00,-35.629999,-71.603888,170.0,open-meteo_ecmwf_ifs,daily,9.9215,3.9215,4.0,3.309,3.4170465,76.6122,0.0,12.019832341789863,0.9813895167364907
2024-06-03 00:00:00+00:00,-35.629999,-71.603888,170.0,open-meteo_ecmwf_ifs,daily,13.1215,4.0215,3.54,4.786083,2.042436,83.72093,0.70000005,11.96028519449979,0.8903196885064559
2024-06-04 00:00:00+00:00,-35.629999,-71.603888,170.0,open-meteo_ecmwf_ifs,daily,13.0715,4.7215,4.37,6.50275,2.043472,88.02885,3.2999997,11.904014752926567,0.7464179121163221
2024-06-05 00:00:00+00:00,-35.629999,-71.603888,170.0,open-meteo_ecmwf_ifs,daily,12.971499,9.2715,1.32,7.6756663,4.036499,80.71573,16.099998,11.851031890730873,1.1483506524640719
2024-06-06 00:00:00+00:00,-35.629999,-71.603888,170.0,open-meteo_ecmwf_ifs,daily,16.7215,11.721499,3.87,11.856915,3.8476913,88.79316,18.4,11.801346655433717,1.0301967531158311
2024-06-07 00:00:00+00:00,-35.629999,-71.603888,170.0,open-meteo_ecmwf_ifs,daily,15.8715,10.0215,5.54,11.181915,1.4587294,93.74784,0.0,11.75496828980729,0.7447738961208702
2024-06-08 00:00:00+00:00,-35.629999,-71.603888,170.0,open-meteo_ecmwf_ifs,daily,15.5715,10.1215,2.67,10.990251,4.92592,92.66159,3.3000002,11.711905252507302,0.9040098342985109
2024-06-09 00:00:00+00:00,-35.629999,-71.603888,170.0,open-meteo_ecmwf_ifs,daily,14.8715,10.3215,4.99,9.271501,5.415714,83.70823,25.699997,11.672165237847295,1.3426416514990627
2024-06-10 00:00:00+00:00,-35.629999,-71.603888,170.0,open-meteo_ecmwf_ifs,daily,14.8215,8.8715,1.96,6.977749,4.0593114,72.43514,0.90000004,11.635755194619454,1.4698137558030988
2024-06-11 00:00:00+00:00,-35.629999,-71.603888,170.0,open-meteo_ecmwf_ifs,daily,14.0215,11.5715,1.67,8.723583,5.2285657,76.67706,9.700001,11.602681343871584,1.4958850174872382
2024-06-12 00:00:00+00:00,-35.629999,-71.603888,170.0,open-meteo_ecmwf_ifs,daily,16.2215,11.3715,6.34,8.60275,6.831122,73.286415,19.9,11.572949195555065,2.072843794662971
2024-06-13 00:00:00+00:00,-35.629999,-71.603888,170.0,open-meteo_ecmwf_ifs,daily,13.5215,11.1715,2.24,10.604832,7.248796,90.13564,60.300003,11.54656356396437,0.9321706393483318
2024-06-14 00:00:00+00:00,-35.629999,-71.603888,170.0,open-meteo_ecmwf_ifs,daily,14.221499,9.0215,4.44,8.734,5.5945916,86.65359,19.800001,11.52352858189496,1.1875478727723288
2024-06-15 00:00:00+00:00,-35.629999,-71.603888,170.0,open-meteo_ecmwf_ifs,daily,14.5715,6.5214996,8.16,8.419417,2.359803,86.92044,1.6,11.50384771345294,0.7943692433686232
2024-06-16 00:00:00+00:00,-35.629999,-71.603888,170.0,open-meteo_ecmwf_ifs,daily,12.2715,6.6714997,6.39,7.4589996,1.4335127,93.05134,0.0,11.487523765456698,0.6682254872383008
2024-06-17 00:00:00+00:00,-35.629999,-71.603888,170.0,open-meteo_ecmwf_ifs,daily,10.6715,5.9715,1.31,6.9631653,4.5589795,93.5173,16.1,11.474558897378056,0.6325367897980948
2024-06-18 00:00:00+00:00,-35.629999,-71.603888,170.0,open-meteo_ecmwf_ifs,daily,10.6215,8.471499,1.7,8.367333,3.3885767,92.369354,34.0,11.464954629778017,0.596164565074908
2024-06-19 00:00:00+00:00,-35.629999,-71.603888,170.0,open-meteo_ecmwf_ifs,daily,14.1715,5.4715,7.59,6.833999,2.6606166,87.28119,1.8000001,11.458711851199839,0.9010165244847059
2024-06-20 00:00:00+00:00,-35.629999,-71.603888,170.0,open-meteo_ecmwf_ifs,daily,11.4215,9.721499,1.02,8.731915,5.6931477,88.33505,24.5,11.455830823490306,0.8437336910338455
2024-06-21 00:00:00+00:00,-35.629999,-71.603888,170.0,open-meteo_ecmwf_ifs,daily,11.221499,8.221499,3.97,7.079832,7.516048,86.21119,47.90001,11.456311185527989,1.1362237986802253
2024-06-22 00:00:00+00:00,-35.629999,-71.603888,170.0,open-meteo_ecmwf_ifs,daily,10.8215,7.0715,6.9,6.427749,3.8396645,86.005646,32.0,11.460151955345715,0.8908215677594241
2024-06-23 00:00:00+00:00,-35.629999,-71.603888,170.0,open-meteo_ecmwf_ifs,daily,10.3215,1.9714999,8.35,3.9569168,1.8933525,88.95135,3.1,11.46735153064259,0.6366050255304413
2024-06-24 00:00:00+00:00,-35.629999,-71.603888,170.0,open-meteo_ecmwf_ifs,daily,9.5715,0.8715,10.15,2.15275,2.7763097,85.67878,0.0,11.477907687689358,0.7705877902996168
2024-06-25 00:00:00+00:00,-35.629999,-71.603888,170.0,open-meteo_ecmwf_ifs,daily,8.8715,-0.7785,9.54,1.5694166,1.6003548,88.38889,0.0,11.491817578639035,0.5887112954174049
2024-06-26 00:00:00+00:00,-35.629999,-71.603888,170.0,open-meteo_ecmwf_ifs,daily,12.1715,1.7715001,7.52,2.1777496,1.6248688,76.44109,0.0,11.509077727263033,0.8385957480430343
2024-06-27 00:00:00+00:00,-35.629999,-71.603888,170.0,open-meteo_ecmwf_ifs,daily,10.7715,5.3715,1.74,5.6756663,1.8574978,86.810524,2.0,11.529684023141023,0.6793072588062652
2024-06-28 00:00:00+00:00,-35.629999,-71.603888,170.0,open-meteo_ecmwf_ifs,daily,11.9215,2.1715,10.62,3.2985833,4.358529,80.53183,0.0,11.553631714340613,1.0825134130025342
2024-06-29 00:00:00+00:00,-35.629999,-71.603888,170.0,open-meteo_ecmwf_ifs,daily,13.0215,2.7215002,9.47,0.54233336,3.0077603,67.20812,0.0,11.580915398630689,1.3931951867789971
2024-06-30 00:00:00+00:00,-35.629999,-71.603888,170.0,open-meteo_ecmwf_ifs,daily,11.221499,0.1715,9.7,2.39025,2.2783782,83.37316,0.0,11.611529013279599,0.7771060402480527
2024-07-01 00:00:00+00:00,-35.629999,-71.603888,170.0,open-meteo_ecmwf_ifs,daily,11.0715,2.2715,7.19,4.3444166,1.7969317,91.330475,0.0,11.645465823496473,0.6667396281693035
2024-07-02 00:00:00+00:00,-35.629999,-71.603888,170.0,open-meteo_ecmwf_ifs,daily,13.221499,5.0214996,7.86,6.473583,1.6674548,92.70611,0.0,11.682718409580735,0.7604189717463293
2024-07-03 00:00:00+00:00,-35.629999,-71.603888,170.0,open-meteo_ecmwf_ifs,daily,12.221499,3.8715,9.56,4.7756667,3.6503966,84.03897,0.0,11.723278652851398,1.0004336785338814
2024-07-04 00:00:00+00:00,-35.629999,-71.603888,170.0,open-meteo_ecmwf_ifs,daily,11.3215,2.2215002,11.06,0.72983336,5.3671727,72.00556,0.0,11.767137720433436,1.5757187350269586
2024-07-05 00:00:00+00:00,-35.629999,-71.603888,170.0,open-meteo_ecmwf_ifs,daily,10.0215,-2.1285,11.09,-1.4847503,4.5924716,72.86326,0.0,11.81428604898447,1.227845480265033
2024-07-06 00:00:00+00:00,-35.629999,-71.603888,170.0,open-meteo_ecmwf_ifs,daily,9.6715,0.021500003,9.05,0.92775005,2.8396242,82.41735,0.0,11.864713327449815,0.8930794018657986
2024-07-07 00:00:00+00:00,-35.629999,-71.603888,170.0,open-meteo_ecmwf_ifs,daily,10.1215,0.0715,10.65,1.5548333,2.9129703,84.09244,0.0,11.918408478938757,0.8755047149880679
2024-07-08 00:00:00+00:00,-35.629999,-71.603888,170.0,open-meteo_ecmwf_ifs,daily,9.5215,0.5715,9.95,1.5819167,2.56514,86.190575,0.0,11.975359641819084,0.8354105752265458
2024-07-09 00:00:00+00:00,-35.629999,-71.603888,170.0,open-meteo_ecmwf_ifs,daily,6.2215,1.8715,4.76,1.5902504,1.7846732,88.69463,0.0,12.035554150130485,0.6212841648678636
2024-07-10 00:00:00+00:00,-35.629999,-71.603888,170.0,open-meteo_ecmwf_ifs,daily,7.9214997,-1.9784999,10.25,-0.13474993,1.703513,88.39658,0.0,12.098978513420695,0.6718923445124482
2024-07-11 00:00:00+00:00,-35.629999,-71.603888,170.0,open-meteo_ecmwf_ifs,daily,7.5214996,-1.8285,8.6,-0.10349992,1.2415968,90.778694,0.0,12.165618396110803,0.6144551238391202
2024-07-12 00:00:00+00:00,-35.629999,-71.603888,170.0,open-meteo_ecmwf_ifs,daily,9.971499,-2.4285,9.33,-0.6930833,1.2761277,85.07454,0.0,12.235458596498415,0.7286397267838373
2024-07-13 00:00:00+00:00,-35.629999,-71.603888,170.0,open-meteo_ecmwf_ifs,daily,9.1215,-1.9284999,8.69,-1.1784998,1.732205,80.42657,0.0,12.308483025508929,0.8168251530041789
2024-07-14 00:00:00+00:00,-35.629999,-71.603888,170.0,open-meteo_ecmwf_ifs,daily,8.1215,-1.4784999,5.85,-0.011833166,1.6240162,86.50762,0.0,12.38467468530618,0.6836719808412475
2024-07-15 00:00:00+00:00,-35.629999,-71.603888,170.0,open-meteo_ecmwf_ifs,daily,5.6215,0.1215,5.05,0.8506667,2.1186883,90.28637,0.0,12.464015647874746,0.59015518455692
2024-07-16 00:00:00+00:00,-35.629999,-71.603888,170.0,open-meteo_ecmwf_ifs,daily,14.7715,0.37150002,11.14,3.059,2.3101735,88.940575,0.0,12.546487033685747,1.0667604798569619
2024-07-17 00:00:00+00:00,-35.629999,-71.603888,170.0,open-meteo_ecmwf_ifs,daily,9.2715,2.3215,6.19,3.286083,1.850794,88.92236,0.0,12.63206899055828,0.7192842198973923
2024-07-18 00:00:00+00:00,-35.629999,-71.603888,170.0,open-meteo_ecmwf_ifs,daily,13.5715,4.4715,7.71,6.1506667,3.7537796,86.10783,0.0,12.720740672827478,1.0404689899725317
2024-07-19 00:00:00+00:00,-35.629999,-71.603888,170.0,open-meteo_ecmwf_ifs,daily,10.7715,1.0715001,7.32,1.4006667,2.6615236,75.16194,0.0,12.812480220928952,1.0375292109293424
2024-07-20 00:00:00+00:00,-35.629999,-71.603888,170.0,open-meteo_ecmwf_ifs,daily,10.1715,0.37150002,9.5,2.1485834,1.3030139,87.789,0.0,12.90726474150805,0.7670573274466469
2024-07-21 00:00:00+00:00,-35.629999,-71.603888,170.0,open-meteo_ecmwf_ifs,daily,14.471499,0.6215,10.84,4.3944163,1.5274202,88.29493,0.0,13.005070288160091,0.8958605643366611
2024-07-22 00:00:00+00:00,-35.629999,-71.603888,170.0,open-meteo_ecmwf_ifs,daily,13.1715,3.0715,10.17,5.1944165,1.374691,91.60371,0.0,13.105871842905293,0.8840591376929741
2024-07-23 00:00:00+00:00,-35.629999,-71.603888,170.0,open-meteo_ecmwf_ifs,daily,13.0715,4.9214997,4.57,6.8715005,3.2389457,90.5201,0.0,13.209643298499671,0.8447252805902142
2024-07-24 00:00:00+00:00,-35.629999,-71.603888,170.0,open-meteo_ecmwf_ifs,daily,15.6215,2.9715002,10.97,6.586083,1.3938179,88.60615,0.0,13.31635744167975,0.9520479141408044
2024-07-25 00:00:00+00:00,-35.629999,-71.603888,170.0,open-meteo_ecmwf_ifs,daily,12.3215,4.0215,5.38,6.3215003,1.8661388,90.41065,1.5000001,13.425985937435785,0.7416575937335713
2024-07-26 00:00:00+00:00,-35.629999,-71.603888,170.0,open-meteo_ecmwf_ifs,daily,11.9215,4.6714997,11.18,5.3089995,3.472244,87.275536,0.0,13.538499314404422,1.1283774905902224
2024-07-27 00:00:00+00:00,-35.629999,-71.603888,170.0,open-meteo_ecmwf_ifs,daily,13.6715,2.0215,12.68,0.56108326,5.469235,67.01457,0.0,13.653866951467858,2.0403398514827087
2024-07-28 00:00:00+00:00,-35.629999,-71.603888,170.0,open-meteo_ecmwf_ifs,daily,11.8215,0.7215,12.96,-0.2993332,4.675573,65.85391,0.0,13.772057065642299,1.7145463013979485
2024-07-29 00:00:00+00:00,-35.629999,-71.603888,170.0,open-meteo_ecmwf_ifs,daily,13.0715,-0.9285,12.5,0.6881666,2.5376203,74.44481,0.0,13.893036701334283,1.2627905104838792
2024-07-30 00:00:00+00:00,-35.629999,-71.603888,170.0,open-meteo_ecmwf_ifs,daily,13.8715,3.9215,5.5,5.5798335,2.0267565,85.849396,0.0,14.016771721038747,0.9650979677443408
2024-07-31 00:00:00+00:00,-35.629999,-71.603888,170.0,open-meteo_ecmwf_ifs,daily,12.5215,7.6714997,2.2,7.9860826,4.3159804,89.92654,0.2,14.14322679754809,0.892907959284294
2024-08-01 00:00:00+00:00,-35.629999,-71.603888,170.0,open-meteo_ecmwf_ifs,daily,13.0215,10.3715,1.53,8.063167,8.894437,80.2024,23.2,14.272365407736467,1.6471350230889859
2024-08-02 00:00:00+00:00,-35.629999,-71.603888,170.0,open-meteo_ecmwf_ifs,daily,11.6715,9.9215,4.62,9.10275,6.937247,88.34194,69.600006,14.404149827978726,0.9620474918989379
2024-08-03 00:00:00+00:00,-35.629999,-71.603888,170.0,open-meteo_ecmwf_ifs,daily,14.8215,6.7714996,11.75,6.6923327,4.028949,80.360176,14.700001,14.53854113125797,1.5870768454116706
2024-08-04 00:00:00+00:00,-35.629999,-71.603888,170.0,open-meteo_ecmwf_ifs,daily,11.971499,5.5715,3.75,5.8964996,2.823556,83.009964,6.8999996,14.67549918601099,0.9534922532780848
2024-08-05 00:00:00+00:00,-35.629999,-71.603888,170.0,open-meteo_ecmwf_ifs,daily,10.6215,6.7714996,4.4,5.656917,5.238568,80.766014,29.400003,14.814982656754971,1.1734735872512532
2024-08-06 00:00:00+00:00,-35.629999,-71.603888,170.0,open-meteo_ecmwf_ifs,daily,11.221499,3.9715002,11.3,5.0735826,2.1268241,87.204185,10.3,14.956949006533916,1.0701169847062084
2024-08-07 00:00:00+00:00,-35.629999,-71.603888,170.0,open-meteo_ecmwf_ifs,daily,10.5715,0.6715,13.78,2.5048335,2.6696723,85.258095,0.0,15.101354501217719,1.157130034389346
2024-08-08 00:00:00+00:00,-35.629999,-71.603888,170.0,open-meteo_ecmwf_ifs,daily,11.8215,0.3215,14.27,1.8964998,1.995529,80.87943,0.0,15.248154215681367,1.253023543323565
2024-08-09 00:00:00+00:00,-35.629999,-71.603888,170.0,open-meteo_ecmwf_ifs,daily,12.8215,0.9215,11.37,2.6548333,2.1103225,82.26214,0.0,15.397302041886318,1.2326619278041742
2024-08-10 00:00:00+00:00,-35.629999,-71.603888,170.0,open-meteo_ecmwf_ifs,daily,16.4715,4.5715,12.49,6.6756663,3.2379372,85.39786,0.0,15.548750698880681,1.5493284663800506
2024-08-11 00:00:00+00:00,-35.629999,-71.603888,170.0,open-meteo_ecmwf_ifs,daily,17.2215,3.9715002,14.23,4.71525,4.2844906,74.138695,0.0,15.702451744729414,2.065427041055144
2024-08-12 00:00:00+00:00,-35.629999,-71.603888,170.0,open-meteo_ecmwf_ifs,daily,17.1215,4.0215,13.86,6.486084,2.7390397,80.14602,0.0,15.85835559038023,1.6094018561242378
2024-08-13 00:00:00+00:00,-35.629999,-71.603888,170.0,open-meteo_ecmwf_ifs,daily,15.9215,5.1215,12.2,7.3319163,1.6216878,83.2564,0.0,16.01641151546576,1.3460041812400847
2024-08-14 00:00:00+00:00,-35.629999,-71.603888,170.0,open-meteo_ecmwf_ifs,daily,14.0715,6.9715,5.37,8.342334,2.1380417,90.468056,0.0,16.176567686036773,0.9659322564446919
2024-08-15 00:00:00+00:00,-35.629999,-71.603888,170.0,open-meteo_ecmwf_ifs,daily,14.5215,5.4214997,14.28,6.115249,2.8081176,79.2927,0.0,16.338771174216483,1.6087291876260623
2024-08-16 00:00:00+00:00,-35.629999,-71.603888,170.0,open-meteo_ecmwf_ifs,daily,13.471499,2.4715002,11.48,3.8444166,3.5960808,80.874115,0.0,16.502967979760236,1.5005531345365732
2024-08-17 00:00:00+00:00,-35.629999,-71.603888,170.0,open-meteo_ecmwf_ifs,daily,13.4215,3.9715002,14.08,2.859,4.2549334,70.963524,0.0,16.669103053500145,1.9744866626119741
2024-08-18 00:00:00+00:00,-35.629999,-71.603888,170.0,open-meteo_ecmwf_ifs,daily,9.221499,3.0715,6.91,1.7235833,2.9622545,72.611244,0.0,16.83712032264884,1.2410904473207112
2024-08-19 00:00:00+00:00,-35.629999,-71.603888,170.0,open-meteo_ecmwf_ifs,daily,10.1715,3.5715,7.9,2.6777496,1.7406869,79.990166,0.0,17.00696271793167,1.1501740744604643
2024-08-20 00:00:00+00:00,-35.629999,-71.603888,170.0,open-meteo_ecmwf_ifs,daily,10.8215,0.1715,14.43,1.2965001,1.655096,77.40316,0.0,17.178572202511823,1.3527339747525309
2024-08-21 00:00:00+00:00,-35.629999,-71.603888,170.0,open-meteo_ecmwf_ifs,daily,8.971499,2.5215,7.62,2.2465,3.7237864,83.375755,12.1,17.351889802667873,1.197155055433306
2024-08-22 00:00:00+00:00,-35.629999,-71.603888,170.0,open-meteo_ecmwf_ifs,daily,10.721499,3.4715002,11.79,3.6027498,4.2970943,85.30649,16.300001,17.52685564017888,1.4559627113094151
2024-08-23 00:00:00+00:00,-35.629999,-71.603888,170.0,open-meteo_ecmwf_ifs,daily,9.7715,3.8215,7.69,3.6881669,4.164527,83.349434,14.700002,17.703408966367295,1.2207451164644638
2024-08-24 00:00:00+00:00,-35.629999,-71.603888,170.0,open-meteo_ecmwf_ifs,daily,15.6715,0.5215,16.88,2.0569165,2.7329237,77.03295,0.0,17.881488197745675,1.9439533809756189
2024-08-25 00:00:00+00:00,-35.629999,-71.603888,170.0,open-meteo_ecmwf_ifs,daily,15.9215,0.021500003,14.67,3.1694171,1.5257764,76.52726,0.0,18.061030953208935,1.5847641745778989
2024-08-26 00:00:00+00:00,-35.629999,-71.603888,170.0,open-meteo_ecmwf_ifs,daily,14.6715,4.3215,13.08,6.6402497,2.091177,83.17658,1.5,18.241974092709803,1.4910470459930898
2024-08-27 00:00:00+00:00,-35.629999,-71.603888,170.0,open-meteo_ecmwf_ifs,daily,14.8715,3.7215002,15.99,5.825667,3.2135994,82.29039,0.0,18.424253757350737,1.7676592598700778
2024-08-28 00:00:00+00:00,-35.629999,-71.603888,170.0,open-meteo_ecmwf_ifs,daily,13.6215,5.4715,11.97,6.4923325,1.4524393,86.26016,0.0,18.607805410822532,1.4358804666554392
2024-08-29 00:00:00+00:00,-35.629999,-71.603888,170.0,open-meteo_ecmwf_ifs,daily,14.4215,6.2714996,8.32,7.554834,1.8039392,88.91979,0.1,18.792563882115246,1.262214165131424
2024-08-30 00:00:00+00:00,-35.629999,-71.603888,170.0,open-meteo_ecmwf_ifs,daily,14.0215,7.5715,7.17,7.3069167,1.7447562,83.08769,0.1,18.97846340942455,1.2827511881021239
2024-08-31 00:00:00+00:00,-35.629999,-71.603888,170.0,open-meteo_ecmwf_ifs,daily,18.1215,3.9715002,17.31,6.898583,2.3378878,82.65227,0.0,19.165437685172577,2.0433102418239257
2024-09-01 00:00:00+00:00,-35.629999,-71.603888,170.0,open-meteo_ecmwf_ifs,daily,18.7215,4.2215,15.1,7.661083,1.4195002,83.276146,0.0,19.35341990205968,1.8370461858294436
2024-09-02 00:00:00+00:00,-35.629999,-71.603888,170.0,open-meteo_ecmwf_ifs,daily,12.6715,7.0214996,6.7,6.9819164,2.5821378,84.183716,2.7,19.54234280006061,1.2316254398372835
2024-09-03 00:00:00+00:00,-35.629999,-71.603888,170.0,open-meteo_ecmwf_ifs,daily,14.1215,3.3715,17.24,4.606916,4.30576,80.892685,0.0,19.73213871427569,2.0237430980401707
2024-09-04 00:00:00+00:00,-35.629999,-71.603888,170.0,open-meteo_ecmwf_ifs,daily,16.9715,3.7215002,18.89,4.9319167,4.380535,77.29249,0.0,19.922739623545546,2.4743864311497203
2024-09-05 00:00:00+00:00,-35.629999,-71.603888,170.0,open-meteo_ecmwf_ifs,daily,14.9215,2.7715,13.59,5.0589995,2.6574864,80.14415,0.0,20.1140771997354,1.7207794312756477
2024-09-06 00:00:00+00:00,-35.629999,-71.603888,170.0,open-meteo_ecmwf_ifs,daily,15.221499,4.6215,11.58,6.6090007,1.7753824,83.856384,0.0,20.306082857592948,1.5602428058323439
2024-09-07 00:00:00+00:00,-35.629999,-71.603888,170.0,open-meteo_ecmwf_ifs,daily,15.3215,5.5214996,17.25,6.1089997,3.233324,80.73821,0.0,20.49868780508257,2.1713958606356534
2024-09-08 00:00:00+00:00,-35.629999,-71.603888,170.0,open-meteo_ecmwf_ifs,daily,15.3215,3.9215,15.65,4.556916,3.5426502,74.70407,0.0,20.691823094096364,2.161151439975014
2024-09-09 00:00:00+00:00,-35.629999,-71.603888,170.0,open-meteo_ecmwf_ifs,daily,17.671501,4.4214997,16.45,5.709,1.5723047,72.772545,0.1,20.88541967144208,2.1249040644927137
2024-09-10 00:00:00+00:00,-35.629999,-71.603888,170.0,open-meteo_ecmwf_ifs,daily,15.971499,9.0215,11.97,6.3339996,2.9638023,70.59637,1.0,21.079408430006485,2.2641950356468947
2024-09-11 00:00:00+00:00,-35.629999,-71.603888,170.0,open-meteo_ecmwf_ifs,daily,16.5715,3.8715,20.05,4.59025,4.1418266,73.17605,0.0,21.273720259992107,2.622503512347966
2024-09-12 00:00:00+00:00,-35.629999,-71.603888,170.0,open-meteo_ecmwf_ifs,daily,15.1715,2.3715,17.71,3.5944166,3.0592072,73.80453,0.0,21.46828610012523,2.2183009741255324
2024-09-13 00:00:00+00:00,-35.629999,-71.603888,170.0,open-meteo_ecmwf_ifs,daily,16.921501,2.6715,19.96,4.7569165,3.3345826,75.79958,0.0,21.663036988732163,2.4512597043523128
2024-09-14 00:00:00+00:00,-35.629999,-71.603888,170.0,open-meteo_ecmwf_ifs,daily,20.421501,4.1215,20.77,4.948583,4.3707395,67.73044,0.0,21.857904114581675,3.2075078519576854
2024-09-15 00:00:00+00:00,-35.629999,-71.603888,170.0,open-meteo_ecmwf_ifs,daily,20.2215,5.0214996,20.89,5.313166,4.6401143,64.45953,0.0,22.0528188673914,3.3044458164757278
2024-09-16 00:00:00+00:00,-35.629999,-71.603888,170.0,open-meteo_ecmwf_ifs,daily,19.521502,3.9715002,15.64,5.729833,3.3596494,69.137886,0.0,22.247712887896693,2.5330716120607257
2024-09-17 00:00:00+00:00,-35.629999,-71.603888,170.0,open-meteo_ecmwf_ifs,daily,19.171501,7.8715,18.02,9.200666,2.2721024,81.89346,0.0,22.442518117381805,2.5245133510101176
2024-09-18 00:00:00+00:00,-35.629999,-71.603888,170.0,open-meteo_ecmwf_ifs,daily,15.3215,7.7714996,10.9,8.313166,3.133653,82.57068,0.0,22.637166846573887,1.7703760885000268
2024-09-19 00:00:00+00:00,-35.629999,-71.603888,170.0,open-meteo_ecmwf_ifs,daily,14.8715,9.221499,13.34,8.790249,6.495308,83.192505,41.199997,22.83159176380243,2.1064545165483275
2024-09-20 00:00:00+00:00,-35.629999,-71.603888,170.0,open-meteo_ecmwf_ifs,daily,16.421501,6.3715,11.14,8.363166,2.1169446,85.69752,1.7,23.025726002328184,1.7072868608406324
2024-09-21 00:00:00+00:00,-35.629999,-71.603888,170.0,open-meteo_ecmwf_ifs,daily,15.971499,6.8715,9.47,6.6819158,3.4291747,78.70155,0.7,23.21950318674769,1.956130788912577
2024-09-22 00:00:00+00:00,-35.629999,-71.603888,170.0,open-meteo_ecmwf_ifs,daily,13.1715,8.5215,12.34,8.309,3.2574787,82.80529,24.400003,23.412857478382367,1.7395849774460839
2024-09-23 00:00:00+00:00,-35.629999,-71.603888,170.0,open-meteo_ecmwf_ifs,daily,16.271502,4.9715,20.8,6.481916,1.6823597,81.35909,0.0,23.60572361956295,2.514817025234842
2024-09-24 00:00:00+00:00,-35.629999,-71.603888,170.0,open-meteo_ecmwf_ifs,daily,16.171501,5.1215,18.72,5.7985835,3.1252213,77.83022,0.0,23.798036976723857,2.5309494490010325
2024-09-25 00:00:00+00:00,-35.629999,-71.603888,170.0,open-meteo_ecmwf_ifs,daily,16.521502,4.3715,22.88,4.804833,4.9748797,73.21835,0.0,23.989733582224495,3.0205093231687257
2024-09-26 00:00:00+00:00,-35.629999,-71.603888,170.0,open-meteo_ecmwf_ifs,daily,17.921501,2.4215,20.03,5.0589995,2.5198815,74.1888,0.0,24.180750174818257,2.5857568881283703
2024-09-27 00:00:00+00:00,-35.629999,-71.603888,170.0,open-meteo_ecmwf_ifs,daily,18.4715,5.2215,23.1,5.036083,1.877954,65.50038,0.0,24.371024238693796,3.064451194579294
2024-09-28 00:00:00+00:00,-35.629999,-71.603888,170.0,open-meteo_ecmwf_ifs,daily,20.1215,8.1215,15.37,6.813166,2.8738353,67.70817,0.0,24.56049404101651,2.9231021378000945
2024-09-29 00:00:00+00:00,-35.629999,-71.603888,170.0,open-meteo_ecmwf_ifs,daily,19.3215,9.0715,13.05,10.3464985,2.6740818,85.176704,0.0,24.74909866790285,2.247394323695848
2024-09-30 00:00:00+00:00,-35.629999,-71.603888,170.0,open-meteo_ecmwf_ifs,daily,12.2715,10.3215,3.42,9.169416,5.112862,86.14486,24.100002,24.936778058764165,1.13670948400553
2024-10-01 00:00:00+00:00,-35.629999,-71.603888,170.0,open-meteo_ecmwf_ifs,daily,15.7715,8.8715,20.85,8.488166,2.8146515,81.490715,1.6000001,25.12347303896108,2.7619815313729568
2024-10-02 00:00:00+00:00,-35.629999,-71.603888,170.0,open-meteo_ecmwf_ifs,daily,17.421501,2.4215,24.54,3.15275,4.475283,65.86663,0.0,25.309125350714705,3.278304507280484
2024-10-03 00:00:00+00:00,-35.629999,-71.603888,170.0,open-meteo_ecmwf_ifs,daily,18.5715,4.9214997,21.29,6.998583,2.4401307,79.53548,0.0,25.49367768222526,2.8567645531809522
2024-10-04 00:00:00+00:00,-35.629999,-71.603888,170.0,open-meteo_ecmwf_ifs,daily,21.9715,7.7714996,21.63,9.142333,1.4537007,77.06847,0.0,25.67707369495413,3.187278686739029
2024-10-05 00:00:00+00:00,-35.629999,-71.603888,170.0,open-meteo_ecmwf_ifs,daily,22.521502,6.2714996,23.64,9.500667,2.4175622,76.26285,0.0,25.859258049030625,3.363853185131571
2024-10-06 00:00:00+00:00,-35.629999,-71.603888,170.0,open-meteo_ecmwf_ifs,daily,24.3215,11.971499,18.37,11.104832,3.1270788,71.58435,0.0,26.040176426749454,3.667732522119154
2024-10-07 00:00:00+00:00,-35.629999,-71.603888,170.0,open-meteo_ecmwf_ifs,daily,23.7215,10.721499,19.88,12.496498,1.9932588,79.6901,0.0,26.219775554131406,3.2574056462328036
2024-10-08 00:00:00+00:00,-35.629999,-71.603888,170.0,open-meteo_ecmwf_ifs,daily,17.771502,12.6215,8.83,12.136085,2.2342641,82.20134,4.3,26.39800322052408,1.8099198042135887
2024-10-09 00:00:00+00:00,-35.629999,-71.603888,170.0,open-meteo_ecmwf_ifs,daily,22.271502,11.971499,19.31,12.581916,1.538165,79.40558,0.0,26.574808296226127,3.1412184008760002
2024-10-10 00:00:00+00:00,-35.629999,-71.603888,170.0,open-meteo_ecmwf_ifs,daily,20.921501,10.6215,16.46,12.392333,2.2711773,84.707,0.8,26.75014074812351,2.6675342946546134
2024-10-11 00:00:00+00:00,-35.629999,-71.603888,170.0,open-meteo_ecmwf_ifs,daily,17.921501,10.0215,13.68,8.377749,1.8280487,73.346375,0.1,26.923951653332207,2.4652521071696047
2024-10-12 00:00:00+00:00,-35.629999,-71.603888,170.0,open-meteo_ecmwf_ifs,daily,19.9715,7.4715,24.07,7.2631664,3.8003576,71.86993,0.0,27.096193210847524,3.716352767934835
2024-10-13 00:00:00+00:00,-35.629999,-71.603888,170.0,open-meteo_ecmwf_ifs,daily,20.771502,5.7714996,24.67,5.8590007,3.0233433,63.481503,0.0,27.266818751205932,3.75168418838936
2024-10-14 00:00:00+00:00,-35.629999,-71.603888,170.0,open-meteo_ecmwf_ifs,daily,22.2215,7.5715,25.27,7.6714997,2.800167,68.01257,0.0,27.435782744170826,3.961524905757444
2024-10-15 00:00:00+00:00,-35.629999,-71.603888,170.0,open-meteo_ecmwf_ifs,daily,24.421501,7.5214996,22.22,9.506917,2.0368726,72.10277,0.0,27.603040804459596,3.6121050497250975
2024-10-16 00:00:00+00:00,-35.629999,-71.603888,170.0,open-meteo_ecmwf_ifs,daily,18.8715,7.7215,19.58,8.704833,3.4796064,72.13475,0.0,27.768549695534574,3.0115225412696063
2024-10-17 00:00:00+00:00,-35.629999,-71.603888,170.0,open-meteo_ecmwf_ifs,daily,24.3715,7.4715,26.34,8.604834,3.4830399,71.18647,0.0,27.932267331486372,4.328896638662725
2024-10-18 00:00:00+00:00,-35.629999,-71.603888,170.0,open-meteo_ecmwf_ifs,daily,25.3215,9.6215,24.67,11.369416,2.698392,73.17931,0.0,28.09415277704308,4.118135756660475
2024-10-19 00:00:00+00:00,-35.629999,-71.603888,170.0,open-meteo_ecmwf_ifs,daily,22.5715,9.1715,24.35,11.00275,2.844859,76.31835,0.0,28.254166245744305,3.757272276242949
2024-10-20 00:00:00+00:00,-35.629999,-71.603888,170.0,open-meteo_ecmwf_ifs,daily,16.7215,11.3215,9.91,8.611084,4.4283695,71.27063,1.1,28.412269096324195,2.5445109735660654
2024-10-21 00:00:00+00:00,-35.629999,-71.603888,170.0,open-meteo_ecmwf_ifs,daily,23.1215,8.721499,26.56,9.563166,3.3005817,70.441795,0.1,28.568423827352163,4.232047054606754
2024-10-22 00:00:00+00:00,-35.629999,-71.603888,170.0,open-meteo_ecmwf_ifs,daily,25.4715,8.721499,24.43,9.817333,2.8816912,66.33183,0.5,28.72259407018517,4.251944452419469
2024-10-23 00:00:00+00:00,-35.629999,-71.603888,170.0,open-meteo_ecmwf_ifs,daily,17.3715,12.9215,9.64,11.925667,2.2277048,82.98253,8.1,28.874744580289747,1.9626893800373302
2024-10-24 00:00:00+00:00,-35.629999,-71.603888,170.0,open-meteo_ecmwf_ifs,daily,22.671501,9.8715,24.58,10.944416,2.406197,79.08964,0.0,29.024841226996184,3.896011579821752
2024-10-25 00:00:00+00:00,-35.629999,-71.603888,170.0,open-meteo_ecmwf_ifs,daily,19.021502,7.6714997,27.93,6.1444163,6.0408382,64.23185,0.1,29.172850981751598,4.369043674284699
2024-10-26 00:00:00+00:00,-35.629999,-71.603888,170.0,open-meteo_ecmwf_ifs,daily,25.0715,6.9214997,27.74,5.8110833,3.455022,55.52812,0.0,29.31874190494176,4.897497272557918
2024-10-27 00:00:00+00:00,-35.629999,-71.603888,170.0,open-meteo_ecmwf_ifs,daily,25.7215,9.721499,27.37,11.369416,2.4073045,69.13399,0.0,29.462483131356134,4.503325672496514
2024-10-28 00:00:00+00:00,-35.629999,-71.603888,170.0,open-meteo_ecmwf_ifs,daily,29.5715,10.6215,27.46,10.39025,3.5263035,59.939438,0.0,29.604044854372273,5.472988148595932
2024-10-29 00:00:00+00:00,-35.629999,-71.603888,170.0,open-meteo_ecmwf_ifs,daily,25.671501,12.221499,27.31,12.011083,2.8787925,64.89224,0.0,29.743398308940055,4.811879839215108
2024-10-30 00:00:00+00:00,-35.629999,-71.603888,170.0,open-meteo_ecmwf_ifs,daily,24.421501,12.2715,21.29,11.206916,1.6260625,72.01754,0.0,29.880515753447717,3.8499812794866
2024-10-31 00:00:00+00:00,-35.629999,-71.603888,170.0,open-meteo_ecmwf_ifs,daily,26.171501,12.1715,24.42,11.4215,2.208026,68.78823,0.0,30.015370450554087,4.4929224141372455
2024-11-01 00:00:00+00:00,-35.629999,-71.603888,170.0,open-meteo_ecmwf_ifs,daily,18.771502,12.2715,13.36,8.933999,3.7539341,69.19655,0.0,30.147936647073738,3.135160048555473
2024-11-02 00:00:00+00:00,-35.629999,-71.603888,170.0,open-meteo_ecmwf_ifs,daily,22.521502,9.6215,28.47,8.969417,2.5155408,68.59516,0.2,30.2781895530023,4.53605996628428
2024-11-03 00:00:00+00:00,-35.629999,-71.603888,170.0,open-meteo_ecmwf_ifs,daily,19.271502,9.8215,14.36,5.9944167,3.2654994,59.866207,0.0,30.406105319771118,3.3372186974205498
2024-11-04 00:00:00+00:00,-35.629999,-71.603888,170.0,open-meteo_ecmwf_ifs,daily,20.3715,9.8215,28.07,7.700667,3.6428344,65.260155,0.3,30.53166101782066,4.5441472433231365
2024-11-05 00:00:00+00:00,-35.629999,-71.603888,170.0,open-meteo_ecmwf_ifs,daily,23.6215,7.1215,29.8,5.479833,4.5495396,58.101612,0.0,30.65483461358238,5.227645546814981
2024-11-06 00:00:00+00:00,-35.629999,-71.603888,170.0,open-meteo_ecmwf_ifs,daily,25.1215,11.0715,28.79,8.269416,4.512721,57.635708,0.0,30.775604945959003,5.600272259936508
2024-11-07 00:00:00+00:00,-35.629999,-71.603888,170.0,open-meteo_ecmwf_ifs,daily,25.4715,10.6715,22.62,7.979833,3.2011406,57.722477,0.2,30.8939517023923,4.723552456404351
2024-11-08 00:00:00+00:00,-35.629999,-71.603888,170.0,open-meteo_ecmwf_ifs,daily,27.521502,11.221499,27.18,8.163167,2.7789543,52.30805,0.0,31.009855394606944,5.357235474602879
2024-11-09 00:00:00+00:00,-35.629999,-71.603888,170.0,open-meteo_ecmwf_ifs,daily,23.8715,13.3215,20.37,10.931916,3.9414825,63.577484,1.4000001,31.123297334117666,4.405924887463115
2024-11-10 00:00:00+00:00,-35.629999,-71.603888,170.0,open-meteo_ecmwf_ifs,daily,20.6215,11.6715,21.58,8.431916,3.2957392,63.75502,5.4,31.234259607585088,4.106756933697375
2024-11-11 00:00:00+00:00,-35.629999,-71.603888,170.0,open-meteo_ecmwf_ifs,daily,22.521502,8.3715,30.32,6.4319158,6.0685062,59.098316,0.0,31.342725052104274,5.379032512372644
2024-11-12 00:00:00+00:00,-35.629999,-71.603888,170.0,open-meteo_ecmwf_ifs,daily,25.3215,9.5715,30.39,6.4548326,5.8830323,51.079437,0.0,31.448677230507144,6.119535642635122
2024-11-13 00:00:00+00:00,-35.629999,-71.603888,170.0,open-meteo_ecmwf_ifs,daily,27.421501,10.221499,28.94,10.006917,3.1600926,60.75848,0.0,31.55210040675744,5.348776166371752
2024-11-14 00:00:00+00:00,-35.629999,-71.603888,170.0,open-meteo_ecmwf_ifs,daily,26.8715,11.9215,27.7,12.834,1.9357945,70.36496,0.0,31.652979521514183,4.841300919116902
2024-11-15 00:00:00+00:00,-35.629999,-71.603888,170.0,open-meteo_ecmwf_ifs,daily,19.3215,12.1715,13.74,10.967332,2.7295072,74.24707,1.6,31.751300167936037,2.7757371128897397
2024-11-16 00:00:00+00:00,-35.629999,-71.603888,170.0,open-meteo_ecmwf_ifs,daily,21.7215,8.6715,30.71,5.742333,3.6243172,57.485516,0.5,31.847048567795724,5.1333163736480785
2024-11-17 00:00:00+00:00,-35.629999,-71.603888,170.0,open-meteo_ecmwf_ifs,daily,23.671501,8.221499,31.42,6.4860835,2.9277623,57.641438,0.0,31.94021154796953,5.203570333205619
2024-11-18 00:00:00+00:00,-35.629999,-71.603888,170.0,open-meteo_ecmwf_ifs,daily,26.3215,10.8715,30.82,9.281917,2.3072102,62.28683,0.0,32.030776517363314,5.405183194842103
2024-11-19 00:00:00+00:00,-35.629999,-71.603888,170.0,open-meteo_ecmwf_ifs,daily,24.5715,9.7715,28.6,9.486083,2.2194822,69.86996,0.0,32.11873144433215,4.813031185394529
2024-11-20 00:00:00+00:00,-35.629999,-71.603888,170.0,open-meteo_ecmwf_ifs,daily,25.9715,11.5215,30.0,9.221499,2.4532483,60.528286,0.0,32.20406483464601,5.400403028306812
2024-11-21 00:00:00+00:00,-35.629999,-71.603888,170.0,open-meteo_ecmwf_ifs,daily,27.771502,10.4215,30.88,9.667333,2.3156602,60.599453,0.0,32.28676571005012,5.511081335499171
2024-11-22 00:00:00+00:00,-35.629999,-71.603888,170.0,open-meteo_ecmwf_ifs,daily,26.3215,9.8715,31.54,8.242333,1.9224974,58.174942,0.0,32.36682358746337,5.372124145350638
2024-11-23 00:00:00+00:00,-35.629999,-71.603888,170.0,open-meteo_ecmwf_ifs,daily,27.9715,11.5715,31.15,10.57775,3.4542887,61.717236,0.0,32.44422845885387,5.897892136035124
2024-11-24 00:00:00+00:00,-35.629999,-71.603888,170.0,open-meteo_ecmwf_ifs,daily,25.171501,12.1215,27.76,10.052751,2.5682123,60.017853,0.0,32.51897077182602,5.097507739953768
2024-11-25 00:00:00+00:00,-35.629999,-71.603888,170.0,open-meteo_ecmwf_ifs,daily,26.021502,11.721499,31.15,6.9777503,3.3137357,49.207947,0.0,32.591041410948804,6.026363523614131
2024-11-26 00:00:00+00:00,-35.629999,-71.603888,170.0,open-meteo_ecmwf_ifs,daily,24.5715,10.1215,29.7,8.183999,2.1422758,60.867313,0.0,32.66043167985034,5.089992213984758
2024-11-27 00:00:00+00:00,-35.629999,-71.603888,170.0,open-meteo_ecmwf_ifs,daily,23.021502,9.4215,31.73,6.348583,2.8355496,55.866306,0.0,32.72713328409934,5.346180757811577
2024-11-28 00:00:00+00:00,-35.629999,-71.603888,170.0,open-meteo_ecmwf_ifs,daily,23.5715,9.0715,31.11,4.7694163,3.435893,51.75588,0.0,32.791138314889395,5.603481358060048
2024-11-29 00:00:00+00:00,-35.629999,-71.603888,170.0,open-meteo_ecmwf_ifs,daily,26.421501,9.971499,32.13,5.4631667,2.3335092,47.000656,0.0,32.85243923353839,5.777074968754419
2024-11-30 00:00:00+00:00,-35.629999,-71.603888,170.0,open-meteo_ecmwf_ifs,daily,26.8715,10.7715,30.32,7.1673336,2.032678,51.36175,0.0,32.91102885681044,5.507678067356252
2024-12-01 00:00:00+00:00,-35.629999,-71.603888,170.0,open-meteo_ecmwf_ifs,daily,22.921501,10.8215,27.06,7.6402497,1.7366384,61.87798,0.2,32.96690034306469,4.658464801478195
2024-12-02 00:00:00+00:00,-35.629999,-71.603888,170.0,open-meteo_ecmwf_ifs,daily,25.2215,10.0215,32.7,5.6381664,3.9454443,51.572086,0.0,33.02004717923117,6.1681276863877095
2024-12-03 00:00:00+00:00,-35.629999,-71.603888,170.0,open-meteo_ecmwf_ifs,daily,27.271502,9.8715,32.19,6.313166,2.3199635,49.00331,0.0,33.07046316861084,5.821817824089802
2024-12-04 00:00:00+00:00,-35.629999,-71.603888,170.0,open-meteo_ecmwf_ifs,daily,24.2215,10.0715,32.07,7.679834,2.8696501,56.152714,0.0,33.118142419494106,5.518337546967062
2024-12-05 00:00:00+00:00,-35.629999,-71.603888,170.0,open-meteo_ecmwf_ifs,daily,20.8215,9.8215,17.68,7.4173336,1.8997034,63.810013,0.0,33.16307933458884,3.4108078102145156
2024-12-06 00:00:00+00:00,-35.629999,-71.603888,170.0,open-meteo_ecmwf_ifs,daily,23.6215,9.3215,32.41,7.3964996,3.176326,62.2234,0.0,33.20526860124732,5.461488729881746
2024-12-07 00:00:00+00:00,-35.629999,-71.603888,170.0,open-meteo_ecmwf_ifs,daily,25.521502,8.4215,31.8,4.159,2.8289382,47.082172,0.0,33.24470518247902,5.74508885032541
2024-12-08 00:00:00+00:00,-35.629999,-71.603888,170.0,open-meteo_ecmwf_ifs,daily,25.0715,9.3715,31.29,6.7694163,2.3990903,57.03105,0.0,33.28138430873483,5.435605457939019
2024-12-09 00:00:00+00:00,-35.629999,-71.603888,170.0,open-meteo_ecmwf_ifs,daily,27.5715,9.7715,33.01,7.908999,2.0996983,56.791706,0.0,33.31530147044687,5.784622540038203
2024-12-10 00:00:00+00:00,-35.629999,-71.603888,170.0,open-meteo_ecmwf_ifs,daily,28.3215,11.0715,32.98,8.088166,2.5147207,51.376064,0.0,33.34645241130739,6.127163314297609
2024-12-11 00:00:00+00:00,-35.629999,-71.603888,170.0,open-meteo_ecmwf_ifs,daily,28.5715,11.3215,33.12,6.5256667,3.0251176,47.353947,0.0,33.37483312226973,6.501184035092398
2024-12-12 00:00:00+00:00,-35.629999,-71.603888,170.0,open-meteo_ecmwf_ifs,daily,26.921501,12.221499,32.5,8.1215,2.3706448,51.00618,0.0,33.40043983625405,6.000978456798887
2024-12-13 00:00:00+00:00,-35.629999,-71.603888,170.0,open-meteo_ecmwf_ifs,daily,29.021502,12.5215,32.93,8.3715,3.5130265,50.743916,0.0,33.42326902354119,6.709242523383011
2024-12-14 00:00:00+00:00,-35.629999,-71.603888,170.0,open-meteo_ecmwf_ifs,daily,30.7215,12.9215,33.09,8.919417,2.7360585,48.5932,0.0,33.44331738783805,6.667683492529027
2024-12-15 00:00:00+00:00,-35.629999,-71.603888,170.0,open-meteo_ecmwf_ifs,daily,29.3715,12.1715,32.28,8.359,2.507073,48.794254,0.0,33.46058186299931,6.280248665211058
2024-12-16 00:00:00+00:00,-35.629999,-71.603888,170.0,open-meteo_ecmwf_ifs,daily,28.671501,11.1715,32.29,10.794417,1.9511681,63.402447,0.0,33.47505961039131,5.761658654431444
2024-12-17 00:00:00+00:00,-35.629999,-71.603888,170.0,open-meteo_ecmwf_ifs,daily,27.3715,11.9215,30.9,10.538166,1.7114476,62.303223,0.0,33.486748016885436,5.4917856060315335
2024-12-18 00:00:00+00:00,-35.629999,-71.603888,170.0,open-meteo_ecmwf_ifs,daily,29.171501,13.1215,32.1,10.475667,3.6988888,56.34912,0.0,33.49564469346986,6.548128255691433
2024-12-19 00:00:00+00:00,-35.629999,-71.603888,170.0,open-meteo_ecmwf_ifs,daily,28.7215,12.0715,33.11,6.458999,4.9059095,42.63262,0.0,33.50174747447102,7.296822064111135
2024-12-20 00:00:00+00:00,-35.629999,-71.603888,170.0,open-meteo_ecmwf_ifs,daily,27.771502,14.4215,31.53,8.127749,4.8233514,45.1037,0.0,33.50505441737749,7.128487252269755
2024-12-21 00:00:00+00:00,-35.629999,-71.603888,170.0,open-meteo_ecmwf_ifs,daily,30.421501,14.1215,32.12,10.738167,3.938349,53.80196,0.0,33.505563803261865,6.936696242434177
2024-12-22 00:00:00+00:00,-35.629999,-71.603888,170.0,open-meteo_ecmwf_ifs,daily,33.7715,15.3215,32.72,9.390251,3.7063646,42.712723,0.0,33.50327413779824,7.738040213795873
2024-12-23 00:00:00+00:00,-35.629999,-71.603888,170.0,open-meteo_ecmwf_ifs,daily,30.171501,15.971499,32.91,9.273583,4.4997334,43.80057,0.0,33.49818415287503,7.669634884393676
2024-12-24 00:00:00+00:00,-35.629999,-71.603888,170.0,open-meteo_ecmwf_ifs,daily,33.921497,13.4215,33.22,7.8839993,3.2141125,40.56641,0.0,33.490292808805684,7.434486553995018
2024-12-25 00:00:00+00:00,-35.629999,-71.603888,170.0,open-meteo_ecmwf_ifs,daily,31.6215,13.9215,32.63,11.277749,3.1601956,52.324482,0.0,33.47959929714205,6.817309259539473
2024-12-26 00:00:00+00:00,-35.629999,-71.603888,170.0,open-meteo_ecmwf_ifs,daily,26.1215,14.7715,28.35,12.548583,3.1829288,66.07875,0.0,33.466103044096805,5.521058566358085
2024-12-27 00:00:00+00:00,-35.629999,-71.603888,170.0,open-meteo_ecmwf_ifs,daily,29.8215,12.5215,31.73,12.223584,2.0008342,63.902004,0.0,33.44980371458443,5.877882957620689
2024-12-28 00:00:00+00:00,-35.629999,-71.603888,170.0,open-meteo_ecmwf_ifs,daily,31.271502,14.7715,30.16,13.211082,1.4919982,60.631474,0.0,33.43070121689129,5.8170172971417635
2024-12-29 00:00:00+00:00,-35.629999,-71.603888,170.0,open-meteo_ecmwf_ifs,daily,32.6215,14.0215,31.78,13.013168,1.9655627,58.478424,0.0,33.40879570798771,6.271074219031692
2024-12-30 00:00:00+00:00,-35.629999,-71.603888,170.0,open-meteo_ecmwf_ifs,daily,30.8215,15.0715,32.03,7.3423333,2.5712821,40.158398,0.0,33.38408759949582,6.818917232273663
2024-12-31 00:00:00+00:00,-35.629999,-71.603888,170.0,open-meteo_ecmwf_ifs,daily,28.771502,15.6715,32.17,9.356917,4.2065597,49.817463,0.0,33.35657756432903,7.18737620814637
2025-01-01 00:00:00+00:00,-35.629999,-71.603888,170.0,open-meteo_ecmwf_ifs,daily,30.8215,12.4215,33.15,4.531916,3.0820673,37.314495,0.0,33.35657756432903,7.074626807888054
2025-01-02 00:00:00+00:00,-35.629999,-71.603888,170.0,open-meteo_ecmwf_ifs,daily,31.9715,13.9215,33.05,6.7715,2.675829,39.556423,0.0,33.326266544018836,7.017301009002629
2025-01-03 00:00:00+00:00,-35.629999,-71.603888,170.0,open-meteo_ecmwf_ifs,daily,33.671497,15.2715,32.27,10.908999,1.5949807,48.657364,0.0,33.29315575674632,6.445016716688475
2025-01-04 00:00:00+00:00,-35.629999,-71.603888,170.0,open-meteo_ecmwf_ifs,daily,32.0215,14.1715,31.55,12.931915,2.226279,60.498676,0.0,33.25724670609506,6.28204191146249
2025-01-05 00:00:00+00:00,-35.629999,-71.603888,170.0,open-meteo_ecmwf_ifs,daily,33.9715,16.771502,31.53,12.346498,1.5681564,51.19643,0.0,33.21854119054278,6.440777767069039
2025-01-06 00:00:00+00:00,-35.629999,-71.603888,170.0,open-meteo_ecmwf_ifs,daily,31.8715,16.171501,31.58,12.154834,2.3607075,49.640484,0.0,33.177041313707946,6.591645119851719
2025-01-07 00:00:00+00:00,-35.629999,-71.603888,170.0,open-meteo_ecmwf_ifs,daily,29.7215,14.1715,31.53,11.788167,2.4998364,56.21638,0.0,33.13274949536722,6.186075912726432
2025-01-08 00:00:00+00:00,-35.629999,-71.603888,170.0,open-meteo_ecmwf_ifs,daily,30.771502,13.971499,31.97,9.7715,2.074692,50.336594,0.0,33.08566848325796,6.296536071197501
2025-01-09 00:00:00+00:00,-35.629999,-71.603888,170.0,open-meteo_ecmwf_ifs,daily,32.7715,15.6215,31.82,11.0215,3.3233206,48.39062,0.0,33.035801365678644,7.170314766094157
2025-01-10 00:00:00+00:00,-35.629999,-71.603888,170.0,open-meteo_ecmwf_ifs,daily,33.3215,15.7715,32.14,5.4819164,3.4661455,34.04186,0.0,32.98315158489778,7.805963038242492
2025-01-11 00:00:00+00:00,-35.629999,-71.603888,170.0,open-meteo_ecmwf_ifs,daily,35.171497,16.5715,32.2,2.873583,3.7607975,24.887953,0.0,32.92772295137995,8.478856424078442
2025-01-12 00:00:00+00:00,-35.629999,-71.603888,170.0,open-meteo_ecmwf_ifs,daily,34.2215,18.521502,30.93,11.465249,2.332337,43.44696,0.0,32.8695196588342,7.003785833633914
2025-01-13 00:00:00+00:00,-35.629999,-71.603888,170.0,open-meteo_ecmwf_ifs,daily,32.421497,14.7715,31.1,12.473584,1.9950804,55.231632,0.0,32.80854630008762,6.239303933227057
2025-01-14 00:00:00+00:00,-35.629999,-71.603888,170.0,open-meteo_ecmwf_ifs,daily,30.921501,15.2715,31.03,6.975666,1.8522812,40.152508,0.0,32.74480788378299,6.275638799542786
2025-01-15 00:00:00+00:00,-35.629999,-71.603888,170.0,open-meteo_ecmwf_ifs,daily,32.1215,16.0215,29.89,11.771501,3.7723176,49.98766,0.0,32.67830985189631,6.993808904664849
2025-01-16 00:00:00+00:00,-35.629999,-71.603888,170.0,open-meteo_ecmwf_ifs,daily,32.3215,17.0715,28.5,14.479833,3.0023525,61.43427,0.0,32.60905809806523,6.380093688453957
2025-01-17 00:00:00+00:00,-35.629999,-71.603888,170.0,open-meteo_ecmwf_ifs,daily,29.8715,15.0715,29.32,6.9652495,2.7495062,40.375683,0.0,32.53705898671621,6.469002185188451
2025-01-18 00:00:00+00:00,-35.629999,-71.603888,170.0,open-meteo_ecmwf_ifs,daily,30.6215,14.221499,30.9,7.186083,2.0249968,40.82445,0.0,32.46231937297304,6.2181038046862716
2025-01-19 00:00:00+00:00,-35.629999,-71.603888,170.0,open-meteo_ecmwf_ifs,daily,34.7715,14.1715,31.49,6.4319167,3.2300491,38.309074,0.0,32.38484662332534,7.459397045264393
2025-01-20 00:00:00+00:00,-35.629999,-71.603888,170.0,open-meteo_ecmwf_ifs,daily,32.8715,15.7715,29.77,6.5006657,2.2771428,35.327953,0.0,32.30464863703073,6.602321870773769
2025-01-21 00:00:00+00:00,-35.629999,-71.603888,170.0,open-meteo_ecmwf_ifs,daily,32.671497,15.1215,30.11,11.113167,2.270674,53.064026,0.0,32.22173386821974,6.335232275078334
2025-01-22 00:00:00+00:00,-35.629999,-71.603888,170.0,open-meteo_ecmwf_ifs,daily,30.3215,14.471499,30.35,11.023583,2.3140874,53.058178,0.0,32.136111348667626,6.069992045168577
2025-01-23 00:00:00+00:00,-35.629999,-71.603888,170.0,open-meteo_ecmwf_ifs,daily,30.2215,12.3715,29.38,8.894416,2.9095411,51.568085,0.0,32.04779071119253,6.100393903902844
2025-01-24 00:00:00+00:00,-35.629999,-71.603888,170.0,open-meteo_ecmwf_ifs,daily,30.671501,14.471499,30.96,7.0048327,4.6815944,43.59775,0.0,31.956782213634447,7.557786899207028
2025-01-25 00:00:00+00:00,-35.629999,-71.603888,170.0,open-meteo_ecmwf_ifs,daily,32.2715,13.9215,30.66,7.229833,3.1610374,40.67674,0.0,31.86309676336501,6.911923982697655
2025-01-26 00:00:00+00:00,-35.629999,-71.603888,170.0,open-meteo_ecmwf_ifs,daily,33.0215,15.4215,30.52,8.367333,2.8428986,40.999054,0.0,31.7667459422731,6.895665063721731
2025-01-27 00:00:00+00:00,-35.629999,-71.603888,170.0,open-meteo_ecmwf_ifs,daily,30.5715,13.7715,30.26,9.813167,4.32087,50.675854,0.0,31.66774203216697,6.842142376140579
2025-01-28 00:00:00+00:00,-35.629999,-71.603888,170.0,open-meteo_ecmwf_ifs,daily,33.7715,13.5215,30.84,4.7006664,3.181264,33.394573,0.0,31.566098040529287,7.2065106917401645
2025-01-29 00:00:00+00:00,-35.629999,-71.603888,170.0,open-meteo_ecmwf_ifs,daily,34.5715,15.3215,30.59,7.8798337,2.531199,38.34486,0.0,31.461827726556972,6.861283336197184
2025-01-30 00:00:00+00:00,-35.629999,-71.603888,170.0,open-meteo_ecmwf_ifs,daily,33.671497,13.0215,30.19,9.506917,2.2229722,49.727283,0.0,31.35494562741421,6.22981149470077
2025-01-31 00:00:00+00:00,-35.629999,-71.603888,170.0,open-meteo_ecmwf_ifs,daily,33.2715,13.7715,30.19,9.1465,3.9248788,47.246952,0.0,31.245467084622955,7.136706809620064
2025-02-01 00:00:00+00:00,-35.629999,-71.603888,170.0,open-meteo_ecmwf_ifs,daily,33.3215,16.0715,29.89,8.719417,2.9158885,41.58353,0.0,31.13340827051205,6.902695192385594
2025-02-02 00:00:00+00:00,-35.629999,-71.603888,170.0,open-meteo_ecmwf_ifs,daily,28.8715,14.221499,29.85,5.4735827,3.1416757,38.07549,0.0,31.018786214642887,6.515024986498004
2025-02-03 00:00:00+00:00,-35.629999,-71.603888,170.0,open-meteo_ecmwf_ifs,daily,30.021502,14.221499,29.34,8.971499,3.930172,50.33548,0.0,30.901618830126672,6.643104609938227
2025-02-04 00:00:00+00:00,-35.629999,-71.603888,170.0,open-meteo_ecmwf_ifs,daily,32.5715,14.3715,26.22,6.331917,3.1956632,38.103638,0.0,30.78192493974612,6.535511872476326
2025-02-05 00:00:00+00:00,-35.629999,-71.603888,170.0,open-meteo_ecmwf_ifs,daily,30.921501,14.1715,29.16,8.158999,2.789172,42.330822,0.0,30.65972430179191,6.2739608874747494
2025-02-06 00:00:00+00:00,-35.629999,-71.603888,170.0,open-meteo_ecmwf_ifs,daily,34.7715,14.7715,29.62,8.542333,4.501531,46.357334,0.0,30.535037635523107,7.74530466943196
2025-02-07 00:00:00+00:00,-35.629999,-71.603888,170.0,open-meteo_ecmwf_ifs,daily,36.0215,15.971499,29.15,7.773583,2.5769339,36.47891,0.0,30.4078866461588,6.8474970445336565
2025-02-08 00:00:00+00:00,-35.629999,-71.603888,170.0,open-meteo_ecmwf_ifs,daily,37.2715,16.8215,29.18,8.22775,4.8725686,37.215504,0.0,30.278294049307576,8.625598236333445
2025-02-09 00:00:00+00:00,-35.629999,-71.603888,170.0,open-meteo_ecmwf_ifs,daily,38.1215,18.271502,28.74,8.529834,4.3655806,34.21859,0.0,30.146283594741053,8.540667028089949
2025-02-10 00:00:00+00:00,-35.629999,-71.603888,170.0,open-meteo_ecmwf_ifs,daily,31.171501,15.0215,25.68,12.473582,2.4435608,61.32538,0.0,30.011880089416923,5.464919835825155
2025-02-11 00:00:00+00:00,-35.629999,-71.603888,170.0,open-meteo_ecmwf_ifs,daily,29.271502,12.9215,29.23,3.0673335,3.72577,34.90622,0.0,29.87510941965819,6.736908749304042
2025-02-12 00:00:00+00:00,-35.629999,-71.603888,170.0,open-meteo_ecmwf_ifs,daily,29.7215,12.3715,28.99,2.729833,3.1226416,34.799236,0.0,29.735998572394774,6.378090515557797
2025-02-13 00:00:00+00:00,-35.629999,-71.603888,170.0,open-meteo_ecmwf_ifs,daily,31.0715,13.5715,28.54,5.0965,2.7226038,39.127644,0.0,29.59457565537588,6.222231598854595
2025-02-14 00:00:00+00:00,-35.629999,-71.603888,170.0,open-meteo_ecmwf_ifs,daily,28.8715,12.4215,28.05,6.115249,2.4499068,44.767365,0.0,29.4508699162619,5.621448997812679
2025-02-15 00:00:00+00:00,-35.629999,-71.603888,170.0,open-meteo_ecmwf_ifs,daily,28.521502,12.6715,27.59,7.87775,1.4242601,49.23422,0.0,29.304911760507384,4.95543383127961
2025-02-16 00:00:00+00:00,-35.629999,-71.603888,170.0,open-meteo_ecmwf_ifs,daily,29.671501,12.1715,27.84,7.4173336,2.4289608,51.089252,0.0,29.156732767948103,5.545015880593838
2025-02-17 00:00:00+00:00,-35.629999,-71.603888,170.0,open-meteo_ecmwf_ifs,daily,30.4715,12.8715,28.07,5.2339997,3.7226198,40.438538,0.0,29.00636570800827,6.534256837782503
2025-02-18 00:00:00+00:00,-35.629999,-71.603888,170.0,open-meteo_ecmwf_ifs,daily,33.8215,13.5215,27.36,7.00275,2.5676632,40.540268,0.0,28.85384455344674,6.106117785805186
2025-02-19 00:00:00+00:00,-35.629999,-71.603888,170.0,open-meteo_ecmwf_ifs,daily,27.4715,13.1715,25.86,10.569416,3.3546011,59.071766,0.0,28.699204492564213,5.247419376126134
2025-02-20 00:00:00+00:00,-35.629999,-71.603888,170.0,open-meteo_ecmwf_ifs,daily,28.771502,13.0715,24.87,11.913167,1.894866,66.12112,0.0,28.542481939797277,4.673477338721107
2025-02-21 00:00:00+00:00,-35.629999,-71.603888,170.0,open-meteo_ecmwf_ifs,daily,31.4715,12.7715,26.47,10.034,1.952364,53.98891,0.0,28.38371454462894,5.185685226208953
2025-02-22 00:00:00+00:00,-35.629999,-71.603888,170.0,open-meteo_ecmwf_ifs,daily,31.671501,14.1715,26.62,7.669416,3.657687,44.71553,0.0,28.2229411987493,6.405758316532385
2025-02-23 00:00:00+00:00,-35.629999,-71.603888,170.0,open-meteo_ecmwf_ifs,daily,32.5715,15.1215,26.31,11.300666,3.8969784,52.815186,0.0,28.060202041404956,6.337567922621939
2025-02-24 00:00:00+00:00,-35.629999,-71.603888,170.0,open-meteo_ecmwf_ifs,daily,31.521502,16.3215,25.75,12.369416,4.115661,56.73186,0.0,27.895538462879994,6.241630160484839
2025-02-25 00:00:00+00:00,-35.629999,-71.603888,170.0,open-meteo_ecmwf_ifs,daily,31.8715,14.8215,26.49,6.3527503,3.127416,38.18964,0.0,27.72899310605673,6.2538382622892765
2025-02-26 00:00:00+00:00,-35.629999,-71.603888,170.0,open-meteo_ecmwf_ifs,daily,33.4715,14.471499,26.32,7.506916,3.1381,41.849796,0.0,27.56060986600922,6.286058921495548
2025-02-27 00:00:00+00:00,-35.629999,-71.603888,170.0,open-meteo_ecmwf_ifs,daily,31.7215,15.5215,25.28,7.731916,1.8625365,39.5985,0.0,27.390433887588436,5.251702183078754
2025-02-28 00:00:00+00:00,-35.629999,-71.603888,170.0,open-meteo_ecmwf_ifs,daily,28.9715,16.6215,19.0,13.065248,2.0212398,63.693607,0.0,27.2185115609629,4.220961600463296
2025-03-01 00:00:00+00:00,-35.629999,-71.603888,170.0,open-meteo_ecmwf_ifs,daily,28.8715,15.0215,22.27,13.479835,1.6184255,66.98735,0.0,27.04489051508483,4.257097954688491
2025-03-02 00:00:00+00:00,-35.629999,-71.603888,170.0,open-meteo_ecmwf_ifs,daily,26.6215,14.5215,20.03,12.638165,1.7959256,66.31226,0.0,26.869619609057338,3.8726690279841613
2025-03-03 00:00:00+00:00,-35.629999,-71.603888,170.0,open-meteo_ecmwf_ifs,daily,27.671501,12.721499,24.72,10.0215,2.4159358,58.058407,0.0,26.692748921384307,4.708424489596616
2025-03-04 00:00:00+00:00,-35.629999,-71.603888,170.0,open-meteo_ecmwf_ifs,daily,27.8215,13.221499,24.66,9.119417,3.753404,53.588043,0.0,26.514329737090346,5.349311675697022
2025-03-05 00:00:00+00:00,-35.629999,-71.603888,170.0,open-meteo_ecmwf_ifs,daily,29.1215,13.721499,24.36,11.456917,2.5332968,59.8033,0.0,26.334414532704688,4.8260438715818506
2025-03-06 00:00:00+00:00,-35.629999,-71.603888,170.0,open-meteo_ecmwf_ifs,daily,27.521502,14.3215,22.71,13.159,2.4839294,67.557365,0.0,26.153056959108557,4.354566027808979
2025-03-07 00:00:00+00:00,-35.629999,-71.603888,170.0,open-meteo_ecmwf_ifs,daily,20.421501,14.3715,9.31,13.86525,3.011798,80.92278,7.4999995,25.97031182225184,2.11990868903185
2025-03-08 00:00:00+00:00,-35.629999,-71.603888,170.0,open-meteo_ecmwf_ifs,daily,25.671501,10.2715,24.8,6.0319157,5.0010176,50.042877,0.0,25.786235061751064,5.382920363669271
2025-03-09 00:00:00+00:00,-35.629999,-71.603888,170.0,open-meteo_ecmwf_ifs,daily,28.8715,10.1215,23.91,7.698583,2.9220512,52.919827,0.0,25.60088372738656,4.7883038166771295
2025-03-10 00:00:00+00:00,-35.629999,-71.603888,170.0,open-meteo_ecmwf_ifs,daily,28.171501,13.7715,23.44,8.37775,3.6680346,47.28674,0.0,25.41431595352285,5.330965120750871
2025-03-11 00:00:00+00:00,-35.629999,-71.603888,170.0,open-meteo_ecmwf_ifs,daily,27.3215,12.221499,23.08,7.9131665,3.4607694,50.890305,0.0,25.226590931482182,4.948908873945823
2025-03-12 00:00:00+00:00,-35.629999,-71.603888,170.0,open-meteo_ecmwf_ifs,daily,33.1215,11.6715,23.33,8.050667,1.9391683,48.749023,0.0,25.037768879906942,4.691864051940307
2025-03-13 00:00:00+00:00,-35.629999,-71.603888,170.0,open-meteo_ecmwf_ifs,daily,31.7215,14.471499,22.95,9.404832,1.1129661,47.76996,0.0,24.847911013152537,4.1506652847454175
2025-03-14 00:00:00+00:00,-35.629999,-71.603888,170.0,open-meteo_ecmwf_ifs,daily,26.2215,12.0715,21.65,11.861084,2.6912823,69.68369,0.0,24.65707950775774,3.9406742910535377
2025-03-15 00:00:00+00:00,-35.629999,-71.603888,170.0,open-meteo_ecmwf_ifs,daily,24.521502,13.221499,16.42,12.267334,1.1078147,73.59638,0.0,24.465337467045213,2.8921363070211985
2025-03-16 00:00:00+00:00,-35.629999,-71.603888,170.0,open-meteo_ecmwf_ifs,daily,27.3715,11.5715,21.95,10.438167,2.3141582,66.41941,0.0,24.272748883909884,4.038289948527095
2025-03-17 00:00:00+00:00,-35.629999,-71.603888,170.0,open-meteo_ecmwf_ifs,daily,29.3715,11.1215,22.2,8.279833,3.4537516,54.374485,0.0,24.07937860185827,4.8564813521879175
2025-03-18 00:00:00+00:00,-35.629999,-71.603888,170.0,open-meteo_ecmwf_ifs,daily,30.1215,12.0215,22.12,9.681916,3.6470788,54.083195,0.0,23.885292274366574,4.9598642885656545
2025-03-19 00:00:00+00:00,-35.629999,-71.603888,170.0,open-meteo_ecmwf_ifs,daily,26.9715,12.221499,21.78,10.811085,1.4893813,59.241486,0.0,23.690556322630034,3.6769765375055976
2025-03-20 00:00:00+00:00,-35.629999,-71.603888,170.0,open-meteo_ecmwf_ifs,daily,26.921501,11.3715,20.85,11.061082,1.4594406,63.89449,0.0,23.4952378917807,3.4835453443489106
2025-03-21 00:00:00+00:00,-35.629999,-71.603888,170.0,open-meteo_ecmwf_ifs,daily,28.1215,15.0215,20.23,13.358998,3.3405542,67.45044,0.0,23.299404805654703,4.2904415800729705
2025-03-22 00:00:00+00:00,-35.629999,-71.603888,170.0,open-meteo_ecmwf_ifs,daily,26.2215,12.5715,21.04,9.600667,3.1639116,57.023495,0.0,23.1031255201944,4.226501335042739
2025-03-23 00:00:00+00:00,-35.629999,-71.603888,170.0,open-meteo_ecmwf_ifs,daily,24.271502,9.3215,21.29,6.4465003,2.2232716,54.73953,0.0,22.906469075574332,3.6466686992695787
2025-03-24 00:00:00+00:00,-35.629999,-71.603888,170.0,open-meteo_ecmwf_ifs,daily,25.7215,8.3715,20.86,7.8319173,1.8503952,60.995224,0.0,22.70950504714321,3.4105701852645907
2025-03-25 00:00:00+00:00,-35.629999,-71.603888,170.0,open-meteo_ecmwf_ifs,daily,24.8715,11.0715,16.75,10.473583,2.7392797,72.73423,0.1,22.51230349527776,3.2722469716038867
2025-03-26 00:00:00+00:00,-35.629999,-71.603888,170.0,open-meteo_ecmwf_ifs,daily,25.1215,10.5715,20.22,9.877749,1.8861508,67.06962,0.6,22.314934914246663,3.336856890938822
2025-03-27 00:00:00+00:00,-35.629999,-71.603888,170.0,open-meteo_ecmwf_ifs,daily,22.921501,10.6715,18.62,8.829834,2.7227728,64.312904,0.0,22.117470180185713,3.3311577761325832
2025-03-28 00:00:00+00:00,-35.629999,-71.603888,170.0,open-meteo_ecmwf_ifs,daily,23.671501,9.6715,17.2,8.929833,1.3947917,69.12155,0.0,21.919980498287526,2.7736160021074876
2025-03-29 00:00:00+00:00,-35.629999,-71.603888,170.0,open-meteo_ecmwf_ifs,daily,22.9715,9.5215,15.35,9.123583,2.4708703,68.74932,0.0,21.722537349311107,2.841053235245704
2025-03-30 00:00:00+00:00,-35.629999,-71.603888,170.0,open-meteo_ecmwf_ifs,daily,18.6215,12.2715,17.96,8.929833,3.7273998,70.4204,26.9,21.52521243551819,3.133737576693745
2025-03-31 00:00:00+00:00,-35.629999,-71.603888,170.0,open-meteo_ecmwf_ifs,daily,21.3215,7.6215,19.66,4.7194166,5.0377116,57.86578,0.0,21.32807762614494,3.888470689909459
2025-04-01 00:00:00+00:00,-35.629999,-71.603888,170.0,open-meteo_ecmwf_ifs,daily,20.271502,7.2714996,18.89,5.406916,2.4207354,61.87369,0.0,21.131204902518217,2.9389528054059864
2025-04-02 00:00:00+00:00,-35.629999,-71.603888,170.0,open-meteo_ecmwf_ifs,daily,20.3715,6.8215,15.55,6.19025,2.637511,67.79614,0.0,20.93466630292684,2.653277496847423
2025-04-03 00:00:00+00:00,-35.629999,-71.603888,170.0,open-meteo_ecmwf_ifs,daily,26.4715,9.5715,18.84,7.729833,3.5448549,61.89182,0.0,20.738533867358267,3.8933710578260987
2025-04-04 00:00:00+00:00,-35.629999,-71.603888,170.0,open-meteo_ecmwf_ifs,daily,26.1215,8.971499,18.18,9.444416,1.2097826,63.819347,0.0,20.54287958221182,2.756604601754283
2025-04-05 00:00:00+00:00,-35.629999,-71.603888,170.0,open-meteo_ecmwf_ifs,daily,20.9715,11.6215,11.81,11.565249,2.5543435,81.818985,0.0,20.3477753250988,2.2172953914716764
2025-04-06 00:00:00+00:00,-35.629999,-71.603888,170.0,open-meteo_ecmwf_ifs,daily,22.421501,11.1715,15.46,10.921501,1.2457888,76.61404,1.0,20.15329280983985,2.3675041173501112
2025-04-07 00:00:00+00:00,-35.629999,-71.603888,170.0,open-meteo_ecmwf_ifs,daily,25.3715,9.8715,17.41,10.340249,2.4407833,74.840744,0.0,19.959503531769016,2.9983851503612375
2025-04-08 00:00:00+00:00,-35.629999,-71.603888,170.0,open-meteo_ecmwf_ifs,daily,24.5715,10.221499,15.78,11.261083,1.4600588,74.883965,0.0,19.766478713452827,2.475473153336096
2025-04-09 00:00:00+00:00,-35.629999,-71.603888,170.0,open-meteo_ecmwf_ifs,daily,22.0715,11.1715,15.06,11.106918,0.9402973,77.955925,0.0,19.574289250931482,2.185117155272132
2025-04-10 00:00:00+00:00,-35.629999,-71.603888,170.0,open-meteo_ecmwf_ifs,daily,15.5215,11.6215,3.18,11.761083,2.320301,90.176216,21.500002,19.383005660587692,0.9439082259124206
2025-04-11 00:00:00+00:00,-35.629999,-71.603888,170.0,open-meteo_ecmwf_ifs,daily,17.8215,7.3215,17.14,6.0485826,2.8632147,71.90123,0.0,19.19269802674655,2.4903939757244604
2025-04-12 00:00:00+00:00,-35.629999,-71.603888,170.0,open-meteo_ecmwf_ifs,daily,21.3215,6.6215,17.16,6.1235824,3.456293,69.67222,0.0,19.003435950108052,2.8860322990498775
2025-04-13 00:00:00+00:00,-35.629999,-71.603888,170.0,open-meteo_ecmwf_ifs,daily,18.521502,6.0214996,13.35,6.061083,2.1150205,72.279915,0.0,18.815288497111105,2.0446277519333984
2025-04-14 00:00:00+00:00,-35.629999,-71.603888,170.0,open-meteo_ecmwf_ifs,daily,20.921501,6.7714996,13.77,8.765249,2.0054467,83.0409,4.5,18.628324150325543,2.034292477204972
2025-04-15 00:00:00+00:00,-35.629999,-71.603888,170.0,open-meteo_ecmwf_ifs,daily,18.421501,9.6215,10.93,10.461082,2.5197845,84.62892,0.5,18.44261075996535,1.7479160878546163
2025-04-16 00:00:00+00:00,-35.629999,-71.603888,170.0,open-meteo_ecmwf_ifs,daily,21.021502,6.0715,15.29,7.6444173,1.7870874,76.72252,0.0,18.258215496613673,2.104752678897886
2025-04-17 00:00:00+00:00,-35.629999,-71.603888,170.0,open-meteo_ecmwf_ifs,daily,20.771502,11.5715,15.6,8.667333,3.8548272,70.31434,0.0,18.075204805246337,2.99005445727167
2025-04-18 00:00:00+00:00,-35.629999,-71.603888,170.0,open-meteo_ecmwf_ifs,daily,19.4715,6.0715,15.6,5.2548327,2.9681273,66.182304,0.0,17.893644360637367,2.4554611426800927
2025-04-19 00:00:00+00:00,-35.629999,-71.603888,170.0,open-meteo_ecmwf_ifs,daily,20.5715,7.0715,13.97,7.6756663,1.4766216,76.99313,0.0,17.713599024226074,1.9416576747660157
2025-04-20 00:00:00+00:00,-35.629999,-71.603888,170.0,open-meteo_ecmwf_ifs,daily,21.4715,6.6714997,14.71,7.8527493,0.81471103,75.13586,0.0,17.535132802521233,1.8050317139963408
2025-04-21 00:00:00+00:00,-35.629999,-71.603888,170.0,open-meteo_ecmwf_ifs,daily,17.421501,8.7715,6.43,8.594417,1.5216066,80.091095,0.5,17.35830880711392,1.3312880747696794
2025-04-22 00:00:00+00:00,-35.629999,-71.603888,170.0,open-meteo_ecmwf_ifs,daily,20.9715,10.471499,7.92,11.404834,1.1770902,81.16278,14.6,17.183189216366014,1.4326074172987524
2025-04-23 00:00:00+00:00,-35.629999,-71.603888,170.0,open-meteo_ecmwf_ifs,daily,18.771502,12.971499,6.78,13.621501,1.3492821,92.725655,1.2,17.009835238836985,1.2066210034611775
2025-04-24 00:00:00+00:00,-35.629999,-71.603888,170.0,open-meteo_ecmwf_ifs,daily,20.1215,13.1715,10.08,12.667333,3.3834736,83.63651,0.90000004,16.838307078506926,1.9375870640092532
2025-04-25 00:00:00+00:00,-35.629999,-71.603888,170.0,open-meteo_ecmwf_ifs,daily,18.4715,11.471499,11.95,9.681916,2.9943006,76.98335,19.000002,16.6686639018488,2.073190136018661
2025-04-26 00:00:00+00:00,-35.629999,-71.603888,170.0,open-meteo_ecmwf_ifs,daily,18.271502,7.2714996,13.75,6.6548314,3.5637562,75.385475,0.0,16.500963806798318,2.205699743359691
2025-04-27 00:00:00+00:00,-35.629999,-71.603888,170.0,open-meteo_ecmwf_ifs,daily,21.1215,6.2215,14.15,6.1444163,3.6235647,69.0571,0.0,16.3352637936642,2.4917053493756693
2025-04-28 00:00:00+00:00,-35.629999,-71.603888,170.0,open-meteo_ecmwf_ifs,daily,19.3715,7.0214996,12.92,8.1589985,2.561147,79.83393,0.0,16.171619738017007,1.8507568959209597
2025-04-29 00:00:00+00:00,-35.629999,-71.603888,170.0,open-meteo_ecmwf_ifs,daily,16.771502,6.9715,10.18,7.811083,1.1935552,82.1427,0.0,16.010086365588883,1.3178050692506103
2025-04-30 00:00:00+00:00,-35.629999,-71.603888,170.0,open-meteo_ecmwf_ifs,daily,15.721499,5.9715,7.24,7.27775,2.082092,86.286865,0.0,15.850717229211517,1.2147626482593086
2025-05-01 00:00:00+00:00,-35.629999,-71.603888,170.0,open-meteo_ecmwf_ifs,daily,17.671501,6.8215,10.47,8.054832,1.850773,80.27994,0.0,15.693564687813968,1.4421496205210644
2025-05-02 00:00:00+00:00,-35.629999,-71.603888,170.0,open-meteo_ecmwf_ifs,daily,17.921501,6.6215,12.94,7.5589995,2.6930027,81.22764,0.0,15.538679887496485,1.722210395655084
2025-05-03 00:00:00+00:00,-35.629999,-71.603888,170.0,open-meteo_ecmwf_ifs,daily,19.3215,5.6215,12.53,6.179833,1.9319592,74.353874,0.0,15.386112744690767,1.7083848993417337
2025-05-04 00:00:00+00:00,-35.629999,-71.603888,170.0,open-meteo_ecmwf_ifs,daily,17.671501,11.3715,8.45,9.77775,2.5467744,80.61773,0.2,15.235911931411477,1.6215872598516363
2025-05-05 00:00:00+00:00,-35.629999,-71.603888,170.0,open-meteo_ecmwf_ifs,daily,16.6215,4.5715,11.8,5.081917,2.462731,73.846855,0.0,15.088124862598155,1.594851424293254
2025-05-06 00:00:00+00:00,-35.629999,-71.603888,170.0,open-meteo_ecmwf_ifs,daily,17.0715,5.8215,9.96,5.3339996,1.7493113,71.00025,0.0,14.942797685540716,1.4663939691337757
2025-05-07 00:00:00+00:00,-35.629999,-71.603888,170.0,open-meteo_ecmwf_ifs,daily,14.3215,7.6215,4.05,9.006917,2.7346356,90.01959,12.4,14.799975271376072,0.8832566033129486
2025-05-08 00:00:00+00:00,-35.629999,-71.603888,170.0,open-meteo_ecmwf_ifs,daily,15.0215,9.1215,5.34,9.523583,3.6387415,87.9846,21.7,14.659701208637712,1.1267020663646674
2025-05-09 00:00:00+00:00,-35.629999,-71.603888,170.0,open-meteo_ecmwf_ifs,daily,19.3715,9.6215,10.74,10.542332,2.253983,83.94285,1.6000001,14.522017798833993,1.513872857839587
2025-05-10 00:00:00+00:00,-35.629999,-71.603888,170.0,open-meteo_ecmwf_ifs,daily,23.0715,7.1714997,12.34,8.511083,3.3259366,75.793625,0.0,14.386966054025454,2.159768858178858
2025-05-11 00:00:00+00:00,-35.629999,-71.603888,170.0,open-meteo_ecmwf_ifs,daily,18.4715,10.6715,7.81,11.183999,1.8086232,86.04966,0.0,14.254585696365465,1.2419208699685067
2025-05-12 00:00:00+00:00,-35.629999,-71.603888,170.0,open-meteo_ecmwf_ifs,daily,17.6215,9.4215,8.19,10.367333,1.5058059,88.61572,0.0,14.124915159563098,1.1422398222701755
2025-05-13 00:00:00+00:00,-35.629999,-71.603888,170.0,open-meteo_ecmwf_ifs,daily,17.271502,8.221499,8.92,8.829833,0.845232,86.65847,0.0,13.99799159222102,1.0700342529247526
2025-05-14 00:00:00+00:00,-35.629999,-71.603888,170.0,open-meteo_ecmwf_ifs,daily,19.0715,7.6215,9.49,9.204833,2.4656043,86.03187,0.0,13.873850862996356,1.4104986780476914
2025-05-15 00:00:00+00:00,-35.629999,-71.603888,170.0,open-meteo_ecmwf_ifs,daily,16.2215,6.3215,10.53,7.6089997,1.8247234,84.495995,0.0,13.752527567526197,1.1873877271057898
2025-05-16 00:00:00+00:00,-35.629999,-71.603888,170.0,open-meteo_ecmwf_ifs,daily,17.3215,4.7215,10.52,6.729833,1.5036448,82.15832,0.0,13.63405503705486,1.1620994423791757
2025-05-17 00:00:00+00:00,-35.629999,-71.603888,170.0,open-meteo_ecmwf_ifs,daily,11.6215,8.2715,2.06,9.204833,4.278522,90.107605,34.1,13.518465348694154,0.5540184446893478
2025-05-18 00:00:00+00:00,-35.629999,-71.603888,170.0,open-meteo_ecmwf_ifs,daily,15.6215,5.0715,9.61,6.2569165,2.0439632,83.8005,0.0,13.40578933724333,1.164422258510736
2025-05-19 00:00:00+00:00,-35.629999,-71.603888,170.0,open-meteo_ecmwf_ifs,daily,17.021502,4.4715,10.53,5.311083,2.3276503,74.396645,0.0,13.296056608490183,1.3738747576119656
2025-05-20 00:00:00+00:00,-35.629999,-71.603888,170.0,open-meteo_ecmwf_ifs,daily,18.3715,6.1714997,9.31,5.2839994,1.4789033,68.124466,0.0,13.189295553910274,1.3092005743397965
2025-05-21 00:00:00+00:00,-35.629999,-71.603888,170.0,open-meteo_ecmwf_ifs,daily,19.8715,7.4214997,10.64,9.038166,2.1805913,79.57108,0.0,13.08553336667666,1.3854261743768266
2025-05-22 00:00:00+00:00,-35.629999,-71.603888,170.0,open-meteo_ecmwf_ifs,daily,14.8215,4.3715,8.8,5.850666,2.1696842,81.06366,0.0,12.984796058888309,1.0652747956838255
2025-05-23 00:00:00+00:00,-35.629999,-71.603888,170.0,open-meteo_ecmwf_ifs,daily,15.1715,3.3215,9.95,4.479833,1.3161808,77.45052,0.0,12.887108479921485,0.9981886519332398
2025-05-24 00:00:00+00:00,-35.629999,-71.603888,170.0,open-meteo_ecmwf_ifs,daily,15.4215,5.0214996,9.74,6.3069167,1.5095462,84.63186,0.0,12.79249433580443,1.005153655970375
2025-05-25 00:00:00+00:00,-35.629999,-71.603888,170.0,open-meteo_ecmwf_ifs,daily,16.521502,5.9214997,4.77,8.023583,3.1857138,87.66852,3.4,12.700976209512634,1.083968647423227
2025-05-26 00:00:00+00:00,-35.629999,-71.603888,170.0,open-meteo_ecmwf_ifs,daily,14.8215,9.5215,5.39,10.411082,3.017471,89.80265,30.600004,12.612575582078644,0.8581307061387415
2025-05-27 00:00:00+00:00,-35.629999,-71.603888,170.0,open-meteo_ecmwf_ifs,daily,12.1715,3.6715,9.99,3.8569162,3.1722288,82.39756,0.5,12.527312854407743,1.1356750055750728
2025-05-28 00:00:00+00:00,-35.629999,-71.603888,170.0,open-meteo_ecmwf_ifs,daily,13.6715,1.3715,9.78,1.834,2.9319744,75.59251,0.0,12.445207369688513,1.2689652142315224
2025-05-29 00:00:00+00:00,-35.629999,-71.603888,170.0,open-meteo_ecmwf_ifs,daily,14.8215,4.2714996,9.72,3.8569167,2.294429,73.23698,0.0,12.366277436285321,1.2324047394693303
2025-05-30 00:00:00+00:00,-35.629999,-71.603888,170.0,open-meteo_ecmwf_ifs,daily,17.0715,8.5715,10.53,7.606916,4.658665,76.046,0.0,12.290540350998253,1.78371429230537
2025-05-31 00:00:00+00:00,-35.629999,-71.603888,170.0,open-meteo_ecmwf_ifs,daily,14.5215,1.7214999,10.49,1.8694166,4.066857,70.79888,0.0,12.218012422574864,1.5478100203569796
2025-06-01 00:00:00+00:00,-35.629999,-71.603888,170.0,open-meteo_ecmwf_ifs,daily,15.1715,2.9715002,9.81,1.6819167,2.403233,66.44061,0.0,12.148708995357671,1.3651804710607085
2025-06-02 00:00:00+00:00,-35.629999,-71.603888,170.0,open-meteo_ecmwf_ifs,daily,13.9215,5.3715,5.23,5.434,0.9622813,80.972664,0.0,12.0826444729508,0.7842867002304095
2025-06-03 00:00:00+00:00,-35.629999,-71.603888,170.0,open-meteo_ecmwf_ifs,daily,14.7715,7.3215,3.96,7.658999,1.7190679,85.63675,0.0,12.019832341789863,0.8762330252909393
2025-06-04 00:00:00+00:00,-35.629999,-71.603888,170.0,open-meteo_ecmwf_ifs,daily,16.6215,7.2714996,7.03,8.267334,1.1267343,85.79665,0.4,11.96028519449979,0.8603791110049108
2025-06-05 00:00:00+00:00,-35.629999,-71.603888,170.0,open-meteo_ecmwf_ifs,daily,15.2715,5.0715,9.08,6.1839995,1.4460512,84.47355,0.0,11.904014752926567,0.895920381478907
2025-06-06 00:00:00+00:00,-35.629999,-71.603888,170.0,open-meteo_ecmwf_ifs,daily,13.4215,4.0715,8.18,5.425667,1.4198529,89.6294,0.0,11.851031890730873,0.7893075082048666
2025-06-07 00:00:00+00:00,-35.629999,-71.603888,170.0,open-meteo_ecmwf_ifs,daily,14.7715,4.2714996,9.57,6.6194158,1.6465192,85.85897,0.0,11.801346655433717,0.8171427049480986
2025-06-08 00:00:00+00:00,-35.629999,-71.603888,170.0,open-meteo_ecmwf_ifs,daily,13.9215,4.1215,9.14,5.313166,2.0317342,84.43124,0.0,11.75496828980729,0.9121369425396483
2025-06-09 00:00:00+00:00,-35.629999,-71.603888,170.0,open-meteo_ecmwf_ifs,daily,13.0715,3.4715002,7.91,4.5235834,1.5400466,85.82038,0.0,11.711905252507302,0.8081832867597715
2025-06-10 00:00:00+00:00,-35.629999,-71.603888,170.0,open-meteo_ecmwf_ifs,daily,13.8715,2.7715,7.86,4.323584,0.74753875,88.43198,0.0,11.672165237847295,0.6786455362495319
2025-06-11 00:00:00+00:00,-35.629999,-71.603888,170.0,open-meteo_ecmwf_ifs,daily,13.8715,6.5214996,3.2,7.1548333,4.7009926,86.35752,0.1,11.635755194619454,1.0957731977187484
2025-06-12 00:00:00+00:00,-35.629999,-71.603888,170.0,open-meteo_ecmwf_ifs,daily,13.5215,8.0715,3.11,8.192333,5.2296023,87.99286,35.300003,11.602681343871584,1.0503724398357683
2025-06-13 00:00:00+00:00,-35.629999,-71.603888,170.0,open-meteo_ecmwf_ifs,daily,12.8215,4.7714996,8.99,4.398583,2.6298683,77.95775,4.2,11.572949195555065,1.0467769059799463
2025-06-14 00:00:00+00:00,-35.629999,-71.603888,170.0,open-meteo_ecmwf_ifs,daily,13.471499,2.9715002,5.48,2.0673332,3.338629,71.1636,0.2,11.54656356396437,1.366040315110544
2025-06-15 00:00:00+00:00,-35.629999,-71.603888,170.0,open-meteo_ecmwf_ifs,daily,10.1215,7.8215,0.53,7.992333,6.610309,92.193794,71.50001,11.52352858189496,0.5688034933714218
2025-06-16 00:00:00+00:00,-35.629999,-71.603888,170.0,open-meteo_ecmwf_ifs,daily,10.9215,7.2714996,3.29,5.925667,4.8334465,83.52192,10.099999,11.50384771345294,1.0872807269764415
2025-06-17 00:00:00+00:00,-35.629999,-71.603888,170.0,open-meteo_ecmwf_ifs,daily,14.471499,6.3715,8.63,5.779833,2.0553343,79.78976,0.3,11.487523765456698,1.0262086427632005
2025-06-18 00:00:00+00:00,-35.629999,-71.603888,170.0,open-meteo_ecmwf_ifs,daily,14.1715,2.3715,9.9,4.1652493,2.1580083,83.64738,0.0,11.474558897378056,0.9113661758003001
2025-06-19 00:00:00+00:00,-35.629999,-71.603888,170.0,open-meteo_ecmwf_ifs,daily,12.971499,1.4714999,10.21,2.6589997,3.096049,79.62793,0.0,11.464954629778017,1.055900639092483
2025-06-20 00:00:00+00:00,-35.629999,-71.603888,170.0,open-meteo_ecmwf_ifs,daily,15.1215,2.6715,8.84,4.5464997,3.0871503,84.696014,0.0,11.458711851199839,1.1010487458612235
2025-06-21 00:00:00+00:00,-35.629999,-71.603888,170.0,open-meteo_ecmwf_ifs,daily,11.6215,6.4214997,3.28,7.6485844,1.8022618,93.041504,0.1,11.455830823490306,0.5864460237581153
2025-06-22 00:00:00+00:00,-35.629999,-71.603888,170.0,open-meteo_ecmwf_ifs,daily,13.1715,7.4715,7.29,5.2756667,4.110683,78.67347,14.2,11.456311185527989,1.4296161411373678
2025-06-23 00:00:00+00:00,-35.629999,-71.603888,170.0,open-meteo_ecmwf_ifs,daily,11.3715,-0.2785,10.27,-0.7264166,3.6738307,68.28915,0.0,11.460151955345715,1.2683408943818548
2025-06-24 00:00:00+00:00,-35.629999,-71.603888,170.0,open-meteo_ecmwf_ifs,daily,13.0715,1.1715,10.12,2.2902498,2.8659647,80.09212,0.0,11.46735153064259,1.0492452359367541
2025-06-25 00:00:00+00:00,-35.629999,-71.603888,170.0,open-meteo_ecmwf_ifs,daily,12.4215,3.2215002,10.21,3.2610826,3.4398296,77.89714,0.0,11.477907687689358,1.131768021291805
2025-06-26 00:00:00+00:00,-35.629999,-71.603888,170.0,open-meteo_ecmwf_ifs,daily,11.0215,-0.97849995,10.12,-0.124333285,2.0089257,77.184105,0.0,11.491817578639035,0.8588707006234905
2025-06-27 00:00:00+00:00,-35.629999,-71.603888,170.0,open-meteo_ecmwf_ifs,daily,9.971499,3.2215002,3.65,3.0006666,2.1800554,85.66147,0.0,11.509077727263033,0.8130145650755637
2025-06-28 00:00:00+00:00,-35.629999,-71.603888,170.0,open-meteo_ecmwf_ifs,daily,10.7715,1.0215,9.64,2.1152499,1.7443963,84.44822,0.1,11.529684023141023,0.7518321512435376
2025-06-29 00:00:00+00:00,-35.629999,-71.603888,170.0,open-meteo_ecmwf_ifs,daily,10.1715,-1.3785,9.96,-0.38474998,2.3985767,82.483635,0.0,11.553631714340613,0.8777508852495589
2025-06-30 00:00:00+00:00,-35.629999,-71.603888,170.0,open-meteo_ecmwf_ifs,daily,9.3215,-5.7285004,9.71,-8.405584,2.3482718,56.84228,0.0,11.580915398630689,1.1373263637781719
2025-07-01 00:00:00+00:00,-35.629999,-71.603888,170.0,open-meteo_ecmwf_ifs,daily,13.1215,0.9715,9.82,-0.7576664,1.1624589,67.48542,0.0,11.611529013279599,0.8662839114913459
2025-07-02 00:00:00+00:00,-35.629999,-71.603888,170.0,open-meteo_ecmwf_ifs,daily,13.6715,0.1715,9.26,1.5152501,1.5267154,80.101105,0.0,11.645465823496473,0.8630720323279064
2025-07-03 00:00:00+00:00,-35.629999,-71.603888,170.0,open-meteo_ecmwf_ifs,daily,14.971499,2.0215,9.81,2.9381666,2.1802976,78.70791,0.0,11.682718409580735,1.0767257587527166
2025-07-04 00:00:00+00:00,-35.629999,-71.603888,170.0,open-meteo_ecmwf_ifs,daily,13.971499,2.3715,9.35,4.211083,1.8113087,84.58457,0.0,11.723278652851398,0.8683232100539403
2025-07-05 00:00:00+00:00,-35.629999,-71.603888,170.0,open-meteo_ecmwf_ifs,daily,14.721499,4.5214996,4.01,7.0735836,4.448822,87.92859,0.1,11.767137720433436,0.9576199557381763
2025-07-06 00:00:00+00:00,-35.629999,-71.603888,170.0,open-meteo_ecmwf_ifs,daily,17.171501,9.2715,6.62,9.144416,4.900202,81.38738,18.6,11.81428604898447,1.5259310117261335
2025-07-07 00:00:00+00:00,-35.629999,-71.603888,170.0,open-meteo_ecmwf_ifs,daily,17.771502,5.7215,10.24,8.798585,2.5468106,85.13544,2.6,11.864713327449815,1.0191009896971566
2025-07-08 00:00:00+00:00,-35.629999,-71.603888,170.0,open-meteo_ecmwf_ifs,daily,14.721499,8.5715,7.7,8.125667,3.137235,86.86197,0.0,11.918408478938757,1.1430019972192396
2025-07-09 00:00:00+00:00,-35.629999,-71.603888,170.0,open-meteo_ecmwf_ifs,daily,12.471499,5.5214996,7.0,5.7360835,1.3133587,86.55277,0.0,11.975359641819084,0.7795017758421497
2025-07-10 00:00:00+00:00,-35.629999,-71.603888,170.0,open-meteo_ecmwf_ifs,daily,11.3715,2.3215,8.65,2.8069165,2.0967526,83.4237,0.0,12.035554150130485,0.8998863325308064
2025-07-11 00:00:00+00:00,-35.629999,-71.603888,170.0,open-meteo_ecmwf_ifs,daily,12.4215,1.3215001,9.1,2.1694167,1.6399151,82.296,0.0,12.098978513420695,0.8874443652169108
2025-07-12 00:00:00+00:00,-35.629999,-71.603888,170.0,open-meteo_ecmwf_ifs,daily,11.4215,4.5214996,8.01,3.8048334,2.177986,84.70789,0.0,12.165618396110803,0.9716773125868471
2025-07-13 00:00:00+00:00,-35.629999,-71.603888,170.0,open-meteo_ecmwf_ifs,daily,11.0215,3.0215,8.28,3.8402498,1.4565105,86.223854,0.0,12.235458596498415,0.7684596383754702
2025-07-14 00:00:00+00:00,-35.629999,-71.603888,170.0,open-meteo_ecmwf_ifs,daily,13.8715,5.2215,8.98,5.3589993,2.530195,81.04738,0.0,12.308483025508929,1.1079769614224702
2025-07-15 00:00:00+00:00,-35.629999,-71.603888,170.0,open-meteo_ecmwf_ifs,daily,10.4215,3.3215,3.39,5.117333,1.8254849,91.73261,8.9,12.38467468530618,0.6195683816936577
2025-07-16 00:00:00+00:00,-35.629999,-71.603888,170.0,open-meteo_ecmwf_ifs,daily,14.3215,-0.2785,11.53,1.4027501,3.694788,77.53849,0.0,12.464015647874746,1.3664062729812407
2025-07-17 00:00:00+00:00,-35.629999,-71.603888,170.0,open-meteo_ecmwf_ifs,daily,18.9715,4.2215,11.37,0.97775006,4.1673846,55.988705,0.0,12.546487033685747,2.4241003711148106
2025-07-18 00:00:00+00:00,-35.629999,-71.603888,170.0,open-meteo_ecmwf_ifs,daily,15.221499,3.2215002,11.25,2.7506669,2.479927,67.77682,0.0,12.63206899055828,1.3684621236069472
2025-07-19 00:00:00+00:00,-35.629999,-71.603888,170.0,open-meteo_ecmwf_ifs,daily,16.3215,3.4715002,8.73,5.675667,2.8159218,84.16158,0.0,12.720740672827478,1.2000511550108028
2025-07-20 00:00:00+00:00,-35.629999,-71.603888,170.0,open-meteo_ecmwf_ifs,daily,15.4215,6.8715,8.61,7.448582,2.014241,82.177956,0.0,12.812480220928952,1.0822119349290384
2025-07-21 00:00:00+00:00,-35.629999,-71.603888,170.0,open-meteo_ecmwf_ifs,daily,18.171501,4.8215,11.42,6.62775,1.4911724,79.51002,0.0,12.90726474150805,1.156819783147503
2025-07-22 00:00:00+00:00,-35.629999,-71.603888,170.0,open-meteo_ecmwf_ifs,daily,15.7715,8.2715,9.14,8.098582,2.660897,86.2254,0.0,13.005070288160091,1.267634250973648
2025-07-23 00:00:00+00:00,-35.629999,-71.603888,170.0,open-meteo_ecmwf_ifs,daily,15.1215,5.7215,9.41,6.5340004,1.4669375,86.94506,0.0,13.105871842905293,1.0280415715932345
2025-07-24 00:00:00+00:00,-35.629999,-71.603888,170.0,open-meteo_ecmwf_ifs,daily,12.2715,6.2714996,4.46,6.9631658,3.65114,90.818275,4.4,13.209643298499671,0.9065972325435642
2025-07-25 00:00:00+00:00,-35.629999,-71.603888,170.0,open-meteo_ecmwf_ifs,daily,15.6715,7.8715,9.33,7.208999,3.979454,78.045044,7.9,13.31635744167975,1.5689373233682058
2025-07-26 00:00:00+00:00,-35.629999,-71.603888,170.0,open-meteo_ecmwf_ifs,daily,13.7715,7.0715,6.22,7.8006663,1.0059222,88.144005,0.6,13.425985937435785,0.8260571702895653
2025-07-27 00:00:00+00:00,-35.629999,-71.603888,170.0,open-meteo_ecmwf_ifs,daily,16.0215,8.6715,6.7,8.613168,2.543789,86.49972,2.7000003,13.538499314404422,1.2180173370632439
2025-07-28 00:00:00+00:00,-35.629999,-71.603888,170.0,open-meteo_ecmwf_ifs,daily,18.0715,9.3715,6.45,8.54025,2.437566,79.362206,1.1,13.653866951467858,1.4490834228722507
2025-07-29 00:00:00+00:00,-35.629999,-71.603888,170.0,open-meteo_ecmwf_ifs,daily,18.3215,9.3215,6.3,9.6715,1.668057,82.22958,0.7,13.772057065642299,1.1770339672996697
2025-07-30 00:00:00+00:00,-35.629999,-71.603888,170.0,open-meteo_ecmwf_ifs,daily,16.0715,10.971499,2.77,10.57775,4.7671404,83.83507,7.3,13.893036701334283,1.2550737176640163
2025-07-31 00:00:00+00:00,-35.629999,-71.603888,170.0,open-meteo_ecmwf_ifs,daily,12.5215,10.721499,1.47,10.396501,6.4942384,92.230446,33.600002,14.016771721038747,0.7366389368948135
2025-08-01 00:00:00+00:00,-35.629999,-71.603888,170.0,open-meteo_ecmwf_ifs,daily,11.4215,9.4215,2.35,8.729833,6.0873733,91.328804,25.100002,14.14322679754809,0.8637012794545846
2025-08-02 00:00:00+00:00,-35.629999,-71.603888,170.0,open-meteo_ecmwf_ifs,daily,12.3715,5.4214997,8.12,6.46525,4.682597,87.51736,51.899998,14.272365407736467,1.0946562419537977
2025-08-03 00:00:00+00:00,-35.629999,-71.603888,170.0,open-meteo_ecmwf_ifs,daily,12.6215,1.9714999,6.93,3.9985828,1.5680838,87.59782,0.0,14.404149827978726,0.9168712719833042
2025-08-04 00:00:00+00:00,-35.629999,-71.603888,170.0,open-meteo_ecmwf_ifs,daily,18.4715,2.0215,12.9,4.2881665,2.3142488,78.652626,0.0,14.53854113125797,1.567403697759983
2025-08-05 00:00:00+00:00,-35.629999,-71.603888,170.0,open-meteo_ecmwf_ifs,daily,18.6215,4.8715,11.76,6.2860827,2.1430671,75.22617,0.0,14.67549918601099,1.5517880766525936
2025-08-06 00:00:00+00:00,-35.629999,-71.603888,170.0,open-meteo_ecmwf_ifs,daily,19.8715,10.5215,10.97,9.863166,3.4578116,81.86654,0.0,14.814982656754971,1.9963130027649332
2025-08-07 00:00:00+00:00,-35.629999,-71.603888,170.0,open-meteo_ecmwf_ifs,daily,17.171501,6.4715,12.52,6.594416,2.775356,78.36228,0.0,14.956949006533916,1.70388689543651
2025-08-08 00:00:00+00:00,-35.629999,-71.603888,170.0,open-meteo_ecmwf_ifs,daily,18.4715,4.5214996,13.41,5.0923333,0.7371485,76.304955,0.0,15.101354501217719,1.3295696961214047
2025-08-09 00:00:00+00:00,-35.629999,-71.603888,170.0,open-meteo_ecmwf_ifs,daily,13.4215,5.6714997,4.27,6.7339997,2.601893,86.27061,0.2,15.248154215681367,0.9829105581902703
2025-08-10 00:00:00+00:00,-35.629999,-71.603888,170.0,open-meteo_ecmwf_ifs,daily,16.421501,4.5715,10.18,6.2339997,1.0310403,83.344215,0.0,15.397302041886318,1.1962659931579331
2025-08-11 00:00:00+00:00,-35.629999,-71.603888,170.0,open-meteo_ecmwf_ifs,daily,20.6215,5.4214997,11.55,7.129833,1.3554225,77.83991,0.0,15.548750698880681,1.5358236596115646
2025-08-12 00:00:00+00:00,-35.629999,-71.603888,170.0,open-meteo_ecmwf_ifs,daily,17.171501,9.8215,5.95,10.590249,2.5437155,86.49006,0.0,15.702451744729414,1.2161902493582526
2025-08-13 00:00:00+00:00,-35.629999,-71.603888,170.0,open-meteo_ecmwf_ifs,daily,18.671501,6.2215,13.61,7.033999,2.9235067,73.76019,0.0,15.85835559038023,1.9121693462687264
2025-08-14 00:00:00+00:00,-35.629999,-71.603888,170.0,open-meteo_ecmwf_ifs,daily,19.6215,5.7215,13.8,7.74025,1.4607934,80.30072,0.0,16.01641151546576,1.6326490785843002
2025-08-15 00:00:00+00:00,-35.629999,-71.603888,170.0,open-meteo_ecmwf_ifs,daily,16.8215,9.721499,9.0,10.4215,3.5619736,88.711365,5.8,16.176567686036773,1.4542741250502578
2025-08-16 00:00:00+00:00,-35.629999,-71.603888,170.0,open-meteo_ecmwf_ifs,daily,18.521502,9.4215,14.21,8.588167,2.803805,76.22689,9.8,16.338771174216483,2.0638365516076633
2025-08-17 00:00:00+00:00,-35.629999,-71.603888,170.0,open-meteo_ecmwf_ifs,daily,18.021502,8.6715,11.71,8.436084,1.607882,76.711075,0.0,16.502967979760236,1.637890745851875
2025-08-18 00:00:00+00:00,-35.629999,-71.603888,170.0,open-meteo_ecmwf_ifs,daily,15.7715,7.7215,8.0,8.688167,1.7311369,87.513275,0.5,16.669103053500145,1.2316029100942016
2025-08-19 00:00:00+00:00,-35.629999,-71.603888,170.0,open-meteo_ecmwf_ifs,daily,16.771502,8.5215,9.16,8.706916,2.2743452,83.95702,1.4000001,16.83712032264884,1.5054261623765748
2025-08-20 00:00:00+00:00,-35.629999,-71.603888,170.0,open-meteo_ecmwf_ifs,daily,18.1215,5.7714996,15.25,7.7610836,2.0015543,80.15559,3.8999999,17.00696271793167,1.7840175127926254
2025-08-21 00:00:00+00:00,-35.629999,-71.603888,170.0,open-meteo_ecmwf_ifs,daily,12.4215,7.1714997,4.43,8.146499,4.726166,88.92563,19.400002,17.178572202511823,0.9195507249942647
2025-08-22 00:00:00+00:00,-35.629999,-71.603888,170.0,open-meteo_ecmwf_ifs,daily,9.9215,4.2215,10.32,4.252749,3.437749,87.55291,15.8,17.351889802667873,1.241887855622234
2025-08-23 00:00:00+00:00,-35.629999,-71.603888,170.0,open-meteo_ecmwf_ifs,daily,13.3715,-0.8285,15.82,0.8798333,2.2707288,77.01577,0.4,17.52685564017888,1.6312474222494342
2025-08-24 00:00:00+00:00,-35.629999,-71.603888,170.0,open-meteo_ecmwf_ifs,daily,16.3715,2.9715002,15.13,3.6506662,3.970021,72.75178,0.0,17.703408966367295,2.1497637898644895
2025-08-25 00:00:00+00:00,-35.629999,-71.603888,170.0,open-meteo_ecmwf_ifs,daily,20.921501,7.1215,16.83,7.5152507,5.5749545,74.91107,0.0,17.881488197745675,2.9506763997644727
2025-08-26 00:00:00+00:00,-35.629999,-71.603888,170.0,open-meteo_ecmwf_ifs,daily,20.8715,4.8715,16.88,7.2652493,3.1601212,75.23327,0.0,18.061030953208935,2.3448873072735728
2025-08-27 00:00:00+00:00,-35.629999,-71.603888,170.0,open-meteo_ecmwf_ifs,daily,19.8715,6.0715,15.38,8.44025,1.5736423,80.85897,0.0,18.241974092709803,1.9335018742335488
2025-08-28 00:00:00+00:00,-35.629999,-71.603888,170.0,open-meteo_ecmwf_ifs,daily,15.0215,9.1715,7.07,9.569416,1.2189643,89.74325,0.0,18.424253757350737,1.1662253138914371
2025-08-29 00:00:00+00:00,-35.629999,-71.603888,170.0,open-meteo_ecmwf_ifs,daily,14.6715,9.1215,7.65,8.794416,1.3581376,84.90833,0.70000005,18.607805410822532,1.264681747959343
2025-08-30 00:00:00+00:00,-35.629999,-71.603888,170.0,open-meteo_ecmwf_ifs,daily,16.671501,8.721499,10.84,8.636085,1.3175063,82.9806,0.8,18.792563882115246,1.5905358342829843
2025-08-31 00:00:00+00:00,-35.629999,-71.603888,170.0,open-meteo_ecmwf_ifs,daily,13.6215,10.5215,4.02,10.592333,1.020528,93.04697,8.099998,18.97846340942455,0.8665195108254615
2025-09-01 00:00:00+00:00,-35.629999,-71.603888,170.0,open-meteo_ecmwf_ifs,daily,16.8215,7.5214996,12.26,8.646499,1.785204,85.63766,0.1,19.165437685172577,1.6913948130497058
2025-09-02 00:00:00+00:00,-35.629999,-71.603888,170.0,open-meteo_ecmwf_ifs,daily,11.6715,6.2714996,4.24,7.619417,1.7667583,91.17223,1.2,19.35341990205968,0.8180339968542166
2025-09-03 00:00:00+00:00,-35.629999,-71.603888,170.0,open-meteo_ecmwf_ifs,daily,16.1215,2.8215,18.79,3.0694168,4.4086394,72.90067,0.0,19.54234280006061,2.519170575889014
2025-09-04 00:00:00+00:00,-35.629999,-71.603888,170.0,open-meteo_ecmwf_ifs,daily,16.421501,1.8215001,18.6,2.588167,3.322935,69.29291,0.0,19.73213871427569,2.376125995459892
2025-09-05 00:00:00+00:00,-35.629999,-71.603888,170.0,open-meteo_ecmwf_ifs,daily,18.6215,2.8715,18.09,5.8902497,1.2823428,77.38584,0.0,19.922739623545546,2.073231954379605
2025-09-06 00:00:00+00:00,-35.629999,-71.603888,170.0,open-meteo_ecmwf_ifs,daily,15.7715,6.0214996,8.6,7.5194173,1.9462277,86.877144,0.0,20.1140771997354,1.4263005932823731
2025-09-07 00:00:00+00:00,-35.629999,-71.603888,170.0,open-meteo_ecmwf_ifs,daily,13.721499,8.4215,6.74,5.7402496,1.854508,73.441956,0.0,20.306082857592948,1.5078860481099914
2025-09-08 00:00:00+00:00,-35.629999,-71.603888,170.0,open-meteo_ecmwf_ifs,daily,16.8715,6.7215,15.56,6.4360843,2.960126,75.48079,0.3,20.49868780508257,2.2970106570590123
2025-09-09 00:00:00+00:00,-35.629999,-71.603888,170.0,open-meteo_ecmwf_ifs,daily,20.3215,6.6215,18.86,6.9569163,2.931527,72.83652,0.0,20.691823094096364,2.7990336520201304
2025-09-10 00:00:00+00:00,-35.629999,-71.603888,170.0,open-meteo_ecmwf_ifs,daily,19.7215,9.5715,19.27,8.744416,2.8217275,75.62359,10.6,20.88541967144208,2.862918129911351
2025-09-11 00:00:00+00:00,-35.629999,-71.603888,170.0,open-meteo_ecmwf_ifs,daily,19.8715,4.2714996,19.79,5.2277493,2.6576967,65.96618,0.0,21.079408430006485,2.742319926850062
2025-09-12 00:00:00+00:00,-35.629999,-71.603888,170.0,open-meteo_ecmwf_ifs,daily,20.3215,5.5715,17.51,6.917333,1.3129503,73.8356,0.0,21.273720259992107,2.359150073144142
2025-09-13 00:00:00+00:00,-35.629999,-71.603888,170.0,open-meteo_ecmwf_ifs,daily,16.171501,6.6215,13.52,7.017334,3.1017416,79.68721,12.400001,21.46828610012523,2.0689413083460435
2025-09-14 00:00:00+00:00,-35.629999,-71.603888,170.0,open-meteo_ecmwf_ifs,daily,17.9715,8.0715,15.55,4.617333,3.3413622,61.681274,0.0,21.663036988732163,2.9278972318870276
2025-09-15 00:00:00+00:00,-35.629999,-71.603888,170.0,open-meteo_ecmwf_ifs,daily,20.6215,5.3715,20.48,6.192333,3.2388172,71.64317,0.0,21.857904114581675,3.0271880640913036
2025-09-16 00:00:00+00:00,-35.629999,-71.603888,170.0,open-meteo_ecmwf_ifs,daily,22.3715,8.3215,20.12,7.4715004,3.6987965,65.28716,0.0,22.0528188673914,3.5012554181483524
2025-09-17 00:00:00+00:00,-35.629999,-71.603888,170.0,open-meteo_ecmwf_ifs,daily,18.8715,9.221499,12.74,9.242333,3.1180212,78.47696,0.0,22.247712887896693,2.3100871511980015
2025-09-18 00:00:00+00:00,-35.629999,-71.603888,170.0,open-meteo_ecmwf_ifs,daily,19.7215,7.1714997,17.32,8.413166,1.2808975,81.487434,0.0,22.442518117381805,2.4061071085277246
2025-09-19 00:00:00+00:00,-35.629999,-71.603888,170.0,open-meteo_ecmwf_ifs,daily,19.8215,8.1215,16.4,9.4715,2.0262735,79.70377,0.0,22.637166846573887,2.4363914859828713
2025-09-20 00:00:00+00:00,-35.629999,-71.603888,170.0,open-meteo_ecmwf_ifs,daily,14.9215,9.5215,10.68,9.384,4.8302503,85.47302,41.79999,22.83159176380243,1.7975839205437436
2025-09-21 00:00:00+00:00,-35.629999,-71.603888,170.0,open-meteo_ecmwf_ifs,daily,13.8215,6.8215,11.63,7.3631654,3.4433863,85.91769,40.2,23.025726002328184,1.7236075378328972
2025-09-22 00:00:00+00:00,-35.629999,-71.603888,170.0,open-meteo_ecmwf_ifs,daily,18.521502,4.3215,21.01,5.6152496,2.686491,77.71909,0.0,23.21950318674769,2.806435315026414
2025-09-23 00:00:00+00:00,-35.629999,-71.603888,170.0,open-meteo_ecmwf_ifs,daily,20.171501,5.2714996,21.51,5.5569167,1.7169183,67.51671,0.0,23.412857478382367,2.9492070232160557
2025-09-24 00:00:00+00:00,-35.629999,-71.603888,170.0,open-meteo_ecmwf_ifs,daily,23.2215,6.4715,21.5,7.886082,2.1926076,70.49456,0.0,23.60572361956295,3.2475205100527362
2025-09-25 00:00:00+00:00,-35.629999,-71.603888,170.0,open-meteo_ecmwf_ifs,daily,21.9715,9.0715,21.81,9.586083,2.8286655,73.58163,0.0,23.798036976723857,3.3597420147019537
2025-09-26 00:00:00+00:00,-35.629999,-71.603888,170.0,open-meteo_ecmwf_ifs,daily,13.2715,9.5715,6.77,8.209001,2.564594,83.20215,17.6,23.989733582224495,1.4510904583269677
2025-09-27 00:00:00+00:00,-35.629999,-71.603888,170.0,open-meteo_ecmwf_ifs,daily,19.421501,4.9715,22.59,5.3694167,2.188338,72.30991,0.0,24.180750174818257,3.095008787823985
2025-09-28 00:00:00+00:00,-35.629999,-71.603888,170.0,open-meteo_ecmwf_ifs,daily,19.171501,6.9715,17.0,7.0902495,3.181072,69.94477,0.0,24.371024238693796,2.8215130184493975
2025-09-29 00:00:00+00:00,-35.629999,-71.603888,170.0,open-meteo_ecmwf_ifs,daily,18.271502,9.3215,20.11,8.602751,3.3221188,75.22986,0.8,24.56049404101651,3.042694083103965
2025-09-30 00:00:00+00:00,-35.629999,-71.603888,170.0,open-meteo_ecmwf_ifs,daily,22.421501,5.4214997,23.84,5.0798335,5.220835,60.95261,0.0,24.74909866790285,4.165203554795355
